# vdrive tag=bg 1920x1080 rc=cbr br=8000 fps=60/60 gop=30 iqp=32 pqp=32 profile=10 level=51 qp[10..51] iqp[10..51] iqd=0 firstqp=-1 iprop[10..40] idrrange=2 stattime=1 vq=0 ir=0/0 slice=0 debreath=0 scd=-1 rowqpd=-1 move=1 nframes=1200
AX_SYS_Init rc=0x0
AX_VENC_Init rc=0x0
AX_VENC_CreateChn(7) rc=0x0
StartRecvFrame rc=0x0
AX_POOL_CreatePool id=0x0
blk=0x5e000000 phys=0x742fc000 virt=0xffffa713c000
  snapshot pre: 3 venc_ko blocks (pool0 0x7382c000 len 0x10000)
frame 0: send=0x0 get=0x0 len=9677 coding=0 startqp=0 meanqp=0 picbytes=0 pskip=0 nalus=3 n7:32 n8:8 n5:9637
  snapshot IDR: 3 venc_ko blocks (pool0 0x7382c000 len 0x10000)
frame 1: send=0x0 get=0x0 len=6181 coding=1 startqp=0 meanqp=0 picbytes=0 pskip=0 nalus=1 n1:6181
  snapshot P: 3 venc_ko blocks (pool0 0x7382c000 len 0x10000)
frame 2: send=0x0 get=0x0 len=14747 coding=1 startqp=0 meanqp=0 picbytes=0 pskip=0 nalus=1 n1:14747
frame 3: send=0x0 get=0x0 len=11594 coding=1 startqp=0 meanqp=0 picbytes=0 pskip=0 nalus=1 n1:11594
frame 4: send=0x0 get=0x0 len=17453 coding=1 startqp=0 meanqp=0 picbytes=0 pskip=0 nalus=1 n1:17453
frame 5: send=0x0 get=0x0 len=6133 coding=1 startqp=0 meanqp=0 picbytes=0 pskip=0 nalus=1 n1:6133
frame 6: send=0x0 get=0x0 len=17371 coding=1 startqp=0 meanqp=0 picbytes=0 pskip=0 nalus=1 n1:17371
frame 7: send=0x0 get=0x0 len=10969 coding=1 startqp=0 meanqp=0 picbytes=0 pskip=0 nalus=1 n1:10969
frame 8: send=0x0 get=0x0 len=18495 coding=1 startqp=0 meanqp=0 picbytes=0 pskip=0 nalus=1 n1:18495
frame 9: send=0x0 get=0x0 len=5633 coding=1 startqp=0 meanqp=0 picbytes=0 pskip=0 nalus=1 n1:5633
frame 10: send=0x0 get=0x0 len=17651 coding=1 startqp=0 meanqp=0 picbytes=0 pskip=0 nalus=1 n1:17651
frame 11: send=0x0 get=0x0 len=11542 coding=1 startqp=0 meanqp=0 picbytes=0 pskip=0 nalus=1 n1:11542
frame 12: send=0x0 get=0x0 len=19184 coding=1 startqp=0 meanqp=0 picbytes=0 pskip=0 nalus=1 n1:19184
frame 13: send=0x0 get=0x0 len=6097 coding=1 startqp=0 meanqp=0 picbytes=0 pskip=0 nalus=1 n1:6097
frame 14: send=0x0 get=0x0 len=17771 coding=1 startqp=0 meanqp=0 picbytes=0 pskip=0 nalus=1 n1:17771
frame 15: send=0x0 get=0x0 len=12262 coding=1 startqp=0 meanqp=0 picbytes=0 pskip=0 nalus=1 n1:12262
frame 16: send=0x0 get=0x0 len=22047 coding=1 startqp=0 meanqp=0 picbytes=0 pskip=0 nalus=1 n1:22047
frame 17: send=0x0 get=0x0 len=6854 coding=1 startqp=0 meanqp=0 picbytes=0 pskip=0 nalus=1 n1:6854
frame 18: send=0x0 get=0x0 len=19718 coding=1 startqp=0 meanqp=0 picbytes=0 pskip=0 nalus=1 n1:19718
frame 19: send=0x0 get=0x0 len=11861 coding=1 startqp=0 meanqp=0 picbytes=0 pskip=0 nalus=1 n1:11861
frame 20: send=0x0 get=0x0 len=21471 coding=1 startqp=0 meanqp=0 picbytes=0 pskip=0 nalus=1 n1:21471
frame 21: send=0x0 get=0x0 len=6092 coding=1 startqp=0 meanqp=0 picbytes=0 pskip=0 nalus=1 n1:6092
frame 22: send=0x0 get=0x0 len=19951 coding=1 startqp=0 meanqp=0 picbytes=0 pskip=0 nalus=1 n1:19951
frame 23: send=0x0 get=0x0 len=13953 coding=1 startqp=0 meanqp=0 picbytes=0 pskip=0 nalus=1 n1:13953
frame 24: send=0x0 get=0x0 len=21273 coding=1 startqp=0 meanqp=0 picbytes=0 pskip=0 nalus=1 n1:21273
frame 25: send=0x0 get=0x0 len=6916 coding=1 startqp=0 meanqp=0 picbytes=0 pskip=0 nalus=1 n1:6916
frame 26: send=0x0 get=0x0 len=19400 coding=1 startqp=0 meanqp=0 picbytes=0 pskip=0 nalus=1 n1:19400
frame 27: send=0x0 get=0x0 len=16165 coding=1 startqp=0 meanqp=0 picbytes=0 pskip=0 nalus=1 n1:16165
frame 28: send=0x0 get=0x0 len=24066 coding=1 startqp=0 meanqp=0 picbytes=0 pskip=0 nalus=1 n1:24066
frame 29: send=0x0 get=0x0 len=9755 coding=1 startqp=0 meanqp=0 picbytes=0 pskip=0 nalus=1 n1:9755
frame 30: send=0x0 get=0x0 len=12322 coding=0 startqp=0 meanqp=0 picbytes=0 pskip=0 nalus=3 n7:32 n8:8 n5:12282
frame 31: send=0x0 get=0x0 len=9446 coding=1 startqp=0 meanqp=0 picbytes=0 pskip=0 nalus=1 n1:9446
frame 32: send=0x0 get=0x0 len=15524 coding=1 startqp=0 meanqp=0 picbytes=0 pskip=0 nalus=1 n1:15524
frame 33: send=0x0 get=0x0 len=6930 coding=1 startqp=0 meanqp=0 picbytes=0 pskip=0 nalus=1 n1:6930
frame 34: send=0x0 get=0x0 len=17036 coding=1 startqp=0 meanqp=0 picbytes=0 pskip=0 nalus=1 n1:17036
frame 35: send=0x0 get=0x0 len=11795 coding=1 startqp=0 meanqp=0 picbytes=0 pskip=0 nalus=1 n1:11795
frame 36: send=0x0 get=0x0 len=19256 coding=1 startqp=0 meanqp=0 picbytes=0 pskip=0 nalus=1 n1:19256
frame 37: send=0x0 get=0x0 len=9585 coding=1 startqp=0 meanqp=0 picbytes=0 pskip=0 nalus=1 n1:9585
frame 38: send=0x0 get=0x0 len=19917 coding=1 startqp=0 meanqp=0 picbytes=0 pskip=0 nalus=1 n1:19917
frame 39: send=0x0 get=0x0 len=17398 coding=1 startqp=0 meanqp=0 picbytes=0 pskip=0 nalus=1 n1:17398
frame 40: send=0x0 get=0x0 len=24745 coding=1 startqp=0 meanqp=0 picbytes=0 pskip=0 nalus=1 n1:24745
frame 41: send=0x0 get=0x0 len=11069 coding=1 startqp=0 meanqp=0 picbytes=0 pskip=0 nalus=1 n1:11069
frame 42: send=0x0 get=0x0 len=20031 coding=1 startqp=0 meanqp=0 picbytes=0 pskip=0 nalus=1 n1:20031
frame 43: send=0x0 get=0x0 len=17524 coding=1 startqp=0 meanqp=0 picbytes=0 pskip=0 nalus=1 n1:17524
frame 44: send=0x0 get=0x0 len=22915 coding=1 startqp=0 meanqp=0 picbytes=0 pskip=0 nalus=1 n1:22915
frame 45: send=0x0 get=0x0 len=12572 coding=1 startqp=0 meanqp=0 picbytes=0 pskip=0 nalus=1 n1:12572
frame 46: send=0x0 get=0x0 len=23563 coding=1 startqp=0 meanqp=0 picbytes=0 pskip=0 nalus=1 n1:23563
frame 47: send=0x0 get=0x0 len=16896 coding=1 startqp=0 meanqp=0 picbytes=0 pskip=0 nalus=1 n1:16896
frame 48: send=0x0 get=0x0 len=23630 coding=1 startqp=0 meanqp=0 picbytes=0 pskip=0 nalus=1 n1:23630
frame 49: send=0x0 get=0x0 len=13789 coding=1 startqp=0 meanqp=0 picbytes=0 pskip=0 nalus=1 n1:13789
frame 50: send=0x0 get=0x0 len=19911 coding=1 startqp=0 meanqp=0 picbytes=0 pskip=0 nalus=1 n1:19911
frame 51: send=0x0 get=0x0 len=14595 coding=1 startqp=0 meanqp=0 picbytes=0 pskip=0 nalus=1 n1:14595
frame 52: send=0x0 get=0x0 len=21958 coding=1 startqp=0 meanqp=0 picbytes=0 pskip=0 nalus=1 n1:21958
frame 53: send=0x0 get=0x0 len=12487 coding=1 startqp=0 meanqp=0 picbytes=0 pskip=0 nalus=1 n1:12487
frame 54: send=0x0 get=0x0 len=21621 coding=1 startqp=0 meanqp=0 picbytes=0 pskip=0 nalus=1 n1:21621
frame 55: send=0x0 get=0x0 len=14635 coding=1 startqp=0 meanqp=0 picbytes=0 pskip=0 nalus=1 n1:14635
frame 56: send=0x0 get=0x0 len=21610 coding=1 startqp=0 meanqp=0 picbytes=0 pskip=0 nalus=1 n1:21610
frame 57: send=0x0 get=0x0 len=12715 coding=1 startqp=0 meanqp=0 picbytes=0 pskip=0 nalus=1 n1:12715
frame 58: send=0x0 get=0x0 len=23209 coding=1 startqp=0 meanqp=0 picbytes=0 pskip=0 nalus=1 n1:23209
frame 59: send=0x0 get=0x0 len=12891 coding=1 startqp=0 meanqp=0 picbytes=0 pskip=0 nalus=1 n1:12891
frame 60: send=0x0 get=0x0 len=12692 coding=0 startqp=0 meanqp=0 picbytes=0 pskip=0 nalus=3 n7:32 n8:8 n5:12652
frame 61: send=0x0 get=0x0 len=8932 coding=1 startqp=0 meanqp=0 picbytes=0 pskip=0 nalus=1 n1:8932
frame 62: send=0x0 get=0x0 len=16535 coding=1 startqp=0 meanqp=0 picbytes=0 pskip=0 nalus=1 n1:16535
frame 63: send=0x0 get=0x0 len=13651 coding=1 startqp=0 meanqp=0 picbytes=0 pskip=0 nalus=1 n1:13651
frame 64: send=0x0 get=0x0 len=18923 coding=1 startqp=0 meanqp=0 picbytes=0 pskip=0 nalus=1 n1:18923
frame 65: send=0x0 get=0x0 len=8031 coding=1 startqp=0 meanqp=0 picbytes=0 pskip=0 nalus=1 n1:8031
frame 66: send=0x0 get=0x0 len=20146 coding=1 startqp=0 meanqp=0 picbytes=0 pskip=0 nalus=1 n1:20146
frame 67: send=0x0 get=0x0 len=11811 coding=1 startqp=0 meanqp=0 picbytes=0 pskip=0 nalus=1 n1:11811
frame 68: send=0x0 get=0x0 len=21870 coding=1 startqp=0 meanqp=0 picbytes=0 pskip=0 nalus=1 n1:21870
frame 69: send=0x0 get=0x0 len=6196 coding=1 startqp=0 meanqp=0 picbytes=0 pskip=0 nalus=1 n1:6196
frame 70: send=0x0 get=0x0 len=19882 coding=1 startqp=0 meanqp=0 picbytes=0 pskip=0 nalus=1 n1:19882
frame 71: send=0x0 get=0x0 len=11510 coding=1 startqp=0 meanqp=0 picbytes=0 pskip=0 nalus=1 n1:11510
frame 72: send=0x0 get=0x0 len=21293 coding=1 startqp=0 meanqp=0 picbytes=0 pskip=0 nalus=1 n1:21293
frame 73: send=0x0 get=0x0 len=6081 coding=1 startqp=0 meanqp=0 picbytes=0 pskip=0 nalus=1 n1:6081
frame 74: send=0x0 get=0x0 len=19857 coding=1 startqp=0 meanqp=0 picbytes=0 pskip=0 nalus=1 n1:19857
frame 75: send=0x0 get=0x0 len=11583 coding=1 startqp=0 meanqp=0 picbytes=0 pskip=0 nalus=1 n1:11583
frame 76: send=0x0 get=0x0 len=21477 coding=1 startqp=0 meanqp=0 picbytes=0 pskip=0 nalus=1 n1:21477
frame 77: send=0x0 get=0x0 len=6081 coding=1 startqp=0 meanqp=0 picbytes=0 pskip=0 nalus=1 n1:6081
frame 78: send=0x0 get=0x0 len=19771 coding=1 startqp=0 meanqp=0 picbytes=0 pskip=0 nalus=1 n1:19771
frame 79: send=0x0 get=0x0 len=13706 coding=1 startqp=0 meanqp=0 picbytes=0 pskip=0 nalus=1 n1:13706
frame 80: send=0x0 get=0x0 len=21028 coding=1 startqp=0 meanqp=0 picbytes=0 pskip=0 nalus=1 n1:21028
frame 81: send=0x0 get=0x0 len=6993 coding=1 startqp=0 meanqp=0 picbytes=0 pskip=0 nalus=1 n1:6993
frame 82: send=0x0 get=0x0 len=19362 coding=1 startqp=0 meanqp=0 picbytes=0 pskip=0 nalus=1 n1:19362
frame 83: send=0x0 get=0x0 len=16185 coding=1 startqp=0 meanqp=0 picbytes=0 pskip=0 nalus=1 n1:16185
frame 84: send=0x0 get=0x0 len=23687 coding=1 startqp=0 meanqp=0 picbytes=0 pskip=0 nalus=1 n1:23687
frame 85: send=0x0 get=0x0 len=9638 coding=1 startqp=0 meanqp=0 picbytes=0 pskip=0 nalus=1 n1:9638
frame 86: send=0x0 get=0x0 len=20281 coding=1 startqp=0 meanqp=0 picbytes=0 pskip=0 nalus=1 n1:20281
frame 87: send=0x0 get=0x0 len=13268 coding=1 startqp=0 meanqp=0 picbytes=0 pskip=0 nalus=1 n1:13268
frame 88: send=0x0 get=0x0 len=22362 coding=1 startqp=0 meanqp=0 picbytes=0 pskip=0 nalus=1 n1:22362
frame 89: send=0x0 get=0x0 len=8928 coding=1 startqp=0 meanqp=0 picbytes=0 pskip=0 nalus=1 n1:8928
frame 90: send=0x0 get=0x0 len=15907 coding=0 startqp=0 meanqp=0 picbytes=0 pskip=0 nalus=3 n7:32 n8:8 n5:15867
frame 91: send=0x0 get=0x0 len=11363 coding=1 startqp=0 meanqp=0 picbytes=0 pskip=0 nalus=1 n1:11363
frame 92: send=0x0 get=0x0 len=22211 coding=1 startqp=0 meanqp=0 picbytes=0 pskip=0 nalus=1 n1:22211
frame 93: send=0x0 get=0x0 len=5628 coding=1 startqp=0 meanqp=0 picbytes=0 pskip=0 nalus=1 n1:5628
frame 94: send=0x0 get=0x0 len=19885 coding=1 startqp=0 meanqp=0 picbytes=0 pskip=0 nalus=1 n1:19885
frame 95: send=0x0 get=0x0 len=13635 coding=1 startqp=0 meanqp=0 picbytes=0 pskip=0 nalus=1 n1:13635
frame 96: send=0x0 get=0x0 len=20882 coding=1 startqp=0 meanqp=0 picbytes=0 pskip=0 nalus=1 n1:20882
frame 97: send=0x0 get=0x0 len=10667 coding=1 startqp=0 meanqp=0 picbytes=0 pskip=0 nalus=1 n1:10667
frame 98: send=0x0 get=0x0 len=20610 coding=1 startqp=0 meanqp=0 picbytes=0 pskip=0 nalus=1 n1:20610
frame 99: send=0x0 get=0x0 len=14078 coding=1 startqp=0 meanqp=0 picbytes=0 pskip=0 nalus=1 n1:14078
frame 100: send=0x0 get=0x0 len=22838 coding=1 startqp=0 meanqp=0 picbytes=0 pskip=0 nalus=1 n1:22838
frame 101: send=0x0 get=0x0 len=9361 coding=1 startqp=0 meanqp=0 picbytes=0 pskip=0 nalus=1 n1:9361
frame 102: send=0x0 get=0x0 len=19768 coding=1 startqp=0 meanqp=0 picbytes=0 pskip=0 nalus=1 n1:19768
frame 103: send=0x0 get=0x0 len=16787 coding=1 startqp=0 meanqp=0 picbytes=0 pskip=0 nalus=1 n1:16787
frame 104: send=0x0 get=0x0 len=22391 coding=1 startqp=0 meanqp=0 picbytes=0 pskip=0 nalus=1 n1:22391
frame 105: send=0x0 get=0x0 len=12168 coding=1 startqp=0 meanqp=0 picbytes=0 pskip=0 nalus=1 n1:12168
frame 106: send=0x0 get=0x0 len=23227 coding=1 startqp=0 meanqp=0 picbytes=0 pskip=0 nalus=1 n1:23227
frame 107: send=0x0 get=0x0 len=17034 coding=1 startqp=0 meanqp=0 picbytes=0 pskip=0 nalus=1 n1:17034
frame 108: send=0x0 get=0x0 len=23471 coding=1 startqp=0 meanqp=0 picbytes=0 pskip=0 nalus=1 n1:23471
frame 109: send=0x0 get=0x0 len=12598 coding=1 startqp=0 meanqp=0 picbytes=0 pskip=0 nalus=1 n1:12598
frame 110: send=0x0 get=0x0 len=19953 coding=1 startqp=0 meanqp=0 picbytes=0 pskip=0 nalus=1 n1:19953
frame 111: send=0x0 get=0x0 len=14563 coding=1 startqp=0 meanqp=0 picbytes=0 pskip=0 nalus=1 n1:14563
frame 112: send=0x0 get=0x0 len=21587 coding=1 startqp=0 meanqp=0 picbytes=0 pskip=0 nalus=1 n1:21587
frame 113: send=0x0 get=0x0 len=12251 coding=1 startqp=0 meanqp=0 picbytes=0 pskip=0 nalus=1 n1:12251
frame 114: send=0x0 get=0x0 len=22936 coding=1 startqp=0 meanqp=0 picbytes=0 pskip=0 nalus=1 n1:22936
frame 115: send=0x0 get=0x0 len=12456 coding=1 startqp=0 meanqp=0 picbytes=0 pskip=0 nalus=1 n1:12456
frame 116: send=0x0 get=0x0 len=21770 coding=1 startqp=0 meanqp=0 picbytes=0 pskip=0 nalus=1 n1:21770
frame 117: send=0x0 get=0x0 len=11967 coding=1 startqp=0 meanqp=0 picbytes=0 pskip=0 nalus=1 n1:11967
frame 118: send=0x0 get=0x0 len=23191 coding=1 startqp=0 meanqp=0 picbytes=0 pskip=0 nalus=1 n1:23191
frame 119: send=0x0 get=0x0 len=11992 coding=1 startqp=0 meanqp=0 picbytes=0 pskip=0 nalus=1 n1:11992
frame 120: send=0x0 get=0x0 len=16209 coding=0 startqp=0 meanqp=0 picbytes=0 pskip=0 nalus=3 n7:32 n8:8 n5:16169
frame 121: send=0x0 get=0x0 len=13190 coding=1 startqp=0 meanqp=0 picbytes=0 pskip=0 nalus=1 n1:13190
frame 122: send=0x0 get=0x0 len=20849 coding=1 startqp=0 meanqp=0 picbytes=0 pskip=0 nalus=1 n1:20849
frame 123: send=0x0 get=0x0 len=13687 coding=1 startqp=0 meanqp=0 picbytes=0 pskip=0 nalus=1 n1:13687
frame 124: send=0x0 get=0x0 len=22919 coding=1 startqp=0 meanqp=0 picbytes=0 pskip=0 nalus=1 n1:22919
frame 125: send=0x0 get=0x0 len=8479 coding=1 startqp=0 meanqp=0 picbytes=0 pskip=0 nalus=1 n1:8479
frame 126: send=0x0 get=0x0 len=20023 coding=1 startqp=0 meanqp=0 picbytes=0 pskip=0 nalus=1 n1:20023
frame 127: send=0x0 get=0x0 len=13150 coding=1 startqp=0 meanqp=0 picbytes=0 pskip=0 nalus=1 n1:13150
frame 128: send=0x0 get=0x0 len=22704 coding=1 startqp=0 meanqp=0 picbytes=0 pskip=0 nalus=1 n1:22704
frame 129: send=0x0 get=0x0 len=8494 coding=1 startqp=0 meanqp=0 picbytes=0 pskip=0 nalus=1 n1:8494
frame 130: send=0x0 get=0x0 len=20023 coding=1 startqp=0 meanqp=0 picbytes=0 pskip=0 nalus=1 n1:20023
frame 131: send=0x0 get=0x0 len=12750 coding=1 startqp=0 meanqp=0 picbytes=0 pskip=0 nalus=1 n1:12750
frame 132: send=0x0 get=0x0 len=22273 coding=1 startqp=0 meanqp=0 picbytes=0 pskip=0 nalus=1 n1:22273
frame 133: send=0x0 get=0x0 len=8298 coding=1 startqp=0 meanqp=0 picbytes=0 pskip=0 nalus=1 n1:8298
frame 134: send=0x0 get=0x0 len=19929 coding=1 startqp=0 meanqp=0 picbytes=0 pskip=0 nalus=1 n1:19929
frame 135: send=0x0 get=0x0 len=12570 coding=1 startqp=0 meanqp=0 picbytes=0 pskip=0 nalus=1 n1:12570
frame 136: send=0x0 get=0x0 len=22080 coding=1 startqp=0 meanqp=0 picbytes=0 pskip=0 nalus=1 n1:22080
frame 137: send=0x0 get=0x0 len=8488 coding=1 startqp=0 meanqp=0 picbytes=0 pskip=0 nalus=1 n1:8488
frame 138: send=0x0 get=0x0 len=20043 coding=1 startqp=0 meanqp=0 picbytes=0 pskip=0 nalus=1 n1:20043
frame 139: send=0x0 get=0x0 len=12473 coding=1 startqp=0 meanqp=0 picbytes=0 pskip=0 nalus=1 n1:12473
frame 140: send=0x0 get=0x0 len=22094 coding=1 startqp=0 meanqp=0 picbytes=0 pskip=0 nalus=1 n1:22094
frame 141: send=0x0 get=0x0 len=8157 coding=1 startqp=0 meanqp=0 picbytes=0 pskip=0 nalus=1 n1:8157
frame 142: send=0x0 get=0x0 len=19821 coding=1 startqp=0 meanqp=0 picbytes=0 pskip=0 nalus=1 n1:19821
frame 143: send=0x0 get=0x0 len=12640 coding=1 startqp=0 meanqp=0 picbytes=0 pskip=0 nalus=1 n1:12640
frame 144: send=0x0 get=0x0 len=22146 coding=1 startqp=0 meanqp=0 picbytes=0 pskip=0 nalus=1 n1:22146
frame 145: send=0x0 get=0x0 len=8580 coding=1 startqp=0 meanqp=0 picbytes=0 pskip=0 nalus=1 n1:8580
frame 146: send=0x0 get=0x0 len=19883 coding=1 startqp=0 meanqp=0 picbytes=0 pskip=0 nalus=1 n1:19883
frame 147: send=0x0 get=0x0 len=12196 coding=1 startqp=0 meanqp=0 picbytes=0 pskip=0 nalus=1 n1:12196
frame 148: send=0x0 get=0x0 len=22114 coding=1 startqp=0 meanqp=0 picbytes=0 pskip=0 nalus=1 n1:22114
frame 149: send=0x0 get=0x0 len=8270 coding=1 startqp=0 meanqp=0 picbytes=0 pskip=0 nalus=1 n1:8270
frame 150: send=0x0 get=0x0 len=17497 coding=0 startqp=0 meanqp=0 picbytes=0 pskip=0 nalus=3 n7:32 n8:8 n5:17457
frame 151: send=0x0 get=0x0 len=16476 coding=1 startqp=0 meanqp=0 picbytes=0 pskip=0 nalus=1 n1:16476
frame 152: send=0x0 get=0x0 len=24332 coding=1 startqp=0 meanqp=0 picbytes=0 pskip=0 nalus=1 n1:24332
frame 153: send=0x0 get=0x0 len=9351 coding=1 startqp=0 meanqp=0 picbytes=0 pskip=0 nalus=1 n1:9351
frame 154: send=0x0 get=0x0 len=19940 coding=1 startqp=0 meanqp=0 picbytes=0 pskip=0 nalus=1 n1:19940
frame 155: send=0x0 get=0x0 len=14677 coding=1 startqp=0 meanqp=0 picbytes=0 pskip=0 nalus=1 n1:14677
frame 156: send=0x0 get=0x0 len=23326 coding=1 startqp=0 meanqp=0 picbytes=0 pskip=0 nalus=1 n1:23326
frame 157: send=0x0 get=0x0 len=9242 coding=1 startqp=0 meanqp=0 picbytes=0 pskip=0 nalus=1 n1:9242
frame 158: send=0x0 get=0x0 len=19728 coding=1 startqp=0 meanqp=0 picbytes=0 pskip=0 nalus=1 n1:19728
frame 159: send=0x0 get=0x0 len=15286 coding=1 startqp=0 meanqp=0 picbytes=0 pskip=0 nalus=1 n1:15286
frame 160: send=0x0 get=0x0 len=22645 coding=1 startqp=0 meanqp=0 picbytes=0 pskip=0 nalus=1 n1:22645
frame 161: send=0x0 get=0x0 len=11096 coding=1 startqp=0 meanqp=0 picbytes=0 pskip=0 nalus=1 n1:11096
frame 162: send=0x0 get=0x0 len=19911 coding=1 startqp=0 meanqp=0 picbytes=0 pskip=0 nalus=1 n1:19911
frame 163: send=0x0 get=0x0 len=15220 coding=1 startqp=0 meanqp=0 picbytes=0 pskip=0 nalus=1 n1:15220
frame 164: send=0x0 get=0x0 len=22300 coding=1 startqp=0 meanqp=0 picbytes=0 pskip=0 nalus=1 n1:22300
frame 165: send=0x0 get=0x0 len=10941 coding=1 startqp=0 meanqp=0 picbytes=0 pskip=0 nalus=1 n1:10941
frame 166: send=0x0 get=0x0 len=19207 coding=1 startqp=0 meanqp=0 picbytes=0 pskip=0 nalus=1 n1:19207
frame 167: send=0x0 get=0x0 len=20180 coding=1 startqp=0 meanqp=0 picbytes=0 pskip=0 nalus=1 n1:20180
frame 168: send=0x0 get=0x0 len=24114 coding=1 startqp=0 meanqp=0 picbytes=0 pskip=0 nalus=1 n1:24114
frame 169: send=0x0 get=0x0 len=10399 coding=1 startqp=0 meanqp=0 picbytes=0 pskip=0 nalus=1 n1:10399
frame 170: send=0x0 get=0x0 len=21153 coding=1 startqp=0 meanqp=0 picbytes=0 pskip=0 nalus=1 n1:21153
frame 171: send=0x0 get=0x0 len=16546 coding=1 startqp=0 meanqp=0 picbytes=0 pskip=0 nalus=1 n1:16546
frame 172: send=0x0 get=0x0 len=22851 coding=1 startqp=0 meanqp=0 picbytes=0 pskip=0 nalus=1 n1:22851
frame 173: send=0x0 get=0x0 len=12859 coding=1 startqp=0 meanqp=0 picbytes=0 pskip=0 nalus=1 n1:12859
frame 174: send=0x0 get=0x0 len=20037 coding=1 startqp=0 meanqp=0 picbytes=0 pskip=0 nalus=1 n1:20037
frame 175: send=0x0 get=0x0 len=14931 coding=1 startqp=0 meanqp=0 picbytes=0 pskip=0 nalus=1 n1:14931
frame 176: send=0x0 get=0x0 len=21927 coding=1 startqp=0 meanqp=0 picbytes=0 pskip=0 nalus=1 n1:21927
frame 177: send=0x0 get=0x0 len=12602 coding=1 startqp=0 meanqp=0 picbytes=0 pskip=0 nalus=1 n1:12602
frame 178: send=0x0 get=0x0 len=23108 coding=1 startqp=0 meanqp=0 picbytes=0 pskip=0 nalus=1 n1:23108
frame 179: send=0x0 get=0x0 len=12820 coding=1 startqp=0 meanqp=0 picbytes=0 pskip=0 nalus=1 n1:12820
frame 180: send=0x0 get=0x0 len=17709 coding=0 startqp=0 meanqp=0 picbytes=0 pskip=0 nalus=3 n7:32 n8:8 n5:17669
frame 181: send=0x0 get=0x0 len=16624 coding=1 startqp=0 meanqp=0 picbytes=0 pskip=0 nalus=1 n1:16624
frame 182: send=0x0 get=0x0 len=19920 coding=1 startqp=0 meanqp=0 picbytes=0 pskip=0 nalus=1 n1:19920
frame 183: send=0x0 get=0x0 len=14648 coding=1 startqp=0 meanqp=0 picbytes=0 pskip=0 nalus=1 n1:14648
frame 184: send=0x0 get=0x0 len=22408 coding=1 startqp=0 meanqp=0 picbytes=0 pskip=0 nalus=1 n1:22408
frame 185: send=0x0 get=0x0 len=9210 coding=1 startqp=0 meanqp=0 picbytes=0 pskip=0 nalus=1 n1:9210
frame 186: send=0x0 get=0x0 len=19998 coding=1 startqp=0 meanqp=0 picbytes=0 pskip=0 nalus=1 n1:19998
frame 187: send=0x0 get=0x0 len=13554 coding=1 startqp=0 meanqp=0 picbytes=0 pskip=0 nalus=1 n1:13554
frame 188: send=0x0 get=0x0 len=22554 coding=1 startqp=0 meanqp=0 picbytes=0 pskip=0 nalus=1 n1:22554
frame 189: send=0x0 get=0x0 len=9156 coding=1 startqp=0 meanqp=0 picbytes=0 pskip=0 nalus=1 n1:9156
frame 190: send=0x0 get=0x0 len=19603 coding=1 startqp=0 meanqp=0 picbytes=0 pskip=0 nalus=1 n1:19603
frame 191: send=0x0 get=0x0 len=13560 coding=1 startqp=0 meanqp=0 picbytes=0 pskip=0 nalus=1 n1:13560
frame 192: send=0x0 get=0x0 len=22471 coding=1 startqp=0 meanqp=0 picbytes=0 pskip=0 nalus=1 n1:22471
frame 193: send=0x0 get=0x0 len=9139 coding=1 startqp=0 meanqp=0 picbytes=0 pskip=0 nalus=1 n1:9139
frame 194: send=0x0 get=0x0 len=19697 coding=1 startqp=0 meanqp=0 picbytes=0 pskip=0 nalus=1 n1:19697
frame 195: send=0x0 get=0x0 len=13296 coding=1 startqp=0 meanqp=0 picbytes=0 pskip=0 nalus=1 n1:13296
frame 196: send=0x0 get=0x0 len=22416 coding=1 startqp=0 meanqp=0 picbytes=0 pskip=0 nalus=1 n1:22416
frame 197: send=0x0 get=0x0 len=9092 coding=1 startqp=0 meanqp=0 picbytes=0 pskip=0 nalus=1 n1:9092
frame 198: send=0x0 get=0x0 len=19642 coding=1 startqp=0 meanqp=0 picbytes=0 pskip=0 nalus=1 n1:19642
frame 199: send=0x0 get=0x0 len=13366 coding=1 startqp=0 meanqp=0 picbytes=0 pskip=0 nalus=1 n1:13366
frame 200: send=0x0 get=0x0 len=22570 coding=1 startqp=0 meanqp=0 picbytes=0 pskip=0 nalus=1 n1:22570
frame 201: send=0x0 get=0x0 len=8982 coding=1 startqp=0 meanqp=0 picbytes=0 pskip=0 nalus=1 n1:8982
frame 202: send=0x0 get=0x0 len=19655 coding=1 startqp=0 meanqp=0 picbytes=0 pskip=0 nalus=1 n1:19655
frame 203: send=0x0 get=0x0 len=13305 coding=1 startqp=0 meanqp=0 picbytes=0 pskip=0 nalus=1 n1:13305
frame 204: send=0x0 get=0x0 len=22609 coding=1 startqp=0 meanqp=0 picbytes=0 pskip=0 nalus=1 n1:22609
frame 205: send=0x0 get=0x0 len=8921 coding=1 startqp=0 meanqp=0 picbytes=0 pskip=0 nalus=1 n1:8921
frame 206: send=0x0 get=0x0 len=19563 coding=1 startqp=0 meanqp=0 picbytes=0 pskip=0 nalus=1 n1:19563
frame 207: send=0x0 get=0x0 len=13187 coding=1 startqp=0 meanqp=0 picbytes=0 pskip=0 nalus=1 n1:13187
frame 208: send=0x0 get=0x0 len=22382 coding=1 startqp=0 meanqp=0 picbytes=0 pskip=0 nalus=1 n1:22382
frame 209: send=0x0 get=0x0 len=9105 coding=1 startqp=0 meanqp=0 picbytes=0 pskip=0 nalus=1 n1:9105
frame 210: send=0x0 get=0x0 len=18127 coding=0 startqp=0 meanqp=0 picbytes=0 pskip=0 nalus=3 n7:32 n8:8 n5:18087
frame 211: send=0x0 get=0x0 len=18011 coding=1 startqp=0 meanqp=0 picbytes=0 pskip=0 nalus=1 n1:18011
frame 212: send=0x0 get=0x0 len=23324 coding=1 startqp=0 meanqp=0 picbytes=0 pskip=0 nalus=1 n1:23324
frame 213: send=0x0 get=0x0 len=9222 coding=1 startqp=0 meanqp=0 picbytes=0 pskip=0 nalus=1 n1:9222
frame 214: send=0x0 get=0x0 len=20040 coding=1 startqp=0 meanqp=0 picbytes=0 pskip=0 nalus=1 n1:20040
frame 215: send=0x0 get=0x0 len=13358 coding=1 startqp=0 meanqp=0 picbytes=0 pskip=0 nalus=1 n1:13358
frame 216: send=0x0 get=0x0 len=22585 coding=1 startqp=0 meanqp=0 picbytes=0 pskip=0 nalus=1 n1:22585
frame 217: send=0x0 get=0x0 len=8898 coding=1 startqp=0 meanqp=0 picbytes=0 pskip=0 nalus=1 n1:8898
frame 218: send=0x0 get=0x0 len=20041 coding=1 startqp=0 meanqp=0 picbytes=0 pskip=0 nalus=1 n1:20041
frame 219: send=0x0 get=0x0 len=14390 coding=1 startqp=0 meanqp=0 picbytes=0 pskip=0 nalus=1 n1:14390
frame 220: send=0x0 get=0x0 len=22674 coding=1 startqp=0 meanqp=0 picbytes=0 pskip=0 nalus=1 n1:22674
frame 221: send=0x0 get=0x0 len=9153 coding=1 startqp=0 meanqp=0 picbytes=0 pskip=0 nalus=1 n1:9153
frame 222: send=0x0 get=0x0 len=19602 coding=1 startqp=0 meanqp=0 picbytes=0 pskip=0 nalus=1 n1:19602
frame 223: send=0x0 get=0x0 len=15221 coding=1 startqp=0 meanqp=0 picbytes=0 pskip=0 nalus=1 n1:15221
frame 224: send=0x0 get=0x0 len=22416 coding=1 startqp=0 meanqp=0 picbytes=0 pskip=0 nalus=1 n1:22416
frame 225: send=0x0 get=0x0 len=10884 coding=1 startqp=0 meanqp=0 picbytes=0 pskip=0 nalus=1 n1:10884
frame 226: send=0x0 get=0x0 len=19751 coding=1 startqp=0 meanqp=0 picbytes=0 pskip=0 nalus=1 n1:19751
frame 227: send=0x0 get=0x0 len=15073 coding=1 startqp=0 meanqp=0 picbytes=0 pskip=0 nalus=1 n1:15073
frame 228: send=0x0 get=0x0 len=22199 coding=1 startqp=0 meanqp=0 picbytes=0 pskip=0 nalus=1 n1:22199
frame 229: send=0x0 get=0x0 len=10994 coding=1 startqp=0 meanqp=0 picbytes=0 pskip=0 nalus=1 n1:10994
frame 230: send=0x0 get=0x0 len=19283 coding=1 startqp=0 meanqp=0 picbytes=0 pskip=0 nalus=1 n1:19283
frame 231: send=0x0 get=0x0 len=20187 coding=1 startqp=0 meanqp=0 picbytes=0 pskip=0 nalus=1 n1:20187
frame 232: send=0x0 get=0x0 len=24103 coding=1 startqp=0 meanqp=0 picbytes=0 pskip=0 nalus=1 n1:24103
frame 233: send=0x0 get=0x0 len=12107 coding=1 startqp=0 meanqp=0 picbytes=0 pskip=0 nalus=1 n1:12107
frame 234: send=0x0 get=0x0 len=21119 coding=1 startqp=0 meanqp=0 picbytes=0 pskip=0 nalus=1 n1:21119
frame 235: send=0x0 get=0x0 len=17285 coding=1 startqp=0 meanqp=0 picbytes=0 pskip=0 nalus=1 n1:17285
frame 236: send=0x0 get=0x0 len=22258 coding=1 startqp=0 meanqp=0 picbytes=0 pskip=0 nalus=1 n1:22258
frame 237: send=0x0 get=0x0 len=12535 coding=1 startqp=0 meanqp=0 picbytes=0 pskip=0 nalus=1 n1:12535
frame 238: send=0x0 get=0x0 len=23505 coding=1 startqp=0 meanqp=0 picbytes=0 pskip=0 nalus=1 n1:23505
frame 239: send=0x0 get=0x0 len=12458 coding=1 startqp=0 meanqp=0 picbytes=0 pskip=0 nalus=1 n1:12458
frame 240: send=0x0 get=0x0 len=18389 coding=0 startqp=0 meanqp=0 picbytes=0 pskip=0 nalus=3 n7:32 n8:8 n5:18349
frame 241: send=0x0 get=0x0 len=16272 coding=1 startqp=0 meanqp=0 picbytes=0 pskip=0 nalus=1 n1:16272
frame 242: send=0x0 get=0x0 len=21502 coding=1 startqp=0 meanqp=0 picbytes=0 pskip=0 nalus=1 n1:21502
frame 243: send=0x0 get=0x0 len=15285 coding=1 startqp=0 meanqp=0 picbytes=0 pskip=0 nalus=1 n1:15285
frame 244: send=0x0 get=0x0 len=23182 coding=1 startqp=0 meanqp=0 picbytes=0 pskip=0 nalus=1 n1:23182
frame 245: send=0x0 get=0x0 len=11053 coding=1 startqp=0 meanqp=0 picbytes=0 pskip=0 nalus=1 n1:11053
frame 246: send=0x0 get=0x0 len=20034 coding=1 startqp=0 meanqp=0 picbytes=0 pskip=0 nalus=1 n1:20034
frame 247: send=0x0 get=0x0 len=14675 coding=1 startqp=0 meanqp=0 picbytes=0 pskip=0 nalus=1 n1:14675
frame 248: send=0x0 get=0x0 len=22711 coding=1 startqp=0 meanqp=0 picbytes=0 pskip=0 nalus=1 n1:22711
frame 249: send=0x0 get=0x0 len=11183 coding=1 startqp=0 meanqp=0 picbytes=0 pskip=0 nalus=1 n1:11183
frame 250: send=0x0 get=0x0 len=20113 coding=1 startqp=0 meanqp=0 picbytes=0 pskip=0 nalus=1 n1:20113
frame 251: send=0x0 get=0x0 len=13559 coding=1 startqp=0 meanqp=0 picbytes=0 pskip=0 nalus=1 n1:13559
frame 252: send=0x0 get=0x0 len=22788 coding=1 startqp=0 meanqp=0 picbytes=0 pskip=0 nalus=1 n1:22788
frame 253: send=0x0 get=0x0 len=11342 coding=1 startqp=0 meanqp=0 picbytes=0 pskip=0 nalus=1 n1:11342
frame 254: send=0x0 get=0x0 len=20002 coding=1 startqp=0 meanqp=0 picbytes=0 pskip=0 nalus=1 n1:20002
frame 255: send=0x0 get=0x0 len=13901 coding=1 startqp=0 meanqp=0 picbytes=0 pskip=0 nalus=1 n1:13901
frame 256: send=0x0 get=0x0 len=22410 coding=1 startqp=0 meanqp=0 picbytes=0 pskip=0 nalus=1 n1:22410
frame 257: send=0x0 get=0x0 len=11239 coding=1 startqp=0 meanqp=0 picbytes=0 pskip=0 nalus=1 n1:11239
frame 258: send=0x0 get=0x0 len=19761 coding=1 startqp=0 meanqp=0 picbytes=0 pskip=0 nalus=1 n1:19761
frame 259: send=0x0 get=0x0 len=13587 coding=1 startqp=0 meanqp=0 picbytes=0 pskip=0 nalus=1 n1:13587
frame 260: send=0x0 get=0x0 len=22506 coding=1 startqp=0 meanqp=0 picbytes=0 pskip=0 nalus=1 n1:22506
frame 261: send=0x0 get=0x0 len=11295 coding=1 startqp=0 meanqp=0 picbytes=0 pskip=0 nalus=1 n1:11295
frame 262: send=0x0 get=0x0 len=19856 coding=1 startqp=0 meanqp=0 picbytes=0 pskip=0 nalus=1 n1:19856
frame 263: send=0x0 get=0x0 len=13936 coding=1 startqp=0 meanqp=0 picbytes=0 pskip=0 nalus=1 n1:13936
frame 264: send=0x0 get=0x0 len=22608 coding=1 startqp=0 meanqp=0 picbytes=0 pskip=0 nalus=1 n1:22608
frame 265: send=0x0 get=0x0 len=11480 coding=1 startqp=0 meanqp=0 picbytes=0 pskip=0 nalus=1 n1:11480
frame 266: send=0x0 get=0x0 len=20001 coding=1 startqp=0 meanqp=0 picbytes=0 pskip=0 nalus=1 n1:20001
frame 267: send=0x0 get=0x0 len=13674 coding=1 startqp=0 meanqp=0 picbytes=0 pskip=0 nalus=1 n1:13674
frame 268: send=0x0 get=0x0 len=22546 coding=1 startqp=0 meanqp=0 picbytes=0 pskip=0 nalus=1 n1:22546
frame 269: send=0x0 get=0x0 len=11284 coding=1 startqp=0 meanqp=0 picbytes=0 pskip=0 nalus=1 n1:11284
frame 270: send=0x0 get=0x0 len=18802 coding=0 startqp=0 meanqp=0 picbytes=0 pskip=0 nalus=3 n7:32 n8:8 n5:18762
frame 271: send=0x0 get=0x0 len=16449 coding=1 startqp=0 meanqp=0 picbytes=0 pskip=0 nalus=1 n1:16449
frame 272: send=0x0 get=0x0 len=24572 coding=1 startqp=0 meanqp=0 picbytes=0 pskip=0 nalus=1 n1:24572
frame 273: send=0x0 get=0x0 len=11080 coding=1 startqp=0 meanqp=0 picbytes=0 pskip=0 nalus=1 n1:11080
frame 274: send=0x0 get=0x0 len=20015 coding=1 startqp=0 meanqp=0 picbytes=0 pskip=0 nalus=1 n1:20015
frame 275: send=0x0 get=0x0 len=13538 coding=1 startqp=0 meanqp=0 picbytes=0 pskip=0 nalus=1 n1:13538
frame 276: send=0x0 get=0x0 len=22644 coding=1 startqp=0 meanqp=0 picbytes=0 pskip=0 nalus=1 n1:22644
frame 277: send=0x0 get=0x0 len=9507 coding=1 startqp=0 meanqp=0 picbytes=0 pskip=0 nalus=1 n1:9507
frame 278: send=0x0 get=0x0 len=19952 coding=1 startqp=0 meanqp=0 picbytes=0 pskip=0 nalus=1 n1:19952
frame 279: send=0x0 get=0x0 len=13438 coding=1 startqp=0 meanqp=0 picbytes=0 pskip=0 nalus=1 n1:13438
frame 280: send=0x0 get=0x0 len=22580 coding=1 startqp=0 meanqp=0 picbytes=0 pskip=0 nalus=1 n1:22580
frame 281: send=0x0 get=0x0 len=9476 coding=1 startqp=0 meanqp=0 picbytes=0 pskip=0 nalus=1 n1:9476
frame 282: send=0x0 get=0x0 len=19836 coding=1 startqp=0 meanqp=0 picbytes=0 pskip=0 nalus=1 n1:19836
frame 283: send=0x0 get=0x0 len=13377 coding=1 startqp=0 meanqp=0 picbytes=0 pskip=0 nalus=1 n1:13377
frame 284: send=0x0 get=0x0 len=22399 coding=1 startqp=0 meanqp=0 picbytes=0 pskip=0 nalus=1 n1:22399
frame 285: send=0x0 get=0x0 len=9114 coding=1 startqp=0 meanqp=0 picbytes=0 pskip=0 nalus=1 n1:9114
frame 286: send=0x0 get=0x0 len=19688 coding=1 startqp=0 meanqp=0 picbytes=0 pskip=0 nalus=1 n1:19688
frame 287: send=0x0 get=0x0 len=13451 coding=1 startqp=0 meanqp=0 picbytes=0 pskip=0 nalus=1 n1:13451
frame 288: send=0x0 get=0x0 len=22376 coding=1 startqp=0 meanqp=0 picbytes=0 pskip=0 nalus=1 n1:22376
frame 289: send=0x0 get=0x0 len=9259 coding=1 startqp=0 meanqp=0 picbytes=0 pskip=0 nalus=1 n1:9259
frame 290: send=0x0 get=0x0 len=19679 coding=1 startqp=0 meanqp=0 picbytes=0 pskip=0 nalus=1 n1:19679
frame 291: send=0x0 get=0x0 len=14845 coding=1 startqp=0 meanqp=0 picbytes=0 pskip=0 nalus=1 n1:14845
frame 292: send=0x0 get=0x0 len=22330 coding=1 startqp=0 meanqp=0 picbytes=0 pskip=0 nalus=1 n1:22330
frame 293: send=0x0 get=0x0 len=10717 coding=1 startqp=0 meanqp=0 picbytes=0 pskip=0 nalus=1 n1:10717
frame 294: send=0x0 get=0x0 len=19770 coding=1 startqp=0 meanqp=0 picbytes=0 pskip=0 nalus=1 n1:19770
frame 295: send=0x0 get=0x0 len=15448 coding=1 startqp=0 meanqp=0 picbytes=0 pskip=0 nalus=1 n1:15448
frame 296: send=0x0 get=0x0 len=22089 coding=1 startqp=0 meanqp=0 picbytes=0 pskip=0 nalus=1 n1:22089
frame 297: send=0x0 get=0x0 len=12036 coding=1 startqp=0 meanqp=0 picbytes=0 pskip=0 nalus=1 n1:12036
frame 298: send=0x0 get=0x0 len=23183 coding=1 startqp=0 meanqp=0 picbytes=0 pskip=0 nalus=1 n1:23183
frame 299: send=0x0 get=0x0 len=20029 coding=1 startqp=0 meanqp=0 picbytes=0 pskip=0 nalus=1 n1:20029
frame 300: send=0x0 get=0x0 len=18210 coding=0 startqp=0 meanqp=0 picbytes=0 pskip=0 nalus=3 n7:32 n8:8 n5:18170
frame 301: send=0x0 get=0x0 len=16304 coding=1 startqp=0 meanqp=0 picbytes=0 pskip=0 nalus=1 n1:16304
frame 302: send=0x0 get=0x0 len=19642 coding=1 startqp=0 meanqp=0 picbytes=0 pskip=0 nalus=1 n1:19642
frame 303: send=0x0 get=0x0 len=16082 coding=1 startqp=0 meanqp=0 picbytes=0 pskip=0 nalus=1 n1:16082
frame 304: send=0x0 get=0x0 len=22177 coding=1 startqp=0 meanqp=0 picbytes=0 pskip=0 nalus=1 n1:22177
frame 305: send=0x0 get=0x0 len=10824 coding=1 startqp=0 meanqp=0 picbytes=0 pskip=0 nalus=1 n1:10824
frame 306: send=0x0 get=0x0 len=19199 coding=1 startqp=0 meanqp=0 picbytes=0 pskip=0 nalus=1 n1:19199
frame 307: send=0x0 get=0x0 len=14097 coding=1 startqp=0 meanqp=0 picbytes=0 pskip=0 nalus=1 n1:14097
frame 308: send=0x0 get=0x0 len=22379 coding=1 startqp=0 meanqp=0 picbytes=0 pskip=0 nalus=1 n1:22379
frame 309: send=0x0 get=0x0 len=10564 coding=1 startqp=0 meanqp=0 picbytes=0 pskip=0 nalus=1 n1:10564
frame 310: send=0x0 get=0x0 len=19496 coding=1 startqp=0 meanqp=0 picbytes=0 pskip=0 nalus=1 n1:19496
frame 311: send=0x0 get=0x0 len=14671 coding=1 startqp=0 meanqp=0 picbytes=0 pskip=0 nalus=1 n1:14671
frame 312: send=0x0 get=0x0 len=22244 coding=1 startqp=0 meanqp=0 picbytes=0 pskip=0 nalus=1 n1:22244
frame 313: send=0x0 get=0x0 len=10959 coding=1 startqp=0 meanqp=0 picbytes=0 pskip=0 nalus=1 n1:10959
frame 314: send=0x0 get=0x0 len=19523 coding=1 startqp=0 meanqp=0 picbytes=0 pskip=0 nalus=1 n1:19523
frame 315: send=0x0 get=0x0 len=14616 coding=1 startqp=0 meanqp=0 picbytes=0 pskip=0 nalus=1 n1:14616
frame 316: send=0x0 get=0x0 len=22175 coding=1 startqp=0 meanqp=0 picbytes=0 pskip=0 nalus=1 n1:22175
frame 317: send=0x0 get=0x0 len=10634 coding=1 startqp=0 meanqp=0 picbytes=0 pskip=0 nalus=1 n1:10634
frame 318: send=0x0 get=0x0 len=19580 coding=1 startqp=0 meanqp=0 picbytes=0 pskip=0 nalus=1 n1:19580
frame 319: send=0x0 get=0x0 len=15012 coding=1 startqp=0 meanqp=0 picbytes=0 pskip=0 nalus=1 n1:15012
frame 320: send=0x0 get=0x0 len=21906 coding=1 startqp=0 meanqp=0 picbytes=0 pskip=0 nalus=1 n1:21906
frame 321: send=0x0 get=0x0 len=10943 coding=1 startqp=0 meanqp=0 picbytes=0 pskip=0 nalus=1 n1:10943
frame 322: send=0x0 get=0x0 len=19549 coding=1 startqp=0 meanqp=0 picbytes=0 pskip=0 nalus=1 n1:19549
frame 323: send=0x0 get=0x0 len=14469 coding=1 startqp=0 meanqp=0 picbytes=0 pskip=0 nalus=1 n1:14469
frame 324: send=0x0 get=0x0 len=22270 coding=1 startqp=0 meanqp=0 picbytes=0 pskip=0 nalus=1 n1:22270
frame 325: send=0x0 get=0x0 len=10797 coding=1 startqp=0 meanqp=0 picbytes=0 pskip=0 nalus=1 n1:10797
frame 326: send=0x0 get=0x0 len=19406 coding=1 startqp=0 meanqp=0 picbytes=0 pskip=0 nalus=1 n1:19406
frame 327: send=0x0 get=0x0 len=14940 coding=1 startqp=0 meanqp=0 picbytes=0 pskip=0 nalus=1 n1:14940
frame 328: send=0x0 get=0x0 len=22077 coding=1 startqp=0 meanqp=0 picbytes=0 pskip=0 nalus=1 n1:22077
frame 329: send=0x0 get=0x0 len=11040 coding=1 startqp=0 meanqp=0 picbytes=0 pskip=0 nalus=1 n1:11040
frame 330: send=0x0 get=0x0 len=21054 coding=0 startqp=0 meanqp=0 picbytes=0 pskip=0 nalus=3 n7:32 n8:8 n5:21014
frame 331: send=0x0 get=0x0 len=16491 coding=1 startqp=0 meanqp=0 picbytes=0 pskip=0 nalus=1 n1:16491
frame 332: send=0x0 get=0x0 len=26368 coding=1 startqp=0 meanqp=0 picbytes=0 pskip=0 nalus=1 n1:26368
frame 333: send=0x0 get=0x0 len=11449 coding=1 startqp=0 meanqp=0 picbytes=0 pskip=0 nalus=1 n1:11449
frame 334: send=0x0 get=0x0 len=20867 coding=1 startqp=0 meanqp=0 picbytes=0 pskip=0 nalus=1 n1:20867
frame 335: send=0x0 get=0x0 len=14489 coding=1 startqp=0 meanqp=0 picbytes=0 pskip=0 nalus=1 n1:14489
frame 336: send=0x0 get=0x0 len=23054 coding=1 startqp=0 meanqp=0 picbytes=0 pskip=0 nalus=1 n1:23054
frame 337: send=0x0 get=0x0 len=11447 coding=1 startqp=0 meanqp=0 picbytes=0 pskip=0 nalus=1 n1:11447
frame 338: send=0x0 get=0x0 len=19917 coding=1 startqp=0 meanqp=0 picbytes=0 pskip=0 nalus=1 n1:19917
frame 339: send=0x0 get=0x0 len=13328 coding=1 startqp=0 meanqp=0 picbytes=0 pskip=0 nalus=1 n1:13328
frame 340: send=0x0 get=0x0 len=22259 coding=1 startqp=0 meanqp=0 picbytes=0 pskip=0 nalus=1 n1:22259
frame 341: send=0x0 get=0x0 len=11266 coding=1 startqp=0 meanqp=0 picbytes=0 pskip=0 nalus=1 n1:11266
frame 342: send=0x0 get=0x0 len=19952 coding=1 startqp=0 meanqp=0 picbytes=0 pskip=0 nalus=1 n1:19952
frame 343: send=0x0 get=0x0 len=13761 coding=1 startqp=0 meanqp=0 picbytes=0 pskip=0 nalus=1 n1:13761
frame 344: send=0x0 get=0x0 len=22629 coding=1 startqp=0 meanqp=0 picbytes=0 pskip=0 nalus=1 n1:22629
frame 345: send=0x0 get=0x0 len=11481 coding=1 startqp=0 meanqp=0 picbytes=0 pskip=0 nalus=1 n1:11481
frame 346: send=0x0 get=0x0 len=19840 coding=1 startqp=0 meanqp=0 picbytes=0 pskip=0 nalus=1 n1:19840
frame 347: send=0x0 get=0x0 len=13701 coding=1 startqp=0 meanqp=0 picbytes=0 pskip=0 nalus=1 n1:13701
frame 348: send=0x0 get=0x0 len=22659 coding=1 startqp=0 meanqp=0 picbytes=0 pskip=0 nalus=1 n1:22659
frame 349: send=0x0 get=0x0 len=11199 coding=1 startqp=0 meanqp=0 picbytes=0 pskip=0 nalus=1 n1:11199
frame 350: send=0x0 get=0x0 len=20140 coding=1 startqp=0 meanqp=0 picbytes=0 pskip=0 nalus=1 n1:20140
frame 351: send=0x0 get=0x0 len=13869 coding=1 startqp=0 meanqp=0 picbytes=0 pskip=0 nalus=1 n1:13869
frame 352: send=0x0 get=0x0 len=22668 coding=1 startqp=0 meanqp=0 picbytes=0 pskip=0 nalus=1 n1:22668
frame 353: send=0x0 get=0x0 len=11377 coding=1 startqp=0 meanqp=0 picbytes=0 pskip=0 nalus=1 n1:11377
frame 354: send=0x0 get=0x0 len=19819 coding=1 startqp=0 meanqp=0 picbytes=0 pskip=0 nalus=1 n1:19819
frame 355: send=0x0 get=0x0 len=13645 coding=1 startqp=0 meanqp=0 picbytes=0 pskip=0 nalus=1 n1:13645
frame 356: send=0x0 get=0x0 len=22791 coding=1 startqp=0 meanqp=0 picbytes=0 pskip=0 nalus=1 n1:22791
frame 357: send=0x0 get=0x0 len=11179 coding=1 startqp=0 meanqp=0 picbytes=0 pskip=0 nalus=1 n1:11179
frame 358: send=0x0 get=0x0 len=19869 coding=1 startqp=0 meanqp=0 picbytes=0 pskip=0 nalus=1 n1:19869
frame 359: send=0x0 get=0x0 len=10600 coding=1 startqp=0 meanqp=0 picbytes=0 pskip=0 nalus=1 n1:10600
frame 360: send=0x0 get=0x0 len=17726 coding=0 startqp=0 meanqp=0 picbytes=0 pskip=0 nalus=3 n7:32 n8:8 n5:17686
frame 361: send=0x0 get=0x0 len=17203 coding=1 startqp=0 meanqp=0 picbytes=0 pskip=0 nalus=1 n1:17203
frame 362: send=0x0 get=0x0 len=19617 coding=1 startqp=0 meanqp=0 picbytes=0 pskip=0 nalus=1 n1:19617
frame 363: send=0x0 get=0x0 len=14563 coding=1 startqp=0 meanqp=0 picbytes=0 pskip=0 nalus=1 n1:14563
frame 364: send=0x0 get=0x0 len=22322 coding=1 startqp=0 meanqp=0 picbytes=0 pskip=0 nalus=1 n1:22322
frame 365: send=0x0 get=0x0 len=9080 coding=1 startqp=0 meanqp=0 picbytes=0 pskip=0 nalus=1 n1:9080
frame 366: send=0x0 get=0x0 len=19794 coding=1 startqp=0 meanqp=0 picbytes=0 pskip=0 nalus=1 n1:19794
frame 367: send=0x0 get=0x0 len=13402 coding=1 startqp=0 meanqp=0 picbytes=0 pskip=0 nalus=1 n1:13402
frame 368: send=0x0 get=0x0 len=22126 coding=1 startqp=0 meanqp=0 picbytes=0 pskip=0 nalus=1 n1:22126
frame 369: send=0x0 get=0x0 len=9357 coding=1 startqp=0 meanqp=0 picbytes=0 pskip=0 nalus=1 n1:9357
frame 370: send=0x0 get=0x0 len=19722 coding=1 startqp=0 meanqp=0 picbytes=0 pskip=0 nalus=1 n1:19722
frame 371: send=0x0 get=0x0 len=13211 coding=1 startqp=0 meanqp=0 picbytes=0 pskip=0 nalus=1 n1:13211
frame 372: send=0x0 get=0x0 len=22504 coding=1 startqp=0 meanqp=0 picbytes=0 pskip=0 nalus=1 n1:22504
frame 373: send=0x0 get=0x0 len=8857 coding=1 startqp=0 meanqp=0 picbytes=0 pskip=0 nalus=1 n1:8857
frame 374: send=0x0 get=0x0 len=19642 coding=1 startqp=0 meanqp=0 picbytes=0 pskip=0 nalus=1 n1:19642
frame 375: send=0x0 get=0x0 len=13228 coding=1 startqp=0 meanqp=0 picbytes=0 pskip=0 nalus=1 n1:13228
frame 376: send=0x0 get=0x0 len=22282 coding=1 startqp=0 meanqp=0 picbytes=0 pskip=0 nalus=1 n1:22282
frame 377: send=0x0 get=0x0 len=9412 coding=1 startqp=0 meanqp=0 picbytes=0 pskip=0 nalus=1 n1:9412
frame 378: send=0x0 get=0x0 len=19694 coding=1 startqp=0 meanqp=0 picbytes=0 pskip=0 nalus=1 n1:19694
frame 379: send=0x0 get=0x0 len=13410 coding=1 startqp=0 meanqp=0 picbytes=0 pskip=0 nalus=1 n1:13410
frame 380: send=0x0 get=0x0 len=22624 coding=1 startqp=0 meanqp=0 picbytes=0 pskip=0 nalus=1 n1:22624
frame 381: send=0x0 get=0x0 len=8807 coding=1 startqp=0 meanqp=0 picbytes=0 pskip=0 nalus=1 n1:8807
frame 382: send=0x0 get=0x0 len=19675 coding=1 startqp=0 meanqp=0 picbytes=0 pskip=0 nalus=1 n1:19675
frame 383: send=0x0 get=0x0 len=13287 coding=1 startqp=0 meanqp=0 picbytes=0 pskip=0 nalus=1 n1:13287
frame 384: send=0x0 get=0x0 len=22527 coding=1 startqp=0 meanqp=0 picbytes=0 pskip=0 nalus=1 n1:22527
frame 385: send=0x0 get=0x0 len=9154 coding=1 startqp=0 meanqp=0 picbytes=0 pskip=0 nalus=1 n1:9154
frame 386: send=0x0 get=0x0 len=19633 coding=1 startqp=0 meanqp=0 picbytes=0 pskip=0 nalus=1 n1:19633
frame 387: send=0x0 get=0x0 len=13225 coding=1 startqp=0 meanqp=0 picbytes=0 pskip=0 nalus=1 n1:13225
frame 388: send=0x0 get=0x0 len=22343 coding=1 startqp=0 meanqp=0 picbytes=0 pskip=0 nalus=1 n1:22343
frame 389: send=0x0 get=0x0 len=9071 coding=1 startqp=0 meanqp=0 picbytes=0 pskip=0 nalus=1 n1:9071
frame 390: send=0x0 get=0x0 len=18132 coding=0 startqp=0 meanqp=0 picbytes=0 pskip=0 nalus=3 n7:32 n8:8 n5:18092
frame 391: send=0x0 get=0x0 len=18409 coding=1 startqp=0 meanqp=0 picbytes=0 pskip=0 nalus=1 n1:18409
frame 392: send=0x0 get=0x0 len=23103 coding=1 startqp=0 meanqp=0 picbytes=0 pskip=0 nalus=1 n1:23103
frame 393: send=0x0 get=0x0 len=9135 coding=1 startqp=0 meanqp=0 picbytes=0 pskip=0 nalus=1 n1:9135
frame 394: send=0x0 get=0x0 len=20171 coding=1 startqp=0 meanqp=0 picbytes=0 pskip=0 nalus=1 n1:20171
frame 395: send=0x0 get=0x0 len=14889 coding=1 startqp=0 meanqp=0 picbytes=0 pskip=0 nalus=1 n1:14889
frame 396: send=0x0 get=0x0 len=22855 coding=1 startqp=0 meanqp=0 picbytes=0 pskip=0 nalus=1 n1:22855
frame 397: send=0x0 get=0x0 len=9528 coding=1 startqp=0 meanqp=0 picbytes=0 pskip=0 nalus=1 n1:9528
frame 398: send=0x0 get=0x0 len=19870 coding=1 startqp=0 meanqp=0 picbytes=0 pskip=0 nalus=1 n1:19870
frame 399: send=0x0 get=0x0 len=15385 coding=1 startqp=0 meanqp=0 picbytes=0 pskip=0 nalus=1 n1:15385
frame 400: send=0x0 get=0x0 len=22561 coding=1 startqp=0 meanqp=0 picbytes=0 pskip=0 nalus=1 n1:22561
frame 401: send=0x0 get=0x0 len=11150 coding=1 startqp=0 meanqp=0 picbytes=0 pskip=0 nalus=1 n1:11150
frame 402: send=0x0 get=0x0 len=19874 coding=1 startqp=0 meanqp=0 picbytes=0 pskip=0 nalus=1 n1:19874
frame 403: send=0x0 get=0x0 len=15173 coding=1 startqp=0 meanqp=0 picbytes=0 pskip=0 nalus=1 n1:15173
frame 404: send=0x0 get=0x0 len=22466 coding=1 startqp=0 meanqp=0 picbytes=0 pskip=0 nalus=1 n1:22466
frame 405: send=0x0 get=0x0 len=10982 coding=1 startqp=0 meanqp=0 picbytes=0 pskip=0 nalus=1 n1:10982
frame 406: send=0x0 get=0x0 len=19380 coding=1 startqp=0 meanqp=0 picbytes=0 pskip=0 nalus=1 n1:19380
frame 407: send=0x0 get=0x0 len=15898 coding=1 startqp=0 meanqp=0 picbytes=0 pskip=0 nalus=1 n1:15898
frame 408: send=0x0 get=0x0 len=26302 coding=1 startqp=0 meanqp=0 picbytes=0 pskip=0 nalus=1 n1:26302
frame 409: send=0x0 get=0x0 len=11116 coding=1 startqp=0 meanqp=0 picbytes=0 pskip=0 nalus=1 n1:11116
frame 410: send=0x0 get=0x0 len=21158 coding=1 startqp=0 meanqp=0 picbytes=0 pskip=0 nalus=1 n1:21158
frame 411: send=0x0 get=0x0 len=16733 coding=1 startqp=0 meanqp=0 picbytes=0 pskip=0 nalus=1 n1:16733
frame 412: send=0x0 get=0x0 len=22931 coding=1 startqp=0 meanqp=0 picbytes=0 pskip=0 nalus=1 n1:22931
frame 413: send=0x0 get=0x0 len=11025 coding=1 startqp=0 meanqp=0 picbytes=0 pskip=0 nalus=1 n1:11025
frame 414: send=0x0 get=0x0 len=20793 coding=1 startqp=0 meanqp=0 picbytes=0 pskip=0 nalus=1 n1:20793
frame 415: send=0x0 get=0x0 len=16459 coding=1 startqp=0 meanqp=0 picbytes=0 pskip=0 nalus=1 n1:16459
frame 416: send=0x0 get=0x0 len=22029 coding=1 startqp=0 meanqp=0 picbytes=0 pskip=0 nalus=1 n1:22029
frame 417: send=0x0 get=0x0 len=12710 coding=1 startqp=0 meanqp=0 picbytes=0 pskip=0 nalus=1 n1:12710
frame 418: send=0x0 get=0x0 len=22952 coding=1 startqp=0 meanqp=0 picbytes=0 pskip=0 nalus=1 n1:22952
frame 419: send=0x0 get=0x0 len=13227 coding=1 startqp=0 meanqp=0 picbytes=0 pskip=0 nalus=1 n1:13227
frame 420: send=0x0 get=0x0 len=18555 coding=0 startqp=0 meanqp=0 picbytes=0 pskip=0 nalus=3 n7:32 n8:8 n5:18515
frame 421: send=0x0 get=0x0 len=16131 coding=1 startqp=0 meanqp=0 picbytes=0 pskip=0 nalus=1 n1:16131
frame 422: send=0x0 get=0x0 len=21439 coding=1 startqp=0 meanqp=0 picbytes=0 pskip=0 nalus=1 n1:21439
frame 423: send=0x0 get=0x0 len=15526 coding=1 startqp=0 meanqp=0 picbytes=0 pskip=0 nalus=1 n1:15526
frame 424: send=0x0 get=0x0 len=23109 coding=1 startqp=0 meanqp=0 picbytes=0 pskip=0 nalus=1 n1:23109
frame 425: send=0x0 get=0x0 len=11480 coding=1 startqp=0 meanqp=0 picbytes=0 pskip=0 nalus=1 n1:11480
frame 426: send=0x0 get=0x0 len=20159 coding=1 startqp=0 meanqp=0 picbytes=0 pskip=0 nalus=1 n1:20159
frame 427: send=0x0 get=0x0 len=14354 coding=1 startqp=0 meanqp=0 picbytes=0 pskip=0 nalus=1 n1:14354
frame 428: send=0x0 get=0x0 len=22451 coding=1 startqp=0 meanqp=0 picbytes=0 pskip=0 nalus=1 n1:22451
frame 429: send=0x0 get=0x0 len=10848 coding=1 startqp=0 meanqp=0 picbytes=0 pskip=0 nalus=1 n1:10848
frame 430: send=0x0 get=0x0 len=19940 coding=1 startqp=0 meanqp=0 picbytes=0 pskip=0 nalus=1 n1:19940
frame 431: send=0x0 get=0x0 len=13652 coding=1 startqp=0 meanqp=0 picbytes=0 pskip=0 nalus=1 n1:13652
frame 432: send=0x0 get=0x0 len=22461 coding=1 startqp=0 meanqp=0 picbytes=0 pskip=0 nalus=1 n1:22461
frame 433: send=0x0 get=0x0 len=11305 coding=1 startqp=0 meanqp=0 picbytes=0 pskip=0 nalus=1 n1:11305
frame 434: send=0x0 get=0x0 len=19919 coding=1 startqp=0 meanqp=0 picbytes=0 pskip=0 nalus=1 n1:19919
frame 435: send=0x0 get=0x0 len=13665 coding=1 startqp=0 meanqp=0 picbytes=0 pskip=0 nalus=1 n1:13665
frame 436: send=0x0 get=0x0 len=22472 coding=1 startqp=0 meanqp=0 picbytes=0 pskip=0 nalus=1 n1:22472
frame 437: send=0x0 get=0x0 len=11295 coding=1 startqp=0 meanqp=0 picbytes=0 pskip=0 nalus=1 n1:11295
frame 438: send=0x0 get=0x0 len=19935 coding=1 startqp=0 meanqp=0 picbytes=0 pskip=0 nalus=1 n1:19935
frame 439: send=0x0 get=0x0 len=13970 coding=1 startqp=0 meanqp=0 picbytes=0 pskip=0 nalus=1 n1:13970
frame 440: send=0x0 get=0x0 len=22566 coding=1 startqp=0 meanqp=0 picbytes=0 pskip=0 nalus=1 n1:22566
frame 441: send=0x0 get=0x0 len=11407 coding=1 startqp=0 meanqp=0 picbytes=0 pskip=0 nalus=1 n1:11407
frame 442: send=0x0 get=0x0 len=20101 coding=1 startqp=0 meanqp=0 picbytes=0 pskip=0 nalus=1 n1:20101
frame 443: send=0x0 get=0x0 len=13667 coding=1 startqp=0 meanqp=0 picbytes=0 pskip=0 nalus=1 n1:13667
frame 444: send=0x0 get=0x0 len=22456 coding=1 startqp=0 meanqp=0 picbytes=0 pskip=0 nalus=1 n1:22456
frame 445: send=0x0 get=0x0 len=10989 coding=1 startqp=0 meanqp=0 picbytes=0 pskip=0 nalus=1 n1:10989
frame 446: send=0x0 get=0x0 len=20110 coding=1 startqp=0 meanqp=0 picbytes=0 pskip=0 nalus=1 n1:20110
frame 447: send=0x0 get=0x0 len=13860 coding=1 startqp=0 meanqp=0 picbytes=0 pskip=0 nalus=1 n1:13860
frame 448: send=0x0 get=0x0 len=22507 coding=1 startqp=0 meanqp=0 picbytes=0 pskip=0 nalus=1 n1:22507
frame 449: send=0x0 get=0x0 len=11349 coding=1 startqp=0 meanqp=0 picbytes=0 pskip=0 nalus=1 n1:11349
frame 450: send=0x0 get=0x0 len=18904 coding=0 startqp=0 meanqp=0 picbytes=0 pskip=0 nalus=3 n7:32 n8:8 n5:18864
frame 451: send=0x0 get=0x0 len=16273 coding=1 startqp=0 meanqp=0 picbytes=0 pskip=0 nalus=1 n1:16273
frame 452: send=0x0 get=0x0 len=24725 coding=1 startqp=0 meanqp=0 picbytes=0 pskip=0 nalus=1 n1:24725
frame 453: send=0x0 get=0x0 len=10846 coding=1 startqp=0 meanqp=0 picbytes=0 pskip=0 nalus=1 n1:10846
frame 454: send=0x0 get=0x0 len=20034 coding=1 startqp=0 meanqp=0 picbytes=0 pskip=0 nalus=1 n1:20034
frame 455: send=0x0 get=0x0 len=13823 coding=1 startqp=0 meanqp=0 picbytes=0 pskip=0 nalus=1 n1:13823
frame 456: send=0x0 get=0x0 len=22688 coding=1 startqp=0 meanqp=0 picbytes=0 pskip=0 nalus=1 n1:22688
frame 457: send=0x0 get=0x0 len=9521 coding=1 startqp=0 meanqp=0 picbytes=0 pskip=0 nalus=1 n1:9521
frame 458: send=0x0 get=0x0 len=19914 coding=1 startqp=0 meanqp=0 picbytes=0 pskip=0 nalus=1 n1:19914
frame 459: send=0x0 get=0x0 len=13244 coding=1 startqp=0 meanqp=0 picbytes=0 pskip=0 nalus=1 n1:13244
frame 460: send=0x0 get=0x0 len=22749 coding=1 startqp=0 meanqp=0 picbytes=0 pskip=0 nalus=1 n1:22749
frame 461: send=0x0 get=0x0 len=8912 coding=1 startqp=0 meanqp=0 picbytes=0 pskip=0 nalus=1 n1:8912
frame 462: send=0x0 get=0x0 len=19712 coding=1 startqp=0 meanqp=0 picbytes=0 pskip=0 nalus=1 n1:19712
frame 463: send=0x0 get=0x0 len=13224 coding=1 startqp=0 meanqp=0 picbytes=0 pskip=0 nalus=1 n1:13224
frame 464: send=0x0 get=0x0 len=22137 coding=1 startqp=0 meanqp=0 picbytes=0 pskip=0 nalus=1 n1:22137
frame 465: send=0x0 get=0x0 len=9425 coding=1 startqp=0 meanqp=0 picbytes=0 pskip=0 nalus=1 n1:9425
frame 466: send=0x0 get=0x0 len=19680 coding=1 startqp=0 meanqp=0 picbytes=0 pskip=0 nalus=1 n1:19680
frame 467: send=0x0 get=0x0 len=13172 coding=1 startqp=0 meanqp=0 picbytes=0 pskip=0 nalus=1 n1:13172
frame 468: send=0x0 get=0x0 len=22356 coding=1 startqp=0 meanqp=0 picbytes=0 pskip=0 nalus=1 n1:22356
frame 469: send=0x0 get=0x0 len=9011 coding=1 startqp=0 meanqp=0 picbytes=0 pskip=0 nalus=1 n1:9011
frame 470: send=0x0 get=0x0 len=19603 coding=1 startqp=0 meanqp=0 picbytes=0 pskip=0 nalus=1 n1:19603
frame 471: send=0x0 get=0x0 len=13278 coding=1 startqp=0 meanqp=0 picbytes=0 pskip=0 nalus=1 n1:13278
frame 472: send=0x0 get=0x0 len=22527 coding=1 startqp=0 meanqp=0 picbytes=0 pskip=0 nalus=1 n1:22527
frame 473: send=0x0 get=0x0 len=9183 coding=1 startqp=0 meanqp=0 picbytes=0 pskip=0 nalus=1 n1:9183
frame 474: send=0x0 get=0x0 len=19663 coding=1 startqp=0 meanqp=0 picbytes=0 pskip=0 nalus=1 n1:19663
frame 475: send=0x0 get=0x0 len=15050 coding=1 startqp=0 meanqp=0 picbytes=0 pskip=0 nalus=1 n1:15050
frame 476: send=0x0 get=0x0 len=22283 coding=1 startqp=0 meanqp=0 picbytes=0 pskip=0 nalus=1 n1:22283
frame 477: send=0x0 get=0x0 len=11586 coding=1 startqp=0 meanqp=0 picbytes=0 pskip=0 nalus=1 n1:11586
frame 478: send=0x0 get=0x0 len=21175 coding=1 startqp=0 meanqp=0 picbytes=0 pskip=0 nalus=1 n1:21175
frame 479: send=0x0 get=0x0 len=20054 coding=1 startqp=0 meanqp=0 picbytes=0 pskip=0 nalus=1 n1:20054
frame 480: send=0x0 get=0x0 len=17950 coding=0 startqp=0 meanqp=0 picbytes=0 pskip=0 nalus=3 n7:32 n8:8 n5:17910
frame 481: send=0x0 get=0x0 len=16103 coding=1 startqp=0 meanqp=0 picbytes=0 pskip=0 nalus=1 n1:16103
frame 482: send=0x0 get=0x0 len=19495 coding=1 startqp=0 meanqp=0 picbytes=0 pskip=0 nalus=1 n1:19495
frame 483: send=0x0 get=0x0 len=15878 coding=1 startqp=0 meanqp=0 picbytes=0 pskip=0 nalus=1 n1:15878
frame 484: send=0x0 get=0x0 len=22588 coding=1 startqp=0 meanqp=0 picbytes=0 pskip=0 nalus=1 n1:22588
frame 485: send=0x0 get=0x0 len=10454 coding=1 startqp=0 meanqp=0 picbytes=0 pskip=0 nalus=1 n1:10454
frame 486: send=0x0 get=0x0 len=19092 coding=1 startqp=0 meanqp=0 picbytes=0 pskip=0 nalus=1 n1:19092
frame 487: send=0x0 get=0x0 len=14317 coding=1 startqp=0 meanqp=0 picbytes=0 pskip=0 nalus=1 n1:14317
frame 488: send=0x0 get=0x0 len=22047 coding=1 startqp=0 meanqp=0 picbytes=0 pskip=0 nalus=1 n1:22047
frame 489: send=0x0 get=0x0 len=10953 coding=1 startqp=0 meanqp=0 picbytes=0 pskip=0 nalus=1 n1:10953
frame 490: send=0x0 get=0x0 len=19544 coding=1 startqp=0 meanqp=0 picbytes=0 pskip=0 nalus=1 n1:19544
frame 491: send=0x0 get=0x0 len=14416 coding=1 startqp=0 meanqp=0 picbytes=0 pskip=0 nalus=1 n1:14416
frame 492: send=0x0 get=0x0 len=22222 coding=1 startqp=0 meanqp=0 picbytes=0 pskip=0 nalus=1 n1:22222
frame 493: send=0x0 get=0x0 len=10457 coding=1 startqp=0 meanqp=0 picbytes=0 pskip=0 nalus=1 n1:10457
frame 494: send=0x0 get=0x0 len=19479 coding=1 startqp=0 meanqp=0 picbytes=0 pskip=0 nalus=1 n1:19479
frame 495: send=0x0 get=0x0 len=14654 coding=1 startqp=0 meanqp=0 picbytes=0 pskip=0 nalus=1 n1:14654
frame 496: send=0x0 get=0x0 len=21898 coding=1 startqp=0 meanqp=0 picbytes=0 pskip=0 nalus=1 n1:21898
frame 497: send=0x0 get=0x0 len=10915 coding=1 startqp=0 meanqp=0 picbytes=0 pskip=0 nalus=1 n1:10915
frame 498: send=0x0 get=0x0 len=19526 coding=1 startqp=0 meanqp=0 picbytes=0 pskip=0 nalus=1 n1:19526
frame 499: send=0x0 get=0x0 len=14449 coding=1 startqp=0 meanqp=0 picbytes=0 pskip=0 nalus=1 n1:14449
frame 500: send=0x0 get=0x0 len=22060 coding=1 startqp=0 meanqp=0 picbytes=0 pskip=0 nalus=1 n1:22060
frame 501: send=0x0 get=0x0 len=10709 coding=1 startqp=0 meanqp=0 picbytes=0 pskip=0 nalus=1 n1:10709
frame 502: send=0x0 get=0x0 len=19395 coding=1 startqp=0 meanqp=0 picbytes=0 pskip=0 nalus=1 n1:19395
frame 503: send=0x0 get=0x0 len=14970 coding=1 startqp=0 meanqp=0 picbytes=0 pskip=0 nalus=1 n1:14970
frame 504: send=0x0 get=0x0 len=22146 coding=1 startqp=0 meanqp=0 picbytes=0 pskip=0 nalus=1 n1:22146
frame 505: send=0x0 get=0x0 len=10985 coding=1 startqp=0 meanqp=0 picbytes=0 pskip=0 nalus=1 n1:10985
frame 506: send=0x0 get=0x0 len=19615 coding=1 startqp=0 meanqp=0 picbytes=0 pskip=0 nalus=1 n1:19615
frame 507: send=0x0 get=0x0 len=14533 coding=1 startqp=0 meanqp=0 picbytes=0 pskip=0 nalus=1 n1:14533
frame 508: send=0x0 get=0x0 len=22165 coding=1 startqp=0 meanqp=0 picbytes=0 pskip=0 nalus=1 n1:22165
frame 509: send=0x0 get=0x0 len=10551 coding=1 startqp=0 meanqp=0 picbytes=0 pskip=0 nalus=1 n1:10551
frame 510: send=0x0 get=0x0 len=20913 coding=0 startqp=0 meanqp=0 picbytes=0 pskip=0 nalus=3 n7:32 n8:8 n5:20873
frame 511: send=0x0 get=0x0 len=16364 coding=1 startqp=0 meanqp=0 picbytes=0 pskip=0 nalus=1 n1:16364
frame 512: send=0x0 get=0x0 len=26072 coding=1 startqp=0 meanqp=0 picbytes=0 pskip=0 nalus=1 n1:26072
frame 513: send=0x0 get=0x0 len=11526 coding=1 startqp=0 meanqp=0 picbytes=0 pskip=0 nalus=1 n1:11526
frame 514: send=0x0 get=0x0 len=20773 coding=1 startqp=0 meanqp=0 picbytes=0 pskip=0 nalus=1 n1:20773
frame 515: send=0x0 get=0x0 len=14327 coding=1 startqp=0 meanqp=0 picbytes=0 pskip=0 nalus=1 n1:14327
frame 516: send=0x0 get=0x0 len=22857 coding=1 startqp=0 meanqp=0 picbytes=0 pskip=0 nalus=1 n1:22857
frame 517: send=0x0 get=0x0 len=11017 coding=1 startqp=0 meanqp=0 picbytes=0 pskip=0 nalus=1 n1:11017
frame 518: send=0x0 get=0x0 len=19907 coding=1 startqp=0 meanqp=0 picbytes=0 pskip=0 nalus=1 n1:19907
frame 519: send=0x0 get=0x0 len=13480 coding=1 startqp=0 meanqp=0 picbytes=0 pskip=0 nalus=1 n1:13480
frame 520: send=0x0 get=0x0 len=22642 coding=1 startqp=0 meanqp=0 picbytes=0 pskip=0 nalus=1 n1:22642
frame 521: send=0x0 get=0x0 len=11219 coding=1 startqp=0 meanqp=0 picbytes=0 pskip=0 nalus=1 n1:11219
frame 522: send=0x0 get=0x0 len=20010 coding=1 startqp=0 meanqp=0 picbytes=0 pskip=0 nalus=1 n1:20010
frame 523: send=0x0 get=0x0 len=13680 coding=1 startqp=0 meanqp=0 picbytes=0 pskip=0 nalus=1 n1:13680
frame 524: send=0x0 get=0x0 len=22580 coding=1 startqp=0 meanqp=0 picbytes=0 pskip=0 nalus=1 n1:22580
frame 525: send=0x0 get=0x0 len=11103 coding=1 startqp=0 meanqp=0 picbytes=0 pskip=0 nalus=1 n1:11103
frame 526: send=0x0 get=0x0 len=20156 coding=1 startqp=0 meanqp=0 picbytes=0 pskip=0 nalus=1 n1:20156
frame 527: send=0x0 get=0x0 len=13752 coding=1 startqp=0 meanqp=0 picbytes=0 pskip=0 nalus=1 n1:13752
frame 528: send=0x0 get=0x0 len=22556 coding=1 startqp=0 meanqp=0 picbytes=0 pskip=0 nalus=1 n1:22556
frame 529: send=0x0 get=0x0 len=11248 coding=1 startqp=0 meanqp=0 picbytes=0 pskip=0 nalus=1 n1:11248
frame 530: send=0x0 get=0x0 len=19838 coding=1 startqp=0 meanqp=0 picbytes=0 pskip=0 nalus=1 n1:19838
frame 531: send=0x0 get=0x0 len=13478 coding=1 startqp=0 meanqp=0 picbytes=0 pskip=0 nalus=1 n1:13478
frame 532: send=0x0 get=0x0 len=22575 coding=1 startqp=0 meanqp=0 picbytes=0 pskip=0 nalus=1 n1:22575
frame 533: send=0x0 get=0x0 len=11141 coding=1 startqp=0 meanqp=0 picbytes=0 pskip=0 nalus=1 n1:11141
frame 534: send=0x0 get=0x0 len=19947 coding=1 startqp=0 meanqp=0 picbytes=0 pskip=0 nalus=1 n1:19947
frame 535: send=0x0 get=0x0 len=13607 coding=1 startqp=0 meanqp=0 picbytes=0 pskip=0 nalus=1 n1:13607
frame 536: send=0x0 get=0x0 len=22832 coding=1 startqp=0 meanqp=0 picbytes=0 pskip=0 nalus=1 n1:22832
frame 537: send=0x0 get=0x0 len=11087 coding=1 startqp=0 meanqp=0 picbytes=0 pskip=0 nalus=1 n1:11087
frame 538: send=0x0 get=0x0 len=20164 coding=1 startqp=0 meanqp=0 picbytes=0 pskip=0 nalus=1 n1:20164
frame 539: send=0x0 get=0x0 len=4702 coding=1 startqp=0 meanqp=0 picbytes=0 pskip=0 nalus=1 n1:4702
frame 540: send=0x0 get=0x0 len=17775 coding=0 startqp=0 meanqp=0 picbytes=0 pskip=0 nalus=3 n7:32 n8:8 n5:17735
frame 541: send=0x0 get=0x0 len=17064 coding=1 startqp=0 meanqp=0 picbytes=0 pskip=0 nalus=1 n1:17064
frame 542: send=0x0 get=0x0 len=21290 coding=1 startqp=0 meanqp=0 picbytes=0 pskip=0 nalus=1 n1:21290
frame 543: send=0x0 get=0x0 len=15456 coding=1 startqp=0 meanqp=0 picbytes=0 pskip=0 nalus=1 n1:15456
frame 544: send=0x0 get=0x0 len=22491 coding=1 startqp=0 meanqp=0 picbytes=0 pskip=0 nalus=1 n1:22491
frame 545: send=0x0 get=0x0 len=11143 coding=1 startqp=0 meanqp=0 picbytes=0 pskip=0 nalus=1 n1:11143
frame 546: send=0x0 get=0x0 len=19786 coding=1 startqp=0 meanqp=0 picbytes=0 pskip=0 nalus=1 n1:19786
frame 547: send=0x0 get=0x0 len=13902 coding=1 startqp=0 meanqp=0 picbytes=0 pskip=0 nalus=1 n1:13902
frame 548: send=0x0 get=0x0 len=22439 coding=1 startqp=0 meanqp=0 picbytes=0 pskip=0 nalus=1 n1:22439
frame 549: send=0x0 get=0x0 len=11096 coding=1 startqp=0 meanqp=0 picbytes=0 pskip=0 nalus=1 n1:11096
frame 550: send=0x0 get=0x0 len=19921 coding=1 startqp=0 meanqp=0 picbytes=0 pskip=0 nalus=1 n1:19921
frame 551: send=0x0 get=0x0 len=13817 coding=1 startqp=0 meanqp=0 picbytes=0 pskip=0 nalus=1 n1:13817
frame 552: send=0x0 get=0x0 len=22693 coding=1 startqp=0 meanqp=0 picbytes=0 pskip=0 nalus=1 n1:22693
frame 553: send=0x0 get=0x0 len=11433 coding=1 startqp=0 meanqp=0 picbytes=0 pskip=0 nalus=1 n1:11433
frame 554: send=0x0 get=0x0 len=20094 coding=1 startqp=0 meanqp=0 picbytes=0 pskip=0 nalus=1 n1:20094
frame 555: send=0x0 get=0x0 len=13418 coding=1 startqp=0 meanqp=0 picbytes=0 pskip=0 nalus=1 n1:13418
frame 556: send=0x0 get=0x0 len=22544 coding=1 startqp=0 meanqp=0 picbytes=0 pskip=0 nalus=1 n1:22544
frame 557: send=0x0 get=0x0 len=11294 coding=1 startqp=0 meanqp=0 picbytes=0 pskip=0 nalus=1 n1:11294
frame 558: send=0x0 get=0x0 len=20204 coding=1 startqp=0 meanqp=0 picbytes=0 pskip=0 nalus=1 n1:20204
frame 559: send=0x0 get=0x0 len=13913 coding=1 startqp=0 meanqp=0 picbytes=0 pskip=0 nalus=1 n1:13913
frame 560: send=0x0 get=0x0 len=22437 coding=1 startqp=0 meanqp=0 picbytes=0 pskip=0 nalus=1 n1:22437
frame 561: send=0x0 get=0x0 len=11224 coding=1 startqp=0 meanqp=0 picbytes=0 pskip=0 nalus=1 n1:11224
frame 562: send=0x0 get=0x0 len=19974 coding=1 startqp=0 meanqp=0 picbytes=0 pskip=0 nalus=1 n1:19974
frame 563: send=0x0 get=0x0 len=13694 coding=1 startqp=0 meanqp=0 picbytes=0 pskip=0 nalus=1 n1:13694
frame 564: send=0x0 get=0x0 len=22577 coding=1 startqp=0 meanqp=0 picbytes=0 pskip=0 nalus=1 n1:22577
frame 565: send=0x0 get=0x0 len=11088 coding=1 startqp=0 meanqp=0 picbytes=0 pskip=0 nalus=1 n1:11088
frame 566: send=0x0 get=0x0 len=19944 coding=1 startqp=0 meanqp=0 picbytes=0 pskip=0 nalus=1 n1:19944
frame 567: send=0x0 get=0x0 len=14168 coding=1 startqp=0 meanqp=0 picbytes=0 pskip=0 nalus=1 n1:14168
frame 568: send=0x0 get=0x0 len=22638 coding=1 startqp=0 meanqp=0 picbytes=0 pskip=0 nalus=1 n1:22638
frame 569: send=0x0 get=0x0 len=11344 coding=1 startqp=0 meanqp=0 picbytes=0 pskip=0 nalus=1 n1:11344
frame 570: send=0x0 get=0x0 len=18964 coding=0 startqp=0 meanqp=0 picbytes=0 pskip=0 nalus=3 n7:32 n8:8 n5:18924
frame 571: send=0x0 get=0x0 len=16565 coding=1 startqp=0 meanqp=0 picbytes=0 pskip=0 nalus=1 n1:16565
frame 572: send=0x0 get=0x0 len=24866 coding=1 startqp=0 meanqp=0 picbytes=0 pskip=0 nalus=1 n1:24866
frame 573: send=0x0 get=0x0 len=10977 coding=1 startqp=0 meanqp=0 picbytes=0 pskip=0 nalus=1 n1:10977
frame 574: send=0x0 get=0x0 len=20108 coding=1 startqp=0 meanqp=0 picbytes=0 pskip=0 nalus=1 n1:20108
frame 575: send=0x0 get=0x0 len=13834 coding=1 startqp=0 meanqp=0 picbytes=0 pskip=0 nalus=1 n1:13834
frame 576: send=0x0 get=0x0 len=22584 coding=1 startqp=0 meanqp=0 picbytes=0 pskip=0 nalus=1 n1:22584
frame 577: send=0x0 get=0x0 len=9597 coding=1 startqp=0 meanqp=0 picbytes=0 pskip=0 nalus=1 n1:9597
frame 578: send=0x0 get=0x0 len=19873 coding=1 startqp=0 meanqp=0 picbytes=0 pskip=0 nalus=1 n1:19873
frame 579: send=0x0 get=0x0 len=13260 coding=1 startqp=0 meanqp=0 picbytes=0 pskip=0 nalus=1 n1:13260
frame 580: send=0x0 get=0x0 len=22642 coding=1 startqp=0 meanqp=0 picbytes=0 pskip=0 nalus=1 n1:22642
frame 581: send=0x0 get=0x0 len=9149 coding=1 startqp=0 meanqp=0 picbytes=0 pskip=0 nalus=1 n1:9149
frame 582: send=0x0 get=0x0 len=19676 coding=1 startqp=0 meanqp=0 picbytes=0 pskip=0 nalus=1 n1:19676
frame 583: send=0x0 get=0x0 len=13475 coding=1 startqp=0 meanqp=0 picbytes=0 pskip=0 nalus=1 n1:13475
frame 584: send=0x0 get=0x0 len=22296 coding=1 startqp=0 meanqp=0 picbytes=0 pskip=0 nalus=1 n1:22296
frame 585: send=0x0 get=0x0 len=9437 coding=1 startqp=0 meanqp=0 picbytes=0 pskip=0 nalus=1 n1:9437
frame 586: send=0x0 get=0x0 len=19631 coding=1 startqp=0 meanqp=0 picbytes=0 pskip=0 nalus=1 n1:19631
frame 587: send=0x0 get=0x0 len=13358 coding=1 startqp=0 meanqp=0 picbytes=0 pskip=0 nalus=1 n1:13358
frame 588: send=0x0 get=0x0 len=22482 coding=1 startqp=0 meanqp=0 picbytes=0 pskip=0 nalus=1 n1:22482
frame 589: send=0x0 get=0x0 len=9045 coding=1 startqp=0 meanqp=0 picbytes=0 pskip=0 nalus=1 n1:9045
frame 590: send=0x0 get=0x0 len=19535 coding=1 startqp=0 meanqp=0 picbytes=0 pskip=0 nalus=1 n1:19535
frame 591: send=0x0 get=0x0 len=14802 coding=1 startqp=0 meanqp=0 picbytes=0 pskip=0 nalus=1 n1:14802
frame 592: send=0x0 get=0x0 len=22539 coding=1 startqp=0 meanqp=0 picbytes=0 pskip=0 nalus=1 n1:22539
frame 593: send=0x0 get=0x0 len=10935 coding=1 startqp=0 meanqp=0 picbytes=0 pskip=0 nalus=1 n1:10935
frame 594: send=0x0 get=0x0 len=19730 coding=1 startqp=0 meanqp=0 picbytes=0 pskip=0 nalus=1 n1:19730
frame 595: send=0x0 get=0x0 len=15216 coding=1 startqp=0 meanqp=0 picbytes=0 pskip=0 nalus=1 n1:15216
frame 596: send=0x0 get=0x0 len=22436 coding=1 startqp=0 meanqp=0 picbytes=0 pskip=0 nalus=1 n1:22436
frame 597: send=0x0 get=0x0 len=11038 coding=1 startqp=0 meanqp=0 picbytes=0 pskip=0 nalus=1 n1:11038
frame 598: send=0x0 get=0x0 len=19375 coding=1 startqp=0 meanqp=0 picbytes=0 pskip=0 nalus=1 n1:19375
frame 599: send=0x0 get=0x0 len=21064 coding=1 startqp=0 meanqp=0 picbytes=0 pskip=0 nalus=1 n1:21064
frame 600: send=0x0 get=0x0 len=18215 coding=0 startqp=0 meanqp=0 picbytes=0 pskip=0 nalus=3 n7:32 n8:8 n5:18175
frame 601: send=0x0 get=0x0 len=16203 coding=1 startqp=0 meanqp=0 picbytes=0 pskip=0 nalus=1 n1:16203
frame 602: send=0x0 get=0x0 len=19506 coding=1 startqp=0 meanqp=0 picbytes=0 pskip=0 nalus=1 n1:19506
frame 603: send=0x0 get=0x0 len=15947 coding=1 startqp=0 meanqp=0 picbytes=0 pskip=0 nalus=1 n1:15947
frame 604: send=0x0 get=0x0 len=22541 coding=1 startqp=0 meanqp=0 picbytes=0 pskip=0 nalus=1 n1:22541
frame 605: send=0x0 get=0x0 len=10266 coding=1 startqp=0 meanqp=0 picbytes=0 pskip=0 nalus=1 n1:10266
frame 606: send=0x0 get=0x0 len=19071 coding=1 startqp=0 meanqp=0 picbytes=0 pskip=0 nalus=1 n1:19071
frame 607: send=0x0 get=0x0 len=14263 coding=1 startqp=0 meanqp=0 picbytes=0 pskip=0 nalus=1 n1:14263
frame 608: send=0x0 get=0x0 len=21853 coding=1 startqp=0 meanqp=0 picbytes=0 pskip=0 nalus=1 n1:21853
frame 609: send=0x0 get=0x0 len=10856 coding=1 startqp=0 meanqp=0 picbytes=0 pskip=0 nalus=1 n1:10856
frame 610: send=0x0 get=0x0 len=19593 coding=1 startqp=0 meanqp=0 picbytes=0 pskip=0 nalus=1 n1:19593
frame 611: send=0x0 get=0x0 len=14417 coding=1 startqp=0 meanqp=0 picbytes=0 pskip=0 nalus=1 n1:14417
frame 612: send=0x0 get=0x0 len=22191 coding=1 startqp=0 meanqp=0 picbytes=0 pskip=0 nalus=1 n1:22191
frame 613: send=0x0 get=0x0 len=10687 coding=1 startqp=0 meanqp=0 picbytes=0 pskip=0 nalus=1 n1:10687
frame 614: send=0x0 get=0x0 len=19474 coding=1 startqp=0 meanqp=0 picbytes=0 pskip=0 nalus=1 n1:19474
frame 615: send=0x0 get=0x0 len=14779 coding=1 startqp=0 meanqp=0 picbytes=0 pskip=0 nalus=1 n1:14779
frame 616: send=0x0 get=0x0 len=22037 coding=1 startqp=0 meanqp=0 picbytes=0 pskip=0 nalus=1 n1:22037
frame 617: send=0x0 get=0x0 len=10970 coding=1 startqp=0 meanqp=0 picbytes=0 pskip=0 nalus=1 n1:10970
frame 618: send=0x0 get=0x0 len=19563 coding=1 startqp=0 meanqp=0 picbytes=0 pskip=0 nalus=1 n1:19563
frame 619: send=0x0 get=0x0 len=14599 coding=1 startqp=0 meanqp=0 picbytes=0 pskip=0 nalus=1 n1:14599
frame 620: send=0x0 get=0x0 len=21993 coding=1 startqp=0 meanqp=0 picbytes=0 pskip=0 nalus=1 n1:21993
frame 621: send=0x0 get=0x0 len=10836 coding=1 startqp=0 meanqp=0 picbytes=0 pskip=0 nalus=1 n1:10836
frame 622: send=0x0 get=0x0 len=19504 coding=1 startqp=0 meanqp=0 picbytes=0 pskip=0 nalus=1 n1:19504
frame 623: send=0x0 get=0x0 len=15136 coding=1 startqp=0 meanqp=0 picbytes=0 pskip=0 nalus=1 n1:15136
frame 624: send=0x0 get=0x0 len=21807 coding=1 startqp=0 meanqp=0 picbytes=0 pskip=0 nalus=1 n1:21807
frame 625: send=0x0 get=0x0 len=10920 coding=1 startqp=0 meanqp=0 picbytes=0 pskip=0 nalus=1 n1:10920
frame 626: send=0x0 get=0x0 len=19527 coding=1 startqp=0 meanqp=0 picbytes=0 pskip=0 nalus=1 n1:19527
frame 627: send=0x0 get=0x0 len=14329 coding=1 startqp=0 meanqp=0 picbytes=0 pskip=0 nalus=1 n1:14329
frame 628: send=0x0 get=0x0 len=22235 coding=1 startqp=0 meanqp=0 picbytes=0 pskip=0 nalus=1 n1:22235
frame 629: send=0x0 get=0x0 len=10600 coding=1 startqp=0 meanqp=0 picbytes=0 pskip=0 nalus=1 n1:10600
frame 630: send=0x0 get=0x0 len=21059 coding=0 startqp=0 meanqp=0 picbytes=0 pskip=0 nalus=3 n7:32 n8:8 n5:21019
frame 631: send=0x0 get=0x0 len=15926 coding=1 startqp=0 meanqp=0 picbytes=0 pskip=0 nalus=1 n1:15926
frame 632: send=0x0 get=0x0 len=26353 coding=1 startqp=0 meanqp=0 picbytes=0 pskip=0 nalus=1 n1:26353
frame 633: send=0x0 get=0x0 len=11755 coding=1 startqp=0 meanqp=0 picbytes=0 pskip=0 nalus=1 n1:11755
frame 634: send=0x0 get=0x0 len=20898 coding=1 startqp=0 meanqp=0 picbytes=0 pskip=0 nalus=1 n1:20898
frame 635: send=0x0 get=0x0 len=14328 coding=1 startqp=0 meanqp=0 picbytes=0 pskip=0 nalus=1 n1:14328
frame 636: send=0x0 get=0x0 len=22952 coding=1 startqp=0 meanqp=0 picbytes=0 pskip=0 nalus=1 n1:22952
frame 637: send=0x0 get=0x0 len=11133 coding=1 startqp=0 meanqp=0 picbytes=0 pskip=0 nalus=1 n1:11133
frame 638: send=0x0 get=0x0 len=20086 coding=1 startqp=0 meanqp=0 picbytes=0 pskip=0 nalus=1 n1:20086
frame 639: send=0x0 get=0x0 len=13646 coding=1 startqp=0 meanqp=0 picbytes=0 pskip=0 nalus=1 n1:13646
frame 640: send=0x0 get=0x0 len=22483 coding=1 startqp=0 meanqp=0 picbytes=0 pskip=0 nalus=1 n1:22483
frame 641: send=0x0 get=0x0 len=11081 coding=1 startqp=0 meanqp=0 picbytes=0 pskip=0 nalus=1 n1:11081
frame 642: send=0x0 get=0x0 len=19997 coding=1 startqp=0 meanqp=0 picbytes=0 pskip=0 nalus=1 n1:19997
frame 643: send=0x0 get=0x0 len=13425 coding=1 startqp=0 meanqp=0 picbytes=0 pskip=0 nalus=1 n1:13425
frame 644: send=0x0 get=0x0 len=22501 coding=1 startqp=0 meanqp=0 picbytes=0 pskip=0 nalus=1 n1:22501
frame 645: send=0x0 get=0x0 len=11114 coding=1 startqp=0 meanqp=0 picbytes=0 pskip=0 nalus=1 n1:11114
frame 646: send=0x0 get=0x0 len=19958 coding=1 startqp=0 meanqp=0 picbytes=0 pskip=0 nalus=1 n1:19958
frame 647: send=0x0 get=0x0 len=13670 coding=1 startqp=0 meanqp=0 picbytes=0 pskip=0 nalus=1 n1:13670
frame 648: send=0x0 get=0x0 len=22720 coding=1 startqp=0 meanqp=0 picbytes=0 pskip=0 nalus=1 n1:22720
frame 649: send=0x0 get=0x0 len=11293 coding=1 startqp=0 meanqp=0 picbytes=0 pskip=0 nalus=1 n1:11293
frame 650: send=0x0 get=0x0 len=20022 coding=1 startqp=0 meanqp=0 picbytes=0 pskip=0 nalus=1 n1:20022
frame 651: send=0x0 get=0x0 len=13643 coding=1 startqp=0 meanqp=0 picbytes=0 pskip=0 nalus=1 n1:13643
frame 652: send=0x0 get=0x0 len=22718 coding=1 startqp=0 meanqp=0 picbytes=0 pskip=0 nalus=1 n1:22718
frame 653: send=0x0 get=0x0 len=11235 coding=1 startqp=0 meanqp=0 picbytes=0 pskip=0 nalus=1 n1:11235
frame 654: send=0x0 get=0x0 len=20088 coding=1 startqp=0 meanqp=0 picbytes=0 pskip=0 nalus=1 n1:20088
frame 655: send=0x0 get=0x0 len=13289 coding=1 startqp=0 meanqp=0 picbytes=0 pskip=0 nalus=1 n1:13289
frame 656: send=0x0 get=0x0 len=21932 coding=1 startqp=0 meanqp=0 picbytes=0 pskip=0 nalus=1 n1:21932
frame 657: send=0x0 get=0x0 len=9400 coding=1 startqp=0 meanqp=0 picbytes=0 pskip=0 nalus=1 n1:9400
frame 658: send=0x0 get=0x0 len=19826 coding=1 startqp=0 meanqp=0 picbytes=0 pskip=0 nalus=1 n1:19826
frame 659: send=0x0 get=0x0 len=4507 coding=1 startqp=0 meanqp=0 picbytes=0 pskip=0 nalus=1 n1:4507
frame 660: send=0x0 get=0x0 len=18569 coding=0 startqp=0 meanqp=0 picbytes=0 pskip=0 nalus=3 n7:32 n8:8 n5:18529
frame 661: send=0x0 get=0x0 len=16674 coding=1 startqp=0 meanqp=0 picbytes=0 pskip=0 nalus=1 n1:16674
frame 662: send=0x0 get=0x0 len=21628 coding=1 startqp=0 meanqp=0 picbytes=0 pskip=0 nalus=1 n1:21628
frame 663: send=0x0 get=0x0 len=15922 coding=1 startqp=0 meanqp=0 picbytes=0 pskip=0 nalus=1 n1:15922
frame 664: send=0x0 get=0x0 len=22465 coding=1 startqp=0 meanqp=0 picbytes=0 pskip=0 nalus=1 n1:22465
frame 665: send=0x0 get=0x0 len=10676 coding=1 startqp=0 meanqp=0 picbytes=0 pskip=0 nalus=1 n1:10676
frame 666: send=0x0 get=0x0 len=19517 coding=1 startqp=0 meanqp=0 picbytes=0 pskip=0 nalus=1 n1:19517
frame 667: send=0x0 get=0x0 len=14579 coding=1 startqp=0 meanqp=0 picbytes=0 pskip=0 nalus=1 n1:14579
frame 668: send=0x0 get=0x0 len=22240 coding=1 startqp=0 meanqp=0 picbytes=0 pskip=0 nalus=1 n1:22240
frame 669: send=0x0 get=0x0 len=9837 coding=1 startqp=0 meanqp=0 picbytes=0 pskip=0 nalus=1 n1:9837
frame 670: send=0x0 get=0x0 len=19320 coding=1 startqp=0 meanqp=0 picbytes=0 pskip=0 nalus=1 n1:19320
frame 671: send=0x0 get=0x0 len=14639 coding=1 startqp=0 meanqp=0 picbytes=0 pskip=0 nalus=1 n1:14639
frame 672: send=0x0 get=0x0 len=21502 coding=1 startqp=0 meanqp=0 picbytes=0 pskip=0 nalus=1 n1:21502
frame 673: send=0x0 get=0x0 len=10857 coding=1 startqp=0 meanqp=0 picbytes=0 pskip=0 nalus=1 n1:10857
frame 674: send=0x0 get=0x0 len=19358 coding=1 startqp=0 meanqp=0 picbytes=0 pskip=0 nalus=1 n1:19358
frame 675: send=0x0 get=0x0 len=14462 coding=1 startqp=0 meanqp=0 picbytes=0 pskip=0 nalus=1 n1:14462
frame 676: send=0x0 get=0x0 len=21960 coding=1 startqp=0 meanqp=0 picbytes=0 pskip=0 nalus=1 n1:21960
frame 677: send=0x0 get=0x0 len=10898 coding=1 startqp=0 meanqp=0 picbytes=0 pskip=0 nalus=1 n1:10898
frame 678: send=0x0 get=0x0 len=19355 coding=1 startqp=0 meanqp=0 picbytes=0 pskip=0 nalus=1 n1:19355
frame 679: send=0x0 get=0x0 len=15151 coding=1 startqp=0 meanqp=0 picbytes=0 pskip=0 nalus=1 n1:15151
frame 680: send=0x0 get=0x0 len=21894 coding=1 startqp=0 meanqp=0 picbytes=0 pskip=0 nalus=1 n1:21894
frame 681: send=0x0 get=0x0 len=11070 coding=1 startqp=0 meanqp=0 picbytes=0 pskip=0 nalus=1 n1:11070
frame 682: send=0x0 get=0x0 len=19508 coding=1 startqp=0 meanqp=0 picbytes=0 pskip=0 nalus=1 n1:19508
frame 683: send=0x0 get=0x0 len=14602 coding=1 startqp=0 meanqp=0 picbytes=0 pskip=0 nalus=1 n1:14602
frame 684: send=0x0 get=0x0 len=22029 coding=1 startqp=0 meanqp=0 picbytes=0 pskip=0 nalus=1 n1:22029
frame 685: send=0x0 get=0x0 len=10560 coding=1 startqp=0 meanqp=0 picbytes=0 pskip=0 nalus=1 n1:10560
frame 686: send=0x0 get=0x0 len=19493 coding=1 startqp=0 meanqp=0 picbytes=0 pskip=0 nalus=1 n1:19493
frame 687: send=0x0 get=0x0 len=14933 coding=1 startqp=0 meanqp=0 picbytes=0 pskip=0 nalus=1 n1:14933
frame 688: send=0x0 get=0x0 len=21633 coding=1 startqp=0 meanqp=0 picbytes=0 pskip=0 nalus=1 n1:21633
frame 689: send=0x0 get=0x0 len=10839 coding=1 startqp=0 meanqp=0 picbytes=0 pskip=0 nalus=1 n1:10839
frame 690: send=0x0 get=0x0 len=20987 coding=0 startqp=0 meanqp=0 picbytes=0 pskip=0 nalus=3 n7:32 n8:8 n5:20947
frame 691: send=0x0 get=0x0 len=16174 coding=1 startqp=0 meanqp=0 picbytes=0 pskip=0 nalus=1 n1:16174
frame 692: send=0x0 get=0x0 len=26033 coding=1 startqp=0 meanqp=0 picbytes=0 pskip=0 nalus=1 n1:26033
frame 693: send=0x0 get=0x0 len=11272 coding=1 startqp=0 meanqp=0 picbytes=0 pskip=0 nalus=1 n1:11272
frame 694: send=0x0 get=0x0 len=20765 coding=1 startqp=0 meanqp=0 picbytes=0 pskip=0 nalus=1 n1:20765
frame 695: send=0x0 get=0x0 len=14592 coding=1 startqp=0 meanqp=0 picbytes=0 pskip=0 nalus=1 n1:14592
frame 696: send=0x0 get=0x0 len=23135 coding=1 startqp=0 meanqp=0 picbytes=0 pskip=0 nalus=1 n1:23135
frame 697: send=0x0 get=0x0 len=11377 coding=1 startqp=0 meanqp=0 picbytes=0 pskip=0 nalus=1 n1:11377
frame 698: send=0x0 get=0x0 len=20023 coding=1 startqp=0 meanqp=0 picbytes=0 pskip=0 nalus=1 n1:20023
frame 699: send=0x0 get=0x0 len=13471 coding=1 startqp=0 meanqp=0 picbytes=0 pskip=0 nalus=1 n1:13471
frame 700: send=0x0 get=0x0 len=22506 coding=1 startqp=0 meanqp=0 picbytes=0 pskip=0 nalus=1 n1:22506
frame 701: send=0x0 get=0x0 len=11195 coding=1 startqp=0 meanqp=0 picbytes=0 pskip=0 nalus=1 n1:11195
frame 702: send=0x0 get=0x0 len=20026 coding=1 startqp=0 meanqp=0 picbytes=0 pskip=0 nalus=1 n1:20026
frame 703: send=0x0 get=0x0 len=13666 coding=1 startqp=0 meanqp=0 picbytes=0 pskip=0 nalus=1 n1:13666
frame 704: send=0x0 get=0x0 len=22475 coding=1 startqp=0 meanqp=0 picbytes=0 pskip=0 nalus=1 n1:22475
frame 705: send=0x0 get=0x0 len=11253 coding=1 startqp=0 meanqp=0 picbytes=0 pskip=0 nalus=1 n1:11253
frame 706: send=0x0 get=0x0 len=19771 coding=1 startqp=0 meanqp=0 picbytes=0 pskip=0 nalus=1 n1:19771
frame 707: send=0x0 get=0x0 len=13458 coding=1 startqp=0 meanqp=0 picbytes=0 pskip=0 nalus=1 n1:13458
frame 708: send=0x0 get=0x0 len=22492 coding=1 startqp=0 meanqp=0 picbytes=0 pskip=0 nalus=1 n1:22492
frame 709: send=0x0 get=0x0 len=11034 coding=1 startqp=0 meanqp=0 picbytes=0 pskip=0 nalus=1 n1:11034
frame 710: send=0x0 get=0x0 len=20017 coding=1 startqp=0 meanqp=0 picbytes=0 pskip=0 nalus=1 n1:20017
frame 711: send=0x0 get=0x0 len=13587 coding=1 startqp=0 meanqp=0 picbytes=0 pskip=0 nalus=1 n1:13587
frame 712: send=0x0 get=0x0 len=22683 coding=1 startqp=0 meanqp=0 picbytes=0 pskip=0 nalus=1 n1:22683
frame 713: send=0x0 get=0x0 len=11266 coding=1 startqp=0 meanqp=0 picbytes=0 pskip=0 nalus=1 n1:11266
frame 714: send=0x0 get=0x0 len=19923 coding=1 startqp=0 meanqp=0 picbytes=0 pskip=0 nalus=1 n1:19923
frame 715: send=0x0 get=0x0 len=13451 coding=1 startqp=0 meanqp=0 picbytes=0 pskip=0 nalus=1 n1:13451
frame 716: send=0x0 get=0x0 len=22718 coding=1 startqp=0 meanqp=0 picbytes=0 pskip=0 nalus=1 n1:22718
frame 717: send=0x0 get=0x0 len=10860 coding=1 startqp=0 meanqp=0 picbytes=0 pskip=0 nalus=1 n1:10860
frame 718: send=0x0 get=0x0 len=20340 coding=1 startqp=0 meanqp=0 picbytes=0 pskip=0 nalus=1 n1:20340
frame 719: send=0x0 get=0x0 len=4604 coding=1 startqp=0 meanqp=0 picbytes=0 pskip=0 nalus=1 n1:4604
frame 720: send=0x0 get=0x0 len=17532 coding=0 startqp=0 meanqp=0 picbytes=0 pskip=0 nalus=3 n7:32 n8:8 n5:17492
frame 721: send=0x0 get=0x0 len=17352 coding=1 startqp=0 meanqp=0 picbytes=0 pskip=0 nalus=1 n1:17352
frame 722: send=0x0 get=0x0 len=21093 coding=1 startqp=0 meanqp=0 picbytes=0 pskip=0 nalus=1 n1:21093
frame 723: send=0x0 get=0x0 len=15086 coding=1 startqp=0 meanqp=0 picbytes=0 pskip=0 nalus=1 n1:15086
frame 724: send=0x0 get=0x0 len=22845 coding=1 startqp=0 meanqp=0 picbytes=0 pskip=0 nalus=1 n1:22845
frame 725: send=0x0 get=0x0 len=11030 coding=1 startqp=0 meanqp=0 picbytes=0 pskip=0 nalus=1 n1:11030
frame 726: send=0x0 get=0x0 len=19758 coding=1 startqp=0 meanqp=0 picbytes=0 pskip=0 nalus=1 n1:19758
frame 727: send=0x0 get=0x0 len=14146 coding=1 startqp=0 meanqp=0 picbytes=0 pskip=0 nalus=1 n1:14146
frame 728: send=0x0 get=0x0 len=22511 coding=1 startqp=0 meanqp=0 picbytes=0 pskip=0 nalus=1 n1:22511
frame 729: send=0x0 get=0x0 len=11365 coding=1 startqp=0 meanqp=0 picbytes=0 pskip=0 nalus=1 n1:11365
frame 730: send=0x0 get=0x0 len=19980 coding=1 startqp=0 meanqp=0 picbytes=0 pskip=0 nalus=1 n1:19980
frame 731: send=0x0 get=0x0 len=13643 coding=1 startqp=0 meanqp=0 picbytes=0 pskip=0 nalus=1 n1:13643
frame 732: send=0x0 get=0x0 len=22661 coding=1 startqp=0 meanqp=0 picbytes=0 pskip=0 nalus=1 n1:22661
frame 733: send=0x0 get=0x0 len=11223 coding=1 startqp=0 meanqp=0 picbytes=0 pskip=0 nalus=1 n1:11223
frame 734: send=0x0 get=0x0 len=20174 coding=1 startqp=0 meanqp=0 picbytes=0 pskip=0 nalus=1 n1:20174
frame 735: send=0x0 get=0x0 len=13736 coding=1 startqp=0 meanqp=0 picbytes=0 pskip=0 nalus=1 n1:13736
frame 736: send=0x0 get=0x0 len=22512 coding=1 startqp=0 meanqp=0 picbytes=0 pskip=0 nalus=1 n1:22512
frame 737: send=0x0 get=0x0 len=11211 coding=1 startqp=0 meanqp=0 picbytes=0 pskip=0 nalus=1 n1:11211
frame 738: send=0x0 get=0x0 len=19920 coding=1 startqp=0 meanqp=0 picbytes=0 pskip=0 nalus=1 n1:19920
frame 739: send=0x0 get=0x0 len=13469 coding=1 startqp=0 meanqp=0 picbytes=0 pskip=0 nalus=1 n1:13469
frame 740: send=0x0 get=0x0 len=22490 coding=1 startqp=0 meanqp=0 picbytes=0 pskip=0 nalus=1 n1:22490
frame 741: send=0x0 get=0x0 len=11214 coding=1 startqp=0 meanqp=0 picbytes=0 pskip=0 nalus=1 n1:11214
frame 742: send=0x0 get=0x0 len=19899 coding=1 startqp=0 meanqp=0 picbytes=0 pskip=0 nalus=1 n1:19899
frame 743: send=0x0 get=0x0 len=13997 coding=1 startqp=0 meanqp=0 picbytes=0 pskip=0 nalus=1 n1:13997
frame 744: send=0x0 get=0x0 len=22635 coding=1 startqp=0 meanqp=0 picbytes=0 pskip=0 nalus=1 n1:22635
frame 745: send=0x0 get=0x0 len=11182 coding=1 startqp=0 meanqp=0 picbytes=0 pskip=0 nalus=1 n1:11182
frame 746: send=0x0 get=0x0 len=19912 coding=1 startqp=0 meanqp=0 picbytes=0 pskip=0 nalus=1 n1:19912
frame 747: send=0x0 get=0x0 len=13630 coding=1 startqp=0 meanqp=0 picbytes=0 pskip=0 nalus=1 n1:13630
frame 748: send=0x0 get=0x0 len=22753 coding=1 startqp=0 meanqp=0 picbytes=0 pskip=0 nalus=1 n1:22753
frame 749: send=0x0 get=0x0 len=11178 coding=1 startqp=0 meanqp=0 picbytes=0 pskip=0 nalus=1 n1:11178
frame 750: send=0x0 get=0x0 len=18802 coding=0 startqp=0 meanqp=0 picbytes=0 pskip=0 nalus=3 n7:32 n8:8 n5:18762
frame 751: send=0x0 get=0x0 len=16296 coding=1 startqp=0 meanqp=0 picbytes=0 pskip=0 nalus=1 n1:16296
frame 752: send=0x0 get=0x0 len=24607 coding=1 startqp=0 meanqp=0 picbytes=0 pskip=0 nalus=1 n1:24607
frame 753: send=0x0 get=0x0 len=11072 coding=1 startqp=0 meanqp=0 picbytes=0 pskip=0 nalus=1 n1:11072
frame 754: send=0x0 get=0x0 len=20029 coding=1 startqp=0 meanqp=0 picbytes=0 pskip=0 nalus=1 n1:20029
frame 755: send=0x0 get=0x0 len=13548 coding=1 startqp=0 meanqp=0 picbytes=0 pskip=0 nalus=1 n1:13548
frame 756: send=0x0 get=0x0 len=22644 coding=1 startqp=0 meanqp=0 picbytes=0 pskip=0 nalus=1 n1:22644
frame 757: send=0x0 get=0x0 len=9492 coding=1 startqp=0 meanqp=0 picbytes=0 pskip=0 nalus=1 n1:9492
frame 758: send=0x0 get=0x0 len=19936 coding=1 startqp=0 meanqp=0 picbytes=0 pskip=0 nalus=1 n1:19936
frame 759: send=0x0 get=0x0 len=13385 coding=1 startqp=0 meanqp=0 picbytes=0 pskip=0 nalus=1 n1:13385
frame 760: send=0x0 get=0x0 len=22709 coding=1 startqp=0 meanqp=0 picbytes=0 pskip=0 nalus=1 n1:22709
frame 761: send=0x0 get=0x0 len=9423 coding=1 startqp=0 meanqp=0 picbytes=0 pskip=0 nalus=1 n1:9423
frame 762: send=0x0 get=0x0 len=19801 coding=1 startqp=0 meanqp=0 picbytes=0 pskip=0 nalus=1 n1:19801
frame 763: send=0x0 get=0x0 len=13418 coding=1 startqp=0 meanqp=0 picbytes=0 pskip=0 nalus=1 n1:13418
frame 764: send=0x0 get=0x0 len=22415 coding=1 startqp=0 meanqp=0 picbytes=0 pskip=0 nalus=1 n1:22415
frame 765: send=0x0 get=0x0 len=9125 coding=1 startqp=0 meanqp=0 picbytes=0 pskip=0 nalus=1 n1:9125
frame 766: send=0x0 get=0x0 len=19614 coding=1 startqp=0 meanqp=0 picbytes=0 pskip=0 nalus=1 n1:19614
frame 767: send=0x0 get=0x0 len=13499 coding=1 startqp=0 meanqp=0 picbytes=0 pskip=0 nalus=1 n1:13499
frame 768: send=0x0 get=0x0 len=22399 coding=1 startqp=0 meanqp=0 picbytes=0 pskip=0 nalus=1 n1:22399
frame 769: send=0x0 get=0x0 len=9260 coding=1 startqp=0 meanqp=0 picbytes=0 pskip=0 nalus=1 n1:9260
frame 770: send=0x0 get=0x0 len=19708 coding=1 startqp=0 meanqp=0 picbytes=0 pskip=0 nalus=1 n1:19708
frame 771: send=0x0 get=0x0 len=13361 coding=1 startqp=0 meanqp=0 picbytes=0 pskip=0 nalus=1 n1:13361
frame 772: send=0x0 get=0x0 len=22559 coding=1 startqp=0 meanqp=0 picbytes=0 pskip=0 nalus=1 n1:22559
frame 773: send=0x0 get=0x0 len=9020 coding=1 startqp=0 meanqp=0 picbytes=0 pskip=0 nalus=1 n1:9020
frame 774: send=0x0 get=0x0 len=19595 coding=1 startqp=0 meanqp=0 picbytes=0 pskip=0 nalus=1 n1:19595
frame 775: send=0x0 get=0x0 len=14704 coding=1 startqp=0 meanqp=0 picbytes=0 pskip=0 nalus=1 n1:14704
frame 776: send=0x0 get=0x0 len=22322 coding=1 startqp=0 meanqp=0 picbytes=0 pskip=0 nalus=1 n1:22322
frame 777: send=0x0 get=0x0 len=10927 coding=1 startqp=0 meanqp=0 picbytes=0 pskip=0 nalus=1 n1:10927
frame 778: send=0x0 get=0x0 len=19714 coding=1 startqp=0 meanqp=0 picbytes=0 pskip=0 nalus=1 n1:19714
frame 779: send=0x0 get=0x0 len=16655 coding=1 startqp=0 meanqp=0 picbytes=0 pskip=0 nalus=1 n1:16655
frame 780: send=0x0 get=0x0 len=18210 coding=0 startqp=0 meanqp=0 picbytes=0 pskip=0 nalus=3 n7:32 n8:8 n5:18170
frame 781: send=0x0 get=0x0 len=15958 coding=1 startqp=0 meanqp=0 picbytes=0 pskip=0 nalus=1 n1:15958
frame 782: send=0x0 get=0x0 len=19524 coding=1 startqp=0 meanqp=0 picbytes=0 pskip=0 nalus=1 n1:19524
frame 783: send=0x0 get=0x0 len=16088 coding=1 startqp=0 meanqp=0 picbytes=0 pskip=0 nalus=1 n1:16088
frame 784: send=0x0 get=0x0 len=22431 coding=1 startqp=0 meanqp=0 picbytes=0 pskip=0 nalus=1 n1:22431
frame 785: send=0x0 get=0x0 len=11071 coding=1 startqp=0 meanqp=0 picbytes=0 pskip=0 nalus=1 n1:11071
frame 786: send=0x0 get=0x0 len=19666 coding=1 startqp=0 meanqp=0 picbytes=0 pskip=0 nalus=1 n1:19666
frame 787: send=0x0 get=0x0 len=13198 coding=1 startqp=0 meanqp=0 picbytes=0 pskip=0 nalus=1 n1:13198
frame 788: send=0x0 get=0x0 len=22258 coding=1 startqp=0 meanqp=0 picbytes=0 pskip=0 nalus=1 n1:22258
frame 789: send=0x0 get=0x0 len=10929 coding=1 startqp=0 meanqp=0 picbytes=0 pskip=0 nalus=1 n1:10929
frame 790: send=0x0 get=0x0 len=19999 coding=1 startqp=0 meanqp=0 picbytes=0 pskip=0 nalus=1 n1:19999
frame 791: send=0x0 get=0x0 len=14194 coding=1 startqp=0 meanqp=0 picbytes=0 pskip=0 nalus=1 n1:14194
frame 792: send=0x0 get=0x0 len=22386 coding=1 startqp=0 meanqp=0 picbytes=0 pskip=0 nalus=1 n1:22386
frame 793: send=0x0 get=0x0 len=11349 coding=1 startqp=0 meanqp=0 picbytes=0 pskip=0 nalus=1 n1:11349
frame 794: send=0x0 get=0x0 len=20221 coding=1 startqp=0 meanqp=0 picbytes=0 pskip=0 nalus=1 n1:20221
frame 795: send=0x0 get=0x0 len=13805 coding=1 startqp=0 meanqp=0 picbytes=0 pskip=0 nalus=1 n1:13805
frame 796: send=0x0 get=0x0 len=22667 coding=1 startqp=0 meanqp=0 picbytes=0 pskip=0 nalus=1 n1:22667
frame 797: send=0x0 get=0x0 len=11390 coding=1 startqp=0 meanqp=0 picbytes=0 pskip=0 nalus=1 n1:11390
frame 798: send=0x0 get=0x0 len=20099 coding=1 startqp=0 meanqp=0 picbytes=0 pskip=0 nalus=1 n1:20099
frame 799: send=0x0 get=0x0 len=13800 coding=1 startqp=0 meanqp=0 picbytes=0 pskip=0 nalus=1 n1:13800
frame 800: send=0x0 get=0x0 len=22387 coding=1 startqp=0 meanqp=0 picbytes=0 pskip=0 nalus=1 n1:22387
frame 801: send=0x0 get=0x0 len=11285 coding=1 startqp=0 meanqp=0 picbytes=0 pskip=0 nalus=1 n1:11285
frame 802: send=0x0 get=0x0 len=20085 coding=1 startqp=0 meanqp=0 picbytes=0 pskip=0 nalus=1 n1:20085
frame 803: send=0x0 get=0x0 len=13694 coding=1 startqp=0 meanqp=0 picbytes=0 pskip=0 nalus=1 n1:13694
frame 804: send=0x0 get=0x0 len=22561 coding=1 startqp=0 meanqp=0 picbytes=0 pskip=0 nalus=1 n1:22561
frame 805: send=0x0 get=0x0 len=11155 coding=1 startqp=0 meanqp=0 picbytes=0 pskip=0 nalus=1 n1:11155
frame 806: send=0x0 get=0x0 len=19948 coding=1 startqp=0 meanqp=0 picbytes=0 pskip=0 nalus=1 n1:19948
frame 807: send=0x0 get=0x0 len=13804 coding=1 startqp=0 meanqp=0 picbytes=0 pskip=0 nalus=1 n1:13804
frame 808: send=0x0 get=0x0 len=22843 coding=1 startqp=0 meanqp=0 picbytes=0 pskip=0 nalus=1 n1:22843
frame 809: send=0x0 get=0x0 len=11381 coding=1 startqp=0 meanqp=0 picbytes=0 pskip=0 nalus=1 n1:11381
frame 810: send=0x0 get=0x0 len=20411 coding=0 startqp=0 meanqp=0 picbytes=0 pskip=0 nalus=3 n7:32 n8:8 n5:20371
frame 811: send=0x0 get=0x0 len=15971 coding=1 startqp=0 meanqp=0 picbytes=0 pskip=0 nalus=1 n1:15971
frame 812: send=0x0 get=0x0 len=25034 coding=1 startqp=0 meanqp=0 picbytes=0 pskip=0 nalus=1 n1:25034
frame 813: send=0x0 get=0x0 len=12159 coding=1 startqp=0 meanqp=0 picbytes=0 pskip=0 nalus=1 n1:12159
frame 814: send=0x0 get=0x0 len=19802 coding=1 startqp=0 meanqp=0 picbytes=0 pskip=0 nalus=1 n1:19802
frame 815: send=0x0 get=0x0 len=14370 coding=1 startqp=0 meanqp=0 picbytes=0 pskip=0 nalus=1 n1:14370
frame 816: send=0x0 get=0x0 len=21734 coding=1 startqp=0 meanqp=0 picbytes=0 pskip=0 nalus=1 n1:21734
frame 817: send=0x0 get=0x0 len=10596 coding=1 startqp=0 meanqp=0 picbytes=0 pskip=0 nalus=1 n1:10596
frame 818: send=0x0 get=0x0 len=19422 coding=1 startqp=0 meanqp=0 picbytes=0 pskip=0 nalus=1 n1:19422
frame 819: send=0x0 get=0x0 len=14092 coding=1 startqp=0 meanqp=0 picbytes=0 pskip=0 nalus=1 n1:14092
frame 820: send=0x0 get=0x0 len=22174 coding=1 startqp=0 meanqp=0 picbytes=0 pskip=0 nalus=1 n1:22174
frame 821: send=0x0 get=0x0 len=9871 coding=1 startqp=0 meanqp=0 picbytes=0 pskip=0 nalus=1 n1:9871
frame 822: send=0x0 get=0x0 len=19464 coding=1 startqp=0 meanqp=0 picbytes=0 pskip=0 nalus=1 n1:19464
frame 823: send=0x0 get=0x0 len=14589 coding=1 startqp=0 meanqp=0 picbytes=0 pskip=0 nalus=1 n1:14589
frame 824: send=0x0 get=0x0 len=22353 coding=1 startqp=0 meanqp=0 picbytes=0 pskip=0 nalus=1 n1:22353
frame 825: send=0x0 get=0x0 len=11469 coding=1 startqp=0 meanqp=0 picbytes=0 pskip=0 nalus=1 n1:11469
frame 826: send=0x0 get=0x0 len=19671 coding=1 startqp=0 meanqp=0 picbytes=0 pskip=0 nalus=1 n1:19671
frame 827: send=0x0 get=0x0 len=14399 coding=1 startqp=0 meanqp=0 picbytes=0 pskip=0 nalus=1 n1:14399
frame 828: send=0x0 get=0x0 len=22087 coding=1 startqp=0 meanqp=0 picbytes=0 pskip=0 nalus=1 n1:22087
frame 829: send=0x0 get=0x0 len=10867 coding=1 startqp=0 meanqp=0 picbytes=0 pskip=0 nalus=1 n1:10867
frame 830: send=0x0 get=0x0 len=20089 coding=1 startqp=0 meanqp=0 picbytes=0 pskip=0 nalus=1 n1:20089
frame 831: send=0x0 get=0x0 len=13866 coding=1 startqp=0 meanqp=0 picbytes=0 pskip=0 nalus=1 n1:13866
frame 832: send=0x0 get=0x0 len=22519 coding=1 startqp=0 meanqp=0 picbytes=0 pskip=0 nalus=1 n1:22519
frame 833: send=0x0 get=0x0 len=11268 coding=1 startqp=0 meanqp=0 picbytes=0 pskip=0 nalus=1 n1:11268
frame 834: send=0x0 get=0x0 len=19882 coding=1 startqp=0 meanqp=0 picbytes=0 pskip=0 nalus=1 n1:19882
frame 835: send=0x0 get=0x0 len=12377 coding=1 startqp=0 meanqp=0 picbytes=0 pskip=0 nalus=1 n1:12377
frame 836: send=0x0 get=0x0 len=22062 coding=1 startqp=0 meanqp=0 picbytes=0 pskip=0 nalus=1 n1:22062
frame 837: send=0x0 get=0x0 len=8793 coding=1 startqp=0 meanqp=0 picbytes=0 pskip=0 nalus=1 n1:8793
frame 838: send=0x0 get=0x0 len=17915 coding=1 startqp=0 meanqp=0 picbytes=0 pskip=0 nalus=1 n1:17915
frame 839: send=0x0 get=0x0 len=4500 coding=1 startqp=0 meanqp=0 picbytes=0 pskip=0 nalus=1 n1:4500
frame 840: send=0x0 get=0x0 len=18617 coding=0 startqp=0 meanqp=0 picbytes=0 pskip=0 nalus=3 n7:32 n8:8 n5:18577
frame 841: send=0x0 get=0x0 len=16738 coding=1 startqp=0 meanqp=0 picbytes=0 pskip=0 nalus=1 n1:16738
frame 842: send=0x0 get=0x0 len=21719 coding=1 startqp=0 meanqp=0 picbytes=0 pskip=0 nalus=1 n1:21719
frame 843: send=0x0 get=0x0 len=16011 coding=1 startqp=0 meanqp=0 picbytes=0 pskip=0 nalus=1 n1:16011
frame 844: send=0x0 get=0x0 len=22402 coding=1 startqp=0 meanqp=0 picbytes=0 pskip=0 nalus=1 n1:22402
frame 845: send=0x0 get=0x0 len=10404 coding=1 startqp=0 meanqp=0 picbytes=0 pskip=0 nalus=1 n1:10404
frame 846: send=0x0 get=0x0 len=20178 coding=1 startqp=0 meanqp=0 picbytes=0 pskip=0 nalus=1 n1:20178
frame 847: send=0x0 get=0x0 len=14190 coding=1 startqp=0 meanqp=0 picbytes=0 pskip=0 nalus=1 n1:14190
frame 848: send=0x0 get=0x0 len=22446 coding=1 startqp=0 meanqp=0 picbytes=0 pskip=0 nalus=1 n1:22446
frame 849: send=0x0 get=0x0 len=11080 coding=1 startqp=0 meanqp=0 picbytes=0 pskip=0 nalus=1 n1:11080
frame 850: send=0x0 get=0x0 len=19854 coding=1 startqp=0 meanqp=0 picbytes=0 pskip=0 nalus=1 n1:19854
frame 851: send=0x0 get=0x0 len=13417 coding=1 startqp=0 meanqp=0 picbytes=0 pskip=0 nalus=1 n1:13417
frame 852: send=0x0 get=0x0 len=22554 coding=1 startqp=0 meanqp=0 picbytes=0 pskip=0 nalus=1 n1:22554
frame 853: send=0x0 get=0x0 len=11186 coding=1 startqp=0 meanqp=0 picbytes=0 pskip=0 nalus=1 n1:11186
frame 854: send=0x0 get=0x0 len=19964 coding=1 startqp=0 meanqp=0 picbytes=0 pskip=0 nalus=1 n1:19964
frame 855: send=0x0 get=0x0 len=13852 coding=1 startqp=0 meanqp=0 picbytes=0 pskip=0 nalus=1 n1:13852
frame 856: send=0x0 get=0x0 len=22638 coding=1 startqp=0 meanqp=0 picbytes=0 pskip=0 nalus=1 n1:22638
frame 857: send=0x0 get=0x0 len=11300 coding=1 startqp=0 meanqp=0 picbytes=0 pskip=0 nalus=1 n1:11300
frame 858: send=0x0 get=0x0 len=19833 coding=1 startqp=0 meanqp=0 picbytes=0 pskip=0 nalus=1 n1:19833
frame 859: send=0x0 get=0x0 len=13852 coding=1 startqp=0 meanqp=0 picbytes=0 pskip=0 nalus=1 n1:13852
frame 860: send=0x0 get=0x0 len=22543 coding=1 startqp=0 meanqp=0 picbytes=0 pskip=0 nalus=1 n1:22543
frame 861: send=0x0 get=0x0 len=11272 coding=1 startqp=0 meanqp=0 picbytes=0 pskip=0 nalus=1 n1:11272
frame 862: send=0x0 get=0x0 len=20134 coding=1 startqp=0 meanqp=0 picbytes=0 pskip=0 nalus=1 n1:20134
frame 863: send=0x0 get=0x0 len=13870 coding=1 startqp=0 meanqp=0 picbytes=0 pskip=0 nalus=1 n1:13870
frame 864: send=0x0 get=0x0 len=22641 coding=1 startqp=0 meanqp=0 picbytes=0 pskip=0 nalus=1 n1:22641
frame 865: send=0x0 get=0x0 len=11438 coding=1 startqp=0 meanqp=0 picbytes=0 pskip=0 nalus=1 n1:11438
frame 866: send=0x0 get=0x0 len=19932 coding=1 startqp=0 meanqp=0 picbytes=0 pskip=0 nalus=1 n1:19932
frame 867: send=0x0 get=0x0 len=13633 coding=1 startqp=0 meanqp=0 picbytes=0 pskip=0 nalus=1 n1:13633
frame 868: send=0x0 get=0x0 len=22631 coding=1 startqp=0 meanqp=0 picbytes=0 pskip=0 nalus=1 n1:22631
frame 869: send=0x0 get=0x0 len=11251 coding=1 startqp=0 meanqp=0 picbytes=0 pskip=0 nalus=1 n1:11251
frame 870: send=0x0 get=0x0 len=18945 coding=0 startqp=0 meanqp=0 picbytes=0 pskip=0 nalus=3 n7:32 n8:8 n5:18905
frame 871: send=0x0 get=0x0 len=15972 coding=1 startqp=0 meanqp=0 picbytes=0 pskip=0 nalus=1 n1:15972
frame 872: send=0x0 get=0x0 len=24677 coding=1 startqp=0 meanqp=0 picbytes=0 pskip=0 nalus=1 n1:24677
frame 873: send=0x0 get=0x0 len=10963 coding=1 startqp=0 meanqp=0 picbytes=0 pskip=0 nalus=1 n1:10963
frame 874: send=0x0 get=0x0 len=20344 coding=1 startqp=0 meanqp=0 picbytes=0 pskip=0 nalus=1 n1:20344
frame 875: send=0x0 get=0x0 len=13678 coding=1 startqp=0 meanqp=0 picbytes=0 pskip=0 nalus=1 n1:13678
frame 876: send=0x0 get=0x0 len=22685 coding=1 startqp=0 meanqp=0 picbytes=0 pskip=0 nalus=1 n1:22685
frame 877: send=0x0 get=0x0 len=9425 coding=1 startqp=0 meanqp=0 picbytes=0 pskip=0 nalus=1 n1:9425
frame 878: send=0x0 get=0x0 len=19915 coding=1 startqp=0 meanqp=0 picbytes=0 pskip=0 nalus=1 n1:19915
frame 879: send=0x0 get=0x0 len=13493 coding=1 startqp=0 meanqp=0 picbytes=0 pskip=0 nalus=1 n1:13493
frame 880: send=0x0 get=0x0 len=22568 coding=1 startqp=0 meanqp=0 picbytes=0 pskip=0 nalus=1 n1:22568
frame 881: send=0x0 get=0x0 len=9340 coding=1 startqp=0 meanqp=0 picbytes=0 pskip=0 nalus=1 n1:9340
frame 882: send=0x0 get=0x0 len=19794 coding=1 startqp=0 meanqp=0 picbytes=0 pskip=0 nalus=1 n1:19794
frame 883: send=0x0 get=0x0 len=13261 coding=1 startqp=0 meanqp=0 picbytes=0 pskip=0 nalus=1 n1:13261
frame 884: send=0x0 get=0x0 len=22140 coding=1 startqp=0 meanqp=0 picbytes=0 pskip=0 nalus=1 n1:22140
frame 885: send=0x0 get=0x0 len=9264 coding=1 startqp=0 meanqp=0 picbytes=0 pskip=0 nalus=1 n1:9264
frame 886: send=0x0 get=0x0 len=19803 coding=1 startqp=0 meanqp=0 picbytes=0 pskip=0 nalus=1 n1:19803
frame 887: send=0x0 get=0x0 len=13388 coding=1 startqp=0 meanqp=0 picbytes=0 pskip=0 nalus=1 n1:13388
frame 888: send=0x0 get=0x0 len=22548 coding=1 startqp=0 meanqp=0 picbytes=0 pskip=0 nalus=1 n1:22548
frame 889: send=0x0 get=0x0 len=9249 coding=1 startqp=0 meanqp=0 picbytes=0 pskip=0 nalus=1 n1:9249
frame 890: send=0x0 get=0x0 len=19716 coding=1 startqp=0 meanqp=0 picbytes=0 pskip=0 nalus=1 n1:19716
frame 891: send=0x0 get=0x0 len=13372 coding=1 startqp=0 meanqp=0 picbytes=0 pskip=0 nalus=1 n1:13372
frame 892: send=0x0 get=0x0 len=22700 coding=1 startqp=0 meanqp=0 picbytes=0 pskip=0 nalus=1 n1:22700
frame 893: send=0x0 get=0x0 len=8945 coding=1 startqp=0 meanqp=0 picbytes=0 pskip=0 nalus=1 n1:8945
frame 894: send=0x0 get=0x0 len=19674 coding=1 startqp=0 meanqp=0 picbytes=0 pskip=0 nalus=1 n1:19674
frame 895: send=0x0 get=0x0 len=13431 coding=1 startqp=0 meanqp=0 picbytes=0 pskip=0 nalus=1 n1:13431
frame 896: send=0x0 get=0x0 len=22469 coding=1 startqp=0 meanqp=0 picbytes=0 pskip=0 nalus=1 n1:22469
frame 897: send=0x0 get=0x0 len=9123 coding=1 startqp=0 meanqp=0 picbytes=0 pskip=0 nalus=1 n1:9123
frame 898: send=0x0 get=0x0 len=19696 coding=1 startqp=0 meanqp=0 picbytes=0 pskip=0 nalus=1 n1:19696
frame 899: send=0x0 get=0x0 len=16706 coding=1 startqp=0 meanqp=0 picbytes=0 pskip=0 nalus=1 n1:16706
frame 900: send=0x0 get=0x0 len=18555 coding=0 startqp=0 meanqp=0 picbytes=0 pskip=0 nalus=3 n7:32 n8:8 n5:18515
frame 901: send=0x0 get=0x0 len=15835 coding=1 startqp=0 meanqp=0 picbytes=0 pskip=0 nalus=1 n1:15835
frame 902: send=0x0 get=0x0 len=21471 coding=1 startqp=0 meanqp=0 picbytes=0 pskip=0 nalus=1 n1:21471
frame 903: send=0x0 get=0x0 len=15757 coding=1 startqp=0 meanqp=0 picbytes=0 pskip=0 nalus=1 n1:15757
frame 904: send=0x0 get=0x0 len=23444 coding=1 startqp=0 meanqp=0 picbytes=0 pskip=0 nalus=1 n1:23444
frame 905: send=0x0 get=0x0 len=11608 coding=1 startqp=0 meanqp=0 picbytes=0 pskip=0 nalus=1 n1:11608
frame 906: send=0x0 get=0x0 len=20160 coding=1 startqp=0 meanqp=0 picbytes=0 pskip=0 nalus=1 n1:20160
frame 907: send=0x0 get=0x0 len=14321 coding=1 startqp=0 meanqp=0 picbytes=0 pskip=0 nalus=1 n1:14321
frame 908: send=0x0 get=0x0 len=22471 coding=1 startqp=0 meanqp=0 picbytes=0 pskip=0 nalus=1 n1:22471
frame 909: send=0x0 get=0x0 len=10845 coding=1 startqp=0 meanqp=0 picbytes=0 pskip=0 nalus=1 n1:10845
frame 910: send=0x0 get=0x0 len=19985 coding=1 startqp=0 meanqp=0 picbytes=0 pskip=0 nalus=1 n1:19985
frame 911: send=0x0 get=0x0 len=13556 coding=1 startqp=0 meanqp=0 picbytes=0 pskip=0 nalus=1 n1:13556
frame 912: send=0x0 get=0x0 len=22438 coding=1 startqp=0 meanqp=0 picbytes=0 pskip=0 nalus=1 n1:22438
frame 913: send=0x0 get=0x0 len=11288 coding=1 startqp=0 meanqp=0 picbytes=0 pskip=0 nalus=1 n1:11288
frame 914: send=0x0 get=0x0 len=19957 coding=1 startqp=0 meanqp=0 picbytes=0 pskip=0 nalus=1 n1:19957
frame 915: send=0x0 get=0x0 len=13560 coding=1 startqp=0 meanqp=0 picbytes=0 pskip=0 nalus=1 n1:13560
frame 916: send=0x0 get=0x0 len=22303 coding=1 startqp=0 meanqp=0 picbytes=0 pskip=0 nalus=1 n1:22303
frame 917: send=0x0 get=0x0 len=11136 coding=1 startqp=0 meanqp=0 picbytes=0 pskip=0 nalus=1 n1:11136
frame 918: send=0x0 get=0x0 len=19986 coding=1 startqp=0 meanqp=0 picbytes=0 pskip=0 nalus=1 n1:19986
frame 919: send=0x0 get=0x0 len=13832 coding=1 startqp=0 meanqp=0 picbytes=0 pskip=0 nalus=1 n1:13832
frame 920: send=0x0 get=0x0 len=22589 coding=1 startqp=0 meanqp=0 picbytes=0 pskip=0 nalus=1 n1:22589
frame 921: send=0x0 get=0x0 len=11341 coding=1 startqp=0 meanqp=0 picbytes=0 pskip=0 nalus=1 n1:11341
frame 922: send=0x0 get=0x0 len=20016 coding=1 startqp=0 meanqp=0 picbytes=0 pskip=0 nalus=1 n1:20016
frame 923: send=0x0 get=0x0 len=13615 coding=1 startqp=0 meanqp=0 picbytes=0 pskip=0 nalus=1 n1:13615
frame 924: send=0x0 get=0x0 len=22533 coding=1 startqp=0 meanqp=0 picbytes=0 pskip=0 nalus=1 n1:22533
frame 925: send=0x0 get=0x0 len=11123 coding=1 startqp=0 meanqp=0 picbytes=0 pskip=0 nalus=1 n1:11123
frame 926: send=0x0 get=0x0 len=20025 coding=1 startqp=0 meanqp=0 picbytes=0 pskip=0 nalus=1 n1:20025
frame 927: send=0x0 get=0x0 len=13885 coding=1 startqp=0 meanqp=0 picbytes=0 pskip=0 nalus=1 n1:13885
frame 928: send=0x0 get=0x0 len=22425 coding=1 startqp=0 meanqp=0 picbytes=0 pskip=0 nalus=1 n1:22425
frame 929: send=0x0 get=0x0 len=11388 coding=1 startqp=0 meanqp=0 picbytes=0 pskip=0 nalus=1 n1:11388
frame 930: send=0x0 get=0x0 len=18904 coding=0 startqp=0 meanqp=0 picbytes=0 pskip=0 nalus=3 n7:32 n8:8 n5:18864
frame 931: send=0x0 get=0x0 len=15468 coding=1 startqp=0 meanqp=0 picbytes=0 pskip=0 nalus=1 n1:15468
frame 932: send=0x0 get=0x0 len=21475 coding=1 startqp=0 meanqp=0 picbytes=0 pskip=0 nalus=1 n1:21475
frame 933: send=0x0 get=0x0 len=11643 coding=1 startqp=0 meanqp=0 picbytes=0 pskip=0 nalus=1 n1:11643
frame 934: send=0x0 get=0x0 len=20398 coding=1 startqp=0 meanqp=0 picbytes=0 pskip=0 nalus=1 n1:20398
frame 935: send=0x0 get=0x0 len=13941 coding=1 startqp=0 meanqp=0 picbytes=0 pskip=0 nalus=1 n1:13941
frame 936: send=0x0 get=0x0 len=22989 coding=1 startqp=0 meanqp=0 picbytes=0 pskip=0 nalus=1 n1:22989
frame 937: send=0x0 get=0x0 len=9719 coding=1 startqp=0 meanqp=0 picbytes=0 pskip=0 nalus=1 n1:9719
frame 938: send=0x0 get=0x0 len=19582 coding=1 startqp=0 meanqp=0 picbytes=0 pskip=0 nalus=1 n1:19582
frame 939: send=0x0 get=0x0 len=13622 coding=1 startqp=0 meanqp=0 picbytes=0 pskip=0 nalus=1 n1:13622
frame 940: send=0x0 get=0x0 len=22749 coding=1 startqp=0 meanqp=0 picbytes=0 pskip=0 nalus=1 n1:22749
frame 941: send=0x0 get=0x0 len=9369 coding=1 startqp=0 meanqp=0 picbytes=0 pskip=0 nalus=1 n1:9369
frame 942: send=0x0 get=0x0 len=19760 coding=1 startqp=0 meanqp=0 picbytes=0 pskip=0 nalus=1 n1:19760
frame 943: send=0x0 get=0x0 len=13504 coding=1 startqp=0 meanqp=0 picbytes=0 pskip=0 nalus=1 n1:13504
frame 944: send=0x0 get=0x0 len=22393 coding=1 startqp=0 meanqp=0 picbytes=0 pskip=0 nalus=1 n1:22393
frame 945: send=0x0 get=0x0 len=9525 coding=1 startqp=0 meanqp=0 picbytes=0 pskip=0 nalus=1 n1:9525
frame 946: send=0x0 get=0x0 len=19754 coding=1 startqp=0 meanqp=0 picbytes=0 pskip=0 nalus=1 n1:19754
frame 947: send=0x0 get=0x0 len=13351 coding=1 startqp=0 meanqp=0 picbytes=0 pskip=0 nalus=1 n1:13351
frame 948: send=0x0 get=0x0 len=22496 coding=1 startqp=0 meanqp=0 picbytes=0 pskip=0 nalus=1 n1:22496
frame 949: send=0x0 get=0x0 len=8842 coding=1 startqp=0 meanqp=0 picbytes=0 pskip=0 nalus=1 n1:8842
frame 950: send=0x0 get=0x0 len=19661 coding=1 startqp=0 meanqp=0 picbytes=0 pskip=0 nalus=1 n1:19661
frame 951: send=0x0 get=0x0 len=13256 coding=1 startqp=0 meanqp=0 picbytes=0 pskip=0 nalus=1 n1:13256
frame 952: send=0x0 get=0x0 len=22482 coding=1 startqp=0 meanqp=0 picbytes=0 pskip=0 nalus=1 n1:22482
frame 953: send=0x0 get=0x0 len=9228 coding=1 startqp=0 meanqp=0 picbytes=0 pskip=0 nalus=1 n1:9228
frame 954: send=0x0 get=0x0 len=19756 coding=1 startqp=0 meanqp=0 picbytes=0 pskip=0 nalus=1 n1:19756
frame 955: send=0x0 get=0x0 len=13442 coding=1 startqp=0 meanqp=0 picbytes=0 pskip=0 nalus=1 n1:13442
frame 956: send=0x0 get=0x0 len=22563 coding=1 startqp=0 meanqp=0 picbytes=0 pskip=0 nalus=1 n1:22563
frame 957: send=0x0 get=0x0 len=9072 coding=1 startqp=0 meanqp=0 picbytes=0 pskip=0 nalus=1 n1:9072
frame 958: send=0x0 get=0x0 len=19652 coding=1 startqp=0 meanqp=0 picbytes=0 pskip=0 nalus=1 n1:19652
frame 959: send=0x0 get=0x0 len=13291 coding=1 startqp=0 meanqp=0 picbytes=0 pskip=0 nalus=1 n1:13291
frame 960: send=0x0 get=0x0 len=16405 coding=0 startqp=0 meanqp=0 picbytes=0 pskip=0 nalus=3 n7:32 n8:8 n5:16365
frame 961: send=0x0 get=0x0 len=15567 coding=1 startqp=0 meanqp=0 picbytes=0 pskip=0 nalus=1 n1:15567
frame 962: send=0x0 get=0x0 len=20142 coding=1 startqp=0 meanqp=0 picbytes=0 pskip=0 nalus=1 n1:20142
frame 963: send=0x0 get=0x0 len=14620 coding=1 startqp=0 meanqp=0 picbytes=0 pskip=0 nalus=1 n1:14620
frame 964: send=0x0 get=0x0 len=22443 coding=1 startqp=0 meanqp=0 picbytes=0 pskip=0 nalus=1 n1:22443
frame 965: send=0x0 get=0x0 len=9358 coding=1 startqp=0 meanqp=0 picbytes=0 pskip=0 nalus=1 n1:9358
frame 966: send=0x0 get=0x0 len=19741 coding=1 startqp=0 meanqp=0 picbytes=0 pskip=0 nalus=1 n1:19741
frame 967: send=0x0 get=0x0 len=13778 coding=1 startqp=0 meanqp=0 picbytes=0 pskip=0 nalus=1 n1:13778
frame 968: send=0x0 get=0x0 len=22334 coding=1 startqp=0 meanqp=0 picbytes=0 pskip=0 nalus=1 n1:22334
frame 969: send=0x0 get=0x0 len=9259 coding=1 startqp=0 meanqp=0 picbytes=0 pskip=0 nalus=1 n1:9259
frame 970: send=0x0 get=0x0 len=19693 coding=1 startqp=0 meanqp=0 picbytes=0 pskip=0 nalus=1 n1:19693
frame 971: send=0x0 get=0x0 len=13456 coding=1 startqp=0 meanqp=0 picbytes=0 pskip=0 nalus=1 n1:13456
frame 972: send=0x0 get=0x0 len=22683 coding=1 startqp=0 meanqp=0 picbytes=0 pskip=0 nalus=1 n1:22683
frame 973: send=0x0 get=0x0 len=8957 coding=1 startqp=0 meanqp=0 picbytes=0 pskip=0 nalus=1 n1:8957
frame 974: send=0x0 get=0x0 len=19596 coding=1 startqp=0 meanqp=0 picbytes=0 pskip=0 nalus=1 n1:19596
frame 975: send=0x0 get=0x0 len=13308 coding=1 startqp=0 meanqp=0 picbytes=0 pskip=0 nalus=1 n1:13308
frame 976: send=0x0 get=0x0 len=22575 coding=1 startqp=0 meanqp=0 picbytes=0 pskip=0 nalus=1 n1:22575
frame 977: send=0x0 get=0x0 len=9113 coding=1 startqp=0 meanqp=0 picbytes=0 pskip=0 nalus=1 n1:9113
frame 978: send=0x0 get=0x0 len=19678 coding=1 startqp=0 meanqp=0 picbytes=0 pskip=0 nalus=1 n1:19678
frame 979: send=0x0 get=0x0 len=13272 coding=1 startqp=0 meanqp=0 picbytes=0 pskip=0 nalus=1 n1:13272
frame 980: send=0x0 get=0x0 len=22479 coding=1 startqp=0 meanqp=0 picbytes=0 pskip=0 nalus=1 n1:22479
frame 981: send=0x0 get=0x0 len=8906 coding=1 startqp=0 meanqp=0 picbytes=0 pskip=0 nalus=1 n1:8906
frame 982: send=0x0 get=0x0 len=19691 coding=1 startqp=0 meanqp=0 picbytes=0 pskip=0 nalus=1 n1:19691
frame 983: send=0x0 get=0x0 len=13495 coding=1 startqp=0 meanqp=0 picbytes=0 pskip=0 nalus=1 n1:13495
frame 984: send=0x0 get=0x0 len=22661 coding=1 startqp=0 meanqp=0 picbytes=0 pskip=0 nalus=1 n1:22661
frame 985: send=0x0 get=0x0 len=9076 coding=1 startqp=0 meanqp=0 picbytes=0 pskip=0 nalus=1 n1:9076
frame 986: send=0x0 get=0x0 len=19771 coding=1 startqp=0 meanqp=0 picbytes=0 pskip=0 nalus=1 n1:19771
frame 987: send=0x0 get=0x0 len=13374 coding=1 startqp=0 meanqp=0 picbytes=0 pskip=0 nalus=1 n1:13374
frame 988: send=0x0 get=0x0 len=22681 coding=1 startqp=0 meanqp=0 picbytes=0 pskip=0 nalus=1 n1:22681
frame 989: send=0x0 get=0x0 len=9030 coding=1 startqp=0 meanqp=0 picbytes=0 pskip=0 nalus=1 n1:9030
frame 990: send=0x0 get=0x0 len=18015 coding=0 startqp=0 meanqp=0 picbytes=0 pskip=0 nalus=3 n7:32 n8:8 n5:17975
frame 991: send=0x0 get=0x0 len=17187 coding=1 startqp=0 meanqp=0 picbytes=0 pskip=0 nalus=1 n1:17187
frame 992: send=0x0 get=0x0 len=23400 coding=1 startqp=0 meanqp=0 picbytes=0 pskip=0 nalus=1 n1:23400
frame 993: send=0x0 get=0x0 len=9317 coding=1 startqp=0 meanqp=0 picbytes=0 pskip=0 nalus=1 n1:9317
frame 994: send=0x0 get=0x0 len=20026 coding=1 startqp=0 meanqp=0 picbytes=0 pskip=0 nalus=1 n1:20026
frame 995: send=0x0 get=0x0 len=13086 coding=1 startqp=0 meanqp=0 picbytes=0 pskip=0 nalus=1 n1:13086
frame 996: send=0x0 get=0x0 len=22543 coding=1 startqp=0 meanqp=0 picbytes=0 pskip=0 nalus=1 n1:22543
frame 997: send=0x0 get=0x0 len=8468 coding=1 startqp=0 meanqp=0 picbytes=0 pskip=0 nalus=1 n1:8468
frame 998: send=0x0 get=0x0 len=20156 coding=1 startqp=0 meanqp=0 picbytes=0 pskip=0 nalus=1 n1:20156
frame 999: send=0x0 get=0x0 len=13218 coding=1 startqp=0 meanqp=0 picbytes=0 pskip=0 nalus=1 n1:13218
frame 1000: send=0x0 get=0x0 len=22470 coding=1 startqp=0 meanqp=0 picbytes=0 pskip=0 nalus=1 n1:22470
frame 1001: send=0x0 get=0x0 len=8745 coding=1 startqp=0 meanqp=0 picbytes=0 pskip=0 nalus=1 n1:8745
frame 1002: send=0x0 get=0x0 len=20133 coding=1 startqp=0 meanqp=0 picbytes=0 pskip=0 nalus=1 n1:20133
frame 1003: send=0x0 get=0x0 len=12691 coding=1 startqp=0 meanqp=0 picbytes=0 pskip=0 nalus=1 n1:12691
frame 1004: send=0x0 get=0x0 len=22306 coding=1 startqp=0 meanqp=0 picbytes=0 pskip=0 nalus=1 n1:22306
frame 1005: send=0x0 get=0x0 len=8158 coding=1 startqp=0 meanqp=0 picbytes=0 pskip=0 nalus=1 n1:8158
frame 1006: send=0x0 get=0x0 len=19830 coding=1 startqp=0 meanqp=0 picbytes=0 pskip=0 nalus=1 n1:19830
frame 1007: send=0x0 get=0x0 len=13948 coding=1 startqp=0 meanqp=0 picbytes=0 pskip=0 nalus=1 n1:13948
frame 1008: send=0x0 get=0x0 len=22214 coding=1 startqp=0 meanqp=0 picbytes=0 pskip=0 nalus=1 n1:22214
frame 1009: send=0x0 get=0x0 len=9391 coding=1 startqp=0 meanqp=0 picbytes=0 pskip=0 nalus=1 n1:9391
frame 1010: send=0x0 get=0x0 len=19633 coding=1 startqp=0 meanqp=0 picbytes=0 pskip=0 nalus=1 n1:19633
frame 1011: send=0x0 get=0x0 len=15162 coding=1 startqp=0 meanqp=0 picbytes=0 pskip=0 nalus=1 n1:15162
frame 1012: send=0x0 get=0x0 len=22295 coding=1 startqp=0 meanqp=0 picbytes=0 pskip=0 nalus=1 n1:22295
frame 1013: send=0x0 get=0x0 len=10993 coding=1 startqp=0 meanqp=0 picbytes=0 pskip=0 nalus=1 n1:10993
frame 1014: send=0x0 get=0x0 len=19663 coding=1 startqp=0 meanqp=0 picbytes=0 pskip=0 nalus=1 n1:19663
frame 1015: send=0x0 get=0x0 len=16378 coding=1 startqp=0 meanqp=0 picbytes=0 pskip=0 nalus=1 n1:16378
frame 1016: send=0x0 get=0x0 len=26517 coding=1 startqp=0 meanqp=0 picbytes=0 pskip=0 nalus=1 n1:26517
frame 1017: send=0x0 get=0x0 len=11121 coding=1 startqp=0 meanqp=0 picbytes=0 pskip=0 nalus=1 n1:11121
frame 1018: send=0x0 get=0x0 len=21936 coding=1 startqp=0 meanqp=0 picbytes=0 pskip=0 nalus=1 n1:21936
frame 1019: send=0x0 get=0x0 len=19501 coding=1 startqp=0 meanqp=0 picbytes=0 pskip=0 nalus=1 n1:19501
frame 1020: send=0x0 get=0x0 len=18209 coding=0 startqp=0 meanqp=0 picbytes=0 pskip=0 nalus=3 n7:32 n8:8 n5:18169
frame 1021: send=0x0 get=0x0 len=16129 coding=1 startqp=0 meanqp=0 picbytes=0 pskip=0 nalus=1 n1:16129
frame 1022: send=0x0 get=0x0 len=19633 coding=1 startqp=0 meanqp=0 picbytes=0 pskip=0 nalus=1 n1:19633
frame 1023: send=0x0 get=0x0 len=15900 coding=1 startqp=0 meanqp=0 picbytes=0 pskip=0 nalus=1 n1:15900
frame 1024: send=0x0 get=0x0 len=22402 coding=1 startqp=0 meanqp=0 picbytes=0 pskip=0 nalus=1 n1:22402
frame 1025: send=0x0 get=0x0 len=11155 coding=1 startqp=0 meanqp=0 picbytes=0 pskip=0 nalus=1 n1:11155
frame 1026: send=0x0 get=0x0 len=19608 coding=1 startqp=0 meanqp=0 picbytes=0 pskip=0 nalus=1 n1:19608
frame 1027: send=0x0 get=0x0 len=13258 coding=1 startqp=0 meanqp=0 picbytes=0 pskip=0 nalus=1 n1:13258
frame 1028: send=0x0 get=0x0 len=22399 coding=1 startqp=0 meanqp=0 picbytes=0 pskip=0 nalus=1 n1:22399
frame 1029: send=0x0 get=0x0 len=10932 coding=1 startqp=0 meanqp=0 picbytes=0 pskip=0 nalus=1 n1:10932
frame 1030: send=0x0 get=0x0 len=19986 coding=1 startqp=0 meanqp=0 picbytes=0 pskip=0 nalus=1 n1:19986
frame 1031: send=0x0 get=0x0 len=14309 coding=1 startqp=0 meanqp=0 picbytes=0 pskip=0 nalus=1 n1:14309
frame 1032: send=0x0 get=0x0 len=22578 coding=1 startqp=0 meanqp=0 picbytes=0 pskip=0 nalus=1 n1:22578
frame 1033: send=0x0 get=0x0 len=11324 coding=1 startqp=0 meanqp=0 picbytes=0 pskip=0 nalus=1 n1:11324
frame 1034: send=0x0 get=0x0 len=20199 coding=1 startqp=0 meanqp=0 picbytes=0 pskip=0 nalus=1 n1:20199
frame 1035: send=0x0 get=0x0 len=13830 coding=1 startqp=0 meanqp=0 picbytes=0 pskip=0 nalus=1 n1:13830
frame 1036: send=0x0 get=0x0 len=22527 coding=1 startqp=0 meanqp=0 picbytes=0 pskip=0 nalus=1 n1:22527
frame 1037: send=0x0 get=0x0 len=11346 coding=1 startqp=0 meanqp=0 picbytes=0 pskip=0 nalus=1 n1:11346
frame 1038: send=0x0 get=0x0 len=20104 coding=1 startqp=0 meanqp=0 picbytes=0 pskip=0 nalus=1 n1:20104
frame 1039: send=0x0 get=0x0 len=13973 coding=1 startqp=0 meanqp=0 picbytes=0 pskip=0 nalus=1 n1:13973
frame 1040: send=0x0 get=0x0 len=22357 coding=1 startqp=0 meanqp=0 picbytes=0 pskip=0 nalus=1 n1:22357
frame 1041: send=0x0 get=0x0 len=11161 coding=1 startqp=0 meanqp=0 picbytes=0 pskip=0 nalus=1 n1:11161
frame 1042: send=0x0 get=0x0 len=19998 coding=1 startqp=0 meanqp=0 picbytes=0 pskip=0 nalus=1 n1:19998
frame 1043: send=0x0 get=0x0 len=13697 coding=1 startqp=0 meanqp=0 picbytes=0 pskip=0 nalus=1 n1:13697
frame 1044: send=0x0 get=0x0 len=22525 coding=1 startqp=0 meanqp=0 picbytes=0 pskip=0 nalus=1 n1:22525
frame 1045: send=0x0 get=0x0 len=11002 coding=1 startqp=0 meanqp=0 picbytes=0 pskip=0 nalus=1 n1:11002
frame 1046: send=0x0 get=0x0 len=19835 coding=1 startqp=0 meanqp=0 picbytes=0 pskip=0 nalus=1 n1:19835
frame 1047: send=0x0 get=0x0 len=13893 coding=1 startqp=0 meanqp=0 picbytes=0 pskip=0 nalus=1 n1:13893
frame 1048: send=0x0 get=0x0 len=22849 coding=1 startqp=0 meanqp=0 picbytes=0 pskip=0 nalus=1 n1:22849
frame 1049: send=0x0 get=0x0 len=11378 coding=1 startqp=0 meanqp=0 picbytes=0 pskip=0 nalus=1 n1:11378
frame 1050: send=0x0 get=0x0 len=20406 coding=0 startqp=0 meanqp=0 picbytes=0 pskip=0 nalus=3 n7:32 n8:8 n5:20366
frame 1051: send=0x0 get=0x0 len=15854 coding=1 startqp=0 meanqp=0 picbytes=0 pskip=0 nalus=1 n1:15854
frame 1052: send=0x0 get=0x0 len=25164 coding=1 startqp=0 meanqp=0 picbytes=0 pskip=0 nalus=1 n1:25164
frame 1053: send=0x0 get=0x0 len=12188 coding=1 startqp=0 meanqp=0 picbytes=0 pskip=0 nalus=1 n1:12188
frame 1054: send=0x0 get=0x0 len=19852 coding=1 startqp=0 meanqp=0 picbytes=0 pskip=0 nalus=1 n1:19852
frame 1055: send=0x0 get=0x0 len=14335 coding=1 startqp=0 meanqp=0 picbytes=0 pskip=0 nalus=1 n1:14335
frame 1056: send=0x0 get=0x0 len=21804 coding=1 startqp=0 meanqp=0 picbytes=0 pskip=0 nalus=1 n1:21804
frame 1057: send=0x0 get=0x0 len=10630 coding=1 startqp=0 meanqp=0 picbytes=0 pskip=0 nalus=1 n1:10630
frame 1058: send=0x0 get=0x0 len=19411 coding=1 startqp=0 meanqp=0 picbytes=0 pskip=0 nalus=1 n1:19411
frame 1059: send=0x0 get=0x0 len=14038 coding=1 startqp=0 meanqp=0 picbytes=0 pskip=0 nalus=1 n1:14038
frame 1060: send=0x0 get=0x0 len=22140 coding=1 startqp=0 meanqp=0 picbytes=0 pskip=0 nalus=1 n1:22140
frame 1061: send=0x0 get=0x0 len=9946 coding=1 startqp=0 meanqp=0 picbytes=0 pskip=0 nalus=1 n1:9946
frame 1062: send=0x0 get=0x0 len=19445 coding=1 startqp=0 meanqp=0 picbytes=0 pskip=0 nalus=1 n1:19445
frame 1063: send=0x0 get=0x0 len=14637 coding=1 startqp=0 meanqp=0 picbytes=0 pskip=0 nalus=1 n1:14637
frame 1064: send=0x0 get=0x0 len=22416 coding=1 startqp=0 meanqp=0 picbytes=0 pskip=0 nalus=1 n1:22416
frame 1065: send=0x0 get=0x0 len=11291 coding=1 startqp=0 meanqp=0 picbytes=0 pskip=0 nalus=1 n1:11291
frame 1066: send=0x0 get=0x0 len=20065 coding=1 startqp=0 meanqp=0 picbytes=0 pskip=0 nalus=1 n1:20065
frame 1067: send=0x0 get=0x0 len=13775 coding=1 startqp=0 meanqp=0 picbytes=0 pskip=0 nalus=1 n1:13775
frame 1068: send=0x0 get=0x0 len=22569 coding=1 startqp=0 meanqp=0 picbytes=0 pskip=0 nalus=1 n1:22569
frame 1069: send=0x0 get=0x0 len=11274 coding=1 startqp=0 meanqp=0 picbytes=0 pskip=0 nalus=1 n1:11274
frame 1070: send=0x0 get=0x0 len=20315 coding=1 startqp=0 meanqp=0 picbytes=0 pskip=0 nalus=1 n1:20315
frame 1071: send=0x0 get=0x0 len=13770 coding=1 startqp=0 meanqp=0 picbytes=0 pskip=0 nalus=1 n1:13770
frame 1072: send=0x0 get=0x0 len=21798 coding=1 startqp=0 meanqp=0 picbytes=0 pskip=0 nalus=1 n1:21798
frame 1073: send=0x0 get=0x0 len=9822 coding=1 startqp=0 meanqp=0 picbytes=0 pskip=0 nalus=1 n1:9822
frame 1074: send=0x0 get=0x0 len=19853 coding=1 startqp=0 meanqp=0 picbytes=0 pskip=0 nalus=1 n1:19853
frame 1075: send=0x0 get=0x0 len=12101 coding=1 startqp=0 meanqp=0 picbytes=0 pskip=0 nalus=1 n1:12101
frame 1076: send=0x0 get=0x0 len=22585 coding=1 startqp=0 meanqp=0 picbytes=0 pskip=0 nalus=1 n1:22585
frame 1077: send=0x0 get=0x0 len=8013 coding=1 startqp=0 meanqp=0 picbytes=0 pskip=0 nalus=1 n1:8013
frame 1078: send=0x0 get=0x0 len=17351 coding=1 startqp=0 meanqp=0 picbytes=0 pskip=0 nalus=1 n1:17351
frame 1079: send=0x0 get=0x0 len=3885 coding=1 startqp=0 meanqp=0 picbytes=0 pskip=0 nalus=1 n1:3885
frame 1080: send=0x0 get=0x0 len=18662 coding=0 startqp=0 meanqp=0 picbytes=0 pskip=0 nalus=3 n7:32 n8:8 n5:18622
frame 1081: send=0x0 get=0x0 len=16669 coding=1 startqp=0 meanqp=0 picbytes=0 pskip=0 nalus=1 n1:16669
frame 1082: send=0x0 get=0x0 len=21564 coding=1 startqp=0 meanqp=0 picbytes=0 pskip=0 nalus=1 n1:21564
frame 1083: send=0x0 get=0x0 len=16018 coding=1 startqp=0 meanqp=0 picbytes=0 pskip=0 nalus=1 n1:16018
frame 1084: send=0x0 get=0x0 len=22480 coding=1 startqp=0 meanqp=0 picbytes=0 pskip=0 nalus=1 n1:22480
frame 1085: send=0x0 get=0x0 len=10565 coding=1 startqp=0 meanqp=0 picbytes=0 pskip=0 nalus=1 n1:10565
frame 1086: send=0x0 get=0x0 len=20204 coding=1 startqp=0 meanqp=0 picbytes=0 pskip=0 nalus=1 n1:20204
frame 1087: send=0x0 get=0x0 len=14097 coding=1 startqp=0 meanqp=0 picbytes=0 pskip=0 nalus=1 n1:14097
frame 1088: send=0x0 get=0x0 len=22529 coding=1 startqp=0 meanqp=0 picbytes=0 pskip=0 nalus=1 n1:22529
frame 1089: send=0x0 get=0x0 len=11006 coding=1 startqp=0 meanqp=0 picbytes=0 pskip=0 nalus=1 n1:11006
frame 1090: send=0x0 get=0x0 len=19810 coding=1 startqp=0 meanqp=0 picbytes=0 pskip=0 nalus=1 n1:19810
frame 1091: send=0x0 get=0x0 len=13383 coding=1 startqp=0 meanqp=0 picbytes=0 pskip=0 nalus=1 n1:13383
frame 1092: send=0x0 get=0x0 len=22625 coding=1 startqp=0 meanqp=0 picbytes=0 pskip=0 nalus=1 n1:22625
frame 1093: send=0x0 get=0x0 len=11196 coding=1 startqp=0 meanqp=0 picbytes=0 pskip=0 nalus=1 n1:11196
frame 1094: send=0x0 get=0x0 len=19966 coding=1 startqp=0 meanqp=0 picbytes=0 pskip=0 nalus=1 n1:19966
frame 1095: send=0x0 get=0x0 len=13900 coding=1 startqp=0 meanqp=0 picbytes=0 pskip=0 nalus=1 n1:13900
frame 1096: send=0x0 get=0x0 len=22653 coding=1 startqp=0 meanqp=0 picbytes=0 pskip=0 nalus=1 n1:22653
frame 1097: send=0x0 get=0x0 len=11416 coding=1 startqp=0 meanqp=0 picbytes=0 pskip=0 nalus=1 n1:11416
frame 1098: send=0x0 get=0x0 len=19910 coding=1 startqp=0 meanqp=0 picbytes=0 pskip=0 nalus=1 n1:19910
frame 1099: send=0x0 get=0x0 len=13702 coding=1 startqp=0 meanqp=0 picbytes=0 pskip=0 nalus=1 n1:13702
frame 1100: send=0x0 get=0x0 len=22549 coding=1 startqp=0 meanqp=0 picbytes=0 pskip=0 nalus=1 n1:22549
frame 1101: send=0x0 get=0x0 len=11266 coding=1 startqp=0 meanqp=0 picbytes=0 pskip=0 nalus=1 n1:11266
frame 1102: send=0x0 get=0x0 len=20010 coding=1 startqp=0 meanqp=0 picbytes=0 pskip=0 nalus=1 n1:20010
frame 1103: send=0x0 get=0x0 len=14045 coding=1 startqp=0 meanqp=0 picbytes=0 pskip=0 nalus=1 n1:14045
frame 1104: send=0x0 get=0x0 len=22652 coding=1 startqp=0 meanqp=0 picbytes=0 pskip=0 nalus=1 n1:22652
frame 1105: send=0x0 get=0x0 len=11460 coding=1 startqp=0 meanqp=0 picbytes=0 pskip=0 nalus=1 n1:11460
frame 1106: send=0x0 get=0x0 len=19935 coding=1 startqp=0 meanqp=0 picbytes=0 pskip=0 nalus=1 n1:19935
frame 1107: send=0x0 get=0x0 len=13600 coding=1 startqp=0 meanqp=0 picbytes=0 pskip=0 nalus=1 n1:13600
frame 1108: send=0x0 get=0x0 len=22541 coding=1 startqp=0 meanqp=0 picbytes=0 pskip=0 nalus=1 n1:22541
frame 1109: send=0x0 get=0x0 len=11237 coding=1 startqp=0 meanqp=0 picbytes=0 pskip=0 nalus=1 n1:11237
frame 1110: send=0x0 get=0x0 len=18967 coding=0 startqp=0 meanqp=0 picbytes=0 pskip=0 nalus=3 n7:32 n8:8 n5:18927
frame 1111: send=0x0 get=0x0 len=15883 coding=1 startqp=0 meanqp=0 picbytes=0 pskip=0 nalus=1 n1:15883
frame 1112: send=0x0 get=0x0 len=24730 coding=1 startqp=0 meanqp=0 picbytes=0 pskip=0 nalus=1 n1:24730
frame 1113: send=0x0 get=0x0 len=11012 coding=1 startqp=0 meanqp=0 picbytes=0 pskip=0 nalus=1 n1:11012
frame 1114: send=0x0 get=0x0 len=20283 coding=1 startqp=0 meanqp=0 picbytes=0 pskip=0 nalus=1 n1:20283
frame 1115: send=0x0 get=0x0 len=13650 coding=1 startqp=0 meanqp=0 picbytes=0 pskip=0 nalus=1 n1:13650
frame 1116: send=0x0 get=0x0 len=22749 coding=1 startqp=0 meanqp=0 picbytes=0 pskip=0 nalus=1 n1:22749
frame 1117: send=0x0 get=0x0 len=9535 coding=1 startqp=0 meanqp=0 picbytes=0 pskip=0 nalus=1 n1:9535
frame 1118: send=0x0 get=0x0 len=19977 coding=1 startqp=0 meanqp=0 picbytes=0 pskip=0 nalus=1 n1:19977
frame 1119: send=0x0 get=0x0 len=13544 coding=1 startqp=0 meanqp=0 picbytes=0 pskip=0 nalus=1 n1:13544
frame 1120: send=0x0 get=0x0 len=22500 coding=1 startqp=0 meanqp=0 picbytes=0 pskip=0 nalus=1 n1:22500
frame 1121: send=0x0 get=0x0 len=9270 coding=1 startqp=0 meanqp=0 picbytes=0 pskip=0 nalus=1 n1:9270
frame 1122: send=0x0 get=0x0 len=19687 coding=1 startqp=0 meanqp=0 picbytes=0 pskip=0 nalus=1 n1:19687
frame 1123: send=0x0 get=0x0 len=13387 coding=1 startqp=0 meanqp=0 picbytes=0 pskip=0 nalus=1 n1:13387
frame 1124: send=0x0 get=0x0 len=22209 coding=1 startqp=0 meanqp=0 picbytes=0 pskip=0 nalus=1 n1:22209
frame 1125: send=0x0 get=0x0 len=9346 coding=1 startqp=0 meanqp=0 picbytes=0 pskip=0 nalus=1 n1:9346
frame 1126: send=0x0 get=0x0 len=19758 coding=1 startqp=0 meanqp=0 picbytes=0 pskip=0 nalus=1 n1:19758
frame 1127: send=0x0 get=0x0 len=13507 coding=1 startqp=0 meanqp=0 picbytes=0 pskip=0 nalus=1 n1:13507
frame 1128: send=0x0 get=0x0 len=22649 coding=1 startqp=0 meanqp=0 picbytes=0 pskip=0 nalus=1 n1:22649
frame 1129: send=0x0 get=0x0 len=9299 coding=1 startqp=0 meanqp=0 picbytes=0 pskip=0 nalus=1 n1:9299
frame 1130: send=0x0 get=0x0 len=19631 coding=1 startqp=0 meanqp=0 picbytes=0 pskip=0 nalus=1 n1:19631
frame 1131: send=0x0 get=0x0 len=13028 coding=1 startqp=0 meanqp=0 picbytes=0 pskip=0 nalus=1 n1:13028
frame 1132: send=0x0 get=0x0 len=22673 coding=1 startqp=0 meanqp=0 picbytes=0 pskip=0 nalus=1 n1:22673
frame 1133: send=0x0 get=0x0 len=8867 coding=1 startqp=0 meanqp=0 picbytes=0 pskip=0 nalus=1 n1:8867
frame 1134: send=0x0 get=0x0 len=19635 coding=1 startqp=0 meanqp=0 picbytes=0 pskip=0 nalus=1 n1:19635
frame 1135: send=0x0 get=0x0 len=13252 coding=1 startqp=0 meanqp=0 picbytes=0 pskip=0 nalus=1 n1:13252
frame 1136: send=0x0 get=0x0 len=22411 coding=1 startqp=0 meanqp=0 picbytes=0 pskip=0 nalus=1 n1:22411
frame 1137: send=0x0 get=0x0 len=9098 coding=1 startqp=0 meanqp=0 picbytes=0 pskip=0 nalus=1 n1:9098
frame 1138: send=0x0 get=0x0 len=19693 coding=1 startqp=0 meanqp=0 picbytes=0 pskip=0 nalus=1 n1:19693
frame 1139: send=0x0 get=0x0 len=14809 coding=1 startqp=0 meanqp=0 picbytes=0 pskip=0 nalus=1 n1:14809
frame 1140: send=0x0 get=0x0 len=17709 coding=0 startqp=0 meanqp=0 picbytes=0 pskip=0 nalus=3 n7:32 n8:8 n5:17669
frame 1141: send=0x0 get=0x0 len=16041 coding=1 startqp=0 meanqp=0 picbytes=0 pskip=0 nalus=1 n1:16041
frame 1142: send=0x0 get=0x0 len=20056 coding=1 startqp=0 meanqp=0 picbytes=0 pskip=0 nalus=1 n1:20056
frame 1143: send=0x0 get=0x0 len=15190 coding=1 startqp=0 meanqp=0 picbytes=0 pskip=0 nalus=1 n1:15190
frame 1144: send=0x0 get=0x0 len=22576 coding=1 startqp=0 meanqp=0 picbytes=0 pskip=0 nalus=1 n1:22576
frame 1145: send=0x0 get=0x0 len=9272 coding=1 startqp=0 meanqp=0 picbytes=0 pskip=0 nalus=1 n1:9272
frame 1146: send=0x0 get=0x0 len=19724 coding=1 startqp=0 meanqp=0 picbytes=0 pskip=0 nalus=1 n1:19724
frame 1147: send=0x0 get=0x0 len=13543 coding=1 startqp=0 meanqp=0 picbytes=0 pskip=0 nalus=1 n1:13543
frame 1148: send=0x0 get=0x0 len=22408 coding=1 startqp=0 meanqp=0 picbytes=0 pskip=0 nalus=1 n1:22408
frame 1149: send=0x0 get=0x0 len=9197 coding=1 startqp=0 meanqp=0 picbytes=0 pskip=0 nalus=1 n1:9197
frame 1150: send=0x0 get=0x0 len=19600 coding=1 startqp=0 meanqp=0 picbytes=0 pskip=0 nalus=1 n1:19600
frame 1151: send=0x0 get=0x0 len=13631 coding=1 startqp=0 meanqp=0 picbytes=0 pskip=0 nalus=1 n1:13631
frame 1152: send=0x0 get=0x0 len=22412 coding=1 startqp=0 meanqp=0 picbytes=0 pskip=0 nalus=1 n1:22412
frame 1153: send=0x0 get=0x0 len=9175 coding=1 startqp=0 meanqp=0 picbytes=0 pskip=0 nalus=1 n1:9175
frame 1154: send=0x0 get=0x0 len=19720 coding=1 startqp=0 meanqp=0 picbytes=0 pskip=0 nalus=1 n1:19720
frame 1155: send=0x0 get=0x0 len=13127 coding=1 startqp=0 meanqp=0 picbytes=0 pskip=0 nalus=1 n1:13127
frame 1156: send=0x0 get=0x0 len=22461 coding=1 startqp=0 meanqp=0 picbytes=0 pskip=0 nalus=1 n1:22461
frame 1157: send=0x0 get=0x0 len=9100 coding=1 startqp=0 meanqp=0 picbytes=0 pskip=0 nalus=1 n1:9100
frame 1158: send=0x0 get=0x0 len=19563 coding=1 startqp=0 meanqp=0 picbytes=0 pskip=0 nalus=1 n1:19563
frame 1159: send=0x0 get=0x0 len=13338 coding=1 startqp=0 meanqp=0 picbytes=0 pskip=0 nalus=1 n1:13338
frame 1160: send=0x0 get=0x0 len=22627 coding=1 startqp=0 meanqp=0 picbytes=0 pskip=0 nalus=1 n1:22627
frame 1161: send=0x0 get=0x0 len=9112 coding=1 startqp=0 meanqp=0 picbytes=0 pskip=0 nalus=1 n1:9112
frame 1162: send=0x0 get=0x0 len=19630 coding=1 startqp=0 meanqp=0 picbytes=0 pskip=0 nalus=1 n1:19630
frame 1163: send=0x0 get=0x0 len=13279 coding=1 startqp=0 meanqp=0 picbytes=0 pskip=0 nalus=1 n1:13279
frame 1164: send=0x0 get=0x0 len=22700 coding=1 startqp=0 meanqp=0 picbytes=0 pskip=0 nalus=1 n1:22700
frame 1165: send=0x0 get=0x0 len=8809 coding=1 startqp=0 meanqp=0 picbytes=0 pskip=0 nalus=1 n1:8809
frame 1166: send=0x0 get=0x0 len=19611 coding=1 startqp=0 meanqp=0 picbytes=0 pskip=0 nalus=1 n1:19611
frame 1167: send=0x0 get=0x0 len=13335 coding=1 startqp=0 meanqp=0 picbytes=0 pskip=0 nalus=1 n1:13335
frame 1168: send=0x0 get=0x0 len=22433 coding=1 startqp=0 meanqp=0 picbytes=0 pskip=0 nalus=1 n1:22433
frame 1169: send=0x0 get=0x0 len=9170 coding=1 startqp=0 meanqp=0 picbytes=0 pskip=0 nalus=1 n1:9170
frame 1170: send=0x0 get=0x0 len=18127 coding=0 startqp=0 meanqp=0 picbytes=0 pskip=0 nalus=3 n7:32 n8:8 n5:18087
frame 1171: send=0x0 get=0x0 len=16986 coding=1 startqp=0 meanqp=0 picbytes=0 pskip=0 nalus=1 n1:16986
frame 1172: send=0x0 get=0x0 len=23754 coding=1 startqp=0 meanqp=0 picbytes=0 pskip=0 nalus=1 n1:23754
frame 1173: send=0x0 get=0x0 len=9350 coding=1 startqp=0 meanqp=0 picbytes=0 pskip=0 nalus=1 n1:9350
frame 1174: send=0x0 get=0x0 len=20147 coding=1 startqp=0 meanqp=0 picbytes=0 pskip=0 nalus=1 n1:20147
frame 1175: send=0x0 get=0x0 len=13279 coding=1 startqp=0 meanqp=0 picbytes=0 pskip=0 nalus=1 n1:13279
frame 1176: send=0x0 get=0x0 len=22534 coding=1 startqp=0 meanqp=0 picbytes=0 pskip=0 nalus=1 n1:22534
frame 1177: send=0x0 get=0x0 len=8780 coding=1 startqp=0 meanqp=0 picbytes=0 pskip=0 nalus=1 n1:8780
frame 1178: send=0x0 get=0x0 len=20081 coding=1 startqp=0 meanqp=0 picbytes=0 pskip=0 nalus=1 n1:20081
frame 1179: send=0x0 get=0x0 len=13132 coding=1 startqp=0 meanqp=0 picbytes=0 pskip=0 nalus=1 n1:13132
frame 1180: send=0x0 get=0x0 len=22420 coding=1 startqp=0 meanqp=0 picbytes=0 pskip=0 nalus=1 n1:22420
frame 1181: send=0x0 get=0x0 len=8448 coding=1 startqp=0 meanqp=0 picbytes=0 pskip=0 nalus=1 n1:8448
frame 1182: send=0x0 get=0x0 len=19933 coding=1 startqp=0 meanqp=0 picbytes=0 pskip=0 nalus=1 n1:19933
frame 1183: send=0x0 get=0x0 len=12612 coding=1 startqp=0 meanqp=0 picbytes=0 pskip=0 nalus=1 n1:12612
frame 1184: send=0x0 get=0x0 len=22482 coding=1 startqp=0 meanqp=0 picbytes=0 pskip=0 nalus=1 n1:22482
frame 1185: send=0x0 get=0x0 len=8621 coding=1 startqp=0 meanqp=0 picbytes=0 pskip=0 nalus=1 n1:8621
frame 1186: send=0x0 get=0x0 len=19852 coding=1 startqp=0 meanqp=0 picbytes=0 pskip=0 nalus=1 n1:19852
frame 1187: send=0x0 get=0x0 len=13692 coding=1 startqp=0 meanqp=0 picbytes=0 pskip=0 nalus=1 n1:13692
frame 1188: send=0x0 get=0x0 len=22159 coding=1 startqp=0 meanqp=0 picbytes=0 pskip=0 nalus=1 n1:22159
frame 1189: send=0x0 get=0x0 len=9149 coding=1 startqp=0 meanqp=0 picbytes=0 pskip=0 nalus=1 n1:9149
frame 1190: send=0x0 get=0x0 len=19664 coding=1 startqp=0 meanqp=0 picbytes=0 pskip=0 nalus=1 n1:19664
frame 1191: send=0x0 get=0x0 len=15064 coding=1 startqp=0 meanqp=0 picbytes=0 pskip=0 nalus=1 n1:15064
frame 1192: send=0x0 get=0x0 len=22272 coding=1 startqp=0 meanqp=0 picbytes=0 pskip=0 nalus=1 n1:22272
frame 1193: send=0x0 get=0x0 len=10977 coding=1 startqp=0 meanqp=0 picbytes=0 pskip=0 nalus=1 n1:10977
frame 1194: send=0x0 get=0x0 len=19683 coding=1 startqp=0 meanqp=0 picbytes=0 pskip=0 nalus=1 n1:19683
frame 1195: send=0x0 get=0x0 len=16443 coding=1 startqp=0 meanqp=0 picbytes=0 pskip=0 nalus=1 n1:16443
frame 1196: send=0x0 get=0x0 len=26623 coding=1 startqp=0 meanqp=0 picbytes=0 pskip=0 nalus=1 n1:26623
frame 1197: send=0x0 get=0x0 len=10789 coding=1 startqp=0 meanqp=0 picbytes=0 pskip=0 nalus=1 n1:10789
frame 1198: send=0x0 get=0x0 len=21544 coding=1 startqp=0 meanqp=0 picbytes=0 pskip=0 nalus=1 n1:21544
frame 1199: send=0x0 get=0x0 len=18668 coding=1 startqp=0 meanqp=0 picbytes=0 pskip=0 nalus=1 n1:18668
---- /proc/ax_proc/venc ----
-------- VENC VERSION ------------------------
[Axera version]: ax_venc V3.0.0_20250319114413 Mar 19 2025 11:58:34 JK

-------- MODULE PARAM ------------------------
MaxChnNum   MaxRoiNum   MaxProcNum  
16          8           16          

-------- VENC CHN ATTR 1 ------------------------
ID    Type    wSrc    hSrc    Strd0   Strd1   maxW    maxH    PixFmt  link  InFifoDep    OutFifoDep   InDbgFifoLen InDbgFifoDep StrmBufSize(KB)
7     h264    1920    1080    3840    0       1920    1080    YUYV422 N     2            2            0            4            4114      
-------- VENC CHN ATTR 2 ------------------------
ID    [CropEn StartX  StartY  CropW   CropH]  Rotation  EncW    EncH    FrmSize      PTS          SeqNum       CompMode     CompLevel    PhyAddr0     PhyAddr1     PhyAddr2     
7     N       0       0       0       0       0         1920    1080    4147200      19800000     1189         NONE         0            742fc000     0            0            
-------- VENC RC ATTR 1 ------------------------
ID    RcMode    SrcFr   DstFr   Br(kbps)  MinQp   MaxQp   MinIQp  MaxIQp  IQpDelta  IpropMax   IpropMin   StartQp    QpDltRng   DeBrQpDlt  SvcEn   ChgPos  StillPercent MaxStillQp 
7     CBR       60.00   60.00   8000      10      51      10      51      0         40         10         -1         2          0          False   -       -            -          
-------- VENC RC ATTR 2  -----------------------
ID    QMapQpType  QMapUnit    QMapBlkType IQp   PQp   MinQpDelta MaxQpDelta MaxBitRate shtStaTime ltStaTime  ltMinBr  ltMaxBr  Br_ST(kbps)    Br_LT(kbps)    
7     N/A         64x64       N/A         -     -     -          -          -          -          -          -        -        -              -              
-------- VENC GOP ATTR  ------------------------
ID    GopMode   Gop   GopVI 
7     NormalP   30    0     
-------- VENC STATUS 1 -------------------------
ID    RJEn         RJThr(bps)   RJMode       RJEncGaps    SupFrmEn     SupPri       SupThrI      SupThrP      SplitEn      SliceNum     Range(In)    Range(out)   
7     N            0            Normal       0            N            0            500000       500000       N            0            Full         Full         
-------- VENC STATUS 2 -------------------------
ID    ChnStat   FrmRecv   FrmRls    FrmEnc    FrmDrop   FrmDup    EncFail   MissMatch StrmGet   StrmRls   OutFps    RealBr    ReEncCnt  DropCnt   BlkFail   GrpID     PID     TID     ThNum   RefInc    RefDec    Fail1   Fail2   Fail3   Fail4   
7     STARTED   1189      1189      1189      0         0         0         0         1189      1189      14.56     1985.38   0         0         0         -1        9099    9104    1       1189      1189      0       0       0       0       
-------- VENC HW STATUS  ------------------------
ID    OverFlow     TimeOut      
7     0            0            
-------- VENC ROI INFO  ------------------------
ID    Index        bEnable      bAbsQp       RoiQP        Width        Height       StartX       StartY       
done bg
