=== base: 
# vdrive tag=base codec=h265 1920x1080 rc=cbr br=8000 fps=60/60 gop=30 gopmode=normalp ltrint=0 ltrqpo=0 iqp=32 pqp=32 profile=0 level=153 tier=0 qp[10..51] iqp[10..51] iqd=0 firstqp=-1 iprop[10..40] idrrange=2 stattime=1 vq=0 ir=0/0 slice=0 debreath=0 scd=-1 rowqpd=-1 vui=-1 move=0 nframes=6
AX_SYS_Init rc=0x0
AX_VENC_Init rc=0x0
AX_VENC_CreateChn(7) rc=0x0
StartRecvFrame rc=0x0
AX_POOL_CreatePool id=0x0
blk=0x5e000000 phys=0x742f6000 virt=0xffffa946c000
frame: modid=0x11 stride=1920 fmt=0xd
  snapshot pre: 3 venc_ko blocks (pool0 0x73801000 len 0x10000)
frame 0: send=0x0 get=0x0 len=1159 coding=0 startqp=0 meanqp=0 picbytes=0 pskip=0 nalus=4 n32:27 n33:53 n34:12 n19:1067
  cu: inter64=0 inter32=0 inter16=0 inter8=0 intra32=0 intra16=0 intra8=0 intra4=0 reftype=0
  snapshot IDR: 3 venc_ko blocks (pool0 0x73801000 len 0x10000)
frame 1: send=0x0 get=0x0 len=828 coding=1 startqp=0 meanqp=0 picbytes=0 pskip=0 nalus=1 n1:828
  cu: inter64=0 inter32=0 inter16=0 inter8=0 intra32=0 intra16=0 intra8=0 intra4=0 reftype=0
  snapshot P: 3 venc_ko blocks (pool0 0x73801000 len 0x10000)
frame 2: send=0x0 get=0x0 len=1465 coding=1 startqp=0 meanqp=0 picbytes=0 pskip=0 nalus=1 n1:1465
  cu: inter64=0 inter32=0 inter16=0 inter8=0 intra32=0 intra16=0 intra8=0 intra4=0 reftype=0
frame 3: send=0x0 get=0x0 len=1152 coding=1 startqp=0 meanqp=0 picbytes=0 pskip=0 nalus=1 n1:1152
  cu: inter64=0 inter32=0 inter16=0 inter8=0 intra32=0 intra16=0 intra8=0 intra4=0 reftype=0
frame 4: send=0x0 get=0x0 len=1381 coding=1 startqp=0 meanqp=0 picbytes=0 pskip=0 nalus=1 n1:1381
  cu: inter64=0 inter32=0 inter16=0 inter8=0 intra32=0 intra16=0 intra8=0 intra4=0 reftype=0
frame 5: send=0x0 get=0x0 len=1136 coding=1 startqp=0 meanqp=0 picbytes=0 pskip=0 nalus=1 n1:1136
  cu: inter64=0 inter32=0 inter16=0 inter8=0 intra32=0 intra16=0 intra8=0 intra4=0 reftype=0
---- /proc/ax_proc/venc ----
-------- VENC VERSION ------------------------
[Axera version]: ax_venc V3.0.0_20250319114413 Mar 19 2025 11:58:34 JK

-------- MODULE PARAM ------------------------
MaxChnNum   MaxRoiNum   MaxProcNum  
16          8           16          

done base
rc=0
wrote /tmp/axwork/H5/vendor_base_IDR.txt (slot 1, 511 regs, sw191=0x4c000000 sw7=0x80002000 sw9=0x004047a4 sw5=0x3c043803)
wrote /tmp/axwork/H5/vendor_base_P.txt (slot 2, 511 regs, sw191=0x04000000 sw7=0x80002300 sw9=0x00404800 sw5=0x3c043801)
=== base_rep: 
# vdrive tag=base_rep codec=h265 1920x1080 rc=cbr br=8000 fps=60/60 gop=30 gopmode=normalp ltrint=0 ltrqpo=0 iqp=32 pqp=32 profile=0 level=153 tier=0 qp[10..51] iqp[10..51] iqd=0 firstqp=-1 iprop[10..40] idrrange=2 stattime=1 vq=0 ir=0/0 slice=0 debreath=0 scd=-1 rowqpd=-1 vui=-1 move=0 nframes=6
AX_SYS_Init rc=0x0
AX_VENC_Init rc=0x0
AX_VENC_CreateChn(7) rc=0x0
StartRecvFrame rc=0x0
AX_POOL_CreatePool id=0x0
blk=0x5e000000 phys=0x742f6000 virt=0xffff8f7bc000
frame: modid=0x11 stride=1920 fmt=0xd
  snapshot pre: 3 venc_ko blocks (pool0 0x73801000 len 0x10000)
frame 0: send=0x0 get=0x0 len=1159 coding=0 startqp=0 meanqp=0 picbytes=0 pskip=0 nalus=4 n32:27 n33:53 n34:12 n19:1067
  cu: inter64=0 inter32=0 inter16=0 inter8=0 intra32=0 intra16=0 intra8=0 intra4=0 reftype=0
  snapshot IDR: 3 venc_ko blocks (pool0 0x73801000 len 0x10000)
frame 1: send=0x0 get=0x0 len=828 coding=1 startqp=0 meanqp=0 picbytes=0 pskip=0 nalus=1 n1:828
  cu: inter64=0 inter32=0 inter16=0 inter8=0 intra32=0 intra16=0 intra8=0 intra4=0 reftype=0
  snapshot P: 3 venc_ko blocks (pool0 0x73801000 len 0x10000)
frame 2: send=0x0 get=0x0 len=1465 coding=1 startqp=0 meanqp=0 picbytes=0 pskip=0 nalus=1 n1:1465
  cu: inter64=0 inter32=0 inter16=0 inter8=0 intra32=0 intra16=0 intra8=0 intra4=0 reftype=0
frame 3: send=0x0 get=0x0 len=1152 coding=1 startqp=0 meanqp=0 picbytes=0 pskip=0 nalus=1 n1:1152
  cu: inter64=0 inter32=0 inter16=0 inter8=0 intra32=0 intra16=0 intra8=0 intra4=0 reftype=0
frame 4: send=0x0 get=0x0 len=1381 coding=1 startqp=0 meanqp=0 picbytes=0 pskip=0 nalus=1 n1:1381
  cu: inter64=0 inter32=0 inter16=0 inter8=0 intra32=0 intra16=0 intra8=0 intra4=0 reftype=0
frame 5: send=0x0 get=0x0 len=1136 coding=1 startqp=0 meanqp=0 picbytes=0 pskip=0 nalus=1 n1:1136
  cu: inter64=0 inter32=0 inter16=0 inter8=0 intra32=0 intra16=0 intra8=0 intra4=0 reftype=0
---- /proc/ax_proc/venc ----
-------- VENC VERSION ------------------------
[Axera version]: ax_venc V3.0.0_20250319114413 Mar 19 2025 11:58:34 JK

-------- MODULE PARAM ------------------------
MaxChnNum   MaxRoiNum   MaxProcNum  
16          8           16          

done base_rep
rc=0
wrote /tmp/axwork/H5/vendor_base_rep_IDR.txt (slot 1, 511 regs, sw191=0x4c000000 sw7=0x80002000 sw9=0x004047a4 sw5=0x3c043803)
wrote /tmp/axwork/H5/vendor_base_rep_P.txt (slot 2, 511 regs, sw191=0x04000000 sw7=0x80002300 sw9=0x00404800 sw5=0x3c043801)
=== profile1: profile=1
# vdrive tag=profile1 codec=h265 1920x1080 rc=cbr br=8000 fps=60/60 gop=30 gopmode=normalp ltrint=0 ltrqpo=0 iqp=32 pqp=32 profile=1 level=153 tier=0 qp[10..51] iqp[10..51] iqd=0 firstqp=-1 iprop[10..40] idrrange=2 stattime=1 vq=0 ir=0/0 slice=0 debreath=0 scd=-1 rowqpd=-1 vui=-1 move=0 nframes=6
AX_SYS_Init rc=0x0
AX_VENC_Init rc=0x0
AX_VENC_CreateChn(7) rc=0x0
StartRecvFrame rc=0x0
AX_POOL_CreatePool id=0x0
blk=0x5e000000 phys=0x742f6000 virt=0xffff7f9cc000
frame: modid=0x11 stride=1920 fmt=0xd
  snapshot pre: 3 venc_ko blocks (pool0 0x73801000 len 0x10000)
frame 0: send=0x0 get=0x0 len=1158 coding=0 startqp=0 meanqp=0 picbytes=0 pskip=0 nalus=4 n32:27 n33:52 n34:12 n19:1067
  cu: inter64=0 inter32=0 inter16=0 inter8=0 intra32=0 intra16=0 intra8=0 intra4=0 reftype=0
  snapshot IDR: 3 venc_ko blocks (pool0 0x73801000 len 0x10000)
frame 1: send=0x0 get=0x80070222 (no stream)
frame 2: send=0x0 get=0x0 len=1434 coding=0 startqp=0 meanqp=0 picbytes=0 pskip=0 nalus=1 n1:1434
  cu: inter64=0 inter32=0 inter16=0 inter8=0 intra32=0 intra16=0 intra8=0 intra4=0 reftype=0
frame 3: send=0x0 get=0x80070222 (no stream)
frame 4: send=0x0 get=0x0 len=2157 coding=0 startqp=0 meanqp=0 picbytes=0 pskip=0 nalus=1 n1:2157
  cu: inter64=0 inter32=0 inter16=0 inter8=0 intra32=0 intra16=0 intra8=0 intra4=0 reftype=0
frame 5: send=0x0 get=0x80070222 (no stream)
---- /proc/ax_proc/venc ----
-------- VENC VERSION ------------------------
[Axera version]: ax_venc V3.0.0_20250319114413 Mar 19 2025 11:58:34 JK

-------- MODULE PARAM ------------------------
MaxChnNum   MaxRoiNum   MaxProcNum  
16          8           16          

-------- VENC CHN ATTR 1 ------------------------
ID    Type    wSrc    hSrc    Strd0   Strd1   maxW    maxH    PixFmt  link  InFifoDep    OutFifoDep   InDbgFifoLen InDbgFifoDep StrmBufSize(KB)
7     h265    1920    1080    3840    0       1920    1080    YUYV422 N     2            2            0            4            4114      
-------- VENC CHN ATTR 2 ------------------------
ID    [CropEn StartX  StartY  CropW   CropH]  Rotation  EncW    EncH    FrmSize      PTS          SeqNum       CompMode     CompLevel    PhyAddr0     PhyAddr1     PhyAddr2     
7     N       0       0       0       0       0         1920    1080    4147200      83333        6            NONE         0            742f6000     0            0            
-------- VENC RC ATTR 1 ------------------------
ID    RcMode    SrcFr   DstFr   Br(kbps)  MinQp   MaxQp   MinIQp  MaxIQp  IQpDelta  IpropMax   IpropMin   StartQp    QpDltRng   DeBrQpDlt  SvcEn   ChgPos  StillPercent MaxStillQp 
7     CBR       60.00   60.00   8000      10      51      10      51      0         40         10         -1         2          0          False   -       -            -          
-------- VENC RC ATTR 2  -----------------------
ID    QMapQpType  QMapUnit    QMapBlkType IQp   PQp   MinQpDelta MaxQpDelta MaxBitRate shtStaTime ltStaTime  ltMinBr  ltMaxBr  Br_ST(kbps)    Br_LT(kbps)    
7     N/A         64x64       N/A         -     -     -          -          -          -          -          -        -        -              -              
-------- VENC GOP ATTR  ------------------------
ID    GopMode   Gop   GopVI 
7     NormalP   30    0     
-------- VENC STATUS 1 -------------------------
ID    RJEn         RJThr(bps)   RJMode       RJEncGaps    SupFrmEn     SupPri       SupThrI      SupThrP      SplitEn      SliceNum     Range(In)    Range(out)   
7     N            0            Normal       0            N            0            500000       500000       N            0            Full         Full         
-------- VENC STATUS 2 -------------------------
ID    ChnStat   FrmRecv   FrmRls    FrmEnc    FrmDrop   FrmDup    EncFail   MissMatch StrmGet   StrmRls   OutFps    RealBr    ReEncCnt  DropCnt   BlkFail   GrpID     PID     TID     ThNum   RefInc    RefDec    Fail1   Fail2   Fail3   Fail4   
7     STARTED   6         6         3         0         0         3         0         3         3         0.33      0.00      0         0         0         -1        5546    5550    1       6         6         0       0       0       0       
-------- VENC HW STATUS  ------------------------
ID    OverFlow     TimeOut      
7     0            0            
-------- VENC ROI INFO  ------------------------
ID    Index        bEnable      bAbsQp       RoiQP        Width        Height       StartX       StartY       
done profile1
rc=0
wrote /tmp/axwork/H5/vendor_profile1_IDR.txt (slot 1, 511 regs, sw191=0x4c000000 sw7=0x80002000 sw9=0x004047a5 sw5=0x3c043803)
!! no P program for profile1
=== profile2: profile=2
# vdrive tag=profile2 codec=h265 1920x1080 rc=cbr br=8000 fps=60/60 gop=30 gopmode=normalp ltrint=0 ltrqpo=0 iqp=32 pqp=32 profile=2 level=153 tier=0 qp[10..51] iqp[10..51] iqd=0 firstqp=-1 iprop[10..40] idrrange=2 stattime=1 vq=0 ir=0/0 slice=0 debreath=0 scd=-1 rowqpd=-1 vui=-1 move=0 nframes=6
AX_SYS_Init rc=0x0
AX_VENC_Init rc=0x0
AX_VENC_CreateChn(7) rc=0x0
StartRecvFrame rc=0x0
AX_POOL_CreatePool id=0x0
blk=0x5e000000 phys=0x742f6000 virt=0xffff8e97c000
frame: modid=0x11 stride=1920 fmt=0xd
  snapshot pre: 3 venc_ko blocks (pool0 0x73801000 len 0x10000)
frame 0: send=0x0 get=0x0 len=1159 coding=0 startqp=0 meanqp=0 picbytes=0 pskip=0 nalus=4 n32:27 n33:53 n34:12 n19:1067
  cu: inter64=0 inter32=0 inter16=0 inter8=0 intra32=0 intra16=0 intra8=0 intra4=0 reftype=0
  snapshot IDR: 3 venc_ko blocks (pool0 0x73801000 len 0x10000)
frame 1: send=0x0 get=0x0 len=828 coding=1 startqp=0 meanqp=0 picbytes=0 pskip=0 nalus=1 n1:828
  cu: inter64=0 inter32=0 inter16=0 inter8=0 intra32=0 intra16=0 intra8=0 intra4=0 reftype=0
  snapshot P: 3 venc_ko blocks (pool0 0x73801000 len 0x10000)
frame 2: send=0x0 get=0x0 len=1465 coding=1 startqp=0 meanqp=0 picbytes=0 pskip=0 nalus=1 n1:1465
  cu: inter64=0 inter32=0 inter16=0 inter8=0 intra32=0 intra16=0 intra8=0 intra4=0 reftype=0
frame 3: send=0x0 get=0x0 len=1152 coding=1 startqp=0 meanqp=0 picbytes=0 pskip=0 nalus=1 n1:1152
  cu: inter64=0 inter32=0 inter16=0 inter8=0 intra32=0 intra16=0 intra8=0 intra4=0 reftype=0
frame 4: send=0x0 get=0x0 len=1381 coding=1 startqp=0 meanqp=0 picbytes=0 pskip=0 nalus=1 n1:1381
  cu: inter64=0 inter32=0 inter16=0 inter8=0 intra32=0 intra16=0 intra8=0 intra4=0 reftype=0
frame 5: send=0x0 get=0x0 len=1136 coding=1 startqp=0 meanqp=0 picbytes=0 pskip=0 nalus=1 n1:1136
  cu: inter64=0 inter32=0 inter16=0 inter8=0 intra32=0 intra16=0 intra8=0 intra4=0 reftype=0
---- /proc/ax_proc/venc ----
-------- VENC VERSION ------------------------
[Axera version]: ax_venc V3.0.0_20250319114413 Mar 19 2025 11:58:34 JK

-------- MODULE PARAM ------------------------
MaxChnNum   MaxRoiNum   MaxProcNum  
16          8           16          

done profile2
rc=0
wrote /tmp/axwork/H5/vendor_profile2_IDR.txt (slot 1, 511 regs, sw191=0x4c000000 sw7=0x80002000 sw9=0x004047a4 sw5=0x3c043803)
wrote /tmp/axwork/H5/vendor_profile2_P.txt (slot 2, 511 regs, sw191=0x04000000 sw7=0x80002300 sw9=0x00404800 sw5=0x3c043801)
=== profile3: profile=3
# vdrive tag=profile3 codec=h265 1920x1080 rc=cbr br=8000 fps=60/60 gop=30 gopmode=normalp ltrint=0 ltrqpo=0 iqp=32 pqp=32 profile=3 level=153 tier=0 qp[10..51] iqp[10..51] iqd=0 firstqp=-1 iprop[10..40] idrrange=2 stattime=1 vq=0 ir=0/0 slice=0 debreath=0 scd=-1 rowqpd=-1 vui=-1 move=0 nframes=6
AX_SYS_Init rc=0x0
AX_VENC_Init rc=0x0
AX_VENC_CreateChn(7) rc=0x80070280
REFUSED create rc=0x80070280
rc=3
!! no IDR program for profile3
!! no P program for profile3
=== tier1: tier=1
# vdrive tag=tier1 codec=h265 1920x1080 rc=cbr br=8000 fps=60/60 gop=30 gopmode=normalp ltrint=0 ltrqpo=0 iqp=32 pqp=32 profile=0 level=153 tier=1 qp[10..51] iqp[10..51] iqd=0 firstqp=-1 iprop[10..40] idrrange=2 stattime=1 vq=0 ir=0/0 slice=0 debreath=0 scd=-1 rowqpd=-1 vui=-1 move=0 nframes=6
AX_SYS_Init rc=0x0
AX_VENC_Init rc=0x0
AX_VENC_CreateChn(7) rc=0x0
StartRecvFrame rc=0x0
AX_POOL_CreatePool id=0x0
blk=0x5e000000 phys=0x742f6000 virt=0xffff91c5c000
frame: modid=0x11 stride=1920 fmt=0xd
  snapshot pre: 3 venc_ko blocks (pool0 0x73801000 len 0x10000)
frame 0: send=0x0 get=0x0 len=1159 coding=0 startqp=0 meanqp=0 picbytes=0 pskip=0 nalus=4 n32:27 n33:53 n34:12 n19:1067
  cu: inter64=0 inter32=0 inter16=0 inter8=0 intra32=0 intra16=0 intra8=0 intra4=0 reftype=0
  snapshot IDR: 3 venc_ko blocks (pool0 0x73801000 len 0x10000)
frame 1: send=0x0 get=0x0 len=828 coding=1 startqp=0 meanqp=0 picbytes=0 pskip=0 nalus=1 n1:828
  cu: inter64=0 inter32=0 inter16=0 inter8=0 intra32=0 intra16=0 intra8=0 intra4=0 reftype=0
  snapshot P: 3 venc_ko blocks (pool0 0x73801000 len 0x10000)
frame 2: send=0x0 get=0x0 len=1465 coding=1 startqp=0 meanqp=0 picbytes=0 pskip=0 nalus=1 n1:1465
  cu: inter64=0 inter32=0 inter16=0 inter8=0 intra32=0 intra16=0 intra8=0 intra4=0 reftype=0
frame 3: send=0x0 get=0x0 len=1152 coding=1 startqp=0 meanqp=0 picbytes=0 pskip=0 nalus=1 n1:1152
  cu: inter64=0 inter32=0 inter16=0 inter8=0 intra32=0 intra16=0 intra8=0 intra4=0 reftype=0
frame 4: send=0x0 get=0x0 len=1381 coding=1 startqp=0 meanqp=0 picbytes=0 pskip=0 nalus=1 n1:1381
  cu: inter64=0 inter32=0 inter16=0 inter8=0 intra32=0 intra16=0 intra8=0 intra4=0 reftype=0
frame 5: send=0x0 get=0x0 len=1136 coding=1 startqp=0 meanqp=0 picbytes=0 pskip=0 nalus=1 n1:1136
  cu: inter64=0 inter32=0 inter16=0 inter8=0 intra32=0 intra16=0 intra8=0 intra4=0 reftype=0
---- /proc/ax_proc/venc ----
-------- VENC VERSION ------------------------
[Axera version]: ax_venc V3.0.0_20250319114413 Mar 19 2025 11:58:34 JK

-------- MODULE PARAM ------------------------
MaxChnNum   MaxRoiNum   MaxProcNum  
16          8           16          

done tier1
rc=0
wrote /tmp/axwork/H5/vendor_tier1_IDR.txt (slot 1, 511 regs, sw191=0x4c000000 sw7=0x80002000 sw9=0x004047a4 sw5=0x3c043803)
wrote /tmp/axwork/H5/vendor_tier1_P.txt (slot 2, 511 regs, sw191=0x04000000 sw7=0x80002300 sw9=0x00404800 sw5=0x3c043801)
=== level120: level=120
# vdrive tag=level120 codec=h265 1920x1080 rc=cbr br=8000 fps=60/60 gop=30 gopmode=normalp ltrint=0 ltrqpo=0 iqp=32 pqp=32 profile=0 level=120 tier=0 qp[10..51] iqp[10..51] iqd=0 firstqp=-1 iprop[10..40] idrrange=2 stattime=1 vq=0 ir=0/0 slice=0 debreath=0 scd=-1 rowqpd=-1 vui=-1 move=0 nframes=6
AX_SYS_Init rc=0x0
AX_VENC_Init rc=0x0
AX_VENC_CreateChn(7) rc=0x0
StartRecvFrame rc=0x0
AX_POOL_CreatePool id=0x0
blk=0x5e000000 phys=0x742f6000 virt=0xffffa283c000
frame: modid=0x11 stride=1920 fmt=0xd
  snapshot pre: 3 venc_ko blocks (pool0 0x73801000 len 0x10000)
frame 0: send=0x0 get=0x0 len=1159 coding=0 startqp=0 meanqp=0 picbytes=0 pskip=0 nalus=4 n32:27 n33:53 n34:12 n19:1067
  cu: inter64=0 inter32=0 inter16=0 inter8=0 intra32=0 intra16=0 intra8=0 intra4=0 reftype=0
  snapshot IDR: 3 venc_ko blocks (pool0 0x73801000 len 0x10000)
frame 1: send=0x0 get=0x0 len=828 coding=1 startqp=0 meanqp=0 picbytes=0 pskip=0 nalus=1 n1:828
  cu: inter64=0 inter32=0 inter16=0 inter8=0 intra32=0 intra16=0 intra8=0 intra4=0 reftype=0
  snapshot P: 3 venc_ko blocks (pool0 0x73801000 len 0x10000)
frame 2: send=0x0 get=0x0 len=1465 coding=1 startqp=0 meanqp=0 picbytes=0 pskip=0 nalus=1 n1:1465
  cu: inter64=0 inter32=0 inter16=0 inter8=0 intra32=0 intra16=0 intra8=0 intra4=0 reftype=0
frame 3: send=0x0 get=0x0 len=1152 coding=1 startqp=0 meanqp=0 picbytes=0 pskip=0 nalus=1 n1:1152
  cu: inter64=0 inter32=0 inter16=0 inter8=0 intra32=0 intra16=0 intra8=0 intra4=0 reftype=0
frame 4: send=0x0 get=0x0 len=1381 coding=1 startqp=0 meanqp=0 picbytes=0 pskip=0 nalus=1 n1:1381
  cu: inter64=0 inter32=0 inter16=0 inter8=0 intra32=0 intra16=0 intra8=0 intra4=0 reftype=0
frame 5: send=0x0 get=0x0 len=1136 coding=1 startqp=0 meanqp=0 picbytes=0 pskip=0 nalus=1 n1:1136
  cu: inter64=0 inter32=0 inter16=0 inter8=0 intra32=0 intra16=0 intra8=0 intra4=0 reftype=0
---- /proc/ax_proc/venc ----
-------- VENC VERSION ------------------------
[Axera version]: ax_venc V3.0.0_20250319114413 Mar 19 2025 11:58:34 JK

-------- MODULE PARAM ------------------------
MaxChnNum   MaxRoiNum   MaxProcNum  
16          8           16          

done level120
rc=0
wrote /tmp/axwork/H5/vendor_level120_IDR.txt (slot 1, 511 regs, sw191=0x4c000000 sw7=0x80002000 sw9=0x004047a4 sw5=0x3c043803)
wrote /tmp/axwork/H5/vendor_level120_P.txt (slot 2, 511 regs, sw191=0x04000000 sw7=0x80002300 sw9=0x00404800 sw5=0x3c043801)
=== level150: level=150
# vdrive tag=level150 codec=h265 1920x1080 rc=cbr br=8000 fps=60/60 gop=30 gopmode=normalp ltrint=0 ltrqpo=0 iqp=32 pqp=32 profile=0 level=150 tier=0 qp[10..51] iqp[10..51] iqd=0 firstqp=-1 iprop[10..40] idrrange=2 stattime=1 vq=0 ir=0/0 slice=0 debreath=0 scd=-1 rowqpd=-1 vui=-1 move=0 nframes=6
AX_SYS_Init rc=0x0
AX_VENC_Init rc=0x0
AX_VENC_CreateChn(7) rc=0x0
StartRecvFrame rc=0x0
AX_POOL_CreatePool id=0x0
blk=0x5e000000 phys=0x742f6000 virt=0xffffbb04c000
frame: modid=0x11 stride=1920 fmt=0xd
  snapshot pre: 3 venc_ko blocks (pool0 0x73801000 len 0x10000)
frame 0: send=0x0 get=0x0 len=1159 coding=0 startqp=0 meanqp=0 picbytes=0 pskip=0 nalus=4 n32:27 n33:53 n34:12 n19:1067
  cu: inter64=0 inter32=0 inter16=0 inter8=0 intra32=0 intra16=0 intra8=0 intra4=0 reftype=0
  snapshot IDR: 3 venc_ko blocks (pool0 0x73801000 len 0x10000)
frame 1: send=0x0 get=0x0 len=828 coding=1 startqp=0 meanqp=0 picbytes=0 pskip=0 nalus=1 n1:828
  cu: inter64=0 inter32=0 inter16=0 inter8=0 intra32=0 intra16=0 intra8=0 intra4=0 reftype=0
  snapshot P: 3 venc_ko blocks (pool0 0x73801000 len 0x10000)
frame 2: send=0x0 get=0x0 len=1465 coding=1 startqp=0 meanqp=0 picbytes=0 pskip=0 nalus=1 n1:1465
  cu: inter64=0 inter32=0 inter16=0 inter8=0 intra32=0 intra16=0 intra8=0 intra4=0 reftype=0
frame 3: send=0x0 get=0x0 len=1152 coding=1 startqp=0 meanqp=0 picbytes=0 pskip=0 nalus=1 n1:1152
  cu: inter64=0 inter32=0 inter16=0 inter8=0 intra32=0 intra16=0 intra8=0 intra4=0 reftype=0
frame 4: send=0x0 get=0x0 len=1381 coding=1 startqp=0 meanqp=0 picbytes=0 pskip=0 nalus=1 n1:1381
  cu: inter64=0 inter32=0 inter16=0 inter8=0 intra32=0 intra16=0 intra8=0 intra4=0 reftype=0
frame 5: send=0x0 get=0x0 len=1136 coding=1 startqp=0 meanqp=0 picbytes=0 pskip=0 nalus=1 n1:1136
  cu: inter64=0 inter32=0 inter16=0 inter8=0 intra32=0 intra16=0 intra8=0 intra4=0 reftype=0
---- /proc/ax_proc/venc ----
-------- VENC VERSION ------------------------
[Axera version]: ax_venc V3.0.0_20250319114413 Mar 19 2025 11:58:34 JK

-------- MODULE PARAM ------------------------
MaxChnNum   MaxRoiNum   MaxProcNum  
16          8           16          

done level150
rc=0
wrote /tmp/axwork/H5/vendor_level150_IDR.txt (slot 1, 511 regs, sw191=0x4c000000 sw7=0x80002000 sw9=0x004047a4 sw5=0x3c043803)
wrote /tmp/axwork/H5/vendor_level150_P.txt (slot 2, 511 regs, sw191=0x04000000 sw7=0x80002300 sw9=0x00404800 sw5=0x3c043801)
=== level180: level=180
# vdrive tag=level180 codec=h265 1920x1080 rc=cbr br=8000 fps=60/60 gop=30 gopmode=normalp ltrint=0 ltrqpo=0 iqp=32 pqp=32 profile=0 level=180 tier=0 qp[10..51] iqp[10..51] iqd=0 firstqp=-1 iprop[10..40] idrrange=2 stattime=1 vq=0 ir=0/0 slice=0 debreath=0 scd=-1 rowqpd=-1 vui=-1 move=0 nframes=6
AX_SYS_Init rc=0x0
AX_VENC_Init rc=0x0
AX_VENC_CreateChn(7) rc=0x0
StartRecvFrame rc=0x0
AX_POOL_CreatePool id=0x0
blk=0x5e000000 phys=0x742f6000 virt=0xffff8638c000
frame: modid=0x11 stride=1920 fmt=0xd
  snapshot pre: 3 venc_ko blocks (pool0 0x73801000 len 0x10000)
frame 0: send=0x0 get=0x0 len=1159 coding=0 startqp=0 meanqp=0 picbytes=0 pskip=0 nalus=4 n32:27 n33:53 n34:12 n19:1067
  cu: inter64=0 inter32=0 inter16=0 inter8=0 intra32=0 intra16=0 intra8=0 intra4=0 reftype=0
  snapshot IDR: 3 venc_ko blocks (pool0 0x73801000 len 0x10000)
frame 1: send=0x0 get=0x0 len=828 coding=1 startqp=0 meanqp=0 picbytes=0 pskip=0 nalus=1 n1:828
  cu: inter64=0 inter32=0 inter16=0 inter8=0 intra32=0 intra16=0 intra8=0 intra4=0 reftype=0
  snapshot P: 3 venc_ko blocks (pool0 0x73801000 len 0x10000)
frame 2: send=0x0 get=0x0 len=1465 coding=1 startqp=0 meanqp=0 picbytes=0 pskip=0 nalus=1 n1:1465
  cu: inter64=0 inter32=0 inter16=0 inter8=0 intra32=0 intra16=0 intra8=0 intra4=0 reftype=0
frame 3: send=0x0 get=0x0 len=1152 coding=1 startqp=0 meanqp=0 picbytes=0 pskip=0 nalus=1 n1:1152
  cu: inter64=0 inter32=0 inter16=0 inter8=0 intra32=0 intra16=0 intra8=0 intra4=0 reftype=0
frame 4: send=0x0 get=0x0 len=1381 coding=1 startqp=0 meanqp=0 picbytes=0 pskip=0 nalus=1 n1:1381
  cu: inter64=0 inter32=0 inter16=0 inter8=0 intra32=0 intra16=0 intra8=0 intra4=0 reftype=0
frame 5: send=0x0 get=0x0 len=1136 coding=1 startqp=0 meanqp=0 picbytes=0 pskip=0 nalus=1 n1:1136
  cu: inter64=0 inter32=0 inter16=0 inter8=0 intra32=0 intra16=0 intra8=0 intra4=0 reftype=0
---- /proc/ax_proc/venc ----
-------- VENC VERSION ------------------------
[Axera version]: ax_venc V3.0.0_20250319114413 Mar 19 2025 11:58:34 JK

-------- MODULE PARAM ------------------------
MaxChnNum   MaxRoiNum   MaxProcNum  
16          8           16          

done level180
rc=0
wrote /tmp/axwork/H5/vendor_level180_IDR.txt (slot 1, 511 regs, sw191=0x4c000000 sw7=0x80002000 sw9=0x004047a4 sw5=0x3c043803)
wrote /tmp/axwork/H5/vendor_level180_P.txt (slot 2, 511 regs, sw191=0x04000000 sw7=0x80002300 sw9=0x00404800 sw5=0x3c043801)
=== level93: level=93
# vdrive tag=level93 codec=h265 1920x1080 rc=cbr br=8000 fps=60/60 gop=30 gopmode=normalp ltrint=0 ltrqpo=0 iqp=32 pqp=32 profile=0 level=93 tier=0 qp[10..51] iqp[10..51] iqd=0 firstqp=-1 iprop[10..40] idrrange=2 stattime=1 vq=0 ir=0/0 slice=0 debreath=0 scd=-1 rowqpd=-1 vui=-1 move=0 nframes=6
AX_SYS_Init rc=0x0
AX_VENC_Init rc=0x0
AX_VENC_CreateChn(7) rc=0x0
StartRecvFrame rc=0x0
AX_POOL_CreatePool id=0x0
blk=0x5e000000 phys=0x742f6000 virt=0xffff93bcc000
frame: modid=0x11 stride=1920 fmt=0xd
  snapshot pre: 3 venc_ko blocks (pool0 0x73801000 len 0x10000)
frame 0: send=0x0 get=0x0 len=1159 coding=0 startqp=0 meanqp=0 picbytes=0 pskip=0 nalus=4 n32:27 n33:53 n34:12 n19:1067
  cu: inter64=0 inter32=0 inter16=0 inter8=0 intra32=0 intra16=0 intra8=0 intra4=0 reftype=0
  snapshot IDR: 3 venc_ko blocks (pool0 0x73801000 len 0x10000)
frame 1: send=0x0 get=0x0 len=828 coding=1 startqp=0 meanqp=0 picbytes=0 pskip=0 nalus=1 n1:828
  cu: inter64=0 inter32=0 inter16=0 inter8=0 intra32=0 intra16=0 intra8=0 intra4=0 reftype=0
  snapshot P: 3 venc_ko blocks (pool0 0x73801000 len 0x10000)
frame 2: send=0x0 get=0x0 len=1465 coding=1 startqp=0 meanqp=0 picbytes=0 pskip=0 nalus=1 n1:1465
  cu: inter64=0 inter32=0 inter16=0 inter8=0 intra32=0 intra16=0 intra8=0 intra4=0 reftype=0
frame 3: send=0x0 get=0x0 len=1152 coding=1 startqp=0 meanqp=0 picbytes=0 pskip=0 nalus=1 n1:1152
  cu: inter64=0 inter32=0 inter16=0 inter8=0 intra32=0 intra16=0 intra8=0 intra4=0 reftype=0
frame 4: send=0x0 get=0x0 len=1381 coding=1 startqp=0 meanqp=0 picbytes=0 pskip=0 nalus=1 n1:1381
  cu: inter64=0 inter32=0 inter16=0 inter8=0 intra32=0 intra16=0 intra8=0 intra4=0 reftype=0
frame 5: send=0x0 get=0x0 len=1136 coding=1 startqp=0 meanqp=0 picbytes=0 pskip=0 nalus=1 n1:1136
  cu: inter64=0 inter32=0 inter16=0 inter8=0 intra32=0 intra16=0 intra8=0 intra4=0 reftype=0
---- /proc/ax_proc/venc ----
-------- VENC VERSION ------------------------
[Axera version]: ax_venc V3.0.0_20250319114413 Mar 19 2025 11:58:34 JK

-------- MODULE PARAM ------------------------
MaxChnNum   MaxRoiNum   MaxProcNum  
16          8           16          

done level93
rc=0
wrote /tmp/axwork/H5/vendor_level93_IDR.txt (slot 1, 511 regs, sw191=0x4c000000 sw7=0x80002000 sw9=0x004047a4 sw5=0x3c043803)
wrote /tmp/axwork/H5/vendor_level93_P.txt (slot 2, 511 regs, sw191=0x04000000 sw7=0x80002300 sw9=0x00404800 sw5=0x3c043801)
=== gop1: gop=1
# vdrive tag=gop1 codec=h265 1920x1080 rc=cbr br=8000 fps=60/60 gop=1 gopmode=normalp ltrint=0 ltrqpo=0 iqp=32 pqp=32 profile=0 level=153 tier=0 qp[10..51] iqp[10..51] iqd=0 firstqp=-1 iprop[10..40] idrrange=2 stattime=1 vq=0 ir=0/0 slice=0 debreath=0 scd=-1 rowqpd=-1 vui=-1 move=0 nframes=6
AX_SYS_Init rc=0x0
AX_VENC_Init rc=0x0
AX_VENC_CreateChn(7) rc=0x0
StartRecvFrame rc=0x0
AX_POOL_CreatePool id=0x0
blk=0x5e000000 phys=0x742f6000 virt=0xffff80dac000
frame: modid=0x11 stride=1920 fmt=0xd
  snapshot pre: 3 venc_ko blocks (pool0 0x73801000 len 0x10000)
frame 0: send=0x0 get=0x0 len=1159 coding=0 startqp=0 meanqp=0 picbytes=0 pskip=0 nalus=4 n32:27 n33:53 n34:12 n19:1067
  cu: inter64=0 inter32=0 inter16=0 inter8=0 intra32=0 intra16=0 intra8=0 intra4=0 reftype=0
  snapshot IDR: 3 venc_ko blocks (pool0 0x73801000 len 0x10000)
frame 1: send=0x0 get=0x0 len=1524 coding=0 startqp=0 meanqp=0 picbytes=0 pskip=0 nalus=4 n32:27 n33:53 n34:12 n19:1432
  cu: inter64=0 inter32=0 inter16=0 inter8=0 intra32=0 intra16=0 intra8=0 intra4=0 reftype=0
frame 2: send=0x0 get=0x0 len=2247 coding=0 startqp=0 meanqp=0 picbytes=0 pskip=0 nalus=4 n32:27 n33:53 n34:12 n19:2155
  cu: inter64=0 inter32=0 inter16=0 inter8=0 intra32=0 intra16=0 intra8=0 intra4=0 reftype=0
frame 3: send=0x0 get=0x0 len=4388 coding=0 startqp=0 meanqp=0 picbytes=0 pskip=0 nalus=4 n32:27 n33:53 n34:12 n19:4296
  cu: inter64=0 inter32=0 inter16=0 inter8=0 intra32=0 intra16=0 intra8=0 intra4=0 reftype=0
frame 4: send=0x0 get=0x0 len=2117 coding=0 startqp=0 meanqp=0 picbytes=0 pskip=0 nalus=4 n32:27 n33:53 n34:12 n19:2025
  cu: inter64=0 inter32=0 inter16=0 inter8=0 intra32=0 intra16=0 intra8=0 intra4=0 reftype=0
frame 5: send=0x0 get=0x0 len=2124 coding=0 startqp=0 meanqp=0 picbytes=0 pskip=0 nalus=4 n32:27 n33:53 n34:12 n19:2032
  cu: inter64=0 inter32=0 inter16=0 inter8=0 intra32=0 intra16=0 intra8=0 intra4=0 reftype=0
---- /proc/ax_proc/venc ----
-------- VENC VERSION ------------------------
[Axera version]: ax_venc V3.0.0_20250319114413 Mar 19 2025 11:58:34 JK

-------- MODULE PARAM ------------------------
MaxChnNum   MaxRoiNum   MaxProcNum  
16          8           16          

done gop1
rc=0
wrote /tmp/axwork/H5/vendor_gop1_IDR.txt (slot 1, 511 regs, sw191=0x4c000000 sw7=0x80002000 sw9=0x004047a4 sw5=0x3c043803)
!! no P program for gop1
=== gop8: gop=8
# vdrive tag=gop8 codec=h265 1920x1080 rc=cbr br=8000 fps=60/60 gop=8 gopmode=normalp ltrint=0 ltrqpo=0 iqp=32 pqp=32 profile=0 level=153 tier=0 qp[10..51] iqp[10..51] iqd=0 firstqp=-1 iprop[10..40] idrrange=2 stattime=1 vq=0 ir=0/0 slice=0 debreath=0 scd=-1 rowqpd=-1 vui=-1 move=0 nframes=6
AX_SYS_Init rc=0x0
AX_VENC_Init rc=0x0
AX_VENC_CreateChn(7) rc=0x0
StartRecvFrame rc=0x0
AX_POOL_CreatePool id=0x0
blk=0x5e000000 phys=0x742f6000 virt=0xffff9d1bc000
frame: modid=0x11 stride=1920 fmt=0xd
  snapshot pre: 3 venc_ko blocks (pool0 0x73801000 len 0x10000)
frame 0: send=0x0 get=0x0 len=1159 coding=0 startqp=0 meanqp=0 picbytes=0 pskip=0 nalus=4 n32:27 n33:53 n34:12 n19:1067
  cu: inter64=0 inter32=0 inter16=0 inter8=0 intra32=0 intra16=0 intra8=0 intra4=0 reftype=0
  snapshot IDR: 3 venc_ko blocks (pool0 0x73801000 len 0x10000)
frame 1: send=0x0 get=0x0 len=828 coding=1 startqp=0 meanqp=0 picbytes=0 pskip=0 nalus=1 n1:828
  cu: inter64=0 inter32=0 inter16=0 inter8=0 intra32=0 intra16=0 intra8=0 intra4=0 reftype=0
  snapshot P: 3 venc_ko blocks (pool0 0x73801000 len 0x10000)
frame 2: send=0x0 get=0x0 len=1465 coding=1 startqp=0 meanqp=0 picbytes=0 pskip=0 nalus=1 n1:1465
  cu: inter64=0 inter32=0 inter16=0 inter8=0 intra32=0 intra16=0 intra8=0 intra4=0 reftype=0
frame 3: send=0x0 get=0x0 len=1152 coding=1 startqp=0 meanqp=0 picbytes=0 pskip=0 nalus=1 n1:1152
  cu: inter64=0 inter32=0 inter16=0 inter8=0 intra32=0 intra16=0 intra8=0 intra4=0 reftype=0
frame 4: send=0x0 get=0x0 len=1381 coding=1 startqp=0 meanqp=0 picbytes=0 pskip=0 nalus=1 n1:1381
  cu: inter64=0 inter32=0 inter16=0 inter8=0 intra32=0 intra16=0 intra8=0 intra4=0 reftype=0
frame 5: send=0x0 get=0x0 len=1136 coding=1 startqp=0 meanqp=0 picbytes=0 pskip=0 nalus=1 n1:1136
  cu: inter64=0 inter32=0 inter16=0 inter8=0 intra32=0 intra16=0 intra8=0 intra4=0 reftype=0
---- /proc/ax_proc/venc ----
-------- VENC VERSION ------------------------
[Axera version]: ax_venc V3.0.0_20250319114413 Mar 19 2025 11:58:34 JK

-------- MODULE PARAM ------------------------
MaxChnNum   MaxRoiNum   MaxProcNum  
16          8           16          

done gop8
rc=0
wrote /tmp/axwork/H5/vendor_gop8_IDR.txt (slot 1, 511 regs, sw191=0x4c000000 sw7=0x80002000 sw9=0x004047a4 sw5=0x3c043803)
wrote /tmp/axwork/H5/vendor_gop8_P.txt (slot 2, 511 regs, sw191=0x04000000 sw7=0x80002300 sw9=0x00404800 sw5=0x3c043801)
=== gop60: gop=60
# vdrive tag=gop60 codec=h265 1920x1080 rc=cbr br=8000 fps=60/60 gop=60 gopmode=normalp ltrint=0 ltrqpo=0 iqp=32 pqp=32 profile=0 level=153 tier=0 qp[10..51] iqp[10..51] iqd=0 firstqp=-1 iprop[10..40] idrrange=2 stattime=1 vq=0 ir=0/0 slice=0 debreath=0 scd=-1 rowqpd=-1 vui=-1 move=0 nframes=6
AX_SYS_Init rc=0x0
AX_VENC_Init rc=0x0
AX_VENC_CreateChn(7) rc=0x0
StartRecvFrame rc=0x0
AX_POOL_CreatePool id=0x0
blk=0x5e000000 phys=0x742f6000 virt=0xffffb097c000
frame: modid=0x11 stride=1920 fmt=0xd
  snapshot pre: 3 venc_ko blocks (pool0 0x73801000 len 0x10000)
frame 0: send=0x0 get=0x0 len=1159 coding=0 startqp=0 meanqp=0 picbytes=0 pskip=0 nalus=4 n32:27 n33:53 n34:12 n19:1067
  cu: inter64=0 inter32=0 inter16=0 inter8=0 intra32=0 intra16=0 intra8=0 intra4=0 reftype=0
  snapshot IDR: 3 venc_ko blocks (pool0 0x73801000 len 0x10000)
frame 1: send=0x0 get=0x0 len=828 coding=1 startqp=0 meanqp=0 picbytes=0 pskip=0 nalus=1 n1:828
  cu: inter64=0 inter32=0 inter16=0 inter8=0 intra32=0 intra16=0 intra8=0 intra4=0 reftype=0
  snapshot P: 3 venc_ko blocks (pool0 0x73801000 len 0x10000)
frame 2: send=0x0 get=0x0 len=1465 coding=1 startqp=0 meanqp=0 picbytes=0 pskip=0 nalus=1 n1:1465
  cu: inter64=0 inter32=0 inter16=0 inter8=0 intra32=0 intra16=0 intra8=0 intra4=0 reftype=0
frame 3: send=0x0 get=0x0 len=1152 coding=1 startqp=0 meanqp=0 picbytes=0 pskip=0 nalus=1 n1:1152
  cu: inter64=0 inter32=0 inter16=0 inter8=0 intra32=0 intra16=0 intra8=0 intra4=0 reftype=0
frame 4: send=0x0 get=0x0 len=1381 coding=1 startqp=0 meanqp=0 picbytes=0 pskip=0 nalus=1 n1:1381
  cu: inter64=0 inter32=0 inter16=0 inter8=0 intra32=0 intra16=0 intra8=0 intra4=0 reftype=0
frame 5: send=0x0 get=0x0 len=1136 coding=1 startqp=0 meanqp=0 picbytes=0 pskip=0 nalus=1 n1:1136
  cu: inter64=0 inter32=0 inter16=0 inter8=0 intra32=0 intra16=0 intra8=0 intra4=0 reftype=0
---- /proc/ax_proc/venc ----
-------- VENC VERSION ------------------------
[Axera version]: ax_venc V3.0.0_20250319114413 Mar 19 2025 11:58:34 JK

-------- MODULE PARAM ------------------------
MaxChnNum   MaxRoiNum   MaxProcNum  
16          8           16          

done gop60
rc=0
wrote /tmp/axwork/H5/vendor_gop60_IDR.txt (slot 1, 511 regs, sw191=0x4c000000 sw7=0x80002000 sw9=0x004047a4 sw5=0x3c043803)
wrote /tmp/axwork/H5/vendor_gop60_P.txt (slot 2, 511 regs, sw191=0x04000000 sw7=0x80002300 sw9=0x00404800 sw5=0x3c043801)
=== gop120: gop=120
# vdrive tag=gop120 codec=h265 1920x1080 rc=cbr br=8000 fps=60/60 gop=120 gopmode=normalp ltrint=0 ltrqpo=0 iqp=32 pqp=32 profile=0 level=153 tier=0 qp[10..51] iqp[10..51] iqd=0 firstqp=-1 iprop[10..40] idrrange=2 stattime=1 vq=0 ir=0/0 slice=0 debreath=0 scd=-1 rowqpd=-1 vui=-1 move=0 nframes=6
AX_SYS_Init rc=0x0
AX_VENC_Init rc=0x0
AX_VENC_CreateChn(7) rc=0x0
StartRecvFrame rc=0x0
AX_POOL_CreatePool id=0x0
blk=0x5e000000 phys=0x742f6000 virt=0xffffa776c000
frame: modid=0x11 stride=1920 fmt=0xd
  snapshot pre: 3 venc_ko blocks (pool0 0x73801000 len 0x10000)
frame 0: send=0x0 get=0x0 len=1159 coding=0 startqp=0 meanqp=0 picbytes=0 pskip=0 nalus=4 n32:27 n33:53 n34:12 n19:1067
  cu: inter64=0 inter32=0 inter16=0 inter8=0 intra32=0 intra16=0 intra8=0 intra4=0 reftype=0
  snapshot IDR: 3 venc_ko blocks (pool0 0x73801000 len 0x10000)
frame 1: send=0x0 get=0x0 len=828 coding=1 startqp=0 meanqp=0 picbytes=0 pskip=0 nalus=1 n1:828
  cu: inter64=0 inter32=0 inter16=0 inter8=0 intra32=0 intra16=0 intra8=0 intra4=0 reftype=0
  snapshot P: 3 venc_ko blocks (pool0 0x73801000 len 0x10000)
frame 2: send=0x0 get=0x0 len=1465 coding=1 startqp=0 meanqp=0 picbytes=0 pskip=0 nalus=1 n1:1465
  cu: inter64=0 inter32=0 inter16=0 inter8=0 intra32=0 intra16=0 intra8=0 intra4=0 reftype=0
frame 3: send=0x0 get=0x0 len=1152 coding=1 startqp=0 meanqp=0 picbytes=0 pskip=0 nalus=1 n1:1152
  cu: inter64=0 inter32=0 inter16=0 inter8=0 intra32=0 intra16=0 intra8=0 intra4=0 reftype=0
frame 4: send=0x0 get=0x0 len=1381 coding=1 startqp=0 meanqp=0 picbytes=0 pskip=0 nalus=1 n1:1381
  cu: inter64=0 inter32=0 inter16=0 inter8=0 intra32=0 intra16=0 intra8=0 intra4=0 reftype=0
frame 5: send=0x0 get=0x0 len=1136 coding=1 startqp=0 meanqp=0 picbytes=0 pskip=0 nalus=1 n1:1136
  cu: inter64=0 inter32=0 inter16=0 inter8=0 intra32=0 intra16=0 intra8=0 intra4=0 reftype=0
---- /proc/ax_proc/venc ----
-------- VENC VERSION ------------------------
[Axera version]: ax_venc V3.0.0_20250319114413 Mar 19 2025 11:58:34 JK

-------- MODULE PARAM ------------------------
MaxChnNum   MaxRoiNum   MaxProcNum  
16          8           16          

done gop120
rc=0
wrote /tmp/axwork/H5/vendor_gop120_IDR.txt (slot 1, 511 regs, sw191=0x4c000000 sw7=0x80002000 sw9=0x004047a4 sw5=0x3c043803)
wrote /tmp/axwork/H5/vendor_gop120_P.txt (slot 2, 511 regs, sw191=0x04000000 sw7=0x80002300 sw9=0x00404800 sw5=0x3c043801)
=== fps30: fps=30
# vdrive tag=fps30 codec=h265 1920x1080 rc=cbr br=8000 fps=30/30 gop=30 gopmode=normalp ltrint=0 ltrqpo=0 iqp=32 pqp=32 profile=0 level=153 tier=0 qp[10..51] iqp[10..51] iqd=0 firstqp=-1 iprop[10..40] idrrange=2 stattime=1 vq=0 ir=0/0 slice=0 debreath=0 scd=-1 rowqpd=-1 vui=-1 move=0 nframes=6
AX_SYS_Init rc=0x0
AX_VENC_Init rc=0x0
AX_VENC_CreateChn(7) rc=0x0
StartRecvFrame rc=0x0
AX_POOL_CreatePool id=0x0
blk=0x5e000000 phys=0x742f6000 virt=0xffffbba7c000
frame: modid=0x11 stride=1920 fmt=0xd
  snapshot pre: 3 venc_ko blocks (pool0 0x73801000 len 0x10000)
frame 0: send=0x0 get=0x0 len=1159 coding=0 startqp=0 meanqp=0 picbytes=0 pskip=0 nalus=4 n32:27 n33:53 n34:11 n19:1068
  cu: inter64=0 inter32=0 inter16=0 inter8=0 intra32=0 intra16=0 intra8=0 intra4=0 reftype=0
  snapshot IDR: 3 venc_ko blocks (pool0 0x73801000 len 0x10000)
frame 1: send=0x0 get=0x0 len=829 coding=1 startqp=0 meanqp=0 picbytes=0 pskip=0 nalus=1 n1:829
  cu: inter64=0 inter32=0 inter16=0 inter8=0 intra32=0 intra16=0 intra8=0 intra4=0 reftype=0
  snapshot P: 3 venc_ko blocks (pool0 0x73801000 len 0x10000)
frame 2: send=0x0 get=0x0 len=1465 coding=1 startqp=0 meanqp=0 picbytes=0 pskip=0 nalus=1 n1:1465
  cu: inter64=0 inter32=0 inter16=0 inter8=0 intra32=0 intra16=0 intra8=0 intra4=0 reftype=0
frame 3: send=0x0 get=0x0 len=1152 coding=1 startqp=0 meanqp=0 picbytes=0 pskip=0 nalus=1 n1:1152
  cu: inter64=0 inter32=0 inter16=0 inter8=0 intra32=0 intra16=0 intra8=0 intra4=0 reftype=0
frame 4: send=0x0 get=0x0 len=1381 coding=1 startqp=0 meanqp=0 picbytes=0 pskip=0 nalus=1 n1:1381
  cu: inter64=0 inter32=0 inter16=0 inter8=0 intra32=0 intra16=0 intra8=0 intra4=0 reftype=0
frame 5: send=0x0 get=0x0 len=1136 coding=1 startqp=0 meanqp=0 picbytes=0 pskip=0 nalus=1 n1:1136
  cu: inter64=0 inter32=0 inter16=0 inter8=0 intra32=0 intra16=0 intra8=0 intra4=0 reftype=0
---- /proc/ax_proc/venc ----
-------- VENC VERSION ------------------------
[Axera version]: ax_venc V3.0.0_20250319114413 Mar 19 2025 11:58:34 JK

-------- MODULE PARAM ------------------------
MaxChnNum   MaxRoiNum   MaxProcNum  
16          8           16          

done fps30
rc=0
wrote /tmp/axwork/H5/vendor_fps30_IDR.txt (slot 1, 511 regs, sw191=0x4c000000 sw7=0x68002000 sw9=0x004047a5 sw5=0x3c043803)
wrote /tmp/axwork/H5/vendor_fps30_P.txt (slot 2, 511 regs, sw191=0x04000000 sw7=0x68002300 sw9=0x00404800 sw5=0x3c043801)
=== fps60d30: fps=60 dfps=30
# vdrive tag=fps60d30 codec=h265 1920x1080 rc=cbr br=8000 fps=60/30 gop=30 gopmode=normalp ltrint=0 ltrqpo=0 iqp=32 pqp=32 profile=0 level=153 tier=0 qp[10..51] iqp[10..51] iqd=0 firstqp=-1 iprop[10..40] idrrange=2 stattime=1 vq=0 ir=0/0 slice=0 debreath=0 scd=-1 rowqpd=-1 vui=-1 move=0 nframes=6
AX_SYS_Init rc=0x0
AX_VENC_Init rc=0x0
AX_VENC_CreateChn(7) rc=0x0
StartRecvFrame rc=0x0
AX_POOL_CreatePool id=0x0
blk=0x5e000000 phys=0x742f6000 virt=0xffffaecdc000
frame: modid=0x11 stride=1920 fmt=0xd
  snapshot pre: 3 venc_ko blocks (pool0 0x73801000 len 0x10000)
frame 0: send=0x0 get=0x80070222 (no stream)
frame 1: send=0x0 get=0x0 len=1159 coding=0 startqp=0 meanqp=0 picbytes=0 pskip=0 nalus=4 n32:27 n33:53 n34:11 n19:1068
  cu: inter64=0 inter32=0 inter16=0 inter8=0 intra32=0 intra16=0 intra8=0 intra4=0 reftype=0
  snapshot IDR: 3 venc_ko blocks (pool0 0x73801000 len 0x10000)
frame 2: send=0x0 get=0x80070222 (no stream)
frame 3: send=0x0 get=0x0 len=829 coding=1 startqp=0 meanqp=0 picbytes=0 pskip=0 nalus=1 n1:829
  cu: inter64=0 inter32=0 inter16=0 inter8=0 intra32=0 intra16=0 intra8=0 intra4=0 reftype=0
  snapshot P: 3 venc_ko blocks (pool0 0x73801000 len 0x10000)
frame 4: send=0x0 get=0x80070222 (no stream)
frame 5: send=0x0 get=0x0 len=1465 coding=1 startqp=0 meanqp=0 picbytes=0 pskip=0 nalus=1 n1:1465
  cu: inter64=0 inter32=0 inter16=0 inter8=0 intra32=0 intra16=0 intra8=0 intra4=0 reftype=0
---- /proc/ax_proc/venc ----
-------- VENC VERSION ------------------------
[Axera version]: ax_venc V3.0.0_20250319114413 Mar 19 2025 11:58:34 JK

-------- MODULE PARAM ------------------------
MaxChnNum   MaxRoiNum   MaxProcNum  
16          8           16          

-------- VENC CHN ATTR 1 ------------------------
ID    Type    wSrc    hSrc    Strd0   Strd1   maxW    maxH    PixFmt  link  InFifoDep    OutFifoDep   InDbgFifoLen InDbgFifoDep StrmBufSize(KB)
7     h265    1920    1080    3840    0       1920    1080    YUYV422 N     2            2            0            4            4114      
-------- VENC CHN ATTR 2 ------------------------
ID    [CropEn StartX  StartY  CropW   CropH]  Rotation  EncW    EncH    FrmSize      PTS          SeqNum       CompMode     CompLevel    PhyAddr0     PhyAddr1     PhyAddr2     
7     N       0       0       0       0       0         1920    1080    4147200      66666        5            NONE         0            742f6000     0            0            
-------- VENC RC ATTR 1 ------------------------
ID    RcMode    SrcFr   DstFr   Br(kbps)  MinQp   MaxQp   MinIQp  MaxIQp  IQpDelta  IpropMax   IpropMin   StartQp    QpDltRng   DeBrQpDlt  SvcEn   ChgPos  StillPercent MaxStillQp 
7     CBR       60.00   30.00   8000      10      51      10      51      0         40         10         -1         2          0          False   -       -            -          
-------- VENC RC ATTR 2  -----------------------
ID    QMapQpType  QMapUnit    QMapBlkType IQp   PQp   MinQpDelta MaxQpDelta MaxBitRate shtStaTime ltStaTime  ltMinBr  ltMaxBr  Br_ST(kbps)    Br_LT(kbps)    
7     N/A         64x64       N/A         -     -     -          -          -          -          -          -        -        -              -              
-------- VENC GOP ATTR  ------------------------
ID    GopMode   Gop   GopVI 
7     NormalP   30    0     
-------- VENC STATUS 1 -------------------------
ID    RJEn         RJThr(bps)   RJMode       RJEncGaps    SupFrmEn     SupPri       SupThrI      SupThrP      SplitEn      SliceNum     Range(In)    Range(out)   
7     N            0            Normal       0            N            0            500000       500000       N            0            Full         Full         
-------- VENC STATUS 2 -------------------------
ID    ChnStat   FrmRecv   FrmRls    FrmEnc    FrmDrop   FrmDup    EncFail   MissMatch StrmGet   StrmRls   OutFps    RealBr    ReEncCnt  DropCnt   BlkFail   GrpID     PID     TID     ThNum   RefInc    RefDec    Fail1   Fail2   Fail3   Fail4   
7     STARTED   5         5         2         0         0         0         0         2         2         0.33      0.00      0         0         0         -1        5674    5679    1       5         5         0       0       0       0       
-------- VENC HW STATUS  ------------------------
ID    OverFlow     TimeOut      
7     0            0            
-------- VENC ROI INFO  ------------------------
ID    Index        bEnable      bAbsQp       RoiQP        Width        Height       StartX       StartY       
done fps60d30
rc=0
wrote /tmp/axwork/H5/vendor_fps60d30_IDR.txt (slot 1, 511 regs, sw191=0x4c000000 sw7=0x68002000 sw9=0x004047a5 sw5=0x3c043803)
wrote /tmp/axwork/H5/vendor_fps60d30_P.txt (slot 2, 511 regs, sw191=0x04000000 sw7=0x68002300 sw9=0x00404800 sw5=0x3c043801)
=== br2000: br=2000
# vdrive tag=br2000 codec=h265 1920x1080 rc=cbr br=2000 fps=60/60 gop=30 gopmode=normalp ltrint=0 ltrqpo=0 iqp=32 pqp=32 profile=0 level=153 tier=0 qp[10..51] iqp[10..51] iqd=0 firstqp=-1 iprop[10..40] idrrange=2 stattime=1 vq=0 ir=0/0 slice=0 debreath=0 scd=-1 rowqpd=-1 vui=-1 move=0 nframes=6
AX_SYS_Init rc=0x0
AX_VENC_Init rc=0x0
AX_VENC_CreateChn(7) rc=0x0
StartRecvFrame rc=0x0
AX_POOL_CreatePool id=0x0
blk=0x5e000000 phys=0x742f6000 virt=0xffff9afac000
frame: modid=0x11 stride=1920 fmt=0xd
  snapshot pre: 3 venc_ko blocks (pool0 0x73801000 len 0x10000)
frame 0: send=0x0 get=0x0 len=1087 coding=0 startqp=0 meanqp=0 picbytes=0 pskip=0 nalus=4 n32:27 n33:53 n34:12 n19:995
  cu: inter64=0 inter32=0 inter16=0 inter8=0 intra32=0 intra16=0 intra8=0 intra4=0 reftype=0
  snapshot IDR: 3 venc_ko blocks (pool0 0x73801000 len 0x10000)
frame 1: send=0x0 get=0x0 len=692 coding=1 startqp=0 meanqp=0 picbytes=0 pskip=0 nalus=1 n1:692
  cu: inter64=0 inter32=0 inter16=0 inter8=0 intra32=0 intra16=0 intra8=0 intra4=0 reftype=0
  snapshot P: 3 venc_ko blocks (pool0 0x73801000 len 0x10000)
frame 2: send=0x0 get=0x0 len=607 coding=1 startqp=0 meanqp=0 picbytes=0 pskip=0 nalus=1 n1:607
  cu: inter64=0 inter32=0 inter16=0 inter8=0 intra32=0 intra16=0 intra8=0 intra4=0 reftype=0
frame 3: send=0x0 get=0x0 len=698 coding=1 startqp=0 meanqp=0 picbytes=0 pskip=0 nalus=1 n1:698
  cu: inter64=0 inter32=0 inter16=0 inter8=0 intra32=0 intra16=0 intra8=0 intra4=0 reftype=0
frame 4: send=0x0 get=0x0 len=720 coding=1 startqp=0 meanqp=0 picbytes=0 pskip=0 nalus=1 n1:720
  cu: inter64=0 inter32=0 inter16=0 inter8=0 intra32=0 intra16=0 intra8=0 intra4=0 reftype=0
frame 5: send=0x0 get=0x0 len=746 coding=1 startqp=0 meanqp=0 picbytes=0 pskip=0 nalus=1 n1:746
  cu: inter64=0 inter32=0 inter16=0 inter8=0 intra32=0 intra16=0 intra8=0 intra4=0 reftype=0
---- /proc/ax_proc/venc ----
-------- VENC VERSION ------------------------
[Axera version]: ax_venc V3.0.0_20250319114413 Mar 19 2025 11:58:34 JK

-------- MODULE PARAM ------------------------
MaxChnNum   MaxRoiNum   MaxProcNum  
16          8           16          

done br2000
rc=0
wrote /tmp/axwork/H5/vendor_br2000_IDR.txt (slot 1, 511 regs, sw191=0x4c000000 sw7=0x90002300 sw9=0x004047a4 sw5=0x3c043803)
wrote /tmp/axwork/H5/vendor_br2000_P.txt (slot 2, 511 regs, sw191=0x04000000 sw7=0x90002600 sw9=0x00404800 sw5=0x3c043801)
=== br16000: br=16000
# vdrive tag=br16000 codec=h265 1920x1080 rc=cbr br=16000 fps=60/60 gop=30 gopmode=normalp ltrint=0 ltrqpo=0 iqp=32 pqp=32 profile=0 level=153 tier=0 qp[10..51] iqp[10..51] iqd=0 firstqp=-1 iprop[10..40] idrrange=2 stattime=1 vq=0 ir=0/0 slice=0 debreath=0 scd=-1 rowqpd=-1 vui=-1 move=0 nframes=6
AX_SYS_Init rc=0x0
AX_VENC_Init rc=0x0
AX_VENC_CreateChn(7) rc=0x0
StartRecvFrame rc=0x0
AX_POOL_CreatePool id=0x0
blk=0x5e000000 phys=0x742f6000 virt=0xffff7de2c000
frame: modid=0x11 stride=1920 fmt=0xd
  snapshot pre: 3 venc_ko blocks (pool0 0x73801000 len 0x10000)
frame 0: send=0x0 get=0x0 len=1159 coding=0 startqp=0 meanqp=0 picbytes=0 pskip=0 nalus=4 n32:27 n33:53 n34:11 n19:1068
  cu: inter64=0 inter32=0 inter16=0 inter8=0 intra32=0 intra16=0 intra8=0 intra4=0 reftype=0
  snapshot IDR: 3 venc_ko blocks (pool0 0x73801000 len 0x10000)
frame 1: send=0x0 get=0x0 len=829 coding=1 startqp=0 meanqp=0 picbytes=0 pskip=0 nalus=1 n1:829
  cu: inter64=0 inter32=0 inter16=0 inter8=0 intra32=0 intra16=0 intra8=0 intra4=0 reftype=0
  snapshot P: 3 venc_ko blocks (pool0 0x73801000 len 0x10000)
frame 2: send=0x0 get=0x0 len=1465 coding=1 startqp=0 meanqp=0 picbytes=0 pskip=0 nalus=1 n1:1465
  cu: inter64=0 inter32=0 inter16=0 inter8=0 intra32=0 intra16=0 intra8=0 intra4=0 reftype=0
frame 3: send=0x0 get=0x0 len=1152 coding=1 startqp=0 meanqp=0 picbytes=0 pskip=0 nalus=1 n1:1152
  cu: inter64=0 inter32=0 inter16=0 inter8=0 intra32=0 intra16=0 intra8=0 intra4=0 reftype=0
frame 4: send=0x0 get=0x0 len=1381 coding=1 startqp=0 meanqp=0 picbytes=0 pskip=0 nalus=1 n1:1381
  cu: inter64=0 inter32=0 inter16=0 inter8=0 intra32=0 intra16=0 intra8=0 intra4=0 reftype=0
frame 5: send=0x0 get=0x0 len=1136 coding=1 startqp=0 meanqp=0 picbytes=0 pskip=0 nalus=1 n1:1136
  cu: inter64=0 inter32=0 inter16=0 inter8=0 intra32=0 intra16=0 intra8=0 intra4=0 reftype=0
---- /proc/ax_proc/venc ----
-------- VENC VERSION ------------------------
[Axera version]: ax_venc V3.0.0_20250319114413 Mar 19 2025 11:58:34 JK

-------- MODULE PARAM ------------------------
MaxChnNum   MaxRoiNum   MaxProcNum  
16          8           16          

done br16000
rc=0
wrote /tmp/axwork/H5/vendor_br16000_IDR.txt (slot 1, 511 regs, sw191=0x4c000000 sw7=0x68002000 sw9=0x004047a5 sw5=0x3c043803)
wrote /tmp/axwork/H5/vendor_br16000_P.txt (slot 2, 511 regs, sw191=0x04000000 sw7=0x68002300 sw9=0x00404800 sw5=0x3c043801)
=== qp20_40: minqp=20 maxqp=40 miniqp=20 maxiqp=40
# vdrive tag=qp20_40 codec=h265 1920x1080 rc=cbr br=8000 fps=60/60 gop=30 gopmode=normalp ltrint=0 ltrqpo=0 iqp=32 pqp=32 profile=0 level=153 tier=0 qp[20..40] iqp[20..40] iqd=0 firstqp=-1 iprop[10..40] idrrange=2 stattime=1 vq=0 ir=0/0 slice=0 debreath=0 scd=-1 rowqpd=-1 vui=-1 move=0 nframes=6
AX_SYS_Init rc=0x0
AX_VENC_Init rc=0x0
AX_VENC_CreateChn(7) rc=0x0
StartRecvFrame rc=0x0
AX_POOL_CreatePool id=0x0
blk=0x5e000000 phys=0x742f6000 virt=0xffffa8bac000
frame: modid=0x11 stride=1920 fmt=0xd
  snapshot pre: 3 venc_ko blocks (pool0 0x73801000 len 0x10000)
frame 0: send=0x0 get=0x0 len=1159 coding=0 startqp=0 meanqp=0 picbytes=0 pskip=0 nalus=4 n32:27 n33:53 n34:12 n19:1067
  cu: inter64=0 inter32=0 inter16=0 inter8=0 intra32=0 intra16=0 intra8=0 intra4=0 reftype=0
  snapshot IDR: 3 venc_ko blocks (pool0 0x73801000 len 0x10000)
frame 1: send=0x0 get=0x0 len=828 coding=1 startqp=0 meanqp=0 picbytes=0 pskip=0 nalus=1 n1:828
  cu: inter64=0 inter32=0 inter16=0 inter8=0 intra32=0 intra16=0 intra8=0 intra4=0 reftype=0
  snapshot P: 3 venc_ko blocks (pool0 0x73801000 len 0x10000)
frame 2: send=0x0 get=0x0 len=1465 coding=1 startqp=0 meanqp=0 picbytes=0 pskip=0 nalus=1 n1:1465
  cu: inter64=0 inter32=0 inter16=0 inter8=0 intra32=0 intra16=0 intra8=0 intra4=0 reftype=0
frame 3: send=0x0 get=0x0 len=1152 coding=1 startqp=0 meanqp=0 picbytes=0 pskip=0 nalus=1 n1:1152
  cu: inter64=0 inter32=0 inter16=0 inter8=0 intra32=0 intra16=0 intra8=0 intra4=0 reftype=0
frame 4: send=0x0 get=0x0 len=1381 coding=1 startqp=0 meanqp=0 picbytes=0 pskip=0 nalus=1 n1:1381
  cu: inter64=0 inter32=0 inter16=0 inter8=0 intra32=0 intra16=0 intra8=0 intra4=0 reftype=0
frame 5: send=0x0 get=0x0 len=1136 coding=1 startqp=0 meanqp=0 picbytes=0 pskip=0 nalus=1 n1:1136
  cu: inter64=0 inter32=0 inter16=0 inter8=0 intra32=0 intra16=0 intra8=0 intra4=0 reftype=0
---- /proc/ax_proc/venc ----
-------- VENC VERSION ------------------------
[Axera version]: ax_venc V3.0.0_20250319114413 Mar 19 2025 11:58:34 JK

-------- MODULE PARAM ------------------------
MaxChnNum   MaxRoiNum   MaxProcNum  
16          8           16          

done qp20_40
rc=0
wrote /tmp/axwork/H5/vendor_qp20_40_IDR.txt (slot 1, 511 regs, sw191=0x4c000000 sw7=0x80002000 sw9=0x004047a4 sw5=0x3c043803)
wrote /tmp/axwork/H5/vendor_qp20_40_P.txt (slot 2, 511 regs, sw191=0x04000000 sw7=0x80002300 sw9=0x00404800 sw5=0x3c043801)
=== qp30_30: minqp=30 maxqp=30 miniqp=30 maxiqp=30
# vdrive tag=qp30_30 codec=h265 1920x1080 rc=cbr br=8000 fps=60/60 gop=30 gopmode=normalp ltrint=0 ltrqpo=0 iqp=32 pqp=32 profile=0 level=153 tier=0 qp[30..30] iqp[30..30] iqd=0 firstqp=-1 iprop[10..40] idrrange=2 stattime=1 vq=0 ir=0/0 slice=0 debreath=0 scd=-1 rowqpd=-1 vui=-1 move=0 nframes=6
AX_SYS_Init rc=0x0
AX_VENC_Init rc=0x0
AX_VENC_CreateChn(7) rc=0x0
StartRecvFrame rc=0x0
AX_POOL_CreatePool id=0x0
blk=0x5e000000 phys=0x742f6000 virt=0xffff8da1c000
frame: modid=0x11 stride=1920 fmt=0xd
  snapshot pre: 3 venc_ko blocks (pool0 0x73801000 len 0x10000)
frame 0: send=0x0 get=0x0 len=1166 coding=0 startqp=0 meanqp=0 picbytes=0 pskip=0 nalus=4 n32:27 n33:53 n34:12 n19:1074
  cu: inter64=0 inter32=0 inter16=0 inter8=0 intra32=0 intra16=0 intra8=0 intra4=0 reftype=0
  snapshot IDR: 3 venc_ko blocks (pool0 0x73801000 len 0x10000)
frame 1: send=0x0 get=0x0 len=717 coding=1 startqp=0 meanqp=0 picbytes=0 pskip=0 nalus=1 n1:717
  cu: inter64=0 inter32=0 inter16=0 inter8=0 intra32=0 intra16=0 intra8=0 intra4=0 reftype=0
  snapshot P: 3 venc_ko blocks (pool0 0x73801000 len 0x10000)
frame 2: send=0x0 get=0x0 len=637 coding=1 startqp=0 meanqp=0 picbytes=0 pskip=0 nalus=1 n1:637
  cu: inter64=0 inter32=0 inter16=0 inter8=0 intra32=0 intra16=0 intra8=0 intra4=0 reftype=0
frame 3: send=0x0 get=0x0 len=601 coding=1 startqp=0 meanqp=0 picbytes=0 pskip=0 nalus=1 n1:601
  cu: inter64=0 inter32=0 inter16=0 inter8=0 intra32=0 intra16=0 intra8=0 intra4=0 reftype=0
frame 4: send=0x0 get=0x0 len=609 coding=1 startqp=0 meanqp=0 picbytes=0 pskip=0 nalus=1 n1:609
  cu: inter64=0 inter32=0 inter16=0 inter8=0 intra32=0 intra16=0 intra8=0 intra4=0 reftype=0
frame 5: send=0x0 get=0x0 len=607 coding=1 startqp=0 meanqp=0 picbytes=0 pskip=0 nalus=1 n1:607
  cu: inter64=0 inter32=0 inter16=0 inter8=0 intra32=0 intra16=0 intra8=0 intra4=0 reftype=0
---- /proc/ax_proc/venc ----
-------- VENC VERSION ------------------------
[Axera version]: ax_venc V3.0.0_20250319114413 Mar 19 2025 11:58:34 JK

-------- MODULE PARAM ------------------------
MaxChnNum   MaxRoiNum   MaxProcNum  
16          8           16          

done qp30_30
rc=0
wrote /tmp/axwork/H5/vendor_qp30_30_IDR.txt (slot 1, 511 regs, sw191=0x4c000000 sw7=0x80001e00 sw9=0x004047a4 sw5=0x3c043803)
wrote /tmp/axwork/H5/vendor_qp30_30_P.txt (slot 2, 511 regs, sw191=0x04000000 sw7=0x80001e00 sw9=0x00404800 sw5=0x3c043801)
=== iqd_m5: iqd=-5
# vdrive tag=iqd_m5 codec=h265 1920x1080 rc=cbr br=8000 fps=60/60 gop=30 gopmode=normalp ltrint=0 ltrqpo=0 iqp=32 pqp=32 profile=0 level=153 tier=0 qp[10..51] iqp[10..51] iqd=-5 firstqp=-1 iprop[10..40] idrrange=2 stattime=1 vq=0 ir=0/0 slice=0 debreath=0 scd=-1 rowqpd=-1 vui=-1 move=0 nframes=6
AX_SYS_Init rc=0x0
AX_VENC_Init rc=0x0
AX_VENC_CreateChn(7) rc=0x0
StartRecvFrame rc=0x0
AX_POOL_CreatePool id=0x0
blk=0x5e000000 phys=0x742f6000 virt=0xffffbaefc000
frame: modid=0x11 stride=1920 fmt=0xd
  snapshot pre: 3 venc_ko blocks (pool0 0x73801000 len 0x10000)
frame 0: send=0x0 get=0x0 len=1170 coding=0 startqp=0 meanqp=0 picbytes=0 pskip=0 nalus=4 n32:27 n33:53 n34:12 n19:1078
  cu: inter64=0 inter32=0 inter16=0 inter8=0 intra32=0 intra16=0 intra8=0 intra4=0 reftype=0
  snapshot IDR: 3 venc_ko blocks (pool0 0x73801000 len 0x10000)
frame 1: send=0x0 get=0x0 len=1463 coding=1 startqp=0 meanqp=0 picbytes=0 pskip=0 nalus=1 n1:1463
  cu: inter64=0 inter32=0 inter16=0 inter8=0 intra32=0 intra16=0 intra8=0 intra4=0 reftype=0
  snapshot P: 3 venc_ko blocks (pool0 0x73801000 len 0x10000)
frame 2: send=0x0 get=0x0 len=946 coding=1 startqp=0 meanqp=0 picbytes=0 pskip=0 nalus=1 n1:946
  cu: inter64=0 inter32=0 inter16=0 inter8=0 intra32=0 intra16=0 intra8=0 intra4=0 reftype=0
frame 3: send=0x0 get=0x0 len=1405 coding=1 startqp=0 meanqp=0 picbytes=0 pskip=0 nalus=1 n1:1405
  cu: inter64=0 inter32=0 inter16=0 inter8=0 intra32=0 intra16=0 intra8=0 intra4=0 reftype=0
frame 4: send=0x0 get=0x0 len=1249 coding=1 startqp=0 meanqp=0 picbytes=0 pskip=0 nalus=1 n1:1249
  cu: inter64=0 inter32=0 inter16=0 inter8=0 intra32=0 intra16=0 intra8=0 intra4=0 reftype=0
frame 5: send=0x0 get=0x0 len=2138 coding=1 startqp=0 meanqp=0 picbytes=0 pskip=0 nalus=1 n1:2138
  cu: inter64=0 inter32=0 inter16=0 inter8=0 intra32=0 intra16=0 intra8=0 intra4=0 reftype=0
---- /proc/ax_proc/venc ----
-------- VENC VERSION ------------------------
[Axera version]: ax_venc V3.0.0_20250319114413 Mar 19 2025 11:58:34 JK

-------- MODULE PARAM ------------------------
MaxChnNum   MaxRoiNum   MaxProcNum  
16          8           16          

done iqd_m5
rc=0
wrote /tmp/axwork/H5/vendor_iqd_m5_IDR.txt (slot 1, 511 regs, sw191=0x4c000000 sw7=0x80001e00 sw9=0x004047a4 sw5=0x3c043803)
wrote /tmp/axwork/H5/vendor_iqd_m5_P.txt (slot 2, 511 regs, sw191=0x04000000 sw7=0x80002100 sw9=0x00404800 sw5=0x3c043801)
=== iqd_p5: iqd=5
# vdrive tag=iqd_p5 codec=h265 1920x1080 rc=cbr br=8000 fps=60/60 gop=30 gopmode=normalp ltrint=0 ltrqpo=0 iqp=32 pqp=32 profile=0 level=153 tier=0 qp[10..51] iqp[10..51] iqd=5 firstqp=-1 iprop[10..40] idrrange=2 stattime=1 vq=0 ir=0/0 slice=0 debreath=0 scd=-1 rowqpd=-1 vui=-1 move=0 nframes=6
AX_SYS_Init rc=0x0
AX_VENC_Init rc=0x0
AX_VENC_CreateChn(7) rc=0x0
StartRecvFrame rc=0x0
AX_POOL_CreatePool id=0x0
blk=0x5e000000 phys=0x742f6000 virt=0xffffb929c000
frame: modid=0x11 stride=1920 fmt=0xd
  snapshot pre: 3 venc_ko blocks (pool0 0x73801000 len 0x10000)
frame 0: send=0x0 get=0x0 len=986 coding=0 startqp=0 meanqp=0 picbytes=0 pskip=0 nalus=4 n32:27 n33:53 n34:12 n19:894
  cu: inter64=0 inter32=0 inter16=0 inter8=0 intra32=0 intra16=0 intra8=0 intra4=0 reftype=0
  snapshot IDR: 3 venc_ko blocks (pool0 0x73801000 len 0x10000)
frame 1: send=0x0 get=0x0 len=912 coding=1 startqp=0 meanqp=0 picbytes=0 pskip=0 nalus=1 n1:912
  cu: inter64=0 inter32=0 inter16=0 inter8=0 intra32=0 intra16=0 intra8=0 intra4=0 reftype=0
  snapshot P: 3 venc_ko blocks (pool0 0x73801000 len 0x10000)
frame 2: send=0x0 get=0x0 len=805 coding=1 startqp=0 meanqp=0 picbytes=0 pskip=0 nalus=1 n1:805
  cu: inter64=0 inter32=0 inter16=0 inter8=0 intra32=0 intra16=0 intra8=0 intra4=0 reftype=0
frame 3: send=0x0 get=0x0 len=776 coding=1 startqp=0 meanqp=0 picbytes=0 pskip=0 nalus=1 n1:776
  cu: inter64=0 inter32=0 inter16=0 inter8=0 intra32=0 intra16=0 intra8=0 intra4=0 reftype=0
frame 4: send=0x0 get=0x0 len=1179 coding=1 startqp=0 meanqp=0 picbytes=0 pskip=0 nalus=1 n1:1179
  cu: inter64=0 inter32=0 inter16=0 inter8=0 intra32=0 intra16=0 intra8=0 intra4=0 reftype=0
frame 5: send=0x0 get=0x0 len=957 coding=1 startqp=0 meanqp=0 picbytes=0 pskip=0 nalus=1 n1:957
  cu: inter64=0 inter32=0 inter16=0 inter8=0 intra32=0 intra16=0 intra8=0 intra4=0 reftype=0
---- /proc/ax_proc/venc ----
-------- VENC VERSION ------------------------
[Axera version]: ax_venc V3.0.0_20250319114413 Mar 19 2025 11:58:34 JK

-------- MODULE PARAM ------------------------
MaxChnNum   MaxRoiNum   MaxProcNum  
16          8           16          

done iqd_p5
rc=0
wrote /tmp/axwork/H5/vendor_iqd_p5_IDR.txt (slot 1, 511 regs, sw191=0x4c000000 sw7=0x80002800 sw9=0x004047a4 sw5=0x3c043803)
wrote /tmp/axwork/H5/vendor_iqd_p5_P.txt (slot 2, 511 regs, sw191=0x04000000 sw7=0x80002700 sw9=0x00404800 sw5=0x3c043801)
=== firstqp30: firstqp=30
# vdrive tag=firstqp30 codec=h265 1920x1080 rc=cbr br=8000 fps=60/60 gop=30 gopmode=normalp ltrint=0 ltrqpo=0 iqp=32 pqp=32 profile=0 level=153 tier=0 qp[10..51] iqp[10..51] iqd=0 firstqp=30 iprop[10..40] idrrange=2 stattime=1 vq=0 ir=0/0 slice=0 debreath=0 scd=-1 rowqpd=-1 vui=-1 move=0 nframes=6
AX_SYS_Init rc=0x0
AX_VENC_Init rc=0x0
AX_VENC_CreateChn(7) rc=0x0
StartRecvFrame rc=0x0
AX_POOL_CreatePool id=0x0
blk=0x5e000000 phys=0x742f6000 virt=0xffff8ccec000
frame: modid=0x11 stride=1920 fmt=0xd
  snapshot pre: 3 venc_ko blocks (pool0 0x73801000 len 0x10000)
frame 0: send=0x0 get=0x0 len=1533 coding=0 startqp=0 meanqp=0 picbytes=0 pskip=0 nalus=4 n32:27 n33:53 n34:12 n19:1441
  cu: inter64=0 inter32=0 inter16=0 inter8=0 intra32=0 intra16=0 intra8=0 intra4=0 reftype=0
  snapshot IDR: 3 venc_ko blocks (pool0 0x73801000 len 0x10000)
frame 1: send=0x0 get=0x0 len=1204 coding=1 startqp=0 meanqp=0 picbytes=0 pskip=0 nalus=1 n1:1204
  cu: inter64=0 inter32=0 inter16=0 inter8=0 intra32=0 intra16=0 intra8=0 intra4=0 reftype=0
  snapshot P: 3 venc_ko blocks (pool0 0x73801000 len 0x10000)
frame 2: send=0x0 get=0x0 len=1353 coding=1 startqp=0 meanqp=0 picbytes=0 pskip=0 nalus=1 n1:1353
  cu: inter64=0 inter32=0 inter16=0 inter8=0 intra32=0 intra16=0 intra8=0 intra4=0 reftype=0
frame 3: send=0x0 get=0x0 len=1403 coding=1 startqp=0 meanqp=0 picbytes=0 pskip=0 nalus=1 n1:1403
  cu: inter64=0 inter32=0 inter16=0 inter8=0 intra32=0 intra16=0 intra8=0 intra4=0 reftype=0
frame 4: send=0x0 get=0x0 len=1595 coding=1 startqp=0 meanqp=0 picbytes=0 pskip=0 nalus=1 n1:1595
  cu: inter64=0 inter32=0 inter16=0 inter8=0 intra32=0 intra16=0 intra8=0 intra4=0 reftype=0
frame 5: send=0x0 get=0x0 len=1928 coding=1 startqp=0 meanqp=0 picbytes=0 pskip=0 nalus=1 n1:1928
  cu: inter64=0 inter32=0 inter16=0 inter8=0 intra32=0 intra16=0 intra8=0 intra4=0 reftype=0
---- /proc/ax_proc/venc ----
-------- VENC VERSION ------------------------
[Axera version]: ax_venc V3.0.0_20250319114413 Mar 19 2025 11:58:34 JK

-------- MODULE PARAM ------------------------
MaxChnNum   MaxRoiNum   MaxProcNum  
16          8           16          

done firstqp30
rc=0
wrote /tmp/axwork/H5/vendor_firstqp30_IDR.txt (slot 1, 511 regs, sw191=0x4c000000 sw7=0x78001b00 sw9=0x004047a4 sw5=0x3c043803)
wrote /tmp/axwork/H5/vendor_firstqp30_P.txt (slot 2, 511 regs, sw191=0x04000000 sw7=0x78001e00 sw9=0x00404800 sw5=0x3c043801)
=== idrrange8: idrrange=8
# vdrive tag=idrrange8 codec=h265 1920x1080 rc=cbr br=8000 fps=60/60 gop=30 gopmode=normalp ltrint=0 ltrqpo=0 iqp=32 pqp=32 profile=0 level=153 tier=0 qp[10..51] iqp[10..51] iqd=0 firstqp=-1 iprop[10..40] idrrange=8 stattime=1 vq=0 ir=0/0 slice=0 debreath=0 scd=-1 rowqpd=-1 vui=-1 move=0 nframes=6
AX_SYS_Init rc=0x0
AX_VENC_Init rc=0x0
AX_VENC_CreateChn(7) rc=0x0
StartRecvFrame rc=0x0
AX_POOL_CreatePool id=0x0
blk=0x5e000000 phys=0x742f6000 virt=0xffff8675c000
frame: modid=0x11 stride=1920 fmt=0xd
  snapshot pre: 3 venc_ko blocks (pool0 0x73801000 len 0x10000)
frame 0: send=0x0 get=0x0 len=2458 coding=0 startqp=0 meanqp=0 picbytes=0 pskip=0 nalus=4 n32:27 n33:53 n34:12 n19:2366
  cu: inter64=0 inter32=0 inter16=0 inter8=0 intra32=0 intra16=0 intra8=0 intra4=0 reftype=0
  snapshot IDR: 3 venc_ko blocks (pool0 0x73801000 len 0x10000)
frame 1: send=0x0 get=0x0 len=1384 coding=1 startqp=0 meanqp=0 picbytes=0 pskip=0 nalus=1 n1:1384
  cu: inter64=0 inter32=0 inter16=0 inter8=0 intra32=0 intra16=0 intra8=0 intra4=0 reftype=0
  snapshot P: 3 venc_ko blocks (pool0 0x73801000 len 0x10000)
frame 2: send=0x0 get=0x0 len=1294 coding=1 startqp=0 meanqp=0 picbytes=0 pskip=0 nalus=1 n1:1294
  cu: inter64=0 inter32=0 inter16=0 inter8=0 intra32=0 intra16=0 intra8=0 intra4=0 reftype=0
frame 3: send=0x0 get=0x0 len=1516 coding=1 startqp=0 meanqp=0 picbytes=0 pskip=0 nalus=1 n1:1516
  cu: inter64=0 inter32=0 inter16=0 inter8=0 intra32=0 intra16=0 intra8=0 intra4=0 reftype=0
frame 4: send=0x0 get=0x0 len=1714 coding=1 startqp=0 meanqp=0 picbytes=0 pskip=0 nalus=1 n1:1714
  cu: inter64=0 inter32=0 inter16=0 inter8=0 intra32=0 intra16=0 intra8=0 intra4=0 reftype=0
frame 5: send=0x0 get=0x0 len=2790 coding=1 startqp=0 meanqp=0 picbytes=0 pskip=0 nalus=1 n1:2790
  cu: inter64=0 inter32=0 inter16=0 inter8=0 intra32=0 intra16=0 intra8=0 intra4=0 reftype=0
---- /proc/ax_proc/venc ----
-------- VENC VERSION ------------------------
[Axera version]: ax_venc V3.0.0_20250319114413 Mar 19 2025 11:58:34 JK

-------- MODULE PARAM ------------------------
MaxChnNum   MaxRoiNum   MaxProcNum  
16          8           16          

done idrrange8
rc=0
wrote /tmp/axwork/H5/vendor_idrrange8_IDR.txt (slot 1, 511 regs, sw191=0x4c000000 sw7=0x80002000 sw9=0x004047a4 sw5=0x3c043803)
wrote /tmp/axwork/H5/vendor_idrrange8_P.txt (slot 2, 511 regs, sw191=0x04000000 sw7=0x80001f00 sw9=0x00404800 sw5=0x3c043801)
=== slice8: slice=8
# vdrive tag=slice8 codec=h265 1920x1080 rc=cbr br=8000 fps=60/60 gop=30 gopmode=normalp ltrint=0 ltrqpo=0 iqp=32 pqp=32 profile=0 level=153 tier=0 qp[10..51] iqp[10..51] iqd=0 firstqp=-1 iprop[10..40] idrrange=2 stattime=1 vq=0 ir=0/0 slice=8 debreath=0 scd=-1 rowqpd=-1 vui=-1 move=0 nframes=6
AX_SYS_Init rc=0x0
AX_VENC_Init rc=0x0
AX_VENC_CreateChn(7) rc=0x0
SetSliceSplit(8) rc=0x0
StartRecvFrame rc=0x0
AX_POOL_CreatePool id=0x0
blk=0x5e000000 phys=0x742f6000 virt=0xffff9640c000
frame: modid=0x11 stride=1920 fmt=0xd
  snapshot pre: 3 venc_ko blocks (pool0 0x73801000 len 0x10000)
frame 0: send=0x0 get=0x0 len=2132 coding=0 startqp=0 meanqp=0 picbytes=0 pskip=0 nalus=6 n32:27 n33:53 n34:12 n19:744 n19:735 n19:561
  cu: inter64=0 inter32=0 inter16=0 inter8=0 intra32=0 intra16=0 intra8=0 intra4=0 reftype=0
  snapshot IDR: 3 venc_ko blocks (pool0 0x73801000 len 0x10000)
frame 1: send=0x0 get=0x0 len=1313 coding=1 startqp=0 meanqp=0 picbytes=0 pskip=0 nalus=3 n1:484 n1:497 n1:332
  cu: inter64=0 inter32=0 inter16=0 inter8=0 intra32=0 intra16=0 intra8=0 intra4=0 reftype=0
  snapshot P: 3 venc_ko blocks (pool0 0x73801000 len 0x10000)
frame 2: send=0x0 get=0x0 len=1535 coding=1 startqp=0 meanqp=0 picbytes=0 pskip=0 nalus=3 n1:691 n1:578 n1:266
  cu: inter64=0 inter32=0 inter16=0 inter8=0 intra32=0 intra16=0 intra8=0 intra4=0 reftype=0
frame 3: send=0x0 get=0x0 len=1341 coding=1 startqp=0 meanqp=0 picbytes=0 pskip=0 nalus=3 n1:575 n1:527 n1:239
  cu: inter64=0 inter32=0 inter16=0 inter8=0 intra32=0 intra16=0 intra8=0 intra4=0 reftype=0
frame 4: send=0x0 get=0x0 len=1548 coding=1 startqp=0 meanqp=0 picbytes=0 pskip=0 nalus=3 n1:704 n1:582 n1:262
  cu: inter64=0 inter32=0 inter16=0 inter8=0 intra32=0 intra16=0 intra8=0 intra4=0 reftype=0
frame 5: send=0x0 get=0x0 len=1399 coding=1 startqp=0 meanqp=0 picbytes=0 pskip=0 nalus=3 n1:608 n1:550 n1:241
  cu: inter64=0 inter32=0 inter16=0 inter8=0 intra32=0 intra16=0 intra8=0 intra4=0 reftype=0
---- /proc/ax_proc/venc ----
-------- VENC VERSION ------------------------
[Axera version]: ax_venc V3.0.0_20250319114413 Mar 19 2025 11:58:34 JK

-------- MODULE PARAM ------------------------
MaxChnNum   MaxRoiNum   MaxProcNum  
16          8           16          

done slice8
rc=0
wrote /tmp/axwork/H5/vendor_slice8_IDR.txt (slot 1, 511 regs, sw191=0x4c000000 sw7=0x80002000 sw9=0x004047a4 sw5=0x3c043803)
wrote /tmp/axwork/H5/vendor_slice8_P.txt (slot 2, 511 regs, sw191=0x04000000 sw7=0x80002300 sw9=0x00404800 sw5=0x3c043801)
=== slice1: slice=1
# vdrive tag=slice1 codec=h265 1920x1080 rc=cbr br=8000 fps=60/60 gop=30 gopmode=normalp ltrint=0 ltrqpo=0 iqp=32 pqp=32 profile=0 level=153 tier=0 qp[10..51] iqp[10..51] iqd=0 firstqp=-1 iprop[10..40] idrrange=2 stattime=1 vq=0 ir=0/0 slice=1 debreath=0 scd=-1 rowqpd=-1 vui=-1 move=0 nframes=6
AX_SYS_Init rc=0x0
AX_VENC_Init rc=0x0
AX_VENC_CreateChn(7) rc=0x0
SetSliceSplit(1) rc=0x0
StartRecvFrame rc=0x0
AX_POOL_CreatePool id=0x0
blk=0x5e000000 phys=0x742f6000 virt=0xffff7c8bc000
frame: modid=0x11 stride=1920 fmt=0xd
  snapshot pre: 3 venc_ko blocks (pool0 0x73801000 len 0x10000)
frame 0: send=0x0 get=0x0 len=8876 coding=0 startqp=0 meanqp=0 picbytes=0 pskip=0 nalus=20 n32:27 n33:53 n34:12 n19:523 n19:518 n19:513 n19:513 n19:513 n19:513 n19:513 n19:513 n19:513 n19:513 n19:513 n19:513 n19:513 n19:513 n19:513 n19:513 n19:561
  cu: inter64=0 inter32=0 inter16=0 inter8=0 intra32=0 intra16=0 intra8=0 intra4=0 reftype=0
  snapshot IDR: 3 venc_ko blocks (pool0 0x73801000 len 0x10000)
frame 1: send=0x0 get=0x0 len=4612 coding=1 startqp=0 meanqp=0 picbytes=0 pskip=0 nalus=17 n1:262 n1:258 n1:268 n1:269 n1:269 n1:269 n1:269 n1:269 n1:269 n1:269 n1:269 n1:269 n1:269 n1:269 n1:269 n1:269 n1:327
  cu: inter64=0 inter32=0 inter16=0 inter8=0 intra32=0 intra16=0 intra8=0 intra4=0 reftype=0
  snapshot P: 3 venc_ko blocks (pool0 0x73801000 len 0x10000)
frame 2: send=0x0 get=0x0 len=3524 coding=1 startqp=0 meanqp=0 picbytes=0 pskip=0 nalus=17 n1:190 n1:185 n1:214 n1:206 n1:206 n1:206 n1:206 n1:206 n1:206 n1:206 n1:206 n1:206 n1:206 n1:206 n1:206 n1:206 n1:257
  cu: inter64=0 inter32=0 inter16=0 inter8=0 intra32=0 intra16=0 intra8=0 intra4=0 reftype=0
frame 3: send=0x0 get=0x0 len=2743 coding=1 startqp=0 meanqp=0 picbytes=0 pskip=0 nalus=17 n1:155 n1:153 n1:153 n1:158 n1:156 n1:159 n1:159 n1:159 n1:159 n1:159 n1:159 n1:159 n1:159 n1:159 n1:159 n1:159 n1:219
  cu: inter64=0 inter32=0 inter16=0 inter8=0 intra32=0 intra16=0 intra8=0 intra4=0 reftype=0
frame 4: send=0x0 get=0x0 len=3607 coding=1 startqp=0 meanqp=0 picbytes=0 pskip=0 nalus=17 n1:205 n1:210 n1:227 n1:203 n1:203 n1:198 n1:208 n1:208 n1:208 n1:208 n1:208 n1:208 n1:208 n1:208 n1:208 n1:208 n1:281
  cu: inter64=0 inter32=0 inter16=0 inter8=0 intra32=0 intra16=0 intra8=0 intra4=0 reftype=0
frame 5: send=0x0 get=0x0 len=3798 coding=1 startqp=0 meanqp=0 picbytes=0 pskip=0 nalus=17 n1:218 n1:214 n1:197 n1:220 n1:235 n1:233 n1:225 n1:221 n1:221 n1:223 n1:222 n1:222 n1:220 n1:220 n1:220 n1:220 n1:267
  cu: inter64=0 inter32=0 inter16=0 inter8=0 intra32=0 intra16=0 intra8=0 intra4=0 reftype=0
---- /proc/ax_proc/venc ----
-------- VENC VERSION ------------------------
[Axera version]: ax_venc V3.0.0_20250319114413 Mar 19 2025 11:58:34 JK

-------- MODULE PARAM ------------------------
MaxChnNum   MaxRoiNum   MaxProcNum  
16          8           16          

done slice1
rc=0
wrote /tmp/axwork/H5/vendor_slice1_IDR.txt (slot 1, 511 regs, sw191=0x4c000000 sw7=0x80002000 sw9=0x004047a4 sw5=0x3c043803)
wrote /tmp/axwork/H5/vendor_slice1_P.txt (slot 2, 511 regs, sw191=0x04000000 sw7=0x80002300 sw9=0x00404800 sw5=0x3c043801)
=== ir5row: ir=5 irmode=0
# vdrive tag=ir5row codec=h265 1920x1080 rc=cbr br=8000 fps=60/60 gop=30 gopmode=normalp ltrint=0 ltrqpo=0 iqp=32 pqp=32 profile=0 level=153 tier=0 qp[10..51] iqp[10..51] iqd=0 firstqp=-1 iprop[10..40] idrrange=2 stattime=1 vq=0 ir=5/0 slice=0 debreath=0 scd=-1 rowqpd=-1 vui=-1 move=0 nframes=6
AX_SYS_Init rc=0x0
AX_VENC_Init rc=0x0
AX_VENC_CreateChn(7) rc=0x0
SetIntraRefresh(5,mode 0) rc=0x0
StartRecvFrame rc=0x0
AX_POOL_CreatePool id=0x0
blk=0x5e000000 phys=0x742f6000 virt=0xffff9f9ac000
frame: modid=0x11 stride=1920 fmt=0xd
  snapshot pre: 3 venc_ko blocks (pool0 0x73801000 len 0x10000)
frame 0: send=0x0 get=0x0 len=1159 coding=0 startqp=0 meanqp=0 picbytes=0 pskip=0 nalus=4 n32:27 n33:53 n34:12 n19:1067
  cu: inter64=0 inter32=0 inter16=0 inter8=0 intra32=0 intra16=0 intra8=0 intra4=0 reftype=0
  snapshot IDR: 3 venc_ko blocks (pool0 0x73801000 len 0x10000)
frame 1: send=0x0 get=0x0 len=828 coding=1 startqp=0 meanqp=0 picbytes=0 pskip=0 nalus=1 n1:828
  cu: inter64=0 inter32=0 inter16=0 inter8=0 intra32=0 intra16=0 intra8=0 intra4=0 reftype=0
  snapshot P: 3 venc_ko blocks (pool0 0x73801000 len 0x10000)
frame 2: send=0x0 get=0x0 len=1465 coding=1 startqp=0 meanqp=0 picbytes=0 pskip=0 nalus=1 n1:1465
  cu: inter64=0 inter32=0 inter16=0 inter8=0 intra32=0 intra16=0 intra8=0 intra4=0 reftype=0
frame 3: send=0x0 get=0x0 len=1152 coding=1 startqp=0 meanqp=0 picbytes=0 pskip=0 nalus=1 n1:1152
  cu: inter64=0 inter32=0 inter16=0 inter8=0 intra32=0 intra16=0 intra8=0 intra4=0 reftype=0
frame 4: send=0x0 get=0x0 len=1381 coding=1 startqp=0 meanqp=0 picbytes=0 pskip=0 nalus=1 n1:1381
  cu: inter64=0 inter32=0 inter16=0 inter8=0 intra32=0 intra16=0 intra8=0 intra4=0 reftype=0
frame 5: send=0x0 get=0x0 len=1136 coding=1 startqp=0 meanqp=0 picbytes=0 pskip=0 nalus=1 n1:1136
  cu: inter64=0 inter32=0 inter16=0 inter8=0 intra32=0 intra16=0 intra8=0 intra4=0 reftype=0
---- /proc/ax_proc/venc ----
-------- VENC VERSION ------------------------
[Axera version]: ax_venc V3.0.0_20250319114413 Mar 19 2025 11:58:34 JK

-------- MODULE PARAM ------------------------
MaxChnNum   MaxRoiNum   MaxProcNum  
16          8           16          

done ir5row
rc=0
wrote /tmp/axwork/H5/vendor_ir5row_IDR.txt (slot 1, 511 regs, sw191=0x4c000000 sw7=0x80002000 sw9=0x004047a4 sw5=0x3c043803)
wrote /tmp/axwork/H5/vendor_ir5row_P.txt (slot 2, 511 regs, sw191=0x04000000 sw7=0x80002300 sw9=0x00404800 sw5=0x3c043801)
=== ir5col: ir=5 irmode=1
# vdrive tag=ir5col codec=h265 1920x1080 rc=cbr br=8000 fps=60/60 gop=30 gopmode=normalp ltrint=0 ltrqpo=0 iqp=32 pqp=32 profile=0 level=153 tier=0 qp[10..51] iqp[10..51] iqd=0 firstqp=-1 iprop[10..40] idrrange=2 stattime=1 vq=0 ir=5/1 slice=0 debreath=0 scd=-1 rowqpd=-1 vui=-1 move=0 nframes=6
AX_SYS_Init rc=0x0
AX_VENC_Init rc=0x0
AX_VENC_CreateChn(7) rc=0x0
SetIntraRefresh(5,mode 1) rc=0x0
StartRecvFrame rc=0x0
AX_POOL_CreatePool id=0x0
blk=0x5e000000 phys=0x742f6000 virt=0xffffafa1c000
frame: modid=0x11 stride=1920 fmt=0xd
  snapshot pre: 3 venc_ko blocks (pool0 0x73801000 len 0x10000)
frame 0: send=0x0 get=0x0 len=1159 coding=0 startqp=0 meanqp=0 picbytes=0 pskip=0 nalus=4 n32:27 n33:53 n34:12 n19:1067
  cu: inter64=0 inter32=0 inter16=0 inter8=0 intra32=0 intra16=0 intra8=0 intra4=0 reftype=0
  snapshot IDR: 3 venc_ko blocks (pool0 0x73801000 len 0x10000)
frame 1: send=0x0 get=0x0 len=828 coding=1 startqp=0 meanqp=0 picbytes=0 pskip=0 nalus=1 n1:828
  cu: inter64=0 inter32=0 inter16=0 inter8=0 intra32=0 intra16=0 intra8=0 intra4=0 reftype=0
  snapshot P: 3 venc_ko blocks (pool0 0x73801000 len 0x10000)
frame 2: send=0x0 get=0x0 len=1465 coding=1 startqp=0 meanqp=0 picbytes=0 pskip=0 nalus=1 n1:1465
  cu: inter64=0 inter32=0 inter16=0 inter8=0 intra32=0 intra16=0 intra8=0 intra4=0 reftype=0
frame 3: send=0x0 get=0x0 len=1152 coding=1 startqp=0 meanqp=0 picbytes=0 pskip=0 nalus=1 n1:1152
  cu: inter64=0 inter32=0 inter16=0 inter8=0 intra32=0 intra16=0 intra8=0 intra4=0 reftype=0
frame 4: send=0x0 get=0x0 len=1381 coding=1 startqp=0 meanqp=0 picbytes=0 pskip=0 nalus=1 n1:1381
  cu: inter64=0 inter32=0 inter16=0 inter8=0 intra32=0 intra16=0 intra8=0 intra4=0 reftype=0
frame 5: send=0x0 get=0x0 len=1136 coding=1 startqp=0 meanqp=0 picbytes=0 pskip=0 nalus=1 n1:1136
  cu: inter64=0 inter32=0 inter16=0 inter8=0 intra32=0 intra16=0 intra8=0 intra4=0 reftype=0
---- /proc/ax_proc/venc ----
-------- VENC VERSION ------------------------
[Axera version]: ax_venc V3.0.0_20250319114413 Mar 19 2025 11:58:34 JK

-------- MODULE PARAM ------------------------
MaxChnNum   MaxRoiNum   MaxProcNum  
16          8           16          

done ir5col
rc=0
wrote /tmp/axwork/H5/vendor_ir5col_IDR.txt (slot 1, 511 regs, sw191=0x4c000000 sw7=0x80002000 sw9=0x004047a4 sw5=0x3c043803)
wrote /tmp/axwork/H5/vendor_ir5col_P.txt (slot 2, 511 regs, sw191=0x04000000 sw7=0x80002300 sw9=0x00404800 sw5=0x3c043801)
=== refring: refring=1
# vdrive tag=refring codec=h265 1920x1080 rc=cbr br=8000 fps=60/60 gop=30 gopmode=normalp ltrint=0 ltrqpo=0 iqp=32 pqp=32 profile=0 level=153 tier=0 qp[10..51] iqp[10..51] iqd=0 firstqp=-1 iprop[10..40] idrrange=2 stattime=1 vq=0 ir=0/0 slice=0 debreath=0 scd=-1 rowqpd=-1 vui=-1 move=0 nframes=6
AX_SYS_Init rc=0x0
AX_VENC_Init rc=0x0
AX_VENC_CreateChn(7) rc=0x0
StartRecvFrame rc=0x0
AX_POOL_CreatePool id=0x0
blk=0x5e000000 phys=0x74037000 virt=0xffffa651b000
frame: modid=0x11 stride=1920 fmt=0xd
  snapshot pre: 3 venc_ko blocks (pool0 0x73801000 len 0x10000)
frame 0: send=0x0 get=0x0 len=1159 coding=0 startqp=0 meanqp=0 picbytes=0 pskip=0 nalus=4 n32:27 n33:53 n34:12 n19:1067
  cu: inter64=0 inter32=0 inter16=0 inter8=0 intra32=0 intra16=0 intra8=0 intra4=0 reftype=0
  snapshot IDR: 3 venc_ko blocks (pool0 0x73801000 len 0x10000)
frame 1: send=0x0 get=0x0 len=828 coding=1 startqp=0 meanqp=0 picbytes=0 pskip=0 nalus=1 n1:828
  cu: inter64=0 inter32=0 inter16=0 inter8=0 intra32=0 intra16=0 intra8=0 intra4=0 reftype=0
  snapshot P: 3 venc_ko blocks (pool0 0x73801000 len 0x10000)
frame 2: send=0x0 get=0x0 len=1465 coding=1 startqp=0 meanqp=0 picbytes=0 pskip=0 nalus=1 n1:1465
  cu: inter64=0 inter32=0 inter16=0 inter8=0 intra32=0 intra16=0 intra8=0 intra4=0 reftype=0
frame 3: send=0x0 get=0x0 len=1152 coding=1 startqp=0 meanqp=0 picbytes=0 pskip=0 nalus=1 n1:1152
  cu: inter64=0 inter32=0 inter16=0 inter8=0 intra32=0 intra16=0 intra8=0 intra4=0 reftype=0
frame 4: send=0x0 get=0x0 len=1381 coding=1 startqp=0 meanqp=0 picbytes=0 pskip=0 nalus=1 n1:1381
  cu: inter64=0 inter32=0 inter16=0 inter8=0 intra32=0 intra16=0 intra8=0 intra4=0 reftype=0
frame 5: send=0x0 get=0x0 len=1136 coding=1 startqp=0 meanqp=0 picbytes=0 pskip=0 nalus=1 n1:1136
  cu: inter64=0 inter32=0 inter16=0 inter8=0 intra32=0 intra16=0 intra8=0 intra4=0 reftype=0
---- /proc/ax_proc/venc ----
-------- VENC VERSION ------------------------
[Axera version]: ax_venc V3.0.0_20250319114413 Mar 19 2025 11:58:34 JK

-------- MODULE PARAM ------------------------
MaxChnNum   MaxRoiNum   MaxProcNum  
16          8           16          

done refring
rc=0
wrote /tmp/axwork/H5/vendor_refring_IDR.txt (slot 1, 511 regs, sw191=0x4c000000 sw7=0x80002000 sw9=0x004047a4 sw5=0x3c043803)
wrote /tmp/axwork/H5/vendor_refring_P.txt (slot 2, 511 regs, sw191=0x04000000 sw7=0x80002300 sw9=0x00404800 sw5=0x3c043801)
=== share: share=1
# vdrive tag=share codec=h265 1920x1080 rc=cbr br=8000 fps=60/60 gop=30 gopmode=normalp ltrint=0 ltrqpo=0 iqp=32 pqp=32 profile=0 level=153 tier=0 qp[10..51] iqp[10..51] iqd=0 firstqp=-1 iprop[10..40] idrrange=2 stattime=1 vq=0 ir=0/0 slice=0 debreath=0 scd=-1 rowqpd=-1 vui=-1 move=0 nframes=6
AX_SYS_Init rc=0x0
AX_VENC_Init rc=0x0
AX_VENC_CreateChn(7) rc=0x0
StartRecvFrame rc=0x0
AX_POOL_CreatePool id=0x0
blk=0x5e000000 phys=0x742f6000 virt=0xffff83bcc000
frame: modid=0x11 stride=1920 fmt=0xd
  snapshot pre: 3 venc_ko blocks (pool0 0x73801000 len 0x10000)
frame 0: send=0x0 get=0x0 len=1159 coding=0 startqp=0 meanqp=0 picbytes=0 pskip=0 nalus=4 n32:27 n33:53 n34:12 n19:1067
  cu: inter64=0 inter32=0 inter16=0 inter8=0 intra32=0 intra16=0 intra8=0 intra4=0 reftype=0
  snapshot IDR: 3 venc_ko blocks (pool0 0x73801000 len 0x10000)
frame 1: send=0x0 get=0x0 len=828 coding=1 startqp=0 meanqp=0 picbytes=0 pskip=0 nalus=1 n1:828
  cu: inter64=0 inter32=0 inter16=0 inter8=0 intra32=0 intra16=0 intra8=0 intra4=0 reftype=0
  snapshot P: 3 venc_ko blocks (pool0 0x73801000 len 0x10000)
frame 2: send=0x0 get=0x0 len=1465 coding=1 startqp=0 meanqp=0 picbytes=0 pskip=0 nalus=1 n1:1465
  cu: inter64=0 inter32=0 inter16=0 inter8=0 intra32=0 intra16=0 intra8=0 intra4=0 reftype=0
frame 3: send=0x0 get=0x0 len=1152 coding=1 startqp=0 meanqp=0 picbytes=0 pskip=0 nalus=1 n1:1152
  cu: inter64=0 inter32=0 inter16=0 inter8=0 intra32=0 intra16=0 intra8=0 intra4=0 reftype=0
frame 4: send=0x0 get=0x0 len=1381 coding=1 startqp=0 meanqp=0 picbytes=0 pskip=0 nalus=1 n1:1381
  cu: inter64=0 inter32=0 inter16=0 inter8=0 intra32=0 intra16=0 intra8=0 intra4=0 reftype=0
frame 5: send=0x0 get=0x0 len=1136 coding=1 startqp=0 meanqp=0 picbytes=0 pskip=0 nalus=1 n1:1136
  cu: inter64=0 inter32=0 inter16=0 inter8=0 intra32=0 intra16=0 intra8=0 intra4=0 reftype=0
---- /proc/ax_proc/venc ----
-------- VENC VERSION ------------------------
[Axera version]: ax_venc V3.0.0_20250319114413 Mar 19 2025 11:58:34 JK

-------- MODULE PARAM ------------------------
MaxChnNum   MaxRoiNum   MaxProcNum  
16          8           16          

done share
rc=0
wrote /tmp/axwork/H5/vendor_share_IDR.txt (slot 1, 511 regs, sw191=0x4c000000 sw7=0x80002000 sw9=0x004047a4 sw5=0x3c043803)
wrote /tmp/axwork/H5/vendor_share_P.txt (slot 2, 511 regs, sw191=0x04000000 sw7=0x80002300 sw9=0x00404800 sw5=0x3c043801)
=== debreath: debreath=1
# vdrive tag=debreath codec=h265 1920x1080 rc=cbr br=8000 fps=60/60 gop=30 gopmode=normalp ltrint=0 ltrqpo=0 iqp=32 pqp=32 profile=0 level=153 tier=0 qp[10..51] iqp[10..51] iqd=0 firstqp=-1 iprop[10..40] idrrange=2 stattime=1 vq=0 ir=0/0 slice=0 debreath=1 scd=-1 rowqpd=-1 vui=-1 move=0 nframes=6
AX_SYS_Init rc=0x0
AX_VENC_Init rc=0x0
AX_VENC_CreateChn(7) rc=0x0
StartRecvFrame rc=0x0
AX_POOL_CreatePool id=0x0
blk=0x5e000000 phys=0x742f6000 virt=0xffff9755c000
frame: modid=0x11 stride=1920 fmt=0xd
  snapshot pre: 3 venc_ko blocks (pool0 0x73801000 len 0x10000)
frame 0: send=0x0 get=0x0 len=1159 coding=0 startqp=0 meanqp=0 picbytes=0 pskip=0 nalus=4 n32:27 n33:53 n34:12 n19:1067
  cu: inter64=0 inter32=0 inter16=0 inter8=0 intra32=0 intra16=0 intra8=0 intra4=0 reftype=0
  snapshot IDR: 3 venc_ko blocks (pool0 0x73801000 len 0x10000)
frame 1: send=0x0 get=0x0 len=828 coding=1 startqp=0 meanqp=0 picbytes=0 pskip=0 nalus=1 n1:828
  cu: inter64=0 inter32=0 inter16=0 inter8=0 intra32=0 intra16=0 intra8=0 intra4=0 reftype=0
  snapshot P: 3 venc_ko blocks (pool0 0x73801000 len 0x10000)
frame 2: send=0x0 get=0x0 len=1465 coding=1 startqp=0 meanqp=0 picbytes=0 pskip=0 nalus=1 n1:1465
  cu: inter64=0 inter32=0 inter16=0 inter8=0 intra32=0 intra16=0 intra8=0 intra4=0 reftype=0
frame 3: send=0x0 get=0x0 len=1152 coding=1 startqp=0 meanqp=0 picbytes=0 pskip=0 nalus=1 n1:1152
  cu: inter64=0 inter32=0 inter16=0 inter8=0 intra32=0 intra16=0 intra8=0 intra4=0 reftype=0
frame 4: send=0x0 get=0x0 len=1381 coding=1 startqp=0 meanqp=0 picbytes=0 pskip=0 nalus=1 n1:1381
  cu: inter64=0 inter32=0 inter16=0 inter8=0 intra32=0 intra16=0 intra8=0 intra4=0 reftype=0
frame 5: send=0x0 get=0x0 len=1136 coding=1 startqp=0 meanqp=0 picbytes=0 pskip=0 nalus=1 n1:1136
  cu: inter64=0 inter32=0 inter16=0 inter8=0 intra32=0 intra16=0 intra8=0 intra4=0 reftype=0
---- /proc/ax_proc/venc ----
-------- VENC VERSION ------------------------
[Axera version]: ax_venc V3.0.0_20250319114413 Mar 19 2025 11:58:34 JK

-------- MODULE PARAM ------------------------
MaxChnNum   MaxRoiNum   MaxProcNum  
16          8           16          

done debreath
rc=0
wrote /tmp/axwork/H5/vendor_debreath_IDR.txt (slot 1, 511 regs, sw191=0x4c000000 sw7=0x80002000 sw9=0x004047a4 sw5=0x3c043803)
wrote /tmp/axwork/H5/vendor_debreath_P.txt (slot 2, 511 regs, sw191=0x04000000 sw7=0x80002300 sw9=0x00404800 sw5=0x3c043801)
=== setrc_same: setrc=1
# vdrive tag=setrc_same codec=h265 1920x1080 rc=cbr br=8000 fps=60/60 gop=30 gopmode=normalp ltrint=0 ltrqpo=0 iqp=32 pqp=32 profile=0 level=153 tier=0 qp[10..51] iqp[10..51] iqd=0 firstqp=-1 iprop[10..40] idrrange=2 stattime=1 vq=0 ir=0/0 slice=0 debreath=0 scd=-1 rowqpd=-1 vui=-1 move=0 nframes=6
AX_SYS_Init rc=0x0
AX_VENC_Init rc=0x0
AX_VENC_CreateChn(7) rc=0x0
GetRcParam rc=0x0 rowqpd=0 firstqp=-1 mode=11 scd=0/0
SetRcParam rc=0x0
StartRecvFrame rc=0x0
AX_POOL_CreatePool id=0x0
blk=0x5e000000 phys=0x742f6000 virt=0xffffaef1c000
frame: modid=0x11 stride=1920 fmt=0xd
  snapshot pre: 3 venc_ko blocks (pool0 0x73801000 len 0x10000)
frame 0: send=0x0 get=0x0 len=1159 coding=0 startqp=0 meanqp=0 picbytes=0 pskip=0 nalus=4 n32:27 n33:53 n34:12 n19:1067
  cu: inter64=0 inter32=0 inter16=0 inter8=0 intra32=0 intra16=0 intra8=0 intra4=0 reftype=0
  snapshot IDR: 3 venc_ko blocks (pool0 0x73801000 len 0x10000)
frame 1: send=0x0 get=0x0 len=828 coding=1 startqp=0 meanqp=0 picbytes=0 pskip=0 nalus=1 n1:828
  cu: inter64=0 inter32=0 inter16=0 inter8=0 intra32=0 intra16=0 intra8=0 intra4=0 reftype=0
  snapshot P: 3 venc_ko blocks (pool0 0x73801000 len 0x10000)
frame 2: send=0x0 get=0x0 len=1465 coding=1 startqp=0 meanqp=0 picbytes=0 pskip=0 nalus=1 n1:1465
  cu: inter64=0 inter32=0 inter16=0 inter8=0 intra32=0 intra16=0 intra8=0 intra4=0 reftype=0
frame 3: send=0x0 get=0x0 len=1152 coding=1 startqp=0 meanqp=0 picbytes=0 pskip=0 nalus=1 n1:1152
  cu: inter64=0 inter32=0 inter16=0 inter8=0 intra32=0 intra16=0 intra8=0 intra4=0 reftype=0
frame 4: send=0x0 get=0x0 len=1381 coding=1 startqp=0 meanqp=0 picbytes=0 pskip=0 nalus=1 n1:1381
  cu: inter64=0 inter32=0 inter16=0 inter8=0 intra32=0 intra16=0 intra8=0 intra4=0 reftype=0
frame 5: send=0x0 get=0x0 len=1136 coding=1 startqp=0 meanqp=0 picbytes=0 pskip=0 nalus=1 n1:1136
  cu: inter64=0 inter32=0 inter16=0 inter8=0 intra32=0 intra16=0 intra8=0 intra4=0 reftype=0
---- /proc/ax_proc/venc ----
-------- VENC VERSION ------------------------
[Axera version]: ax_venc V3.0.0_20250319114413 Mar 19 2025 11:58:34 JK

-------- MODULE PARAM ------------------------
MaxChnNum   MaxRoiNum   MaxProcNum  
16          8           16          

done setrc_same
rc=0
wrote /tmp/axwork/H5/vendor_setrc_same_IDR.txt (slot 1, 511 regs, sw191=0x4c000000 sw7=0x80002000 sw9=0x004047a4 sw5=0x3c043803)
wrote /tmp/axwork/H5/vendor_setrc_same_P.txt (slot 2, 511 regs, sw191=0x04000000 sw7=0x80002300 sw9=0x00404800 sw5=0x3c043801)
=== scd1: setrc=1 scd=1
# vdrive tag=scd1 codec=h265 1920x1080 rc=cbr br=8000 fps=60/60 gop=30 gopmode=normalp ltrint=0 ltrqpo=0 iqp=32 pqp=32 profile=0 level=153 tier=0 qp[10..51] iqp[10..51] iqd=0 firstqp=-1 iprop[10..40] idrrange=2 stattime=1 vq=0 ir=0/0 slice=0 debreath=0 scd=1 rowqpd=-1 vui=-1 move=0 nframes=6
AX_SYS_Init rc=0x0
AX_VENC_Init rc=0x0
AX_VENC_CreateChn(7) rc=0x0
GetRcParam rc=0x0 rowqpd=0 firstqp=-1 mode=11 scd=0/0
SetRcParam rc=0x0
StartRecvFrame rc=0x0
AX_POOL_CreatePool id=0x0
blk=0x5e000000 phys=0x742f6000 virt=0xffffa345c000
frame: modid=0x11 stride=1920 fmt=0xd
  snapshot pre: 3 venc_ko blocks (pool0 0x73801000 len 0x10000)
frame 0: send=0x0 get=0x0 len=1159 coding=0 startqp=0 meanqp=0 picbytes=0 pskip=0 nalus=4 n32:27 n33:53 n34:12 n19:1067
  cu: inter64=0 inter32=0 inter16=0 inter8=0 intra32=0 intra16=0 intra8=0 intra4=0 reftype=0
  snapshot IDR: 3 venc_ko blocks (pool0 0x73801000 len 0x10000)
frame 1: send=0x0 get=0x0 len=828 coding=1 startqp=0 meanqp=0 picbytes=0 pskip=0 nalus=1 n1:828
  cu: inter64=0 inter32=0 inter16=0 inter8=0 intra32=0 intra16=0 intra8=0 intra4=0 reftype=0
  snapshot P: 3 venc_ko blocks (pool0 0x73801000 len 0x10000)
frame 2: send=0x0 get=0x0 len=1465 coding=1 startqp=0 meanqp=0 picbytes=0 pskip=0 nalus=1 n1:1465
  cu: inter64=0 inter32=0 inter16=0 inter8=0 intra32=0 intra16=0 intra8=0 intra4=0 reftype=0
frame 3: send=0x0 get=0x0 len=1152 coding=1 startqp=0 meanqp=0 picbytes=0 pskip=0 nalus=1 n1:1152
  cu: inter64=0 inter32=0 inter16=0 inter8=0 intra32=0 intra16=0 intra8=0 intra4=0 reftype=0
frame 4: send=0x0 get=0x0 len=1381 coding=1 startqp=0 meanqp=0 picbytes=0 pskip=0 nalus=1 n1:1381
  cu: inter64=0 inter32=0 inter16=0 inter8=0 intra32=0 intra16=0 intra8=0 intra4=0 reftype=0
frame 5: send=0x0 get=0x0 len=1136 coding=1 startqp=0 meanqp=0 picbytes=0 pskip=0 nalus=1 n1:1136
  cu: inter64=0 inter32=0 inter16=0 inter8=0 intra32=0 intra16=0 intra8=0 intra4=0 reftype=0
---- /proc/ax_proc/venc ----
-------- VENC VERSION ------------------------
[Axera version]: ax_venc V3.0.0_20250319114413 Mar 19 2025 11:58:34 JK

-------- MODULE PARAM ------------------------
MaxChnNum   MaxRoiNum   MaxProcNum  
16          8           16          

done scd1
rc=0
wrote /tmp/axwork/H5/vendor_scd1_IDR.txt (slot 1, 511 regs, sw191=0x4c000000 sw7=0x80002000 sw9=0x004047a4 sw5=0x3c043803)
wrote /tmp/axwork/H5/vendor_scd1_P.txt (slot 2, 511 regs, sw191=0x04000000 sw7=0x80002300 sw9=0x00404800 sw5=0x3c043801)
=== rowqpd3: setrc=1 rowqpd=3
# vdrive tag=rowqpd3 codec=h265 1920x1080 rc=cbr br=8000 fps=60/60 gop=30 gopmode=normalp ltrint=0 ltrqpo=0 iqp=32 pqp=32 profile=0 level=153 tier=0 qp[10..51] iqp[10..51] iqd=0 firstqp=-1 iprop[10..40] idrrange=2 stattime=1 vq=0 ir=0/0 slice=0 debreath=0 scd=-1 rowqpd=3 vui=-1 move=0 nframes=6
AX_SYS_Init rc=0x0
AX_VENC_Init rc=0x0
AX_VENC_CreateChn(7) rc=0x0
GetRcParam rc=0x0 rowqpd=0 firstqp=-1 mode=11 scd=0/0
SetRcParam rc=0x0
StartRecvFrame rc=0x0
AX_POOL_CreatePool id=0x0
blk=0x5e000000 phys=0x742f6000 virt=0xffffa310c000
frame: modid=0x11 stride=1920 fmt=0xd
  snapshot pre: 3 venc_ko blocks (pool0 0x73801000 len 0x10000)
frame 0: send=0x0 get=0x0 len=1159 coding=0 startqp=0 meanqp=0 picbytes=0 pskip=0 nalus=4 n32:27 n33:53 n34:12 n19:1067
  cu: inter64=0 inter32=0 inter16=0 inter8=0 intra32=0 intra16=0 intra8=0 intra4=0 reftype=0
  snapshot IDR: 3 venc_ko blocks (pool0 0x73801000 len 0x10000)
frame 1: send=0x0 get=0x0 len=828 coding=1 startqp=0 meanqp=0 picbytes=0 pskip=0 nalus=1 n1:828
  cu: inter64=0 inter32=0 inter16=0 inter8=0 intra32=0 intra16=0 intra8=0 intra4=0 reftype=0
  snapshot P: 3 venc_ko blocks (pool0 0x73801000 len 0x10000)
frame 2: send=0x0 get=0x0 len=1465 coding=1 startqp=0 meanqp=0 picbytes=0 pskip=0 nalus=1 n1:1465
  cu: inter64=0 inter32=0 inter16=0 inter8=0 intra32=0 intra16=0 intra8=0 intra4=0 reftype=0
frame 3: send=0x0 get=0x0 len=1152 coding=1 startqp=0 meanqp=0 picbytes=0 pskip=0 nalus=1 n1:1152
  cu: inter64=0 inter32=0 inter16=0 inter8=0 intra32=0 intra16=0 intra8=0 intra4=0 reftype=0
frame 4: send=0x0 get=0x0 len=1381 coding=1 startqp=0 meanqp=0 picbytes=0 pskip=0 nalus=1 n1:1381
  cu: inter64=0 inter32=0 inter16=0 inter8=0 intra32=0 intra16=0 intra8=0 intra4=0 reftype=0
frame 5: send=0x0 get=0x0 len=1136 coding=1 startqp=0 meanqp=0 picbytes=0 pskip=0 nalus=1 n1:1136
  cu: inter64=0 inter32=0 inter16=0 inter8=0 intra32=0 intra16=0 intra8=0 intra4=0 reftype=0
---- /proc/ax_proc/venc ----
-------- VENC VERSION ------------------------
[Axera version]: ax_venc V3.0.0_20250319114413 Mar 19 2025 11:58:34 JK

-------- MODULE PARAM ------------------------
MaxChnNum   MaxRoiNum   MaxProcNum  
16          8           16          

done rowqpd3
rc=0
wrote /tmp/axwork/H5/vendor_rowqpd3_IDR.txt (slot 1, 511 regs, sw191=0x4c000000 sw7=0x80002000 sw9=0x004047a4 sw5=0x3c043803)
wrote /tmp/axwork/H5/vendor_rowqpd3_P.txt (slot 2, 511 regs, sw191=0x04000000 sw7=0x80002300 sw9=0x00404800 sw5=0x3c043801)
=== stattime3: stattime=3
# vdrive tag=stattime3 codec=h265 1920x1080 rc=cbr br=8000 fps=60/60 gop=30 gopmode=normalp ltrint=0 ltrqpo=0 iqp=32 pqp=32 profile=0 level=153 tier=0 qp[10..51] iqp[10..51] iqd=0 firstqp=-1 iprop[10..40] idrrange=2 stattime=3 vq=0 ir=0/0 slice=0 debreath=0 scd=-1 rowqpd=-1 vui=-1 move=0 nframes=6
AX_SYS_Init rc=0x0
AX_VENC_Init rc=0x0
AX_VENC_CreateChn(7) rc=0x0
StartRecvFrame rc=0x0
AX_POOL_CreatePool id=0x0
blk=0x5e000000 phys=0x742f6000 virt=0xffff8ae7c000
frame: modid=0x11 stride=1920 fmt=0xd
  snapshot pre: 3 venc_ko blocks (pool0 0x73801000 len 0x10000)
frame 0: send=0x0 get=0x0 len=1159 coding=0 startqp=0 meanqp=0 picbytes=0 pskip=0 nalus=4 n32:27 n33:53 n34:12 n19:1067
  cu: inter64=0 inter32=0 inter16=0 inter8=0 intra32=0 intra16=0 intra8=0 intra4=0 reftype=0
  snapshot IDR: 3 venc_ko blocks (pool0 0x73801000 len 0x10000)
frame 1: send=0x0 get=0x0 len=828 coding=1 startqp=0 meanqp=0 picbytes=0 pskip=0 nalus=1 n1:828
  cu: inter64=0 inter32=0 inter16=0 inter8=0 intra32=0 intra16=0 intra8=0 intra4=0 reftype=0
  snapshot P: 3 venc_ko blocks (pool0 0x73801000 len 0x10000)
frame 2: send=0x0 get=0x0 len=1465 coding=1 startqp=0 meanqp=0 picbytes=0 pskip=0 nalus=1 n1:1465
  cu: inter64=0 inter32=0 inter16=0 inter8=0 intra32=0 intra16=0 intra8=0 intra4=0 reftype=0
frame 3: send=0x0 get=0x0 len=1152 coding=1 startqp=0 meanqp=0 picbytes=0 pskip=0 nalus=1 n1:1152
  cu: inter64=0 inter32=0 inter16=0 inter8=0 intra32=0 intra16=0 intra8=0 intra4=0 reftype=0
frame 4: send=0x0 get=0x0 len=1381 coding=1 startqp=0 meanqp=0 picbytes=0 pskip=0 nalus=1 n1:1381
  cu: inter64=0 inter32=0 inter16=0 inter8=0 intra32=0 intra16=0 intra8=0 intra4=0 reftype=0
frame 5: send=0x0 get=0x0 len=1136 coding=1 startqp=0 meanqp=0 picbytes=0 pskip=0 nalus=1 n1:1136
  cu: inter64=0 inter32=0 inter16=0 inter8=0 intra32=0 intra16=0 intra8=0 intra4=0 reftype=0
---- /proc/ax_proc/venc ----
-------- VENC VERSION ------------------------
[Axera version]: ax_venc V3.0.0_20250319114413 Mar 19 2025 11:58:34 JK

-------- MODULE PARAM ------------------------
MaxChnNum   MaxRoiNum   MaxProcNum  
16          8           16          

done stattime3
rc=0
wrote /tmp/axwork/H5/vendor_stattime3_IDR.txt (slot 1, 511 regs, sw191=0x4c000000 sw7=0x80002000 sw9=0x004047a4 sw5=0x3c043803)
wrote /tmp/axwork/H5/vendor_stattime3_P.txt (slot 2, 511 regs, sw191=0x04000000 sw7=0x80002300 sw9=0x00404800 sw5=0x3c043801)
=== iprop20_80: miniprop=20 maxiprop=80
# vdrive tag=iprop20_80 codec=h265 1920x1080 rc=cbr br=8000 fps=60/60 gop=30 gopmode=normalp ltrint=0 ltrqpo=0 iqp=32 pqp=32 profile=0 level=153 tier=0 qp[10..51] iqp[10..51] iqd=0 firstqp=-1 iprop[20..80] idrrange=2 stattime=1 vq=0 ir=0/0 slice=0 debreath=0 scd=-1 rowqpd=-1 vui=-1 move=0 nframes=6
AX_SYS_Init rc=0x0
AX_VENC_Init rc=0x0
AX_VENC_CreateChn(7) rc=0x0
StartRecvFrame rc=0x0
AX_POOL_CreatePool id=0x0
blk=0x5e000000 phys=0x742f6000 virt=0xffffa2bbc000
frame: modid=0x11 stride=1920 fmt=0xd
  snapshot pre: 3 venc_ko blocks (pool0 0x73801000 len 0x10000)
frame 0: send=0x0 get=0x0 len=1159 coding=0 startqp=0 meanqp=0 picbytes=0 pskip=0 nalus=4 n32:27 n33:53 n34:12 n19:1067
  cu: inter64=0 inter32=0 inter16=0 inter8=0 intra32=0 intra16=0 intra8=0 intra4=0 reftype=0
  snapshot IDR: 3 venc_ko blocks (pool0 0x73801000 len 0x10000)
frame 1: send=0x0 get=0x0 len=828 coding=1 startqp=0 meanqp=0 picbytes=0 pskip=0 nalus=1 n1:828
  cu: inter64=0 inter32=0 inter16=0 inter8=0 intra32=0 intra16=0 intra8=0 intra4=0 reftype=0
  snapshot P: 3 venc_ko blocks (pool0 0x73801000 len 0x10000)
frame 2: send=0x0 get=0x0 len=1465 coding=1 startqp=0 meanqp=0 picbytes=0 pskip=0 nalus=1 n1:1465
  cu: inter64=0 inter32=0 inter16=0 inter8=0 intra32=0 intra16=0 intra8=0 intra4=0 reftype=0
frame 3: send=0x0 get=0x0 len=1152 coding=1 startqp=0 meanqp=0 picbytes=0 pskip=0 nalus=1 n1:1152
  cu: inter64=0 inter32=0 inter16=0 inter8=0 intra32=0 intra16=0 intra8=0 intra4=0 reftype=0
frame 4: send=0x0 get=0x0 len=1381 coding=1 startqp=0 meanqp=0 picbytes=0 pskip=0 nalus=1 n1:1381
  cu: inter64=0 inter32=0 inter16=0 inter8=0 intra32=0 intra16=0 intra8=0 intra4=0 reftype=0
frame 5: send=0x0 get=0x0 len=1136 coding=1 startqp=0 meanqp=0 picbytes=0 pskip=0 nalus=1 n1:1136
  cu: inter64=0 inter32=0 inter16=0 inter8=0 intra32=0 intra16=0 intra8=0 intra4=0 reftype=0
---- /proc/ax_proc/venc ----
-------- VENC VERSION ------------------------
[Axera version]: ax_venc V3.0.0_20250319114413 Mar 19 2025 11:58:34 JK

-------- MODULE PARAM ------------------------
MaxChnNum   MaxRoiNum   MaxProcNum  
16          8           16          

done iprop20_80
rc=0
wrote /tmp/axwork/H5/vendor_iprop20_80_IDR.txt (slot 1, 511 regs, sw191=0x4c000000 sw7=0x80002000 sw9=0x004047a4 sw5=0x3c043803)
wrote /tmp/axwork/H5/vendor_iprop20_80_P.txt (slot 2, 511 regs, sw191=0x04000000 sw7=0x80002300 sw9=0x00404800 sw5=0x3c043801)
=== dbqd5: dbqd=5
# vdrive tag=dbqd5 codec=h265 1920x1080 rc=cbr br=8000 fps=60/60 gop=30 gopmode=normalp ltrint=0 ltrqpo=0 iqp=32 pqp=32 profile=0 level=153 tier=0 qp[10..51] iqp[10..51] iqd=0 firstqp=-1 iprop[10..40] idrrange=2 stattime=1 vq=0 ir=0/0 slice=0 debreath=0 scd=-1 rowqpd=-1 vui=-1 move=0 nframes=6
AX_SYS_Init rc=0x0
AX_VENC_Init rc=0x0
AX_VENC_CreateChn(7) rc=0x0
StartRecvFrame rc=0x0
AX_POOL_CreatePool id=0x0
blk=0x5e000000 phys=0x742f6000 virt=0xffffa9dac000
frame: modid=0x11 stride=1920 fmt=0xd
  snapshot pre: 3 venc_ko blocks (pool0 0x73801000 len 0x10000)
frame 0: send=0x0 get=0x0 len=1159 coding=0 startqp=0 meanqp=0 picbytes=0 pskip=0 nalus=4 n32:27 n33:53 n34:12 n19:1067
  cu: inter64=0 inter32=0 inter16=0 inter8=0 intra32=0 intra16=0 intra8=0 intra4=0 reftype=0
  snapshot IDR: 3 venc_ko blocks (pool0 0x73801000 len 0x10000)
frame 1: send=0x0 get=0x0 len=828 coding=1 startqp=0 meanqp=0 picbytes=0 pskip=0 nalus=1 n1:828
  cu: inter64=0 inter32=0 inter16=0 inter8=0 intra32=0 intra16=0 intra8=0 intra4=0 reftype=0
  snapshot P: 3 venc_ko blocks (pool0 0x73801000 len 0x10000)
frame 2: send=0x0 get=0x0 len=1465 coding=1 startqp=0 meanqp=0 picbytes=0 pskip=0 nalus=1 n1:1465
  cu: inter64=0 inter32=0 inter16=0 inter8=0 intra32=0 intra16=0 intra8=0 intra4=0 reftype=0
frame 3: send=0x0 get=0x0 len=1152 coding=1 startqp=0 meanqp=0 picbytes=0 pskip=0 nalus=1 n1:1152
  cu: inter64=0 inter32=0 inter16=0 inter8=0 intra32=0 intra16=0 intra8=0 intra4=0 reftype=0
frame 4: send=0x0 get=0x0 len=1381 coding=1 startqp=0 meanqp=0 picbytes=0 pskip=0 nalus=1 n1:1381
  cu: inter64=0 inter32=0 inter16=0 inter8=0 intra32=0 intra16=0 intra8=0 intra4=0 reftype=0
frame 5: send=0x0 get=0x0 len=1136 coding=1 startqp=0 meanqp=0 picbytes=0 pskip=0 nalus=1 n1:1136
  cu: inter64=0 inter32=0 inter16=0 inter8=0 intra32=0 intra16=0 intra8=0 intra4=0 reftype=0
---- /proc/ax_proc/venc ----
-------- VENC VERSION ------------------------
[Axera version]: ax_venc V3.0.0_20250319114413 Mar 19 2025 11:58:34 JK

-------- MODULE PARAM ------------------------
MaxChnNum   MaxRoiNum   MaxProcNum  
16          8           16          

done dbqd5
rc=0
wrote /tmp/axwork/H5/vendor_dbqd5_IDR.txt (slot 1, 511 regs, sw191=0x4c000000 sw7=0x80002000 sw9=0x004047a4 sw5=0x3c043803)
wrote /tmp/axwork/H5/vendor_dbqd5_P.txt (slot 2, 511 regs, sw191=0x04000000 sw7=0x80002300 sw9=0x00404800 sw5=0x3c043801)
=== vui0: vui=0
# vdrive tag=vui0 codec=h265 1920x1080 rc=cbr br=8000 fps=60/60 gop=30 gopmode=normalp ltrint=0 ltrqpo=0 iqp=32 pqp=32 profile=0 level=153 tier=0 qp[10..51] iqp[10..51] iqd=0 firstqp=-1 iprop[10..40] idrrange=2 stattime=1 vq=0 ir=0/0 slice=0 debreath=0 scd=-1 rowqpd=-1 vui=0 move=0 nframes=6
AX_SYS_Init rc=0x0
AX_VENC_Init rc=0x0
AX_VENC_CreateChn(7) rc=0x0
GetVuiParam rc=0x0
SetVuiParam(0) rc=0x0
StartRecvFrame rc=0x0
AX_POOL_CreatePool id=0x0
blk=0x5e000000 phys=0x742f6000 virt=0xffff9f2bc000
frame: modid=0x11 stride=1920 fmt=0xd
  snapshot pre: 3 venc_ko blocks (pool0 0x73801000 len 0x10000)
frame 0: send=0x0 get=0x0 len=1159 coding=0 startqp=0 meanqp=0 picbytes=0 pskip=0 nalus=4 n32:27 n33:53 n34:12 n19:1067
  cu: inter64=0 inter32=0 inter16=0 inter8=0 intra32=0 intra16=0 intra8=0 intra4=0 reftype=0
  snapshot IDR: 3 venc_ko blocks (pool0 0x73801000 len 0x10000)
frame 1: send=0x0 get=0x0 len=828 coding=1 startqp=0 meanqp=0 picbytes=0 pskip=0 nalus=1 n1:828
  cu: inter64=0 inter32=0 inter16=0 inter8=0 intra32=0 intra16=0 intra8=0 intra4=0 reftype=0
  snapshot P: 3 venc_ko blocks (pool0 0x73801000 len 0x10000)
frame 2: send=0x0 get=0x0 len=1465 coding=1 startqp=0 meanqp=0 picbytes=0 pskip=0 nalus=1 n1:1465
  cu: inter64=0 inter32=0 inter16=0 inter8=0 intra32=0 intra16=0 intra8=0 intra4=0 reftype=0
frame 3: send=0x0 get=0x0 len=1152 coding=1 startqp=0 meanqp=0 picbytes=0 pskip=0 nalus=1 n1:1152
  cu: inter64=0 inter32=0 inter16=0 inter8=0 intra32=0 intra16=0 intra8=0 intra4=0 reftype=0
frame 4: send=0x0 get=0x0 len=1381 coding=1 startqp=0 meanqp=0 picbytes=0 pskip=0 nalus=1 n1:1381
  cu: inter64=0 inter32=0 inter16=0 inter8=0 intra32=0 intra16=0 intra8=0 intra4=0 reftype=0
frame 5: send=0x0 get=0x0 len=1136 coding=1 startqp=0 meanqp=0 picbytes=0 pskip=0 nalus=1 n1:1136
  cu: inter64=0 inter32=0 inter16=0 inter8=0 intra32=0 intra16=0 intra8=0 intra4=0 reftype=0
---- /proc/ax_proc/venc ----
-------- VENC VERSION ------------------------
[Axera version]: ax_venc V3.0.0_20250319114413 Mar 19 2025 11:58:34 JK

-------- MODULE PARAM ------------------------
MaxChnNum   MaxRoiNum   MaxProcNum  
16          8           16          

done vui0
rc=0
wrote /tmp/axwork/H5/vendor_vui0_IDR.txt (slot 1, 511 regs, sw191=0x4c000000 sw7=0x80002000 sw9=0x004047a4 sw5=0x3c043803)
wrote /tmp/axwork/H5/vendor_vui0_P.txt (slot 2, 511 regs, sw191=0x04000000 sw7=0x80002300 sw9=0x00404800 sw5=0x3c043801)
=== vui1: vui=1
# vdrive tag=vui1 codec=h265 1920x1080 rc=cbr br=8000 fps=60/60 gop=30 gopmode=normalp ltrint=0 ltrqpo=0 iqp=32 pqp=32 profile=0 level=153 tier=0 qp[10..51] iqp[10..51] iqd=0 firstqp=-1 iprop[10..40] idrrange=2 stattime=1 vq=0 ir=0/0 slice=0 debreath=0 scd=-1 rowqpd=-1 vui=1 move=0 nframes=6
AX_SYS_Init rc=0x0
AX_VENC_Init rc=0x0
AX_VENC_CreateChn(7) rc=0x0
GetVuiParam rc=0x0
SetVuiParam(1) rc=0x0
StartRecvFrame rc=0x0
AX_POOL_CreatePool id=0x0
blk=0x5e000000 phys=0x742f6000 virt=0xffffa32bc000
frame: modid=0x11 stride=1920 fmt=0xd
  snapshot pre: 3 venc_ko blocks (pool0 0x73801000 len 0x10000)
frame 0: send=0x0 get=0x0 len=1159 coding=0 startqp=0 meanqp=0 picbytes=0 pskip=0 nalus=4 n32:27 n33:53 n34:12 n19:1067
  cu: inter64=0 inter32=0 inter16=0 inter8=0 intra32=0 intra16=0 intra8=0 intra4=0 reftype=0
  snapshot IDR: 3 venc_ko blocks (pool0 0x73801000 len 0x10000)
frame 1: send=0x0 get=0x0 len=828 coding=1 startqp=0 meanqp=0 picbytes=0 pskip=0 nalus=1 n1:828
  cu: inter64=0 inter32=0 inter16=0 inter8=0 intra32=0 intra16=0 intra8=0 intra4=0 reftype=0
  snapshot P: 3 venc_ko blocks (pool0 0x73801000 len 0x10000)
frame 2: send=0x0 get=0x0 len=1465 coding=1 startqp=0 meanqp=0 picbytes=0 pskip=0 nalus=1 n1:1465
  cu: inter64=0 inter32=0 inter16=0 inter8=0 intra32=0 intra16=0 intra8=0 intra4=0 reftype=0
frame 3: send=0x0 get=0x0 len=1152 coding=1 startqp=0 meanqp=0 picbytes=0 pskip=0 nalus=1 n1:1152
  cu: inter64=0 inter32=0 inter16=0 inter8=0 intra32=0 intra16=0 intra8=0 intra4=0 reftype=0
frame 4: send=0x0 get=0x0 len=1381 coding=1 startqp=0 meanqp=0 picbytes=0 pskip=0 nalus=1 n1:1381
  cu: inter64=0 inter32=0 inter16=0 inter8=0 intra32=0 intra16=0 intra8=0 intra4=0 reftype=0
frame 5: send=0x0 get=0x0 len=1136 coding=1 startqp=0 meanqp=0 picbytes=0 pskip=0 nalus=1 n1:1136
  cu: inter64=0 inter32=0 inter16=0 inter8=0 intra32=0 intra16=0 intra8=0 intra4=0 reftype=0
---- /proc/ax_proc/venc ----
-------- VENC VERSION ------------------------
[Axera version]: ax_venc V3.0.0_20250319114413 Mar 19 2025 11:58:34 JK

-------- MODULE PARAM ------------------------
MaxChnNum   MaxRoiNum   MaxProcNum  
16          8           16          

done vui1
rc=0
wrote /tmp/axwork/H5/vendor_vui1_IDR.txt (slot 1, 511 regs, sw191=0x4c000000 sw7=0x80002000 sw9=0x004047a4 sw5=0x3c043803)
wrote /tmp/axwork/H5/vendor_vui1_P.txt (slot 2, 511 regs, sw191=0x04000000 sw7=0x80002300 sw9=0x00404800 sw5=0x3c043801)
=== oneltr: gopmode=oneltr ltrint=4
# vdrive tag=oneltr codec=h265 1920x1080 rc=cbr br=8000 fps=60/60 gop=30 gopmode=oneltr ltrint=4 ltrqpo=0 iqp=32 pqp=32 profile=0 level=153 tier=0 qp[10..51] iqp[10..51] iqd=0 firstqp=-1 iprop[10..40] idrrange=2 stattime=1 vq=0 ir=0/0 slice=0 debreath=0 scd=-1 rowqpd=-1 vui=-1 move=0 nframes=6
AX_SYS_Init rc=0x0
AX_VENC_Init rc=0x0
AX_VENC_CreateChn(7) rc=0x0
StartRecvFrame rc=0x0
AX_POOL_CreatePool id=0x0
blk=0x5e000000 phys=0x74619000 virt=0xffff891ff000
frame: modid=0x11 stride=1920 fmt=0xd
  snapshot pre: 3 venc_ko blocks (pool0 0x73801000 len 0x10000)
frame 0: send=0x0 get=0x0 len=1160 coding=0 startqp=0 meanqp=0 picbytes=0 pskip=0 nalus=4 n32:27 n33:54 n34:12 n19:1067
  cu: inter64=0 inter32=0 inter16=0 inter8=0 intra32=0 intra16=0 intra8=0 intra4=0 reftype=0
  snapshot IDR: 3 venc_ko blocks (pool0 0x73801000 len 0x10000)
frame 1: send=0x0 get=0x0 len=824 coding=1 startqp=0 meanqp=0 picbytes=0 pskip=0 nalus=1 n1:824
  cu: inter64=0 inter32=0 inter16=0 inter8=0 intra32=0 intra16=0 intra8=0 intra4=0 reftype=0
  snapshot P: 3 venc_ko blocks (pool0 0x73801000 len 0x10000)
frame 2: send=0x0 get=0x0 len=1086 coding=1 startqp=0 meanqp=0 picbytes=0 pskip=0 nalus=1 n1:1086
  cu: inter64=0 inter32=0 inter16=0 inter8=0 intra32=0 intra16=0 intra8=0 intra4=0 reftype=0
frame 3: send=0x0 get=0x0 len=1082 coding=1 startqp=0 meanqp=0 picbytes=0 pskip=0 nalus=1 n1:1082
  cu: inter64=0 inter32=0 inter16=0 inter8=0 intra32=0 intra16=0 intra8=0 intra4=0 reftype=0
frame 4: send=0x0 get=0x0 len=1484 coding=3 startqp=0 meanqp=0 picbytes=0 pskip=0 nalus=1 n1:1484
  cu: inter64=0 inter32=0 inter16=0 inter8=0 intra32=0 intra16=0 intra8=0 intra4=0 reftype=0
frame 5: send=0x0 get=0x0 len=1174 coding=1 startqp=0 meanqp=0 picbytes=0 pskip=0 nalus=1 n1:1174
  cu: inter64=0 inter32=0 inter16=0 inter8=0 intra32=0 intra16=0 intra8=0 intra4=0 reftype=0
---- /proc/ax_proc/venc ----
-------- VENC VERSION ------------------------
[Axera version]: ax_venc V3.0.0_20250319114413 Mar 19 2025 11:58:34 JK

-------- MODULE PARAM ------------------------
MaxChnNum   MaxRoiNum   MaxProcNum  
16          8           16          

done oneltr
rc=0
wrote /tmp/axwork/H5/vendor_oneltr_IDR.txt (slot 1, 511 regs, sw191=0x4c000000 sw7=0x80002000 sw9=0x004047a3 sw5=0x3c043803)
wrote /tmp/axwork/H5/vendor_oneltr_P.txt (slot 2, 511 regs, sw191=0x04000000 sw7=0x80002300 sw9=0x00404800 sw5=0x3c043801)
=== svct: gopmode=svct
# vdrive tag=svct codec=h265 1920x1080 rc=cbr br=8000 fps=60/60 gop=30 gopmode=svct ltrint=0 ltrqpo=0 iqp=32 pqp=32 profile=0 level=153 tier=0 qp[10..51] iqp[10..51] iqd=0 firstqp=-1 iprop[10..40] idrrange=2 stattime=1 vq=0 ir=0/0 slice=0 debreath=0 scd=-1 rowqpd=-1 vui=-1 move=0 nframes=6
AX_SYS_Init rc=0x0
AX_VENC_Init rc=0x0
AX_VENC_CreateChn(7) rc=0x80070280
REFUSED create rc=0x80070280
rc=3
!! no IDR program for svct
!! no P program for svct
=== moving: move=1
# vdrive tag=moving codec=h265 1920x1080 rc=cbr br=8000 fps=60/60 gop=30 gopmode=normalp ltrint=0 ltrqpo=0 iqp=32 pqp=32 profile=0 level=153 tier=0 qp[10..51] iqp[10..51] iqd=0 firstqp=-1 iprop[10..40] idrrange=2 stattime=1 vq=0 ir=0/0 slice=0 debreath=0 scd=-1 rowqpd=-1 vui=-1 move=1 nframes=6
AX_SYS_Init rc=0x0
AX_VENC_Init rc=0x0
AX_VENC_CreateChn(7) rc=0x0
StartRecvFrame rc=0x0
AX_POOL_CreatePool id=0x0
blk=0x5e000000 phys=0x742f6000 virt=0xffff859dc000
frame: modid=0x11 stride=1920 fmt=0xd
  snapshot pre: 3 venc_ko blocks (pool0 0x73801000 len 0x10000)
frame 0: send=0x0 get=0x0 len=17538 coding=0 startqp=0 meanqp=0 picbytes=0 pskip=0 nalus=4 n32:27 n33:53 n34:12 n19:17446
  cu: inter64=0 inter32=0 inter16=0 inter8=0 intra32=0 intra16=0 intra8=0 intra4=0 reftype=0
  snapshot IDR: 3 venc_ko blocks (pool0 0x73801000 len 0x10000)
frame 1: send=0x0 get=0x0 len=13522 coding=1 startqp=0 meanqp=0 picbytes=0 pskip=0 nalus=1 n1:13522
  cu: inter64=0 inter32=0 inter16=0 inter8=0 intra32=0 intra16=0 intra8=0 intra4=0 reftype=0
  snapshot P: 3 venc_ko blocks (pool0 0x73801000 len 0x10000)
frame 2: send=0x0 get=0x0 len=7431 coding=1 startqp=0 meanqp=0 picbytes=0 pskip=0 nalus=1 n1:7431
  cu: inter64=0 inter32=0 inter16=0 inter8=0 intra32=0 intra16=0 intra8=0 intra4=0 reftype=0
frame 3: send=0x0 get=0x0 len=10638 coding=1 startqp=0 meanqp=0 picbytes=0 pskip=0 nalus=1 n1:10638
  cu: inter64=0 inter32=0 inter16=0 inter8=0 intra32=0 intra16=0 intra8=0 intra4=0 reftype=0
frame 4: send=0x0 get=0x0 len=6956 coding=1 startqp=0 meanqp=0 picbytes=0 pskip=0 nalus=1 n1:6956
  cu: inter64=0 inter32=0 inter16=0 inter8=0 intra32=0 intra16=0 intra8=0 intra4=0 reftype=0
frame 5: send=0x0 get=0x0 len=9530 coding=1 startqp=0 meanqp=0 picbytes=0 pskip=0 nalus=1 n1:9530
  cu: inter64=0 inter32=0 inter16=0 inter8=0 intra32=0 intra16=0 intra8=0 intra4=0 reftype=0
---- /proc/ax_proc/venc ----
-------- VENC VERSION ------------------------
[Axera version]: ax_venc V3.0.0_20250319114413 Mar 19 2025 11:58:34 JK

-------- MODULE PARAM ------------------------
MaxChnNum   MaxRoiNum   MaxProcNum  
16          8           16          

done moving
rc=0
wrote /tmp/axwork/H5/vendor_moving_IDR.txt (slot 1, 511 regs, sw191=0x4c000000 sw7=0x80002000 sw9=0x004047a4 sw5=0x3c043803)
wrote /tmp/axwork/H5/vendor_moving_P.txt (slot 2, 511 regs, sw191=0x04000000 sw7=0x80002300 sw9=0x00404800 sw5=0x3c043801)
