=== h264_jump1_cbr2000: codec=h264 rc=cbr br=2000 nframes=240 src=/root/rc65/clips/static.yuyv motion=jump mstep=1
# vdrive tag=h264_jump1_cbr2000 codec=h264 1920x1080 rc=cbr br=2000 fps=60/60 gop=30 gopmode=normalp ltrint=0 ltrqpo=0 iqp=32 pqp=32 profile=10 level=51 tier=0 qp[10..51] iqp[10..51] iqd=0 firstqp=-1 iprop[10..40] idrrange=2 stattime=1 vq=0 ir=0/0 slice=0 debreath=0 scd=-1 rowqpd=-1 vui=-1 move=0 nframes=240
src=/root/rc65/clips/static.yuyv frames=30 loop=pingpong motion=jump mstep=1 window=0..-1
AX_SYS_Init rc=0x0
AX_VENC_Init rc=0x0
AX_VENC_CreateChn(7) rc=0x0
StartRecvFrame rc=0x0
AX_POOL_CreatePool id=0x0
blk=0x5e000000 phys=0x742d1000 virt=0xffff7ec25000
frame: modid=0x11 stride=1920 fmt=0xd
  snapshot pre: 3 venc_ko blocks (pool0 0x73801000 len 0x10000)
src frame 0: srcf=0 off=0 br=2000
frame 0: send=0x0 get=0x0 len=22260 coding=0 startqp=0 meanqp=0 picbytes=0 pskip=0 nalus=3 n7:32 n8:9 n5:22219
  snapshot f000: 3 venc_ko blocks (pool0 0x73801000 len 0x10000)
src frame 1: srcf=1 off=540 br=2000
frame 1: send=0x0 get=0x0 len=6749 coding=1 startqp=0 meanqp=0 picbytes=0 pskip=0 nalus=1 n1:6749
  snapshot f001: 3 venc_ko blocks (pool0 0x73801000 len 0x10000)
src frame 2: srcf=2 off=1080 br=2000
frame 2: send=0x0 get=0x0 len=5315 coding=1 startqp=0 meanqp=0 picbytes=0 pskip=0 nalus=1 n1:5315
  snapshot f002: 3 venc_ko blocks (pool0 0x73801000 len 0x10000)
src frame 3: srcf=3 off=1620 br=2000
frame 3: send=0x0 get=0x0 len=5682 coding=1 startqp=0 meanqp=0 picbytes=0 pskip=0 nalus=1 n1:5682
  snapshot f003: 3 venc_ko blocks (pool0 0x73801000 len 0x10000)
src frame 4: srcf=4 off=2160 br=2000
frame 4: send=0x0 get=0x0 len=5184 coding=1 startqp=0 meanqp=0 picbytes=0 pskip=0 nalus=1 n1:5184
  snapshot f004: 3 venc_ko blocks (pool0 0x73801000 len 0x10000)
src frame 5: srcf=5 off=2700 br=2000
frame 5: send=0x0 get=0x0 len=4891 coding=1 startqp=0 meanqp=0 picbytes=0 pskip=0 nalus=1 n1:4891
  snapshot f005: 3 venc_ko blocks (pool0 0x73801000 len 0x10000)
src frame 6: srcf=6 off=3240 br=2000
frame 6: send=0x0 get=0x0 len=4758 coding=1 startqp=0 meanqp=0 picbytes=0 pskip=0 nalus=1 n1:4758
  snapshot f006: 3 venc_ko blocks (pool0 0x73801000 len 0x10000)
src frame 7: srcf=7 off=3780 br=2000
frame 7: send=0x0 get=0x0 len=4073 coding=1 startqp=0 meanqp=0 picbytes=0 pskip=0 nalus=1 n1:4073
  snapshot f007: 3 venc_ko blocks (pool0 0x73801000 len 0x10000)
src frame 8: srcf=8 off=4320 br=2000
frame 8: send=0x0 get=0x0 len=4130 coding=1 startqp=0 meanqp=0 picbytes=0 pskip=0 nalus=1 n1:4130
  snapshot f008: 3 venc_ko blocks (pool0 0x73801000 len 0x10000)
src frame 9: srcf=9 off=4860 br=2000
frame 9: send=0x0 get=0x0 len=4054 coding=1 startqp=0 meanqp=0 picbytes=0 pskip=0 nalus=1 n1:4054
  snapshot f009: 3 venc_ko blocks (pool0 0x73801000 len 0x10000)
src frame 10: srcf=10 off=5400 br=2000
frame 10: send=0x0 get=0x0 len=4125 coding=1 startqp=0 meanqp=0 picbytes=0 pskip=0 nalus=1 n1:4125
  snapshot f010: 3 venc_ko blocks (pool0 0x73801000 len 0x10000)
src frame 11: srcf=11 off=5940 br=2000
frame 11: send=0x0 get=0x0 len=3933 coding=1 startqp=0 meanqp=0 picbytes=0 pskip=0 nalus=1 n1:3933
  snapshot f011: 3 venc_ko blocks (pool0 0x73801000 len 0x10000)
src frame 12: srcf=12 off=6480 br=2000
frame 12: send=0x0 get=0x0 len=4080 coding=1 startqp=0 meanqp=0 picbytes=0 pskip=0 nalus=1 n1:4080
  snapshot f012: 3 venc_ko blocks (pool0 0x73801000 len 0x10000)
src frame 13: srcf=13 off=7020 br=2000
frame 13: send=0x0 get=0x0 len=3995 coding=1 startqp=0 meanqp=0 picbytes=0 pskip=0 nalus=1 n1:3995
  snapshot f013: 3 venc_ko blocks (pool0 0x73801000 len 0x10000)
src frame 14: srcf=14 off=7560 br=2000
frame 14: send=0x0 get=0x0 len=4064 coding=1 startqp=0 meanqp=0 picbytes=0 pskip=0 nalus=1 n1:4064
  snapshot f014: 3 venc_ko blocks (pool0 0x73801000 len 0x10000)
src frame 15: srcf=15 off=8100 br=2000
frame 15: send=0x0 get=0x0 len=4031 coding=1 startqp=0 meanqp=0 picbytes=0 pskip=0 nalus=1 n1:4031
  snapshot f015: 3 venc_ko blocks (pool0 0x73801000 len 0x10000)
src frame 16: srcf=16 off=8640 br=2000
frame 16: send=0x0 get=0x0 len=4049 coding=1 startqp=0 meanqp=0 picbytes=0 pskip=0 nalus=1 n1:4049
  snapshot f016: 3 venc_ko blocks (pool0 0x73801000 len 0x10000)
src frame 17: srcf=17 off=9180 br=2000
frame 17: send=0x0 get=0x0 len=3978 coding=1 startqp=0 meanqp=0 picbytes=0 pskip=0 nalus=1 n1:3978
  snapshot f017: 3 venc_ko blocks (pool0 0x73801000 len 0x10000)
src frame 18: srcf=18 off=9720 br=2000
frame 18: send=0x0 get=0x0 len=4035 coding=1 startqp=0 meanqp=0 picbytes=0 pskip=0 nalus=1 n1:4035
  snapshot f018: 3 venc_ko blocks (pool0 0x73801000 len 0x10000)
src frame 19: srcf=19 off=10260 br=2000
frame 19: send=0x0 get=0x0 len=3972 coding=1 startqp=0 meanqp=0 picbytes=0 pskip=0 nalus=1 n1:3972
  snapshot f019: 3 venc_ko blocks (pool0 0x73801000 len 0x10000)
src frame 20: srcf=20 off=10800 br=2000
frame 20: send=0x0 get=0x0 len=4025 coding=1 startqp=0 meanqp=0 picbytes=0 pskip=0 nalus=1 n1:4025
  snapshot f020: 3 venc_ko blocks (pool0 0x73801000 len 0x10000)
src frame 21: srcf=21 off=11340 br=2000
frame 21: send=0x0 get=0x0 len=3956 coding=1 startqp=0 meanqp=0 picbytes=0 pskip=0 nalus=1 n1:3956
  snapshot f021: 3 venc_ko blocks (pool0 0x73801000 len 0x10000)
src frame 22: srcf=22 off=11880 br=2000
frame 22: send=0x0 get=0x0 len=4008 coding=1 startqp=0 meanqp=0 picbytes=0 pskip=0 nalus=1 n1:4008
  snapshot f022: 3 venc_ko blocks (pool0 0x73801000 len 0x10000)
src frame 23: srcf=23 off=12420 br=2000
frame 23: send=0x0 get=0x0 len=3954 coding=1 startqp=0 meanqp=0 picbytes=0 pskip=0 nalus=1 n1:3954
  snapshot f023: 3 venc_ko blocks (pool0 0x73801000 len 0x10000)
src frame 24: srcf=24 off=12960 br=2000
frame 24: send=0x0 get=0x0 len=3968 coding=1 startqp=0 meanqp=0 picbytes=0 pskip=0 nalus=1 n1:3968
  snapshot f024: 3 venc_ko blocks (pool0 0x73801000 len 0x10000)
src frame 25: srcf=25 off=13500 br=2000
frame 25: send=0x0 get=0x0 len=4017 coding=1 startqp=0 meanqp=0 picbytes=0 pskip=0 nalus=1 n1:4017
  snapshot f025: 3 venc_ko blocks (pool0 0x73801000 len 0x10000)
src frame 26: srcf=26 off=14040 br=2000
frame 26: send=0x0 get=0x0 len=4059 coding=1 startqp=0 meanqp=0 picbytes=0 pskip=0 nalus=1 n1:4059
  snapshot f026: 3 venc_ko blocks (pool0 0x73801000 len 0x10000)
src frame 27: srcf=27 off=14580 br=2000
frame 27: send=0x0 get=0x0 len=3949 coding=1 startqp=0 meanqp=0 picbytes=0 pskip=0 nalus=1 n1:3949
  snapshot f027: 3 venc_ko blocks (pool0 0x73801000 len 0x10000)
src frame 28: srcf=28 off=15120 br=2000
frame 28: send=0x0 get=0x0 len=4755 coding=1 startqp=0 meanqp=0 picbytes=0 pskip=0 nalus=1 n1:4755
  snapshot f028: 3 venc_ko blocks (pool0 0x73801000 len 0x10000)
src frame 29: srcf=29 off=15660 br=2000
frame 29: send=0x0 get=0x0 len=4011 coding=1 startqp=0 meanqp=0 picbytes=0 pskip=0 nalus=1 n1:4011
  snapshot f029: 3 venc_ko blocks (pool0 0x73801000 len 0x10000)
src frame 30: srcf=28 off=16200 br=2000
frame 30: send=0x0 get=0x0 len=22267 coding=0 startqp=0 meanqp=0 picbytes=0 pskip=0 nalus=3 n7:32 n8:9 n5:22226
  snapshot f030: 3 venc_ko blocks (pool0 0x73801000 len 0x10000)
src frame 31: srcf=27 off=16740 br=2000
frame 31: send=0x0 get=0x0 len=7305 coding=1 startqp=0 meanqp=0 picbytes=0 pskip=0 nalus=1 n1:7305
  snapshot f031: 3 venc_ko blocks (pool0 0x73801000 len 0x10000)
src frame 32: srcf=26 off=17280 br=2000
frame 32: send=0x0 get=0x0 len=5418 coding=1 startqp=0 meanqp=0 picbytes=0 pskip=0 nalus=1 n1:5418
  snapshot f032: 3 venc_ko blocks (pool0 0x73801000 len 0x10000)
src frame 33: srcf=25 off=17820 br=2000
frame 33: send=0x0 get=0x0 len=5698 coding=1 startqp=0 meanqp=0 picbytes=0 pskip=0 nalus=1 n1:5698
  snapshot f033: 3 venc_ko blocks (pool0 0x73801000 len 0x10000)
src frame 34: srcf=24 off=18360 br=2000
frame 34: send=0x0 get=0x0 len=5072 coding=1 startqp=0 meanqp=0 picbytes=0 pskip=0 nalus=1 n1:5072
  snapshot f034: 3 venc_ko blocks (pool0 0x73801000 len 0x10000)
src frame 35: srcf=23 off=18900 br=2000
frame 35: send=0x0 get=0x0 len=5330 coding=1 startqp=0 meanqp=0 picbytes=0 pskip=0 nalus=1 n1:5330
  snapshot f035: 3 venc_ko blocks (pool0 0x73801000 len 0x10000)
src frame 36: srcf=22 off=19440 br=2000
frame 36: send=0x0 get=0x0 len=5090 coding=1 startqp=0 meanqp=0 picbytes=0 pskip=0 nalus=1 n1:5090
  snapshot f036: 3 venc_ko blocks (pool0 0x73801000 len 0x10000)
src frame 37: srcf=21 off=19980 br=2000
frame 37: send=0x0 get=0x0 len=5209 coding=1 startqp=0 meanqp=0 picbytes=0 pskip=0 nalus=1 n1:5209
  snapshot f037: 3 venc_ko blocks (pool0 0x73801000 len 0x10000)
src frame 38: srcf=20 off=20520 br=2000
frame 38: send=0x0 get=0x0 len=4946 coding=1 startqp=0 meanqp=0 picbytes=0 pskip=0 nalus=1 n1:4946
  snapshot f038: 3 venc_ko blocks (pool0 0x73801000 len 0x10000)
src frame 39: srcf=19 off=21060 br=2000
frame 39: send=0x0 get=0x0 len=5296 coding=1 startqp=0 meanqp=0 picbytes=0 pskip=0 nalus=1 n1:5296
  snapshot f039: 3 venc_ko blocks (pool0 0x73801000 len 0x10000)
src frame 40: srcf=18 off=21600 br=2000
frame 40: send=0x0 get=0x0 len=4922 coding=1 startqp=0 meanqp=0 picbytes=0 pskip=0 nalus=1 n1:4922
  snapshot f040: 3 venc_ko blocks (pool0 0x73801000 len 0x10000)
src frame 41: srcf=17 off=22140 br=2000
frame 41: send=0x0 get=0x0 len=5290 coding=1 startqp=0 meanqp=0 picbytes=0 pskip=0 nalus=1 n1:5290
  snapshot f041: 3 venc_ko blocks (pool0 0x73801000 len 0x10000)
src frame 42: srcf=16 off=22680 br=2000
frame 42: send=0x0 get=0x0 len=4998 coding=1 startqp=0 meanqp=0 picbytes=0 pskip=0 nalus=1 n1:4998
  snapshot f042: 3 venc_ko blocks (pool0 0x73801000 len 0x10000)
src frame 43: srcf=15 off=23220 br=2000
frame 43: send=0x0 get=0x0 len=5309 coding=1 startqp=0 meanqp=0 picbytes=0 pskip=0 nalus=1 n1:5309
  snapshot f043: 3 venc_ko blocks (pool0 0x73801000 len 0x10000)
src frame 44: srcf=14 off=23760 br=2000
frame 44: send=0x0 get=0x0 len=4924 coding=1 startqp=0 meanqp=0 picbytes=0 pskip=0 nalus=1 n1:4924
  snapshot f044: 3 venc_ko blocks (pool0 0x73801000 len 0x10000)
src frame 45: srcf=13 off=24300 br=2000
frame 45: send=0x0 get=0x0 len=5145 coding=1 startqp=0 meanqp=0 picbytes=0 pskip=0 nalus=1 n1:5145
  snapshot f045: 3 venc_ko blocks (pool0 0x73801000 len 0x10000)
src frame 46: srcf=12 off=24840 br=2000
frame 46: send=0x0 get=0x0 len=5026 coding=1 startqp=0 meanqp=0 picbytes=0 pskip=0 nalus=1 n1:5026
  snapshot f046: 3 venc_ko blocks (pool0 0x73801000 len 0x10000)
src frame 47: srcf=11 off=25380 br=2000
frame 47: send=0x0 get=0x0 len=5284 coding=1 startqp=0 meanqp=0 picbytes=0 pskip=0 nalus=1 n1:5284
  snapshot f047: 3 venc_ko blocks (pool0 0x73801000 len 0x10000)
src frame 48: srcf=10 off=25920 br=2000
frame 48: send=0x0 get=0x0 len=4987 coding=1 startqp=0 meanqp=0 picbytes=0 pskip=0 nalus=1 n1:4987
  snapshot f048: 3 venc_ko blocks (pool0 0x73801000 len 0x10000)
src frame 49: srcf=9 off=26460 br=2000
frame 49: send=0x0 get=0x0 len=5224 coding=1 startqp=0 meanqp=0 picbytes=0 pskip=0 nalus=1 n1:5224
  snapshot f049: 3 venc_ko blocks (pool0 0x73801000 len 0x10000)
src frame 50: srcf=8 off=27000 br=2000
frame 50: send=0x0 get=0x0 len=4893 coding=1 startqp=0 meanqp=0 picbytes=0 pskip=0 nalus=1 n1:4893
  snapshot f050: 3 venc_ko blocks (pool0 0x73801000 len 0x10000)
src frame 51: srcf=7 off=27540 br=2000
frame 51: send=0x0 get=0x0 len=5079 coding=1 startqp=0 meanqp=0 picbytes=0 pskip=0 nalus=1 n1:5079
  snapshot f051: 3 venc_ko blocks (pool0 0x73801000 len 0x10000)
src frame 52: srcf=6 off=28080 br=2000
frame 52: send=0x0 get=0x0 len=5014 coding=1 startqp=0 meanqp=0 picbytes=0 pskip=0 nalus=1 n1:5014
  snapshot f052: 3 venc_ko blocks (pool0 0x73801000 len 0x10000)
src frame 53: srcf=5 off=28620 br=2000
frame 53: send=0x0 get=0x0 len=5100 coding=1 startqp=0 meanqp=0 picbytes=0 pskip=0 nalus=1 n1:5100
  snapshot f053: 3 venc_ko blocks (pool0 0x73801000 len 0x10000)
src frame 54: srcf=4 off=29160 br=2000
frame 54: send=0x0 get=0x0 len=4916 coding=1 startqp=0 meanqp=0 picbytes=0 pskip=0 nalus=1 n1:4916
  snapshot f054: 3 venc_ko blocks (pool0 0x73801000 len 0x10000)
src frame 55: srcf=3 off=29700 br=2000
frame 55: send=0x0 get=0x0 len=5079 coding=1 startqp=0 meanqp=0 picbytes=0 pskip=0 nalus=1 n1:5079
  snapshot f055: 3 venc_ko blocks (pool0 0x73801000 len 0x10000)
src frame 56: srcf=2 off=30240 br=2000
frame 56: send=0x0 get=0x0 len=4939 coding=1 startqp=0 meanqp=0 picbytes=0 pskip=0 nalus=1 n1:4939
  snapshot f056: 3 venc_ko blocks (pool0 0x73801000 len 0x10000)
src frame 57: srcf=1 off=30780 br=2000
frame 57: send=0x0 get=0x0 len=4830 coding=1 startqp=0 meanqp=0 picbytes=0 pskip=0 nalus=1 n1:4830
  snapshot f057: 3 venc_ko blocks (pool0 0x73801000 len 0x10000)
src frame 58: srcf=0 off=31320 br=2000
frame 58: send=0x0 get=0x0 len=4926 coding=1 startqp=0 meanqp=0 picbytes=0 pskip=0 nalus=1 n1:4926
  snapshot f058: 3 venc_ko blocks (pool0 0x73801000 len 0x10000)
src frame 59: srcf=1 off=31860 br=2000
frame 59: send=0x0 get=0x0 len=4790 coding=1 startqp=0 meanqp=0 picbytes=0 pskip=0 nalus=1 n1:4790
  snapshot f059: 3 venc_ko blocks (pool0 0x73801000 len 0x10000)
src frame 60: srcf=2 off=32400 br=2000
frame 60: send=0x0 get=0x0 len=22267 coding=0 startqp=0 meanqp=0 picbytes=0 pskip=0 nalus=3 n7:32 n8:9 n5:22226
  snapshot f060: 3 venc_ko blocks (pool0 0x73801000 len 0x10000)
src frame 61: srcf=3 off=32940 br=2000
frame 61: send=0x0 get=0x0 len=6865 coding=1 startqp=0 meanqp=0 picbytes=0 pskip=0 nalus=1 n1:6865
  snapshot f061: 3 venc_ko blocks (pool0 0x73801000 len 0x10000)
src frame 62: srcf=4 off=33480 br=2000
frame 62: send=0x0 get=0x0 len=5363 coding=1 startqp=0 meanqp=0 picbytes=0 pskip=0 nalus=1 n1:5363
  snapshot f062: 3 venc_ko blocks (pool0 0x73801000 len 0x10000)
src frame 63: srcf=5 off=34020 br=2000
frame 63: send=0x0 get=0x0 len=5727 coding=1 startqp=0 meanqp=0 picbytes=0 pskip=0 nalus=1 n1:5727
  snapshot f063: 3 venc_ko blocks (pool0 0x73801000 len 0x10000)
src frame 64: srcf=6 off=34560 br=2000
frame 64: send=0x0 get=0x0 len=5116 coding=1 startqp=0 meanqp=0 picbytes=0 pskip=0 nalus=1 n1:5116
  snapshot f064: 3 venc_ko blocks (pool0 0x73801000 len 0x10000)
src frame 65: srcf=7 off=35100 br=2000
frame 65: send=0x0 get=0x0 len=5162 coding=1 startqp=0 meanqp=0 picbytes=0 pskip=0 nalus=1 n1:5162
  snapshot f065: 3 venc_ko blocks (pool0 0x73801000 len 0x10000)
src frame 66: srcf=8 off=35640 br=2000
frame 66: send=0x0 get=0x0 len=4998 coding=1 startqp=0 meanqp=0 picbytes=0 pskip=0 nalus=1 n1:4998
  snapshot f066: 3 venc_ko blocks (pool0 0x73801000 len 0x10000)
src frame 67: srcf=9 off=36180 br=2000
frame 67: send=0x0 get=0x0 len=5143 coding=1 startqp=0 meanqp=0 picbytes=0 pskip=0 nalus=1 n1:5143
  snapshot f067: 3 venc_ko blocks (pool0 0x73801000 len 0x10000)
src frame 68: srcf=10 off=36720 br=2000
frame 68: send=0x0 get=0x0 len=5059 coding=1 startqp=0 meanqp=0 picbytes=0 pskip=0 nalus=1 n1:5059
  snapshot f068: 3 venc_ko blocks (pool0 0x73801000 len 0x10000)
src frame 69: srcf=11 off=37260 br=2000
frame 69: send=0x0 get=0x0 len=5114 coding=1 startqp=0 meanqp=0 picbytes=0 pskip=0 nalus=1 n1:5114
  snapshot f069: 3 venc_ko blocks (pool0 0x73801000 len 0x10000)
src frame 70: srcf=12 off=37800 br=2000
frame 70: send=0x0 get=0x0 len=4999 coding=1 startqp=0 meanqp=0 picbytes=0 pskip=0 nalus=1 n1:4999
  snapshot f070: 3 venc_ko blocks (pool0 0x73801000 len 0x10000)
src frame 71: srcf=13 off=38340 br=2000
frame 71: send=0x0 get=0x0 len=5164 coding=1 startqp=0 meanqp=0 picbytes=0 pskip=0 nalus=1 n1:5164
  snapshot f071: 3 venc_ko blocks (pool0 0x73801000 len 0x10000)
src frame 72: srcf=14 off=38880 br=2000
frame 72: send=0x0 get=0x0 len=5018 coding=1 startqp=0 meanqp=0 picbytes=0 pskip=0 nalus=1 n1:5018
  snapshot f072: 3 venc_ko blocks (pool0 0x73801000 len 0x10000)
src frame 73: srcf=15 off=39420 br=2000
frame 73: send=0x0 get=0x0 len=5141 coding=1 startqp=0 meanqp=0 picbytes=0 pskip=0 nalus=1 n1:5141
  snapshot f073: 3 venc_ko blocks (pool0 0x73801000 len 0x10000)
src frame 74: srcf=16 off=39960 br=2000
frame 74: send=0x0 get=0x0 len=4957 coding=1 startqp=0 meanqp=0 picbytes=0 pskip=0 nalus=1 n1:4957
  snapshot f074: 3 venc_ko blocks (pool0 0x73801000 len 0x10000)
src frame 75: srcf=17 off=40500 br=2000
frame 75: send=0x0 get=0x0 len=5127 coding=1 startqp=0 meanqp=0 picbytes=0 pskip=0 nalus=1 n1:5127
  snapshot f075: 3 venc_ko blocks (pool0 0x73801000 len 0x10000)
src frame 76: srcf=18 off=41040 br=2000
frame 76: send=0x0 get=0x0 len=5040 coding=1 startqp=0 meanqp=0 picbytes=0 pskip=0 nalus=1 n1:5040
  snapshot f076: 3 venc_ko blocks (pool0 0x73801000 len 0x10000)
src frame 77: srcf=19 off=41580 br=2000
frame 77: send=0x0 get=0x0 len=4983 coding=1 startqp=0 meanqp=0 picbytes=0 pskip=0 nalus=1 n1:4983
  snapshot f077: 3 venc_ko blocks (pool0 0x73801000 len 0x10000)
src frame 78: srcf=20 off=42120 br=2000
frame 78: send=0x0 get=0x0 len=4974 coding=1 startqp=0 meanqp=0 picbytes=0 pskip=0 nalus=1 n1:4974
  snapshot f078: 3 venc_ko blocks (pool0 0x73801000 len 0x10000)
src frame 79: srcf=21 off=42660 br=2000
frame 79: send=0x0 get=0x0 len=5042 coding=1 startqp=0 meanqp=0 picbytes=0 pskip=0 nalus=1 n1:5042
  snapshot f079: 3 venc_ko blocks (pool0 0x73801000 len 0x10000)
src frame 80: srcf=22 off=43200 br=2000
frame 80: send=0x0 get=0x0 len=4989 coding=1 startqp=0 meanqp=0 picbytes=0 pskip=0 nalus=1 n1:4989
  snapshot f080: 3 venc_ko blocks (pool0 0x73801000 len 0x10000)
src frame 81: srcf=23 off=43740 br=2000
frame 81: send=0x0 get=0x0 len=4881 coding=1 startqp=0 meanqp=0 picbytes=0 pskip=0 nalus=1 n1:4881
  snapshot f081: 3 venc_ko blocks (pool0 0x73801000 len 0x10000)
src frame 82: srcf=24 off=44280 br=2000
frame 82: send=0x0 get=0x0 len=4959 coding=1 startqp=0 meanqp=0 picbytes=0 pskip=0 nalus=1 n1:4959
  snapshot f082: 3 venc_ko blocks (pool0 0x73801000 len 0x10000)
src frame 83: srcf=25 off=44820 br=2000
frame 83: send=0x0 get=0x0 len=4868 coding=1 startqp=0 meanqp=0 picbytes=0 pskip=0 nalus=1 n1:4868
  snapshot f083: 3 venc_ko blocks (pool0 0x73801000 len 0x10000)
src frame 84: srcf=26 off=45360 br=2000
frame 84: send=0x0 get=0x0 len=4887 coding=1 startqp=0 meanqp=0 picbytes=0 pskip=0 nalus=1 n1:4887
  snapshot f084: 3 venc_ko blocks (pool0 0x73801000 len 0x10000)
src frame 85: srcf=27 off=45900 br=2000
frame 85: send=0x0 get=0x0 len=4814 coding=1 startqp=0 meanqp=0 picbytes=0 pskip=0 nalus=1 n1:4814
  snapshot f085: 3 venc_ko blocks (pool0 0x73801000 len 0x10000)
src frame 86: srcf=28 off=46440 br=2000
frame 86: send=0x0 get=0x0 len=4966 coding=1 startqp=0 meanqp=0 picbytes=0 pskip=0 nalus=1 n1:4966
  snapshot f086: 3 venc_ko blocks (pool0 0x73801000 len 0x10000)
src frame 87: srcf=29 off=46980 br=2000
frame 87: send=0x0 get=0x0 len=4883 coding=1 startqp=0 meanqp=0 picbytes=0 pskip=0 nalus=1 n1:4883
  snapshot f087: 3 venc_ko blocks (pool0 0x73801000 len 0x10000)
src frame 88: srcf=28 off=47520 br=2000
frame 88: send=0x0 get=0x0 len=4850 coding=1 startqp=0 meanqp=0 picbytes=0 pskip=0 nalus=1 n1:4850
  snapshot f088: 3 venc_ko blocks (pool0 0x73801000 len 0x10000)
src frame 89: srcf=27 off=48060 br=2000
frame 89: send=0x0 get=0x0 len=4953 coding=1 startqp=0 meanqp=0 picbytes=0 pskip=0 nalus=1 n1:4953
  snapshot f089: 3 venc_ko blocks (pool0 0x73801000 len 0x10000)
src frame 90: srcf=26 off=48600 br=2000
frame 90: send=0x0 get=0x0 len=22267 coding=0 startqp=0 meanqp=0 picbytes=0 pskip=0 nalus=3 n7:32 n8:9 n5:22226
  snapshot f090: 3 venc_ko blocks (pool0 0x73801000 len 0x10000)
src frame 91: srcf=25 off=49140 br=2000
frame 91: send=0x0 get=0x0 len=6641 coding=1 startqp=0 meanqp=0 picbytes=0 pskip=0 nalus=1 n1:6641
  snapshot f091: 3 venc_ko blocks (pool0 0x73801000 len 0x10000)
src frame 92: srcf=24 off=49680 br=2000
frame 92: send=0x0 get=0x0 len=5345 coding=1 startqp=0 meanqp=0 picbytes=0 pskip=0 nalus=1 n1:5345
  snapshot f092: 3 venc_ko blocks (pool0 0x73801000 len 0x10000)
src frame 93: srcf=23 off=50220 br=2000
frame 93: send=0x0 get=0x0 len=5049 coding=1 startqp=0 meanqp=0 picbytes=0 pskip=0 nalus=1 n1:5049
  snapshot f093: 3 venc_ko blocks (pool0 0x73801000 len 0x10000)
src frame 94: srcf=22 off=50760 br=2000
frame 94: send=0x0 get=0x0 len=4994 coding=1 startqp=0 meanqp=0 picbytes=0 pskip=0 nalus=1 n1:4994
  snapshot f094: 3 venc_ko blocks (pool0 0x73801000 len 0x10000)
src frame 95: srcf=21 off=51300 br=2000
frame 95: send=0x0 get=0x0 len=4904 coding=1 startqp=0 meanqp=0 picbytes=0 pskip=0 nalus=1 n1:4904
  snapshot f095: 3 venc_ko blocks (pool0 0x73801000 len 0x10000)
src frame 96: srcf=20 off=51840 br=2000
frame 96: send=0x0 get=0x0 len=4929 coding=1 startqp=0 meanqp=0 picbytes=0 pskip=0 nalus=1 n1:4929
  snapshot f096: 3 venc_ko blocks (pool0 0x73801000 len 0x10000)
src frame 97: srcf=19 off=52380 br=2000
frame 97: send=0x0 get=0x0 len=4847 coding=1 startqp=0 meanqp=0 picbytes=0 pskip=0 nalus=1 n1:4847
  snapshot f097: 3 venc_ko blocks (pool0 0x73801000 len 0x10000)
src frame 98: srcf=18 off=52920 br=2000
frame 98: send=0x0 get=0x0 len=4828 coding=1 startqp=0 meanqp=0 picbytes=0 pskip=0 nalus=1 n1:4828
  snapshot f098: 3 venc_ko blocks (pool0 0x73801000 len 0x10000)
src frame 99: srcf=17 off=53460 br=2000
frame 99: send=0x0 get=0x0 len=4850 coding=1 startqp=0 meanqp=0 picbytes=0 pskip=0 nalus=1 n1:4850
  snapshot f099: 3 venc_ko blocks (pool0 0x73801000 len 0x10000)
src frame 100: srcf=16 off=54000 br=2000
frame 100: send=0x0 get=0x0 len=4896 coding=1 startqp=0 meanqp=0 picbytes=0 pskip=0 nalus=1 n1:4896
  snapshot f100: 3 venc_ko blocks (pool0 0x73801000 len 0x10000)
src frame 101: srcf=15 off=54540 br=2000
frame 101: send=0x0 get=0x0 len=4882 coding=1 startqp=0 meanqp=0 picbytes=0 pskip=0 nalus=1 n1:4882
  snapshot f101: 3 venc_ko blocks (pool0 0x73801000 len 0x10000)
src frame 102: srcf=14 off=55080 br=2000
frame 102: send=0x0 get=0x0 len=4752 coding=1 startqp=0 meanqp=0 picbytes=0 pskip=0 nalus=1 n1:4752
  snapshot f102: 3 venc_ko blocks (pool0 0x73801000 len 0x10000)
src frame 103: srcf=13 off=55620 br=2000
frame 103: send=0x0 get=0x0 len=4804 coding=1 startqp=0 meanqp=0 picbytes=0 pskip=0 nalus=1 n1:4804
  snapshot f103: 3 venc_ko blocks (pool0 0x73801000 len 0x10000)
src frame 104: srcf=12 off=56160 br=2000
frame 104: send=0x0 get=0x0 len=4874 coding=1 startqp=0 meanqp=0 picbytes=0 pskip=0 nalus=1 n1:4874
  snapshot f104: 3 venc_ko blocks (pool0 0x73801000 len 0x10000)
src frame 105: srcf=11 off=56700 br=2000
frame 105: send=0x0 get=0x0 len=4892 coding=1 startqp=0 meanqp=0 picbytes=0 pskip=0 nalus=1 n1:4892
  snapshot f105: 3 venc_ko blocks (pool0 0x73801000 len 0x10000)
src frame 106: srcf=10 off=57240 br=2000
frame 106: send=0x0 get=0x0 len=4884 coding=1 startqp=0 meanqp=0 picbytes=0 pskip=0 nalus=1 n1:4884
  snapshot f106: 3 venc_ko blocks (pool0 0x73801000 len 0x10000)
src frame 107: srcf=9 off=57780 br=2000
frame 107: send=0x0 get=0x0 len=4835 coding=1 startqp=0 meanqp=0 picbytes=0 pskip=0 nalus=1 n1:4835
  snapshot f107: 3 venc_ko blocks (pool0 0x73801000 len 0x10000)
src frame 108: srcf=8 off=58320 br=2000
frame 108: send=0x0 get=0x0 len=4853 coding=1 startqp=0 meanqp=0 picbytes=0 pskip=0 nalus=1 n1:4853
  snapshot f108: 3 venc_ko blocks (pool0 0x73801000 len 0x10000)
src frame 109: srcf=7 off=58860 br=2000
frame 109: send=0x0 get=0x0 len=4894 coding=1 startqp=0 meanqp=0 picbytes=0 pskip=0 nalus=1 n1:4894
  snapshot f109: 3 venc_ko blocks (pool0 0x73801000 len 0x10000)
src frame 110: srcf=6 off=59400 br=2000
frame 110: send=0x0 get=0x0 len=4879 coding=1 startqp=0 meanqp=0 picbytes=0 pskip=0 nalus=1 n1:4879
  snapshot f110: 3 venc_ko blocks (pool0 0x73801000 len 0x10000)
src frame 111: srcf=5 off=59940 br=2000
frame 111: send=0x0 get=0x0 len=4833 coding=1 startqp=0 meanqp=0 picbytes=0 pskip=0 nalus=1 n1:4833
  snapshot f111: 3 venc_ko blocks (pool0 0x73801000 len 0x10000)
src frame 112: srcf=4 off=60480 br=2000
frame 112: send=0x0 get=0x0 len=4764 coding=1 startqp=0 meanqp=0 picbytes=0 pskip=0 nalus=1 n1:4764
  snapshot f112: 3 venc_ko blocks (pool0 0x73801000 len 0x10000)
src frame 113: srcf=3 off=61020 br=2000
frame 113: send=0x0 get=0x0 len=4900 coding=1 startqp=0 meanqp=0 picbytes=0 pskip=0 nalus=1 n1:4900
  snapshot f113: 3 venc_ko blocks (pool0 0x73801000 len 0x10000)
src frame 114: srcf=2 off=61560 br=2000
frame 114: send=0x0 get=0x0 len=4830 coding=1 startqp=0 meanqp=0 picbytes=0 pskip=0 nalus=1 n1:4830
  snapshot f114: 3 venc_ko blocks (pool0 0x73801000 len 0x10000)
src frame 115: srcf=1 off=62100 br=2000
frame 115: send=0x0 get=0x0 len=4770 coding=1 startqp=0 meanqp=0 picbytes=0 pskip=0 nalus=1 n1:4770
  snapshot f115: 3 venc_ko blocks (pool0 0x73801000 len 0x10000)
src frame 116: srcf=0 off=62640 br=2000
frame 116: send=0x0 get=0x0 len=4799 coding=1 startqp=0 meanqp=0 picbytes=0 pskip=0 nalus=1 n1:4799
  snapshot f116: 3 venc_ko blocks (pool0 0x73801000 len 0x10000)
src frame 117: srcf=1 off=63180 br=2000
frame 117: send=0x0 get=0x0 len=4838 coding=1 startqp=0 meanqp=0 picbytes=0 pskip=0 nalus=1 n1:4838
  snapshot f117: 3 venc_ko blocks (pool0 0x73801000 len 0x10000)
src frame 118: srcf=2 off=63720 br=2000
frame 118: send=0x0 get=0x0 len=4825 coding=1 startqp=0 meanqp=0 picbytes=0 pskip=0 nalus=1 n1:4825
  snapshot f118: 3 venc_ko blocks (pool0 0x73801000 len 0x10000)
src frame 119: srcf=3 off=64260 br=2000
frame 119: send=0x0 get=0x0 len=4883 coding=1 startqp=0 meanqp=0 picbytes=0 pskip=0 nalus=1 n1:4883
  snapshot f119: 3 venc_ko blocks (pool0 0x73801000 len 0x10000)
src frame 120: srcf=4 off=64800 br=2000
frame 120: send=0x0 get=0x0 len=22267 coding=0 startqp=0 meanqp=0 picbytes=0 pskip=0 nalus=3 n7:32 n8:9 n5:22226
  snapshot f120: 3 venc_ko blocks (pool0 0x73801000 len 0x10000)
src frame 121: srcf=5 off=65340 br=2000
frame 121: send=0x0 get=0x0 len=6643 coding=1 startqp=0 meanqp=0 picbytes=0 pskip=0 nalus=1 n1:6643
  snapshot f121: 3 venc_ko blocks (pool0 0x73801000 len 0x10000)
src frame 122: srcf=6 off=65880 br=2000
frame 122: send=0x0 get=0x0 len=5345 coding=1 startqp=0 meanqp=0 picbytes=0 pskip=0 nalus=1 n1:5345
  snapshot f122: 3 venc_ko blocks (pool0 0x73801000 len 0x10000)
src frame 123: srcf=7 off=66420 br=2000
frame 123: send=0x0 get=0x0 len=5142 coding=1 startqp=0 meanqp=0 picbytes=0 pskip=0 nalus=1 n1:5142
  snapshot f123: 3 venc_ko blocks (pool0 0x73801000 len 0x10000)
src frame 124: srcf=8 off=66960 br=2000
frame 124: send=0x0 get=0x0 len=5046 coding=1 startqp=0 meanqp=0 picbytes=0 pskip=0 nalus=1 n1:5046
  snapshot f124: 3 venc_ko blocks (pool0 0x73801000 len 0x10000)
src frame 125: srcf=9 off=67500 br=2000
frame 125: send=0x0 get=0x0 len=5091 coding=1 startqp=0 meanqp=0 picbytes=0 pskip=0 nalus=1 n1:5091
  snapshot f125: 3 venc_ko blocks (pool0 0x73801000 len 0x10000)
src frame 126: srcf=10 off=68040 br=2000
frame 126: send=0x0 get=0x0 len=4953 coding=1 startqp=0 meanqp=0 picbytes=0 pskip=0 nalus=1 n1:4953
  snapshot f126: 3 venc_ko blocks (pool0 0x73801000 len 0x10000)
src frame 127: srcf=11 off=68580 br=2000
frame 127: send=0x0 get=0x0 len=4904 coding=1 startqp=0 meanqp=0 picbytes=0 pskip=0 nalus=1 n1:4904
  snapshot f127: 3 venc_ko blocks (pool0 0x73801000 len 0x10000)
src frame 128: srcf=12 off=69120 br=2000
frame 128: send=0x0 get=0x0 len=4944 coding=1 startqp=0 meanqp=0 picbytes=0 pskip=0 nalus=1 n1:4944
  snapshot f128: 3 venc_ko blocks (pool0 0x73801000 len 0x10000)
src frame 129: srcf=13 off=69660 br=2000
frame 129: send=0x0 get=0x0 len=4991 coding=1 startqp=0 meanqp=0 picbytes=0 pskip=0 nalus=1 n1:4991
  snapshot f129: 3 venc_ko blocks (pool0 0x73801000 len 0x10000)
src frame 130: srcf=14 off=70200 br=2000
frame 130: send=0x0 get=0x0 len=5016 coding=1 startqp=0 meanqp=0 picbytes=0 pskip=0 nalus=1 n1:5016
  snapshot f130: 3 venc_ko blocks (pool0 0x73801000 len 0x10000)
src frame 131: srcf=15 off=70740 br=2000
frame 131: send=0x0 get=0x0 len=5008 coding=1 startqp=0 meanqp=0 picbytes=0 pskip=0 nalus=1 n1:5008
  snapshot f131: 3 venc_ko blocks (pool0 0x73801000 len 0x10000)
src frame 132: srcf=16 off=71280 br=2000
frame 132: send=0x0 get=0x0 len=4920 coding=1 startqp=0 meanqp=0 picbytes=0 pskip=0 nalus=1 n1:4920
  snapshot f132: 3 venc_ko blocks (pool0 0x73801000 len 0x10000)
src frame 133: srcf=17 off=71820 br=2000
frame 133: send=0x0 get=0x0 len=4908 coding=1 startqp=0 meanqp=0 picbytes=0 pskip=0 nalus=1 n1:4908
  snapshot f133: 3 venc_ko blocks (pool0 0x73801000 len 0x10000)
src frame 134: srcf=18 off=72360 br=2000
frame 134: send=0x0 get=0x0 len=4810 coding=1 startqp=0 meanqp=0 picbytes=0 pskip=0 nalus=1 n1:4810
  snapshot f134: 3 venc_ko blocks (pool0 0x73801000 len 0x10000)
src frame 135: srcf=19 off=72900 br=2000
frame 135: send=0x0 get=0x0 len=4839 coding=1 startqp=0 meanqp=0 picbytes=0 pskip=0 nalus=1 n1:4839
  snapshot f135: 3 venc_ko blocks (pool0 0x73801000 len 0x10000)
src frame 136: srcf=20 off=73440 br=2000
frame 136: send=0x0 get=0x0 len=5012 coding=1 startqp=0 meanqp=0 picbytes=0 pskip=0 nalus=1 n1:5012
  snapshot f136: 3 venc_ko blocks (pool0 0x73801000 len 0x10000)
src frame 137: srcf=21 off=73980 br=2000
frame 137: send=0x0 get=0x0 len=4894 coding=1 startqp=0 meanqp=0 picbytes=0 pskip=0 nalus=1 n1:4894
  snapshot f137: 3 venc_ko blocks (pool0 0x73801000 len 0x10000)
src frame 138: srcf=22 off=74520 br=2000
frame 138: send=0x0 get=0x0 len=4812 coding=1 startqp=0 meanqp=0 picbytes=0 pskip=0 nalus=1 n1:4812
  snapshot f138: 3 venc_ko blocks (pool0 0x73801000 len 0x10000)
src frame 139: srcf=23 off=75060 br=2000
frame 139: send=0x0 get=0x0 len=4900 coding=1 startqp=0 meanqp=0 picbytes=0 pskip=0 nalus=1 n1:4900
  snapshot f139: 3 venc_ko blocks (pool0 0x73801000 len 0x10000)
src frame 140: srcf=24 off=75600 br=2000
frame 140: send=0x0 get=0x0 len=4994 coding=1 startqp=0 meanqp=0 picbytes=0 pskip=0 nalus=1 n1:4994
  snapshot f140: 3 venc_ko blocks (pool0 0x73801000 len 0x10000)
src frame 141: srcf=25 off=76140 br=2000
frame 141: send=0x0 get=0x0 len=4826 coding=1 startqp=0 meanqp=0 picbytes=0 pskip=0 nalus=1 n1:4826
  snapshot f141: 3 venc_ko blocks (pool0 0x73801000 len 0x10000)
src frame 142: srcf=26 off=76680 br=2000
frame 142: send=0x0 get=0x0 len=4948 coding=1 startqp=0 meanqp=0 picbytes=0 pskip=0 nalus=1 n1:4948
  snapshot f142: 3 venc_ko blocks (pool0 0x73801000 len 0x10000)
src frame 143: srcf=27 off=77220 br=2000
frame 143: send=0x0 get=0x0 len=4811 coding=1 startqp=0 meanqp=0 picbytes=0 pskip=0 nalus=1 n1:4811
  snapshot f143: 3 venc_ko blocks (pool0 0x73801000 len 0x10000)
src frame 144: srcf=28 off=77760 br=2000
frame 144: send=0x0 get=0x0 len=4909 coding=1 startqp=0 meanqp=0 picbytes=0 pskip=0 nalus=1 n1:4909
  snapshot f144: 3 venc_ko blocks (pool0 0x73801000 len 0x10000)
src frame 145: srcf=29 off=78300 br=2000
frame 145: send=0x0 get=0x0 len=4763 coding=1 startqp=0 meanqp=0 picbytes=0 pskip=0 nalus=1 n1:4763
  snapshot f145: 3 venc_ko blocks (pool0 0x73801000 len 0x10000)
src frame 146: srcf=28 off=78840 br=2000
frame 146: send=0x0 get=0x0 len=4883 coding=1 startqp=0 meanqp=0 picbytes=0 pskip=0 nalus=1 n1:4883
  snapshot f146: 3 venc_ko blocks (pool0 0x73801000 len 0x10000)
src frame 147: srcf=27 off=79380 br=2000
frame 147: send=0x0 get=0x0 len=4841 coding=1 startqp=0 meanqp=0 picbytes=0 pskip=0 nalus=1 n1:4841
  snapshot f147: 3 venc_ko blocks (pool0 0x73801000 len 0x10000)
src frame 148: srcf=26 off=79920 br=2000
frame 148: send=0x0 get=0x0 len=4924 coding=1 startqp=0 meanqp=0 picbytes=0 pskip=0 nalus=1 n1:4924
  snapshot f148: 3 venc_ko blocks (pool0 0x73801000 len 0x10000)
src frame 149: srcf=25 off=80460 br=2000
frame 149: send=0x0 get=0x0 len=4862 coding=1 startqp=0 meanqp=0 picbytes=0 pskip=0 nalus=1 n1:4862
  snapshot f149: 3 venc_ko blocks (pool0 0x73801000 len 0x10000)
src frame 150: srcf=24 off=81000 br=2000
frame 150: send=0x0 get=0x0 len=22267 coding=0 startqp=0 meanqp=0 picbytes=0 pskip=0 nalus=3 n7:32 n8:9 n5:22226
  snapshot f150: 3 venc_ko blocks (pool0 0x73801000 len 0x10000)
src frame 151: srcf=23 off=81540 br=2000
frame 151: send=0x0 get=0x0 len=6641 coding=1 startqp=0 meanqp=0 picbytes=0 pskip=0 nalus=1 n1:6641
  snapshot f151: 3 venc_ko blocks (pool0 0x73801000 len 0x10000)
src frame 152: srcf=22 off=82080 br=2000
frame 152: send=0x0 get=0x0 len=5298 coding=1 startqp=0 meanqp=0 picbytes=0 pskip=0 nalus=1 n1:5298
  snapshot f152: 3 venc_ko blocks (pool0 0x73801000 len 0x10000)
src frame 153: srcf=21 off=82620 br=2000
frame 153: send=0x0 get=0x0 len=5077 coding=1 startqp=0 meanqp=0 picbytes=0 pskip=0 nalus=1 n1:5077
  snapshot f153: 3 venc_ko blocks (pool0 0x73801000 len 0x10000)
src frame 154: srcf=20 off=83160 br=2000
frame 154: send=0x0 get=0x0 len=4993 coding=1 startqp=0 meanqp=0 picbytes=0 pskip=0 nalus=1 n1:4993
  snapshot f154: 3 venc_ko blocks (pool0 0x73801000 len 0x10000)
src frame 155: srcf=19 off=83700 br=2000
frame 155: send=0x0 get=0x0 len=4999 coding=1 startqp=0 meanqp=0 picbytes=0 pskip=0 nalus=1 n1:4999
  snapshot f155: 3 venc_ko blocks (pool0 0x73801000 len 0x10000)
src frame 156: srcf=18 off=84240 br=2000
frame 156: send=0x0 get=0x0 len=4974 coding=1 startqp=0 meanqp=0 picbytes=0 pskip=0 nalus=1 n1:4974
  snapshot f156: 3 venc_ko blocks (pool0 0x73801000 len 0x10000)
src frame 157: srcf=17 off=84780 br=2000
frame 157: send=0x0 get=0x0 len=4815 coding=1 startqp=0 meanqp=0 picbytes=0 pskip=0 nalus=1 n1:4815
  snapshot f157: 3 venc_ko blocks (pool0 0x73801000 len 0x10000)
src frame 158: srcf=16 off=85320 br=2000
frame 158: send=0x0 get=0x0 len=4820 coding=1 startqp=0 meanqp=0 picbytes=0 pskip=0 nalus=1 n1:4820
  snapshot f158: 3 venc_ko blocks (pool0 0x73801000 len 0x10000)
src frame 159: srcf=15 off=85860 br=2000
frame 159: send=0x0 get=0x0 len=4877 coding=1 startqp=0 meanqp=0 picbytes=0 pskip=0 nalus=1 n1:4877
  snapshot f159: 3 venc_ko blocks (pool0 0x73801000 len 0x10000)
src frame 160: srcf=14 off=86400 br=2000
frame 160: send=0x0 get=0x0 len=4870 coding=1 startqp=0 meanqp=0 picbytes=0 pskip=0 nalus=1 n1:4870
  snapshot f160: 3 venc_ko blocks (pool0 0x73801000 len 0x10000)
src frame 161: srcf=13 off=86940 br=2000
frame 161: send=0x0 get=0x0 len=4811 coding=1 startqp=0 meanqp=0 picbytes=0 pskip=0 nalus=1 n1:4811
  snapshot f161: 3 venc_ko blocks (pool0 0x73801000 len 0x10000)
src frame 162: srcf=12 off=87480 br=2000
frame 162: send=0x0 get=0x0 len=4814 coding=1 startqp=0 meanqp=0 picbytes=0 pskip=0 nalus=1 n1:4814
  snapshot f162: 3 venc_ko blocks (pool0 0x73801000 len 0x10000)
src frame 163: srcf=11 off=88020 br=2000
frame 163: send=0x0 get=0x0 len=4884 coding=1 startqp=0 meanqp=0 picbytes=0 pskip=0 nalus=1 n1:4884
  snapshot f163: 3 venc_ko blocks (pool0 0x73801000 len 0x10000)
src frame 164: srcf=10 off=88560 br=2000
frame 164: send=0x0 get=0x0 len=4849 coding=1 startqp=0 meanqp=0 picbytes=0 pskip=0 nalus=1 n1:4849
  snapshot f164: 3 venc_ko blocks (pool0 0x73801000 len 0x10000)
src frame 165: srcf=9 off=89100 br=2000
frame 165: send=0x0 get=0x0 len=4876 coding=1 startqp=0 meanqp=0 picbytes=0 pskip=0 nalus=1 n1:4876
  snapshot f165: 3 venc_ko blocks (pool0 0x73801000 len 0x10000)
src frame 166: srcf=8 off=89640 br=2000
frame 166: send=0x0 get=0x0 len=4911 coding=1 startqp=0 meanqp=0 picbytes=0 pskip=0 nalus=1 n1:4911
  snapshot f166: 3 venc_ko blocks (pool0 0x73801000 len 0x10000)
src frame 167: srcf=7 off=90180 br=2000
frame 167: send=0x0 get=0x0 len=4822 coding=1 startqp=0 meanqp=0 picbytes=0 pskip=0 nalus=1 n1:4822
  snapshot f167: 3 venc_ko blocks (pool0 0x73801000 len 0x10000)
src frame 168: srcf=6 off=90720 br=2000
frame 168: send=0x0 get=0x0 len=4848 coding=1 startqp=0 meanqp=0 picbytes=0 pskip=0 nalus=1 n1:4848
  snapshot f168: 3 venc_ko blocks (pool0 0x73801000 len 0x10000)
src frame 169: srcf=5 off=91260 br=2000
frame 169: send=0x0 get=0x0 len=4905 coding=1 startqp=0 meanqp=0 picbytes=0 pskip=0 nalus=1 n1:4905
  snapshot f169: 3 venc_ko blocks (pool0 0x73801000 len 0x10000)
src frame 170: srcf=4 off=91800 br=2000
frame 170: send=0x0 get=0x0 len=4878 coding=1 startqp=0 meanqp=0 picbytes=0 pskip=0 nalus=1 n1:4878
  snapshot f170: 3 venc_ko blocks (pool0 0x73801000 len 0x10000)
src frame 171: srcf=3 off=92340 br=2000
frame 171: send=0x0 get=0x0 len=4845 coding=1 startqp=0 meanqp=0 picbytes=0 pskip=0 nalus=1 n1:4845
  snapshot f171: 3 venc_ko blocks (pool0 0x73801000 len 0x10000)
src frame 172: srcf=2 off=92880 br=2000
frame 172: send=0x0 get=0x0 len=4890 coding=1 startqp=0 meanqp=0 picbytes=0 pskip=0 nalus=1 n1:4890
  snapshot f172: 3 venc_ko blocks (pool0 0x73801000 len 0x10000)
src frame 173: srcf=1 off=93420 br=2000
frame 173: send=0x0 get=0x0 len=4849 coding=1 startqp=0 meanqp=0 picbytes=0 pskip=0 nalus=1 n1:4849
  snapshot f173: 3 venc_ko blocks (pool0 0x73801000 len 0x10000)
src frame 174: srcf=0 off=93960 br=2000
frame 174: send=0x0 get=0x0 len=4873 coding=1 startqp=0 meanqp=0 picbytes=0 pskip=0 nalus=1 n1:4873
  snapshot f174: 3 venc_ko blocks (pool0 0x73801000 len 0x10000)
src frame 175: srcf=1 off=94500 br=2000
frame 175: send=0x0 get=0x0 len=4812 coding=1 startqp=0 meanqp=0 picbytes=0 pskip=0 nalus=1 n1:4812
  snapshot f175: 3 venc_ko blocks (pool0 0x73801000 len 0x10000)
src frame 176: srcf=2 off=95040 br=2000
frame 176: send=0x0 get=0x0 len=4863 coding=1 startqp=0 meanqp=0 picbytes=0 pskip=0 nalus=1 n1:4863
  snapshot f176: 3 venc_ko blocks (pool0 0x73801000 len 0x10000)
src frame 177: srcf=3 off=95580 br=2000
frame 177: send=0x0 get=0x0 len=4856 coding=1 startqp=0 meanqp=0 picbytes=0 pskip=0 nalus=1 n1:4856
  snapshot f177: 3 venc_ko blocks (pool0 0x73801000 len 0x10000)
src frame 178: srcf=4 off=96120 br=2000
frame 178: send=0x0 get=0x0 len=4933 coding=1 startqp=0 meanqp=0 picbytes=0 pskip=0 nalus=1 n1:4933
  snapshot f178: 3 venc_ko blocks (pool0 0x73801000 len 0x10000)
src frame 179: srcf=5 off=96660 br=2000
frame 179: send=0x0 get=0x0 len=4838 coding=1 startqp=0 meanqp=0 picbytes=0 pskip=0 nalus=1 n1:4838
  snapshot f179: 3 venc_ko blocks (pool0 0x73801000 len 0x10000)
src frame 180: srcf=6 off=97200 br=2000
frame 180: send=0x0 get=0x0 len=22267 coding=0 startqp=0 meanqp=0 picbytes=0 pskip=0 nalus=3 n7:32 n8:9 n5:22226
  snapshot f180: 3 venc_ko blocks (pool0 0x73801000 len 0x10000)
src frame 181: srcf=7 off=97740 br=2000
frame 181: send=0x0 get=0x0 len=6702 coding=1 startqp=0 meanqp=0 picbytes=0 pskip=0 nalus=1 n1:6702
  snapshot f181: 3 venc_ko blocks (pool0 0x73801000 len 0x10000)
src frame 182: srcf=8 off=98280 br=2000
frame 182: send=0x0 get=0x0 len=5324 coding=1 startqp=0 meanqp=0 picbytes=0 pskip=0 nalus=1 n1:5324
  snapshot f182: 3 venc_ko blocks (pool0 0x73801000 len 0x10000)
src frame 183: srcf=9 off=98820 br=2000
frame 183: send=0x0 get=0x0 len=5485 coding=1 startqp=0 meanqp=0 picbytes=0 pskip=0 nalus=1 n1:5485
  snapshot f183: 3 venc_ko blocks (pool0 0x73801000 len 0x10000)
src frame 184: srcf=10 off=99360 br=2000
frame 184: send=0x0 get=0x0 len=5122 coding=1 startqp=0 meanqp=0 picbytes=0 pskip=0 nalus=1 n1:5122
  snapshot f184: 3 venc_ko blocks (pool0 0x73801000 len 0x10000)
src frame 185: srcf=11 off=99900 br=2000
frame 185: send=0x0 get=0x0 len=5186 coding=1 startqp=0 meanqp=0 picbytes=0 pskip=0 nalus=1 n1:5186
  snapshot f185: 3 venc_ko blocks (pool0 0x73801000 len 0x10000)
src frame 186: srcf=12 off=100440 br=2000
frame 186: send=0x0 get=0x0 len=4973 coding=1 startqp=0 meanqp=0 picbytes=0 pskip=0 nalus=1 n1:4973
  snapshot f186: 3 venc_ko blocks (pool0 0x73801000 len 0x10000)
src frame 187: srcf=13 off=100980 br=2000
frame 187: send=0x0 get=0x0 len=4955 coding=1 startqp=0 meanqp=0 picbytes=0 pskip=0 nalus=1 n1:4955
  snapshot f187: 3 venc_ko blocks (pool0 0x73801000 len 0x10000)
src frame 188: srcf=14 off=101520 br=2000
frame 188: send=0x0 get=0x0 len=4984 coding=1 startqp=0 meanqp=0 picbytes=0 pskip=0 nalus=1 n1:4984
  snapshot f188: 3 venc_ko blocks (pool0 0x73801000 len 0x10000)
src frame 189: srcf=15 off=102060 br=2000
frame 189: send=0x0 get=0x0 len=5034 coding=1 startqp=0 meanqp=0 picbytes=0 pskip=0 nalus=1 n1:5034
  snapshot f189: 3 venc_ko blocks (pool0 0x73801000 len 0x10000)
src frame 190: srcf=16 off=102600 br=2000
frame 190: send=0x0 get=0x0 len=4979 coding=1 startqp=0 meanqp=0 picbytes=0 pskip=0 nalus=1 n1:4979
  snapshot f190: 3 venc_ko blocks (pool0 0x73801000 len 0x10000)
src frame 191: srcf=17 off=103140 br=2000
frame 191: send=0x0 get=0x0 len=4918 coding=1 startqp=0 meanqp=0 picbytes=0 pskip=0 nalus=1 n1:4918
  snapshot f191: 3 venc_ko blocks (pool0 0x73801000 len 0x10000)
src frame 192: srcf=18 off=103680 br=2000
frame 192: send=0x0 get=0x0 len=4873 coding=1 startqp=0 meanqp=0 picbytes=0 pskip=0 nalus=1 n1:4873
  snapshot f192: 3 venc_ko blocks (pool0 0x73801000 len 0x10000)
src frame 193: srcf=19 off=104220 br=2000
frame 193: send=0x0 get=0x0 len=4892 coding=1 startqp=0 meanqp=0 picbytes=0 pskip=0 nalus=1 n1:4892
  snapshot f193: 3 venc_ko blocks (pool0 0x73801000 len 0x10000)
src frame 194: srcf=20 off=104760 br=2000
frame 194: send=0x0 get=0x0 len=4984 coding=1 startqp=0 meanqp=0 picbytes=0 pskip=0 nalus=1 n1:4984
  snapshot f194: 3 venc_ko blocks (pool0 0x73801000 len 0x10000)
src frame 195: srcf=21 off=105300 br=2000
frame 195: send=0x0 get=0x0 len=4797 coding=1 startqp=0 meanqp=0 picbytes=0 pskip=0 nalus=1 n1:4797
  snapshot f195: 3 venc_ko blocks (pool0 0x73801000 len 0x10000)
src frame 196: srcf=22 off=105840 br=2000
frame 196: send=0x0 get=0x0 len=4936 coding=1 startqp=0 meanqp=0 picbytes=0 pskip=0 nalus=1 n1:4936
  snapshot f196: 3 venc_ko blocks (pool0 0x73801000 len 0x10000)
src frame 197: srcf=23 off=106380 br=2000
frame 197: send=0x0 get=0x0 len=4845 coding=1 startqp=0 meanqp=0 picbytes=0 pskip=0 nalus=1 n1:4845
  snapshot f197: 3 venc_ko blocks (pool0 0x73801000 len 0x10000)
src frame 198: srcf=24 off=106920 br=2000
frame 198: send=0x0 get=0x0 len=4959 coding=1 startqp=0 meanqp=0 picbytes=0 pskip=0 nalus=1 n1:4959
  snapshot f198: 3 venc_ko blocks (pool0 0x73801000 len 0x10000)
src frame 199: srcf=25 off=107460 br=2000
frame 199: send=0x0 get=0x0 len=4805 coding=1 startqp=0 meanqp=0 picbytes=0 pskip=0 nalus=1 n1:4805
  snapshot f199: 3 venc_ko blocks (pool0 0x73801000 len 0x10000)
src frame 200: srcf=26 off=108000 br=2000
frame 200: send=0x0 get=0x0 len=4826 coding=1 startqp=0 meanqp=0 picbytes=0 pskip=0 nalus=1 n1:4826
  snapshot f200: 3 venc_ko blocks (pool0 0x73801000 len 0x10000)
src frame 201: srcf=27 off=108540 br=2000
frame 201: send=0x0 get=0x0 len=4785 coding=1 startqp=0 meanqp=0 picbytes=0 pskip=0 nalus=1 n1:4785
  snapshot f201: 3 venc_ko blocks (pool0 0x73801000 len 0x10000)
src frame 202: srcf=28 off=109080 br=2000
frame 202: send=0x0 get=0x0 len=4880 coding=1 startqp=0 meanqp=0 picbytes=0 pskip=0 nalus=1 n1:4880
  snapshot f202: 3 venc_ko blocks (pool0 0x73801000 len 0x10000)
src frame 203: srcf=29 off=109620 br=2000
frame 203: send=0x0 get=0x0 len=4790 coding=1 startqp=0 meanqp=0 picbytes=0 pskip=0 nalus=1 n1:4790
  snapshot f203: 3 venc_ko blocks (pool0 0x73801000 len 0x10000)
src frame 204: srcf=28 off=110160 br=2000
frame 204: send=0x0 get=0x0 len=4817 coding=1 startqp=0 meanqp=0 picbytes=0 pskip=0 nalus=1 n1:4817
  snapshot f204: 3 venc_ko blocks (pool0 0x73801000 len 0x10000)
src frame 205: srcf=27 off=110700 br=2000
frame 205: send=0x0 get=0x0 len=4862 coding=1 startqp=0 meanqp=0 picbytes=0 pskip=0 nalus=1 n1:4862
  snapshot f205: 3 venc_ko blocks (pool0 0x73801000 len 0x10000)
src frame 206: srcf=26 off=111240 br=2000
frame 206: send=0x0 get=0x0 len=4899 coding=1 startqp=0 meanqp=0 picbytes=0 pskip=0 nalus=1 n1:4899
  snapshot f206: 3 venc_ko blocks (pool0 0x73801000 len 0x10000)
src frame 207: srcf=25 off=111780 br=2000
frame 207: send=0x0 get=0x0 len=4770 coding=1 startqp=0 meanqp=0 picbytes=0 pskip=0 nalus=1 n1:4770
  snapshot f207: 3 venc_ko blocks (pool0 0x73801000 len 0x10000)
src frame 208: srcf=24 off=112320 br=2000
frame 208: send=0x0 get=0x0 len=4800 coding=1 startqp=0 meanqp=0 picbytes=0 pskip=0 nalus=1 n1:4800
  snapshot f208: 3 venc_ko blocks (pool0 0x73801000 len 0x10000)
src frame 209: srcf=23 off=112860 br=2000
frame 209: send=0x0 get=0x0 len=4901 coding=1 startqp=0 meanqp=0 picbytes=0 pskip=0 nalus=1 n1:4901
  snapshot f209: 3 venc_ko blocks (pool0 0x73801000 len 0x10000)
src frame 210: srcf=22 off=113400 br=2000
frame 210: send=0x0 get=0x0 len=22267 coding=0 startqp=0 meanqp=0 picbytes=0 pskip=0 nalus=3 n7:32 n8:9 n5:22226
  snapshot f210: 3 venc_ko blocks (pool0 0x73801000 len 0x10000)
src frame 211: srcf=21 off=113940 br=2000
frame 211: send=0x0 get=0x0 len=6641 coding=1 startqp=0 meanqp=0 picbytes=0 pskip=0 nalus=1 n1:6641
  snapshot f211: 3 venc_ko blocks (pool0 0x73801000 len 0x10000)
src frame 212: srcf=20 off=114480 br=2000
frame 212: send=0x0 get=0x0 len=5298 coding=1 startqp=0 meanqp=0 picbytes=0 pskip=0 nalus=1 n1:5298
  snapshot f212: 3 venc_ko blocks (pool0 0x73801000 len 0x10000)
src frame 213: srcf=19 off=115020 br=2000
frame 213: send=0x0 get=0x0 len=5077 coding=1 startqp=0 meanqp=0 picbytes=0 pskip=0 nalus=1 n1:5077
  snapshot f213: 3 venc_ko blocks (pool0 0x73801000 len 0x10000)
src frame 214: srcf=18 off=115560 br=2000
frame 214: send=0x0 get=0x0 len=4993 coding=1 startqp=0 meanqp=0 picbytes=0 pskip=0 nalus=1 n1:4993
  snapshot f214: 3 venc_ko blocks (pool0 0x73801000 len 0x10000)
src frame 215: srcf=17 off=116100 br=2000
frame 215: send=0x0 get=0x0 len=4999 coding=1 startqp=0 meanqp=0 picbytes=0 pskip=0 nalus=1 n1:4999
  snapshot f215: 3 venc_ko blocks (pool0 0x73801000 len 0x10000)
src frame 216: srcf=16 off=116640 br=2000
frame 216: send=0x0 get=0x0 len=4974 coding=1 startqp=0 meanqp=0 picbytes=0 pskip=0 nalus=1 n1:4974
  snapshot f216: 3 venc_ko blocks (pool0 0x73801000 len 0x10000)
src frame 217: srcf=15 off=117180 br=2000
frame 217: send=0x0 get=0x0 len=4815 coding=1 startqp=0 meanqp=0 picbytes=0 pskip=0 nalus=1 n1:4815
  snapshot f217: 3 venc_ko blocks (pool0 0x73801000 len 0x10000)
src frame 218: srcf=14 off=117720 br=2000
frame 218: send=0x0 get=0x0 len=4820 coding=1 startqp=0 meanqp=0 picbytes=0 pskip=0 nalus=1 n1:4820
  snapshot f218: 3 venc_ko blocks (pool0 0x73801000 len 0x10000)
src frame 219: srcf=13 off=118260 br=2000
frame 219: send=0x0 get=0x0 len=4880 coding=1 startqp=0 meanqp=0 picbytes=0 pskip=0 nalus=1 n1:4880
  snapshot f219: 3 venc_ko blocks (pool0 0x73801000 len 0x10000)
src frame 220: srcf=12 off=118800 br=2000
frame 220: send=0x0 get=0x0 len=4881 coding=1 startqp=0 meanqp=0 picbytes=0 pskip=0 nalus=1 n1:4881
  snapshot f220: 3 venc_ko blocks (pool0 0x73801000 len 0x10000)
src frame 221: srcf=11 off=119340 br=2000
frame 221: send=0x0 get=0x0 len=4807 coding=1 startqp=0 meanqp=0 picbytes=0 pskip=0 nalus=1 n1:4807
  snapshot f221: 3 venc_ko blocks (pool0 0x73801000 len 0x10000)
src frame 222: srcf=10 off=119880 br=2000
frame 222: send=0x0 get=0x0 len=4819 coding=1 startqp=0 meanqp=0 picbytes=0 pskip=0 nalus=1 n1:4819
  snapshot f222: 3 venc_ko blocks (pool0 0x73801000 len 0x10000)
src frame 223: srcf=9 off=120420 br=2000
frame 223: send=0x0 get=0x0 len=4895 coding=1 startqp=0 meanqp=0 picbytes=0 pskip=0 nalus=1 n1:4895
  snapshot f223: 3 venc_ko blocks (pool0 0x73801000 len 0x10000)
src frame 224: srcf=8 off=120960 br=2000
frame 224: send=0x0 get=0x0 len=4848 coding=1 startqp=0 meanqp=0 picbytes=0 pskip=0 nalus=1 n1:4848
  snapshot f224: 3 venc_ko blocks (pool0 0x73801000 len 0x10000)
src frame 225: srcf=7 off=121500 br=2000
frame 225: send=0x0 get=0x0 len=4929 coding=1 startqp=0 meanqp=0 picbytes=0 pskip=0 nalus=1 n1:4929
  snapshot f225: 3 venc_ko blocks (pool0 0x73801000 len 0x10000)
src frame 226: srcf=6 off=122040 br=2000
frame 226: send=0x0 get=0x0 len=4916 coding=1 startqp=0 meanqp=0 picbytes=0 pskip=0 nalus=1 n1:4916
  snapshot f226: 3 venc_ko blocks (pool0 0x73801000 len 0x10000)
src frame 227: srcf=5 off=122580 br=2000
frame 227: send=0x0 get=0x0 len=4846 coding=1 startqp=0 meanqp=0 picbytes=0 pskip=0 nalus=1 n1:4846
  snapshot f227: 3 venc_ko blocks (pool0 0x73801000 len 0x10000)
src frame 228: srcf=4 off=123120 br=2000
frame 228: send=0x0 get=0x0 len=4854 coding=1 startqp=0 meanqp=0 picbytes=0 pskip=0 nalus=1 n1:4854
  snapshot f228: 3 venc_ko blocks (pool0 0x73801000 len 0x10000)
src frame 229: srcf=3 off=123660 br=2000
frame 229: send=0x0 get=0x0 len=4888 coding=1 startqp=0 meanqp=0 picbytes=0 pskip=0 nalus=1 n1:4888
  snapshot f229: 3 venc_ko blocks (pool0 0x73801000 len 0x10000)
src frame 230: srcf=2 off=124200 br=2000
frame 230: send=0x0 get=0x0 len=4926 coding=1 startqp=0 meanqp=0 picbytes=0 pskip=0 nalus=1 n1:4926
  snapshot f230: 3 venc_ko blocks (pool0 0x73801000 len 0x10000)
src frame 231: srcf=1 off=124740 br=2000
frame 231: send=0x0 get=0x0 len=4834 coding=1 startqp=0 meanqp=0 picbytes=0 pskip=0 nalus=1 n1:4834
  snapshot f231: 3 venc_ko blocks (pool0 0x73801000 len 0x10000)
src frame 232: srcf=0 off=125280 br=2000
frame 232: send=0x0 get=0x0 len=4884 coding=1 startqp=0 meanqp=0 picbytes=0 pskip=0 nalus=1 n1:4884
  snapshot f232: 3 venc_ko blocks (pool0 0x73801000 len 0x10000)
src frame 233: srcf=1 off=125820 br=2000
frame 233: send=0x0 get=0x0 len=4809 coding=1 startqp=0 meanqp=0 picbytes=0 pskip=0 nalus=1 n1:4809
  snapshot f233: 3 venc_ko blocks (pool0 0x73801000 len 0x10000)
src frame 234: srcf=2 off=126360 br=2000
frame 234: send=0x0 get=0x0 len=4878 coding=1 startqp=0 meanqp=0 picbytes=0 pskip=0 nalus=1 n1:4878
  snapshot f234: 3 venc_ko blocks (pool0 0x73801000 len 0x10000)
src frame 235: srcf=3 off=126900 br=2000
frame 235: send=0x0 get=0x0 len=4864 coding=1 startqp=0 meanqp=0 picbytes=0 pskip=0 nalus=1 n1:4864
  snapshot f235: 3 venc_ko blocks (pool0 0x73801000 len 0x10000)
src frame 236: srcf=4 off=127440 br=2000
frame 236: send=0x0 get=0x0 len=4887 coding=1 startqp=0 meanqp=0 picbytes=0 pskip=0 nalus=1 n1:4887
  snapshot f236: 3 venc_ko blocks (pool0 0x73801000 len 0x10000)
src frame 237: srcf=5 off=127980 br=2000
frame 237: send=0x0 get=0x0 len=4884 coding=1 startqp=0 meanqp=0 picbytes=0 pskip=0 nalus=1 n1:4884
  snapshot f237: 3 venc_ko blocks (pool0 0x73801000 len 0x10000)
src frame 238: srcf=6 off=128520 br=2000
frame 238: send=0x0 get=0x0 len=5003 coding=1 startqp=0 meanqp=0 picbytes=0 pskip=0 nalus=1 n1:5003
  snapshot f238: 3 venc_ko blocks (pool0 0x73801000 len 0x10000)
src frame 239: srcf=7 off=129060 br=2000
frame 239: send=0x0 get=0x0 len=4874 coding=1 startqp=0 meanqp=0 picbytes=0 pskip=0 nalus=1 n1:4874
  snapshot f239: 3 venc_ko blocks (pool0 0x73801000 len 0x10000)
---- /proc/ax_proc/venc ----
-------- VENC VERSION ------------------------
[Axera version]: ax_venc V3.0.0_20250319114413 Mar 19 2025 11:58:34 JK

-------- MODULE PARAM ------------------------
MaxChnNum   MaxRoiNum   MaxProcNum  
16          8           16          

-------- VENC CHN ATTR 1 ------------------------
ID    Type    wSrc    hSrc    Strd0   Strd1   maxW    maxH    PixFmt  link  InFifoDep    OutFifoDep   InDbgFifoLen InDbgFifoDep StrmBufSize(KB)
7     h264    1920    1080    3840    0       1920    1080    YUYV422 N     2            2            0            4            4114      
-------- VENC CHN ATTR 2 ------------------------
ID    [CropEn StartX  StartY  CropW   CropH]  Rotation  EncW    EncH    FrmSize      PTS          SeqNum       CompMode     CompLevel    PhyAddr0     PhyAddr1     PhyAddr2     
7     N       0       0       0       0       0         1920    1080    4147200      3283333      198          NONE         0            742d1000     0            0            
-------- VENC RC ATTR 1 ------------------------
ID    RcMode    SrcFr   DstFr   Br(kbps)  MinQp   MaxQp   MinIQp  MaxIQp  IQpDelta  IpropMax   IpropMin   StartQp    QpDltRng   DeBrQpDlt  SvcEn   ChgPos  StillPercent MaxStillQp 
7     CBR       60.00   60.00   2000      10      51      10      51      0         40         10         -1         2          0          False   -       -            -          
-------- VENC RC ATTR 2  -----------------------
ID    QMapQpType  QMapUnit    QMapBlkType IQp   PQp   MinQpDelta MaxQpDelta MaxBitRate shtStaTime ltStaTime  ltMinBr  ltMaxBr  Br_ST(kbps)    Br_LT(kbps)    
7     N/A         64x64       N/A         -     -     -          -          -          -          -          -        -        -              -              
-------- VENC GOP ATTR  ------------------------
ID    GopMode   Gop   GopVI 
7     NormalP   30    0     
-------- VENC STATUS 1 -------------------------
ID    RJEn         RJThr(bps)   RJMode       RJEncGaps    SupFrmEn     SupPri       SupThrI      SupThrP      SplitEn      SliceNum     Range(In)    Range(out)   
7     N            0            Normal       0            N            0            500000       500000       N            0            Full         Full         
-------- VENC STATUS 2 -------------------------
ID    ChnStat   FrmRecv   FrmRls    FrmEnc    FrmDrop   FrmDup    EncFail   MissMatch StrmGet   StrmRls   OutFps    RealBr    ReEncCnt  DropCnt   BlkFail   GrpID     PID     TID     ThNum   RefInc    RefDec    Fail1   Fail2   Fail3   Fail4   
7     STARTED   198       198       198       0         0         0         0         198       197       50.00     2280.24   0         0         0         -1        130453  130457  1       198       198       0       0       0       0       
-------- VENC HW STATUS  ------------------------
ID    OverFlow     TimeOut      
7     0            0            
-------- VENC ROI INFO  ------------------------
ID    Index        bEnable      bAbsQp       RoiQP        Width        Height       StartX       StartY       
done h264_jump1_cbr2000
rc=0
== h264_jump1_cbr2000: codec=h264 rc=cbr br=2000 fps=60 gop=30 frames=240 total=1323050 B achieved=2646 kbps
I frames (frame:qp/bytes): 0:37/22260 30:37/22267 60:37/22267 90:37/22267 120:37/22267 150:37/22267 180:37/22267 210:37/22267
first P after each I (frame:qp): 1:40 31:40 61:40 91:40 121:40 151:40 181:40 211:40
per-GOP: gop#: kbps I_qp P_qp[min..max] P_qp_last
  0: 2369 kbps I=[37] P=[40..51] last=51 n=30
  1: 2757 kbps I=[37] P=[40..46] last=46 n=30
  2: 2725 kbps I=[37] P=[40..46] last=46 n=30
  3: 2649 kbps I=[37] P=[40..46] last=46 n=30
  4: 2675 kbps I=[37] P=[40..46] last=46 n=30
  5: 2656 kbps I=[37] P=[40..46] last=46 n=30
  6: 2678 kbps I=[37] P=[40..46] last=46 n=30
  7: 2661 kbps I=[37] P=[40..46] last=46 n=30
P->P QP step histogram: -1:1 +0:195 +1:2 +2:26
I->firstP QP delta: +3 +3 +3 +3 +3 +3 +3 +3
sw7 frame-QP == slice QP: 240/240 frames with a program agree; mismatches at []
slot flags: {'': 240}
sw105-107 distinct (I): [('0x41eb0', '0x41eb0', '0x41eb0'), ('0x493e0', '0x493e0', '0x493e0'), ('0x6b6c0', '0x6b6c0', '0x6b6c0')]
sw172/173 distinct: [('0x14f', '0x662'), ('0x14f', '0x66a'), ('0x66f', '0x66a')]
sw6 distinct (I / P): ['0x3'] ['0x3']
=== h264_jump15_cbr2000: codec=h264 rc=cbr br=2000 nframes=240 src=/root/rc65/clips/static.yuyv motion=jump mstep=15
# vdrive tag=h264_jump15_cbr2000 codec=h264 1920x1080 rc=cbr br=2000 fps=60/60 gop=30 gopmode=normalp ltrint=0 ltrqpo=0 iqp=32 pqp=32 profile=10 level=51 tier=0 qp[10..51] iqp[10..51] iqd=0 firstqp=-1 iprop[10..40] idrrange=2 stattime=1 vq=0 ir=0/0 slice=0 debreath=0 scd=-1 rowqpd=-1 vui=-1 move=0 nframes=240
src=/root/rc65/clips/static.yuyv frames=30 loop=pingpong motion=jump mstep=15 window=0..-1
AX_SYS_Init rc=0x0
AX_VENC_Init rc=0x0
AX_VENC_CreateChn(7) rc=0x0
StartRecvFrame rc=0x0
AX_POOL_CreatePool id=0x0
blk=0x5e000000 phys=0x742d1000 virt=0xffff9e415000
frame: modid=0x11 stride=1920 fmt=0xd
  snapshot pre: 3 venc_ko blocks (pool0 0x73801000 len 0x10000)
src frame 0: srcf=0 off=0 br=2000
frame 0: send=0x0 get=0x0 len=22260 coding=0 startqp=0 meanqp=0 picbytes=0 pskip=0 nalus=3 n7:32 n8:9 n5:22219
  snapshot f000: 3 venc_ko blocks (pool0 0x73801000 len 0x10000)
src frame 1: srcf=1 off=0 br=2000
frame 1: send=0x0 get=0x0 len=3212 coding=1 startqp=0 meanqp=0 picbytes=0 pskip=0 nalus=1 n1:3212
  snapshot f001: 3 venc_ko blocks (pool0 0x73801000 len 0x10000)
src frame 2: srcf=2 off=0 br=2000
frame 2: send=0x0 get=0x0 len=3102 coding=1 startqp=0 meanqp=0 picbytes=0 pskip=0 nalus=1 n1:3102
  snapshot f002: 3 venc_ko blocks (pool0 0x73801000 len 0x10000)
src frame 3: srcf=3 off=0 br=2000
frame 3: send=0x0 get=0x0 len=3180 coding=1 startqp=0 meanqp=0 picbytes=0 pskip=0 nalus=1 n1:3180
  snapshot f003: 3 venc_ko blocks (pool0 0x73801000 len 0x10000)
src frame 4: srcf=4 off=0 br=2000
frame 4: send=0x0 get=0x0 len=2727 coding=1 startqp=0 meanqp=0 picbytes=0 pskip=0 nalus=1 n1:2727
  snapshot f004: 3 venc_ko blocks (pool0 0x73801000 len 0x10000)
src frame 5: srcf=5 off=0 br=2000
frame 5: send=0x0 get=0x0 len=3174 coding=1 startqp=0 meanqp=0 picbytes=0 pskip=0 nalus=1 n1:3174
  snapshot f005: 3 venc_ko blocks (pool0 0x73801000 len 0x10000)
src frame 6: srcf=6 off=0 br=2000
frame 6: send=0x0 get=0x0 len=3205 coding=1 startqp=0 meanqp=0 picbytes=0 pskip=0 nalus=1 n1:3205
  snapshot f006: 3 venc_ko blocks (pool0 0x73801000 len 0x10000)
src frame 7: srcf=7 off=0 br=2000
frame 7: send=0x0 get=0x0 len=3179 coding=1 startqp=0 meanqp=0 picbytes=0 pskip=0 nalus=1 n1:3179
  snapshot f007: 3 venc_ko blocks (pool0 0x73801000 len 0x10000)
src frame 8: srcf=8 off=0 br=2000
frame 8: send=0x0 get=0x0 len=2980 coding=1 startqp=0 meanqp=0 picbytes=0 pskip=0 nalus=1 n1:2980
  snapshot f008: 3 venc_ko blocks (pool0 0x73801000 len 0x10000)
src frame 9: srcf=9 off=0 br=2000
frame 9: send=0x0 get=0x0 len=3235 coding=1 startqp=0 meanqp=0 picbytes=0 pskip=0 nalus=1 n1:3235
  snapshot f009: 3 venc_ko blocks (pool0 0x73801000 len 0x10000)
src frame 10: srcf=10 off=0 br=2000
frame 10: send=0x0 get=0x0 len=2968 coding=1 startqp=0 meanqp=0 picbytes=0 pskip=0 nalus=1 n1:2968
  snapshot f010: 3 venc_ko blocks (pool0 0x73801000 len 0x10000)
src frame 11: srcf=11 off=0 br=2000
frame 11: send=0x0 get=0x0 len=3191 coding=1 startqp=0 meanqp=0 picbytes=0 pskip=0 nalus=1 n1:3191
  snapshot f011: 3 venc_ko blocks (pool0 0x73801000 len 0x10000)
src frame 12: srcf=12 off=0 br=2000
frame 12: send=0x0 get=0x0 len=3187 coding=1 startqp=0 meanqp=0 picbytes=0 pskip=0 nalus=1 n1:3187
  snapshot f012: 3 venc_ko blocks (pool0 0x73801000 len 0x10000)
src frame 13: srcf=13 off=0 br=2000
frame 13: send=0x0 get=0x0 len=2961 coding=1 startqp=0 meanqp=0 picbytes=0 pskip=0 nalus=1 n1:2961
  snapshot f013: 3 venc_ko blocks (pool0 0x73801000 len 0x10000)
src frame 14: srcf=14 off=0 br=2000
frame 14: send=0x0 get=0x0 len=3164 coding=1 startqp=0 meanqp=0 picbytes=0 pskip=0 nalus=1 n1:3164
  snapshot f014: 3 venc_ko blocks (pool0 0x73801000 len 0x10000)
src frame 15: srcf=15 off=540 br=2000
frame 15: send=0x0 get=0x0 len=12552 coding=1 startqp=0 meanqp=0 picbytes=0 pskip=0 nalus=1 n1:12552
  snapshot f015: 3 venc_ko blocks (pool0 0x73801000 len 0x10000)
src frame 16: srcf=16 off=540 br=2000
frame 16: send=0x0 get=0x0 len=3127 coding=1 startqp=0 meanqp=0 picbytes=0 pskip=0 nalus=1 n1:3127
  snapshot f016: 3 venc_ko blocks (pool0 0x73801000 len 0x10000)
src frame 17: srcf=17 off=540 br=2000
frame 17: send=0x0 get=0x0 len=3119 coding=1 startqp=0 meanqp=0 picbytes=0 pskip=0 nalus=1 n1:3119
  snapshot f017: 3 venc_ko blocks (pool0 0x73801000 len 0x10000)
src frame 18: srcf=18 off=540 br=2000
frame 18: send=0x0 get=0x0 len=3112 coding=1 startqp=0 meanqp=0 picbytes=0 pskip=0 nalus=1 n1:3112
  snapshot f018: 3 venc_ko blocks (pool0 0x73801000 len 0x10000)
src frame 19: srcf=19 off=540 br=2000
frame 19: send=0x0 get=0x0 len=3120 coding=1 startqp=0 meanqp=0 picbytes=0 pskip=0 nalus=1 n1:3120
  snapshot f019: 3 venc_ko blocks (pool0 0x73801000 len 0x10000)
src frame 20: srcf=20 off=540 br=2000
frame 20: send=0x0 get=0x0 len=3062 coding=1 startqp=0 meanqp=0 picbytes=0 pskip=0 nalus=1 n1:3062
  snapshot f020: 3 venc_ko blocks (pool0 0x73801000 len 0x10000)
src frame 21: srcf=21 off=540 br=2000
frame 21: send=0x0 get=0x0 len=3041 coding=1 startqp=0 meanqp=0 picbytes=0 pskip=0 nalus=1 n1:3041
  snapshot f021: 3 venc_ko blocks (pool0 0x73801000 len 0x10000)
src frame 22: srcf=22 off=540 br=2000
frame 22: send=0x0 get=0x0 len=3094 coding=1 startqp=0 meanqp=0 picbytes=0 pskip=0 nalus=1 n1:3094
  snapshot f022: 3 venc_ko blocks (pool0 0x73801000 len 0x10000)
src frame 23: srcf=23 off=540 br=2000
frame 23: send=0x0 get=0x0 len=3413 coding=1 startqp=0 meanqp=0 picbytes=0 pskip=0 nalus=1 n1:3413
  snapshot f023: 3 venc_ko blocks (pool0 0x73801000 len 0x10000)
src frame 24: srcf=24 off=540 br=2000
frame 24: send=0x0 get=0x0 len=2821 coding=1 startqp=0 meanqp=0 picbytes=0 pskip=0 nalus=1 n1:2821
  snapshot f024: 3 venc_ko blocks (pool0 0x73801000 len 0x10000)
src frame 25: srcf=25 off=540 br=2000
frame 25: send=0x0 get=0x0 len=2867 coding=1 startqp=0 meanqp=0 picbytes=0 pskip=0 nalus=1 n1:2867
  snapshot f025: 3 venc_ko blocks (pool0 0x73801000 len 0x10000)
src frame 26: srcf=26 off=540 br=2000
frame 26: send=0x0 get=0x0 len=2895 coding=1 startqp=0 meanqp=0 picbytes=0 pskip=0 nalus=1 n1:2895
  snapshot f026: 3 venc_ko blocks (pool0 0x73801000 len 0x10000)
src frame 27: srcf=27 off=540 br=2000
frame 27: send=0x0 get=0x0 len=2838 coding=1 startqp=0 meanqp=0 picbytes=0 pskip=0 nalus=1 n1:2838
  snapshot f027: 3 venc_ko blocks (pool0 0x73801000 len 0x10000)
src frame 28: srcf=28 off=540 br=2000
frame 28: send=0x0 get=0x0 len=3159 coding=1 startqp=0 meanqp=0 picbytes=0 pskip=0 nalus=1 n1:3159
  snapshot f028: 3 venc_ko blocks (pool0 0x73801000 len 0x10000)
src frame 29: srcf=29 off=540 br=2000
frame 29: send=0x0 get=0x0 len=3041 coding=1 startqp=0 meanqp=0 picbytes=0 pskip=0 nalus=1 n1:3041
  snapshot f029: 3 venc_ko blocks (pool0 0x73801000 len 0x10000)
src frame 30: srcf=28 off=1080 br=2000
frame 30: send=0x0 get=0x0 len=25740 coding=0 startqp=0 meanqp=0 picbytes=0 pskip=0 nalus=3 n7:32 n8:9 n5:25699
  snapshot f030: 3 venc_ko blocks (pool0 0x73801000 len 0x10000)
src frame 31: srcf=27 off=1080 br=2000
frame 31: send=0x0 get=0x0 len=3561 coding=1 startqp=0 meanqp=0 picbytes=0 pskip=0 nalus=1 n1:3561
  snapshot f031: 3 venc_ko blocks (pool0 0x73801000 len 0x10000)
src frame 32: srcf=26 off=1080 br=2000
frame 32: send=0x0 get=0x0 len=3347 coding=1 startqp=0 meanqp=0 picbytes=0 pskip=0 nalus=1 n1:3347
  snapshot f032: 3 venc_ko blocks (pool0 0x73801000 len 0x10000)
src frame 33: srcf=25 off=1080 br=2000
frame 33: send=0x0 get=0x0 len=3494 coding=1 startqp=0 meanqp=0 picbytes=0 pskip=0 nalus=1 n1:3494
  snapshot f033: 3 venc_ko blocks (pool0 0x73801000 len 0x10000)
src frame 34: srcf=24 off=1080 br=2000
frame 34: send=0x0 get=0x0 len=3361 coding=1 startqp=0 meanqp=0 picbytes=0 pskip=0 nalus=1 n1:3361
  snapshot f034: 3 venc_ko blocks (pool0 0x73801000 len 0x10000)
src frame 35: srcf=23 off=1080 br=2000
frame 35: send=0x0 get=0x0 len=3436 coding=1 startqp=0 meanqp=0 picbytes=0 pskip=0 nalus=1 n1:3436
  snapshot f035: 3 venc_ko blocks (pool0 0x73801000 len 0x10000)
src frame 36: srcf=22 off=1080 br=2000
frame 36: send=0x0 get=0x0 len=3460 coding=1 startqp=0 meanqp=0 picbytes=0 pskip=0 nalus=1 n1:3460
  snapshot f036: 3 venc_ko blocks (pool0 0x73801000 len 0x10000)
src frame 37: srcf=21 off=1080 br=2000
frame 37: send=0x0 get=0x0 len=3192 coding=1 startqp=0 meanqp=0 picbytes=0 pskip=0 nalus=1 n1:3192
  snapshot f037: 3 venc_ko blocks (pool0 0x73801000 len 0x10000)
src frame 38: srcf=20 off=1080 br=2000
frame 38: send=0x0 get=0x0 len=3538 coding=1 startqp=0 meanqp=0 picbytes=0 pskip=0 nalus=1 n1:3538
  snapshot f038: 3 venc_ko blocks (pool0 0x73801000 len 0x10000)
src frame 39: srcf=19 off=1080 br=2000
frame 39: send=0x0 get=0x0 len=3574 coding=1 startqp=0 meanqp=0 picbytes=0 pskip=0 nalus=1 n1:3574
  snapshot f039: 3 venc_ko blocks (pool0 0x73801000 len 0x10000)
src frame 40: srcf=18 off=1080 br=2000
frame 40: send=0x0 get=0x0 len=3591 coding=1 startqp=0 meanqp=0 picbytes=0 pskip=0 nalus=1 n1:3591
  snapshot f040: 3 venc_ko blocks (pool0 0x73801000 len 0x10000)
src frame 41: srcf=17 off=1080 br=2000
frame 41: send=0x0 get=0x0 len=3413 coding=1 startqp=0 meanqp=0 picbytes=0 pskip=0 nalus=1 n1:3413
  snapshot f041: 3 venc_ko blocks (pool0 0x73801000 len 0x10000)
src frame 42: srcf=16 off=1080 br=2000
frame 42: send=0x0 get=0x0 len=3754 coding=1 startqp=0 meanqp=0 picbytes=0 pskip=0 nalus=1 n1:3754
  snapshot f042: 3 venc_ko blocks (pool0 0x73801000 len 0x10000)
src frame 43: srcf=15 off=1080 br=2000
frame 43: send=0x0 get=0x0 len=3531 coding=1 startqp=0 meanqp=0 picbytes=0 pskip=0 nalus=1 n1:3531
  snapshot f043: 3 venc_ko blocks (pool0 0x73801000 len 0x10000)
src frame 44: srcf=14 off=1080 br=2000
frame 44: send=0x0 get=0x0 len=3582 coding=1 startqp=0 meanqp=0 picbytes=0 pskip=0 nalus=1 n1:3582
  snapshot f044: 3 venc_ko blocks (pool0 0x73801000 len 0x10000)
src frame 45: srcf=13 off=1620 br=2000
frame 45: send=0x0 get=0x0 len=15241 coding=1 startqp=0 meanqp=0 picbytes=0 pskip=0 nalus=1 n1:15241
  snapshot f045: 3 venc_ko blocks (pool0 0x73801000 len 0x10000)
src frame 46: srcf=12 off=1620 br=2000
frame 46: send=0x0 get=0x0 len=3063 coding=1 startqp=0 meanqp=0 picbytes=0 pskip=0 nalus=1 n1:3063
  snapshot f046: 3 venc_ko blocks (pool0 0x73801000 len 0x10000)
src frame 47: srcf=11 off=1620 br=2000
frame 47: send=0x0 get=0x0 len=2937 coding=1 startqp=0 meanqp=0 picbytes=0 pskip=0 nalus=1 n1:2937
  snapshot f047: 3 venc_ko blocks (pool0 0x73801000 len 0x10000)
src frame 48: srcf=10 off=1620 br=2000
frame 48: send=0x0 get=0x0 len=2903 coding=1 startqp=0 meanqp=0 picbytes=0 pskip=0 nalus=1 n1:2903
  snapshot f048: 3 venc_ko blocks (pool0 0x73801000 len 0x10000)
src frame 49: srcf=9 off=1620 br=2000
frame 49: send=0x0 get=0x0 len=2828 coding=1 startqp=0 meanqp=0 picbytes=0 pskip=0 nalus=1 n1:2828
  snapshot f049: 3 venc_ko blocks (pool0 0x73801000 len 0x10000)
src frame 50: srcf=8 off=1620 br=2000
frame 50: send=0x0 get=0x0 len=2647 coding=1 startqp=0 meanqp=0 picbytes=0 pskip=0 nalus=1 n1:2647
  snapshot f050: 3 venc_ko blocks (pool0 0x73801000 len 0x10000)
src frame 51: srcf=7 off=1620 br=2000
frame 51: send=0x0 get=0x0 len=2764 coding=1 startqp=0 meanqp=0 picbytes=0 pskip=0 nalus=1 n1:2764
  snapshot f051: 3 venc_ko blocks (pool0 0x73801000 len 0x10000)
src frame 52: srcf=6 off=1620 br=2000
frame 52: send=0x0 get=0x0 len=2749 coding=1 startqp=0 meanqp=0 picbytes=0 pskip=0 nalus=1 n1:2749
  snapshot f052: 3 venc_ko blocks (pool0 0x73801000 len 0x10000)
src frame 53: srcf=5 off=1620 br=2000
frame 53: send=0x0 get=0x0 len=2876 coding=1 startqp=0 meanqp=0 picbytes=0 pskip=0 nalus=1 n1:2876
  snapshot f053: 3 venc_ko blocks (pool0 0x73801000 len 0x10000)
src frame 54: srcf=4 off=1620 br=2000
frame 54: send=0x0 get=0x0 len=2728 coding=1 startqp=0 meanqp=0 picbytes=0 pskip=0 nalus=1 n1:2728
  snapshot f054: 3 venc_ko blocks (pool0 0x73801000 len 0x10000)
src frame 55: srcf=3 off=1620 br=2000
frame 55: send=0x0 get=0x0 len=2768 coding=1 startqp=0 meanqp=0 picbytes=0 pskip=0 nalus=1 n1:2768
  snapshot f055: 3 venc_ko blocks (pool0 0x73801000 len 0x10000)
src frame 56: srcf=2 off=1620 br=2000
frame 56: send=0x0 get=0x0 len=2811 coding=1 startqp=0 meanqp=0 picbytes=0 pskip=0 nalus=1 n1:2811
  snapshot f056: 3 venc_ko blocks (pool0 0x73801000 len 0x10000)
src frame 57: srcf=1 off=1620 br=2000
frame 57: send=0x0 get=0x0 len=2898 coding=1 startqp=0 meanqp=0 picbytes=0 pskip=0 nalus=1 n1:2898
  snapshot f057: 3 venc_ko blocks (pool0 0x73801000 len 0x10000)
src frame 58: srcf=0 off=1620 br=2000
frame 58: send=0x0 get=0x0 len=2442 coding=1 startqp=0 meanqp=0 picbytes=0 pskip=0 nalus=1 n1:2442
  snapshot f058: 3 venc_ko blocks (pool0 0x73801000 len 0x10000)
src frame 59: srcf=1 off=1620 br=2000
frame 59: send=0x0 get=0x0 len=2639 coding=1 startqp=0 meanqp=0 picbytes=0 pskip=0 nalus=1 n1:2639
  snapshot f059: 3 venc_ko blocks (pool0 0x73801000 len 0x10000)
src frame 60: srcf=2 off=2160 br=2000
frame 60: send=0x0 get=0x0 len=25740 coding=0 startqp=0 meanqp=0 picbytes=0 pskip=0 nalus=3 n7:32 n8:9 n5:25699
  snapshot f060: 3 venc_ko blocks (pool0 0x73801000 len 0x10000)
src frame 61: srcf=3 off=2160 br=2000
frame 61: send=0x0 get=0x0 len=3079 coding=1 startqp=0 meanqp=0 picbytes=0 pskip=0 nalus=1 n1:3079
  snapshot f061: 3 venc_ko blocks (pool0 0x73801000 len 0x10000)
src frame 62: srcf=4 off=2160 br=2000
frame 62: send=0x0 get=0x0 len=3255 coding=1 startqp=0 meanqp=0 picbytes=0 pskip=0 nalus=1 n1:3255
  snapshot f062: 3 venc_ko blocks (pool0 0x73801000 len 0x10000)
src frame 63: srcf=5 off=2160 br=2000
frame 63: send=0x0 get=0x0 len=2989 coding=1 startqp=0 meanqp=0 picbytes=0 pskip=0 nalus=1 n1:2989
  snapshot f063: 3 venc_ko blocks (pool0 0x73801000 len 0x10000)
src frame 64: srcf=6 off=2160 br=2000
frame 64: send=0x0 get=0x0 len=3112 coding=1 startqp=0 meanqp=0 picbytes=0 pskip=0 nalus=1 n1:3112
  snapshot f064: 3 venc_ko blocks (pool0 0x73801000 len 0x10000)
src frame 65: srcf=7 off=2160 br=2000
frame 65: send=0x0 get=0x0 len=2952 coding=1 startqp=0 meanqp=0 picbytes=0 pskip=0 nalus=1 n1:2952
  snapshot f065: 3 venc_ko blocks (pool0 0x73801000 len 0x10000)
src frame 66: srcf=8 off=2160 br=2000
frame 66: send=0x0 get=0x0 len=2658 coding=1 startqp=0 meanqp=0 picbytes=0 pskip=0 nalus=1 n1:2658
  snapshot f066: 3 venc_ko blocks (pool0 0x73801000 len 0x10000)
src frame 67: srcf=9 off=2160 br=2000
frame 67: send=0x0 get=0x0 len=2975 coding=1 startqp=0 meanqp=0 picbytes=0 pskip=0 nalus=1 n1:2975
  snapshot f067: 3 venc_ko blocks (pool0 0x73801000 len 0x10000)
src frame 68: srcf=10 off=2160 br=2000
frame 68: send=0x0 get=0x0 len=3042 coding=1 startqp=0 meanqp=0 picbytes=0 pskip=0 nalus=1 n1:3042
  snapshot f068: 3 venc_ko blocks (pool0 0x73801000 len 0x10000)
src frame 69: srcf=11 off=2160 br=2000
frame 69: send=0x0 get=0x0 len=3014 coding=1 startqp=0 meanqp=0 picbytes=0 pskip=0 nalus=1 n1:3014
  snapshot f069: 3 venc_ko blocks (pool0 0x73801000 len 0x10000)
src frame 70: srcf=12 off=2160 br=2000
frame 70: send=0x0 get=0x0 len=2981 coding=1 startqp=0 meanqp=0 picbytes=0 pskip=0 nalus=1 n1:2981
  snapshot f070: 3 venc_ko blocks (pool0 0x73801000 len 0x10000)
src frame 71: srcf=13 off=2160 br=2000
frame 71: send=0x0 get=0x0 len=2985 coding=1 startqp=0 meanqp=0 picbytes=0 pskip=0 nalus=1 n1:2985
  snapshot f071: 3 venc_ko blocks (pool0 0x73801000 len 0x10000)
src frame 72: srcf=14 off=2160 br=2000
frame 72: send=0x0 get=0x0 len=2923 coding=1 startqp=0 meanqp=0 picbytes=0 pskip=0 nalus=1 n1:2923
  snapshot f072: 3 venc_ko blocks (pool0 0x73801000 len 0x10000)
src frame 73: srcf=15 off=2160 br=2000
frame 73: send=0x0 get=0x0 len=2721 coding=1 startqp=0 meanqp=0 picbytes=0 pskip=0 nalus=1 n1:2721
  snapshot f073: 3 venc_ko blocks (pool0 0x73801000 len 0x10000)
src frame 74: srcf=16 off=2160 br=2000
frame 74: send=0x0 get=0x0 len=3314 coding=1 startqp=0 meanqp=0 picbytes=0 pskip=0 nalus=1 n1:3314
  snapshot f074: 3 venc_ko blocks (pool0 0x73801000 len 0x10000)
src frame 75: srcf=17 off=2700 br=2000
frame 75: send=0x0 get=0x0 len=13620 coding=1 startqp=0 meanqp=0 picbytes=0 pskip=0 nalus=1 n1:13620
  snapshot f075: 3 venc_ko blocks (pool0 0x73801000 len 0x10000)
src frame 76: srcf=18 off=2700 br=2000
frame 76: send=0x0 get=0x0 len=3182 coding=1 startqp=0 meanqp=0 picbytes=0 pskip=0 nalus=1 n1:3182
  snapshot f076: 3 venc_ko blocks (pool0 0x73801000 len 0x10000)
src frame 77: srcf=19 off=2700 br=2000
frame 77: send=0x0 get=0x0 len=3090 coding=1 startqp=0 meanqp=0 picbytes=0 pskip=0 nalus=1 n1:3090
  snapshot f077: 3 venc_ko blocks (pool0 0x73801000 len 0x10000)
src frame 78: srcf=20 off=2700 br=2000
frame 78: send=0x0 get=0x0 len=3111 coding=1 startqp=0 meanqp=0 picbytes=0 pskip=0 nalus=1 n1:3111
  snapshot f078: 3 venc_ko blocks (pool0 0x73801000 len 0x10000)
src frame 79: srcf=21 off=2700 br=2000
frame 79: send=0x0 get=0x0 len=3263 coding=1 startqp=0 meanqp=0 picbytes=0 pskip=0 nalus=1 n1:3263
  snapshot f079: 3 venc_ko blocks (pool0 0x73801000 len 0x10000)
src frame 80: srcf=22 off=2700 br=2000
frame 80: send=0x0 get=0x0 len=3024 coding=1 startqp=0 meanqp=0 picbytes=0 pskip=0 nalus=1 n1:3024
  snapshot f080: 3 venc_ko blocks (pool0 0x73801000 len 0x10000)
src frame 81: srcf=23 off=2700 br=2000
frame 81: send=0x0 get=0x0 len=3011 coding=1 startqp=0 meanqp=0 picbytes=0 pskip=0 nalus=1 n1:3011
  snapshot f081: 3 venc_ko blocks (pool0 0x73801000 len 0x10000)
src frame 82: srcf=24 off=2700 br=2000
frame 82: send=0x0 get=0x0 len=3178 coding=1 startqp=0 meanqp=0 picbytes=0 pskip=0 nalus=1 n1:3178
  snapshot f082: 3 venc_ko blocks (pool0 0x73801000 len 0x10000)
src frame 83: srcf=25 off=2700 br=2000
frame 83: send=0x0 get=0x0 len=3021 coding=1 startqp=0 meanqp=0 picbytes=0 pskip=0 nalus=1 n1:3021
  snapshot f083: 3 venc_ko blocks (pool0 0x73801000 len 0x10000)
src frame 84: srcf=26 off=2700 br=2000
frame 84: send=0x0 get=0x0 len=3153 coding=1 startqp=0 meanqp=0 picbytes=0 pskip=0 nalus=1 n1:3153
  snapshot f084: 3 venc_ko blocks (pool0 0x73801000 len 0x10000)
src frame 85: srcf=27 off=2700 br=2000
frame 85: send=0x0 get=0x0 len=3126 coding=1 startqp=0 meanqp=0 picbytes=0 pskip=0 nalus=1 n1:3126
  snapshot f085: 3 venc_ko blocks (pool0 0x73801000 len 0x10000)
src frame 86: srcf=28 off=2700 br=2000
frame 86: send=0x0 get=0x0 len=3019 coding=1 startqp=0 meanqp=0 picbytes=0 pskip=0 nalus=1 n1:3019
  snapshot f086: 3 venc_ko blocks (pool0 0x73801000 len 0x10000)
src frame 87: srcf=29 off=2700 br=2000
frame 87: send=0x0 get=0x0 len=3234 coding=1 startqp=0 meanqp=0 picbytes=0 pskip=0 nalus=1 n1:3234
  snapshot f087: 3 venc_ko blocks (pool0 0x73801000 len 0x10000)
src frame 88: srcf=28 off=2700 br=2000
frame 88: send=0x0 get=0x0 len=2609 coding=1 startqp=0 meanqp=0 picbytes=0 pskip=0 nalus=1 n1:2609
  snapshot f088: 3 venc_ko blocks (pool0 0x73801000 len 0x10000)
src frame 89: srcf=27 off=2700 br=2000
frame 89: send=0x0 get=0x0 len=2996 coding=1 startqp=0 meanqp=0 picbytes=0 pskip=0 nalus=1 n1:2996
  snapshot f089: 3 venc_ko blocks (pool0 0x73801000 len 0x10000)
src frame 90: srcf=26 off=3240 br=2000
frame 90: send=0x0 get=0x0 len=29019 coding=0 startqp=0 meanqp=0 picbytes=0 pskip=0 nalus=3 n7:32 n8:9 n5:28978
  snapshot f090: 3 venc_ko blocks (pool0 0x73801000 len 0x10000)
src frame 91: srcf=25 off=3240 br=2000
frame 91: send=0x0 get=0x0 len=3436 coding=1 startqp=0 meanqp=0 picbytes=0 pskip=0 nalus=1 n1:3436
  snapshot f091: 3 venc_ko blocks (pool0 0x73801000 len 0x10000)
src frame 92: srcf=24 off=3240 br=2000
frame 92: send=0x0 get=0x0 len=3433 coding=1 startqp=0 meanqp=0 picbytes=0 pskip=0 nalus=1 n1:3433
  snapshot f092: 3 venc_ko blocks (pool0 0x73801000 len 0x10000)
src frame 93: srcf=23 off=3240 br=2000
frame 93: send=0x0 get=0x0 len=3095 coding=1 startqp=0 meanqp=0 picbytes=0 pskip=0 nalus=1 n1:3095
  snapshot f093: 3 venc_ko blocks (pool0 0x73801000 len 0x10000)
src frame 94: srcf=22 off=3240 br=2000
frame 94: send=0x0 get=0x0 len=3338 coding=1 startqp=0 meanqp=0 picbytes=0 pskip=0 nalus=1 n1:3338
  snapshot f094: 3 venc_ko blocks (pool0 0x73801000 len 0x10000)
src frame 95: srcf=21 off=3240 br=2000
frame 95: send=0x0 get=0x0 len=3292 coding=1 startqp=0 meanqp=0 picbytes=0 pskip=0 nalus=1 n1:3292
  snapshot f095: 3 venc_ko blocks (pool0 0x73801000 len 0x10000)
src frame 96: srcf=20 off=3240 br=2000
frame 96: send=0x0 get=0x0 len=3531 coding=1 startqp=0 meanqp=0 picbytes=0 pskip=0 nalus=1 n1:3531
  snapshot f096: 3 venc_ko blocks (pool0 0x73801000 len 0x10000)
src frame 97: srcf=19 off=3240 br=2000
frame 97: send=0x0 get=0x0 len=3469 coding=1 startqp=0 meanqp=0 picbytes=0 pskip=0 nalus=1 n1:3469
  snapshot f097: 3 venc_ko blocks (pool0 0x73801000 len 0x10000)
src frame 98: srcf=18 off=3240 br=2000
frame 98: send=0x0 get=0x0 len=3358 coding=1 startqp=0 meanqp=0 picbytes=0 pskip=0 nalus=1 n1:3358
  snapshot f098: 3 venc_ko blocks (pool0 0x73801000 len 0x10000)
src frame 99: srcf=17 off=3240 br=2000
frame 99: send=0x0 get=0x0 len=3383 coding=1 startqp=0 meanqp=0 picbytes=0 pskip=0 nalus=1 n1:3383
  snapshot f099: 3 venc_ko blocks (pool0 0x73801000 len 0x10000)
src frame 100: srcf=16 off=3240 br=2000
frame 100: send=0x0 get=0x0 len=3424 coding=1 startqp=0 meanqp=0 picbytes=0 pskip=0 nalus=1 n1:3424
  snapshot f100: 3 venc_ko blocks (pool0 0x73801000 len 0x10000)
src frame 101: srcf=15 off=3240 br=2000
frame 101: send=0x0 get=0x0 len=3055 coding=1 startqp=0 meanqp=0 picbytes=0 pskip=0 nalus=1 n1:3055
  snapshot f101: 3 venc_ko blocks (pool0 0x73801000 len 0x10000)
src frame 102: srcf=14 off=3240 br=2000
frame 102: send=0x0 get=0x0 len=3458 coding=1 startqp=0 meanqp=0 picbytes=0 pskip=0 nalus=1 n1:3458
  snapshot f102: 3 venc_ko blocks (pool0 0x73801000 len 0x10000)
src frame 103: srcf=13 off=3240 br=2000
frame 103: send=0x0 get=0x0 len=3197 coding=1 startqp=0 meanqp=0 picbytes=0 pskip=0 nalus=1 n1:3197
  snapshot f103: 3 venc_ko blocks (pool0 0x73801000 len 0x10000)
src frame 104: srcf=12 off=3240 br=2000
frame 104: send=0x0 get=0x0 len=3393 coding=1 startqp=0 meanqp=0 picbytes=0 pskip=0 nalus=1 n1:3393
  snapshot f104: 3 venc_ko blocks (pool0 0x73801000 len 0x10000)
src frame 105: srcf=11 off=3780 br=2000
frame 105: send=0x0 get=0x0 len=18048 coding=1 startqp=0 meanqp=0 picbytes=0 pskip=0 nalus=1 n1:18048
  snapshot f105: 3 venc_ko blocks (pool0 0x73801000 len 0x10000)
src frame 106: srcf=10 off=3780 br=2000
frame 106: send=0x0 get=0x0 len=2685 coding=1 startqp=0 meanqp=0 picbytes=0 pskip=0 nalus=1 n1:2685
  snapshot f106: 3 venc_ko blocks (pool0 0x73801000 len 0x10000)
src frame 107: srcf=9 off=3780 br=2000
frame 107: send=0x0 get=0x0 len=2573 coding=1 startqp=0 meanqp=0 picbytes=0 pskip=0 nalus=1 n1:2573
  snapshot f107: 3 venc_ko blocks (pool0 0x73801000 len 0x10000)
src frame 108: srcf=8 off=3780 br=2000
frame 108: send=0x0 get=0x0 len=2610 coding=1 startqp=0 meanqp=0 picbytes=0 pskip=0 nalus=1 n1:2610
  snapshot f108: 3 venc_ko blocks (pool0 0x73801000 len 0x10000)
src frame 109: srcf=7 off=3780 br=2000
frame 109: send=0x0 get=0x0 len=2543 coding=1 startqp=0 meanqp=0 picbytes=0 pskip=0 nalus=1 n1:2543
  snapshot f109: 3 venc_ko blocks (pool0 0x73801000 len 0x10000)
src frame 110: srcf=6 off=3780 br=2000
frame 110: send=0x0 get=0x0 len=2847 coding=1 startqp=0 meanqp=0 picbytes=0 pskip=0 nalus=1 n1:2847
  snapshot f110: 3 venc_ko blocks (pool0 0x73801000 len 0x10000)
src frame 111: srcf=5 off=3780 br=2000
frame 111: send=0x0 get=0x0 len=2475 coding=1 startqp=0 meanqp=0 picbytes=0 pskip=0 nalus=1 n1:2475
  snapshot f111: 3 venc_ko blocks (pool0 0x73801000 len 0x10000)
src frame 112: srcf=4 off=3780 br=2000
frame 112: send=0x0 get=0x0 len=2350 coding=1 startqp=0 meanqp=0 picbytes=0 pskip=0 nalus=1 n1:2350
  snapshot f112: 3 venc_ko blocks (pool0 0x73801000 len 0x10000)
src frame 113: srcf=3 off=3780 br=2000
frame 113: send=0x0 get=0x0 len=2343 coding=1 startqp=0 meanqp=0 picbytes=0 pskip=0 nalus=1 n1:2343
  snapshot f113: 3 venc_ko blocks (pool0 0x73801000 len 0x10000)
src frame 114: srcf=2 off=3780 br=2000
frame 114: send=0x0 get=0x0 len=2333 coding=1 startqp=0 meanqp=0 picbytes=0 pskip=0 nalus=1 n1:2333
  snapshot f114: 3 venc_ko blocks (pool0 0x73801000 len 0x10000)
src frame 115: srcf=1 off=3780 br=2000
frame 115: send=0x0 get=0x0 len=2424 coding=1 startqp=0 meanqp=0 picbytes=0 pskip=0 nalus=1 n1:2424
  snapshot f115: 3 venc_ko blocks (pool0 0x73801000 len 0x10000)
src frame 116: srcf=0 off=3780 br=2000
frame 116: send=0x0 get=0x0 len=2389 coding=1 startqp=0 meanqp=0 picbytes=0 pskip=0 nalus=1 n1:2389
  snapshot f116: 3 venc_ko blocks (pool0 0x73801000 len 0x10000)
src frame 117: srcf=1 off=3780 br=2000
frame 117: send=0x0 get=0x0 len=2416 coding=1 startqp=0 meanqp=0 picbytes=0 pskip=0 nalus=1 n1:2416
  snapshot f117: 3 venc_ko blocks (pool0 0x73801000 len 0x10000)
src frame 118: srcf=2 off=3780 br=2000
frame 118: send=0x0 get=0x0 len=2387 coding=1 startqp=0 meanqp=0 picbytes=0 pskip=0 nalus=1 n1:2387
  snapshot f118: 3 venc_ko blocks (pool0 0x73801000 len 0x10000)
src frame 119: srcf=3 off=3780 br=2000
frame 119: send=0x0 get=0x0 len=2435 coding=1 startqp=0 meanqp=0 picbytes=0 pskip=0 nalus=1 n1:2435
  snapshot f119: 3 venc_ko blocks (pool0 0x73801000 len 0x10000)
src frame 120: srcf=4 off=4320 br=2000
frame 120: send=0x0 get=0x0 len=32594 coding=0 startqp=0 meanqp=0 picbytes=0 pskip=0 nalus=3 n7:32 n8:9 n5:32553
  snapshot f120: 3 venc_ko blocks (pool0 0x73801000 len 0x10000)
src frame 121: srcf=5 off=4320 br=2000
frame 121: send=0x0 get=0x0 len=2549 coding=1 startqp=0 meanqp=0 picbytes=0 pskip=0 nalus=1 n1:2549
  snapshot f121: 3 venc_ko blocks (pool0 0x73801000 len 0x10000)
src frame 122: srcf=6 off=4320 br=2000
frame 122: send=0x0 get=0x0 len=2602 coding=1 startqp=0 meanqp=0 picbytes=0 pskip=0 nalus=1 n1:2602
  snapshot f122: 3 venc_ko blocks (pool0 0x73801000 len 0x10000)
src frame 123: srcf=7 off=4320 br=2000
frame 123: send=0x0 get=0x0 len=2640 coding=1 startqp=0 meanqp=0 picbytes=0 pskip=0 nalus=1 n1:2640
  snapshot f123: 3 venc_ko blocks (pool0 0x73801000 len 0x10000)
src frame 124: srcf=8 off=4320 br=2000
frame 124: send=0x0 get=0x0 len=2599 coding=1 startqp=0 meanqp=0 picbytes=0 pskip=0 nalus=1 n1:2599
  snapshot f124: 3 venc_ko blocks (pool0 0x73801000 len 0x10000)
src frame 125: srcf=9 off=4320 br=2000
frame 125: send=0x0 get=0x0 len=2657 coding=1 startqp=0 meanqp=0 picbytes=0 pskip=0 nalus=1 n1:2657
  snapshot f125: 3 venc_ko blocks (pool0 0x73801000 len 0x10000)
src frame 126: srcf=10 off=4320 br=2000
frame 126: send=0x0 get=0x0 len=2443 coding=1 startqp=0 meanqp=0 picbytes=0 pskip=0 nalus=1 n1:2443
  snapshot f126: 3 venc_ko blocks (pool0 0x73801000 len 0x10000)
src frame 127: srcf=11 off=4320 br=2000
frame 127: send=0x0 get=0x0 len=2786 coding=1 startqp=0 meanqp=0 picbytes=0 pskip=0 nalus=1 n1:2786
  snapshot f127: 3 venc_ko blocks (pool0 0x73801000 len 0x10000)
src frame 128: srcf=12 off=4320 br=2000
frame 128: send=0x0 get=0x0 len=2254 coding=1 startqp=0 meanqp=0 picbytes=0 pskip=0 nalus=1 n1:2254
  snapshot f128: 3 venc_ko blocks (pool0 0x73801000 len 0x10000)
src frame 129: srcf=13 off=4320 br=2000
frame 129: send=0x0 get=0x0 len=2646 coding=1 startqp=0 meanqp=0 picbytes=0 pskip=0 nalus=1 n1:2646
  snapshot f129: 3 venc_ko blocks (pool0 0x73801000 len 0x10000)
src frame 130: srcf=14 off=4320 br=2000
frame 130: send=0x0 get=0x0 len=2690 coding=1 startqp=0 meanqp=0 picbytes=0 pskip=0 nalus=1 n1:2690
  snapshot f130: 3 venc_ko blocks (pool0 0x73801000 len 0x10000)
src frame 131: srcf=15 off=4320 br=2000
frame 131: send=0x0 get=0x0 len=2375 coding=1 startqp=0 meanqp=0 picbytes=0 pskip=0 nalus=1 n1:2375
  snapshot f131: 3 venc_ko blocks (pool0 0x73801000 len 0x10000)
src frame 132: srcf=16 off=4320 br=2000
frame 132: send=0x0 get=0x0 len=2654 coding=1 startqp=0 meanqp=0 picbytes=0 pskip=0 nalus=1 n1:2654
  snapshot f132: 3 venc_ko blocks (pool0 0x73801000 len 0x10000)
src frame 133: srcf=17 off=4320 br=2000
frame 133: send=0x0 get=0x0 len=2620 coding=1 startqp=0 meanqp=0 picbytes=0 pskip=0 nalus=1 n1:2620
  snapshot f133: 3 venc_ko blocks (pool0 0x73801000 len 0x10000)
src frame 134: srcf=18 off=4320 br=2000
frame 134: send=0x0 get=0x0 len=2616 coding=1 startqp=0 meanqp=0 picbytes=0 pskip=0 nalus=1 n1:2616
  snapshot f134: 3 venc_ko blocks (pool0 0x73801000 len 0x10000)
src frame 135: srcf=19 off=4860 br=2000
frame 135: send=0x0 get=0x0 len=16454 coding=1 startqp=0 meanqp=0 picbytes=0 pskip=0 nalus=1 n1:16454
  snapshot f135: 3 venc_ko blocks (pool0 0x73801000 len 0x10000)
src frame 136: srcf=20 off=4860 br=2000
frame 136: send=0x0 get=0x0 len=2738 coding=1 startqp=0 meanqp=0 picbytes=0 pskip=0 nalus=1 n1:2738
  snapshot f136: 3 venc_ko blocks (pool0 0x73801000 len 0x10000)
src frame 137: srcf=21 off=4860 br=2000
frame 137: send=0x0 get=0x0 len=2572 coding=1 startqp=0 meanqp=0 picbytes=0 pskip=0 nalus=1 n1:2572
  snapshot f137: 3 venc_ko blocks (pool0 0x73801000 len 0x10000)
src frame 138: srcf=22 off=4860 br=2000
frame 138: send=0x0 get=0x0 len=2672 coding=1 startqp=0 meanqp=0 picbytes=0 pskip=0 nalus=1 n1:2672
  snapshot f138: 3 venc_ko blocks (pool0 0x73801000 len 0x10000)
src frame 139: srcf=23 off=4860 br=2000
frame 139: send=0x0 get=0x0 len=2559 coding=1 startqp=0 meanqp=0 picbytes=0 pskip=0 nalus=1 n1:2559
  snapshot f139: 3 venc_ko blocks (pool0 0x73801000 len 0x10000)
src frame 140: srcf=24 off=4860 br=2000
frame 140: send=0x0 get=0x0 len=2716 coding=1 startqp=0 meanqp=0 picbytes=0 pskip=0 nalus=1 n1:2716
  snapshot f140: 3 venc_ko blocks (pool0 0x73801000 len 0x10000)
src frame 141: srcf=25 off=4860 br=2000
frame 141: send=0x0 get=0x0 len=2622 coding=1 startqp=0 meanqp=0 picbytes=0 pskip=0 nalus=1 n1:2622
  snapshot f141: 3 venc_ko blocks (pool0 0x73801000 len 0x10000)
src frame 142: srcf=26 off=4860 br=2000
frame 142: send=0x0 get=0x0 len=2686 coding=1 startqp=0 meanqp=0 picbytes=0 pskip=0 nalus=1 n1:2686
  snapshot f142: 3 venc_ko blocks (pool0 0x73801000 len 0x10000)
src frame 143: srcf=27 off=4860 br=2000
frame 143: send=0x0 get=0x0 len=2618 coding=1 startqp=0 meanqp=0 picbytes=0 pskip=0 nalus=1 n1:2618
  snapshot f143: 3 venc_ko blocks (pool0 0x73801000 len 0x10000)
src frame 144: srcf=28 off=4860 br=2000
frame 144: send=0x0 get=0x0 len=2543 coding=1 startqp=0 meanqp=0 picbytes=0 pskip=0 nalus=1 n1:2543
  snapshot f144: 3 venc_ko blocks (pool0 0x73801000 len 0x10000)
src frame 145: srcf=29 off=4860 br=2000
frame 145: send=0x0 get=0x0 len=2547 coding=1 startqp=0 meanqp=0 picbytes=0 pskip=0 nalus=1 n1:2547
  snapshot f145: 3 venc_ko blocks (pool0 0x73801000 len 0x10000)
src frame 146: srcf=28 off=4860 br=2000
frame 146: send=0x0 get=0x0 len=2496 coding=1 startqp=0 meanqp=0 picbytes=0 pskip=0 nalus=1 n1:2496
  snapshot f146: 3 venc_ko blocks (pool0 0x73801000 len 0x10000)
src frame 147: srcf=27 off=4860 br=2000
frame 147: send=0x0 get=0x0 len=2435 coding=1 startqp=0 meanqp=0 picbytes=0 pskip=0 nalus=1 n1:2435
  snapshot f147: 3 venc_ko blocks (pool0 0x73801000 len 0x10000)
src frame 148: srcf=26 off=4860 br=2000
frame 148: send=0x0 get=0x0 len=2545 coding=1 startqp=0 meanqp=0 picbytes=0 pskip=0 nalus=1 n1:2545
  snapshot f148: 3 venc_ko blocks (pool0 0x73801000 len 0x10000)
src frame 149: srcf=25 off=4860 br=2000
frame 149: send=0x0 get=0x0 len=2424 coding=1 startqp=0 meanqp=0 picbytes=0 pskip=0 nalus=1 n1:2424
  snapshot f149: 3 venc_ko blocks (pool0 0x73801000 len 0x10000)
src frame 150: srcf=24 off=5400 br=2000
frame 150: send=0x0 get=0x0 len=32594 coding=0 startqp=0 meanqp=0 picbytes=0 pskip=0 nalus=3 n7:32 n8:9 n5:32553
  snapshot f150: 3 venc_ko blocks (pool0 0x73801000 len 0x10000)
src frame 151: srcf=23 off=5400 br=2000
frame 151: send=0x0 get=0x0 len=3499 coding=1 startqp=0 meanqp=0 picbytes=0 pskip=0 nalus=1 n1:3499
  snapshot f151: 3 venc_ko blocks (pool0 0x73801000 len 0x10000)
src frame 152: srcf=22 off=5400 br=2000
frame 152: send=0x0 get=0x0 len=3430 coding=1 startqp=0 meanqp=0 picbytes=0 pskip=0 nalus=1 n1:3430
  snapshot f152: 3 venc_ko blocks (pool0 0x73801000 len 0x10000)
src frame 153: srcf=21 off=5400 br=2000
frame 153: send=0x0 get=0x0 len=3147 coding=1 startqp=0 meanqp=0 picbytes=0 pskip=0 nalus=1 n1:3147
  snapshot f153: 3 venc_ko blocks (pool0 0x73801000 len 0x10000)
src frame 154: srcf=20 off=5400 br=2000
frame 154: send=0x0 get=0x0 len=3484 coding=1 startqp=0 meanqp=0 picbytes=0 pskip=0 nalus=1 n1:3484
  snapshot f154: 3 venc_ko blocks (pool0 0x73801000 len 0x10000)
src frame 155: srcf=19 off=5400 br=2000
frame 155: send=0x0 get=0x0 len=3375 coding=1 startqp=0 meanqp=0 picbytes=0 pskip=0 nalus=1 n1:3375
  snapshot f155: 3 venc_ko blocks (pool0 0x73801000 len 0x10000)
src frame 156: srcf=18 off=5400 br=2000
frame 156: send=0x0 get=0x0 len=3177 coding=1 startqp=0 meanqp=0 picbytes=0 pskip=0 nalus=1 n1:3177
  snapshot f156: 3 venc_ko blocks (pool0 0x73801000 len 0x10000)
src frame 157: srcf=17 off=5400 br=2000
frame 157: send=0x0 get=0x0 len=3394 coding=1 startqp=0 meanqp=0 picbytes=0 pskip=0 nalus=1 n1:3394
  snapshot f157: 3 venc_ko blocks (pool0 0x73801000 len 0x10000)
src frame 158: srcf=16 off=5400 br=2000
frame 158: send=0x0 get=0x0 len=3287 coding=1 startqp=0 meanqp=0 picbytes=0 pskip=0 nalus=1 n1:3287
  snapshot f158: 3 venc_ko blocks (pool0 0x73801000 len 0x10000)
src frame 159: srcf=15 off=5400 br=2000
frame 159: send=0x0 get=0x0 len=2859 coding=1 startqp=0 meanqp=0 picbytes=0 pskip=0 nalus=1 n1:2859
  snapshot f159: 3 venc_ko blocks (pool0 0x73801000 len 0x10000)
src frame 160: srcf=14 off=5400 br=2000
frame 160: send=0x0 get=0x0 len=3432 coding=1 startqp=0 meanqp=0 picbytes=0 pskip=0 nalus=1 n1:3432
  snapshot f160: 3 venc_ko blocks (pool0 0x73801000 len 0x10000)
src frame 161: srcf=13 off=5400 br=2000
frame 161: send=0x0 get=0x0 len=3248 coding=1 startqp=0 meanqp=0 picbytes=0 pskip=0 nalus=1 n1:3248
  snapshot f161: 3 venc_ko blocks (pool0 0x73801000 len 0x10000)
src frame 162: srcf=12 off=5400 br=2000
frame 162: send=0x0 get=0x0 len=3338 coding=1 startqp=0 meanqp=0 picbytes=0 pskip=0 nalus=1 n1:3338
  snapshot f162: 3 venc_ko blocks (pool0 0x73801000 len 0x10000)
src frame 163: srcf=11 off=5400 br=2000
frame 163: send=0x0 get=0x0 len=3313 coding=1 startqp=0 meanqp=0 picbytes=0 pskip=0 nalus=1 n1:3313
  snapshot f163: 3 venc_ko blocks (pool0 0x73801000 len 0x10000)
src frame 164: srcf=10 off=5400 br=2000
frame 164: send=0x0 get=0x0 len=3460 coding=1 startqp=0 meanqp=0 picbytes=0 pskip=0 nalus=1 n1:3460
  snapshot f164: 3 venc_ko blocks (pool0 0x73801000 len 0x10000)
src frame 165: srcf=9 off=5940 br=2000
frame 165: send=0x0 get=0x0 len=19745 coding=1 startqp=0 meanqp=0 picbytes=0 pskip=0 nalus=1 n1:19745
  snapshot f165: 3 venc_ko blocks (pool0 0x73801000 len 0x10000)
src frame 166: srcf=8 off=5940 br=2000
frame 166: send=0x0 get=0x0 len=2515 coding=1 startqp=0 meanqp=0 picbytes=0 pskip=0 nalus=1 n1:2515
  snapshot f166: 3 venc_ko blocks (pool0 0x73801000 len 0x10000)
src frame 167: srcf=7 off=5940 br=2000
frame 167: send=0x0 get=0x0 len=2587 coding=1 startqp=0 meanqp=0 picbytes=0 pskip=0 nalus=1 n1:2587
  snapshot f167: 3 venc_ko blocks (pool0 0x73801000 len 0x10000)
src frame 168: srcf=6 off=5940 br=2000
frame 168: send=0x0 get=0x0 len=2357 coding=1 startqp=0 meanqp=0 picbytes=0 pskip=0 nalus=1 n1:2357
  snapshot f168: 3 venc_ko blocks (pool0 0x73801000 len 0x10000)
src frame 169: srcf=5 off=5940 br=2000
frame 169: send=0x0 get=0x0 len=2580 coding=1 startqp=0 meanqp=0 picbytes=0 pskip=0 nalus=1 n1:2580
  snapshot f169: 3 venc_ko blocks (pool0 0x73801000 len 0x10000)
src frame 170: srcf=4 off=5940 br=2000
frame 170: send=0x0 get=0x0 len=2417 coding=1 startqp=0 meanqp=0 picbytes=0 pskip=0 nalus=1 n1:2417
  snapshot f170: 3 venc_ko blocks (pool0 0x73801000 len 0x10000)
src frame 171: srcf=3 off=5940 br=2000
frame 171: send=0x0 get=0x0 len=2331 coding=1 startqp=0 meanqp=0 picbytes=0 pskip=0 nalus=1 n1:2331
  snapshot f171: 3 venc_ko blocks (pool0 0x73801000 len 0x10000)
src frame 172: srcf=2 off=5940 br=2000
frame 172: send=0x0 get=0x0 len=2316 coding=1 startqp=0 meanqp=0 picbytes=0 pskip=0 nalus=1 n1:2316
  snapshot f172: 3 venc_ko blocks (pool0 0x73801000 len 0x10000)
src frame 173: srcf=1 off=5940 br=2000
frame 173: send=0x0 get=0x0 len=2327 coding=1 startqp=0 meanqp=0 picbytes=0 pskip=0 nalus=1 n1:2327
  snapshot f173: 3 venc_ko blocks (pool0 0x73801000 len 0x10000)
src frame 174: srcf=0 off=5940 br=2000
frame 174: send=0x0 get=0x0 len=2271 coding=1 startqp=0 meanqp=0 picbytes=0 pskip=0 nalus=1 n1:2271
  snapshot f174: 3 venc_ko blocks (pool0 0x73801000 len 0x10000)
src frame 175: srcf=1 off=5940 br=2000
frame 175: send=0x0 get=0x0 len=2166 coding=1 startqp=0 meanqp=0 picbytes=0 pskip=0 nalus=1 n1:2166
  snapshot f175: 3 venc_ko blocks (pool0 0x73801000 len 0x10000)
src frame 176: srcf=2 off=5940 br=2000
frame 176: send=0x0 get=0x0 len=2329 coding=1 startqp=0 meanqp=0 picbytes=0 pskip=0 nalus=1 n1:2329
  snapshot f176: 3 venc_ko blocks (pool0 0x73801000 len 0x10000)
src frame 177: srcf=3 off=5940 br=2000
frame 177: send=0x0 get=0x0 len=2294 coding=1 startqp=0 meanqp=0 picbytes=0 pskip=0 nalus=1 n1:2294
  snapshot f177: 3 venc_ko blocks (pool0 0x73801000 len 0x10000)
src frame 178: srcf=4 off=5940 br=2000
frame 178: send=0x0 get=0x0 len=2270 coding=1 startqp=0 meanqp=0 picbytes=0 pskip=0 nalus=1 n1:2270
  snapshot f178: 3 venc_ko blocks (pool0 0x73801000 len 0x10000)
src frame 179: srcf=5 off=5940 br=2000
frame 179: send=0x0 get=0x0 len=2142 coding=1 startqp=0 meanqp=0 picbytes=0 pskip=0 nalus=1 n1:2142
  snapshot f179: 3 venc_ko blocks (pool0 0x73801000 len 0x10000)
src frame 180: srcf=6 off=6480 br=2000
frame 180: send=0x0 get=0x0 len=32594 coding=0 startqp=0 meanqp=0 picbytes=0 pskip=0 nalus=3 n7:32 n8:9 n5:32553
  snapshot f180: 3 venc_ko blocks (pool0 0x73801000 len 0x10000)
src frame 181: srcf=7 off=6480 br=2000
frame 181: send=0x0 get=0x0 len=2608 coding=1 startqp=0 meanqp=0 picbytes=0 pskip=0 nalus=1 n1:2608
  snapshot f181: 3 venc_ko blocks (pool0 0x73801000 len 0x10000)
src frame 182: srcf=8 off=6480 br=2000
frame 182: send=0x0 get=0x0 len=2720 coding=1 startqp=0 meanqp=0 picbytes=0 pskip=0 nalus=1 n1:2720
  snapshot f182: 3 venc_ko blocks (pool0 0x73801000 len 0x10000)
src frame 183: srcf=9 off=6480 br=2000
frame 183: send=0x0 get=0x0 len=2609 coding=1 startqp=0 meanqp=0 picbytes=0 pskip=0 nalus=1 n1:2609
  snapshot f183: 3 venc_ko blocks (pool0 0x73801000 len 0x10000)
src frame 184: srcf=10 off=6480 br=2000
frame 184: send=0x0 get=0x0 len=2641 coding=1 startqp=0 meanqp=0 picbytes=0 pskip=0 nalus=1 n1:2641
  snapshot f184: 3 venc_ko blocks (pool0 0x73801000 len 0x10000)
src frame 185: srcf=11 off=6480 br=2000
frame 185: send=0x0 get=0x0 len=2681 coding=1 startqp=0 meanqp=0 picbytes=0 pskip=0 nalus=1 n1:2681
  snapshot f185: 3 venc_ko blocks (pool0 0x73801000 len 0x10000)
src frame 186: srcf=12 off=6480 br=2000
frame 186: send=0x0 get=0x0 len=2504 coding=1 startqp=0 meanqp=0 picbytes=0 pskip=0 nalus=1 n1:2504
  snapshot f186: 3 venc_ko blocks (pool0 0x73801000 len 0x10000)
src frame 187: srcf=13 off=6480 br=2000
frame 187: send=0x0 get=0x0 len=2712 coding=1 startqp=0 meanqp=0 picbytes=0 pskip=0 nalus=1 n1:2712
  snapshot f187: 3 venc_ko blocks (pool0 0x73801000 len 0x10000)
src frame 188: srcf=14 off=6480 br=2000
frame 188: send=0x0 get=0x0 len=2664 coding=1 startqp=0 meanqp=0 picbytes=0 pskip=0 nalus=1 n1:2664
  snapshot f188: 3 venc_ko blocks (pool0 0x73801000 len 0x10000)
src frame 189: srcf=15 off=6480 br=2000
frame 189: send=0x0 get=0x0 len=2686 coding=1 startqp=0 meanqp=0 picbytes=0 pskip=0 nalus=1 n1:2686
  snapshot f189: 3 venc_ko blocks (pool0 0x73801000 len 0x10000)
src frame 190: srcf=16 off=6480 br=2000
frame 190: send=0x0 get=0x0 len=2398 coding=1 startqp=0 meanqp=0 picbytes=0 pskip=0 nalus=1 n1:2398
  snapshot f190: 3 venc_ko blocks (pool0 0x73801000 len 0x10000)
src frame 191: srcf=17 off=6480 br=2000
frame 191: send=0x0 get=0x0 len=2648 coding=1 startqp=0 meanqp=0 picbytes=0 pskip=0 nalus=1 n1:2648
  snapshot f191: 3 venc_ko blocks (pool0 0x73801000 len 0x10000)
src frame 192: srcf=18 off=6480 br=2000
frame 192: send=0x0 get=0x0 len=2624 coding=1 startqp=0 meanqp=0 picbytes=0 pskip=0 nalus=1 n1:2624
  snapshot f192: 3 venc_ko blocks (pool0 0x73801000 len 0x10000)
src frame 193: srcf=19 off=6480 br=2000
frame 193: send=0x0 get=0x0 len=2593 coding=1 startqp=0 meanqp=0 picbytes=0 pskip=0 nalus=1 n1:2593
  snapshot f193: 3 venc_ko blocks (pool0 0x73801000 len 0x10000)
src frame 194: srcf=20 off=6480 br=2000
frame 194: send=0x0 get=0x0 len=2570 coding=1 startqp=0 meanqp=0 picbytes=0 pskip=0 nalus=1 n1:2570
  snapshot f194: 3 venc_ko blocks (pool0 0x73801000 len 0x10000)
src frame 195: srcf=21 off=7020 br=2000
frame 195: send=0x0 get=0x0 len=16573 coding=1 startqp=0 meanqp=0 picbytes=0 pskip=0 nalus=1 n1:16573
  snapshot f195: 3 venc_ko blocks (pool0 0x73801000 len 0x10000)
src frame 196: srcf=22 off=7020 br=2000
frame 196: send=0x0 get=0x0 len=2998 coding=1 startqp=0 meanqp=0 picbytes=0 pskip=0 nalus=1 n1:2998
  snapshot f196: 3 venc_ko blocks (pool0 0x73801000 len 0x10000)
src frame 197: srcf=23 off=7020 br=2000
frame 197: send=0x0 get=0x0 len=2890 coding=1 startqp=0 meanqp=0 picbytes=0 pskip=0 nalus=1 n1:2890
  snapshot f197: 3 venc_ko blocks (pool0 0x73801000 len 0x10000)
src frame 198: srcf=24 off=7020 br=2000
frame 198: send=0x0 get=0x0 len=2802 coding=1 startqp=0 meanqp=0 picbytes=0 pskip=0 nalus=1 n1:2802
  snapshot f198: 3 venc_ko blocks (pool0 0x73801000 len 0x10000)
src frame 199: srcf=25 off=7020 br=2000
frame 199: send=0x0 get=0x0 len=2849 coding=1 startqp=0 meanqp=0 picbytes=0 pskip=0 nalus=1 n1:2849
  snapshot f199: 3 venc_ko blocks (pool0 0x73801000 len 0x10000)
src frame 200: srcf=26 off=7020 br=2000
frame 200: send=0x0 get=0x0 len=2821 coding=1 startqp=0 meanqp=0 picbytes=0 pskip=0 nalus=1 n1:2821
  snapshot f200: 3 venc_ko blocks (pool0 0x73801000 len 0x10000)
src frame 201: srcf=27 off=7020 br=2000
frame 201: send=0x0 get=0x0 len=2727 coding=1 startqp=0 meanqp=0 picbytes=0 pskip=0 nalus=1 n1:2727
  snapshot f201: 3 venc_ko blocks (pool0 0x73801000 len 0x10000)
src frame 202: srcf=28 off=7020 br=2000
frame 202: send=0x0 get=0x0 len=2747 coding=1 startqp=0 meanqp=0 picbytes=0 pskip=0 nalus=1 n1:2747
  snapshot f202: 3 venc_ko blocks (pool0 0x73801000 len 0x10000)
src frame 203: srcf=29 off=7020 br=2000
frame 203: send=0x0 get=0x0 len=2616 coding=1 startqp=0 meanqp=0 picbytes=0 pskip=0 nalus=1 n1:2616
  snapshot f203: 3 venc_ko blocks (pool0 0x73801000 len 0x10000)
src frame 204: srcf=28 off=7020 br=2000
frame 204: send=0x0 get=0x0 len=3012 coding=1 startqp=0 meanqp=0 picbytes=0 pskip=0 nalus=1 n1:3012
  snapshot f204: 3 venc_ko blocks (pool0 0x73801000 len 0x10000)
src frame 205: srcf=27 off=7020 br=2000
frame 205: send=0x0 get=0x0 len=2795 coding=1 startqp=0 meanqp=0 picbytes=0 pskip=0 nalus=1 n1:2795
  snapshot f205: 3 venc_ko blocks (pool0 0x73801000 len 0x10000)
src frame 206: srcf=26 off=7020 br=2000
frame 206: send=0x0 get=0x0 len=2765 coding=1 startqp=0 meanqp=0 picbytes=0 pskip=0 nalus=1 n1:2765
  snapshot f206: 3 venc_ko blocks (pool0 0x73801000 len 0x10000)
src frame 207: srcf=25 off=7020 br=2000
frame 207: send=0x0 get=0x0 len=2842 coding=1 startqp=0 meanqp=0 picbytes=0 pskip=0 nalus=1 n1:2842
  snapshot f207: 3 venc_ko blocks (pool0 0x73801000 len 0x10000)
src frame 208: srcf=24 off=7020 br=2000
frame 208: send=0x0 get=0x0 len=2835 coding=1 startqp=0 meanqp=0 picbytes=0 pskip=0 nalus=1 n1:2835
  snapshot f208: 3 venc_ko blocks (pool0 0x73801000 len 0x10000)
src frame 209: srcf=23 off=7020 br=2000
frame 209: send=0x0 get=0x0 len=2617 coding=1 startqp=0 meanqp=0 picbytes=0 pskip=0 nalus=1 n1:2617
  snapshot f209: 3 venc_ko blocks (pool0 0x73801000 len 0x10000)
src frame 210: srcf=22 off=7560 br=2000
frame 210: send=0x0 get=0x0 len=32594 coding=0 startqp=0 meanqp=0 picbytes=0 pskip=0 nalus=3 n7:32 n8:9 n5:32553
  snapshot f210: 3 venc_ko blocks (pool0 0x73801000 len 0x10000)
src frame 211: srcf=21 off=7560 br=2000
frame 211: send=0x0 get=0x0 len=3640 coding=1 startqp=0 meanqp=0 picbytes=0 pskip=0 nalus=1 n1:3640
  snapshot f211: 3 venc_ko blocks (pool0 0x73801000 len 0x10000)
src frame 212: srcf=20 off=7560 br=2000
frame 212: send=0x0 get=0x0 len=3405 coding=1 startqp=0 meanqp=0 picbytes=0 pskip=0 nalus=1 n1:3405
  snapshot f212: 3 venc_ko blocks (pool0 0x73801000 len 0x10000)
src frame 213: srcf=19 off=7560 br=2000
frame 213: send=0x0 get=0x0 len=3141 coding=1 startqp=0 meanqp=0 picbytes=0 pskip=0 nalus=1 n1:3141
  snapshot f213: 3 venc_ko blocks (pool0 0x73801000 len 0x10000)
src frame 214: srcf=18 off=7560 br=2000
frame 214: send=0x0 get=0x0 len=3495 coding=1 startqp=0 meanqp=0 picbytes=0 pskip=0 nalus=1 n1:3495
  snapshot f214: 3 venc_ko blocks (pool0 0x73801000 len 0x10000)
src frame 215: srcf=17 off=7560 br=2000
frame 215: send=0x0 get=0x0 len=3351 coding=1 startqp=0 meanqp=0 picbytes=0 pskip=0 nalus=1 n1:3351
  snapshot f215: 3 venc_ko blocks (pool0 0x73801000 len 0x10000)
src frame 216: srcf=16 off=7560 br=2000
frame 216: send=0x0 get=0x0 len=3086 coding=1 startqp=0 meanqp=0 picbytes=0 pskip=0 nalus=1 n1:3086
  snapshot f216: 3 venc_ko blocks (pool0 0x73801000 len 0x10000)
src frame 217: srcf=15 off=7560 br=2000
frame 217: send=0x0 get=0x0 len=3292 coding=1 startqp=0 meanqp=0 picbytes=0 pskip=0 nalus=1 n1:3292
  snapshot f217: 3 venc_ko blocks (pool0 0x73801000 len 0x10000)
src frame 218: srcf=14 off=7560 br=2000
frame 218: send=0x0 get=0x0 len=3353 coding=1 startqp=0 meanqp=0 picbytes=0 pskip=0 nalus=1 n1:3353
  snapshot f218: 3 venc_ko blocks (pool0 0x73801000 len 0x10000)
src frame 219: srcf=13 off=7560 br=2000
frame 219: send=0x0 get=0x0 len=3087 coding=1 startqp=0 meanqp=0 picbytes=0 pskip=0 nalus=1 n1:3087
  snapshot f219: 3 venc_ko blocks (pool0 0x73801000 len 0x10000)
src frame 220: srcf=12 off=7560 br=2000
frame 220: send=0x0 get=0x0 len=3390 coding=1 startqp=0 meanqp=0 picbytes=0 pskip=0 nalus=1 n1:3390
  snapshot f220: 3 venc_ko blocks (pool0 0x73801000 len 0x10000)
src frame 221: srcf=11 off=7560 br=2000
frame 221: send=0x0 get=0x0 len=3298 coding=1 startqp=0 meanqp=0 picbytes=0 pskip=0 nalus=1 n1:3298
  snapshot f221: 3 venc_ko blocks (pool0 0x73801000 len 0x10000)
src frame 222: srcf=10 off=7560 br=2000
frame 222: send=0x0 get=0x0 len=3102 coding=1 startqp=0 meanqp=0 picbytes=0 pskip=0 nalus=1 n1:3102
  snapshot f222: 3 venc_ko blocks (pool0 0x73801000 len 0x10000)
src frame 223: srcf=9 off=7560 br=2000
frame 223: send=0x0 get=0x0 len=3391 coding=1 startqp=0 meanqp=0 picbytes=0 pskip=0 nalus=1 n1:3391
  snapshot f223: 3 venc_ko blocks (pool0 0x73801000 len 0x10000)
src frame 224: srcf=8 off=7560 br=2000
frame 224: send=0x0 get=0x0 len=3222 coding=1 startqp=0 meanqp=0 picbytes=0 pskip=0 nalus=1 n1:3222
  snapshot f224: 3 venc_ko blocks (pool0 0x73801000 len 0x10000)
src frame 225: srcf=7 off=8100 br=2000
frame 225: send=0x0 get=0x0 len=21524 coding=1 startqp=0 meanqp=0 picbytes=0 pskip=0 nalus=1 n1:21524
  snapshot f225: 3 venc_ko blocks (pool0 0x73801000 len 0x10000)
src frame 226: srcf=6 off=8100 br=2000
frame 226: send=0x0 get=0x0 len=2452 coding=1 startqp=0 meanqp=0 picbytes=0 pskip=0 nalus=1 n1:2452
  snapshot f226: 3 venc_ko blocks (pool0 0x73801000 len 0x10000)
src frame 227: srcf=5 off=8100 br=2000
frame 227: send=0x0 get=0x0 len=2599 coding=1 startqp=0 meanqp=0 picbytes=0 pskip=0 nalus=1 n1:2599
  snapshot f227: 3 venc_ko blocks (pool0 0x73801000 len 0x10000)
src frame 228: srcf=4 off=8100 br=2000
frame 228: send=0x0 get=0x0 len=2277 coding=1 startqp=0 meanqp=0 picbytes=0 pskip=0 nalus=1 n1:2277
  snapshot f228: 3 venc_ko blocks (pool0 0x73801000 len 0x10000)
src frame 229: srcf=3 off=8100 br=2000
frame 229: send=0x0 get=0x0 len=2289 coding=1 startqp=0 meanqp=0 picbytes=0 pskip=0 nalus=1 n1:2289
  snapshot f229: 3 venc_ko blocks (pool0 0x73801000 len 0x10000)
src frame 230: srcf=2 off=8100 br=2000
frame 230: send=0x0 get=0x0 len=2243 coding=1 startqp=0 meanqp=0 picbytes=0 pskip=0 nalus=1 n1:2243
  snapshot f230: 3 venc_ko blocks (pool0 0x73801000 len 0x10000)
src frame 231: srcf=1 off=8100 br=2000
frame 231: send=0x0 get=0x0 len=2325 coding=1 startqp=0 meanqp=0 picbytes=0 pskip=0 nalus=1 n1:2325
  snapshot f231: 3 venc_ko blocks (pool0 0x73801000 len 0x10000)
src frame 232: srcf=0 off=8100 br=2000
frame 232: send=0x0 get=0x0 len=2311 coding=1 startqp=0 meanqp=0 picbytes=0 pskip=0 nalus=1 n1:2311
  snapshot f232: 3 venc_ko blocks (pool0 0x73801000 len 0x10000)
src frame 233: srcf=1 off=8100 br=2000
frame 233: send=0x0 get=0x0 len=2205 coding=1 startqp=0 meanqp=0 picbytes=0 pskip=0 nalus=1 n1:2205
  snapshot f233: 3 venc_ko blocks (pool0 0x73801000 len 0x10000)
src frame 234: srcf=2 off=8100 br=2000
frame 234: send=0x0 get=0x0 len=2177 coding=1 startqp=0 meanqp=0 picbytes=0 pskip=0 nalus=1 n1:2177
  snapshot f234: 3 venc_ko blocks (pool0 0x73801000 len 0x10000)
src frame 235: srcf=3 off=8100 br=2000
frame 235: send=0x0 get=0x0 len=2158 coding=1 startqp=0 meanqp=0 picbytes=0 pskip=0 nalus=1 n1:2158
  snapshot f235: 3 venc_ko blocks (pool0 0x73801000 len 0x10000)
src frame 236: srcf=4 off=8100 br=2000
frame 236: send=0x0 get=0x0 len=2150 coding=1 startqp=0 meanqp=0 picbytes=0 pskip=0 nalus=1 n1:2150
  snapshot f236: 3 venc_ko blocks (pool0 0x73801000 len 0x10000)
src frame 237: srcf=5 off=8100 br=2000
frame 237: send=0x0 get=0x0 len=2171 coding=1 startqp=0 meanqp=0 picbytes=0 pskip=0 nalus=1 n1:2171
  snapshot f237: 3 venc_ko blocks (pool0 0x73801000 len 0x10000)
src frame 238: srcf=6 off=8100 br=2000
frame 238: send=0x0 get=0x0 len=2257 coding=1 startqp=0 meanqp=0 picbytes=0 pskip=0 nalus=1 n1:2257
  snapshot f238: 3 venc_ko blocks (pool0 0x73801000 len 0x10000)
src frame 239: srcf=7 off=8100 br=2000
frame 239: send=0x0 get=0x0 len=2195 coding=1 startqp=0 meanqp=0 picbytes=0 pskip=0 nalus=1 n1:2195
  snapshot f239: 3 venc_ko blocks (pool0 0x73801000 len 0x10000)
---- /proc/ax_proc/venc ----
-------- VENC VERSION ------------------------
[Axera version]: ax_venc V3.0.0_20250319114413 Mar 19 2025 11:58:34 JK

-------- MODULE PARAM ------------------------
MaxChnNum   MaxRoiNum   MaxProcNum  
16          8           16          

-------- VENC CHN ATTR 1 ------------------------
ID    Type    wSrc    hSrc    Strd0   Strd1   maxW    maxH    PixFmt  link  InFifoDep    OutFifoDep   InDbgFifoLen InDbgFifoDep StrmBufSize(KB)
7     h264    1920    1080    3840    0       1920    1080    YUYV422 N     2            2            0            4            4114      
-------- VENC CHN ATTR 2 ------------------------
ID    [CropEn StartX  StartY  CropW   CropH]  Rotation  EncW    EncH    FrmSize      PTS          SeqNum       CompMode     CompLevel    PhyAddr0     PhyAddr1     PhyAddr2     
7     N       0       0       0       0       0         1920    1080    4147200      3266666      197          NONE         0            742d1000     0            0            
-------- VENC RC ATTR 1 ------------------------
ID    RcMode    SrcFr   DstFr   Br(kbps)  MinQp   MaxQp   MinIQp  MaxIQp  IQpDelta  IpropMax   IpropMin   StartQp    QpDltRng   DeBrQpDlt  SvcEn   ChgPos  StillPercent MaxStillQp 
7     CBR       60.00   60.00   2000      10      51      10      51      0         40         10         -1         2          0          False   -       -            -          
-------- VENC RC ATTR 2  -----------------------
ID    QMapQpType  QMapUnit    QMapBlkType IQp   PQp   MinQpDelta MaxQpDelta MaxBitRate shtStaTime ltStaTime  ltMinBr  ltMaxBr  Br_ST(kbps)    Br_LT(kbps)    
7     N/A         64x64       N/A         -     -     -          -          -          -          -          -        -        -              -              
-------- VENC GOP ATTR  ------------------------
ID    GopMode   Gop   GopVI 
7     NormalP   30    0     
-------- VENC STATUS 1 -------------------------
ID    RJEn         RJThr(bps)   RJMode       RJEncGaps    SupFrmEn     SupPri       SupThrI      SupThrP      SplitEn      SliceNum     Range(In)    Range(out)   
7     N            0            Normal       0            N            0            500000       500000       N            0            Full         Full         
-------- VENC STATUS 2 -------------------------
ID    ChnStat   FrmRecv   FrmRls    FrmEnc    FrmDrop   FrmDup    EncFail   MissMatch StrmGet   StrmRls   OutFps    RealBr    ReEncCnt  DropCnt   BlkFail   GrpID     PID     TID     ThNum   RefInc    RefDec    Fail1   Fail2   Fail3   Fail4   
7     STARTED   198       197       197       0         0         0         0         197       197       50.00     1803.81   0         0         0         -1        130463  130467  1       198       197       0       0       0       0       
-------- VENC HW STATUS  ------------------------
ID    OverFlow     TimeOut      
7     0            0            
-------- VENC ROI INFO  ------------------------
ID    Index        bEnable      bAbsQp       RoiQP        Width        Height       StartX       StartY       
done h264_jump15_cbr2000
rc=0
== h264_jump15_cbr2000: codec=h264 rc=cbr br=2000 fps=60 gop=30 frames=240 total=1013327 B achieved=2027 kbps
I frames (frame:qp/bytes): 0:37/22260 30:35/25740 60:35/25740 90:33/29019 120:31/32594 150:31/32594 180:31/32594 210:31/32594
first P after each I (frame:qp): 1:40 31:38 61:38 91:36 121:34 151:34 181:34 211:34
per-GOP: gop#: kbps I_qp P_qp[min..max] P_qp_last
  0: 1936 kbps I=[37] P=[35..40] last=38 n=30
  1: 2062 kbps I=[35] P=[33..39] last=38 n=30
  2: 1990 kbps I=[35] P=[33..39] last=37 n=30
  3: 2060 kbps I=[33] P=[31..36] last=35 n=30
  4: 1942 kbps I=[31] P=[32..36] last=36 n=30
  5: 2107 kbps I=[31] P=[30..35] last=35 n=30
  6: 2002 kbps I=[31] P=[32..37] last=36 n=30
  7: 2115 kbps I=[31] P=[29..34] last=34 n=30
P->P QP step histogram: -2:6 -1:28 +0:152 +1:35 +2:3
I->firstP QP delta: +3 +3 +3 +3 +3 +3 +3 +3
sw7 frame-QP == slice QP: 240/240 frames with a program agree; mismatches at []
slot flags: {'': 240}
sw105-107 distinct (I): [('0x6b6c0', '0x6b6c0', '0x6b6c0'), ('0x8cd8f', '0x8cd8f', '0x8cd8f'), ('0x8d30f', '0x8d30f', '0x8d30f'), ('0x8d87e', '0x8d87e', '0x8d87e')]
sw172/173 distinct: [('0x14f', '0x662'), ('0x14f', '0x66a')]
sw6 distinct (I / P): ['0x3'] ['0x3']
=== h264_jump1_cbr8000: codec=h264 rc=cbr br=8000 nframes=240 src=/root/rc65/clips/static.yuyv motion=jump mstep=1
# vdrive tag=h264_jump1_cbr8000 codec=h264 1920x1080 rc=cbr br=8000 fps=60/60 gop=30 gopmode=normalp ltrint=0 ltrqpo=0 iqp=32 pqp=32 profile=10 level=51 tier=0 qp[10..51] iqp[10..51] iqd=0 firstqp=-1 iprop[10..40] idrrange=2 stattime=1 vq=0 ir=0/0 slice=0 debreath=0 scd=-1 rowqpd=-1 vui=-1 move=0 nframes=240
src=/root/rc65/clips/static.yuyv frames=30 loop=pingpong motion=jump mstep=1 window=0..-1
AX_SYS_Init rc=0x0
AX_VENC_Init rc=0x0
AX_VENC_CreateChn(7) rc=0x0
StartRecvFrame rc=0x0
AX_POOL_CreatePool id=0x0
blk=0x5e000000 phys=0x742d1000 virt=0xffffa6fa5000
frame: modid=0x11 stride=1920 fmt=0xd
  snapshot pre: 3 venc_ko blocks (pool0 0x73801000 len 0x10000)
src frame 0: srcf=0 off=0 br=8000
frame 0: send=0x0 get=0x0 len=30842 coding=0 startqp=0 meanqp=0 picbytes=0 pskip=0 nalus=3 n7:32 n8:8 n5:30802
  snapshot f000: 3 venc_ko blocks (pool0 0x73801000 len 0x10000)
src frame 1: srcf=1 off=540 br=8000
frame 1: send=0x0 get=0x0 len=18817 coding=1 startqp=0 meanqp=0 picbytes=0 pskip=0 nalus=1 n1:18817
  snapshot f001: 3 venc_ko blocks (pool0 0x73801000 len 0x10000)
src frame 2: srcf=2 off=1080 br=8000
frame 2: send=0x0 get=0x0 len=13123 coding=1 startqp=0 meanqp=0 picbytes=0 pskip=0 nalus=1 n1:13123
  snapshot f002: 3 venc_ko blocks (pool0 0x73801000 len 0x10000)
src frame 3: srcf=3 off=1620 br=8000
frame 3: send=0x0 get=0x0 len=18617 coding=1 startqp=0 meanqp=0 picbytes=0 pskip=0 nalus=1 n1:18617
  snapshot f003: 3 venc_ko blocks (pool0 0x73801000 len 0x10000)
src frame 4: srcf=4 off=2160 br=8000
frame 4: send=0x0 get=0x0 len=14355 coding=1 startqp=0 meanqp=0 picbytes=0 pskip=0 nalus=1 n1:14355
  snapshot f004: 3 venc_ko blocks (pool0 0x73801000 len 0x10000)
src frame 5: srcf=5 off=2700 br=8000
frame 5: send=0x0 get=0x0 len=18399 coding=1 startqp=0 meanqp=0 picbytes=0 pskip=0 nalus=1 n1:18399
  snapshot f005: 3 venc_ko blocks (pool0 0x73801000 len 0x10000)
src frame 6: srcf=6 off=3240 br=8000
frame 6: send=0x0 get=0x0 len=12130 coding=1 startqp=0 meanqp=0 picbytes=0 pskip=0 nalus=1 n1:12130
  snapshot f006: 3 venc_ko blocks (pool0 0x73801000 len 0x10000)
src frame 7: srcf=7 off=3780 br=8000
frame 7: send=0x0 get=0x0 len=18590 coding=1 startqp=0 meanqp=0 picbytes=0 pskip=0 nalus=1 n1:18590
  snapshot f007: 3 venc_ko blocks (pool0 0x73801000 len 0x10000)
src frame 8: srcf=8 off=4320 br=8000
frame 8: send=0x0 get=0x0 len=12360 coding=1 startqp=0 meanqp=0 picbytes=0 pskip=0 nalus=1 n1:12360
  snapshot f008: 3 venc_ko blocks (pool0 0x73801000 len 0x10000)
src frame 9: srcf=9 off=4860 br=8000
frame 9: send=0x0 get=0x0 len=18035 coding=1 startqp=0 meanqp=0 picbytes=0 pskip=0 nalus=1 n1:18035
  snapshot f009: 3 venc_ko blocks (pool0 0x73801000 len 0x10000)
src frame 10: srcf=10 off=5400 br=8000
frame 10: send=0x0 get=0x0 len=12363 coding=1 startqp=0 meanqp=0 picbytes=0 pskip=0 nalus=1 n1:12363
  snapshot f010: 3 venc_ko blocks (pool0 0x73801000 len 0x10000)
src frame 11: srcf=11 off=5940 br=8000
frame 11: send=0x0 get=0x0 len=18449 coding=1 startqp=0 meanqp=0 picbytes=0 pskip=0 nalus=1 n1:18449
  snapshot f011: 3 venc_ko blocks (pool0 0x73801000 len 0x10000)
src frame 12: srcf=12 off=6480 br=8000
frame 12: send=0x0 get=0x0 len=12271 coding=1 startqp=0 meanqp=0 picbytes=0 pskip=0 nalus=1 n1:12271
  snapshot f012: 3 venc_ko blocks (pool0 0x73801000 len 0x10000)
src frame 13: srcf=13 off=7020 br=8000
frame 13: send=0x0 get=0x0 len=18661 coding=1 startqp=0 meanqp=0 picbytes=0 pskip=0 nalus=1 n1:18661
  snapshot f013: 3 venc_ko blocks (pool0 0x73801000 len 0x10000)
src frame 14: srcf=14 off=7560 br=8000
frame 14: send=0x0 get=0x0 len=12743 coding=1 startqp=0 meanqp=0 picbytes=0 pskip=0 nalus=1 n1:12743
  snapshot f014: 3 venc_ko blocks (pool0 0x73801000 len 0x10000)
src frame 15: srcf=15 off=8100 br=8000
frame 15: send=0x0 get=0x0 len=18525 coding=1 startqp=0 meanqp=0 picbytes=0 pskip=0 nalus=1 n1:18525
  snapshot f015: 3 venc_ko blocks (pool0 0x73801000 len 0x10000)
src frame 16: srcf=16 off=8640 br=8000
frame 16: send=0x0 get=0x0 len=12405 coding=1 startqp=0 meanqp=0 picbytes=0 pskip=0 nalus=1 n1:12405
  snapshot f016: 3 venc_ko blocks (pool0 0x73801000 len 0x10000)
src frame 17: srcf=17 off=9180 br=8000
frame 17: send=0x0 get=0x0 len=18600 coding=1 startqp=0 meanqp=0 picbytes=0 pskip=0 nalus=1 n1:18600
  snapshot f017: 3 venc_ko blocks (pool0 0x73801000 len 0x10000)
src frame 18: srcf=18 off=9720 br=8000
frame 18: send=0x0 get=0x0 len=12741 coding=1 startqp=0 meanqp=0 picbytes=0 pskip=0 nalus=1 n1:12741
  snapshot f018: 3 venc_ko blocks (pool0 0x73801000 len 0x10000)
src frame 19: srcf=19 off=10260 br=8000
frame 19: send=0x0 get=0x0 len=18637 coding=1 startqp=0 meanqp=0 picbytes=0 pskip=0 nalus=1 n1:18637
  snapshot f019: 3 venc_ko blocks (pool0 0x73801000 len 0x10000)
src frame 20: srcf=20 off=10800 br=8000
frame 20: send=0x0 get=0x0 len=12069 coding=1 startqp=0 meanqp=0 picbytes=0 pskip=0 nalus=1 n1:12069
  snapshot f020: 3 venc_ko blocks (pool0 0x73801000 len 0x10000)
src frame 21: srcf=21 off=11340 br=8000
frame 21: send=0x0 get=0x0 len=18691 coding=1 startqp=0 meanqp=0 picbytes=0 pskip=0 nalus=1 n1:18691
  snapshot f021: 3 venc_ko blocks (pool0 0x73801000 len 0x10000)
src frame 22: srcf=22 off=11880 br=8000
frame 22: send=0x0 get=0x0 len=12435 coding=1 startqp=0 meanqp=0 picbytes=0 pskip=0 nalus=1 n1:12435
  snapshot f022: 3 venc_ko blocks (pool0 0x73801000 len 0x10000)
src frame 23: srcf=23 off=12420 br=8000
frame 23: send=0x0 get=0x0 len=18834 coding=1 startqp=0 meanqp=0 picbytes=0 pskip=0 nalus=1 n1:18834
  snapshot f023: 3 venc_ko blocks (pool0 0x73801000 len 0x10000)
src frame 24: srcf=24 off=12960 br=8000
frame 24: send=0x0 get=0x0 len=13006 coding=1 startqp=0 meanqp=0 picbytes=0 pskip=0 nalus=1 n1:13006
  snapshot f024: 3 venc_ko blocks (pool0 0x73801000 len 0x10000)
src frame 25: srcf=25 off=13500 br=8000
frame 25: send=0x0 get=0x0 len=18769 coding=1 startqp=0 meanqp=0 picbytes=0 pskip=0 nalus=1 n1:18769
  snapshot f025: 3 venc_ko blocks (pool0 0x73801000 len 0x10000)
src frame 26: srcf=26 off=14040 br=8000
frame 26: send=0x0 get=0x0 len=12176 coding=1 startqp=0 meanqp=0 picbytes=0 pskip=0 nalus=1 n1:12176
  snapshot f026: 3 venc_ko blocks (pool0 0x73801000 len 0x10000)
src frame 27: srcf=27 off=14580 br=8000
frame 27: send=0x0 get=0x0 len=18622 coding=1 startqp=0 meanqp=0 picbytes=0 pskip=0 nalus=1 n1:18622
  snapshot f027: 3 venc_ko blocks (pool0 0x73801000 len 0x10000)
src frame 28: srcf=28 off=15120 br=8000
frame 28: send=0x0 get=0x0 len=12762 coding=1 startqp=0 meanqp=0 picbytes=0 pskip=0 nalus=1 n1:12762
  snapshot f028: 3 venc_ko blocks (pool0 0x73801000 len 0x10000)
src frame 29: srcf=29 off=15660 br=8000
frame 29: send=0x0 get=0x0 len=18601 coding=1 startqp=0 meanqp=0 picbytes=0 pskip=0 nalus=1 n1:18601
  snapshot f029: 3 venc_ko blocks (pool0 0x73801000 len 0x10000)
src frame 30: srcf=28 off=16200 br=8000
frame 30: send=0x0 get=0x0 len=30850 coding=0 startqp=0 meanqp=0 picbytes=0 pskip=0 nalus=3 n7:32 n8:8 n5:30810
  snapshot f030: 3 venc_ko blocks (pool0 0x73801000 len 0x10000)
src frame 31: srcf=27 off=16740 br=8000
frame 31: send=0x0 get=0x0 len=19669 coding=1 startqp=0 meanqp=0 picbytes=0 pskip=0 nalus=1 n1:19669
  snapshot f031: 3 venc_ko blocks (pool0 0x73801000 len 0x10000)
src frame 32: srcf=26 off=17280 br=8000
frame 32: send=0x0 get=0x0 len=13374 coding=1 startqp=0 meanqp=0 picbytes=0 pskip=0 nalus=1 n1:13374
  snapshot f032: 3 venc_ko blocks (pool0 0x73801000 len 0x10000)
src frame 33: srcf=25 off=17820 br=8000
frame 33: send=0x0 get=0x0 len=18539 coding=1 startqp=0 meanqp=0 picbytes=0 pskip=0 nalus=1 n1:18539
  snapshot f033: 3 venc_ko blocks (pool0 0x73801000 len 0x10000)
src frame 34: srcf=24 off=18360 br=8000
frame 34: send=0x0 get=0x0 len=13101 coding=1 startqp=0 meanqp=0 picbytes=0 pskip=0 nalus=1 n1:13101
  snapshot f034: 3 venc_ko blocks (pool0 0x73801000 len 0x10000)
src frame 35: srcf=23 off=18900 br=8000
frame 35: send=0x0 get=0x0 len=18818 coding=1 startqp=0 meanqp=0 picbytes=0 pskip=0 nalus=1 n1:18818
  snapshot f035: 3 venc_ko blocks (pool0 0x73801000 len 0x10000)
src frame 36: srcf=22 off=19440 br=8000
frame 36: send=0x0 get=0x0 len=12960 coding=1 startqp=0 meanqp=0 picbytes=0 pskip=0 nalus=1 n1:12960
  snapshot f036: 3 venc_ko blocks (pool0 0x73801000 len 0x10000)
src frame 37: srcf=21 off=19980 br=8000
frame 37: send=0x0 get=0x0 len=18717 coding=1 startqp=0 meanqp=0 picbytes=0 pskip=0 nalus=1 n1:18717
  snapshot f037: 3 venc_ko blocks (pool0 0x73801000 len 0x10000)
src frame 38: srcf=20 off=20520 br=8000
frame 38: send=0x0 get=0x0 len=12423 coding=1 startqp=0 meanqp=0 picbytes=0 pskip=0 nalus=1 n1:12423
  snapshot f038: 3 venc_ko blocks (pool0 0x73801000 len 0x10000)
src frame 39: srcf=19 off=21060 br=8000
frame 39: send=0x0 get=0x0 len=18610 coding=1 startqp=0 meanqp=0 picbytes=0 pskip=0 nalus=1 n1:18610
  snapshot f039: 3 venc_ko blocks (pool0 0x73801000 len 0x10000)
src frame 40: srcf=18 off=21600 br=8000
frame 40: send=0x0 get=0x0 len=12464 coding=1 startqp=0 meanqp=0 picbytes=0 pskip=0 nalus=1 n1:12464
  snapshot f040: 3 venc_ko blocks (pool0 0x73801000 len 0x10000)
src frame 41: srcf=17 off=22140 br=8000
frame 41: send=0x0 get=0x0 len=18919 coding=1 startqp=0 meanqp=0 picbytes=0 pskip=0 nalus=1 n1:18919
  snapshot f041: 3 venc_ko blocks (pool0 0x73801000 len 0x10000)
src frame 42: srcf=16 off=22680 br=8000
frame 42: send=0x0 get=0x0 len=13438 coding=1 startqp=0 meanqp=0 picbytes=0 pskip=0 nalus=1 n1:13438
  snapshot f042: 3 venc_ko blocks (pool0 0x73801000 len 0x10000)
src frame 43: srcf=15 off=23220 br=8000
frame 43: send=0x0 get=0x0 len=18683 coding=1 startqp=0 meanqp=0 picbytes=0 pskip=0 nalus=1 n1:18683
  snapshot f043: 3 venc_ko blocks (pool0 0x73801000 len 0x10000)
src frame 44: srcf=14 off=23760 br=8000
frame 44: send=0x0 get=0x0 len=13304 coding=1 startqp=0 meanqp=0 picbytes=0 pskip=0 nalus=1 n1:13304
  snapshot f044: 3 venc_ko blocks (pool0 0x73801000 len 0x10000)
src frame 45: srcf=13 off=24300 br=8000
frame 45: send=0x0 get=0x0 len=20220 coding=1 startqp=0 meanqp=0 picbytes=0 pskip=0 nalus=1 n1:20220
  snapshot f045: 3 venc_ko blocks (pool0 0x73801000 len 0x10000)
src frame 46: srcf=12 off=24840 br=8000
frame 46: send=0x0 get=0x0 len=14551 coding=1 startqp=0 meanqp=0 picbytes=0 pskip=0 nalus=1 n1:14551
  snapshot f046: 3 venc_ko blocks (pool0 0x73801000 len 0x10000)
src frame 47: srcf=11 off=25380 br=8000
frame 47: send=0x0 get=0x0 len=22918 coding=1 startqp=0 meanqp=0 picbytes=0 pskip=0 nalus=1 n1:22918
  snapshot f047: 3 venc_ko blocks (pool0 0x73801000 len 0x10000)
src frame 48: srcf=10 off=25920 br=8000
frame 48: send=0x0 get=0x0 len=15914 coding=1 startqp=0 meanqp=0 picbytes=0 pskip=0 nalus=1 n1:15914
  snapshot f048: 3 venc_ko blocks (pool0 0x73801000 len 0x10000)
src frame 49: srcf=9 off=26460 br=8000
frame 49: send=0x0 get=0x0 len=21505 coding=1 startqp=0 meanqp=0 picbytes=0 pskip=0 nalus=1 n1:21505
  snapshot f049: 3 venc_ko blocks (pool0 0x73801000 len 0x10000)
src frame 50: srcf=8 off=27000 br=8000
frame 50: send=0x0 get=0x0 len=15992 coding=1 startqp=0 meanqp=0 picbytes=0 pskip=0 nalus=1 n1:15992
  snapshot f050: 3 venc_ko blocks (pool0 0x73801000 len 0x10000)
src frame 51: srcf=7 off=27540 br=8000
frame 51: send=0x0 get=0x0 len=19741 coding=1 startqp=0 meanqp=0 picbytes=0 pskip=0 nalus=1 n1:19741
  snapshot f051: 3 venc_ko blocks (pool0 0x73801000 len 0x10000)
src frame 52: srcf=6 off=28080 br=8000
frame 52: send=0x0 get=0x0 len=14663 coding=1 startqp=0 meanqp=0 picbytes=0 pskip=0 nalus=1 n1:14663
  snapshot f052: 3 venc_ko blocks (pool0 0x73801000 len 0x10000)
src frame 53: srcf=5 off=28620 br=8000
frame 53: send=0x0 get=0x0 len=19902 coding=1 startqp=0 meanqp=0 picbytes=0 pskip=0 nalus=1 n1:19902
  snapshot f053: 3 venc_ko blocks (pool0 0x73801000 len 0x10000)
src frame 54: srcf=4 off=29160 br=8000
frame 54: send=0x0 get=0x0 len=14357 coding=1 startqp=0 meanqp=0 picbytes=0 pskip=0 nalus=1 n1:14357
  snapshot f054: 3 venc_ko blocks (pool0 0x73801000 len 0x10000)
src frame 55: srcf=3 off=29700 br=8000
frame 55: send=0x0 get=0x0 len=19707 coding=1 startqp=0 meanqp=0 picbytes=0 pskip=0 nalus=1 n1:19707
  snapshot f055: 3 venc_ko blocks (pool0 0x73801000 len 0x10000)
src frame 56: srcf=2 off=30240 br=8000
frame 56: send=0x0 get=0x0 len=14277 coding=1 startqp=0 meanqp=0 picbytes=0 pskip=0 nalus=1 n1:14277
  snapshot f056: 3 venc_ko blocks (pool0 0x73801000 len 0x10000)
src frame 57: srcf=1 off=30780 br=8000
frame 57: send=0x0 get=0x0 len=19264 coding=1 startqp=0 meanqp=0 picbytes=0 pskip=0 nalus=1 n1:19264
  snapshot f057: 3 venc_ko blocks (pool0 0x73801000 len 0x10000)
src frame 58: srcf=0 off=31320 br=8000
frame 58: send=0x0 get=0x0 len=13639 coding=1 startqp=0 meanqp=0 picbytes=0 pskip=0 nalus=1 n1:13639
  snapshot f058: 3 venc_ko blocks (pool0 0x73801000 len 0x10000)
src frame 59: srcf=1 off=31860 br=8000
frame 59: send=0x0 get=0x0 len=16890 coding=1 startqp=0 meanqp=0 picbytes=0 pskip=0 nalus=1 n1:16890
  snapshot f059: 3 venc_ko blocks (pool0 0x73801000 len 0x10000)
src frame 60: srcf=2 off=32400 br=8000
frame 60: send=0x0 get=0x0 len=30850 coding=0 startqp=0 meanqp=0 picbytes=0 pskip=0 nalus=3 n7:32 n8:8 n5:30810
  snapshot f060: 3 venc_ko blocks (pool0 0x73801000 len 0x10000)
src frame 61: srcf=3 off=32940 br=8000
frame 61: send=0x0 get=0x0 len=19669 coding=1 startqp=0 meanqp=0 picbytes=0 pskip=0 nalus=1 n1:19669
  snapshot f061: 3 venc_ko blocks (pool0 0x73801000 len 0x10000)
src frame 62: srcf=4 off=33480 br=8000
frame 62: send=0x0 get=0x0 len=12692 coding=1 startqp=0 meanqp=0 picbytes=0 pskip=0 nalus=1 n1:12692
  snapshot f062: 3 venc_ko blocks (pool0 0x73801000 len 0x10000)
src frame 63: srcf=5 off=34020 br=8000
frame 63: send=0x0 get=0x0 len=18657 coding=1 startqp=0 meanqp=0 picbytes=0 pskip=0 nalus=1 n1:18657
  snapshot f063: 3 venc_ko blocks (pool0 0x73801000 len 0x10000)
src frame 64: srcf=6 off=34560 br=8000
frame 64: send=0x0 get=0x0 len=13507 coding=1 startqp=0 meanqp=0 picbytes=0 pskip=0 nalus=1 n1:13507
  snapshot f064: 3 venc_ko blocks (pool0 0x73801000 len 0x10000)
src frame 65: srcf=7 off=35100 br=8000
frame 65: send=0x0 get=0x0 len=20073 coding=1 startqp=0 meanqp=0 picbytes=0 pskip=0 nalus=1 n1:20073
  snapshot f065: 3 venc_ko blocks (pool0 0x73801000 len 0x10000)
src frame 66: srcf=8 off=35640 br=8000
frame 66: send=0x0 get=0x0 len=14647 coding=1 startqp=0 meanqp=0 picbytes=0 pskip=0 nalus=1 n1:14647
  snapshot f066: 3 venc_ko blocks (pool0 0x73801000 len 0x10000)
src frame 67: srcf=9 off=36180 br=8000
frame 67: send=0x0 get=0x0 len=19811 coding=1 startqp=0 meanqp=0 picbytes=0 pskip=0 nalus=1 n1:19811
  snapshot f067: 3 venc_ko blocks (pool0 0x73801000 len 0x10000)
src frame 68: srcf=10 off=36720 br=8000
frame 68: send=0x0 get=0x0 len=14419 coding=1 startqp=0 meanqp=0 picbytes=0 pskip=0 nalus=1 n1:14419
  snapshot f068: 3 venc_ko blocks (pool0 0x73801000 len 0x10000)
src frame 69: srcf=11 off=37260 br=8000
frame 69: send=0x0 get=0x0 len=20295 coding=1 startqp=0 meanqp=0 picbytes=0 pskip=0 nalus=1 n1:20295
  snapshot f069: 3 venc_ko blocks (pool0 0x73801000 len 0x10000)
src frame 70: srcf=12 off=37800 br=8000
frame 70: send=0x0 get=0x0 len=14608 coding=1 startqp=0 meanqp=0 picbytes=0 pskip=0 nalus=1 n1:14608
  snapshot f070: 3 venc_ko blocks (pool0 0x73801000 len 0x10000)
src frame 71: srcf=13 off=38340 br=8000
frame 71: send=0x0 get=0x0 len=19874 coding=1 startqp=0 meanqp=0 picbytes=0 pskip=0 nalus=1 n1:19874
  snapshot f071: 3 venc_ko blocks (pool0 0x73801000 len 0x10000)
src frame 72: srcf=14 off=38880 br=8000
frame 72: send=0x0 get=0x0 len=14471 coding=1 startqp=0 meanqp=0 picbytes=0 pskip=0 nalus=1 n1:14471
  snapshot f072: 3 venc_ko blocks (pool0 0x73801000 len 0x10000)
src frame 73: srcf=15 off=39420 br=8000
frame 73: send=0x0 get=0x0 len=20263 coding=1 startqp=0 meanqp=0 picbytes=0 pskip=0 nalus=1 n1:20263
  snapshot f073: 3 venc_ko blocks (pool0 0x73801000 len 0x10000)
src frame 74: srcf=16 off=39960 br=8000
frame 74: send=0x0 get=0x0 len=14527 coding=1 startqp=0 meanqp=0 picbytes=0 pskip=0 nalus=1 n1:14527
  snapshot f074: 3 venc_ko blocks (pool0 0x73801000 len 0x10000)
src frame 75: srcf=17 off=40500 br=8000
frame 75: send=0x0 get=0x0 len=20171 coding=1 startqp=0 meanqp=0 picbytes=0 pskip=0 nalus=1 n1:20171
  snapshot f075: 3 venc_ko blocks (pool0 0x73801000 len 0x10000)
src frame 76: srcf=18 off=41040 br=8000
frame 76: send=0x0 get=0x0 len=14380 coding=1 startqp=0 meanqp=0 picbytes=0 pskip=0 nalus=1 n1:14380
  snapshot f076: 3 venc_ko blocks (pool0 0x73801000 len 0x10000)
src frame 77: srcf=19 off=41580 br=8000
frame 77: send=0x0 get=0x0 len=19848 coding=1 startqp=0 meanqp=0 picbytes=0 pskip=0 nalus=1 n1:19848
  snapshot f077: 3 venc_ko blocks (pool0 0x73801000 len 0x10000)
src frame 78: srcf=20 off=42120 br=8000
frame 78: send=0x0 get=0x0 len=14750 coding=1 startqp=0 meanqp=0 picbytes=0 pskip=0 nalus=1 n1:14750
  snapshot f078: 3 venc_ko blocks (pool0 0x73801000 len 0x10000)
src frame 79: srcf=21 off=42660 br=8000
frame 79: send=0x0 get=0x0 len=19827 coding=1 startqp=0 meanqp=0 picbytes=0 pskip=0 nalus=1 n1:19827
  snapshot f079: 3 venc_ko blocks (pool0 0x73801000 len 0x10000)
src frame 80: srcf=22 off=43200 br=8000
frame 80: send=0x0 get=0x0 len=14486 coding=1 startqp=0 meanqp=0 picbytes=0 pskip=0 nalus=1 n1:14486
  snapshot f080: 3 venc_ko blocks (pool0 0x73801000 len 0x10000)
src frame 81: srcf=23 off=43740 br=8000
frame 81: send=0x0 get=0x0 len=19875 coding=1 startqp=0 meanqp=0 picbytes=0 pskip=0 nalus=1 n1:19875
  snapshot f081: 3 venc_ko blocks (pool0 0x73801000 len 0x10000)
src frame 82: srcf=24 off=44280 br=8000
frame 82: send=0x0 get=0x0 len=14707 coding=1 startqp=0 meanqp=0 picbytes=0 pskip=0 nalus=1 n1:14707
  snapshot f082: 3 venc_ko blocks (pool0 0x73801000 len 0x10000)
src frame 83: srcf=25 off=44820 br=8000
frame 83: send=0x0 get=0x0 len=18656 coding=1 startqp=0 meanqp=0 picbytes=0 pskip=0 nalus=1 n1:18656
  snapshot f083: 3 venc_ko blocks (pool0 0x73801000 len 0x10000)
src frame 84: srcf=26 off=45360 br=8000
frame 84: send=0x0 get=0x0 len=12043 coding=1 startqp=0 meanqp=0 picbytes=0 pskip=0 nalus=1 n1:12043
  snapshot f084: 3 venc_ko blocks (pool0 0x73801000 len 0x10000)
src frame 85: srcf=27 off=45900 br=8000
frame 85: send=0x0 get=0x0 len=18928 coding=1 startqp=0 meanqp=0 picbytes=0 pskip=0 nalus=1 n1:18928
  snapshot f085: 3 venc_ko blocks (pool0 0x73801000 len 0x10000)
src frame 86: srcf=28 off=46440 br=8000
frame 86: send=0x0 get=0x0 len=13060 coding=1 startqp=0 meanqp=0 picbytes=0 pskip=0 nalus=1 n1:13060
  snapshot f086: 3 venc_ko blocks (pool0 0x73801000 len 0x10000)
src frame 87: srcf=29 off=46980 br=8000
frame 87: send=0x0 get=0x0 len=19990 coding=1 startqp=0 meanqp=0 picbytes=0 pskip=0 nalus=1 n1:19990
  snapshot f087: 3 venc_ko blocks (pool0 0x73801000 len 0x10000)
src frame 88: srcf=28 off=47520 br=8000
frame 88: send=0x0 get=0x0 len=14531 coding=1 startqp=0 meanqp=0 picbytes=0 pskip=0 nalus=1 n1:14531
  snapshot f088: 3 venc_ko blocks (pool0 0x73801000 len 0x10000)
src frame 89: srcf=27 off=48060 br=8000
frame 89: send=0x0 get=0x0 len=20178 coding=1 startqp=0 meanqp=0 picbytes=0 pskip=0 nalus=1 n1:20178
  snapshot f089: 3 venc_ko blocks (pool0 0x73801000 len 0x10000)
src frame 90: srcf=26 off=48600 br=8000
frame 90: send=0x0 get=0x0 len=32592 coding=0 startqp=0 meanqp=0 picbytes=0 pskip=0 nalus=3 n7:32 n8:8 n5:32552
  snapshot f090: 3 venc_ko blocks (pool0 0x73801000 len 0x10000)
src frame 91: srcf=25 off=49140 br=8000
frame 91: send=0x0 get=0x0 len=21372 coding=1 startqp=0 meanqp=0 picbytes=0 pskip=0 nalus=1 n1:21372
  snapshot f091: 3 venc_ko blocks (pool0 0x73801000 len 0x10000)
src frame 92: srcf=24 off=49680 br=8000
frame 92: send=0x0 get=0x0 len=14453 coding=1 startqp=0 meanqp=0 picbytes=0 pskip=0 nalus=1 n1:14453
  snapshot f092: 3 venc_ko blocks (pool0 0x73801000 len 0x10000)
src frame 93: srcf=23 off=50220 br=8000
frame 93: send=0x0 get=0x0 len=20052 coding=1 startqp=0 meanqp=0 picbytes=0 pskip=0 nalus=1 n1:20052
  snapshot f093: 3 venc_ko blocks (pool0 0x73801000 len 0x10000)
src frame 94: srcf=22 off=50760 br=8000
frame 94: send=0x0 get=0x0 len=14318 coding=1 startqp=0 meanqp=0 picbytes=0 pskip=0 nalus=1 n1:14318
  snapshot f094: 3 venc_ko blocks (pool0 0x73801000 len 0x10000)
src frame 95: srcf=21 off=51300 br=8000
frame 95: send=0x0 get=0x0 len=19716 coding=1 startqp=0 meanqp=0 picbytes=0 pskip=0 nalus=1 n1:19716
  snapshot f095: 3 venc_ko blocks (pool0 0x73801000 len 0x10000)
src frame 96: srcf=20 off=51840 br=8000
frame 96: send=0x0 get=0x0 len=14224 coding=1 startqp=0 meanqp=0 picbytes=0 pskip=0 nalus=1 n1:14224
  snapshot f096: 3 venc_ko blocks (pool0 0x73801000 len 0x10000)
src frame 97: srcf=19 off=52380 br=8000
frame 97: send=0x0 get=0x0 len=19454 coding=1 startqp=0 meanqp=0 picbytes=0 pskip=0 nalus=1 n1:19454
  snapshot f097: 3 venc_ko blocks (pool0 0x73801000 len 0x10000)
src frame 98: srcf=18 off=52920 br=8000
frame 98: send=0x0 get=0x0 len=14600 coding=1 startqp=0 meanqp=0 picbytes=0 pskip=0 nalus=1 n1:14600
  snapshot f098: 3 venc_ko blocks (pool0 0x73801000 len 0x10000)
src frame 99: srcf=17 off=53460 br=8000
frame 99: send=0x0 get=0x0 len=18473 coding=1 startqp=0 meanqp=0 picbytes=0 pskip=0 nalus=1 n1:18473
  snapshot f099: 3 venc_ko blocks (pool0 0x73801000 len 0x10000)
src frame 100: srcf=16 off=54000 br=8000
frame 100: send=0x0 get=0x0 len=11926 coding=1 startqp=0 meanqp=0 picbytes=0 pskip=0 nalus=1 n1:11926
  snapshot f100: 3 venc_ko blocks (pool0 0x73801000 len 0x10000)
src frame 101: srcf=15 off=54540 br=8000
frame 101: send=0x0 get=0x0 len=18596 coding=1 startqp=0 meanqp=0 picbytes=0 pskip=0 nalus=1 n1:18596
  snapshot f101: 3 venc_ko blocks (pool0 0x73801000 len 0x10000)
src frame 102: srcf=14 off=55080 br=8000
frame 102: send=0x0 get=0x0 len=13517 coding=1 startqp=0 meanqp=0 picbytes=0 pskip=0 nalus=1 n1:13517
  snapshot f102: 3 venc_ko blocks (pool0 0x73801000 len 0x10000)
src frame 103: srcf=13 off=55620 br=8000
frame 103: send=0x0 get=0x0 len=20043 coding=1 startqp=0 meanqp=0 picbytes=0 pskip=0 nalus=1 n1:20043
  snapshot f103: 3 venc_ko blocks (pool0 0x73801000 len 0x10000)
src frame 104: srcf=12 off=56160 br=8000
frame 104: send=0x0 get=0x0 len=14436 coding=1 startqp=0 meanqp=0 picbytes=0 pskip=0 nalus=1 n1:14436
  snapshot f104: 3 venc_ko blocks (pool0 0x73801000 len 0x10000)
src frame 105: srcf=11 off=56700 br=8000
frame 105: send=0x0 get=0x0 len=18556 coding=1 startqp=0 meanqp=0 picbytes=0 pskip=0 nalus=1 n1:18556
  snapshot f105: 3 venc_ko blocks (pool0 0x73801000 len 0x10000)
src frame 106: srcf=10 off=57240 br=8000
frame 106: send=0x0 get=0x0 len=11936 coding=1 startqp=0 meanqp=0 picbytes=0 pskip=0 nalus=1 n1:11936
  snapshot f106: 3 venc_ko blocks (pool0 0x73801000 len 0x10000)
src frame 107: srcf=9 off=57780 br=8000
frame 107: send=0x0 get=0x0 len=18796 coding=1 startqp=0 meanqp=0 picbytes=0 pskip=0 nalus=1 n1:18796
  snapshot f107: 3 venc_ko blocks (pool0 0x73801000 len 0x10000)
src frame 108: srcf=8 off=58320 br=8000
frame 108: send=0x0 get=0x0 len=13033 coding=1 startqp=0 meanqp=0 picbytes=0 pskip=0 nalus=1 n1:13033
  snapshot f108: 3 venc_ko blocks (pool0 0x73801000 len 0x10000)
src frame 109: srcf=7 off=58860 br=8000
frame 109: send=0x0 get=0x0 len=18576 coding=1 startqp=0 meanqp=0 picbytes=0 pskip=0 nalus=1 n1:18576
  snapshot f109: 3 venc_ko blocks (pool0 0x73801000 len 0x10000)
src frame 110: srcf=6 off=59400 br=8000
frame 110: send=0x0 get=0x0 len=12690 coding=1 startqp=0 meanqp=0 picbytes=0 pskip=0 nalus=1 n1:12690
  snapshot f110: 3 venc_ko blocks (pool0 0x73801000 len 0x10000)
src frame 111: srcf=5 off=59940 br=8000
frame 111: send=0x0 get=0x0 len=18514 coding=1 startqp=0 meanqp=0 picbytes=0 pskip=0 nalus=1 n1:18514
  snapshot f111: 3 venc_ko blocks (pool0 0x73801000 len 0x10000)
src frame 112: srcf=4 off=60480 br=8000
frame 112: send=0x0 get=0x0 len=13409 coding=1 startqp=0 meanqp=0 picbytes=0 pskip=0 nalus=1 n1:13409
  snapshot f112: 3 venc_ko blocks (pool0 0x73801000 len 0x10000)
src frame 113: srcf=3 off=61020 br=8000
frame 113: send=0x0 get=0x0 len=19915 coding=1 startqp=0 meanqp=0 picbytes=0 pskip=0 nalus=1 n1:19915
  snapshot f113: 3 venc_ko blocks (pool0 0x73801000 len 0x10000)
src frame 114: srcf=2 off=61560 br=8000
frame 114: send=0x0 get=0x0 len=14278 coding=1 startqp=0 meanqp=0 picbytes=0 pskip=0 nalus=1 n1:14278
  snapshot f114: 3 venc_ko blocks (pool0 0x73801000 len 0x10000)
src frame 115: srcf=1 off=62100 br=8000
frame 115: send=0x0 get=0x0 len=18487 coding=1 startqp=0 meanqp=0 picbytes=0 pskip=0 nalus=1 n1:18487
  snapshot f115: 3 venc_ko blocks (pool0 0x73801000 len 0x10000)
src frame 116: srcf=0 off=62640 br=8000
frame 116: send=0x0 get=0x0 len=11857 coding=1 startqp=0 meanqp=0 picbytes=0 pskip=0 nalus=1 n1:11857
  snapshot f116: 3 venc_ko blocks (pool0 0x73801000 len 0x10000)
src frame 117: srcf=1 off=63180 br=8000
frame 117: send=0x0 get=0x0 len=18032 coding=1 startqp=0 meanqp=0 picbytes=0 pskip=0 nalus=1 n1:18032
  snapshot f117: 3 venc_ko blocks (pool0 0x73801000 len 0x10000)
src frame 118: srcf=2 off=63720 br=8000
frame 118: send=0x0 get=0x0 len=13088 coding=1 startqp=0 meanqp=0 picbytes=0 pskip=0 nalus=1 n1:13088
  snapshot f118: 3 venc_ko blocks (pool0 0x73801000 len 0x10000)
src frame 119: srcf=3 off=64260 br=8000
frame 119: send=0x0 get=0x0 len=19471 coding=1 startqp=0 meanqp=0 picbytes=0 pskip=0 nalus=1 n1:19471
  snapshot f119: 3 venc_ko blocks (pool0 0x73801000 len 0x10000)
src frame 120: srcf=4 off=64800 br=8000
frame 120: send=0x0 get=0x0 len=32592 coding=0 startqp=0 meanqp=0 picbytes=0 pskip=0 nalus=3 n7:32 n8:8 n5:32552
  snapshot f120: 3 venc_ko blocks (pool0 0x73801000 len 0x10000)
src frame 121: srcf=5 off=65340 br=8000
frame 121: send=0x0 get=0x0 len=21372 coding=1 startqp=0 meanqp=0 picbytes=0 pskip=0 nalus=1 n1:21372
  snapshot f121: 3 venc_ko blocks (pool0 0x73801000 len 0x10000)
src frame 122: srcf=6 off=65880 br=8000
frame 122: send=0x0 get=0x0 len=14479 coding=1 startqp=0 meanqp=0 picbytes=0 pskip=0 nalus=1 n1:14479
  snapshot f122: 3 venc_ko blocks (pool0 0x73801000 len 0x10000)
src frame 123: srcf=7 off=66420 br=8000
frame 123: send=0x0 get=0x0 len=19996 coding=1 startqp=0 meanqp=0 picbytes=0 pskip=0 nalus=1 n1:19996
  snapshot f123: 3 venc_ko blocks (pool0 0x73801000 len 0x10000)
src frame 124: srcf=8 off=66960 br=8000
frame 124: send=0x0 get=0x0 len=14220 coding=1 startqp=0 meanqp=0 picbytes=0 pskip=0 nalus=1 n1:14220
  snapshot f124: 3 venc_ko blocks (pool0 0x73801000 len 0x10000)
src frame 125: srcf=9 off=67500 br=8000
frame 125: send=0x0 get=0x0 len=19838 coding=1 startqp=0 meanqp=0 picbytes=0 pskip=0 nalus=1 n1:19838
  snapshot f125: 3 venc_ko blocks (pool0 0x73801000 len 0x10000)
src frame 126: srcf=10 off=68040 br=8000
frame 126: send=0x0 get=0x0 len=14241 coding=1 startqp=0 meanqp=0 picbytes=0 pskip=0 nalus=1 n1:14241
  snapshot f126: 3 venc_ko blocks (pool0 0x73801000 len 0x10000)
src frame 127: srcf=11 off=68580 br=8000
frame 127: send=0x0 get=0x0 len=19940 coding=1 startqp=0 meanqp=0 picbytes=0 pskip=0 nalus=1 n1:19940
  snapshot f127: 3 venc_ko blocks (pool0 0x73801000 len 0x10000)
src frame 128: srcf=12 off=69120 br=8000
frame 128: send=0x0 get=0x0 len=14136 coding=1 startqp=0 meanqp=0 picbytes=0 pskip=0 nalus=1 n1:14136
  snapshot f128: 3 venc_ko blocks (pool0 0x73801000 len 0x10000)
src frame 129: srcf=13 off=69660 br=8000
frame 129: send=0x0 get=0x0 len=19784 coding=1 startqp=0 meanqp=0 picbytes=0 pskip=0 nalus=1 n1:19784
  snapshot f129: 3 venc_ko blocks (pool0 0x73801000 len 0x10000)
src frame 130: srcf=14 off=70200 br=8000
frame 130: send=0x0 get=0x0 len=14268 coding=1 startqp=0 meanqp=0 picbytes=0 pskip=0 nalus=1 n1:14268
  snapshot f130: 3 venc_ko blocks (pool0 0x73801000 len 0x10000)
src frame 131: srcf=15 off=70740 br=8000
frame 131: send=0x0 get=0x0 len=19870 coding=1 startqp=0 meanqp=0 picbytes=0 pskip=0 nalus=1 n1:19870
  snapshot f131: 3 venc_ko blocks (pool0 0x73801000 len 0x10000)
src frame 132: srcf=16 off=71280 br=8000
frame 132: send=0x0 get=0x0 len=14244 coding=1 startqp=0 meanqp=0 picbytes=0 pskip=0 nalus=1 n1:14244
  snapshot f132: 3 venc_ko blocks (pool0 0x73801000 len 0x10000)
src frame 133: srcf=17 off=71820 br=8000
frame 133: send=0x0 get=0x0 len=19926 coding=1 startqp=0 meanqp=0 picbytes=0 pskip=0 nalus=1 n1:19926
  snapshot f133: 3 venc_ko blocks (pool0 0x73801000 len 0x10000)
src frame 134: srcf=18 off=72360 br=8000
frame 134: send=0x0 get=0x0 len=14397 coding=1 startqp=0 meanqp=0 picbytes=0 pskip=0 nalus=1 n1:14397
  snapshot f134: 3 venc_ko blocks (pool0 0x73801000 len 0x10000)
src frame 135: srcf=19 off=72900 br=8000
frame 135: send=0x0 get=0x0 len=19781 coding=1 startqp=0 meanqp=0 picbytes=0 pskip=0 nalus=1 n1:19781
  snapshot f135: 3 venc_ko blocks (pool0 0x73801000 len 0x10000)
src frame 136: srcf=20 off=73440 br=8000
frame 136: send=0x0 get=0x0 len=14283 coding=1 startqp=0 meanqp=0 picbytes=0 pskip=0 nalus=1 n1:14283
  snapshot f136: 3 venc_ko blocks (pool0 0x73801000 len 0x10000)
src frame 137: srcf=21 off=73980 br=8000
frame 137: send=0x0 get=0x0 len=19304 coding=1 startqp=0 meanqp=0 picbytes=0 pskip=0 nalus=1 n1:19304
  snapshot f137: 3 venc_ko blocks (pool0 0x73801000 len 0x10000)
src frame 138: srcf=22 off=74520 br=8000
frame 138: send=0x0 get=0x0 len=14314 coding=1 startqp=0 meanqp=0 picbytes=0 pskip=0 nalus=1 n1:14314
  snapshot f138: 3 venc_ko blocks (pool0 0x73801000 len 0x10000)
src frame 139: srcf=23 off=75060 br=8000
frame 139: send=0x0 get=0x0 len=20216 coding=1 startqp=0 meanqp=0 picbytes=0 pskip=0 nalus=1 n1:20216
  snapshot f139: 3 venc_ko blocks (pool0 0x73801000 len 0x10000)
src frame 140: srcf=24 off=75600 br=8000
frame 140: send=0x0 get=0x0 len=14394 coding=1 startqp=0 meanqp=0 picbytes=0 pskip=0 nalus=1 n1:14394
  snapshot f140: 3 venc_ko blocks (pool0 0x73801000 len 0x10000)
src frame 141: srcf=25 off=76140 br=8000
frame 141: send=0x0 get=0x0 len=19671 coding=1 startqp=0 meanqp=0 picbytes=0 pskip=0 nalus=1 n1:19671
  snapshot f141: 3 venc_ko blocks (pool0 0x73801000 len 0x10000)
src frame 142: srcf=26 off=76680 br=8000
frame 142: send=0x0 get=0x0 len=14170 coding=1 startqp=0 meanqp=0 picbytes=0 pskip=0 nalus=1 n1:14170
  snapshot f142: 3 venc_ko blocks (pool0 0x73801000 len 0x10000)
src frame 143: srcf=27 off=77220 br=8000
frame 143: send=0x0 get=0x0 len=19739 coding=1 startqp=0 meanqp=0 picbytes=0 pskip=0 nalus=1 n1:19739
  snapshot f143: 3 venc_ko blocks (pool0 0x73801000 len 0x10000)
src frame 144: srcf=28 off=77760 br=8000
frame 144: send=0x0 get=0x0 len=14276 coding=1 startqp=0 meanqp=0 picbytes=0 pskip=0 nalus=1 n1:14276
  snapshot f144: 3 venc_ko blocks (pool0 0x73801000 len 0x10000)
src frame 145: srcf=29 off=78300 br=8000
frame 145: send=0x0 get=0x0 len=19894 coding=1 startqp=0 meanqp=0 picbytes=0 pskip=0 nalus=1 n1:19894
  snapshot f145: 3 venc_ko blocks (pool0 0x73801000 len 0x10000)
src frame 146: srcf=28 off=78840 br=8000
frame 146: send=0x0 get=0x0 len=14331 coding=1 startqp=0 meanqp=0 picbytes=0 pskip=0 nalus=1 n1:14331
  snapshot f146: 3 venc_ko blocks (pool0 0x73801000 len 0x10000)
src frame 147: srcf=27 off=79380 br=8000
frame 147: send=0x0 get=0x0 len=18437 coding=1 startqp=0 meanqp=0 picbytes=0 pskip=0 nalus=1 n1:18437
  snapshot f147: 3 venc_ko blocks (pool0 0x73801000 len 0x10000)
src frame 148: srcf=26 off=79920 br=8000
frame 148: send=0x0 get=0x0 len=12390 coding=1 startqp=0 meanqp=0 picbytes=0 pskip=0 nalus=1 n1:12390
  snapshot f148: 3 venc_ko blocks (pool0 0x73801000 len 0x10000)
src frame 149: srcf=25 off=80460 br=8000
frame 149: send=0x0 get=0x0 len=18586 coding=1 startqp=0 meanqp=0 picbytes=0 pskip=0 nalus=1 n1:18586
  snapshot f149: 3 venc_ko blocks (pool0 0x73801000 len 0x10000)
src frame 150: srcf=24 off=81000 br=8000
frame 150: send=0x0 get=0x0 len=32592 coding=0 startqp=0 meanqp=0 picbytes=0 pskip=0 nalus=3 n7:32 n8:8 n5:32552
  snapshot f150: 3 venc_ko blocks (pool0 0x73801000 len 0x10000)
src frame 151: srcf=23 off=81540 br=8000
frame 151: send=0x0 get=0x0 len=21372 coding=1 startqp=0 meanqp=0 picbytes=0 pskip=0 nalus=1 n1:21372
  snapshot f151: 3 venc_ko blocks (pool0 0x73801000 len 0x10000)
src frame 152: srcf=22 off=82080 br=8000
frame 152: send=0x0 get=0x0 len=14336 coding=1 startqp=0 meanqp=0 picbytes=0 pskip=0 nalus=1 n1:14336
  snapshot f152: 3 venc_ko blocks (pool0 0x73801000 len 0x10000)
src frame 153: srcf=21 off=82620 br=8000
frame 153: send=0x0 get=0x0 len=19870 coding=1 startqp=0 meanqp=0 picbytes=0 pskip=0 nalus=1 n1:19870
  snapshot f153: 3 venc_ko blocks (pool0 0x73801000 len 0x10000)
src frame 154: srcf=20 off=83160 br=8000
frame 154: send=0x0 get=0x0 len=14206 coding=1 startqp=0 meanqp=0 picbytes=0 pskip=0 nalus=1 n1:14206
  snapshot f154: 3 venc_ko blocks (pool0 0x73801000 len 0x10000)
src frame 155: srcf=19 off=83700 br=8000
frame 155: send=0x0 get=0x0 len=19783 coding=1 startqp=0 meanqp=0 picbytes=0 pskip=0 nalus=1 n1:19783
  snapshot f155: 3 venc_ko blocks (pool0 0x73801000 len 0x10000)
src frame 156: srcf=18 off=84240 br=8000
frame 156: send=0x0 get=0x0 len=14243 coding=1 startqp=0 meanqp=0 picbytes=0 pskip=0 nalus=1 n1:14243
  snapshot f156: 3 venc_ko blocks (pool0 0x73801000 len 0x10000)
src frame 157: srcf=17 off=84780 br=8000
frame 157: send=0x0 get=0x0 len=19894 coding=1 startqp=0 meanqp=0 picbytes=0 pskip=0 nalus=1 n1:19894
  snapshot f157: 3 venc_ko blocks (pool0 0x73801000 len 0x10000)
src frame 158: srcf=16 off=85320 br=8000
frame 158: send=0x0 get=0x0 len=14294 coding=1 startqp=0 meanqp=0 picbytes=0 pskip=0 nalus=1 n1:14294
  snapshot f158: 3 venc_ko blocks (pool0 0x73801000 len 0x10000)
src frame 159: srcf=15 off=85860 br=8000
frame 159: send=0x0 get=0x0 len=18086 coding=1 startqp=0 meanqp=0 picbytes=0 pskip=0 nalus=1 n1:18086
  snapshot f159: 3 venc_ko blocks (pool0 0x73801000 len 0x10000)
src frame 160: srcf=14 off=86400 br=8000
frame 160: send=0x0 get=0x0 len=12144 coding=1 startqp=0 meanqp=0 picbytes=0 pskip=0 nalus=1 n1:12144
  snapshot f160: 3 venc_ko blocks (pool0 0x73801000 len 0x10000)
src frame 161: srcf=13 off=86940 br=8000
frame 161: send=0x0 get=0x0 len=18759 coding=1 startqp=0 meanqp=0 picbytes=0 pskip=0 nalus=1 n1:18759
  snapshot f161: 3 venc_ko blocks (pool0 0x73801000 len 0x10000)
src frame 162: srcf=12 off=87480 br=8000
frame 162: send=0x0 get=0x0 len=13353 coding=1 startqp=0 meanqp=0 picbytes=0 pskip=0 nalus=1 n1:13353
  snapshot f162: 3 venc_ko blocks (pool0 0x73801000 len 0x10000)
src frame 163: srcf=11 off=88020 br=8000
frame 163: send=0x0 get=0x0 len=19719 coding=1 startqp=0 meanqp=0 picbytes=0 pskip=0 nalus=1 n1:19719
  snapshot f163: 3 venc_ko blocks (pool0 0x73801000 len 0x10000)
src frame 164: srcf=10 off=88560 br=8000
frame 164: send=0x0 get=0x0 len=14301 coding=1 startqp=0 meanqp=0 picbytes=0 pskip=0 nalus=1 n1:14301
  snapshot f164: 3 venc_ko blocks (pool0 0x73801000 len 0x10000)
src frame 165: srcf=9 off=89100 br=8000
frame 165: send=0x0 get=0x0 len=18268 coding=1 startqp=0 meanqp=0 picbytes=0 pskip=0 nalus=1 n1:18268
  snapshot f165: 3 venc_ko blocks (pool0 0x73801000 len 0x10000)
src frame 166: srcf=8 off=89640 br=8000
frame 166: send=0x0 get=0x0 len=12393 coding=1 startqp=0 meanqp=0 picbytes=0 pskip=0 nalus=1 n1:12393
  snapshot f166: 3 venc_ko blocks (pool0 0x73801000 len 0x10000)
src frame 167: srcf=7 off=90180 br=8000
frame 167: send=0x0 get=0x0 len=18591 coding=1 startqp=0 meanqp=0 picbytes=0 pskip=0 nalus=1 n1:18591
  snapshot f167: 3 venc_ko blocks (pool0 0x73801000 len 0x10000)
src frame 168: srcf=6 off=90720 br=8000
frame 168: send=0x0 get=0x0 len=12394 coding=1 startqp=0 meanqp=0 picbytes=0 pskip=0 nalus=1 n1:12394
  snapshot f168: 3 venc_ko blocks (pool0 0x73801000 len 0x10000)
src frame 169: srcf=5 off=91260 br=8000
frame 169: send=0x0 get=0x0 len=18740 coding=1 startqp=0 meanqp=0 picbytes=0 pskip=0 nalus=1 n1:18740
  snapshot f169: 3 venc_ko blocks (pool0 0x73801000 len 0x10000)
src frame 170: srcf=4 off=91800 br=8000
frame 170: send=0x0 get=0x0 len=13161 coding=1 startqp=0 meanqp=0 picbytes=0 pskip=0 nalus=1 n1:13161
  snapshot f170: 3 venc_ko blocks (pool0 0x73801000 len 0x10000)
src frame 171: srcf=3 off=92340 br=8000
frame 171: send=0x0 get=0x0 len=18597 coding=1 startqp=0 meanqp=0 picbytes=0 pskip=0 nalus=1 n1:18597
  snapshot f171: 3 venc_ko blocks (pool0 0x73801000 len 0x10000)
src frame 172: srcf=2 off=92880 br=8000
frame 172: send=0x0 get=0x0 len=12931 coding=1 startqp=0 meanqp=0 picbytes=0 pskip=0 nalus=1 n1:12931
  snapshot f172: 3 venc_ko blocks (pool0 0x73801000 len 0x10000)
src frame 173: srcf=1 off=93420 br=8000
frame 173: send=0x0 get=0x0 len=20089 coding=1 startqp=0 meanqp=0 picbytes=0 pskip=0 nalus=1 n1:20089
  snapshot f173: 3 venc_ko blocks (pool0 0x73801000 len 0x10000)
src frame 174: srcf=0 off=93960 br=8000
frame 174: send=0x0 get=0x0 len=14127 coding=1 startqp=0 meanqp=0 picbytes=0 pskip=0 nalus=1 n1:14127
  snapshot f174: 3 venc_ko blocks (pool0 0x73801000 len 0x10000)
src frame 175: srcf=1 off=94500 br=8000
frame 175: send=0x0 get=0x0 len=18337 coding=1 startqp=0 meanqp=0 picbytes=0 pskip=0 nalus=1 n1:18337
  snapshot f175: 3 venc_ko blocks (pool0 0x73801000 len 0x10000)
src frame 176: srcf=2 off=95040 br=8000
frame 176: send=0x0 get=0x0 len=12147 coding=1 startqp=0 meanqp=0 picbytes=0 pskip=0 nalus=1 n1:12147
  snapshot f176: 3 venc_ko blocks (pool0 0x73801000 len 0x10000)
src frame 177: srcf=3 off=95580 br=8000
frame 177: send=0x0 get=0x0 len=18484 coding=1 startqp=0 meanqp=0 picbytes=0 pskip=0 nalus=1 n1:18484
  snapshot f177: 3 venc_ko blocks (pool0 0x73801000 len 0x10000)
src frame 178: srcf=4 off=96120 br=8000
frame 178: send=0x0 get=0x0 len=11662 coding=1 startqp=0 meanqp=0 picbytes=0 pskip=0 nalus=1 n1:11662
  snapshot f178: 3 venc_ko blocks (pool0 0x73801000 len 0x10000)
src frame 179: srcf=5 off=96660 br=8000
frame 179: send=0x0 get=0x0 len=18908 coding=1 startqp=0 meanqp=0 picbytes=0 pskip=0 nalus=1 n1:18908
  snapshot f179: 3 venc_ko blocks (pool0 0x73801000 len 0x10000)
src frame 180: srcf=6 off=97200 br=8000
frame 180: send=0x0 get=0x0 len=32592 coding=0 startqp=0 meanqp=0 picbytes=0 pskip=0 nalus=3 n7:32 n8:8 n5:32552
  snapshot f180: 3 venc_ko blocks (pool0 0x73801000 len 0x10000)
src frame 181: srcf=7 off=97740 br=8000
frame 181: send=0x0 get=0x0 len=21372 coding=1 startqp=0 meanqp=0 picbytes=0 pskip=0 nalus=1 n1:21372
  snapshot f181: 3 venc_ko blocks (pool0 0x73801000 len 0x10000)
src frame 182: srcf=8 off=98280 br=8000
frame 182: send=0x0 get=0x0 len=14450 coding=1 startqp=0 meanqp=0 picbytes=0 pskip=0 nalus=1 n1:14450
  snapshot f182: 3 venc_ko blocks (pool0 0x73801000 len 0x10000)
src frame 183: srcf=9 off=98820 br=8000
frame 183: send=0x0 get=0x0 len=20024 coding=1 startqp=0 meanqp=0 picbytes=0 pskip=0 nalus=1 n1:20024
  snapshot f183: 3 venc_ko blocks (pool0 0x73801000 len 0x10000)
src frame 184: srcf=10 off=99360 br=8000
frame 184: send=0x0 get=0x0 len=14253 coding=1 startqp=0 meanqp=0 picbytes=0 pskip=0 nalus=1 n1:14253
  snapshot f184: 3 venc_ko blocks (pool0 0x73801000 len 0x10000)
src frame 185: srcf=11 off=99900 br=8000
frame 185: send=0x0 get=0x0 len=19850 coding=1 startqp=0 meanqp=0 picbytes=0 pskip=0 nalus=1 n1:19850
  snapshot f185: 3 venc_ko blocks (pool0 0x73801000 len 0x10000)
src frame 186: srcf=12 off=100440 br=8000
frame 186: send=0x0 get=0x0 len=14219 coding=1 startqp=0 meanqp=0 picbytes=0 pskip=0 nalus=1 n1:14219
  snapshot f186: 3 venc_ko blocks (pool0 0x73801000 len 0x10000)
src frame 187: srcf=13 off=100980 br=8000
frame 187: send=0x0 get=0x0 len=20065 coding=1 startqp=0 meanqp=0 picbytes=0 pskip=0 nalus=1 n1:20065
  snapshot f187: 3 venc_ko blocks (pool0 0x73801000 len 0x10000)
src frame 188: srcf=14 off=101520 br=8000
frame 188: send=0x0 get=0x0 len=14204 coding=1 startqp=0 meanqp=0 picbytes=0 pskip=0 nalus=1 n1:14204
  snapshot f188: 3 venc_ko blocks (pool0 0x73801000 len 0x10000)
src frame 189: srcf=15 off=102060 br=8000
frame 189: send=0x0 get=0x0 len=19603 coding=1 startqp=0 meanqp=0 picbytes=0 pskip=0 nalus=1 n1:19603
  snapshot f189: 3 venc_ko blocks (pool0 0x73801000 len 0x10000)
src frame 190: srcf=16 off=102600 br=8000
frame 190: send=0x0 get=0x0 len=14198 coding=1 startqp=0 meanqp=0 picbytes=0 pskip=0 nalus=1 n1:14198
  snapshot f190: 3 venc_ko blocks (pool0 0x73801000 len 0x10000)
src frame 191: srcf=17 off=103140 br=8000
frame 191: send=0x0 get=0x0 len=19878 coding=1 startqp=0 meanqp=0 picbytes=0 pskip=0 nalus=1 n1:19878
  snapshot f191: 3 venc_ko blocks (pool0 0x73801000 len 0x10000)
src frame 192: srcf=18 off=103680 br=8000
frame 192: send=0x0 get=0x0 len=14231 coding=1 startqp=0 meanqp=0 picbytes=0 pskip=0 nalus=1 n1:14231
  snapshot f192: 3 venc_ko blocks (pool0 0x73801000 len 0x10000)
src frame 193: srcf=19 off=104220 br=8000
frame 193: send=0x0 get=0x0 len=19371 coding=1 startqp=0 meanqp=0 picbytes=0 pskip=0 nalus=1 n1:19371
  snapshot f193: 3 venc_ko blocks (pool0 0x73801000 len 0x10000)
src frame 194: srcf=20 off=104760 br=8000
frame 194: send=0x0 get=0x0 len=14440 coding=1 startqp=0 meanqp=0 picbytes=0 pskip=0 nalus=1 n1:14440
  snapshot f194: 3 venc_ko blocks (pool0 0x73801000 len 0x10000)
src frame 195: srcf=21 off=105300 br=8000
frame 195: send=0x0 get=0x0 len=19914 coding=1 startqp=0 meanqp=0 picbytes=0 pskip=0 nalus=1 n1:19914
  snapshot f195: 3 venc_ko blocks (pool0 0x73801000 len 0x10000)
src frame 196: srcf=22 off=105840 br=8000
frame 196: send=0x0 get=0x0 len=14359 coding=1 startqp=0 meanqp=0 picbytes=0 pskip=0 nalus=1 n1:14359
  snapshot f196: 3 venc_ko blocks (pool0 0x73801000 len 0x10000)
src frame 197: srcf=23 off=106380 br=8000
frame 197: send=0x0 get=0x0 len=19864 coding=1 startqp=0 meanqp=0 picbytes=0 pskip=0 nalus=1 n1:19864
  snapshot f197: 3 venc_ko blocks (pool0 0x73801000 len 0x10000)
src frame 198: srcf=24 off=106920 br=8000
frame 198: send=0x0 get=0x0 len=14281 coding=1 startqp=0 meanqp=0 picbytes=0 pskip=0 nalus=1 n1:14281
  snapshot f198: 3 venc_ko blocks (pool0 0x73801000 len 0x10000)
src frame 199: srcf=25 off=107460 br=8000
frame 199: send=0x0 get=0x0 len=19415 coding=1 startqp=0 meanqp=0 picbytes=0 pskip=0 nalus=1 n1:19415
  snapshot f199: 3 venc_ko blocks (pool0 0x73801000 len 0x10000)
src frame 200: srcf=26 off=108000 br=8000
frame 200: send=0x0 get=0x0 len=14301 coding=1 startqp=0 meanqp=0 picbytes=0 pskip=0 nalus=1 n1:14301
  snapshot f200: 3 venc_ko blocks (pool0 0x73801000 len 0x10000)
src frame 201: srcf=27 off=108540 br=8000
frame 201: send=0x0 get=0x0 len=18148 coding=1 startqp=0 meanqp=0 picbytes=0 pskip=0 nalus=1 n1:18148
  snapshot f201: 3 venc_ko blocks (pool0 0x73801000 len 0x10000)
src frame 202: srcf=28 off=109080 br=8000
frame 202: send=0x0 get=0x0 len=11970 coding=1 startqp=0 meanqp=0 picbytes=0 pskip=0 nalus=1 n1:11970
  snapshot f202: 3 venc_ko blocks (pool0 0x73801000 len 0x10000)
src frame 203: srcf=29 off=109620 br=8000
frame 203: send=0x0 get=0x0 len=18715 coding=1 startqp=0 meanqp=0 picbytes=0 pskip=0 nalus=1 n1:18715
  snapshot f203: 3 venc_ko blocks (pool0 0x73801000 len 0x10000)
src frame 204: srcf=28 off=110160 br=8000
frame 204: send=0x0 get=0x0 len=13988 coding=1 startqp=0 meanqp=0 picbytes=0 pskip=0 nalus=1 n1:13988
  snapshot f204: 3 venc_ko blocks (pool0 0x73801000 len 0x10000)
src frame 205: srcf=27 off=110700 br=8000
frame 205: send=0x0 get=0x0 len=18132 coding=1 startqp=0 meanqp=0 picbytes=0 pskip=0 nalus=1 n1:18132
  snapshot f205: 3 venc_ko blocks (pool0 0x73801000 len 0x10000)
src frame 206: srcf=26 off=111240 br=8000
frame 206: send=0x0 get=0x0 len=13376 coding=1 startqp=0 meanqp=0 picbytes=0 pskip=0 nalus=1 n1:13376
  snapshot f206: 3 venc_ko blocks (pool0 0x73801000 len 0x10000)
src frame 207: srcf=25 off=111780 br=8000
frame 207: send=0x0 get=0x0 len=19860 coding=1 startqp=0 meanqp=0 picbytes=0 pskip=0 nalus=1 n1:19860
  snapshot f207: 3 venc_ko blocks (pool0 0x73801000 len 0x10000)
src frame 208: srcf=24 off=112320 br=8000
frame 208: send=0x0 get=0x0 len=14537 coding=1 startqp=0 meanqp=0 picbytes=0 pskip=0 nalus=1 n1:14537
  snapshot f208: 3 venc_ko blocks (pool0 0x73801000 len 0x10000)
src frame 209: srcf=23 off=112860 br=8000
frame 209: send=0x0 get=0x0 len=18226 coding=1 startqp=0 meanqp=0 picbytes=0 pskip=0 nalus=1 n1:18226
  snapshot f209: 3 venc_ko blocks (pool0 0x73801000 len 0x10000)
src frame 210: srcf=22 off=113400 br=8000
frame 210: send=0x0 get=0x0 len=32592 coding=0 startqp=0 meanqp=0 picbytes=0 pskip=0 nalus=3 n7:32 n8:8 n5:32552
  snapshot f210: 3 venc_ko blocks (pool0 0x73801000 len 0x10000)
src frame 211: srcf=21 off=113940 br=8000
frame 211: send=0x0 get=0x0 len=21294 coding=1 startqp=0 meanqp=0 picbytes=0 pskip=0 nalus=1 n1:21294
  snapshot f211: 3 venc_ko blocks (pool0 0x73801000 len 0x10000)
src frame 212: srcf=20 off=114480 br=8000
frame 212: send=0x0 get=0x0 len=14439 coding=1 startqp=0 meanqp=0 picbytes=0 pskip=0 nalus=1 n1:14439
  snapshot f212: 3 venc_ko blocks (pool0 0x73801000 len 0x10000)
src frame 213: srcf=19 off=115020 br=8000
frame 213: send=0x0 get=0x0 len=19960 coding=1 startqp=0 meanqp=0 picbytes=0 pskip=0 nalus=1 n1:19960
  snapshot f213: 3 venc_ko blocks (pool0 0x73801000 len 0x10000)
src frame 214: srcf=18 off=115560 br=8000
frame 214: send=0x0 get=0x0 len=14378 coding=1 startqp=0 meanqp=0 picbytes=0 pskip=0 nalus=1 n1:14378
  snapshot f214: 3 venc_ko blocks (pool0 0x73801000 len 0x10000)
src frame 215: srcf=17 off=116100 br=8000
frame 215: send=0x0 get=0x0 len=19794 coding=1 startqp=0 meanqp=0 picbytes=0 pskip=0 nalus=1 n1:19794
  snapshot f215: 3 venc_ko blocks (pool0 0x73801000 len 0x10000)
src frame 216: srcf=16 off=116640 br=8000
frame 216: send=0x0 get=0x0 len=14288 coding=1 startqp=0 meanqp=0 picbytes=0 pskip=0 nalus=1 n1:14288
  snapshot f216: 3 venc_ko blocks (pool0 0x73801000 len 0x10000)
src frame 217: srcf=15 off=117180 br=8000
frame 217: send=0x0 get=0x0 len=20010 coding=1 startqp=0 meanqp=0 picbytes=0 pskip=0 nalus=1 n1:20010
  snapshot f217: 3 venc_ko blocks (pool0 0x73801000 len 0x10000)
src frame 218: srcf=14 off=117720 br=8000
frame 218: send=0x0 get=0x0 len=14299 coding=1 startqp=0 meanqp=0 picbytes=0 pskip=0 nalus=1 n1:14299
  snapshot f218: 3 venc_ko blocks (pool0 0x73801000 len 0x10000)
src frame 219: srcf=13 off=118260 br=8000
frame 219: send=0x0 get=0x0 len=18557 coding=1 startqp=0 meanqp=0 picbytes=0 pskip=0 nalus=1 n1:18557
  snapshot f219: 3 venc_ko blocks (pool0 0x73801000 len 0x10000)
src frame 220: srcf=12 off=118800 br=8000
frame 220: send=0x0 get=0x0 len=12097 coding=1 startqp=0 meanqp=0 picbytes=0 pskip=0 nalus=1 n1:12097
  snapshot f220: 3 venc_ko blocks (pool0 0x73801000 len 0x10000)
src frame 221: srcf=11 off=119340 br=8000
frame 221: send=0x0 get=0x0 len=18617 coding=1 startqp=0 meanqp=0 picbytes=0 pskip=0 nalus=1 n1:18617
  snapshot f221: 3 venc_ko blocks (pool0 0x73801000 len 0x10000)
src frame 222: srcf=10 off=119880 br=8000
frame 222: send=0x0 get=0x0 len=13200 coding=1 startqp=0 meanqp=0 picbytes=0 pskip=0 nalus=1 n1:13200
  snapshot f222: 3 venc_ko blocks (pool0 0x73801000 len 0x10000)
src frame 223: srcf=9 off=120420 br=8000
frame 223: send=0x0 get=0x0 len=19798 coding=1 startqp=0 meanqp=0 picbytes=0 pskip=0 nalus=1 n1:19798
  snapshot f223: 3 venc_ko blocks (pool0 0x73801000 len 0x10000)
src frame 224: srcf=8 off=120960 br=8000
frame 224: send=0x0 get=0x0 len=14106 coding=1 startqp=0 meanqp=0 picbytes=0 pskip=0 nalus=1 n1:14106
  snapshot f224: 3 venc_ko blocks (pool0 0x73801000 len 0x10000)
src frame 225: srcf=7 off=121500 br=8000
frame 225: send=0x0 get=0x0 len=18401 coding=1 startqp=0 meanqp=0 picbytes=0 pskip=0 nalus=1 n1:18401
  snapshot f225: 3 venc_ko blocks (pool0 0x73801000 len 0x10000)
src frame 226: srcf=6 off=122040 br=8000
frame 226: send=0x0 get=0x0 len=13142 coding=1 startqp=0 meanqp=0 picbytes=0 pskip=0 nalus=1 n1:13142
  snapshot f226: 3 venc_ko blocks (pool0 0x73801000 len 0x10000)
src frame 227: srcf=5 off=122580 br=8000
frame 227: send=0x0 get=0x0 len=18500 coding=1 startqp=0 meanqp=0 picbytes=0 pskip=0 nalus=1 n1:18500
  snapshot f227: 3 venc_ko blocks (pool0 0x73801000 len 0x10000)
src frame 228: srcf=4 off=123120 br=8000
frame 228: send=0x0 get=0x0 len=12402 coding=1 startqp=0 meanqp=0 picbytes=0 pskip=0 nalus=1 n1:12402
  snapshot f228: 3 venc_ko blocks (pool0 0x73801000 len 0x10000)
src frame 229: srcf=3 off=123660 br=8000
frame 229: send=0x0 get=0x0 len=18564 coding=1 startqp=0 meanqp=0 picbytes=0 pskip=0 nalus=1 n1:18564
  snapshot f229: 3 venc_ko blocks (pool0 0x73801000 len 0x10000)
src frame 230: srcf=2 off=124200 br=8000
frame 230: send=0x0 get=0x0 len=11792 coding=1 startqp=0 meanqp=0 picbytes=0 pskip=0 nalus=1 n1:11792
  snapshot f230: 3 venc_ko blocks (pool0 0x73801000 len 0x10000)
src frame 231: srcf=1 off=124740 br=8000
frame 231: send=0x0 get=0x0 len=18870 coding=1 startqp=0 meanqp=0 picbytes=0 pskip=0 nalus=1 n1:18870
  snapshot f231: 3 venc_ko blocks (pool0 0x73801000 len 0x10000)
src frame 232: srcf=0 off=125280 br=8000
frame 232: send=0x0 get=0x0 len=13220 coding=1 startqp=0 meanqp=0 picbytes=0 pskip=0 nalus=1 n1:13220
  snapshot f232: 3 venc_ko blocks (pool0 0x73801000 len 0x10000)
src frame 233: srcf=1 off=125820 br=8000
frame 233: send=0x0 get=0x0 len=19762 coding=1 startqp=0 meanqp=0 picbytes=0 pskip=0 nalus=1 n1:19762
  snapshot f233: 3 venc_ko blocks (pool0 0x73801000 len 0x10000)
src frame 234: srcf=2 off=126360 br=8000
frame 234: send=0x0 get=0x0 len=14240 coding=1 startqp=0 meanqp=0 picbytes=0 pskip=0 nalus=1 n1:14240
  snapshot f234: 3 venc_ko blocks (pool0 0x73801000 len 0x10000)
src frame 235: srcf=3 off=126900 br=8000
frame 235: send=0x0 get=0x0 len=18283 coding=1 startqp=0 meanqp=0 picbytes=0 pskip=0 nalus=1 n1:18283
  snapshot f235: 3 venc_ko blocks (pool0 0x73801000 len 0x10000)
src frame 236: srcf=4 off=127440 br=8000
frame 236: send=0x0 get=0x0 len=11763 coding=1 startqp=0 meanqp=0 picbytes=0 pskip=0 nalus=1 n1:11763
  snapshot f236: 3 venc_ko blocks (pool0 0x73801000 len 0x10000)
src frame 237: srcf=5 off=127980 br=8000
frame 237: send=0x0 get=0x0 len=18593 coding=1 startqp=0 meanqp=0 picbytes=0 pskip=0 nalus=1 n1:18593
  snapshot f237: 3 venc_ko blocks (pool0 0x73801000 len 0x10000)
src frame 238: srcf=6 off=128520 br=8000
frame 238: send=0x0 get=0x0 len=11954 coding=1 startqp=0 meanqp=0 picbytes=0 pskip=0 nalus=1 n1:11954
  snapshot f238: 3 venc_ko blocks (pool0 0x73801000 len 0x10000)
src frame 239: srcf=7 off=129060 br=8000
frame 239: send=0x0 get=0x0 len=18818 coding=1 startqp=0 meanqp=0 picbytes=0 pskip=0 nalus=1 n1:18818
  snapshot f239: 3 venc_ko blocks (pool0 0x73801000 len 0x10000)
---- /proc/ax_proc/venc ----
-------- VENC VERSION ------------------------
[Axera version]: ax_venc V3.0.0_20250319114413 Mar 19 2025 11:58:34 JK

-------- MODULE PARAM ------------------------
MaxChnNum   MaxRoiNum   MaxProcNum  
16          8           16          

-------- VENC CHN ATTR 1 ------------------------
ID    Type    wSrc    hSrc    Strd0   Strd1   maxW    maxH    PixFmt  link  InFifoDep    OutFifoDep   InDbgFifoLen InDbgFifoDep StrmBufSize(KB)
7     h264    1920    1080    3840    0       1920    1080    YUYV422 N     2            2            0            4            4114      
-------- VENC CHN ATTR 2 ------------------------
ID    [CropEn StartX  StartY  CropW   CropH]  Rotation  EncW    EncH    FrmSize      PTS          SeqNum       CompMode     CompLevel    PhyAddr0     PhyAddr1     PhyAddr2     
7     N       0       0       0       0       0         1920    1080    4147200      3283333      198          NONE         0            742d1000     0            0            
-------- VENC RC ATTR 1 ------------------------
ID    RcMode    SrcFr   DstFr   Br(kbps)  MinQp   MaxQp   MinIQp  MaxIQp  IQpDelta  IpropMax   IpropMin   StartQp    QpDltRng   DeBrQpDlt  SvcEn   ChgPos  StillPercent MaxStillQp 
7     CBR       60.00   60.00   8000      10      51      10      51      0         40         10         -1         2          0          False   -       -            -          
-------- VENC RC ATTR 2  -----------------------
ID    QMapQpType  QMapUnit    QMapBlkType IQp   PQp   MinQpDelta MaxQpDelta MaxBitRate shtStaTime ltStaTime  ltMinBr  ltMaxBr  Br_ST(kbps)    Br_LT(kbps)    
7     N/A         64x64       N/A         -     -     -          -          -          -          -          -        -        -              -              
-------- VENC GOP ATTR  ------------------------
ID    GopMode   Gop   GopVI 
7     NormalP   30    0     
-------- VENC STATUS 1 -------------------------
ID    RJEn         RJThr(bps)   RJMode       RJEncGaps    SupFrmEn     SupPri       SupThrI      SupThrP      SplitEn      SliceNum     Range(In)    Range(out)   
7     N            0            Normal       0            N            0            500000       500000       N            0            Full         Full         
-------- VENC STATUS 2 -------------------------
ID    ChnStat   FrmRecv   FrmRls    FrmEnc    FrmDrop   FrmDup    EncFail   MissMatch StrmGet   StrmRls   OutFps    RealBr    ReEncCnt  DropCnt   BlkFail   GrpID     PID     TID     ThNum   RefInc    RefDec    Fail1   Fail2   Fail3   Fail4   
7     STARTED   198       197       197       0         0         0         0         197       197       50.00     6750.24   0         0         0         -1        130472  130476  1       198       197       0       0       0       0       
-------- VENC HW STATUS  ------------------------
ID    OverFlow     TimeOut      
7     0            0            
-------- VENC ROI INFO  ------------------------
ID    Index        bEnable      bAbsQp       RoiQP        Width        Height       StartX       StartY       
done h264_jump1_cbr8000
rc=0
== h264_jump1_cbr8000: codec=h264 rc=cbr br=8000 fps=60 gop=30 frames=240 total=4096679 B achieved=8193 kbps
I frames (frame:qp/bytes): 0:32/30842 30:32/30850 60:32/30850 90:31/32592 120:31/32592 150:31/32592 180:31/32592 210:31/32592
first P after each I (frame:qp): 1:35 31:35 61:35 91:34 121:34 151:34 181:34 211:34
per-GOP: gop#: kbps I_qp P_qp[min..max] P_qp_last
  0: 7786 kbps I=[32] P=[35..37] last=35 n=30
  1: 8279 kbps I=[32] P=[33..37] last=35 n=30
  2: 8381 kbps I=[32] P=[34..37] last=34 n=30
  3: 8135 kbps I=[31] P=[34..37] last=34 n=30
  4: 8433 kbps I=[31] P=[34..37] last=35 n=30
  5: 8092 kbps I=[31] P=[34..37] last=35 n=30
  6: 8349 kbps I=[31] P=[34..37] last=35 n=30
  7: 8092 kbps I=[31] P=[34..37] last=35 n=30
P->P QP step histogram: -2:53 -1:44 +0:15 +1:71 +2:41
I->firstP QP delta: +3 +3 +3 +3 +3 +3 +3 +3
sw7 frame-QP == slice QP: 240/240 frames with a program agree; mismatches at []
slot flags: {'': 240}
sw105-107 distinct (I): [('0x173180', '0x173180', '0x173180'), ('0x18149f', '0x18149f', '0x18149f'), ('0x1973fe', '0x1973fe', '0x1973fe'), ('0x19a280', '0x19a280', '0x19a280'), ('0x1adb00', '0x1adb00', '0x1adb00'), ('0x1c1380', '0x1c1380', '0x1c1380')]
sw172/173 distinct: [('0x14f', '0x662'), ('0x14f', '0x66a')]
sw6 distinct (I / P): ['0x3'] ['0x3']
=== h264_jump15_cbr8000: codec=h264 rc=cbr br=8000 nframes=240 src=/root/rc65/clips/static.yuyv motion=jump mstep=15
# vdrive tag=h264_jump15_cbr8000 codec=h264 1920x1080 rc=cbr br=8000 fps=60/60 gop=30 gopmode=normalp ltrint=0 ltrqpo=0 iqp=32 pqp=32 profile=10 level=51 tier=0 qp[10..51] iqp[10..51] iqd=0 firstqp=-1 iprop[10..40] idrrange=2 stattime=1 vq=0 ir=0/0 slice=0 debreath=0 scd=-1 rowqpd=-1 vui=-1 move=0 nframes=240
src=/root/rc65/clips/static.yuyv frames=30 loop=pingpong motion=jump mstep=15 window=0..-1
AX_SYS_Init rc=0x0
AX_VENC_Init rc=0x0
AX_VENC_CreateChn(7) rc=0x0
StartRecvFrame rc=0x0
AX_POOL_CreatePool id=0x0
blk=0x5e000000 phys=0x742d1000 virt=0xffff86c15000
frame: modid=0x11 stride=1920 fmt=0xd
  snapshot pre: 3 venc_ko blocks (pool0 0x73801000 len 0x10000)
src frame 0: srcf=0 off=0 br=8000
frame 0: send=0x0 get=0x0 len=30842 coding=0 startqp=0 meanqp=0 picbytes=0 pskip=0 nalus=3 n7:32 n8:8 n5:30802
  snapshot f000: 3 venc_ko blocks (pool0 0x73801000 len 0x10000)
src frame 1: srcf=1 off=0 br=8000
frame 1: send=0x0 get=0x0 len=8800 coding=1 startqp=0 meanqp=0 picbytes=0 pskip=0 nalus=1 n1:8800
  snapshot f001: 3 venc_ko blocks (pool0 0x73801000 len 0x10000)
src frame 2: srcf=2 off=0 br=8000
frame 2: send=0x0 get=0x0 len=10590 coding=1 startqp=0 meanqp=0 picbytes=0 pskip=0 nalus=1 n1:10590
  snapshot f002: 3 venc_ko blocks (pool0 0x73801000 len 0x10000)
src frame 3: srcf=3 off=0 br=8000
frame 3: send=0x0 get=0x0 len=7117 coding=1 startqp=0 meanqp=0 picbytes=0 pskip=0 nalus=1 n1:7117
  snapshot f003: 3 venc_ko blocks (pool0 0x73801000 len 0x10000)
src frame 4: srcf=4 off=0 br=8000
frame 4: send=0x0 get=0x0 len=7369 coding=1 startqp=0 meanqp=0 picbytes=0 pskip=0 nalus=1 n1:7369
  snapshot f004: 3 venc_ko blocks (pool0 0x73801000 len 0x10000)
src frame 5: srcf=5 off=0 br=8000
frame 5: send=0x0 get=0x0 len=7015 coding=1 startqp=0 meanqp=0 picbytes=0 pskip=0 nalus=1 n1:7015
  snapshot f005: 3 venc_ko blocks (pool0 0x73801000 len 0x10000)
src frame 6: srcf=6 off=0 br=8000
frame 6: send=0x0 get=0x0 len=7704 coding=1 startqp=0 meanqp=0 picbytes=0 pskip=0 nalus=1 n1:7704
  snapshot f006: 3 venc_ko blocks (pool0 0x73801000 len 0x10000)
src frame 7: srcf=7 off=0 br=8000
frame 7: send=0x0 get=0x0 len=7509 coding=1 startqp=0 meanqp=0 picbytes=0 pskip=0 nalus=1 n1:7509
  snapshot f007: 3 venc_ko blocks (pool0 0x73801000 len 0x10000)
src frame 8: srcf=8 off=0 br=8000
frame 8: send=0x0 get=0x0 len=8423 coding=1 startqp=0 meanqp=0 picbytes=0 pskip=0 nalus=1 n1:8423
  snapshot f008: 3 venc_ko blocks (pool0 0x73801000 len 0x10000)
src frame 9: srcf=9 off=0 br=8000
frame 9: send=0x0 get=0x0 len=8053 coding=1 startqp=0 meanqp=0 picbytes=0 pskip=0 nalus=1 n1:8053
  snapshot f009: 3 venc_ko blocks (pool0 0x73801000 len 0x10000)
src frame 10: srcf=10 off=0 br=8000
frame 10: send=0x0 get=0x0 len=8328 coding=1 startqp=0 meanqp=0 picbytes=0 pskip=0 nalus=1 n1:8328
  snapshot f010: 3 venc_ko blocks (pool0 0x73801000 len 0x10000)
src frame 11: srcf=11 off=0 br=8000
frame 11: send=0x0 get=0x0 len=7994 coding=1 startqp=0 meanqp=0 picbytes=0 pskip=0 nalus=1 n1:7994
  snapshot f011: 3 venc_ko blocks (pool0 0x73801000 len 0x10000)
src frame 12: srcf=12 off=0 br=8000
frame 12: send=0x0 get=0x0 len=8543 coding=1 startqp=0 meanqp=0 picbytes=0 pskip=0 nalus=1 n1:8543
  snapshot f012: 3 venc_ko blocks (pool0 0x73801000 len 0x10000)
src frame 13: srcf=13 off=0 br=8000
frame 13: send=0x0 get=0x0 len=8707 coding=1 startqp=0 meanqp=0 picbytes=0 pskip=0 nalus=1 n1:8707
  snapshot f013: 3 venc_ko blocks (pool0 0x73801000 len 0x10000)
src frame 14: srcf=14 off=0 br=8000
frame 14: send=0x0 get=0x0 len=9688 coding=1 startqp=0 meanqp=0 picbytes=0 pskip=0 nalus=1 n1:9688
  snapshot f014: 3 venc_ko blocks (pool0 0x73801000 len 0x10000)
src frame 15: srcf=15 off=540 br=8000
frame 15: send=0x0 get=0x0 len=38657 coding=1 startqp=0 meanqp=0 picbytes=0 pskip=0 nalus=1 n1:38657
  snapshot f015: 3 venc_ko blocks (pool0 0x73801000 len 0x10000)
src frame 16: srcf=16 off=540 br=8000
frame 16: send=0x0 get=0x0 len=17328 coding=1 startqp=0 meanqp=0 picbytes=0 pskip=0 nalus=1 n1:17328
  snapshot f016: 3 venc_ko blocks (pool0 0x73801000 len 0x10000)
src frame 17: srcf=17 off=540 br=8000
frame 17: send=0x0 get=0x0 len=17512 coding=1 startqp=0 meanqp=0 picbytes=0 pskip=0 nalus=1 n1:17512
  snapshot f017: 3 venc_ko blocks (pool0 0x73801000 len 0x10000)
src frame 18: srcf=18 off=540 br=8000
frame 18: send=0x0 get=0x0 len=8493 coding=1 startqp=0 meanqp=0 picbytes=0 pskip=0 nalus=1 n1:8493
  snapshot f018: 3 venc_ko blocks (pool0 0x73801000 len 0x10000)
src frame 19: srcf=19 off=540 br=8000
frame 19: send=0x0 get=0x0 len=8775 coding=1 startqp=0 meanqp=0 picbytes=0 pskip=0 nalus=1 n1:8775
  snapshot f019: 3 venc_ko blocks (pool0 0x73801000 len 0x10000)
src frame 20: srcf=20 off=540 br=8000
frame 20: send=0x0 get=0x0 len=2812 coding=1 startqp=0 meanqp=0 picbytes=0 pskip=0 nalus=1 n1:2812
  snapshot f020: 3 venc_ko blocks (pool0 0x73801000 len 0x10000)
src frame 21: srcf=21 off=540 br=8000
frame 21: send=0x0 get=0x0 len=1700 coding=1 startqp=0 meanqp=0 picbytes=0 pskip=0 nalus=1 n1:1700
  snapshot f021: 3 venc_ko blocks (pool0 0x73801000 len 0x10000)
src frame 22: srcf=22 off=540 br=8000
frame 22: send=0x0 get=0x0 len=1510 coding=1 startqp=0 meanqp=0 picbytes=0 pskip=0 nalus=1 n1:1510
  snapshot f022: 3 venc_ko blocks (pool0 0x73801000 len 0x10000)
src frame 23: srcf=23 off=540 br=8000
frame 23: send=0x0 get=0x0 len=1509 coding=1 startqp=0 meanqp=0 picbytes=0 pskip=0 nalus=1 n1:1509
  snapshot f023: 3 venc_ko blocks (pool0 0x73801000 len 0x10000)
src frame 24: srcf=24 off=540 br=8000
frame 24: send=0x0 get=0x0 len=1500 coding=1 startqp=0 meanqp=0 picbytes=0 pskip=0 nalus=1 n1:1500
  snapshot f024: 3 venc_ko blocks (pool0 0x73801000 len 0x10000)
src frame 25: srcf=25 off=540 br=8000
frame 25: send=0x0 get=0x0 len=1499 coding=1 startqp=0 meanqp=0 picbytes=0 pskip=0 nalus=1 n1:1499
  snapshot f025: 3 venc_ko blocks (pool0 0x73801000 len 0x10000)
src frame 26: srcf=26 off=540 br=8000
frame 26: send=0x0 get=0x0 len=1498 coding=1 startqp=0 meanqp=0 picbytes=0 pskip=0 nalus=1 n1:1498
  snapshot f026: 3 venc_ko blocks (pool0 0x73801000 len 0x10000)
src frame 27: srcf=27 off=540 br=8000
frame 27: send=0x0 get=0x0 len=1498 coding=1 startqp=0 meanqp=0 picbytes=0 pskip=0 nalus=1 n1:1498
  snapshot f027: 3 venc_ko blocks (pool0 0x73801000 len 0x10000)
src frame 28: srcf=28 off=540 br=8000
frame 28: send=0x0 get=0x0 len=1498 coding=1 startqp=0 meanqp=0 picbytes=0 pskip=0 nalus=1 n1:1498
  snapshot f028: 3 venc_ko blocks (pool0 0x73801000 len 0x10000)
src frame 29: srcf=29 off=540 br=8000
frame 29: send=0x0 get=0x0 len=1499 coding=1 startqp=0 meanqp=0 picbytes=0 pskip=0 nalus=1 n1:1499
  snapshot f029: 3 venc_ko blocks (pool0 0x73801000 len 0x10000)
src frame 30: srcf=28 off=1080 br=8000
frame 30: send=0x0 get=0x0 len=34365 coding=0 startqp=0 meanqp=0 picbytes=0 pskip=0 nalus=3 n7:32 n8:8 n5:34325
  snapshot f030: 3 venc_ko blocks (pool0 0x73801000 len 0x10000)
src frame 31: srcf=27 off=1080 br=8000
frame 31: send=0x0 get=0x0 len=9961 coding=1 startqp=0 meanqp=0 picbytes=0 pskip=0 nalus=1 n1:9961
  snapshot f031: 3 venc_ko blocks (pool0 0x73801000 len 0x10000)
src frame 32: srcf=26 off=1080 br=8000
frame 32: send=0x0 get=0x0 len=6692 coding=1 startqp=0 meanqp=0 picbytes=0 pskip=0 nalus=1 n1:6692
  snapshot f032: 3 venc_ko blocks (pool0 0x73801000 len 0x10000)
src frame 33: srcf=25 off=1080 br=8000
frame 33: send=0x0 get=0x0 len=6877 coding=1 startqp=0 meanqp=0 picbytes=0 pskip=0 nalus=1 n1:6877
  snapshot f033: 3 venc_ko blocks (pool0 0x73801000 len 0x10000)
src frame 34: srcf=24 off=1080 br=8000
frame 34: send=0x0 get=0x0 len=7132 coding=1 startqp=0 meanqp=0 picbytes=0 pskip=0 nalus=1 n1:7132
  snapshot f034: 3 venc_ko blocks (pool0 0x73801000 len 0x10000)
src frame 35: srcf=23 off=1080 br=8000
frame 35: send=0x0 get=0x0 len=7252 coding=1 startqp=0 meanqp=0 picbytes=0 pskip=0 nalus=1 n1:7252
  snapshot f035: 3 venc_ko blocks (pool0 0x73801000 len 0x10000)
src frame 36: srcf=22 off=1080 br=8000
frame 36: send=0x0 get=0x0 len=7418 coding=1 startqp=0 meanqp=0 picbytes=0 pskip=0 nalus=1 n1:7418
  snapshot f036: 3 venc_ko blocks (pool0 0x73801000 len 0x10000)
src frame 37: srcf=21 off=1080 br=8000
frame 37: send=0x0 get=0x0 len=8150 coding=1 startqp=0 meanqp=0 picbytes=0 pskip=0 nalus=1 n1:8150
  snapshot f037: 3 venc_ko blocks (pool0 0x73801000 len 0x10000)
src frame 38: srcf=20 off=1080 br=8000
frame 38: send=0x0 get=0x0 len=8088 coding=1 startqp=0 meanqp=0 picbytes=0 pskip=0 nalus=1 n1:8088
  snapshot f038: 3 venc_ko blocks (pool0 0x73801000 len 0x10000)
src frame 39: srcf=19 off=1080 br=8000
frame 39: send=0x0 get=0x0 len=8545 coding=1 startqp=0 meanqp=0 picbytes=0 pskip=0 nalus=1 n1:8545
  snapshot f039: 3 venc_ko blocks (pool0 0x73801000 len 0x10000)
src frame 40: srcf=18 off=1080 br=8000
frame 40: send=0x0 get=0x0 len=8285 coding=1 startqp=0 meanqp=0 picbytes=0 pskip=0 nalus=1 n1:8285
  snapshot f040: 3 venc_ko blocks (pool0 0x73801000 len 0x10000)
src frame 41: srcf=17 off=1080 br=8000
frame 41: send=0x0 get=0x0 len=8974 coding=1 startqp=0 meanqp=0 picbytes=0 pskip=0 nalus=1 n1:8974
  snapshot f041: 3 venc_ko blocks (pool0 0x73801000 len 0x10000)
src frame 42: srcf=16 off=1080 br=8000
frame 42: send=0x0 get=0x0 len=9243 coding=1 startqp=0 meanqp=0 picbytes=0 pskip=0 nalus=1 n1:9243
  snapshot f042: 3 venc_ko blocks (pool0 0x73801000 len 0x10000)
src frame 43: srcf=15 off=1080 br=8000
frame 43: send=0x0 get=0x0 len=9735 coding=1 startqp=0 meanqp=0 picbytes=0 pskip=0 nalus=1 n1:9735
  snapshot f043: 3 venc_ko blocks (pool0 0x73801000 len 0x10000)
src frame 44: srcf=14 off=1080 br=8000
frame 44: send=0x0 get=0x0 len=10224 coding=1 startqp=0 meanqp=0 picbytes=0 pskip=0 nalus=1 n1:10224
  snapshot f044: 3 venc_ko blocks (pool0 0x73801000 len 0x10000)
src frame 45: srcf=13 off=1620 br=8000
frame 45: send=0x0 get=0x0 len=48698 coding=1 startqp=0 meanqp=0 picbytes=0 pskip=0 nalus=1 n1:48698
  snapshot f045: 3 venc_ko blocks (pool0 0x73801000 len 0x10000)
src frame 46: srcf=12 off=1620 br=8000
frame 46: send=0x0 get=0x0 len=28342 coding=1 startqp=0 meanqp=0 picbytes=0 pskip=0 nalus=1 n1:28342
  snapshot f046: 3 venc_ko blocks (pool0 0x73801000 len 0x10000)
src frame 47: srcf=11 off=1620 br=8000
frame 47: send=0x0 get=0x0 len=5331 coding=1 startqp=0 meanqp=0 picbytes=0 pskip=0 nalus=1 n1:5331
  snapshot f047: 3 venc_ko blocks (pool0 0x73801000 len 0x10000)
src frame 48: srcf=10 off=1620 br=8000
frame 48: send=0x0 get=0x0 len=2504 coding=1 startqp=0 meanqp=0 picbytes=0 pskip=0 nalus=1 n1:2504
  snapshot f048: 3 venc_ko blocks (pool0 0x73801000 len 0x10000)
src frame 49: srcf=9 off=1620 br=8000
frame 49: send=0x0 get=0x0 len=1806 coding=1 startqp=0 meanqp=0 picbytes=0 pskip=0 nalus=1 n1:1806
  snapshot f049: 3 venc_ko blocks (pool0 0x73801000 len 0x10000)
src frame 50: srcf=8 off=1620 br=8000
frame 50: send=0x0 get=0x0 len=1730 coding=1 startqp=0 meanqp=0 picbytes=0 pskip=0 nalus=1 n1:1730
  snapshot f050: 3 venc_ko blocks (pool0 0x73801000 len 0x10000)
src frame 51: srcf=7 off=1620 br=8000
frame 51: send=0x0 get=0x0 len=1735 coding=1 startqp=0 meanqp=0 picbytes=0 pskip=0 nalus=1 n1:1735
  snapshot f051: 3 venc_ko blocks (pool0 0x73801000 len 0x10000)
src frame 52: srcf=6 off=1620 br=8000
frame 52: send=0x0 get=0x0 len=1733 coding=1 startqp=0 meanqp=0 picbytes=0 pskip=0 nalus=1 n1:1733
  snapshot f052: 3 venc_ko blocks (pool0 0x73801000 len 0x10000)
src frame 53: srcf=5 off=1620 br=8000
frame 53: send=0x0 get=0x0 len=1724 coding=1 startqp=0 meanqp=0 picbytes=0 pskip=0 nalus=1 n1:1724
  snapshot f053: 3 venc_ko blocks (pool0 0x73801000 len 0x10000)
src frame 54: srcf=4 off=1620 br=8000
frame 54: send=0x0 get=0x0 len=1724 coding=1 startqp=0 meanqp=0 picbytes=0 pskip=0 nalus=1 n1:1724
  snapshot f054: 3 venc_ko blocks (pool0 0x73801000 len 0x10000)
src frame 55: srcf=3 off=1620 br=8000
frame 55: send=0x0 get=0x0 len=1724 coding=1 startqp=0 meanqp=0 picbytes=0 pskip=0 nalus=1 n1:1724
  snapshot f055: 3 venc_ko blocks (pool0 0x73801000 len 0x10000)
src frame 56: srcf=2 off=1620 br=8000
frame 56: send=0x0 get=0x0 len=1724 coding=1 startqp=0 meanqp=0 picbytes=0 pskip=0 nalus=1 n1:1724
  snapshot f056: 3 venc_ko blocks (pool0 0x73801000 len 0x10000)
src frame 57: srcf=1 off=1620 br=8000
frame 57: send=0x0 get=0x0 len=1724 coding=1 startqp=0 meanqp=0 picbytes=0 pskip=0 nalus=1 n1:1724
  snapshot f057: 3 venc_ko blocks (pool0 0x73801000 len 0x10000)
src frame 58: srcf=0 off=1620 br=8000
frame 58: send=0x0 get=0x0 len=1724 coding=1 startqp=0 meanqp=0 picbytes=0 pskip=0 nalus=1 n1:1724
  snapshot f058: 3 venc_ko blocks (pool0 0x73801000 len 0x10000)
src frame 59: srcf=1 off=1620 br=8000
frame 59: send=0x0 get=0x0 len=1724 coding=1 startqp=0 meanqp=0 picbytes=0 pskip=0 nalus=1 n1:1724
  snapshot f059: 3 venc_ko blocks (pool0 0x73801000 len 0x10000)
src frame 60: srcf=2 off=2160 br=8000
frame 60: send=0x0 get=0x0 len=38177 coding=0 startqp=0 meanqp=0 picbytes=0 pskip=0 nalus=3 n7:32 n8:8 n5:38137
  snapshot f060: 3 venc_ko blocks (pool0 0x73801000 len 0x10000)
src frame 61: srcf=3 off=2160 br=8000
frame 61: send=0x0 get=0x0 len=9970 coding=1 startqp=0 meanqp=0 picbytes=0 pskip=0 nalus=1 n1:9970
  snapshot f061: 3 venc_ko blocks (pool0 0x73801000 len 0x10000)
src frame 62: srcf=4 off=2160 br=8000
frame 62: send=0x0 get=0x0 len=8024 coding=1 startqp=0 meanqp=0 picbytes=0 pskip=0 nalus=1 n1:8024
  snapshot f062: 3 venc_ko blocks (pool0 0x73801000 len 0x10000)
src frame 63: srcf=5 off=2160 br=8000
frame 63: send=0x0 get=0x0 len=7371 coding=1 startqp=0 meanqp=0 picbytes=0 pskip=0 nalus=1 n1:7371
  snapshot f063: 3 venc_ko blocks (pool0 0x73801000 len 0x10000)
src frame 64: srcf=6 off=2160 br=8000
frame 64: send=0x0 get=0x0 len=7456 coding=1 startqp=0 meanqp=0 picbytes=0 pskip=0 nalus=1 n1:7456
  snapshot f064: 3 venc_ko blocks (pool0 0x73801000 len 0x10000)
src frame 65: srcf=7 off=2160 br=8000
frame 65: send=0x0 get=0x0 len=7589 coding=1 startqp=0 meanqp=0 picbytes=0 pskip=0 nalus=1 n1:7589
  snapshot f065: 3 venc_ko blocks (pool0 0x73801000 len 0x10000)
src frame 66: srcf=8 off=2160 br=8000
frame 66: send=0x0 get=0x0 len=8029 coding=1 startqp=0 meanqp=0 picbytes=0 pskip=0 nalus=1 n1:8029
  snapshot f066: 3 venc_ko blocks (pool0 0x73801000 len 0x10000)
src frame 67: srcf=9 off=2160 br=8000
frame 67: send=0x0 get=0x0 len=8393 coding=1 startqp=0 meanqp=0 picbytes=0 pskip=0 nalus=1 n1:8393
  snapshot f067: 3 venc_ko blocks (pool0 0x73801000 len 0x10000)
src frame 68: srcf=10 off=2160 br=8000
frame 68: send=0x0 get=0x0 len=8374 coding=1 startqp=0 meanqp=0 picbytes=0 pskip=0 nalus=1 n1:8374
  snapshot f068: 3 venc_ko blocks (pool0 0x73801000 len 0x10000)
src frame 69: srcf=11 off=2160 br=8000
frame 69: send=0x0 get=0x0 len=8863 coding=1 startqp=0 meanqp=0 picbytes=0 pskip=0 nalus=1 n1:8863
  snapshot f069: 3 venc_ko blocks (pool0 0x73801000 len 0x10000)
src frame 70: srcf=12 off=2160 br=8000
frame 70: send=0x0 get=0x0 len=8692 coding=1 startqp=0 meanqp=0 picbytes=0 pskip=0 nalus=1 n1:8692
  snapshot f070: 3 venc_ko blocks (pool0 0x73801000 len 0x10000)
src frame 71: srcf=13 off=2160 br=8000
frame 71: send=0x0 get=0x0 len=9147 coding=1 startqp=0 meanqp=0 picbytes=0 pskip=0 nalus=1 n1:9147
  snapshot f071: 3 venc_ko blocks (pool0 0x73801000 len 0x10000)
src frame 72: srcf=14 off=2160 br=8000
frame 72: send=0x0 get=0x0 len=9279 coding=1 startqp=0 meanqp=0 picbytes=0 pskip=0 nalus=1 n1:9279
  snapshot f072: 3 venc_ko blocks (pool0 0x73801000 len 0x10000)
src frame 73: srcf=15 off=2160 br=8000
frame 73: send=0x0 get=0x0 len=3769 coding=1 startqp=0 meanqp=0 picbytes=0 pskip=0 nalus=1 n1:3769
  snapshot f073: 3 venc_ko blocks (pool0 0x73801000 len 0x10000)
src frame 74: srcf=16 off=2160 br=8000
frame 74: send=0x0 get=0x0 len=2602 coding=1 startqp=0 meanqp=0 picbytes=0 pskip=0 nalus=1 n1:2602
  snapshot f074: 3 venc_ko blocks (pool0 0x73801000 len 0x10000)
src frame 75: srcf=17 off=2700 br=8000
frame 75: send=0x0 get=0x0 len=43907 coding=1 startqp=0 meanqp=0 picbytes=0 pskip=0 nalus=1 n1:43907
  snapshot f075: 3 venc_ko blocks (pool0 0x73801000 len 0x10000)
src frame 76: srcf=18 off=2700 br=8000
frame 76: send=0x0 get=0x0 len=17077 coding=1 startqp=0 meanqp=0 picbytes=0 pskip=0 nalus=1 n1:17077
  snapshot f076: 3 venc_ko blocks (pool0 0x73801000 len 0x10000)
src frame 77: srcf=19 off=2700 br=8000
frame 77: send=0x0 get=0x0 len=17431 coding=1 startqp=0 meanqp=0 picbytes=0 pskip=0 nalus=1 n1:17431
  snapshot f077: 3 venc_ko blocks (pool0 0x73801000 len 0x10000)
src frame 78: srcf=20 off=2700 br=8000
frame 78: send=0x0 get=0x0 len=10373 coding=1 startqp=0 meanqp=0 picbytes=0 pskip=0 nalus=1 n1:10373
  snapshot f078: 3 venc_ko blocks (pool0 0x73801000 len 0x10000)
src frame 79: srcf=21 off=2700 br=8000
frame 79: send=0x0 get=0x0 len=3383 coding=1 startqp=0 meanqp=0 picbytes=0 pskip=0 nalus=1 n1:3383
  snapshot f079: 3 venc_ko blocks (pool0 0x73801000 len 0x10000)
src frame 80: srcf=22 off=2700 br=8000
frame 80: send=0x0 get=0x0 len=2129 coding=1 startqp=0 meanqp=0 picbytes=0 pskip=0 nalus=1 n1:2129
  snapshot f080: 3 venc_ko blocks (pool0 0x73801000 len 0x10000)
src frame 81: srcf=23 off=2700 br=8000
frame 81: send=0x0 get=0x0 len=1896 coding=1 startqp=0 meanqp=0 picbytes=0 pskip=0 nalus=1 n1:1896
  snapshot f081: 3 venc_ko blocks (pool0 0x73801000 len 0x10000)
src frame 82: srcf=24 off=2700 br=8000
frame 82: send=0x0 get=0x0 len=1876 coding=1 startqp=0 meanqp=0 picbytes=0 pskip=0 nalus=1 n1:1876
  snapshot f082: 3 venc_ko blocks (pool0 0x73801000 len 0x10000)
src frame 83: srcf=25 off=2700 br=8000
frame 83: send=0x0 get=0x0 len=1876 coding=1 startqp=0 meanqp=0 picbytes=0 pskip=0 nalus=1 n1:1876
  snapshot f083: 3 venc_ko blocks (pool0 0x73801000 len 0x10000)
src frame 84: srcf=26 off=2700 br=8000
frame 84: send=0x0 get=0x0 len=1870 coding=1 startqp=0 meanqp=0 picbytes=0 pskip=0 nalus=1 n1:1870
  snapshot f084: 3 venc_ko blocks (pool0 0x73801000 len 0x10000)
src frame 85: srcf=27 off=2700 br=8000
frame 85: send=0x0 get=0x0 len=1872 coding=1 startqp=0 meanqp=0 picbytes=0 pskip=0 nalus=1 n1:1872
  snapshot f085: 3 venc_ko blocks (pool0 0x73801000 len 0x10000)
src frame 86: srcf=28 off=2700 br=8000
frame 86: send=0x0 get=0x0 len=1868 coding=1 startqp=0 meanqp=0 picbytes=0 pskip=0 nalus=1 n1:1868
  snapshot f086: 3 venc_ko blocks (pool0 0x73801000 len 0x10000)
src frame 87: srcf=29 off=2700 br=8000
frame 87: send=0x0 get=0x0 len=1869 coding=1 startqp=0 meanqp=0 picbytes=0 pskip=0 nalus=1 n1:1869
  snapshot f087: 3 venc_ko blocks (pool0 0x73801000 len 0x10000)
src frame 88: srcf=28 off=2700 br=8000
frame 88: send=0x0 get=0x0 len=1868 coding=1 startqp=0 meanqp=0 picbytes=0 pskip=0 nalus=1 n1:1868
  snapshot f088: 3 venc_ko blocks (pool0 0x73801000 len 0x10000)
src frame 89: srcf=27 off=2700 br=8000
frame 89: send=0x0 get=0x0 len=1869 coding=1 startqp=0 meanqp=0 picbytes=0 pskip=0 nalus=1 n1:1869
  snapshot f089: 3 venc_ko blocks (pool0 0x73801000 len 0x10000)
src frame 90: srcf=26 off=3240 br=8000
frame 90: send=0x0 get=0x0 len=42391 coding=0 startqp=0 meanqp=0 picbytes=0 pskip=0 nalus=3 n7:32 n8:8 n5:42351
  snapshot f090: 3 venc_ko blocks (pool0 0x73801000 len 0x10000)
src frame 91: srcf=25 off=3240 br=8000
frame 91: send=0x0 get=0x0 len=10244 coding=1 startqp=0 meanqp=0 picbytes=0 pskip=0 nalus=1 n1:10244
  snapshot f091: 3 venc_ko blocks (pool0 0x73801000 len 0x10000)
src frame 92: srcf=24 off=3240 br=8000
frame 92: send=0x0 get=0x0 len=7044 coding=1 startqp=0 meanqp=0 picbytes=0 pskip=0 nalus=1 n1:7044
  snapshot f092: 3 venc_ko blocks (pool0 0x73801000 len 0x10000)
src frame 93: srcf=23 off=3240 br=8000
frame 93: send=0x0 get=0x0 len=7369 coding=1 startqp=0 meanqp=0 picbytes=0 pskip=0 nalus=1 n1:7369
  snapshot f093: 3 venc_ko blocks (pool0 0x73801000 len 0x10000)
src frame 94: srcf=22 off=3240 br=8000
frame 94: send=0x0 get=0x0 len=7482 coding=1 startqp=0 meanqp=0 picbytes=0 pskip=0 nalus=1 n1:7482
  snapshot f094: 3 venc_ko blocks (pool0 0x73801000 len 0x10000)
src frame 95: srcf=21 off=3240 br=8000
frame 95: send=0x0 get=0x0 len=8408 coding=1 startqp=0 meanqp=0 picbytes=0 pskip=0 nalus=1 n1:8408
  snapshot f095: 3 venc_ko blocks (pool0 0x73801000 len 0x10000)
src frame 96: srcf=20 off=3240 br=8000
frame 96: send=0x0 get=0x0 len=7761 coding=1 startqp=0 meanqp=0 picbytes=0 pskip=0 nalus=1 n1:7761
  snapshot f096: 3 venc_ko blocks (pool0 0x73801000 len 0x10000)
src frame 97: srcf=19 off=3240 br=8000
frame 97: send=0x0 get=0x0 len=8803 coding=1 startqp=0 meanqp=0 picbytes=0 pskip=0 nalus=1 n1:8803
  snapshot f097: 3 venc_ko blocks (pool0 0x73801000 len 0x10000)
src frame 98: srcf=18 off=3240 br=8000
frame 98: send=0x0 get=0x0 len=9167 coding=1 startqp=0 meanqp=0 picbytes=0 pskip=0 nalus=1 n1:9167
  snapshot f098: 3 venc_ko blocks (pool0 0x73801000 len 0x10000)
src frame 99: srcf=17 off=3240 br=8000
frame 99: send=0x0 get=0x0 len=9525 coding=1 startqp=0 meanqp=0 picbytes=0 pskip=0 nalus=1 n1:9525
  snapshot f099: 3 venc_ko blocks (pool0 0x73801000 len 0x10000)
src frame 100: srcf=16 off=3240 br=8000
frame 100: send=0x0 get=0x0 len=9989 coding=1 startqp=0 meanqp=0 picbytes=0 pskip=0 nalus=1 n1:9989
  snapshot f100: 3 venc_ko blocks (pool0 0x73801000 len 0x10000)
src frame 101: srcf=15 off=3240 br=8000
frame 101: send=0x0 get=0x0 len=3987 coding=1 startqp=0 meanqp=0 picbytes=0 pskip=0 nalus=1 n1:3987
  snapshot f101: 3 venc_ko blocks (pool0 0x73801000 len 0x10000)
src frame 102: srcf=14 off=3240 br=8000
frame 102: send=0x0 get=0x0 len=2730 coding=1 startqp=0 meanqp=0 picbytes=0 pskip=0 nalus=1 n1:2730
  snapshot f102: 3 venc_ko blocks (pool0 0x73801000 len 0x10000)
src frame 103: srcf=13 off=3240 br=8000
frame 103: send=0x0 get=0x0 len=2518 coding=1 startqp=0 meanqp=0 picbytes=0 pskip=0 nalus=1 n1:2518
  snapshot f103: 3 venc_ko blocks (pool0 0x73801000 len 0x10000)
src frame 104: srcf=12 off=3240 br=8000
frame 104: send=0x0 get=0x0 len=2486 coding=1 startqp=0 meanqp=0 picbytes=0 pskip=0 nalus=1 n1:2486
  snapshot f104: 3 venc_ko blocks (pool0 0x73801000 len 0x10000)
src frame 105: srcf=11 off=3780 br=8000
frame 105: send=0x0 get=0x0 len=55065 coding=1 startqp=0 meanqp=0 picbytes=0 pskip=0 nalus=1 n1:55065
  snapshot f105: 3 venc_ko blocks (pool0 0x73801000 len 0x10000)
src frame 106: srcf=10 off=3780 br=8000
frame 106: send=0x0 get=0x0 len=21715 coding=1 startqp=0 meanqp=0 picbytes=0 pskip=0 nalus=1 n1:21715
  snapshot f106: 3 venc_ko blocks (pool0 0x73801000 len 0x10000)
src frame 107: srcf=9 off=3780 br=8000
frame 107: send=0x0 get=0x0 len=4575 coding=1 startqp=0 meanqp=0 picbytes=0 pskip=0 nalus=1 n1:4575
  snapshot f107: 3 venc_ko blocks (pool0 0x73801000 len 0x10000)
src frame 108: srcf=8 off=3780 br=8000
frame 108: send=0x0 get=0x0 len=2040 coding=1 startqp=0 meanqp=0 picbytes=0 pskip=0 nalus=1 n1:2040
  snapshot f108: 3 venc_ko blocks (pool0 0x73801000 len 0x10000)
src frame 109: srcf=7 off=3780 br=8000
frame 109: send=0x0 get=0x0 len=1467 coding=1 startqp=0 meanqp=0 picbytes=0 pskip=0 nalus=1 n1:1467
  snapshot f109: 3 venc_ko blocks (pool0 0x73801000 len 0x10000)
src frame 110: srcf=6 off=3780 br=8000
frame 110: send=0x0 get=0x0 len=1389 coding=1 startqp=0 meanqp=0 picbytes=0 pskip=0 nalus=1 n1:1389
  snapshot f110: 3 venc_ko blocks (pool0 0x73801000 len 0x10000)
src frame 111: srcf=5 off=3780 br=8000
frame 111: send=0x0 get=0x0 len=1383 coding=1 startqp=0 meanqp=0 picbytes=0 pskip=0 nalus=1 n1:1383
  snapshot f111: 3 venc_ko blocks (pool0 0x73801000 len 0x10000)
src frame 112: srcf=4 off=3780 br=8000
frame 112: send=0x0 get=0x0 len=1382 coding=1 startqp=0 meanqp=0 picbytes=0 pskip=0 nalus=1 n1:1382
  snapshot f112: 3 venc_ko blocks (pool0 0x73801000 len 0x10000)
src frame 113: srcf=3 off=3780 br=8000
frame 113: send=0x0 get=0x0 len=1379 coding=1 startqp=0 meanqp=0 picbytes=0 pskip=0 nalus=1 n1:1379
  snapshot f113: 3 venc_ko blocks (pool0 0x73801000 len 0x10000)
src frame 114: srcf=2 off=3780 br=8000
frame 114: send=0x0 get=0x0 len=1378 coding=1 startqp=0 meanqp=0 picbytes=0 pskip=0 nalus=1 n1:1378
  snapshot f114: 3 venc_ko blocks (pool0 0x73801000 len 0x10000)
src frame 115: srcf=1 off=3780 br=8000
frame 115: send=0x0 get=0x0 len=1379 coding=1 startqp=0 meanqp=0 picbytes=0 pskip=0 nalus=1 n1:1379
  snapshot f115: 3 venc_ko blocks (pool0 0x73801000 len 0x10000)
src frame 116: srcf=0 off=3780 br=8000
frame 116: send=0x0 get=0x0 len=1378 coding=1 startqp=0 meanqp=0 picbytes=0 pskip=0 nalus=1 n1:1378
  snapshot f116: 3 venc_ko blocks (pool0 0x73801000 len 0x10000)
src frame 117: srcf=1 off=3780 br=8000
frame 117: send=0x0 get=0x0 len=1379 coding=1 startqp=0 meanqp=0 picbytes=0 pskip=0 nalus=1 n1:1379
  snapshot f117: 3 venc_ko blocks (pool0 0x73801000 len 0x10000)
src frame 118: srcf=2 off=3780 br=8000
frame 118: send=0x0 get=0x0 len=1378 coding=1 startqp=0 meanqp=0 picbytes=0 pskip=0 nalus=1 n1:1378
  snapshot f118: 3 venc_ko blocks (pool0 0x73801000 len 0x10000)
src frame 119: srcf=3 off=3780 br=8000
frame 119: send=0x0 get=0x0 len=1379 coding=1 startqp=0 meanqp=0 picbytes=0 pskip=0 nalus=1 n1:1379
  snapshot f119: 3 venc_ko blocks (pool0 0x73801000 len 0x10000)
src frame 120: srcf=4 off=4320 br=8000
frame 120: send=0x0 get=0x0 len=46570 coding=0 startqp=0 meanqp=0 picbytes=0 pskip=0 nalus=3 n7:32 n8:8 n5:46530
  snapshot f120: 3 venc_ko blocks (pool0 0x73801000 len 0x10000)
src frame 121: srcf=5 off=4320 br=8000
frame 121: send=0x0 get=0x0 len=10814 coding=1 startqp=0 meanqp=0 picbytes=0 pskip=0 nalus=1 n1:10814
  snapshot f121: 3 venc_ko blocks (pool0 0x73801000 len 0x10000)
src frame 122: srcf=6 off=4320 br=8000
frame 122: send=0x0 get=0x0 len=8710 coding=1 startqp=0 meanqp=0 picbytes=0 pskip=0 nalus=1 n1:8710
  snapshot f122: 3 venc_ko blocks (pool0 0x73801000 len 0x10000)
src frame 123: srcf=7 off=4320 br=8000
frame 123: send=0x0 get=0x0 len=8323 coding=1 startqp=0 meanqp=0 picbytes=0 pskip=0 nalus=1 n1:8323
  snapshot f123: 3 venc_ko blocks (pool0 0x73801000 len 0x10000)
src frame 124: srcf=8 off=4320 br=8000
frame 124: send=0x0 get=0x0 len=7922 coding=1 startqp=0 meanqp=0 picbytes=0 pskip=0 nalus=1 n1:7922
  snapshot f124: 3 venc_ko blocks (pool0 0x73801000 len 0x10000)
src frame 125: srcf=9 off=4320 br=8000
frame 125: send=0x0 get=0x0 len=8658 coding=1 startqp=0 meanqp=0 picbytes=0 pskip=0 nalus=1 n1:8658
  snapshot f125: 3 venc_ko blocks (pool0 0x73801000 len 0x10000)
src frame 126: srcf=10 off=4320 br=8000
frame 126: send=0x0 get=0x0 len=8368 coding=1 startqp=0 meanqp=0 picbytes=0 pskip=0 nalus=1 n1:8368
  snapshot f126: 3 venc_ko blocks (pool0 0x73801000 len 0x10000)
src frame 127: srcf=11 off=4320 br=8000
frame 127: send=0x0 get=0x0 len=9369 coding=1 startqp=0 meanqp=0 picbytes=0 pskip=0 nalus=1 n1:9369
  snapshot f127: 3 venc_ko blocks (pool0 0x73801000 len 0x10000)
src frame 128: srcf=12 off=4320 br=8000
frame 128: send=0x0 get=0x0 len=9338 coding=1 startqp=0 meanqp=0 picbytes=0 pskip=0 nalus=1 n1:9338
  snapshot f128: 3 venc_ko blocks (pool0 0x73801000 len 0x10000)
src frame 129: srcf=13 off=4320 br=8000
frame 129: send=0x0 get=0x0 len=3288 coding=1 startqp=0 meanqp=0 picbytes=0 pskip=0 nalus=1 n1:3288
  snapshot f129: 3 venc_ko blocks (pool0 0x73801000 len 0x10000)
src frame 130: srcf=14 off=4320 br=8000
frame 130: send=0x0 get=0x0 len=2128 coding=1 startqp=0 meanqp=0 picbytes=0 pskip=0 nalus=1 n1:2128
  snapshot f130: 3 venc_ko blocks (pool0 0x73801000 len 0x10000)
src frame 131: srcf=15 off=4320 br=8000
frame 131: send=0x0 get=0x0 len=1948 coding=1 startqp=0 meanqp=0 picbytes=0 pskip=0 nalus=1 n1:1948
  snapshot f131: 3 venc_ko blocks (pool0 0x73801000 len 0x10000)
src frame 132: srcf=16 off=4320 br=8000
frame 132: send=0x0 get=0x0 len=1910 coding=1 startqp=0 meanqp=0 picbytes=0 pskip=0 nalus=1 n1:1910
  snapshot f132: 3 venc_ko blocks (pool0 0x73801000 len 0x10000)
src frame 133: srcf=17 off=4320 br=8000
frame 133: send=0x0 get=0x0 len=1936 coding=1 startqp=0 meanqp=0 picbytes=0 pskip=0 nalus=1 n1:1936
  snapshot f133: 3 venc_ko blocks (pool0 0x73801000 len 0x10000)
src frame 134: srcf=18 off=4320 br=8000
frame 134: send=0x0 get=0x0 len=1846 coding=1 startqp=0 meanqp=0 picbytes=0 pskip=0 nalus=1 n1:1846
  snapshot f134: 3 venc_ko blocks (pool0 0x73801000 len 0x10000)
src frame 135: srcf=19 off=4860 br=8000
frame 135: send=0x0 get=0x0 len=52617 coding=1 startqp=0 meanqp=0 picbytes=0 pskip=0 nalus=1 n1:52617
  snapshot f135: 3 venc_ko blocks (pool0 0x73801000 len 0x10000)
src frame 136: srcf=20 off=4860 br=8000
frame 136: send=0x0 get=0x0 len=19089 coding=1 startqp=0 meanqp=0 picbytes=0 pskip=0 nalus=1 n1:19089
  snapshot f136: 3 venc_ko blocks (pool0 0x73801000 len 0x10000)
src frame 137: srcf=21 off=4860 br=8000
frame 137: send=0x0 get=0x0 len=10444 coding=1 startqp=0 meanqp=0 picbytes=0 pskip=0 nalus=1 n1:10444
  snapshot f137: 3 venc_ko blocks (pool0 0x73801000 len 0x10000)
src frame 138: srcf=22 off=4860 br=8000
frame 138: send=0x0 get=0x0 len=3152 coding=1 startqp=0 meanqp=0 picbytes=0 pskip=0 nalus=1 n1:3152
  snapshot f138: 3 venc_ko blocks (pool0 0x73801000 len 0x10000)
src frame 139: srcf=23 off=4860 br=8000
frame 139: send=0x0 get=0x0 len=1860 coding=1 startqp=0 meanqp=0 picbytes=0 pskip=0 nalus=1 n1:1860
  snapshot f139: 3 venc_ko blocks (pool0 0x73801000 len 0x10000)
src frame 140: srcf=24 off=4860 br=8000
frame 140: send=0x0 get=0x0 len=1627 coding=1 startqp=0 meanqp=0 picbytes=0 pskip=0 nalus=1 n1:1627
  snapshot f140: 3 venc_ko blocks (pool0 0x73801000 len 0x10000)
src frame 141: srcf=25 off=4860 br=8000
frame 141: send=0x0 get=0x0 len=1595 coding=1 startqp=0 meanqp=0 picbytes=0 pskip=0 nalus=1 n1:1595
  snapshot f141: 3 venc_ko blocks (pool0 0x73801000 len 0x10000)
src frame 142: srcf=26 off=4860 br=8000
frame 142: send=0x0 get=0x0 len=1594 coding=1 startqp=0 meanqp=0 picbytes=0 pskip=0 nalus=1 n1:1594
  snapshot f142: 3 venc_ko blocks (pool0 0x73801000 len 0x10000)
src frame 143: srcf=27 off=4860 br=8000
frame 143: send=0x0 get=0x0 len=1595 coding=1 startqp=0 meanqp=0 picbytes=0 pskip=0 nalus=1 n1:1595
  snapshot f143: 3 venc_ko blocks (pool0 0x73801000 len 0x10000)
src frame 144: srcf=28 off=4860 br=8000
frame 144: send=0x0 get=0x0 len=1594 coding=1 startqp=0 meanqp=0 picbytes=0 pskip=0 nalus=1 n1:1594
  snapshot f144: 3 venc_ko blocks (pool0 0x73801000 len 0x10000)
src frame 145: srcf=29 off=4860 br=8000
frame 145: send=0x0 get=0x0 len=1595 coding=1 startqp=0 meanqp=0 picbytes=0 pskip=0 nalus=1 n1:1595
  snapshot f145: 3 venc_ko blocks (pool0 0x73801000 len 0x10000)
src frame 146: srcf=28 off=4860 br=8000
frame 146: send=0x0 get=0x0 len=1594 coding=1 startqp=0 meanqp=0 picbytes=0 pskip=0 nalus=1 n1:1594
  snapshot f146: 3 venc_ko blocks (pool0 0x73801000 len 0x10000)
src frame 147: srcf=27 off=4860 br=8000
frame 147: send=0x0 get=0x0 len=1595 coding=1 startqp=0 meanqp=0 picbytes=0 pskip=0 nalus=1 n1:1595
  snapshot f147: 3 venc_ko blocks (pool0 0x73801000 len 0x10000)
src frame 148: srcf=26 off=4860 br=8000
frame 148: send=0x0 get=0x0 len=1594 coding=1 startqp=0 meanqp=0 picbytes=0 pskip=0 nalus=1 n1:1594
  snapshot f148: 3 venc_ko blocks (pool0 0x73801000 len 0x10000)
src frame 149: srcf=25 off=4860 br=8000
frame 149: send=0x0 get=0x0 len=1595 coding=1 startqp=0 meanqp=0 picbytes=0 pskip=0 nalus=1 n1:1595
  snapshot f149: 3 venc_ko blocks (pool0 0x73801000 len 0x10000)
src frame 150: srcf=24 off=5400 br=8000
frame 150: send=0x0 get=0x0 len=51112 coding=0 startqp=0 meanqp=0 picbytes=0 pskip=0 nalus=3 n7:32 n8:8 n5:51072
  snapshot f150: 3 venc_ko blocks (pool0 0x73801000 len 0x10000)
src frame 151: srcf=23 off=5400 br=8000
frame 151: send=0x0 get=0x0 len=12298 coding=1 startqp=0 meanqp=0 picbytes=0 pskip=0 nalus=1 n1:12298
  snapshot f151: 3 venc_ko blocks (pool0 0x73801000 len 0x10000)
src frame 152: srcf=22 off=5400 br=8000
frame 152: send=0x0 get=0x0 len=8499 coding=1 startqp=0 meanqp=0 picbytes=0 pskip=0 nalus=1 n1:8499
  snapshot f152: 3 venc_ko blocks (pool0 0x73801000 len 0x10000)
src frame 153: srcf=21 off=5400 br=8000
frame 153: send=0x0 get=0x0 len=8651 coding=1 startqp=0 meanqp=0 picbytes=0 pskip=0 nalus=1 n1:8651
  snapshot f153: 3 venc_ko blocks (pool0 0x73801000 len 0x10000)
src frame 154: srcf=20 off=5400 br=8000
frame 154: send=0x0 get=0x0 len=8920 coding=1 startqp=0 meanqp=0 picbytes=0 pskip=0 nalus=1 n1:8920
  snapshot f154: 3 venc_ko blocks (pool0 0x73801000 len 0x10000)
src frame 155: srcf=19 off=5400 br=8000
frame 155: send=0x0 get=0x0 len=9340 coding=1 startqp=0 meanqp=0 picbytes=0 pskip=0 nalus=1 n1:9340
  snapshot f155: 3 venc_ko blocks (pool0 0x73801000 len 0x10000)
src frame 156: srcf=18 off=5400 br=8000
frame 156: send=0x0 get=0x0 len=9392 coding=1 startqp=0 meanqp=0 picbytes=0 pskip=0 nalus=1 n1:9392
  snapshot f156: 3 venc_ko blocks (pool0 0x73801000 len 0x10000)
src frame 157: srcf=17 off=5400 br=8000
frame 157: send=0x0 get=0x0 len=3602 coding=1 startqp=0 meanqp=0 picbytes=0 pskip=0 nalus=1 n1:3602
  snapshot f157: 3 venc_ko blocks (pool0 0x73801000 len 0x10000)
src frame 158: srcf=16 off=5400 br=8000
frame 158: send=0x0 get=0x0 len=2432 coding=1 startqp=0 meanqp=0 picbytes=0 pskip=0 nalus=1 n1:2432
  snapshot f158: 3 venc_ko blocks (pool0 0x73801000 len 0x10000)
src frame 159: srcf=15 off=5400 br=8000
frame 159: send=0x0 get=0x0 len=2240 coding=1 startqp=0 meanqp=0 picbytes=0 pskip=0 nalus=1 n1:2240
  snapshot f159: 3 venc_ko blocks (pool0 0x73801000 len 0x10000)
src frame 160: srcf=14 off=5400 br=8000
frame 160: send=0x0 get=0x0 len=2216 coding=1 startqp=0 meanqp=0 picbytes=0 pskip=0 nalus=1 n1:2216
  snapshot f160: 3 venc_ko blocks (pool0 0x73801000 len 0x10000)
src frame 161: srcf=13 off=5400 br=8000
frame 161: send=0x0 get=0x0 len=2204 coding=1 startqp=0 meanqp=0 picbytes=0 pskip=0 nalus=1 n1:2204
  snapshot f161: 3 venc_ko blocks (pool0 0x73801000 len 0x10000)
src frame 162: srcf=12 off=5400 br=8000
frame 162: send=0x0 get=0x0 len=2141 coding=1 startqp=0 meanqp=0 picbytes=0 pskip=0 nalus=1 n1:2141
  snapshot f162: 3 venc_ko blocks (pool0 0x73801000 len 0x10000)
src frame 163: srcf=11 off=5400 br=8000
frame 163: send=0x0 get=0x0 len=2112 coding=1 startqp=0 meanqp=0 picbytes=0 pskip=0 nalus=1 n1:2112
  snapshot f163: 3 venc_ko blocks (pool0 0x73801000 len 0x10000)
src frame 164: srcf=10 off=5400 br=8000
frame 164: send=0x0 get=0x0 len=2097 coding=1 startqp=0 meanqp=0 picbytes=0 pskip=0 nalus=1 n1:2097
  snapshot f164: 3 venc_ko blocks (pool0 0x73801000 len 0x10000)
src frame 165: srcf=9 off=5940 br=8000
frame 165: send=0x0 get=0x0 len=64743 coding=1 startqp=0 meanqp=0 picbytes=0 pskip=0 nalus=1 n1:64743
  snapshot f165: 3 venc_ko blocks (pool0 0x73801000 len 0x10000)
src frame 166: srcf=8 off=5940 br=8000
frame 166: send=0x0 get=0x0 len=11759 coding=1 startqp=0 meanqp=0 picbytes=0 pskip=0 nalus=1 n1:11759
  snapshot f166: 3 venc_ko blocks (pool0 0x73801000 len 0x10000)
src frame 167: srcf=7 off=5940 br=8000
frame 167: send=0x0 get=0x0 len=3035 coding=1 startqp=0 meanqp=0 picbytes=0 pskip=0 nalus=1 n1:3035
  snapshot f167: 3 venc_ko blocks (pool0 0x73801000 len 0x10000)
src frame 168: srcf=6 off=5940 br=8000
frame 168: send=0x0 get=0x0 len=1551 coding=1 startqp=0 meanqp=0 picbytes=0 pskip=0 nalus=1 n1:1551
  snapshot f168: 3 venc_ko blocks (pool0 0x73801000 len 0x10000)
src frame 169: srcf=5 off=5940 br=8000
frame 169: send=0x0 get=0x0 len=1297 coding=1 startqp=0 meanqp=0 picbytes=0 pskip=0 nalus=1 n1:1297
  snapshot f169: 3 venc_ko blocks (pool0 0x73801000 len 0x10000)
src frame 170: srcf=4 off=5940 br=8000
frame 170: send=0x0 get=0x0 len=1254 coding=1 startqp=0 meanqp=0 picbytes=0 pskip=0 nalus=1 n1:1254
  snapshot f170: 3 venc_ko blocks (pool0 0x73801000 len 0x10000)
src frame 171: srcf=3 off=5940 br=8000
frame 171: send=0x0 get=0x0 len=1247 coding=1 startqp=0 meanqp=0 picbytes=0 pskip=0 nalus=1 n1:1247
  snapshot f171: 3 venc_ko blocks (pool0 0x73801000 len 0x10000)
src frame 172: srcf=2 off=5940 br=8000
frame 172: send=0x0 get=0x0 len=1242 coding=1 startqp=0 meanqp=0 picbytes=0 pskip=0 nalus=1 n1:1242
  snapshot f172: 3 venc_ko blocks (pool0 0x73801000 len 0x10000)
src frame 173: srcf=1 off=5940 br=8000
frame 173: send=0x0 get=0x0 len=1243 coding=1 startqp=0 meanqp=0 picbytes=0 pskip=0 nalus=1 n1:1243
  snapshot f173: 3 venc_ko blocks (pool0 0x73801000 len 0x10000)
src frame 174: srcf=0 off=5940 br=8000
frame 174: send=0x0 get=0x0 len=1242 coding=1 startqp=0 meanqp=0 picbytes=0 pskip=0 nalus=1 n1:1242
  snapshot f174: 3 venc_ko blocks (pool0 0x73801000 len 0x10000)
src frame 175: srcf=1 off=5940 br=8000
frame 175: send=0x0 get=0x0 len=1243 coding=1 startqp=0 meanqp=0 picbytes=0 pskip=0 nalus=1 n1:1243
  snapshot f175: 3 venc_ko blocks (pool0 0x73801000 len 0x10000)
src frame 176: srcf=2 off=5940 br=8000
frame 176: send=0x0 get=0x0 len=1242 coding=1 startqp=0 meanqp=0 picbytes=0 pskip=0 nalus=1 n1:1242
  snapshot f176: 3 venc_ko blocks (pool0 0x73801000 len 0x10000)
src frame 177: srcf=3 off=5940 br=8000
frame 177: send=0x0 get=0x0 len=1243 coding=1 startqp=0 meanqp=0 picbytes=0 pskip=0 nalus=1 n1:1243
  snapshot f177: 3 venc_ko blocks (pool0 0x73801000 len 0x10000)
src frame 178: srcf=4 off=5940 br=8000
frame 178: send=0x0 get=0x0 len=1242 coding=1 startqp=0 meanqp=0 picbytes=0 pskip=0 nalus=1 n1:1242
  snapshot f178: 3 venc_ko blocks (pool0 0x73801000 len 0x10000)
src frame 179: srcf=5 off=5940 br=8000
frame 179: send=0x0 get=0x0 len=1243 coding=1 startqp=0 meanqp=0 picbytes=0 pskip=0 nalus=1 n1:1243
  snapshot f179: 3 venc_ko blocks (pool0 0x73801000 len 0x10000)
src frame 180: srcf=6 off=6480 br=8000
frame 180: send=0x0 get=0x0 len=56299 coding=0 startqp=0 meanqp=0 picbytes=0 pskip=0 nalus=3 n7:32 n8:8 n5:56259
  snapshot f180: 3 venc_ko blocks (pool0 0x73801000 len 0x10000)
src frame 181: srcf=7 off=6480 br=8000
frame 181: send=0x0 get=0x0 len=11131 coding=1 startqp=0 meanqp=0 picbytes=0 pskip=0 nalus=1 n1:11131
  snapshot f181: 3 venc_ko blocks (pool0 0x73801000 len 0x10000)
src frame 182: srcf=8 off=6480 br=8000
frame 182: send=0x0 get=0x0 len=9543 coding=1 startqp=0 meanqp=0 picbytes=0 pskip=0 nalus=1 n1:9543
  snapshot f182: 3 venc_ko blocks (pool0 0x73801000 len 0x10000)
src frame 183: srcf=9 off=6480 br=8000
frame 183: send=0x0 get=0x0 len=8706 coding=1 startqp=0 meanqp=0 picbytes=0 pskip=0 nalus=1 n1:8706
  snapshot f183: 3 venc_ko blocks (pool0 0x73801000 len 0x10000)
src frame 184: srcf=10 off=6480 br=8000
frame 184: send=0x0 get=0x0 len=9204 coding=1 startqp=0 meanqp=0 picbytes=0 pskip=0 nalus=1 n1:9204
  snapshot f184: 3 venc_ko blocks (pool0 0x73801000 len 0x10000)
src frame 185: srcf=11 off=6480 br=8000
frame 185: send=0x0 get=0x0 len=3299 coding=1 startqp=0 meanqp=0 picbytes=0 pskip=0 nalus=1 n1:3299
  snapshot f185: 3 venc_ko blocks (pool0 0x73801000 len 0x10000)
src frame 186: srcf=12 off=6480 br=8000
frame 186: send=0x0 get=0x0 len=2210 coding=1 startqp=0 meanqp=0 picbytes=0 pskip=0 nalus=1 n1:2210
  snapshot f186: 3 venc_ko blocks (pool0 0x73801000 len 0x10000)
src frame 187: srcf=13 off=6480 br=8000
frame 187: send=0x0 get=0x0 len=1988 coding=1 startqp=0 meanqp=0 picbytes=0 pskip=0 nalus=1 n1:1988
  snapshot f187: 3 venc_ko blocks (pool0 0x73801000 len 0x10000)
src frame 188: srcf=14 off=6480 br=8000
frame 188: send=0x0 get=0x0 len=1954 coding=1 startqp=0 meanqp=0 picbytes=0 pskip=0 nalus=1 n1:1954
  snapshot f188: 3 venc_ko blocks (pool0 0x73801000 len 0x10000)
src frame 189: srcf=15 off=6480 br=8000
frame 189: send=0x0 get=0x0 len=2017 coding=1 startqp=0 meanqp=0 picbytes=0 pskip=0 nalus=1 n1:2017
  snapshot f189: 3 venc_ko blocks (pool0 0x73801000 len 0x10000)
src frame 190: srcf=16 off=6480 br=8000
frame 190: send=0x0 get=0x0 len=1921 coding=1 startqp=0 meanqp=0 picbytes=0 pskip=0 nalus=1 n1:1921
  snapshot f190: 3 venc_ko blocks (pool0 0x73801000 len 0x10000)
src frame 191: srcf=17 off=6480 br=8000
frame 191: send=0x0 get=0x0 len=1919 coding=1 startqp=0 meanqp=0 picbytes=0 pskip=0 nalus=1 n1:1919
  snapshot f191: 3 venc_ko blocks (pool0 0x73801000 len 0x10000)
src frame 192: srcf=18 off=6480 br=8000
frame 192: send=0x0 get=0x0 len=1883 coding=1 startqp=0 meanqp=0 picbytes=0 pskip=0 nalus=1 n1:1883
  snapshot f192: 3 venc_ko blocks (pool0 0x73801000 len 0x10000)
src frame 193: srcf=19 off=6480 br=8000
frame 193: send=0x0 get=0x0 len=1866 coding=1 startqp=0 meanqp=0 picbytes=0 pskip=0 nalus=1 n1:1866
  snapshot f193: 3 venc_ko blocks (pool0 0x73801000 len 0x10000)
src frame 194: srcf=20 off=6480 br=8000
frame 194: send=0x0 get=0x0 len=1778 coding=1 startqp=0 meanqp=0 picbytes=0 pskip=0 nalus=1 n1:1778
  snapshot f194: 3 venc_ko blocks (pool0 0x73801000 len 0x10000)
src frame 195: srcf=21 off=7020 br=8000
frame 195: send=0x0 get=0x0 len=60011 coding=1 startqp=0 meanqp=0 picbytes=0 pskip=0 nalus=1 n1:60011
  snapshot f195: 3 venc_ko blocks (pool0 0x73801000 len 0x10000)
src frame 196: srcf=22 off=7020 br=8000
frame 196: send=0x0 get=0x0 len=15742 coding=1 startqp=0 meanqp=0 picbytes=0 pskip=0 nalus=1 n1:15742
  snapshot f196: 3 venc_ko blocks (pool0 0x73801000 len 0x10000)
src frame 197: srcf=23 off=7020 br=8000
frame 197: send=0x0 get=0x0 len=4979 coding=1 startqp=0 meanqp=0 picbytes=0 pskip=0 nalus=1 n1:4979
  snapshot f197: 3 venc_ko blocks (pool0 0x73801000 len 0x10000)
src frame 198: srcf=24 off=7020 br=8000
frame 198: send=0x0 get=0x0 len=2118 coding=1 startqp=0 meanqp=0 picbytes=0 pskip=0 nalus=1 n1:2118
  snapshot f198: 3 venc_ko blocks (pool0 0x73801000 len 0x10000)
src frame 199: srcf=25 off=7020 br=8000
frame 199: send=0x0 get=0x0 len=1569 coding=1 startqp=0 meanqp=0 picbytes=0 pskip=0 nalus=1 n1:1569
  snapshot f199: 3 venc_ko blocks (pool0 0x73801000 len 0x10000)
src frame 200: srcf=26 off=7020 br=8000
frame 200: send=0x0 get=0x0 len=1489 coding=1 startqp=0 meanqp=0 picbytes=0 pskip=0 nalus=1 n1:1489
  snapshot f200: 3 venc_ko blocks (pool0 0x73801000 len 0x10000)
src frame 201: srcf=27 off=7020 br=8000
frame 201: send=0x0 get=0x0 len=1485 coding=1 startqp=0 meanqp=0 picbytes=0 pskip=0 nalus=1 n1:1485
  snapshot f201: 3 venc_ko blocks (pool0 0x73801000 len 0x10000)
src frame 202: srcf=28 off=7020 br=8000
frame 202: send=0x0 get=0x0 len=1484 coding=1 startqp=0 meanqp=0 picbytes=0 pskip=0 nalus=1 n1:1484
  snapshot f202: 3 venc_ko blocks (pool0 0x73801000 len 0x10000)
src frame 203: srcf=29 off=7020 br=8000
frame 203: send=0x0 get=0x0 len=1485 coding=1 startqp=0 meanqp=0 picbytes=0 pskip=0 nalus=1 n1:1485
  snapshot f203: 3 venc_ko blocks (pool0 0x73801000 len 0x10000)
src frame 204: srcf=28 off=7020 br=8000
frame 204: send=0x0 get=0x0 len=1484 coding=1 startqp=0 meanqp=0 picbytes=0 pskip=0 nalus=1 n1:1484
  snapshot f204: 3 venc_ko blocks (pool0 0x73801000 len 0x10000)
src frame 205: srcf=27 off=7020 br=8000
frame 205: send=0x0 get=0x0 len=1485 coding=1 startqp=0 meanqp=0 picbytes=0 pskip=0 nalus=1 n1:1485
  snapshot f205: 3 venc_ko blocks (pool0 0x73801000 len 0x10000)
src frame 206: srcf=26 off=7020 br=8000
frame 206: send=0x0 get=0x0 len=1484 coding=1 startqp=0 meanqp=0 picbytes=0 pskip=0 nalus=1 n1:1484
  snapshot f206: 3 venc_ko blocks (pool0 0x73801000 len 0x10000)
src frame 207: srcf=25 off=7020 br=8000
frame 207: send=0x0 get=0x0 len=1485 coding=1 startqp=0 meanqp=0 picbytes=0 pskip=0 nalus=1 n1:1485
  snapshot f207: 3 venc_ko blocks (pool0 0x73801000 len 0x10000)
src frame 208: srcf=24 off=7020 br=8000
frame 208: send=0x0 get=0x0 len=1484 coding=1 startqp=0 meanqp=0 picbytes=0 pskip=0 nalus=1 n1:1484
  snapshot f208: 3 venc_ko blocks (pool0 0x73801000 len 0x10000)
src frame 209: srcf=23 off=7020 br=8000
frame 209: send=0x0 get=0x0 len=1485 coding=1 startqp=0 meanqp=0 picbytes=0 pskip=0 nalus=1 n1:1485
  snapshot f209: 3 venc_ko blocks (pool0 0x73801000 len 0x10000)
src frame 210: srcf=22 off=7560 br=8000
frame 210: send=0x0 get=0x0 len=60896 coding=0 startqp=0 meanqp=0 picbytes=0 pskip=0 nalus=3 n7:32 n8:8 n5:60856
  snapshot f210: 3 venc_ko blocks (pool0 0x73801000 len 0x10000)
src frame 211: srcf=21 off=7560 br=8000
frame 211: send=0x0 get=0x0 len=13409 coding=1 startqp=0 meanqp=0 picbytes=0 pskip=0 nalus=1 n1:13409
  snapshot f211: 3 venc_ko blocks (pool0 0x73801000 len 0x10000)
src frame 212: srcf=20 off=7560 br=8000
frame 212: send=0x0 get=0x0 len=9771 coding=1 startqp=0 meanqp=0 picbytes=0 pskip=0 nalus=1 n1:9771
  snapshot f212: 3 venc_ko blocks (pool0 0x73801000 len 0x10000)
src frame 213: srcf=19 off=7560 br=8000
frame 213: send=0x0 get=0x0 len=3579 coding=1 startqp=0 meanqp=0 picbytes=0 pskip=0 nalus=1 n1:3579
  snapshot f213: 3 venc_ko blocks (pool0 0x73801000 len 0x10000)
src frame 214: srcf=18 off=7560 br=8000
frame 214: send=0x0 get=0x0 len=2170 coding=1 startqp=0 meanqp=0 picbytes=0 pskip=0 nalus=1 n1:2170
  snapshot f214: 3 venc_ko blocks (pool0 0x73801000 len 0x10000)
src frame 215: srcf=17 off=7560 br=8000
frame 215: send=0x0 get=0x0 len=1929 coding=1 startqp=0 meanqp=0 picbytes=0 pskip=0 nalus=1 n1:1929
  snapshot f215: 3 venc_ko blocks (pool0 0x73801000 len 0x10000)
src frame 216: srcf=16 off=7560 br=8000
frame 216: send=0x0 get=0x0 len=1905 coding=1 startqp=0 meanqp=0 picbytes=0 pskip=0 nalus=1 n1:1905
  snapshot f216: 3 venc_ko blocks (pool0 0x73801000 len 0x10000)
src frame 217: srcf=15 off=7560 br=8000
frame 217: send=0x0 get=0x0 len=1948 coding=1 startqp=0 meanqp=0 picbytes=0 pskip=0 nalus=1 n1:1948
  snapshot f217: 3 venc_ko blocks (pool0 0x73801000 len 0x10000)
src frame 218: srcf=14 off=7560 br=8000
frame 218: send=0x0 get=0x0 len=1858 coding=1 startqp=0 meanqp=0 picbytes=0 pskip=0 nalus=1 n1:1858
  snapshot f218: 3 venc_ko blocks (pool0 0x73801000 len 0x10000)
src frame 219: srcf=13 off=7560 br=8000
frame 219: send=0x0 get=0x0 len=1902 coding=1 startqp=0 meanqp=0 picbytes=0 pskip=0 nalus=1 n1:1902
  snapshot f219: 3 venc_ko blocks (pool0 0x73801000 len 0x10000)
src frame 220: srcf=12 off=7560 br=8000
frame 220: send=0x0 get=0x0 len=1899 coding=1 startqp=0 meanqp=0 picbytes=0 pskip=0 nalus=1 n1:1899
  snapshot f220: 3 venc_ko blocks (pool0 0x73801000 len 0x10000)
src frame 221: srcf=11 off=7560 br=8000
frame 221: send=0x0 get=0x0 len=1878 coding=1 startqp=0 meanqp=0 picbytes=0 pskip=0 nalus=1 n1:1878
  snapshot f221: 3 venc_ko blocks (pool0 0x73801000 len 0x10000)
src frame 222: srcf=10 off=7560 br=8000
frame 222: send=0x0 get=0x0 len=1846 coding=1 startqp=0 meanqp=0 picbytes=0 pskip=0 nalus=1 n1:1846
  snapshot f222: 3 venc_ko blocks (pool0 0x73801000 len 0x10000)
src frame 223: srcf=9 off=7560 br=8000
frame 223: send=0x0 get=0x0 len=1797 coding=1 startqp=0 meanqp=0 picbytes=0 pskip=0 nalus=1 n1:1797
  snapshot f223: 3 venc_ko blocks (pool0 0x73801000 len 0x10000)
src frame 224: srcf=8 off=7560 br=8000
frame 224: send=0x0 get=0x0 len=1784 coding=1 startqp=0 meanqp=0 picbytes=0 pskip=0 nalus=1 n1:1784
  snapshot f224: 3 venc_ko blocks (pool0 0x73801000 len 0x10000)
src frame 225: srcf=7 off=8100 br=8000
frame 225: send=0x0 get=0x0 len=68251 coding=1 startqp=0 meanqp=0 picbytes=0 pskip=0 nalus=1 n1:68251
  snapshot f225: 3 venc_ko blocks (pool0 0x73801000 len 0x10000)
src frame 226: srcf=6 off=8100 br=8000
frame 226: send=0x0 get=0x0 len=7910 coding=1 startqp=0 meanqp=0 picbytes=0 pskip=0 nalus=1 n1:7910
  snapshot f226: 3 venc_ko blocks (pool0 0x73801000 len 0x10000)
src frame 227: srcf=5 off=8100 br=8000
frame 227: send=0x0 get=0x0 len=2377 coding=1 startqp=0 meanqp=0 picbytes=0 pskip=0 nalus=1 n1:2377
  snapshot f227: 3 venc_ko blocks (pool0 0x73801000 len 0x10000)
src frame 228: srcf=4 off=8100 br=8000
frame 228: send=0x0 get=0x0 len=1437 coding=1 startqp=0 meanqp=0 picbytes=0 pskip=0 nalus=1 n1:1437
  snapshot f228: 3 venc_ko blocks (pool0 0x73801000 len 0x10000)
src frame 229: srcf=3 off=8100 br=8000
frame 229: send=0x0 get=0x0 len=1244 coding=1 startqp=0 meanqp=0 picbytes=0 pskip=0 nalus=1 n1:1244
  snapshot f229: 3 venc_ko blocks (pool0 0x73801000 len 0x10000)
src frame 230: srcf=2 off=8100 br=8000
frame 230: send=0x0 get=0x0 len=1226 coding=1 startqp=0 meanqp=0 picbytes=0 pskip=0 nalus=1 n1:1226
  snapshot f230: 3 venc_ko blocks (pool0 0x73801000 len 0x10000)
src frame 231: srcf=1 off=8100 br=8000
frame 231: send=0x0 get=0x0 len=1231 coding=1 startqp=0 meanqp=0 picbytes=0 pskip=0 nalus=1 n1:1231
  snapshot f231: 3 venc_ko blocks (pool0 0x73801000 len 0x10000)
src frame 232: srcf=0 off=8100 br=8000
frame 232: send=0x0 get=0x0 len=1226 coding=1 startqp=0 meanqp=0 picbytes=0 pskip=0 nalus=1 n1:1226
  snapshot f232: 3 venc_ko blocks (pool0 0x73801000 len 0x10000)
src frame 233: srcf=1 off=8100 br=8000
frame 233: send=0x0 get=0x0 len=1231 coding=1 startqp=0 meanqp=0 picbytes=0 pskip=0 nalus=1 n1:1231
  snapshot f233: 3 venc_ko blocks (pool0 0x73801000 len 0x10000)
src frame 234: srcf=2 off=8100 br=8000
frame 234: send=0x0 get=0x0 len=1226 coding=1 startqp=0 meanqp=0 picbytes=0 pskip=0 nalus=1 n1:1226
  snapshot f234: 3 venc_ko blocks (pool0 0x73801000 len 0x10000)
src frame 235: srcf=3 off=8100 br=8000
frame 235: send=0x0 get=0x0 len=1231 coding=1 startqp=0 meanqp=0 picbytes=0 pskip=0 nalus=1 n1:1231
  snapshot f235: 3 venc_ko blocks (pool0 0x73801000 len 0x10000)
src frame 236: srcf=4 off=8100 br=8000
frame 236: send=0x0 get=0x0 len=1226 coding=1 startqp=0 meanqp=0 picbytes=0 pskip=0 nalus=1 n1:1226
  snapshot f236: 3 venc_ko blocks (pool0 0x73801000 len 0x10000)
src frame 237: srcf=5 off=8100 br=8000
frame 237: send=0x0 get=0x0 len=1231 coding=1 startqp=0 meanqp=0 picbytes=0 pskip=0 nalus=1 n1:1231
  snapshot f237: 3 venc_ko blocks (pool0 0x73801000 len 0x10000)
src frame 238: srcf=6 off=8100 br=8000
frame 238: send=0x0 get=0x0 len=1226 coding=1 startqp=0 meanqp=0 picbytes=0 pskip=0 nalus=1 n1:1226
  snapshot f238: 3 venc_ko blocks (pool0 0x73801000 len 0x10000)
src frame 239: srcf=7 off=8100 br=8000
frame 239: send=0x0 get=0x0 len=1231 coding=1 startqp=0 meanqp=0 picbytes=0 pskip=0 nalus=1 n1:1231
  snapshot f239: 3 venc_ko blocks (pool0 0x73801000 len 0x10000)
---- /proc/ax_proc/venc ----
-------- VENC VERSION ------------------------
[Axera version]: ax_venc V3.0.0_20250319114413 Mar 19 2025 11:58:34 JK

-------- MODULE PARAM ------------------------
MaxChnNum   MaxRoiNum   MaxProcNum  
16          8           16          

-------- VENC CHN ATTR 1 ------------------------
ID    Type    wSrc    hSrc    Strd0   Strd1   maxW    maxH    PixFmt  link  InFifoDep    OutFifoDep   InDbgFifoLen InDbgFifoDep StrmBufSize(KB)
7     h264    1920    1080    3840    0       1920    1080    YUYV422 N     2            2            0            4            4114      
-------- VENC CHN ATTR 2 ------------------------
ID    [CropEn StartX  StartY  CropW   CropH]  Rotation  EncW    EncH    FrmSize      PTS          SeqNum       CompMode     CompLevel    PhyAddr0     PhyAddr1     PhyAddr2     
7     N       0       0       0       0       0         1920    1080    4147200      3833333      231          NONE         0            742d1000     0            0            
-------- VENC RC ATTR 1 ------------------------
ID    RcMode    SrcFr   DstFr   Br(kbps)  MinQp   MaxQp   MinIQp  MaxIQp  IQpDelta  IpropMax   IpropMin   StartQp    QpDltRng   DeBrQpDlt  SvcEn   ChgPos  StillPercent MaxStillQp 
7     CBR       60.00   60.00   8000      10      51      10      51      0         40         10         -1         2          0          False   -       -            -          
-------- VENC RC ATTR 2  -----------------------
ID    QMapQpType  QMapUnit    QMapBlkType IQp   PQp   MinQpDelta MaxQpDelta MaxBitRate shtStaTime ltStaTime  ltMinBr  ltMaxBr  Br_ST(kbps)    Br_LT(kbps)    
7     N/A         64x64       N/A         -     -     -          -          -          -          -          -        -        -              -              
-------- VENC GOP ATTR  ------------------------
ID    GopMode   Gop   GopVI 
7     NormalP   30    0     
-------- VENC STATUS 1 -------------------------
ID    RJEn         RJThr(bps)   RJMode       RJEncGaps    SupFrmEn     SupPri       SupThrI      SupThrP      SplitEn      SliceNum     Range(In)    Range(out)   
7     N            0            Normal       0            N            0            500000       500000       N            0            Full         Full         
-------- VENC STATUS 2 -------------------------
ID    ChnStat   FrmRecv   FrmRls    FrmEnc    FrmDrop   FrmDup    EncFail   MissMatch StrmGet   StrmRls   OutFps    RealBr    ReEncCnt  DropCnt   BlkFail   GrpID     PID     TID     ThNum   RefInc    RefDec    Fail1   Fail2   Fail3   Fail4   
7     STARTED   232       231       231       0         0         0         0         231       231       50.00     2708.58   0         0         0         -1        130491  130495  1       232       231       0       0       0       0       
-------- VENC HW STATUS  ------------------------
ID    OverFlow     TimeOut      
7     0            0            
-------- VENC ROI INFO  ------------------------
ID    Index        bEnable      bAbsQp       RoiQP        Width        Height       StartX       StartY       
done h264_jump15_cbr8000
rc=0
== h264_jump15_cbr8000: codec=h264 rc=cbr br=8000 fps=60 gop=30 frames=240 total=1877739 B achieved=3755 kbps
I frames (frame:qp/bytes): 0:32/30842 30:30/34365 60:28/38177 90:26/42391 120:24/46570 150:22/51112 180:20/56299 210:18/60896
first P after each I (frame:qp): 1:35 31:33 61:31 91:29 121:27 151:25 181:23 211:21
per-GOP: gop#: kbps I_qp P_qp[min..max] P_qp_last
  0: 4064 kbps I=[32] P=[21..35] last=21 n=30
  1: 4078 kbps I=[30] P=[19..33] last=19 n=30
  2: 4110 kbps I=[28] P=[17..31] last=17 n=30
  3: 3817 kbps I=[26] P=[15..29] last=15 n=30
  4: 3748 kbps I=[24] P=[13..27] last=13 n=30
  5: 3553 kbps I=[22] P=[11..25] last=11 n=30
  6: 3440 kbps I=[20] P=[10..23] last=10 n=30
  7: 3233 kbps I=[18] P=[10..21] last=10 n=30
P->P QP step histogram: -2:1 -1:114 +0:101 +1:8
I->firstP QP delta: +3 +3 +3 +3 +3 +3 +3 +3
sw7 frame-QP == slice QP: 240/240 frames with a program agree; mismatches at []
slot flags: {'': 240}
sw105-107 distinct (I): [('0x1adb00', '0x1adb00', '0x1adb00'), ('0x2361f8', '0x2361f8', '0x2361f8'), ('0x26ebc4', '0x26ebc4', '0x26ebc4')]
sw172/173 distinct: [('0x14f', '0x662'), ('0x14f', '0x66a')]
sw6 distinct (I / P): ['0x3'] ['0x3']
=== h264_jump1_cbr16000: codec=h264 rc=cbr br=16000 nframes=240 src=/root/rc65/clips/static.yuyv motion=jump mstep=1
# vdrive tag=h264_jump1_cbr16000 codec=h264 1920x1080 rc=cbr br=16000 fps=60/60 gop=30 gopmode=normalp ltrint=0 ltrqpo=0 iqp=32 pqp=32 profile=10 level=51 tier=0 qp[10..51] iqp[10..51] iqd=0 firstqp=-1 iprop[10..40] idrrange=2 stattime=1 vq=0 ir=0/0 slice=0 debreath=0 scd=-1 rowqpd=-1 vui=-1 move=0 nframes=240
src=/root/rc65/clips/static.yuyv frames=30 loop=pingpong motion=jump mstep=1 window=0..-1
AX_SYS_Init rc=0x0
AX_VENC_Init rc=0x0
AX_VENC_CreateChn(7) rc=0x0
StartRecvFrame rc=0x0
AX_POOL_CreatePool id=0x0
blk=0x5e000000 phys=0x742d1000 virt=0xffffb1b65000
frame: modid=0x11 stride=1920 fmt=0xd
  snapshot pre: 3 venc_ko blocks (pool0 0x73801000 len 0x10000)
src frame 0: srcf=0 off=0 br=16000
frame 0: send=0x0 get=0x0 len=30843 coding=0 startqp=0 meanqp=0 picbytes=0 pskip=0 nalus=3 n7:32 n8:8 n5:30803
  snapshot f000: 3 venc_ko blocks (pool0 0x73801000 len 0x10000)
src frame 1: srcf=1 off=540 br=16000
frame 1: send=0x0 get=0x0 len=21363 coding=1 startqp=0 meanqp=0 picbytes=0 pskip=0 nalus=1 n1:21363
  snapshot f001: 3 venc_ko blocks (pool0 0x73801000 len 0x10000)
src frame 2: srcf=2 off=1080 br=16000
frame 2: send=0x0 get=0x0 len=21991 coding=1 startqp=0 meanqp=0 picbytes=0 pskip=0 nalus=1 n1:21991
  snapshot f002: 3 venc_ko blocks (pool0 0x73801000 len 0x10000)
src frame 3: srcf=3 off=1620 br=16000
frame 3: send=0x0 get=0x0 len=24231 coding=1 startqp=0 meanqp=0 picbytes=0 pskip=0 nalus=1 n1:24231
  snapshot f003: 3 venc_ko blocks (pool0 0x73801000 len 0x10000)
src frame 4: srcf=4 off=2160 br=16000
frame 4: send=0x0 get=0x0 len=23323 coding=1 startqp=0 meanqp=0 picbytes=0 pskip=0 nalus=1 n1:23323
  snapshot f004: 3 venc_ko blocks (pool0 0x73801000 len 0x10000)
src frame 5: srcf=5 off=2700 br=16000
frame 5: send=0x0 get=0x0 len=27452 coding=1 startqp=0 meanqp=0 picbytes=0 pskip=0 nalus=1 n1:27452
  snapshot f005: 3 venc_ko blocks (pool0 0x73801000 len 0x10000)
src frame 6: srcf=6 off=3240 br=16000
frame 6: send=0x0 get=0x0 len=25555 coding=1 startqp=0 meanqp=0 picbytes=0 pskip=0 nalus=1 n1:25555
  snapshot f006: 3 venc_ko blocks (pool0 0x73801000 len 0x10000)
src frame 7: srcf=7 off=3780 br=16000
frame 7: send=0x0 get=0x0 len=31496 coding=1 startqp=0 meanqp=0 picbytes=0 pskip=0 nalus=1 n1:31496
  snapshot f007: 3 venc_ko blocks (pool0 0x73801000 len 0x10000)
src frame 8: srcf=8 off=4320 br=16000
frame 8: send=0x0 get=0x0 len=28485 coding=1 startqp=0 meanqp=0 picbytes=0 pskip=0 nalus=1 n1:28485
  snapshot f008: 3 venc_ko blocks (pool0 0x73801000 len 0x10000)
src frame 9: srcf=9 off=4860 br=16000
frame 9: send=0x0 get=0x0 len=34851 coding=1 startqp=0 meanqp=0 picbytes=0 pskip=0 nalus=1 n1:34851
  snapshot f009: 3 venc_ko blocks (pool0 0x73801000 len 0x10000)
src frame 10: srcf=10 off=5400 br=16000
frame 10: send=0x0 get=0x0 len=29375 coding=1 startqp=0 meanqp=0 picbytes=0 pskip=0 nalus=1 n1:29375
  snapshot f010: 3 venc_ko blocks (pool0 0x73801000 len 0x10000)
src frame 11: srcf=11 off=5940 br=16000
frame 11: send=0x0 get=0x0 len=36740 coding=1 startqp=0 meanqp=0 picbytes=0 pskip=0 nalus=1 n1:36740
  snapshot f011: 3 venc_ko blocks (pool0 0x73801000 len 0x10000)
src frame 12: srcf=12 off=6480 br=16000
frame 12: send=0x0 get=0x0 len=29193 coding=1 startqp=0 meanqp=0 picbytes=0 pskip=0 nalus=1 n1:29193
  snapshot f012: 3 venc_ko blocks (pool0 0x73801000 len 0x10000)
src frame 13: srcf=13 off=7020 br=16000
frame 13: send=0x0 get=0x0 len=36842 coding=1 startqp=0 meanqp=0 picbytes=0 pskip=0 nalus=1 n1:36842
  snapshot f013: 3 venc_ko blocks (pool0 0x73801000 len 0x10000)
src frame 14: srcf=14 off=7560 br=16000
frame 14: send=0x0 get=0x0 len=29473 coding=1 startqp=0 meanqp=0 picbytes=0 pskip=0 nalus=1 n1:29473
  snapshot f014: 3 venc_ko blocks (pool0 0x73801000 len 0x10000)
src frame 15: srcf=15 off=8100 br=16000
frame 15: send=0x0 get=0x0 len=36568 coding=1 startqp=0 meanqp=0 picbytes=0 pskip=0 nalus=1 n1:36568
  snapshot f015: 3 venc_ko blocks (pool0 0x73801000 len 0x10000)
src frame 16: srcf=16 off=8640 br=16000
frame 16: send=0x0 get=0x0 len=29278 coding=1 startqp=0 meanqp=0 picbytes=0 pskip=0 nalus=1 n1:29278
  snapshot f016: 3 venc_ko blocks (pool0 0x73801000 len 0x10000)
src frame 17: srcf=17 off=9180 br=16000
frame 17: send=0x0 get=0x0 len=36652 coding=1 startqp=0 meanqp=0 picbytes=0 pskip=0 nalus=1 n1:36652
  snapshot f017: 3 venc_ko blocks (pool0 0x73801000 len 0x10000)
src frame 18: srcf=18 off=9720 br=16000
frame 18: send=0x0 get=0x0 len=29371 coding=1 startqp=0 meanqp=0 picbytes=0 pskip=0 nalus=1 n1:29371
  snapshot f018: 3 venc_ko blocks (pool0 0x73801000 len 0x10000)
src frame 19: srcf=19 off=10260 br=16000
frame 19: send=0x0 get=0x0 len=37016 coding=1 startqp=0 meanqp=0 picbytes=0 pskip=0 nalus=1 n1:37016
  snapshot f019: 3 venc_ko blocks (pool0 0x73801000 len 0x10000)
src frame 20: srcf=20 off=10800 br=16000
frame 20: send=0x0 get=0x0 len=29273 coding=1 startqp=0 meanqp=0 picbytes=0 pskip=0 nalus=1 n1:29273
  snapshot f020: 3 venc_ko blocks (pool0 0x73801000 len 0x10000)
src frame 21: srcf=21 off=11340 br=16000
frame 21: send=0x0 get=0x0 len=36857 coding=1 startqp=0 meanqp=0 picbytes=0 pskip=0 nalus=1 n1:36857
  snapshot f021: 3 venc_ko blocks (pool0 0x73801000 len 0x10000)
src frame 22: srcf=22 off=11880 br=16000
frame 22: send=0x0 get=0x0 len=29536 coding=1 startqp=0 meanqp=0 picbytes=0 pskip=0 nalus=1 n1:29536
  snapshot f022: 3 venc_ko blocks (pool0 0x73801000 len 0x10000)
src frame 23: srcf=23 off=12420 br=16000
frame 23: send=0x0 get=0x0 len=37113 coding=1 startqp=0 meanqp=0 picbytes=0 pskip=0 nalus=1 n1:37113
  snapshot f023: 3 venc_ko blocks (pool0 0x73801000 len 0x10000)
src frame 24: srcf=24 off=12960 br=16000
frame 24: send=0x0 get=0x0 len=29312 coding=1 startqp=0 meanqp=0 picbytes=0 pskip=0 nalus=1 n1:29312
  snapshot f024: 3 venc_ko blocks (pool0 0x73801000 len 0x10000)
src frame 25: srcf=25 off=13500 br=16000
frame 25: send=0x0 get=0x0 len=37257 coding=1 startqp=0 meanqp=0 picbytes=0 pskip=0 nalus=1 n1:37257
  snapshot f025: 3 venc_ko blocks (pool0 0x73801000 len 0x10000)
src frame 26: srcf=26 off=14040 br=16000
frame 26: send=0x0 get=0x0 len=29679 coding=1 startqp=0 meanqp=0 picbytes=0 pskip=0 nalus=1 n1:29679
  snapshot f026: 3 venc_ko blocks (pool0 0x73801000 len 0x10000)
src frame 27: srcf=27 off=14580 br=16000
frame 27: send=0x0 get=0x0 len=36987 coding=1 startqp=0 meanqp=0 picbytes=0 pskip=0 nalus=1 n1:36987
  snapshot f027: 3 venc_ko blocks (pool0 0x73801000 len 0x10000)
src frame 28: srcf=28 off=15120 br=16000
frame 28: send=0x0 get=0x0 len=30986 coding=1 startqp=0 meanqp=0 picbytes=0 pskip=0 nalus=1 n1:30986
  snapshot f028: 3 venc_ko blocks (pool0 0x73801000 len 0x10000)
src frame 29: srcf=29 off=15660 br=16000
frame 29: send=0x0 get=0x0 len=38479 coding=1 startqp=0 meanqp=0 picbytes=0 pskip=0 nalus=1 n1:38479
  snapshot f029: 3 venc_ko blocks (pool0 0x73801000 len 0x10000)
src frame 30: srcf=28 off=16200 br=16000
frame 30: send=0x0 get=0x0 len=34366 coding=0 startqp=0 meanqp=0 picbytes=0 pskip=0 nalus=3 n7:32 n8:8 n5:34326
  snapshot f030: 3 venc_ko blocks (pool0 0x73801000 len 0x10000)
src frame 31: srcf=27 off=16740 br=16000
frame 31: send=0x0 get=0x0 len=24176 coding=1 startqp=0 meanqp=0 picbytes=0 pskip=0 nalus=1 n1:24176
  snapshot f031: 3 venc_ko blocks (pool0 0x73801000 len 0x10000)
src frame 32: srcf=26 off=17280 br=16000
frame 32: send=0x0 get=0x0 len=22696 coding=1 startqp=0 meanqp=0 picbytes=0 pskip=0 nalus=1 n1:22696
  snapshot f032: 3 venc_ko blocks (pool0 0x73801000 len 0x10000)
src frame 33: srcf=25 off=17820 br=16000
frame 33: send=0x0 get=0x0 len=27338 coding=1 startqp=0 meanqp=0 picbytes=0 pskip=0 nalus=1 n1:27338
  snapshot f033: 3 venc_ko blocks (pool0 0x73801000 len 0x10000)
src frame 34: srcf=24 off=18360 br=16000
frame 34: send=0x0 get=0x0 len=24948 coding=1 startqp=0 meanqp=0 picbytes=0 pskip=0 nalus=1 n1:24948
  snapshot f034: 3 venc_ko blocks (pool0 0x73801000 len 0x10000)
src frame 35: srcf=23 off=18900 br=16000
frame 35: send=0x0 get=0x0 len=29943 coding=1 startqp=0 meanqp=0 picbytes=0 pskip=0 nalus=1 n1:29943
  snapshot f035: 3 venc_ko blocks (pool0 0x73801000 len 0x10000)
src frame 36: srcf=22 off=19440 br=16000
frame 36: send=0x0 get=0x0 len=28190 coding=1 startqp=0 meanqp=0 picbytes=0 pskip=0 nalus=1 n1:28190
  snapshot f036: 3 venc_ko blocks (pool0 0x73801000 len 0x10000)
src frame 37: srcf=21 off=19980 br=16000
frame 37: send=0x0 get=0x0 len=33079 coding=1 startqp=0 meanqp=0 picbytes=0 pskip=0 nalus=1 n1:33079
  snapshot f037: 3 venc_ko blocks (pool0 0x73801000 len 0x10000)
src frame 38: srcf=20 off=20520 br=16000
frame 38: send=0x0 get=0x0 len=29700 coding=1 startqp=0 meanqp=0 picbytes=0 pskip=0 nalus=1 n1:29700
  snapshot f038: 3 venc_ko blocks (pool0 0x73801000 len 0x10000)
src frame 39: srcf=19 off=21060 br=16000
frame 39: send=0x0 get=0x0 len=37615 coding=1 startqp=0 meanqp=0 picbytes=0 pskip=0 nalus=1 n1:37615
  snapshot f039: 3 venc_ko blocks (pool0 0x73801000 len 0x10000)
src frame 40: srcf=18 off=21600 br=16000
frame 40: send=0x0 get=0x0 len=31546 coding=1 startqp=0 meanqp=0 picbytes=0 pskip=0 nalus=1 n1:31546
  snapshot f040: 3 venc_ko blocks (pool0 0x73801000 len 0x10000)
src frame 41: srcf=17 off=22140 br=16000
frame 41: send=0x0 get=0x0 len=39482 coding=1 startqp=0 meanqp=0 picbytes=0 pskip=0 nalus=1 n1:39482
  snapshot f041: 3 venc_ko blocks (pool0 0x73801000 len 0x10000)
src frame 42: srcf=16 off=22680 br=16000
frame 42: send=0x0 get=0x0 len=33058 coding=1 startqp=0 meanqp=0 picbytes=0 pskip=0 nalus=1 n1:33058
  snapshot f042: 3 venc_ko blocks (pool0 0x73801000 len 0x10000)
src frame 43: srcf=15 off=23220 br=16000
frame 43: send=0x0 get=0x0 len=40545 coding=1 startqp=0 meanqp=0 picbytes=0 pskip=0 nalus=1 n1:40545
  snapshot f043: 3 venc_ko blocks (pool0 0x73801000 len 0x10000)
src frame 44: srcf=14 off=23760 br=16000
frame 44: send=0x0 get=0x0 len=34485 coding=1 startqp=0 meanqp=0 picbytes=0 pskip=0 nalus=1 n1:34485
  snapshot f044: 3 venc_ko blocks (pool0 0x73801000 len 0x10000)
src frame 45: srcf=13 off=24300 br=16000
frame 45: send=0x0 get=0x0 len=41368 coding=1 startqp=0 meanqp=0 picbytes=0 pskip=0 nalus=1 n1:41368
  snapshot f045: 3 venc_ko blocks (pool0 0x73801000 len 0x10000)
src frame 46: srcf=12 off=24840 br=16000
frame 46: send=0x0 get=0x0 len=34342 coding=1 startqp=0 meanqp=0 picbytes=0 pskip=0 nalus=1 n1:34342
  snapshot f046: 3 venc_ko blocks (pool0 0x73801000 len 0x10000)
src frame 47: srcf=11 off=25380 br=16000
frame 47: send=0x0 get=0x0 len=40297 coding=1 startqp=0 meanqp=0 picbytes=0 pskip=0 nalus=1 n1:40297
  snapshot f047: 3 venc_ko blocks (pool0 0x73801000 len 0x10000)
src frame 48: srcf=10 off=25920 br=16000
frame 48: send=0x0 get=0x0 len=35978 coding=1 startqp=0 meanqp=0 picbytes=0 pskip=0 nalus=1 n1:35978
  snapshot f048: 3 venc_ko blocks (pool0 0x73801000 len 0x10000)
src frame 49: srcf=9 off=26460 br=16000
frame 49: send=0x0 get=0x0 len=44396 coding=1 startqp=0 meanqp=0 picbytes=0 pskip=0 nalus=1 n1:44396
  snapshot f049: 3 venc_ko blocks (pool0 0x73801000 len 0x10000)
src frame 50: srcf=8 off=27000 br=16000
frame 50: send=0x0 get=0x0 len=36469 coding=1 startqp=0 meanqp=0 picbytes=0 pskip=0 nalus=1 n1:36469
  snapshot f050: 3 venc_ko blocks (pool0 0x73801000 len 0x10000)
src frame 51: srcf=7 off=27540 br=16000
frame 51: send=0x0 get=0x0 len=44842 coding=1 startqp=0 meanqp=0 picbytes=0 pskip=0 nalus=1 n1:44842
  snapshot f051: 3 venc_ko blocks (pool0 0x73801000 len 0x10000)
src frame 52: srcf=6 off=28080 br=16000
frame 52: send=0x0 get=0x0 len=36296 coding=1 startqp=0 meanqp=0 picbytes=0 pskip=0 nalus=1 n1:36296
  snapshot f052: 3 venc_ko blocks (pool0 0x73801000 len 0x10000)
src frame 53: srcf=5 off=28620 br=16000
frame 53: send=0x0 get=0x0 len=43300 coding=1 startqp=0 meanqp=0 picbytes=0 pskip=0 nalus=1 n1:43300
  snapshot f053: 3 venc_ko blocks (pool0 0x73801000 len 0x10000)
src frame 54: srcf=4 off=29160 br=16000
frame 54: send=0x0 get=0x0 len=36714 coding=1 startqp=0 meanqp=0 picbytes=0 pskip=0 nalus=1 n1:36714
  snapshot f054: 3 venc_ko blocks (pool0 0x73801000 len 0x10000)
src frame 55: srcf=3 off=29700 br=16000
frame 55: send=0x0 get=0x0 len=43064 coding=1 startqp=0 meanqp=0 picbytes=0 pskip=0 nalus=1 n1:43064
  snapshot f055: 3 venc_ko blocks (pool0 0x73801000 len 0x10000)
src frame 56: srcf=2 off=30240 br=16000
frame 56: send=0x0 get=0x0 len=36527 coding=1 startqp=0 meanqp=0 picbytes=0 pskip=0 nalus=1 n1:36527
  snapshot f056: 3 venc_ko blocks (pool0 0x73801000 len 0x10000)
src frame 57: srcf=1 off=30780 br=16000
frame 57: send=0x0 get=0x0 len=43747 coding=1 startqp=0 meanqp=0 picbytes=0 pskip=0 nalus=1 n1:43747
  snapshot f057: 3 venc_ko blocks (pool0 0x73801000 len 0x10000)
src frame 58: srcf=0 off=31320 br=16000
frame 58: send=0x0 get=0x0 len=36845 coding=1 startqp=0 meanqp=0 picbytes=0 pskip=0 nalus=1 n1:36845
  snapshot f058: 3 venc_ko blocks (pool0 0x73801000 len 0x10000)
src frame 59: srcf=1 off=31860 br=16000
frame 59: send=0x0 get=0x0 len=40352 coding=1 startqp=0 meanqp=0 picbytes=0 pskip=0 nalus=1 n1:40352
  snapshot f059: 3 venc_ko blocks (pool0 0x73801000 len 0x10000)
src frame 60: srcf=2 off=32400 br=16000
frame 60: send=0x0 get=0x0 len=38177 coding=0 startqp=0 meanqp=0 picbytes=0 pskip=0 nalus=3 n7:32 n8:8 n5:38137
  snapshot f060: 3 venc_ko blocks (pool0 0x73801000 len 0x10000)
src frame 61: srcf=3 off=32940 br=16000
frame 61: send=0x0 get=0x0 len=27989 coding=1 startqp=0 meanqp=0 picbytes=0 pskip=0 nalus=1 n1:27989
  snapshot f061: 3 venc_ko blocks (pool0 0x73801000 len 0x10000)
src frame 62: srcf=4 off=33480 br=16000
frame 62: send=0x0 get=0x0 len=24877 coding=1 startqp=0 meanqp=0 picbytes=0 pskip=0 nalus=1 n1:24877
  snapshot f062: 3 venc_ko blocks (pool0 0x73801000 len 0x10000)
src frame 63: srcf=5 off=34020 br=16000
frame 63: send=0x0 get=0x0 len=29192 coding=1 startqp=0 meanqp=0 picbytes=0 pskip=0 nalus=1 n1:29192
  snapshot f063: 3 venc_ko blocks (pool0 0x73801000 len 0x10000)
src frame 64: srcf=6 off=34560 br=16000
frame 64: send=0x0 get=0x0 len=27695 coding=1 startqp=0 meanqp=0 picbytes=0 pskip=0 nalus=1 n1:27695
  snapshot f064: 3 venc_ko blocks (pool0 0x73801000 len 0x10000)
src frame 65: srcf=7 off=35100 br=16000
frame 65: send=0x0 get=0x0 len=33505 coding=1 startqp=0 meanqp=0 picbytes=0 pskip=0 nalus=1 n1:33505
  snapshot f065: 3 venc_ko blocks (pool0 0x73801000 len 0x10000)
src frame 66: srcf=8 off=35640 br=16000
frame 66: send=0x0 get=0x0 len=29496 coding=1 startqp=0 meanqp=0 picbytes=0 pskip=0 nalus=1 n1:29496
  snapshot f066: 3 venc_ko blocks (pool0 0x73801000 len 0x10000)
src frame 67: srcf=9 off=36180 br=16000
frame 67: send=0x0 get=0x0 len=36109 coding=1 startqp=0 meanqp=0 picbytes=0 pskip=0 nalus=1 n1:36109
  snapshot f067: 3 venc_ko blocks (pool0 0x73801000 len 0x10000)
src frame 68: srcf=10 off=36720 br=16000
frame 68: send=0x0 get=0x0 len=30989 coding=1 startqp=0 meanqp=0 picbytes=0 pskip=0 nalus=1 n1:30989
  snapshot f068: 3 venc_ko blocks (pool0 0x73801000 len 0x10000)
src frame 69: srcf=11 off=37260 br=16000
frame 69: send=0x0 get=0x0 len=36658 coding=1 startqp=0 meanqp=0 picbytes=0 pskip=0 nalus=1 n1:36658
  snapshot f069: 3 venc_ko blocks (pool0 0x73801000 len 0x10000)
src frame 70: srcf=12 off=37800 br=16000
frame 70: send=0x0 get=0x0 len=30933 coding=1 startqp=0 meanqp=0 picbytes=0 pskip=0 nalus=1 n1:30933
  snapshot f070: 3 venc_ko blocks (pool0 0x73801000 len 0x10000)
src frame 71: srcf=13 off=38340 br=16000
frame 71: send=0x0 get=0x0 len=36694 coding=1 startqp=0 meanqp=0 picbytes=0 pskip=0 nalus=1 n1:36694
  snapshot f071: 3 venc_ko blocks (pool0 0x73801000 len 0x10000)
src frame 72: srcf=14 off=38880 br=16000
frame 72: send=0x0 get=0x0 len=30727 coding=1 startqp=0 meanqp=0 picbytes=0 pskip=0 nalus=1 n1:30727
  snapshot f072: 3 venc_ko blocks (pool0 0x73801000 len 0x10000)
src frame 73: srcf=15 off=39420 br=16000
frame 73: send=0x0 get=0x0 len=36890 coding=1 startqp=0 meanqp=0 picbytes=0 pskip=0 nalus=1 n1:36890
  snapshot f073: 3 venc_ko blocks (pool0 0x73801000 len 0x10000)
src frame 74: srcf=16 off=39960 br=16000
frame 74: send=0x0 get=0x0 len=30836 coding=1 startqp=0 meanqp=0 picbytes=0 pskip=0 nalus=1 n1:30836
  snapshot f074: 3 venc_ko blocks (pool0 0x73801000 len 0x10000)
src frame 75: srcf=17 off=40500 br=16000
frame 75: send=0x0 get=0x0 len=36886 coding=1 startqp=0 meanqp=0 picbytes=0 pskip=0 nalus=1 n1:36886
  snapshot f075: 3 venc_ko blocks (pool0 0x73801000 len 0x10000)
src frame 76: srcf=18 off=41040 br=16000
frame 76: send=0x0 get=0x0 len=31168 coding=1 startqp=0 meanqp=0 picbytes=0 pskip=0 nalus=1 n1:31168
  snapshot f076: 3 venc_ko blocks (pool0 0x73801000 len 0x10000)
src frame 77: srcf=19 off=41580 br=16000
frame 77: send=0x0 get=0x0 len=38387 coding=1 startqp=0 meanqp=0 picbytes=0 pskip=0 nalus=1 n1:38387
  snapshot f077: 3 venc_ko blocks (pool0 0x73801000 len 0x10000)
src frame 78: srcf=20 off=42120 br=16000
frame 78: send=0x0 get=0x0 len=30852 coding=1 startqp=0 meanqp=0 picbytes=0 pskip=0 nalus=1 n1:30852
  snapshot f078: 3 venc_ko blocks (pool0 0x73801000 len 0x10000)
src frame 79: srcf=21 off=42660 br=16000
frame 79: send=0x0 get=0x0 len=38407 coding=1 startqp=0 meanqp=0 picbytes=0 pskip=0 nalus=1 n1:38407
  snapshot f079: 3 venc_ko blocks (pool0 0x73801000 len 0x10000)
src frame 80: srcf=22 off=43200 br=16000
frame 80: send=0x0 get=0x0 len=31165 coding=1 startqp=0 meanqp=0 picbytes=0 pskip=0 nalus=1 n1:31165
  snapshot f080: 3 venc_ko blocks (pool0 0x73801000 len 0x10000)
src frame 81: srcf=23 off=43740 br=16000
frame 81: send=0x0 get=0x0 len=37629 coding=1 startqp=0 meanqp=0 picbytes=0 pskip=0 nalus=1 n1:37629
  snapshot f081: 3 venc_ko blocks (pool0 0x73801000 len 0x10000)
src frame 82: srcf=24 off=44280 br=16000
frame 82: send=0x0 get=0x0 len=30859 coding=1 startqp=0 meanqp=0 picbytes=0 pskip=0 nalus=1 n1:30859
  snapshot f082: 3 venc_ko blocks (pool0 0x73801000 len 0x10000)
src frame 83: srcf=25 off=44820 br=16000
frame 83: send=0x0 get=0x0 len=36878 coding=1 startqp=0 meanqp=0 picbytes=0 pskip=0 nalus=1 n1:36878
  snapshot f083: 3 venc_ko blocks (pool0 0x73801000 len 0x10000)
src frame 84: srcf=26 off=45360 br=16000
frame 84: send=0x0 get=0x0 len=31055 coding=1 startqp=0 meanqp=0 picbytes=0 pskip=0 nalus=1 n1:31055
  snapshot f084: 3 venc_ko blocks (pool0 0x73801000 len 0x10000)
src frame 85: srcf=27 off=45900 br=16000
frame 85: send=0x0 get=0x0 len=36797 coding=1 startqp=0 meanqp=0 picbytes=0 pskip=0 nalus=1 n1:36797
  snapshot f085: 3 venc_ko blocks (pool0 0x73801000 len 0x10000)
src frame 86: srcf=28 off=46440 br=16000
frame 86: send=0x0 get=0x0 len=30834 coding=1 startqp=0 meanqp=0 picbytes=0 pskip=0 nalus=1 n1:30834
  snapshot f086: 3 venc_ko blocks (pool0 0x73801000 len 0x10000)
src frame 87: srcf=29 off=46980 br=16000
frame 87: send=0x0 get=0x0 len=38202 coding=1 startqp=0 meanqp=0 picbytes=0 pskip=0 nalus=1 n1:38202
  snapshot f087: 3 venc_ko blocks (pool0 0x73801000 len 0x10000)
src frame 88: srcf=28 off=47520 br=16000
frame 88: send=0x0 get=0x0 len=30931 coding=1 startqp=0 meanqp=0 picbytes=0 pskip=0 nalus=1 n1:30931
  snapshot f088: 3 venc_ko blocks (pool0 0x73801000 len 0x10000)
src frame 89: srcf=27 off=48060 br=16000
frame 89: send=0x0 get=0x0 len=36746 coding=1 startqp=0 meanqp=0 picbytes=0 pskip=0 nalus=1 n1:36746
  snapshot f089: 3 venc_ko blocks (pool0 0x73801000 len 0x10000)
src frame 90: srcf=26 off=48600 br=16000
frame 90: send=0x0 get=0x0 len=44441 coding=0 startqp=0 meanqp=0 picbytes=0 pskip=0 nalus=3 n7:32 n8:8 n5:44401
  snapshot f090: 3 venc_ko blocks (pool0 0x73801000 len 0x10000)
src frame 91: srcf=25 off=49140 br=16000
frame 91: send=0x0 get=0x0 len=31985 coding=1 startqp=0 meanqp=0 picbytes=0 pskip=0 nalus=1 n1:31985
  snapshot f091: 3 venc_ko blocks (pool0 0x73801000 len 0x10000)
src frame 92: srcf=24 off=49680 br=16000
frame 92: send=0x0 get=0x0 len=27870 coding=1 startqp=0 meanqp=0 picbytes=0 pskip=0 nalus=1 n1:27870
  snapshot f092: 3 venc_ko blocks (pool0 0x73801000 len 0x10000)
src frame 93: srcf=23 off=50220 br=16000
frame 93: send=0x0 get=0x0 len=34834 coding=1 startqp=0 meanqp=0 picbytes=0 pskip=0 nalus=1 n1:34834
  snapshot f093: 3 venc_ko blocks (pool0 0x73801000 len 0x10000)
src frame 94: srcf=22 off=50760 br=16000
frame 94: send=0x0 get=0x0 len=31292 coding=1 startqp=0 meanqp=0 picbytes=0 pskip=0 nalus=1 n1:31292
  snapshot f094: 3 venc_ko blocks (pool0 0x73801000 len 0x10000)
src frame 95: srcf=21 off=51300 br=16000
frame 95: send=0x0 get=0x0 len=37703 coding=1 startqp=0 meanqp=0 picbytes=0 pskip=0 nalus=1 n1:37703
  snapshot f095: 3 venc_ko blocks (pool0 0x73801000 len 0x10000)
src frame 96: srcf=20 off=51840 br=16000
frame 96: send=0x0 get=0x0 len=30851 coding=1 startqp=0 meanqp=0 picbytes=0 pskip=0 nalus=1 n1:30851
  snapshot f096: 3 venc_ko blocks (pool0 0x73801000 len 0x10000)
src frame 97: srcf=19 off=52380 br=16000
frame 97: send=0x0 get=0x0 len=36501 coding=1 startqp=0 meanqp=0 picbytes=0 pskip=0 nalus=1 n1:36501
  snapshot f097: 3 venc_ko blocks (pool0 0x73801000 len 0x10000)
src frame 98: srcf=18 off=52920 br=16000
frame 98: send=0x0 get=0x0 len=30807 coding=1 startqp=0 meanqp=0 picbytes=0 pskip=0 nalus=1 n1:30807
  snapshot f098: 3 venc_ko blocks (pool0 0x73801000 len 0x10000)
src frame 99: srcf=17 off=53460 br=16000
frame 99: send=0x0 get=0x0 len=37307 coding=1 startqp=0 meanqp=0 picbytes=0 pskip=0 nalus=1 n1:37307
  snapshot f099: 3 venc_ko blocks (pool0 0x73801000 len 0x10000)
src frame 100: srcf=16 off=54000 br=16000
frame 100: send=0x0 get=0x0 len=30859 coding=1 startqp=0 meanqp=0 picbytes=0 pskip=0 nalus=1 n1:30859
  snapshot f100: 3 venc_ko blocks (pool0 0x73801000 len 0x10000)
src frame 101: srcf=15 off=54540 br=16000
frame 101: send=0x0 get=0x0 len=38197 coding=1 startqp=0 meanqp=0 picbytes=0 pskip=0 nalus=1 n1:38197
  snapshot f101: 3 venc_ko blocks (pool0 0x73801000 len 0x10000)
src frame 102: srcf=14 off=55080 br=16000
frame 102: send=0x0 get=0x0 len=30923 coding=1 startqp=0 meanqp=0 picbytes=0 pskip=0 nalus=1 n1:30923
  snapshot f102: 3 venc_ko blocks (pool0 0x73801000 len 0x10000)
src frame 103: srcf=13 off=55620 br=16000
frame 103: send=0x0 get=0x0 len=36741 coding=1 startqp=0 meanqp=0 picbytes=0 pskip=0 nalus=1 n1:36741
  snapshot f103: 3 venc_ko blocks (pool0 0x73801000 len 0x10000)
src frame 104: srcf=12 off=56160 br=16000
frame 104: send=0x0 get=0x0 len=30875 coding=1 startqp=0 meanqp=0 picbytes=0 pskip=0 nalus=1 n1:30875
  snapshot f104: 3 venc_ko blocks (pool0 0x73801000 len 0x10000)
src frame 105: srcf=11 off=56700 br=16000
frame 105: send=0x0 get=0x0 len=37487 coding=1 startqp=0 meanqp=0 picbytes=0 pskip=0 nalus=1 n1:37487
  snapshot f105: 3 venc_ko blocks (pool0 0x73801000 len 0x10000)
src frame 106: srcf=10 off=57240 br=16000
frame 106: send=0x0 get=0x0 len=31032 coding=1 startqp=0 meanqp=0 picbytes=0 pskip=0 nalus=1 n1:31032
  snapshot f106: 3 venc_ko blocks (pool0 0x73801000 len 0x10000)
src frame 107: srcf=9 off=57780 br=16000
frame 107: send=0x0 get=0x0 len=36636 coding=1 startqp=0 meanqp=0 picbytes=0 pskip=0 nalus=1 n1:36636
  snapshot f107: 3 venc_ko blocks (pool0 0x73801000 len 0x10000)
src frame 108: srcf=8 off=58320 br=16000
frame 108: send=0x0 get=0x0 len=32553 coding=1 startqp=0 meanqp=0 picbytes=0 pskip=0 nalus=1 n1:32553
  snapshot f108: 3 venc_ko blocks (pool0 0x73801000 len 0x10000)
src frame 109: srcf=7 off=58860 br=16000
frame 109: send=0x0 get=0x0 len=38639 coding=1 startqp=0 meanqp=0 picbytes=0 pskip=0 nalus=1 n1:38639
  snapshot f109: 3 venc_ko blocks (pool0 0x73801000 len 0x10000)
src frame 110: srcf=6 off=59400 br=16000
frame 110: send=0x0 get=0x0 len=32256 coding=1 startqp=0 meanqp=0 picbytes=0 pskip=0 nalus=1 n1:32256
  snapshot f110: 3 venc_ko blocks (pool0 0x73801000 len 0x10000)
src frame 111: srcf=5 off=59940 br=16000
frame 111: send=0x0 get=0x0 len=37974 coding=1 startqp=0 meanqp=0 picbytes=0 pskip=0 nalus=1 n1:37974
  snapshot f111: 3 venc_ko blocks (pool0 0x73801000 len 0x10000)
src frame 112: srcf=4 off=60480 br=16000
frame 112: send=0x0 get=0x0 len=32456 coding=1 startqp=0 meanqp=0 picbytes=0 pskip=0 nalus=1 n1:32456
  snapshot f112: 3 venc_ko blocks (pool0 0x73801000 len 0x10000)
src frame 113: srcf=3 off=61020 br=16000
frame 113: send=0x0 get=0x0 len=40436 coding=1 startqp=0 meanqp=0 picbytes=0 pskip=0 nalus=1 n1:40436
  snapshot f113: 3 venc_ko blocks (pool0 0x73801000 len 0x10000)
src frame 114: srcf=2 off=61560 br=16000
frame 114: send=0x0 get=0x0 len=32364 coding=1 startqp=0 meanqp=0 picbytes=0 pskip=0 nalus=1 n1:32364
  snapshot f114: 3 venc_ko blocks (pool0 0x73801000 len 0x10000)
src frame 115: srcf=1 off=62100 br=16000
frame 115: send=0x0 get=0x0 len=36174 coding=1 startqp=0 meanqp=0 picbytes=0 pskip=0 nalus=1 n1:36174
  snapshot f115: 3 venc_ko blocks (pool0 0x73801000 len 0x10000)
src frame 116: srcf=0 off=62640 br=16000
frame 116: send=0x0 get=0x0 len=30927 coding=1 startqp=0 meanqp=0 picbytes=0 pskip=0 nalus=1 n1:30927
  snapshot f116: 3 venc_ko blocks (pool0 0x73801000 len 0x10000)
src frame 117: srcf=1 off=63180 br=16000
frame 117: send=0x0 get=0x0 len=36786 coding=1 startqp=0 meanqp=0 picbytes=0 pskip=0 nalus=1 n1:36786
  snapshot f117: 3 venc_ko blocks (pool0 0x73801000 len 0x10000)
src frame 118: srcf=2 off=63720 br=16000
frame 118: send=0x0 get=0x0 len=30703 coding=1 startqp=0 meanqp=0 picbytes=0 pskip=0 nalus=1 n1:30703
  snapshot f118: 3 venc_ko blocks (pool0 0x73801000 len 0x10000)
src frame 119: srcf=3 off=64260 br=16000
frame 119: send=0x0 get=0x0 len=37059 coding=1 startqp=0 meanqp=0 picbytes=0 pskip=0 nalus=1 n1:37059
  snapshot f119: 3 venc_ko blocks (pool0 0x73801000 len 0x10000)
src frame 120: srcf=4 off=64800 br=16000
frame 120: send=0x0 get=0x0 len=49168 coding=0 startqp=0 meanqp=0 picbytes=0 pskip=0 nalus=3 n7:32 n8:8 n5:49128
  snapshot f120: 3 venc_ko blocks (pool0 0x73801000 len 0x10000)
src frame 121: srcf=5 off=65340 br=16000
frame 121: send=0x0 get=0x0 len=36112 coding=1 startqp=0 meanqp=0 picbytes=0 pskip=0 nalus=1 n1:36112
  snapshot f121: 3 venc_ko blocks (pool0 0x73801000 len 0x10000)
src frame 122: srcf=6 off=65880 br=16000
frame 122: send=0x0 get=0x0 len=27826 coding=1 startqp=0 meanqp=0 picbytes=0 pskip=0 nalus=1 n1:27826
  snapshot f122: 3 venc_ko blocks (pool0 0x73801000 len 0x10000)
src frame 123: srcf=7 off=66420 br=16000
frame 123: send=0x0 get=0x0 len=35162 coding=1 startqp=0 meanqp=0 picbytes=0 pskip=0 nalus=1 n1:35162
  snapshot f123: 3 venc_ko blocks (pool0 0x73801000 len 0x10000)
src frame 124: srcf=8 off=66960 br=16000
frame 124: send=0x0 get=0x0 len=29297 coding=1 startqp=0 meanqp=0 picbytes=0 pskip=0 nalus=1 n1:29297
  snapshot f124: 3 venc_ko blocks (pool0 0x73801000 len 0x10000)
src frame 125: srcf=9 off=67500 br=16000
frame 125: send=0x0 get=0x0 len=35395 coding=1 startqp=0 meanqp=0 picbytes=0 pskip=0 nalus=1 n1:35395
  snapshot f125: 3 venc_ko blocks (pool0 0x73801000 len 0x10000)
src frame 126: srcf=10 off=68040 br=16000
frame 126: send=0x0 get=0x0 len=30426 coding=1 startqp=0 meanqp=0 picbytes=0 pskip=0 nalus=1 n1:30426
  snapshot f126: 3 venc_ko blocks (pool0 0x73801000 len 0x10000)
src frame 127: srcf=11 off=68580 br=16000
frame 127: send=0x0 get=0x0 len=36232 coding=1 startqp=0 meanqp=0 picbytes=0 pskip=0 nalus=1 n1:36232
  snapshot f127: 3 venc_ko blocks (pool0 0x73801000 len 0x10000)
src frame 128: srcf=12 off=69120 br=16000
frame 128: send=0x0 get=0x0 len=30461 coding=1 startqp=0 meanqp=0 picbytes=0 pskip=0 nalus=1 n1:30461
  snapshot f128: 3 venc_ko blocks (pool0 0x73801000 len 0x10000)
src frame 129: srcf=13 off=69660 br=16000
frame 129: send=0x0 get=0x0 len=36994 coding=1 startqp=0 meanqp=0 picbytes=0 pskip=0 nalus=1 n1:36994
  snapshot f129: 3 venc_ko blocks (pool0 0x73801000 len 0x10000)
src frame 130: srcf=14 off=70200 br=16000
frame 130: send=0x0 get=0x0 len=30559 coding=1 startqp=0 meanqp=0 picbytes=0 pskip=0 nalus=1 n1:30559
  snapshot f130: 3 venc_ko blocks (pool0 0x73801000 len 0x10000)
src frame 131: srcf=15 off=70740 br=16000
frame 131: send=0x0 get=0x0 len=36153 coding=1 startqp=0 meanqp=0 picbytes=0 pskip=0 nalus=1 n1:36153
  snapshot f131: 3 venc_ko blocks (pool0 0x73801000 len 0x10000)
src frame 132: srcf=16 off=71280 br=16000
frame 132: send=0x0 get=0x0 len=30523 coding=1 startqp=0 meanqp=0 picbytes=0 pskip=0 nalus=1 n1:30523
  snapshot f132: 3 venc_ko blocks (pool0 0x73801000 len 0x10000)
src frame 133: srcf=17 off=71820 br=16000
frame 133: send=0x0 get=0x0 len=36336 coding=1 startqp=0 meanqp=0 picbytes=0 pskip=0 nalus=1 n1:36336
  snapshot f133: 3 venc_ko blocks (pool0 0x73801000 len 0x10000)
src frame 134: srcf=18 off=72360 br=16000
frame 134: send=0x0 get=0x0 len=30395 coding=1 startqp=0 meanqp=0 picbytes=0 pskip=0 nalus=1 n1:30395
  snapshot f134: 3 venc_ko blocks (pool0 0x73801000 len 0x10000)
src frame 135: srcf=19 off=72900 br=16000
frame 135: send=0x0 get=0x0 len=35819 coding=1 startqp=0 meanqp=0 picbytes=0 pskip=0 nalus=1 n1:35819
  snapshot f135: 3 venc_ko blocks (pool0 0x73801000 len 0x10000)
src frame 136: srcf=20 off=73440 br=16000
frame 136: send=0x0 get=0x0 len=30484 coding=1 startqp=0 meanqp=0 picbytes=0 pskip=0 nalus=1 n1:30484
  snapshot f136: 3 venc_ko blocks (pool0 0x73801000 len 0x10000)
src frame 137: srcf=21 off=73980 br=16000
frame 137: send=0x0 get=0x0 len=36384 coding=1 startqp=0 meanqp=0 picbytes=0 pskip=0 nalus=1 n1:36384
  snapshot f137: 3 venc_ko blocks (pool0 0x73801000 len 0x10000)
src frame 138: srcf=22 off=74520 br=16000
frame 138: send=0x0 get=0x0 len=30321 coding=1 startqp=0 meanqp=0 picbytes=0 pskip=0 nalus=1 n1:30321
  snapshot f138: 3 venc_ko blocks (pool0 0x73801000 len 0x10000)
src frame 139: srcf=23 off=75060 br=16000
frame 139: send=0x0 get=0x0 len=36749 coding=1 startqp=0 meanqp=0 picbytes=0 pskip=0 nalus=1 n1:36749
  snapshot f139: 3 venc_ko blocks (pool0 0x73801000 len 0x10000)
src frame 140: srcf=24 off=75600 br=16000
frame 140: send=0x0 get=0x0 len=30596 coding=1 startqp=0 meanqp=0 picbytes=0 pskip=0 nalus=1 n1:30596
  snapshot f140: 3 venc_ko blocks (pool0 0x73801000 len 0x10000)
src frame 141: srcf=25 off=76140 br=16000
frame 141: send=0x0 get=0x0 len=36032 coding=1 startqp=0 meanqp=0 picbytes=0 pskip=0 nalus=1 n1:36032
  snapshot f141: 3 venc_ko blocks (pool0 0x73801000 len 0x10000)
src frame 142: srcf=26 off=76680 br=16000
frame 142: send=0x0 get=0x0 len=30470 coding=1 startqp=0 meanqp=0 picbytes=0 pskip=0 nalus=1 n1:30470
  snapshot f142: 3 venc_ko blocks (pool0 0x73801000 len 0x10000)
src frame 143: srcf=27 off=77220 br=16000
frame 143: send=0x0 get=0x0 len=36358 coding=1 startqp=0 meanqp=0 picbytes=0 pskip=0 nalus=1 n1:36358
  snapshot f143: 3 venc_ko blocks (pool0 0x73801000 len 0x10000)
src frame 144: srcf=28 off=77760 br=16000
frame 144: send=0x0 get=0x0 len=30414 coding=1 startqp=0 meanqp=0 picbytes=0 pskip=0 nalus=1 n1:30414
  snapshot f144: 3 venc_ko blocks (pool0 0x73801000 len 0x10000)
src frame 145: srcf=29 off=78300 br=16000
frame 145: send=0x0 get=0x0 len=35905 coding=1 startqp=0 meanqp=0 picbytes=0 pskip=0 nalus=1 n1:35905
  snapshot f145: 3 venc_ko blocks (pool0 0x73801000 len 0x10000)
src frame 146: srcf=28 off=78840 br=16000
frame 146: send=0x0 get=0x0 len=30454 coding=1 startqp=0 meanqp=0 picbytes=0 pskip=0 nalus=1 n1:30454
  snapshot f146: 3 venc_ko blocks (pool0 0x73801000 len 0x10000)
src frame 147: srcf=27 off=79380 br=16000
frame 147: send=0x0 get=0x0 len=35770 coding=1 startqp=0 meanqp=0 picbytes=0 pskip=0 nalus=1 n1:35770
  snapshot f147: 3 venc_ko blocks (pool0 0x73801000 len 0x10000)
src frame 148: srcf=26 off=79920 br=16000
frame 148: send=0x0 get=0x0 len=30402 coding=1 startqp=0 meanqp=0 picbytes=0 pskip=0 nalus=1 n1:30402
  snapshot f148: 3 venc_ko blocks (pool0 0x73801000 len 0x10000)
src frame 149: srcf=25 off=80460 br=16000
frame 149: send=0x0 get=0x0 len=36194 coding=1 startqp=0 meanqp=0 picbytes=0 pskip=0 nalus=1 n1:36194
  snapshot f149: 3 venc_ko blocks (pool0 0x73801000 len 0x10000)
src frame 150: srcf=24 off=81000 br=16000
frame 150: send=0x0 get=0x0 len=53702 coding=0 startqp=0 meanqp=0 picbytes=0 pskip=0 nalus=3 n7:32 n8:8 n5:53662
  snapshot f150: 3 venc_ko blocks (pool0 0x73801000 len 0x10000)
src frame 151: srcf=23 off=81540 br=16000
frame 151: send=0x0 get=0x0 len=40857 coding=1 startqp=0 meanqp=0 picbytes=0 pskip=0 nalus=1 n1:40857
  snapshot f151: 3 venc_ko blocks (pool0 0x73801000 len 0x10000)
src frame 152: srcf=22 off=82080 br=16000
frame 152: send=0x0 get=0x0 len=30905 coding=1 startqp=0 meanqp=0 picbytes=0 pskip=0 nalus=1 n1:30905
  snapshot f152: 3 venc_ko blocks (pool0 0x73801000 len 0x10000)
src frame 153: srcf=21 off=82620 br=16000
frame 153: send=0x0 get=0x0 len=35707 coding=1 startqp=0 meanqp=0 picbytes=0 pskip=0 nalus=1 n1:35707
  snapshot f153: 3 venc_ko blocks (pool0 0x73801000 len 0x10000)
src frame 154: srcf=20 off=83160 br=16000
frame 154: send=0x0 get=0x0 len=29082 coding=1 startqp=0 meanqp=0 picbytes=0 pskip=0 nalus=1 n1:29082
  snapshot f154: 3 venc_ko blocks (pool0 0x73801000 len 0x10000)
src frame 155: srcf=19 off=83700 br=16000
frame 155: send=0x0 get=0x0 len=36071 coding=1 startqp=0 meanqp=0 picbytes=0 pskip=0 nalus=1 n1:36071
  snapshot f155: 3 venc_ko blocks (pool0 0x73801000 len 0x10000)
src frame 156: srcf=18 off=84240 br=16000
frame 156: send=0x0 get=0x0 len=29174 coding=1 startqp=0 meanqp=0 picbytes=0 pskip=0 nalus=1 n1:29174
  snapshot f156: 3 venc_ko blocks (pool0 0x73801000 len 0x10000)
src frame 157: srcf=17 off=84780 br=16000
frame 157: send=0x0 get=0x0 len=36394 coding=1 startqp=0 meanqp=0 picbytes=0 pskip=0 nalus=1 n1:36394
  snapshot f157: 3 venc_ko blocks (pool0 0x73801000 len 0x10000)
src frame 158: srcf=16 off=85320 br=16000
frame 158: send=0x0 get=0x0 len=29104 coding=1 startqp=0 meanqp=0 picbytes=0 pskip=0 nalus=1 n1:29104
  snapshot f158: 3 venc_ko blocks (pool0 0x73801000 len 0x10000)
src frame 159: srcf=15 off=85860 br=16000
frame 159: send=0x0 get=0x0 len=36793 coding=1 startqp=0 meanqp=0 picbytes=0 pskip=0 nalus=1 n1:36793
  snapshot f159: 3 venc_ko blocks (pool0 0x73801000 len 0x10000)
src frame 160: srcf=14 off=86400 br=16000
frame 160: send=0x0 get=0x0 len=28971 coding=1 startqp=0 meanqp=0 picbytes=0 pskip=0 nalus=1 n1:28971
  snapshot f160: 3 venc_ko blocks (pool0 0x73801000 len 0x10000)
src frame 161: srcf=13 off=86940 br=16000
frame 161: send=0x0 get=0x0 len=36649 coding=1 startqp=0 meanqp=0 picbytes=0 pskip=0 nalus=1 n1:36649
  snapshot f161: 3 venc_ko blocks (pool0 0x73801000 len 0x10000)
src frame 162: srcf=12 off=87480 br=16000
frame 162: send=0x0 get=0x0 len=29065 coding=1 startqp=0 meanqp=0 picbytes=0 pskip=0 nalus=1 n1:29065
  snapshot f162: 3 venc_ko blocks (pool0 0x73801000 len 0x10000)
src frame 163: srcf=11 off=88020 br=16000
frame 163: send=0x0 get=0x0 len=36774 coding=1 startqp=0 meanqp=0 picbytes=0 pskip=0 nalus=1 n1:36774
  snapshot f163: 3 venc_ko blocks (pool0 0x73801000 len 0x10000)
src frame 164: srcf=10 off=88560 br=16000
frame 164: send=0x0 get=0x0 len=29145 coding=1 startqp=0 meanqp=0 picbytes=0 pskip=0 nalus=1 n1:29145
  snapshot f164: 3 venc_ko blocks (pool0 0x73801000 len 0x10000)
src frame 165: srcf=9 off=89100 br=16000
frame 165: send=0x0 get=0x0 len=36660 coding=1 startqp=0 meanqp=0 picbytes=0 pskip=0 nalus=1 n1:36660
  snapshot f165: 3 venc_ko blocks (pool0 0x73801000 len 0x10000)
src frame 166: srcf=8 off=89640 br=16000
frame 166: send=0x0 get=0x0 len=29083 coding=1 startqp=0 meanqp=0 picbytes=0 pskip=0 nalus=1 n1:29083
  snapshot f166: 3 venc_ko blocks (pool0 0x73801000 len 0x10000)
src frame 167: srcf=7 off=90180 br=16000
frame 167: send=0x0 get=0x0 len=36686 coding=1 startqp=0 meanqp=0 picbytes=0 pskip=0 nalus=1 n1:36686
  snapshot f167: 3 venc_ko blocks (pool0 0x73801000 len 0x10000)
src frame 168: srcf=6 off=90720 br=16000
frame 168: send=0x0 get=0x0 len=30834 coding=1 startqp=0 meanqp=0 picbytes=0 pskip=0 nalus=1 n1:30834
  snapshot f168: 3 venc_ko blocks (pool0 0x73801000 len 0x10000)
src frame 169: srcf=5 off=91260 br=16000
frame 169: send=0x0 get=0x0 len=36742 coding=1 startqp=0 meanqp=0 picbytes=0 pskip=0 nalus=1 n1:36742
  snapshot f169: 3 venc_ko blocks (pool0 0x73801000 len 0x10000)
src frame 170: srcf=4 off=91800 br=16000
frame 170: send=0x0 get=0x0 len=30629 coding=1 startqp=0 meanqp=0 picbytes=0 pskip=0 nalus=1 n1:30629
  snapshot f170: 3 venc_ko blocks (pool0 0x73801000 len 0x10000)
src frame 171: srcf=3 off=92340 br=16000
frame 171: send=0x0 get=0x0 len=36086 coding=1 startqp=0 meanqp=0 picbytes=0 pskip=0 nalus=1 n1:36086
  snapshot f171: 3 venc_ko blocks (pool0 0x73801000 len 0x10000)
src frame 172: srcf=2 off=92880 br=16000
frame 172: send=0x0 get=0x0 len=30415 coding=1 startqp=0 meanqp=0 picbytes=0 pskip=0 nalus=1 n1:30415
  snapshot f172: 3 venc_ko blocks (pool0 0x73801000 len 0x10000)
src frame 173: srcf=1 off=93420 br=16000
frame 173: send=0x0 get=0x0 len=38227 coding=1 startqp=0 meanqp=0 picbytes=0 pskip=0 nalus=1 n1:38227
  snapshot f173: 3 venc_ko blocks (pool0 0x73801000 len 0x10000)
src frame 174: srcf=0 off=93960 br=16000
frame 174: send=0x0 get=0x0 len=30580 coding=1 startqp=0 meanqp=0 picbytes=0 pskip=0 nalus=1 n1:30580
  snapshot f174: 3 venc_ko blocks (pool0 0x73801000 len 0x10000)
src frame 175: srcf=1 off=94500 br=16000
frame 175: send=0x0 get=0x0 len=36325 coding=1 startqp=0 meanqp=0 picbytes=0 pskip=0 nalus=1 n1:36325
  snapshot f175: 3 venc_ko blocks (pool0 0x73801000 len 0x10000)
src frame 176: srcf=2 off=95040 br=16000
frame 176: send=0x0 get=0x0 len=30707 coding=1 startqp=0 meanqp=0 picbytes=0 pskip=0 nalus=1 n1:30707
  snapshot f176: 3 venc_ko blocks (pool0 0x73801000 len 0x10000)
src frame 177: srcf=3 off=95580 br=16000
frame 177: send=0x0 get=0x0 len=36600 coding=1 startqp=0 meanqp=0 picbytes=0 pskip=0 nalus=1 n1:36600
  snapshot f177: 3 venc_ko blocks (pool0 0x73801000 len 0x10000)
src frame 178: srcf=4 off=96120 br=16000
frame 178: send=0x0 get=0x0 len=30537 coding=1 startqp=0 meanqp=0 picbytes=0 pskip=0 nalus=1 n1:30537
  snapshot f178: 3 venc_ko blocks (pool0 0x73801000 len 0x10000)
src frame 179: srcf=5 off=96660 br=16000
frame 179: send=0x0 get=0x0 len=37414 coding=1 startqp=0 meanqp=0 picbytes=0 pskip=0 nalus=1 n1:37414
  snapshot f179: 3 venc_ko blocks (pool0 0x73801000 len 0x10000)
src frame 180: srcf=6 off=97200 br=16000
frame 180: send=0x0 get=0x0 len=53702 coding=0 startqp=0 meanqp=0 picbytes=0 pskip=0 nalus=3 n7:32 n8:8 n5:53662
  snapshot f180: 3 venc_ko blocks (pool0 0x73801000 len 0x10000)
src frame 181: srcf=7 off=97740 br=16000
frame 181: send=0x0 get=0x0 len=40857 coding=1 startqp=0 meanqp=0 picbytes=0 pskip=0 nalus=1 n1:40857
  snapshot f181: 3 venc_ko blocks (pool0 0x73801000 len 0x10000)
src frame 182: srcf=8 off=98280 br=16000
frame 182: send=0x0 get=0x0 len=30725 coding=1 startqp=0 meanqp=0 picbytes=0 pskip=0 nalus=1 n1:30725
  snapshot f182: 3 venc_ko blocks (pool0 0x73801000 len 0x10000)
src frame 183: srcf=9 off=98820 br=16000
frame 183: send=0x0 get=0x0 len=34560 coding=1 startqp=0 meanqp=0 picbytes=0 pskip=0 nalus=1 n1:34560
  snapshot f183: 3 venc_ko blocks (pool0 0x73801000 len 0x10000)
src frame 184: srcf=10 off=99360 br=16000
frame 184: send=0x0 get=0x0 len=28864 coding=1 startqp=0 meanqp=0 picbytes=0 pskip=0 nalus=1 n1:28864
  snapshot f184: 3 venc_ko blocks (pool0 0x73801000 len 0x10000)
src frame 185: srcf=11 off=99900 br=16000
frame 185: send=0x0 get=0x0 len=36194 coding=1 startqp=0 meanqp=0 picbytes=0 pskip=0 nalus=1 n1:36194
  snapshot f185: 3 venc_ko blocks (pool0 0x73801000 len 0x10000)
src frame 186: srcf=12 off=100440 br=16000
frame 186: send=0x0 get=0x0 len=28982 coding=1 startqp=0 meanqp=0 picbytes=0 pskip=0 nalus=1 n1:28982
  snapshot f186: 3 venc_ko blocks (pool0 0x73801000 len 0x10000)
src frame 187: srcf=13 off=100980 br=16000
frame 187: send=0x0 get=0x0 len=36322 coding=1 startqp=0 meanqp=0 picbytes=0 pskip=0 nalus=1 n1:36322
  snapshot f187: 3 venc_ko blocks (pool0 0x73801000 len 0x10000)
src frame 188: srcf=14 off=101520 br=16000
frame 188: send=0x0 get=0x0 len=28947 coding=1 startqp=0 meanqp=0 picbytes=0 pskip=0 nalus=1 n1:28947
  snapshot f188: 3 venc_ko blocks (pool0 0x73801000 len 0x10000)
src frame 189: srcf=15 off=102060 br=16000
frame 189: send=0x0 get=0x0 len=35717 coding=1 startqp=0 meanqp=0 picbytes=0 pskip=0 nalus=1 n1:35717
  snapshot f189: 3 venc_ko blocks (pool0 0x73801000 len 0x10000)
src frame 190: srcf=16 off=102600 br=16000
frame 190: send=0x0 get=0x0 len=28892 coding=1 startqp=0 meanqp=0 picbytes=0 pskip=0 nalus=1 n1:28892
  snapshot f190: 3 venc_ko blocks (pool0 0x73801000 len 0x10000)
src frame 191: srcf=17 off=103140 br=16000
frame 191: send=0x0 get=0x0 len=36523 coding=1 startqp=0 meanqp=0 picbytes=0 pskip=0 nalus=1 n1:36523
  snapshot f191: 3 venc_ko blocks (pool0 0x73801000 len 0x10000)
src frame 192: srcf=18 off=103680 br=16000
frame 192: send=0x0 get=0x0 len=29143 coding=1 startqp=0 meanqp=0 picbytes=0 pskip=0 nalus=1 n1:29143
  snapshot f192: 3 venc_ko blocks (pool0 0x73801000 len 0x10000)
src frame 193: srcf=19 off=104220 br=16000
frame 193: send=0x0 get=0x0 len=36383 coding=1 startqp=0 meanqp=0 picbytes=0 pskip=0 nalus=1 n1:36383
  snapshot f193: 3 venc_ko blocks (pool0 0x73801000 len 0x10000)
src frame 194: srcf=20 off=104760 br=16000
frame 194: send=0x0 get=0x0 len=28880 coding=1 startqp=0 meanqp=0 picbytes=0 pskip=0 nalus=1 n1:28880
  snapshot f194: 3 venc_ko blocks (pool0 0x73801000 len 0x10000)
src frame 195: srcf=21 off=105300 br=16000
frame 195: send=0x0 get=0x0 len=35856 coding=1 startqp=0 meanqp=0 picbytes=0 pskip=0 nalus=1 n1:35856
  snapshot f195: 3 venc_ko blocks (pool0 0x73801000 len 0x10000)
src frame 196: srcf=22 off=105840 br=16000
frame 196: send=0x0 get=0x0 len=29097 coding=1 startqp=0 meanqp=0 picbytes=0 pskip=0 nalus=1 n1:29097
  snapshot f196: 3 venc_ko blocks (pool0 0x73801000 len 0x10000)
src frame 197: srcf=23 off=106380 br=16000
frame 197: send=0x0 get=0x0 len=36452 coding=1 startqp=0 meanqp=0 picbytes=0 pskip=0 nalus=1 n1:36452
  snapshot f197: 3 venc_ko blocks (pool0 0x73801000 len 0x10000)
src frame 198: srcf=24 off=106920 br=16000
frame 198: send=0x0 get=0x0 len=28921 coding=1 startqp=0 meanqp=0 picbytes=0 pskip=0 nalus=1 n1:28921
  snapshot f198: 3 venc_ko blocks (pool0 0x73801000 len 0x10000)
src frame 199: srcf=25 off=107460 br=16000
frame 199: send=0x0 get=0x0 len=36414 coding=1 startqp=0 meanqp=0 picbytes=0 pskip=0 nalus=1 n1:36414
  snapshot f199: 3 venc_ko blocks (pool0 0x73801000 len 0x10000)
src frame 200: srcf=26 off=108000 br=16000
frame 200: send=0x0 get=0x0 len=28983 coding=1 startqp=0 meanqp=0 picbytes=0 pskip=0 nalus=1 n1:28983
  snapshot f200: 3 venc_ko blocks (pool0 0x73801000 len 0x10000)
src frame 201: srcf=27 off=108540 br=16000
frame 201: send=0x0 get=0x0 len=35848 coding=1 startqp=0 meanqp=0 picbytes=0 pskip=0 nalus=1 n1:35848
  snapshot f201: 3 venc_ko blocks (pool0 0x73801000 len 0x10000)
src frame 202: srcf=28 off=109080 br=16000
frame 202: send=0x0 get=0x0 len=29026 coding=1 startqp=0 meanqp=0 picbytes=0 pskip=0 nalus=1 n1:29026
  snapshot f202: 3 venc_ko blocks (pool0 0x73801000 len 0x10000)
src frame 203: srcf=29 off=109620 br=16000
frame 203: send=0x0 get=0x0 len=35736 coding=1 startqp=0 meanqp=0 picbytes=0 pskip=0 nalus=1 n1:35736
  snapshot f203: 3 venc_ko blocks (pool0 0x73801000 len 0x10000)
src frame 204: srcf=28 off=110160 br=16000
frame 204: send=0x0 get=0x0 len=30504 coding=1 startqp=0 meanqp=0 picbytes=0 pskip=0 nalus=1 n1:30504
  snapshot f204: 3 venc_ko blocks (pool0 0x73801000 len 0x10000)
src frame 205: srcf=27 off=110700 br=16000
frame 205: send=0x0 get=0x0 len=36811 coding=1 startqp=0 meanqp=0 picbytes=0 pskip=0 nalus=1 n1:36811
  snapshot f205: 3 venc_ko blocks (pool0 0x73801000 len 0x10000)
src frame 206: srcf=26 off=111240 br=16000
frame 206: send=0x0 get=0x0 len=30522 coding=1 startqp=0 meanqp=0 picbytes=0 pskip=0 nalus=1 n1:30522
  snapshot f206: 3 venc_ko blocks (pool0 0x73801000 len 0x10000)
src frame 207: srcf=25 off=111780 br=16000
frame 207: send=0x0 get=0x0 len=34971 coding=1 startqp=0 meanqp=0 picbytes=0 pskip=0 nalus=1 n1:34971
  snapshot f207: 3 venc_ko blocks (pool0 0x73801000 len 0x10000)
src frame 208: srcf=24 off=112320 br=16000
frame 208: send=0x0 get=0x0 len=28959 coding=1 startqp=0 meanqp=0 picbytes=0 pskip=0 nalus=1 n1:28959
  snapshot f208: 3 venc_ko blocks (pool0 0x73801000 len 0x10000)
src frame 209: srcf=23 off=112860 br=16000
frame 209: send=0x0 get=0x0 len=36436 coding=1 startqp=0 meanqp=0 picbytes=0 pskip=0 nalus=1 n1:36436
  snapshot f209: 3 venc_ko blocks (pool0 0x73801000 len 0x10000)
src frame 210: srcf=22 off=113400 br=16000
frame 210: send=0x0 get=0x0 len=51112 coding=0 startqp=0 meanqp=0 picbytes=0 pskip=0 nalus=3 n7:32 n8:8 n5:51072
  snapshot f210: 3 venc_ko blocks (pool0 0x73801000 len 0x10000)
src frame 211: srcf=21 off=113940 br=16000
frame 211: send=0x0 get=0x0 len=38473 coding=1 startqp=0 meanqp=0 picbytes=0 pskip=0 nalus=1 n1:38473
  snapshot f211: 3 venc_ko blocks (pool0 0x73801000 len 0x10000)
src frame 212: srcf=20 off=114480 br=16000
frame 212: send=0x0 get=0x0 len=29451 coding=1 startqp=0 meanqp=0 picbytes=0 pskip=0 nalus=1 n1:29451
  snapshot f212: 3 venc_ko blocks (pool0 0x73801000 len 0x10000)
src frame 213: srcf=19 off=115020 br=16000
frame 213: send=0x0 get=0x0 len=37323 coding=1 startqp=0 meanqp=0 picbytes=0 pskip=0 nalus=1 n1:37323
  snapshot f213: 3 venc_ko blocks (pool0 0x73801000 len 0x10000)
src frame 214: srcf=18 off=115560 br=16000
frame 214: send=0x0 get=0x0 len=29149 coding=1 startqp=0 meanqp=0 picbytes=0 pskip=0 nalus=1 n1:29149
  snapshot f214: 3 venc_ko blocks (pool0 0x73801000 len 0x10000)
src frame 215: srcf=17 off=116100 br=16000
frame 215: send=0x0 get=0x0 len=36773 coding=1 startqp=0 meanqp=0 picbytes=0 pskip=0 nalus=1 n1:36773
  snapshot f215: 3 venc_ko blocks (pool0 0x73801000 len 0x10000)
src frame 216: srcf=16 off=116640 br=16000
frame 216: send=0x0 get=0x0 len=29129 coding=1 startqp=0 meanqp=0 picbytes=0 pskip=0 nalus=1 n1:29129
  snapshot f216: 3 venc_ko blocks (pool0 0x73801000 len 0x10000)
src frame 217: srcf=15 off=117180 br=16000
frame 217: send=0x0 get=0x0 len=36236 coding=1 startqp=0 meanqp=0 picbytes=0 pskip=0 nalus=1 n1:36236
  snapshot f217: 3 venc_ko blocks (pool0 0x73801000 len 0x10000)
src frame 218: srcf=14 off=117720 br=16000
frame 218: send=0x0 get=0x0 len=30825 coding=1 startqp=0 meanqp=0 picbytes=0 pskip=0 nalus=1 n1:30825
  snapshot f218: 3 venc_ko blocks (pool0 0x73801000 len 0x10000)
src frame 219: srcf=13 off=118260 br=16000
frame 219: send=0x0 get=0x0 len=36040 coding=1 startqp=0 meanqp=0 picbytes=0 pskip=0 nalus=1 n1:36040
  snapshot f219: 3 venc_ko blocks (pool0 0x73801000 len 0x10000)
src frame 220: srcf=12 off=118800 br=16000
frame 220: send=0x0 get=0x0 len=30676 coding=1 startqp=0 meanqp=0 picbytes=0 pskip=0 nalus=1 n1:30676
  snapshot f220: 3 venc_ko blocks (pool0 0x73801000 len 0x10000)
src frame 221: srcf=11 off=119340 br=16000
frame 221: send=0x0 get=0x0 len=36317 coding=1 startqp=0 meanqp=0 picbytes=0 pskip=0 nalus=1 n1:36317
  snapshot f221: 3 venc_ko blocks (pool0 0x73801000 len 0x10000)
src frame 222: srcf=10 off=119880 br=16000
frame 222: send=0x0 get=0x0 len=30662 coding=1 startqp=0 meanqp=0 picbytes=0 pskip=0 nalus=1 n1:30662
  snapshot f222: 3 venc_ko blocks (pool0 0x73801000 len 0x10000)
src frame 223: srcf=9 off=120420 br=16000
frame 223: send=0x0 get=0x0 len=36737 coding=1 startqp=0 meanqp=0 picbytes=0 pskip=0 nalus=1 n1:36737
  snapshot f223: 3 venc_ko blocks (pool0 0x73801000 len 0x10000)
src frame 224: srcf=8 off=120960 br=16000
frame 224: send=0x0 get=0x0 len=30819 coding=1 startqp=0 meanqp=0 picbytes=0 pskip=0 nalus=1 n1:30819
  snapshot f224: 3 venc_ko blocks (pool0 0x73801000 len 0x10000)
src frame 225: srcf=7 off=121500 br=16000
frame 225: send=0x0 get=0x0 len=36255 coding=1 startqp=0 meanqp=0 picbytes=0 pskip=0 nalus=1 n1:36255
  snapshot f225: 3 venc_ko blocks (pool0 0x73801000 len 0x10000)
src frame 226: srcf=6 off=122040 br=16000
frame 226: send=0x0 get=0x0 len=30459 coding=1 startqp=0 meanqp=0 picbytes=0 pskip=0 nalus=1 n1:30459
  snapshot f226: 3 venc_ko blocks (pool0 0x73801000 len 0x10000)
src frame 227: srcf=5 off=122580 br=16000
frame 227: send=0x0 get=0x0 len=37278 coding=1 startqp=0 meanqp=0 picbytes=0 pskip=0 nalus=1 n1:37278
  snapshot f227: 3 venc_ko blocks (pool0 0x73801000 len 0x10000)
src frame 228: srcf=4 off=123120 br=16000
frame 228: send=0x0 get=0x0 len=30766 coding=1 startqp=0 meanqp=0 picbytes=0 pskip=0 nalus=1 n1:30766
  snapshot f228: 3 venc_ko blocks (pool0 0x73801000 len 0x10000)
src frame 229: srcf=3 off=123660 br=16000
frame 229: send=0x0 get=0x0 len=35835 coding=1 startqp=0 meanqp=0 picbytes=0 pskip=0 nalus=1 n1:35835
  snapshot f229: 3 venc_ko blocks (pool0 0x73801000 len 0x10000)
src frame 230: srcf=2 off=124200 br=16000
frame 230: send=0x0 get=0x0 len=30610 coding=1 startqp=0 meanqp=0 picbytes=0 pskip=0 nalus=1 n1:30610
  snapshot f230: 3 venc_ko blocks (pool0 0x73801000 len 0x10000)
src frame 231: srcf=1 off=124740 br=16000
frame 231: send=0x0 get=0x0 len=36407 coding=1 startqp=0 meanqp=0 picbytes=0 pskip=0 nalus=1 n1:36407
  snapshot f231: 3 venc_ko blocks (pool0 0x73801000 len 0x10000)
src frame 232: srcf=0 off=125280 br=16000
frame 232: send=0x0 get=0x0 len=30748 coding=1 startqp=0 meanqp=0 picbytes=0 pskip=0 nalus=1 n1:30748
  snapshot f232: 3 venc_ko blocks (pool0 0x73801000 len 0x10000)
src frame 233: srcf=1 off=125820 br=16000
frame 233: send=0x0 get=0x0 len=36190 coding=1 startqp=0 meanqp=0 picbytes=0 pskip=0 nalus=1 n1:36190
  snapshot f233: 3 venc_ko blocks (pool0 0x73801000 len 0x10000)
src frame 234: srcf=2 off=126360 br=16000
frame 234: send=0x0 get=0x0 len=30470 coding=1 startqp=0 meanqp=0 picbytes=0 pskip=0 nalus=1 n1:30470
  snapshot f234: 3 venc_ko blocks (pool0 0x73801000 len 0x10000)
src frame 235: srcf=3 off=126900 br=16000
frame 235: send=0x0 get=0x0 len=35942 coding=1 startqp=0 meanqp=0 picbytes=0 pskip=0 nalus=1 n1:35942
  snapshot f235: 3 venc_ko blocks (pool0 0x73801000 len 0x10000)
src frame 236: srcf=4 off=127440 br=16000
frame 236: send=0x0 get=0x0 len=30591 coding=1 startqp=0 meanqp=0 picbytes=0 pskip=0 nalus=1 n1:30591
  snapshot f236: 3 venc_ko blocks (pool0 0x73801000 len 0x10000)
src frame 237: srcf=5 off=127980 br=16000
frame 237: send=0x0 get=0x0 len=35967 coding=1 startqp=0 meanqp=0 picbytes=0 pskip=0 nalus=1 n1:35967
  snapshot f237: 3 venc_ko blocks (pool0 0x73801000 len 0x10000)
src frame 238: srcf=6 off=128520 br=16000
frame 238: send=0x0 get=0x0 len=32160 coding=1 startqp=0 meanqp=0 picbytes=0 pskip=0 nalus=1 n1:32160
  snapshot f238: 3 venc_ko blocks (pool0 0x73801000 len 0x10000)
src frame 239: srcf=7 off=129060 br=16000
frame 239: send=0x0 get=0x0 len=35493 coding=1 startqp=0 meanqp=0 picbytes=0 pskip=0 nalus=1 n1:35493
  snapshot f239: 3 venc_ko blocks (pool0 0x73801000 len 0x10000)
---- /proc/ax_proc/venc ----
-------- VENC VERSION ------------------------
[Axera version]: ax_venc V3.0.0_20250319114413 Mar 19 2025 11:58:34 JK

-------- MODULE PARAM ------------------------
MaxChnNum   MaxRoiNum   MaxProcNum  
16          8           16          

-------- VENC CHN ATTR 1 ------------------------
ID    Type    wSrc    hSrc    Strd0   Strd1   maxW    maxH    PixFmt  link  InFifoDep    OutFifoDep   InDbgFifoLen InDbgFifoDep StrmBufSize(KB)
7     h264    1920    1080    3840    0       1920    1080    YUYV422 N     2            2            0            4            4114      
-------- VENC CHN ATTR 2 ------------------------
ID    [CropEn StartX  StartY  CropW   CropH]  Rotation  EncW    EncH    FrmSize      PTS          SeqNum       CompMode     CompLevel    PhyAddr0     PhyAddr1     PhyAddr2     
7     N       0       0       0       0       0         1920    1080    4147200      3266666      197          NONE         0            742d1000     0            0            
-------- VENC RC ATTR 1 ------------------------
ID    RcMode    SrcFr   DstFr   Br(kbps)  MinQp   MaxQp   MinIQp  MaxIQp  IQpDelta  IpropMax   IpropMin   StartQp    QpDltRng   DeBrQpDlt  SvcEn   ChgPos  StillPercent MaxStillQp 
7     CBR       60.00   60.00   16000     10      51      10      51      0         40         10         -1         2          0          False   -       -            -          
-------- VENC RC ATTR 2  -----------------------
ID    QMapQpType  QMapUnit    QMapBlkType IQp   PQp   MinQpDelta MaxQpDelta MaxBitRate shtStaTime ltStaTime  ltMinBr  ltMaxBr  Br_ST(kbps)    Br_LT(kbps)    
7     N/A         64x64       N/A         -     -     -          -          -          -          -          -        -        -              -              
-------- VENC GOP ATTR  ------------------------
ID    GopMode   Gop   GopVI 
7     NormalP   30    0     
-------- VENC STATUS 1 -------------------------
ID    RJEn         RJThr(bps)   RJMode       RJEncGaps    SupFrmEn     SupPri       SupThrI      SupThrP      SplitEn      SliceNum     Range(In)    Range(out)   
7     N            0            Normal       0            N            0            500000       500000       N            0            Full         Full         
-------- VENC STATUS 2 -------------------------
ID    ChnStat   FrmRecv   FrmRls    FrmEnc    FrmDrop   FrmDup    EncFail   MissMatch StrmGet   StrmRls   OutFps    RealBr    ReEncCnt  DropCnt   BlkFail   GrpID     PID     TID     ThNum   RefInc    RefDec    Fail1   Fail2   Fail3   Fail4   
7     STARTED   197       197       197       0         0         0         0         197       197       49.50     13663.42  0         0         0         -1        130532  130536  1       197       197       0       0       0       0       
-------- VENC HW STATUS  ------------------------
ID    OverFlow     TimeOut      
7     0            0            
-------- VENC ROI INFO  ------------------------
ID    Index        bEnable      bAbsQp       RoiQP        Width        Height       StartX       StartY       
done h264_jump1_cbr16000
rc=0
== h264_jump1_cbr16000: codec=h264 rc=cbr br=16000 fps=60 gop=30 frames=240 total=8106941 B achieved=16214 kbps
I frames (frame:qp/bytes): 0:32/30843 30:30/34366 60:28/38177 90:25/44441 120:23/49168 150:21/53702 180:21/53702 210:22/51112
first P after each I (frame:qp): 1:35 31:33 61:31 91:28 121:26 151:24 181:24 211:25
per-GOP: gop#: kbps I_qp P_qp[min..max] P_qp_last
  0: 14969 kbps I=[32] P=[24..35] last=24 n=30
  1: 17051 kbps I=[30] P=[21..33] last=22 n=30
  2: 15961 kbps I=[28] P=[24..31] last=24 n=30
  3: 16555 kbps I=[25] P=[23..28] last=24 n=30
  4: 16214 kbps I=[23] P=[24..27] last=24 n=30
  5: 16415 kbps I=[21] P=[24..26] last=24 n=30
  6: 16148 kbps I=[21] P=[24..26] last=25 n=30
  7: 16398 kbps I=[22] P=[24..26] last=24 n=30
P->P QP step histogram: -2:1 -1:118 +0:20 +1:85
I->firstP QP delta: +3 +3 +3 +3 +3 +3 +3 +3
sw7 frame-QP == slice QP: 240/240 frames with a program agree; mismatches at []
slot flags: {'': 240}
sw105-107 distinct (I): [('0x35b600', '0x35b600', '0x35b600'), ('0x46407c', '0x46407c', '0x46407c'), ('0x4687b2', '0x4687b2', '0x4687b2'), ('0x46c3f1', '0x46c3f1', '0x46c3f1')]
sw172/173 distinct: [('0x14f', '0x662'), ('0x14f', '0x66a')]
sw6 distinct (I / P): ['0x3'] ['0x3']
=== h264_jump15_cbr16000: codec=h264 rc=cbr br=16000 nframes=240 src=/root/rc65/clips/static.yuyv motion=jump mstep=15
# vdrive tag=h264_jump15_cbr16000 codec=h264 1920x1080 rc=cbr br=16000 fps=60/60 gop=30 gopmode=normalp ltrint=0 ltrqpo=0 iqp=32 pqp=32 profile=10 level=51 tier=0 qp[10..51] iqp[10..51] iqd=0 firstqp=-1 iprop[10..40] idrrange=2 stattime=1 vq=0 ir=0/0 slice=0 debreath=0 scd=-1 rowqpd=-1 vui=-1 move=0 nframes=240
src=/root/rc65/clips/static.yuyv frames=30 loop=pingpong motion=jump mstep=15 window=0..-1
AX_SYS_Init rc=0x0
AX_VENC_Init rc=0x0
AX_VENC_CreateChn(7) rc=0x0
StartRecvFrame rc=0x0
AX_POOL_CreatePool id=0x0
blk=0x5e000000 phys=0x742d1000 virt=0xffffa0905000
frame: modid=0x11 stride=1920 fmt=0xd
  snapshot pre: 3 venc_ko blocks (pool0 0x73801000 len 0x10000)
src frame 0: srcf=0 off=0 br=16000
frame 0: send=0x0 get=0x0 len=30843 coding=0 startqp=0 meanqp=0 picbytes=0 pskip=0 nalus=3 n7:32 n8:8 n5:30803
  snapshot f000: 3 venc_ko blocks (pool0 0x73801000 len 0x10000)
src frame 1: srcf=1 off=0 br=16000
frame 1: send=0x0 get=0x0 len=8800 coding=1 startqp=0 meanqp=0 picbytes=0 pskip=0 nalus=1 n1:8800
  snapshot f001: 3 venc_ko blocks (pool0 0x73801000 len 0x10000)
src frame 2: srcf=2 off=0 br=16000
frame 2: send=0x0 get=0x0 len=10590 coding=1 startqp=0 meanqp=0 picbytes=0 pskip=0 nalus=1 n1:10590
  snapshot f002: 3 venc_ko blocks (pool0 0x73801000 len 0x10000)
src frame 3: srcf=3 off=0 br=16000
frame 3: send=0x0 get=0x0 len=7118 coding=1 startqp=0 meanqp=0 picbytes=0 pskip=0 nalus=1 n1:7118
  snapshot f003: 3 venc_ko blocks (pool0 0x73801000 len 0x10000)
src frame 4: srcf=4 off=0 br=16000
frame 4: send=0x0 get=0x0 len=7369 coding=1 startqp=0 meanqp=0 picbytes=0 pskip=0 nalus=1 n1:7369
  snapshot f004: 3 venc_ko blocks (pool0 0x73801000 len 0x10000)
src frame 5: srcf=5 off=0 br=16000
frame 5: send=0x0 get=0x0 len=7015 coding=1 startqp=0 meanqp=0 picbytes=0 pskip=0 nalus=1 n1:7015
  snapshot f005: 3 venc_ko blocks (pool0 0x73801000 len 0x10000)
src frame 6: srcf=6 off=0 br=16000
frame 6: send=0x0 get=0x0 len=7704 coding=1 startqp=0 meanqp=0 picbytes=0 pskip=0 nalus=1 n1:7704
  snapshot f006: 3 venc_ko blocks (pool0 0x73801000 len 0x10000)
src frame 7: srcf=7 off=0 br=16000
frame 7: send=0x0 get=0x0 len=7509 coding=1 startqp=0 meanqp=0 picbytes=0 pskip=0 nalus=1 n1:7509
  snapshot f007: 3 venc_ko blocks (pool0 0x73801000 len 0x10000)
src frame 8: srcf=8 off=0 br=16000
frame 8: send=0x0 get=0x0 len=8423 coding=1 startqp=0 meanqp=0 picbytes=0 pskip=0 nalus=1 n1:8423
  snapshot f008: 3 venc_ko blocks (pool0 0x73801000 len 0x10000)
src frame 9: srcf=9 off=0 br=16000
frame 9: send=0x0 get=0x0 len=8052 coding=1 startqp=0 meanqp=0 picbytes=0 pskip=0 nalus=1 n1:8052
  snapshot f009: 3 venc_ko blocks (pool0 0x73801000 len 0x10000)
src frame 10: srcf=10 off=0 br=16000
frame 10: send=0x0 get=0x0 len=8328 coding=1 startqp=0 meanqp=0 picbytes=0 pskip=0 nalus=1 n1:8328
  snapshot f010: 3 venc_ko blocks (pool0 0x73801000 len 0x10000)
src frame 11: srcf=11 off=0 br=16000
frame 11: send=0x0 get=0x0 len=7994 coding=1 startqp=0 meanqp=0 picbytes=0 pskip=0 nalus=1 n1:7994
  snapshot f011: 3 venc_ko blocks (pool0 0x73801000 len 0x10000)
src frame 12: srcf=12 off=0 br=16000
frame 12: send=0x0 get=0x0 len=8543 coding=1 startqp=0 meanqp=0 picbytes=0 pskip=0 nalus=1 n1:8543
  snapshot f012: 3 venc_ko blocks (pool0 0x73801000 len 0x10000)
src frame 13: srcf=13 off=0 br=16000
frame 13: send=0x0 get=0x0 len=8707 coding=1 startqp=0 meanqp=0 picbytes=0 pskip=0 nalus=1 n1:8707
  snapshot f013: 3 venc_ko blocks (pool0 0x73801000 len 0x10000)
src frame 14: srcf=14 off=0 br=16000
frame 14: send=0x0 get=0x0 len=9688 coding=1 startqp=0 meanqp=0 picbytes=0 pskip=0 nalus=1 n1:9688
  snapshot f014: 3 venc_ko blocks (pool0 0x73801000 len 0x10000)
src frame 15: srcf=15 off=540 br=16000
frame 15: send=0x0 get=0x0 len=44793 coding=1 startqp=0 meanqp=0 picbytes=0 pskip=0 nalus=1 n1:44793
  snapshot f015: 3 venc_ko blocks (pool0 0x73801000 len 0x10000)
src frame 16: srcf=16 off=540 br=16000
frame 16: send=0x0 get=0x0 len=25339 coding=1 startqp=0 meanqp=0 picbytes=0 pskip=0 nalus=1 n1:25339
  snapshot f016: 3 venc_ko blocks (pool0 0x73801000 len 0x10000)
src frame 17: srcf=17 off=540 br=16000
frame 17: send=0x0 get=0x0 len=9920 coding=1 startqp=0 meanqp=0 picbytes=0 pskip=0 nalus=1 n1:9920
  snapshot f017: 3 venc_ko blocks (pool0 0x73801000 len 0x10000)
src frame 18: srcf=18 off=540 br=16000
frame 18: send=0x0 get=0x0 len=3063 coding=1 startqp=0 meanqp=0 picbytes=0 pskip=0 nalus=1 n1:3063
  snapshot f018: 3 venc_ko blocks (pool0 0x73801000 len 0x10000)
src frame 19: srcf=19 off=540 br=16000
frame 19: send=0x0 get=0x0 len=1718 coding=1 startqp=0 meanqp=0 picbytes=0 pskip=0 nalus=1 n1:1718
  snapshot f019: 3 venc_ko blocks (pool0 0x73801000 len 0x10000)
src frame 20: srcf=20 off=540 br=16000
frame 20: send=0x0 get=0x0 len=1526 coding=1 startqp=0 meanqp=0 picbytes=0 pskip=0 nalus=1 n1:1526
  snapshot f020: 3 venc_ko blocks (pool0 0x73801000 len 0x10000)
src frame 21: srcf=21 off=540 br=16000
frame 21: send=0x0 get=0x0 len=1512 coding=1 startqp=0 meanqp=0 picbytes=0 pskip=0 nalus=1 n1:1512
  snapshot f021: 3 venc_ko blocks (pool0 0x73801000 len 0x10000)
src frame 22: srcf=22 off=540 br=16000
frame 22: send=0x0 get=0x0 len=1512 coding=1 startqp=0 meanqp=0 picbytes=0 pskip=0 nalus=1 n1:1512
  snapshot f022: 3 venc_ko blocks (pool0 0x73801000 len 0x10000)
src frame 23: srcf=23 off=540 br=16000
frame 23: send=0x0 get=0x0 len=1512 coding=1 startqp=0 meanqp=0 picbytes=0 pskip=0 nalus=1 n1:1512
  snapshot f023: 3 venc_ko blocks (pool0 0x73801000 len 0x10000)
src frame 24: srcf=24 off=540 br=16000
frame 24: send=0x0 get=0x0 len=1512 coding=1 startqp=0 meanqp=0 picbytes=0 pskip=0 nalus=1 n1:1512
  snapshot f024: 3 venc_ko blocks (pool0 0x73801000 len 0x10000)
src frame 25: srcf=25 off=540 br=16000
frame 25: send=0x0 get=0x0 len=1512 coding=1 startqp=0 meanqp=0 picbytes=0 pskip=0 nalus=1 n1:1512
  snapshot f025: 3 venc_ko blocks (pool0 0x73801000 len 0x10000)
src frame 26: srcf=26 off=540 br=16000
frame 26: send=0x0 get=0x0 len=1512 coding=1 startqp=0 meanqp=0 picbytes=0 pskip=0 nalus=1 n1:1512
  snapshot f026: 3 venc_ko blocks (pool0 0x73801000 len 0x10000)
src frame 27: srcf=27 off=540 br=16000
frame 27: send=0x0 get=0x0 len=1512 coding=1 startqp=0 meanqp=0 picbytes=0 pskip=0 nalus=1 n1:1512
  snapshot f027: 3 venc_ko blocks (pool0 0x73801000 len 0x10000)
src frame 28: srcf=28 off=540 br=16000
frame 28: send=0x0 get=0x0 len=1512 coding=1 startqp=0 meanqp=0 picbytes=0 pskip=0 nalus=1 n1:1512
  snapshot f028: 3 venc_ko blocks (pool0 0x73801000 len 0x10000)
src frame 29: srcf=29 off=540 br=16000
frame 29: send=0x0 get=0x0 len=1512 coding=1 startqp=0 meanqp=0 picbytes=0 pskip=0 nalus=1 n1:1512
  snapshot f029: 3 venc_ko blocks (pool0 0x73801000 len 0x10000)
src frame 30: srcf=28 off=1080 br=16000
frame 30: send=0x0 get=0x0 len=34366 coding=0 startqp=0 meanqp=0 picbytes=0 pskip=0 nalus=3 n7:32 n8:8 n5:34326
  snapshot f030: 3 venc_ko blocks (pool0 0x73801000 len 0x10000)
src frame 31: srcf=27 off=1080 br=16000
frame 31: send=0x0 get=0x0 len=9961 coding=1 startqp=0 meanqp=0 picbytes=0 pskip=0 nalus=1 n1:9961
  snapshot f031: 3 venc_ko blocks (pool0 0x73801000 len 0x10000)
src frame 32: srcf=26 off=1080 br=16000
frame 32: send=0x0 get=0x0 len=6693 coding=1 startqp=0 meanqp=0 picbytes=0 pskip=0 nalus=1 n1:6693
  snapshot f032: 3 venc_ko blocks (pool0 0x73801000 len 0x10000)
src frame 33: srcf=25 off=1080 br=16000
frame 33: send=0x0 get=0x0 len=6877 coding=1 startqp=0 meanqp=0 picbytes=0 pskip=0 nalus=1 n1:6877
  snapshot f033: 3 venc_ko blocks (pool0 0x73801000 len 0x10000)
src frame 34: srcf=24 off=1080 br=16000
frame 34: send=0x0 get=0x0 len=7131 coding=1 startqp=0 meanqp=0 picbytes=0 pskip=0 nalus=1 n1:7131
  snapshot f034: 3 venc_ko blocks (pool0 0x73801000 len 0x10000)
src frame 35: srcf=23 off=1080 br=16000
frame 35: send=0x0 get=0x0 len=7245 coding=1 startqp=0 meanqp=0 picbytes=0 pskip=0 nalus=1 n1:7245
  snapshot f035: 3 venc_ko blocks (pool0 0x73801000 len 0x10000)
src frame 36: srcf=22 off=1080 br=16000
frame 36: send=0x0 get=0x0 len=7414 coding=1 startqp=0 meanqp=0 picbytes=0 pskip=0 nalus=1 n1:7414
  snapshot f036: 3 venc_ko blocks (pool0 0x73801000 len 0x10000)
src frame 37: srcf=21 off=1080 br=16000
frame 37: send=0x0 get=0x0 len=8152 coding=1 startqp=0 meanqp=0 picbytes=0 pskip=0 nalus=1 n1:8152
  snapshot f037: 3 venc_ko blocks (pool0 0x73801000 len 0x10000)
src frame 38: srcf=20 off=1080 br=16000
frame 38: send=0x0 get=0x0 len=8087 coding=1 startqp=0 meanqp=0 picbytes=0 pskip=0 nalus=1 n1:8087
  snapshot f038: 3 venc_ko blocks (pool0 0x73801000 len 0x10000)
src frame 39: srcf=19 off=1080 br=16000
frame 39: send=0x0 get=0x0 len=8542 coding=1 startqp=0 meanqp=0 picbytes=0 pskip=0 nalus=1 n1:8542
  snapshot f039: 3 venc_ko blocks (pool0 0x73801000 len 0x10000)
src frame 40: srcf=18 off=1080 br=16000
frame 40: send=0x0 get=0x0 len=8286 coding=1 startqp=0 meanqp=0 picbytes=0 pskip=0 nalus=1 n1:8286
  snapshot f040: 3 venc_ko blocks (pool0 0x73801000 len 0x10000)
src frame 41: srcf=17 off=1080 br=16000
frame 41: send=0x0 get=0x0 len=8976 coding=1 startqp=0 meanqp=0 picbytes=0 pskip=0 nalus=1 n1:8976
  snapshot f041: 3 venc_ko blocks (pool0 0x73801000 len 0x10000)
src frame 42: srcf=16 off=1080 br=16000
frame 42: send=0x0 get=0x0 len=9253 coding=1 startqp=0 meanqp=0 picbytes=0 pskip=0 nalus=1 n1:9253
  snapshot f042: 3 venc_ko blocks (pool0 0x73801000 len 0x10000)
src frame 43: srcf=15 off=1080 br=16000
frame 43: send=0x0 get=0x0 len=9728 coding=1 startqp=0 meanqp=0 picbytes=0 pskip=0 nalus=1 n1:9728
  snapshot f043: 3 venc_ko blocks (pool0 0x73801000 len 0x10000)
src frame 44: srcf=14 off=1080 br=16000
frame 44: send=0x0 get=0x0 len=10210 coding=1 startqp=0 meanqp=0 picbytes=0 pskip=0 nalus=1 n1:10210
  snapshot f044: 3 venc_ko blocks (pool0 0x73801000 len 0x10000)
src frame 45: srcf=13 off=1620 br=16000
frame 45: send=0x0 get=0x0 len=65910 coding=1 startqp=0 meanqp=0 picbytes=0 pskip=0 nalus=1 n1:65910
  snapshot f045: 3 venc_ko blocks (pool0 0x73801000 len 0x10000)
src frame 46: srcf=12 off=1620 br=16000
frame 46: send=0x0 get=0x0 len=9947 coding=1 startqp=0 meanqp=0 picbytes=0 pskip=0 nalus=1 n1:9947
  snapshot f046: 3 venc_ko blocks (pool0 0x73801000 len 0x10000)
src frame 47: srcf=11 off=1620 br=16000
frame 47: send=0x0 get=0x0 len=2682 coding=1 startqp=0 meanqp=0 picbytes=0 pskip=0 nalus=1 n1:2682
  snapshot f047: 3 venc_ko blocks (pool0 0x73801000 len 0x10000)
src frame 48: srcf=10 off=1620 br=16000
frame 48: send=0x0 get=0x0 len=1371 coding=1 startqp=0 meanqp=0 picbytes=0 pskip=0 nalus=1 n1:1371
  snapshot f048: 3 venc_ko blocks (pool0 0x73801000 len 0x10000)
src frame 49: srcf=9 off=1620 br=16000
frame 49: send=0x0 get=0x0 len=1155 coding=1 startqp=0 meanqp=0 picbytes=0 pskip=0 nalus=1 n1:1155
  snapshot f049: 3 venc_ko blocks (pool0 0x73801000 len 0x10000)
src frame 50: srcf=8 off=1620 br=16000
frame 50: send=0x0 get=0x0 len=1137 coding=1 startqp=0 meanqp=0 picbytes=0 pskip=0 nalus=1 n1:1137
  snapshot f050: 3 venc_ko blocks (pool0 0x73801000 len 0x10000)
src frame 51: srcf=7 off=1620 br=16000
frame 51: send=0x0 get=0x0 len=1136 coding=1 startqp=0 meanqp=0 picbytes=0 pskip=0 nalus=1 n1:1136
  snapshot f051: 3 venc_ko blocks (pool0 0x73801000 len 0x10000)
src frame 52: srcf=6 off=1620 br=16000
frame 52: send=0x0 get=0x0 len=1133 coding=1 startqp=0 meanqp=0 picbytes=0 pskip=0 nalus=1 n1:1133
  snapshot f052: 3 venc_ko blocks (pool0 0x73801000 len 0x10000)
src frame 53: srcf=5 off=1620 br=16000
frame 53: send=0x0 get=0x0 len=1136 coding=1 startqp=0 meanqp=0 picbytes=0 pskip=0 nalus=1 n1:1136
  snapshot f053: 3 venc_ko blocks (pool0 0x73801000 len 0x10000)
src frame 54: srcf=4 off=1620 br=16000
frame 54: send=0x0 get=0x0 len=1133 coding=1 startqp=0 meanqp=0 picbytes=0 pskip=0 nalus=1 n1:1133
  snapshot f054: 3 venc_ko blocks (pool0 0x73801000 len 0x10000)
src frame 55: srcf=3 off=1620 br=16000
frame 55: send=0x0 get=0x0 len=1136 coding=1 startqp=0 meanqp=0 picbytes=0 pskip=0 nalus=1 n1:1136
  snapshot f055: 3 venc_ko blocks (pool0 0x73801000 len 0x10000)
src frame 56: srcf=2 off=1620 br=16000
frame 56: send=0x0 get=0x0 len=1133 coding=1 startqp=0 meanqp=0 picbytes=0 pskip=0 nalus=1 n1:1133
  snapshot f056: 3 venc_ko blocks (pool0 0x73801000 len 0x10000)
src frame 57: srcf=1 off=1620 br=16000
frame 57: send=0x0 get=0x0 len=1136 coding=1 startqp=0 meanqp=0 picbytes=0 pskip=0 nalus=1 n1:1136
  snapshot f057: 3 venc_ko blocks (pool0 0x73801000 len 0x10000)
src frame 58: srcf=0 off=1620 br=16000
frame 58: send=0x0 get=0x0 len=1133 coding=1 startqp=0 meanqp=0 picbytes=0 pskip=0 nalus=1 n1:1133
  snapshot f058: 3 venc_ko blocks (pool0 0x73801000 len 0x10000)
src frame 59: srcf=1 off=1620 br=16000
frame 59: send=0x0 get=0x0 len=1136 coding=1 startqp=0 meanqp=0 picbytes=0 pskip=0 nalus=1 n1:1136
  snapshot f059: 3 venc_ko blocks (pool0 0x73801000 len 0x10000)
src frame 60: srcf=2 off=2160 br=16000
frame 60: send=0x0 get=0x0 len=38177 coding=0 startqp=0 meanqp=0 picbytes=0 pskip=0 nalus=3 n7:32 n8:8 n5:38137
  snapshot f060: 3 venc_ko blocks (pool0 0x73801000 len 0x10000)
src frame 61: srcf=3 off=2160 br=16000
frame 61: send=0x0 get=0x0 len=10896 coding=1 startqp=0 meanqp=0 picbytes=0 pskip=0 nalus=1 n1:10896
  snapshot f061: 3 venc_ko blocks (pool0 0x73801000 len 0x10000)
src frame 62: srcf=4 off=2160 br=16000
frame 62: send=0x0 get=0x0 len=7066 coding=1 startqp=0 meanqp=0 picbytes=0 pskip=0 nalus=1 n1:7066
  snapshot f062: 3 venc_ko blocks (pool0 0x73801000 len 0x10000)
src frame 63: srcf=5 off=2160 br=16000
frame 63: send=0x0 get=0x0 len=7494 coding=1 startqp=0 meanqp=0 picbytes=0 pskip=0 nalus=1 n1:7494
  snapshot f063: 3 venc_ko blocks (pool0 0x73801000 len 0x10000)
src frame 64: srcf=6 off=2160 br=16000
frame 64: send=0x0 get=0x0 len=7445 coding=1 startqp=0 meanqp=0 picbytes=0 pskip=0 nalus=1 n1:7445
  snapshot f064: 3 venc_ko blocks (pool0 0x73801000 len 0x10000)
src frame 65: srcf=7 off=2160 br=16000
frame 65: send=0x0 get=0x0 len=7805 coding=1 startqp=0 meanqp=0 picbytes=0 pskip=0 nalus=1 n1:7805
  snapshot f065: 3 venc_ko blocks (pool0 0x73801000 len 0x10000)
src frame 66: srcf=8 off=2160 br=16000
frame 66: send=0x0 get=0x0 len=7908 coding=1 startqp=0 meanqp=0 picbytes=0 pskip=0 nalus=1 n1:7908
  snapshot f066: 3 venc_ko blocks (pool0 0x73801000 len 0x10000)
src frame 67: srcf=9 off=2160 br=16000
frame 67: send=0x0 get=0x0 len=8660 coding=1 startqp=0 meanqp=0 picbytes=0 pskip=0 nalus=1 n1:8660
  snapshot f067: 3 venc_ko blocks (pool0 0x73801000 len 0x10000)
src frame 68: srcf=10 off=2160 br=16000
frame 68: send=0x0 get=0x0 len=8790 coding=1 startqp=0 meanqp=0 picbytes=0 pskip=0 nalus=1 n1:8790
  snapshot f068: 3 venc_ko blocks (pool0 0x73801000 len 0x10000)
src frame 69: srcf=11 off=2160 br=16000
frame 69: send=0x0 get=0x0 len=8912 coding=1 startqp=0 meanqp=0 picbytes=0 pskip=0 nalus=1 n1:8912
  snapshot f069: 3 venc_ko blocks (pool0 0x73801000 len 0x10000)
src frame 70: srcf=12 off=2160 br=16000
frame 70: send=0x0 get=0x0 len=8756 coding=1 startqp=0 meanqp=0 picbytes=0 pskip=0 nalus=1 n1:8756
  snapshot f070: 3 venc_ko blocks (pool0 0x73801000 len 0x10000)
src frame 71: srcf=13 off=2160 br=16000
frame 71: send=0x0 get=0x0 len=9146 coding=1 startqp=0 meanqp=0 picbytes=0 pskip=0 nalus=1 n1:9146
  snapshot f071: 3 venc_ko blocks (pool0 0x73801000 len 0x10000)
src frame 72: srcf=14 off=2160 br=16000
frame 72: send=0x0 get=0x0 len=9260 coding=1 startqp=0 meanqp=0 picbytes=0 pskip=0 nalus=1 n1:9260
  snapshot f072: 3 venc_ko blocks (pool0 0x73801000 len 0x10000)
src frame 73: srcf=15 off=2160 br=16000
frame 73: send=0x0 get=0x0 len=3610 coding=1 startqp=0 meanqp=0 picbytes=0 pskip=0 nalus=1 n1:3610
  snapshot f073: 3 venc_ko blocks (pool0 0x73801000 len 0x10000)
src frame 74: srcf=16 off=2160 br=16000
frame 74: send=0x0 get=0x0 len=2495 coding=1 startqp=0 meanqp=0 picbytes=0 pskip=0 nalus=1 n1:2495
  snapshot f074: 3 venc_ko blocks (pool0 0x73801000 len 0x10000)
src frame 75: srcf=17 off=2700 br=16000
frame 75: send=0x0 get=0x0 len=50952 coding=1 startqp=0 meanqp=0 picbytes=0 pskip=0 nalus=1 n1:50952
  snapshot f075: 3 venc_ko blocks (pool0 0x73801000 len 0x10000)
src frame 76: srcf=18 off=2700 br=16000
frame 76: send=0x0 get=0x0 len=25858 coding=1 startqp=0 meanqp=0 picbytes=0 pskip=0 nalus=1 n1:25858
  snapshot f076: 3 venc_ko blocks (pool0 0x73801000 len 0x10000)
src frame 77: srcf=19 off=2700 br=16000
frame 77: send=0x0 get=0x0 len=4829 coding=1 startqp=0 meanqp=0 picbytes=0 pskip=0 nalus=1 n1:4829
  snapshot f077: 3 venc_ko blocks (pool0 0x73801000 len 0x10000)
src frame 78: srcf=20 off=2700 br=16000
frame 78: send=0x0 get=0x0 len=2218 coding=1 startqp=0 meanqp=0 picbytes=0 pskip=0 nalus=1 n1:2218
  snapshot f078: 3 venc_ko blocks (pool0 0x73801000 len 0x10000)
src frame 79: srcf=21 off=2700 br=16000
frame 79: send=0x0 get=0x0 len=1564 coding=1 startqp=0 meanqp=0 picbytes=0 pskip=0 nalus=1 n1:1564
  snapshot f079: 3 venc_ko blocks (pool0 0x73801000 len 0x10000)
src frame 80: srcf=22 off=2700 br=16000
frame 80: send=0x0 get=0x0 len=1466 coding=1 startqp=0 meanqp=0 picbytes=0 pskip=0 nalus=1 n1:1466
  snapshot f080: 3 venc_ko blocks (pool0 0x73801000 len 0x10000)
src frame 81: srcf=23 off=2700 br=16000
frame 81: send=0x0 get=0x0 len=1453 coding=1 startqp=0 meanqp=0 picbytes=0 pskip=0 nalus=1 n1:1453
  snapshot f081: 3 venc_ko blocks (pool0 0x73801000 len 0x10000)
src frame 82: srcf=24 off=2700 br=16000
frame 82: send=0x0 get=0x0 len=1424 coding=1 startqp=0 meanqp=0 picbytes=0 pskip=0 nalus=1 n1:1424
  snapshot f082: 3 venc_ko blocks (pool0 0x73801000 len 0x10000)
src frame 83: srcf=25 off=2700 br=16000
frame 83: send=0x0 get=0x0 len=1426 coding=1 startqp=0 meanqp=0 picbytes=0 pskip=0 nalus=1 n1:1426
  snapshot f083: 3 venc_ko blocks (pool0 0x73801000 len 0x10000)
src frame 84: srcf=26 off=2700 br=16000
frame 84: send=0x0 get=0x0 len=1424 coding=1 startqp=0 meanqp=0 picbytes=0 pskip=0 nalus=1 n1:1424
  snapshot f084: 3 venc_ko blocks (pool0 0x73801000 len 0x10000)
src frame 85: srcf=27 off=2700 br=16000
frame 85: send=0x0 get=0x0 len=1426 coding=1 startqp=0 meanqp=0 picbytes=0 pskip=0 nalus=1 n1:1426
  snapshot f085: 3 venc_ko blocks (pool0 0x73801000 len 0x10000)
src frame 86: srcf=28 off=2700 br=16000
frame 86: send=0x0 get=0x0 len=1424 coding=1 startqp=0 meanqp=0 picbytes=0 pskip=0 nalus=1 n1:1424
  snapshot f086: 3 venc_ko blocks (pool0 0x73801000 len 0x10000)
src frame 87: srcf=29 off=2700 br=16000
frame 87: send=0x0 get=0x0 len=1426 coding=1 startqp=0 meanqp=0 picbytes=0 pskip=0 nalus=1 n1:1426
  snapshot f087: 3 venc_ko blocks (pool0 0x73801000 len 0x10000)
src frame 88: srcf=28 off=2700 br=16000
frame 88: send=0x0 get=0x0 len=1424 coding=1 startqp=0 meanqp=0 picbytes=0 pskip=0 nalus=1 n1:1424
  snapshot f088: 3 venc_ko blocks (pool0 0x73801000 len 0x10000)
src frame 89: srcf=27 off=2700 br=16000
frame 89: send=0x0 get=0x0 len=1426 coding=1 startqp=0 meanqp=0 picbytes=0 pskip=0 nalus=1 n1:1426
  snapshot f089: 3 venc_ko blocks (pool0 0x73801000 len 0x10000)
src frame 90: srcf=26 off=3240 br=16000
frame 90: send=0x0 get=0x0 len=42390 coding=0 startqp=0 meanqp=0 picbytes=0 pskip=0 nalus=3 n7:32 n8:8 n5:42350
  snapshot f090: 3 venc_ko blocks (pool0 0x73801000 len 0x10000)
src frame 91: srcf=25 off=3240 br=16000
frame 91: send=0x0 get=0x0 len=10391 coding=1 startqp=0 meanqp=0 picbytes=0 pskip=0 nalus=1 n1:10391
  snapshot f091: 3 venc_ko blocks (pool0 0x73801000 len 0x10000)
src frame 92: srcf=24 off=3240 br=16000
frame 92: send=0x0 get=0x0 len=6909 coding=1 startqp=0 meanqp=0 picbytes=0 pskip=0 nalus=1 n1:6909
  snapshot f092: 3 venc_ko blocks (pool0 0x73801000 len 0x10000)
src frame 93: srcf=23 off=3240 br=16000
frame 93: send=0x0 get=0x0 len=7380 coding=1 startqp=0 meanqp=0 picbytes=0 pskip=0 nalus=1 n1:7380
  snapshot f093: 3 venc_ko blocks (pool0 0x73801000 len 0x10000)
src frame 94: srcf=22 off=3240 br=16000
frame 94: send=0x0 get=0x0 len=7471 coding=1 startqp=0 meanqp=0 picbytes=0 pskip=0 nalus=1 n1:7471
  snapshot f094: 3 venc_ko blocks (pool0 0x73801000 len 0x10000)
src frame 95: srcf=21 off=3240 br=16000
frame 95: send=0x0 get=0x0 len=8401 coding=1 startqp=0 meanqp=0 picbytes=0 pskip=0 nalus=1 n1:8401
  snapshot f095: 3 venc_ko blocks (pool0 0x73801000 len 0x10000)
src frame 96: srcf=20 off=3240 br=16000
frame 96: send=0x0 get=0x0 len=7810 coding=1 startqp=0 meanqp=0 picbytes=0 pskip=0 nalus=1 n1:7810
  snapshot f096: 3 venc_ko blocks (pool0 0x73801000 len 0x10000)
src frame 97: srcf=19 off=3240 br=16000
frame 97: send=0x0 get=0x0 len=8825 coding=1 startqp=0 meanqp=0 picbytes=0 pskip=0 nalus=1 n1:8825
  snapshot f097: 3 venc_ko blocks (pool0 0x73801000 len 0x10000)
src frame 98: srcf=18 off=3240 br=16000
frame 98: send=0x0 get=0x0 len=9181 coding=1 startqp=0 meanqp=0 picbytes=0 pskip=0 nalus=1 n1:9181
  snapshot f098: 3 venc_ko blocks (pool0 0x73801000 len 0x10000)
src frame 99: srcf=17 off=3240 br=16000
frame 99: send=0x0 get=0x0 len=9547 coding=1 startqp=0 meanqp=0 picbytes=0 pskip=0 nalus=1 n1:9547
  snapshot f099: 3 venc_ko blocks (pool0 0x73801000 len 0x10000)
src frame 100: srcf=16 off=3240 br=16000
frame 100: send=0x0 get=0x0 len=10042 coding=1 startqp=0 meanqp=0 picbytes=0 pskip=0 nalus=1 n1:10042
  snapshot f100: 3 venc_ko blocks (pool0 0x73801000 len 0x10000)
src frame 101: srcf=15 off=3240 br=16000
frame 101: send=0x0 get=0x0 len=4021 coding=1 startqp=0 meanqp=0 picbytes=0 pskip=0 nalus=1 n1:4021
  snapshot f101: 3 venc_ko blocks (pool0 0x73801000 len 0x10000)
src frame 102: srcf=14 off=3240 br=16000
frame 102: send=0x0 get=0x0 len=2792 coding=1 startqp=0 meanqp=0 picbytes=0 pskip=0 nalus=1 n1:2792
  snapshot f102: 3 venc_ko blocks (pool0 0x73801000 len 0x10000)
src frame 103: srcf=13 off=3240 br=16000
frame 103: send=0x0 get=0x0 len=2574 coding=1 startqp=0 meanqp=0 picbytes=0 pskip=0 nalus=1 n1:2574
  snapshot f103: 3 venc_ko blocks (pool0 0x73801000 len 0x10000)
src frame 104: srcf=12 off=3240 br=16000
frame 104: send=0x0 get=0x0 len=2542 coding=1 startqp=0 meanqp=0 picbytes=0 pskip=0 nalus=1 n1:2542
  snapshot f104: 3 venc_ko blocks (pool0 0x73801000 len 0x10000)
src frame 105: srcf=11 off=3780 br=16000
frame 105: send=0x0 get=0x0 len=67139 coding=1 startqp=0 meanqp=0 picbytes=0 pskip=0 nalus=1 n1:67139
  snapshot f105: 3 venc_ko blocks (pool0 0x73801000 len 0x10000)
src frame 106: srcf=10 off=3780 br=16000
frame 106: send=0x0 get=0x0 len=8953 coding=1 startqp=0 meanqp=0 picbytes=0 pskip=0 nalus=1 n1:8953
  snapshot f106: 3 venc_ko blocks (pool0 0x73801000 len 0x10000)
src frame 107: srcf=9 off=3780 br=16000
frame 107: send=0x0 get=0x0 len=2691 coding=1 startqp=0 meanqp=0 picbytes=0 pskip=0 nalus=1 n1:2691
  snapshot f107: 3 venc_ko blocks (pool0 0x73801000 len 0x10000)
src frame 108: srcf=8 off=3780 br=16000
frame 108: send=0x0 get=0x0 len=1485 coding=1 startqp=0 meanqp=0 picbytes=0 pskip=0 nalus=1 n1:1485
  snapshot f108: 3 venc_ko blocks (pool0 0x73801000 len 0x10000)
src frame 109: srcf=7 off=3780 br=16000
frame 109: send=0x0 get=0x0 len=1291 coding=1 startqp=0 meanqp=0 picbytes=0 pskip=0 nalus=1 n1:1291
  snapshot f109: 3 venc_ko blocks (pool0 0x73801000 len 0x10000)
src frame 110: srcf=6 off=3780 br=16000
frame 110: send=0x0 get=0x0 len=1248 coding=1 startqp=0 meanqp=0 picbytes=0 pskip=0 nalus=1 n1:1248
  snapshot f110: 3 venc_ko blocks (pool0 0x73801000 len 0x10000)
src frame 111: srcf=5 off=3780 br=16000
frame 111: send=0x0 get=0x0 len=1249 coding=1 startqp=0 meanqp=0 picbytes=0 pskip=0 nalus=1 n1:1249
  snapshot f111: 3 venc_ko blocks (pool0 0x73801000 len 0x10000)
src frame 112: srcf=4 off=3780 br=16000
frame 112: send=0x0 get=0x0 len=1245 coding=1 startqp=0 meanqp=0 picbytes=0 pskip=0 nalus=1 n1:1245
  snapshot f112: 3 venc_ko blocks (pool0 0x73801000 len 0x10000)
src frame 113: srcf=3 off=3780 br=16000
frame 113: send=0x0 get=0x0 len=1249 coding=1 startqp=0 meanqp=0 picbytes=0 pskip=0 nalus=1 n1:1249
  snapshot f113: 3 venc_ko blocks (pool0 0x73801000 len 0x10000)
src frame 114: srcf=2 off=3780 br=16000
frame 114: send=0x0 get=0x0 len=1245 coding=1 startqp=0 meanqp=0 picbytes=0 pskip=0 nalus=1 n1:1245
  snapshot f114: 3 venc_ko blocks (pool0 0x73801000 len 0x10000)
src frame 115: srcf=1 off=3780 br=16000
frame 115: send=0x0 get=0x0 len=1249 coding=1 startqp=0 meanqp=0 picbytes=0 pskip=0 nalus=1 n1:1249
  snapshot f115: 3 venc_ko blocks (pool0 0x73801000 len 0x10000)
src frame 116: srcf=0 off=3780 br=16000
frame 116: send=0x0 get=0x0 len=1245 coding=1 startqp=0 meanqp=0 picbytes=0 pskip=0 nalus=1 n1:1245
  snapshot f116: 3 venc_ko blocks (pool0 0x73801000 len 0x10000)
src frame 117: srcf=1 off=3780 br=16000
frame 117: send=0x0 get=0x0 len=1249 coding=1 startqp=0 meanqp=0 picbytes=0 pskip=0 nalus=1 n1:1249
  snapshot f117: 3 venc_ko blocks (pool0 0x73801000 len 0x10000)
src frame 118: srcf=2 off=3780 br=16000
frame 118: send=0x0 get=0x0 len=1245 coding=1 startqp=0 meanqp=0 picbytes=0 pskip=0 nalus=1 n1:1245
  snapshot f118: 3 venc_ko blocks (pool0 0x73801000 len 0x10000)
src frame 119: srcf=3 off=3780 br=16000
frame 119: send=0x0 get=0x0 len=1249 coding=1 startqp=0 meanqp=0 picbytes=0 pskip=0 nalus=1 n1:1249
  snapshot f119: 3 venc_ko blocks (pool0 0x73801000 len 0x10000)
src frame 120: srcf=4 off=4320 br=16000
frame 120: send=0x0 get=0x0 len=46569 coding=0 startqp=0 meanqp=0 picbytes=0 pskip=0 nalus=3 n7:32 n8:8 n5:46529
  snapshot f120: 3 venc_ko blocks (pool0 0x73801000 len 0x10000)
src frame 121: srcf=5 off=4320 br=16000
frame 121: send=0x0 get=0x0 len=11938 coding=1 startqp=0 meanqp=0 picbytes=0 pskip=0 nalus=1 n1:11938
  snapshot f121: 3 venc_ko blocks (pool0 0x73801000 len 0x10000)
src frame 122: srcf=6 off=4320 br=16000
frame 122: send=0x0 get=0x0 len=7678 coding=1 startqp=0 meanqp=0 picbytes=0 pskip=0 nalus=1 n1:7678
  snapshot f122: 3 venc_ko blocks (pool0 0x73801000 len 0x10000)
src frame 123: srcf=7 off=4320 br=16000
frame 123: send=0x0 get=0x0 len=8399 coding=1 startqp=0 meanqp=0 picbytes=0 pskip=0 nalus=1 n1:8399
  snapshot f123: 3 venc_ko blocks (pool0 0x73801000 len 0x10000)
src frame 124: srcf=8 off=4320 br=16000
frame 124: send=0x0 get=0x0 len=8106 coding=1 startqp=0 meanqp=0 picbytes=0 pskip=0 nalus=1 n1:8106
  snapshot f124: 3 venc_ko blocks (pool0 0x73801000 len 0x10000)
src frame 125: srcf=9 off=4320 br=16000
frame 125: send=0x0 get=0x0 len=8618 coding=1 startqp=0 meanqp=0 picbytes=0 pskip=0 nalus=1 n1:8618
  snapshot f125: 3 venc_ko blocks (pool0 0x73801000 len 0x10000)
src frame 126: srcf=10 off=4320 br=16000
frame 126: send=0x0 get=0x0 len=8802 coding=1 startqp=0 meanqp=0 picbytes=0 pskip=0 nalus=1 n1:8802
  snapshot f126: 3 venc_ko blocks (pool0 0x73801000 len 0x10000)
src frame 127: srcf=11 off=4320 br=16000
frame 127: send=0x0 get=0x0 len=9558 coding=1 startqp=0 meanqp=0 picbytes=0 pskip=0 nalus=1 n1:9558
  snapshot f127: 3 venc_ko blocks (pool0 0x73801000 len 0x10000)
src frame 128: srcf=12 off=4320 br=16000
frame 128: send=0x0 get=0x0 len=9309 coding=1 startqp=0 meanqp=0 picbytes=0 pskip=0 nalus=1 n1:9309
  snapshot f128: 3 venc_ko blocks (pool0 0x73801000 len 0x10000)
src frame 129: srcf=13 off=4320 br=16000
frame 129: send=0x0 get=0x0 len=3459 coding=1 startqp=0 meanqp=0 picbytes=0 pskip=0 nalus=1 n1:3459
  snapshot f129: 3 venc_ko blocks (pool0 0x73801000 len 0x10000)
src frame 130: srcf=14 off=4320 br=16000
frame 130: send=0x0 get=0x0 len=2228 coding=1 startqp=0 meanqp=0 picbytes=0 pskip=0 nalus=1 n1:2228
  snapshot f130: 3 venc_ko blocks (pool0 0x73801000 len 0x10000)
src frame 131: srcf=15 off=4320 br=16000
frame 131: send=0x0 get=0x0 len=2021 coding=1 startqp=0 meanqp=0 picbytes=0 pskip=0 nalus=1 n1:2021
  snapshot f131: 3 venc_ko blocks (pool0 0x73801000 len 0x10000)
src frame 132: srcf=16 off=4320 br=16000
frame 132: send=0x0 get=0x0 len=1983 coding=1 startqp=0 meanqp=0 picbytes=0 pskip=0 nalus=1 n1:1983
  snapshot f132: 3 venc_ko blocks (pool0 0x73801000 len 0x10000)
src frame 133: srcf=17 off=4320 br=16000
frame 133: send=0x0 get=0x0 len=2007 coding=1 startqp=0 meanqp=0 picbytes=0 pskip=0 nalus=1 n1:2007
  snapshot f133: 3 venc_ko blocks (pool0 0x73801000 len 0x10000)
src frame 134: srcf=18 off=4320 br=16000
frame 134: send=0x0 get=0x0 len=1917 coding=1 startqp=0 meanqp=0 picbytes=0 pskip=0 nalus=1 n1:1917
  snapshot f134: 3 venc_ko blocks (pool0 0x73801000 len 0x10000)
src frame 135: srcf=19 off=4860 br=16000
frame 135: send=0x0 get=0x0 len=59550 coding=1 startqp=0 meanqp=0 picbytes=0 pskip=0 nalus=1 n1:59550
  snapshot f135: 3 venc_ko blocks (pool0 0x73801000 len 0x10000)
src frame 136: srcf=20 off=4860 br=16000
frame 136: send=0x0 get=0x0 len=16578 coding=1 startqp=0 meanqp=0 picbytes=0 pskip=0 nalus=1 n1:16578
  snapshot f136: 3 venc_ko blocks (pool0 0x73801000 len 0x10000)
src frame 137: srcf=21 off=4860 br=16000
frame 137: send=0x0 get=0x0 len=3816 coding=1 startqp=0 meanqp=0 picbytes=0 pskip=0 nalus=1 n1:3816
  snapshot f137: 3 venc_ko blocks (pool0 0x73801000 len 0x10000)
src frame 138: srcf=22 off=4860 br=16000
frame 138: send=0x0 get=0x0 len=1800 coding=1 startqp=0 meanqp=0 picbytes=0 pskip=0 nalus=1 n1:1800
  snapshot f138: 3 venc_ko blocks (pool0 0x73801000 len 0x10000)
src frame 139: srcf=23 off=4860 br=16000
frame 139: send=0x0 get=0x0 len=1403 coding=1 startqp=0 meanqp=0 picbytes=0 pskip=0 nalus=1 n1:1403
  snapshot f139: 3 venc_ko blocks (pool0 0x73801000 len 0x10000)
src frame 140: srcf=24 off=4860 br=16000
frame 140: send=0x0 get=0x0 len=1366 coding=1 startqp=0 meanqp=0 picbytes=0 pskip=0 nalus=1 n1:1366
  snapshot f140: 3 venc_ko blocks (pool0 0x73801000 len 0x10000)
src frame 141: srcf=25 off=4860 br=16000
frame 141: send=0x0 get=0x0 len=1369 coding=1 startqp=0 meanqp=0 picbytes=0 pskip=0 nalus=1 n1:1369
  snapshot f141: 3 venc_ko blocks (pool0 0x73801000 len 0x10000)
src frame 142: srcf=26 off=4860 br=16000
frame 142: send=0x0 get=0x0 len=1366 coding=1 startqp=0 meanqp=0 picbytes=0 pskip=0 nalus=1 n1:1366
  snapshot f142: 3 venc_ko blocks (pool0 0x73801000 len 0x10000)
src frame 143: srcf=27 off=4860 br=16000
frame 143: send=0x0 get=0x0 len=1369 coding=1 startqp=0 meanqp=0 picbytes=0 pskip=0 nalus=1 n1:1369
  snapshot f143: 3 venc_ko blocks (pool0 0x73801000 len 0x10000)
src frame 144: srcf=28 off=4860 br=16000
frame 144: send=0x0 get=0x0 len=1366 coding=1 startqp=0 meanqp=0 picbytes=0 pskip=0 nalus=1 n1:1366
  snapshot f144: 3 venc_ko blocks (pool0 0x73801000 len 0x10000)
src frame 145: srcf=29 off=4860 br=16000
frame 145: send=0x0 get=0x0 len=1369 coding=1 startqp=0 meanqp=0 picbytes=0 pskip=0 nalus=1 n1:1369
  snapshot f145: 3 venc_ko blocks (pool0 0x73801000 len 0x10000)
src frame 146: srcf=28 off=4860 br=16000
frame 146: send=0x0 get=0x0 len=1366 coding=1 startqp=0 meanqp=0 picbytes=0 pskip=0 nalus=1 n1:1366
  snapshot f146: 3 venc_ko blocks (pool0 0x73801000 len 0x10000)
src frame 147: srcf=27 off=4860 br=16000
frame 147: send=0x0 get=0x0 len=1369 coding=1 startqp=0 meanqp=0 picbytes=0 pskip=0 nalus=1 n1:1369
  snapshot f147: 3 venc_ko blocks (pool0 0x73801000 len 0x10000)
src frame 148: srcf=26 off=4860 br=16000
frame 148: send=0x0 get=0x0 len=1366 coding=1 startqp=0 meanqp=0 picbytes=0 pskip=0 nalus=1 n1:1366
  snapshot f148: 3 venc_ko blocks (pool0 0x73801000 len 0x10000)
src frame 149: srcf=25 off=4860 br=16000
frame 149: send=0x0 get=0x0 len=1369 coding=1 startqp=0 meanqp=0 picbytes=0 pskip=0 nalus=1 n1:1369
  snapshot f149: 3 venc_ko blocks (pool0 0x73801000 len 0x10000)
src frame 150: srcf=24 off=5400 br=16000
frame 150: send=0x0 get=0x0 len=51112 coding=0 startqp=0 meanqp=0 picbytes=0 pskip=0 nalus=3 n7:32 n8:8 n5:51072
  snapshot f150: 3 venc_ko blocks (pool0 0x73801000 len 0x10000)
src frame 151: srcf=23 off=5400 br=16000
frame 151: send=0x0 get=0x0 len=12730 coding=1 startqp=0 meanqp=0 picbytes=0 pskip=0 nalus=1 n1:12730
  snapshot f151: 3 venc_ko blocks (pool0 0x73801000 len 0x10000)
src frame 152: srcf=22 off=5400 br=16000
frame 152: send=0x0 get=0x0 len=7911 coding=1 startqp=0 meanqp=0 picbytes=0 pskip=0 nalus=1 n1:7911
  snapshot f152: 3 venc_ko blocks (pool0 0x73801000 len 0x10000)
src frame 153: srcf=21 off=5400 br=16000
frame 153: send=0x0 get=0x0 len=8514 coding=1 startqp=0 meanqp=0 picbytes=0 pskip=0 nalus=1 n1:8514
  snapshot f153: 3 venc_ko blocks (pool0 0x73801000 len 0x10000)
src frame 154: srcf=20 off=5400 br=16000
frame 154: send=0x0 get=0x0 len=8864 coding=1 startqp=0 meanqp=0 picbytes=0 pskip=0 nalus=1 n1:8864
  snapshot f154: 3 venc_ko blocks (pool0 0x73801000 len 0x10000)
src frame 155: srcf=19 off=5400 br=16000
frame 155: send=0x0 get=0x0 len=9273 coding=1 startqp=0 meanqp=0 picbytes=0 pskip=0 nalus=1 n1:9273
  snapshot f155: 3 venc_ko blocks (pool0 0x73801000 len 0x10000)
src frame 156: srcf=18 off=5400 br=16000
frame 156: send=0x0 get=0x0 len=9286 coding=1 startqp=0 meanqp=0 picbytes=0 pskip=0 nalus=1 n1:9286
  snapshot f156: 3 venc_ko blocks (pool0 0x73801000 len 0x10000)
src frame 157: srcf=17 off=5400 br=16000
frame 157: send=0x0 get=0x0 len=3589 coding=1 startqp=0 meanqp=0 picbytes=0 pskip=0 nalus=1 n1:3589
  snapshot f157: 3 venc_ko blocks (pool0 0x73801000 len 0x10000)
src frame 158: srcf=16 off=5400 br=16000
frame 158: send=0x0 get=0x0 len=2371 coding=1 startqp=0 meanqp=0 picbytes=0 pskip=0 nalus=1 n1:2371
  snapshot f158: 3 venc_ko blocks (pool0 0x73801000 len 0x10000)
src frame 159: srcf=15 off=5400 br=16000
frame 159: send=0x0 get=0x0 len=2189 coding=1 startqp=0 meanqp=0 picbytes=0 pskip=0 nalus=1 n1:2189
  snapshot f159: 3 venc_ko blocks (pool0 0x73801000 len 0x10000)
src frame 160: srcf=14 off=5400 br=16000
frame 160: send=0x0 get=0x0 len=2177 coding=1 startqp=0 meanqp=0 picbytes=0 pskip=0 nalus=1 n1:2177
  snapshot f160: 3 venc_ko blocks (pool0 0x73801000 len 0x10000)
src frame 161: srcf=13 off=5400 br=16000
frame 161: send=0x0 get=0x0 len=2180 coding=1 startqp=0 meanqp=0 picbytes=0 pskip=0 nalus=1 n1:2180
  snapshot f161: 3 venc_ko blocks (pool0 0x73801000 len 0x10000)
src frame 162: srcf=12 off=5400 br=16000
frame 162: send=0x0 get=0x0 len=2100 coding=1 startqp=0 meanqp=0 picbytes=0 pskip=0 nalus=1 n1:2100
  snapshot f162: 3 venc_ko blocks (pool0 0x73801000 len 0x10000)
src frame 163: srcf=11 off=5400 br=16000
frame 163: send=0x0 get=0x0 len=2084 coding=1 startqp=0 meanqp=0 picbytes=0 pskip=0 nalus=1 n1:2084
  snapshot f163: 3 venc_ko blocks (pool0 0x73801000 len 0x10000)
src frame 164: srcf=10 off=5400 br=16000
frame 164: send=0x0 get=0x0 len=1939 coding=1 startqp=0 meanqp=0 picbytes=0 pskip=0 nalus=1 n1:1939
  snapshot f164: 3 venc_ko blocks (pool0 0x73801000 len 0x10000)
src frame 165: srcf=9 off=5940 br=16000
frame 165: send=0x0 get=0x0 len=67787 coding=1 startqp=0 meanqp=0 picbytes=0 pskip=0 nalus=1 n1:67787
  snapshot f165: 3 venc_ko blocks (pool0 0x73801000 len 0x10000)
src frame 166: srcf=8 off=5940 br=16000
frame 166: send=0x0 get=0x0 len=8351 coding=1 startqp=0 meanqp=0 picbytes=0 pskip=0 nalus=1 n1:8351
  snapshot f166: 3 venc_ko blocks (pool0 0x73801000 len 0x10000)
src frame 167: srcf=7 off=5940 br=16000
frame 167: send=0x0 get=0x0 len=2604 coding=1 startqp=0 meanqp=0 picbytes=0 pskip=0 nalus=1 n1:2604
  snapshot f167: 3 venc_ko blocks (pool0 0x73801000 len 0x10000)
src frame 168: srcf=6 off=5940 br=16000
frame 168: send=0x0 get=0x0 len=1424 coding=1 startqp=0 meanqp=0 picbytes=0 pskip=0 nalus=1 n1:1424
  snapshot f168: 3 venc_ko blocks (pool0 0x73801000 len 0x10000)
src frame 169: srcf=5 off=5940 br=16000
frame 169: send=0x0 get=0x0 len=1215 coding=1 startqp=0 meanqp=0 picbytes=0 pskip=0 nalus=1 n1:1215
  snapshot f169: 3 venc_ko blocks (pool0 0x73801000 len 0x10000)
src frame 170: srcf=4 off=5940 br=16000
frame 170: send=0x0 get=0x0 len=1191 coding=1 startqp=0 meanqp=0 picbytes=0 pskip=0 nalus=1 n1:1191
  snapshot f170: 3 venc_ko blocks (pool0 0x73801000 len 0x10000)
src frame 171: srcf=3 off=5940 br=16000
frame 171: send=0x0 get=0x0 len=1192 coding=1 startqp=0 meanqp=0 picbytes=0 pskip=0 nalus=1 n1:1192
  snapshot f171: 3 venc_ko blocks (pool0 0x73801000 len 0x10000)
src frame 172: srcf=2 off=5940 br=16000
frame 172: send=0x0 get=0x0 len=1191 coding=1 startqp=0 meanqp=0 picbytes=0 pskip=0 nalus=1 n1:1191
  snapshot f172: 3 venc_ko blocks (pool0 0x73801000 len 0x10000)
src frame 173: srcf=1 off=5940 br=16000
frame 173: send=0x0 get=0x0 len=1192 coding=1 startqp=0 meanqp=0 picbytes=0 pskip=0 nalus=1 n1:1192
  snapshot f173: 3 venc_ko blocks (pool0 0x73801000 len 0x10000)
src frame 174: srcf=0 off=5940 br=16000
frame 174: send=0x0 get=0x0 len=1191 coding=1 startqp=0 meanqp=0 picbytes=0 pskip=0 nalus=1 n1:1191
  snapshot f174: 3 venc_ko blocks (pool0 0x73801000 len 0x10000)
src frame 175: srcf=1 off=5940 br=16000
frame 175: send=0x0 get=0x0 len=1192 coding=1 startqp=0 meanqp=0 picbytes=0 pskip=0 nalus=1 n1:1192
  snapshot f175: 3 venc_ko blocks (pool0 0x73801000 len 0x10000)
src frame 176: srcf=2 off=5940 br=16000
frame 176: send=0x0 get=0x0 len=1191 coding=1 startqp=0 meanqp=0 picbytes=0 pskip=0 nalus=1 n1:1191
  snapshot f176: 3 venc_ko blocks (pool0 0x73801000 len 0x10000)
src frame 177: srcf=3 off=5940 br=16000
frame 177: send=0x0 get=0x0 len=1192 coding=1 startqp=0 meanqp=0 picbytes=0 pskip=0 nalus=1 n1:1192
  snapshot f177: 3 venc_ko blocks (pool0 0x73801000 len 0x10000)
src frame 178: srcf=4 off=5940 br=16000
frame 178: send=0x0 get=0x0 len=1191 coding=1 startqp=0 meanqp=0 picbytes=0 pskip=0 nalus=1 n1:1191
  snapshot f178: 3 venc_ko blocks (pool0 0x73801000 len 0x10000)
src frame 179: srcf=5 off=5940 br=16000
frame 179: send=0x0 get=0x0 len=1192 coding=1 startqp=0 meanqp=0 picbytes=0 pskip=0 nalus=1 n1:1192
  snapshot f179: 3 venc_ko blocks (pool0 0x73801000 len 0x10000)
src frame 180: srcf=6 off=6480 br=16000
frame 180: send=0x0 get=0x0 len=56298 coding=0 startqp=0 meanqp=0 picbytes=0 pskip=0 nalus=3 n7:32 n8:8 n5:56258
  snapshot f180: 3 venc_ko blocks (pool0 0x73801000 len 0x10000)
src frame 181: srcf=7 off=6480 br=16000
frame 181: send=0x0 get=0x0 len=12843 coding=1 startqp=0 meanqp=0 picbytes=0 pskip=0 nalus=1 n1:12843
  snapshot f181: 3 venc_ko blocks (pool0 0x73801000 len 0x10000)
src frame 182: srcf=8 off=6480 br=16000
frame 182: send=0x0 get=0x0 len=8278 coding=1 startqp=0 meanqp=0 picbytes=0 pskip=0 nalus=1 n1:8278
  snapshot f182: 3 venc_ko blocks (pool0 0x73801000 len 0x10000)
src frame 183: srcf=9 off=6480 br=16000
frame 183: send=0x0 get=0x0 len=8550 coding=1 startqp=0 meanqp=0 picbytes=0 pskip=0 nalus=1 n1:8550
  snapshot f183: 3 venc_ko blocks (pool0 0x73801000 len 0x10000)
src frame 184: srcf=10 off=6480 br=16000
frame 184: send=0x0 get=0x0 len=9263 coding=1 startqp=0 meanqp=0 picbytes=0 pskip=0 nalus=1 n1:9263
  snapshot f184: 3 venc_ko blocks (pool0 0x73801000 len 0x10000)
src frame 185: srcf=11 off=6480 br=16000
frame 185: send=0x0 get=0x0 len=3268 coding=1 startqp=0 meanqp=0 picbytes=0 pskip=0 nalus=1 n1:3268
  snapshot f185: 3 venc_ko blocks (pool0 0x73801000 len 0x10000)
src frame 186: srcf=12 off=6480 br=16000
frame 186: send=0x0 get=0x0 len=2115 coding=1 startqp=0 meanqp=0 picbytes=0 pskip=0 nalus=1 n1:2115
  snapshot f186: 3 venc_ko blocks (pool0 0x73801000 len 0x10000)
src frame 187: srcf=13 off=6480 br=16000
frame 187: send=0x0 get=0x0 len=1836 coding=1 startqp=0 meanqp=0 picbytes=0 pskip=0 nalus=1 n1:1836
  snapshot f187: 3 venc_ko blocks (pool0 0x73801000 len 0x10000)
src frame 188: srcf=14 off=6480 br=16000
frame 188: send=0x0 get=0x0 len=1814 coding=1 startqp=0 meanqp=0 picbytes=0 pskip=0 nalus=1 n1:1814
  snapshot f188: 3 venc_ko blocks (pool0 0x73801000 len 0x10000)
src frame 189: srcf=15 off=6480 br=16000
frame 189: send=0x0 get=0x0 len=1875 coding=1 startqp=0 meanqp=0 picbytes=0 pskip=0 nalus=1 n1:1875
  snapshot f189: 3 venc_ko blocks (pool0 0x73801000 len 0x10000)
src frame 190: srcf=16 off=6480 br=16000
frame 190: send=0x0 get=0x0 len=1778 coding=1 startqp=0 meanqp=0 picbytes=0 pskip=0 nalus=1 n1:1778
  snapshot f190: 3 venc_ko blocks (pool0 0x73801000 len 0x10000)
src frame 191: srcf=17 off=6480 br=16000
frame 191: send=0x0 get=0x0 len=1782 coding=1 startqp=0 meanqp=0 picbytes=0 pskip=0 nalus=1 n1:1782
  snapshot f191: 3 venc_ko blocks (pool0 0x73801000 len 0x10000)
src frame 192: srcf=18 off=6480 br=16000
frame 192: send=0x0 get=0x0 len=1750 coding=1 startqp=0 meanqp=0 picbytes=0 pskip=0 nalus=1 n1:1750
  snapshot f192: 3 venc_ko blocks (pool0 0x73801000 len 0x10000)
src frame 193: srcf=19 off=6480 br=16000
frame 193: send=0x0 get=0x0 len=1732 coding=1 startqp=0 meanqp=0 picbytes=0 pskip=0 nalus=1 n1:1732
  snapshot f193: 3 venc_ko blocks (pool0 0x73801000 len 0x10000)
src frame 194: srcf=20 off=6480 br=16000
frame 194: send=0x0 get=0x0 len=1651 coding=1 startqp=0 meanqp=0 picbytes=0 pskip=0 nalus=1 n1:1651
  snapshot f194: 3 venc_ko blocks (pool0 0x73801000 len 0x10000)
src frame 195: srcf=21 off=7020 br=16000
frame 195: send=0x0 get=0x0 len=66667 coding=1 startqp=0 meanqp=0 picbytes=0 pskip=0 nalus=1 n1:66667
  snapshot f195: 3 venc_ko blocks (pool0 0x73801000 len 0x10000)
src frame 196: srcf=22 off=7020 br=16000
frame 196: send=0x0 get=0x0 len=10106 coding=1 startqp=0 meanqp=0 picbytes=0 pskip=0 nalus=1 n1:10106
  snapshot f196: 3 venc_ko blocks (pool0 0x73801000 len 0x10000)
src frame 197: srcf=23 off=7020 br=16000
frame 197: send=0x0 get=0x0 len=2760 coding=1 startqp=0 meanqp=0 picbytes=0 pskip=0 nalus=1 n1:2760
  snapshot f197: 3 venc_ko blocks (pool0 0x73801000 len 0x10000)
src frame 198: srcf=24 off=7020 br=16000
frame 198: send=0x0 get=0x0 len=1599 coding=1 startqp=0 meanqp=0 picbytes=0 pskip=0 nalus=1 n1:1599
  snapshot f198: 3 venc_ko blocks (pool0 0x73801000 len 0x10000)
src frame 199: srcf=25 off=7020 br=16000
frame 199: send=0x0 get=0x0 len=1382 coding=1 startqp=0 meanqp=0 picbytes=0 pskip=0 nalus=1 n1:1382
  snapshot f199: 3 venc_ko blocks (pool0 0x73801000 len 0x10000)
src frame 200: srcf=26 off=7020 br=16000
frame 200: send=0x0 get=0x0 len=1348 coding=1 startqp=0 meanqp=0 picbytes=0 pskip=0 nalus=1 n1:1348
  snapshot f200: 3 venc_ko blocks (pool0 0x73801000 len 0x10000)
src frame 201: srcf=27 off=7020 br=16000
frame 201: send=0x0 get=0x0 len=1339 coding=1 startqp=0 meanqp=0 picbytes=0 pskip=0 nalus=1 n1:1339
  snapshot f201: 3 venc_ko blocks (pool0 0x73801000 len 0x10000)
src frame 202: srcf=28 off=7020 br=16000
frame 202: send=0x0 get=0x0 len=1334 coding=1 startqp=0 meanqp=0 picbytes=0 pskip=0 nalus=1 n1:1334
  snapshot f202: 3 venc_ko blocks (pool0 0x73801000 len 0x10000)
src frame 203: srcf=29 off=7020 br=16000
frame 203: send=0x0 get=0x0 len=1336 coding=1 startqp=0 meanqp=0 picbytes=0 pskip=0 nalus=1 n1:1336
  snapshot f203: 3 venc_ko blocks (pool0 0x73801000 len 0x10000)
src frame 204: srcf=28 off=7020 br=16000
frame 204: send=0x0 get=0x0 len=1334 coding=1 startqp=0 meanqp=0 picbytes=0 pskip=0 nalus=1 n1:1334
  snapshot f204: 3 venc_ko blocks (pool0 0x73801000 len 0x10000)
src frame 205: srcf=27 off=7020 br=16000
frame 205: send=0x0 get=0x0 len=1336 coding=1 startqp=0 meanqp=0 picbytes=0 pskip=0 nalus=1 n1:1336
  snapshot f205: 3 venc_ko blocks (pool0 0x73801000 len 0x10000)
src frame 206: srcf=26 off=7020 br=16000
frame 206: send=0x0 get=0x0 len=1334 coding=1 startqp=0 meanqp=0 picbytes=0 pskip=0 nalus=1 n1:1334
  snapshot f206: 3 venc_ko blocks (pool0 0x73801000 len 0x10000)
src frame 207: srcf=25 off=7020 br=16000
frame 207: send=0x0 get=0x0 len=1336 coding=1 startqp=0 meanqp=0 picbytes=0 pskip=0 nalus=1 n1:1336
  snapshot f207: 3 venc_ko blocks (pool0 0x73801000 len 0x10000)
src frame 208: srcf=24 off=7020 br=16000
frame 208: send=0x0 get=0x0 len=1334 coding=1 startqp=0 meanqp=0 picbytes=0 pskip=0 nalus=1 n1:1334
  snapshot f208: 3 venc_ko blocks (pool0 0x73801000 len 0x10000)
src frame 209: srcf=23 off=7020 br=16000
frame 209: send=0x0 get=0x0 len=1336 coding=1 startqp=0 meanqp=0 picbytes=0 pskip=0 nalus=1 n1:1336
  snapshot f209: 3 venc_ko blocks (pool0 0x73801000 len 0x10000)
src frame 210: srcf=22 off=7560 br=16000
frame 210: send=0x0 get=0x0 len=60896 coding=0 startqp=0 meanqp=0 picbytes=0 pskip=0 nalus=3 n7:32 n8:8 n5:60856
  snapshot f210: 3 venc_ko blocks (pool0 0x73801000 len 0x10000)
src frame 211: srcf=21 off=7560 br=16000
frame 211: send=0x0 get=0x0 len=14000 coding=1 startqp=0 meanqp=0 picbytes=0 pskip=0 nalus=1 n1:14000
  snapshot f211: 3 venc_ko blocks (pool0 0x73801000 len 0x10000)
src frame 212: srcf=20 off=7560 br=16000
frame 212: send=0x0 get=0x0 len=9206 coding=1 startqp=0 meanqp=0 picbytes=0 pskip=0 nalus=1 n1:9206
  snapshot f212: 3 venc_ko blocks (pool0 0x73801000 len 0x10000)
src frame 213: srcf=19 off=7560 br=16000
frame 213: send=0x0 get=0x0 len=3531 coding=1 startqp=0 meanqp=0 picbytes=0 pskip=0 nalus=1 n1:3531
  snapshot f213: 3 venc_ko blocks (pool0 0x73801000 len 0x10000)
src frame 214: srcf=18 off=7560 br=16000
frame 214: send=0x0 get=0x0 len=2212 coding=1 startqp=0 meanqp=0 picbytes=0 pskip=0 nalus=1 n1:2212
  snapshot f214: 3 venc_ko blocks (pool0 0x73801000 len 0x10000)
src frame 215: srcf=17 off=7560 br=16000
frame 215: send=0x0 get=0x0 len=1959 coding=1 startqp=0 meanqp=0 picbytes=0 pskip=0 nalus=1 n1:1959
  snapshot f215: 3 venc_ko blocks (pool0 0x73801000 len 0x10000)
src frame 216: srcf=16 off=7560 br=16000
frame 216: send=0x0 get=0x0 len=1943 coding=1 startqp=0 meanqp=0 picbytes=0 pskip=0 nalus=1 n1:1943
  snapshot f216: 3 venc_ko blocks (pool0 0x73801000 len 0x10000)
src frame 217: srcf=15 off=7560 br=16000
frame 217: send=0x0 get=0x0 len=1982 coding=1 startqp=0 meanqp=0 picbytes=0 pskip=0 nalus=1 n1:1982
  snapshot f217: 3 venc_ko blocks (pool0 0x73801000 len 0x10000)
src frame 218: srcf=14 off=7560 br=16000
frame 218: send=0x0 get=0x0 len=1893 coding=1 startqp=0 meanqp=0 picbytes=0 pskip=0 nalus=1 n1:1893
  snapshot f218: 3 venc_ko blocks (pool0 0x73801000 len 0x10000)
src frame 219: srcf=13 off=7560 br=16000
frame 219: send=0x0 get=0x0 len=1935 coding=1 startqp=0 meanqp=0 picbytes=0 pskip=0 nalus=1 n1:1935
  snapshot f219: 3 venc_ko blocks (pool0 0x73801000 len 0x10000)
src frame 220: srcf=12 off=7560 br=16000
frame 220: send=0x0 get=0x0 len=1931 coding=1 startqp=0 meanqp=0 picbytes=0 pskip=0 nalus=1 n1:1931
  snapshot f220: 3 venc_ko blocks (pool0 0x73801000 len 0x10000)
src frame 221: srcf=11 off=7560 br=16000
frame 221: send=0x0 get=0x0 len=1912 coding=1 startqp=0 meanqp=0 picbytes=0 pskip=0 nalus=1 n1:1912
  snapshot f221: 3 venc_ko blocks (pool0 0x73801000 len 0x10000)
src frame 222: srcf=10 off=7560 br=16000
frame 222: send=0x0 get=0x0 len=1835 coding=1 startqp=0 meanqp=0 picbytes=0 pskip=0 nalus=1 n1:1835
  snapshot f222: 3 venc_ko blocks (pool0 0x73801000 len 0x10000)
src frame 223: srcf=9 off=7560 br=16000
frame 223: send=0x0 get=0x0 len=1806 coding=1 startqp=0 meanqp=0 picbytes=0 pskip=0 nalus=1 n1:1806
  snapshot f223: 3 venc_ko blocks (pool0 0x73801000 len 0x10000)
src frame 224: srcf=8 off=7560 br=16000
frame 224: send=0x0 get=0x0 len=1816 coding=1 startqp=0 meanqp=0 picbytes=0 pskip=0 nalus=1 n1:1816
  snapshot f224: 3 venc_ko blocks (pool0 0x73801000 len 0x10000)
src frame 225: srcf=7 off=8100 br=16000
frame 225: send=0x0 get=0x0 len=70636 coding=1 startqp=0 meanqp=0 picbytes=0 pskip=0 nalus=1 n1:70636
  snapshot f225: 3 venc_ko blocks (pool0 0x73801000 len 0x10000)
src frame 226: srcf=6 off=8100 br=16000
frame 226: send=0x0 get=0x0 len=4901 coding=1 startqp=0 meanqp=0 picbytes=0 pskip=0 nalus=1 n1:4901
  snapshot f226: 3 venc_ko blocks (pool0 0x73801000 len 0x10000)
src frame 227: srcf=5 off=8100 br=16000
frame 227: send=0x0 get=0x0 len=1932 coding=1 startqp=0 meanqp=0 picbytes=0 pskip=0 nalus=1 n1:1932
  snapshot f227: 3 venc_ko blocks (pool0 0x73801000 len 0x10000)
src frame 228: srcf=4 off=8100 br=16000
frame 228: send=0x0 get=0x0 len=1278 coding=1 startqp=0 meanqp=0 picbytes=0 pskip=0 nalus=1 n1:1278
  snapshot f228: 3 venc_ko blocks (pool0 0x73801000 len 0x10000)
src frame 229: srcf=3 off=8100 br=16000
frame 229: send=0x0 get=0x0 len=1175 coding=1 startqp=0 meanqp=0 picbytes=0 pskip=0 nalus=1 n1:1175
  snapshot f229: 3 venc_ko blocks (pool0 0x73801000 len 0x10000)
src frame 230: srcf=2 off=8100 br=16000
frame 230: send=0x0 get=0x0 len=1160 coding=1 startqp=0 meanqp=0 picbytes=0 pskip=0 nalus=1 n1:1160
  snapshot f230: 3 venc_ko blocks (pool0 0x73801000 len 0x10000)
src frame 231: srcf=1 off=8100 br=16000
frame 231: send=0x0 get=0x0 len=1165 coding=1 startqp=0 meanqp=0 picbytes=0 pskip=0 nalus=1 n1:1165
  snapshot f231: 3 venc_ko blocks (pool0 0x73801000 len 0x10000)
src frame 232: srcf=0 off=8100 br=16000
frame 232: send=0x0 get=0x0 len=1160 coding=1 startqp=0 meanqp=0 picbytes=0 pskip=0 nalus=1 n1:1160
  snapshot f232: 3 venc_ko blocks (pool0 0x73801000 len 0x10000)
src frame 233: srcf=1 off=8100 br=16000
frame 233: send=0x0 get=0x0 len=1165 coding=1 startqp=0 meanqp=0 picbytes=0 pskip=0 nalus=1 n1:1165
  snapshot f233: 3 venc_ko blocks (pool0 0x73801000 len 0x10000)
src frame 234: srcf=2 off=8100 br=16000
frame 234: send=0x0 get=0x0 len=1160 coding=1 startqp=0 meanqp=0 picbytes=0 pskip=0 nalus=1 n1:1160
  snapshot f234: 3 venc_ko blocks (pool0 0x73801000 len 0x10000)
src frame 235: srcf=3 off=8100 br=16000
frame 235: send=0x0 get=0x0 len=1165 coding=1 startqp=0 meanqp=0 picbytes=0 pskip=0 nalus=1 n1:1165
  snapshot f235: 3 venc_ko blocks (pool0 0x73801000 len 0x10000)
src frame 236: srcf=4 off=8100 br=16000
frame 236: send=0x0 get=0x0 len=1160 coding=1 startqp=0 meanqp=0 picbytes=0 pskip=0 nalus=1 n1:1160
  snapshot f236: 3 venc_ko blocks (pool0 0x73801000 len 0x10000)
src frame 237: srcf=5 off=8100 br=16000
frame 237: send=0x0 get=0x0 len=1165 coding=1 startqp=0 meanqp=0 picbytes=0 pskip=0 nalus=1 n1:1165
  snapshot f237: 3 venc_ko blocks (pool0 0x73801000 len 0x10000)
src frame 238: srcf=6 off=8100 br=16000
frame 238: send=0x0 get=0x0 len=1160 coding=1 startqp=0 meanqp=0 picbytes=0 pskip=0 nalus=1 n1:1160
  snapshot f238: 3 venc_ko blocks (pool0 0x73801000 len 0x10000)
src frame 239: srcf=7 off=8100 br=16000
frame 239: send=0x0 get=0x0 len=1165 coding=1 startqp=0 meanqp=0 picbytes=0 pskip=0 nalus=1 n1:1165
  snapshot f239: 3 venc_ko blocks (pool0 0x73801000 len 0x10000)
---- /proc/ax_proc/venc ----
-------- VENC VERSION ------------------------
[Axera version]: ax_venc V3.0.0_20250319114413 Mar 19 2025 11:58:34 JK

-------- MODULE PARAM ------------------------
MaxChnNum   MaxRoiNum   MaxProcNum  
16          8           16          

-------- VENC CHN ATTR 1 ------------------------
ID    Type    wSrc    hSrc    Strd0   Strd1   maxW    maxH    PixFmt  link  InFifoDep    OutFifoDep   InDbgFifoLen InDbgFifoDep StrmBufSize(KB)
7     h264    1920    1080    3840    0       1920    1080    YUYV422 N     2            2            0            4            4114      
-------- VENC CHN ATTR 2 ------------------------
ID    [CropEn StartX  StartY  CropW   CropH]  Rotation  EncW    EncH    FrmSize      PTS          SeqNum       CompMode     CompLevel    PhyAddr0     PhyAddr1     PhyAddr2     
7     N       0       0       0       0       0         1920    1080    4147200      3283333      198          NONE         0            742d1000     0            0            
-------- VENC RC ATTR 1 ------------------------
ID    RcMode    SrcFr   DstFr   Br(kbps)  MinQp   MaxQp   MinIQp  MaxIQp  IQpDelta  IpropMax   IpropMin   StartQp    QpDltRng   DeBrQpDlt  SvcEn   ChgPos  StillPercent MaxStillQp 
7     CBR       60.00   60.00   16000     10      51      10      51      0         40         10         -1         2          0          False   -       -            -          
-------- VENC RC ATTR 2  -----------------------
ID    QMapQpType  QMapUnit    QMapBlkType IQp   PQp   MinQpDelta MaxQpDelta MaxBitRate shtStaTime ltStaTime  ltMinBr  ltMaxBr  Br_ST(kbps)    Br_LT(kbps)    
7     N/A         64x64       N/A         -     -     -          -          -          -          -          -        -        -              -              
-------- VENC GOP ATTR  ------------------------
ID    GopMode   Gop   GopVI 
7     NormalP   30    0     
-------- VENC STATUS 1 -------------------------
ID    RJEn         RJThr(bps)   RJMode       RJEncGaps    SupFrmEn     SupPri       SupThrI      SupThrP      SplitEn      SliceNum     Range(In)    Range(out)   
7     N            0            Normal       0            N            0            500000       500000       N            0            Full         Full         
-------- VENC STATUS 2 -------------------------
ID    ChnStat   FrmRecv   FrmRls    FrmEnc    FrmDrop   FrmDup    EncFail   MissMatch StrmGet   StrmRls   OutFps    RealBr    ReEncCnt  DropCnt   BlkFail   GrpID     PID     TID     ThNum   RefInc    RefDec    Fail1   Fail2   Fail3   Fail4   
7     STARTED   198       198       198       0         0         0         0         198       197       50.00     3333.73   0         0         0         -1        130564  130568  1       198       198       0       0       0       0       
-------- VENC HW STATUS  ------------------------
ID    OverFlow     TimeOut      
7     0            0            
-------- VENC ROI INFO  ------------------------
ID    Index        bEnable      bAbsQp       RoiQP        Width        Height       StartX       StartY       
done h264_jump15_cbr16000
rc=0
== h264_jump15_cbr16000: codec=h264 rc=cbr br=16000 fps=60 gop=30 frames=240 total=1830600 B achieved=3661 kbps
I frames (frame:qp/bytes): 0:32/30843 30:30/34366 60:28/38177 90:26/42390 120:24/46569 150:22/51112 180:20/56298 210:18/60896
first P after each I (frame:qp): 1:35 31:33 61:31 91:29 121:27 151:25 181:23 211:21
per-GOP: gop#: kbps I_qp P_qp[min..max] P_qp_last
  0: 3946 kbps I=[32] P=[21..35] last=21 n=30
  1: 3893 kbps I=[30] P=[19..33] last=19 n=30
  2: 3939 kbps I=[28] P=[17..31] last=17 n=30
  3: 3749 kbps I=[26] P=[15..29] last=15 n=30
  4: 3671 kbps I=[24] P=[13..27] last=13 n=30
  5: 3514 kbps I=[22] P=[11..25] last=11 n=30
  6: 3371 kbps I=[20] P=[10..23] last=10 n=30
  7: 3206 kbps I=[18] P=[10..21] last=10 n=30
P->P QP step histogram: -2:1 -1:110 +0:109 +1:4
I->firstP QP delta: +3 +3 +3 +3 +3 +3 +3 +3
sw7 frame-QP == slice QP: 240/240 frames with a program agree; mismatches at []
slot flags: {'': 240}
sw105-107 distinct (I): [('0x35b600', '0x35b600', '0x35b600'), ('0x46c3f1', '0x46c3f1', '0x46c3f1'), ('0x4dd789', '0x4dd789', '0x4dd789')]
sw172/173 distinct: [('0x14f', '0x662'), ('0x14f', '0x66a')]
sw6 distinct (I / P): ['0x3'] ['0x3']
=== h265_jump1_cbr2000: codec=h265 rc=cbr br=2000 nframes=240 src=/root/rc65/clips/static.yuyv motion=jump mstep=1
# vdrive tag=h265_jump1_cbr2000 codec=h265 1920x1080 rc=cbr br=2000 fps=60/60 gop=30 gopmode=normalp ltrint=0 ltrqpo=0 iqp=32 pqp=32 profile=0 level=153 tier=0 qp[10..51] iqp[10..51] iqd=0 firstqp=-1 iprop[10..40] idrrange=2 stattime=1 vq=0 ir=0/0 slice=0 debreath=0 scd=-1 rowqpd=-1 vui=-1 move=0 nframes=240
src=/root/rc65/clips/static.yuyv frames=30 loop=pingpong motion=jump mstep=1 window=0..-1
AX_SYS_Init rc=0x0
AX_VENC_Init rc=0x0
AX_VENC_CreateChn(7) rc=0x0
StartRecvFrame rc=0x0
AX_POOL_CreatePool id=0x0
blk=0x5e000000 phys=0x742cb000 virt=0xffff7a715000
frame: modid=0x11 stride=1920 fmt=0xd
  snapshot pre: 3 venc_ko blocks (pool0 0x73801000 len 0x10000)
src frame 0: srcf=0 off=0 br=2000
frame 0: send=0x0 get=0x0 len=23659 coding=0 startqp=0 meanqp=0 picbytes=0 pskip=0 nalus=4 n32:27 n33:53 n34:12 n19:23567
  cu: inter64=0 inter32=0 inter16=0 inter8=0 intra32=0 intra16=0 intra8=0 intra4=0 reftype=0
  snapshot f000: 3 venc_ko blocks (pool0 0x73801000 len 0x10000)
src frame 1: srcf=1 off=540 br=2000
frame 1: send=0x0 get=0x0 len=13373 coding=1 startqp=0 meanqp=0 picbytes=0 pskip=0 nalus=1 n1:13373
  cu: inter64=0 inter32=0 inter16=0 inter8=0 intra32=0 intra16=0 intra8=0 intra4=0 reftype=0
  snapshot f001: 3 venc_ko blocks (pool0 0x73801000 len 0x10000)
src frame 2: srcf=2 off=1080 br=2000
frame 2: send=0x0 get=0x0 len=10168 coding=1 startqp=0 meanqp=0 picbytes=0 pskip=0 nalus=1 n1:10168
  cu: inter64=0 inter32=0 inter16=0 inter8=0 intra32=0 intra16=0 intra8=0 intra4=0 reftype=0
  snapshot f002: 3 venc_ko blocks (pool0 0x73801000 len 0x10000)
src frame 3: srcf=3 off=1620 br=2000
frame 3: send=0x0 get=0x0 len=7457 coding=1 startqp=0 meanqp=0 picbytes=0 pskip=0 nalus=1 n1:7457
  cu: inter64=0 inter32=0 inter16=0 inter8=0 intra32=0 intra16=0 intra8=0 intra4=0 reftype=0
  snapshot f003: 3 venc_ko blocks (pool0 0x73801000 len 0x10000)
src frame 4: srcf=4 off=2160 br=2000
frame 4: send=0x0 get=0x0 len=5023 coding=1 startqp=0 meanqp=0 picbytes=0 pskip=0 nalus=1 n1:5023
  cu: inter64=0 inter32=0 inter16=0 inter8=0 intra32=0 intra16=0 intra8=0 intra4=0 reftype=0
  snapshot f004: 3 venc_ko blocks (pool0 0x73801000 len 0x10000)
src frame 5: srcf=5 off=2700 br=2000
frame 5: send=0x0 get=0x0 len=3456 coding=1 startqp=0 meanqp=0 picbytes=0 pskip=0 nalus=1 n1:3456
  cu: inter64=0 inter32=0 inter16=0 inter8=0 intra32=0 intra16=0 intra8=0 intra4=0 reftype=0
  snapshot f005: 3 venc_ko blocks (pool0 0x73801000 len 0x10000)
src frame 6: srcf=6 off=3240 br=2000
frame 6: send=0x0 get=0x0 len=2739 coding=1 startqp=0 meanqp=0 picbytes=0 pskip=0 nalus=1 n1:2739
  cu: inter64=0 inter32=0 inter16=0 inter8=0 intra32=0 intra16=0 intra8=0 intra4=0 reftype=0
  snapshot f006: 3 venc_ko blocks (pool0 0x73801000 len 0x10000)
src frame 7: srcf=7 off=3780 br=2000
frame 7: send=0x0 get=0x0 len=2726 coding=1 startqp=0 meanqp=0 picbytes=0 pskip=0 nalus=1 n1:2726
  cu: inter64=0 inter32=0 inter16=0 inter8=0 intra32=0 intra16=0 intra8=0 intra4=0 reftype=0
  snapshot f007: 3 venc_ko blocks (pool0 0x73801000 len 0x10000)
src frame 8: srcf=8 off=4320 br=2000
frame 8: send=0x0 get=0x0 len=2538 coding=1 startqp=0 meanqp=0 picbytes=0 pskip=0 nalus=1 n1:2538
  cu: inter64=0 inter32=0 inter16=0 inter8=0 intra32=0 intra16=0 intra8=0 intra4=0 reftype=0
  snapshot f008: 3 venc_ko blocks (pool0 0x73801000 len 0x10000)
src frame 9: srcf=9 off=4860 br=2000
frame 9: send=0x0 get=0x0 len=2556 coding=1 startqp=0 meanqp=0 picbytes=0 pskip=0 nalus=1 n1:2556
  cu: inter64=0 inter32=0 inter16=0 inter8=0 intra32=0 intra16=0 intra8=0 intra4=0 reftype=0
  snapshot f009: 3 venc_ko blocks (pool0 0x73801000 len 0x10000)
src frame 10: srcf=10 off=5400 br=2000
frame 10: send=0x0 get=0x0 len=2467 coding=1 startqp=0 meanqp=0 picbytes=0 pskip=0 nalus=1 n1:2467
  cu: inter64=0 inter32=0 inter16=0 inter8=0 intra32=0 intra16=0 intra8=0 intra4=0 reftype=0
  snapshot f010: 3 venc_ko blocks (pool0 0x73801000 len 0x10000)
src frame 11: srcf=11 off=5940 br=2000
frame 11: send=0x0 get=0x0 len=2512 coding=1 startqp=0 meanqp=0 picbytes=0 pskip=0 nalus=1 n1:2512
  cu: inter64=0 inter32=0 inter16=0 inter8=0 intra32=0 intra16=0 intra8=0 intra4=0 reftype=0
  snapshot f011: 3 venc_ko blocks (pool0 0x73801000 len 0x10000)
src frame 12: srcf=12 off=6480 br=2000
frame 12: send=0x0 get=0x0 len=2434 coding=1 startqp=0 meanqp=0 picbytes=0 pskip=0 nalus=1 n1:2434
  cu: inter64=0 inter32=0 inter16=0 inter8=0 intra32=0 intra16=0 intra8=0 intra4=0 reftype=0
  snapshot f012: 3 venc_ko blocks (pool0 0x73801000 len 0x10000)
src frame 13: srcf=13 off=7020 br=2000
frame 13: send=0x0 get=0x0 len=2550 coding=1 startqp=0 meanqp=0 picbytes=0 pskip=0 nalus=1 n1:2550
  cu: inter64=0 inter32=0 inter16=0 inter8=0 intra32=0 intra16=0 intra8=0 intra4=0 reftype=0
  snapshot f013: 3 venc_ko blocks (pool0 0x73801000 len 0x10000)
src frame 14: srcf=14 off=7560 br=2000
frame 14: send=0x0 get=0x0 len=2467 coding=1 startqp=0 meanqp=0 picbytes=0 pskip=0 nalus=1 n1:2467
  cu: inter64=0 inter32=0 inter16=0 inter8=0 intra32=0 intra16=0 intra8=0 intra4=0 reftype=0
  snapshot f014: 3 venc_ko blocks (pool0 0x73801000 len 0x10000)
src frame 15: srcf=15 off=8100 br=2000
frame 15: send=0x0 get=0x0 len=2519 coding=1 startqp=0 meanqp=0 picbytes=0 pskip=0 nalus=1 n1:2519
  cu: inter64=0 inter32=0 inter16=0 inter8=0 intra32=0 intra16=0 intra8=0 intra4=0 reftype=0
  snapshot f015: 3 venc_ko blocks (pool0 0x73801000 len 0x10000)
src frame 16: srcf=16 off=8640 br=2000
frame 16: send=0x0 get=0x0 len=2481 coding=1 startqp=0 meanqp=0 picbytes=0 pskip=0 nalus=1 n1:2481
  cu: inter64=0 inter32=0 inter16=0 inter8=0 intra32=0 intra16=0 intra8=0 intra4=0 reftype=0
  snapshot f016: 3 venc_ko blocks (pool0 0x73801000 len 0x10000)
src frame 17: srcf=17 off=9180 br=2000
frame 17: send=0x0 get=0x0 len=2514 coding=1 startqp=0 meanqp=0 picbytes=0 pskip=0 nalus=1 n1:2514
  cu: inter64=0 inter32=0 inter16=0 inter8=0 intra32=0 intra16=0 intra8=0 intra4=0 reftype=0
  snapshot f017: 3 venc_ko blocks (pool0 0x73801000 len 0x10000)
src frame 18: srcf=18 off=9720 br=2000
frame 18: send=0x0 get=0x0 len=2412 coding=1 startqp=0 meanqp=0 picbytes=0 pskip=0 nalus=1 n1:2412
  cu: inter64=0 inter32=0 inter16=0 inter8=0 intra32=0 intra16=0 intra8=0 intra4=0 reftype=0
  snapshot f018: 3 venc_ko blocks (pool0 0x73801000 len 0x10000)
src frame 19: srcf=19 off=10260 br=2000
frame 19: send=0x0 get=0x0 len=2535 coding=1 startqp=0 meanqp=0 picbytes=0 pskip=0 nalus=1 n1:2535
  cu: inter64=0 inter32=0 inter16=0 inter8=0 intra32=0 intra16=0 intra8=0 intra4=0 reftype=0
  snapshot f019: 3 venc_ko blocks (pool0 0x73801000 len 0x10000)
src frame 20: srcf=20 off=10800 br=2000
frame 20: send=0x0 get=0x0 len=2467 coding=1 startqp=0 meanqp=0 picbytes=0 pskip=0 nalus=1 n1:2467
  cu: inter64=0 inter32=0 inter16=0 inter8=0 intra32=0 intra16=0 intra8=0 intra4=0 reftype=0
  snapshot f020: 3 venc_ko blocks (pool0 0x73801000 len 0x10000)
src frame 21: srcf=21 off=11340 br=2000
frame 21: send=0x0 get=0x0 len=2503 coding=1 startqp=0 meanqp=0 picbytes=0 pskip=0 nalus=1 n1:2503
  cu: inter64=0 inter32=0 inter16=0 inter8=0 intra32=0 intra16=0 intra8=0 intra4=0 reftype=0
  snapshot f021: 3 venc_ko blocks (pool0 0x73801000 len 0x10000)
src frame 22: srcf=22 off=11880 br=2000
frame 22: send=0x0 get=0x0 len=2437 coding=1 startqp=0 meanqp=0 picbytes=0 pskip=0 nalus=1 n1:2437
  cu: inter64=0 inter32=0 inter16=0 inter8=0 intra32=0 intra16=0 intra8=0 intra4=0 reftype=0
  snapshot f022: 3 venc_ko blocks (pool0 0x73801000 len 0x10000)
src frame 23: srcf=23 off=12420 br=2000
frame 23: send=0x0 get=0x0 len=2533 coding=1 startqp=0 meanqp=0 picbytes=0 pskip=0 nalus=1 n1:2533
  cu: inter64=0 inter32=0 inter16=0 inter8=0 intra32=0 intra16=0 intra8=0 intra4=0 reftype=0
  snapshot f023: 3 venc_ko blocks (pool0 0x73801000 len 0x10000)
src frame 24: srcf=24 off=12960 br=2000
frame 24: send=0x0 get=0x0 len=2402 coding=1 startqp=0 meanqp=0 picbytes=0 pskip=0 nalus=1 n1:2402
  cu: inter64=0 inter32=0 inter16=0 inter8=0 intra32=0 intra16=0 intra8=0 intra4=0 reftype=0
  snapshot f024: 3 venc_ko blocks (pool0 0x73801000 len 0x10000)
src frame 25: srcf=25 off=13500 br=2000
frame 25: send=0x0 get=0x0 len=2548 coding=1 startqp=0 meanqp=0 picbytes=0 pskip=0 nalus=1 n1:2548
  cu: inter64=0 inter32=0 inter16=0 inter8=0 intra32=0 intra16=0 intra8=0 intra4=0 reftype=0
  snapshot f025: 3 venc_ko blocks (pool0 0x73801000 len 0x10000)
src frame 26: srcf=26 off=14040 br=2000
frame 26: send=0x0 get=0x0 len=2435 coding=1 startqp=0 meanqp=0 picbytes=0 pskip=0 nalus=1 n1:2435
  cu: inter64=0 inter32=0 inter16=0 inter8=0 intra32=0 intra16=0 intra8=0 intra4=0 reftype=0
  snapshot f026: 3 venc_ko blocks (pool0 0x73801000 len 0x10000)
src frame 27: srcf=27 off=14580 br=2000
frame 27: send=0x0 get=0x0 len=2463 coding=1 startqp=0 meanqp=0 picbytes=0 pskip=0 nalus=1 n1:2463
  cu: inter64=0 inter32=0 inter16=0 inter8=0 intra32=0 intra16=0 intra8=0 intra4=0 reftype=0
  snapshot f027: 3 venc_ko blocks (pool0 0x73801000 len 0x10000)
src frame 28: srcf=28 off=15120 br=2000
frame 28: send=0x0 get=0x0 len=2446 coding=1 startqp=0 meanqp=0 picbytes=0 pskip=0 nalus=1 n1:2446
  cu: inter64=0 inter32=0 inter16=0 inter8=0 intra32=0 intra16=0 intra8=0 intra4=0 reftype=0
  snapshot f028: 3 venc_ko blocks (pool0 0x73801000 len 0x10000)
src frame 29: srcf=29 off=15660 br=2000
frame 29: send=0x0 get=0x0 len=2521 coding=1 startqp=0 meanqp=0 picbytes=0 pskip=0 nalus=1 n1:2521
  cu: inter64=0 inter32=0 inter16=0 inter8=0 intra32=0 intra16=0 intra8=0 intra4=0 reftype=0
  snapshot f029: 3 venc_ko blocks (pool0 0x73801000 len 0x10000)
src frame 30: srcf=28 off=16200 br=2000
frame 30: send=0x0 get=0x0 len=22057 coding=0 startqp=0 meanqp=0 picbytes=0 pskip=0 nalus=4 n32:27 n33:53 n34:12 n19:21965
  cu: inter64=0 inter32=0 inter16=0 inter8=0 intra32=0 intra16=0 intra8=0 intra4=0 reftype=0
  snapshot f030: 3 venc_ko blocks (pool0 0x73801000 len 0x10000)
src frame 31: srcf=27 off=16740 br=2000
frame 31: send=0x0 get=0x0 len=13537 coding=1 startqp=0 meanqp=0 picbytes=0 pskip=0 nalus=1 n1:13537
  cu: inter64=0 inter32=0 inter16=0 inter8=0 intra32=0 intra16=0 intra8=0 intra4=0 reftype=0
  snapshot f031: 3 venc_ko blocks (pool0 0x73801000 len 0x10000)
src frame 32: srcf=26 off=17280 br=2000
frame 32: send=0x0 get=0x0 len=10123 coding=1 startqp=0 meanqp=0 picbytes=0 pskip=0 nalus=1 n1:10123
  cu: inter64=0 inter32=0 inter16=0 inter8=0 intra32=0 intra16=0 intra8=0 intra4=0 reftype=0
  snapshot f032: 3 venc_ko blocks (pool0 0x73801000 len 0x10000)
src frame 33: srcf=25 off=17820 br=2000
frame 33: send=0x0 get=0x0 len=7473 coding=1 startqp=0 meanqp=0 picbytes=0 pskip=0 nalus=1 n1:7473
  cu: inter64=0 inter32=0 inter16=0 inter8=0 intra32=0 intra16=0 intra8=0 intra4=0 reftype=0
  snapshot f033: 3 venc_ko blocks (pool0 0x73801000 len 0x10000)
src frame 34: srcf=24 off=18360 br=2000
frame 34: send=0x0 get=0x0 len=5031 coding=1 startqp=0 meanqp=0 picbytes=0 pskip=0 nalus=1 n1:5031
  cu: inter64=0 inter32=0 inter16=0 inter8=0 intra32=0 intra16=0 intra8=0 intra4=0 reftype=0
  snapshot f034: 3 venc_ko blocks (pool0 0x73801000 len 0x10000)
src frame 35: srcf=23 off=18900 br=2000
frame 35: send=0x0 get=0x0 len=3497 coding=1 startqp=0 meanqp=0 picbytes=0 pskip=0 nalus=1 n1:3497
  cu: inter64=0 inter32=0 inter16=0 inter8=0 intra32=0 intra16=0 intra8=0 intra4=0 reftype=0
  snapshot f035: 3 venc_ko blocks (pool0 0x73801000 len 0x10000)
src frame 36: srcf=22 off=19440 br=2000
frame 36: send=0x0 get=0x0 len=3309 coding=1 startqp=0 meanqp=0 picbytes=0 pskip=0 nalus=1 n1:3309
  cu: inter64=0 inter32=0 inter16=0 inter8=0 intra32=0 intra16=0 intra8=0 intra4=0 reftype=0
  snapshot f036: 3 venc_ko blocks (pool0 0x73801000 len 0x10000)
src frame 37: srcf=21 off=19980 br=2000
frame 37: send=0x0 get=0x0 len=3376 coding=1 startqp=0 meanqp=0 picbytes=0 pskip=0 nalus=1 n1:3376
  cu: inter64=0 inter32=0 inter16=0 inter8=0 intra32=0 intra16=0 intra8=0 intra4=0 reftype=0
  snapshot f037: 3 venc_ko blocks (pool0 0x73801000 len 0x10000)
src frame 38: srcf=20 off=20520 br=2000
frame 38: send=0x0 get=0x0 len=3208 coding=1 startqp=0 meanqp=0 picbytes=0 pskip=0 nalus=1 n1:3208
  cu: inter64=0 inter32=0 inter16=0 inter8=0 intra32=0 intra16=0 intra8=0 intra4=0 reftype=0
  snapshot f038: 3 venc_ko blocks (pool0 0x73801000 len 0x10000)
src frame 39: srcf=19 off=21060 br=2000
frame 39: send=0x0 get=0x0 len=3240 coding=1 startqp=0 meanqp=0 picbytes=0 pskip=0 nalus=1 n1:3240
  cu: inter64=0 inter32=0 inter16=0 inter8=0 intra32=0 intra16=0 intra8=0 intra4=0 reftype=0
  snapshot f039: 3 venc_ko blocks (pool0 0x73801000 len 0x10000)
src frame 40: srcf=18 off=21600 br=2000
frame 40: send=0x0 get=0x0 len=3234 coding=1 startqp=0 meanqp=0 picbytes=0 pskip=0 nalus=1 n1:3234
  cu: inter64=0 inter32=0 inter16=0 inter8=0 intra32=0 intra16=0 intra8=0 intra4=0 reftype=0
  snapshot f040: 3 venc_ko blocks (pool0 0x73801000 len 0x10000)
src frame 41: srcf=17 off=22140 br=2000
frame 41: send=0x0 get=0x0 len=3305 coding=1 startqp=0 meanqp=0 picbytes=0 pskip=0 nalus=1 n1:3305
  cu: inter64=0 inter32=0 inter16=0 inter8=0 intra32=0 intra16=0 intra8=0 intra4=0 reftype=0
  snapshot f041: 3 venc_ko blocks (pool0 0x73801000 len 0x10000)
src frame 42: srcf=16 off=22680 br=2000
frame 42: send=0x0 get=0x0 len=3162 coding=1 startqp=0 meanqp=0 picbytes=0 pskip=0 nalus=1 n1:3162
  cu: inter64=0 inter32=0 inter16=0 inter8=0 intra32=0 intra16=0 intra8=0 intra4=0 reftype=0
  snapshot f042: 3 venc_ko blocks (pool0 0x73801000 len 0x10000)
src frame 43: srcf=15 off=23220 br=2000
frame 43: send=0x0 get=0x0 len=3252 coding=1 startqp=0 meanqp=0 picbytes=0 pskip=0 nalus=1 n1:3252
  cu: inter64=0 inter32=0 inter16=0 inter8=0 intra32=0 intra16=0 intra8=0 intra4=0 reftype=0
  snapshot f043: 3 venc_ko blocks (pool0 0x73801000 len 0x10000)
src frame 44: srcf=14 off=23760 br=2000
frame 44: send=0x0 get=0x0 len=3129 coding=1 startqp=0 meanqp=0 picbytes=0 pskip=0 nalus=1 n1:3129
  cu: inter64=0 inter32=0 inter16=0 inter8=0 intra32=0 intra16=0 intra8=0 intra4=0 reftype=0
  snapshot f044: 3 venc_ko blocks (pool0 0x73801000 len 0x10000)
src frame 45: srcf=13 off=24300 br=2000
frame 45: send=0x0 get=0x0 len=3249 coding=1 startqp=0 meanqp=0 picbytes=0 pskip=0 nalus=1 n1:3249
  cu: inter64=0 inter32=0 inter16=0 inter8=0 intra32=0 intra16=0 intra8=0 intra4=0 reftype=0
  snapshot f045: 3 venc_ko blocks (pool0 0x73801000 len 0x10000)
src frame 46: srcf=12 off=24840 br=2000
frame 46: send=0x0 get=0x0 len=3201 coding=1 startqp=0 meanqp=0 picbytes=0 pskip=0 nalus=1 n1:3201
  cu: inter64=0 inter32=0 inter16=0 inter8=0 intra32=0 intra16=0 intra8=0 intra4=0 reftype=0
  snapshot f046: 3 venc_ko blocks (pool0 0x73801000 len 0x10000)
src frame 47: srcf=11 off=25380 br=2000
frame 47: send=0x0 get=0x0 len=3283 coding=1 startqp=0 meanqp=0 picbytes=0 pskip=0 nalus=1 n1:3283
  cu: inter64=0 inter32=0 inter16=0 inter8=0 intra32=0 intra16=0 intra8=0 intra4=0 reftype=0
  snapshot f047: 3 venc_ko blocks (pool0 0x73801000 len 0x10000)
src frame 48: srcf=10 off=25920 br=2000
frame 48: send=0x0 get=0x0 len=3170 coding=1 startqp=0 meanqp=0 picbytes=0 pskip=0 nalus=1 n1:3170
  cu: inter64=0 inter32=0 inter16=0 inter8=0 intra32=0 intra16=0 intra8=0 intra4=0 reftype=0
  snapshot f048: 3 venc_ko blocks (pool0 0x73801000 len 0x10000)
src frame 49: srcf=9 off=26460 br=2000
frame 49: send=0x0 get=0x0 len=3291 coding=1 startqp=0 meanqp=0 picbytes=0 pskip=0 nalus=1 n1:3291
  cu: inter64=0 inter32=0 inter16=0 inter8=0 intra32=0 intra16=0 intra8=0 intra4=0 reftype=0
  snapshot f049: 3 venc_ko blocks (pool0 0x73801000 len 0x10000)
src frame 50: srcf=8 off=27000 br=2000
frame 50: send=0x0 get=0x0 len=3257 coding=1 startqp=0 meanqp=0 picbytes=0 pskip=0 nalus=1 n1:3257
  cu: inter64=0 inter32=0 inter16=0 inter8=0 intra32=0 intra16=0 intra8=0 intra4=0 reftype=0
  snapshot f050: 3 venc_ko blocks (pool0 0x73801000 len 0x10000)
src frame 51: srcf=7 off=27540 br=2000
frame 51: send=0x0 get=0x0 len=3251 coding=1 startqp=0 meanqp=0 picbytes=0 pskip=0 nalus=1 n1:3251
  cu: inter64=0 inter32=0 inter16=0 inter8=0 intra32=0 intra16=0 intra8=0 intra4=0 reftype=0
  snapshot f051: 3 venc_ko blocks (pool0 0x73801000 len 0x10000)
src frame 52: srcf=6 off=28080 br=2000
frame 52: send=0x0 get=0x0 len=3105 coding=1 startqp=0 meanqp=0 picbytes=0 pskip=0 nalus=1 n1:3105
  cu: inter64=0 inter32=0 inter16=0 inter8=0 intra32=0 intra16=0 intra8=0 intra4=0 reftype=0
  snapshot f052: 3 venc_ko blocks (pool0 0x73801000 len 0x10000)
src frame 53: srcf=5 off=28620 br=2000
frame 53: send=0x0 get=0x0 len=3254 coding=1 startqp=0 meanqp=0 picbytes=0 pskip=0 nalus=1 n1:3254
  cu: inter64=0 inter32=0 inter16=0 inter8=0 intra32=0 intra16=0 intra8=0 intra4=0 reftype=0
  snapshot f053: 3 venc_ko blocks (pool0 0x73801000 len 0x10000)
src frame 54: srcf=4 off=29160 br=2000
frame 54: send=0x0 get=0x0 len=3235 coding=1 startqp=0 meanqp=0 picbytes=0 pskip=0 nalus=1 n1:3235
  cu: inter64=0 inter32=0 inter16=0 inter8=0 intra32=0 intra16=0 intra8=0 intra4=0 reftype=0
  snapshot f054: 3 venc_ko blocks (pool0 0x73801000 len 0x10000)
src frame 55: srcf=3 off=29700 br=2000
frame 55: send=0x0 get=0x0 len=3197 coding=1 startqp=0 meanqp=0 picbytes=0 pskip=0 nalus=1 n1:3197
  cu: inter64=0 inter32=0 inter16=0 inter8=0 intra32=0 intra16=0 intra8=0 intra4=0 reftype=0
  snapshot f055: 3 venc_ko blocks (pool0 0x73801000 len 0x10000)
src frame 56: srcf=2 off=30240 br=2000
frame 56: send=0x0 get=0x0 len=3209 coding=1 startqp=0 meanqp=0 picbytes=0 pskip=0 nalus=1 n1:3209
  cu: inter64=0 inter32=0 inter16=0 inter8=0 intra32=0 intra16=0 intra8=0 intra4=0 reftype=0
  snapshot f056: 3 venc_ko blocks (pool0 0x73801000 len 0x10000)
src frame 57: srcf=1 off=30780 br=2000
frame 57: send=0x0 get=0x0 len=3267 coding=1 startqp=0 meanqp=0 picbytes=0 pskip=0 nalus=1 n1:3267
  cu: inter64=0 inter32=0 inter16=0 inter8=0 intra32=0 intra16=0 intra8=0 intra4=0 reftype=0
  snapshot f057: 3 venc_ko blocks (pool0 0x73801000 len 0x10000)
src frame 58: srcf=0 off=31320 br=2000
frame 58: send=0x0 get=0x0 len=3150 coding=1 startqp=0 meanqp=0 picbytes=0 pskip=0 nalus=1 n1:3150
  cu: inter64=0 inter32=0 inter16=0 inter8=0 intra32=0 intra16=0 intra8=0 intra4=0 reftype=0
  snapshot f058: 3 venc_ko blocks (pool0 0x73801000 len 0x10000)
src frame 59: srcf=1 off=31860 br=2000
frame 59: send=0x0 get=0x0 len=3270 coding=1 startqp=0 meanqp=0 picbytes=0 pskip=0 nalus=1 n1:3270
  cu: inter64=0 inter32=0 inter16=0 inter8=0 intra32=0 intra16=0 intra8=0 intra4=0 reftype=0
  snapshot f059: 3 venc_ko blocks (pool0 0x73801000 len 0x10000)
src frame 60: srcf=2 off=32400 br=2000
frame 60: send=0x0 get=0x0 len=22057 coding=0 startqp=0 meanqp=0 picbytes=0 pskip=0 nalus=4 n32:27 n33:53 n34:12 n19:21965
  cu: inter64=0 inter32=0 inter16=0 inter8=0 intra32=0 intra16=0 intra8=0 intra4=0 reftype=0
  snapshot f060: 3 venc_ko blocks (pool0 0x73801000 len 0x10000)
src frame 61: srcf=3 off=32940 br=2000
frame 61: send=0x0 get=0x0 len=13537 coding=1 startqp=0 meanqp=0 picbytes=0 pskip=0 nalus=1 n1:13537
  cu: inter64=0 inter32=0 inter16=0 inter8=0 intra32=0 intra16=0 intra8=0 intra4=0 reftype=0
  snapshot f061: 3 venc_ko blocks (pool0 0x73801000 len 0x10000)
src frame 62: srcf=4 off=33480 br=2000
frame 62: send=0x0 get=0x0 len=10123 coding=1 startqp=0 meanqp=0 picbytes=0 pskip=0 nalus=1 n1:10123
  cu: inter64=0 inter32=0 inter16=0 inter8=0 intra32=0 intra16=0 intra8=0 intra4=0 reftype=0
  snapshot f062: 3 venc_ko blocks (pool0 0x73801000 len 0x10000)
src frame 63: srcf=5 off=34020 br=2000
frame 63: send=0x0 get=0x0 len=7473 coding=1 startqp=0 meanqp=0 picbytes=0 pskip=0 nalus=1 n1:7473
  cu: inter64=0 inter32=0 inter16=0 inter8=0 intra32=0 intra16=0 intra8=0 intra4=0 reftype=0
  snapshot f063: 3 venc_ko blocks (pool0 0x73801000 len 0x10000)
src frame 64: srcf=6 off=34560 br=2000
frame 64: send=0x0 get=0x0 len=5031 coding=1 startqp=0 meanqp=0 picbytes=0 pskip=0 nalus=1 n1:5031
  cu: inter64=0 inter32=0 inter16=0 inter8=0 intra32=0 intra16=0 intra8=0 intra4=0 reftype=0
  snapshot f064: 3 venc_ko blocks (pool0 0x73801000 len 0x10000)
src frame 65: srcf=7 off=35100 br=2000
frame 65: send=0x0 get=0x0 len=3497 coding=1 startqp=0 meanqp=0 picbytes=0 pskip=0 nalus=1 n1:3497
  cu: inter64=0 inter32=0 inter16=0 inter8=0 intra32=0 intra16=0 intra8=0 intra4=0 reftype=0
  snapshot f065: 3 venc_ko blocks (pool0 0x73801000 len 0x10000)
src frame 66: srcf=8 off=35640 br=2000
frame 66: send=0x0 get=0x0 len=3309 coding=1 startqp=0 meanqp=0 picbytes=0 pskip=0 nalus=1 n1:3309
  cu: inter64=0 inter32=0 inter16=0 inter8=0 intra32=0 intra16=0 intra8=0 intra4=0 reftype=0
  snapshot f066: 3 venc_ko blocks (pool0 0x73801000 len 0x10000)
src frame 67: srcf=9 off=36180 br=2000
frame 67: send=0x0 get=0x0 len=3376 coding=1 startqp=0 meanqp=0 picbytes=0 pskip=0 nalus=1 n1:3376
  cu: inter64=0 inter32=0 inter16=0 inter8=0 intra32=0 intra16=0 intra8=0 intra4=0 reftype=0
  snapshot f067: 3 venc_ko blocks (pool0 0x73801000 len 0x10000)
src frame 68: srcf=10 off=36720 br=2000
frame 68: send=0x0 get=0x0 len=3208 coding=1 startqp=0 meanqp=0 picbytes=0 pskip=0 nalus=1 n1:3208
  cu: inter64=0 inter32=0 inter16=0 inter8=0 intra32=0 intra16=0 intra8=0 intra4=0 reftype=0
  snapshot f068: 3 venc_ko blocks (pool0 0x73801000 len 0x10000)
src frame 69: srcf=11 off=37260 br=2000
frame 69: send=0x0 get=0x0 len=3240 coding=1 startqp=0 meanqp=0 picbytes=0 pskip=0 nalus=1 n1:3240
  cu: inter64=0 inter32=0 inter16=0 inter8=0 intra32=0 intra16=0 intra8=0 intra4=0 reftype=0
  snapshot f069: 3 venc_ko blocks (pool0 0x73801000 len 0x10000)
src frame 70: srcf=12 off=37800 br=2000
frame 70: send=0x0 get=0x0 len=3234 coding=1 startqp=0 meanqp=0 picbytes=0 pskip=0 nalus=1 n1:3234
  cu: inter64=0 inter32=0 inter16=0 inter8=0 intra32=0 intra16=0 intra8=0 intra4=0 reftype=0
  snapshot f070: 3 venc_ko blocks (pool0 0x73801000 len 0x10000)
src frame 71: srcf=13 off=38340 br=2000
frame 71: send=0x0 get=0x0 len=3305 coding=1 startqp=0 meanqp=0 picbytes=0 pskip=0 nalus=1 n1:3305
  cu: inter64=0 inter32=0 inter16=0 inter8=0 intra32=0 intra16=0 intra8=0 intra4=0 reftype=0
  snapshot f071: 3 venc_ko blocks (pool0 0x73801000 len 0x10000)
src frame 72: srcf=14 off=38880 br=2000
frame 72: send=0x0 get=0x0 len=3162 coding=1 startqp=0 meanqp=0 picbytes=0 pskip=0 nalus=1 n1:3162
  cu: inter64=0 inter32=0 inter16=0 inter8=0 intra32=0 intra16=0 intra8=0 intra4=0 reftype=0
  snapshot f072: 3 venc_ko blocks (pool0 0x73801000 len 0x10000)
src frame 73: srcf=15 off=39420 br=2000
frame 73: send=0x0 get=0x0 len=3252 coding=1 startqp=0 meanqp=0 picbytes=0 pskip=0 nalus=1 n1:3252
  cu: inter64=0 inter32=0 inter16=0 inter8=0 intra32=0 intra16=0 intra8=0 intra4=0 reftype=0
  snapshot f073: 3 venc_ko blocks (pool0 0x73801000 len 0x10000)
src frame 74: srcf=16 off=39960 br=2000
frame 74: send=0x0 get=0x0 len=3129 coding=1 startqp=0 meanqp=0 picbytes=0 pskip=0 nalus=1 n1:3129
  cu: inter64=0 inter32=0 inter16=0 inter8=0 intra32=0 intra16=0 intra8=0 intra4=0 reftype=0
  snapshot f074: 3 venc_ko blocks (pool0 0x73801000 len 0x10000)
src frame 75: srcf=17 off=40500 br=2000
frame 75: send=0x0 get=0x0 len=3249 coding=1 startqp=0 meanqp=0 picbytes=0 pskip=0 nalus=1 n1:3249
  cu: inter64=0 inter32=0 inter16=0 inter8=0 intra32=0 intra16=0 intra8=0 intra4=0 reftype=0
  snapshot f075: 3 venc_ko blocks (pool0 0x73801000 len 0x10000)
src frame 76: srcf=18 off=41040 br=2000
frame 76: send=0x0 get=0x0 len=3201 coding=1 startqp=0 meanqp=0 picbytes=0 pskip=0 nalus=1 n1:3201
  cu: inter64=0 inter32=0 inter16=0 inter8=0 intra32=0 intra16=0 intra8=0 intra4=0 reftype=0
  snapshot f076: 3 venc_ko blocks (pool0 0x73801000 len 0x10000)
src frame 77: srcf=19 off=41580 br=2000
frame 77: send=0x0 get=0x0 len=3283 coding=1 startqp=0 meanqp=0 picbytes=0 pskip=0 nalus=1 n1:3283
  cu: inter64=0 inter32=0 inter16=0 inter8=0 intra32=0 intra16=0 intra8=0 intra4=0 reftype=0
  snapshot f077: 3 venc_ko blocks (pool0 0x73801000 len 0x10000)
src frame 78: srcf=20 off=42120 br=2000
frame 78: send=0x0 get=0x0 len=3170 coding=1 startqp=0 meanqp=0 picbytes=0 pskip=0 nalus=1 n1:3170
  cu: inter64=0 inter32=0 inter16=0 inter8=0 intra32=0 intra16=0 intra8=0 intra4=0 reftype=0
  snapshot f078: 3 venc_ko blocks (pool0 0x73801000 len 0x10000)
src frame 79: srcf=21 off=42660 br=2000
frame 79: send=0x0 get=0x0 len=3291 coding=1 startqp=0 meanqp=0 picbytes=0 pskip=0 nalus=1 n1:3291
  cu: inter64=0 inter32=0 inter16=0 inter8=0 intra32=0 intra16=0 intra8=0 intra4=0 reftype=0
  snapshot f079: 3 venc_ko blocks (pool0 0x73801000 len 0x10000)
src frame 80: srcf=22 off=43200 br=2000
frame 80: send=0x0 get=0x0 len=3257 coding=1 startqp=0 meanqp=0 picbytes=0 pskip=0 nalus=1 n1:3257
  cu: inter64=0 inter32=0 inter16=0 inter8=0 intra32=0 intra16=0 intra8=0 intra4=0 reftype=0
  snapshot f080: 3 venc_ko blocks (pool0 0x73801000 len 0x10000)
src frame 81: srcf=23 off=43740 br=2000
frame 81: send=0x0 get=0x0 len=3251 coding=1 startqp=0 meanqp=0 picbytes=0 pskip=0 nalus=1 n1:3251
  cu: inter64=0 inter32=0 inter16=0 inter8=0 intra32=0 intra16=0 intra8=0 intra4=0 reftype=0
  snapshot f081: 3 venc_ko blocks (pool0 0x73801000 len 0x10000)
src frame 82: srcf=24 off=44280 br=2000
frame 82: send=0x0 get=0x0 len=3105 coding=1 startqp=0 meanqp=0 picbytes=0 pskip=0 nalus=1 n1:3105
  cu: inter64=0 inter32=0 inter16=0 inter8=0 intra32=0 intra16=0 intra8=0 intra4=0 reftype=0
  snapshot f082: 3 venc_ko blocks (pool0 0x73801000 len 0x10000)
src frame 83: srcf=25 off=44820 br=2000
frame 83: send=0x0 get=0x0 len=3254 coding=1 startqp=0 meanqp=0 picbytes=0 pskip=0 nalus=1 n1:3254
  cu: inter64=0 inter32=0 inter16=0 inter8=0 intra32=0 intra16=0 intra8=0 intra4=0 reftype=0
  snapshot f083: 3 venc_ko blocks (pool0 0x73801000 len 0x10000)
src frame 84: srcf=26 off=45360 br=2000
frame 84: send=0x0 get=0x0 len=3235 coding=1 startqp=0 meanqp=0 picbytes=0 pskip=0 nalus=1 n1:3235
  cu: inter64=0 inter32=0 inter16=0 inter8=0 intra32=0 intra16=0 intra8=0 intra4=0 reftype=0
  snapshot f084: 3 venc_ko blocks (pool0 0x73801000 len 0x10000)
src frame 85: srcf=27 off=45900 br=2000
frame 85: send=0x0 get=0x0 len=3197 coding=1 startqp=0 meanqp=0 picbytes=0 pskip=0 nalus=1 n1:3197
  cu: inter64=0 inter32=0 inter16=0 inter8=0 intra32=0 intra16=0 intra8=0 intra4=0 reftype=0
  snapshot f085: 3 venc_ko blocks (pool0 0x73801000 len 0x10000)
src frame 86: srcf=28 off=46440 br=2000
frame 86: send=0x0 get=0x0 len=3209 coding=1 startqp=0 meanqp=0 picbytes=0 pskip=0 nalus=1 n1:3209
  cu: inter64=0 inter32=0 inter16=0 inter8=0 intra32=0 intra16=0 intra8=0 intra4=0 reftype=0
  snapshot f086: 3 venc_ko blocks (pool0 0x73801000 len 0x10000)
src frame 87: srcf=29 off=46980 br=2000
frame 87: send=0x0 get=0x0 len=3267 coding=1 startqp=0 meanqp=0 picbytes=0 pskip=0 nalus=1 n1:3267
  cu: inter64=0 inter32=0 inter16=0 inter8=0 intra32=0 intra16=0 intra8=0 intra4=0 reftype=0
  snapshot f087: 3 venc_ko blocks (pool0 0x73801000 len 0x10000)
src frame 88: srcf=28 off=47520 br=2000
frame 88: send=0x0 get=0x0 len=3150 coding=1 startqp=0 meanqp=0 picbytes=0 pskip=0 nalus=1 n1:3150
  cu: inter64=0 inter32=0 inter16=0 inter8=0 intra32=0 intra16=0 intra8=0 intra4=0 reftype=0
  snapshot f088: 3 venc_ko blocks (pool0 0x73801000 len 0x10000)
src frame 89: srcf=27 off=48060 br=2000
frame 89: send=0x0 get=0x0 len=3270 coding=1 startqp=0 meanqp=0 picbytes=0 pskip=0 nalus=1 n1:3270
  cu: inter64=0 inter32=0 inter16=0 inter8=0 intra32=0 intra16=0 intra8=0 intra4=0 reftype=0
  snapshot f089: 3 venc_ko blocks (pool0 0x73801000 len 0x10000)
src frame 90: srcf=26 off=48600 br=2000
frame 90: send=0x0 get=0x0 len=22057 coding=0 startqp=0 meanqp=0 picbytes=0 pskip=0 nalus=4 n32:27 n33:53 n34:12 n19:21965
  cu: inter64=0 inter32=0 inter16=0 inter8=0 intra32=0 intra16=0 intra8=0 intra4=0 reftype=0
  snapshot f090: 3 venc_ko blocks (pool0 0x73801000 len 0x10000)
src frame 91: srcf=25 off=49140 br=2000
frame 91: send=0x0 get=0x0 len=13537 coding=1 startqp=0 meanqp=0 picbytes=0 pskip=0 nalus=1 n1:13537
  cu: inter64=0 inter32=0 inter16=0 inter8=0 intra32=0 intra16=0 intra8=0 intra4=0 reftype=0
  snapshot f091: 3 venc_ko blocks (pool0 0x73801000 len 0x10000)
src frame 92: srcf=24 off=49680 br=2000
frame 92: send=0x0 get=0x0 len=10123 coding=1 startqp=0 meanqp=0 picbytes=0 pskip=0 nalus=1 n1:10123
  cu: inter64=0 inter32=0 inter16=0 inter8=0 intra32=0 intra16=0 intra8=0 intra4=0 reftype=0
  snapshot f092: 3 venc_ko blocks (pool0 0x73801000 len 0x10000)
src frame 93: srcf=23 off=50220 br=2000
frame 93: send=0x0 get=0x0 len=7473 coding=1 startqp=0 meanqp=0 picbytes=0 pskip=0 nalus=1 n1:7473
  cu: inter64=0 inter32=0 inter16=0 inter8=0 intra32=0 intra16=0 intra8=0 intra4=0 reftype=0
  snapshot f093: 3 venc_ko blocks (pool0 0x73801000 len 0x10000)
src frame 94: srcf=22 off=50760 br=2000
frame 94: send=0x0 get=0x0 len=5031 coding=1 startqp=0 meanqp=0 picbytes=0 pskip=0 nalus=1 n1:5031
  cu: inter64=0 inter32=0 inter16=0 inter8=0 intra32=0 intra16=0 intra8=0 intra4=0 reftype=0
  snapshot f094: 3 venc_ko blocks (pool0 0x73801000 len 0x10000)
src frame 95: srcf=21 off=51300 br=2000
frame 95: send=0x0 get=0x0 len=3497 coding=1 startqp=0 meanqp=0 picbytes=0 pskip=0 nalus=1 n1:3497
  cu: inter64=0 inter32=0 inter16=0 inter8=0 intra32=0 intra16=0 intra8=0 intra4=0 reftype=0
  snapshot f095: 3 venc_ko blocks (pool0 0x73801000 len 0x10000)
src frame 96: srcf=20 off=51840 br=2000
frame 96: send=0x0 get=0x0 len=3309 coding=1 startqp=0 meanqp=0 picbytes=0 pskip=0 nalus=1 n1:3309
  cu: inter64=0 inter32=0 inter16=0 inter8=0 intra32=0 intra16=0 intra8=0 intra4=0 reftype=0
  snapshot f096: 3 venc_ko blocks (pool0 0x73801000 len 0x10000)
src frame 97: srcf=19 off=52380 br=2000
frame 97: send=0x0 get=0x0 len=3376 coding=1 startqp=0 meanqp=0 picbytes=0 pskip=0 nalus=1 n1:3376
  cu: inter64=0 inter32=0 inter16=0 inter8=0 intra32=0 intra16=0 intra8=0 intra4=0 reftype=0
  snapshot f097: 3 venc_ko blocks (pool0 0x73801000 len 0x10000)
src frame 98: srcf=18 off=52920 br=2000
frame 98: send=0x0 get=0x0 len=3208 coding=1 startqp=0 meanqp=0 picbytes=0 pskip=0 nalus=1 n1:3208
  cu: inter64=0 inter32=0 inter16=0 inter8=0 intra32=0 intra16=0 intra8=0 intra4=0 reftype=0
  snapshot f098: 3 venc_ko blocks (pool0 0x73801000 len 0x10000)
src frame 99: srcf=17 off=53460 br=2000
frame 99: send=0x0 get=0x0 len=3240 coding=1 startqp=0 meanqp=0 picbytes=0 pskip=0 nalus=1 n1:3240
  cu: inter64=0 inter32=0 inter16=0 inter8=0 intra32=0 intra16=0 intra8=0 intra4=0 reftype=0
  snapshot f099: 3 venc_ko blocks (pool0 0x73801000 len 0x10000)
src frame 100: srcf=16 off=54000 br=2000
frame 100: send=0x0 get=0x0 len=3234 coding=1 startqp=0 meanqp=0 picbytes=0 pskip=0 nalus=1 n1:3234
  cu: inter64=0 inter32=0 inter16=0 inter8=0 intra32=0 intra16=0 intra8=0 intra4=0 reftype=0
  snapshot f100: 3 venc_ko blocks (pool0 0x73801000 len 0x10000)
src frame 101: srcf=15 off=54540 br=2000
frame 101: send=0x0 get=0x0 len=3305 coding=1 startqp=0 meanqp=0 picbytes=0 pskip=0 nalus=1 n1:3305
  cu: inter64=0 inter32=0 inter16=0 inter8=0 intra32=0 intra16=0 intra8=0 intra4=0 reftype=0
  snapshot f101: 3 venc_ko blocks (pool0 0x73801000 len 0x10000)
src frame 102: srcf=14 off=55080 br=2000
frame 102: send=0x0 get=0x0 len=3162 coding=1 startqp=0 meanqp=0 picbytes=0 pskip=0 nalus=1 n1:3162
  cu: inter64=0 inter32=0 inter16=0 inter8=0 intra32=0 intra16=0 intra8=0 intra4=0 reftype=0
  snapshot f102: 3 venc_ko blocks (pool0 0x73801000 len 0x10000)
src frame 103: srcf=13 off=55620 br=2000
frame 103: send=0x0 get=0x0 len=3252 coding=1 startqp=0 meanqp=0 picbytes=0 pskip=0 nalus=1 n1:3252
  cu: inter64=0 inter32=0 inter16=0 inter8=0 intra32=0 intra16=0 intra8=0 intra4=0 reftype=0
  snapshot f103: 3 venc_ko blocks (pool0 0x73801000 len 0x10000)
src frame 104: srcf=12 off=56160 br=2000
frame 104: send=0x0 get=0x0 len=3129 coding=1 startqp=0 meanqp=0 picbytes=0 pskip=0 nalus=1 n1:3129
  cu: inter64=0 inter32=0 inter16=0 inter8=0 intra32=0 intra16=0 intra8=0 intra4=0 reftype=0
  snapshot f104: 3 venc_ko blocks (pool0 0x73801000 len 0x10000)
src frame 105: srcf=11 off=56700 br=2000
frame 105: send=0x0 get=0x0 len=3249 coding=1 startqp=0 meanqp=0 picbytes=0 pskip=0 nalus=1 n1:3249
  cu: inter64=0 inter32=0 inter16=0 inter8=0 intra32=0 intra16=0 intra8=0 intra4=0 reftype=0
  snapshot f105: 3 venc_ko blocks (pool0 0x73801000 len 0x10000)
src frame 106: srcf=10 off=57240 br=2000
frame 106: send=0x0 get=0x0 len=3201 coding=1 startqp=0 meanqp=0 picbytes=0 pskip=0 nalus=1 n1:3201
  cu: inter64=0 inter32=0 inter16=0 inter8=0 intra32=0 intra16=0 intra8=0 intra4=0 reftype=0
  snapshot f106: 3 venc_ko blocks (pool0 0x73801000 len 0x10000)
src frame 107: srcf=9 off=57780 br=2000
frame 107: send=0x0 get=0x0 len=3283 coding=1 startqp=0 meanqp=0 picbytes=0 pskip=0 nalus=1 n1:3283
  cu: inter64=0 inter32=0 inter16=0 inter8=0 intra32=0 intra16=0 intra8=0 intra4=0 reftype=0
  snapshot f107: 3 venc_ko blocks (pool0 0x73801000 len 0x10000)
src frame 108: srcf=8 off=58320 br=2000
frame 108: send=0x0 get=0x0 len=3170 coding=1 startqp=0 meanqp=0 picbytes=0 pskip=0 nalus=1 n1:3170
  cu: inter64=0 inter32=0 inter16=0 inter8=0 intra32=0 intra16=0 intra8=0 intra4=0 reftype=0
  snapshot f108: 3 venc_ko blocks (pool0 0x73801000 len 0x10000)
src frame 109: srcf=7 off=58860 br=2000
frame 109: send=0x0 get=0x0 len=3291 coding=1 startqp=0 meanqp=0 picbytes=0 pskip=0 nalus=1 n1:3291
  cu: inter64=0 inter32=0 inter16=0 inter8=0 intra32=0 intra16=0 intra8=0 intra4=0 reftype=0
  snapshot f109: 3 venc_ko blocks (pool0 0x73801000 len 0x10000)
src frame 110: srcf=6 off=59400 br=2000
frame 110: send=0x0 get=0x0 len=3257 coding=1 startqp=0 meanqp=0 picbytes=0 pskip=0 nalus=1 n1:3257
  cu: inter64=0 inter32=0 inter16=0 inter8=0 intra32=0 intra16=0 intra8=0 intra4=0 reftype=0
  snapshot f110: 3 venc_ko blocks (pool0 0x73801000 len 0x10000)
src frame 111: srcf=5 off=59940 br=2000
frame 111: send=0x0 get=0x0 len=3251 coding=1 startqp=0 meanqp=0 picbytes=0 pskip=0 nalus=1 n1:3251
  cu: inter64=0 inter32=0 inter16=0 inter8=0 intra32=0 intra16=0 intra8=0 intra4=0 reftype=0
  snapshot f111: 3 venc_ko blocks (pool0 0x73801000 len 0x10000)
src frame 112: srcf=4 off=60480 br=2000
frame 112: send=0x0 get=0x0 len=3105 coding=1 startqp=0 meanqp=0 picbytes=0 pskip=0 nalus=1 n1:3105
  cu: inter64=0 inter32=0 inter16=0 inter8=0 intra32=0 intra16=0 intra8=0 intra4=0 reftype=0
  snapshot f112: 3 venc_ko blocks (pool0 0x73801000 len 0x10000)
src frame 113: srcf=3 off=61020 br=2000
frame 113: send=0x0 get=0x0 len=3254 coding=1 startqp=0 meanqp=0 picbytes=0 pskip=0 nalus=1 n1:3254
  cu: inter64=0 inter32=0 inter16=0 inter8=0 intra32=0 intra16=0 intra8=0 intra4=0 reftype=0
  snapshot f113: 3 venc_ko blocks (pool0 0x73801000 len 0x10000)
src frame 114: srcf=2 off=61560 br=2000
frame 114: send=0x0 get=0x0 len=3235 coding=1 startqp=0 meanqp=0 picbytes=0 pskip=0 nalus=1 n1:3235
  cu: inter64=0 inter32=0 inter16=0 inter8=0 intra32=0 intra16=0 intra8=0 intra4=0 reftype=0
  snapshot f114: 3 venc_ko blocks (pool0 0x73801000 len 0x10000)
src frame 115: srcf=1 off=62100 br=2000
frame 115: send=0x0 get=0x0 len=3197 coding=1 startqp=0 meanqp=0 picbytes=0 pskip=0 nalus=1 n1:3197
  cu: inter64=0 inter32=0 inter16=0 inter8=0 intra32=0 intra16=0 intra8=0 intra4=0 reftype=0
  snapshot f115: 3 venc_ko blocks (pool0 0x73801000 len 0x10000)
src frame 116: srcf=0 off=62640 br=2000
frame 116: send=0x0 get=0x0 len=3209 coding=1 startqp=0 meanqp=0 picbytes=0 pskip=0 nalus=1 n1:3209
  cu: inter64=0 inter32=0 inter16=0 inter8=0 intra32=0 intra16=0 intra8=0 intra4=0 reftype=0
  snapshot f116: 3 venc_ko blocks (pool0 0x73801000 len 0x10000)
src frame 117: srcf=1 off=63180 br=2000
frame 117: send=0x0 get=0x0 len=3267 coding=1 startqp=0 meanqp=0 picbytes=0 pskip=0 nalus=1 n1:3267
  cu: inter64=0 inter32=0 inter16=0 inter8=0 intra32=0 intra16=0 intra8=0 intra4=0 reftype=0
  snapshot f117: 3 venc_ko blocks (pool0 0x73801000 len 0x10000)
src frame 118: srcf=2 off=63720 br=2000
frame 118: send=0x0 get=0x0 len=3150 coding=1 startqp=0 meanqp=0 picbytes=0 pskip=0 nalus=1 n1:3150
  cu: inter64=0 inter32=0 inter16=0 inter8=0 intra32=0 intra16=0 intra8=0 intra4=0 reftype=0
  snapshot f118: 3 venc_ko blocks (pool0 0x73801000 len 0x10000)
src frame 119: srcf=3 off=64260 br=2000
frame 119: send=0x0 get=0x0 len=3270 coding=1 startqp=0 meanqp=0 picbytes=0 pskip=0 nalus=1 n1:3270
  cu: inter64=0 inter32=0 inter16=0 inter8=0 intra32=0 intra16=0 intra8=0 intra4=0 reftype=0
  snapshot f119: 3 venc_ko blocks (pool0 0x73801000 len 0x10000)
src frame 120: srcf=4 off=64800 br=2000
frame 120: send=0x0 get=0x0 len=22057 coding=0 startqp=0 meanqp=0 picbytes=0 pskip=0 nalus=4 n32:27 n33:53 n34:12 n19:21965
  cu: inter64=0 inter32=0 inter16=0 inter8=0 intra32=0 intra16=0 intra8=0 intra4=0 reftype=0
  snapshot f120: 3 venc_ko blocks (pool0 0x73801000 len 0x10000)
src frame 121: srcf=5 off=65340 br=2000
frame 121: send=0x0 get=0x0 len=13537 coding=1 startqp=0 meanqp=0 picbytes=0 pskip=0 nalus=1 n1:13537
  cu: inter64=0 inter32=0 inter16=0 inter8=0 intra32=0 intra16=0 intra8=0 intra4=0 reftype=0
  snapshot f121: 3 venc_ko blocks (pool0 0x73801000 len 0x10000)
src frame 122: srcf=6 off=65880 br=2000
frame 122: send=0x0 get=0x0 len=10123 coding=1 startqp=0 meanqp=0 picbytes=0 pskip=0 nalus=1 n1:10123
  cu: inter64=0 inter32=0 inter16=0 inter8=0 intra32=0 intra16=0 intra8=0 intra4=0 reftype=0
  snapshot f122: 3 venc_ko blocks (pool0 0x73801000 len 0x10000)
src frame 123: srcf=7 off=66420 br=2000
frame 123: send=0x0 get=0x0 len=7473 coding=1 startqp=0 meanqp=0 picbytes=0 pskip=0 nalus=1 n1:7473
  cu: inter64=0 inter32=0 inter16=0 inter8=0 intra32=0 intra16=0 intra8=0 intra4=0 reftype=0
  snapshot f123: 3 venc_ko blocks (pool0 0x73801000 len 0x10000)
src frame 124: srcf=8 off=66960 br=2000
frame 124: send=0x0 get=0x0 len=5031 coding=1 startqp=0 meanqp=0 picbytes=0 pskip=0 nalus=1 n1:5031
  cu: inter64=0 inter32=0 inter16=0 inter8=0 intra32=0 intra16=0 intra8=0 intra4=0 reftype=0
  snapshot f124: 3 venc_ko blocks (pool0 0x73801000 len 0x10000)
src frame 125: srcf=9 off=67500 br=2000
frame 125: send=0x0 get=0x0 len=3497 coding=1 startqp=0 meanqp=0 picbytes=0 pskip=0 nalus=1 n1:3497
  cu: inter64=0 inter32=0 inter16=0 inter8=0 intra32=0 intra16=0 intra8=0 intra4=0 reftype=0
  snapshot f125: 3 venc_ko blocks (pool0 0x73801000 len 0x10000)
src frame 126: srcf=10 off=68040 br=2000
frame 126: send=0x0 get=0x0 len=3309 coding=1 startqp=0 meanqp=0 picbytes=0 pskip=0 nalus=1 n1:3309
  cu: inter64=0 inter32=0 inter16=0 inter8=0 intra32=0 intra16=0 intra8=0 intra4=0 reftype=0
  snapshot f126: 3 venc_ko blocks (pool0 0x73801000 len 0x10000)
src frame 127: srcf=11 off=68580 br=2000
frame 127: send=0x0 get=0x0 len=3376 coding=1 startqp=0 meanqp=0 picbytes=0 pskip=0 nalus=1 n1:3376
  cu: inter64=0 inter32=0 inter16=0 inter8=0 intra32=0 intra16=0 intra8=0 intra4=0 reftype=0
  snapshot f127: 3 venc_ko blocks (pool0 0x73801000 len 0x10000)
src frame 128: srcf=12 off=69120 br=2000
frame 128: send=0x0 get=0x0 len=3208 coding=1 startqp=0 meanqp=0 picbytes=0 pskip=0 nalus=1 n1:3208
  cu: inter64=0 inter32=0 inter16=0 inter8=0 intra32=0 intra16=0 intra8=0 intra4=0 reftype=0
  snapshot f128: 3 venc_ko blocks (pool0 0x73801000 len 0x10000)
src frame 129: srcf=13 off=69660 br=2000
frame 129: send=0x0 get=0x0 len=3240 coding=1 startqp=0 meanqp=0 picbytes=0 pskip=0 nalus=1 n1:3240
  cu: inter64=0 inter32=0 inter16=0 inter8=0 intra32=0 intra16=0 intra8=0 intra4=0 reftype=0
  snapshot f129: 3 venc_ko blocks (pool0 0x73801000 len 0x10000)
src frame 130: srcf=14 off=70200 br=2000
frame 130: send=0x0 get=0x0 len=3234 coding=1 startqp=0 meanqp=0 picbytes=0 pskip=0 nalus=1 n1:3234
  cu: inter64=0 inter32=0 inter16=0 inter8=0 intra32=0 intra16=0 intra8=0 intra4=0 reftype=0
  snapshot f130: 3 venc_ko blocks (pool0 0x73801000 len 0x10000)
src frame 131: srcf=15 off=70740 br=2000
frame 131: send=0x0 get=0x0 len=3305 coding=1 startqp=0 meanqp=0 picbytes=0 pskip=0 nalus=1 n1:3305
  cu: inter64=0 inter32=0 inter16=0 inter8=0 intra32=0 intra16=0 intra8=0 intra4=0 reftype=0
  snapshot f131: 3 venc_ko blocks (pool0 0x73801000 len 0x10000)
src frame 132: srcf=16 off=71280 br=2000
frame 132: send=0x0 get=0x0 len=3162 coding=1 startqp=0 meanqp=0 picbytes=0 pskip=0 nalus=1 n1:3162
  cu: inter64=0 inter32=0 inter16=0 inter8=0 intra32=0 intra16=0 intra8=0 intra4=0 reftype=0
  snapshot f132: 3 venc_ko blocks (pool0 0x73801000 len 0x10000)
src frame 133: srcf=17 off=71820 br=2000
frame 133: send=0x0 get=0x0 len=3252 coding=1 startqp=0 meanqp=0 picbytes=0 pskip=0 nalus=1 n1:3252
  cu: inter64=0 inter32=0 inter16=0 inter8=0 intra32=0 intra16=0 intra8=0 intra4=0 reftype=0
  snapshot f133: 3 venc_ko blocks (pool0 0x73801000 len 0x10000)
src frame 134: srcf=18 off=72360 br=2000
frame 134: send=0x0 get=0x0 len=3129 coding=1 startqp=0 meanqp=0 picbytes=0 pskip=0 nalus=1 n1:3129
  cu: inter64=0 inter32=0 inter16=0 inter8=0 intra32=0 intra16=0 intra8=0 intra4=0 reftype=0
  snapshot f134: 3 venc_ko blocks (pool0 0x73801000 len 0x10000)
src frame 135: srcf=19 off=72900 br=2000
frame 135: send=0x0 get=0x0 len=3249 coding=1 startqp=0 meanqp=0 picbytes=0 pskip=0 nalus=1 n1:3249
  cu: inter64=0 inter32=0 inter16=0 inter8=0 intra32=0 intra16=0 intra8=0 intra4=0 reftype=0
  snapshot f135: 3 venc_ko blocks (pool0 0x73801000 len 0x10000)
src frame 136: srcf=20 off=73440 br=2000
frame 136: send=0x0 get=0x0 len=3201 coding=1 startqp=0 meanqp=0 picbytes=0 pskip=0 nalus=1 n1:3201
  cu: inter64=0 inter32=0 inter16=0 inter8=0 intra32=0 intra16=0 intra8=0 intra4=0 reftype=0
  snapshot f136: 3 venc_ko blocks (pool0 0x73801000 len 0x10000)
src frame 137: srcf=21 off=73980 br=2000
frame 137: send=0x0 get=0x0 len=3283 coding=1 startqp=0 meanqp=0 picbytes=0 pskip=0 nalus=1 n1:3283
  cu: inter64=0 inter32=0 inter16=0 inter8=0 intra32=0 intra16=0 intra8=0 intra4=0 reftype=0
  snapshot f137: 3 venc_ko blocks (pool0 0x73801000 len 0x10000)
src frame 138: srcf=22 off=74520 br=2000
frame 138: send=0x0 get=0x0 len=3170 coding=1 startqp=0 meanqp=0 picbytes=0 pskip=0 nalus=1 n1:3170
  cu: inter64=0 inter32=0 inter16=0 inter8=0 intra32=0 intra16=0 intra8=0 intra4=0 reftype=0
  snapshot f138: 3 venc_ko blocks (pool0 0x73801000 len 0x10000)
src frame 139: srcf=23 off=75060 br=2000
frame 139: send=0x0 get=0x0 len=3291 coding=1 startqp=0 meanqp=0 picbytes=0 pskip=0 nalus=1 n1:3291
  cu: inter64=0 inter32=0 inter16=0 inter8=0 intra32=0 intra16=0 intra8=0 intra4=0 reftype=0
  snapshot f139: 3 venc_ko blocks (pool0 0x73801000 len 0x10000)
src frame 140: srcf=24 off=75600 br=2000
frame 140: send=0x0 get=0x0 len=3257 coding=1 startqp=0 meanqp=0 picbytes=0 pskip=0 nalus=1 n1:3257
  cu: inter64=0 inter32=0 inter16=0 inter8=0 intra32=0 intra16=0 intra8=0 intra4=0 reftype=0
  snapshot f140: 3 venc_ko blocks (pool0 0x73801000 len 0x10000)
src frame 141: srcf=25 off=76140 br=2000
frame 141: send=0x0 get=0x0 len=3251 coding=1 startqp=0 meanqp=0 picbytes=0 pskip=0 nalus=1 n1:3251
  cu: inter64=0 inter32=0 inter16=0 inter8=0 intra32=0 intra16=0 intra8=0 intra4=0 reftype=0
  snapshot f141: 3 venc_ko blocks (pool0 0x73801000 len 0x10000)
src frame 142: srcf=26 off=76680 br=2000
frame 142: send=0x0 get=0x0 len=3105 coding=1 startqp=0 meanqp=0 picbytes=0 pskip=0 nalus=1 n1:3105
  cu: inter64=0 inter32=0 inter16=0 inter8=0 intra32=0 intra16=0 intra8=0 intra4=0 reftype=0
  snapshot f142: 3 venc_ko blocks (pool0 0x73801000 len 0x10000)
src frame 143: srcf=27 off=77220 br=2000
frame 143: send=0x0 get=0x0 len=3254 coding=1 startqp=0 meanqp=0 picbytes=0 pskip=0 nalus=1 n1:3254
  cu: inter64=0 inter32=0 inter16=0 inter8=0 intra32=0 intra16=0 intra8=0 intra4=0 reftype=0
  snapshot f143: 3 venc_ko blocks (pool0 0x73801000 len 0x10000)
src frame 144: srcf=28 off=77760 br=2000
frame 144: send=0x0 get=0x0 len=3235 coding=1 startqp=0 meanqp=0 picbytes=0 pskip=0 nalus=1 n1:3235
  cu: inter64=0 inter32=0 inter16=0 inter8=0 intra32=0 intra16=0 intra8=0 intra4=0 reftype=0
  snapshot f144: 3 venc_ko blocks (pool0 0x73801000 len 0x10000)
src frame 145: srcf=29 off=78300 br=2000
frame 145: send=0x0 get=0x0 len=3197 coding=1 startqp=0 meanqp=0 picbytes=0 pskip=0 nalus=1 n1:3197
  cu: inter64=0 inter32=0 inter16=0 inter8=0 intra32=0 intra16=0 intra8=0 intra4=0 reftype=0
  snapshot f145: 3 venc_ko blocks (pool0 0x73801000 len 0x10000)
src frame 146: srcf=28 off=78840 br=2000
frame 146: send=0x0 get=0x0 len=3209 coding=1 startqp=0 meanqp=0 picbytes=0 pskip=0 nalus=1 n1:3209
  cu: inter64=0 inter32=0 inter16=0 inter8=0 intra32=0 intra16=0 intra8=0 intra4=0 reftype=0
  snapshot f146: 3 venc_ko blocks (pool0 0x73801000 len 0x10000)
src frame 147: srcf=27 off=79380 br=2000
frame 147: send=0x0 get=0x0 len=3267 coding=1 startqp=0 meanqp=0 picbytes=0 pskip=0 nalus=1 n1:3267
  cu: inter64=0 inter32=0 inter16=0 inter8=0 intra32=0 intra16=0 intra8=0 intra4=0 reftype=0
  snapshot f147: 3 venc_ko blocks (pool0 0x73801000 len 0x10000)
src frame 148: srcf=26 off=79920 br=2000
frame 148: send=0x0 get=0x0 len=3150 coding=1 startqp=0 meanqp=0 picbytes=0 pskip=0 nalus=1 n1:3150
  cu: inter64=0 inter32=0 inter16=0 inter8=0 intra32=0 intra16=0 intra8=0 intra4=0 reftype=0
  snapshot f148: 3 venc_ko blocks (pool0 0x73801000 len 0x10000)
src frame 149: srcf=25 off=80460 br=2000
frame 149: send=0x0 get=0x0 len=3270 coding=1 startqp=0 meanqp=0 picbytes=0 pskip=0 nalus=1 n1:3270
  cu: inter64=0 inter32=0 inter16=0 inter8=0 intra32=0 intra16=0 intra8=0 intra4=0 reftype=0
  snapshot f149: 3 venc_ko blocks (pool0 0x73801000 len 0x10000)
src frame 150: srcf=24 off=81000 br=2000
frame 150: send=0x0 get=0x0 len=22057 coding=0 startqp=0 meanqp=0 picbytes=0 pskip=0 nalus=4 n32:27 n33:53 n34:12 n19:21965
  cu: inter64=0 inter32=0 inter16=0 inter8=0 intra32=0 intra16=0 intra8=0 intra4=0 reftype=0
  snapshot f150: 3 venc_ko blocks (pool0 0x73801000 len 0x10000)
src frame 151: srcf=23 off=81540 br=2000
frame 151: send=0x0 get=0x0 len=13537 coding=1 startqp=0 meanqp=0 picbytes=0 pskip=0 nalus=1 n1:13537
  cu: inter64=0 inter32=0 inter16=0 inter8=0 intra32=0 intra16=0 intra8=0 intra4=0 reftype=0
  snapshot f151: 3 venc_ko blocks (pool0 0x73801000 len 0x10000)
src frame 152: srcf=22 off=82080 br=2000
frame 152: send=0x0 get=0x0 len=10123 coding=1 startqp=0 meanqp=0 picbytes=0 pskip=0 nalus=1 n1:10123
  cu: inter64=0 inter32=0 inter16=0 inter8=0 intra32=0 intra16=0 intra8=0 intra4=0 reftype=0
  snapshot f152: 3 venc_ko blocks (pool0 0x73801000 len 0x10000)
src frame 153: srcf=21 off=82620 br=2000
frame 153: send=0x0 get=0x0 len=7473 coding=1 startqp=0 meanqp=0 picbytes=0 pskip=0 nalus=1 n1:7473
  cu: inter64=0 inter32=0 inter16=0 inter8=0 intra32=0 intra16=0 intra8=0 intra4=0 reftype=0
  snapshot f153: 3 venc_ko blocks (pool0 0x73801000 len 0x10000)
src frame 154: srcf=20 off=83160 br=2000
frame 154: send=0x0 get=0x0 len=5031 coding=1 startqp=0 meanqp=0 picbytes=0 pskip=0 nalus=1 n1:5031
  cu: inter64=0 inter32=0 inter16=0 inter8=0 intra32=0 intra16=0 intra8=0 intra4=0 reftype=0
  snapshot f154: 3 venc_ko blocks (pool0 0x73801000 len 0x10000)
src frame 155: srcf=19 off=83700 br=2000
frame 155: send=0x0 get=0x0 len=3497 coding=1 startqp=0 meanqp=0 picbytes=0 pskip=0 nalus=1 n1:3497
  cu: inter64=0 inter32=0 inter16=0 inter8=0 intra32=0 intra16=0 intra8=0 intra4=0 reftype=0
  snapshot f155: 3 venc_ko blocks (pool0 0x73801000 len 0x10000)
src frame 156: srcf=18 off=84240 br=2000
frame 156: send=0x0 get=0x0 len=3309 coding=1 startqp=0 meanqp=0 picbytes=0 pskip=0 nalus=1 n1:3309
  cu: inter64=0 inter32=0 inter16=0 inter8=0 intra32=0 intra16=0 intra8=0 intra4=0 reftype=0
  snapshot f156: 3 venc_ko blocks (pool0 0x73801000 len 0x10000)
src frame 157: srcf=17 off=84780 br=2000
frame 157: send=0x0 get=0x0 len=3376 coding=1 startqp=0 meanqp=0 picbytes=0 pskip=0 nalus=1 n1:3376
  cu: inter64=0 inter32=0 inter16=0 inter8=0 intra32=0 intra16=0 intra8=0 intra4=0 reftype=0
  snapshot f157: 3 venc_ko blocks (pool0 0x73801000 len 0x10000)
src frame 158: srcf=16 off=85320 br=2000
frame 158: send=0x0 get=0x0 len=3208 coding=1 startqp=0 meanqp=0 picbytes=0 pskip=0 nalus=1 n1:3208
  cu: inter64=0 inter32=0 inter16=0 inter8=0 intra32=0 intra16=0 intra8=0 intra4=0 reftype=0
  snapshot f158: 3 venc_ko blocks (pool0 0x73801000 len 0x10000)
src frame 159: srcf=15 off=85860 br=2000
frame 159: send=0x0 get=0x0 len=3240 coding=1 startqp=0 meanqp=0 picbytes=0 pskip=0 nalus=1 n1:3240
  cu: inter64=0 inter32=0 inter16=0 inter8=0 intra32=0 intra16=0 intra8=0 intra4=0 reftype=0
  snapshot f159: 3 venc_ko blocks (pool0 0x73801000 len 0x10000)
src frame 160: srcf=14 off=86400 br=2000
frame 160: send=0x0 get=0x0 len=3234 coding=1 startqp=0 meanqp=0 picbytes=0 pskip=0 nalus=1 n1:3234
  cu: inter64=0 inter32=0 inter16=0 inter8=0 intra32=0 intra16=0 intra8=0 intra4=0 reftype=0
  snapshot f160: 3 venc_ko blocks (pool0 0x73801000 len 0x10000)
src frame 161: srcf=13 off=86940 br=2000
frame 161: send=0x0 get=0x0 len=3305 coding=1 startqp=0 meanqp=0 picbytes=0 pskip=0 nalus=1 n1:3305
  cu: inter64=0 inter32=0 inter16=0 inter8=0 intra32=0 intra16=0 intra8=0 intra4=0 reftype=0
  snapshot f161: 3 venc_ko blocks (pool0 0x73801000 len 0x10000)
src frame 162: srcf=12 off=87480 br=2000
frame 162: send=0x0 get=0x0 len=3162 coding=1 startqp=0 meanqp=0 picbytes=0 pskip=0 nalus=1 n1:3162
  cu: inter64=0 inter32=0 inter16=0 inter8=0 intra32=0 intra16=0 intra8=0 intra4=0 reftype=0
  snapshot f162: 3 venc_ko blocks (pool0 0x73801000 len 0x10000)
src frame 163: srcf=11 off=88020 br=2000
frame 163: send=0x0 get=0x0 len=3252 coding=1 startqp=0 meanqp=0 picbytes=0 pskip=0 nalus=1 n1:3252
  cu: inter64=0 inter32=0 inter16=0 inter8=0 intra32=0 intra16=0 intra8=0 intra4=0 reftype=0
  snapshot f163: 3 venc_ko blocks (pool0 0x73801000 len 0x10000)
src frame 164: srcf=10 off=88560 br=2000
frame 164: send=0x0 get=0x0 len=3129 coding=1 startqp=0 meanqp=0 picbytes=0 pskip=0 nalus=1 n1:3129
  cu: inter64=0 inter32=0 inter16=0 inter8=0 intra32=0 intra16=0 intra8=0 intra4=0 reftype=0
  snapshot f164: 3 venc_ko blocks (pool0 0x73801000 len 0x10000)
src frame 165: srcf=9 off=89100 br=2000
frame 165: send=0x0 get=0x0 len=3249 coding=1 startqp=0 meanqp=0 picbytes=0 pskip=0 nalus=1 n1:3249
  cu: inter64=0 inter32=0 inter16=0 inter8=0 intra32=0 intra16=0 intra8=0 intra4=0 reftype=0
  snapshot f165: 3 venc_ko blocks (pool0 0x73801000 len 0x10000)
src frame 166: srcf=8 off=89640 br=2000
frame 166: send=0x0 get=0x0 len=3201 coding=1 startqp=0 meanqp=0 picbytes=0 pskip=0 nalus=1 n1:3201
  cu: inter64=0 inter32=0 inter16=0 inter8=0 intra32=0 intra16=0 intra8=0 intra4=0 reftype=0
  snapshot f166: 3 venc_ko blocks (pool0 0x73801000 len 0x10000)
src frame 167: srcf=7 off=90180 br=2000
frame 167: send=0x0 get=0x0 len=3283 coding=1 startqp=0 meanqp=0 picbytes=0 pskip=0 nalus=1 n1:3283
  cu: inter64=0 inter32=0 inter16=0 inter8=0 intra32=0 intra16=0 intra8=0 intra4=0 reftype=0
  snapshot f167: 3 venc_ko blocks (pool0 0x73801000 len 0x10000)
src frame 168: srcf=6 off=90720 br=2000
frame 168: send=0x0 get=0x0 len=3170 coding=1 startqp=0 meanqp=0 picbytes=0 pskip=0 nalus=1 n1:3170
  cu: inter64=0 inter32=0 inter16=0 inter8=0 intra32=0 intra16=0 intra8=0 intra4=0 reftype=0
  snapshot f168: 3 venc_ko blocks (pool0 0x73801000 len 0x10000)
src frame 169: srcf=5 off=91260 br=2000
frame 169: send=0x0 get=0x0 len=3291 coding=1 startqp=0 meanqp=0 picbytes=0 pskip=0 nalus=1 n1:3291
  cu: inter64=0 inter32=0 inter16=0 inter8=0 intra32=0 intra16=0 intra8=0 intra4=0 reftype=0
  snapshot f169: 3 venc_ko blocks (pool0 0x73801000 len 0x10000)
src frame 170: srcf=4 off=91800 br=2000
frame 170: send=0x0 get=0x0 len=3257 coding=1 startqp=0 meanqp=0 picbytes=0 pskip=0 nalus=1 n1:3257
  cu: inter64=0 inter32=0 inter16=0 inter8=0 intra32=0 intra16=0 intra8=0 intra4=0 reftype=0
  snapshot f170: 3 venc_ko blocks (pool0 0x73801000 len 0x10000)
src frame 171: srcf=3 off=92340 br=2000
frame 171: send=0x0 get=0x0 len=3251 coding=1 startqp=0 meanqp=0 picbytes=0 pskip=0 nalus=1 n1:3251
  cu: inter64=0 inter32=0 inter16=0 inter8=0 intra32=0 intra16=0 intra8=0 intra4=0 reftype=0
  snapshot f171: 3 venc_ko blocks (pool0 0x73801000 len 0x10000)
src frame 172: srcf=2 off=92880 br=2000
frame 172: send=0x0 get=0x0 len=3105 coding=1 startqp=0 meanqp=0 picbytes=0 pskip=0 nalus=1 n1:3105
  cu: inter64=0 inter32=0 inter16=0 inter8=0 intra32=0 intra16=0 intra8=0 intra4=0 reftype=0
  snapshot f172: 3 venc_ko blocks (pool0 0x73801000 len 0x10000)
src frame 173: srcf=1 off=93420 br=2000
frame 173: send=0x0 get=0x0 len=3254 coding=1 startqp=0 meanqp=0 picbytes=0 pskip=0 nalus=1 n1:3254
  cu: inter64=0 inter32=0 inter16=0 inter8=0 intra32=0 intra16=0 intra8=0 intra4=0 reftype=0
  snapshot f173: 3 venc_ko blocks (pool0 0x73801000 len 0x10000)
src frame 174: srcf=0 off=93960 br=2000
frame 174: send=0x0 get=0x0 len=3235 coding=1 startqp=0 meanqp=0 picbytes=0 pskip=0 nalus=1 n1:3235
  cu: inter64=0 inter32=0 inter16=0 inter8=0 intra32=0 intra16=0 intra8=0 intra4=0 reftype=0
  snapshot f174: 3 venc_ko blocks (pool0 0x73801000 len 0x10000)
src frame 175: srcf=1 off=94500 br=2000
frame 175: send=0x0 get=0x0 len=3197 coding=1 startqp=0 meanqp=0 picbytes=0 pskip=0 nalus=1 n1:3197
  cu: inter64=0 inter32=0 inter16=0 inter8=0 intra32=0 intra16=0 intra8=0 intra4=0 reftype=0
  snapshot f175: 3 venc_ko blocks (pool0 0x73801000 len 0x10000)
src frame 176: srcf=2 off=95040 br=2000
frame 176: send=0x0 get=0x0 len=3209 coding=1 startqp=0 meanqp=0 picbytes=0 pskip=0 nalus=1 n1:3209
  cu: inter64=0 inter32=0 inter16=0 inter8=0 intra32=0 intra16=0 intra8=0 intra4=0 reftype=0
  snapshot f176: 3 venc_ko blocks (pool0 0x73801000 len 0x10000)
src frame 177: srcf=3 off=95580 br=2000
frame 177: send=0x0 get=0x0 len=3267 coding=1 startqp=0 meanqp=0 picbytes=0 pskip=0 nalus=1 n1:3267
  cu: inter64=0 inter32=0 inter16=0 inter8=0 intra32=0 intra16=0 intra8=0 intra4=0 reftype=0
  snapshot f177: 3 venc_ko blocks (pool0 0x73801000 len 0x10000)
src frame 178: srcf=4 off=96120 br=2000
frame 178: send=0x0 get=0x0 len=3150 coding=1 startqp=0 meanqp=0 picbytes=0 pskip=0 nalus=1 n1:3150
  cu: inter64=0 inter32=0 inter16=0 inter8=0 intra32=0 intra16=0 intra8=0 intra4=0 reftype=0
  snapshot f178: 3 venc_ko blocks (pool0 0x73801000 len 0x10000)
src frame 179: srcf=5 off=96660 br=2000
frame 179: send=0x0 get=0x0 len=3270 coding=1 startqp=0 meanqp=0 picbytes=0 pskip=0 nalus=1 n1:3270
  cu: inter64=0 inter32=0 inter16=0 inter8=0 intra32=0 intra16=0 intra8=0 intra4=0 reftype=0
  snapshot f179: 3 venc_ko blocks (pool0 0x73801000 len 0x10000)
src frame 180: srcf=6 off=97200 br=2000
frame 180: send=0x0 get=0x0 len=22057 coding=0 startqp=0 meanqp=0 picbytes=0 pskip=0 nalus=4 n32:27 n33:53 n34:12 n19:21965
  cu: inter64=0 inter32=0 inter16=0 inter8=0 intra32=0 intra16=0 intra8=0 intra4=0 reftype=0
  snapshot f180: 3 venc_ko blocks (pool0 0x73801000 len 0x10000)
src frame 181: srcf=7 off=97740 br=2000
frame 181: send=0x0 get=0x0 len=13537 coding=1 startqp=0 meanqp=0 picbytes=0 pskip=0 nalus=1 n1:13537
  cu: inter64=0 inter32=0 inter16=0 inter8=0 intra32=0 intra16=0 intra8=0 intra4=0 reftype=0
  snapshot f181: 3 venc_ko blocks (pool0 0x73801000 len 0x10000)
src frame 182: srcf=8 off=98280 br=2000
frame 182: send=0x0 get=0x0 len=10123 coding=1 startqp=0 meanqp=0 picbytes=0 pskip=0 nalus=1 n1:10123
  cu: inter64=0 inter32=0 inter16=0 inter8=0 intra32=0 intra16=0 intra8=0 intra4=0 reftype=0
  snapshot f182: 3 venc_ko blocks (pool0 0x73801000 len 0x10000)
src frame 183: srcf=9 off=98820 br=2000
frame 183: send=0x0 get=0x0 len=7473 coding=1 startqp=0 meanqp=0 picbytes=0 pskip=0 nalus=1 n1:7473
  cu: inter64=0 inter32=0 inter16=0 inter8=0 intra32=0 intra16=0 intra8=0 intra4=0 reftype=0
  snapshot f183: 3 venc_ko blocks (pool0 0x73801000 len 0x10000)
src frame 184: srcf=10 off=99360 br=2000
frame 184: send=0x0 get=0x0 len=5031 coding=1 startqp=0 meanqp=0 picbytes=0 pskip=0 nalus=1 n1:5031
  cu: inter64=0 inter32=0 inter16=0 inter8=0 intra32=0 intra16=0 intra8=0 intra4=0 reftype=0
  snapshot f184: 3 venc_ko blocks (pool0 0x73801000 len 0x10000)
src frame 185: srcf=11 off=99900 br=2000
frame 185: send=0x0 get=0x0 len=3497 coding=1 startqp=0 meanqp=0 picbytes=0 pskip=0 nalus=1 n1:3497
  cu: inter64=0 inter32=0 inter16=0 inter8=0 intra32=0 intra16=0 intra8=0 intra4=0 reftype=0
  snapshot f185: 3 venc_ko blocks (pool0 0x73801000 len 0x10000)
src frame 186: srcf=12 off=100440 br=2000
frame 186: send=0x0 get=0x0 len=3309 coding=1 startqp=0 meanqp=0 picbytes=0 pskip=0 nalus=1 n1:3309
  cu: inter64=0 inter32=0 inter16=0 inter8=0 intra32=0 intra16=0 intra8=0 intra4=0 reftype=0
  snapshot f186: 3 venc_ko blocks (pool0 0x73801000 len 0x10000)
src frame 187: srcf=13 off=100980 br=2000
frame 187: send=0x0 get=0x0 len=3376 coding=1 startqp=0 meanqp=0 picbytes=0 pskip=0 nalus=1 n1:3376
  cu: inter64=0 inter32=0 inter16=0 inter8=0 intra32=0 intra16=0 intra8=0 intra4=0 reftype=0
  snapshot f187: 3 venc_ko blocks (pool0 0x73801000 len 0x10000)
src frame 188: srcf=14 off=101520 br=2000
frame 188: send=0x0 get=0x0 len=3208 coding=1 startqp=0 meanqp=0 picbytes=0 pskip=0 nalus=1 n1:3208
  cu: inter64=0 inter32=0 inter16=0 inter8=0 intra32=0 intra16=0 intra8=0 intra4=0 reftype=0
  snapshot f188: 3 venc_ko blocks (pool0 0x73801000 len 0x10000)
src frame 189: srcf=15 off=102060 br=2000
frame 189: send=0x0 get=0x0 len=3240 coding=1 startqp=0 meanqp=0 picbytes=0 pskip=0 nalus=1 n1:3240
  cu: inter64=0 inter32=0 inter16=0 inter8=0 intra32=0 intra16=0 intra8=0 intra4=0 reftype=0
  snapshot f189: 3 venc_ko blocks (pool0 0x73801000 len 0x10000)
src frame 190: srcf=16 off=102600 br=2000
frame 190: send=0x0 get=0x0 len=3234 coding=1 startqp=0 meanqp=0 picbytes=0 pskip=0 nalus=1 n1:3234
  cu: inter64=0 inter32=0 inter16=0 inter8=0 intra32=0 intra16=0 intra8=0 intra4=0 reftype=0
  snapshot f190: 3 venc_ko blocks (pool0 0x73801000 len 0x10000)
src frame 191: srcf=17 off=103140 br=2000
frame 191: send=0x0 get=0x0 len=3305 coding=1 startqp=0 meanqp=0 picbytes=0 pskip=0 nalus=1 n1:3305
  cu: inter64=0 inter32=0 inter16=0 inter8=0 intra32=0 intra16=0 intra8=0 intra4=0 reftype=0
  snapshot f191: 3 venc_ko blocks (pool0 0x73801000 len 0x10000)
src frame 192: srcf=18 off=103680 br=2000
frame 192: send=0x0 get=0x0 len=3162 coding=1 startqp=0 meanqp=0 picbytes=0 pskip=0 nalus=1 n1:3162
  cu: inter64=0 inter32=0 inter16=0 inter8=0 intra32=0 intra16=0 intra8=0 intra4=0 reftype=0
  snapshot f192: 3 venc_ko blocks (pool0 0x73801000 len 0x10000)
src frame 193: srcf=19 off=104220 br=2000
frame 193: send=0x0 get=0x0 len=3252 coding=1 startqp=0 meanqp=0 picbytes=0 pskip=0 nalus=1 n1:3252
  cu: inter64=0 inter32=0 inter16=0 inter8=0 intra32=0 intra16=0 intra8=0 intra4=0 reftype=0
  snapshot f193: 3 venc_ko blocks (pool0 0x73801000 len 0x10000)
src frame 194: srcf=20 off=104760 br=2000
frame 194: send=0x0 get=0x0 len=3129 coding=1 startqp=0 meanqp=0 picbytes=0 pskip=0 nalus=1 n1:3129
  cu: inter64=0 inter32=0 inter16=0 inter8=0 intra32=0 intra16=0 intra8=0 intra4=0 reftype=0
  snapshot f194: 3 venc_ko blocks (pool0 0x73801000 len 0x10000)
src frame 195: srcf=21 off=105300 br=2000
frame 195: send=0x0 get=0x0 len=3249 coding=1 startqp=0 meanqp=0 picbytes=0 pskip=0 nalus=1 n1:3249
  cu: inter64=0 inter32=0 inter16=0 inter8=0 intra32=0 intra16=0 intra8=0 intra4=0 reftype=0
  snapshot f195: 3 venc_ko blocks (pool0 0x73801000 len 0x10000)
src frame 196: srcf=22 off=105840 br=2000
frame 196: send=0x0 get=0x0 len=3201 coding=1 startqp=0 meanqp=0 picbytes=0 pskip=0 nalus=1 n1:3201
  cu: inter64=0 inter32=0 inter16=0 inter8=0 intra32=0 intra16=0 intra8=0 intra4=0 reftype=0
  snapshot f196: 3 venc_ko blocks (pool0 0x73801000 len 0x10000)
src frame 197: srcf=23 off=106380 br=2000
frame 197: send=0x0 get=0x0 len=3283 coding=1 startqp=0 meanqp=0 picbytes=0 pskip=0 nalus=1 n1:3283
  cu: inter64=0 inter32=0 inter16=0 inter8=0 intra32=0 intra16=0 intra8=0 intra4=0 reftype=0
  snapshot f197: 3 venc_ko blocks (pool0 0x73801000 len 0x10000)
src frame 198: srcf=24 off=106920 br=2000
frame 198: send=0x0 get=0x0 len=3170 coding=1 startqp=0 meanqp=0 picbytes=0 pskip=0 nalus=1 n1:3170
  cu: inter64=0 inter32=0 inter16=0 inter8=0 intra32=0 intra16=0 intra8=0 intra4=0 reftype=0
  snapshot f198: 3 venc_ko blocks (pool0 0x73801000 len 0x10000)
src frame 199: srcf=25 off=107460 br=2000
frame 199: send=0x0 get=0x0 len=3291 coding=1 startqp=0 meanqp=0 picbytes=0 pskip=0 nalus=1 n1:3291
  cu: inter64=0 inter32=0 inter16=0 inter8=0 intra32=0 intra16=0 intra8=0 intra4=0 reftype=0
  snapshot f199: 3 venc_ko blocks (pool0 0x73801000 len 0x10000)
src frame 200: srcf=26 off=108000 br=2000
frame 200: send=0x0 get=0x0 len=3257 coding=1 startqp=0 meanqp=0 picbytes=0 pskip=0 nalus=1 n1:3257
  cu: inter64=0 inter32=0 inter16=0 inter8=0 intra32=0 intra16=0 intra8=0 intra4=0 reftype=0
  snapshot f200: 3 venc_ko blocks (pool0 0x73801000 len 0x10000)
src frame 201: srcf=27 off=108540 br=2000
frame 201: send=0x0 get=0x0 len=3251 coding=1 startqp=0 meanqp=0 picbytes=0 pskip=0 nalus=1 n1:3251
  cu: inter64=0 inter32=0 inter16=0 inter8=0 intra32=0 intra16=0 intra8=0 intra4=0 reftype=0
  snapshot f201: 3 venc_ko blocks (pool0 0x73801000 len 0x10000)
src frame 202: srcf=28 off=109080 br=2000
frame 202: send=0x0 get=0x0 len=3105 coding=1 startqp=0 meanqp=0 picbytes=0 pskip=0 nalus=1 n1:3105
  cu: inter64=0 inter32=0 inter16=0 inter8=0 intra32=0 intra16=0 intra8=0 intra4=0 reftype=0
  snapshot f202: 3 venc_ko blocks (pool0 0x73801000 len 0x10000)
src frame 203: srcf=29 off=109620 br=2000
frame 203: send=0x0 get=0x0 len=3254 coding=1 startqp=0 meanqp=0 picbytes=0 pskip=0 nalus=1 n1:3254
  cu: inter64=0 inter32=0 inter16=0 inter8=0 intra32=0 intra16=0 intra8=0 intra4=0 reftype=0
  snapshot f203: 3 venc_ko blocks (pool0 0x73801000 len 0x10000)
src frame 204: srcf=28 off=110160 br=2000
frame 204: send=0x0 get=0x0 len=3235 coding=1 startqp=0 meanqp=0 picbytes=0 pskip=0 nalus=1 n1:3235
  cu: inter64=0 inter32=0 inter16=0 inter8=0 intra32=0 intra16=0 intra8=0 intra4=0 reftype=0
  snapshot f204: 3 venc_ko blocks (pool0 0x73801000 len 0x10000)
src frame 205: srcf=27 off=110700 br=2000
frame 205: send=0x0 get=0x0 len=3197 coding=1 startqp=0 meanqp=0 picbytes=0 pskip=0 nalus=1 n1:3197
  cu: inter64=0 inter32=0 inter16=0 inter8=0 intra32=0 intra16=0 intra8=0 intra4=0 reftype=0
  snapshot f205: 3 venc_ko blocks (pool0 0x73801000 len 0x10000)
src frame 206: srcf=26 off=111240 br=2000
frame 206: send=0x0 get=0x0 len=3209 coding=1 startqp=0 meanqp=0 picbytes=0 pskip=0 nalus=1 n1:3209
  cu: inter64=0 inter32=0 inter16=0 inter8=0 intra32=0 intra16=0 intra8=0 intra4=0 reftype=0
  snapshot f206: 3 venc_ko blocks (pool0 0x73801000 len 0x10000)
src frame 207: srcf=25 off=111780 br=2000
frame 207: send=0x0 get=0x0 len=3267 coding=1 startqp=0 meanqp=0 picbytes=0 pskip=0 nalus=1 n1:3267
  cu: inter64=0 inter32=0 inter16=0 inter8=0 intra32=0 intra16=0 intra8=0 intra4=0 reftype=0
  snapshot f207: 3 venc_ko blocks (pool0 0x73801000 len 0x10000)
src frame 208: srcf=24 off=112320 br=2000
frame 208: send=0x0 get=0x0 len=3150 coding=1 startqp=0 meanqp=0 picbytes=0 pskip=0 nalus=1 n1:3150
  cu: inter64=0 inter32=0 inter16=0 inter8=0 intra32=0 intra16=0 intra8=0 intra4=0 reftype=0
  snapshot f208: 3 venc_ko blocks (pool0 0x73801000 len 0x10000)
src frame 209: srcf=23 off=112860 br=2000
frame 209: send=0x0 get=0x0 len=3270 coding=1 startqp=0 meanqp=0 picbytes=0 pskip=0 nalus=1 n1:3270
  cu: inter64=0 inter32=0 inter16=0 inter8=0 intra32=0 intra16=0 intra8=0 intra4=0 reftype=0
  snapshot f209: 3 venc_ko blocks (pool0 0x73801000 len 0x10000)
src frame 210: srcf=22 off=113400 br=2000
frame 210: send=0x0 get=0x0 len=22057 coding=0 startqp=0 meanqp=0 picbytes=0 pskip=0 nalus=4 n32:27 n33:53 n34:12 n19:21965
  cu: inter64=0 inter32=0 inter16=0 inter8=0 intra32=0 intra16=0 intra8=0 intra4=0 reftype=0
  snapshot f210: 3 venc_ko blocks (pool0 0x73801000 len 0x10000)
src frame 211: srcf=21 off=113940 br=2000
frame 211: send=0x0 get=0x0 len=13537 coding=1 startqp=0 meanqp=0 picbytes=0 pskip=0 nalus=1 n1:13537
  cu: inter64=0 inter32=0 inter16=0 inter8=0 intra32=0 intra16=0 intra8=0 intra4=0 reftype=0
  snapshot f211: 3 venc_ko blocks (pool0 0x73801000 len 0x10000)
src frame 212: srcf=20 off=114480 br=2000
frame 212: send=0x0 get=0x0 len=10123 coding=1 startqp=0 meanqp=0 picbytes=0 pskip=0 nalus=1 n1:10123
  cu: inter64=0 inter32=0 inter16=0 inter8=0 intra32=0 intra16=0 intra8=0 intra4=0 reftype=0
  snapshot f212: 3 venc_ko blocks (pool0 0x73801000 len 0x10000)
src frame 213: srcf=19 off=115020 br=2000
frame 213: send=0x0 get=0x0 len=7473 coding=1 startqp=0 meanqp=0 picbytes=0 pskip=0 nalus=1 n1:7473
  cu: inter64=0 inter32=0 inter16=0 inter8=0 intra32=0 intra16=0 intra8=0 intra4=0 reftype=0
  snapshot f213: 3 venc_ko blocks (pool0 0x73801000 len 0x10000)
src frame 214: srcf=18 off=115560 br=2000
frame 214: send=0x0 get=0x0 len=5031 coding=1 startqp=0 meanqp=0 picbytes=0 pskip=0 nalus=1 n1:5031
  cu: inter64=0 inter32=0 inter16=0 inter8=0 intra32=0 intra16=0 intra8=0 intra4=0 reftype=0
  snapshot f214: 3 venc_ko blocks (pool0 0x73801000 len 0x10000)
src frame 215: srcf=17 off=116100 br=2000
frame 215: send=0x0 get=0x0 len=3497 coding=1 startqp=0 meanqp=0 picbytes=0 pskip=0 nalus=1 n1:3497
  cu: inter64=0 inter32=0 inter16=0 inter8=0 intra32=0 intra16=0 intra8=0 intra4=0 reftype=0
  snapshot f215: 3 venc_ko blocks (pool0 0x73801000 len 0x10000)
src frame 216: srcf=16 off=116640 br=2000
frame 216: send=0x0 get=0x0 len=3309 coding=1 startqp=0 meanqp=0 picbytes=0 pskip=0 nalus=1 n1:3309
  cu: inter64=0 inter32=0 inter16=0 inter8=0 intra32=0 intra16=0 intra8=0 intra4=0 reftype=0
  snapshot f216: 3 venc_ko blocks (pool0 0x73801000 len 0x10000)
src frame 217: srcf=15 off=117180 br=2000
frame 217: send=0x0 get=0x0 len=3376 coding=1 startqp=0 meanqp=0 picbytes=0 pskip=0 nalus=1 n1:3376
  cu: inter64=0 inter32=0 inter16=0 inter8=0 intra32=0 intra16=0 intra8=0 intra4=0 reftype=0
  snapshot f217: 3 venc_ko blocks (pool0 0x73801000 len 0x10000)
src frame 218: srcf=14 off=117720 br=2000
frame 218: send=0x0 get=0x0 len=3208 coding=1 startqp=0 meanqp=0 picbytes=0 pskip=0 nalus=1 n1:3208
  cu: inter64=0 inter32=0 inter16=0 inter8=0 intra32=0 intra16=0 intra8=0 intra4=0 reftype=0
  snapshot f218: 3 venc_ko blocks (pool0 0x73801000 len 0x10000)
src frame 219: srcf=13 off=118260 br=2000
frame 219: send=0x0 get=0x0 len=3240 coding=1 startqp=0 meanqp=0 picbytes=0 pskip=0 nalus=1 n1:3240
  cu: inter64=0 inter32=0 inter16=0 inter8=0 intra32=0 intra16=0 intra8=0 intra4=0 reftype=0
  snapshot f219: 3 venc_ko blocks (pool0 0x73801000 len 0x10000)
src frame 220: srcf=12 off=118800 br=2000
frame 220: send=0x0 get=0x0 len=3234 coding=1 startqp=0 meanqp=0 picbytes=0 pskip=0 nalus=1 n1:3234
  cu: inter64=0 inter32=0 inter16=0 inter8=0 intra32=0 intra16=0 intra8=0 intra4=0 reftype=0
  snapshot f220: 3 venc_ko blocks (pool0 0x73801000 len 0x10000)
src frame 221: srcf=11 off=119340 br=2000
frame 221: send=0x0 get=0x0 len=3305 coding=1 startqp=0 meanqp=0 picbytes=0 pskip=0 nalus=1 n1:3305
  cu: inter64=0 inter32=0 inter16=0 inter8=0 intra32=0 intra16=0 intra8=0 intra4=0 reftype=0
  snapshot f221: 3 venc_ko blocks (pool0 0x73801000 len 0x10000)
src frame 222: srcf=10 off=119880 br=2000
frame 222: send=0x0 get=0x0 len=3162 coding=1 startqp=0 meanqp=0 picbytes=0 pskip=0 nalus=1 n1:3162
  cu: inter64=0 inter32=0 inter16=0 inter8=0 intra32=0 intra16=0 intra8=0 intra4=0 reftype=0
  snapshot f222: 3 venc_ko blocks (pool0 0x73801000 len 0x10000)
src frame 223: srcf=9 off=120420 br=2000
frame 223: send=0x0 get=0x0 len=3252 coding=1 startqp=0 meanqp=0 picbytes=0 pskip=0 nalus=1 n1:3252
  cu: inter64=0 inter32=0 inter16=0 inter8=0 intra32=0 intra16=0 intra8=0 intra4=0 reftype=0
  snapshot f223: 3 venc_ko blocks (pool0 0x73801000 len 0x10000)
src frame 224: srcf=8 off=120960 br=2000
frame 224: send=0x0 get=0x0 len=3129 coding=1 startqp=0 meanqp=0 picbytes=0 pskip=0 nalus=1 n1:3129
  cu: inter64=0 inter32=0 inter16=0 inter8=0 intra32=0 intra16=0 intra8=0 intra4=0 reftype=0
  snapshot f224: 3 venc_ko blocks (pool0 0x73801000 len 0x10000)
src frame 225: srcf=7 off=121500 br=2000
frame 225: send=0x0 get=0x0 len=3249 coding=1 startqp=0 meanqp=0 picbytes=0 pskip=0 nalus=1 n1:3249
  cu: inter64=0 inter32=0 inter16=0 inter8=0 intra32=0 intra16=0 intra8=0 intra4=0 reftype=0
  snapshot f225: 3 venc_ko blocks (pool0 0x73801000 len 0x10000)
src frame 226: srcf=6 off=122040 br=2000
frame 226: send=0x0 get=0x0 len=3201 coding=1 startqp=0 meanqp=0 picbytes=0 pskip=0 nalus=1 n1:3201
  cu: inter64=0 inter32=0 inter16=0 inter8=0 intra32=0 intra16=0 intra8=0 intra4=0 reftype=0
  snapshot f226: 3 venc_ko blocks (pool0 0x73801000 len 0x10000)
src frame 227: srcf=5 off=122580 br=2000
frame 227: send=0x0 get=0x0 len=3283 coding=1 startqp=0 meanqp=0 picbytes=0 pskip=0 nalus=1 n1:3283
  cu: inter64=0 inter32=0 inter16=0 inter8=0 intra32=0 intra16=0 intra8=0 intra4=0 reftype=0
  snapshot f227: 3 venc_ko blocks (pool0 0x73801000 len 0x10000)
src frame 228: srcf=4 off=123120 br=2000
frame 228: send=0x0 get=0x0 len=3170 coding=1 startqp=0 meanqp=0 picbytes=0 pskip=0 nalus=1 n1:3170
  cu: inter64=0 inter32=0 inter16=0 inter8=0 intra32=0 intra16=0 intra8=0 intra4=0 reftype=0
  snapshot f228: 3 venc_ko blocks (pool0 0x73801000 len 0x10000)
src frame 229: srcf=3 off=123660 br=2000
frame 229: send=0x0 get=0x0 len=3291 coding=1 startqp=0 meanqp=0 picbytes=0 pskip=0 nalus=1 n1:3291
  cu: inter64=0 inter32=0 inter16=0 inter8=0 intra32=0 intra16=0 intra8=0 intra4=0 reftype=0
  snapshot f229: 3 venc_ko blocks (pool0 0x73801000 len 0x10000)
src frame 230: srcf=2 off=124200 br=2000
frame 230: send=0x0 get=0x0 len=3257 coding=1 startqp=0 meanqp=0 picbytes=0 pskip=0 nalus=1 n1:3257
  cu: inter64=0 inter32=0 inter16=0 inter8=0 intra32=0 intra16=0 intra8=0 intra4=0 reftype=0
  snapshot f230: 3 venc_ko blocks (pool0 0x73801000 len 0x10000)
src frame 231: srcf=1 off=124740 br=2000
frame 231: send=0x0 get=0x0 len=3251 coding=1 startqp=0 meanqp=0 picbytes=0 pskip=0 nalus=1 n1:3251
  cu: inter64=0 inter32=0 inter16=0 inter8=0 intra32=0 intra16=0 intra8=0 intra4=0 reftype=0
  snapshot f231: 3 venc_ko blocks (pool0 0x73801000 len 0x10000)
src frame 232: srcf=0 off=125280 br=2000
frame 232: send=0x0 get=0x0 len=3105 coding=1 startqp=0 meanqp=0 picbytes=0 pskip=0 nalus=1 n1:3105
  cu: inter64=0 inter32=0 inter16=0 inter8=0 intra32=0 intra16=0 intra8=0 intra4=0 reftype=0
  snapshot f232: 3 venc_ko blocks (pool0 0x73801000 len 0x10000)
src frame 233: srcf=1 off=125820 br=2000
frame 233: send=0x0 get=0x0 len=3254 coding=1 startqp=0 meanqp=0 picbytes=0 pskip=0 nalus=1 n1:3254
  cu: inter64=0 inter32=0 inter16=0 inter8=0 intra32=0 intra16=0 intra8=0 intra4=0 reftype=0
  snapshot f233: 3 venc_ko blocks (pool0 0x73801000 len 0x10000)
src frame 234: srcf=2 off=126360 br=2000
frame 234: send=0x0 get=0x0 len=3235 coding=1 startqp=0 meanqp=0 picbytes=0 pskip=0 nalus=1 n1:3235
  cu: inter64=0 inter32=0 inter16=0 inter8=0 intra32=0 intra16=0 intra8=0 intra4=0 reftype=0
  snapshot f234: 3 venc_ko blocks (pool0 0x73801000 len 0x10000)
src frame 235: srcf=3 off=126900 br=2000
frame 235: send=0x0 get=0x0 len=3197 coding=1 startqp=0 meanqp=0 picbytes=0 pskip=0 nalus=1 n1:3197
  cu: inter64=0 inter32=0 inter16=0 inter8=0 intra32=0 intra16=0 intra8=0 intra4=0 reftype=0
  snapshot f235: 3 venc_ko blocks (pool0 0x73801000 len 0x10000)
src frame 236: srcf=4 off=127440 br=2000
frame 236: send=0x0 get=0x0 len=3209 coding=1 startqp=0 meanqp=0 picbytes=0 pskip=0 nalus=1 n1:3209
  cu: inter64=0 inter32=0 inter16=0 inter8=0 intra32=0 intra16=0 intra8=0 intra4=0 reftype=0
  snapshot f236: 3 venc_ko blocks (pool0 0x73801000 len 0x10000)
src frame 237: srcf=5 off=127980 br=2000
frame 237: send=0x0 get=0x0 len=3267 coding=1 startqp=0 meanqp=0 picbytes=0 pskip=0 nalus=1 n1:3267
  cu: inter64=0 inter32=0 inter16=0 inter8=0 intra32=0 intra16=0 intra8=0 intra4=0 reftype=0
  snapshot f237: 3 venc_ko blocks (pool0 0x73801000 len 0x10000)
src frame 238: srcf=6 off=128520 br=2000
frame 238: send=0x0 get=0x0 len=3150 coding=1 startqp=0 meanqp=0 picbytes=0 pskip=0 nalus=1 n1:3150
  cu: inter64=0 inter32=0 inter16=0 inter8=0 intra32=0 intra16=0 intra8=0 intra4=0 reftype=0
  snapshot f238: 3 venc_ko blocks (pool0 0x73801000 len 0x10000)
src frame 239: srcf=7 off=129060 br=2000
frame 239: send=0x0 get=0x0 len=3270 coding=1 startqp=0 meanqp=0 picbytes=0 pskip=0 nalus=1 n1:3270
  cu: inter64=0 inter32=0 inter16=0 inter8=0 intra32=0 intra16=0 intra8=0 intra4=0 reftype=0
  snapshot f239: 3 venc_ko blocks (pool0 0x73801000 len 0x10000)
---- /proc/ax_proc/venc ----
-------- VENC VERSION ------------------------
[Axera version]: ax_venc V3.0.0_20250319114413 Mar 19 2025 11:58:34 JK

-------- MODULE PARAM ------------------------
MaxChnNum   MaxRoiNum   MaxProcNum  
16          8           16          

-------- VENC CHN ATTR 1 ------------------------
ID    Type    wSrc    hSrc    Strd0   Strd1   maxW    maxH    PixFmt  link  InFifoDep    OutFifoDep   InDbgFifoLen InDbgFifoDep StrmBufSize(KB)
7     h265    1920    1080    3840    0       1920    1080    YUYV422 N     2            2            0            4            4114      
-------- VENC CHN ATTR 2 ------------------------
ID    [CropEn StartX  StartY  CropW   CropH]  Rotation  EncW    EncH    FrmSize      PTS          SeqNum       CompMode     CompLevel    PhyAddr0     PhyAddr1     PhyAddr2     
7     N       0       0       0       0       0         1920    1080    4147200      3266666      197          NONE         0            742cb000     0            0            
-------- VENC RC ATTR 1 ------------------------
ID    RcMode    SrcFr   DstFr   Br(kbps)  MinQp   MaxQp   MinIQp  MaxIQp  IQpDelta  IpropMax   IpropMin   StartQp    QpDltRng   DeBrQpDlt  SvcEn   ChgPos  StillPercent MaxStillQp 
7     CBR       60.00   60.00   2000      10      51      10      51      0         40         10         -1         2          0          False   -       -            -          
-------- VENC RC ATTR 2  -----------------------
ID    QMapQpType  QMapUnit    QMapBlkType IQp   PQp   MinQpDelta MaxQpDelta MaxBitRate shtStaTime ltStaTime  ltMinBr  ltMaxBr  Br_ST(kbps)    Br_LT(kbps)    
7     N/A         64x64       N/A         -     -     -          -          -          -          -          -        -        -              -              
-------- VENC GOP ATTR  ------------------------
ID    GopMode   Gop   GopVI 
7     NormalP   30    0     
-------- VENC STATUS 1 -------------------------
ID    RJEn         RJThr(bps)   RJMode       RJEncGaps    SupFrmEn     SupPri       SupThrI      SupThrP      SplitEn      SliceNum     Range(In)    Range(out)   
7     N            0            Normal       0            N            0            500000       500000       N            0            Full         Full         
-------- VENC STATUS 2 -------------------------
ID    ChnStat   FrmRecv   FrmRls    FrmEnc    FrmDrop   FrmDup    EncFail   MissMatch StrmGet   StrmRls   OutFps    RealBr    ReEncCnt  DropCnt   BlkFail   GrpID     PID     TID     ThNum   RefInc    RefDec    Fail1   Fail2   Fail3   Fail4   
7     STARTED   197       197       197       0         0         0         0         197       196       49.00     1971.14   0         0         0         -1        130574  130578  1       197       197       0       0       0       0       
-------- VENC HW STATUS  ------------------------
ID    OverFlow     TimeOut      
7     0            0            
-------- VENC ROI INFO  ------------------------
ID    Index        bEnable      bAbsQp       RoiQP        Width        Height       StartX       StartY       
done h265_jump1_cbr2000
rc=0
== h265_jump1_cbr2000: codec=h265 rc=cbr br=2000 fps=60 gop=30 frames=240 total=1098595 B achieved=2197 kbps
I frames (frame:qp/bytes): 0:35/23659 30:36/22057 60:36/22057 90:36/22057 120:36/22057 150:36/22057 180:36/22057 210:36/22057
first P after each I (frame:qp): 1:38 31:38 61:38 91:38 121:38 151:38 181:38 211:38
per-GOP: gop#: kbps I_qp P_qp[min..max] P_qp_last
  0: 1973 kbps I=[35] P=[38..51] last=51 n=30
  1: 2229 kbps I=[36] P=[38..46] last=46 n=30
  2: 2229 kbps I=[36] P=[38..46] last=46 n=30
  3: 2229 kbps I=[36] P=[38..46] last=46 n=30
  4: 2229 kbps I=[36] P=[38..46] last=46 n=30
  5: 2229 kbps I=[36] P=[38..46] last=46 n=30
  6: 2229 kbps I=[36] P=[38..46] last=46 n=30
  7: 2229 kbps I=[36] P=[38..46] last=46 n=30
P->P QP step histogram: +0:189 +1:1 +2:34
I->firstP QP delta: +3 +2 +2 +2 +2 +2 +2 +2
sw7 frame-QP == slice QP: 240/240 frames with a program agree; mismatches at []
slot flags: {'': 240}
sw105-107 distinct (I): [('0x0', '0x0', '0x0')]
sw172/173 distinct: [('0x14f', '0x662'), ('0x14f', '0x66a')]
sw6 distinct (I / P): ['0x20000b'] ['0x200003']
=== h265_jump15_cbr2000: codec=h265 rc=cbr br=2000 nframes=240 src=/root/rc65/clips/static.yuyv motion=jump mstep=15
# vdrive tag=h265_jump15_cbr2000 codec=h265 1920x1080 rc=cbr br=2000 fps=60/60 gop=30 gopmode=normalp ltrint=0 ltrqpo=0 iqp=32 pqp=32 profile=0 level=153 tier=0 qp[10..51] iqp[10..51] iqd=0 firstqp=-1 iprop[10..40] idrrange=2 stattime=1 vq=0 ir=0/0 slice=0 debreath=0 scd=-1 rowqpd=-1 vui=-1 move=0 nframes=240
src=/root/rc65/clips/static.yuyv frames=30 loop=pingpong motion=jump mstep=15 window=0..-1
AX_SYS_Init rc=0x0
AX_VENC_Init rc=0x0
AX_VENC_CreateChn(7) rc=0x0
StartRecvFrame rc=0x0
AX_POOL_CreatePool id=0x0
blk=0x5e000000 phys=0x742cb000 virt=0xffff940d5000
frame: modid=0x11 stride=1920 fmt=0xd
  snapshot pre: 3 venc_ko blocks (pool0 0x73801000 len 0x10000)
src frame 0: srcf=0 off=0 br=2000
frame 0: send=0x0 get=0x0 len=23659 coding=0 startqp=0 meanqp=0 picbytes=0 pskip=0 nalus=4 n32:27 n33:53 n34:12 n19:23567
  cu: inter64=0 inter32=0 inter16=0 inter8=0 intra32=0 intra16=0 intra8=0 intra4=0 reftype=0
  snapshot f000: 3 venc_ko blocks (pool0 0x73801000 len 0x10000)
src frame 1: srcf=1 off=0 br=2000
frame 1: send=0x0 get=0x0 len=543 coding=1 startqp=0 meanqp=0 picbytes=0 pskip=0 nalus=1 n1:543
  cu: inter64=0 inter32=0 inter16=0 inter8=0 intra32=0 intra16=0 intra8=0 intra4=0 reftype=0
  snapshot f001: 3 venc_ko blocks (pool0 0x73801000 len 0x10000)
src frame 2: srcf=2 off=0 br=2000
frame 2: send=0x0 get=0x0 len=126 coding=1 startqp=0 meanqp=0 picbytes=0 pskip=0 nalus=1 n1:126
  cu: inter64=0 inter32=0 inter16=0 inter8=0 intra32=0 intra16=0 intra8=0 intra4=0 reftype=0
  snapshot f002: 3 venc_ko blocks (pool0 0x73801000 len 0x10000)
src frame 3: srcf=3 off=0 br=2000
frame 3: send=0x0 get=0x0 len=118 coding=1 startqp=0 meanqp=0 picbytes=0 pskip=0 nalus=1 n1:118
  cu: inter64=0 inter32=0 inter16=0 inter8=0 intra32=0 intra16=0 intra8=0 intra4=0 reftype=0
  snapshot f003: 3 venc_ko blocks (pool0 0x73801000 len 0x10000)
src frame 4: srcf=4 off=0 br=2000
frame 4: send=0x0 get=0x0 len=76 coding=1 startqp=0 meanqp=0 picbytes=0 pskip=0 nalus=1 n1:76
  cu: inter64=0 inter32=0 inter16=0 inter8=0 intra32=0 intra16=0 intra8=0 intra4=0 reftype=0
  snapshot f004: 3 venc_ko blocks (pool0 0x73801000 len 0x10000)
src frame 5: srcf=5 off=0 br=2000
frame 5: send=0x0 get=0x0 len=74 coding=1 startqp=0 meanqp=0 picbytes=0 pskip=0 nalus=1 n1:74
  cu: inter64=0 inter32=0 inter16=0 inter8=0 intra32=0 intra16=0 intra8=0 intra4=0 reftype=0
  snapshot f005: 3 venc_ko blocks (pool0 0x73801000 len 0x10000)
src frame 6: srcf=6 off=0 br=2000
frame 6: send=0x0 get=0x0 len=66 coding=1 startqp=0 meanqp=0 picbytes=0 pskip=0 nalus=1 n1:66
  cu: inter64=0 inter32=0 inter16=0 inter8=0 intra32=0 intra16=0 intra8=0 intra4=0 reftype=0
  snapshot f006: 3 venc_ko blocks (pool0 0x73801000 len 0x10000)
src frame 7: srcf=7 off=0 br=2000
frame 7: send=0x0 get=0x0 len=66 coding=1 startqp=0 meanqp=0 picbytes=0 pskip=0 nalus=1 n1:66
  cu: inter64=0 inter32=0 inter16=0 inter8=0 intra32=0 intra16=0 intra8=0 intra4=0 reftype=0
  snapshot f007: 3 venc_ko blocks (pool0 0x73801000 len 0x10000)
src frame 8: srcf=8 off=0 br=2000
frame 8: send=0x0 get=0x0 len=66 coding=1 startqp=0 meanqp=0 picbytes=0 pskip=0 nalus=1 n1:66
  cu: inter64=0 inter32=0 inter16=0 inter8=0 intra32=0 intra16=0 intra8=0 intra4=0 reftype=0
  snapshot f008: 3 venc_ko blocks (pool0 0x73801000 len 0x10000)
src frame 9: srcf=9 off=0 br=2000
frame 9: send=0x0 get=0x0 len=66 coding=1 startqp=0 meanqp=0 picbytes=0 pskip=0 nalus=1 n1:66
  cu: inter64=0 inter32=0 inter16=0 inter8=0 intra32=0 intra16=0 intra8=0 intra4=0 reftype=0
  snapshot f009: 3 venc_ko blocks (pool0 0x73801000 len 0x10000)
src frame 10: srcf=10 off=0 br=2000
frame 10: send=0x0 get=0x0 len=66 coding=1 startqp=0 meanqp=0 picbytes=0 pskip=0 nalus=1 n1:66
  cu: inter64=0 inter32=0 inter16=0 inter8=0 intra32=0 intra16=0 intra8=0 intra4=0 reftype=0
  snapshot f010: 3 venc_ko blocks (pool0 0x73801000 len 0x10000)
src frame 11: srcf=11 off=0 br=2000
frame 11: send=0x0 get=0x0 len=66 coding=1 startqp=0 meanqp=0 picbytes=0 pskip=0 nalus=1 n1:66
  cu: inter64=0 inter32=0 inter16=0 inter8=0 intra32=0 intra16=0 intra8=0 intra4=0 reftype=0
  snapshot f011: 3 venc_ko blocks (pool0 0x73801000 len 0x10000)
src frame 12: srcf=12 off=0 br=2000
frame 12: send=0x0 get=0x0 len=66 coding=1 startqp=0 meanqp=0 picbytes=0 pskip=0 nalus=1 n1:66
  cu: inter64=0 inter32=0 inter16=0 inter8=0 intra32=0 intra16=0 intra8=0 intra4=0 reftype=0
  snapshot f012: 3 venc_ko blocks (pool0 0x73801000 len 0x10000)
src frame 13: srcf=13 off=0 br=2000
frame 13: send=0x0 get=0x0 len=67 coding=1 startqp=0 meanqp=0 picbytes=0 pskip=0 nalus=1 n1:67
  cu: inter64=0 inter32=0 inter16=0 inter8=0 intra32=0 intra16=0 intra8=0 intra4=0 reftype=0
  snapshot f013: 3 venc_ko blocks (pool0 0x73801000 len 0x10000)
src frame 14: srcf=14 off=0 br=2000
frame 14: send=0x0 get=0x0 len=67 coding=1 startqp=0 meanqp=0 picbytes=0 pskip=0 nalus=1 n1:67
  cu: inter64=0 inter32=0 inter16=0 inter8=0 intra32=0 intra16=0 intra8=0 intra4=0 reftype=0
  snapshot f014: 3 venc_ko blocks (pool0 0x73801000 len 0x10000)
src frame 15: srcf=15 off=540 br=2000
frame 15: send=0x0 get=0x0 len=2900 coding=1 startqp=0 meanqp=0 picbytes=0 pskip=0 nalus=1 n1:2900
  cu: inter64=0 inter32=0 inter16=0 inter8=0 intra32=0 intra16=0 intra8=0 intra4=0 reftype=0
  snapshot f015: 3 venc_ko blocks (pool0 0x73801000 len 0x10000)
src frame 16: srcf=16 off=540 br=2000
frame 16: send=0x0 get=0x0 len=313 coding=1 startqp=0 meanqp=0 picbytes=0 pskip=0 nalus=1 n1:313
  cu: inter64=0 inter32=0 inter16=0 inter8=0 intra32=0 intra16=0 intra8=0 intra4=0 reftype=0
  snapshot f016: 3 venc_ko blocks (pool0 0x73801000 len 0x10000)
src frame 17: srcf=17 off=540 br=2000
frame 17: send=0x0 get=0x0 len=176 coding=1 startqp=0 meanqp=0 picbytes=0 pskip=0 nalus=1 n1:176
  cu: inter64=0 inter32=0 inter16=0 inter8=0 intra32=0 intra16=0 intra8=0 intra4=0 reftype=0
  snapshot f017: 3 venc_ko blocks (pool0 0x73801000 len 0x10000)
src frame 18: srcf=18 off=540 br=2000
frame 18: send=0x0 get=0x0 len=160 coding=1 startqp=0 meanqp=0 picbytes=0 pskip=0 nalus=1 n1:160
  cu: inter64=0 inter32=0 inter16=0 inter8=0 intra32=0 intra16=0 intra8=0 intra4=0 reftype=0
  snapshot f018: 3 venc_ko blocks (pool0 0x73801000 len 0x10000)
src frame 19: srcf=19 off=540 br=2000
frame 19: send=0x0 get=0x0 len=154 coding=1 startqp=0 meanqp=0 picbytes=0 pskip=0 nalus=1 n1:154
  cu: inter64=0 inter32=0 inter16=0 inter8=0 intra32=0 intra16=0 intra8=0 intra4=0 reftype=0
  snapshot f019: 3 venc_ko blocks (pool0 0x73801000 len 0x10000)
src frame 20: srcf=20 off=540 br=2000
frame 20: send=0x0 get=0x0 len=156 coding=1 startqp=0 meanqp=0 picbytes=0 pskip=0 nalus=1 n1:156
  cu: inter64=0 inter32=0 inter16=0 inter8=0 intra32=0 intra16=0 intra8=0 intra4=0 reftype=0
  snapshot f020: 3 venc_ko blocks (pool0 0x73801000 len 0x10000)
src frame 21: srcf=21 off=540 br=2000
frame 21: send=0x0 get=0x0 len=157 coding=1 startqp=0 meanqp=0 picbytes=0 pskip=0 nalus=1 n1:157
  cu: inter64=0 inter32=0 inter16=0 inter8=0 intra32=0 intra16=0 intra8=0 intra4=0 reftype=0
  snapshot f021: 3 venc_ko blocks (pool0 0x73801000 len 0x10000)
src frame 22: srcf=22 off=540 br=2000
frame 22: send=0x0 get=0x0 len=149 coding=1 startqp=0 meanqp=0 picbytes=0 pskip=0 nalus=1 n1:149
  cu: inter64=0 inter32=0 inter16=0 inter8=0 intra32=0 intra16=0 intra8=0 intra4=0 reftype=0
  snapshot f022: 3 venc_ko blocks (pool0 0x73801000 len 0x10000)
src frame 23: srcf=23 off=540 br=2000
frame 23: send=0x0 get=0x0 len=156 coding=1 startqp=0 meanqp=0 picbytes=0 pskip=0 nalus=1 n1:156
  cu: inter64=0 inter32=0 inter16=0 inter8=0 intra32=0 intra16=0 intra8=0 intra4=0 reftype=0
  snapshot f023: 3 venc_ko blocks (pool0 0x73801000 len 0x10000)
src frame 24: srcf=24 off=540 br=2000
frame 24: send=0x0 get=0x0 len=156 coding=1 startqp=0 meanqp=0 picbytes=0 pskip=0 nalus=1 n1:156
  cu: inter64=0 inter32=0 inter16=0 inter8=0 intra32=0 intra16=0 intra8=0 intra4=0 reftype=0
  snapshot f024: 3 venc_ko blocks (pool0 0x73801000 len 0x10000)
src frame 25: srcf=25 off=540 br=2000
frame 25: send=0x0 get=0x0 len=152 coding=1 startqp=0 meanqp=0 picbytes=0 pskip=0 nalus=1 n1:152
  cu: inter64=0 inter32=0 inter16=0 inter8=0 intra32=0 intra16=0 intra8=0 intra4=0 reftype=0
  snapshot f025: 3 venc_ko blocks (pool0 0x73801000 len 0x10000)
src frame 26: srcf=26 off=540 br=2000
frame 26: send=0x0 get=0x0 len=150 coding=1 startqp=0 meanqp=0 picbytes=0 pskip=0 nalus=1 n1:150
  cu: inter64=0 inter32=0 inter16=0 inter8=0 intra32=0 intra16=0 intra8=0 intra4=0 reftype=0
  snapshot f026: 3 venc_ko blocks (pool0 0x73801000 len 0x10000)
src frame 27: srcf=27 off=540 br=2000
frame 27: send=0x0 get=0x0 len=146 coding=1 startqp=0 meanqp=0 picbytes=0 pskip=0 nalus=1 n1:146
  cu: inter64=0 inter32=0 inter16=0 inter8=0 intra32=0 intra16=0 intra8=0 intra4=0 reftype=0
  snapshot f027: 3 venc_ko blocks (pool0 0x73801000 len 0x10000)
src frame 28: srcf=28 off=540 br=2000
frame 28: send=0x0 get=0x0 len=144 coding=1 startqp=0 meanqp=0 picbytes=0 pskip=0 nalus=1 n1:144
  cu: inter64=0 inter32=0 inter16=0 inter8=0 intra32=0 intra16=0 intra8=0 intra4=0 reftype=0
  snapshot f028: 3 venc_ko blocks (pool0 0x73801000 len 0x10000)
src frame 29: srcf=29 off=540 br=2000
frame 29: send=0x0 get=0x0 len=146 coding=1 startqp=0 meanqp=0 picbytes=0 pskip=0 nalus=1 n1:146
  cu: inter64=0 inter32=0 inter16=0 inter8=0 intra32=0 intra16=0 intra8=0 intra4=0 reftype=0
  snapshot f029: 3 venc_ko blocks (pool0 0x73801000 len 0x10000)
src frame 30: srcf=28 off=1080 br=2000
frame 30: send=0x0 get=0x0 len=22057 coding=0 startqp=0 meanqp=0 picbytes=0 pskip=0 nalus=4 n32:27 n33:53 n34:12 n19:21965
  cu: inter64=0 inter32=0 inter16=0 inter8=0 intra32=0 intra16=0 intra8=0 intra4=0 reftype=0
  snapshot f030: 3 venc_ko blocks (pool0 0x73801000 len 0x10000)
src frame 31: srcf=27 off=1080 br=2000
frame 31: send=0x0 get=0x0 len=918 coding=1 startqp=0 meanqp=0 picbytes=0 pskip=0 nalus=1 n1:918
  cu: inter64=0 inter32=0 inter16=0 inter8=0 intra32=0 intra16=0 intra8=0 intra4=0 reftype=0
  snapshot f031: 3 venc_ko blocks (pool0 0x73801000 len 0x10000)
src frame 32: srcf=26 off=1080 br=2000
frame 32: send=0x0 get=0x0 len=276 coding=1 startqp=0 meanqp=0 picbytes=0 pskip=0 nalus=1 n1:276
  cu: inter64=0 inter32=0 inter16=0 inter8=0 intra32=0 intra16=0 intra8=0 intra4=0 reftype=0
  snapshot f032: 3 venc_ko blocks (pool0 0x73801000 len 0x10000)
src frame 33: srcf=25 off=1080 br=2000
frame 33: send=0x0 get=0x0 len=210 coding=1 startqp=0 meanqp=0 picbytes=0 pskip=0 nalus=1 n1:210
  cu: inter64=0 inter32=0 inter16=0 inter8=0 intra32=0 intra16=0 intra8=0 intra4=0 reftype=0
  snapshot f033: 3 venc_ko blocks (pool0 0x73801000 len 0x10000)
src frame 34: srcf=24 off=1080 br=2000
frame 34: send=0x0 get=0x0 len=181 coding=1 startqp=0 meanqp=0 picbytes=0 pskip=0 nalus=1 n1:181
  cu: inter64=0 inter32=0 inter16=0 inter8=0 intra32=0 intra16=0 intra8=0 intra4=0 reftype=0
  snapshot f034: 3 venc_ko blocks (pool0 0x73801000 len 0x10000)
src frame 35: srcf=23 off=1080 br=2000
frame 35: send=0x0 get=0x0 len=160 coding=1 startqp=0 meanqp=0 picbytes=0 pskip=0 nalus=1 n1:160
  cu: inter64=0 inter32=0 inter16=0 inter8=0 intra32=0 intra16=0 intra8=0 intra4=0 reftype=0
  snapshot f035: 3 venc_ko blocks (pool0 0x73801000 len 0x10000)
src frame 36: srcf=22 off=1080 br=2000
frame 36: send=0x0 get=0x0 len=127 coding=1 startqp=0 meanqp=0 picbytes=0 pskip=0 nalus=1 n1:127
  cu: inter64=0 inter32=0 inter16=0 inter8=0 intra32=0 intra16=0 intra8=0 intra4=0 reftype=0
  snapshot f036: 3 venc_ko blocks (pool0 0x73801000 len 0x10000)
src frame 37: srcf=21 off=1080 br=2000
frame 37: send=0x0 get=0x0 len=112 coding=1 startqp=0 meanqp=0 picbytes=0 pskip=0 nalus=1 n1:112
  cu: inter64=0 inter32=0 inter16=0 inter8=0 intra32=0 intra16=0 intra8=0 intra4=0 reftype=0
  snapshot f037: 3 venc_ko blocks (pool0 0x73801000 len 0x10000)
src frame 38: srcf=20 off=1080 br=2000
frame 38: send=0x0 get=0x0 len=95 coding=1 startqp=0 meanqp=0 picbytes=0 pskip=0 nalus=1 n1:95
  cu: inter64=0 inter32=0 inter16=0 inter8=0 intra32=0 intra16=0 intra8=0 intra4=0 reftype=0
  snapshot f038: 3 venc_ko blocks (pool0 0x73801000 len 0x10000)
src frame 39: srcf=19 off=1080 br=2000
frame 39: send=0x0 get=0x0 len=79 coding=1 startqp=0 meanqp=0 picbytes=0 pskip=0 nalus=1 n1:79
  cu: inter64=0 inter32=0 inter16=0 inter8=0 intra32=0 intra16=0 intra8=0 intra4=0 reftype=0
  snapshot f039: 3 venc_ko blocks (pool0 0x73801000 len 0x10000)
src frame 40: srcf=18 off=1080 br=2000
frame 40: send=0x0 get=0x0 len=79 coding=1 startqp=0 meanqp=0 picbytes=0 pskip=0 nalus=1 n1:79
  cu: inter64=0 inter32=0 inter16=0 inter8=0 intra32=0 intra16=0 intra8=0 intra4=0 reftype=0
  snapshot f040: 3 venc_ko blocks (pool0 0x73801000 len 0x10000)
src frame 41: srcf=17 off=1080 br=2000
frame 41: send=0x0 get=0x0 len=79 coding=1 startqp=0 meanqp=0 picbytes=0 pskip=0 nalus=1 n1:79
  cu: inter64=0 inter32=0 inter16=0 inter8=0 intra32=0 intra16=0 intra8=0 intra4=0 reftype=0
  snapshot f041: 3 venc_ko blocks (pool0 0x73801000 len 0x10000)
src frame 42: srcf=16 off=1080 br=2000
frame 42: send=0x0 get=0x0 len=79 coding=1 startqp=0 meanqp=0 picbytes=0 pskip=0 nalus=1 n1:79
  cu: inter64=0 inter32=0 inter16=0 inter8=0 intra32=0 intra16=0 intra8=0 intra4=0 reftype=0
  snapshot f042: 3 venc_ko blocks (pool0 0x73801000 len 0x10000)
src frame 43: srcf=15 off=1080 br=2000
frame 43: send=0x0 get=0x0 len=79 coding=1 startqp=0 meanqp=0 picbytes=0 pskip=0 nalus=1 n1:79
  cu: inter64=0 inter32=0 inter16=0 inter8=0 intra32=0 intra16=0 intra8=0 intra4=0 reftype=0
  snapshot f043: 3 venc_ko blocks (pool0 0x73801000 len 0x10000)
src frame 44: srcf=14 off=1080 br=2000
frame 44: send=0x0 get=0x0 len=79 coding=1 startqp=0 meanqp=0 picbytes=0 pskip=0 nalus=1 n1:79
  cu: inter64=0 inter32=0 inter16=0 inter8=0 intra32=0 intra16=0 intra8=0 intra4=0 reftype=0
  snapshot f044: 3 venc_ko blocks (pool0 0x73801000 len 0x10000)
src frame 45: srcf=13 off=1620 br=2000
frame 45: send=0x0 get=0x0 len=3703 coding=1 startqp=0 meanqp=0 picbytes=0 pskip=0 nalus=1 n1:3703
  cu: inter64=0 inter32=0 inter16=0 inter8=0 intra32=0 intra16=0 intra8=0 intra4=0 reftype=0
  snapshot f045: 3 venc_ko blocks (pool0 0x73801000 len 0x10000)
src frame 46: srcf=12 off=1620 br=2000
frame 46: send=0x0 get=0x0 len=491 coding=1 startqp=0 meanqp=0 picbytes=0 pskip=0 nalus=1 n1:491
  cu: inter64=0 inter32=0 inter16=0 inter8=0 intra32=0 intra16=0 intra8=0 intra4=0 reftype=0
  snapshot f046: 3 venc_ko blocks (pool0 0x73801000 len 0x10000)
src frame 47: srcf=11 off=1620 br=2000
frame 47: send=0x0 get=0x0 len=304 coding=1 startqp=0 meanqp=0 picbytes=0 pskip=0 nalus=1 n1:304
  cu: inter64=0 inter32=0 inter16=0 inter8=0 intra32=0 intra16=0 intra8=0 intra4=0 reftype=0
  snapshot f047: 3 venc_ko blocks (pool0 0x73801000 len 0x10000)
src frame 48: srcf=10 off=1620 br=2000
frame 48: send=0x0 get=0x0 len=272 coding=1 startqp=0 meanqp=0 picbytes=0 pskip=0 nalus=1 n1:272
  cu: inter64=0 inter32=0 inter16=0 inter8=0 intra32=0 intra16=0 intra8=0 intra4=0 reftype=0
  snapshot f048: 3 venc_ko blocks (pool0 0x73801000 len 0x10000)
src frame 49: srcf=9 off=1620 br=2000
frame 49: send=0x0 get=0x0 len=285 coding=1 startqp=0 meanqp=0 picbytes=0 pskip=0 nalus=1 n1:285
  cu: inter64=0 inter32=0 inter16=0 inter8=0 intra32=0 intra16=0 intra8=0 intra4=0 reftype=0
  snapshot f049: 3 venc_ko blocks (pool0 0x73801000 len 0x10000)
src frame 50: srcf=8 off=1620 br=2000
frame 50: send=0x0 get=0x0 len=292 coding=1 startqp=0 meanqp=0 picbytes=0 pskip=0 nalus=1 n1:292
  cu: inter64=0 inter32=0 inter16=0 inter8=0 intra32=0 intra16=0 intra8=0 intra4=0 reftype=0
  snapshot f050: 3 venc_ko blocks (pool0 0x73801000 len 0x10000)
src frame 51: srcf=7 off=1620 br=2000
frame 51: send=0x0 get=0x0 len=276 coding=1 startqp=0 meanqp=0 picbytes=0 pskip=0 nalus=1 n1:276
  cu: inter64=0 inter32=0 inter16=0 inter8=0 intra32=0 intra16=0 intra8=0 intra4=0 reftype=0
  snapshot f051: 3 venc_ko blocks (pool0 0x73801000 len 0x10000)
src frame 52: srcf=6 off=1620 br=2000
frame 52: send=0x0 get=0x0 len=281 coding=1 startqp=0 meanqp=0 picbytes=0 pskip=0 nalus=1 n1:281
  cu: inter64=0 inter32=0 inter16=0 inter8=0 intra32=0 intra16=0 intra8=0 intra4=0 reftype=0
  snapshot f052: 3 venc_ko blocks (pool0 0x73801000 len 0x10000)
src frame 53: srcf=5 off=1620 br=2000
frame 53: send=0x0 get=0x0 len=280 coding=1 startqp=0 meanqp=0 picbytes=0 pskip=0 nalus=1 n1:280
  cu: inter64=0 inter32=0 inter16=0 inter8=0 intra32=0 intra16=0 intra8=0 intra4=0 reftype=0
  snapshot f053: 3 venc_ko blocks (pool0 0x73801000 len 0x10000)
src frame 54: srcf=4 off=1620 br=2000
frame 54: send=0x0 get=0x0 len=262 coding=1 startqp=0 meanqp=0 picbytes=0 pskip=0 nalus=1 n1:262
  cu: inter64=0 inter32=0 inter16=0 inter8=0 intra32=0 intra16=0 intra8=0 intra4=0 reftype=0
  snapshot f054: 3 venc_ko blocks (pool0 0x73801000 len 0x10000)
src frame 55: srcf=3 off=1620 br=2000
frame 55: send=0x0 get=0x0 len=265 coding=1 startqp=0 meanqp=0 picbytes=0 pskip=0 nalus=1 n1:265
  cu: inter64=0 inter32=0 inter16=0 inter8=0 intra32=0 intra16=0 intra8=0 intra4=0 reftype=0
  snapshot f055: 3 venc_ko blocks (pool0 0x73801000 len 0x10000)
src frame 56: srcf=2 off=1620 br=2000
frame 56: send=0x0 get=0x0 len=264 coding=1 startqp=0 meanqp=0 picbytes=0 pskip=0 nalus=1 n1:264
  cu: inter64=0 inter32=0 inter16=0 inter8=0 intra32=0 intra16=0 intra8=0 intra4=0 reftype=0
  snapshot f056: 3 venc_ko blocks (pool0 0x73801000 len 0x10000)
src frame 57: srcf=1 off=1620 br=2000
frame 57: send=0x0 get=0x0 len=250 coding=1 startqp=0 meanqp=0 picbytes=0 pskip=0 nalus=1 n1:250
  cu: inter64=0 inter32=0 inter16=0 inter8=0 intra32=0 intra16=0 intra8=0 intra4=0 reftype=0
  snapshot f057: 3 venc_ko blocks (pool0 0x73801000 len 0x10000)
src frame 58: srcf=0 off=1620 br=2000
frame 58: send=0x0 get=0x0 len=255 coding=1 startqp=0 meanqp=0 picbytes=0 pskip=0 nalus=1 n1:255
  cu: inter64=0 inter32=0 inter16=0 inter8=0 intra32=0 intra16=0 intra8=0 intra4=0 reftype=0
  snapshot f058: 3 venc_ko blocks (pool0 0x73801000 len 0x10000)
src frame 59: srcf=1 off=1620 br=2000
frame 59: send=0x0 get=0x0 len=264 coding=1 startqp=0 meanqp=0 picbytes=0 pskip=0 nalus=1 n1:264
  cu: inter64=0 inter32=0 inter16=0 inter8=0 intra32=0 intra16=0 intra8=0 intra4=0 reftype=0
  snapshot f059: 3 venc_ko blocks (pool0 0x73801000 len 0x10000)
src frame 60: srcf=2 off=2160 br=2000
frame 60: send=0x0 get=0x0 len=22057 coding=0 startqp=0 meanqp=0 picbytes=0 pskip=0 nalus=4 n32:27 n33:53 n34:12 n19:21965
  cu: inter64=0 inter32=0 inter16=0 inter8=0 intra32=0 intra16=0 intra8=0 intra4=0 reftype=0
  snapshot f060: 3 venc_ko blocks (pool0 0x73801000 len 0x10000)
src frame 61: srcf=3 off=2160 br=2000
frame 61: send=0x0 get=0x0 len=918 coding=1 startqp=0 meanqp=0 picbytes=0 pskip=0 nalus=1 n1:918
  cu: inter64=0 inter32=0 inter16=0 inter8=0 intra32=0 intra16=0 intra8=0 intra4=0 reftype=0
  snapshot f061: 3 venc_ko blocks (pool0 0x73801000 len 0x10000)
src frame 62: srcf=4 off=2160 br=2000
frame 62: send=0x0 get=0x0 len=276 coding=1 startqp=0 meanqp=0 picbytes=0 pskip=0 nalus=1 n1:276
  cu: inter64=0 inter32=0 inter16=0 inter8=0 intra32=0 intra16=0 intra8=0 intra4=0 reftype=0
  snapshot f062: 3 venc_ko blocks (pool0 0x73801000 len 0x10000)
src frame 63: srcf=5 off=2160 br=2000
frame 63: send=0x0 get=0x0 len=210 coding=1 startqp=0 meanqp=0 picbytes=0 pskip=0 nalus=1 n1:210
  cu: inter64=0 inter32=0 inter16=0 inter8=0 intra32=0 intra16=0 intra8=0 intra4=0 reftype=0
  snapshot f063: 3 venc_ko blocks (pool0 0x73801000 len 0x10000)
src frame 64: srcf=6 off=2160 br=2000
frame 64: send=0x0 get=0x0 len=181 coding=1 startqp=0 meanqp=0 picbytes=0 pskip=0 nalus=1 n1:181
  cu: inter64=0 inter32=0 inter16=0 inter8=0 intra32=0 intra16=0 intra8=0 intra4=0 reftype=0
  snapshot f064: 3 venc_ko blocks (pool0 0x73801000 len 0x10000)
src frame 65: srcf=7 off=2160 br=2000
frame 65: send=0x0 get=0x0 len=160 coding=1 startqp=0 meanqp=0 picbytes=0 pskip=0 nalus=1 n1:160
  cu: inter64=0 inter32=0 inter16=0 inter8=0 intra32=0 intra16=0 intra8=0 intra4=0 reftype=0
  snapshot f065: 3 venc_ko blocks (pool0 0x73801000 len 0x10000)
src frame 66: srcf=8 off=2160 br=2000
frame 66: send=0x0 get=0x0 len=127 coding=1 startqp=0 meanqp=0 picbytes=0 pskip=0 nalus=1 n1:127
  cu: inter64=0 inter32=0 inter16=0 inter8=0 intra32=0 intra16=0 intra8=0 intra4=0 reftype=0
  snapshot f066: 3 venc_ko blocks (pool0 0x73801000 len 0x10000)
src frame 67: srcf=9 off=2160 br=2000
frame 67: send=0x0 get=0x0 len=112 coding=1 startqp=0 meanqp=0 picbytes=0 pskip=0 nalus=1 n1:112
  cu: inter64=0 inter32=0 inter16=0 inter8=0 intra32=0 intra16=0 intra8=0 intra4=0 reftype=0
  snapshot f067: 3 venc_ko blocks (pool0 0x73801000 len 0x10000)
src frame 68: srcf=10 off=2160 br=2000
frame 68: send=0x0 get=0x0 len=95 coding=1 startqp=0 meanqp=0 picbytes=0 pskip=0 nalus=1 n1:95
  cu: inter64=0 inter32=0 inter16=0 inter8=0 intra32=0 intra16=0 intra8=0 intra4=0 reftype=0
  snapshot f068: 3 venc_ko blocks (pool0 0x73801000 len 0x10000)
src frame 69: srcf=11 off=2160 br=2000
frame 69: send=0x0 get=0x0 len=79 coding=1 startqp=0 meanqp=0 picbytes=0 pskip=0 nalus=1 n1:79
  cu: inter64=0 inter32=0 inter16=0 inter8=0 intra32=0 intra16=0 intra8=0 intra4=0 reftype=0
  snapshot f069: 3 venc_ko blocks (pool0 0x73801000 len 0x10000)
src frame 70: srcf=12 off=2160 br=2000
frame 70: send=0x0 get=0x0 len=79 coding=1 startqp=0 meanqp=0 picbytes=0 pskip=0 nalus=1 n1:79
  cu: inter64=0 inter32=0 inter16=0 inter8=0 intra32=0 intra16=0 intra8=0 intra4=0 reftype=0
  snapshot f070: 3 venc_ko blocks (pool0 0x73801000 len 0x10000)
src frame 71: srcf=13 off=2160 br=2000
frame 71: send=0x0 get=0x0 len=79 coding=1 startqp=0 meanqp=0 picbytes=0 pskip=0 nalus=1 n1:79
  cu: inter64=0 inter32=0 inter16=0 inter8=0 intra32=0 intra16=0 intra8=0 intra4=0 reftype=0
  snapshot f071: 3 venc_ko blocks (pool0 0x73801000 len 0x10000)
src frame 72: srcf=14 off=2160 br=2000
frame 72: send=0x0 get=0x0 len=79 coding=1 startqp=0 meanqp=0 picbytes=0 pskip=0 nalus=1 n1:79
  cu: inter64=0 inter32=0 inter16=0 inter8=0 intra32=0 intra16=0 intra8=0 intra4=0 reftype=0
  snapshot f072: 3 venc_ko blocks (pool0 0x73801000 len 0x10000)
src frame 73: srcf=15 off=2160 br=2000
frame 73: send=0x0 get=0x0 len=79 coding=1 startqp=0 meanqp=0 picbytes=0 pskip=0 nalus=1 n1:79
  cu: inter64=0 inter32=0 inter16=0 inter8=0 intra32=0 intra16=0 intra8=0 intra4=0 reftype=0
  snapshot f073: 3 venc_ko blocks (pool0 0x73801000 len 0x10000)
src frame 74: srcf=16 off=2160 br=2000
frame 74: send=0x0 get=0x0 len=79 coding=1 startqp=0 meanqp=0 picbytes=0 pskip=0 nalus=1 n1:79
  cu: inter64=0 inter32=0 inter16=0 inter8=0 intra32=0 intra16=0 intra8=0 intra4=0 reftype=0
  snapshot f074: 3 venc_ko blocks (pool0 0x73801000 len 0x10000)
src frame 75: srcf=17 off=2700 br=2000
frame 75: send=0x0 get=0x0 len=3703 coding=1 startqp=0 meanqp=0 picbytes=0 pskip=0 nalus=1 n1:3703
  cu: inter64=0 inter32=0 inter16=0 inter8=0 intra32=0 intra16=0 intra8=0 intra4=0 reftype=0
  snapshot f075: 3 venc_ko blocks (pool0 0x73801000 len 0x10000)
src frame 76: srcf=18 off=2700 br=2000
frame 76: send=0x0 get=0x0 len=491 coding=1 startqp=0 meanqp=0 picbytes=0 pskip=0 nalus=1 n1:491
  cu: inter64=0 inter32=0 inter16=0 inter8=0 intra32=0 intra16=0 intra8=0 intra4=0 reftype=0
  snapshot f076: 3 venc_ko blocks (pool0 0x73801000 len 0x10000)
src frame 77: srcf=19 off=2700 br=2000
frame 77: send=0x0 get=0x0 len=304 coding=1 startqp=0 meanqp=0 picbytes=0 pskip=0 nalus=1 n1:304
  cu: inter64=0 inter32=0 inter16=0 inter8=0 intra32=0 intra16=0 intra8=0 intra4=0 reftype=0
  snapshot f077: 3 venc_ko blocks (pool0 0x73801000 len 0x10000)
src frame 78: srcf=20 off=2700 br=2000
frame 78: send=0x0 get=0x0 len=272 coding=1 startqp=0 meanqp=0 picbytes=0 pskip=0 nalus=1 n1:272
  cu: inter64=0 inter32=0 inter16=0 inter8=0 intra32=0 intra16=0 intra8=0 intra4=0 reftype=0
  snapshot f078: 3 venc_ko blocks (pool0 0x73801000 len 0x10000)
src frame 79: srcf=21 off=2700 br=2000
frame 79: send=0x0 get=0x0 len=285 coding=1 startqp=0 meanqp=0 picbytes=0 pskip=0 nalus=1 n1:285
  cu: inter64=0 inter32=0 inter16=0 inter8=0 intra32=0 intra16=0 intra8=0 intra4=0 reftype=0
  snapshot f079: 3 venc_ko blocks (pool0 0x73801000 len 0x10000)
src frame 80: srcf=22 off=2700 br=2000
frame 80: send=0x0 get=0x0 len=292 coding=1 startqp=0 meanqp=0 picbytes=0 pskip=0 nalus=1 n1:292
  cu: inter64=0 inter32=0 inter16=0 inter8=0 intra32=0 intra16=0 intra8=0 intra4=0 reftype=0
  snapshot f080: 3 venc_ko blocks (pool0 0x73801000 len 0x10000)
src frame 81: srcf=23 off=2700 br=2000
frame 81: send=0x0 get=0x0 len=276 coding=1 startqp=0 meanqp=0 picbytes=0 pskip=0 nalus=1 n1:276
  cu: inter64=0 inter32=0 inter16=0 inter8=0 intra32=0 intra16=0 intra8=0 intra4=0 reftype=0
  snapshot f081: 3 venc_ko blocks (pool0 0x73801000 len 0x10000)
src frame 82: srcf=24 off=2700 br=2000
frame 82: send=0x0 get=0x0 len=281 coding=1 startqp=0 meanqp=0 picbytes=0 pskip=0 nalus=1 n1:281
  cu: inter64=0 inter32=0 inter16=0 inter8=0 intra32=0 intra16=0 intra8=0 intra4=0 reftype=0
  snapshot f082: 3 venc_ko blocks (pool0 0x73801000 len 0x10000)
src frame 83: srcf=25 off=2700 br=2000
frame 83: send=0x0 get=0x0 len=280 coding=1 startqp=0 meanqp=0 picbytes=0 pskip=0 nalus=1 n1:280
  cu: inter64=0 inter32=0 inter16=0 inter8=0 intra32=0 intra16=0 intra8=0 intra4=0 reftype=0
  snapshot f083: 3 venc_ko blocks (pool0 0x73801000 len 0x10000)
src frame 84: srcf=26 off=2700 br=2000
frame 84: send=0x0 get=0x0 len=262 coding=1 startqp=0 meanqp=0 picbytes=0 pskip=0 nalus=1 n1:262
  cu: inter64=0 inter32=0 inter16=0 inter8=0 intra32=0 intra16=0 intra8=0 intra4=0 reftype=0
  snapshot f084: 3 venc_ko blocks (pool0 0x73801000 len 0x10000)
src frame 85: srcf=27 off=2700 br=2000
frame 85: send=0x0 get=0x0 len=265 coding=1 startqp=0 meanqp=0 picbytes=0 pskip=0 nalus=1 n1:265
  cu: inter64=0 inter32=0 inter16=0 inter8=0 intra32=0 intra16=0 intra8=0 intra4=0 reftype=0
  snapshot f085: 3 venc_ko blocks (pool0 0x73801000 len 0x10000)
src frame 86: srcf=28 off=2700 br=2000
frame 86: send=0x0 get=0x0 len=264 coding=1 startqp=0 meanqp=0 picbytes=0 pskip=0 nalus=1 n1:264
  cu: inter64=0 inter32=0 inter16=0 inter8=0 intra32=0 intra16=0 intra8=0 intra4=0 reftype=0
  snapshot f086: 3 venc_ko blocks (pool0 0x73801000 len 0x10000)
src frame 87: srcf=29 off=2700 br=2000
frame 87: send=0x0 get=0x0 len=250 coding=1 startqp=0 meanqp=0 picbytes=0 pskip=0 nalus=1 n1:250
  cu: inter64=0 inter32=0 inter16=0 inter8=0 intra32=0 intra16=0 intra8=0 intra4=0 reftype=0
  snapshot f087: 3 venc_ko blocks (pool0 0x73801000 len 0x10000)
src frame 88: srcf=28 off=2700 br=2000
frame 88: send=0x0 get=0x0 len=255 coding=1 startqp=0 meanqp=0 picbytes=0 pskip=0 nalus=1 n1:255
  cu: inter64=0 inter32=0 inter16=0 inter8=0 intra32=0 intra16=0 intra8=0 intra4=0 reftype=0
  snapshot f088: 3 venc_ko blocks (pool0 0x73801000 len 0x10000)
src frame 89: srcf=27 off=2700 br=2000
frame 89: send=0x0 get=0x0 len=264 coding=1 startqp=0 meanqp=0 picbytes=0 pskip=0 nalus=1 n1:264
  cu: inter64=0 inter32=0 inter16=0 inter8=0 intra32=0 intra16=0 intra8=0 intra4=0 reftype=0
  snapshot f089: 3 venc_ko blocks (pool0 0x73801000 len 0x10000)
src frame 90: srcf=26 off=3240 br=2000
frame 90: send=0x0 get=0x0 len=22057 coding=0 startqp=0 meanqp=0 picbytes=0 pskip=0 nalus=4 n32:27 n33:53 n34:12 n19:21965
  cu: inter64=0 inter32=0 inter16=0 inter8=0 intra32=0 intra16=0 intra8=0 intra4=0 reftype=0
  snapshot f090: 3 venc_ko blocks (pool0 0x73801000 len 0x10000)
src frame 91: srcf=25 off=3240 br=2000
frame 91: send=0x0 get=0x0 len=918 coding=1 startqp=0 meanqp=0 picbytes=0 pskip=0 nalus=1 n1:918
  cu: inter64=0 inter32=0 inter16=0 inter8=0 intra32=0 intra16=0 intra8=0 intra4=0 reftype=0
  snapshot f091: 3 venc_ko blocks (pool0 0x73801000 len 0x10000)
src frame 92: srcf=24 off=3240 br=2000
frame 92: send=0x0 get=0x0 len=276 coding=1 startqp=0 meanqp=0 picbytes=0 pskip=0 nalus=1 n1:276
  cu: inter64=0 inter32=0 inter16=0 inter8=0 intra32=0 intra16=0 intra8=0 intra4=0 reftype=0
  snapshot f092: 3 venc_ko blocks (pool0 0x73801000 len 0x10000)
src frame 93: srcf=23 off=3240 br=2000
frame 93: send=0x0 get=0x0 len=210 coding=1 startqp=0 meanqp=0 picbytes=0 pskip=0 nalus=1 n1:210
  cu: inter64=0 inter32=0 inter16=0 inter8=0 intra32=0 intra16=0 intra8=0 intra4=0 reftype=0
  snapshot f093: 3 venc_ko blocks (pool0 0x73801000 len 0x10000)
src frame 94: srcf=22 off=3240 br=2000
frame 94: send=0x0 get=0x0 len=181 coding=1 startqp=0 meanqp=0 picbytes=0 pskip=0 nalus=1 n1:181
  cu: inter64=0 inter32=0 inter16=0 inter8=0 intra32=0 intra16=0 intra8=0 intra4=0 reftype=0
  snapshot f094: 3 venc_ko blocks (pool0 0x73801000 len 0x10000)
src frame 95: srcf=21 off=3240 br=2000
frame 95: send=0x0 get=0x0 len=160 coding=1 startqp=0 meanqp=0 picbytes=0 pskip=0 nalus=1 n1:160
  cu: inter64=0 inter32=0 inter16=0 inter8=0 intra32=0 intra16=0 intra8=0 intra4=0 reftype=0
  snapshot f095: 3 venc_ko blocks (pool0 0x73801000 len 0x10000)
src frame 96: srcf=20 off=3240 br=2000
frame 96: send=0x0 get=0x0 len=127 coding=1 startqp=0 meanqp=0 picbytes=0 pskip=0 nalus=1 n1:127
  cu: inter64=0 inter32=0 inter16=0 inter8=0 intra32=0 intra16=0 intra8=0 intra4=0 reftype=0
  snapshot f096: 3 venc_ko blocks (pool0 0x73801000 len 0x10000)
src frame 97: srcf=19 off=3240 br=2000
frame 97: send=0x0 get=0x0 len=112 coding=1 startqp=0 meanqp=0 picbytes=0 pskip=0 nalus=1 n1:112
  cu: inter64=0 inter32=0 inter16=0 inter8=0 intra32=0 intra16=0 intra8=0 intra4=0 reftype=0
  snapshot f097: 3 venc_ko blocks (pool0 0x73801000 len 0x10000)
src frame 98: srcf=18 off=3240 br=2000
frame 98: send=0x0 get=0x0 len=95 coding=1 startqp=0 meanqp=0 picbytes=0 pskip=0 nalus=1 n1:95
  cu: inter64=0 inter32=0 inter16=0 inter8=0 intra32=0 intra16=0 intra8=0 intra4=0 reftype=0
  snapshot f098: 3 venc_ko blocks (pool0 0x73801000 len 0x10000)
src frame 99: srcf=17 off=3240 br=2000
frame 99: send=0x0 get=0x0 len=79 coding=1 startqp=0 meanqp=0 picbytes=0 pskip=0 nalus=1 n1:79
  cu: inter64=0 inter32=0 inter16=0 inter8=0 intra32=0 intra16=0 intra8=0 intra4=0 reftype=0
  snapshot f099: 3 venc_ko blocks (pool0 0x73801000 len 0x10000)
src frame 100: srcf=16 off=3240 br=2000
frame 100: send=0x0 get=0x0 len=79 coding=1 startqp=0 meanqp=0 picbytes=0 pskip=0 nalus=1 n1:79
  cu: inter64=0 inter32=0 inter16=0 inter8=0 intra32=0 intra16=0 intra8=0 intra4=0 reftype=0
  snapshot f100: 3 venc_ko blocks (pool0 0x73801000 len 0x10000)
src frame 101: srcf=15 off=3240 br=2000
frame 101: send=0x0 get=0x0 len=79 coding=1 startqp=0 meanqp=0 picbytes=0 pskip=0 nalus=1 n1:79
  cu: inter64=0 inter32=0 inter16=0 inter8=0 intra32=0 intra16=0 intra8=0 intra4=0 reftype=0
  snapshot f101: 3 venc_ko blocks (pool0 0x73801000 len 0x10000)
src frame 102: srcf=14 off=3240 br=2000
frame 102: send=0x0 get=0x0 len=79 coding=1 startqp=0 meanqp=0 picbytes=0 pskip=0 nalus=1 n1:79
  cu: inter64=0 inter32=0 inter16=0 inter8=0 intra32=0 intra16=0 intra8=0 intra4=0 reftype=0
  snapshot f102: 3 venc_ko blocks (pool0 0x73801000 len 0x10000)
src frame 103: srcf=13 off=3240 br=2000
frame 103: send=0x0 get=0x0 len=79 coding=1 startqp=0 meanqp=0 picbytes=0 pskip=0 nalus=1 n1:79
  cu: inter64=0 inter32=0 inter16=0 inter8=0 intra32=0 intra16=0 intra8=0 intra4=0 reftype=0
  snapshot f103: 3 venc_ko blocks (pool0 0x73801000 len 0x10000)
src frame 104: srcf=12 off=3240 br=2000
frame 104: send=0x0 get=0x0 len=79 coding=1 startqp=0 meanqp=0 picbytes=0 pskip=0 nalus=1 n1:79
  cu: inter64=0 inter32=0 inter16=0 inter8=0 intra32=0 intra16=0 intra8=0 intra4=0 reftype=0
  snapshot f104: 3 venc_ko blocks (pool0 0x73801000 len 0x10000)
src frame 105: srcf=11 off=3780 br=2000
frame 105: send=0x0 get=0x0 len=3703 coding=1 startqp=0 meanqp=0 picbytes=0 pskip=0 nalus=1 n1:3703
  cu: inter64=0 inter32=0 inter16=0 inter8=0 intra32=0 intra16=0 intra8=0 intra4=0 reftype=0
  snapshot f105: 3 venc_ko blocks (pool0 0x73801000 len 0x10000)
src frame 106: srcf=10 off=3780 br=2000
frame 106: send=0x0 get=0x0 len=491 coding=1 startqp=0 meanqp=0 picbytes=0 pskip=0 nalus=1 n1:491
  cu: inter64=0 inter32=0 inter16=0 inter8=0 intra32=0 intra16=0 intra8=0 intra4=0 reftype=0
  snapshot f106: 3 venc_ko blocks (pool0 0x73801000 len 0x10000)
src frame 107: srcf=9 off=3780 br=2000
frame 107: send=0x0 get=0x0 len=304 coding=1 startqp=0 meanqp=0 picbytes=0 pskip=0 nalus=1 n1:304
  cu: inter64=0 inter32=0 inter16=0 inter8=0 intra32=0 intra16=0 intra8=0 intra4=0 reftype=0
  snapshot f107: 3 venc_ko blocks (pool0 0x73801000 len 0x10000)
src frame 108: srcf=8 off=3780 br=2000
frame 108: send=0x0 get=0x0 len=272 coding=1 startqp=0 meanqp=0 picbytes=0 pskip=0 nalus=1 n1:272
  cu: inter64=0 inter32=0 inter16=0 inter8=0 intra32=0 intra16=0 intra8=0 intra4=0 reftype=0
  snapshot f108: 3 venc_ko blocks (pool0 0x73801000 len 0x10000)
src frame 109: srcf=7 off=3780 br=2000
frame 109: send=0x0 get=0x0 len=285 coding=1 startqp=0 meanqp=0 picbytes=0 pskip=0 nalus=1 n1:285
  cu: inter64=0 inter32=0 inter16=0 inter8=0 intra32=0 intra16=0 intra8=0 intra4=0 reftype=0
  snapshot f109: 3 venc_ko blocks (pool0 0x73801000 len 0x10000)
src frame 110: srcf=6 off=3780 br=2000
frame 110: send=0x0 get=0x0 len=292 coding=1 startqp=0 meanqp=0 picbytes=0 pskip=0 nalus=1 n1:292
  cu: inter64=0 inter32=0 inter16=0 inter8=0 intra32=0 intra16=0 intra8=0 intra4=0 reftype=0
  snapshot f110: 3 venc_ko blocks (pool0 0x73801000 len 0x10000)
src frame 111: srcf=5 off=3780 br=2000
frame 111: send=0x0 get=0x0 len=276 coding=1 startqp=0 meanqp=0 picbytes=0 pskip=0 nalus=1 n1:276
  cu: inter64=0 inter32=0 inter16=0 inter8=0 intra32=0 intra16=0 intra8=0 intra4=0 reftype=0
  snapshot f111: 3 venc_ko blocks (pool0 0x73801000 len 0x10000)
src frame 112: srcf=4 off=3780 br=2000
frame 112: send=0x0 get=0x0 len=281 coding=1 startqp=0 meanqp=0 picbytes=0 pskip=0 nalus=1 n1:281
  cu: inter64=0 inter32=0 inter16=0 inter8=0 intra32=0 intra16=0 intra8=0 intra4=0 reftype=0
  snapshot f112: 3 venc_ko blocks (pool0 0x73801000 len 0x10000)
src frame 113: srcf=3 off=3780 br=2000
frame 113: send=0x0 get=0x0 len=280 coding=1 startqp=0 meanqp=0 picbytes=0 pskip=0 nalus=1 n1:280
  cu: inter64=0 inter32=0 inter16=0 inter8=0 intra32=0 intra16=0 intra8=0 intra4=0 reftype=0
  snapshot f113: 3 venc_ko blocks (pool0 0x73801000 len 0x10000)
src frame 114: srcf=2 off=3780 br=2000
frame 114: send=0x0 get=0x0 len=262 coding=1 startqp=0 meanqp=0 picbytes=0 pskip=0 nalus=1 n1:262
  cu: inter64=0 inter32=0 inter16=0 inter8=0 intra32=0 intra16=0 intra8=0 intra4=0 reftype=0
  snapshot f114: 3 venc_ko blocks (pool0 0x73801000 len 0x10000)
src frame 115: srcf=1 off=3780 br=2000
frame 115: send=0x0 get=0x0 len=265 coding=1 startqp=0 meanqp=0 picbytes=0 pskip=0 nalus=1 n1:265
  cu: inter64=0 inter32=0 inter16=0 inter8=0 intra32=0 intra16=0 intra8=0 intra4=0 reftype=0
  snapshot f115: 3 venc_ko blocks (pool0 0x73801000 len 0x10000)
src frame 116: srcf=0 off=3780 br=2000
frame 116: send=0x0 get=0x0 len=264 coding=1 startqp=0 meanqp=0 picbytes=0 pskip=0 nalus=1 n1:264
  cu: inter64=0 inter32=0 inter16=0 inter8=0 intra32=0 intra16=0 intra8=0 intra4=0 reftype=0
  snapshot f116: 3 venc_ko blocks (pool0 0x73801000 len 0x10000)
src frame 117: srcf=1 off=3780 br=2000
frame 117: send=0x0 get=0x0 len=250 coding=1 startqp=0 meanqp=0 picbytes=0 pskip=0 nalus=1 n1:250
  cu: inter64=0 inter32=0 inter16=0 inter8=0 intra32=0 intra16=0 intra8=0 intra4=0 reftype=0
  snapshot f117: 3 venc_ko blocks (pool0 0x73801000 len 0x10000)
src frame 118: srcf=2 off=3780 br=2000
frame 118: send=0x0 get=0x0 len=255 coding=1 startqp=0 meanqp=0 picbytes=0 pskip=0 nalus=1 n1:255
  cu: inter64=0 inter32=0 inter16=0 inter8=0 intra32=0 intra16=0 intra8=0 intra4=0 reftype=0
  snapshot f118: 3 venc_ko blocks (pool0 0x73801000 len 0x10000)
src frame 119: srcf=3 off=3780 br=2000
frame 119: send=0x0 get=0x0 len=264 coding=1 startqp=0 meanqp=0 picbytes=0 pskip=0 nalus=1 n1:264
  cu: inter64=0 inter32=0 inter16=0 inter8=0 intra32=0 intra16=0 intra8=0 intra4=0 reftype=0
  snapshot f119: 3 venc_ko blocks (pool0 0x73801000 len 0x10000)
src frame 120: srcf=4 off=4320 br=2000
frame 120: send=0x0 get=0x0 len=22057 coding=0 startqp=0 meanqp=0 picbytes=0 pskip=0 nalus=4 n32:27 n33:53 n34:12 n19:21965
  cu: inter64=0 inter32=0 inter16=0 inter8=0 intra32=0 intra16=0 intra8=0 intra4=0 reftype=0
  snapshot f120: 3 venc_ko blocks (pool0 0x73801000 len 0x10000)
src frame 121: srcf=5 off=4320 br=2000
frame 121: send=0x0 get=0x0 len=918 coding=1 startqp=0 meanqp=0 picbytes=0 pskip=0 nalus=1 n1:918
  cu: inter64=0 inter32=0 inter16=0 inter8=0 intra32=0 intra16=0 intra8=0 intra4=0 reftype=0
  snapshot f121: 3 venc_ko blocks (pool0 0x73801000 len 0x10000)
src frame 122: srcf=6 off=4320 br=2000
frame 122: send=0x0 get=0x0 len=276 coding=1 startqp=0 meanqp=0 picbytes=0 pskip=0 nalus=1 n1:276
  cu: inter64=0 inter32=0 inter16=0 inter8=0 intra32=0 intra16=0 intra8=0 intra4=0 reftype=0
  snapshot f122: 3 venc_ko blocks (pool0 0x73801000 len 0x10000)
src frame 123: srcf=7 off=4320 br=2000
frame 123: send=0x0 get=0x0 len=210 coding=1 startqp=0 meanqp=0 picbytes=0 pskip=0 nalus=1 n1:210
  cu: inter64=0 inter32=0 inter16=0 inter8=0 intra32=0 intra16=0 intra8=0 intra4=0 reftype=0
  snapshot f123: 3 venc_ko blocks (pool0 0x73801000 len 0x10000)
src frame 124: srcf=8 off=4320 br=2000
frame 124: send=0x0 get=0x0 len=181 coding=1 startqp=0 meanqp=0 picbytes=0 pskip=0 nalus=1 n1:181
  cu: inter64=0 inter32=0 inter16=0 inter8=0 intra32=0 intra16=0 intra8=0 intra4=0 reftype=0
  snapshot f124: 3 venc_ko blocks (pool0 0x73801000 len 0x10000)
src frame 125: srcf=9 off=4320 br=2000
frame 125: send=0x0 get=0x0 len=160 coding=1 startqp=0 meanqp=0 picbytes=0 pskip=0 nalus=1 n1:160
  cu: inter64=0 inter32=0 inter16=0 inter8=0 intra32=0 intra16=0 intra8=0 intra4=0 reftype=0
  snapshot f125: 3 venc_ko blocks (pool0 0x73801000 len 0x10000)
src frame 126: srcf=10 off=4320 br=2000
frame 126: send=0x0 get=0x0 len=127 coding=1 startqp=0 meanqp=0 picbytes=0 pskip=0 nalus=1 n1:127
  cu: inter64=0 inter32=0 inter16=0 inter8=0 intra32=0 intra16=0 intra8=0 intra4=0 reftype=0
  snapshot f126: 3 venc_ko blocks (pool0 0x73801000 len 0x10000)
src frame 127: srcf=11 off=4320 br=2000
frame 127: send=0x0 get=0x0 len=112 coding=1 startqp=0 meanqp=0 picbytes=0 pskip=0 nalus=1 n1:112
  cu: inter64=0 inter32=0 inter16=0 inter8=0 intra32=0 intra16=0 intra8=0 intra4=0 reftype=0
  snapshot f127: 3 venc_ko blocks (pool0 0x73801000 len 0x10000)
src frame 128: srcf=12 off=4320 br=2000
frame 128: send=0x0 get=0x0 len=95 coding=1 startqp=0 meanqp=0 picbytes=0 pskip=0 nalus=1 n1:95
  cu: inter64=0 inter32=0 inter16=0 inter8=0 intra32=0 intra16=0 intra8=0 intra4=0 reftype=0
  snapshot f128: 3 venc_ko blocks (pool0 0x73801000 len 0x10000)
src frame 129: srcf=13 off=4320 br=2000
frame 129: send=0x0 get=0x0 len=79 coding=1 startqp=0 meanqp=0 picbytes=0 pskip=0 nalus=1 n1:79
  cu: inter64=0 inter32=0 inter16=0 inter8=0 intra32=0 intra16=0 intra8=0 intra4=0 reftype=0
  snapshot f129: 3 venc_ko blocks (pool0 0x73801000 len 0x10000)
src frame 130: srcf=14 off=4320 br=2000
frame 130: send=0x0 get=0x0 len=79 coding=1 startqp=0 meanqp=0 picbytes=0 pskip=0 nalus=1 n1:79
  cu: inter64=0 inter32=0 inter16=0 inter8=0 intra32=0 intra16=0 intra8=0 intra4=0 reftype=0
  snapshot f130: 3 venc_ko blocks (pool0 0x73801000 len 0x10000)
src frame 131: srcf=15 off=4320 br=2000
frame 131: send=0x0 get=0x0 len=79 coding=1 startqp=0 meanqp=0 picbytes=0 pskip=0 nalus=1 n1:79
  cu: inter64=0 inter32=0 inter16=0 inter8=0 intra32=0 intra16=0 intra8=0 intra4=0 reftype=0
  snapshot f131: 3 venc_ko blocks (pool0 0x73801000 len 0x10000)
src frame 132: srcf=16 off=4320 br=2000
frame 132: send=0x0 get=0x0 len=79 coding=1 startqp=0 meanqp=0 picbytes=0 pskip=0 nalus=1 n1:79
  cu: inter64=0 inter32=0 inter16=0 inter8=0 intra32=0 intra16=0 intra8=0 intra4=0 reftype=0
  snapshot f132: 3 venc_ko blocks (pool0 0x73801000 len 0x10000)
src frame 133: srcf=17 off=4320 br=2000
frame 133: send=0x0 get=0x0 len=79 coding=1 startqp=0 meanqp=0 picbytes=0 pskip=0 nalus=1 n1:79
  cu: inter64=0 inter32=0 inter16=0 inter8=0 intra32=0 intra16=0 intra8=0 intra4=0 reftype=0
  snapshot f133: 3 venc_ko blocks (pool0 0x73801000 len 0x10000)
src frame 134: srcf=18 off=4320 br=2000
frame 134: send=0x0 get=0x0 len=79 coding=1 startqp=0 meanqp=0 picbytes=0 pskip=0 nalus=1 n1:79
  cu: inter64=0 inter32=0 inter16=0 inter8=0 intra32=0 intra16=0 intra8=0 intra4=0 reftype=0
  snapshot f134: 3 venc_ko blocks (pool0 0x73801000 len 0x10000)
src frame 135: srcf=19 off=4860 br=2000
frame 135: send=0x0 get=0x0 len=3703 coding=1 startqp=0 meanqp=0 picbytes=0 pskip=0 nalus=1 n1:3703
  cu: inter64=0 inter32=0 inter16=0 inter8=0 intra32=0 intra16=0 intra8=0 intra4=0 reftype=0
  snapshot f135: 3 venc_ko blocks (pool0 0x73801000 len 0x10000)
src frame 136: srcf=20 off=4860 br=2000
frame 136: send=0x0 get=0x0 len=491 coding=1 startqp=0 meanqp=0 picbytes=0 pskip=0 nalus=1 n1:491
  cu: inter64=0 inter32=0 inter16=0 inter8=0 intra32=0 intra16=0 intra8=0 intra4=0 reftype=0
  snapshot f136: 3 venc_ko blocks (pool0 0x73801000 len 0x10000)
src frame 137: srcf=21 off=4860 br=2000
frame 137: send=0x0 get=0x0 len=304 coding=1 startqp=0 meanqp=0 picbytes=0 pskip=0 nalus=1 n1:304
  cu: inter64=0 inter32=0 inter16=0 inter8=0 intra32=0 intra16=0 intra8=0 intra4=0 reftype=0
  snapshot f137: 3 venc_ko blocks (pool0 0x73801000 len 0x10000)
src frame 138: srcf=22 off=4860 br=2000
frame 138: send=0x0 get=0x0 len=272 coding=1 startqp=0 meanqp=0 picbytes=0 pskip=0 nalus=1 n1:272
  cu: inter64=0 inter32=0 inter16=0 inter8=0 intra32=0 intra16=0 intra8=0 intra4=0 reftype=0
  snapshot f138: 3 venc_ko blocks (pool0 0x73801000 len 0x10000)
src frame 139: srcf=23 off=4860 br=2000
frame 139: send=0x0 get=0x0 len=285 coding=1 startqp=0 meanqp=0 picbytes=0 pskip=0 nalus=1 n1:285
  cu: inter64=0 inter32=0 inter16=0 inter8=0 intra32=0 intra16=0 intra8=0 intra4=0 reftype=0
  snapshot f139: 3 venc_ko blocks (pool0 0x73801000 len 0x10000)
src frame 140: srcf=24 off=4860 br=2000
frame 140: send=0x0 get=0x0 len=292 coding=1 startqp=0 meanqp=0 picbytes=0 pskip=0 nalus=1 n1:292
  cu: inter64=0 inter32=0 inter16=0 inter8=0 intra32=0 intra16=0 intra8=0 intra4=0 reftype=0
  snapshot f140: 3 venc_ko blocks (pool0 0x73801000 len 0x10000)
src frame 141: srcf=25 off=4860 br=2000
frame 141: send=0x0 get=0x0 len=276 coding=1 startqp=0 meanqp=0 picbytes=0 pskip=0 nalus=1 n1:276
  cu: inter64=0 inter32=0 inter16=0 inter8=0 intra32=0 intra16=0 intra8=0 intra4=0 reftype=0
  snapshot f141: 3 venc_ko blocks (pool0 0x73801000 len 0x10000)
src frame 142: srcf=26 off=4860 br=2000
frame 142: send=0x0 get=0x0 len=281 coding=1 startqp=0 meanqp=0 picbytes=0 pskip=0 nalus=1 n1:281
  cu: inter64=0 inter32=0 inter16=0 inter8=0 intra32=0 intra16=0 intra8=0 intra4=0 reftype=0
  snapshot f142: 3 venc_ko blocks (pool0 0x73801000 len 0x10000)
src frame 143: srcf=27 off=4860 br=2000
frame 143: send=0x0 get=0x0 len=280 coding=1 startqp=0 meanqp=0 picbytes=0 pskip=0 nalus=1 n1:280
  cu: inter64=0 inter32=0 inter16=0 inter8=0 intra32=0 intra16=0 intra8=0 intra4=0 reftype=0
  snapshot f143: 3 venc_ko blocks (pool0 0x73801000 len 0x10000)
src frame 144: srcf=28 off=4860 br=2000
frame 144: send=0x0 get=0x0 len=262 coding=1 startqp=0 meanqp=0 picbytes=0 pskip=0 nalus=1 n1:262
  cu: inter64=0 inter32=0 inter16=0 inter8=0 intra32=0 intra16=0 intra8=0 intra4=0 reftype=0
  snapshot f144: 3 venc_ko blocks (pool0 0x73801000 len 0x10000)
src frame 145: srcf=29 off=4860 br=2000
frame 145: send=0x0 get=0x0 len=265 coding=1 startqp=0 meanqp=0 picbytes=0 pskip=0 nalus=1 n1:265
  cu: inter64=0 inter32=0 inter16=0 inter8=0 intra32=0 intra16=0 intra8=0 intra4=0 reftype=0
  snapshot f145: 3 venc_ko blocks (pool0 0x73801000 len 0x10000)
src frame 146: srcf=28 off=4860 br=2000
frame 146: send=0x0 get=0x0 len=264 coding=1 startqp=0 meanqp=0 picbytes=0 pskip=0 nalus=1 n1:264
  cu: inter64=0 inter32=0 inter16=0 inter8=0 intra32=0 intra16=0 intra8=0 intra4=0 reftype=0
  snapshot f146: 3 venc_ko blocks (pool0 0x73801000 len 0x10000)
src frame 147: srcf=27 off=4860 br=2000
frame 147: send=0x0 get=0x0 len=250 coding=1 startqp=0 meanqp=0 picbytes=0 pskip=0 nalus=1 n1:250
  cu: inter64=0 inter32=0 inter16=0 inter8=0 intra32=0 intra16=0 intra8=0 intra4=0 reftype=0
  snapshot f147: 3 venc_ko blocks (pool0 0x73801000 len 0x10000)
src frame 148: srcf=26 off=4860 br=2000
frame 148: send=0x0 get=0x0 len=255 coding=1 startqp=0 meanqp=0 picbytes=0 pskip=0 nalus=1 n1:255
  cu: inter64=0 inter32=0 inter16=0 inter8=0 intra32=0 intra16=0 intra8=0 intra4=0 reftype=0
  snapshot f148: 3 venc_ko blocks (pool0 0x73801000 len 0x10000)
src frame 149: srcf=25 off=4860 br=2000
frame 149: send=0x0 get=0x0 len=264 coding=1 startqp=0 meanqp=0 picbytes=0 pskip=0 nalus=1 n1:264
  cu: inter64=0 inter32=0 inter16=0 inter8=0 intra32=0 intra16=0 intra8=0 intra4=0 reftype=0
  snapshot f149: 3 venc_ko blocks (pool0 0x73801000 len 0x10000)
src frame 150: srcf=24 off=5400 br=2000
frame 150: send=0x0 get=0x0 len=22057 coding=0 startqp=0 meanqp=0 picbytes=0 pskip=0 nalus=4 n32:27 n33:53 n34:12 n19:21965
  cu: inter64=0 inter32=0 inter16=0 inter8=0 intra32=0 intra16=0 intra8=0 intra4=0 reftype=0
  snapshot f150: 3 venc_ko blocks (pool0 0x73801000 len 0x10000)
src frame 151: srcf=23 off=5400 br=2000
frame 151: send=0x0 get=0x0 len=918 coding=1 startqp=0 meanqp=0 picbytes=0 pskip=0 nalus=1 n1:918
  cu: inter64=0 inter32=0 inter16=0 inter8=0 intra32=0 intra16=0 intra8=0 intra4=0 reftype=0
  snapshot f151: 3 venc_ko blocks (pool0 0x73801000 len 0x10000)
src frame 152: srcf=22 off=5400 br=2000
frame 152: send=0x0 get=0x0 len=276 coding=1 startqp=0 meanqp=0 picbytes=0 pskip=0 nalus=1 n1:276
  cu: inter64=0 inter32=0 inter16=0 inter8=0 intra32=0 intra16=0 intra8=0 intra4=0 reftype=0
  snapshot f152: 3 venc_ko blocks (pool0 0x73801000 len 0x10000)
src frame 153: srcf=21 off=5400 br=2000
frame 153: send=0x0 get=0x0 len=210 coding=1 startqp=0 meanqp=0 picbytes=0 pskip=0 nalus=1 n1:210
  cu: inter64=0 inter32=0 inter16=0 inter8=0 intra32=0 intra16=0 intra8=0 intra4=0 reftype=0
  snapshot f153: 3 venc_ko blocks (pool0 0x73801000 len 0x10000)
src frame 154: srcf=20 off=5400 br=2000
frame 154: send=0x0 get=0x0 len=181 coding=1 startqp=0 meanqp=0 picbytes=0 pskip=0 nalus=1 n1:181
  cu: inter64=0 inter32=0 inter16=0 inter8=0 intra32=0 intra16=0 intra8=0 intra4=0 reftype=0
  snapshot f154: 3 venc_ko blocks (pool0 0x73801000 len 0x10000)
src frame 155: srcf=19 off=5400 br=2000
frame 155: send=0x0 get=0x0 len=160 coding=1 startqp=0 meanqp=0 picbytes=0 pskip=0 nalus=1 n1:160
  cu: inter64=0 inter32=0 inter16=0 inter8=0 intra32=0 intra16=0 intra8=0 intra4=0 reftype=0
  snapshot f155: 3 venc_ko blocks (pool0 0x73801000 len 0x10000)
src frame 156: srcf=18 off=5400 br=2000
frame 156: send=0x0 get=0x0 len=127 coding=1 startqp=0 meanqp=0 picbytes=0 pskip=0 nalus=1 n1:127
  cu: inter64=0 inter32=0 inter16=0 inter8=0 intra32=0 intra16=0 intra8=0 intra4=0 reftype=0
  snapshot f156: 3 venc_ko blocks (pool0 0x73801000 len 0x10000)
src frame 157: srcf=17 off=5400 br=2000
frame 157: send=0x0 get=0x0 len=112 coding=1 startqp=0 meanqp=0 picbytes=0 pskip=0 nalus=1 n1:112
  cu: inter64=0 inter32=0 inter16=0 inter8=0 intra32=0 intra16=0 intra8=0 intra4=0 reftype=0
  snapshot f157: 3 venc_ko blocks (pool0 0x73801000 len 0x10000)
src frame 158: srcf=16 off=5400 br=2000
frame 158: send=0x0 get=0x0 len=95 coding=1 startqp=0 meanqp=0 picbytes=0 pskip=0 nalus=1 n1:95
  cu: inter64=0 inter32=0 inter16=0 inter8=0 intra32=0 intra16=0 intra8=0 intra4=0 reftype=0
  snapshot f158: 3 venc_ko blocks (pool0 0x73801000 len 0x10000)
src frame 159: srcf=15 off=5400 br=2000
frame 159: send=0x0 get=0x0 len=79 coding=1 startqp=0 meanqp=0 picbytes=0 pskip=0 nalus=1 n1:79
  cu: inter64=0 inter32=0 inter16=0 inter8=0 intra32=0 intra16=0 intra8=0 intra4=0 reftype=0
  snapshot f159: 3 venc_ko blocks (pool0 0x73801000 len 0x10000)
src frame 160: srcf=14 off=5400 br=2000
frame 160: send=0x0 get=0x0 len=79 coding=1 startqp=0 meanqp=0 picbytes=0 pskip=0 nalus=1 n1:79
  cu: inter64=0 inter32=0 inter16=0 inter8=0 intra32=0 intra16=0 intra8=0 intra4=0 reftype=0
  snapshot f160: 3 venc_ko blocks (pool0 0x73801000 len 0x10000)
src frame 161: srcf=13 off=5400 br=2000
frame 161: send=0x0 get=0x0 len=79 coding=1 startqp=0 meanqp=0 picbytes=0 pskip=0 nalus=1 n1:79
  cu: inter64=0 inter32=0 inter16=0 inter8=0 intra32=0 intra16=0 intra8=0 intra4=0 reftype=0
  snapshot f161: 3 venc_ko blocks (pool0 0x73801000 len 0x10000)
src frame 162: srcf=12 off=5400 br=2000
frame 162: send=0x0 get=0x0 len=79 coding=1 startqp=0 meanqp=0 picbytes=0 pskip=0 nalus=1 n1:79
  cu: inter64=0 inter32=0 inter16=0 inter8=0 intra32=0 intra16=0 intra8=0 intra4=0 reftype=0
  snapshot f162: 3 venc_ko blocks (pool0 0x73801000 len 0x10000)
src frame 163: srcf=11 off=5400 br=2000
frame 163: send=0x0 get=0x0 len=79 coding=1 startqp=0 meanqp=0 picbytes=0 pskip=0 nalus=1 n1:79
  cu: inter64=0 inter32=0 inter16=0 inter8=0 intra32=0 intra16=0 intra8=0 intra4=0 reftype=0
  snapshot f163: 3 venc_ko blocks (pool0 0x73801000 len 0x10000)
src frame 164: srcf=10 off=5400 br=2000
frame 164: send=0x0 get=0x0 len=79 coding=1 startqp=0 meanqp=0 picbytes=0 pskip=0 nalus=1 n1:79
  cu: inter64=0 inter32=0 inter16=0 inter8=0 intra32=0 intra16=0 intra8=0 intra4=0 reftype=0
  snapshot f164: 3 venc_ko blocks (pool0 0x73801000 len 0x10000)
src frame 165: srcf=9 off=5940 br=2000
frame 165: send=0x0 get=0x0 len=3703 coding=1 startqp=0 meanqp=0 picbytes=0 pskip=0 nalus=1 n1:3703
  cu: inter64=0 inter32=0 inter16=0 inter8=0 intra32=0 intra16=0 intra8=0 intra4=0 reftype=0
  snapshot f165: 3 venc_ko blocks (pool0 0x73801000 len 0x10000)
src frame 166: srcf=8 off=5940 br=2000
frame 166: send=0x0 get=0x0 len=491 coding=1 startqp=0 meanqp=0 picbytes=0 pskip=0 nalus=1 n1:491
  cu: inter64=0 inter32=0 inter16=0 inter8=0 intra32=0 intra16=0 intra8=0 intra4=0 reftype=0
  snapshot f166: 3 venc_ko blocks (pool0 0x73801000 len 0x10000)
src frame 167: srcf=7 off=5940 br=2000
frame 167: send=0x0 get=0x0 len=304 coding=1 startqp=0 meanqp=0 picbytes=0 pskip=0 nalus=1 n1:304
  cu: inter64=0 inter32=0 inter16=0 inter8=0 intra32=0 intra16=0 intra8=0 intra4=0 reftype=0
  snapshot f167: 3 venc_ko blocks (pool0 0x73801000 len 0x10000)
src frame 168: srcf=6 off=5940 br=2000
frame 168: send=0x0 get=0x0 len=272 coding=1 startqp=0 meanqp=0 picbytes=0 pskip=0 nalus=1 n1:272
  cu: inter64=0 inter32=0 inter16=0 inter8=0 intra32=0 intra16=0 intra8=0 intra4=0 reftype=0
  snapshot f168: 3 venc_ko blocks (pool0 0x73801000 len 0x10000)
src frame 169: srcf=5 off=5940 br=2000
frame 169: send=0x0 get=0x0 len=285 coding=1 startqp=0 meanqp=0 picbytes=0 pskip=0 nalus=1 n1:285
  cu: inter64=0 inter32=0 inter16=0 inter8=0 intra32=0 intra16=0 intra8=0 intra4=0 reftype=0
  snapshot f169: 3 venc_ko blocks (pool0 0x73801000 len 0x10000)
src frame 170: srcf=4 off=5940 br=2000
frame 170: send=0x0 get=0x0 len=292 coding=1 startqp=0 meanqp=0 picbytes=0 pskip=0 nalus=1 n1:292
  cu: inter64=0 inter32=0 inter16=0 inter8=0 intra32=0 intra16=0 intra8=0 intra4=0 reftype=0
  snapshot f170: 3 venc_ko blocks (pool0 0x73801000 len 0x10000)
src frame 171: srcf=3 off=5940 br=2000
frame 171: send=0x0 get=0x0 len=276 coding=1 startqp=0 meanqp=0 picbytes=0 pskip=0 nalus=1 n1:276
  cu: inter64=0 inter32=0 inter16=0 inter8=0 intra32=0 intra16=0 intra8=0 intra4=0 reftype=0
  snapshot f171: 3 venc_ko blocks (pool0 0x73801000 len 0x10000)
src frame 172: srcf=2 off=5940 br=2000
frame 172: send=0x0 get=0x0 len=281 coding=1 startqp=0 meanqp=0 picbytes=0 pskip=0 nalus=1 n1:281
  cu: inter64=0 inter32=0 inter16=0 inter8=0 intra32=0 intra16=0 intra8=0 intra4=0 reftype=0
  snapshot f172: 3 venc_ko blocks (pool0 0x73801000 len 0x10000)
src frame 173: srcf=1 off=5940 br=2000
frame 173: send=0x0 get=0x0 len=280 coding=1 startqp=0 meanqp=0 picbytes=0 pskip=0 nalus=1 n1:280
  cu: inter64=0 inter32=0 inter16=0 inter8=0 intra32=0 intra16=0 intra8=0 intra4=0 reftype=0
  snapshot f173: 3 venc_ko blocks (pool0 0x73801000 len 0x10000)
src frame 174: srcf=0 off=5940 br=2000
frame 174: send=0x0 get=0x0 len=262 coding=1 startqp=0 meanqp=0 picbytes=0 pskip=0 nalus=1 n1:262
  cu: inter64=0 inter32=0 inter16=0 inter8=0 intra32=0 intra16=0 intra8=0 intra4=0 reftype=0
  snapshot f174: 3 venc_ko blocks (pool0 0x73801000 len 0x10000)
src frame 175: srcf=1 off=5940 br=2000
frame 175: send=0x0 get=0x0 len=265 coding=1 startqp=0 meanqp=0 picbytes=0 pskip=0 nalus=1 n1:265
  cu: inter64=0 inter32=0 inter16=0 inter8=0 intra32=0 intra16=0 intra8=0 intra4=0 reftype=0
  snapshot f175: 3 venc_ko blocks (pool0 0x73801000 len 0x10000)
src frame 176: srcf=2 off=5940 br=2000
frame 176: send=0x0 get=0x0 len=264 coding=1 startqp=0 meanqp=0 picbytes=0 pskip=0 nalus=1 n1:264
  cu: inter64=0 inter32=0 inter16=0 inter8=0 intra32=0 intra16=0 intra8=0 intra4=0 reftype=0
  snapshot f176: 3 venc_ko blocks (pool0 0x73801000 len 0x10000)
src frame 177: srcf=3 off=5940 br=2000
frame 177: send=0x0 get=0x0 len=250 coding=1 startqp=0 meanqp=0 picbytes=0 pskip=0 nalus=1 n1:250
  cu: inter64=0 inter32=0 inter16=0 inter8=0 intra32=0 intra16=0 intra8=0 intra4=0 reftype=0
  snapshot f177: 3 venc_ko blocks (pool0 0x73801000 len 0x10000)
src frame 178: srcf=4 off=5940 br=2000
frame 178: send=0x0 get=0x0 len=255 coding=1 startqp=0 meanqp=0 picbytes=0 pskip=0 nalus=1 n1:255
  cu: inter64=0 inter32=0 inter16=0 inter8=0 intra32=0 intra16=0 intra8=0 intra4=0 reftype=0
  snapshot f178: 3 venc_ko blocks (pool0 0x73801000 len 0x10000)
src frame 179: srcf=5 off=5940 br=2000
frame 179: send=0x0 get=0x0 len=264 coding=1 startqp=0 meanqp=0 picbytes=0 pskip=0 nalus=1 n1:264
  cu: inter64=0 inter32=0 inter16=0 inter8=0 intra32=0 intra16=0 intra8=0 intra4=0 reftype=0
  snapshot f179: 3 venc_ko blocks (pool0 0x73801000 len 0x10000)
src frame 180: srcf=6 off=6480 br=2000
frame 180: send=0x0 get=0x0 len=22057 coding=0 startqp=0 meanqp=0 picbytes=0 pskip=0 nalus=4 n32:27 n33:53 n34:12 n19:21965
  cu: inter64=0 inter32=0 inter16=0 inter8=0 intra32=0 intra16=0 intra8=0 intra4=0 reftype=0
  snapshot f180: 3 venc_ko blocks (pool0 0x73801000 len 0x10000)
src frame 181: srcf=7 off=6480 br=2000
frame 181: send=0x0 get=0x0 len=918 coding=1 startqp=0 meanqp=0 picbytes=0 pskip=0 nalus=1 n1:918
  cu: inter64=0 inter32=0 inter16=0 inter8=0 intra32=0 intra16=0 intra8=0 intra4=0 reftype=0
  snapshot f181: 3 venc_ko blocks (pool0 0x73801000 len 0x10000)
src frame 182: srcf=8 off=6480 br=2000
frame 182: send=0x0 get=0x0 len=276 coding=1 startqp=0 meanqp=0 picbytes=0 pskip=0 nalus=1 n1:276
  cu: inter64=0 inter32=0 inter16=0 inter8=0 intra32=0 intra16=0 intra8=0 intra4=0 reftype=0
  snapshot f182: 3 venc_ko blocks (pool0 0x73801000 len 0x10000)
src frame 183: srcf=9 off=6480 br=2000
frame 183: send=0x0 get=0x0 len=210 coding=1 startqp=0 meanqp=0 picbytes=0 pskip=0 nalus=1 n1:210
  cu: inter64=0 inter32=0 inter16=0 inter8=0 intra32=0 intra16=0 intra8=0 intra4=0 reftype=0
  snapshot f183: 3 venc_ko blocks (pool0 0x73801000 len 0x10000)
src frame 184: srcf=10 off=6480 br=2000
frame 184: send=0x0 get=0x0 len=181 coding=1 startqp=0 meanqp=0 picbytes=0 pskip=0 nalus=1 n1:181
  cu: inter64=0 inter32=0 inter16=0 inter8=0 intra32=0 intra16=0 intra8=0 intra4=0 reftype=0
  snapshot f184: 3 venc_ko blocks (pool0 0x73801000 len 0x10000)
src frame 185: srcf=11 off=6480 br=2000
frame 185: send=0x0 get=0x0 len=160 coding=1 startqp=0 meanqp=0 picbytes=0 pskip=0 nalus=1 n1:160
  cu: inter64=0 inter32=0 inter16=0 inter8=0 intra32=0 intra16=0 intra8=0 intra4=0 reftype=0
  snapshot f185: 3 venc_ko blocks (pool0 0x73801000 len 0x10000)
src frame 186: srcf=12 off=6480 br=2000
frame 186: send=0x0 get=0x0 len=127 coding=1 startqp=0 meanqp=0 picbytes=0 pskip=0 nalus=1 n1:127
  cu: inter64=0 inter32=0 inter16=0 inter8=0 intra32=0 intra16=0 intra8=0 intra4=0 reftype=0
  snapshot f186: 3 venc_ko blocks (pool0 0x73801000 len 0x10000)
src frame 187: srcf=13 off=6480 br=2000
frame 187: send=0x0 get=0x0 len=112 coding=1 startqp=0 meanqp=0 picbytes=0 pskip=0 nalus=1 n1:112
  cu: inter64=0 inter32=0 inter16=0 inter8=0 intra32=0 intra16=0 intra8=0 intra4=0 reftype=0
  snapshot f187: 3 venc_ko blocks (pool0 0x73801000 len 0x10000)
src frame 188: srcf=14 off=6480 br=2000
frame 188: send=0x0 get=0x0 len=95 coding=1 startqp=0 meanqp=0 picbytes=0 pskip=0 nalus=1 n1:95
  cu: inter64=0 inter32=0 inter16=0 inter8=0 intra32=0 intra16=0 intra8=0 intra4=0 reftype=0
  snapshot f188: 3 venc_ko blocks (pool0 0x73801000 len 0x10000)
src frame 189: srcf=15 off=6480 br=2000
frame 189: send=0x0 get=0x0 len=79 coding=1 startqp=0 meanqp=0 picbytes=0 pskip=0 nalus=1 n1:79
  cu: inter64=0 inter32=0 inter16=0 inter8=0 intra32=0 intra16=0 intra8=0 intra4=0 reftype=0
  snapshot f189: 3 venc_ko blocks (pool0 0x73801000 len 0x10000)
src frame 190: srcf=16 off=6480 br=2000
frame 190: send=0x0 get=0x0 len=79 coding=1 startqp=0 meanqp=0 picbytes=0 pskip=0 nalus=1 n1:79
  cu: inter64=0 inter32=0 inter16=0 inter8=0 intra32=0 intra16=0 intra8=0 intra4=0 reftype=0
  snapshot f190: 3 venc_ko blocks (pool0 0x73801000 len 0x10000)
src frame 191: srcf=17 off=6480 br=2000
frame 191: send=0x0 get=0x0 len=79 coding=1 startqp=0 meanqp=0 picbytes=0 pskip=0 nalus=1 n1:79
  cu: inter64=0 inter32=0 inter16=0 inter8=0 intra32=0 intra16=0 intra8=0 intra4=0 reftype=0
  snapshot f191: 3 venc_ko blocks (pool0 0x73801000 len 0x10000)
src frame 192: srcf=18 off=6480 br=2000
frame 192: send=0x0 get=0x0 len=79 coding=1 startqp=0 meanqp=0 picbytes=0 pskip=0 nalus=1 n1:79
  cu: inter64=0 inter32=0 inter16=0 inter8=0 intra32=0 intra16=0 intra8=0 intra4=0 reftype=0
  snapshot f192: 3 venc_ko blocks (pool0 0x73801000 len 0x10000)
src frame 193: srcf=19 off=6480 br=2000
frame 193: send=0x0 get=0x0 len=79 coding=1 startqp=0 meanqp=0 picbytes=0 pskip=0 nalus=1 n1:79
  cu: inter64=0 inter32=0 inter16=0 inter8=0 intra32=0 intra16=0 intra8=0 intra4=0 reftype=0
  snapshot f193: 3 venc_ko blocks (pool0 0x73801000 len 0x10000)
src frame 194: srcf=20 off=6480 br=2000
frame 194: send=0x0 get=0x0 len=79 coding=1 startqp=0 meanqp=0 picbytes=0 pskip=0 nalus=1 n1:79
  cu: inter64=0 inter32=0 inter16=0 inter8=0 intra32=0 intra16=0 intra8=0 intra4=0 reftype=0
  snapshot f194: 3 venc_ko blocks (pool0 0x73801000 len 0x10000)
src frame 195: srcf=21 off=7020 br=2000
frame 195: send=0x0 get=0x0 len=3703 coding=1 startqp=0 meanqp=0 picbytes=0 pskip=0 nalus=1 n1:3703
  cu: inter64=0 inter32=0 inter16=0 inter8=0 intra32=0 intra16=0 intra8=0 intra4=0 reftype=0
  snapshot f195: 3 venc_ko blocks (pool0 0x73801000 len 0x10000)
src frame 196: srcf=22 off=7020 br=2000
frame 196: send=0x0 get=0x0 len=491 coding=1 startqp=0 meanqp=0 picbytes=0 pskip=0 nalus=1 n1:491
  cu: inter64=0 inter32=0 inter16=0 inter8=0 intra32=0 intra16=0 intra8=0 intra4=0 reftype=0
  snapshot f196: 3 venc_ko blocks (pool0 0x73801000 len 0x10000)
src frame 197: srcf=23 off=7020 br=2000
frame 197: send=0x0 get=0x0 len=304 coding=1 startqp=0 meanqp=0 picbytes=0 pskip=0 nalus=1 n1:304
  cu: inter64=0 inter32=0 inter16=0 inter8=0 intra32=0 intra16=0 intra8=0 intra4=0 reftype=0
  snapshot f197: 3 venc_ko blocks (pool0 0x73801000 len 0x10000)
src frame 198: srcf=24 off=7020 br=2000
frame 198: send=0x0 get=0x0 len=272 coding=1 startqp=0 meanqp=0 picbytes=0 pskip=0 nalus=1 n1:272
  cu: inter64=0 inter32=0 inter16=0 inter8=0 intra32=0 intra16=0 intra8=0 intra4=0 reftype=0
  snapshot f198: 3 venc_ko blocks (pool0 0x73801000 len 0x10000)
src frame 199: srcf=25 off=7020 br=2000
frame 199: send=0x0 get=0x0 len=285 coding=1 startqp=0 meanqp=0 picbytes=0 pskip=0 nalus=1 n1:285
  cu: inter64=0 inter32=0 inter16=0 inter8=0 intra32=0 intra16=0 intra8=0 intra4=0 reftype=0
  snapshot f199: 3 venc_ko blocks (pool0 0x73801000 len 0x10000)
src frame 200: srcf=26 off=7020 br=2000
frame 200: send=0x0 get=0x0 len=292 coding=1 startqp=0 meanqp=0 picbytes=0 pskip=0 nalus=1 n1:292
  cu: inter64=0 inter32=0 inter16=0 inter8=0 intra32=0 intra16=0 intra8=0 intra4=0 reftype=0
  snapshot f200: 3 venc_ko blocks (pool0 0x73801000 len 0x10000)
src frame 201: srcf=27 off=7020 br=2000
frame 201: send=0x0 get=0x0 len=276 coding=1 startqp=0 meanqp=0 picbytes=0 pskip=0 nalus=1 n1:276
  cu: inter64=0 inter32=0 inter16=0 inter8=0 intra32=0 intra16=0 intra8=0 intra4=0 reftype=0
  snapshot f201: 3 venc_ko blocks (pool0 0x73801000 len 0x10000)
src frame 202: srcf=28 off=7020 br=2000
frame 202: send=0x0 get=0x0 len=281 coding=1 startqp=0 meanqp=0 picbytes=0 pskip=0 nalus=1 n1:281
  cu: inter64=0 inter32=0 inter16=0 inter8=0 intra32=0 intra16=0 intra8=0 intra4=0 reftype=0
  snapshot f202: 3 venc_ko blocks (pool0 0x73801000 len 0x10000)
src frame 203: srcf=29 off=7020 br=2000
frame 203: send=0x0 get=0x0 len=280 coding=1 startqp=0 meanqp=0 picbytes=0 pskip=0 nalus=1 n1:280
  cu: inter64=0 inter32=0 inter16=0 inter8=0 intra32=0 intra16=0 intra8=0 intra4=0 reftype=0
  snapshot f203: 3 venc_ko blocks (pool0 0x73801000 len 0x10000)
src frame 204: srcf=28 off=7020 br=2000
frame 204: send=0x0 get=0x0 len=262 coding=1 startqp=0 meanqp=0 picbytes=0 pskip=0 nalus=1 n1:262
  cu: inter64=0 inter32=0 inter16=0 inter8=0 intra32=0 intra16=0 intra8=0 intra4=0 reftype=0
  snapshot f204: 3 venc_ko blocks (pool0 0x73801000 len 0x10000)
src frame 205: srcf=27 off=7020 br=2000
frame 205: send=0x0 get=0x0 len=265 coding=1 startqp=0 meanqp=0 picbytes=0 pskip=0 nalus=1 n1:265
  cu: inter64=0 inter32=0 inter16=0 inter8=0 intra32=0 intra16=0 intra8=0 intra4=0 reftype=0
  snapshot f205: 3 venc_ko blocks (pool0 0x73801000 len 0x10000)
src frame 206: srcf=26 off=7020 br=2000
frame 206: send=0x0 get=0x0 len=264 coding=1 startqp=0 meanqp=0 picbytes=0 pskip=0 nalus=1 n1:264
  cu: inter64=0 inter32=0 inter16=0 inter8=0 intra32=0 intra16=0 intra8=0 intra4=0 reftype=0
  snapshot f206: 3 venc_ko blocks (pool0 0x73801000 len 0x10000)
src frame 207: srcf=25 off=7020 br=2000
frame 207: send=0x0 get=0x0 len=250 coding=1 startqp=0 meanqp=0 picbytes=0 pskip=0 nalus=1 n1:250
  cu: inter64=0 inter32=0 inter16=0 inter8=0 intra32=0 intra16=0 intra8=0 intra4=0 reftype=0
  snapshot f207: 3 venc_ko blocks (pool0 0x73801000 len 0x10000)
src frame 208: srcf=24 off=7020 br=2000
frame 208: send=0x0 get=0x0 len=255 coding=1 startqp=0 meanqp=0 picbytes=0 pskip=0 nalus=1 n1:255
  cu: inter64=0 inter32=0 inter16=0 inter8=0 intra32=0 intra16=0 intra8=0 intra4=0 reftype=0
  snapshot f208: 3 venc_ko blocks (pool0 0x73801000 len 0x10000)
src frame 209: srcf=23 off=7020 br=2000
frame 209: send=0x0 get=0x0 len=264 coding=1 startqp=0 meanqp=0 picbytes=0 pskip=0 nalus=1 n1:264
  cu: inter64=0 inter32=0 inter16=0 inter8=0 intra32=0 intra16=0 intra8=0 intra4=0 reftype=0
  snapshot f209: 3 venc_ko blocks (pool0 0x73801000 len 0x10000)
src frame 210: srcf=22 off=7560 br=2000
frame 210: send=0x0 get=0x0 len=22057 coding=0 startqp=0 meanqp=0 picbytes=0 pskip=0 nalus=4 n32:27 n33:53 n34:12 n19:21965
  cu: inter64=0 inter32=0 inter16=0 inter8=0 intra32=0 intra16=0 intra8=0 intra4=0 reftype=0
  snapshot f210: 3 venc_ko blocks (pool0 0x73801000 len 0x10000)
src frame 211: srcf=21 off=7560 br=2000
frame 211: send=0x0 get=0x0 len=918 coding=1 startqp=0 meanqp=0 picbytes=0 pskip=0 nalus=1 n1:918
  cu: inter64=0 inter32=0 inter16=0 inter8=0 intra32=0 intra16=0 intra8=0 intra4=0 reftype=0
  snapshot f211: 3 venc_ko blocks (pool0 0x73801000 len 0x10000)
src frame 212: srcf=20 off=7560 br=2000
frame 212: send=0x0 get=0x0 len=276 coding=1 startqp=0 meanqp=0 picbytes=0 pskip=0 nalus=1 n1:276
  cu: inter64=0 inter32=0 inter16=0 inter8=0 intra32=0 intra16=0 intra8=0 intra4=0 reftype=0
  snapshot f212: 3 venc_ko blocks (pool0 0x73801000 len 0x10000)
src frame 213: srcf=19 off=7560 br=2000
frame 213: send=0x0 get=0x0 len=210 coding=1 startqp=0 meanqp=0 picbytes=0 pskip=0 nalus=1 n1:210
  cu: inter64=0 inter32=0 inter16=0 inter8=0 intra32=0 intra16=0 intra8=0 intra4=0 reftype=0
  snapshot f213: 3 venc_ko blocks (pool0 0x73801000 len 0x10000)
src frame 214: srcf=18 off=7560 br=2000
frame 214: send=0x0 get=0x0 len=181 coding=1 startqp=0 meanqp=0 picbytes=0 pskip=0 nalus=1 n1:181
  cu: inter64=0 inter32=0 inter16=0 inter8=0 intra32=0 intra16=0 intra8=0 intra4=0 reftype=0
  snapshot f214: 3 venc_ko blocks (pool0 0x73801000 len 0x10000)
src frame 215: srcf=17 off=7560 br=2000
frame 215: send=0x0 get=0x0 len=160 coding=1 startqp=0 meanqp=0 picbytes=0 pskip=0 nalus=1 n1:160
  cu: inter64=0 inter32=0 inter16=0 inter8=0 intra32=0 intra16=0 intra8=0 intra4=0 reftype=0
  snapshot f215: 3 venc_ko blocks (pool0 0x73801000 len 0x10000)
src frame 216: srcf=16 off=7560 br=2000
frame 216: send=0x0 get=0x0 len=127 coding=1 startqp=0 meanqp=0 picbytes=0 pskip=0 nalus=1 n1:127
  cu: inter64=0 inter32=0 inter16=0 inter8=0 intra32=0 intra16=0 intra8=0 intra4=0 reftype=0
  snapshot f216: 3 venc_ko blocks (pool0 0x73801000 len 0x10000)
src frame 217: srcf=15 off=7560 br=2000
frame 217: send=0x0 get=0x0 len=112 coding=1 startqp=0 meanqp=0 picbytes=0 pskip=0 nalus=1 n1:112
  cu: inter64=0 inter32=0 inter16=0 inter8=0 intra32=0 intra16=0 intra8=0 intra4=0 reftype=0
  snapshot f217: 3 venc_ko blocks (pool0 0x73801000 len 0x10000)
src frame 218: srcf=14 off=7560 br=2000
frame 218: send=0x0 get=0x0 len=95 coding=1 startqp=0 meanqp=0 picbytes=0 pskip=0 nalus=1 n1:95
  cu: inter64=0 inter32=0 inter16=0 inter8=0 intra32=0 intra16=0 intra8=0 intra4=0 reftype=0
  snapshot f218: 3 venc_ko blocks (pool0 0x73801000 len 0x10000)
src frame 219: srcf=13 off=7560 br=2000
frame 219: send=0x0 get=0x0 len=79 coding=1 startqp=0 meanqp=0 picbytes=0 pskip=0 nalus=1 n1:79
  cu: inter64=0 inter32=0 inter16=0 inter8=0 intra32=0 intra16=0 intra8=0 intra4=0 reftype=0
  snapshot f219: 3 venc_ko blocks (pool0 0x73801000 len 0x10000)
src frame 220: srcf=12 off=7560 br=2000
frame 220: send=0x0 get=0x0 len=79 coding=1 startqp=0 meanqp=0 picbytes=0 pskip=0 nalus=1 n1:79
  cu: inter64=0 inter32=0 inter16=0 inter8=0 intra32=0 intra16=0 intra8=0 intra4=0 reftype=0
  snapshot f220: 3 venc_ko blocks (pool0 0x73801000 len 0x10000)
src frame 221: srcf=11 off=7560 br=2000
frame 221: send=0x0 get=0x0 len=79 coding=1 startqp=0 meanqp=0 picbytes=0 pskip=0 nalus=1 n1:79
  cu: inter64=0 inter32=0 inter16=0 inter8=0 intra32=0 intra16=0 intra8=0 intra4=0 reftype=0
  snapshot f221: 3 venc_ko blocks (pool0 0x73801000 len 0x10000)
src frame 222: srcf=10 off=7560 br=2000
frame 222: send=0x0 get=0x0 len=79 coding=1 startqp=0 meanqp=0 picbytes=0 pskip=0 nalus=1 n1:79
  cu: inter64=0 inter32=0 inter16=0 inter8=0 intra32=0 intra16=0 intra8=0 intra4=0 reftype=0
  snapshot f222: 3 venc_ko blocks (pool0 0x73801000 len 0x10000)
src frame 223: srcf=9 off=7560 br=2000
frame 223: send=0x0 get=0x0 len=79 coding=1 startqp=0 meanqp=0 picbytes=0 pskip=0 nalus=1 n1:79
  cu: inter64=0 inter32=0 inter16=0 inter8=0 intra32=0 intra16=0 intra8=0 intra4=0 reftype=0
  snapshot f223: 3 venc_ko blocks (pool0 0x73801000 len 0x10000)
src frame 224: srcf=8 off=7560 br=2000
frame 224: send=0x0 get=0x0 len=79 coding=1 startqp=0 meanqp=0 picbytes=0 pskip=0 nalus=1 n1:79
  cu: inter64=0 inter32=0 inter16=0 inter8=0 intra32=0 intra16=0 intra8=0 intra4=0 reftype=0
  snapshot f224: 3 venc_ko blocks (pool0 0x73801000 len 0x10000)
src frame 225: srcf=7 off=8100 br=2000
frame 225: send=0x0 get=0x0 len=3703 coding=1 startqp=0 meanqp=0 picbytes=0 pskip=0 nalus=1 n1:3703
  cu: inter64=0 inter32=0 inter16=0 inter8=0 intra32=0 intra16=0 intra8=0 intra4=0 reftype=0
  snapshot f225: 3 venc_ko blocks (pool0 0x73801000 len 0x10000)
src frame 226: srcf=6 off=8100 br=2000
frame 226: send=0x0 get=0x0 len=491 coding=1 startqp=0 meanqp=0 picbytes=0 pskip=0 nalus=1 n1:491
  cu: inter64=0 inter32=0 inter16=0 inter8=0 intra32=0 intra16=0 intra8=0 intra4=0 reftype=0
  snapshot f226: 3 venc_ko blocks (pool0 0x73801000 len 0x10000)
src frame 227: srcf=5 off=8100 br=2000
frame 227: send=0x0 get=0x0 len=304 coding=1 startqp=0 meanqp=0 picbytes=0 pskip=0 nalus=1 n1:304
  cu: inter64=0 inter32=0 inter16=0 inter8=0 intra32=0 intra16=0 intra8=0 intra4=0 reftype=0
  snapshot f227: 3 venc_ko blocks (pool0 0x73801000 len 0x10000)
src frame 228: srcf=4 off=8100 br=2000
frame 228: send=0x0 get=0x0 len=272 coding=1 startqp=0 meanqp=0 picbytes=0 pskip=0 nalus=1 n1:272
  cu: inter64=0 inter32=0 inter16=0 inter8=0 intra32=0 intra16=0 intra8=0 intra4=0 reftype=0
  snapshot f228: 3 venc_ko blocks (pool0 0x73801000 len 0x10000)
src frame 229: srcf=3 off=8100 br=2000
frame 229: send=0x0 get=0x0 len=285 coding=1 startqp=0 meanqp=0 picbytes=0 pskip=0 nalus=1 n1:285
  cu: inter64=0 inter32=0 inter16=0 inter8=0 intra32=0 intra16=0 intra8=0 intra4=0 reftype=0
  snapshot f229: 3 venc_ko blocks (pool0 0x73801000 len 0x10000)
src frame 230: srcf=2 off=8100 br=2000
frame 230: send=0x0 get=0x0 len=292 coding=1 startqp=0 meanqp=0 picbytes=0 pskip=0 nalus=1 n1:292
  cu: inter64=0 inter32=0 inter16=0 inter8=0 intra32=0 intra16=0 intra8=0 intra4=0 reftype=0
  snapshot f230: 3 venc_ko blocks (pool0 0x73801000 len 0x10000)
src frame 231: srcf=1 off=8100 br=2000
frame 231: send=0x0 get=0x0 len=276 coding=1 startqp=0 meanqp=0 picbytes=0 pskip=0 nalus=1 n1:276
  cu: inter64=0 inter32=0 inter16=0 inter8=0 intra32=0 intra16=0 intra8=0 intra4=0 reftype=0
  snapshot f231: 3 venc_ko blocks (pool0 0x73801000 len 0x10000)
src frame 232: srcf=0 off=8100 br=2000
frame 232: send=0x0 get=0x0 len=281 coding=1 startqp=0 meanqp=0 picbytes=0 pskip=0 nalus=1 n1:281
  cu: inter64=0 inter32=0 inter16=0 inter8=0 intra32=0 intra16=0 intra8=0 intra4=0 reftype=0
  snapshot f232: 3 venc_ko blocks (pool0 0x73801000 len 0x10000)
src frame 233: srcf=1 off=8100 br=2000
frame 233: send=0x0 get=0x0 len=280 coding=1 startqp=0 meanqp=0 picbytes=0 pskip=0 nalus=1 n1:280
  cu: inter64=0 inter32=0 inter16=0 inter8=0 intra32=0 intra16=0 intra8=0 intra4=0 reftype=0
  snapshot f233: 3 venc_ko blocks (pool0 0x73801000 len 0x10000)
src frame 234: srcf=2 off=8100 br=2000
frame 234: send=0x0 get=0x0 len=262 coding=1 startqp=0 meanqp=0 picbytes=0 pskip=0 nalus=1 n1:262
  cu: inter64=0 inter32=0 inter16=0 inter8=0 intra32=0 intra16=0 intra8=0 intra4=0 reftype=0
  snapshot f234: 3 venc_ko blocks (pool0 0x73801000 len 0x10000)
src frame 235: srcf=3 off=8100 br=2000
frame 235: send=0x0 get=0x0 len=265 coding=1 startqp=0 meanqp=0 picbytes=0 pskip=0 nalus=1 n1:265
  cu: inter64=0 inter32=0 inter16=0 inter8=0 intra32=0 intra16=0 intra8=0 intra4=0 reftype=0
  snapshot f235: 3 venc_ko blocks (pool0 0x73801000 len 0x10000)
src frame 236: srcf=4 off=8100 br=2000
frame 236: send=0x0 get=0x0 len=264 coding=1 startqp=0 meanqp=0 picbytes=0 pskip=0 nalus=1 n1:264
  cu: inter64=0 inter32=0 inter16=0 inter8=0 intra32=0 intra16=0 intra8=0 intra4=0 reftype=0
  snapshot f236: 3 venc_ko blocks (pool0 0x73801000 len 0x10000)
src frame 237: srcf=5 off=8100 br=2000
frame 237: send=0x0 get=0x0 len=250 coding=1 startqp=0 meanqp=0 picbytes=0 pskip=0 nalus=1 n1:250
  cu: inter64=0 inter32=0 inter16=0 inter8=0 intra32=0 intra16=0 intra8=0 intra4=0 reftype=0
  snapshot f237: 3 venc_ko blocks (pool0 0x73801000 len 0x10000)
src frame 238: srcf=6 off=8100 br=2000
frame 238: send=0x0 get=0x0 len=255 coding=1 startqp=0 meanqp=0 picbytes=0 pskip=0 nalus=1 n1:255
  cu: inter64=0 inter32=0 inter16=0 inter8=0 intra32=0 intra16=0 intra8=0 intra4=0 reftype=0
  snapshot f238: 3 venc_ko blocks (pool0 0x73801000 len 0x10000)
src frame 239: srcf=7 off=8100 br=2000
frame 239: send=0x0 get=0x0 len=264 coding=1 startqp=0 meanqp=0 picbytes=0 pskip=0 nalus=1 n1:264
  cu: inter64=0 inter32=0 inter16=0 inter8=0 intra32=0 intra16=0 intra8=0 intra4=0 reftype=0
  snapshot f239: 3 venc_ko blocks (pool0 0x73801000 len 0x10000)
---- /proc/ax_proc/venc ----
-------- VENC VERSION ------------------------
[Axera version]: ax_venc V3.0.0_20250319114413 Mar 19 2025 11:58:34 JK

-------- MODULE PARAM ------------------------
MaxChnNum   MaxRoiNum   MaxProcNum  
16          8           16          

-------- VENC CHN ATTR 1 ------------------------
ID    Type    wSrc    hSrc    Strd0   Strd1   maxW    maxH    PixFmt  link  InFifoDep    OutFifoDep   InDbgFifoLen InDbgFifoDep StrmBufSize(KB)
7     h265    1920    1080    3840    0       1920    1080    YUYV422 N     2            2            0            4            4114      
-------- VENC CHN ATTR 2 ------------------------
ID    [CropEn StartX  StartY  CropW   CropH]  Rotation  EncW    EncH    FrmSize      PTS          SeqNum       CompMode     CompLevel    PhyAddr0     PhyAddr1     PhyAddr2     
7     N       0       0       0       0       0         1920    1080    4147200      3233333      195          NONE         0            742cb000     0            0            
-------- VENC RC ATTR 1 ------------------------
ID    RcMode    SrcFr   DstFr   Br(kbps)  MinQp   MaxQp   MinIQp  MaxIQp  IQpDelta  IpropMax   IpropMin   StartQp    QpDltRng   DeBrQpDlt  SvcEn   ChgPos  StillPercent MaxStillQp 
7     CBR       60.00   60.00   2000      10      51      10      51      0         40         10         -1         2          0          False   -       -            -          
-------- VENC RC ATTR 2  -----------------------
ID    QMapQpType  QMapUnit    QMapBlkType IQp   PQp   MinQpDelta MaxQpDelta MaxBitRate shtStaTime ltStaTime  ltMinBr  ltMaxBr  Br_ST(kbps)    Br_LT(kbps)    
7     N/A         64x64       N/A         -     -     -          -          -          -          -          -        -        -              -              
-------- VENC GOP ATTR  ------------------------
ID    GopMode   Gop   GopVI 
7     NormalP   30    0     
-------- VENC STATUS 1 -------------------------
ID    RJEn         RJThr(bps)   RJMode       RJEncGaps    SupFrmEn     SupPri       SupThrI      SupThrP      SplitEn      SliceNum     Range(In)    Range(out)   
7     N            0            Normal       0            N            0            500000       500000       N            0            Full         Full         
-------- VENC STATUS 2 -------------------------
ID    ChnStat   FrmRecv   FrmRls    FrmEnc    FrmDrop   FrmDup    EncFail   MissMatch StrmGet   StrmRls   OutFps    RealBr    ReEncCnt  DropCnt   BlkFail   GrpID     PID     TID     ThNum   RefInc    RefDec    Fail1   Fail2   Fail3   Fail4   
7     STARTED   195       195       195       0         0         0         0         195       195       49.50     466.10    0         0         0         -1        130588  130592  1       195       195       0       0       0       0       
-------- VENC HW STATUS  ------------------------
ID    OverFlow     TimeOut      
7     0            0            
-------- VENC ROI INFO  ------------------------
ID    Index        bEnable      bAbsQp       RoiQP        Width        Height       StartX       StartY       
done h265_jump15_cbr2000
rc=0
== h265_jump15_cbr2000: codec=h265 rc=cbr br=2000 fps=60 gop=30 frames=240 total=256885 B achieved=514 kbps
I frames (frame:qp/bytes): 0:35/23659 30:36/22057 60:36/22057 90:36/22057 120:36/22057 150:36/22057 180:36/22057 210:36/22057
first P after each I (frame:qp): 1:38 31:37 61:37 91:37 121:37 151:37 181:37 211:37
per-GOP: gop#: kbps I_qp P_qp[min..max] P_qp_last
  0: 487 kbps I=[35] P=[38..51] last=51 n=30
  1: 518 kbps I=[36] P=[37..46] last=46 n=30
  2: 518 kbps I=[36] P=[37..46] last=46 n=30
  3: 518 kbps I=[36] P=[37..46] last=46 n=30
  4: 518 kbps I=[36] P=[37..46] last=46 n=30
  5: 518 kbps I=[36] P=[37..46] last=46 n=30
  6: 518 kbps I=[36] P=[37..46] last=46 n=30
  7: 518 kbps I=[36] P=[37..46] last=46 n=30
P->P QP step histogram: +0:156 +1:60 +2:8
I->firstP QP delta: +3 +1 +1 +1 +1 +1 +1 +1
sw7 frame-QP == slice QP: 240/240 frames with a program agree; mismatches at []
slot flags: {'': 240}
sw105-107 distinct (I): [('0x0', '0x0', '0x0')]
sw172/173 distinct: [('0x14f', '0x662'), ('0x14f', '0x66a')]
sw6 distinct (I / P): ['0x20000b'] ['0x200003']
=== h265_jump1_cbr8000: codec=h265 rc=cbr br=8000 nframes=240 src=/root/rc65/clips/static.yuyv motion=jump mstep=1
# vdrive tag=h265_jump1_cbr8000 codec=h265 1920x1080 rc=cbr br=8000 fps=60/60 gop=30 gopmode=normalp ltrint=0 ltrqpo=0 iqp=32 pqp=32 profile=0 level=153 tier=0 qp[10..51] iqp[10..51] iqd=0 firstqp=-1 iprop[10..40] idrrange=2 stattime=1 vq=0 ir=0/0 slice=0 debreath=0 scd=-1 rowqpd=-1 vui=-1 move=0 nframes=240
src=/root/rc65/clips/static.yuyv frames=30 loop=pingpong motion=jump mstep=1 window=0..-1
AX_SYS_Init rc=0x0
AX_VENC_Init rc=0x0
AX_VENC_CreateChn(7) rc=0x0
StartRecvFrame rc=0x0
AX_POOL_CreatePool id=0x0
blk=0x5e000000 phys=0x742cb000 virt=0xffffa0ef5000
frame: modid=0x11 stride=1920 fmt=0xd
  snapshot pre: 3 venc_ko blocks (pool0 0x73801000 len 0x10000)
src frame 0: srcf=0 off=0 br=8000
frame 0: send=0x0 get=0x0 len=28832 coding=0 startqp=0 meanqp=0 picbytes=0 pskip=0 nalus=4 n32:27 n33:53 n34:12 n19:28740
  cu: inter64=0 inter32=0 inter16=0 inter8=0 intra32=0 intra16=0 intra8=0 intra4=0 reftype=0
  snapshot f000: 3 venc_ko blocks (pool0 0x73801000 len 0x10000)
src frame 1: srcf=1 off=540 br=8000
frame 1: send=0x0 get=0x0 len=18064 coding=1 startqp=0 meanqp=0 picbytes=0 pskip=0 nalus=1 n1:18064
  cu: inter64=0 inter32=0 inter16=0 inter8=0 intra32=0 intra16=0 intra8=0 intra4=0 reftype=0
  snapshot f001: 3 venc_ko blocks (pool0 0x73801000 len 0x10000)
src frame 2: srcf=2 off=1080 br=8000
frame 2: send=0x0 get=0x0 len=11272 coding=1 startqp=0 meanqp=0 picbytes=0 pskip=0 nalus=1 n1:11272
  cu: inter64=0 inter32=0 inter16=0 inter8=0 intra32=0 intra16=0 intra8=0 intra4=0 reftype=0
  snapshot f002: 3 venc_ko blocks (pool0 0x73801000 len 0x10000)
src frame 3: srcf=3 off=1620 br=8000
frame 3: send=0x0 get=0x0 len=17120 coding=1 startqp=0 meanqp=0 picbytes=0 pskip=0 nalus=1 n1:17120
  cu: inter64=0 inter32=0 inter16=0 inter8=0 intra32=0 intra16=0 intra8=0 intra4=0 reftype=0
  snapshot f003: 3 venc_ko blocks (pool0 0x73801000 len 0x10000)
src frame 4: srcf=4 off=2160 br=8000
frame 4: send=0x0 get=0x0 len=12290 coding=1 startqp=0 meanqp=0 picbytes=0 pskip=0 nalus=1 n1:12290
  cu: inter64=0 inter32=0 inter16=0 inter8=0 intra32=0 intra16=0 intra8=0 intra4=0 reftype=0
  snapshot f004: 3 venc_ko blocks (pool0 0x73801000 len 0x10000)
src frame 5: srcf=5 off=2700 br=8000
frame 5: send=0x0 get=0x0 len=19433 coding=1 startqp=0 meanqp=0 picbytes=0 pskip=0 nalus=1 n1:19433
  cu: inter64=0 inter32=0 inter16=0 inter8=0 intra32=0 intra16=0 intra8=0 intra4=0 reftype=0
  snapshot f005: 3 venc_ko blocks (pool0 0x73801000 len 0x10000)
src frame 6: srcf=6 off=3240 br=8000
frame 6: send=0x0 get=0x0 len=13561 coding=1 startqp=0 meanqp=0 picbytes=0 pskip=0 nalus=1 n1:13561
  cu: inter64=0 inter32=0 inter16=0 inter8=0 intra32=0 intra16=0 intra8=0 intra4=0 reftype=0
  snapshot f006: 3 venc_ko blocks (pool0 0x73801000 len 0x10000)
src frame 7: srcf=7 off=3780 br=8000
frame 7: send=0x0 get=0x0 len=21139 coding=1 startqp=0 meanqp=0 picbytes=0 pskip=0 nalus=1 n1:21139
  cu: inter64=0 inter32=0 inter16=0 inter8=0 intra32=0 intra16=0 intra8=0 intra4=0 reftype=0
  snapshot f007: 3 venc_ko blocks (pool0 0x73801000 len 0x10000)
src frame 8: srcf=8 off=4320 br=8000
frame 8: send=0x0 get=0x0 len=14767 coding=1 startqp=0 meanqp=0 picbytes=0 pskip=0 nalus=1 n1:14767
  cu: inter64=0 inter32=0 inter16=0 inter8=0 intra32=0 intra16=0 intra8=0 intra4=0 reftype=0
  snapshot f008: 3 venc_ko blocks (pool0 0x73801000 len 0x10000)
src frame 9: srcf=9 off=4860 br=8000
frame 9: send=0x0 get=0x0 len=21292 coding=1 startqp=0 meanqp=0 picbytes=0 pskip=0 nalus=1 n1:21292
  cu: inter64=0 inter32=0 inter16=0 inter8=0 intra32=0 intra16=0 intra8=0 intra4=0 reftype=0
  snapshot f009: 3 venc_ko blocks (pool0 0x73801000 len 0x10000)
src frame 10: srcf=10 off=5400 br=8000
frame 10: send=0x0 get=0x0 len=14817 coding=1 startqp=0 meanqp=0 picbytes=0 pskip=0 nalus=1 n1:14817
  cu: inter64=0 inter32=0 inter16=0 inter8=0 intra32=0 intra16=0 intra8=0 intra4=0 reftype=0
  snapshot f010: 3 venc_ko blocks (pool0 0x73801000 len 0x10000)
src frame 11: srcf=11 off=5940 br=8000
frame 11: send=0x0 get=0x0 len=21117 coding=1 startqp=0 meanqp=0 picbytes=0 pskip=0 nalus=1 n1:21117
  cu: inter64=0 inter32=0 inter16=0 inter8=0 intra32=0 intra16=0 intra8=0 intra4=0 reftype=0
  snapshot f011: 3 venc_ko blocks (pool0 0x73801000 len 0x10000)
src frame 12: srcf=12 off=6480 br=8000
frame 12: send=0x0 get=0x0 len=14846 coding=1 startqp=0 meanqp=0 picbytes=0 pskip=0 nalus=1 n1:14846
  cu: inter64=0 inter32=0 inter16=0 inter8=0 intra32=0 intra16=0 intra8=0 intra4=0 reftype=0
  snapshot f012: 3 venc_ko blocks (pool0 0x73801000 len 0x10000)
src frame 13: srcf=13 off=7020 br=8000
frame 13: send=0x0 get=0x0 len=21127 coding=1 startqp=0 meanqp=0 picbytes=0 pskip=0 nalus=1 n1:21127
  cu: inter64=0 inter32=0 inter16=0 inter8=0 intra32=0 intra16=0 intra8=0 intra4=0 reftype=0
  snapshot f013: 3 venc_ko blocks (pool0 0x73801000 len 0x10000)
src frame 14: srcf=14 off=7560 br=8000
frame 14: send=0x0 get=0x0 len=14746 coding=1 startqp=0 meanqp=0 picbytes=0 pskip=0 nalus=1 n1:14746
  cu: inter64=0 inter32=0 inter16=0 inter8=0 intra32=0 intra16=0 intra8=0 intra4=0 reftype=0
  snapshot f014: 3 venc_ko blocks (pool0 0x73801000 len 0x10000)
src frame 15: srcf=15 off=8100 br=8000
frame 15: send=0x0 get=0x0 len=21112 coding=1 startqp=0 meanqp=0 picbytes=0 pskip=0 nalus=1 n1:21112
  cu: inter64=0 inter32=0 inter16=0 inter8=0 intra32=0 intra16=0 intra8=0 intra4=0 reftype=0
  snapshot f015: 3 venc_ko blocks (pool0 0x73801000 len 0x10000)
src frame 16: srcf=16 off=8640 br=8000
frame 16: send=0x0 get=0x0 len=14811 coding=1 startqp=0 meanqp=0 picbytes=0 pskip=0 nalus=1 n1:14811
  cu: inter64=0 inter32=0 inter16=0 inter8=0 intra32=0 intra16=0 intra8=0 intra4=0 reftype=0
  snapshot f016: 3 venc_ko blocks (pool0 0x73801000 len 0x10000)
src frame 17: srcf=17 off=9180 br=8000
frame 17: send=0x0 get=0x0 len=21141 coding=1 startqp=0 meanqp=0 picbytes=0 pskip=0 nalus=1 n1:21141
  cu: inter64=0 inter32=0 inter16=0 inter8=0 intra32=0 intra16=0 intra8=0 intra4=0 reftype=0
  snapshot f017: 3 venc_ko blocks (pool0 0x73801000 len 0x10000)
src frame 18: srcf=18 off=9720 br=8000
frame 18: send=0x0 get=0x0 len=14728 coding=1 startqp=0 meanqp=0 picbytes=0 pskip=0 nalus=1 n1:14728
  cu: inter64=0 inter32=0 inter16=0 inter8=0 intra32=0 intra16=0 intra8=0 intra4=0 reftype=0
  snapshot f018: 3 venc_ko blocks (pool0 0x73801000 len 0x10000)
src frame 19: srcf=19 off=10260 br=8000
frame 19: send=0x0 get=0x0 len=21068 coding=1 startqp=0 meanqp=0 picbytes=0 pskip=0 nalus=1 n1:21068
  cu: inter64=0 inter32=0 inter16=0 inter8=0 intra32=0 intra16=0 intra8=0 intra4=0 reftype=0
  snapshot f019: 3 venc_ko blocks (pool0 0x73801000 len 0x10000)
src frame 20: srcf=20 off=10800 br=8000
frame 20: send=0x0 get=0x0 len=14723 coding=1 startqp=0 meanqp=0 picbytes=0 pskip=0 nalus=1 n1:14723
  cu: inter64=0 inter32=0 inter16=0 inter8=0 intra32=0 intra16=0 intra8=0 intra4=0 reftype=0
  snapshot f020: 3 venc_ko blocks (pool0 0x73801000 len 0x10000)
src frame 21: srcf=21 off=11340 br=8000
frame 21: send=0x0 get=0x0 len=19439 coding=1 startqp=0 meanqp=0 picbytes=0 pskip=0 nalus=1 n1:19439
  cu: inter64=0 inter32=0 inter16=0 inter8=0 intra32=0 intra16=0 intra8=0 intra4=0 reftype=0
  snapshot f021: 3 venc_ko blocks (pool0 0x73801000 len 0x10000)
src frame 22: srcf=22 off=11880 br=8000
frame 22: send=0x0 get=0x0 len=13377 coding=1 startqp=0 meanqp=0 picbytes=0 pskip=0 nalus=1 n1:13377
  cu: inter64=0 inter32=0 inter16=0 inter8=0 intra32=0 intra16=0 intra8=0 intra4=0 reftype=0
  snapshot f022: 3 venc_ko blocks (pool0 0x73801000 len 0x10000)
src frame 23: srcf=23 off=12420 br=8000
frame 23: send=0x0 get=0x0 len=20937 coding=1 startqp=0 meanqp=0 picbytes=0 pskip=0 nalus=1 n1:20937
  cu: inter64=0 inter32=0 inter16=0 inter8=0 intra32=0 intra16=0 intra8=0 intra4=0 reftype=0
  snapshot f023: 3 venc_ko blocks (pool0 0x73801000 len 0x10000)
src frame 24: srcf=24 off=12960 br=8000
frame 24: send=0x0 get=0x0 len=14580 coding=1 startqp=0 meanqp=0 picbytes=0 pskip=0 nalus=1 n1:14580
  cu: inter64=0 inter32=0 inter16=0 inter8=0 intra32=0 intra16=0 intra8=0 intra4=0 reftype=0
  snapshot f024: 3 venc_ko blocks (pool0 0x73801000 len 0x10000)
src frame 25: srcf=25 off=13500 br=8000
frame 25: send=0x0 get=0x0 len=19420 coding=1 startqp=0 meanqp=0 picbytes=0 pskip=0 nalus=1 n1:19420
  cu: inter64=0 inter32=0 inter16=0 inter8=0 intra32=0 intra16=0 intra8=0 intra4=0 reftype=0
  snapshot f025: 3 venc_ko blocks (pool0 0x73801000 len 0x10000)
src frame 26: srcf=26 off=14040 br=8000
frame 26: send=0x0 get=0x0 len=13290 coding=1 startqp=0 meanqp=0 picbytes=0 pskip=0 nalus=1 n1:13290
  cu: inter64=0 inter32=0 inter16=0 inter8=0 intra32=0 intra16=0 intra8=0 intra4=0 reftype=0
  snapshot f026: 3 venc_ko blocks (pool0 0x73801000 len 0x10000)
src frame 27: srcf=27 off=14580 br=8000
frame 27: send=0x0 get=0x0 len=20960 coding=1 startqp=0 meanqp=0 picbytes=0 pskip=0 nalus=1 n1:20960
  cu: inter64=0 inter32=0 inter16=0 inter8=0 intra32=0 intra16=0 intra8=0 intra4=0 reftype=0
  snapshot f027: 3 venc_ko blocks (pool0 0x73801000 len 0x10000)
src frame 28: srcf=28 off=15120 br=8000
frame 28: send=0x0 get=0x0 len=14511 coding=1 startqp=0 meanqp=0 picbytes=0 pskip=0 nalus=1 n1:14511
  cu: inter64=0 inter32=0 inter16=0 inter8=0 intra32=0 intra16=0 intra8=0 intra4=0 reftype=0
  snapshot f028: 3 venc_ko blocks (pool0 0x73801000 len 0x10000)
src frame 29: srcf=29 off=15660 br=8000
frame 29: send=0x0 get=0x0 len=19408 coding=1 startqp=0 meanqp=0 picbytes=0 pskip=0 nalus=1 n1:19408
  cu: inter64=0 inter32=0 inter16=0 inter8=0 intra32=0 intra16=0 intra8=0 intra4=0 reftype=0
  snapshot f029: 3 venc_ko blocks (pool0 0x73801000 len 0x10000)
src frame 30: srcf=28 off=16200 br=8000
frame 30: send=0x0 get=0x0 len=30570 coding=0 startqp=0 meanqp=0 picbytes=0 pskip=0 nalus=4 n32:27 n33:53 n34:12 n19:30478
  cu: inter64=0 inter32=0 inter16=0 inter8=0 intra32=0 intra16=0 intra8=0 intra4=0 reftype=0
  snapshot f030: 3 venc_ko blocks (pool0 0x73801000 len 0x10000)
src frame 31: srcf=27 off=16740 br=8000
frame 31: send=0x0 get=0x0 len=19511 coding=1 startqp=0 meanqp=0 picbytes=0 pskip=0 nalus=1 n1:19511
  cu: inter64=0 inter32=0 inter16=0 inter8=0 intra32=0 intra16=0 intra8=0 intra4=0 reftype=0
  snapshot f031: 3 venc_ko blocks (pool0 0x73801000 len 0x10000)
src frame 32: srcf=26 off=17280 br=8000
frame 32: send=0x0 get=0x0 len=13427 coding=1 startqp=0 meanqp=0 picbytes=0 pskip=0 nalus=1 n1:13427
  cu: inter64=0 inter32=0 inter16=0 inter8=0 intra32=0 intra16=0 intra8=0 intra4=0 reftype=0
  snapshot f032: 3 venc_ko blocks (pool0 0x73801000 len 0x10000)
src frame 33: srcf=25 off=17820 br=8000
frame 33: send=0x0 get=0x0 len=21095 coding=1 startqp=0 meanqp=0 picbytes=0 pskip=0 nalus=1 n1:21095
  cu: inter64=0 inter32=0 inter16=0 inter8=0 intra32=0 intra16=0 intra8=0 intra4=0 reftype=0
  snapshot f033: 3 venc_ko blocks (pool0 0x73801000 len 0x10000)
src frame 34: srcf=24 off=18360 br=8000
frame 34: send=0x0 get=0x0 len=14567 coding=1 startqp=0 meanqp=0 picbytes=0 pskip=0 nalus=1 n1:14567
  cu: inter64=0 inter32=0 inter16=0 inter8=0 intra32=0 intra16=0 intra8=0 intra4=0 reftype=0
  snapshot f034: 3 venc_ko blocks (pool0 0x73801000 len 0x10000)
src frame 35: srcf=23 off=18900 br=8000
frame 35: send=0x0 get=0x0 len=19488 coding=1 startqp=0 meanqp=0 picbytes=0 pskip=0 nalus=1 n1:19488
  cu: inter64=0 inter32=0 inter16=0 inter8=0 intra32=0 intra16=0 intra8=0 intra4=0 reftype=0
  snapshot f035: 3 venc_ko blocks (pool0 0x73801000 len 0x10000)
src frame 36: srcf=22 off=19440 br=8000
frame 36: send=0x0 get=0x0 len=13325 coding=1 startqp=0 meanqp=0 picbytes=0 pskip=0 nalus=1 n1:13325
  cu: inter64=0 inter32=0 inter16=0 inter8=0 intra32=0 intra16=0 intra8=0 intra4=0 reftype=0
  snapshot f036: 3 venc_ko blocks (pool0 0x73801000 len 0x10000)
src frame 37: srcf=21 off=19980 br=8000
frame 37: send=0x0 get=0x0 len=21058 coding=1 startqp=0 meanqp=0 picbytes=0 pskip=0 nalus=1 n1:21058
  cu: inter64=0 inter32=0 inter16=0 inter8=0 intra32=0 intra16=0 intra8=0 intra4=0 reftype=0
  snapshot f037: 3 venc_ko blocks (pool0 0x73801000 len 0x10000)
src frame 38: srcf=20 off=20520 br=8000
frame 38: send=0x0 get=0x0 len=14135 coding=1 startqp=0 meanqp=0 picbytes=0 pskip=0 nalus=1 n1:14135
  cu: inter64=0 inter32=0 inter16=0 inter8=0 intra32=0 intra16=0 intra8=0 intra4=0 reftype=0
  snapshot f038: 3 venc_ko blocks (pool0 0x73801000 len 0x10000)
src frame 39: srcf=19 off=21060 br=8000
frame 39: send=0x0 get=0x0 len=19281 coding=1 startqp=0 meanqp=0 picbytes=0 pskip=0 nalus=1 n1:19281
  cu: inter64=0 inter32=0 inter16=0 inter8=0 intra32=0 intra16=0 intra8=0 intra4=0 reftype=0
  snapshot f039: 3 venc_ko blocks (pool0 0x73801000 len 0x10000)
src frame 40: srcf=18 off=21600 br=8000
frame 40: send=0x0 get=0x0 len=13209 coding=1 startqp=0 meanqp=0 picbytes=0 pskip=0 nalus=1 n1:13209
  cu: inter64=0 inter32=0 inter16=0 inter8=0 intra32=0 intra16=0 intra8=0 intra4=0 reftype=0
  snapshot f040: 3 venc_ko blocks (pool0 0x73801000 len 0x10000)
src frame 41: srcf=17 off=22140 br=8000
frame 41: send=0x0 get=0x0 len=19239 coding=1 startqp=0 meanqp=0 picbytes=0 pskip=0 nalus=1 n1:19239
  cu: inter64=0 inter32=0 inter16=0 inter8=0 intra32=0 intra16=0 intra8=0 intra4=0 reftype=0
  snapshot f041: 3 venc_ko blocks (pool0 0x73801000 len 0x10000)
src frame 42: srcf=16 off=22680 br=8000
frame 42: send=0x0 get=0x0 len=13038 coding=1 startqp=0 meanqp=0 picbytes=0 pskip=0 nalus=1 n1:13038
  cu: inter64=0 inter32=0 inter16=0 inter8=0 intra32=0 intra16=0 intra8=0 intra4=0 reftype=0
  snapshot f042: 3 venc_ko blocks (pool0 0x73801000 len 0x10000)
src frame 43: srcf=15 off=23220 br=8000
frame 43: send=0x0 get=0x0 len=19210 coding=1 startqp=0 meanqp=0 picbytes=0 pskip=0 nalus=1 n1:19210
  cu: inter64=0 inter32=0 inter16=0 inter8=0 intra32=0 intra16=0 intra8=0 intra4=0 reftype=0
  snapshot f043: 3 venc_ko blocks (pool0 0x73801000 len 0x10000)
src frame 44: srcf=14 off=23760 br=8000
frame 44: send=0x0 get=0x0 len=13073 coding=1 startqp=0 meanqp=0 picbytes=0 pskip=0 nalus=1 n1:13073
  cu: inter64=0 inter32=0 inter16=0 inter8=0 intra32=0 intra16=0 intra8=0 intra4=0 reftype=0
  snapshot f044: 3 venc_ko blocks (pool0 0x73801000 len 0x10000)
src frame 45: srcf=13 off=24300 br=8000
frame 45: send=0x0 get=0x0 len=19252 coding=1 startqp=0 meanqp=0 picbytes=0 pskip=0 nalus=1 n1:19252
  cu: inter64=0 inter32=0 inter16=0 inter8=0 intra32=0 intra16=0 intra8=0 intra4=0 reftype=0
  snapshot f045: 3 venc_ko blocks (pool0 0x73801000 len 0x10000)
src frame 46: srcf=12 off=24840 br=8000
frame 46: send=0x0 get=0x0 len=12941 coding=1 startqp=0 meanqp=0 picbytes=0 pskip=0 nalus=1 n1:12941
  cu: inter64=0 inter32=0 inter16=0 inter8=0 intra32=0 intra16=0 intra8=0 intra4=0 reftype=0
  snapshot f046: 3 venc_ko blocks (pool0 0x73801000 len 0x10000)
src frame 47: srcf=11 off=25380 br=8000
frame 47: send=0x0 get=0x0 len=17459 coding=1 startqp=0 meanqp=0 picbytes=0 pskip=0 nalus=1 n1:17459
  cu: inter64=0 inter32=0 inter16=0 inter8=0 intra32=0 intra16=0 intra8=0 intra4=0 reftype=0
  snapshot f047: 3 venc_ko blocks (pool0 0x73801000 len 0x10000)
src frame 48: srcf=10 off=25920 br=8000
frame 48: send=0x0 get=0x0 len=10663 coding=1 startqp=0 meanqp=0 picbytes=0 pskip=0 nalus=1 n1:10663
  cu: inter64=0 inter32=0 inter16=0 inter8=0 intra32=0 intra16=0 intra8=0 intra4=0 reftype=0
  snapshot f048: 3 venc_ko blocks (pool0 0x73801000 len 0x10000)
src frame 49: srcf=9 off=26460 br=8000
frame 49: send=0x0 get=0x0 len=17670 coding=1 startqp=0 meanqp=0 picbytes=0 pskip=0 nalus=1 n1:17670
  cu: inter64=0 inter32=0 inter16=0 inter8=0 intra32=0 intra16=0 intra8=0 intra4=0 reftype=0
  snapshot f049: 3 venc_ko blocks (pool0 0x73801000 len 0x10000)
src frame 50: srcf=8 off=27000 br=8000
frame 50: send=0x0 get=0x0 len=10577 coding=1 startqp=0 meanqp=0 picbytes=0 pskip=0 nalus=1 n1:10577
  cu: inter64=0 inter32=0 inter16=0 inter8=0 intra32=0 intra16=0 intra8=0 intra4=0 reftype=0
  snapshot f050: 3 venc_ko blocks (pool0 0x73801000 len 0x10000)
src frame 51: srcf=7 off=27540 br=8000
frame 51: send=0x0 get=0x0 len=17609 coding=1 startqp=0 meanqp=0 picbytes=0 pskip=0 nalus=1 n1:17609
  cu: inter64=0 inter32=0 inter16=0 inter8=0 intra32=0 intra16=0 intra8=0 intra4=0 reftype=0
  snapshot f051: 3 venc_ko blocks (pool0 0x73801000 len 0x10000)
src frame 52: srcf=6 off=28080 br=8000
frame 52: send=0x0 get=0x0 len=10649 coding=1 startqp=0 meanqp=0 picbytes=0 pskip=0 nalus=1 n1:10649
  cu: inter64=0 inter32=0 inter16=0 inter8=0 intra32=0 intra16=0 intra8=0 intra4=0 reftype=0
  snapshot f052: 3 venc_ko blocks (pool0 0x73801000 len 0x10000)
src frame 53: srcf=5 off=28620 br=8000
frame 53: send=0x0 get=0x0 len=17569 coding=1 startqp=0 meanqp=0 picbytes=0 pskip=0 nalus=1 n1:17569
  cu: inter64=0 inter32=0 inter16=0 inter8=0 intra32=0 intra16=0 intra8=0 intra4=0 reftype=0
  snapshot f053: 3 venc_ko blocks (pool0 0x73801000 len 0x10000)
src frame 54: srcf=4 off=29160 br=8000
frame 54: send=0x0 get=0x0 len=10532 coding=1 startqp=0 meanqp=0 picbytes=0 pskip=0 nalus=1 n1:10532
  cu: inter64=0 inter32=0 inter16=0 inter8=0 intra32=0 intra16=0 intra8=0 intra4=0 reftype=0
  snapshot f054: 3 venc_ko blocks (pool0 0x73801000 len 0x10000)
src frame 55: srcf=3 off=29700 br=8000
frame 55: send=0x0 get=0x0 len=17427 coding=1 startqp=0 meanqp=0 picbytes=0 pskip=0 nalus=1 n1:17427
  cu: inter64=0 inter32=0 inter16=0 inter8=0 intra32=0 intra16=0 intra8=0 intra4=0 reftype=0
  snapshot f055: 3 venc_ko blocks (pool0 0x73801000 len 0x10000)
src frame 56: srcf=2 off=30240 br=8000
frame 56: send=0x0 get=0x0 len=10271 coding=1 startqp=0 meanqp=0 picbytes=0 pskip=0 nalus=1 n1:10271
  cu: inter64=0 inter32=0 inter16=0 inter8=0 intra32=0 intra16=0 intra8=0 intra4=0 reftype=0
  snapshot f056: 3 venc_ko blocks (pool0 0x73801000 len 0x10000)
src frame 57: srcf=1 off=30780 br=8000
frame 57: send=0x0 get=0x0 len=17454 coding=1 startqp=0 meanqp=0 picbytes=0 pskip=0 nalus=1 n1:17454
  cu: inter64=0 inter32=0 inter16=0 inter8=0 intra32=0 intra16=0 intra8=0 intra4=0 reftype=0
  snapshot f057: 3 venc_ko blocks (pool0 0x73801000 len 0x10000)
src frame 58: srcf=0 off=31320 br=8000
frame 58: send=0x0 get=0x0 len=8740 coding=1 startqp=0 meanqp=0 picbytes=0 pskip=0 nalus=1 n1:8740
  cu: inter64=0 inter32=0 inter16=0 inter8=0 intra32=0 intra16=0 intra8=0 intra4=0 reftype=0
  snapshot f058: 3 venc_ko blocks (pool0 0x73801000 len 0x10000)
src frame 59: srcf=1 off=31860 br=8000
frame 59: send=0x0 get=0x0 len=13972 coding=1 startqp=0 meanqp=0 picbytes=0 pskip=0 nalus=1 n1:13972
  cu: inter64=0 inter32=0 inter16=0 inter8=0 intra32=0 intra16=0 intra8=0 intra4=0 reftype=0
  snapshot f059: 3 venc_ko blocks (pool0 0x73801000 len 0x10000)
src frame 60: srcf=2 off=32400 br=8000
frame 60: send=0x0 get=0x0 len=30570 coding=0 startqp=0 meanqp=0 picbytes=0 pskip=0 nalus=4 n32:27 n33:53 n34:12 n19:30478
  cu: inter64=0 inter32=0 inter16=0 inter8=0 intra32=0 intra16=0 intra8=0 intra4=0 reftype=0
  snapshot f060: 3 venc_ko blocks (pool0 0x73801000 len 0x10000)
src frame 61: srcf=3 off=32940 br=8000
frame 61: send=0x0 get=0x0 len=19511 coding=1 startqp=0 meanqp=0 picbytes=0 pskip=0 nalus=1 n1:19511
  cu: inter64=0 inter32=0 inter16=0 inter8=0 intra32=0 intra16=0 intra8=0 intra4=0 reftype=0
  snapshot f061: 3 venc_ko blocks (pool0 0x73801000 len 0x10000)
src frame 62: srcf=4 off=33480 br=8000
frame 62: send=0x0 get=0x0 len=13640 coding=1 startqp=0 meanqp=0 picbytes=0 pskip=0 nalus=1 n1:13640
  cu: inter64=0 inter32=0 inter16=0 inter8=0 intra32=0 intra16=0 intra8=0 intra4=0 reftype=0
  snapshot f062: 3 venc_ko blocks (pool0 0x73801000 len 0x10000)
src frame 63: srcf=5 off=34020 br=8000
frame 63: send=0x0 get=0x0 len=21383 coding=1 startqp=0 meanqp=0 picbytes=0 pskip=0 nalus=1 n1:21383
  cu: inter64=0 inter32=0 inter16=0 inter8=0 intra32=0 intra16=0 intra8=0 intra4=0 reftype=0
  snapshot f063: 3 venc_ko blocks (pool0 0x73801000 len 0x10000)
src frame 64: srcf=6 off=34560 br=8000
frame 64: send=0x0 get=0x0 len=14724 coding=1 startqp=0 meanqp=0 picbytes=0 pskip=0 nalus=1 n1:14724
  cu: inter64=0 inter32=0 inter16=0 inter8=0 intra32=0 intra16=0 intra8=0 intra4=0 reftype=0
  snapshot f064: 3 venc_ko blocks (pool0 0x73801000 len 0x10000)
src frame 65: srcf=7 off=35100 br=8000
frame 65: send=0x0 get=0x0 len=21250 coding=1 startqp=0 meanqp=0 picbytes=0 pskip=0 nalus=1 n1:21250
  cu: inter64=0 inter32=0 inter16=0 inter8=0 intra32=0 intra16=0 intra8=0 intra4=0 reftype=0
  snapshot f065: 3 venc_ko blocks (pool0 0x73801000 len 0x10000)
src frame 66: srcf=8 off=35640 br=8000
frame 66: send=0x0 get=0x0 len=14774 coding=1 startqp=0 meanqp=0 picbytes=0 pskip=0 nalus=1 n1:14774
  cu: inter64=0 inter32=0 inter16=0 inter8=0 intra32=0 intra16=0 intra8=0 intra4=0 reftype=0
  snapshot f066: 3 venc_ko blocks (pool0 0x73801000 len 0x10000)
src frame 67: srcf=9 off=36180 br=8000
frame 67: send=0x0 get=0x0 len=21229 coding=1 startqp=0 meanqp=0 picbytes=0 pskip=0 nalus=1 n1:21229
  cu: inter64=0 inter32=0 inter16=0 inter8=0 intra32=0 intra16=0 intra8=0 intra4=0 reftype=0
  snapshot f067: 3 venc_ko blocks (pool0 0x73801000 len 0x10000)
src frame 68: srcf=10 off=36720 br=8000
frame 68: send=0x0 get=0x0 len=14705 coding=1 startqp=0 meanqp=0 picbytes=0 pskip=0 nalus=1 n1:14705
  cu: inter64=0 inter32=0 inter16=0 inter8=0 intra32=0 intra16=0 intra8=0 intra4=0 reftype=0
  snapshot f068: 3 venc_ko blocks (pool0 0x73801000 len 0x10000)
src frame 69: srcf=11 off=37260 br=8000
frame 69: send=0x0 get=0x0 len=21055 coding=1 startqp=0 meanqp=0 picbytes=0 pskip=0 nalus=1 n1:21055
  cu: inter64=0 inter32=0 inter16=0 inter8=0 intra32=0 intra16=0 intra8=0 intra4=0 reftype=0
  snapshot f069: 3 venc_ko blocks (pool0 0x73801000 len 0x10000)
src frame 70: srcf=12 off=37800 br=8000
frame 70: send=0x0 get=0x0 len=14768 coding=1 startqp=0 meanqp=0 picbytes=0 pskip=0 nalus=1 n1:14768
  cu: inter64=0 inter32=0 inter16=0 inter8=0 intra32=0 intra16=0 intra8=0 intra4=0 reftype=0
  snapshot f070: 3 venc_ko blocks (pool0 0x73801000 len 0x10000)
src frame 71: srcf=13 off=38340 br=8000
frame 71: send=0x0 get=0x0 len=21261 coding=1 startqp=0 meanqp=0 picbytes=0 pskip=0 nalus=1 n1:21261
  cu: inter64=0 inter32=0 inter16=0 inter8=0 intra32=0 intra16=0 intra8=0 intra4=0 reftype=0
  snapshot f071: 3 venc_ko blocks (pool0 0x73801000 len 0x10000)
src frame 72: srcf=14 off=38880 br=8000
frame 72: send=0x0 get=0x0 len=14635 coding=1 startqp=0 meanqp=0 picbytes=0 pskip=0 nalus=1 n1:14635
  cu: inter64=0 inter32=0 inter16=0 inter8=0 intra32=0 intra16=0 intra8=0 intra4=0 reftype=0
  snapshot f072: 3 venc_ko blocks (pool0 0x73801000 len 0x10000)
src frame 73: srcf=15 off=39420 br=8000
frame 73: send=0x0 get=0x0 len=21109 coding=1 startqp=0 meanqp=0 picbytes=0 pskip=0 nalus=1 n1:21109
  cu: inter64=0 inter32=0 inter16=0 inter8=0 intra32=0 intra16=0 intra8=0 intra4=0 reftype=0
  snapshot f073: 3 venc_ko blocks (pool0 0x73801000 len 0x10000)
src frame 74: srcf=16 off=39960 br=8000
frame 74: send=0x0 get=0x0 len=14710 coding=1 startqp=0 meanqp=0 picbytes=0 pskip=0 nalus=1 n1:14710
  cu: inter64=0 inter32=0 inter16=0 inter8=0 intra32=0 intra16=0 intra8=0 intra4=0 reftype=0
  snapshot f074: 3 venc_ko blocks (pool0 0x73801000 len 0x10000)
src frame 75: srcf=17 off=40500 br=8000
frame 75: send=0x0 get=0x0 len=19534 coding=1 startqp=0 meanqp=0 picbytes=0 pskip=0 nalus=1 n1:19534
  cu: inter64=0 inter32=0 inter16=0 inter8=0 intra32=0 intra16=0 intra8=0 intra4=0 reftype=0
  snapshot f075: 3 venc_ko blocks (pool0 0x73801000 len 0x10000)
src frame 76: srcf=18 off=41040 br=8000
frame 76: send=0x0 get=0x0 len=13315 coding=1 startqp=0 meanqp=0 picbytes=0 pskip=0 nalus=1 n1:13315
  cu: inter64=0 inter32=0 inter16=0 inter8=0 intra32=0 intra16=0 intra8=0 intra4=0 reftype=0
  snapshot f076: 3 venc_ko blocks (pool0 0x73801000 len 0x10000)
src frame 77: srcf=19 off=41580 br=8000
frame 77: send=0x0 get=0x0 len=21274 coding=1 startqp=0 meanqp=0 picbytes=0 pskip=0 nalus=1 n1:21274
  cu: inter64=0 inter32=0 inter16=0 inter8=0 intra32=0 intra16=0 intra8=0 intra4=0 reftype=0
  snapshot f077: 3 venc_ko blocks (pool0 0x73801000 len 0x10000)
src frame 78: srcf=20 off=42120 br=8000
frame 78: send=0x0 get=0x0 len=14598 coding=1 startqp=0 meanqp=0 picbytes=0 pskip=0 nalus=1 n1:14598
  cu: inter64=0 inter32=0 inter16=0 inter8=0 intra32=0 intra16=0 intra8=0 intra4=0 reftype=0
  snapshot f078: 3 venc_ko blocks (pool0 0x73801000 len 0x10000)
src frame 79: srcf=21 off=42660 br=8000
frame 79: send=0x0 get=0x0 len=19419 coding=1 startqp=0 meanqp=0 picbytes=0 pskip=0 nalus=1 n1:19419
  cu: inter64=0 inter32=0 inter16=0 inter8=0 intra32=0 intra16=0 intra8=0 intra4=0 reftype=0
  snapshot f079: 3 venc_ko blocks (pool0 0x73801000 len 0x10000)
src frame 80: srcf=22 off=43200 br=8000
frame 80: send=0x0 get=0x0 len=13351 coding=1 startqp=0 meanqp=0 picbytes=0 pskip=0 nalus=1 n1:13351
  cu: inter64=0 inter32=0 inter16=0 inter8=0 intra32=0 intra16=0 intra8=0 intra4=0 reftype=0
  snapshot f080: 3 venc_ko blocks (pool0 0x73801000 len 0x10000)
src frame 81: srcf=23 off=43740 br=8000
frame 81: send=0x0 get=0x0 len=21193 coding=1 startqp=0 meanqp=0 picbytes=0 pskip=0 nalus=1 n1:21193
  cu: inter64=0 inter32=0 inter16=0 inter8=0 intra32=0 intra16=0 intra8=0 intra4=0 reftype=0
  snapshot f081: 3 venc_ko blocks (pool0 0x73801000 len 0x10000)
src frame 82: srcf=24 off=44280 br=8000
frame 82: send=0x0 get=0x0 len=14607 coding=1 startqp=0 meanqp=0 picbytes=0 pskip=0 nalus=1 n1:14607
  cu: inter64=0 inter32=0 inter16=0 inter8=0 intra32=0 intra16=0 intra8=0 intra4=0 reftype=0
  snapshot f082: 3 venc_ko blocks (pool0 0x73801000 len 0x10000)
src frame 83: srcf=25 off=44820 br=8000
frame 83: send=0x0 get=0x0 len=19529 coding=1 startqp=0 meanqp=0 picbytes=0 pskip=0 nalus=1 n1:19529
  cu: inter64=0 inter32=0 inter16=0 inter8=0 intra32=0 intra16=0 intra8=0 intra4=0 reftype=0
  snapshot f083: 3 venc_ko blocks (pool0 0x73801000 len 0x10000)
src frame 84: srcf=26 off=45360 br=8000
frame 84: send=0x0 get=0x0 len=13243 coding=1 startqp=0 meanqp=0 picbytes=0 pskip=0 nalus=1 n1:13243
  cu: inter64=0 inter32=0 inter16=0 inter8=0 intra32=0 intra16=0 intra8=0 intra4=0 reftype=0
  snapshot f084: 3 venc_ko blocks (pool0 0x73801000 len 0x10000)
src frame 85: srcf=27 off=45900 br=8000
frame 85: send=0x0 get=0x0 len=21208 coding=1 startqp=0 meanqp=0 picbytes=0 pskip=0 nalus=1 n1:21208
  cu: inter64=0 inter32=0 inter16=0 inter8=0 intra32=0 intra16=0 intra8=0 intra4=0 reftype=0
  snapshot f085: 3 venc_ko blocks (pool0 0x73801000 len 0x10000)
src frame 86: srcf=28 off=46440 br=8000
frame 86: send=0x0 get=0x0 len=14430 coding=1 startqp=0 meanqp=0 picbytes=0 pskip=0 nalus=1 n1:14430
  cu: inter64=0 inter32=0 inter16=0 inter8=0 intra32=0 intra16=0 intra8=0 intra4=0 reftype=0
  snapshot f086: 3 venc_ko blocks (pool0 0x73801000 len 0x10000)
src frame 87: srcf=29 off=46980 br=8000
frame 87: send=0x0 get=0x0 len=19516 coding=1 startqp=0 meanqp=0 picbytes=0 pskip=0 nalus=1 n1:19516
  cu: inter64=0 inter32=0 inter16=0 inter8=0 intra32=0 intra16=0 intra8=0 intra4=0 reftype=0
  snapshot f087: 3 venc_ko blocks (pool0 0x73801000 len 0x10000)
src frame 88: srcf=28 off=47520 br=8000
frame 88: send=0x0 get=0x0 len=13245 coding=1 startqp=0 meanqp=0 picbytes=0 pskip=0 nalus=1 n1:13245
  cu: inter64=0 inter32=0 inter16=0 inter8=0 intra32=0 intra16=0 intra8=0 intra4=0 reftype=0
  snapshot f088: 3 venc_ko blocks (pool0 0x73801000 len 0x10000)
src frame 89: srcf=27 off=48060 br=8000
frame 89: send=0x0 get=0x0 len=21155 coding=1 startqp=0 meanqp=0 picbytes=0 pskip=0 nalus=1 n1:21155
  cu: inter64=0 inter32=0 inter16=0 inter8=0 intra32=0 intra16=0 intra8=0 intra4=0 reftype=0
  snapshot f089: 3 venc_ko blocks (pool0 0x73801000 len 0x10000)
src frame 90: srcf=26 off=48600 br=8000
frame 90: send=0x0 get=0x0 len=32398 coding=0 startqp=0 meanqp=0 picbytes=0 pskip=0 nalus=4 n32:27 n33:53 n34:12 n19:32306
  cu: inter64=0 inter32=0 inter16=0 inter8=0 intra32=0 intra16=0 intra8=0 intra4=0 reftype=0
  snapshot f090: 3 venc_ko blocks (pool0 0x73801000 len 0x10000)
src frame 91: srcf=25 off=49140 br=8000
frame 91: send=0x0 get=0x0 len=21343 coding=1 startqp=0 meanqp=0 picbytes=0 pskip=0 nalus=1 n1:21343
  cu: inter64=0 inter32=0 inter16=0 inter8=0 intra32=0 intra16=0 intra8=0 intra4=0 reftype=0
  snapshot f091: 3 venc_ko blocks (pool0 0x73801000 len 0x10000)
src frame 92: srcf=24 off=49680 br=8000
frame 92: send=0x0 get=0x0 len=14643 coding=1 startqp=0 meanqp=0 picbytes=0 pskip=0 nalus=1 n1:14643
  cu: inter64=0 inter32=0 inter16=0 inter8=0 intra32=0 intra16=0 intra8=0 intra4=0 reftype=0
  snapshot f092: 3 venc_ko blocks (pool0 0x73801000 len 0x10000)
src frame 93: srcf=23 off=50220 br=8000
frame 93: send=0x0 get=0x0 len=19556 coding=1 startqp=0 meanqp=0 picbytes=0 pskip=0 nalus=1 n1:19556
  cu: inter64=0 inter32=0 inter16=0 inter8=0 intra32=0 intra16=0 intra8=0 intra4=0 reftype=0
  snapshot f093: 3 venc_ko blocks (pool0 0x73801000 len 0x10000)
src frame 94: srcf=22 off=50760 br=8000
frame 94: send=0x0 get=0x0 len=13267 coding=1 startqp=0 meanqp=0 picbytes=0 pskip=0 nalus=1 n1:13267
  cu: inter64=0 inter32=0 inter16=0 inter8=0 intra32=0 intra16=0 intra8=0 intra4=0 reftype=0
  snapshot f094: 3 venc_ko blocks (pool0 0x73801000 len 0x10000)
src frame 95: srcf=21 off=51300 br=8000
frame 95: send=0x0 get=0x0 len=21244 coding=1 startqp=0 meanqp=0 picbytes=0 pskip=0 nalus=1 n1:21244
  cu: inter64=0 inter32=0 inter16=0 inter8=0 intra32=0 intra16=0 intra8=0 intra4=0 reftype=0
  snapshot f095: 3 venc_ko blocks (pool0 0x73801000 len 0x10000)
src frame 96: srcf=20 off=51840 br=8000
frame 96: send=0x0 get=0x0 len=14340 coding=1 startqp=0 meanqp=0 picbytes=0 pskip=0 nalus=1 n1:14340
  cu: inter64=0 inter32=0 inter16=0 inter8=0 intra32=0 intra16=0 intra8=0 intra4=0 reftype=0
  snapshot f096: 3 venc_ko blocks (pool0 0x73801000 len 0x10000)
src frame 97: srcf=19 off=52380 br=8000
frame 97: send=0x0 get=0x0 len=18755 coding=1 startqp=0 meanqp=0 picbytes=0 pskip=0 nalus=1 n1:18755
  cu: inter64=0 inter32=0 inter16=0 inter8=0 intra32=0 intra16=0 intra8=0 intra4=0 reftype=0
  snapshot f097: 3 venc_ko blocks (pool0 0x73801000 len 0x10000)
src frame 98: srcf=18 off=52920 br=8000
frame 98: send=0x0 get=0x0 len=13211 coding=1 startqp=0 meanqp=0 picbytes=0 pskip=0 nalus=1 n1:13211
  cu: inter64=0 inter32=0 inter16=0 inter8=0 intra32=0 intra16=0 intra8=0 intra4=0 reftype=0
  snapshot f098: 3 venc_ko blocks (pool0 0x73801000 len 0x10000)
src frame 99: srcf=17 off=53460 br=8000
frame 99: send=0x0 get=0x0 len=21251 coding=1 startqp=0 meanqp=0 picbytes=0 pskip=0 nalus=1 n1:21251
  cu: inter64=0 inter32=0 inter16=0 inter8=0 intra32=0 intra16=0 intra8=0 intra4=0 reftype=0
  snapshot f099: 3 venc_ko blocks (pool0 0x73801000 len 0x10000)
src frame 100: srcf=16 off=54000 br=8000
frame 100: send=0x0 get=0x0 len=14090 coding=1 startqp=0 meanqp=0 picbytes=0 pskip=0 nalus=1 n1:14090
  cu: inter64=0 inter32=0 inter16=0 inter8=0 intra32=0 intra16=0 intra8=0 intra4=0 reftype=0
  snapshot f100: 3 venc_ko blocks (pool0 0x73801000 len 0x10000)
src frame 101: srcf=15 off=54540 br=8000
frame 101: send=0x0 get=0x0 len=19347 coding=1 startqp=0 meanqp=0 picbytes=0 pskip=0 nalus=1 n1:19347
  cu: inter64=0 inter32=0 inter16=0 inter8=0 intra32=0 intra16=0 intra8=0 intra4=0 reftype=0
  snapshot f101: 3 venc_ko blocks (pool0 0x73801000 len 0x10000)
src frame 102: srcf=14 off=55080 br=8000
frame 102: send=0x0 get=0x0 len=13272 coding=1 startqp=0 meanqp=0 picbytes=0 pskip=0 nalus=1 n1:13272
  cu: inter64=0 inter32=0 inter16=0 inter8=0 intra32=0 intra16=0 intra8=0 intra4=0 reftype=0
  snapshot f102: 3 venc_ko blocks (pool0 0x73801000 len 0x10000)
src frame 103: srcf=13 off=55620 br=8000
frame 103: send=0x0 get=0x0 len=19525 coding=1 startqp=0 meanqp=0 picbytes=0 pskip=0 nalus=1 n1:19525
  cu: inter64=0 inter32=0 inter16=0 inter8=0 intra32=0 intra16=0 intra8=0 intra4=0 reftype=0
  snapshot f103: 3 venc_ko blocks (pool0 0x73801000 len 0x10000)
src frame 104: srcf=12 off=56160 br=8000
frame 104: send=0x0 get=0x0 len=13149 coding=1 startqp=0 meanqp=0 picbytes=0 pskip=0 nalus=1 n1:13149
  cu: inter64=0 inter32=0 inter16=0 inter8=0 intra32=0 intra16=0 intra8=0 intra4=0 reftype=0
  snapshot f104: 3 venc_ko blocks (pool0 0x73801000 len 0x10000)
src frame 105: srcf=11 off=56700 br=8000
frame 105: send=0x0 get=0x0 len=19423 coding=1 startqp=0 meanqp=0 picbytes=0 pskip=0 nalus=1 n1:19423
  cu: inter64=0 inter32=0 inter16=0 inter8=0 intra32=0 intra16=0 intra8=0 intra4=0 reftype=0
  snapshot f105: 3 venc_ko blocks (pool0 0x73801000 len 0x10000)
src frame 106: srcf=10 off=57240 br=8000
frame 106: send=0x0 get=0x0 len=13049 coding=1 startqp=0 meanqp=0 picbytes=0 pskip=0 nalus=1 n1:13049
  cu: inter64=0 inter32=0 inter16=0 inter8=0 intra32=0 intra16=0 intra8=0 intra4=0 reftype=0
  snapshot f106: 3 venc_ko blocks (pool0 0x73801000 len 0x10000)
src frame 107: srcf=9 off=57780 br=8000
frame 107: send=0x0 get=0x0 len=19353 coding=1 startqp=0 meanqp=0 picbytes=0 pskip=0 nalus=1 n1:19353
  cu: inter64=0 inter32=0 inter16=0 inter8=0 intra32=0 intra16=0 intra8=0 intra4=0 reftype=0
  snapshot f107: 3 venc_ko blocks (pool0 0x73801000 len 0x10000)
src frame 108: srcf=8 off=58320 br=8000
frame 108: send=0x0 get=0x0 len=12886 coding=1 startqp=0 meanqp=0 picbytes=0 pskip=0 nalus=1 n1:12886
  cu: inter64=0 inter32=0 inter16=0 inter8=0 intra32=0 intra16=0 intra8=0 intra4=0 reftype=0
  snapshot f108: 3 venc_ko blocks (pool0 0x73801000 len 0x10000)
src frame 109: srcf=7 off=58860 br=8000
frame 109: send=0x0 get=0x0 len=17756 coding=1 startqp=0 meanqp=0 picbytes=0 pskip=0 nalus=1 n1:17756
  cu: inter64=0 inter32=0 inter16=0 inter8=0 intra32=0 intra16=0 intra8=0 intra4=0 reftype=0
  snapshot f109: 3 venc_ko blocks (pool0 0x73801000 len 0x10000)
src frame 110: srcf=6 off=59400 br=8000
frame 110: send=0x0 get=0x0 len=10645 coding=1 startqp=0 meanqp=0 picbytes=0 pskip=0 nalus=1 n1:10645
  cu: inter64=0 inter32=0 inter16=0 inter8=0 intra32=0 intra16=0 intra8=0 intra4=0 reftype=0
  snapshot f110: 3 venc_ko blocks (pool0 0x73801000 len 0x10000)
src frame 111: srcf=5 off=59940 br=8000
frame 111: send=0x0 get=0x0 len=17734 coding=1 startqp=0 meanqp=0 picbytes=0 pskip=0 nalus=1 n1:17734
  cu: inter64=0 inter32=0 inter16=0 inter8=0 intra32=0 intra16=0 intra8=0 intra4=0 reftype=0
  snapshot f111: 3 venc_ko blocks (pool0 0x73801000 len 0x10000)
src frame 112: srcf=4 off=60480 br=8000
frame 112: send=0x0 get=0x0 len=10616 coding=1 startqp=0 meanqp=0 picbytes=0 pskip=0 nalus=1 n1:10616
  cu: inter64=0 inter32=0 inter16=0 inter8=0 intra32=0 intra16=0 intra8=0 intra4=0 reftype=0
  snapshot f112: 3 venc_ko blocks (pool0 0x73801000 len 0x10000)
src frame 113: srcf=3 off=61020 br=8000
frame 113: send=0x0 get=0x0 len=17017 coding=1 startqp=0 meanqp=0 picbytes=0 pskip=0 nalus=1 n1:17017
  cu: inter64=0 inter32=0 inter16=0 inter8=0 intra32=0 intra16=0 intra8=0 intra4=0 reftype=0
  snapshot f113: 3 venc_ko blocks (pool0 0x73801000 len 0x10000)
src frame 114: srcf=2 off=61560 br=8000
frame 114: send=0x0 get=0x0 len=11993 coding=1 startqp=0 meanqp=0 picbytes=0 pskip=0 nalus=1 n1:11993
  cu: inter64=0 inter32=0 inter16=0 inter8=0 intra32=0 intra16=0 intra8=0 intra4=0 reftype=0
  snapshot f114: 3 venc_ko blocks (pool0 0x73801000 len 0x10000)
src frame 115: srcf=1 off=62100 br=8000
frame 115: send=0x0 get=0x0 len=19621 coding=1 startqp=0 meanqp=0 picbytes=0 pskip=0 nalus=1 n1:19621
  cu: inter64=0 inter32=0 inter16=0 inter8=0 intra32=0 intra16=0 intra8=0 intra4=0 reftype=0
  snapshot f115: 3 venc_ko blocks (pool0 0x73801000 len 0x10000)
src frame 116: srcf=0 off=62640 br=8000
frame 116: send=0x0 get=0x0 len=12693 coding=1 startqp=0 meanqp=0 picbytes=0 pskip=0 nalus=1 n1:12693
  cu: inter64=0 inter32=0 inter16=0 inter8=0 intra32=0 intra16=0 intra8=0 intra4=0 reftype=0
  snapshot f116: 3 venc_ko blocks (pool0 0x73801000 len 0x10000)
src frame 117: srcf=1 off=63180 br=8000
frame 117: send=0x0 get=0x0 len=17846 coding=1 startqp=0 meanqp=0 picbytes=0 pskip=0 nalus=1 n1:17846
  cu: inter64=0 inter32=0 inter16=0 inter8=0 intra32=0 intra16=0 intra8=0 intra4=0 reftype=0
  snapshot f117: 3 venc_ko blocks (pool0 0x73801000 len 0x10000)
src frame 118: srcf=2 off=63720 br=8000
frame 118: send=0x0 get=0x0 len=10478 coding=1 startqp=0 meanqp=0 picbytes=0 pskip=0 nalus=1 n1:10478
  cu: inter64=0 inter32=0 inter16=0 inter8=0 intra32=0 intra16=0 intra8=0 intra4=0 reftype=0
  snapshot f118: 3 venc_ko blocks (pool0 0x73801000 len 0x10000)
src frame 119: srcf=3 off=64260 br=8000
frame 119: send=0x0 get=0x0 len=17765 coding=1 startqp=0 meanqp=0 picbytes=0 pskip=0 nalus=1 n1:17765
  cu: inter64=0 inter32=0 inter16=0 inter8=0 intra32=0 intra16=0 intra8=0 intra4=0 reftype=0
  snapshot f119: 3 venc_ko blocks (pool0 0x73801000 len 0x10000)
src frame 120: srcf=4 off=64800 br=8000
frame 120: send=0x0 get=0x0 len=32398 coding=0 startqp=0 meanqp=0 picbytes=0 pskip=0 nalus=4 n32:27 n33:53 n34:12 n19:32306
  cu: inter64=0 inter32=0 inter16=0 inter8=0 intra32=0 intra16=0 intra8=0 intra4=0 reftype=0
  snapshot f120: 3 venc_ko blocks (pool0 0x73801000 len 0x10000)
src frame 121: srcf=5 off=65340 br=8000
frame 121: send=0x0 get=0x0 len=21343 coding=1 startqp=0 meanqp=0 picbytes=0 pskip=0 nalus=1 n1:21343
  cu: inter64=0 inter32=0 inter16=0 inter8=0 intra32=0 intra16=0 intra8=0 intra4=0 reftype=0
  snapshot f121: 3 venc_ko blocks (pool0 0x73801000 len 0x10000)
src frame 122: srcf=6 off=65880 br=8000
frame 122: send=0x0 get=0x0 len=14711 coding=1 startqp=0 meanqp=0 picbytes=0 pskip=0 nalus=1 n1:14711
  cu: inter64=0 inter32=0 inter16=0 inter8=0 intra32=0 intra16=0 intra8=0 intra4=0 reftype=0
  snapshot f122: 3 venc_ko blocks (pool0 0x73801000 len 0x10000)
src frame 123: srcf=7 off=66420 br=8000
frame 123: send=0x0 get=0x0 len=21370 coding=1 startqp=0 meanqp=0 picbytes=0 pskip=0 nalus=1 n1:21370
  cu: inter64=0 inter32=0 inter16=0 inter8=0 intra32=0 intra16=0 intra8=0 intra4=0 reftype=0
  snapshot f123: 3 venc_ko blocks (pool0 0x73801000 len 0x10000)
src frame 124: srcf=8 off=66960 br=8000
frame 124: send=0x0 get=0x0 len=14664 coding=1 startqp=0 meanqp=0 picbytes=0 pskip=0 nalus=1 n1:14664
  cu: inter64=0 inter32=0 inter16=0 inter8=0 intra32=0 intra16=0 intra8=0 intra4=0 reftype=0
  snapshot f124: 3 venc_ko blocks (pool0 0x73801000 len 0x10000)
src frame 125: srcf=9 off=67500 br=8000
frame 125: send=0x0 get=0x0 len=21201 coding=1 startqp=0 meanqp=0 picbytes=0 pskip=0 nalus=1 n1:21201
  cu: inter64=0 inter32=0 inter16=0 inter8=0 intra32=0 intra16=0 intra8=0 intra4=0 reftype=0
  snapshot f125: 3 venc_ko blocks (pool0 0x73801000 len 0x10000)
src frame 126: srcf=10 off=68040 br=8000
frame 126: send=0x0 get=0x0 len=14650 coding=1 startqp=0 meanqp=0 picbytes=0 pskip=0 nalus=1 n1:14650
  cu: inter64=0 inter32=0 inter16=0 inter8=0 intra32=0 intra16=0 intra8=0 intra4=0 reftype=0
  snapshot f126: 3 venc_ko blocks (pool0 0x73801000 len 0x10000)
src frame 127: srcf=11 off=68580 br=8000
frame 127: send=0x0 get=0x0 len=21252 coding=1 startqp=0 meanqp=0 picbytes=0 pskip=0 nalus=1 n1:21252
  cu: inter64=0 inter32=0 inter16=0 inter8=0 intra32=0 intra16=0 intra8=0 intra4=0 reftype=0
  snapshot f127: 3 venc_ko blocks (pool0 0x73801000 len 0x10000)
src frame 128: srcf=12 off=69120 br=8000
frame 128: send=0x0 get=0x0 len=14673 coding=1 startqp=0 meanqp=0 picbytes=0 pskip=0 nalus=1 n1:14673
  cu: inter64=0 inter32=0 inter16=0 inter8=0 intra32=0 intra16=0 intra8=0 intra4=0 reftype=0
  snapshot f128: 3 venc_ko blocks (pool0 0x73801000 len 0x10000)
src frame 129: srcf=13 off=69660 br=8000
frame 129: send=0x0 get=0x0 len=19596 coding=1 startqp=0 meanqp=0 picbytes=0 pskip=0 nalus=1 n1:19596
  cu: inter64=0 inter32=0 inter16=0 inter8=0 intra32=0 intra16=0 intra8=0 intra4=0 reftype=0
  snapshot f129: 3 venc_ko blocks (pool0 0x73801000 len 0x10000)
src frame 130: srcf=14 off=70200 br=8000
frame 130: send=0x0 get=0x0 len=13331 coding=1 startqp=0 meanqp=0 picbytes=0 pskip=0 nalus=1 n1:13331
  cu: inter64=0 inter32=0 inter16=0 inter8=0 intra32=0 intra16=0 intra8=0 intra4=0 reftype=0
  snapshot f130: 3 venc_ko blocks (pool0 0x73801000 len 0x10000)
src frame 131: srcf=15 off=70740 br=8000
frame 131: send=0x0 get=0x0 len=21416 coding=1 startqp=0 meanqp=0 picbytes=0 pskip=0 nalus=1 n1:21416
  cu: inter64=0 inter32=0 inter16=0 inter8=0 intra32=0 intra16=0 intra8=0 intra4=0 reftype=0
  snapshot f131: 3 venc_ko blocks (pool0 0x73801000 len 0x10000)
src frame 132: srcf=16 off=71280 br=8000
frame 132: send=0x0 get=0x0 len=14739 coding=1 startqp=0 meanqp=0 picbytes=0 pskip=0 nalus=1 n1:14739
  cu: inter64=0 inter32=0 inter16=0 inter8=0 intra32=0 intra16=0 intra8=0 intra4=0 reftype=0
  snapshot f132: 3 venc_ko blocks (pool0 0x73801000 len 0x10000)
src frame 133: srcf=17 off=71820 br=8000
frame 133: send=0x0 get=0x0 len=19542 coding=1 startqp=0 meanqp=0 picbytes=0 pskip=0 nalus=1 n1:19542
  cu: inter64=0 inter32=0 inter16=0 inter8=0 intra32=0 intra16=0 intra8=0 intra4=0 reftype=0
  snapshot f133: 3 venc_ko blocks (pool0 0x73801000 len 0x10000)
src frame 134: srcf=18 off=72360 br=8000
frame 134: send=0x0 get=0x0 len=13360 coding=1 startqp=0 meanqp=0 picbytes=0 pskip=0 nalus=1 n1:13360
  cu: inter64=0 inter32=0 inter16=0 inter8=0 intra32=0 intra16=0 intra8=0 intra4=0 reftype=0
  snapshot f134: 3 venc_ko blocks (pool0 0x73801000 len 0x10000)
src frame 135: srcf=19 off=72900 br=8000
frame 135: send=0x0 get=0x0 len=21433 coding=1 startqp=0 meanqp=0 picbytes=0 pskip=0 nalus=1 n1:21433
  cu: inter64=0 inter32=0 inter16=0 inter8=0 intra32=0 intra16=0 intra8=0 intra4=0 reftype=0
  snapshot f135: 3 venc_ko blocks (pool0 0x73801000 len 0x10000)
src frame 136: srcf=20 off=73440 br=8000
frame 136: send=0x0 get=0x0 len=14588 coding=1 startqp=0 meanqp=0 picbytes=0 pskip=0 nalus=1 n1:14588
  cu: inter64=0 inter32=0 inter16=0 inter8=0 intra32=0 intra16=0 intra8=0 intra4=0 reftype=0
  snapshot f136: 3 venc_ko blocks (pool0 0x73801000 len 0x10000)
src frame 137: srcf=21 off=73980 br=8000
frame 137: send=0x0 get=0x0 len=19528 coding=1 startqp=0 meanqp=0 picbytes=0 pskip=0 nalus=1 n1:19528
  cu: inter64=0 inter32=0 inter16=0 inter8=0 intra32=0 intra16=0 intra8=0 intra4=0 reftype=0
  snapshot f137: 3 venc_ko blocks (pool0 0x73801000 len 0x10000)
src frame 138: srcf=22 off=74520 br=8000
frame 138: send=0x0 get=0x0 len=13378 coding=1 startqp=0 meanqp=0 picbytes=0 pskip=0 nalus=1 n1:13378
  cu: inter64=0 inter32=0 inter16=0 inter8=0 intra32=0 intra16=0 intra8=0 intra4=0 reftype=0
  snapshot f138: 3 venc_ko blocks (pool0 0x73801000 len 0x10000)
src frame 139: srcf=23 off=75060 br=8000
frame 139: send=0x0 get=0x0 len=21217 coding=1 startqp=0 meanqp=0 picbytes=0 pskip=0 nalus=1 n1:21217
  cu: inter64=0 inter32=0 inter16=0 inter8=0 intra32=0 intra16=0 intra8=0 intra4=0 reftype=0
  snapshot f139: 3 venc_ko blocks (pool0 0x73801000 len 0x10000)
src frame 140: srcf=24 off=75600 br=8000
frame 140: send=0x0 get=0x0 len=14612 coding=1 startqp=0 meanqp=0 picbytes=0 pskip=0 nalus=1 n1:14612
  cu: inter64=0 inter32=0 inter16=0 inter8=0 intra32=0 intra16=0 intra8=0 intra4=0 reftype=0
  snapshot f140: 3 venc_ko blocks (pool0 0x73801000 len 0x10000)
src frame 141: srcf=25 off=76140 br=8000
frame 141: send=0x0 get=0x0 len=19556 coding=1 startqp=0 meanqp=0 picbytes=0 pskip=0 nalus=1 n1:19556
  cu: inter64=0 inter32=0 inter16=0 inter8=0 intra32=0 intra16=0 intra8=0 intra4=0 reftype=0
  snapshot f141: 3 venc_ko blocks (pool0 0x73801000 len 0x10000)
src frame 142: srcf=26 off=76680 br=8000
frame 142: send=0x0 get=0x0 len=13190 coding=1 startqp=0 meanqp=0 picbytes=0 pskip=0 nalus=1 n1:13190
  cu: inter64=0 inter32=0 inter16=0 inter8=0 intra32=0 intra16=0 intra8=0 intra4=0 reftype=0
  snapshot f142: 3 venc_ko blocks (pool0 0x73801000 len 0x10000)
src frame 143: srcf=27 off=77220 br=8000
frame 143: send=0x0 get=0x0 len=21330 coding=1 startqp=0 meanqp=0 picbytes=0 pskip=0 nalus=1 n1:21330
  cu: inter64=0 inter32=0 inter16=0 inter8=0 intra32=0 intra16=0 intra8=0 intra4=0 reftype=0
  snapshot f143: 3 venc_ko blocks (pool0 0x73801000 len 0x10000)
src frame 144: srcf=28 off=77760 br=8000
frame 144: send=0x0 get=0x0 len=14352 coding=1 startqp=0 meanqp=0 picbytes=0 pskip=0 nalus=1 n1:14352
  cu: inter64=0 inter32=0 inter16=0 inter8=0 intra32=0 intra16=0 intra8=0 intra4=0 reftype=0
  snapshot f144: 3 venc_ko blocks (pool0 0x73801000 len 0x10000)
src frame 145: srcf=29 off=78300 br=8000
frame 145: send=0x0 get=0x0 len=19547 coding=1 startqp=0 meanqp=0 picbytes=0 pskip=0 nalus=1 n1:19547
  cu: inter64=0 inter32=0 inter16=0 inter8=0 intra32=0 intra16=0 intra8=0 intra4=0 reftype=0
  snapshot f145: 3 venc_ko blocks (pool0 0x73801000 len 0x10000)
src frame 146: srcf=28 off=78840 br=8000
frame 146: send=0x0 get=0x0 len=13207 coding=1 startqp=0 meanqp=0 picbytes=0 pskip=0 nalus=1 n1:13207
  cu: inter64=0 inter32=0 inter16=0 inter8=0 intra32=0 intra16=0 intra8=0 intra4=0 reftype=0
  snapshot f146: 3 venc_ko blocks (pool0 0x73801000 len 0x10000)
src frame 147: srcf=27 off=79380 br=8000
frame 147: send=0x0 get=0x0 len=21233 coding=1 startqp=0 meanqp=0 picbytes=0 pskip=0 nalus=1 n1:21233
  cu: inter64=0 inter32=0 inter16=0 inter8=0 intra32=0 intra16=0 intra8=0 intra4=0 reftype=0
  snapshot f147: 3 venc_ko blocks (pool0 0x73801000 len 0x10000)
src frame 148: srcf=26 off=79920 br=8000
frame 148: send=0x0 get=0x0 len=14061 coding=1 startqp=0 meanqp=0 picbytes=0 pskip=0 nalus=1 n1:14061
  cu: inter64=0 inter32=0 inter16=0 inter8=0 intra32=0 intra16=0 intra8=0 intra4=0 reftype=0
  snapshot f148: 3 venc_ko blocks (pool0 0x73801000 len 0x10000)
src frame 149: srcf=25 off=80460 br=8000
frame 149: send=0x0 get=0x0 len=19500 coding=1 startqp=0 meanqp=0 picbytes=0 pskip=0 nalus=1 n1:19500
  cu: inter64=0 inter32=0 inter16=0 inter8=0 intra32=0 intra16=0 intra8=0 intra4=0 reftype=0
  snapshot f149: 3 venc_ko blocks (pool0 0x73801000 len 0x10000)
src frame 150: srcf=24 off=81000 br=8000
frame 150: send=0x0 get=0x0 len=30570 coding=0 startqp=0 meanqp=0 picbytes=0 pskip=0 nalus=4 n32:27 n33:53 n34:12 n19:30478
  cu: inter64=0 inter32=0 inter16=0 inter8=0 intra32=0 intra16=0 intra8=0 intra4=0 reftype=0
  snapshot f150: 3 venc_ko blocks (pool0 0x73801000 len 0x10000)
src frame 151: srcf=23 off=81540 br=8000
frame 151: send=0x0 get=0x0 len=19511 coding=1 startqp=0 meanqp=0 picbytes=0 pskip=0 nalus=1 n1:19511
  cu: inter64=0 inter32=0 inter16=0 inter8=0 intra32=0 intra16=0 intra8=0 intra4=0 reftype=0
  snapshot f151: 3 venc_ko blocks (pool0 0x73801000 len 0x10000)
src frame 152: srcf=22 off=82080 br=8000
frame 152: send=0x0 get=0x0 len=13427 coding=1 startqp=0 meanqp=0 picbytes=0 pskip=0 nalus=1 n1:13427
  cu: inter64=0 inter32=0 inter16=0 inter8=0 intra32=0 intra16=0 intra8=0 intra4=0 reftype=0
  snapshot f152: 3 venc_ko blocks (pool0 0x73801000 len 0x10000)
src frame 153: srcf=21 off=82620 br=8000
frame 153: send=0x0 get=0x0 len=21361 coding=1 startqp=0 meanqp=0 picbytes=0 pskip=0 nalus=1 n1:21361
  cu: inter64=0 inter32=0 inter16=0 inter8=0 intra32=0 intra16=0 intra8=0 intra4=0 reftype=0
  snapshot f153: 3 venc_ko blocks (pool0 0x73801000 len 0x10000)
src frame 154: srcf=20 off=83160 br=8000
frame 154: send=0x0 get=0x0 len=14418 coding=1 startqp=0 meanqp=0 picbytes=0 pskip=0 nalus=1 n1:14418
  cu: inter64=0 inter32=0 inter16=0 inter8=0 intra32=0 intra16=0 intra8=0 intra4=0 reftype=0
  snapshot f154: 3 venc_ko blocks (pool0 0x73801000 len 0x10000)
src frame 155: srcf=19 off=83700 br=8000
frame 155: send=0x0 get=0x0 len=19467 coding=1 startqp=0 meanqp=0 picbytes=0 pskip=0 nalus=1 n1:19467
  cu: inter64=0 inter32=0 inter16=0 inter8=0 intra32=0 intra16=0 intra8=0 intra4=0 reftype=0
  snapshot f155: 3 venc_ko blocks (pool0 0x73801000 len 0x10000)
src frame 156: srcf=18 off=84240 br=8000
frame 156: send=0x0 get=0x0 len=13177 coding=1 startqp=0 meanqp=0 picbytes=0 pskip=0 nalus=1 n1:13177
  cu: inter64=0 inter32=0 inter16=0 inter8=0 intra32=0 intra16=0 intra8=0 intra4=0 reftype=0
  snapshot f156: 3 venc_ko blocks (pool0 0x73801000 len 0x10000)
src frame 157: srcf=17 off=84780 br=8000
frame 157: send=0x0 get=0x0 len=21235 coding=1 startqp=0 meanqp=0 picbytes=0 pskip=0 nalus=1 n1:21235
  cu: inter64=0 inter32=0 inter16=0 inter8=0 intra32=0 intra16=0 intra8=0 intra4=0 reftype=0
  snapshot f157: 3 venc_ko blocks (pool0 0x73801000 len 0x10000)
src frame 158: srcf=16 off=85320 br=8000
frame 158: send=0x0 get=0x0 len=14276 coding=1 startqp=0 meanqp=0 picbytes=0 pskip=0 nalus=1 n1:14276
  cu: inter64=0 inter32=0 inter16=0 inter8=0 intra32=0 intra16=0 intra8=0 intra4=0 reftype=0
  snapshot f158: 3 venc_ko blocks (pool0 0x73801000 len 0x10000)
src frame 159: srcf=15 off=85860 br=8000
frame 159: send=0x0 get=0x0 len=19595 coding=1 startqp=0 meanqp=0 picbytes=0 pskip=0 nalus=1 n1:19595
  cu: inter64=0 inter32=0 inter16=0 inter8=0 intra32=0 intra16=0 intra8=0 intra4=0 reftype=0
  snapshot f159: 3 venc_ko blocks (pool0 0x73801000 len 0x10000)
src frame 160: srcf=14 off=86400 br=8000
frame 160: send=0x0 get=0x0 len=13329 coding=1 startqp=0 meanqp=0 picbytes=0 pskip=0 nalus=1 n1:13329
  cu: inter64=0 inter32=0 inter16=0 inter8=0 intra32=0 intra16=0 intra8=0 intra4=0 reftype=0
  snapshot f160: 3 venc_ko blocks (pool0 0x73801000 len 0x10000)
src frame 161: srcf=13 off=86940 br=8000
frame 161: send=0x0 get=0x0 len=19487 coding=1 startqp=0 meanqp=0 picbytes=0 pskip=0 nalus=1 n1:19487
  cu: inter64=0 inter32=0 inter16=0 inter8=0 intra32=0 intra16=0 intra8=0 intra4=0 reftype=0
  snapshot f161: 3 venc_ko blocks (pool0 0x73801000 len 0x10000)
src frame 162: srcf=12 off=87480 br=8000
frame 162: send=0x0 get=0x0 len=13196 coding=1 startqp=0 meanqp=0 picbytes=0 pskip=0 nalus=1 n1:13196
  cu: inter64=0 inter32=0 inter16=0 inter8=0 intra32=0 intra16=0 intra8=0 intra4=0 reftype=0
  snapshot f162: 3 venc_ko blocks (pool0 0x73801000 len 0x10000)
src frame 163: srcf=11 off=88020 br=8000
frame 163: send=0x0 get=0x0 len=19503 coding=1 startqp=0 meanqp=0 picbytes=0 pskip=0 nalus=1 n1:19503
  cu: inter64=0 inter32=0 inter16=0 inter8=0 intra32=0 intra16=0 intra8=0 intra4=0 reftype=0
  snapshot f163: 3 venc_ko blocks (pool0 0x73801000 len 0x10000)
src frame 164: srcf=10 off=88560 br=8000
frame 164: send=0x0 get=0x0 len=13196 coding=1 startqp=0 meanqp=0 picbytes=0 pskip=0 nalus=1 n1:13196
  cu: inter64=0 inter32=0 inter16=0 inter8=0 intra32=0 intra16=0 intra8=0 intra4=0 reftype=0
  snapshot f164: 3 venc_ko blocks (pool0 0x73801000 len 0x10000)
src frame 165: srcf=9 off=89100 br=8000
frame 165: send=0x0 get=0x0 len=19475 coding=1 startqp=0 meanqp=0 picbytes=0 pskip=0 nalus=1 n1:19475
  cu: inter64=0 inter32=0 inter16=0 inter8=0 intra32=0 intra16=0 intra8=0 intra4=0 reftype=0
  snapshot f165: 3 venc_ko blocks (pool0 0x73801000 len 0x10000)
src frame 166: srcf=8 off=89640 br=8000
frame 166: send=0x0 get=0x0 len=13040 coding=1 startqp=0 meanqp=0 picbytes=0 pskip=0 nalus=1 n1:13040
  cu: inter64=0 inter32=0 inter16=0 inter8=0 intra32=0 intra16=0 intra8=0 intra4=0 reftype=0
  snapshot f166: 3 venc_ko blocks (pool0 0x73801000 len 0x10000)
src frame 167: srcf=7 off=90180 br=8000
frame 167: send=0x0 get=0x0 len=19573 coding=1 startqp=0 meanqp=0 picbytes=0 pskip=0 nalus=1 n1:19573
  cu: inter64=0 inter32=0 inter16=0 inter8=0 intra32=0 intra16=0 intra8=0 intra4=0 reftype=0
  snapshot f167: 3 venc_ko blocks (pool0 0x73801000 len 0x10000)
src frame 168: srcf=6 off=90720 br=8000
frame 168: send=0x0 get=0x0 len=13003 coding=1 startqp=0 meanqp=0 picbytes=0 pskip=0 nalus=1 n1:13003
  cu: inter64=0 inter32=0 inter16=0 inter8=0 intra32=0 intra16=0 intra8=0 intra4=0 reftype=0
  snapshot f168: 3 venc_ko blocks (pool0 0x73801000 len 0x10000)
src frame 169: srcf=5 off=91260 br=8000
frame 169: send=0x0 get=0x0 len=19454 coding=1 startqp=0 meanqp=0 picbytes=0 pskip=0 nalus=1 n1:19454
  cu: inter64=0 inter32=0 inter16=0 inter8=0 intra32=0 intra16=0 intra8=0 intra4=0 reftype=0
  snapshot f169: 3 venc_ko blocks (pool0 0x73801000 len 0x10000)
src frame 170: srcf=4 off=91800 br=8000
frame 170: send=0x0 get=0x0 len=13013 coding=1 startqp=0 meanqp=0 picbytes=0 pskip=0 nalus=1 n1:13013
  cu: inter64=0 inter32=0 inter16=0 inter8=0 intra32=0 intra16=0 intra8=0 intra4=0 reftype=0
  snapshot f170: 3 venc_ko blocks (pool0 0x73801000 len 0x10000)
src frame 171: srcf=3 off=92340 br=8000
frame 171: send=0x0 get=0x0 len=17754 coding=1 startqp=0 meanqp=0 picbytes=0 pskip=0 nalus=1 n1:17754
  cu: inter64=0 inter32=0 inter16=0 inter8=0 intra32=0 intra16=0 intra8=0 intra4=0 reftype=0
  snapshot f171: 3 venc_ko blocks (pool0 0x73801000 len 0x10000)
src frame 172: srcf=2 off=92880 br=8000
frame 172: send=0x0 get=0x0 len=10687 coding=1 startqp=0 meanqp=0 picbytes=0 pskip=0 nalus=1 n1:10687
  cu: inter64=0 inter32=0 inter16=0 inter8=0 intra32=0 intra16=0 intra8=0 intra4=0 reftype=0
  snapshot f172: 3 venc_ko blocks (pool0 0x73801000 len 0x10000)
src frame 173: srcf=1 off=93420 br=8000
frame 173: send=0x0 get=0x0 len=17705 coding=1 startqp=0 meanqp=0 picbytes=0 pskip=0 nalus=1 n1:17705
  cu: inter64=0 inter32=0 inter16=0 inter8=0 intra32=0 intra16=0 intra8=0 intra4=0 reftype=0
  snapshot f173: 3 venc_ko blocks (pool0 0x73801000 len 0x10000)
src frame 174: srcf=0 off=93960 br=8000
frame 174: send=0x0 get=0x0 len=10674 coding=1 startqp=0 meanqp=0 picbytes=0 pskip=0 nalus=1 n1:10674
  cu: inter64=0 inter32=0 inter16=0 inter8=0 intra32=0 intra16=0 intra8=0 intra4=0 reftype=0
  snapshot f174: 3 venc_ko blocks (pool0 0x73801000 len 0x10000)
src frame 175: srcf=1 off=94500 br=8000
frame 175: send=0x0 get=0x0 len=17056 coding=1 startqp=0 meanqp=0 picbytes=0 pskip=0 nalus=1 n1:17056
  cu: inter64=0 inter32=0 inter16=0 inter8=0 intra32=0 intra16=0 intra8=0 intra4=0 reftype=0
  snapshot f175: 3 venc_ko blocks (pool0 0x73801000 len 0x10000)
src frame 176: srcf=2 off=95040 br=8000
frame 176: send=0x0 get=0x0 len=11925 coding=1 startqp=0 meanqp=0 picbytes=0 pskip=0 nalus=1 n1:11925
  cu: inter64=0 inter32=0 inter16=0 inter8=0 intra32=0 intra16=0 intra8=0 intra4=0 reftype=0
  snapshot f176: 3 venc_ko blocks (pool0 0x73801000 len 0x10000)
src frame 177: srcf=3 off=95580 br=8000
frame 177: send=0x0 get=0x0 len=19527 coding=1 startqp=0 meanqp=0 picbytes=0 pskip=0 nalus=1 n1:19527
  cu: inter64=0 inter32=0 inter16=0 inter8=0 intra32=0 intra16=0 intra8=0 intra4=0 reftype=0
  snapshot f177: 3 venc_ko blocks (pool0 0x73801000 len 0x10000)
src frame 178: srcf=4 off=96120 br=8000
frame 178: send=0x0 get=0x0 len=12601 coding=1 startqp=0 meanqp=0 picbytes=0 pskip=0 nalus=1 n1:12601
  cu: inter64=0 inter32=0 inter16=0 inter8=0 intra32=0 intra16=0 intra8=0 intra4=0 reftype=0
  snapshot f178: 3 venc_ko blocks (pool0 0x73801000 len 0x10000)
src frame 179: srcf=5 off=96660 br=8000
frame 179: send=0x0 get=0x0 len=17864 coding=1 startqp=0 meanqp=0 picbytes=0 pskip=0 nalus=1 n1:17864
  cu: inter64=0 inter32=0 inter16=0 inter8=0 intra32=0 intra16=0 intra8=0 intra4=0 reftype=0
  snapshot f179: 3 venc_ko blocks (pool0 0x73801000 len 0x10000)
src frame 180: srcf=6 off=97200 br=8000
frame 180: send=0x0 get=0x0 len=30570 coding=0 startqp=0 meanqp=0 picbytes=0 pskip=0 nalus=4 n32:27 n33:53 n34:12 n19:30478
  cu: inter64=0 inter32=0 inter16=0 inter8=0 intra32=0 intra16=0 intra8=0 intra4=0 reftype=0
  snapshot f180: 3 venc_ko blocks (pool0 0x73801000 len 0x10000)
src frame 181: srcf=7 off=97740 br=8000
frame 181: send=0x0 get=0x0 len=19511 coding=1 startqp=0 meanqp=0 picbytes=0 pskip=0 nalus=1 n1:19511
  cu: inter64=0 inter32=0 inter16=0 inter8=0 intra32=0 intra16=0 intra8=0 intra4=0 reftype=0
  snapshot f181: 3 venc_ko blocks (pool0 0x73801000 len 0x10000)
src frame 182: srcf=8 off=98280 br=8000
frame 182: send=0x0 get=0x0 len=13463 coding=1 startqp=0 meanqp=0 picbytes=0 pskip=0 nalus=1 n1:13463
  cu: inter64=0 inter32=0 inter16=0 inter8=0 intra32=0 intra16=0 intra8=0 intra4=0 reftype=0
  snapshot f182: 3 venc_ko blocks (pool0 0x73801000 len 0x10000)
src frame 183: srcf=9 off=98820 br=8000
frame 183: send=0x0 get=0x0 len=21400 coding=1 startqp=0 meanqp=0 picbytes=0 pskip=0 nalus=1 n1:21400
  cu: inter64=0 inter32=0 inter16=0 inter8=0 intra32=0 intra16=0 intra8=0 intra4=0 reftype=0
  snapshot f183: 3 venc_ko blocks (pool0 0x73801000 len 0x10000)
src frame 184: srcf=10 off=99360 br=8000
frame 184: send=0x0 get=0x0 len=14791 coding=1 startqp=0 meanqp=0 picbytes=0 pskip=0 nalus=1 n1:14791
  cu: inter64=0 inter32=0 inter16=0 inter8=0 intra32=0 intra16=0 intra8=0 intra4=0 reftype=0
  snapshot f184: 3 venc_ko blocks (pool0 0x73801000 len 0x10000)
src frame 185: srcf=11 off=99900 br=8000
frame 185: send=0x0 get=0x0 len=21270 coding=1 startqp=0 meanqp=0 picbytes=0 pskip=0 nalus=1 n1:21270
  cu: inter64=0 inter32=0 inter16=0 inter8=0 intra32=0 intra16=0 intra8=0 intra4=0 reftype=0
  snapshot f185: 3 venc_ko blocks (pool0 0x73801000 len 0x10000)
src frame 186: srcf=12 off=100440 br=8000
frame 186: send=0x0 get=0x0 len=14592 coding=1 startqp=0 meanqp=0 picbytes=0 pskip=0 nalus=1 n1:14592
  cu: inter64=0 inter32=0 inter16=0 inter8=0 intra32=0 intra16=0 intra8=0 intra4=0 reftype=0
  snapshot f186: 3 venc_ko blocks (pool0 0x73801000 len 0x10000)
src frame 187: srcf=13 off=100980 br=8000
frame 187: send=0x0 get=0x0 len=21247 coding=1 startqp=0 meanqp=0 picbytes=0 pskip=0 nalus=1 n1:21247
  cu: inter64=0 inter32=0 inter16=0 inter8=0 intra32=0 intra16=0 intra8=0 intra4=0 reftype=0
  snapshot f187: 3 venc_ko blocks (pool0 0x73801000 len 0x10000)
src frame 188: srcf=14 off=101520 br=8000
frame 188: send=0x0 get=0x0 len=14745 coding=1 startqp=0 meanqp=0 picbytes=0 pskip=0 nalus=1 n1:14745
  cu: inter64=0 inter32=0 inter16=0 inter8=0 intra32=0 intra16=0 intra8=0 intra4=0 reftype=0
  snapshot f188: 3 venc_ko blocks (pool0 0x73801000 len 0x10000)
src frame 189: srcf=15 off=102060 br=8000
frame 189: send=0x0 get=0x0 len=19511 coding=1 startqp=0 meanqp=0 picbytes=0 pskip=0 nalus=1 n1:19511
  cu: inter64=0 inter32=0 inter16=0 inter8=0 intra32=0 intra16=0 intra8=0 intra4=0 reftype=0
  snapshot f189: 3 venc_ko blocks (pool0 0x73801000 len 0x10000)
src frame 190: srcf=16 off=102600 br=8000
frame 190: send=0x0 get=0x0 len=13275 coding=1 startqp=0 meanqp=0 picbytes=0 pskip=0 nalus=1 n1:13275
  cu: inter64=0 inter32=0 inter16=0 inter8=0 intra32=0 intra16=0 intra8=0 intra4=0 reftype=0
  snapshot f190: 3 venc_ko blocks (pool0 0x73801000 len 0x10000)
src frame 191: srcf=17 off=103140 br=8000
frame 191: send=0x0 get=0x0 len=21282 coding=1 startqp=0 meanqp=0 picbytes=0 pskip=0 nalus=1 n1:21282
  cu: inter64=0 inter32=0 inter16=0 inter8=0 intra32=0 intra16=0 intra8=0 intra4=0 reftype=0
  snapshot f191: 3 venc_ko blocks (pool0 0x73801000 len 0x10000)
src frame 192: srcf=18 off=103680 br=8000
frame 192: send=0x0 get=0x0 len=14663 coding=1 startqp=0 meanqp=0 picbytes=0 pskip=0 nalus=1 n1:14663
  cu: inter64=0 inter32=0 inter16=0 inter8=0 intra32=0 intra16=0 intra8=0 intra4=0 reftype=0
  snapshot f192: 3 venc_ko blocks (pool0 0x73801000 len 0x10000)
src frame 193: srcf=19 off=104220 br=8000
frame 193: send=0x0 get=0x0 len=19464 coding=1 startqp=0 meanqp=0 picbytes=0 pskip=0 nalus=1 n1:19464
  cu: inter64=0 inter32=0 inter16=0 inter8=0 intra32=0 intra16=0 intra8=0 intra4=0 reftype=0
  snapshot f193: 3 venc_ko blocks (pool0 0x73801000 len 0x10000)
src frame 194: srcf=20 off=104760 br=8000
frame 194: send=0x0 get=0x0 len=13298 coding=1 startqp=0 meanqp=0 picbytes=0 pskip=0 nalus=1 n1:13298
  cu: inter64=0 inter32=0 inter16=0 inter8=0 intra32=0 intra16=0 intra8=0 intra4=0 reftype=0
  snapshot f194: 3 venc_ko blocks (pool0 0x73801000 len 0x10000)
src frame 195: srcf=21 off=105300 br=8000
frame 195: send=0x0 get=0x0 len=21274 coding=1 startqp=0 meanqp=0 picbytes=0 pskip=0 nalus=1 n1:21274
  cu: inter64=0 inter32=0 inter16=0 inter8=0 intra32=0 intra16=0 intra8=0 intra4=0 reftype=0
  snapshot f195: 3 venc_ko blocks (pool0 0x73801000 len 0x10000)
src frame 196: srcf=22 off=105840 br=8000
frame 196: send=0x0 get=0x0 len=14753 coding=1 startqp=0 meanqp=0 picbytes=0 pskip=0 nalus=1 n1:14753
  cu: inter64=0 inter32=0 inter16=0 inter8=0 intra32=0 intra16=0 intra8=0 intra4=0 reftype=0
  snapshot f196: 3 venc_ko blocks (pool0 0x73801000 len 0x10000)
src frame 197: srcf=23 off=106380 br=8000
frame 197: send=0x0 get=0x0 len=19533 coding=1 startqp=0 meanqp=0 picbytes=0 pskip=0 nalus=1 n1:19533
  cu: inter64=0 inter32=0 inter16=0 inter8=0 intra32=0 intra16=0 intra8=0 intra4=0 reftype=0
  snapshot f197: 3 venc_ko blocks (pool0 0x73801000 len 0x10000)
src frame 198: srcf=24 off=106920 br=8000
frame 198: send=0x0 get=0x0 len=13185 coding=1 startqp=0 meanqp=0 picbytes=0 pskip=0 nalus=1 n1:13185
  cu: inter64=0 inter32=0 inter16=0 inter8=0 intra32=0 intra16=0 intra8=0 intra4=0 reftype=0
  snapshot f198: 3 venc_ko blocks (pool0 0x73801000 len 0x10000)
src frame 199: srcf=25 off=107460 br=8000
frame 199: send=0x0 get=0x0 len=21325 coding=1 startqp=0 meanqp=0 picbytes=0 pskip=0 nalus=1 n1:21325
  cu: inter64=0 inter32=0 inter16=0 inter8=0 intra32=0 intra16=0 intra8=0 intra4=0 reftype=0
  snapshot f199: 3 venc_ko blocks (pool0 0x73801000 len 0x10000)
src frame 200: srcf=26 off=108000 br=8000
frame 200: send=0x0 get=0x0 len=14420 coding=1 startqp=0 meanqp=0 picbytes=0 pskip=0 nalus=1 n1:14420
  cu: inter64=0 inter32=0 inter16=0 inter8=0 intra32=0 intra16=0 intra8=0 intra4=0 reftype=0
  snapshot f200: 3 venc_ko blocks (pool0 0x73801000 len 0x10000)
src frame 201: srcf=27 off=108540 br=8000
frame 201: send=0x0 get=0x0 len=19417 coding=1 startqp=0 meanqp=0 picbytes=0 pskip=0 nalus=1 n1:19417
  cu: inter64=0 inter32=0 inter16=0 inter8=0 intra32=0 intra16=0 intra8=0 intra4=0 reftype=0
  snapshot f201: 3 venc_ko blocks (pool0 0x73801000 len 0x10000)
src frame 202: srcf=28 off=109080 br=8000
frame 202: send=0x0 get=0x0 len=13286 coding=1 startqp=0 meanqp=0 picbytes=0 pskip=0 nalus=1 n1:13286
  cu: inter64=0 inter32=0 inter16=0 inter8=0 intra32=0 intra16=0 intra8=0 intra4=0 reftype=0
  snapshot f202: 3 venc_ko blocks (pool0 0x73801000 len 0x10000)
src frame 203: srcf=29 off=109620 br=8000
frame 203: send=0x0 get=0x0 len=21173 coding=1 startqp=0 meanqp=0 picbytes=0 pskip=0 nalus=1 n1:21173
  cu: inter64=0 inter32=0 inter16=0 inter8=0 intra32=0 intra16=0 intra8=0 intra4=0 reftype=0
  snapshot f203: 3 venc_ko blocks (pool0 0x73801000 len 0x10000)
src frame 204: srcf=28 off=110160 br=8000
frame 204: send=0x0 get=0x0 len=14515 coding=1 startqp=0 meanqp=0 picbytes=0 pskip=0 nalus=1 n1:14515
  cu: inter64=0 inter32=0 inter16=0 inter8=0 intra32=0 intra16=0 intra8=0 intra4=0 reftype=0
  snapshot f204: 3 venc_ko blocks (pool0 0x73801000 len 0x10000)
src frame 205: srcf=27 off=110700 br=8000
frame 205: send=0x0 get=0x0 len=19462 coding=1 startqp=0 meanqp=0 picbytes=0 pskip=0 nalus=1 n1:19462
  cu: inter64=0 inter32=0 inter16=0 inter8=0 intra32=0 intra16=0 intra8=0 intra4=0 reftype=0
  snapshot f205: 3 venc_ko blocks (pool0 0x73801000 len 0x10000)
src frame 206: srcf=26 off=111240 br=8000
frame 206: send=0x0 get=0x0 len=13315 coding=1 startqp=0 meanqp=0 picbytes=0 pskip=0 nalus=1 n1:13315
  cu: inter64=0 inter32=0 inter16=0 inter8=0 intra32=0 intra16=0 intra8=0 intra4=0 reftype=0
  snapshot f206: 3 venc_ko blocks (pool0 0x73801000 len 0x10000)
src frame 207: srcf=25 off=111780 br=8000
frame 207: send=0x0 get=0x0 len=21292 coding=1 startqp=0 meanqp=0 picbytes=0 pskip=0 nalus=1 n1:21292
  cu: inter64=0 inter32=0 inter16=0 inter8=0 intra32=0 intra16=0 intra8=0 intra4=0 reftype=0
  snapshot f207: 3 venc_ko blocks (pool0 0x73801000 len 0x10000)
src frame 208: srcf=24 off=112320 br=8000
frame 208: send=0x0 get=0x0 len=14316 coding=1 startqp=0 meanqp=0 picbytes=0 pskip=0 nalus=1 n1:14316
  cu: inter64=0 inter32=0 inter16=0 inter8=0 intra32=0 intra16=0 intra8=0 intra4=0 reftype=0
  snapshot f208: 3 venc_ko blocks (pool0 0x73801000 len 0x10000)
src frame 209: srcf=23 off=112860 br=8000
frame 209: send=0x0 get=0x0 len=19537 coding=1 startqp=0 meanqp=0 picbytes=0 pskip=0 nalus=1 n1:19537
  cu: inter64=0 inter32=0 inter16=0 inter8=0 intra32=0 intra16=0 intra8=0 intra4=0 reftype=0
  snapshot f209: 3 venc_ko blocks (pool0 0x73801000 len 0x10000)
src frame 210: srcf=22 off=113400 br=8000
frame 210: send=0x0 get=0x0 len=30570 coding=0 startqp=0 meanqp=0 picbytes=0 pskip=0 nalus=4 n32:27 n33:53 n34:12 n19:30478
  cu: inter64=0 inter32=0 inter16=0 inter8=0 intra32=0 intra16=0 intra8=0 intra4=0 reftype=0
  snapshot f210: 3 venc_ko blocks (pool0 0x73801000 len 0x10000)
src frame 211: srcf=21 off=113940 br=8000
frame 211: send=0x0 get=0x0 len=19511 coding=1 startqp=0 meanqp=0 picbytes=0 pskip=0 nalus=1 n1:19511
  cu: inter64=0 inter32=0 inter16=0 inter8=0 intra32=0 intra16=0 intra8=0 intra4=0 reftype=0
  snapshot f211: 3 venc_ko blocks (pool0 0x73801000 len 0x10000)
src frame 212: srcf=20 off=114480 br=8000
frame 212: send=0x0 get=0x0 len=13333 coding=1 startqp=0 meanqp=0 picbytes=0 pskip=0 nalus=1 n1:13333
  cu: inter64=0 inter32=0 inter16=0 inter8=0 intra32=0 intra16=0 intra8=0 intra4=0 reftype=0
  snapshot f212: 3 venc_ko blocks (pool0 0x73801000 len 0x10000)
src frame 213: srcf=19 off=115020 br=8000
frame 213: send=0x0 get=0x0 len=21327 coding=1 startqp=0 meanqp=0 picbytes=0 pskip=0 nalus=1 n1:21327
  cu: inter64=0 inter32=0 inter16=0 inter8=0 intra32=0 intra16=0 intra8=0 intra4=0 reftype=0
  snapshot f213: 3 venc_ko blocks (pool0 0x73801000 len 0x10000)
src frame 214: srcf=18 off=115560 br=8000
frame 214: send=0x0 get=0x0 len=14512 coding=1 startqp=0 meanqp=0 picbytes=0 pskip=0 nalus=1 n1:14512
  cu: inter64=0 inter32=0 inter16=0 inter8=0 intra32=0 intra16=0 intra8=0 intra4=0 reftype=0
  snapshot f214: 3 venc_ko blocks (pool0 0x73801000 len 0x10000)
src frame 215: srcf=17 off=116100 br=8000
frame 215: send=0x0 get=0x0 len=19580 coding=1 startqp=0 meanqp=0 picbytes=0 pskip=0 nalus=1 n1:19580
  cu: inter64=0 inter32=0 inter16=0 inter8=0 intra32=0 intra16=0 intra8=0 intra4=0 reftype=0
  snapshot f215: 3 venc_ko blocks (pool0 0x73801000 len 0x10000)
src frame 216: srcf=16 off=116640 br=8000
frame 216: send=0x0 get=0x0 len=13314 coding=1 startqp=0 meanqp=0 picbytes=0 pskip=0 nalus=1 n1:13314
  cu: inter64=0 inter32=0 inter16=0 inter8=0 intra32=0 intra16=0 intra8=0 intra4=0 reftype=0
  snapshot f216: 3 venc_ko blocks (pool0 0x73801000 len 0x10000)
src frame 217: srcf=15 off=117180 br=8000
frame 217: send=0x0 get=0x0 len=21249 coding=1 startqp=0 meanqp=0 picbytes=0 pskip=0 nalus=1 n1:21249
  cu: inter64=0 inter32=0 inter16=0 inter8=0 intra32=0 intra16=0 intra8=0 intra4=0 reftype=0
  snapshot f217: 3 venc_ko blocks (pool0 0x73801000 len 0x10000)
src frame 218: srcf=14 off=117720 br=8000
frame 218: send=0x0 get=0x0 len=14280 coding=1 startqp=0 meanqp=0 picbytes=0 pskip=0 nalus=1 n1:14280
  cu: inter64=0 inter32=0 inter16=0 inter8=0 intra32=0 intra16=0 intra8=0 intra4=0 reftype=0
  snapshot f218: 3 venc_ko blocks (pool0 0x73801000 len 0x10000)
src frame 219: srcf=13 off=118260 br=8000
frame 219: send=0x0 get=0x0 len=19511 coding=1 startqp=0 meanqp=0 picbytes=0 pskip=0 nalus=1 n1:19511
  cu: inter64=0 inter32=0 inter16=0 inter8=0 intra32=0 intra16=0 intra8=0 intra4=0 reftype=0
  snapshot f219: 3 venc_ko blocks (pool0 0x73801000 len 0x10000)
src frame 220: srcf=12 off=118800 br=8000
frame 220: send=0x0 get=0x0 len=13221 coding=1 startqp=0 meanqp=0 picbytes=0 pskip=0 nalus=1 n1:13221
  cu: inter64=0 inter32=0 inter16=0 inter8=0 intra32=0 intra16=0 intra8=0 intra4=0 reftype=0
  snapshot f220: 3 venc_ko blocks (pool0 0x73801000 len 0x10000)
src frame 221: srcf=11 off=119340 br=8000
frame 221: send=0x0 get=0x0 len=19462 coding=1 startqp=0 meanqp=0 picbytes=0 pskip=0 nalus=1 n1:19462
  cu: inter64=0 inter32=0 inter16=0 inter8=0 intra32=0 intra16=0 intra8=0 intra4=0 reftype=0
  snapshot f221: 3 venc_ko blocks (pool0 0x73801000 len 0x10000)
src frame 222: srcf=10 off=119880 br=8000
frame 222: send=0x0 get=0x0 len=13276 coding=1 startqp=0 meanqp=0 picbytes=0 pskip=0 nalus=1 n1:13276
  cu: inter64=0 inter32=0 inter16=0 inter8=0 intra32=0 intra16=0 intra8=0 intra4=0 reftype=0
  snapshot f222: 3 venc_ko blocks (pool0 0x73801000 len 0x10000)
src frame 223: srcf=9 off=120420 br=8000
frame 223: send=0x0 get=0x0 len=19671 coding=1 startqp=0 meanqp=0 picbytes=0 pskip=0 nalus=1 n1:19671
  cu: inter64=0 inter32=0 inter16=0 inter8=0 intra32=0 intra16=0 intra8=0 intra4=0 reftype=0
  snapshot f223: 3 venc_ko blocks (pool0 0x73801000 len 0x10000)
src frame 224: srcf=8 off=120960 br=8000
frame 224: send=0x0 get=0x0 len=13247 coding=1 startqp=0 meanqp=0 picbytes=0 pskip=0 nalus=1 n1:13247
  cu: inter64=0 inter32=0 inter16=0 inter8=0 intra32=0 intra16=0 intra8=0 intra4=0 reftype=0
  snapshot f224: 3 venc_ko blocks (pool0 0x73801000 len 0x10000)
src frame 225: srcf=7 off=121500 br=8000
frame 225: send=0x0 get=0x0 len=19507 coding=1 startqp=0 meanqp=0 picbytes=0 pskip=0 nalus=1 n1:19507
  cu: inter64=0 inter32=0 inter16=0 inter8=0 intra32=0 intra16=0 intra8=0 intra4=0 reftype=0
  snapshot f225: 3 venc_ko blocks (pool0 0x73801000 len 0x10000)
src frame 226: srcf=6 off=122040 br=8000
frame 226: send=0x0 get=0x0 len=13163 coding=1 startqp=0 meanqp=0 picbytes=0 pskip=0 nalus=1 n1:13163
  cu: inter64=0 inter32=0 inter16=0 inter8=0 intra32=0 intra16=0 intra8=0 intra4=0 reftype=0
  snapshot f226: 3 venc_ko blocks (pool0 0x73801000 len 0x10000)
src frame 227: srcf=5 off=122580 br=8000
frame 227: send=0x0 get=0x0 len=19389 coding=1 startqp=0 meanqp=0 picbytes=0 pskip=0 nalus=1 n1:19389
  cu: inter64=0 inter32=0 inter16=0 inter8=0 intra32=0 intra16=0 intra8=0 intra4=0 reftype=0
  snapshot f227: 3 venc_ko blocks (pool0 0x73801000 len 0x10000)
src frame 228: srcf=4 off=123120 br=8000
frame 228: send=0x0 get=0x0 len=12936 coding=1 startqp=0 meanqp=0 picbytes=0 pskip=0 nalus=1 n1:12936
  cu: inter64=0 inter32=0 inter16=0 inter8=0 intra32=0 intra16=0 intra8=0 intra4=0 reftype=0
  snapshot f228: 3 venc_ko blocks (pool0 0x73801000 len 0x10000)
src frame 229: srcf=3 off=123660 br=8000
frame 229: send=0x0 get=0x0 len=19392 coding=1 startqp=0 meanqp=0 picbytes=0 pskip=0 nalus=1 n1:19392
  cu: inter64=0 inter32=0 inter16=0 inter8=0 intra32=0 intra16=0 intra8=0 intra4=0 reftype=0
  snapshot f229: 3 venc_ko blocks (pool0 0x73801000 len 0x10000)
src frame 230: srcf=2 off=124200 br=8000
frame 230: send=0x0 get=0x0 len=12872 coding=1 startqp=0 meanqp=0 picbytes=0 pskip=0 nalus=1 n1:12872
  cu: inter64=0 inter32=0 inter16=0 inter8=0 intra32=0 intra16=0 intra8=0 intra4=0 reftype=0
  snapshot f230: 3 venc_ko blocks (pool0 0x73801000 len 0x10000)
src frame 231: srcf=1 off=124740 br=8000
frame 231: send=0x0 get=0x0 len=17779 coding=1 startqp=0 meanqp=0 picbytes=0 pskip=0 nalus=1 n1:17779
  cu: inter64=0 inter32=0 inter16=0 inter8=0 intra32=0 intra16=0 intra8=0 intra4=0 reftype=0
  snapshot f231: 3 venc_ko blocks (pool0 0x73801000 len 0x10000)
src frame 232: srcf=0 off=125280 br=8000
frame 232: send=0x0 get=0x0 len=10671 coding=1 startqp=0 meanqp=0 picbytes=0 pskip=0 nalus=1 n1:10671
  cu: inter64=0 inter32=0 inter16=0 inter8=0 intra32=0 intra16=0 intra8=0 intra4=0 reftype=0
  snapshot f232: 3 venc_ko blocks (pool0 0x73801000 len 0x10000)
src frame 233: srcf=1 off=125820 br=8000
frame 233: send=0x0 get=0x0 len=17780 coding=1 startqp=0 meanqp=0 picbytes=0 pskip=0 nalus=1 n1:17780
  cu: inter64=0 inter32=0 inter16=0 inter8=0 intra32=0 intra16=0 intra8=0 intra4=0 reftype=0
  snapshot f233: 3 venc_ko blocks (pool0 0x73801000 len 0x10000)
src frame 234: srcf=2 off=126360 br=8000
frame 234: send=0x0 get=0x0 len=10609 coding=1 startqp=0 meanqp=0 picbytes=0 pskip=0 nalus=1 n1:10609
  cu: inter64=0 inter32=0 inter16=0 inter8=0 intra32=0 intra16=0 intra8=0 intra4=0 reftype=0
  snapshot f234: 3 venc_ko blocks (pool0 0x73801000 len 0x10000)
src frame 235: srcf=3 off=126900 br=8000
frame 235: send=0x0 get=0x0 len=17713 coding=1 startqp=0 meanqp=0 picbytes=0 pskip=0 nalus=1 n1:17713
  cu: inter64=0 inter32=0 inter16=0 inter8=0 intra32=0 intra16=0 intra8=0 intra4=0 reftype=0
  snapshot f235: 3 venc_ko blocks (pool0 0x73801000 len 0x10000)
src frame 236: srcf=4 off=127440 br=8000
frame 236: send=0x0 get=0x0 len=10746 coding=1 startqp=0 meanqp=0 picbytes=0 pskip=0 nalus=1 n1:10746
  cu: inter64=0 inter32=0 inter16=0 inter8=0 intra32=0 intra16=0 intra8=0 intra4=0 reftype=0
  snapshot f236: 3 venc_ko blocks (pool0 0x73801000 len 0x10000)
src frame 237: srcf=5 off=127980 br=8000
frame 237: send=0x0 get=0x0 len=17311 coding=1 startqp=0 meanqp=0 picbytes=0 pskip=0 nalus=1 n1:17311
  cu: inter64=0 inter32=0 inter16=0 inter8=0 intra32=0 intra16=0 intra8=0 intra4=0 reftype=0
  snapshot f237: 3 venc_ko blocks (pool0 0x73801000 len 0x10000)
src frame 238: srcf=6 off=128520 br=8000
frame 238: send=0x0 get=0x0 len=11979 coding=1 startqp=0 meanqp=0 picbytes=0 pskip=0 nalus=1 n1:11979
  cu: inter64=0 inter32=0 inter16=0 inter8=0 intra32=0 intra16=0 intra8=0 intra4=0 reftype=0
  snapshot f238: 3 venc_ko blocks (pool0 0x73801000 len 0x10000)
src frame 239: srcf=7 off=129060 br=8000
frame 239: send=0x0 get=0x0 len=19251 coding=1 startqp=0 meanqp=0 picbytes=0 pskip=0 nalus=1 n1:19251
  cu: inter64=0 inter32=0 inter16=0 inter8=0 intra32=0 intra16=0 intra8=0 intra4=0 reftype=0
  snapshot f239: 3 venc_ko blocks (pool0 0x73801000 len 0x10000)
---- /proc/ax_proc/venc ----
-------- VENC VERSION ------------------------
[Axera version]: ax_venc V3.0.0_20250319114413 Mar 19 2025 11:58:34 JK

-------- MODULE PARAM ------------------------
MaxChnNum   MaxRoiNum   MaxProcNum  
16          8           16          

-------- VENC CHN ATTR 1 ------------------------
ID    Type    wSrc    hSrc    Strd0   Strd1   maxW    maxH    PixFmt  link  InFifoDep    OutFifoDep   InDbgFifoLen InDbgFifoDep StrmBufSize(KB)
7     h265    1920    1080    3840    0       1920    1080    YUYV422 N     2            2            0            4            4114      
-------- VENC CHN ATTR 2 ------------------------
ID    [CropEn StartX  StartY  CropW   CropH]  Rotation  EncW    EncH    FrmSize      PTS          SeqNum       CompMode     CompLevel    PhyAddr0     PhyAddr1     PhyAddr2     
7     N       0       0       0       0       0         1920    1080    4147200      3283333      198          NONE         0            742cb000     0            0            
-------- VENC RC ATTR 1 ------------------------
ID    RcMode    SrcFr   DstFr   Br(kbps)  MinQp   MaxQp   MinIQp  MaxIQp  IQpDelta  IpropMax   IpropMin   StartQp    QpDltRng   DeBrQpDlt  SvcEn   ChgPos  StillPercent MaxStillQp 
7     CBR       60.00   60.00   8000      10      51      10      51      0         40         10         -1         2          0          False   -       -            -          
-------- VENC RC ATTR 2  -----------------------
ID    QMapQpType  QMapUnit    QMapBlkType IQp   PQp   MinQpDelta MaxQpDelta MaxBitRate shtStaTime ltStaTime  ltMinBr  ltMaxBr  Br_ST(kbps)    Br_LT(kbps)    
7     N/A         64x64       N/A         -     -     -          -          -          -          -          -        -        -              -              
-------- VENC GOP ATTR  ------------------------
ID    GopMode   Gop   GopVI 
7     NormalP   30    0     
-------- VENC STATUS 1 -------------------------
ID    RJEn         RJThr(bps)   RJMode       RJEncGaps    SupFrmEn     SupPri       SupThrI      SupThrP      SplitEn      SliceNum     Range(In)    Range(out)   
7     N            0            Normal       0            N            0            500000       500000       N            0            Full         Full         
-------- VENC STATUS 2 -------------------------
ID    ChnStat   FrmRecv   FrmRls    FrmEnc    FrmDrop   FrmDup    EncFail   MissMatch StrmGet   StrmRls   OutFps    RealBr    ReEncCnt  DropCnt   BlkFail   GrpID     PID     TID     ThNum   RefInc    RefDec    Fail1   Fail2   Fail3   Fail4   
7     STARTED   198       198       198       0         0         0         0         198       197       50.00     6890.42   0         0         0         -1        130628  130632  1       198       198       0       0       0       0       
-------- VENC HW STATUS  ------------------------
ID    OverFlow     TimeOut      
7     0            0            
-------- VENC ROI INFO  ------------------------
ID    Index        bEnable      bAbsQp       RoiQP        Width        Height       StartX       StartY       
done h265_jump1_cbr8000
rc=0
== h265_jump1_cbr8000: codec=h265 rc=cbr br=8000 fps=60 gop=30 frames=240 total=4111270 B achieved=8223 kbps
I frames (frame:qp/bytes): 0:32/28832 30:31/30570 60:31/30570 90:30/32398 120:30/32398 150:31/30570 180:31/30570 210:31/30570
first P after each I (frame:qp): 1:35 31:34 61:34 91:33 121:33 151:34 181:34 211:34
per-GOP: gop#: kbps I_qp P_qp[min..max] P_qp_last
  0: 8447 kbps I=[32] P=[33..37] last=34 n=30
  1: 7632 kbps I=[31] P=[33..37] last=37 n=30
  2: 8623 kbps I=[31] P=[33..35] last=33 n=30
  3: 7972 kbps I=[30] P=[33..37] last=35 n=30
  4: 8624 kbps I=[30] P=[33..35] last=34 n=30
  5: 7986 kbps I=[31] P=[33..37] last=35 n=30
  6: 8542 kbps I=[31] P=[33..35] last=34 n=30
  7: 7955 kbps I=[31] P=[33..37] last=34 n=30
P->P QP step histogram: -2:45 -1:32 +0:35 +1:97 +2:15
I->firstP QP delta: +3 +3 +3 +3 +3 +3 +3 +3
sw7 frame-QP == slice QP: 240/240 frames with a program agree; mismatches at []
slot flags: {'': 240}
sw105-107 distinct (I): [('0x120537', '0x120537', '0x120537'), ('0x1228ea', '0x1228ea', '0x1228ea'), ('0x124f80', '0x124f80', '0x124f80'), ('0x186a00', '0x186a00', '0x186a00'), ('0x1adb00', '0x1adb00', '0x1adb00')]
sw172/173 distinct: [('0x14f', '0x662'), ('0x14f', '0x66a')]
sw6 distinct (I / P): ['0x20000b'] ['0x200003']
=== h265_jump15_cbr8000: codec=h265 rc=cbr br=8000 nframes=240 src=/root/rc65/clips/static.yuyv motion=jump mstep=15
# vdrive tag=h265_jump15_cbr8000 codec=h265 1920x1080 rc=cbr br=8000 fps=60/60 gop=30 gopmode=normalp ltrint=0 ltrqpo=0 iqp=32 pqp=32 profile=0 level=153 tier=0 qp[10..51] iqp[10..51] iqd=0 firstqp=-1 iprop[10..40] idrrange=2 stattime=1 vq=0 ir=0/0 slice=0 debreath=0 scd=-1 rowqpd=-1 vui=-1 move=0 nframes=240
src=/root/rc65/clips/static.yuyv frames=30 loop=pingpong motion=jump mstep=15 window=0..-1
AX_SYS_Init rc=0x0
AX_VENC_Init rc=0x0
AX_VENC_CreateChn(7) rc=0x0
StartRecvFrame rc=0x0
AX_POOL_CreatePool id=0x0
blk=0x5e000000 phys=0x742cb000 virt=0xffff80fe5000
frame: modid=0x11 stride=1920 fmt=0xd
  snapshot pre: 3 venc_ko blocks (pool0 0x73801000 len 0x10000)
src frame 0: srcf=0 off=0 br=8000
frame 0: send=0x0 get=0x0 len=28832 coding=0 startqp=0 meanqp=0 picbytes=0 pskip=0 nalus=4 n32:27 n33:53 n34:12 n19:28740
  cu: inter64=0 inter32=0 inter16=0 inter8=0 intra32=0 intra16=0 intra8=0 intra4=0 reftype=0
  snapshot f000: 3 venc_ko blocks (pool0 0x73801000 len 0x10000)
src frame 1: srcf=1 off=0 br=8000
frame 1: send=0x0 get=0x0 len=4963 coding=1 startqp=0 meanqp=0 picbytes=0 pskip=0 nalus=1 n1:4963
  cu: inter64=0 inter32=0 inter16=0 inter8=0 intra32=0 intra16=0 intra8=0 intra4=0 reftype=0
  snapshot f001: 3 venc_ko blocks (pool0 0x73801000 len 0x10000)
src frame 2: srcf=2 off=0 br=8000
frame 2: send=0x0 get=0x0 len=5203 coding=1 startqp=0 meanqp=0 picbytes=0 pskip=0 nalus=1 n1:5203
  cu: inter64=0 inter32=0 inter16=0 inter8=0 intra32=0 intra16=0 intra8=0 intra4=0 reftype=0
  snapshot f002: 3 venc_ko blocks (pool0 0x73801000 len 0x10000)
src frame 3: srcf=3 off=0 br=8000
frame 3: send=0x0 get=0x0 len=2713 coding=1 startqp=0 meanqp=0 picbytes=0 pskip=0 nalus=1 n1:2713
  cu: inter64=0 inter32=0 inter16=0 inter8=0 intra32=0 intra16=0 intra8=0 intra4=0 reftype=0
  snapshot f003: 3 venc_ko blocks (pool0 0x73801000 len 0x10000)
src frame 4: srcf=4 off=0 br=8000
frame 4: send=0x0 get=0x0 len=3455 coding=1 startqp=0 meanqp=0 picbytes=0 pskip=0 nalus=1 n1:3455
  cu: inter64=0 inter32=0 inter16=0 inter8=0 intra32=0 intra16=0 intra8=0 intra4=0 reftype=0
  snapshot f004: 3 venc_ko blocks (pool0 0x73801000 len 0x10000)
src frame 5: srcf=5 off=0 br=8000
frame 5: send=0x0 get=0x0 len=3664 coding=1 startqp=0 meanqp=0 picbytes=0 pskip=0 nalus=1 n1:3664
  cu: inter64=0 inter32=0 inter16=0 inter8=0 intra32=0 intra16=0 intra8=0 intra4=0 reftype=0
  snapshot f005: 3 venc_ko blocks (pool0 0x73801000 len 0x10000)
src frame 6: srcf=6 off=0 br=8000
frame 6: send=0x0 get=0x0 len=3699 coding=1 startqp=0 meanqp=0 picbytes=0 pskip=0 nalus=1 n1:3699
  cu: inter64=0 inter32=0 inter16=0 inter8=0 intra32=0 intra16=0 intra8=0 intra4=0 reftype=0
  snapshot f006: 3 venc_ko blocks (pool0 0x73801000 len 0x10000)
src frame 7: srcf=7 off=0 br=8000
frame 7: send=0x0 get=0x0 len=4193 coding=1 startqp=0 meanqp=0 picbytes=0 pskip=0 nalus=1 n1:4193
  cu: inter64=0 inter32=0 inter16=0 inter8=0 intra32=0 intra16=0 intra8=0 intra4=0 reftype=0
  snapshot f007: 3 venc_ko blocks (pool0 0x73801000 len 0x10000)
src frame 8: srcf=8 off=0 br=8000
frame 8: send=0x0 get=0x0 len=4053 coding=1 startqp=0 meanqp=0 picbytes=0 pskip=0 nalus=1 n1:4053
  cu: inter64=0 inter32=0 inter16=0 inter8=0 intra32=0 intra16=0 intra8=0 intra4=0 reftype=0
  snapshot f008: 3 venc_ko blocks (pool0 0x73801000 len 0x10000)
src frame 9: srcf=9 off=0 br=8000
frame 9: send=0x0 get=0x0 len=4627 coding=1 startqp=0 meanqp=0 picbytes=0 pskip=0 nalus=1 n1:4627
  cu: inter64=0 inter32=0 inter16=0 inter8=0 intra32=0 intra16=0 intra8=0 intra4=0 reftype=0
  snapshot f009: 3 venc_ko blocks (pool0 0x73801000 len 0x10000)
src frame 10: srcf=10 off=0 br=8000
frame 10: send=0x0 get=0x0 len=4808 coding=1 startqp=0 meanqp=0 picbytes=0 pskip=0 nalus=1 n1:4808
  cu: inter64=0 inter32=0 inter16=0 inter8=0 intra32=0 intra16=0 intra8=0 intra4=0 reftype=0
  snapshot f010: 3 venc_ko blocks (pool0 0x73801000 len 0x10000)
src frame 11: srcf=11 off=0 br=8000
frame 11: send=0x0 get=0x0 len=5151 coding=1 startqp=0 meanqp=0 picbytes=0 pskip=0 nalus=1 n1:5151
  cu: inter64=0 inter32=0 inter16=0 inter8=0 intra32=0 intra16=0 intra8=0 intra4=0 reftype=0
  snapshot f011: 3 venc_ko blocks (pool0 0x73801000 len 0x10000)
src frame 12: srcf=12 off=0 br=8000
frame 12: send=0x0 get=0x0 len=5160 coding=1 startqp=0 meanqp=0 picbytes=0 pskip=0 nalus=1 n1:5160
  cu: inter64=0 inter32=0 inter16=0 inter8=0 intra32=0 intra16=0 intra8=0 intra4=0 reftype=0
  snapshot f012: 3 venc_ko blocks (pool0 0x73801000 len 0x10000)
src frame 13: srcf=13 off=0 br=8000
frame 13: send=0x0 get=0x0 len=5096 coding=1 startqp=0 meanqp=0 picbytes=0 pskip=0 nalus=1 n1:5096
  cu: inter64=0 inter32=0 inter16=0 inter8=0 intra32=0 intra16=0 intra8=0 intra4=0 reftype=0
  snapshot f013: 3 venc_ko blocks (pool0 0x73801000 len 0x10000)
src frame 14: srcf=14 off=0 br=8000
frame 14: send=0x0 get=0x0 len=6199 coding=1 startqp=0 meanqp=0 picbytes=0 pskip=0 nalus=1 n1:6199
  cu: inter64=0 inter32=0 inter16=0 inter8=0 intra32=0 intra16=0 intra8=0 intra4=0 reftype=0
  snapshot f014: 3 venc_ko blocks (pool0 0x73801000 len 0x10000)
src frame 15: srcf=15 off=540 br=8000
frame 15: send=0x0 get=0x0 len=40053 coding=1 startqp=0 meanqp=0 picbytes=0 pskip=0 nalus=1 n1:40053
  cu: inter64=0 inter32=0 inter16=0 inter8=0 intra32=0 intra16=0 intra8=0 intra4=0 reftype=0
  snapshot f015: 3 venc_ko blocks (pool0 0x73801000 len 0x10000)
src frame 16: srcf=16 off=540 br=8000
frame 16: send=0x0 get=0x0 len=18899 coding=1 startqp=0 meanqp=0 picbytes=0 pskip=0 nalus=1 n1:18899
  cu: inter64=0 inter32=0 inter16=0 inter8=0 intra32=0 intra16=0 intra8=0 intra4=0 reftype=0
  snapshot f016: 3 venc_ko blocks (pool0 0x73801000 len 0x10000)
src frame 17: srcf=17 off=540 br=8000
frame 17: send=0x0 get=0x0 len=14422 coding=1 startqp=0 meanqp=0 picbytes=0 pskip=0 nalus=1 n1:14422
  cu: inter64=0 inter32=0 inter16=0 inter8=0 intra32=0 intra16=0 intra8=0 intra4=0 reftype=0
  snapshot f017: 3 venc_ko blocks (pool0 0x73801000 len 0x10000)
src frame 18: srcf=18 off=540 br=8000
frame 18: send=0x0 get=0x0 len=4815 coding=1 startqp=0 meanqp=0 picbytes=0 pskip=0 nalus=1 n1:4815
  cu: inter64=0 inter32=0 inter16=0 inter8=0 intra32=0 intra16=0 intra8=0 intra4=0 reftype=0
  snapshot f018: 3 venc_ko blocks (pool0 0x73801000 len 0x10000)
src frame 19: srcf=19 off=540 br=8000
frame 19: send=0x0 get=0x0 len=1937 coding=1 startqp=0 meanqp=0 picbytes=0 pskip=0 nalus=1 n1:1937
  cu: inter64=0 inter32=0 inter16=0 inter8=0 intra32=0 intra16=0 intra8=0 intra4=0 reftype=0
  snapshot f019: 3 venc_ko blocks (pool0 0x73801000 len 0x10000)
src frame 20: srcf=20 off=540 br=8000
frame 20: send=0x0 get=0x0 len=1523 coding=1 startqp=0 meanqp=0 picbytes=0 pskip=0 nalus=1 n1:1523
  cu: inter64=0 inter32=0 inter16=0 inter8=0 intra32=0 intra16=0 intra8=0 intra4=0 reftype=0
  snapshot f020: 3 venc_ko blocks (pool0 0x73801000 len 0x10000)
src frame 21: srcf=21 off=540 br=8000
frame 21: send=0x0 get=0x0 len=1279 coding=1 startqp=0 meanqp=0 picbytes=0 pskip=0 nalus=1 n1:1279
  cu: inter64=0 inter32=0 inter16=0 inter8=0 intra32=0 intra16=0 intra8=0 intra4=0 reftype=0
  snapshot f021: 3 venc_ko blocks (pool0 0x73801000 len 0x10000)
src frame 22: srcf=22 off=540 br=8000
frame 22: send=0x0 get=0x0 len=1078 coding=1 startqp=0 meanqp=0 picbytes=0 pskip=0 nalus=1 n1:1078
  cu: inter64=0 inter32=0 inter16=0 inter8=0 intra32=0 intra16=0 intra8=0 intra4=0 reftype=0
  snapshot f022: 3 venc_ko blocks (pool0 0x73801000 len 0x10000)
src frame 23: srcf=23 off=540 br=8000
frame 23: send=0x0 get=0x0 len=1018 coding=1 startqp=0 meanqp=0 picbytes=0 pskip=0 nalus=1 n1:1018
  cu: inter64=0 inter32=0 inter16=0 inter8=0 intra32=0 intra16=0 intra8=0 intra4=0 reftype=0
  snapshot f023: 3 venc_ko blocks (pool0 0x73801000 len 0x10000)
src frame 24: srcf=24 off=540 br=8000
frame 24: send=0x0 get=0x0 len=975 coding=1 startqp=0 meanqp=0 picbytes=0 pskip=0 nalus=1 n1:975
  cu: inter64=0 inter32=0 inter16=0 inter8=0 intra32=0 intra16=0 intra8=0 intra4=0 reftype=0
  snapshot f024: 3 venc_ko blocks (pool0 0x73801000 len 0x10000)
src frame 25: srcf=25 off=540 br=8000
frame 25: send=0x0 get=0x0 len=882 coding=1 startqp=0 meanqp=0 picbytes=0 pskip=0 nalus=1 n1:882
  cu: inter64=0 inter32=0 inter16=0 inter8=0 intra32=0 intra16=0 intra8=0 intra4=0 reftype=0
  snapshot f025: 3 venc_ko blocks (pool0 0x73801000 len 0x10000)
src frame 26: srcf=26 off=540 br=8000
frame 26: send=0x0 get=0x0 len=877 coding=1 startqp=0 meanqp=0 picbytes=0 pskip=0 nalus=1 n1:877
  cu: inter64=0 inter32=0 inter16=0 inter8=0 intra32=0 intra16=0 intra8=0 intra4=0 reftype=0
  snapshot f026: 3 venc_ko blocks (pool0 0x73801000 len 0x10000)
src frame 27: srcf=27 off=540 br=8000
frame 27: send=0x0 get=0x0 len=875 coding=1 startqp=0 meanqp=0 picbytes=0 pskip=0 nalus=1 n1:875
  cu: inter64=0 inter32=0 inter16=0 inter8=0 intra32=0 intra16=0 intra8=0 intra4=0 reftype=0
  snapshot f027: 3 venc_ko blocks (pool0 0x73801000 len 0x10000)
src frame 28: srcf=28 off=540 br=8000
frame 28: send=0x0 get=0x0 len=877 coding=1 startqp=0 meanqp=0 picbytes=0 pskip=0 nalus=1 n1:877
  cu: inter64=0 inter32=0 inter16=0 inter8=0 intra32=0 intra16=0 intra8=0 intra4=0 reftype=0
  snapshot f028: 3 venc_ko blocks (pool0 0x73801000 len 0x10000)
src frame 29: srcf=29 off=540 br=8000
frame 29: send=0x0 get=0x0 len=877 coding=1 startqp=0 meanqp=0 picbytes=0 pskip=0 nalus=1 n1:877
  cu: inter64=0 inter32=0 inter16=0 inter8=0 intra32=0 intra16=0 intra8=0 intra4=0 reftype=0
  snapshot f029: 3 venc_ko blocks (pool0 0x73801000 len 0x10000)
src frame 30: srcf=28 off=1080 br=8000
frame 30: send=0x0 get=0x0 len=32398 coding=0 startqp=0 meanqp=0 picbytes=0 pskip=0 nalus=4 n32:27 n33:53 n34:12 n19:32306
  cu: inter64=0 inter32=0 inter16=0 inter8=0 intra32=0 intra16=0 intra8=0 intra4=0 reftype=0
  snapshot f030: 3 venc_ko blocks (pool0 0x73801000 len 0x10000)
src frame 31: srcf=27 off=1080 br=8000
frame 31: send=0x0 get=0x0 len=5066 coding=1 startqp=0 meanqp=0 picbytes=0 pskip=0 nalus=1 n1:5066
  cu: inter64=0 inter32=0 inter16=0 inter8=0 intra32=0 intra16=0 intra8=0 intra4=0 reftype=0
  snapshot f031: 3 venc_ko blocks (pool0 0x73801000 len 0x10000)
src frame 32: srcf=26 off=1080 br=8000
frame 32: send=0x0 get=0x0 len=2460 coding=1 startqp=0 meanqp=0 picbytes=0 pskip=0 nalus=1 n1:2460
  cu: inter64=0 inter32=0 inter16=0 inter8=0 intra32=0 intra16=0 intra8=0 intra4=0 reftype=0
  snapshot f032: 3 venc_ko blocks (pool0 0x73801000 len 0x10000)
src frame 33: srcf=25 off=1080 br=8000
frame 33: send=0x0 get=0x0 len=3011 coding=1 startqp=0 meanqp=0 picbytes=0 pskip=0 nalus=1 n1:3011
  cu: inter64=0 inter32=0 inter16=0 inter8=0 intra32=0 intra16=0 intra8=0 intra4=0 reftype=0
  snapshot f033: 3 venc_ko blocks (pool0 0x73801000 len 0x10000)
src frame 34: srcf=24 off=1080 br=8000
frame 34: send=0x0 get=0x0 len=3197 coding=1 startqp=0 meanqp=0 picbytes=0 pskip=0 nalus=1 n1:3197
  cu: inter64=0 inter32=0 inter16=0 inter8=0 intra32=0 intra16=0 intra8=0 intra4=0 reftype=0
  snapshot f034: 3 venc_ko blocks (pool0 0x73801000 len 0x10000)
src frame 35: srcf=23 off=1080 br=8000
frame 35: send=0x0 get=0x0 len=3428 coding=1 startqp=0 meanqp=0 picbytes=0 pskip=0 nalus=1 n1:3428
  cu: inter64=0 inter32=0 inter16=0 inter8=0 intra32=0 intra16=0 intra8=0 intra4=0 reftype=0
  snapshot f035: 3 venc_ko blocks (pool0 0x73801000 len 0x10000)
src frame 36: srcf=22 off=1080 br=8000
frame 36: send=0x0 get=0x0 len=3465 coding=1 startqp=0 meanqp=0 picbytes=0 pskip=0 nalus=1 n1:3465
  cu: inter64=0 inter32=0 inter16=0 inter8=0 intra32=0 intra16=0 intra8=0 intra4=0 reftype=0
  snapshot f036: 3 venc_ko blocks (pool0 0x73801000 len 0x10000)
src frame 37: srcf=21 off=1080 br=8000
frame 37: send=0x0 get=0x0 len=4231 coding=1 startqp=0 meanqp=0 picbytes=0 pskip=0 nalus=1 n1:4231
  cu: inter64=0 inter32=0 inter16=0 inter8=0 intra32=0 intra16=0 intra8=0 intra4=0 reftype=0
  snapshot f037: 3 venc_ko blocks (pool0 0x73801000 len 0x10000)
src frame 38: srcf=20 off=1080 br=8000
frame 38: send=0x0 get=0x0 len=3953 coding=1 startqp=0 meanqp=0 picbytes=0 pskip=0 nalus=1 n1:3953
  cu: inter64=0 inter32=0 inter16=0 inter8=0 intra32=0 intra16=0 intra8=0 intra4=0 reftype=0
  snapshot f038: 3 venc_ko blocks (pool0 0x73801000 len 0x10000)
src frame 39: srcf=19 off=1080 br=8000
frame 39: send=0x0 get=0x0 len=4738 coding=1 startqp=0 meanqp=0 picbytes=0 pskip=0 nalus=1 n1:4738
  cu: inter64=0 inter32=0 inter16=0 inter8=0 intra32=0 intra16=0 intra8=0 intra4=0 reftype=0
  snapshot f039: 3 venc_ko blocks (pool0 0x73801000 len 0x10000)
src frame 40: srcf=18 off=1080 br=8000
frame 40: send=0x0 get=0x0 len=5121 coding=1 startqp=0 meanqp=0 picbytes=0 pskip=0 nalus=1 n1:5121
  cu: inter64=0 inter32=0 inter16=0 inter8=0 intra32=0 intra16=0 intra8=0 intra4=0 reftype=0
  snapshot f040: 3 venc_ko blocks (pool0 0x73801000 len 0x10000)
src frame 41: srcf=17 off=1080 br=8000
frame 41: send=0x0 get=0x0 len=4883 coding=1 startqp=0 meanqp=0 picbytes=0 pskip=0 nalus=1 n1:4883
  cu: inter64=0 inter32=0 inter16=0 inter8=0 intra32=0 intra16=0 intra8=0 intra4=0 reftype=0
  snapshot f041: 3 venc_ko blocks (pool0 0x73801000 len 0x10000)
src frame 42: srcf=16 off=1080 br=8000
frame 42: send=0x0 get=0x0 len=5832 coding=1 startqp=0 meanqp=0 picbytes=0 pskip=0 nalus=1 n1:5832
  cu: inter64=0 inter32=0 inter16=0 inter8=0 intra32=0 intra16=0 intra8=0 intra4=0 reftype=0
  snapshot f042: 3 venc_ko blocks (pool0 0x73801000 len 0x10000)
src frame 43: srcf=15 off=1080 br=8000
frame 43: send=0x0 get=0x0 len=6069 coding=1 startqp=0 meanqp=0 picbytes=0 pskip=0 nalus=1 n1:6069
  cu: inter64=0 inter32=0 inter16=0 inter8=0 intra32=0 intra16=0 intra8=0 intra4=0 reftype=0
  snapshot f043: 3 venc_ko blocks (pool0 0x73801000 len 0x10000)
src frame 44: srcf=14 off=1080 br=8000
frame 44: send=0x0 get=0x0 len=6275 coding=1 startqp=0 meanqp=0 picbytes=0 pskip=0 nalus=1 n1:6275
  cu: inter64=0 inter32=0 inter16=0 inter8=0 intra32=0 intra16=0 intra8=0 intra4=0 reftype=0
  snapshot f044: 3 venc_ko blocks (pool0 0x73801000 len 0x10000)
src frame 45: srcf=13 off=1620 br=8000
frame 45: send=0x0 get=0x0 len=50900 coding=1 startqp=0 meanqp=0 picbytes=0 pskip=0 nalus=1 n1:50900
  cu: inter64=0 inter32=0 inter16=0 inter8=0 intra32=0 intra16=0 intra8=0 intra4=0 reftype=0
  snapshot f045: 3 venc_ko blocks (pool0 0x73801000 len 0x10000)
src frame 46: srcf=12 off=1620 br=8000
frame 46: send=0x0 get=0x0 len=25077 coding=1 startqp=0 meanqp=0 picbytes=0 pskip=0 nalus=1 n1:25077
  cu: inter64=0 inter32=0 inter16=0 inter8=0 intra32=0 intra16=0 intra8=0 intra4=0 reftype=0
  snapshot f046: 3 venc_ko blocks (pool0 0x73801000 len 0x10000)
src frame 47: srcf=11 off=1620 br=8000
frame 47: send=0x0 get=0x0 len=3228 coding=1 startqp=0 meanqp=0 picbytes=0 pskip=0 nalus=1 n1:3228
  cu: inter64=0 inter32=0 inter16=0 inter8=0 intra32=0 intra16=0 intra8=0 intra4=0 reftype=0
  snapshot f047: 3 venc_ko blocks (pool0 0x73801000 len 0x10000)
src frame 48: srcf=10 off=1620 br=8000
frame 48: send=0x0 get=0x0 len=1901 coding=1 startqp=0 meanqp=0 picbytes=0 pskip=0 nalus=1 n1:1901
  cu: inter64=0 inter32=0 inter16=0 inter8=0 intra32=0 intra16=0 intra8=0 intra4=0 reftype=0
  snapshot f048: 3 venc_ko blocks (pool0 0x73801000 len 0x10000)
src frame 49: srcf=9 off=1620 br=8000
frame 49: send=0x0 get=0x0 len=1766 coding=1 startqp=0 meanqp=0 picbytes=0 pskip=0 nalus=1 n1:1766
  cu: inter64=0 inter32=0 inter16=0 inter8=0 intra32=0 intra16=0 intra8=0 intra4=0 reftype=0
  snapshot f049: 3 venc_ko blocks (pool0 0x73801000 len 0x10000)
src frame 50: srcf=8 off=1620 br=8000
frame 50: send=0x0 get=0x0 len=1585 coding=1 startqp=0 meanqp=0 picbytes=0 pskip=0 nalus=1 n1:1585
  cu: inter64=0 inter32=0 inter16=0 inter8=0 intra32=0 intra16=0 intra8=0 intra4=0 reftype=0
  snapshot f050: 3 venc_ko blocks (pool0 0x73801000 len 0x10000)
src frame 51: srcf=7 off=1620 br=8000
frame 51: send=0x0 get=0x0 len=1373 coding=1 startqp=0 meanqp=0 picbytes=0 pskip=0 nalus=1 n1:1373
  cu: inter64=0 inter32=0 inter16=0 inter8=0 intra32=0 intra16=0 intra8=0 intra4=0 reftype=0
  snapshot f051: 3 venc_ko blocks (pool0 0x73801000 len 0x10000)
src frame 52: srcf=6 off=1620 br=8000
frame 52: send=0x0 get=0x0 len=1322 coding=1 startqp=0 meanqp=0 picbytes=0 pskip=0 nalus=1 n1:1322
  cu: inter64=0 inter32=0 inter16=0 inter8=0 intra32=0 intra16=0 intra8=0 intra4=0 reftype=0
  snapshot f052: 3 venc_ko blocks (pool0 0x73801000 len 0x10000)
src frame 53: srcf=5 off=1620 br=8000
frame 53: send=0x0 get=0x0 len=1296 coding=1 startqp=0 meanqp=0 picbytes=0 pskip=0 nalus=1 n1:1296
  cu: inter64=0 inter32=0 inter16=0 inter8=0 intra32=0 intra16=0 intra8=0 intra4=0 reftype=0
  snapshot f053: 3 venc_ko blocks (pool0 0x73801000 len 0x10000)
src frame 54: srcf=4 off=1620 br=8000
frame 54: send=0x0 get=0x0 len=1252 coding=1 startqp=0 meanqp=0 picbytes=0 pskip=0 nalus=1 n1:1252
  cu: inter64=0 inter32=0 inter16=0 inter8=0 intra32=0 intra16=0 intra8=0 intra4=0 reftype=0
  snapshot f054: 3 venc_ko blocks (pool0 0x73801000 len 0x10000)
src frame 55: srcf=3 off=1620 br=8000
frame 55: send=0x0 get=0x0 len=1271 coding=1 startqp=0 meanqp=0 picbytes=0 pskip=0 nalus=1 n1:1271
  cu: inter64=0 inter32=0 inter16=0 inter8=0 intra32=0 intra16=0 intra8=0 intra4=0 reftype=0
  snapshot f055: 3 venc_ko blocks (pool0 0x73801000 len 0x10000)
src frame 56: srcf=2 off=1620 br=8000
frame 56: send=0x0 get=0x0 len=1214 coding=1 startqp=0 meanqp=0 picbytes=0 pskip=0 nalus=1 n1:1214
  cu: inter64=0 inter32=0 inter16=0 inter8=0 intra32=0 intra16=0 intra8=0 intra4=0 reftype=0
  snapshot f056: 3 venc_ko blocks (pool0 0x73801000 len 0x10000)
src frame 57: srcf=1 off=1620 br=8000
frame 57: send=0x0 get=0x0 len=1235 coding=1 startqp=0 meanqp=0 picbytes=0 pskip=0 nalus=1 n1:1235
  cu: inter64=0 inter32=0 inter16=0 inter8=0 intra32=0 intra16=0 intra8=0 intra4=0 reftype=0
  snapshot f057: 3 venc_ko blocks (pool0 0x73801000 len 0x10000)
src frame 58: srcf=0 off=1620 br=8000
frame 58: send=0x0 get=0x0 len=1242 coding=1 startqp=0 meanqp=0 picbytes=0 pskip=0 nalus=1 n1:1242
  cu: inter64=0 inter32=0 inter16=0 inter8=0 intra32=0 intra16=0 intra8=0 intra4=0 reftype=0
  snapshot f058: 3 venc_ko blocks (pool0 0x73801000 len 0x10000)
src frame 59: srcf=1 off=1620 br=8000
frame 59: send=0x0 get=0x0 len=1265 coding=1 startqp=0 meanqp=0 picbytes=0 pskip=0 nalus=1 n1:1265
  cu: inter64=0 inter32=0 inter16=0 inter8=0 intra32=0 intra16=0 intra8=0 intra4=0 reftype=0
  snapshot f059: 3 venc_ko blocks (pool0 0x73801000 len 0x10000)
src frame 60: srcf=2 off=2160 br=8000
frame 60: send=0x0 get=0x0 len=36212 coding=0 startqp=0 meanqp=0 picbytes=0 pskip=0 nalus=4 n32:27 n33:53 n34:12 n19:36120
  cu: inter64=0 inter32=0 inter16=0 inter8=0 intra32=0 intra16=0 intra8=0 intra4=0 reftype=0
  snapshot f060: 3 venc_ko blocks (pool0 0x73801000 len 0x10000)
src frame 61: srcf=3 off=2160 br=8000
frame 61: send=0x0 get=0x0 len=4978 coding=1 startqp=0 meanqp=0 picbytes=0 pskip=0 nalus=1 n1:4978
  cu: inter64=0 inter32=0 inter16=0 inter8=0 intra32=0 intra16=0 intra8=0 intra4=0 reftype=0
  snapshot f061: 3 venc_ko blocks (pool0 0x73801000 len 0x10000)
src frame 62: srcf=4 off=2160 br=8000
frame 62: send=0x0 get=0x0 len=2613 coding=1 startqp=0 meanqp=0 picbytes=0 pskip=0 nalus=1 n1:2613
  cu: inter64=0 inter32=0 inter16=0 inter8=0 intra32=0 intra16=0 intra8=0 intra4=0 reftype=0
  snapshot f062: 3 venc_ko blocks (pool0 0x73801000 len 0x10000)
src frame 63: srcf=5 off=2160 br=8000
frame 63: send=0x0 get=0x0 len=2795 coding=1 startqp=0 meanqp=0 picbytes=0 pskip=0 nalus=1 n1:2795
  cu: inter64=0 inter32=0 inter16=0 inter8=0 intra32=0 intra16=0 intra8=0 intra4=0 reftype=0
  snapshot f063: 3 venc_ko blocks (pool0 0x73801000 len 0x10000)
src frame 64: srcf=6 off=2160 br=8000
frame 64: send=0x0 get=0x0 len=3283 coding=1 startqp=0 meanqp=0 picbytes=0 pskip=0 nalus=1 n1:3283
  cu: inter64=0 inter32=0 inter16=0 inter8=0 intra32=0 intra16=0 intra8=0 intra4=0 reftype=0
  snapshot f064: 3 venc_ko blocks (pool0 0x73801000 len 0x10000)
src frame 65: srcf=7 off=2160 br=8000
frame 65: send=0x0 get=0x0 len=3391 coding=1 startqp=0 meanqp=0 picbytes=0 pskip=0 nalus=1 n1:3391
  cu: inter64=0 inter32=0 inter16=0 inter8=0 intra32=0 intra16=0 intra8=0 intra4=0 reftype=0
  snapshot f065: 3 venc_ko blocks (pool0 0x73801000 len 0x10000)
src frame 66: srcf=8 off=2160 br=8000
frame 66: send=0x0 get=0x0 len=3900 coding=1 startqp=0 meanqp=0 picbytes=0 pskip=0 nalus=1 n1:3900
  cu: inter64=0 inter32=0 inter16=0 inter8=0 intra32=0 intra16=0 intra8=0 intra4=0 reftype=0
  snapshot f066: 3 venc_ko blocks (pool0 0x73801000 len 0x10000)
src frame 67: srcf=9 off=2160 br=8000
frame 67: send=0x0 get=0x0 len=4323 coding=1 startqp=0 meanqp=0 picbytes=0 pskip=0 nalus=1 n1:4323
  cu: inter64=0 inter32=0 inter16=0 inter8=0 intra32=0 intra16=0 intra8=0 intra4=0 reftype=0
  snapshot f067: 3 venc_ko blocks (pool0 0x73801000 len 0x10000)
src frame 68: srcf=10 off=2160 br=8000
frame 68: send=0x0 get=0x0 len=4707 coding=1 startqp=0 meanqp=0 picbytes=0 pskip=0 nalus=1 n1:4707
  cu: inter64=0 inter32=0 inter16=0 inter8=0 intra32=0 intra16=0 intra8=0 intra4=0 reftype=0
  snapshot f068: 3 venc_ko blocks (pool0 0x73801000 len 0x10000)
src frame 69: srcf=11 off=2160 br=8000
frame 69: send=0x0 get=0x0 len=4724 coding=1 startqp=0 meanqp=0 picbytes=0 pskip=0 nalus=1 n1:4724
  cu: inter64=0 inter32=0 inter16=0 inter8=0 intra32=0 intra16=0 intra8=0 intra4=0 reftype=0
  snapshot f069: 3 venc_ko blocks (pool0 0x73801000 len 0x10000)
src frame 70: srcf=12 off=2160 br=8000
frame 70: send=0x0 get=0x0 len=5245 coding=1 startqp=0 meanqp=0 picbytes=0 pskip=0 nalus=1 n1:5245
  cu: inter64=0 inter32=0 inter16=0 inter8=0 intra32=0 intra16=0 intra8=0 intra4=0 reftype=0
  snapshot f070: 3 venc_ko blocks (pool0 0x73801000 len 0x10000)
src frame 71: srcf=13 off=2160 br=8000
frame 71: send=0x0 get=0x0 len=5783 coding=1 startqp=0 meanqp=0 picbytes=0 pskip=0 nalus=1 n1:5783
  cu: inter64=0 inter32=0 inter16=0 inter8=0 intra32=0 intra16=0 intra8=0 intra4=0 reftype=0
  snapshot f071: 3 venc_ko blocks (pool0 0x73801000 len 0x10000)
src frame 72: srcf=14 off=2160 br=8000
frame 72: send=0x0 get=0x0 len=6089 coding=1 startqp=0 meanqp=0 picbytes=0 pskip=0 nalus=1 n1:6089
  cu: inter64=0 inter32=0 inter16=0 inter8=0 intra32=0 intra16=0 intra8=0 intra4=0 reftype=0
  snapshot f072: 3 venc_ko blocks (pool0 0x73801000 len 0x10000)
src frame 73: srcf=15 off=2160 br=8000
frame 73: send=0x0 get=0x0 len=3211 coding=1 startqp=0 meanqp=0 picbytes=0 pskip=0 nalus=1 n1:3211
  cu: inter64=0 inter32=0 inter16=0 inter8=0 intra32=0 intra16=0 intra8=0 intra4=0 reftype=0
  snapshot f073: 3 venc_ko blocks (pool0 0x73801000 len 0x10000)
src frame 74: srcf=16 off=2160 br=8000
frame 74: send=0x0 get=0x0 len=2902 coding=1 startqp=0 meanqp=0 picbytes=0 pskip=0 nalus=1 n1:2902
  cu: inter64=0 inter32=0 inter16=0 inter8=0 intra32=0 intra16=0 intra8=0 intra4=0 reftype=0
  snapshot f074: 3 venc_ko blocks (pool0 0x73801000 len 0x10000)
src frame 75: srcf=17 off=2700 br=8000
frame 75: send=0x0 get=0x0 len=47195 coding=1 startqp=0 meanqp=0 picbytes=0 pskip=0 nalus=1 n1:47195
  cu: inter64=0 inter32=0 inter16=0 inter8=0 intra32=0 intra16=0 intra8=0 intra4=0 reftype=0
  snapshot f075: 3 venc_ko blocks (pool0 0x73801000 len 0x10000)
src frame 76: srcf=18 off=2700 br=8000
frame 76: send=0x0 get=0x0 len=18646 coding=1 startqp=0 meanqp=0 picbytes=0 pskip=0 nalus=1 n1:18646
  cu: inter64=0 inter32=0 inter16=0 inter8=0 intra32=0 intra16=0 intra8=0 intra4=0 reftype=0
  snapshot f076: 3 venc_ko blocks (pool0 0x73801000 len 0x10000)
src frame 77: srcf=19 off=2700 br=8000
frame 77: send=0x0 get=0x0 len=14597 coding=1 startqp=0 meanqp=0 picbytes=0 pskip=0 nalus=1 n1:14597
  cu: inter64=0 inter32=0 inter16=0 inter8=0 intra32=0 intra16=0 intra8=0 intra4=0 reftype=0
  snapshot f077: 3 venc_ko blocks (pool0 0x73801000 len 0x10000)
src frame 78: srcf=20 off=2700 br=8000
frame 78: send=0x0 get=0x0 len=3059 coding=1 startqp=0 meanqp=0 picbytes=0 pskip=0 nalus=1 n1:3059
  cu: inter64=0 inter32=0 inter16=0 inter8=0 intra32=0 intra16=0 intra8=0 intra4=0 reftype=0
  snapshot f078: 3 venc_ko blocks (pool0 0x73801000 len 0x10000)
src frame 79: srcf=21 off=2700 br=8000
frame 79: send=0x0 get=0x0 len=2075 coding=1 startqp=0 meanqp=0 picbytes=0 pskip=0 nalus=1 n1:2075
  cu: inter64=0 inter32=0 inter16=0 inter8=0 intra32=0 intra16=0 intra8=0 intra4=0 reftype=0
  snapshot f079: 3 venc_ko blocks (pool0 0x73801000 len 0x10000)
src frame 80: srcf=22 off=2700 br=8000
frame 80: send=0x0 get=0x0 len=1659 coding=1 startqp=0 meanqp=0 picbytes=0 pskip=0 nalus=1 n1:1659
  cu: inter64=0 inter32=0 inter16=0 inter8=0 intra32=0 intra16=0 intra8=0 intra4=0 reftype=0
  snapshot f080: 3 venc_ko blocks (pool0 0x73801000 len 0x10000)
src frame 81: srcf=23 off=2700 br=8000
frame 81: send=0x0 get=0x0 len=1564 coding=1 startqp=0 meanqp=0 picbytes=0 pskip=0 nalus=1 n1:1564
  cu: inter64=0 inter32=0 inter16=0 inter8=0 intra32=0 intra16=0 intra8=0 intra4=0 reftype=0
  snapshot f081: 3 venc_ko blocks (pool0 0x73801000 len 0x10000)
src frame 82: srcf=24 off=2700 br=8000
frame 82: send=0x0 get=0x0 len=1451 coding=1 startqp=0 meanqp=0 picbytes=0 pskip=0 nalus=1 n1:1451
  cu: inter64=0 inter32=0 inter16=0 inter8=0 intra32=0 intra16=0 intra8=0 intra4=0 reftype=0
  snapshot f082: 3 venc_ko blocks (pool0 0x73801000 len 0x10000)
src frame 83: srcf=25 off=2700 br=8000
frame 83: send=0x0 get=0x0 len=1380 coding=1 startqp=0 meanqp=0 picbytes=0 pskip=0 nalus=1 n1:1380
  cu: inter64=0 inter32=0 inter16=0 inter8=0 intra32=0 intra16=0 intra8=0 intra4=0 reftype=0
  snapshot f083: 3 venc_ko blocks (pool0 0x73801000 len 0x10000)
src frame 84: srcf=26 off=2700 br=8000
frame 84: send=0x0 get=0x0 len=1299 coding=1 startqp=0 meanqp=0 picbytes=0 pskip=0 nalus=1 n1:1299
  cu: inter64=0 inter32=0 inter16=0 inter8=0 intra32=0 intra16=0 intra8=0 intra4=0 reftype=0
  snapshot f084: 3 venc_ko blocks (pool0 0x73801000 len 0x10000)
src frame 85: srcf=27 off=2700 br=8000
frame 85: send=0x0 get=0x0 len=1367 coding=1 startqp=0 meanqp=0 picbytes=0 pskip=0 nalus=1 n1:1367
  cu: inter64=0 inter32=0 inter16=0 inter8=0 intra32=0 intra16=0 intra8=0 intra4=0 reftype=0
  snapshot f085: 3 venc_ko blocks (pool0 0x73801000 len 0x10000)
src frame 86: srcf=28 off=2700 br=8000
frame 86: send=0x0 get=0x0 len=1327 coding=1 startqp=0 meanqp=0 picbytes=0 pskip=0 nalus=1 n1:1327
  cu: inter64=0 inter32=0 inter16=0 inter8=0 intra32=0 intra16=0 intra8=0 intra4=0 reftype=0
  snapshot f086: 3 venc_ko blocks (pool0 0x73801000 len 0x10000)
src frame 87: srcf=29 off=2700 br=8000
frame 87: send=0x0 get=0x0 len=1293 coding=1 startqp=0 meanqp=0 picbytes=0 pskip=0 nalus=1 n1:1293
  cu: inter64=0 inter32=0 inter16=0 inter8=0 intra32=0 intra16=0 intra8=0 intra4=0 reftype=0
  snapshot f087: 3 venc_ko blocks (pool0 0x73801000 len 0x10000)
src frame 88: srcf=28 off=2700 br=8000
frame 88: send=0x0 get=0x0 len=1295 coding=1 startqp=0 meanqp=0 picbytes=0 pskip=0 nalus=1 n1:1295
  cu: inter64=0 inter32=0 inter16=0 inter8=0 intra32=0 intra16=0 intra8=0 intra4=0 reftype=0
  snapshot f088: 3 venc_ko blocks (pool0 0x73801000 len 0x10000)
src frame 89: srcf=27 off=2700 br=8000
frame 89: send=0x0 get=0x0 len=1283 coding=1 startqp=0 meanqp=0 picbytes=0 pskip=0 nalus=1 n1:1283
  cu: inter64=0 inter32=0 inter16=0 inter8=0 intra32=0 intra16=0 intra8=0 intra4=0 reftype=0
  snapshot f089: 3 venc_ko blocks (pool0 0x73801000 len 0x10000)
src frame 90: srcf=26 off=3240 br=8000
frame 90: send=0x0 get=0x0 len=39762 coding=0 startqp=0 meanqp=0 picbytes=0 pskip=0 nalus=4 n32:27 n33:53 n34:12 n19:39670
  cu: inter64=0 inter32=0 inter16=0 inter8=0 intra32=0 intra16=0 intra8=0 intra4=0 reftype=0
  snapshot f090: 3 venc_ko blocks (pool0 0x73801000 len 0x10000)
src frame 91: srcf=25 off=3240 br=8000
frame 91: send=0x0 get=0x0 len=5197 coding=1 startqp=0 meanqp=0 picbytes=0 pskip=0 nalus=1 n1:5197
  cu: inter64=0 inter32=0 inter16=0 inter8=0 intra32=0 intra16=0 intra8=0 intra4=0 reftype=0
  snapshot f091: 3 venc_ko blocks (pool0 0x73801000 len 0x10000)
src frame 92: srcf=24 off=3240 br=8000
frame 92: send=0x0 get=0x0 len=2797 coding=1 startqp=0 meanqp=0 picbytes=0 pskip=0 nalus=1 n1:2797
  cu: inter64=0 inter32=0 inter16=0 inter8=0 intra32=0 intra16=0 intra8=0 intra4=0 reftype=0
  snapshot f092: 3 venc_ko blocks (pool0 0x73801000 len 0x10000)
src frame 93: srcf=23 off=3240 br=8000
frame 93: send=0x0 get=0x0 len=3346 coding=1 startqp=0 meanqp=0 picbytes=0 pskip=0 nalus=1 n1:3346
  cu: inter64=0 inter32=0 inter16=0 inter8=0 intra32=0 intra16=0 intra8=0 intra4=0 reftype=0
  snapshot f093: 3 venc_ko blocks (pool0 0x73801000 len 0x10000)
src frame 94: srcf=22 off=3240 br=8000
frame 94: send=0x0 get=0x0 len=3434 coding=1 startqp=0 meanqp=0 picbytes=0 pskip=0 nalus=1 n1:3434
  cu: inter64=0 inter32=0 inter16=0 inter8=0 intra32=0 intra16=0 intra8=0 intra4=0 reftype=0
  snapshot f094: 3 venc_ko blocks (pool0 0x73801000 len 0x10000)
src frame 95: srcf=21 off=3240 br=8000
frame 95: send=0x0 get=0x0 len=3984 coding=1 startqp=0 meanqp=0 picbytes=0 pskip=0 nalus=1 n1:3984
  cu: inter64=0 inter32=0 inter16=0 inter8=0 intra32=0 intra16=0 intra8=0 intra4=0 reftype=0
  snapshot f095: 3 venc_ko blocks (pool0 0x73801000 len 0x10000)
src frame 96: srcf=20 off=3240 br=8000
frame 96: send=0x0 get=0x0 len=4151 coding=1 startqp=0 meanqp=0 picbytes=0 pskip=0 nalus=1 n1:4151
  cu: inter64=0 inter32=0 inter16=0 inter8=0 intra32=0 intra16=0 intra8=0 intra4=0 reftype=0
  snapshot f096: 3 venc_ko blocks (pool0 0x73801000 len 0x10000)
src frame 97: srcf=19 off=3240 br=8000
frame 97: send=0x0 get=0x0 len=4575 coding=1 startqp=0 meanqp=0 picbytes=0 pskip=0 nalus=1 n1:4575
  cu: inter64=0 inter32=0 inter16=0 inter8=0 intra32=0 intra16=0 intra8=0 intra4=0 reftype=0
  snapshot f097: 3 venc_ko blocks (pool0 0x73801000 len 0x10000)
src frame 98: srcf=18 off=3240 br=8000
frame 98: send=0x0 get=0x0 len=5056 coding=1 startqp=0 meanqp=0 picbytes=0 pskip=0 nalus=1 n1:5056
  cu: inter64=0 inter32=0 inter16=0 inter8=0 intra32=0 intra16=0 intra8=0 intra4=0 reftype=0
  snapshot f098: 3 venc_ko blocks (pool0 0x73801000 len 0x10000)
src frame 99: srcf=17 off=3240 br=8000
frame 99: send=0x0 get=0x0 len=5347 coding=1 startqp=0 meanqp=0 picbytes=0 pskip=0 nalus=1 n1:5347
  cu: inter64=0 inter32=0 inter16=0 inter8=0 intra32=0 intra16=0 intra8=0 intra4=0 reftype=0
  snapshot f099: 3 venc_ko blocks (pool0 0x73801000 len 0x10000)
src frame 100: srcf=16 off=3240 br=8000
frame 100: send=0x0 get=0x0 len=6023 coding=1 startqp=0 meanqp=0 picbytes=0 pskip=0 nalus=1 n1:6023
  cu: inter64=0 inter32=0 inter16=0 inter8=0 intra32=0 intra16=0 intra8=0 intra4=0 reftype=0
  snapshot f100: 3 venc_ko blocks (pool0 0x73801000 len 0x10000)
src frame 101: srcf=15 off=3240 br=8000
frame 101: send=0x0 get=0x0 len=3114 coding=1 startqp=0 meanqp=0 picbytes=0 pskip=0 nalus=1 n1:3114
  cu: inter64=0 inter32=0 inter16=0 inter8=0 intra32=0 intra16=0 intra8=0 intra4=0 reftype=0
  snapshot f101: 3 venc_ko blocks (pool0 0x73801000 len 0x10000)
src frame 102: srcf=14 off=3240 br=8000
frame 102: send=0x0 get=0x0 len=3097 coding=1 startqp=0 meanqp=0 picbytes=0 pskip=0 nalus=1 n1:3097
  cu: inter64=0 inter32=0 inter16=0 inter8=0 intra32=0 intra16=0 intra8=0 intra4=0 reftype=0
  snapshot f102: 3 venc_ko blocks (pool0 0x73801000 len 0x10000)
src frame 103: srcf=13 off=3240 br=8000
frame 103: send=0x0 get=0x0 len=2860 coding=1 startqp=0 meanqp=0 picbytes=0 pskip=0 nalus=1 n1:2860
  cu: inter64=0 inter32=0 inter16=0 inter8=0 intra32=0 intra16=0 intra8=0 intra4=0 reftype=0
  snapshot f103: 3 venc_ko blocks (pool0 0x73801000 len 0x10000)
src frame 104: srcf=12 off=3240 br=8000
frame 104: send=0x0 get=0x0 len=2538 coding=1 startqp=0 meanqp=0 picbytes=0 pskip=0 nalus=1 n1:2538
  cu: inter64=0 inter32=0 inter16=0 inter8=0 intra32=0 intra16=0 intra8=0 intra4=0 reftype=0
  snapshot f104: 3 venc_ko blocks (pool0 0x73801000 len 0x10000)
src frame 105: srcf=11 off=3780 br=8000
frame 105: send=0x0 get=0x0 len=60229 coding=1 startqp=0 meanqp=0 picbytes=0 pskip=0 nalus=1 n1:60229
  cu: inter64=0 inter32=0 inter16=0 inter8=0 intra32=0 intra16=0 intra8=0 intra4=0 reftype=0
  snapshot f105: 3 venc_ko blocks (pool0 0x73801000 len 0x10000)
src frame 106: srcf=10 off=3780 br=8000
frame 106: send=0x0 get=0x0 len=16551 coding=1 startqp=0 meanqp=0 picbytes=0 pskip=0 nalus=1 n1:16551
  cu: inter64=0 inter32=0 inter16=0 inter8=0 intra32=0 intra16=0 intra8=0 intra4=0 reftype=0
  snapshot f106: 3 venc_ko blocks (pool0 0x73801000 len 0x10000)
src frame 107: srcf=9 off=3780 br=8000
frame 107: send=0x0 get=0x0 len=2915 coding=1 startqp=0 meanqp=0 picbytes=0 pskip=0 nalus=1 n1:2915
  cu: inter64=0 inter32=0 inter16=0 inter8=0 intra32=0 intra16=0 intra8=0 intra4=0 reftype=0
  snapshot f107: 3 venc_ko blocks (pool0 0x73801000 len 0x10000)
src frame 108: srcf=8 off=3780 br=8000
frame 108: send=0x0 get=0x0 len=1810 coding=1 startqp=0 meanqp=0 picbytes=0 pskip=0 nalus=1 n1:1810
  cu: inter64=0 inter32=0 inter16=0 inter8=0 intra32=0 intra16=0 intra8=0 intra4=0 reftype=0
  snapshot f108: 3 venc_ko blocks (pool0 0x73801000 len 0x10000)
src frame 109: srcf=7 off=3780 br=8000
frame 109: send=0x0 get=0x0 len=1653 coding=1 startqp=0 meanqp=0 picbytes=0 pskip=0 nalus=1 n1:1653
  cu: inter64=0 inter32=0 inter16=0 inter8=0 intra32=0 intra16=0 intra8=0 intra4=0 reftype=0
  snapshot f109: 3 venc_ko blocks (pool0 0x73801000 len 0x10000)
src frame 110: srcf=6 off=3780 br=8000
frame 110: send=0x0 get=0x0 len=1424 coding=1 startqp=0 meanqp=0 picbytes=0 pskip=0 nalus=1 n1:1424
  cu: inter64=0 inter32=0 inter16=0 inter8=0 intra32=0 intra16=0 intra8=0 intra4=0 reftype=0
  snapshot f110: 3 venc_ko blocks (pool0 0x73801000 len 0x10000)
src frame 111: srcf=5 off=3780 br=8000
frame 111: send=0x0 get=0x0 len=1251 coding=1 startqp=0 meanqp=0 picbytes=0 pskip=0 nalus=1 n1:1251
  cu: inter64=0 inter32=0 inter16=0 inter8=0 intra32=0 intra16=0 intra8=0 intra4=0 reftype=0
  snapshot f111: 3 venc_ko blocks (pool0 0x73801000 len 0x10000)
src frame 112: srcf=4 off=3780 br=8000
frame 112: send=0x0 get=0x0 len=1292 coding=1 startqp=0 meanqp=0 picbytes=0 pskip=0 nalus=1 n1:1292
  cu: inter64=0 inter32=0 inter16=0 inter8=0 intra32=0 intra16=0 intra8=0 intra4=0 reftype=0
  snapshot f112: 3 venc_ko blocks (pool0 0x73801000 len 0x10000)
src frame 113: srcf=3 off=3780 br=8000
frame 113: send=0x0 get=0x0 len=1193 coding=1 startqp=0 meanqp=0 picbytes=0 pskip=0 nalus=1 n1:1193
  cu: inter64=0 inter32=0 inter16=0 inter8=0 intra32=0 intra16=0 intra8=0 intra4=0 reftype=0
  snapshot f113: 3 venc_ko blocks (pool0 0x73801000 len 0x10000)
src frame 114: srcf=2 off=3780 br=8000
frame 114: send=0x0 get=0x0 len=1208 coding=1 startqp=0 meanqp=0 picbytes=0 pskip=0 nalus=1 n1:1208
  cu: inter64=0 inter32=0 inter16=0 inter8=0 intra32=0 intra16=0 intra8=0 intra4=0 reftype=0
  snapshot f114: 3 venc_ko blocks (pool0 0x73801000 len 0x10000)
src frame 115: srcf=1 off=3780 br=8000
frame 115: send=0x0 get=0x0 len=1170 coding=1 startqp=0 meanqp=0 picbytes=0 pskip=0 nalus=1 n1:1170
  cu: inter64=0 inter32=0 inter16=0 inter8=0 intra32=0 intra16=0 intra8=0 intra4=0 reftype=0
  snapshot f115: 3 venc_ko blocks (pool0 0x73801000 len 0x10000)
src frame 116: srcf=0 off=3780 br=8000
frame 116: send=0x0 get=0x0 len=1171 coding=1 startqp=0 meanqp=0 picbytes=0 pskip=0 nalus=1 n1:1171
  cu: inter64=0 inter32=0 inter16=0 inter8=0 intra32=0 intra16=0 intra8=0 intra4=0 reftype=0
  snapshot f116: 3 venc_ko blocks (pool0 0x73801000 len 0x10000)
src frame 117: srcf=1 off=3780 br=8000
frame 117: send=0x0 get=0x0 len=1203 coding=1 startqp=0 meanqp=0 picbytes=0 pskip=0 nalus=1 n1:1203
  cu: inter64=0 inter32=0 inter16=0 inter8=0 intra32=0 intra16=0 intra8=0 intra4=0 reftype=0
  snapshot f117: 3 venc_ko blocks (pool0 0x73801000 len 0x10000)
src frame 118: srcf=2 off=3780 br=8000
frame 118: send=0x0 get=0x0 len=1196 coding=1 startqp=0 meanqp=0 picbytes=0 pskip=0 nalus=1 n1:1196
  cu: inter64=0 inter32=0 inter16=0 inter8=0 intra32=0 intra16=0 intra8=0 intra4=0 reftype=0
  snapshot f118: 3 venc_ko blocks (pool0 0x73801000 len 0x10000)
src frame 119: srcf=3 off=3780 br=8000
frame 119: send=0x0 get=0x0 len=1221 coding=1 startqp=0 meanqp=0 picbytes=0 pskip=0 nalus=1 n1:1221
  cu: inter64=0 inter32=0 inter16=0 inter8=0 intra32=0 intra16=0 intra8=0 intra4=0 reftype=0
  snapshot f119: 3 venc_ko blocks (pool0 0x73801000 len 0x10000)
src frame 120: srcf=4 off=4320 br=8000
frame 120: send=0x0 get=0x0 len=43593 coding=0 startqp=0 meanqp=0 picbytes=0 pskip=0 nalus=4 n32:27 n33:53 n34:12 n19:43501
  cu: inter64=0 inter32=0 inter16=0 inter8=0 intra32=0 intra16=0 intra8=0 intra4=0 reftype=0
  snapshot f120: 3 venc_ko blocks (pool0 0x73801000 len 0x10000)
src frame 121: srcf=5 off=4320 br=8000
frame 121: send=0x0 get=0x0 len=5553 coding=1 startqp=0 meanqp=0 picbytes=0 pskip=0 nalus=1 n1:5553
  cu: inter64=0 inter32=0 inter16=0 inter8=0 intra32=0 intra16=0 intra8=0 intra4=0 reftype=0
  snapshot f121: 3 venc_ko blocks (pool0 0x73801000 len 0x10000)
src frame 122: srcf=6 off=4320 br=8000
frame 122: send=0x0 get=0x0 len=2467 coding=1 startqp=0 meanqp=0 picbytes=0 pskip=0 nalus=1 n1:2467
  cu: inter64=0 inter32=0 inter16=0 inter8=0 intra32=0 intra16=0 intra8=0 intra4=0 reftype=0
  snapshot f122: 3 venc_ko blocks (pool0 0x73801000 len 0x10000)
src frame 123: srcf=7 off=4320 br=8000
frame 123: send=0x0 get=0x0 len=3619 coding=1 startqp=0 meanqp=0 picbytes=0 pskip=0 nalus=1 n1:3619
  cu: inter64=0 inter32=0 inter16=0 inter8=0 intra32=0 intra16=0 intra8=0 intra4=0 reftype=0
  snapshot f123: 3 venc_ko blocks (pool0 0x73801000 len 0x10000)
src frame 124: srcf=8 off=4320 br=8000
frame 124: send=0x0 get=0x0 len=3833 coding=1 startqp=0 meanqp=0 picbytes=0 pskip=0 nalus=1 n1:3833
  cu: inter64=0 inter32=0 inter16=0 inter8=0 intra32=0 intra16=0 intra8=0 intra4=0 reftype=0
  snapshot f124: 3 venc_ko blocks (pool0 0x73801000 len 0x10000)
src frame 125: srcf=9 off=4320 br=8000
frame 125: send=0x0 get=0x0 len=3801 coding=1 startqp=0 meanqp=0 picbytes=0 pskip=0 nalus=1 n1:3801
  cu: inter64=0 inter32=0 inter16=0 inter8=0 intra32=0 intra16=0 intra8=0 intra4=0 reftype=0
  snapshot f125: 3 venc_ko blocks (pool0 0x73801000 len 0x10000)
src frame 126: srcf=10 off=4320 br=8000
frame 126: send=0x0 get=0x0 len=4759 coding=1 startqp=0 meanqp=0 picbytes=0 pskip=0 nalus=1 n1:4759
  cu: inter64=0 inter32=0 inter16=0 inter8=0 intra32=0 intra16=0 intra8=0 intra4=0 reftype=0
  snapshot f126: 3 venc_ko blocks (pool0 0x73801000 len 0x10000)
src frame 127: srcf=11 off=4320 br=8000
frame 127: send=0x0 get=0x0 len=4531 coding=1 startqp=0 meanqp=0 picbytes=0 pskip=0 nalus=1 n1:4531
  cu: inter64=0 inter32=0 inter16=0 inter8=0 intra32=0 intra16=0 intra8=0 intra4=0 reftype=0
  snapshot f127: 3 venc_ko blocks (pool0 0x73801000 len 0x10000)
src frame 128: srcf=12 off=4320 br=8000
frame 128: send=0x0 get=0x0 len=5488 coding=1 startqp=0 meanqp=0 picbytes=0 pskip=0 nalus=1 n1:5488
  cu: inter64=0 inter32=0 inter16=0 inter8=0 intra32=0 intra16=0 intra8=0 intra4=0 reftype=0
  snapshot f128: 3 venc_ko blocks (pool0 0x73801000 len 0x10000)
src frame 129: srcf=13 off=4320 br=8000
frame 129: send=0x0 get=0x0 len=3074 coding=1 startqp=0 meanqp=0 picbytes=0 pskip=0 nalus=1 n1:3074
  cu: inter64=0 inter32=0 inter16=0 inter8=0 intra32=0 intra16=0 intra8=0 intra4=0 reftype=0
  snapshot f129: 3 venc_ko blocks (pool0 0x73801000 len 0x10000)
src frame 130: srcf=14 off=4320 br=8000
frame 130: send=0x0 get=0x0 len=2502 coding=1 startqp=0 meanqp=0 picbytes=0 pskip=0 nalus=1 n1:2502
  cu: inter64=0 inter32=0 inter16=0 inter8=0 intra32=0 intra16=0 intra8=0 intra4=0 reftype=0
  snapshot f130: 3 venc_ko blocks (pool0 0x73801000 len 0x10000)
src frame 131: srcf=15 off=4320 br=8000
frame 131: send=0x0 get=0x0 len=2753 coding=1 startqp=0 meanqp=0 picbytes=0 pskip=0 nalus=1 n1:2753
  cu: inter64=0 inter32=0 inter16=0 inter8=0 intra32=0 intra16=0 intra8=0 intra4=0 reftype=0
  snapshot f131: 3 venc_ko blocks (pool0 0x73801000 len 0x10000)
src frame 132: srcf=16 off=4320 br=8000
frame 132: send=0x0 get=0x0 len=2414 coding=1 startqp=0 meanqp=0 picbytes=0 pskip=0 nalus=1 n1:2414
  cu: inter64=0 inter32=0 inter16=0 inter8=0 intra32=0 intra16=0 intra8=0 intra4=0 reftype=0
  snapshot f132: 3 venc_ko blocks (pool0 0x73801000 len 0x10000)
src frame 133: srcf=17 off=4320 br=8000
frame 133: send=0x0 get=0x0 len=2289 coding=1 startqp=0 meanqp=0 picbytes=0 pskip=0 nalus=1 n1:2289
  cu: inter64=0 inter32=0 inter16=0 inter8=0 intra32=0 intra16=0 intra8=0 intra4=0 reftype=0
  snapshot f133: 3 venc_ko blocks (pool0 0x73801000 len 0x10000)
src frame 134: srcf=18 off=4320 br=8000
frame 134: send=0x0 get=0x0 len=2373 coding=1 startqp=0 meanqp=0 picbytes=0 pskip=0 nalus=1 n1:2373
  cu: inter64=0 inter32=0 inter16=0 inter8=0 intra32=0 intra16=0 intra8=0 intra4=0 reftype=0
  snapshot f134: 3 venc_ko blocks (pool0 0x73801000 len 0x10000)
src frame 135: srcf=19 off=4860 br=8000
frame 135: send=0x0 get=0x0 len=55082 coding=1 startqp=0 meanqp=0 picbytes=0 pskip=0 nalus=1 n1:55082
  cu: inter64=0 inter32=0 inter16=0 inter8=0 intra32=0 intra16=0 intra8=0 intra4=0 reftype=0
  snapshot f135: 3 venc_ko blocks (pool0 0x73801000 len 0x10000)
src frame 136: srcf=20 off=4860 br=8000
frame 136: send=0x0 get=0x0 len=19991 coding=1 startqp=0 meanqp=0 picbytes=0 pskip=0 nalus=1 n1:19991
  cu: inter64=0 inter32=0 inter16=0 inter8=0 intra32=0 intra16=0 intra8=0 intra4=0 reftype=0
  snapshot f136: 3 venc_ko blocks (pool0 0x73801000 len 0x10000)
src frame 137: srcf=21 off=4860 br=8000
frame 137: send=0x0 get=0x0 len=6034 coding=1 startqp=0 meanqp=0 picbytes=0 pskip=0 nalus=1 n1:6034
  cu: inter64=0 inter32=0 inter16=0 inter8=0 intra32=0 intra16=0 intra8=0 intra4=0 reftype=0
  snapshot f137: 3 venc_ko blocks (pool0 0x73801000 len 0x10000)
src frame 138: srcf=22 off=4860 br=8000
frame 138: send=0x0 get=0x0 len=2369 coding=1 startqp=0 meanqp=0 picbytes=0 pskip=0 nalus=1 n1:2369
  cu: inter64=0 inter32=0 inter16=0 inter8=0 intra32=0 intra16=0 intra8=0 intra4=0 reftype=0
  snapshot f138: 3 venc_ko blocks (pool0 0x73801000 len 0x10000)
src frame 139: srcf=23 off=4860 br=8000
frame 139: send=0x0 get=0x0 len=1696 coding=1 startqp=0 meanqp=0 picbytes=0 pskip=0 nalus=1 n1:1696
  cu: inter64=0 inter32=0 inter16=0 inter8=0 intra32=0 intra16=0 intra8=0 intra4=0 reftype=0
  snapshot f139: 3 venc_ko blocks (pool0 0x73801000 len 0x10000)
src frame 140: srcf=24 off=4860 br=8000
frame 140: send=0x0 get=0x0 len=1473 coding=1 startqp=0 meanqp=0 picbytes=0 pskip=0 nalus=1 n1:1473
  cu: inter64=0 inter32=0 inter16=0 inter8=0 intra32=0 intra16=0 intra8=0 intra4=0 reftype=0
  snapshot f140: 3 venc_ko blocks (pool0 0x73801000 len 0x10000)
src frame 141: srcf=25 off=4860 br=8000
frame 141: send=0x0 get=0x0 len=1443 coding=1 startqp=0 meanqp=0 picbytes=0 pskip=0 nalus=1 n1:1443
  cu: inter64=0 inter32=0 inter16=0 inter8=0 intra32=0 intra16=0 intra8=0 intra4=0 reftype=0
  snapshot f141: 3 venc_ko blocks (pool0 0x73801000 len 0x10000)
src frame 142: srcf=26 off=4860 br=8000
frame 142: send=0x0 get=0x0 len=1300 coding=1 startqp=0 meanqp=0 picbytes=0 pskip=0 nalus=1 n1:1300
  cu: inter64=0 inter32=0 inter16=0 inter8=0 intra32=0 intra16=0 intra8=0 intra4=0 reftype=0
  snapshot f142: 3 venc_ko blocks (pool0 0x73801000 len 0x10000)
src frame 143: srcf=27 off=4860 br=8000
frame 143: send=0x0 get=0x0 len=1254 coding=1 startqp=0 meanqp=0 picbytes=0 pskip=0 nalus=1 n1:1254
  cu: inter64=0 inter32=0 inter16=0 inter8=0 intra32=0 intra16=0 intra8=0 intra4=0 reftype=0
  snapshot f143: 3 venc_ko blocks (pool0 0x73801000 len 0x10000)
src frame 144: srcf=28 off=4860 br=8000
frame 144: send=0x0 get=0x0 len=1202 coding=1 startqp=0 meanqp=0 picbytes=0 pskip=0 nalus=1 n1:1202
  cu: inter64=0 inter32=0 inter16=0 inter8=0 intra32=0 intra16=0 intra8=0 intra4=0 reftype=0
  snapshot f144: 3 venc_ko blocks (pool0 0x73801000 len 0x10000)
src frame 145: srcf=29 off=4860 br=8000
frame 145: send=0x0 get=0x0 len=1197 coding=1 startqp=0 meanqp=0 picbytes=0 pskip=0 nalus=1 n1:1197
  cu: inter64=0 inter32=0 inter16=0 inter8=0 intra32=0 intra16=0 intra8=0 intra4=0 reftype=0
  snapshot f145: 3 venc_ko blocks (pool0 0x73801000 len 0x10000)
src frame 146: srcf=28 off=4860 br=8000
frame 146: send=0x0 get=0x0 len=1200 coding=1 startqp=0 meanqp=0 picbytes=0 pskip=0 nalus=1 n1:1200
  cu: inter64=0 inter32=0 inter16=0 inter8=0 intra32=0 intra16=0 intra8=0 intra4=0 reftype=0
  snapshot f146: 3 venc_ko blocks (pool0 0x73801000 len 0x10000)
src frame 147: srcf=27 off=4860 br=8000
frame 147: send=0x0 get=0x0 len=1190 coding=1 startqp=0 meanqp=0 picbytes=0 pskip=0 nalus=1 n1:1190
  cu: inter64=0 inter32=0 inter16=0 inter8=0 intra32=0 intra16=0 intra8=0 intra4=0 reftype=0
  snapshot f147: 3 venc_ko blocks (pool0 0x73801000 len 0x10000)
src frame 148: srcf=26 off=4860 br=8000
frame 148: send=0x0 get=0x0 len=1223 coding=1 startqp=0 meanqp=0 picbytes=0 pskip=0 nalus=1 n1:1223
  cu: inter64=0 inter32=0 inter16=0 inter8=0 intra32=0 intra16=0 intra8=0 intra4=0 reftype=0
  snapshot f148: 3 venc_ko blocks (pool0 0x73801000 len 0x10000)
src frame 149: srcf=25 off=4860 br=8000
frame 149: send=0x0 get=0x0 len=1192 coding=1 startqp=0 meanqp=0 picbytes=0 pskip=0 nalus=1 n1:1192
  cu: inter64=0 inter32=0 inter16=0 inter8=0 intra32=0 intra16=0 intra8=0 intra4=0 reftype=0
  snapshot f149: 3 venc_ko blocks (pool0 0x73801000 len 0x10000)
src frame 150: srcf=24 off=5400 br=8000
frame 150: send=0x0 get=0x0 len=48092 coding=0 startqp=0 meanqp=0 picbytes=0 pskip=0 nalus=4 n32:27 n33:53 n34:12 n19:48000
  cu: inter64=0 inter32=0 inter16=0 inter8=0 intra32=0 intra16=0 intra8=0 intra4=0 reftype=0
  snapshot f150: 3 venc_ko blocks (pool0 0x73801000 len 0x10000)
src frame 151: srcf=23 off=5400 br=8000
frame 151: send=0x0 get=0x0 len=5998 coding=1 startqp=0 meanqp=0 picbytes=0 pskip=0 nalus=1 n1:5998
  cu: inter64=0 inter32=0 inter16=0 inter8=0 intra32=0 intra16=0 intra8=0 intra4=0 reftype=0
  snapshot f151: 3 venc_ko blocks (pool0 0x73801000 len 0x10000)
src frame 152: srcf=22 off=5400 br=8000
frame 152: send=0x0 get=0x0 len=2703 coding=1 startqp=0 meanqp=0 picbytes=0 pskip=0 nalus=1 n1:2703
  cu: inter64=0 inter32=0 inter16=0 inter8=0 intra32=0 intra16=0 intra8=0 intra4=0 reftype=0
  snapshot f152: 3 venc_ko blocks (pool0 0x73801000 len 0x10000)
src frame 153: srcf=21 off=5400 br=8000
frame 153: send=0x0 get=0x0 len=3481 coding=1 startqp=0 meanqp=0 picbytes=0 pskip=0 nalus=1 n1:3481
  cu: inter64=0 inter32=0 inter16=0 inter8=0 intra32=0 intra16=0 intra8=0 intra4=0 reftype=0
  snapshot f153: 3 venc_ko blocks (pool0 0x73801000 len 0x10000)
src frame 154: srcf=20 off=5400 br=8000
frame 154: send=0x0 get=0x0 len=4012 coding=1 startqp=0 meanqp=0 picbytes=0 pskip=0 nalus=1 n1:4012
  cu: inter64=0 inter32=0 inter16=0 inter8=0 intra32=0 intra16=0 intra8=0 intra4=0 reftype=0
  snapshot f154: 3 venc_ko blocks (pool0 0x73801000 len 0x10000)
src frame 155: srcf=19 off=5400 br=8000
frame 155: send=0x0 get=0x0 len=4417 coding=1 startqp=0 meanqp=0 picbytes=0 pskip=0 nalus=1 n1:4417
  cu: inter64=0 inter32=0 inter16=0 inter8=0 intra32=0 intra16=0 intra8=0 intra4=0 reftype=0
  snapshot f155: 3 venc_ko blocks (pool0 0x73801000 len 0x10000)
src frame 156: srcf=18 off=5400 br=8000
frame 156: send=0x0 get=0x0 len=4679 coding=1 startqp=0 meanqp=0 picbytes=0 pskip=0 nalus=1 n1:4679
  cu: inter64=0 inter32=0 inter16=0 inter8=0 intra32=0 intra16=0 intra8=0 intra4=0 reftype=0
  snapshot f156: 3 venc_ko blocks (pool0 0x73801000 len 0x10000)
src frame 157: srcf=17 off=5400 br=8000
frame 157: send=0x0 get=0x0 len=2808 coding=1 startqp=0 meanqp=0 picbytes=0 pskip=0 nalus=1 n1:2808
  cu: inter64=0 inter32=0 inter16=0 inter8=0 intra32=0 intra16=0 intra8=0 intra4=0 reftype=0
  snapshot f157: 3 venc_ko blocks (pool0 0x73801000 len 0x10000)
src frame 158: srcf=16 off=5400 br=8000
frame 158: send=0x0 get=0x0 len=2298 coding=1 startqp=0 meanqp=0 picbytes=0 pskip=0 nalus=1 n1:2298
  cu: inter64=0 inter32=0 inter16=0 inter8=0 intra32=0 intra16=0 intra8=0 intra4=0 reftype=0
  snapshot f158: 3 venc_ko blocks (pool0 0x73801000 len 0x10000)
src frame 159: srcf=15 off=5400 br=8000
frame 159: send=0x0 get=0x0 len=2450 coding=1 startqp=0 meanqp=0 picbytes=0 pskip=0 nalus=1 n1:2450
  cu: inter64=0 inter32=0 inter16=0 inter8=0 intra32=0 intra16=0 intra8=0 intra4=0 reftype=0
  snapshot f159: 3 venc_ko blocks (pool0 0x73801000 len 0x10000)
src frame 160: srcf=14 off=5400 br=8000
frame 160: send=0x0 get=0x0 len=2421 coding=1 startqp=0 meanqp=0 picbytes=0 pskip=0 nalus=1 n1:2421
  cu: inter64=0 inter32=0 inter16=0 inter8=0 intra32=0 intra16=0 intra8=0 intra4=0 reftype=0
  snapshot f160: 3 venc_ko blocks (pool0 0x73801000 len 0x10000)
src frame 161: srcf=13 off=5400 br=8000
frame 161: send=0x0 get=0x0 len=2332 coding=1 startqp=0 meanqp=0 picbytes=0 pskip=0 nalus=1 n1:2332
  cu: inter64=0 inter32=0 inter16=0 inter8=0 intra32=0 intra16=0 intra8=0 intra4=0 reftype=0
  snapshot f161: 3 venc_ko blocks (pool0 0x73801000 len 0x10000)
src frame 162: srcf=12 off=5400 br=8000
frame 162: send=0x0 get=0x0 len=2122 coding=1 startqp=0 meanqp=0 picbytes=0 pskip=0 nalus=1 n1:2122
  cu: inter64=0 inter32=0 inter16=0 inter8=0 intra32=0 intra16=0 intra8=0 intra4=0 reftype=0
  snapshot f162: 3 venc_ko blocks (pool0 0x73801000 len 0x10000)
src frame 163: srcf=11 off=5400 br=8000
frame 163: send=0x0 get=0x0 len=1910 coding=1 startqp=0 meanqp=0 picbytes=0 pskip=0 nalus=1 n1:1910
  cu: inter64=0 inter32=0 inter16=0 inter8=0 intra32=0 intra16=0 intra8=0 intra4=0 reftype=0
  snapshot f163: 3 venc_ko blocks (pool0 0x73801000 len 0x10000)
src frame 164: srcf=10 off=5400 br=8000
frame 164: send=0x0 get=0x0 len=1555 coding=1 startqp=0 meanqp=0 picbytes=0 pskip=0 nalus=1 n1:1555
  cu: inter64=0 inter32=0 inter16=0 inter8=0 intra32=0 intra16=0 intra8=0 intra4=0 reftype=0
  snapshot f164: 3 venc_ko blocks (pool0 0x73801000 len 0x10000)
src frame 165: srcf=9 off=5940 br=8000
frame 165: send=0x0 get=0x0 len=69453 coding=1 startqp=0 meanqp=0 picbytes=0 pskip=0 nalus=1 n1:69453
  cu: inter64=0 inter32=0 inter16=0 inter8=0 intra32=0 intra16=0 intra8=0 intra4=0 reftype=0
  snapshot f165: 3 venc_ko blocks (pool0 0x73801000 len 0x10000)
src frame 166: srcf=8 off=5940 br=8000
frame 166: send=0x0 get=0x0 len=7522 coding=1 startqp=0 meanqp=0 picbytes=0 pskip=0 nalus=1 n1:7522
  cu: inter64=0 inter32=0 inter16=0 inter8=0 intra32=0 intra16=0 intra8=0 intra4=0 reftype=0
  snapshot f166: 3 venc_ko blocks (pool0 0x73801000 len 0x10000)
src frame 167: srcf=7 off=5940 br=8000
frame 167: send=0x0 get=0x0 len=2174 coding=1 startqp=0 meanqp=0 picbytes=0 pskip=0 nalus=1 n1:2174
  cu: inter64=0 inter32=0 inter16=0 inter8=0 intra32=0 intra16=0 intra8=0 intra4=0 reftype=0
  snapshot f167: 3 venc_ko blocks (pool0 0x73801000 len 0x10000)
src frame 168: srcf=6 off=5940 br=8000
frame 168: send=0x0 get=0x0 len=1823 coding=1 startqp=0 meanqp=0 picbytes=0 pskip=0 nalus=1 n1:1823
  cu: inter64=0 inter32=0 inter16=0 inter8=0 intra32=0 intra16=0 intra8=0 intra4=0 reftype=0
  snapshot f168: 3 venc_ko blocks (pool0 0x73801000 len 0x10000)
src frame 169: srcf=5 off=5940 br=8000
frame 169: send=0x0 get=0x0 len=1655 coding=1 startqp=0 meanqp=0 picbytes=0 pskip=0 nalus=1 n1:1655
  cu: inter64=0 inter32=0 inter16=0 inter8=0 intra32=0 intra16=0 intra8=0 intra4=0 reftype=0
  snapshot f169: 3 venc_ko blocks (pool0 0x73801000 len 0x10000)
src frame 170: srcf=4 off=5940 br=8000
frame 170: send=0x0 get=0x0 len=1513 coding=1 startqp=0 meanqp=0 picbytes=0 pskip=0 nalus=1 n1:1513
  cu: inter64=0 inter32=0 inter16=0 inter8=0 intra32=0 intra16=0 intra8=0 intra4=0 reftype=0
  snapshot f170: 3 venc_ko blocks (pool0 0x73801000 len 0x10000)
src frame 171: srcf=3 off=5940 br=8000
frame 171: send=0x0 get=0x0 len=1317 coding=1 startqp=0 meanqp=0 picbytes=0 pskip=0 nalus=1 n1:1317
  cu: inter64=0 inter32=0 inter16=0 inter8=0 intra32=0 intra16=0 intra8=0 intra4=0 reftype=0
  snapshot f171: 3 venc_ko blocks (pool0 0x73801000 len 0x10000)
src frame 172: srcf=2 off=5940 br=8000
frame 172: send=0x0 get=0x0 len=1271 coding=1 startqp=0 meanqp=0 picbytes=0 pskip=0 nalus=1 n1:1271
  cu: inter64=0 inter32=0 inter16=0 inter8=0 intra32=0 intra16=0 intra8=0 intra4=0 reftype=0
  snapshot f172: 3 venc_ko blocks (pool0 0x73801000 len 0x10000)
src frame 173: srcf=1 off=5940 br=8000
frame 173: send=0x0 get=0x0 len=1250 coding=1 startqp=0 meanqp=0 picbytes=0 pskip=0 nalus=1 n1:1250
  cu: inter64=0 inter32=0 inter16=0 inter8=0 intra32=0 intra16=0 intra8=0 intra4=0 reftype=0
  snapshot f173: 3 venc_ko blocks (pool0 0x73801000 len 0x10000)
src frame 174: srcf=0 off=5940 br=8000
frame 174: send=0x0 get=0x0 len=1222 coding=1 startqp=0 meanqp=0 picbytes=0 pskip=0 nalus=1 n1:1222
  cu: inter64=0 inter32=0 inter16=0 inter8=0 intra32=0 intra16=0 intra8=0 intra4=0 reftype=0
  snapshot f174: 3 venc_ko blocks (pool0 0x73801000 len 0x10000)
src frame 175: srcf=1 off=5940 br=8000
frame 175: send=0x0 get=0x0 len=1239 coding=1 startqp=0 meanqp=0 picbytes=0 pskip=0 nalus=1 n1:1239
  cu: inter64=0 inter32=0 inter16=0 inter8=0 intra32=0 intra16=0 intra8=0 intra4=0 reftype=0
  snapshot f175: 3 venc_ko blocks (pool0 0x73801000 len 0x10000)
src frame 176: srcf=2 off=5940 br=8000
frame 176: send=0x0 get=0x0 len=1251 coding=1 startqp=0 meanqp=0 picbytes=0 pskip=0 nalus=1 n1:1251
  cu: inter64=0 inter32=0 inter16=0 inter8=0 intra32=0 intra16=0 intra8=0 intra4=0 reftype=0
  snapshot f176: 3 venc_ko blocks (pool0 0x73801000 len 0x10000)
src frame 177: srcf=3 off=5940 br=8000
frame 177: send=0x0 get=0x0 len=1249 coding=1 startqp=0 meanqp=0 picbytes=0 pskip=0 nalus=1 n1:1249
  cu: inter64=0 inter32=0 inter16=0 inter8=0 intra32=0 intra16=0 intra8=0 intra4=0 reftype=0
  snapshot f177: 3 venc_ko blocks (pool0 0x73801000 len 0x10000)
src frame 178: srcf=4 off=5940 br=8000
frame 178: send=0x0 get=0x0 len=1230 coding=1 startqp=0 meanqp=0 picbytes=0 pskip=0 nalus=1 n1:1230
  cu: inter64=0 inter32=0 inter16=0 inter8=0 intra32=0 intra16=0 intra8=0 intra4=0 reftype=0
  snapshot f178: 3 venc_ko blocks (pool0 0x73801000 len 0x10000)
src frame 179: srcf=5 off=5940 br=8000
frame 179: send=0x0 get=0x0 len=1229 coding=1 startqp=0 meanqp=0 picbytes=0 pskip=0 nalus=1 n1:1229
  cu: inter64=0 inter32=0 inter16=0 inter8=0 intra32=0 intra16=0 intra8=0 intra4=0 reftype=0
  snapshot f179: 3 venc_ko blocks (pool0 0x73801000 len 0x10000)
src frame 180: srcf=6 off=6480 br=8000
frame 180: send=0x0 get=0x0 len=52509 coding=0 startqp=0 meanqp=0 picbytes=0 pskip=0 nalus=4 n32:27 n33:53 n34:12 n19:52417
  cu: inter64=0 inter32=0 inter16=0 inter8=0 intra32=0 intra16=0 intra8=0 intra4=0 reftype=0
  snapshot f180: 3 venc_ko blocks (pool0 0x73801000 len 0x10000)
src frame 181: srcf=7 off=6480 br=8000
frame 181: send=0x0 get=0x0 len=6936 coding=1 startqp=0 meanqp=0 picbytes=0 pskip=0 nalus=1 n1:6936
  cu: inter64=0 inter32=0 inter16=0 inter8=0 intra32=0 intra16=0 intra8=0 intra4=0 reftype=0
  snapshot f181: 3 venc_ko blocks (pool0 0x73801000 len 0x10000)
src frame 182: srcf=8 off=6480 br=8000
frame 182: send=0x0 get=0x0 len=3079 coding=1 startqp=0 meanqp=0 picbytes=0 pskip=0 nalus=1 n1:3079
  cu: inter64=0 inter32=0 inter16=0 inter8=0 intra32=0 intra16=0 intra8=0 intra4=0 reftype=0
  snapshot f182: 3 venc_ko blocks (pool0 0x73801000 len 0x10000)
src frame 183: srcf=9 off=6480 br=8000
frame 183: send=0x0 get=0x0 len=4201 coding=1 startqp=0 meanqp=0 picbytes=0 pskip=0 nalus=1 n1:4201
  cu: inter64=0 inter32=0 inter16=0 inter8=0 intra32=0 intra16=0 intra8=0 intra4=0 reftype=0
  snapshot f183: 3 venc_ko blocks (pool0 0x73801000 len 0x10000)
src frame 184: srcf=10 off=6480 br=8000
frame 184: send=0x0 get=0x0 len=4497 coding=1 startqp=0 meanqp=0 picbytes=0 pskip=0 nalus=1 n1:4497
  cu: inter64=0 inter32=0 inter16=0 inter8=0 intra32=0 intra16=0 intra8=0 intra4=0 reftype=0
  snapshot f184: 3 venc_ko blocks (pool0 0x73801000 len 0x10000)
src frame 185: srcf=11 off=6480 br=8000
frame 185: send=0x0 get=0x0 len=2277 coding=1 startqp=0 meanqp=0 picbytes=0 pskip=0 nalus=1 n1:2277
  cu: inter64=0 inter32=0 inter16=0 inter8=0 intra32=0 intra16=0 intra8=0 intra4=0 reftype=0
  snapshot f185: 3 venc_ko blocks (pool0 0x73801000 len 0x10000)
src frame 186: srcf=12 off=6480 br=8000
frame 186: send=0x0 get=0x0 len=2274 coding=1 startqp=0 meanqp=0 picbytes=0 pskip=0 nalus=1 n1:2274
  cu: inter64=0 inter32=0 inter16=0 inter8=0 intra32=0 intra16=0 intra8=0 intra4=0 reftype=0
  snapshot f186: 3 venc_ko blocks (pool0 0x73801000 len 0x10000)
src frame 187: srcf=13 off=6480 br=8000
frame 187: send=0x0 get=0x0 len=2159 coding=1 startqp=0 meanqp=0 picbytes=0 pskip=0 nalus=1 n1:2159
  cu: inter64=0 inter32=0 inter16=0 inter8=0 intra32=0 intra16=0 intra8=0 intra4=0 reftype=0
  snapshot f187: 3 venc_ko blocks (pool0 0x73801000 len 0x10000)
src frame 188: srcf=14 off=6480 br=8000
frame 188: send=0x0 get=0x0 len=1991 coding=1 startqp=0 meanqp=0 picbytes=0 pskip=0 nalus=1 n1:1991
  cu: inter64=0 inter32=0 inter16=0 inter8=0 intra32=0 intra16=0 intra8=0 intra4=0 reftype=0
  snapshot f188: 3 venc_ko blocks (pool0 0x73801000 len 0x10000)
src frame 189: srcf=15 off=6480 br=8000
frame 189: send=0x0 get=0x0 len=2051 coding=1 startqp=0 meanqp=0 picbytes=0 pskip=0 nalus=1 n1:2051
  cu: inter64=0 inter32=0 inter16=0 inter8=0 intra32=0 intra16=0 intra8=0 intra4=0 reftype=0
  snapshot f189: 3 venc_ko blocks (pool0 0x73801000 len 0x10000)
src frame 190: srcf=16 off=6480 br=8000
frame 190: send=0x0 get=0x0 len=2108 coding=1 startqp=0 meanqp=0 picbytes=0 pskip=0 nalus=1 n1:2108
  cu: inter64=0 inter32=0 inter16=0 inter8=0 intra32=0 intra16=0 intra8=0 intra4=0 reftype=0
  snapshot f190: 3 venc_ko blocks (pool0 0x73801000 len 0x10000)
src frame 191: srcf=17 off=6480 br=8000
frame 191: send=0x0 get=0x0 len=1695 coding=1 startqp=0 meanqp=0 picbytes=0 pskip=0 nalus=1 n1:1695
  cu: inter64=0 inter32=0 inter16=0 inter8=0 intra32=0 intra16=0 intra8=0 intra4=0 reftype=0
  snapshot f191: 3 venc_ko blocks (pool0 0x73801000 len 0x10000)
src frame 192: srcf=18 off=6480 br=8000
frame 192: send=0x0 get=0x0 len=1504 coding=1 startqp=0 meanqp=0 picbytes=0 pskip=0 nalus=1 n1:1504
  cu: inter64=0 inter32=0 inter16=0 inter8=0 intra32=0 intra16=0 intra8=0 intra4=0 reftype=0
  snapshot f192: 3 venc_ko blocks (pool0 0x73801000 len 0x10000)
src frame 193: srcf=19 off=6480 br=8000
frame 193: send=0x0 get=0x0 len=1485 coding=1 startqp=0 meanqp=0 picbytes=0 pskip=0 nalus=1 n1:1485
  cu: inter64=0 inter32=0 inter16=0 inter8=0 intra32=0 intra16=0 intra8=0 intra4=0 reftype=0
  snapshot f193: 3 venc_ko blocks (pool0 0x73801000 len 0x10000)
src frame 194: srcf=20 off=6480 br=8000
frame 194: send=0x0 get=0x0 len=1417 coding=1 startqp=0 meanqp=0 picbytes=0 pskip=0 nalus=1 n1:1417
  cu: inter64=0 inter32=0 inter16=0 inter8=0 intra32=0 intra16=0 intra8=0 intra4=0 reftype=0
  snapshot f194: 3 venc_ko blocks (pool0 0x73801000 len 0x10000)
src frame 195: srcf=21 off=7020 br=8000
frame 195: send=0x0 get=0x0 len=61179 coding=1 startqp=0 meanqp=0 picbytes=0 pskip=0 nalus=1 n1:61179
  cu: inter64=0 inter32=0 inter16=0 inter8=0 intra32=0 intra16=0 intra8=0 intra4=0 reftype=0
  snapshot f195: 3 venc_ko blocks (pool0 0x73801000 len 0x10000)
src frame 196: srcf=22 off=7020 br=8000
frame 196: send=0x0 get=0x0 len=17318 coding=1 startqp=0 meanqp=0 picbytes=0 pskip=0 nalus=1 n1:17318
  cu: inter64=0 inter32=0 inter16=0 inter8=0 intra32=0 intra16=0 intra8=0 intra4=0 reftype=0
  snapshot f196: 3 venc_ko blocks (pool0 0x73801000 len 0x10000)
src frame 197: srcf=23 off=7020 br=8000
frame 197: send=0x0 get=0x0 len=2819 coding=1 startqp=0 meanqp=0 picbytes=0 pskip=0 nalus=1 n1:2819
  cu: inter64=0 inter32=0 inter16=0 inter8=0 intra32=0 intra16=0 intra8=0 intra4=0 reftype=0
  snapshot f197: 3 venc_ko blocks (pool0 0x73801000 len 0x10000)
src frame 198: srcf=24 off=7020 br=8000
frame 198: send=0x0 get=0x0 len=1909 coding=1 startqp=0 meanqp=0 picbytes=0 pskip=0 nalus=1 n1:1909
  cu: inter64=0 inter32=0 inter16=0 inter8=0 intra32=0 intra16=0 intra8=0 intra4=0 reftype=0
  snapshot f198: 3 venc_ko blocks (pool0 0x73801000 len 0x10000)
src frame 199: srcf=25 off=7020 br=8000
frame 199: send=0x0 get=0x0 len=1641 coding=1 startqp=0 meanqp=0 picbytes=0 pskip=0 nalus=1 n1:1641
  cu: inter64=0 inter32=0 inter16=0 inter8=0 intra32=0 intra16=0 intra8=0 intra4=0 reftype=0
  snapshot f199: 3 venc_ko blocks (pool0 0x73801000 len 0x10000)
src frame 200: srcf=26 off=7020 br=8000
frame 200: send=0x0 get=0x0 len=1456 coding=1 startqp=0 meanqp=0 picbytes=0 pskip=0 nalus=1 n1:1456
  cu: inter64=0 inter32=0 inter16=0 inter8=0 intra32=0 intra16=0 intra8=0 intra4=0 reftype=0
  snapshot f200: 3 venc_ko blocks (pool0 0x73801000 len 0x10000)
src frame 201: srcf=27 off=7020 br=8000
frame 201: send=0x0 get=0x0 len=1379 coding=1 startqp=0 meanqp=0 picbytes=0 pskip=0 nalus=1 n1:1379
  cu: inter64=0 inter32=0 inter16=0 inter8=0 intra32=0 intra16=0 intra8=0 intra4=0 reftype=0
  snapshot f201: 3 venc_ko blocks (pool0 0x73801000 len 0x10000)
src frame 202: srcf=28 off=7020 br=8000
frame 202: send=0x0 get=0x0 len=1324 coding=1 startqp=0 meanqp=0 picbytes=0 pskip=0 nalus=1 n1:1324
  cu: inter64=0 inter32=0 inter16=0 inter8=0 intra32=0 intra16=0 intra8=0 intra4=0 reftype=0
  snapshot f202: 3 venc_ko blocks (pool0 0x73801000 len 0x10000)
src frame 203: srcf=29 off=7020 br=8000
frame 203: send=0x0 get=0x0 len=1302 coding=1 startqp=0 meanqp=0 picbytes=0 pskip=0 nalus=1 n1:1302
  cu: inter64=0 inter32=0 inter16=0 inter8=0 intra32=0 intra16=0 intra8=0 intra4=0 reftype=0
  snapshot f203: 3 venc_ko blocks (pool0 0x73801000 len 0x10000)
src frame 204: srcf=28 off=7020 br=8000
frame 204: send=0x0 get=0x0 len=1323 coding=1 startqp=0 meanqp=0 picbytes=0 pskip=0 nalus=1 n1:1323
  cu: inter64=0 inter32=0 inter16=0 inter8=0 intra32=0 intra16=0 intra8=0 intra4=0 reftype=0
  snapshot f204: 3 venc_ko blocks (pool0 0x73801000 len 0x10000)
src frame 205: srcf=27 off=7020 br=8000
frame 205: send=0x0 get=0x0 len=1291 coding=1 startqp=0 meanqp=0 picbytes=0 pskip=0 nalus=1 n1:1291
  cu: inter64=0 inter32=0 inter16=0 inter8=0 intra32=0 intra16=0 intra8=0 intra4=0 reftype=0
  snapshot f205: 3 venc_ko blocks (pool0 0x73801000 len 0x10000)
src frame 206: srcf=26 off=7020 br=8000
frame 206: send=0x0 get=0x0 len=1274 coding=1 startqp=0 meanqp=0 picbytes=0 pskip=0 nalus=1 n1:1274
  cu: inter64=0 inter32=0 inter16=0 inter8=0 intra32=0 intra16=0 intra8=0 intra4=0 reftype=0
  snapshot f206: 3 venc_ko blocks (pool0 0x73801000 len 0x10000)
src frame 207: srcf=25 off=7020 br=8000
frame 207: send=0x0 get=0x0 len=1304 coding=1 startqp=0 meanqp=0 picbytes=0 pskip=0 nalus=1 n1:1304
  cu: inter64=0 inter32=0 inter16=0 inter8=0 intra32=0 intra16=0 intra8=0 intra4=0 reftype=0
  snapshot f207: 3 venc_ko blocks (pool0 0x73801000 len 0x10000)
src frame 208: srcf=24 off=7020 br=8000
frame 208: send=0x0 get=0x0 len=1271 coding=1 startqp=0 meanqp=0 picbytes=0 pskip=0 nalus=1 n1:1271
  cu: inter64=0 inter32=0 inter16=0 inter8=0 intra32=0 intra16=0 intra8=0 intra4=0 reftype=0
  snapshot f208: 3 venc_ko blocks (pool0 0x73801000 len 0x10000)
src frame 209: srcf=23 off=7020 br=8000
frame 209: send=0x0 get=0x0 len=1287 coding=1 startqp=0 meanqp=0 picbytes=0 pskip=0 nalus=1 n1:1287
  cu: inter64=0 inter32=0 inter16=0 inter8=0 intra32=0 intra16=0 intra8=0 intra4=0 reftype=0
  snapshot f209: 3 venc_ko blocks (pool0 0x73801000 len 0x10000)
src frame 210: srcf=22 off=7560 br=8000
frame 210: send=0x0 get=0x0 len=57269 coding=0 startqp=0 meanqp=0 picbytes=0 pskip=0 nalus=4 n32:27 n33:53 n34:12 n19:57177
  cu: inter64=0 inter32=0 inter16=0 inter8=0 intra32=0 intra16=0 intra8=0 intra4=0 reftype=0
  snapshot f210: 3 venc_ko blocks (pool0 0x73801000 len 0x10000)
src frame 211: srcf=21 off=7560 br=8000
frame 211: send=0x0 get=0x0 len=7497 coding=1 startqp=0 meanqp=0 picbytes=0 pskip=0 nalus=1 n1:7497
  cu: inter64=0 inter32=0 inter16=0 inter8=0 intra32=0 intra16=0 intra8=0 intra4=0 reftype=0
  snapshot f211: 3 venc_ko blocks (pool0 0x73801000 len 0x10000)
src frame 212: srcf=20 off=7560 br=8000
frame 212: send=0x0 get=0x0 len=4075 coding=1 startqp=0 meanqp=0 picbytes=0 pskip=0 nalus=1 n1:4075
  cu: inter64=0 inter32=0 inter16=0 inter8=0 intra32=0 intra16=0 intra8=0 intra4=0 reftype=0
  snapshot f212: 3 venc_ko blocks (pool0 0x73801000 len 0x10000)
src frame 213: srcf=19 off=7560 br=8000
frame 213: send=0x0 get=0x0 len=1971 coding=1 startqp=0 meanqp=0 picbytes=0 pskip=0 nalus=1 n1:1971
  cu: inter64=0 inter32=0 inter16=0 inter8=0 intra32=0 intra16=0 intra8=0 intra4=0 reftype=0
  snapshot f213: 3 venc_ko blocks (pool0 0x73801000 len 0x10000)
src frame 214: srcf=18 off=7560 br=8000
frame 214: send=0x0 get=0x0 len=1817 coding=1 startqp=0 meanqp=0 picbytes=0 pskip=0 nalus=1 n1:1817
  cu: inter64=0 inter32=0 inter16=0 inter8=0 intra32=0 intra16=0 intra8=0 intra4=0 reftype=0
  snapshot f214: 3 venc_ko blocks (pool0 0x73801000 len 0x10000)
src frame 215: srcf=17 off=7560 br=8000
frame 215: send=0x0 get=0x0 len=1835 coding=1 startqp=0 meanqp=0 picbytes=0 pskip=0 nalus=1 n1:1835
  cu: inter64=0 inter32=0 inter16=0 inter8=0 intra32=0 intra16=0 intra8=0 intra4=0 reftype=0
  snapshot f215: 3 venc_ko blocks (pool0 0x73801000 len 0x10000)
src frame 216: srcf=16 off=7560 br=8000
frame 216: send=0x0 get=0x0 len=1826 coding=1 startqp=0 meanqp=0 picbytes=0 pskip=0 nalus=1 n1:1826
  cu: inter64=0 inter32=0 inter16=0 inter8=0 intra32=0 intra16=0 intra8=0 intra4=0 reftype=0
  snapshot f216: 3 venc_ko blocks (pool0 0x73801000 len 0x10000)
src frame 217: srcf=15 off=7560 br=8000
frame 217: send=0x0 get=0x0 len=1826 coding=1 startqp=0 meanqp=0 picbytes=0 pskip=0 nalus=1 n1:1826
  cu: inter64=0 inter32=0 inter16=0 inter8=0 intra32=0 intra16=0 intra8=0 intra4=0 reftype=0
  snapshot f217: 3 venc_ko blocks (pool0 0x73801000 len 0x10000)
src frame 218: srcf=14 off=7560 br=8000
frame 218: send=0x0 get=0x0 len=1774 coding=1 startqp=0 meanqp=0 picbytes=0 pskip=0 nalus=1 n1:1774
  cu: inter64=0 inter32=0 inter16=0 inter8=0 intra32=0 intra16=0 intra8=0 intra4=0 reftype=0
  snapshot f218: 3 venc_ko blocks (pool0 0x73801000 len 0x10000)
src frame 219: srcf=13 off=7560 br=8000
frame 219: send=0x0 get=0x0 len=1568 coding=1 startqp=0 meanqp=0 picbytes=0 pskip=0 nalus=1 n1:1568
  cu: inter64=0 inter32=0 inter16=0 inter8=0 intra32=0 intra16=0 intra8=0 intra4=0 reftype=0
  snapshot f219: 3 venc_ko blocks (pool0 0x73801000 len 0x10000)
src frame 220: srcf=12 off=7560 br=8000
frame 220: send=0x0 get=0x0 len=1526 coding=1 startqp=0 meanqp=0 picbytes=0 pskip=0 nalus=1 n1:1526
  cu: inter64=0 inter32=0 inter16=0 inter8=0 intra32=0 intra16=0 intra8=0 intra4=0 reftype=0
  snapshot f220: 3 venc_ko blocks (pool0 0x73801000 len 0x10000)
src frame 221: srcf=11 off=7560 br=8000
frame 221: send=0x0 get=0x0 len=1493 coding=1 startqp=0 meanqp=0 picbytes=0 pskip=0 nalus=1 n1:1493
  cu: inter64=0 inter32=0 inter16=0 inter8=0 intra32=0 intra16=0 intra8=0 intra4=0 reftype=0
  snapshot f221: 3 venc_ko blocks (pool0 0x73801000 len 0x10000)
src frame 222: srcf=10 off=7560 br=8000
frame 222: send=0x0 get=0x0 len=1352 coding=1 startqp=0 meanqp=0 picbytes=0 pskip=0 nalus=1 n1:1352
  cu: inter64=0 inter32=0 inter16=0 inter8=0 intra32=0 intra16=0 intra8=0 intra4=0 reftype=0
  snapshot f222: 3 venc_ko blocks (pool0 0x73801000 len 0x10000)
src frame 223: srcf=9 off=7560 br=8000
frame 223: send=0x0 get=0x0 len=1135 coding=1 startqp=0 meanqp=0 picbytes=0 pskip=0 nalus=1 n1:1135
  cu: inter64=0 inter32=0 inter16=0 inter8=0 intra32=0 intra16=0 intra8=0 intra4=0 reftype=0
  snapshot f223: 3 venc_ko blocks (pool0 0x73801000 len 0x10000)
src frame 224: srcf=8 off=7560 br=8000
frame 224: send=0x0 get=0x0 len=1115 coding=1 startqp=0 meanqp=0 picbytes=0 pskip=0 nalus=1 n1:1115
  cu: inter64=0 inter32=0 inter16=0 inter8=0 intra32=0 intra16=0 intra8=0 intra4=0 reftype=0
  snapshot f224: 3 venc_ko blocks (pool0 0x73801000 len 0x10000)
src frame 225: srcf=7 off=8100 br=8000
frame 225: send=0x0 get=0x0 len=73175 coding=1 startqp=0 meanqp=0 picbytes=0 pskip=0 nalus=1 n1:73175
  cu: inter64=0 inter32=0 inter16=0 inter8=0 intra32=0 intra16=0 intra8=0 intra4=0 reftype=0
  snapshot f225: 3 venc_ko blocks (pool0 0x73801000 len 0x10000)
src frame 226: srcf=6 off=8100 br=8000
frame 226: send=0x0 get=0x0 len=3705 coding=1 startqp=0 meanqp=0 picbytes=0 pskip=0 nalus=1 n1:3705
  cu: inter64=0 inter32=0 inter16=0 inter8=0 intra32=0 intra16=0 intra8=0 intra4=0 reftype=0
  snapshot f226: 3 venc_ko blocks (pool0 0x73801000 len 0x10000)
src frame 227: srcf=5 off=8100 br=8000
frame 227: send=0x0 get=0x0 len=1818 coding=1 startqp=0 meanqp=0 picbytes=0 pskip=0 nalus=1 n1:1818
  cu: inter64=0 inter32=0 inter16=0 inter8=0 intra32=0 intra16=0 intra8=0 intra4=0 reftype=0
  snapshot f227: 3 venc_ko blocks (pool0 0x73801000 len 0x10000)
src frame 228: srcf=4 off=8100 br=8000
frame 228: send=0x0 get=0x0 len=1504 coding=1 startqp=0 meanqp=0 picbytes=0 pskip=0 nalus=1 n1:1504
  cu: inter64=0 inter32=0 inter16=0 inter8=0 intra32=0 intra16=0 intra8=0 intra4=0 reftype=0
  snapshot f228: 3 venc_ko blocks (pool0 0x73801000 len 0x10000)
src frame 229: srcf=3 off=8100 br=8000
frame 229: send=0x0 get=0x0 len=1315 coding=1 startqp=0 meanqp=0 picbytes=0 pskip=0 nalus=1 n1:1315
  cu: inter64=0 inter32=0 inter16=0 inter8=0 intra32=0 intra16=0 intra8=0 intra4=0 reftype=0
  snapshot f229: 3 venc_ko blocks (pool0 0x73801000 len 0x10000)
src frame 230: srcf=2 off=8100 br=8000
frame 230: send=0x0 get=0x0 len=1179 coding=1 startqp=0 meanqp=0 picbytes=0 pskip=0 nalus=1 n1:1179
  cu: inter64=0 inter32=0 inter16=0 inter8=0 intra32=0 intra16=0 intra8=0 intra4=0 reftype=0
  snapshot f230: 3 venc_ko blocks (pool0 0x73801000 len 0x10000)
src frame 231: srcf=1 off=8100 br=8000
frame 231: send=0x0 get=0x0 len=1207 coding=1 startqp=0 meanqp=0 picbytes=0 pskip=0 nalus=1 n1:1207
  cu: inter64=0 inter32=0 inter16=0 inter8=0 intra32=0 intra16=0 intra8=0 intra4=0 reftype=0
  snapshot f231: 3 venc_ko blocks (pool0 0x73801000 len 0x10000)
src frame 232: srcf=0 off=8100 br=8000
frame 232: send=0x0 get=0x0 len=1116 coding=1 startqp=0 meanqp=0 picbytes=0 pskip=0 nalus=1 n1:1116
  cu: inter64=0 inter32=0 inter16=0 inter8=0 intra32=0 intra16=0 intra8=0 intra4=0 reftype=0
  snapshot f232: 3 venc_ko blocks (pool0 0x73801000 len 0x10000)
src frame 233: srcf=1 off=8100 br=8000
frame 233: send=0x0 get=0x0 len=1134 coding=1 startqp=0 meanqp=0 picbytes=0 pskip=0 nalus=1 n1:1134
  cu: inter64=0 inter32=0 inter16=0 inter8=0 intra32=0 intra16=0 intra8=0 intra4=0 reftype=0
  snapshot f233: 3 venc_ko blocks (pool0 0x73801000 len 0x10000)
src frame 234: srcf=2 off=8100 br=8000
frame 234: send=0x0 get=0x0 len=1138 coding=1 startqp=0 meanqp=0 picbytes=0 pskip=0 nalus=1 n1:1138
  cu: inter64=0 inter32=0 inter16=0 inter8=0 intra32=0 intra16=0 intra8=0 intra4=0 reftype=0
  snapshot f234: 3 venc_ko blocks (pool0 0x73801000 len 0x10000)
src frame 235: srcf=3 off=8100 br=8000
frame 235: send=0x0 get=0x0 len=1113 coding=1 startqp=0 meanqp=0 picbytes=0 pskip=0 nalus=1 n1:1113
  cu: inter64=0 inter32=0 inter16=0 inter8=0 intra32=0 intra16=0 intra8=0 intra4=0 reftype=0
  snapshot f235: 3 venc_ko blocks (pool0 0x73801000 len 0x10000)
src frame 236: srcf=4 off=8100 br=8000
frame 236: send=0x0 get=0x0 len=1156 coding=1 startqp=0 meanqp=0 picbytes=0 pskip=0 nalus=1 n1:1156
  cu: inter64=0 inter32=0 inter16=0 inter8=0 intra32=0 intra16=0 intra8=0 intra4=0 reftype=0
  snapshot f236: 3 venc_ko blocks (pool0 0x73801000 len 0x10000)
src frame 237: srcf=5 off=8100 br=8000
frame 237: send=0x0 get=0x0 len=1160 coding=1 startqp=0 meanqp=0 picbytes=0 pskip=0 nalus=1 n1:1160
  cu: inter64=0 inter32=0 inter16=0 inter8=0 intra32=0 intra16=0 intra8=0 intra4=0 reftype=0
  snapshot f237: 3 venc_ko blocks (pool0 0x73801000 len 0x10000)
src frame 238: srcf=6 off=8100 br=8000
frame 238: send=0x0 get=0x0 len=1160 coding=1 startqp=0 meanqp=0 picbytes=0 pskip=0 nalus=1 n1:1160
  cu: inter64=0 inter32=0 inter16=0 inter8=0 intra32=0 intra16=0 intra8=0 intra4=0 reftype=0
  snapshot f238: 3 venc_ko blocks (pool0 0x73801000 len 0x10000)
src frame 239: srcf=7 off=8100 br=8000
frame 239: send=0x0 get=0x0 len=1167 coding=1 startqp=0 meanqp=0 picbytes=0 pskip=0 nalus=1 n1:1167
  cu: inter64=0 inter32=0 inter16=0 inter8=0 intra32=0 intra16=0 intra8=0 intra4=0 reftype=0
  snapshot f239: 3 venc_ko blocks (pool0 0x73801000 len 0x10000)
---- /proc/ax_proc/venc ----
-------- VENC VERSION ------------------------
[Axera version]: ax_venc V3.0.0_20250319114413 Mar 19 2025 11:58:34 JK

-------- MODULE PARAM ------------------------
MaxChnNum   MaxRoiNum   MaxProcNum  
16          8           16          

-------- VENC CHN ATTR 1 ------------------------
ID    Type    wSrc    hSrc    Strd0   Strd1   maxW    maxH    PixFmt  link  InFifoDep    OutFifoDep   InDbgFifoLen InDbgFifoDep StrmBufSize(KB)
7     h265    1920    1080    3840    0       1920    1080    YUYV422 N     2            2            0            4            4114      
-------- VENC CHN ATTR 2 ------------------------
ID    [CropEn StartX  StartY  CropW   CropH]  Rotation  EncW    EncH    FrmSize      PTS          SeqNum       CompMode     CompLevel    PhyAddr0     PhyAddr1     PhyAddr2     
7     N       0       0       0       0       0         1920    1080    4147200      3283333      198          NONE         0            742cb000     0            0            
-------- VENC RC ATTR 1 ------------------------
ID    RcMode    SrcFr   DstFr   Br(kbps)  MinQp   MaxQp   MinIQp  MaxIQp  IQpDelta  IpropMax   IpropMin   StartQp    QpDltRng   DeBrQpDlt  SvcEn   ChgPos  StillPercent MaxStillQp 
7     CBR       60.00   60.00   8000      10      51      10      51      0         40         10         -1         2          0          False   -       -            -          
-------- VENC RC ATTR 2  -----------------------
ID    QMapQpType  QMapUnit    QMapBlkType IQp   PQp   MinQpDelta MaxQpDelta MaxBitRate shtStaTime ltStaTime  ltMinBr  ltMaxBr  Br_ST(kbps)    Br_LT(kbps)    
7     N/A         64x64       N/A         -     -     -          -          -          -          -          -        -        -              -              
-------- VENC GOP ATTR  ------------------------
ID    GopMode   Gop   GopVI 
7     NormalP   30    0     
-------- VENC STATUS 1 -------------------------
ID    RJEn         RJThr(bps)   RJMode       RJEncGaps    SupFrmEn     SupPri       SupThrI      SupThrP      SplitEn      SliceNum     Range(In)    Range(out)   
7     N            0            Normal       0            N            0            500000       500000       N            0            Full         Full         
-------- VENC STATUS 2 -------------------------
ID    ChnStat   FrmRecv   FrmRls    FrmEnc    FrmDrop   FrmDup    EncFail   MissMatch StrmGet   StrmRls   OutFps    RealBr    ReEncCnt  DropCnt   BlkFail   GrpID     PID     TID     ThNum   RefInc    RefDec    Fail1   Fail2   Fail3   Fail4   
7     STARTED   198       198       198       0         0         0         0         198       197       50.00     2884.72   0         0         0         -1        130637  130641  1       198       198       0       0       0       0       
-------- VENC HW STATUS  ------------------------
ID    OverFlow     TimeOut      
7     0            0            
-------- VENC ROI INFO  ------------------------
ID    Index        bEnable      bAbsQp       RoiQP        Width        Height       StartX       StartY       
done h265_jump15_cbr8000
rc=0
== h265_jump15_cbr8000: codec=h265 rc=cbr br=8000 fps=60 gop=30 frames=240 total=1503628 B achieved=3007 kbps
I frames (frame:qp/bytes): 0:32/28832 30:30/32398 60:28/36212 90:26/39762 120:24/43593 150:22/48092 180:20/52509 210:18/57269
first P after each I (frame:qp): 1:35 31:33 61:31 91:29 121:27 151:25 181:23 211:21
per-GOP: gop#: kbps I_qp P_qp[min..max] P_qp_last
  0: 2915 kbps I=[32] P=[21..35] last=21 n=30
  1: 3041 kbps I=[30] P=[19..33] last=19 n=30
  2: 3098 kbps I=[28] P=[17..31] last=17 n=30
  3: 3052 kbps I=[26] P=[15..29] last=15 n=30
  4: 3054 kbps I=[24] P=[13..27] last=13 n=30
  5: 2987 kbps I=[22] P=[11..25] last=11 n=30
  6: 3012 kbps I=[20] P=[10..23] last=10 n=30
  7: 2898 kbps I=[18] P=[10..21] last=10 n=30
P->P QP step histogram: -2:1 -1:114 +0:101 +1:8
I->firstP QP delta: +3 +3 +3 +3 +3 +3 +3 +3
sw7 frame-QP == slice QP: 240/240 frames with a program agree; mismatches at []
slot flags: {'': 240}
sw105-107 distinct (I): [('0x1adb00', '0x1adb00', '0x1adb00'), ('0x2361f8', '0x2361f8', '0x2361f8'), ('0x26ebc4', '0x26ebc4', '0x26ebc4')]
sw172/173 distinct: [('0x14f', '0x662'), ('0x14f', '0x66a')]
sw6 distinct (I / P): ['0x20000b'] ['0x200003']
=== h265_jump1_cbr16000: codec=h265 rc=cbr br=16000 nframes=240 src=/root/rc65/clips/static.yuyv motion=jump mstep=1
# vdrive tag=h265_jump1_cbr16000 codec=h265 1920x1080 rc=cbr br=16000 fps=60/60 gop=30 gopmode=normalp ltrint=0 ltrqpo=0 iqp=32 pqp=32 profile=0 level=153 tier=0 qp[10..51] iqp[10..51] iqd=0 firstqp=-1 iprop[10..40] idrrange=2 stattime=1 vq=0 ir=0/0 slice=0 debreath=0 scd=-1 rowqpd=-1 vui=-1 move=0 nframes=240
src=/root/rc65/clips/static.yuyv frames=30 loop=pingpong motion=jump mstep=1 window=0..-1
AX_SYS_Init rc=0x0
AX_VENC_Init rc=0x0
AX_VENC_CreateChn(7) rc=0x0
StartRecvFrame rc=0x0
AX_POOL_CreatePool id=0x0
blk=0x5e000000 phys=0x742cb000 virt=0xffffb0df5000
frame: modid=0x11 stride=1920 fmt=0xd
  snapshot pre: 3 venc_ko blocks (pool0 0x73801000 len 0x10000)
src frame 0: srcf=0 off=0 br=16000
frame 0: send=0x0 get=0x0 len=28832 coding=0 startqp=0 meanqp=0 picbytes=0 pskip=0 nalus=4 n32:27 n33:53 n34:11 n19:28741
  cu: inter64=0 inter32=0 inter16=0 inter8=0 intra32=0 intra16=0 intra8=0 intra4=0 reftype=0
  snapshot f000: 3 venc_ko blocks (pool0 0x73801000 len 0x10000)
src frame 1: srcf=1 off=540 br=16000
frame 1: send=0x0 get=0x0 len=22222 coding=1 startqp=0 meanqp=0 picbytes=0 pskip=0 nalus=1 n1:22222
  cu: inter64=0 inter32=0 inter16=0 inter8=0 intra32=0 intra16=0 intra8=0 intra4=0 reftype=0
  snapshot f001: 3 venc_ko blocks (pool0 0x73801000 len 0x10000)
src frame 2: srcf=2 off=1080 br=16000
frame 2: send=0x0 get=0x0 len=20883 coding=1 startqp=0 meanqp=0 picbytes=0 pskip=0 nalus=1 n1:20883
  cu: inter64=0 inter32=0 inter16=0 inter8=0 intra32=0 intra16=0 intra8=0 intra4=0 reftype=0
  snapshot f002: 3 venc_ko blocks (pool0 0x73801000 len 0x10000)
src frame 3: srcf=3 off=1620 br=16000
frame 3: send=0x0 get=0x0 len=24854 coding=1 startqp=0 meanqp=0 picbytes=0 pskip=0 nalus=1 n1:24854
  cu: inter64=0 inter32=0 inter16=0 inter8=0 intra32=0 intra16=0 intra8=0 intra4=0 reftype=0
  snapshot f003: 3 venc_ko blocks (pool0 0x73801000 len 0x10000)
src frame 4: srcf=4 off=2160 br=16000
frame 4: send=0x0 get=0x0 len=23258 coding=1 startqp=0 meanqp=0 picbytes=0 pskip=0 nalus=1 n1:23258
  cu: inter64=0 inter32=0 inter16=0 inter8=0 intra32=0 intra16=0 intra8=0 intra4=0 reftype=0
  snapshot f004: 3 venc_ko blocks (pool0 0x73801000 len 0x10000)
src frame 5: srcf=5 off=2700 br=16000
frame 5: send=0x0 get=0x0 len=28742 coding=1 startqp=0 meanqp=0 picbytes=0 pskip=0 nalus=1 n1:28742
  cu: inter64=0 inter32=0 inter16=0 inter8=0 intra32=0 intra16=0 intra8=0 intra4=0 reftype=0
  snapshot f005: 3 venc_ko blocks (pool0 0x73801000 len 0x10000)
src frame 6: srcf=6 off=3240 br=16000
frame 6: send=0x0 get=0x0 len=26248 coding=1 startqp=0 meanqp=0 picbytes=0 pskip=0 nalus=1 n1:26248
  cu: inter64=0 inter32=0 inter16=0 inter8=0 intra32=0 intra16=0 intra8=0 intra4=0 reftype=0
  snapshot f006: 3 venc_ko blocks (pool0 0x73801000 len 0x10000)
src frame 7: srcf=7 off=3780 br=16000
frame 7: send=0x0 get=0x0 len=30749 coding=1 startqp=0 meanqp=0 picbytes=0 pskip=0 nalus=1 n1:30749
  cu: inter64=0 inter32=0 inter16=0 inter8=0 intra32=0 intra16=0 intra8=0 intra4=0 reftype=0
  snapshot f007: 3 venc_ko blocks (pool0 0x73801000 len 0x10000)
src frame 8: srcf=8 off=4320 br=16000
frame 8: send=0x0 get=0x0 len=27130 coding=1 startqp=0 meanqp=0 picbytes=0 pskip=0 nalus=1 n1:27130
  cu: inter64=0 inter32=0 inter16=0 inter8=0 intra32=0 intra16=0 intra8=0 intra4=0 reftype=0
  snapshot f008: 3 venc_ko blocks (pool0 0x73801000 len 0x10000)
src frame 9: srcf=9 off=4860 br=16000
frame 9: send=0x0 get=0x0 len=34702 coding=1 startqp=0 meanqp=0 picbytes=0 pskip=0 nalus=1 n1:34702
  cu: inter64=0 inter32=0 inter16=0 inter8=0 intra32=0 intra16=0 intra8=0 intra4=0 reftype=0
  snapshot f009: 3 venc_ko blocks (pool0 0x73801000 len 0x10000)
src frame 10: srcf=10 off=5400 br=16000
frame 10: send=0x0 get=0x0 len=28762 coding=1 startqp=0 meanqp=0 picbytes=0 pskip=0 nalus=1 n1:28762
  cu: inter64=0 inter32=0 inter16=0 inter8=0 intra32=0 intra16=0 intra8=0 intra4=0 reftype=0
  snapshot f010: 3 venc_ko blocks (pool0 0x73801000 len 0x10000)
src frame 11: srcf=11 off=5940 br=16000
frame 11: send=0x0 get=0x0 len=36517 coding=1 startqp=0 meanqp=0 picbytes=0 pskip=0 nalus=1 n1:36517
  cu: inter64=0 inter32=0 inter16=0 inter8=0 intra32=0 intra16=0 intra8=0 intra4=0 reftype=0
  snapshot f011: 3 venc_ko blocks (pool0 0x73801000 len 0x10000)
src frame 12: srcf=12 off=6480 br=16000
frame 12: send=0x0 get=0x0 len=28729 coding=1 startqp=0 meanqp=0 picbytes=0 pskip=0 nalus=1 n1:28729
  cu: inter64=0 inter32=0 inter16=0 inter8=0 intra32=0 intra16=0 intra8=0 intra4=0 reftype=0
  snapshot f012: 3 venc_ko blocks (pool0 0x73801000 len 0x10000)
src frame 13: srcf=13 off=7020 br=16000
frame 13: send=0x0 get=0x0 len=36894 coding=1 startqp=0 meanqp=0 picbytes=0 pskip=0 nalus=1 n1:36894
  cu: inter64=0 inter32=0 inter16=0 inter8=0 intra32=0 intra16=0 intra8=0 intra4=0 reftype=0
  snapshot f013: 3 venc_ko blocks (pool0 0x73801000 len 0x10000)
src frame 14: srcf=14 off=7560 br=16000
frame 14: send=0x0 get=0x0 len=28813 coding=1 startqp=0 meanqp=0 picbytes=0 pskip=0 nalus=1 n1:28813
  cu: inter64=0 inter32=0 inter16=0 inter8=0 intra32=0 intra16=0 intra8=0 intra4=0 reftype=0
  snapshot f014: 3 venc_ko blocks (pool0 0x73801000 len 0x10000)
src frame 15: srcf=15 off=8100 br=16000
frame 15: send=0x0 get=0x0 len=36791 coding=1 startqp=0 meanqp=0 picbytes=0 pskip=0 nalus=1 n1:36791
  cu: inter64=0 inter32=0 inter16=0 inter8=0 intra32=0 intra16=0 intra8=0 intra4=0 reftype=0
  snapshot f015: 3 venc_ko blocks (pool0 0x73801000 len 0x10000)
src frame 16: srcf=16 off=8640 br=16000
frame 16: send=0x0 get=0x0 len=28798 coding=1 startqp=0 meanqp=0 picbytes=0 pskip=0 nalus=1 n1:28798
  cu: inter64=0 inter32=0 inter16=0 inter8=0 intra32=0 intra16=0 intra8=0 intra4=0 reftype=0
  snapshot f016: 3 venc_ko blocks (pool0 0x73801000 len 0x10000)
src frame 17: srcf=17 off=9180 br=16000
frame 17: send=0x0 get=0x0 len=36984 coding=1 startqp=0 meanqp=0 picbytes=0 pskip=0 nalus=1 n1:36984
  cu: inter64=0 inter32=0 inter16=0 inter8=0 intra32=0 intra16=0 intra8=0 intra4=0 reftype=0
  snapshot f017: 3 venc_ko blocks (pool0 0x73801000 len 0x10000)
src frame 18: srcf=18 off=9720 br=16000
frame 18: send=0x0 get=0x0 len=29163 coding=1 startqp=0 meanqp=0 picbytes=0 pskip=0 nalus=1 n1:29163
  cu: inter64=0 inter32=0 inter16=0 inter8=0 intra32=0 intra16=0 intra8=0 intra4=0 reftype=0
  snapshot f018: 3 venc_ko blocks (pool0 0x73801000 len 0x10000)
src frame 19: srcf=19 off=10260 br=16000
frame 19: send=0x0 get=0x0 len=36560 coding=1 startqp=0 meanqp=0 picbytes=0 pskip=0 nalus=1 n1:36560
  cu: inter64=0 inter32=0 inter16=0 inter8=0 intra32=0 intra16=0 intra8=0 intra4=0 reftype=0
  snapshot f019: 3 venc_ko blocks (pool0 0x73801000 len 0x10000)
src frame 20: srcf=20 off=10800 br=16000
frame 20: send=0x0 get=0x0 len=30381 coding=1 startqp=0 meanqp=0 picbytes=0 pskip=0 nalus=1 n1:30381
  cu: inter64=0 inter32=0 inter16=0 inter8=0 intra32=0 intra16=0 intra8=0 intra4=0 reftype=0
  snapshot f020: 3 venc_ko blocks (pool0 0x73801000 len 0x10000)
src frame 21: srcf=21 off=11340 br=16000
frame 21: send=0x0 get=0x0 len=38954 coding=1 startqp=0 meanqp=0 picbytes=0 pskip=0 nalus=1 n1:38954
  cu: inter64=0 inter32=0 inter16=0 inter8=0 intra32=0 intra16=0 intra8=0 intra4=0 reftype=0
  snapshot f021: 3 venc_ko blocks (pool0 0x73801000 len 0x10000)
src frame 22: srcf=22 off=11880 br=16000
frame 22: send=0x0 get=0x0 len=30746 coding=1 startqp=0 meanqp=0 picbytes=0 pskip=0 nalus=1 n1:30746
  cu: inter64=0 inter32=0 inter16=0 inter8=0 intra32=0 intra16=0 intra8=0 intra4=0 reftype=0
  snapshot f022: 3 venc_ko blocks (pool0 0x73801000 len 0x10000)
src frame 23: srcf=23 off=12420 br=16000
frame 23: send=0x0 get=0x0 len=38702 coding=1 startqp=0 meanqp=0 picbytes=0 pskip=0 nalus=1 n1:38702
  cu: inter64=0 inter32=0 inter16=0 inter8=0 intra32=0 intra16=0 intra8=0 intra4=0 reftype=0
  snapshot f023: 3 venc_ko blocks (pool0 0x73801000 len 0x10000)
src frame 24: srcf=24 off=12960 br=16000
frame 24: send=0x0 get=0x0 len=31288 coding=1 startqp=0 meanqp=0 picbytes=0 pskip=0 nalus=1 n1:31288
  cu: inter64=0 inter32=0 inter16=0 inter8=0 intra32=0 intra16=0 intra8=0 intra4=0 reftype=0
  snapshot f024: 3 venc_ko blocks (pool0 0x73801000 len 0x10000)
src frame 25: srcf=25 off=13500 br=16000
frame 25: send=0x0 get=0x0 len=38796 coding=1 startqp=0 meanqp=0 picbytes=0 pskip=0 nalus=1 n1:38796
  cu: inter64=0 inter32=0 inter16=0 inter8=0 intra32=0 intra16=0 intra8=0 intra4=0 reftype=0
  snapshot f025: 3 venc_ko blocks (pool0 0x73801000 len 0x10000)
src frame 26: srcf=26 off=14040 br=16000
frame 26: send=0x0 get=0x0 len=30814 coding=1 startqp=0 meanqp=0 picbytes=0 pskip=0 nalus=1 n1:30814
  cu: inter64=0 inter32=0 inter16=0 inter8=0 intra32=0 intra16=0 intra8=0 intra4=0 reftype=0
  snapshot f026: 3 venc_ko blocks (pool0 0x73801000 len 0x10000)
src frame 27: srcf=27 off=14580 br=16000
frame 27: send=0x0 get=0x0 len=38864 coding=1 startqp=0 meanqp=0 picbytes=0 pskip=0 nalus=1 n1:38864
  cu: inter64=0 inter32=0 inter16=0 inter8=0 intra32=0 intra16=0 intra8=0 intra4=0 reftype=0
  snapshot f027: 3 venc_ko blocks (pool0 0x73801000 len 0x10000)
src frame 28: srcf=28 off=15120 br=16000
frame 28: send=0x0 get=0x0 len=30921 coding=1 startqp=0 meanqp=0 picbytes=0 pskip=0 nalus=1 n1:30921
  cu: inter64=0 inter32=0 inter16=0 inter8=0 intra32=0 intra16=0 intra8=0 intra4=0 reftype=0
  snapshot f028: 3 venc_ko blocks (pool0 0x73801000 len 0x10000)
src frame 29: srcf=29 off=15660 br=16000
frame 29: send=0x0 get=0x0 len=38802 coding=1 startqp=0 meanqp=0 picbytes=0 pskip=0 nalus=1 n1:38802
  cu: inter64=0 inter32=0 inter16=0 inter8=0 intra32=0 intra16=0 intra8=0 intra4=0 reftype=0
  snapshot f029: 3 venc_ko blocks (pool0 0x73801000 len 0x10000)
src frame 30: srcf=28 off=16200 br=16000
frame 30: send=0x0 get=0x0 len=32398 coding=0 startqp=0 meanqp=0 picbytes=0 pskip=0 nalus=4 n32:27 n33:53 n34:11 n19:32307
  cu: inter64=0 inter32=0 inter16=0 inter8=0 intra32=0 intra16=0 intra8=0 intra4=0 reftype=0
  snapshot f030: 3 venc_ko blocks (pool0 0x73801000 len 0x10000)
src frame 31: srcf=27 off=16740 br=16000
frame 31: send=0x0 get=0x0 len=21343 coding=1 startqp=0 meanqp=0 picbytes=0 pskip=0 nalus=1 n1:21343
  cu: inter64=0 inter32=0 inter16=0 inter8=0 intra32=0 intra16=0 intra8=0 intra4=0 reftype=0
  snapshot f031: 3 venc_ko blocks (pool0 0x73801000 len 0x10000)
src frame 32: srcf=26 off=17280 br=16000
frame 32: send=0x0 get=0x0 len=22616 coding=1 startqp=0 meanqp=0 picbytes=0 pskip=0 nalus=1 n1:22616
  cu: inter64=0 inter32=0 inter16=0 inter8=0 intra32=0 intra16=0 intra8=0 intra4=0 reftype=0
  snapshot f032: 3 venc_ko blocks (pool0 0x73801000 len 0x10000)
src frame 33: srcf=25 off=17820 br=16000
frame 33: send=0x0 get=0x0 len=25068 coding=1 startqp=0 meanqp=0 picbytes=0 pskip=0 nalus=1 n1:25068
  cu: inter64=0 inter32=0 inter16=0 inter8=0 intra32=0 intra16=0 intra8=0 intra4=0 reftype=0
  snapshot f033: 3 venc_ko blocks (pool0 0x73801000 len 0x10000)
src frame 34: srcf=24 off=18360 br=16000
frame 34: send=0x0 get=0x0 len=25674 coding=1 startqp=0 meanqp=0 picbytes=0 pskip=0 nalus=1 n1:25674
  cu: inter64=0 inter32=0 inter16=0 inter8=0 intra32=0 intra16=0 intra8=0 intra4=0 reftype=0
  snapshot f034: 3 venc_ko blocks (pool0 0x73801000 len 0x10000)
src frame 35: srcf=23 off=18900 br=16000
frame 35: send=0x0 get=0x0 len=30264 coding=1 startqp=0 meanqp=0 picbytes=0 pskip=0 nalus=1 n1:30264
  cu: inter64=0 inter32=0 inter16=0 inter8=0 intra32=0 intra16=0 intra8=0 intra4=0 reftype=0
  snapshot f035: 3 venc_ko blocks (pool0 0x73801000 len 0x10000)
src frame 36: srcf=22 off=19440 br=16000
frame 36: send=0x0 get=0x0 len=26918 coding=1 startqp=0 meanqp=0 picbytes=0 pskip=0 nalus=1 n1:26918
  cu: inter64=0 inter32=0 inter16=0 inter8=0 intra32=0 intra16=0 intra8=0 intra4=0 reftype=0
  snapshot f036: 3 venc_ko blocks (pool0 0x73801000 len 0x10000)
src frame 37: srcf=21 off=19980 br=16000
frame 37: send=0x0 get=0x0 len=32543 coding=1 startqp=0 meanqp=0 picbytes=0 pskip=0 nalus=1 n1:32543
  cu: inter64=0 inter32=0 inter16=0 inter8=0 intra32=0 intra16=0 intra8=0 intra4=0 reftype=0
  snapshot f037: 3 venc_ko blocks (pool0 0x73801000 len 0x10000)
src frame 38: srcf=20 off=20520 br=16000
frame 38: send=0x0 get=0x0 len=29104 coding=1 startqp=0 meanqp=0 picbytes=0 pskip=0 nalus=1 n1:29104
  cu: inter64=0 inter32=0 inter16=0 inter8=0 intra32=0 intra16=0 intra8=0 intra4=0 reftype=0
  snapshot f038: 3 venc_ko blocks (pool0 0x73801000 len 0x10000)
src frame 39: srcf=19 off=21060 br=16000
frame 39: send=0x0 get=0x0 len=37457 coding=1 startqp=0 meanqp=0 picbytes=0 pskip=0 nalus=1 n1:37457
  cu: inter64=0 inter32=0 inter16=0 inter8=0 intra32=0 intra16=0 intra8=0 intra4=0 reftype=0
  snapshot f039: 3 venc_ko blocks (pool0 0x73801000 len 0x10000)
src frame 40: srcf=18 off=21600 br=16000
frame 40: send=0x0 get=0x0 len=31171 coding=1 startqp=0 meanqp=0 picbytes=0 pskip=0 nalus=1 n1:31171
  cu: inter64=0 inter32=0 inter16=0 inter8=0 intra32=0 intra16=0 intra8=0 intra4=0 reftype=0
  snapshot f040: 3 venc_ko blocks (pool0 0x73801000 len 0x10000)
src frame 41: srcf=17 off=22140 br=16000
frame 41: send=0x0 get=0x0 len=39079 coding=1 startqp=0 meanqp=0 picbytes=0 pskip=0 nalus=1 n1:39079
  cu: inter64=0 inter32=0 inter16=0 inter8=0 intra32=0 intra16=0 intra8=0 intra4=0 reftype=0
  snapshot f041: 3 venc_ko blocks (pool0 0x73801000 len 0x10000)
src frame 42: srcf=16 off=22680 br=16000
frame 42: send=0x0 get=0x0 len=33041 coding=1 startqp=0 meanqp=0 picbytes=0 pskip=0 nalus=1 n1:33041
  cu: inter64=0 inter32=0 inter16=0 inter8=0 intra32=0 intra16=0 intra8=0 intra4=0 reftype=0
  snapshot f042: 3 venc_ko blocks (pool0 0x73801000 len 0x10000)
src frame 43: srcf=15 off=23220 br=16000
frame 43: send=0x0 get=0x0 len=40944 coding=1 startqp=0 meanqp=0 picbytes=0 pskip=0 nalus=1 n1:40944
  cu: inter64=0 inter32=0 inter16=0 inter8=0 intra32=0 intra16=0 intra8=0 intra4=0 reftype=0
  snapshot f043: 3 venc_ko blocks (pool0 0x73801000 len 0x10000)
src frame 44: srcf=14 off=23760 br=16000
frame 44: send=0x0 get=0x0 len=34463 coding=1 startqp=0 meanqp=0 picbytes=0 pskip=0 nalus=1 n1:34463
  cu: inter64=0 inter32=0 inter16=0 inter8=0 intra32=0 intra16=0 intra8=0 intra4=0 reftype=0
  snapshot f044: 3 venc_ko blocks (pool0 0x73801000 len 0x10000)
src frame 45: srcf=13 off=24300 br=16000
frame 45: send=0x0 get=0x0 len=43439 coding=1 startqp=0 meanqp=0 picbytes=0 pskip=0 nalus=1 n1:43439
  cu: inter64=0 inter32=0 inter16=0 inter8=0 intra32=0 intra16=0 intra8=0 intra4=0 reftype=0
  snapshot f045: 3 venc_ko blocks (pool0 0x73801000 len 0x10000)
src frame 46: srcf=12 off=24840 br=16000
frame 46: send=0x0 get=0x0 len=34521 coding=1 startqp=0 meanqp=0 picbytes=0 pskip=0 nalus=1 n1:34521
  cu: inter64=0 inter32=0 inter16=0 inter8=0 intra32=0 intra16=0 intra8=0 intra4=0 reftype=0
  snapshot f046: 3 venc_ko blocks (pool0 0x73801000 len 0x10000)
src frame 47: srcf=11 off=25380 br=16000
frame 47: send=0x0 get=0x0 len=43050 coding=1 startqp=0 meanqp=0 picbytes=0 pskip=0 nalus=1 n1:43050
  cu: inter64=0 inter32=0 inter16=0 inter8=0 intra32=0 intra16=0 intra8=0 intra4=0 reftype=0
  snapshot f047: 3 venc_ko blocks (pool0 0x73801000 len 0x10000)
src frame 48: srcf=10 off=25920 br=16000
frame 48: send=0x0 get=0x0 len=34753 coding=1 startqp=0 meanqp=0 picbytes=0 pskip=0 nalus=1 n1:34753
  cu: inter64=0 inter32=0 inter16=0 inter8=0 intra32=0 intra16=0 intra8=0 intra4=0 reftype=0
  snapshot f048: 3 venc_ko blocks (pool0 0x73801000 len 0x10000)
src frame 49: srcf=9 off=26460 br=16000
frame 49: send=0x0 get=0x0 len=43198 coding=1 startqp=0 meanqp=0 picbytes=0 pskip=0 nalus=1 n1:43198
  cu: inter64=0 inter32=0 inter16=0 inter8=0 intra32=0 intra16=0 intra8=0 intra4=0 reftype=0
  snapshot f049: 3 venc_ko blocks (pool0 0x73801000 len 0x10000)
src frame 50: srcf=8 off=27000 br=16000
frame 50: send=0x0 get=0x0 len=34788 coding=1 startqp=0 meanqp=0 picbytes=0 pskip=0 nalus=1 n1:34788
  cu: inter64=0 inter32=0 inter16=0 inter8=0 intra32=0 intra16=0 intra8=0 intra4=0 reftype=0
  snapshot f050: 3 venc_ko blocks (pool0 0x73801000 len 0x10000)
src frame 51: srcf=7 off=27540 br=16000
frame 51: send=0x0 get=0x0 len=43096 coding=1 startqp=0 meanqp=0 picbytes=0 pskip=0 nalus=1 n1:43096
  cu: inter64=0 inter32=0 inter16=0 inter8=0 intra32=0 intra16=0 intra8=0 intra4=0 reftype=0
  snapshot f051: 3 venc_ko blocks (pool0 0x73801000 len 0x10000)
src frame 52: srcf=6 off=28080 br=16000
frame 52: send=0x0 get=0x0 len=34926 coding=1 startqp=0 meanqp=0 picbytes=0 pskip=0 nalus=1 n1:34926
  cu: inter64=0 inter32=0 inter16=0 inter8=0 intra32=0 intra16=0 intra8=0 intra4=0 reftype=0
  snapshot f052: 3 venc_ko blocks (pool0 0x73801000 len 0x10000)
src frame 53: srcf=5 off=28620 br=16000
frame 53: send=0x0 get=0x0 len=43057 coding=1 startqp=0 meanqp=0 picbytes=0 pskip=0 nalus=1 n1:43057
  cu: inter64=0 inter32=0 inter16=0 inter8=0 intra32=0 intra16=0 intra8=0 intra4=0 reftype=0
  snapshot f053: 3 venc_ko blocks (pool0 0x73801000 len 0x10000)
src frame 54: srcf=4 off=29160 br=16000
frame 54: send=0x0 get=0x0 len=34934 coding=1 startqp=0 meanqp=0 picbytes=0 pskip=0 nalus=1 n1:34934
  cu: inter64=0 inter32=0 inter16=0 inter8=0 intra32=0 intra16=0 intra8=0 intra4=0 reftype=0
  snapshot f054: 3 venc_ko blocks (pool0 0x73801000 len 0x10000)
src frame 55: srcf=3 off=29700 br=16000
frame 55: send=0x0 get=0x0 len=43170 coding=1 startqp=0 meanqp=0 picbytes=0 pskip=0 nalus=1 n1:43170
  cu: inter64=0 inter32=0 inter16=0 inter8=0 intra32=0 intra16=0 intra8=0 intra4=0 reftype=0
  snapshot f055: 3 venc_ko blocks (pool0 0x73801000 len 0x10000)
src frame 56: srcf=2 off=30240 br=16000
frame 56: send=0x0 get=0x0 len=35412 coding=1 startqp=0 meanqp=0 picbytes=0 pskip=0 nalus=1 n1:35412
  cu: inter64=0 inter32=0 inter16=0 inter8=0 intra32=0 intra16=0 intra8=0 intra4=0 reftype=0
  snapshot f056: 3 venc_ko blocks (pool0 0x73801000 len 0x10000)
src frame 57: srcf=1 off=30780 br=16000
frame 57: send=0x0 get=0x0 len=43221 coding=1 startqp=0 meanqp=0 picbytes=0 pskip=0 nalus=1 n1:43221
  cu: inter64=0 inter32=0 inter16=0 inter8=0 intra32=0 intra16=0 intra8=0 intra4=0 reftype=0
  snapshot f057: 3 venc_ko blocks (pool0 0x73801000 len 0x10000)
src frame 58: srcf=0 off=31320 br=16000
frame 58: send=0x0 get=0x0 len=36712 coding=1 startqp=0 meanqp=0 picbytes=0 pskip=0 nalus=1 n1:36712
  cu: inter64=0 inter32=0 inter16=0 inter8=0 intra32=0 intra16=0 intra8=0 intra4=0 reftype=0
  snapshot f058: 3 venc_ko blocks (pool0 0x73801000 len 0x10000)
src frame 59: srcf=1 off=31860 br=16000
frame 59: send=0x0 get=0x0 len=45742 coding=1 startqp=0 meanqp=0 picbytes=0 pskip=0 nalus=1 n1:45742
  cu: inter64=0 inter32=0 inter16=0 inter8=0 intra32=0 intra16=0 intra8=0 intra4=0 reftype=0
  snapshot f059: 3 venc_ko blocks (pool0 0x73801000 len 0x10000)
src frame 60: srcf=2 off=32400 br=16000
frame 60: send=0x0 get=0x0 len=36210 coding=0 startqp=0 meanqp=0 picbytes=0 pskip=0 nalus=4 n32:27 n33:53 n34:11 n19:36119
  cu: inter64=0 inter32=0 inter16=0 inter8=0 intra32=0 intra16=0 intra8=0 intra4=0 reftype=0
  snapshot f060: 3 venc_ko blocks (pool0 0x73801000 len 0x10000)
src frame 61: srcf=3 off=32940 br=16000
frame 61: send=0x0 get=0x0 len=24854 coding=1 startqp=0 meanqp=0 picbytes=0 pskip=0 nalus=1 n1:24854
  cu: inter64=0 inter32=0 inter16=0 inter8=0 intra32=0 intra16=0 intra8=0 intra4=0 reftype=0
  snapshot f061: 3 venc_ko blocks (pool0 0x73801000 len 0x10000)
src frame 62: srcf=4 off=33480 br=16000
frame 62: send=0x0 get=0x0 len=22922 coding=1 startqp=0 meanqp=0 picbytes=0 pskip=0 nalus=1 n1:22922
  cu: inter64=0 inter32=0 inter16=0 inter8=0 intra32=0 intra16=0 intra8=0 intra4=0 reftype=0
  snapshot f062: 3 venc_ko blocks (pool0 0x73801000 len 0x10000)
src frame 63: srcf=5 off=34020 br=16000
frame 63: send=0x0 get=0x0 len=30388 coding=1 startqp=0 meanqp=0 picbytes=0 pskip=0 nalus=1 n1:30388
  cu: inter64=0 inter32=0 inter16=0 inter8=0 intra32=0 intra16=0 intra8=0 intra4=0 reftype=0
  snapshot f063: 3 venc_ko blocks (pool0 0x73801000 len 0x10000)
src frame 64: srcf=6 off=34560 br=16000
frame 64: send=0x0 get=0x0 len=26874 coding=1 startqp=0 meanqp=0 picbytes=0 pskip=0 nalus=1 n1:26874
  cu: inter64=0 inter32=0 inter16=0 inter8=0 intra32=0 intra16=0 intra8=0 intra4=0 reftype=0
  snapshot f064: 3 venc_ko blocks (pool0 0x73801000 len 0x10000)
src frame 65: srcf=7 off=35100 br=16000
frame 65: send=0x0 get=0x0 len=32251 coding=1 startqp=0 meanqp=0 picbytes=0 pskip=0 nalus=1 n1:32251
  cu: inter64=0 inter32=0 inter16=0 inter8=0 intra32=0 intra16=0 intra8=0 intra4=0 reftype=0
  snapshot f065: 3 venc_ko blocks (pool0 0x73801000 len 0x10000)
src frame 66: srcf=8 off=35640 br=16000
frame 66: send=0x0 get=0x0 len=29223 coding=1 startqp=0 meanqp=0 picbytes=0 pskip=0 nalus=1 n1:29223
  cu: inter64=0 inter32=0 inter16=0 inter8=0 intra32=0 intra16=0 intra8=0 intra4=0 reftype=0
  snapshot f066: 3 venc_ko blocks (pool0 0x73801000 len 0x10000)
src frame 67: srcf=9 off=36180 br=16000
frame 67: send=0x0 get=0x0 len=37018 coding=1 startqp=0 meanqp=0 picbytes=0 pskip=0 nalus=1 n1:37018
  cu: inter64=0 inter32=0 inter16=0 inter8=0 intra32=0 intra16=0 intra8=0 intra4=0 reftype=0
  snapshot f067: 3 venc_ko blocks (pool0 0x73801000 len 0x10000)
src frame 68: srcf=10 off=36720 br=16000
frame 68: send=0x0 get=0x0 len=30674 coding=1 startqp=0 meanqp=0 picbytes=0 pskip=0 nalus=1 n1:30674
  cu: inter64=0 inter32=0 inter16=0 inter8=0 intra32=0 intra16=0 intra8=0 intra4=0 reftype=0
  snapshot f068: 3 venc_ko blocks (pool0 0x73801000 len 0x10000)
src frame 69: srcf=11 off=37260 br=16000
frame 69: send=0x0 get=0x0 len=38955 coding=1 startqp=0 meanqp=0 picbytes=0 pskip=0 nalus=1 n1:38955
  cu: inter64=0 inter32=0 inter16=0 inter8=0 intra32=0 intra16=0 intra8=0 intra4=0 reftype=0
  snapshot f069: 3 venc_ko blocks (pool0 0x73801000 len 0x10000)
src frame 70: srcf=12 off=37800 br=16000
frame 70: send=0x0 get=0x0 len=30633 coding=1 startqp=0 meanqp=0 picbytes=0 pskip=0 nalus=1 n1:30633
  cu: inter64=0 inter32=0 inter16=0 inter8=0 intra32=0 intra16=0 intra8=0 intra4=0 reftype=0
  snapshot f070: 3 venc_ko blocks (pool0 0x73801000 len 0x10000)
src frame 71: srcf=13 off=38340 br=16000
frame 71: send=0x0 get=0x0 len=38892 coding=1 startqp=0 meanqp=0 picbytes=0 pskip=0 nalus=1 n1:38892
  cu: inter64=0 inter32=0 inter16=0 inter8=0 intra32=0 intra16=0 intra8=0 intra4=0 reftype=0
  snapshot f071: 3 venc_ko blocks (pool0 0x73801000 len 0x10000)
src frame 72: srcf=14 off=38880 br=16000
frame 72: send=0x0 get=0x0 len=30346 coding=1 startqp=0 meanqp=0 picbytes=0 pskip=0 nalus=1 n1:30346
  cu: inter64=0 inter32=0 inter16=0 inter8=0 intra32=0 intra16=0 intra8=0 intra4=0 reftype=0
  snapshot f072: 3 venc_ko blocks (pool0 0x73801000 len 0x10000)
src frame 73: srcf=15 off=39420 br=16000
frame 73: send=0x0 get=0x0 len=38863 coding=1 startqp=0 meanqp=0 picbytes=0 pskip=0 nalus=1 n1:38863
  cu: inter64=0 inter32=0 inter16=0 inter8=0 intra32=0 intra16=0 intra8=0 intra4=0 reftype=0
  snapshot f073: 3 venc_ko blocks (pool0 0x73801000 len 0x10000)
src frame 74: srcf=16 off=39960 br=16000
frame 74: send=0x0 get=0x0 len=30308 coding=1 startqp=0 meanqp=0 picbytes=0 pskip=0 nalus=1 n1:30308
  cu: inter64=0 inter32=0 inter16=0 inter8=0 intra32=0 intra16=0 intra8=0 intra4=0 reftype=0
  snapshot f074: 3 venc_ko blocks (pool0 0x73801000 len 0x10000)
src frame 75: srcf=17 off=40500 br=16000
frame 75: send=0x0 get=0x0 len=38778 coding=1 startqp=0 meanqp=0 picbytes=0 pskip=0 nalus=1 n1:38778
  cu: inter64=0 inter32=0 inter16=0 inter8=0 intra32=0 intra16=0 intra8=0 intra4=0 reftype=0
  snapshot f075: 3 venc_ko blocks (pool0 0x73801000 len 0x10000)
src frame 76: srcf=18 off=41040 br=16000
frame 76: send=0x0 get=0x0 len=30485 coding=1 startqp=0 meanqp=0 picbytes=0 pskip=0 nalus=1 n1:30485
  cu: inter64=0 inter32=0 inter16=0 inter8=0 intra32=0 intra16=0 intra8=0 intra4=0 reftype=0
  snapshot f076: 3 venc_ko blocks (pool0 0x73801000 len 0x10000)
src frame 77: srcf=19 off=41580 br=16000
frame 77: send=0x0 get=0x0 len=38990 coding=1 startqp=0 meanqp=0 picbytes=0 pskip=0 nalus=1 n1:38990
  cu: inter64=0 inter32=0 inter16=0 inter8=0 intra32=0 intra16=0 intra8=0 intra4=0 reftype=0
  snapshot f077: 3 venc_ko blocks (pool0 0x73801000 len 0x10000)
src frame 78: srcf=20 off=42120 br=16000
frame 78: send=0x0 get=0x0 len=30314 coding=1 startqp=0 meanqp=0 picbytes=0 pskip=0 nalus=1 n1:30314
  cu: inter64=0 inter32=0 inter16=0 inter8=0 intra32=0 intra16=0 intra8=0 intra4=0 reftype=0
  snapshot f078: 3 venc_ko blocks (pool0 0x73801000 len 0x10000)
src frame 79: srcf=21 off=42660 br=16000
frame 79: send=0x0 get=0x0 len=38871 coding=1 startqp=0 meanqp=0 picbytes=0 pskip=0 nalus=1 n1:38871
  cu: inter64=0 inter32=0 inter16=0 inter8=0 intra32=0 intra16=0 intra8=0 intra4=0 reftype=0
  snapshot f079: 3 venc_ko blocks (pool0 0x73801000 len 0x10000)
src frame 80: srcf=22 off=43200 br=16000
frame 80: send=0x0 get=0x0 len=30766 coding=1 startqp=0 meanqp=0 picbytes=0 pskip=0 nalus=1 n1:30766
  cu: inter64=0 inter32=0 inter16=0 inter8=0 intra32=0 intra16=0 intra8=0 intra4=0 reftype=0
  snapshot f080: 3 venc_ko blocks (pool0 0x73801000 len 0x10000)
src frame 81: srcf=23 off=43740 br=16000
frame 81: send=0x0 get=0x0 len=38976 coding=1 startqp=0 meanqp=0 picbytes=0 pskip=0 nalus=1 n1:38976
  cu: inter64=0 inter32=0 inter16=0 inter8=0 intra32=0 intra16=0 intra8=0 intra4=0 reftype=0
  snapshot f081: 3 venc_ko blocks (pool0 0x73801000 len 0x10000)
src frame 82: srcf=24 off=44280 br=16000
frame 82: send=0x0 get=0x0 len=30725 coding=1 startqp=0 meanqp=0 picbytes=0 pskip=0 nalus=1 n1:30725
  cu: inter64=0 inter32=0 inter16=0 inter8=0 intra32=0 intra16=0 intra8=0 intra4=0 reftype=0
  snapshot f082: 3 venc_ko blocks (pool0 0x73801000 len 0x10000)
src frame 83: srcf=25 off=44820 br=16000
frame 83: send=0x0 get=0x0 len=38827 coding=1 startqp=0 meanqp=0 picbytes=0 pskip=0 nalus=1 n1:38827
  cu: inter64=0 inter32=0 inter16=0 inter8=0 intra32=0 intra16=0 intra8=0 intra4=0 reftype=0
  snapshot f083: 3 venc_ko blocks (pool0 0x73801000 len 0x10000)
src frame 84: srcf=26 off=45360 br=16000
frame 84: send=0x0 get=0x0 len=30593 coding=1 startqp=0 meanqp=0 picbytes=0 pskip=0 nalus=1 n1:30593
  cu: inter64=0 inter32=0 inter16=0 inter8=0 intra32=0 intra16=0 intra8=0 intra4=0 reftype=0
  snapshot f084: 3 venc_ko blocks (pool0 0x73801000 len 0x10000)
src frame 85: srcf=27 off=45900 br=16000
frame 85: send=0x0 get=0x0 len=38793 coding=1 startqp=0 meanqp=0 picbytes=0 pskip=0 nalus=1 n1:38793
  cu: inter64=0 inter32=0 inter16=0 inter8=0 intra32=0 intra16=0 intra8=0 intra4=0 reftype=0
  snapshot f085: 3 venc_ko blocks (pool0 0x73801000 len 0x10000)
src frame 86: srcf=28 off=46440 br=16000
frame 86: send=0x0 get=0x0 len=30260 coding=1 startqp=0 meanqp=0 picbytes=0 pskip=0 nalus=1 n1:30260
  cu: inter64=0 inter32=0 inter16=0 inter8=0 intra32=0 intra16=0 intra8=0 intra4=0 reftype=0
  snapshot f086: 3 venc_ko blocks (pool0 0x73801000 len 0x10000)
src frame 87: srcf=29 off=46980 br=16000
frame 87: send=0x0 get=0x0 len=38903 coding=1 startqp=0 meanqp=0 picbytes=0 pskip=0 nalus=1 n1:38903
  cu: inter64=0 inter32=0 inter16=0 inter8=0 intra32=0 intra16=0 intra8=0 intra4=0 reftype=0
  snapshot f087: 3 venc_ko blocks (pool0 0x73801000 len 0x10000)
src frame 88: srcf=28 off=47520 br=16000
frame 88: send=0x0 get=0x0 len=30227 coding=1 startqp=0 meanqp=0 picbytes=0 pskip=0 nalus=1 n1:30227
  cu: inter64=0 inter32=0 inter16=0 inter8=0 intra32=0 intra16=0 intra8=0 intra4=0 reftype=0
  snapshot f088: 3 venc_ko blocks (pool0 0x73801000 len 0x10000)
src frame 89: srcf=27 off=48060 br=16000
frame 89: send=0x0 get=0x0 len=38829 coding=1 startqp=0 meanqp=0 picbytes=0 pskip=0 nalus=1 n1:38829
  cu: inter64=0 inter32=0 inter16=0 inter8=0 intra32=0 intra16=0 intra8=0 intra4=0 reftype=0
  snapshot f089: 3 venc_ko blocks (pool0 0x73801000 len 0x10000)
src frame 90: srcf=26 off=48600 br=16000
frame 90: send=0x0 get=0x0 len=41765 coding=0 startqp=0 meanqp=0 picbytes=0 pskip=0 nalus=4 n32:27 n33:53 n34:11 n19:41674
  cu: inter64=0 inter32=0 inter16=0 inter8=0 intra32=0 intra16=0 intra8=0 intra4=0 reftype=0
  snapshot f090: 3 venc_ko blocks (pool0 0x73801000 len 0x10000)
src frame 91: srcf=25 off=49140 br=16000
frame 91: send=0x0 get=0x0 len=30511 coding=1 startqp=0 meanqp=0 picbytes=0 pskip=0 nalus=1 n1:30511
  cu: inter64=0 inter32=0 inter16=0 inter8=0 intra32=0 intra16=0 intra8=0 intra4=0 reftype=0
  snapshot f091: 3 venc_ko blocks (pool0 0x73801000 len 0x10000)
src frame 92: srcf=24 off=49680 br=16000
frame 92: send=0x0 get=0x0 len=29127 coding=1 startqp=0 meanqp=0 picbytes=0 pskip=0 nalus=1 n1:29127
  cu: inter64=0 inter32=0 inter16=0 inter8=0 intra32=0 intra16=0 intra8=0 intra4=0 reftype=0
  snapshot f092: 3 venc_ko blocks (pool0 0x73801000 len 0x10000)
src frame 93: srcf=23 off=50220 br=16000
frame 93: send=0x0 get=0x0 len=34883 coding=1 startqp=0 meanqp=0 picbytes=0 pskip=0 nalus=1 n1:34883
  cu: inter64=0 inter32=0 inter16=0 inter8=0 intra32=0 intra16=0 intra8=0 intra4=0 reftype=0
  snapshot f093: 3 venc_ko blocks (pool0 0x73801000 len 0x10000)
src frame 94: srcf=22 off=50760 br=16000
frame 94: send=0x0 get=0x0 len=29109 coding=1 startqp=0 meanqp=0 picbytes=0 pskip=0 nalus=1 n1:29109
  cu: inter64=0 inter32=0 inter16=0 inter8=0 intra32=0 intra16=0 intra8=0 intra4=0 reftype=0
  snapshot f094: 3 venc_ko blocks (pool0 0x73801000 len 0x10000)
src frame 95: srcf=21 off=51300 br=16000
frame 95: send=0x0 get=0x0 len=36921 coding=1 startqp=0 meanqp=0 picbytes=0 pskip=0 nalus=1 n1:36921
  cu: inter64=0 inter32=0 inter16=0 inter8=0 intra32=0 intra16=0 intra8=0 intra4=0 reftype=0
  snapshot f095: 3 venc_ko blocks (pool0 0x73801000 len 0x10000)
src frame 96: srcf=20 off=51840 br=16000
frame 96: send=0x0 get=0x0 len=30149 coding=1 startqp=0 meanqp=0 picbytes=0 pskip=0 nalus=1 n1:30149
  cu: inter64=0 inter32=0 inter16=0 inter8=0 intra32=0 intra16=0 intra8=0 intra4=0 reftype=0
  snapshot f096: 3 venc_ko blocks (pool0 0x73801000 len 0x10000)
src frame 97: srcf=19 off=52380 br=16000
frame 97: send=0x0 get=0x0 len=38807 coding=1 startqp=0 meanqp=0 picbytes=0 pskip=0 nalus=1 n1:38807
  cu: inter64=0 inter32=0 inter16=0 inter8=0 intra32=0 intra16=0 intra8=0 intra4=0 reftype=0
  snapshot f097: 3 venc_ko blocks (pool0 0x73801000 len 0x10000)
src frame 98: srcf=18 off=52920 br=16000
frame 98: send=0x0 get=0x0 len=30587 coding=1 startqp=0 meanqp=0 picbytes=0 pskip=0 nalus=1 n1:30587
  cu: inter64=0 inter32=0 inter16=0 inter8=0 intra32=0 intra16=0 intra8=0 intra4=0 reftype=0
  snapshot f098: 3 venc_ko blocks (pool0 0x73801000 len 0x10000)
src frame 99: srcf=17 off=53460 br=16000
frame 99: send=0x0 get=0x0 len=38911 coding=1 startqp=0 meanqp=0 picbytes=0 pskip=0 nalus=1 n1:38911
  cu: inter64=0 inter32=0 inter16=0 inter8=0 intra32=0 intra16=0 intra8=0 intra4=0 reftype=0
  snapshot f099: 3 venc_ko blocks (pool0 0x73801000 len 0x10000)
src frame 100: srcf=16 off=54000 br=16000
frame 100: send=0x0 get=0x0 len=30890 coding=1 startqp=0 meanqp=0 picbytes=0 pskip=0 nalus=1 n1:30890
  cu: inter64=0 inter32=0 inter16=0 inter8=0 intra32=0 intra16=0 intra8=0 intra4=0 reftype=0
  snapshot f100: 3 venc_ko blocks (pool0 0x73801000 len 0x10000)
src frame 101: srcf=15 off=54540 br=16000
frame 101: send=0x0 get=0x0 len=38797 coding=1 startqp=0 meanqp=0 picbytes=0 pskip=0 nalus=1 n1:38797
  cu: inter64=0 inter32=0 inter16=0 inter8=0 intra32=0 intra16=0 intra8=0 intra4=0 reftype=0
  snapshot f101: 3 venc_ko blocks (pool0 0x73801000 len 0x10000)
src frame 102: srcf=14 off=55080 br=16000
frame 102: send=0x0 get=0x0 len=30645 coding=1 startqp=0 meanqp=0 picbytes=0 pskip=0 nalus=1 n1:30645
  cu: inter64=0 inter32=0 inter16=0 inter8=0 intra32=0 intra16=0 intra8=0 intra4=0 reftype=0
  snapshot f102: 3 venc_ko blocks (pool0 0x73801000 len 0x10000)
src frame 103: srcf=13 off=55620 br=16000
frame 103: send=0x0 get=0x0 len=38741 coding=1 startqp=0 meanqp=0 picbytes=0 pskip=0 nalus=1 n1:38741
  cu: inter64=0 inter32=0 inter16=0 inter8=0 intra32=0 intra16=0 intra8=0 intra4=0 reftype=0
  snapshot f103: 3 venc_ko blocks (pool0 0x73801000 len 0x10000)
src frame 104: srcf=12 off=56160 br=16000
frame 104: send=0x0 get=0x0 len=30421 coding=1 startqp=0 meanqp=0 picbytes=0 pskip=0 nalus=1 n1:30421
  cu: inter64=0 inter32=0 inter16=0 inter8=0 intra32=0 intra16=0 intra8=0 intra4=0 reftype=0
  snapshot f104: 3 venc_ko blocks (pool0 0x73801000 len 0x10000)
src frame 105: srcf=11 off=56700 br=16000
frame 105: send=0x0 get=0x0 len=38952 coding=1 startqp=0 meanqp=0 picbytes=0 pskip=0 nalus=1 n1:38952
  cu: inter64=0 inter32=0 inter16=0 inter8=0 intra32=0 intra16=0 intra8=0 intra4=0 reftype=0
  snapshot f105: 3 venc_ko blocks (pool0 0x73801000 len 0x10000)
src frame 106: srcf=10 off=57240 br=16000
frame 106: send=0x0 get=0x0 len=30715 coding=1 startqp=0 meanqp=0 picbytes=0 pskip=0 nalus=1 n1:30715
  cu: inter64=0 inter32=0 inter16=0 inter8=0 intra32=0 intra16=0 intra8=0 intra4=0 reftype=0
  snapshot f106: 3 venc_ko blocks (pool0 0x73801000 len 0x10000)
src frame 107: srcf=9 off=57780 br=16000
frame 107: send=0x0 get=0x0 len=38898 coding=1 startqp=0 meanqp=0 picbytes=0 pskip=0 nalus=1 n1:38898
  cu: inter64=0 inter32=0 inter16=0 inter8=0 intra32=0 intra16=0 intra8=0 intra4=0 reftype=0
  snapshot f107: 3 venc_ko blocks (pool0 0x73801000 len 0x10000)
src frame 108: srcf=8 off=58320 br=16000
frame 108: send=0x0 get=0x0 len=30752 coding=1 startqp=0 meanqp=0 picbytes=0 pskip=0 nalus=1 n1:30752
  cu: inter64=0 inter32=0 inter16=0 inter8=0 intra32=0 intra16=0 intra8=0 intra4=0 reftype=0
  snapshot f108: 3 venc_ko blocks (pool0 0x73801000 len 0x10000)
src frame 109: srcf=7 off=58860 br=16000
frame 109: send=0x0 get=0x0 len=38936 coding=1 startqp=0 meanqp=0 picbytes=0 pskip=0 nalus=1 n1:38936
  cu: inter64=0 inter32=0 inter16=0 inter8=0 intra32=0 intra16=0 intra8=0 intra4=0 reftype=0
  snapshot f109: 3 venc_ko blocks (pool0 0x73801000 len 0x10000)
src frame 110: srcf=6 off=59400 br=16000
frame 110: send=0x0 get=0x0 len=30655 coding=1 startqp=0 meanqp=0 picbytes=0 pskip=0 nalus=1 n1:30655
  cu: inter64=0 inter32=0 inter16=0 inter8=0 intra32=0 intra16=0 intra8=0 intra4=0 reftype=0
  snapshot f110: 3 venc_ko blocks (pool0 0x73801000 len 0x10000)
src frame 111: srcf=5 off=59940 br=16000
frame 111: send=0x0 get=0x0 len=38847 coding=1 startqp=0 meanqp=0 picbytes=0 pskip=0 nalus=1 n1:38847
  cu: inter64=0 inter32=0 inter16=0 inter8=0 intra32=0 intra16=0 intra8=0 intra4=0 reftype=0
  snapshot f111: 3 venc_ko blocks (pool0 0x73801000 len 0x10000)
src frame 112: srcf=4 off=60480 br=16000
frame 112: send=0x0 get=0x0 len=30641 coding=1 startqp=0 meanqp=0 picbytes=0 pskip=0 nalus=1 n1:30641
  cu: inter64=0 inter32=0 inter16=0 inter8=0 intra32=0 intra16=0 intra8=0 intra4=0 reftype=0
  snapshot f112: 3 venc_ko blocks (pool0 0x73801000 len 0x10000)
src frame 113: srcf=3 off=61020 br=16000
frame 113: send=0x0 get=0x0 len=38977 coding=1 startqp=0 meanqp=0 picbytes=0 pskip=0 nalus=1 n1:38977
  cu: inter64=0 inter32=0 inter16=0 inter8=0 intra32=0 intra16=0 intra8=0 intra4=0 reftype=0
  snapshot f113: 3 venc_ko blocks (pool0 0x73801000 len 0x10000)
src frame 114: srcf=2 off=61560 br=16000
frame 114: send=0x0 get=0x0 len=30676 coding=1 startqp=0 meanqp=0 picbytes=0 pskip=0 nalus=1 n1:30676
  cu: inter64=0 inter32=0 inter16=0 inter8=0 intra32=0 intra16=0 intra8=0 intra4=0 reftype=0
  snapshot f114: 3 venc_ko blocks (pool0 0x73801000 len 0x10000)
src frame 115: srcf=1 off=62100 br=16000
frame 115: send=0x0 get=0x0 len=38891 coding=1 startqp=0 meanqp=0 picbytes=0 pskip=0 nalus=1 n1:38891
  cu: inter64=0 inter32=0 inter16=0 inter8=0 intra32=0 intra16=0 intra8=0 intra4=0 reftype=0
  snapshot f115: 3 venc_ko blocks (pool0 0x73801000 len 0x10000)
src frame 116: srcf=0 off=62640 br=16000
frame 116: send=0x0 get=0x0 len=30566 coding=1 startqp=0 meanqp=0 picbytes=0 pskip=0 nalus=1 n1:30566
  cu: inter64=0 inter32=0 inter16=0 inter8=0 intra32=0 intra16=0 intra8=0 intra4=0 reftype=0
  snapshot f116: 3 venc_ko blocks (pool0 0x73801000 len 0x10000)
src frame 117: srcf=1 off=63180 br=16000
frame 117: send=0x0 get=0x0 len=38837 coding=1 startqp=0 meanqp=0 picbytes=0 pskip=0 nalus=1 n1:38837
  cu: inter64=0 inter32=0 inter16=0 inter8=0 intra32=0 intra16=0 intra8=0 intra4=0 reftype=0
  snapshot f117: 3 venc_ko blocks (pool0 0x73801000 len 0x10000)
src frame 118: srcf=2 off=63720 br=16000
frame 118: send=0x0 get=0x0 len=31011 coding=1 startqp=0 meanqp=0 picbytes=0 pskip=0 nalus=1 n1:31011
  cu: inter64=0 inter32=0 inter16=0 inter8=0 intra32=0 intra16=0 intra8=0 intra4=0 reftype=0
  snapshot f118: 3 venc_ko blocks (pool0 0x73801000 len 0x10000)
src frame 119: srcf=3 off=64260 br=16000
frame 119: send=0x0 get=0x0 len=39136 coding=1 startqp=0 meanqp=0 picbytes=0 pskip=0 nalus=1 n1:39136
  cu: inter64=0 inter32=0 inter16=0 inter8=0 intra32=0 intra16=0 intra8=0 intra4=0 reftype=0
  snapshot f119: 3 venc_ko blocks (pool0 0x73801000 len 0x10000)
src frame 120: srcf=4 off=64800 br=16000
frame 120: send=0x0 get=0x0 len=46042 coding=0 startqp=0 meanqp=0 picbytes=0 pskip=0 nalus=4 n32:27 n33:53 n34:11 n19:45951
  cu: inter64=0 inter32=0 inter16=0 inter8=0 intra32=0 intra16=0 intra8=0 intra4=0 reftype=0
  snapshot f120: 3 venc_ko blocks (pool0 0x73801000 len 0x10000)
src frame 121: srcf=5 off=65340 br=16000
frame 121: send=0x0 get=0x0 len=34284 coding=1 startqp=0 meanqp=0 picbytes=0 pskip=0 nalus=1 n1:34284
  cu: inter64=0 inter32=0 inter16=0 inter8=0 intra32=0 intra16=0 intra8=0 intra4=0 reftype=0
  snapshot f121: 3 venc_ko blocks (pool0 0x73801000 len 0x10000)
src frame 122: srcf=6 off=65880 br=16000
frame 122: send=0x0 get=0x0 len=26860 coding=1 startqp=0 meanqp=0 picbytes=0 pskip=0 nalus=1 n1:26860
  cu: inter64=0 inter32=0 inter16=0 inter8=0 intra32=0 intra16=0 intra8=0 intra4=0 reftype=0
  snapshot f122: 3 venc_ko blocks (pool0 0x73801000 len 0x10000)
src frame 123: srcf=7 off=66420 br=16000
frame 123: send=0x0 get=0x0 len=34984 coding=1 startqp=0 meanqp=0 picbytes=0 pskip=0 nalus=1 n1:34984
  cu: inter64=0 inter32=0 inter16=0 inter8=0 intra32=0 intra16=0 intra8=0 intra4=0 reftype=0
  snapshot f123: 3 venc_ko blocks (pool0 0x73801000 len 0x10000)
src frame 124: srcf=8 off=66960 br=16000
frame 124: send=0x0 get=0x0 len=28708 coding=1 startqp=0 meanqp=0 picbytes=0 pskip=0 nalus=1 n1:28708
  cu: inter64=0 inter32=0 inter16=0 inter8=0 intra32=0 intra16=0 intra8=0 intra4=0 reftype=0
  snapshot f124: 3 venc_ko blocks (pool0 0x73801000 len 0x10000)
src frame 125: srcf=9 off=67500 br=16000
frame 125: send=0x0 get=0x0 len=36881 coding=1 startqp=0 meanqp=0 picbytes=0 pskip=0 nalus=1 n1:36881
  cu: inter64=0 inter32=0 inter16=0 inter8=0 intra32=0 intra16=0 intra8=0 intra4=0 reftype=0
  snapshot f125: 3 venc_ko blocks (pool0 0x73801000 len 0x10000)
src frame 126: srcf=10 off=68040 br=16000
frame 126: send=0x0 get=0x0 len=28430 coding=1 startqp=0 meanqp=0 picbytes=0 pskip=0 nalus=1 n1:28430
  cu: inter64=0 inter32=0 inter16=0 inter8=0 intra32=0 intra16=0 intra8=0 intra4=0 reftype=0
  snapshot f126: 3 venc_ko blocks (pool0 0x73801000 len 0x10000)
src frame 127: srcf=11 off=68580 br=16000
frame 127: send=0x0 get=0x0 len=37440 coding=1 startqp=0 meanqp=0 picbytes=0 pskip=0 nalus=1 n1:37440
  cu: inter64=0 inter32=0 inter16=0 inter8=0 intra32=0 intra16=0 intra8=0 intra4=0 reftype=0
  snapshot f127: 3 venc_ko blocks (pool0 0x73801000 len 0x10000)
src frame 128: srcf=12 off=69120 br=16000
frame 128: send=0x0 get=0x0 len=28447 coding=1 startqp=0 meanqp=0 picbytes=0 pskip=0 nalus=1 n1:28447
  cu: inter64=0 inter32=0 inter16=0 inter8=0 intra32=0 intra16=0 intra8=0 intra4=0 reftype=0
  snapshot f128: 3 venc_ko blocks (pool0 0x73801000 len 0x10000)
src frame 129: srcf=13 off=69660 br=16000
frame 129: send=0x0 get=0x0 len=37175 coding=1 startqp=0 meanqp=0 picbytes=0 pskip=0 nalus=1 n1:37175
  cu: inter64=0 inter32=0 inter16=0 inter8=0 intra32=0 intra16=0 intra8=0 intra4=0 reftype=0
  snapshot f129: 3 venc_ko blocks (pool0 0x73801000 len 0x10000)
src frame 130: srcf=14 off=70200 br=16000
frame 130: send=0x0 get=0x0 len=28533 coding=1 startqp=0 meanqp=0 picbytes=0 pskip=0 nalus=1 n1:28533
  cu: inter64=0 inter32=0 inter16=0 inter8=0 intra32=0 intra16=0 intra8=0 intra4=0 reftype=0
  snapshot f130: 3 venc_ko blocks (pool0 0x73801000 len 0x10000)
src frame 131: srcf=15 off=70740 br=16000
frame 131: send=0x0 get=0x0 len=37491 coding=1 startqp=0 meanqp=0 picbytes=0 pskip=0 nalus=1 n1:37491
  cu: inter64=0 inter32=0 inter16=0 inter8=0 intra32=0 intra16=0 intra8=0 intra4=0 reftype=0
  snapshot f131: 3 venc_ko blocks (pool0 0x73801000 len 0x10000)
src frame 132: srcf=16 off=71280 br=16000
frame 132: send=0x0 get=0x0 len=28503 coding=1 startqp=0 meanqp=0 picbytes=0 pskip=0 nalus=1 n1:28503
  cu: inter64=0 inter32=0 inter16=0 inter8=0 intra32=0 intra16=0 intra8=0 intra4=0 reftype=0
  snapshot f132: 3 venc_ko blocks (pool0 0x73801000 len 0x10000)
src frame 133: srcf=17 off=71820 br=16000
frame 133: send=0x0 get=0x0 len=37416 coding=1 startqp=0 meanqp=0 picbytes=0 pskip=0 nalus=1 n1:37416
  cu: inter64=0 inter32=0 inter16=0 inter8=0 intra32=0 intra16=0 intra8=0 intra4=0 reftype=0
  snapshot f133: 3 venc_ko blocks (pool0 0x73801000 len 0x10000)
src frame 134: srcf=18 off=72360 br=16000
frame 134: send=0x0 get=0x0 len=28236 coding=1 startqp=0 meanqp=0 picbytes=0 pskip=0 nalus=1 n1:28236
  cu: inter64=0 inter32=0 inter16=0 inter8=0 intra32=0 intra16=0 intra8=0 intra4=0 reftype=0
  snapshot f134: 3 venc_ko blocks (pool0 0x73801000 len 0x10000)
src frame 135: srcf=19 off=72900 br=16000
frame 135: send=0x0 get=0x0 len=37206 coding=1 startqp=0 meanqp=0 picbytes=0 pskip=0 nalus=1 n1:37206
  cu: inter64=0 inter32=0 inter16=0 inter8=0 intra32=0 intra16=0 intra8=0 intra4=0 reftype=0
  snapshot f135: 3 venc_ko blocks (pool0 0x73801000 len 0x10000)
src frame 136: srcf=20 off=73440 br=16000
frame 136: send=0x0 get=0x0 len=28358 coding=1 startqp=0 meanqp=0 picbytes=0 pskip=0 nalus=1 n1:28358
  cu: inter64=0 inter32=0 inter16=0 inter8=0 intra32=0 intra16=0 intra8=0 intra4=0 reftype=0
  snapshot f136: 3 venc_ko blocks (pool0 0x73801000 len 0x10000)
src frame 137: srcf=21 off=73980 br=16000
frame 137: send=0x0 get=0x0 len=37395 coding=1 startqp=0 meanqp=0 picbytes=0 pskip=0 nalus=1 n1:37395
  cu: inter64=0 inter32=0 inter16=0 inter8=0 intra32=0 intra16=0 intra8=0 intra4=0 reftype=0
  snapshot f137: 3 venc_ko blocks (pool0 0x73801000 len 0x10000)
src frame 138: srcf=22 off=74520 br=16000
frame 138: send=0x0 get=0x0 len=28674 coding=1 startqp=0 meanqp=0 picbytes=0 pskip=0 nalus=1 n1:28674
  cu: inter64=0 inter32=0 inter16=0 inter8=0 intra32=0 intra16=0 intra8=0 intra4=0 reftype=0
  snapshot f138: 3 venc_ko blocks (pool0 0x73801000 len 0x10000)
src frame 139: srcf=23 off=75060 br=16000
frame 139: send=0x0 get=0x0 len=37105 coding=1 startqp=0 meanqp=0 picbytes=0 pskip=0 nalus=1 n1:37105
  cu: inter64=0 inter32=0 inter16=0 inter8=0 intra32=0 intra16=0 intra8=0 intra4=0 reftype=0
  snapshot f139: 3 venc_ko blocks (pool0 0x73801000 len 0x10000)
src frame 140: srcf=24 off=75600 br=16000
frame 140: send=0x0 get=0x0 len=28570 coding=1 startqp=0 meanqp=0 picbytes=0 pskip=0 nalus=1 n1:28570
  cu: inter64=0 inter32=0 inter16=0 inter8=0 intra32=0 intra16=0 intra8=0 intra4=0 reftype=0
  snapshot f140: 3 venc_ko blocks (pool0 0x73801000 len 0x10000)
src frame 141: srcf=25 off=76140 br=16000
frame 141: send=0x0 get=0x0 len=37323 coding=1 startqp=0 meanqp=0 picbytes=0 pskip=0 nalus=1 n1:37323
  cu: inter64=0 inter32=0 inter16=0 inter8=0 intra32=0 intra16=0 intra8=0 intra4=0 reftype=0
  snapshot f141: 3 venc_ko blocks (pool0 0x73801000 len 0x10000)
src frame 142: srcf=26 off=76680 br=16000
frame 142: send=0x0 get=0x0 len=28448 coding=1 startqp=0 meanqp=0 picbytes=0 pskip=0 nalus=1 n1:28448
  cu: inter64=0 inter32=0 inter16=0 inter8=0 intra32=0 intra16=0 intra8=0 intra4=0 reftype=0
  snapshot f142: 3 venc_ko blocks (pool0 0x73801000 len 0x10000)
src frame 143: srcf=27 off=77220 br=16000
frame 143: send=0x0 get=0x0 len=37246 coding=1 startqp=0 meanqp=0 picbytes=0 pskip=0 nalus=1 n1:37246
  cu: inter64=0 inter32=0 inter16=0 inter8=0 intra32=0 intra16=0 intra8=0 intra4=0 reftype=0
  snapshot f143: 3 venc_ko blocks (pool0 0x73801000 len 0x10000)
src frame 144: srcf=28 off=77760 br=16000
frame 144: send=0x0 get=0x0 len=30025 coding=1 startqp=0 meanqp=0 picbytes=0 pskip=0 nalus=1 n1:30025
  cu: inter64=0 inter32=0 inter16=0 inter8=0 intra32=0 intra16=0 intra8=0 intra4=0 reftype=0
  snapshot f144: 3 venc_ko blocks (pool0 0x73801000 len 0x10000)
src frame 145: srcf=29 off=78300 br=16000
frame 145: send=0x0 get=0x0 len=38998 coding=1 startqp=0 meanqp=0 picbytes=0 pskip=0 nalus=1 n1:38998
  cu: inter64=0 inter32=0 inter16=0 inter8=0 intra32=0 intra16=0 intra8=0 intra4=0 reftype=0
  snapshot f145: 3 venc_ko blocks (pool0 0x73801000 len 0x10000)
src frame 146: srcf=28 off=78840 br=16000
frame 146: send=0x0 get=0x0 len=30800 coding=1 startqp=0 meanqp=0 picbytes=0 pskip=0 nalus=1 n1:30800
  cu: inter64=0 inter32=0 inter16=0 inter8=0 intra32=0 intra16=0 intra8=0 intra4=0 reftype=0
  snapshot f146: 3 venc_ko blocks (pool0 0x73801000 len 0x10000)
src frame 147: srcf=27 off=79380 br=16000
frame 147: send=0x0 get=0x0 len=38957 coding=1 startqp=0 meanqp=0 picbytes=0 pskip=0 nalus=1 n1:38957
  cu: inter64=0 inter32=0 inter16=0 inter8=0 intra32=0 intra16=0 intra8=0 intra4=0 reftype=0
  snapshot f147: 3 venc_ko blocks (pool0 0x73801000 len 0x10000)
src frame 148: srcf=26 off=79920 br=16000
frame 148: send=0x0 get=0x0 len=30483 coding=1 startqp=0 meanqp=0 picbytes=0 pskip=0 nalus=1 n1:30483
  cu: inter64=0 inter32=0 inter16=0 inter8=0 intra32=0 intra16=0 intra8=0 intra4=0 reftype=0
  snapshot f148: 3 venc_ko blocks (pool0 0x73801000 len 0x10000)
src frame 149: srcf=25 off=80460 br=16000
frame 149: send=0x0 get=0x0 len=38932 coding=1 startqp=0 meanqp=0 picbytes=0 pskip=0 nalus=1 n1:38932
  cu: inter64=0 inter32=0 inter16=0 inter8=0 intra32=0 intra16=0 intra8=0 intra4=0 reftype=0
  snapshot f149: 3 venc_ko blocks (pool0 0x73801000 len 0x10000)
src frame 150: srcf=24 off=81000 br=16000
frame 150: send=0x0 get=0x0 len=50478 coding=0 startqp=0 meanqp=0 picbytes=0 pskip=0 nalus=4 n32:27 n33:53 n34:11 n19:50387
  cu: inter64=0 inter32=0 inter16=0 inter8=0 intra32=0 intra16=0 intra8=0 intra4=0 reftype=0
  snapshot f150: 3 venc_ko blocks (pool0 0x73801000 len 0x10000)
src frame 151: srcf=23 off=81540 br=16000
frame 151: send=0x0 get=0x0 len=38753 coding=1 startqp=0 meanqp=0 picbytes=0 pskip=0 nalus=1 n1:38753
  cu: inter64=0 inter32=0 inter16=0 inter8=0 intra32=0 intra16=0 intra8=0 intra4=0 reftype=0
  snapshot f151: 3 venc_ko blocks (pool0 0x73801000 len 0x10000)
src frame 152: srcf=22 off=82080 br=16000
frame 152: send=0x0 get=0x0 len=30439 coding=1 startqp=0 meanqp=0 picbytes=0 pskip=0 nalus=1 n1:30439
  cu: inter64=0 inter32=0 inter16=0 inter8=0 intra32=0 intra16=0 intra8=0 intra4=0 reftype=0
  snapshot f152: 3 venc_ko blocks (pool0 0x73801000 len 0x10000)
src frame 153: srcf=21 off=82620 br=16000
frame 153: send=0x0 get=0x0 len=38861 coding=1 startqp=0 meanqp=0 picbytes=0 pskip=0 nalus=1 n1:38861
  cu: inter64=0 inter32=0 inter16=0 inter8=0 intra32=0 intra16=0 intra8=0 intra4=0 reftype=0
  snapshot f153: 3 venc_ko blocks (pool0 0x73801000 len 0x10000)
src frame 154: srcf=20 off=83160 br=16000
frame 154: send=0x0 get=0x0 len=30416 coding=1 startqp=0 meanqp=0 picbytes=0 pskip=0 nalus=1 n1:30416
  cu: inter64=0 inter32=0 inter16=0 inter8=0 intra32=0 intra16=0 intra8=0 intra4=0 reftype=0
  snapshot f154: 3 venc_ko blocks (pool0 0x73801000 len 0x10000)
src frame 155: srcf=19 off=83700 br=16000
frame 155: send=0x0 get=0x0 len=38844 coding=1 startqp=0 meanqp=0 picbytes=0 pskip=0 nalus=1 n1:38844
  cu: inter64=0 inter32=0 inter16=0 inter8=0 intra32=0 intra16=0 intra8=0 intra4=0 reftype=0
  snapshot f155: 3 venc_ko blocks (pool0 0x73801000 len 0x10000)
src frame 156: srcf=18 off=84240 br=16000
frame 156: send=0x0 get=0x0 len=30563 coding=1 startqp=0 meanqp=0 picbytes=0 pskip=0 nalus=1 n1:30563
  cu: inter64=0 inter32=0 inter16=0 inter8=0 intra32=0 intra16=0 intra8=0 intra4=0 reftype=0
  snapshot f156: 3 venc_ko blocks (pool0 0x73801000 len 0x10000)
src frame 157: srcf=17 off=84780 br=16000
frame 157: send=0x0 get=0x0 len=37697 coding=1 startqp=0 meanqp=0 picbytes=0 pskip=0 nalus=1 n1:37697
  cu: inter64=0 inter32=0 inter16=0 inter8=0 intra32=0 intra16=0 intra8=0 intra4=0 reftype=0
  snapshot f157: 3 venc_ko blocks (pool0 0x73801000 len 0x10000)
src frame 158: srcf=16 off=85320 br=16000
frame 158: send=0x0 get=0x0 len=30165 coding=1 startqp=0 meanqp=0 picbytes=0 pskip=0 nalus=1 n1:30165
  cu: inter64=0 inter32=0 inter16=0 inter8=0 intra32=0 intra16=0 intra8=0 intra4=0 reftype=0
  snapshot f158: 3 venc_ko blocks (pool0 0x73801000 len 0x10000)
src frame 159: srcf=15 off=85860 br=16000
frame 159: send=0x0 get=0x0 len=38903 coding=1 startqp=0 meanqp=0 picbytes=0 pskip=0 nalus=1 n1:38903
  cu: inter64=0 inter32=0 inter16=0 inter8=0 intra32=0 intra16=0 intra8=0 intra4=0 reftype=0
  snapshot f159: 3 venc_ko blocks (pool0 0x73801000 len 0x10000)
src frame 160: srcf=14 off=86400 br=16000
frame 160: send=0x0 get=0x0 len=30494 coding=1 startqp=0 meanqp=0 picbytes=0 pskip=0 nalus=1 n1:30494
  cu: inter64=0 inter32=0 inter16=0 inter8=0 intra32=0 intra16=0 intra8=0 intra4=0 reftype=0
  snapshot f160: 3 venc_ko blocks (pool0 0x73801000 len 0x10000)
src frame 161: srcf=13 off=86940 br=16000
frame 161: send=0x0 get=0x0 len=38923 coding=1 startqp=0 meanqp=0 picbytes=0 pskip=0 nalus=1 n1:38923
  cu: inter64=0 inter32=0 inter16=0 inter8=0 intra32=0 intra16=0 intra8=0 intra4=0 reftype=0
  snapshot f161: 3 venc_ko blocks (pool0 0x73801000 len 0x10000)
src frame 162: srcf=12 off=87480 br=16000
frame 162: send=0x0 get=0x0 len=30503 coding=1 startqp=0 meanqp=0 picbytes=0 pskip=0 nalus=1 n1:30503
  cu: inter64=0 inter32=0 inter16=0 inter8=0 intra32=0 intra16=0 intra8=0 intra4=0 reftype=0
  snapshot f162: 3 venc_ko blocks (pool0 0x73801000 len 0x10000)
src frame 163: srcf=11 off=88020 br=16000
frame 163: send=0x0 get=0x0 len=39004 coding=1 startqp=0 meanqp=0 picbytes=0 pskip=0 nalus=1 n1:39004
  cu: inter64=0 inter32=0 inter16=0 inter8=0 intra32=0 intra16=0 intra8=0 intra4=0 reftype=0
  snapshot f163: 3 venc_ko blocks (pool0 0x73801000 len 0x10000)
src frame 164: srcf=10 off=88560 br=16000
frame 164: send=0x0 get=0x0 len=30398 coding=1 startqp=0 meanqp=0 picbytes=0 pskip=0 nalus=1 n1:30398
  cu: inter64=0 inter32=0 inter16=0 inter8=0 intra32=0 intra16=0 intra8=0 intra4=0 reftype=0
  snapshot f164: 3 venc_ko blocks (pool0 0x73801000 len 0x10000)
src frame 165: srcf=9 off=89100 br=16000
frame 165: send=0x0 get=0x0 len=37981 coding=1 startqp=0 meanqp=0 picbytes=0 pskip=0 nalus=1 n1:37981
  cu: inter64=0 inter32=0 inter16=0 inter8=0 intra32=0 intra16=0 intra8=0 intra4=0 reftype=0
  snapshot f165: 3 venc_ko blocks (pool0 0x73801000 len 0x10000)
src frame 166: srcf=8 off=89640 br=16000
frame 166: send=0x0 get=0x0 len=29967 coding=1 startqp=0 meanqp=0 picbytes=0 pskip=0 nalus=1 n1:29967
  cu: inter64=0 inter32=0 inter16=0 inter8=0 intra32=0 intra16=0 intra8=0 intra4=0 reftype=0
  snapshot f166: 3 venc_ko blocks (pool0 0x73801000 len 0x10000)
src frame 167: srcf=7 off=90180 br=16000
frame 167: send=0x0 get=0x0 len=38928 coding=1 startqp=0 meanqp=0 picbytes=0 pskip=0 nalus=1 n1:38928
  cu: inter64=0 inter32=0 inter16=0 inter8=0 intra32=0 intra16=0 intra8=0 intra4=0 reftype=0
  snapshot f167: 3 venc_ko blocks (pool0 0x73801000 len 0x10000)
src frame 168: srcf=6 off=90720 br=16000
frame 168: send=0x0 get=0x0 len=30198 coding=1 startqp=0 meanqp=0 picbytes=0 pskip=0 nalus=1 n1:30198
  cu: inter64=0 inter32=0 inter16=0 inter8=0 intra32=0 intra16=0 intra8=0 intra4=0 reftype=0
  snapshot f168: 3 venc_ko blocks (pool0 0x73801000 len 0x10000)
src frame 169: srcf=5 off=91260 br=16000
frame 169: send=0x0 get=0x0 len=37914 coding=1 startqp=0 meanqp=0 picbytes=0 pskip=0 nalus=1 n1:37914
  cu: inter64=0 inter32=0 inter16=0 inter8=0 intra32=0 intra16=0 intra8=0 intra4=0 reftype=0
  snapshot f169: 3 venc_ko blocks (pool0 0x73801000 len 0x10000)
src frame 170: srcf=4 off=91800 br=16000
frame 170: send=0x0 get=0x0 len=30290 coding=1 startqp=0 meanqp=0 picbytes=0 pskip=0 nalus=1 n1:30290
  cu: inter64=0 inter32=0 inter16=0 inter8=0 intra32=0 intra16=0 intra8=0 intra4=0 reftype=0
  snapshot f170: 3 venc_ko blocks (pool0 0x73801000 len 0x10000)
src frame 171: srcf=3 off=92340 br=16000
frame 171: send=0x0 get=0x0 len=38067 coding=1 startqp=0 meanqp=0 picbytes=0 pskip=0 nalus=1 n1:38067
  cu: inter64=0 inter32=0 inter16=0 inter8=0 intra32=0 intra16=0 intra8=0 intra4=0 reftype=0
  snapshot f171: 3 venc_ko blocks (pool0 0x73801000 len 0x10000)
src frame 172: srcf=2 off=92880 br=16000
frame 172: send=0x0 get=0x0 len=29609 coding=1 startqp=0 meanqp=0 picbytes=0 pskip=0 nalus=1 n1:29609
  cu: inter64=0 inter32=0 inter16=0 inter8=0 intra32=0 intra16=0 intra8=0 intra4=0 reftype=0
  snapshot f172: 3 venc_ko blocks (pool0 0x73801000 len 0x10000)
src frame 173: srcf=1 off=93420 br=16000
frame 173: send=0x0 get=0x0 len=38098 coding=1 startqp=0 meanqp=0 picbytes=0 pskip=0 nalus=1 n1:38098
  cu: inter64=0 inter32=0 inter16=0 inter8=0 intra32=0 intra16=0 intra8=0 intra4=0 reftype=0
  snapshot f173: 3 venc_ko blocks (pool0 0x73801000 len 0x10000)
src frame 174: srcf=0 off=93960 br=16000
frame 174: send=0x0 get=0x0 len=29475 coding=1 startqp=0 meanqp=0 picbytes=0 pskip=0 nalus=1 n1:29475
  cu: inter64=0 inter32=0 inter16=0 inter8=0 intra32=0 intra16=0 intra8=0 intra4=0 reftype=0
  snapshot f174: 3 venc_ko blocks (pool0 0x73801000 len 0x10000)
src frame 175: srcf=1 off=94500 br=16000
frame 175: send=0x0 get=0x0 len=38176 coding=1 startqp=0 meanqp=0 picbytes=0 pskip=0 nalus=1 n1:38176
  cu: inter64=0 inter32=0 inter16=0 inter8=0 intra32=0 intra16=0 intra8=0 intra4=0 reftype=0
  snapshot f175: 3 venc_ko blocks (pool0 0x73801000 len 0x10000)
src frame 176: srcf=2 off=95040 br=16000
frame 176: send=0x0 get=0x0 len=29256 coding=1 startqp=0 meanqp=0 picbytes=0 pskip=0 nalus=1 n1:29256
  cu: inter64=0 inter32=0 inter16=0 inter8=0 intra32=0 intra16=0 intra8=0 intra4=0 reftype=0
  snapshot f176: 3 venc_ko blocks (pool0 0x73801000 len 0x10000)
src frame 177: srcf=3 off=95580 br=16000
frame 177: send=0x0 get=0x0 len=35835 coding=1 startqp=0 meanqp=0 picbytes=0 pskip=0 nalus=1 n1:35835
  cu: inter64=0 inter32=0 inter16=0 inter8=0 intra32=0 intra16=0 intra8=0 intra4=0 reftype=0
  snapshot f177: 3 venc_ko blocks (pool0 0x73801000 len 0x10000)
src frame 178: srcf=4 off=96120 br=16000
frame 178: send=0x0 get=0x0 len=27767 coding=1 startqp=0 meanqp=0 picbytes=0 pskip=0 nalus=1 n1:27767
  cu: inter64=0 inter32=0 inter16=0 inter8=0 intra32=0 intra16=0 intra8=0 intra4=0 reftype=0
  snapshot f178: 3 venc_ko blocks (pool0 0x73801000 len 0x10000)
src frame 179: srcf=5 off=96660 br=16000
frame 179: send=0x0 get=0x0 len=34688 coding=1 startqp=0 meanqp=0 picbytes=0 pskip=0 nalus=1 n1:34688
  cu: inter64=0 inter32=0 inter16=0 inter8=0 intra32=0 intra16=0 intra8=0 intra4=0 reftype=0
  snapshot f179: 3 venc_ko blocks (pool0 0x73801000 len 0x10000)
src frame 180: srcf=6 off=97200 br=16000
frame 180: send=0x0 get=0x0 len=50478 coding=0 startqp=0 meanqp=0 picbytes=0 pskip=0 nalus=4 n32:27 n33:53 n34:11 n19:50387
  cu: inter64=0 inter32=0 inter16=0 inter8=0 intra32=0 intra16=0 intra8=0 intra4=0 reftype=0
  snapshot f180: 3 venc_ko blocks (pool0 0x73801000 len 0x10000)
src frame 181: srcf=7 off=97740 br=16000
frame 181: send=0x0 get=0x0 len=38753 coding=1 startqp=0 meanqp=0 picbytes=0 pskip=0 nalus=1 n1:38753
  cu: inter64=0 inter32=0 inter16=0 inter8=0 intra32=0 intra16=0 intra8=0 intra4=0 reftype=0
  snapshot f181: 3 venc_ko blocks (pool0 0x73801000 len 0x10000)
src frame 182: srcf=8 off=98280 br=16000
frame 182: send=0x0 get=0x0 len=30164 coding=1 startqp=0 meanqp=0 picbytes=0 pskip=0 nalus=1 n1:30164
  cu: inter64=0 inter32=0 inter16=0 inter8=0 intra32=0 intra16=0 intra8=0 intra4=0 reftype=0
  snapshot f182: 3 venc_ko blocks (pool0 0x73801000 len 0x10000)
src frame 183: srcf=9 off=98820 br=16000
frame 183: send=0x0 get=0x0 len=37822 coding=1 startqp=0 meanqp=0 picbytes=0 pskip=0 nalus=1 n1:37822
  cu: inter64=0 inter32=0 inter16=0 inter8=0 intra32=0 intra16=0 intra8=0 intra4=0 reftype=0
  snapshot f183: 3 venc_ko blocks (pool0 0x73801000 len 0x10000)
src frame 184: srcf=10 off=99360 br=16000
frame 184: send=0x0 get=0x0 len=30013 coding=1 startqp=0 meanqp=0 picbytes=0 pskip=0 nalus=1 n1:30013
  cu: inter64=0 inter32=0 inter16=0 inter8=0 intra32=0 intra16=0 intra8=0 intra4=0 reftype=0
  snapshot f184: 3 venc_ko blocks (pool0 0x73801000 len 0x10000)
src frame 185: srcf=11 off=99900 br=16000
frame 185: send=0x0 get=0x0 len=37863 coding=1 startqp=0 meanqp=0 picbytes=0 pskip=0 nalus=1 n1:37863
  cu: inter64=0 inter32=0 inter16=0 inter8=0 intra32=0 intra16=0 intra8=0 intra4=0 reftype=0
  snapshot f185: 3 venc_ko blocks (pool0 0x73801000 len 0x10000)
src frame 186: srcf=12 off=100440 br=16000
frame 186: send=0x0 get=0x0 len=30107 coding=1 startqp=0 meanqp=0 picbytes=0 pskip=0 nalus=1 n1:30107
  cu: inter64=0 inter32=0 inter16=0 inter8=0 intra32=0 intra16=0 intra8=0 intra4=0 reftype=0
  snapshot f186: 3 venc_ko blocks (pool0 0x73801000 len 0x10000)
src frame 187: srcf=13 off=100980 br=16000
frame 187: send=0x0 get=0x0 len=38756 coding=1 startqp=0 meanqp=0 picbytes=0 pskip=0 nalus=1 n1:38756
  cu: inter64=0 inter32=0 inter16=0 inter8=0 intra32=0 intra16=0 intra8=0 intra4=0 reftype=0
  snapshot f187: 3 venc_ko blocks (pool0 0x73801000 len 0x10000)
src frame 188: srcf=14 off=101520 br=16000
frame 188: send=0x0 get=0x0 len=30135 coding=1 startqp=0 meanqp=0 picbytes=0 pskip=0 nalus=1 n1:30135
  cu: inter64=0 inter32=0 inter16=0 inter8=0 intra32=0 intra16=0 intra8=0 intra4=0 reftype=0
  snapshot f188: 3 venc_ko blocks (pool0 0x73801000 len 0x10000)
src frame 189: srcf=15 off=102060 br=16000
frame 189: send=0x0 get=0x0 len=37857 coding=1 startqp=0 meanqp=0 picbytes=0 pskip=0 nalus=1 n1:37857
  cu: inter64=0 inter32=0 inter16=0 inter8=0 intra32=0 intra16=0 intra8=0 intra4=0 reftype=0
  snapshot f189: 3 venc_ko blocks (pool0 0x73801000 len 0x10000)
src frame 190: srcf=16 off=102600 br=16000
frame 190: send=0x0 get=0x0 len=30029 coding=1 startqp=0 meanqp=0 picbytes=0 pskip=0 nalus=1 n1:30029
  cu: inter64=0 inter32=0 inter16=0 inter8=0 intra32=0 intra16=0 intra8=0 intra4=0 reftype=0
  snapshot f190: 3 venc_ko blocks (pool0 0x73801000 len 0x10000)
src frame 191: srcf=17 off=103140 br=16000
frame 191: send=0x0 get=0x0 len=38021 coding=1 startqp=0 meanqp=0 picbytes=0 pskip=0 nalus=1 n1:38021
  cu: inter64=0 inter32=0 inter16=0 inter8=0 intra32=0 intra16=0 intra8=0 intra4=0 reftype=0
  snapshot f191: 3 venc_ko blocks (pool0 0x73801000 len 0x10000)
src frame 192: srcf=18 off=103680 br=16000
frame 192: send=0x0 get=0x0 len=29802 coding=1 startqp=0 meanqp=0 picbytes=0 pskip=0 nalus=1 n1:29802
  cu: inter64=0 inter32=0 inter16=0 inter8=0 intra32=0 intra16=0 intra8=0 intra4=0 reftype=0
  snapshot f192: 3 venc_ko blocks (pool0 0x73801000 len 0x10000)
src frame 193: srcf=19 off=104220 br=16000
frame 193: send=0x0 get=0x0 len=38028 coding=1 startqp=0 meanqp=0 picbytes=0 pskip=0 nalus=1 n1:38028
  cu: inter64=0 inter32=0 inter16=0 inter8=0 intra32=0 intra16=0 intra8=0 intra4=0 reftype=0
  snapshot f193: 3 venc_ko blocks (pool0 0x73801000 len 0x10000)
src frame 194: srcf=20 off=104760 br=16000
frame 194: send=0x0 get=0x0 len=30023 coding=1 startqp=0 meanqp=0 picbytes=0 pskip=0 nalus=1 n1:30023
  cu: inter64=0 inter32=0 inter16=0 inter8=0 intra32=0 intra16=0 intra8=0 intra4=0 reftype=0
  snapshot f194: 3 venc_ko blocks (pool0 0x73801000 len 0x10000)
src frame 195: srcf=21 off=105300 br=16000
frame 195: send=0x0 get=0x0 len=37990 coding=1 startqp=0 meanqp=0 picbytes=0 pskip=0 nalus=1 n1:37990
  cu: inter64=0 inter32=0 inter16=0 inter8=0 intra32=0 intra16=0 intra8=0 intra4=0 reftype=0
  snapshot f195: 3 venc_ko blocks (pool0 0x73801000 len 0x10000)
src frame 196: srcf=22 off=105840 br=16000
frame 196: send=0x0 get=0x0 len=29860 coding=1 startqp=0 meanqp=0 picbytes=0 pskip=0 nalus=1 n1:29860
  cu: inter64=0 inter32=0 inter16=0 inter8=0 intra32=0 intra16=0 intra8=0 intra4=0 reftype=0
  snapshot f196: 3 venc_ko blocks (pool0 0x73801000 len 0x10000)
src frame 197: srcf=23 off=106380 br=16000
frame 197: send=0x0 get=0x0 len=37908 coding=1 startqp=0 meanqp=0 picbytes=0 pskip=0 nalus=1 n1:37908
  cu: inter64=0 inter32=0 inter16=0 inter8=0 intra32=0 intra16=0 intra8=0 intra4=0 reftype=0
  snapshot f197: 3 venc_ko blocks (pool0 0x73801000 len 0x10000)
src frame 198: srcf=24 off=106920 br=16000
frame 198: send=0x0 get=0x0 len=30027 coding=1 startqp=0 meanqp=0 picbytes=0 pskip=0 nalus=1 n1:30027
  cu: inter64=0 inter32=0 inter16=0 inter8=0 intra32=0 intra16=0 intra8=0 intra4=0 reftype=0
  snapshot f198: 3 venc_ko blocks (pool0 0x73801000 len 0x10000)
src frame 199: srcf=25 off=107460 br=16000
frame 199: send=0x0 get=0x0 len=36902 coding=1 startqp=0 meanqp=0 picbytes=0 pskip=0 nalus=1 n1:36902
  cu: inter64=0 inter32=0 inter16=0 inter8=0 intra32=0 intra16=0 intra8=0 intra4=0 reftype=0
  snapshot f199: 3 venc_ko blocks (pool0 0x73801000 len 0x10000)
src frame 200: srcf=26 off=108000 br=16000
frame 200: send=0x0 get=0x0 len=28202 coding=1 startqp=0 meanqp=0 picbytes=0 pskip=0 nalus=1 n1:28202
  cu: inter64=0 inter32=0 inter16=0 inter8=0 intra32=0 intra16=0 intra8=0 intra4=0 reftype=0
  snapshot f200: 3 venc_ko blocks (pool0 0x73801000 len 0x10000)
src frame 201: srcf=27 off=108540 br=16000
frame 201: send=0x0 get=0x0 len=36795 coding=1 startqp=0 meanqp=0 picbytes=0 pskip=0 nalus=1 n1:36795
  cu: inter64=0 inter32=0 inter16=0 inter8=0 intra32=0 intra16=0 intra8=0 intra4=0 reftype=0
  snapshot f201: 3 venc_ko blocks (pool0 0x73801000 len 0x10000)
src frame 202: srcf=28 off=109080 br=16000
frame 202: send=0x0 get=0x0 len=28270 coding=1 startqp=0 meanqp=0 picbytes=0 pskip=0 nalus=1 n1:28270
  cu: inter64=0 inter32=0 inter16=0 inter8=0 intra32=0 intra16=0 intra8=0 intra4=0 reftype=0
  snapshot f202: 3 venc_ko blocks (pool0 0x73801000 len 0x10000)
src frame 203: srcf=29 off=109620 br=16000
frame 203: send=0x0 get=0x0 len=37176 coding=1 startqp=0 meanqp=0 picbytes=0 pskip=0 nalus=1 n1:37176
  cu: inter64=0 inter32=0 inter16=0 inter8=0 intra32=0 intra16=0 intra8=0 intra4=0 reftype=0
  snapshot f203: 3 venc_ko blocks (pool0 0x73801000 len 0x10000)
src frame 204: srcf=28 off=110160 br=16000
frame 204: send=0x0 get=0x0 len=28113 coding=1 startqp=0 meanqp=0 picbytes=0 pskip=0 nalus=1 n1:28113
  cu: inter64=0 inter32=0 inter16=0 inter8=0 intra32=0 intra16=0 intra8=0 intra4=0 reftype=0
  snapshot f204: 3 venc_ko blocks (pool0 0x73801000 len 0x10000)
src frame 205: srcf=27 off=110700 br=16000
frame 205: send=0x0 get=0x0 len=36748 coding=1 startqp=0 meanqp=0 picbytes=0 pskip=0 nalus=1 n1:36748
  cu: inter64=0 inter32=0 inter16=0 inter8=0 intra32=0 intra16=0 intra8=0 intra4=0 reftype=0
  snapshot f205: 3 venc_ko blocks (pool0 0x73801000 len 0x10000)
src frame 206: srcf=26 off=111240 br=16000
frame 206: send=0x0 get=0x0 len=28309 coding=1 startqp=0 meanqp=0 picbytes=0 pskip=0 nalus=1 n1:28309
  cu: inter64=0 inter32=0 inter16=0 inter8=0 intra32=0 intra16=0 intra8=0 intra4=0 reftype=0
  snapshot f206: 3 venc_ko blocks (pool0 0x73801000 len 0x10000)
src frame 207: srcf=25 off=111780 br=16000
frame 207: send=0x0 get=0x0 len=36896 coding=1 startqp=0 meanqp=0 picbytes=0 pskip=0 nalus=1 n1:36896
  cu: inter64=0 inter32=0 inter16=0 inter8=0 intra32=0 intra16=0 intra8=0 intra4=0 reftype=0
  snapshot f207: 3 venc_ko blocks (pool0 0x73801000 len 0x10000)
src frame 208: srcf=24 off=112320 br=16000
frame 208: send=0x0 get=0x0 len=28168 coding=1 startqp=0 meanqp=0 picbytes=0 pskip=0 nalus=1 n1:28168
  cu: inter64=0 inter32=0 inter16=0 inter8=0 intra32=0 intra16=0 intra8=0 intra4=0 reftype=0
  snapshot f208: 3 venc_ko blocks (pool0 0x73801000 len 0x10000)
src frame 209: srcf=23 off=112860 br=16000
frame 209: send=0x0 get=0x0 len=37478 coding=1 startqp=0 meanqp=0 picbytes=0 pskip=0 nalus=1 n1:37478
  cu: inter64=0 inter32=0 inter16=0 inter8=0 intra32=0 intra16=0 intra8=0 intra4=0 reftype=0
  snapshot f209: 3 venc_ko blocks (pool0 0x73801000 len 0x10000)
src frame 210: srcf=22 off=113400 br=16000
frame 210: send=0x0 get=0x0 len=48091 coding=0 startqp=0 meanqp=0 picbytes=0 pskip=0 nalus=4 n32:27 n33:53 n34:11 n19:48000
  cu: inter64=0 inter32=0 inter16=0 inter8=0 intra32=0 intra16=0 intra8=0 intra4=0 reftype=0
  snapshot f210: 3 venc_ko blocks (pool0 0x73801000 len 0x10000)
src frame 211: srcf=21 off=113940 br=16000
frame 211: send=0x0 get=0x0 len=36200 coding=1 startqp=0 meanqp=0 picbytes=0 pskip=0 nalus=1 n1:36200
  cu: inter64=0 inter32=0 inter16=0 inter8=0 intra32=0 intra16=0 intra8=0 intra4=0 reftype=0
  snapshot f211: 3 venc_ko blocks (pool0 0x73801000 len 0x10000)
src frame 212: srcf=20 off=114480 br=16000
frame 212: send=0x0 get=0x0 len=28481 coding=1 startqp=0 meanqp=0 picbytes=0 pskip=0 nalus=1 n1:28481
  cu: inter64=0 inter32=0 inter16=0 inter8=0 intra32=0 intra16=0 intra8=0 intra4=0 reftype=0
  snapshot f212: 3 venc_ko blocks (pool0 0x73801000 len 0x10000)
src frame 213: srcf=19 off=115020 br=16000
frame 213: send=0x0 get=0x0 len=36634 coding=1 startqp=0 meanqp=0 picbytes=0 pskip=0 nalus=1 n1:36634
  cu: inter64=0 inter32=0 inter16=0 inter8=0 intra32=0 intra16=0 intra8=0 intra4=0 reftype=0
  snapshot f213: 3 venc_ko blocks (pool0 0x73801000 len 0x10000)
src frame 214: srcf=18 off=115560 br=16000
frame 214: send=0x0 get=0x0 len=28611 coding=1 startqp=0 meanqp=0 picbytes=0 pskip=0 nalus=1 n1:28611
  cu: inter64=0 inter32=0 inter16=0 inter8=0 intra32=0 intra16=0 intra8=0 intra4=0 reftype=0
  snapshot f214: 3 venc_ko blocks (pool0 0x73801000 len 0x10000)
src frame 215: srcf=17 off=116100 br=16000
frame 215: send=0x0 get=0x0 len=37366 coding=1 startqp=0 meanqp=0 picbytes=0 pskip=0 nalus=1 n1:37366
  cu: inter64=0 inter32=0 inter16=0 inter8=0 intra32=0 intra16=0 intra8=0 intra4=0 reftype=0
  snapshot f215: 3 venc_ko blocks (pool0 0x73801000 len 0x10000)
src frame 216: srcf=16 off=116640 br=16000
frame 216: send=0x0 get=0x0 len=28665 coding=1 startqp=0 meanqp=0 picbytes=0 pskip=0 nalus=1 n1:28665
  cu: inter64=0 inter32=0 inter16=0 inter8=0 intra32=0 intra16=0 intra8=0 intra4=0 reftype=0
  snapshot f216: 3 venc_ko blocks (pool0 0x73801000 len 0x10000)
src frame 217: srcf=15 off=117180 br=16000
frame 217: send=0x0 get=0x0 len=36761 coding=1 startqp=0 meanqp=0 picbytes=0 pskip=0 nalus=1 n1:36761
  cu: inter64=0 inter32=0 inter16=0 inter8=0 intra32=0 intra16=0 intra8=0 intra4=0 reftype=0
  snapshot f217: 3 venc_ko blocks (pool0 0x73801000 len 0x10000)
src frame 218: srcf=14 off=117720 br=16000
frame 218: send=0x0 get=0x0 len=28429 coding=1 startqp=0 meanqp=0 picbytes=0 pskip=0 nalus=1 n1:28429
  cu: inter64=0 inter32=0 inter16=0 inter8=0 intra32=0 intra16=0 intra8=0 intra4=0 reftype=0
  snapshot f218: 3 venc_ko blocks (pool0 0x73801000 len 0x10000)
src frame 219: srcf=13 off=118260 br=16000
frame 219: send=0x0 get=0x0 len=37102 coding=1 startqp=0 meanqp=0 picbytes=0 pskip=0 nalus=1 n1:37102
  cu: inter64=0 inter32=0 inter16=0 inter8=0 intra32=0 intra16=0 intra8=0 intra4=0 reftype=0
  snapshot f219: 3 venc_ko blocks (pool0 0x73801000 len 0x10000)
src frame 220: srcf=12 off=118800 br=16000
frame 220: send=0x0 get=0x0 len=28438 coding=1 startqp=0 meanqp=0 picbytes=0 pskip=0 nalus=1 n1:28438
  cu: inter64=0 inter32=0 inter16=0 inter8=0 intra32=0 intra16=0 intra8=0 intra4=0 reftype=0
  snapshot f220: 3 venc_ko blocks (pool0 0x73801000 len 0x10000)
src frame 221: srcf=11 off=119340 br=16000
frame 221: send=0x0 get=0x0 len=36754 coding=1 startqp=0 meanqp=0 picbytes=0 pskip=0 nalus=1 n1:36754
  cu: inter64=0 inter32=0 inter16=0 inter8=0 intra32=0 intra16=0 intra8=0 intra4=0 reftype=0
  snapshot f221: 3 venc_ko blocks (pool0 0x73801000 len 0x10000)
src frame 222: srcf=10 off=119880 br=16000
frame 222: send=0x0 get=0x0 len=28657 coding=1 startqp=0 meanqp=0 picbytes=0 pskip=0 nalus=1 n1:28657
  cu: inter64=0 inter32=0 inter16=0 inter8=0 intra32=0 intra16=0 intra8=0 intra4=0 reftype=0
  snapshot f222: 3 venc_ko blocks (pool0 0x73801000 len 0x10000)
src frame 223: srcf=9 off=120420 br=16000
frame 223: send=0x0 get=0x0 len=37074 coding=1 startqp=0 meanqp=0 picbytes=0 pskip=0 nalus=1 n1:37074
  cu: inter64=0 inter32=0 inter16=0 inter8=0 intra32=0 intra16=0 intra8=0 intra4=0 reftype=0
  snapshot f223: 3 venc_ko blocks (pool0 0x73801000 len 0x10000)
src frame 224: srcf=8 off=120960 br=16000
frame 224: send=0x0 get=0x0 len=28470 coding=1 startqp=0 meanqp=0 picbytes=0 pskip=0 nalus=1 n1:28470
  cu: inter64=0 inter32=0 inter16=0 inter8=0 intra32=0 intra16=0 intra8=0 intra4=0 reftype=0
  snapshot f224: 3 venc_ko blocks (pool0 0x73801000 len 0x10000)
src frame 225: srcf=7 off=121500 br=16000
frame 225: send=0x0 get=0x0 len=37316 coding=1 startqp=0 meanqp=0 picbytes=0 pskip=0 nalus=1 n1:37316
  cu: inter64=0 inter32=0 inter16=0 inter8=0 intra32=0 intra16=0 intra8=0 intra4=0 reftype=0
  snapshot f225: 3 venc_ko blocks (pool0 0x73801000 len 0x10000)
src frame 226: srcf=6 off=122040 br=16000
frame 226: send=0x0 get=0x0 len=28551 coding=1 startqp=0 meanqp=0 picbytes=0 pskip=0 nalus=1 n1:28551
  cu: inter64=0 inter32=0 inter16=0 inter8=0 intra32=0 intra16=0 intra8=0 intra4=0 reftype=0
  snapshot f226: 3 venc_ko blocks (pool0 0x73801000 len 0x10000)
src frame 227: srcf=5 off=122580 br=16000
frame 227: send=0x0 get=0x0 len=37487 coding=1 startqp=0 meanqp=0 picbytes=0 pskip=0 nalus=1 n1:37487
  cu: inter64=0 inter32=0 inter16=0 inter8=0 intra32=0 intra16=0 intra8=0 intra4=0 reftype=0
  snapshot f227: 3 venc_ko blocks (pool0 0x73801000 len 0x10000)
src frame 228: srcf=4 off=123120 br=16000
frame 228: send=0x0 get=0x0 len=28477 coding=1 startqp=0 meanqp=0 picbytes=0 pskip=0 nalus=1 n1:28477
  cu: inter64=0 inter32=0 inter16=0 inter8=0 intra32=0 intra16=0 intra8=0 intra4=0 reftype=0
  snapshot f228: 3 venc_ko blocks (pool0 0x73801000 len 0x10000)
src frame 229: srcf=3 off=123660 br=16000
frame 229: send=0x0 get=0x0 len=36890 coding=1 startqp=0 meanqp=0 picbytes=0 pskip=0 nalus=1 n1:36890
  cu: inter64=0 inter32=0 inter16=0 inter8=0 intra32=0 intra16=0 intra8=0 intra4=0 reftype=0
  snapshot f229: 3 venc_ko blocks (pool0 0x73801000 len 0x10000)
src frame 230: srcf=2 off=124200 br=16000
frame 230: send=0x0 get=0x0 len=30323 coding=1 startqp=0 meanqp=0 picbytes=0 pskip=0 nalus=1 n1:30323
  cu: inter64=0 inter32=0 inter16=0 inter8=0 intra32=0 intra16=0 intra8=0 intra4=0 reftype=0
  snapshot f230: 3 venc_ko blocks (pool0 0x73801000 len 0x10000)
src frame 231: srcf=1 off=124740 br=16000
frame 231: send=0x0 get=0x0 len=38887 coding=1 startqp=0 meanqp=0 picbytes=0 pskip=0 nalus=1 n1:38887
  cu: inter64=0 inter32=0 inter16=0 inter8=0 intra32=0 intra16=0 intra8=0 intra4=0 reftype=0
  snapshot f231: 3 venc_ko blocks (pool0 0x73801000 len 0x10000)
src frame 232: srcf=0 off=125280 br=16000
frame 232: send=0x0 get=0x0 len=30444 coding=1 startqp=0 meanqp=0 picbytes=0 pskip=0 nalus=1 n1:30444
  cu: inter64=0 inter32=0 inter16=0 inter8=0 intra32=0 intra16=0 intra8=0 intra4=0 reftype=0
  snapshot f232: 3 venc_ko blocks (pool0 0x73801000 len 0x10000)
src frame 233: srcf=1 off=125820 br=16000
frame 233: send=0x0 get=0x0 len=38845 coding=1 startqp=0 meanqp=0 picbytes=0 pskip=0 nalus=1 n1:38845
  cu: inter64=0 inter32=0 inter16=0 inter8=0 intra32=0 intra16=0 intra8=0 intra4=0 reftype=0
  snapshot f233: 3 venc_ko blocks (pool0 0x73801000 len 0x10000)
src frame 234: srcf=2 off=126360 br=16000
frame 234: send=0x0 get=0x0 len=30486 coding=1 startqp=0 meanqp=0 picbytes=0 pskip=0 nalus=1 n1:30486
  cu: inter64=0 inter32=0 inter16=0 inter8=0 intra32=0 intra16=0 intra8=0 intra4=0 reftype=0
  snapshot f234: 3 venc_ko blocks (pool0 0x73801000 len 0x10000)
src frame 235: srcf=3 off=126900 br=16000
frame 235: send=0x0 get=0x0 len=37745 coding=1 startqp=0 meanqp=0 picbytes=0 pskip=0 nalus=1 n1:37745
  cu: inter64=0 inter32=0 inter16=0 inter8=0 intra32=0 intra16=0 intra8=0 intra4=0 reftype=0
  snapshot f235: 3 venc_ko blocks (pool0 0x73801000 len 0x10000)
src frame 236: srcf=4 off=127440 br=16000
frame 236: send=0x0 get=0x0 len=30052 coding=1 startqp=0 meanqp=0 picbytes=0 pskip=0 nalus=1 n1:30052
  cu: inter64=0 inter32=0 inter16=0 inter8=0 intra32=0 intra16=0 intra8=0 intra4=0 reftype=0
  snapshot f236: 3 venc_ko blocks (pool0 0x73801000 len 0x10000)
src frame 237: srcf=5 off=127980 br=16000
frame 237: send=0x0 get=0x0 len=39079 coding=1 startqp=0 meanqp=0 picbytes=0 pskip=0 nalus=1 n1:39079
  cu: inter64=0 inter32=0 inter16=0 inter8=0 intra32=0 intra16=0 intra8=0 intra4=0 reftype=0
  snapshot f237: 3 venc_ko blocks (pool0 0x73801000 len 0x10000)
src frame 238: srcf=6 off=128520 br=16000
frame 238: send=0x0 get=0x0 len=29149 coding=1 startqp=0 meanqp=0 picbytes=0 pskip=0 nalus=1 n1:29149
  cu: inter64=0 inter32=0 inter16=0 inter8=0 intra32=0 intra16=0 intra8=0 intra4=0 reftype=0
  snapshot f238: 3 venc_ko blocks (pool0 0x73801000 len 0x10000)
src frame 239: srcf=7 off=129060 br=16000
frame 239: send=0x0 get=0x0 len=36838 coding=1 startqp=0 meanqp=0 picbytes=0 pskip=0 nalus=1 n1:36838
  cu: inter64=0 inter32=0 inter16=0 inter8=0 intra32=0 intra16=0 intra8=0 intra4=0 reftype=0
  snapshot f239: 3 venc_ko blocks (pool0 0x73801000 len 0x10000)
---- /proc/ax_proc/venc ----
-------- VENC VERSION ------------------------
[Axera version]: ax_venc V3.0.0_20250319114413 Mar 19 2025 11:58:34 JK

-------- MODULE PARAM ------------------------
MaxChnNum   MaxRoiNum   MaxProcNum  
16          8           16          

-------- VENC CHN ATTR 1 ------------------------
ID    Type    wSrc    hSrc    Strd0   Strd1   maxW    maxH    PixFmt  link  InFifoDep    OutFifoDep   InDbgFifoLen InDbgFifoDep StrmBufSize(KB)
7     h265    1920    1080    3840    0       1920    1080    YUYV422 N     2            2            0            4            4114      
-------- VENC CHN ATTR 2 ------------------------
ID    [CropEn StartX  StartY  CropW   CropH]  Rotation  EncW    EncH    FrmSize      PTS          SeqNum       CompMode     CompLevel    PhyAddr0     PhyAddr1     PhyAddr2     
7     N       0       0       0       0       0         1920    1080    4147200      3266666      197          NONE         0            742cb000     0            0            
-------- VENC RC ATTR 1 ------------------------
ID    RcMode    SrcFr   DstFr   Br(kbps)  MinQp   MaxQp   MinIQp  MaxIQp  IQpDelta  IpropMax   IpropMin   StartQp    QpDltRng   DeBrQpDlt  SvcEn   ChgPos  StillPercent MaxStillQp 
7     CBR       60.00   60.00   16000     10      51      10      51      0         40         10         -1         2          0          False   -       -            -          
-------- VENC RC ATTR 2  -----------------------
ID    QMapQpType  QMapUnit    QMapBlkType IQp   PQp   MinQpDelta MaxQpDelta MaxBitRate shtStaTime ltStaTime  ltMinBr  ltMaxBr  Br_ST(kbps)    Br_LT(kbps)    
7     N/A         64x64       N/A         -     -     -          -          -          -          -          -        -        -              -              
-------- VENC GOP ATTR  ------------------------
ID    GopMode   Gop   GopVI 
7     NormalP   30    0     
-------- VENC STATUS 1 -------------------------
ID    RJEn         RJThr(bps)   RJMode       RJEncGaps    SupFrmEn     SupPri       SupThrI      SupThrP      SplitEn      SliceNum     Range(In)    Range(out)   
7     N            0            Normal       0            N            0            500000       500000       N            0            Full         Full         
-------- VENC STATUS 2 -------------------------
ID    ChnStat   FrmRecv   FrmRls    FrmEnc    FrmDrop   FrmDup    EncFail   MissMatch StrmGet   StrmRls   OutFps    RealBr    ReEncCnt  DropCnt   BlkFail   GrpID     PID     TID     ThNum   RefInc    RefDec    Fail1   Fail2   Fail3   Fail4   
7     STARTED   198       197       197       0         0         0         0         197       197       50.00     13958.10  0         0         0         -1        130647  130651  1       198       197       0       0       0       0       
-------- VENC HW STATUS  ------------------------
ID    OverFlow     TimeOut      
7     0            0            
-------- VENC ROI INFO  ------------------------
ID    Index        bEnable      bAbsQp       RoiQP        Width        Height       StartX       StartY       
done h265_jump1_cbr16000
rc=0
== h265_jump1_cbr16000: codec=h265 rc=cbr br=16000 fps=60 gop=30 frames=240 total=8131138 B achieved=16262 kbps
I frames (frame:qp/bytes): 0:32/28832 30:30/32398 60:28/36210 90:25/41765 120:23/46042 150:21/50478 180:21/50478 210:22/48091
first P after each I (frame:qp): 1:35 31:33 61:31 91:28 121:26 151:24 181:24 211:25
per-GOP: gop#: kbps I_qp P_qp[min..max] P_qp_last
  0: 15102 kbps I=[32] P=[24..35] last=24 n=30
  1: 16898 kbps I=[30] P=[21..33] last=21 n=30
  2: 16044 kbps I=[28] P=[24..31] last=24 n=30
  3: 16588 kbps I=[25] P=[24..28] last=24 n=30
  4: 16127 kbps I=[23] P=[24..27] last=24 n=30
  5: 16651 kbps I=[21] P=[24..26] last=26 n=30
  6: 16427 kbps I=[21] P=[24..26] last=25 n=30
  7: 16261 kbps I=[22] P=[24..26] last=25 n=30
P->P QP step histogram: -2:1 -1:119 +0:16 +1:88
I->firstP QP delta: +3 +3 +3 +3 +3 +3 +3 +3
sw7 frame-QP == slice QP: 240/240 frames with a program agree; mismatches at []
slot flags: {'': 240}
sw105-107 distinct (I): [('0x35b600', '0x35b600', '0x35b600'), ('0x462443', '0x462443', '0x462443'), ('0x467c61', '0x467c61', '0x467c61'), ('0x46c3f1', '0x46c3f1', '0x46c3f1')]
sw172/173 distinct: [('0x14f', '0x662'), ('0x14f', '0x66a')]
sw6 distinct (I / P): ['0x20000b'] ['0x200003']
=== h265_jump15_cbr16000: codec=h265 rc=cbr br=16000 nframes=240 src=/root/rc65/clips/static.yuyv motion=jump mstep=15
# vdrive tag=h265_jump15_cbr16000 codec=h265 1920x1080 rc=cbr br=16000 fps=60/60 gop=30 gopmode=normalp ltrint=0 ltrqpo=0 iqp=32 pqp=32 profile=0 level=153 tier=0 qp[10..51] iqp[10..51] iqd=0 firstqp=-1 iprop[10..40] idrrange=2 stattime=1 vq=0 ir=0/0 slice=0 debreath=0 scd=-1 rowqpd=-1 vui=-1 move=0 nframes=240
src=/root/rc65/clips/static.yuyv frames=30 loop=pingpong motion=jump mstep=15 window=0..-1
AX_SYS_Init rc=0x0
AX_VENC_Init rc=0x0
AX_VENC_CreateChn(7) rc=0x0
StartRecvFrame rc=0x0
AX_POOL_CreatePool id=0x0
blk=0x5e000000 phys=0x742cb000 virt=0xffff8d425000
frame: modid=0x11 stride=1920 fmt=0xd
  snapshot pre: 3 venc_ko blocks (pool0 0x73801000 len 0x10000)
src frame 0: srcf=0 off=0 br=16000
frame 0: send=0x0 get=0x0 len=28832 coding=0 startqp=0 meanqp=0 picbytes=0 pskip=0 nalus=4 n32:27 n33:53 n34:11 n19:28741
  cu: inter64=0 inter32=0 inter16=0 inter8=0 intra32=0 intra16=0 intra8=0 intra4=0 reftype=0
  snapshot f000: 3 venc_ko blocks (pool0 0x73801000 len 0x10000)
src frame 1: srcf=1 off=0 br=16000
frame 1: send=0x0 get=0x0 len=4964 coding=1 startqp=0 meanqp=0 picbytes=0 pskip=0 nalus=1 n1:4964
  cu: inter64=0 inter32=0 inter16=0 inter8=0 intra32=0 intra16=0 intra8=0 intra4=0 reftype=0
  snapshot f001: 3 venc_ko blocks (pool0 0x73801000 len 0x10000)
src frame 2: srcf=2 off=0 br=16000
frame 2: send=0x0 get=0x0 len=5203 coding=1 startqp=0 meanqp=0 picbytes=0 pskip=0 nalus=1 n1:5203
  cu: inter64=0 inter32=0 inter16=0 inter8=0 intra32=0 intra16=0 intra8=0 intra4=0 reftype=0
  snapshot f002: 3 venc_ko blocks (pool0 0x73801000 len 0x10000)
src frame 3: srcf=3 off=0 br=16000
frame 3: send=0x0 get=0x0 len=2713 coding=1 startqp=0 meanqp=0 picbytes=0 pskip=0 nalus=1 n1:2713
  cu: inter64=0 inter32=0 inter16=0 inter8=0 intra32=0 intra16=0 intra8=0 intra4=0 reftype=0
  snapshot f003: 3 venc_ko blocks (pool0 0x73801000 len 0x10000)
src frame 4: srcf=4 off=0 br=16000
frame 4: send=0x0 get=0x0 len=3455 coding=1 startqp=0 meanqp=0 picbytes=0 pskip=0 nalus=1 n1:3455
  cu: inter64=0 inter32=0 inter16=0 inter8=0 intra32=0 intra16=0 intra8=0 intra4=0 reftype=0
  snapshot f004: 3 venc_ko blocks (pool0 0x73801000 len 0x10000)
src frame 5: srcf=5 off=0 br=16000
frame 5: send=0x0 get=0x0 len=3664 coding=1 startqp=0 meanqp=0 picbytes=0 pskip=0 nalus=1 n1:3664
  cu: inter64=0 inter32=0 inter16=0 inter8=0 intra32=0 intra16=0 intra8=0 intra4=0 reftype=0
  snapshot f005: 3 venc_ko blocks (pool0 0x73801000 len 0x10000)
src frame 6: srcf=6 off=0 br=16000
frame 6: send=0x0 get=0x0 len=3699 coding=1 startqp=0 meanqp=0 picbytes=0 pskip=0 nalus=1 n1:3699
  cu: inter64=0 inter32=0 inter16=0 inter8=0 intra32=0 intra16=0 intra8=0 intra4=0 reftype=0
  snapshot f006: 3 venc_ko blocks (pool0 0x73801000 len 0x10000)
src frame 7: srcf=7 off=0 br=16000
frame 7: send=0x0 get=0x0 len=4193 coding=1 startqp=0 meanqp=0 picbytes=0 pskip=0 nalus=1 n1:4193
  cu: inter64=0 inter32=0 inter16=0 inter8=0 intra32=0 intra16=0 intra8=0 intra4=0 reftype=0
  snapshot f007: 3 venc_ko blocks (pool0 0x73801000 len 0x10000)
src frame 8: srcf=8 off=0 br=16000
frame 8: send=0x0 get=0x0 len=4053 coding=1 startqp=0 meanqp=0 picbytes=0 pskip=0 nalus=1 n1:4053
  cu: inter64=0 inter32=0 inter16=0 inter8=0 intra32=0 intra16=0 intra8=0 intra4=0 reftype=0
  snapshot f008: 3 venc_ko blocks (pool0 0x73801000 len 0x10000)
src frame 9: srcf=9 off=0 br=16000
frame 9: send=0x0 get=0x0 len=4627 coding=1 startqp=0 meanqp=0 picbytes=0 pskip=0 nalus=1 n1:4627
  cu: inter64=0 inter32=0 inter16=0 inter8=0 intra32=0 intra16=0 intra8=0 intra4=0 reftype=0
  snapshot f009: 3 venc_ko blocks (pool0 0x73801000 len 0x10000)
src frame 10: srcf=10 off=0 br=16000
frame 10: send=0x0 get=0x0 len=4808 coding=1 startqp=0 meanqp=0 picbytes=0 pskip=0 nalus=1 n1:4808
  cu: inter64=0 inter32=0 inter16=0 inter8=0 intra32=0 intra16=0 intra8=0 intra4=0 reftype=0
  snapshot f010: 3 venc_ko blocks (pool0 0x73801000 len 0x10000)
src frame 11: srcf=11 off=0 br=16000
frame 11: send=0x0 get=0x0 len=5150 coding=1 startqp=0 meanqp=0 picbytes=0 pskip=0 nalus=1 n1:5150
  cu: inter64=0 inter32=0 inter16=0 inter8=0 intra32=0 intra16=0 intra8=0 intra4=0 reftype=0
  snapshot f011: 3 venc_ko blocks (pool0 0x73801000 len 0x10000)
src frame 12: srcf=12 off=0 br=16000
frame 12: send=0x0 get=0x0 len=5159 coding=1 startqp=0 meanqp=0 picbytes=0 pskip=0 nalus=1 n1:5159
  cu: inter64=0 inter32=0 inter16=0 inter8=0 intra32=0 intra16=0 intra8=0 intra4=0 reftype=0
  snapshot f012: 3 venc_ko blocks (pool0 0x73801000 len 0x10000)
src frame 13: srcf=13 off=0 br=16000
frame 13: send=0x0 get=0x0 len=5095 coding=1 startqp=0 meanqp=0 picbytes=0 pskip=0 nalus=1 n1:5095
  cu: inter64=0 inter32=0 inter16=0 inter8=0 intra32=0 intra16=0 intra8=0 intra4=0 reftype=0
  snapshot f013: 3 venc_ko blocks (pool0 0x73801000 len 0x10000)
src frame 14: srcf=14 off=0 br=16000
frame 14: send=0x0 get=0x0 len=6198 coding=1 startqp=0 meanqp=0 picbytes=0 pskip=0 nalus=1 n1:6198
  cu: inter64=0 inter32=0 inter16=0 inter8=0 intra32=0 intra16=0 intra8=0 intra4=0 reftype=0
  snapshot f014: 3 venc_ko blocks (pool0 0x73801000 len 0x10000)
src frame 15: srcf=15 off=540 br=16000
frame 15: send=0x0 get=0x0 len=46633 coding=1 startqp=0 meanqp=0 picbytes=0 pskip=0 nalus=1 n1:46633
  cu: inter64=0 inter32=0 inter16=0 inter8=0 intra32=0 intra16=0 intra8=0 intra4=0 reftype=0
  snapshot f015: 3 venc_ko blocks (pool0 0x73801000 len 0x10000)
src frame 16: srcf=16 off=540 br=16000
frame 16: send=0x0 get=0x0 len=23227 coding=1 startqp=0 meanqp=0 picbytes=0 pskip=0 nalus=1 n1:23227
  cu: inter64=0 inter32=0 inter16=0 inter8=0 intra32=0 intra16=0 intra8=0 intra4=0 reftype=0
  snapshot f016: 3 venc_ko blocks (pool0 0x73801000 len 0x10000)
src frame 17: srcf=17 off=540 br=16000
frame 17: send=0x0 get=0x0 len=5469 coding=1 startqp=0 meanqp=0 picbytes=0 pskip=0 nalus=1 n1:5469
  cu: inter64=0 inter32=0 inter16=0 inter8=0 intra32=0 intra16=0 intra8=0 intra4=0 reftype=0
  snapshot f017: 3 venc_ko blocks (pool0 0x73801000 len 0x10000)
src frame 18: srcf=18 off=540 br=16000
frame 18: send=0x0 get=0x0 len=2033 coding=1 startqp=0 meanqp=0 picbytes=0 pskip=0 nalus=1 n1:2033
  cu: inter64=0 inter32=0 inter16=0 inter8=0 intra32=0 intra16=0 intra8=0 intra4=0 reftype=0
  snapshot f018: 3 venc_ko blocks (pool0 0x73801000 len 0x10000)
src frame 19: srcf=19 off=540 br=16000
frame 19: send=0x0 get=0x0 len=1565 coding=1 startqp=0 meanqp=0 picbytes=0 pskip=0 nalus=1 n1:1565
  cu: inter64=0 inter32=0 inter16=0 inter8=0 intra32=0 intra16=0 intra8=0 intra4=0 reftype=0
  snapshot f019: 3 venc_ko blocks (pool0 0x73801000 len 0x10000)
src frame 20: srcf=20 off=540 br=16000
frame 20: send=0x0 get=0x0 len=1449 coding=1 startqp=0 meanqp=0 picbytes=0 pskip=0 nalus=1 n1:1449
  cu: inter64=0 inter32=0 inter16=0 inter8=0 intra32=0 intra16=0 intra8=0 intra4=0 reftype=0
  snapshot f020: 3 venc_ko blocks (pool0 0x73801000 len 0x10000)
src frame 21: srcf=21 off=540 br=16000
frame 21: send=0x0 get=0x0 len=1275 coding=1 startqp=0 meanqp=0 picbytes=0 pskip=0 nalus=1 n1:1275
  cu: inter64=0 inter32=0 inter16=0 inter8=0 intra32=0 intra16=0 intra8=0 intra4=0 reftype=0
  snapshot f021: 3 venc_ko blocks (pool0 0x73801000 len 0x10000)
src frame 22: srcf=22 off=540 br=16000
frame 22: send=0x0 get=0x0 len=1167 coding=1 startqp=0 meanqp=0 picbytes=0 pskip=0 nalus=1 n1:1167
  cu: inter64=0 inter32=0 inter16=0 inter8=0 intra32=0 intra16=0 intra8=0 intra4=0 reftype=0
  snapshot f022: 3 venc_ko blocks (pool0 0x73801000 len 0x10000)
src frame 23: srcf=23 off=540 br=16000
frame 23: send=0x0 get=0x0 len=1057 coding=1 startqp=0 meanqp=0 picbytes=0 pskip=0 nalus=1 n1:1057
  cu: inter64=0 inter32=0 inter16=0 inter8=0 intra32=0 intra16=0 intra8=0 intra4=0 reftype=0
  snapshot f023: 3 venc_ko blocks (pool0 0x73801000 len 0x10000)
src frame 24: srcf=24 off=540 br=16000
frame 24: send=0x0 get=0x0 len=1040 coding=1 startqp=0 meanqp=0 picbytes=0 pskip=0 nalus=1 n1:1040
  cu: inter64=0 inter32=0 inter16=0 inter8=0 intra32=0 intra16=0 intra8=0 intra4=0 reftype=0
  snapshot f024: 3 venc_ko blocks (pool0 0x73801000 len 0x10000)
src frame 25: srcf=25 off=540 br=16000
frame 25: send=0x0 get=0x0 len=1034 coding=1 startqp=0 meanqp=0 picbytes=0 pskip=0 nalus=1 n1:1034
  cu: inter64=0 inter32=0 inter16=0 inter8=0 intra32=0 intra16=0 intra8=0 intra4=0 reftype=0
  snapshot f025: 3 venc_ko blocks (pool0 0x73801000 len 0x10000)
src frame 26: srcf=26 off=540 br=16000
frame 26: send=0x0 get=0x0 len=1037 coding=1 startqp=0 meanqp=0 picbytes=0 pskip=0 nalus=1 n1:1037
  cu: inter64=0 inter32=0 inter16=0 inter8=0 intra32=0 intra16=0 intra8=0 intra4=0 reftype=0
  snapshot f026: 3 venc_ko blocks (pool0 0x73801000 len 0x10000)
src frame 27: srcf=27 off=540 br=16000
frame 27: send=0x0 get=0x0 len=991 coding=1 startqp=0 meanqp=0 picbytes=0 pskip=0 nalus=1 n1:991
  cu: inter64=0 inter32=0 inter16=0 inter8=0 intra32=0 intra16=0 intra8=0 intra4=0 reftype=0
  snapshot f027: 3 venc_ko blocks (pool0 0x73801000 len 0x10000)
src frame 28: srcf=28 off=540 br=16000
frame 28: send=0x0 get=0x0 len=1044 coding=1 startqp=0 meanqp=0 picbytes=0 pskip=0 nalus=1 n1:1044
  cu: inter64=0 inter32=0 inter16=0 inter8=0 intra32=0 intra16=0 intra8=0 intra4=0 reftype=0
  snapshot f028: 3 venc_ko blocks (pool0 0x73801000 len 0x10000)
src frame 29: srcf=29 off=540 br=16000
frame 29: send=0x0 get=0x0 len=1072 coding=1 startqp=0 meanqp=0 picbytes=0 pskip=0 nalus=1 n1:1072
  cu: inter64=0 inter32=0 inter16=0 inter8=0 intra32=0 intra16=0 intra8=0 intra4=0 reftype=0
  snapshot f029: 3 venc_ko blocks (pool0 0x73801000 len 0x10000)
src frame 30: srcf=28 off=1080 br=16000
frame 30: send=0x0 get=0x0 len=32398 coding=0 startqp=0 meanqp=0 picbytes=0 pskip=0 nalus=4 n32:27 n33:53 n34:11 n19:32307
  cu: inter64=0 inter32=0 inter16=0 inter8=0 intra32=0 intra16=0 intra8=0 intra4=0 reftype=0
  snapshot f030: 3 venc_ko blocks (pool0 0x73801000 len 0x10000)
src frame 31: srcf=27 off=1080 br=16000
frame 31: send=0x0 get=0x0 len=5066 coding=1 startqp=0 meanqp=0 picbytes=0 pskip=0 nalus=1 n1:5066
  cu: inter64=0 inter32=0 inter16=0 inter8=0 intra32=0 intra16=0 intra8=0 intra4=0 reftype=0
  snapshot f031: 3 venc_ko blocks (pool0 0x73801000 len 0x10000)
src frame 32: srcf=26 off=1080 br=16000
frame 32: send=0x0 get=0x0 len=2460 coding=1 startqp=0 meanqp=0 picbytes=0 pskip=0 nalus=1 n1:2460
  cu: inter64=0 inter32=0 inter16=0 inter8=0 intra32=0 intra16=0 intra8=0 intra4=0 reftype=0
  snapshot f032: 3 venc_ko blocks (pool0 0x73801000 len 0x10000)
src frame 33: srcf=25 off=1080 br=16000
frame 33: send=0x0 get=0x0 len=2987 coding=1 startqp=0 meanqp=0 picbytes=0 pskip=0 nalus=1 n1:2987
  cu: inter64=0 inter32=0 inter16=0 inter8=0 intra32=0 intra16=0 intra8=0 intra4=0 reftype=0
  snapshot f033: 3 venc_ko blocks (pool0 0x73801000 len 0x10000)
src frame 34: srcf=24 off=1080 br=16000
frame 34: send=0x0 get=0x0 len=3168 coding=1 startqp=0 meanqp=0 picbytes=0 pskip=0 nalus=1 n1:3168
  cu: inter64=0 inter32=0 inter16=0 inter8=0 intra32=0 intra16=0 intra8=0 intra4=0 reftype=0
  snapshot f034: 3 venc_ko blocks (pool0 0x73801000 len 0x10000)
src frame 35: srcf=23 off=1080 br=16000
frame 35: send=0x0 get=0x0 len=3394 coding=1 startqp=0 meanqp=0 picbytes=0 pskip=0 nalus=1 n1:3394
  cu: inter64=0 inter32=0 inter16=0 inter8=0 intra32=0 intra16=0 intra8=0 intra4=0 reftype=0
  snapshot f035: 3 venc_ko blocks (pool0 0x73801000 len 0x10000)
src frame 36: srcf=22 off=1080 br=16000
frame 36: send=0x0 get=0x0 len=3531 coding=1 startqp=0 meanqp=0 picbytes=0 pskip=0 nalus=1 n1:3531
  cu: inter64=0 inter32=0 inter16=0 inter8=0 intra32=0 intra16=0 intra8=0 intra4=0 reftype=0
  snapshot f036: 3 venc_ko blocks (pool0 0x73801000 len 0x10000)
src frame 37: srcf=21 off=1080 br=16000
frame 37: send=0x0 get=0x0 len=4095 coding=1 startqp=0 meanqp=0 picbytes=0 pskip=0 nalus=1 n1:4095
  cu: inter64=0 inter32=0 inter16=0 inter8=0 intra32=0 intra16=0 intra8=0 intra4=0 reftype=0
  snapshot f037: 3 venc_ko blocks (pool0 0x73801000 len 0x10000)
src frame 38: srcf=20 off=1080 br=16000
frame 38: send=0x0 get=0x0 len=4142 coding=1 startqp=0 meanqp=0 picbytes=0 pskip=0 nalus=1 n1:4142
  cu: inter64=0 inter32=0 inter16=0 inter8=0 intra32=0 intra16=0 intra8=0 intra4=0 reftype=0
  snapshot f038: 3 venc_ko blocks (pool0 0x73801000 len 0x10000)
src frame 39: srcf=19 off=1080 br=16000
frame 39: send=0x0 get=0x0 len=4479 coding=1 startqp=0 meanqp=0 picbytes=0 pskip=0 nalus=1 n1:4479
  cu: inter64=0 inter32=0 inter16=0 inter8=0 intra32=0 intra16=0 intra8=0 intra4=0 reftype=0
  snapshot f039: 3 venc_ko blocks (pool0 0x73801000 len 0x10000)
src frame 40: srcf=18 off=1080 br=16000
frame 40: send=0x0 get=0x0 len=5136 coding=1 startqp=0 meanqp=0 picbytes=0 pskip=0 nalus=1 n1:5136
  cu: inter64=0 inter32=0 inter16=0 inter8=0 intra32=0 intra16=0 intra8=0 intra4=0 reftype=0
  snapshot f040: 3 venc_ko blocks (pool0 0x73801000 len 0x10000)
src frame 41: srcf=17 off=1080 br=16000
frame 41: send=0x0 get=0x0 len=4873 coding=1 startqp=0 meanqp=0 picbytes=0 pskip=0 nalus=1 n1:4873
  cu: inter64=0 inter32=0 inter16=0 inter8=0 intra32=0 intra16=0 intra8=0 intra4=0 reftype=0
  snapshot f041: 3 venc_ko blocks (pool0 0x73801000 len 0x10000)
src frame 42: srcf=16 off=1080 br=16000
frame 42: send=0x0 get=0x0 len=5720 coding=1 startqp=0 meanqp=0 picbytes=0 pskip=0 nalus=1 n1:5720
  cu: inter64=0 inter32=0 inter16=0 inter8=0 intra32=0 intra16=0 intra8=0 intra4=0 reftype=0
  snapshot f042: 3 venc_ko blocks (pool0 0x73801000 len 0x10000)
src frame 43: srcf=15 off=1080 br=16000
frame 43: send=0x0 get=0x0 len=5759 coding=1 startqp=0 meanqp=0 picbytes=0 pskip=0 nalus=1 n1:5759
  cu: inter64=0 inter32=0 inter16=0 inter8=0 intra32=0 intra16=0 intra8=0 intra4=0 reftype=0
  snapshot f043: 3 venc_ko blocks (pool0 0x73801000 len 0x10000)
src frame 44: srcf=14 off=1080 br=16000
frame 44: send=0x0 get=0x0 len=6353 coding=1 startqp=0 meanqp=0 picbytes=0 pskip=0 nalus=1 n1:6353
  cu: inter64=0 inter32=0 inter16=0 inter8=0 intra32=0 intra16=0 intra8=0 intra4=0 reftype=0
  snapshot f044: 3 venc_ko blocks (pool0 0x73801000 len 0x10000)
src frame 45: srcf=13 off=1620 br=16000
frame 45: send=0x0 get=0x0 len=69623 coding=1 startqp=0 meanqp=0 picbytes=0 pskip=0 nalus=1 n1:69623
  cu: inter64=0 inter32=0 inter16=0 inter8=0 intra32=0 intra16=0 intra8=0 intra4=0 reftype=0
  snapshot f045: 3 venc_ko blocks (pool0 0x73801000 len 0x10000)
src frame 46: srcf=12 off=1620 br=16000
frame 46: send=0x0 get=0x0 len=3621 coding=1 startqp=0 meanqp=0 picbytes=0 pskip=0 nalus=1 n1:3621
  cu: inter64=0 inter32=0 inter16=0 inter8=0 intra32=0 intra16=0 intra8=0 intra4=0 reftype=0
  snapshot f046: 3 venc_ko blocks (pool0 0x73801000 len 0x10000)
src frame 47: srcf=11 off=1620 br=16000
frame 47: send=0x0 get=0x0 len=1858 coding=1 startqp=0 meanqp=0 picbytes=0 pskip=0 nalus=1 n1:1858
  cu: inter64=0 inter32=0 inter16=0 inter8=0 intra32=0 intra16=0 intra8=0 intra4=0 reftype=0
  snapshot f047: 3 venc_ko blocks (pool0 0x73801000 len 0x10000)
src frame 48: srcf=10 off=1620 br=16000
frame 48: send=0x0 get=0x0 len=1553 coding=1 startqp=0 meanqp=0 picbytes=0 pskip=0 nalus=1 n1:1553
  cu: inter64=0 inter32=0 inter16=0 inter8=0 intra32=0 intra16=0 intra8=0 intra4=0 reftype=0
  snapshot f048: 3 venc_ko blocks (pool0 0x73801000 len 0x10000)
src frame 49: srcf=9 off=1620 br=16000
frame 49: send=0x0 get=0x0 len=1433 coding=1 startqp=0 meanqp=0 picbytes=0 pskip=0 nalus=1 n1:1433
  cu: inter64=0 inter32=0 inter16=0 inter8=0 intra32=0 intra16=0 intra8=0 intra4=0 reftype=0
  snapshot f049: 3 venc_ko blocks (pool0 0x73801000 len 0x10000)
src frame 50: srcf=8 off=1620 br=16000
frame 50: send=0x0 get=0x0 len=1354 coding=1 startqp=0 meanqp=0 picbytes=0 pskip=0 nalus=1 n1:1354
  cu: inter64=0 inter32=0 inter16=0 inter8=0 intra32=0 intra16=0 intra8=0 intra4=0 reftype=0
  snapshot f050: 3 venc_ko blocks (pool0 0x73801000 len 0x10000)
src frame 51: srcf=7 off=1620 br=16000
frame 51: send=0x0 get=0x0 len=1303 coding=1 startqp=0 meanqp=0 picbytes=0 pskip=0 nalus=1 n1:1303
  cu: inter64=0 inter32=0 inter16=0 inter8=0 intra32=0 intra16=0 intra8=0 intra4=0 reftype=0
  snapshot f051: 3 venc_ko blocks (pool0 0x73801000 len 0x10000)
src frame 52: srcf=6 off=1620 br=16000
frame 52: send=0x0 get=0x0 len=1196 coding=1 startqp=0 meanqp=0 picbytes=0 pskip=0 nalus=1 n1:1196
  cu: inter64=0 inter32=0 inter16=0 inter8=0 intra32=0 intra16=0 intra8=0 intra4=0 reftype=0
  snapshot f052: 3 venc_ko blocks (pool0 0x73801000 len 0x10000)
src frame 53: srcf=5 off=1620 br=16000
frame 53: send=0x0 get=0x0 len=1198 coding=1 startqp=0 meanqp=0 picbytes=0 pskip=0 nalus=1 n1:1198
  cu: inter64=0 inter32=0 inter16=0 inter8=0 intra32=0 intra16=0 intra8=0 intra4=0 reftype=0
  snapshot f053: 3 venc_ko blocks (pool0 0x73801000 len 0x10000)
src frame 54: srcf=4 off=1620 br=16000
frame 54: send=0x0 get=0x0 len=1191 coding=1 startqp=0 meanqp=0 picbytes=0 pskip=0 nalus=1 n1:1191
  cu: inter64=0 inter32=0 inter16=0 inter8=0 intra32=0 intra16=0 intra8=0 intra4=0 reftype=0
  snapshot f054: 3 venc_ko blocks (pool0 0x73801000 len 0x10000)
src frame 55: srcf=3 off=1620 br=16000
frame 55: send=0x0 get=0x0 len=1207 coding=1 startqp=0 meanqp=0 picbytes=0 pskip=0 nalus=1 n1:1207
  cu: inter64=0 inter32=0 inter16=0 inter8=0 intra32=0 intra16=0 intra8=0 intra4=0 reftype=0
  snapshot f055: 3 venc_ko blocks (pool0 0x73801000 len 0x10000)
src frame 56: srcf=2 off=1620 br=16000
frame 56: send=0x0 get=0x0 len=1198 coding=1 startqp=0 meanqp=0 picbytes=0 pskip=0 nalus=1 n1:1198
  cu: inter64=0 inter32=0 inter16=0 inter8=0 intra32=0 intra16=0 intra8=0 intra4=0 reftype=0
  snapshot f056: 3 venc_ko blocks (pool0 0x73801000 len 0x10000)
src frame 57: srcf=1 off=1620 br=16000
frame 57: send=0x0 get=0x0 len=1176 coding=1 startqp=0 meanqp=0 picbytes=0 pskip=0 nalus=1 n1:1176
  cu: inter64=0 inter32=0 inter16=0 inter8=0 intra32=0 intra16=0 intra8=0 intra4=0 reftype=0
  snapshot f057: 3 venc_ko blocks (pool0 0x73801000 len 0x10000)
src frame 58: srcf=0 off=1620 br=16000
frame 58: send=0x0 get=0x0 len=1192 coding=1 startqp=0 meanqp=0 picbytes=0 pskip=0 nalus=1 n1:1192
  cu: inter64=0 inter32=0 inter16=0 inter8=0 intra32=0 intra16=0 intra8=0 intra4=0 reftype=0
  snapshot f058: 3 venc_ko blocks (pool0 0x73801000 len 0x10000)
src frame 59: srcf=1 off=1620 br=16000
frame 59: send=0x0 get=0x0 len=1182 coding=1 startqp=0 meanqp=0 picbytes=0 pskip=0 nalus=1 n1:1182
  cu: inter64=0 inter32=0 inter16=0 inter8=0 intra32=0 intra16=0 intra8=0 intra4=0 reftype=0
  snapshot f059: 3 venc_ko blocks (pool0 0x73801000 len 0x10000)
src frame 60: srcf=2 off=2160 br=16000
frame 60: send=0x0 get=0x0 len=36210 coding=0 startqp=0 meanqp=0 picbytes=0 pskip=0 nalus=4 n32:27 n33:53 n34:11 n19:36119
  cu: inter64=0 inter32=0 inter16=0 inter8=0 intra32=0 intra16=0 intra8=0 intra4=0 reftype=0
  snapshot f060: 3 venc_ko blocks (pool0 0x73801000 len 0x10000)
src frame 61: srcf=3 off=2160 br=16000
frame 61: send=0x0 get=0x0 len=4978 coding=1 startqp=0 meanqp=0 picbytes=0 pskip=0 nalus=1 n1:4978
  cu: inter64=0 inter32=0 inter16=0 inter8=0 intra32=0 intra16=0 intra8=0 intra4=0 reftype=0
  snapshot f061: 3 venc_ko blocks (pool0 0x73801000 len 0x10000)
src frame 62: srcf=4 off=2160 br=16000
frame 62: send=0x0 get=0x0 len=2613 coding=1 startqp=0 meanqp=0 picbytes=0 pskip=0 nalus=1 n1:2613
  cu: inter64=0 inter32=0 inter16=0 inter8=0 intra32=0 intra16=0 intra8=0 intra4=0 reftype=0
  snapshot f062: 3 venc_ko blocks (pool0 0x73801000 len 0x10000)
src frame 63: srcf=5 off=2160 br=16000
frame 63: send=0x0 get=0x0 len=2795 coding=1 startqp=0 meanqp=0 picbytes=0 pskip=0 nalus=1 n1:2795
  cu: inter64=0 inter32=0 inter16=0 inter8=0 intra32=0 intra16=0 intra8=0 intra4=0 reftype=0
  snapshot f063: 3 venc_ko blocks (pool0 0x73801000 len 0x10000)
src frame 64: srcf=6 off=2160 br=16000
frame 64: send=0x0 get=0x0 len=3283 coding=1 startqp=0 meanqp=0 picbytes=0 pskip=0 nalus=1 n1:3283
  cu: inter64=0 inter32=0 inter16=0 inter8=0 intra32=0 intra16=0 intra8=0 intra4=0 reftype=0
  snapshot f064: 3 venc_ko blocks (pool0 0x73801000 len 0x10000)
src frame 65: srcf=7 off=2160 br=16000
frame 65: send=0x0 get=0x0 len=3391 coding=1 startqp=0 meanqp=0 picbytes=0 pskip=0 nalus=1 n1:3391
  cu: inter64=0 inter32=0 inter16=0 inter8=0 intra32=0 intra16=0 intra8=0 intra4=0 reftype=0
  snapshot f065: 3 venc_ko blocks (pool0 0x73801000 len 0x10000)
src frame 66: srcf=8 off=2160 br=16000
frame 66: send=0x0 get=0x0 len=3900 coding=1 startqp=0 meanqp=0 picbytes=0 pskip=0 nalus=1 n1:3900
  cu: inter64=0 inter32=0 inter16=0 inter8=0 intra32=0 intra16=0 intra8=0 intra4=0 reftype=0
  snapshot f066: 3 venc_ko blocks (pool0 0x73801000 len 0x10000)
src frame 67: srcf=9 off=2160 br=16000
frame 67: send=0x0 get=0x0 len=4323 coding=1 startqp=0 meanqp=0 picbytes=0 pskip=0 nalus=1 n1:4323
  cu: inter64=0 inter32=0 inter16=0 inter8=0 intra32=0 intra16=0 intra8=0 intra4=0 reftype=0
  snapshot f067: 3 venc_ko blocks (pool0 0x73801000 len 0x10000)
src frame 68: srcf=10 off=2160 br=16000
frame 68: send=0x0 get=0x0 len=4706 coding=1 startqp=0 meanqp=0 picbytes=0 pskip=0 nalus=1 n1:4706
  cu: inter64=0 inter32=0 inter16=0 inter8=0 intra32=0 intra16=0 intra8=0 intra4=0 reftype=0
  snapshot f068: 3 venc_ko blocks (pool0 0x73801000 len 0x10000)
src frame 69: srcf=11 off=2160 br=16000
frame 69: send=0x0 get=0x0 len=4723 coding=1 startqp=0 meanqp=0 picbytes=0 pskip=0 nalus=1 n1:4723
  cu: inter64=0 inter32=0 inter16=0 inter8=0 intra32=0 intra16=0 intra8=0 intra4=0 reftype=0
  snapshot f069: 3 venc_ko blocks (pool0 0x73801000 len 0x10000)
src frame 70: srcf=12 off=2160 br=16000
frame 70: send=0x0 get=0x0 len=5244 coding=1 startqp=0 meanqp=0 picbytes=0 pskip=0 nalus=1 n1:5244
  cu: inter64=0 inter32=0 inter16=0 inter8=0 intra32=0 intra16=0 intra8=0 intra4=0 reftype=0
  snapshot f070: 3 venc_ko blocks (pool0 0x73801000 len 0x10000)
src frame 71: srcf=13 off=2160 br=16000
frame 71: send=0x0 get=0x0 len=5782 coding=1 startqp=0 meanqp=0 picbytes=0 pskip=0 nalus=1 n1:5782
  cu: inter64=0 inter32=0 inter16=0 inter8=0 intra32=0 intra16=0 intra8=0 intra4=0 reftype=0
  snapshot f071: 3 venc_ko blocks (pool0 0x73801000 len 0x10000)
src frame 72: srcf=14 off=2160 br=16000
frame 72: send=0x0 get=0x0 len=6088 coding=1 startqp=0 meanqp=0 picbytes=0 pskip=0 nalus=1 n1:6088
  cu: inter64=0 inter32=0 inter16=0 inter8=0 intra32=0 intra16=0 intra8=0 intra4=0 reftype=0
  snapshot f072: 3 venc_ko blocks (pool0 0x73801000 len 0x10000)
src frame 73: srcf=15 off=2160 br=16000
frame 73: send=0x0 get=0x0 len=3210 coding=1 startqp=0 meanqp=0 picbytes=0 pskip=0 nalus=1 n1:3210
  cu: inter64=0 inter32=0 inter16=0 inter8=0 intra32=0 intra16=0 intra8=0 intra4=0 reftype=0
  snapshot f073: 3 venc_ko blocks (pool0 0x73801000 len 0x10000)
src frame 74: srcf=16 off=2160 br=16000
frame 74: send=0x0 get=0x0 len=2902 coding=1 startqp=0 meanqp=0 picbytes=0 pskip=0 nalus=1 n1:2902
  cu: inter64=0 inter32=0 inter16=0 inter8=0 intra32=0 intra16=0 intra8=0 intra4=0 reftype=0
  snapshot f074: 3 venc_ko blocks (pool0 0x73801000 len 0x10000)
src frame 75: srcf=17 off=2700 br=16000
frame 75: send=0x0 get=0x0 len=56072 coding=1 startqp=0 meanqp=0 picbytes=0 pskip=0 nalus=1 n1:56072
  cu: inter64=0 inter32=0 inter16=0 inter8=0 intra32=0 intra16=0 intra8=0 intra4=0 reftype=0
  snapshot f075: 3 venc_ko blocks (pool0 0x73801000 len 0x10000)
src frame 76: srcf=18 off=2700 br=16000
frame 76: send=0x0 get=0x0 len=20142 coding=1 startqp=0 meanqp=0 picbytes=0 pskip=0 nalus=1 n1:20142
  cu: inter64=0 inter32=0 inter16=0 inter8=0 intra32=0 intra16=0 intra8=0 intra4=0 reftype=0
  snapshot f076: 3 venc_ko blocks (pool0 0x73801000 len 0x10000)
src frame 77: srcf=19 off=2700 br=16000
frame 77: send=0x0 get=0x0 len=2970 coding=1 startqp=0 meanqp=0 picbytes=0 pskip=0 nalus=1 n1:2970
  cu: inter64=0 inter32=0 inter16=0 inter8=0 intra32=0 intra16=0 intra8=0 intra4=0 reftype=0
  snapshot f077: 3 venc_ko blocks (pool0 0x73801000 len 0x10000)
src frame 78: srcf=20 off=2700 br=16000
frame 78: send=0x0 get=0x0 len=1790 coding=1 startqp=0 meanqp=0 picbytes=0 pskip=0 nalus=1 n1:1790
  cu: inter64=0 inter32=0 inter16=0 inter8=0 intra32=0 intra16=0 intra8=0 intra4=0 reftype=0
  snapshot f078: 3 venc_ko blocks (pool0 0x73801000 len 0x10000)
src frame 79: srcf=21 off=2700 br=16000
frame 79: send=0x0 get=0x0 len=1771 coding=1 startqp=0 meanqp=0 picbytes=0 pskip=0 nalus=1 n1:1771
  cu: inter64=0 inter32=0 inter16=0 inter8=0 intra32=0 intra16=0 intra8=0 intra4=0 reftype=0
  snapshot f079: 3 venc_ko blocks (pool0 0x73801000 len 0x10000)
src frame 80: srcf=22 off=2700 br=16000
frame 80: send=0x0 get=0x0 len=1605 coding=1 startqp=0 meanqp=0 picbytes=0 pskip=0 nalus=1 n1:1605
  cu: inter64=0 inter32=0 inter16=0 inter8=0 intra32=0 intra16=0 intra8=0 intra4=0 reftype=0
  snapshot f080: 3 venc_ko blocks (pool0 0x73801000 len 0x10000)
src frame 81: srcf=23 off=2700 br=16000
frame 81: send=0x0 get=0x0 len=1417 coding=1 startqp=0 meanqp=0 picbytes=0 pskip=0 nalus=1 n1:1417
  cu: inter64=0 inter32=0 inter16=0 inter8=0 intra32=0 intra16=0 intra8=0 intra4=0 reftype=0
  snapshot f081: 3 venc_ko blocks (pool0 0x73801000 len 0x10000)
src frame 82: srcf=24 off=2700 br=16000
frame 82: send=0x0 get=0x0 len=1401 coding=1 startqp=0 meanqp=0 picbytes=0 pskip=0 nalus=1 n1:1401
  cu: inter64=0 inter32=0 inter16=0 inter8=0 intra32=0 intra16=0 intra8=0 intra4=0 reftype=0
  snapshot f082: 3 venc_ko blocks (pool0 0x73801000 len 0x10000)
src frame 83: srcf=25 off=2700 br=16000
frame 83: send=0x0 get=0x0 len=1318 coding=1 startqp=0 meanqp=0 picbytes=0 pskip=0 nalus=1 n1:1318
  cu: inter64=0 inter32=0 inter16=0 inter8=0 intra32=0 intra16=0 intra8=0 intra4=0 reftype=0
  snapshot f083: 3 venc_ko blocks (pool0 0x73801000 len 0x10000)
src frame 84: srcf=26 off=2700 br=16000
frame 84: send=0x0 get=0x0 len=1308 coding=1 startqp=0 meanqp=0 picbytes=0 pskip=0 nalus=1 n1:1308
  cu: inter64=0 inter32=0 inter16=0 inter8=0 intra32=0 intra16=0 intra8=0 intra4=0 reftype=0
  snapshot f084: 3 venc_ko blocks (pool0 0x73801000 len 0x10000)
src frame 85: srcf=27 off=2700 br=16000
frame 85: send=0x0 get=0x0 len=1228 coding=1 startqp=0 meanqp=0 picbytes=0 pskip=0 nalus=1 n1:1228
  cu: inter64=0 inter32=0 inter16=0 inter8=0 intra32=0 intra16=0 intra8=0 intra4=0 reftype=0
  snapshot f085: 3 venc_ko blocks (pool0 0x73801000 len 0x10000)
src frame 86: srcf=28 off=2700 br=16000
frame 86: send=0x0 get=0x0 len=1248 coding=1 startqp=0 meanqp=0 picbytes=0 pskip=0 nalus=1 n1:1248
  cu: inter64=0 inter32=0 inter16=0 inter8=0 intra32=0 intra16=0 intra8=0 intra4=0 reftype=0
  snapshot f086: 3 venc_ko blocks (pool0 0x73801000 len 0x10000)
src frame 87: srcf=29 off=2700 br=16000
frame 87: send=0x0 get=0x0 len=1211 coding=1 startqp=0 meanqp=0 picbytes=0 pskip=0 nalus=1 n1:1211
  cu: inter64=0 inter32=0 inter16=0 inter8=0 intra32=0 intra16=0 intra8=0 intra4=0 reftype=0
  snapshot f087: 3 venc_ko blocks (pool0 0x73801000 len 0x10000)
src frame 88: srcf=28 off=2700 br=16000
frame 88: send=0x0 get=0x0 len=1210 coding=1 startqp=0 meanqp=0 picbytes=0 pskip=0 nalus=1 n1:1210
  cu: inter64=0 inter32=0 inter16=0 inter8=0 intra32=0 intra16=0 intra8=0 intra4=0 reftype=0
  snapshot f088: 3 venc_ko blocks (pool0 0x73801000 len 0x10000)
src frame 89: srcf=27 off=2700 br=16000
frame 89: send=0x0 get=0x0 len=1208 coding=1 startqp=0 meanqp=0 picbytes=0 pskip=0 nalus=1 n1:1208
  cu: inter64=0 inter32=0 inter16=0 inter8=0 intra32=0 intra16=0 intra8=0 intra4=0 reftype=0
  snapshot f089: 3 venc_ko blocks (pool0 0x73801000 len 0x10000)
src frame 90: srcf=26 off=3240 br=16000
frame 90: send=0x0 get=0x0 len=39760 coding=0 startqp=0 meanqp=0 picbytes=0 pskip=0 nalus=4 n32:27 n33:53 n34:11 n19:39669
  cu: inter64=0 inter32=0 inter16=0 inter8=0 intra32=0 intra16=0 intra8=0 intra4=0 reftype=0
  snapshot f090: 3 venc_ko blocks (pool0 0x73801000 len 0x10000)
src frame 91: srcf=25 off=3240 br=16000
frame 91: send=0x0 get=0x0 len=5197 coding=1 startqp=0 meanqp=0 picbytes=0 pskip=0 nalus=1 n1:5197
  cu: inter64=0 inter32=0 inter16=0 inter8=0 intra32=0 intra16=0 intra8=0 intra4=0 reftype=0
  snapshot f091: 3 venc_ko blocks (pool0 0x73801000 len 0x10000)
src frame 92: srcf=24 off=3240 br=16000
frame 92: send=0x0 get=0x0 len=2782 coding=1 startqp=0 meanqp=0 picbytes=0 pskip=0 nalus=1 n1:2782
  cu: inter64=0 inter32=0 inter16=0 inter8=0 intra32=0 intra16=0 intra8=0 intra4=0 reftype=0
  snapshot f092: 3 venc_ko blocks (pool0 0x73801000 len 0x10000)
src frame 93: srcf=23 off=3240 br=16000
frame 93: send=0x0 get=0x0 len=3334 coding=1 startqp=0 meanqp=0 picbytes=0 pskip=0 nalus=1 n1:3334
  cu: inter64=0 inter32=0 inter16=0 inter8=0 intra32=0 intra16=0 intra8=0 intra4=0 reftype=0
  snapshot f093: 3 venc_ko blocks (pool0 0x73801000 len 0x10000)
src frame 94: srcf=22 off=3240 br=16000
frame 94: send=0x0 get=0x0 len=3419 coding=1 startqp=0 meanqp=0 picbytes=0 pskip=0 nalus=1 n1:3419
  cu: inter64=0 inter32=0 inter16=0 inter8=0 intra32=0 intra16=0 intra8=0 intra4=0 reftype=0
  snapshot f094: 3 venc_ko blocks (pool0 0x73801000 len 0x10000)
src frame 95: srcf=21 off=3240 br=16000
frame 95: send=0x0 get=0x0 len=3938 coding=1 startqp=0 meanqp=0 picbytes=0 pskip=0 nalus=1 n1:3938
  cu: inter64=0 inter32=0 inter16=0 inter8=0 intra32=0 intra16=0 intra8=0 intra4=0 reftype=0
  snapshot f095: 3 venc_ko blocks (pool0 0x73801000 len 0x10000)
src frame 96: srcf=20 off=3240 br=16000
frame 96: send=0x0 get=0x0 len=4143 coding=1 startqp=0 meanqp=0 picbytes=0 pskip=0 nalus=1 n1:4143
  cu: inter64=0 inter32=0 inter16=0 inter8=0 intra32=0 intra16=0 intra8=0 intra4=0 reftype=0
  snapshot f096: 3 venc_ko blocks (pool0 0x73801000 len 0x10000)
src frame 97: srcf=19 off=3240 br=16000
frame 97: send=0x0 get=0x0 len=4498 coding=1 startqp=0 meanqp=0 picbytes=0 pskip=0 nalus=1 n1:4498
  cu: inter64=0 inter32=0 inter16=0 inter8=0 intra32=0 intra16=0 intra8=0 intra4=0 reftype=0
  snapshot f097: 3 venc_ko blocks (pool0 0x73801000 len 0x10000)
src frame 98: srcf=18 off=3240 br=16000
frame 98: send=0x0 get=0x0 len=4914 coding=1 startqp=0 meanqp=0 picbytes=0 pskip=0 nalus=1 n1:4914
  cu: inter64=0 inter32=0 inter16=0 inter8=0 intra32=0 intra16=0 intra8=0 intra4=0 reftype=0
  snapshot f098: 3 venc_ko blocks (pool0 0x73801000 len 0x10000)
src frame 99: srcf=17 off=3240 br=16000
frame 99: send=0x0 get=0x0 len=5279 coding=1 startqp=0 meanqp=0 picbytes=0 pskip=0 nalus=1 n1:5279
  cu: inter64=0 inter32=0 inter16=0 inter8=0 intra32=0 intra16=0 intra8=0 intra4=0 reftype=0
  snapshot f099: 3 venc_ko blocks (pool0 0x73801000 len 0x10000)
src frame 100: srcf=16 off=3240 br=16000
frame 100: send=0x0 get=0x0 len=6054 coding=1 startqp=0 meanqp=0 picbytes=0 pskip=0 nalus=1 n1:6054
  cu: inter64=0 inter32=0 inter16=0 inter8=0 intra32=0 intra16=0 intra8=0 intra4=0 reftype=0
  snapshot f100: 3 venc_ko blocks (pool0 0x73801000 len 0x10000)
src frame 101: srcf=15 off=3240 br=16000
frame 101: send=0x0 get=0x0 len=3119 coding=1 startqp=0 meanqp=0 picbytes=0 pskip=0 nalus=1 n1:3119
  cu: inter64=0 inter32=0 inter16=0 inter8=0 intra32=0 intra16=0 intra8=0 intra4=0 reftype=0
  snapshot f101: 3 venc_ko blocks (pool0 0x73801000 len 0x10000)
src frame 102: srcf=14 off=3240 br=16000
frame 102: send=0x0 get=0x0 len=3088 coding=1 startqp=0 meanqp=0 picbytes=0 pskip=0 nalus=1 n1:3088
  cu: inter64=0 inter32=0 inter16=0 inter8=0 intra32=0 intra16=0 intra8=0 intra4=0 reftype=0
  snapshot f102: 3 venc_ko blocks (pool0 0x73801000 len 0x10000)
src frame 103: srcf=13 off=3240 br=16000
frame 103: send=0x0 get=0x0 len=2716 coding=1 startqp=0 meanqp=0 picbytes=0 pskip=0 nalus=1 n1:2716
  cu: inter64=0 inter32=0 inter16=0 inter8=0 intra32=0 intra16=0 intra8=0 intra4=0 reftype=0
  snapshot f103: 3 venc_ko blocks (pool0 0x73801000 len 0x10000)
src frame 104: srcf=12 off=3240 br=16000
frame 104: send=0x0 get=0x0 len=2573 coding=1 startqp=0 meanqp=0 picbytes=0 pskip=0 nalus=1 n1:2573
  cu: inter64=0 inter32=0 inter16=0 inter8=0 intra32=0 intra16=0 intra8=0 intra4=0 reftype=0
  snapshot f104: 3 venc_ko blocks (pool0 0x73801000 len 0x10000)
src frame 105: srcf=11 off=3780 br=16000
frame 105: send=0x0 get=0x0 len=71416 coding=1 startqp=0 meanqp=0 picbytes=0 pskip=0 nalus=1 n1:71416
  cu: inter64=0 inter32=0 inter16=0 inter8=0 intra32=0 intra16=0 intra8=0 intra4=0 reftype=0
  snapshot f105: 3 venc_ko blocks (pool0 0x73801000 len 0x10000)
src frame 106: srcf=10 off=3780 br=16000
frame 106: send=0x0 get=0x0 len=3626 coding=1 startqp=0 meanqp=0 picbytes=0 pskip=0 nalus=1 n1:3626
  cu: inter64=0 inter32=0 inter16=0 inter8=0 intra32=0 intra16=0 intra8=0 intra4=0 reftype=0
  snapshot f106: 3 venc_ko blocks (pool0 0x73801000 len 0x10000)
src frame 107: srcf=9 off=3780 br=16000
frame 107: send=0x0 get=0x0 len=1778 coding=1 startqp=0 meanqp=0 picbytes=0 pskip=0 nalus=1 n1:1778
  cu: inter64=0 inter32=0 inter16=0 inter8=0 intra32=0 intra16=0 intra8=0 intra4=0 reftype=0
  snapshot f107: 3 venc_ko blocks (pool0 0x73801000 len 0x10000)
src frame 108: srcf=8 off=3780 br=16000
frame 108: send=0x0 get=0x0 len=1589 coding=1 startqp=0 meanqp=0 picbytes=0 pskip=0 nalus=1 n1:1589
  cu: inter64=0 inter32=0 inter16=0 inter8=0 intra32=0 intra16=0 intra8=0 intra4=0 reftype=0
  snapshot f108: 3 venc_ko blocks (pool0 0x73801000 len 0x10000)
src frame 109: srcf=7 off=3780 br=16000
frame 109: send=0x0 get=0x0 len=1449 coding=1 startqp=0 meanqp=0 picbytes=0 pskip=0 nalus=1 n1:1449
  cu: inter64=0 inter32=0 inter16=0 inter8=0 intra32=0 intra16=0 intra8=0 intra4=0 reftype=0
  snapshot f109: 3 venc_ko blocks (pool0 0x73801000 len 0x10000)
src frame 110: srcf=6 off=3780 br=16000
frame 110: send=0x0 get=0x0 len=1350 coding=1 startqp=0 meanqp=0 picbytes=0 pskip=0 nalus=1 n1:1350
  cu: inter64=0 inter32=0 inter16=0 inter8=0 intra32=0 intra16=0 intra8=0 intra4=0 reftype=0
  snapshot f110: 3 venc_ko blocks (pool0 0x73801000 len 0x10000)
src frame 111: srcf=5 off=3780 br=16000
frame 111: send=0x0 get=0x0 len=1387 coding=1 startqp=0 meanqp=0 picbytes=0 pskip=0 nalus=1 n1:1387
  cu: inter64=0 inter32=0 inter16=0 inter8=0 intra32=0 intra16=0 intra8=0 intra4=0 reftype=0
  snapshot f111: 3 venc_ko blocks (pool0 0x73801000 len 0x10000)
src frame 112: srcf=4 off=3780 br=16000
frame 112: send=0x0 get=0x0 len=1236 coding=1 startqp=0 meanqp=0 picbytes=0 pskip=0 nalus=1 n1:1236
  cu: inter64=0 inter32=0 inter16=0 inter8=0 intra32=0 intra16=0 intra8=0 intra4=0 reftype=0
  snapshot f112: 3 venc_ko blocks (pool0 0x73801000 len 0x10000)
src frame 113: srcf=3 off=3780 br=16000
frame 113: send=0x0 get=0x0 len=1247 coding=1 startqp=0 meanqp=0 picbytes=0 pskip=0 nalus=1 n1:1247
  cu: inter64=0 inter32=0 inter16=0 inter8=0 intra32=0 intra16=0 intra8=0 intra4=0 reftype=0
  snapshot f113: 3 venc_ko blocks (pool0 0x73801000 len 0x10000)
src frame 114: srcf=2 off=3780 br=16000
frame 114: send=0x0 get=0x0 len=1212 coding=1 startqp=0 meanqp=0 picbytes=0 pskip=0 nalus=1 n1:1212
  cu: inter64=0 inter32=0 inter16=0 inter8=0 intra32=0 intra16=0 intra8=0 intra4=0 reftype=0
  snapshot f114: 3 venc_ko blocks (pool0 0x73801000 len 0x10000)
src frame 115: srcf=1 off=3780 br=16000
frame 115: send=0x0 get=0x0 len=1225 coding=1 startqp=0 meanqp=0 picbytes=0 pskip=0 nalus=1 n1:1225
  cu: inter64=0 inter32=0 inter16=0 inter8=0 intra32=0 intra16=0 intra8=0 intra4=0 reftype=0
  snapshot f115: 3 venc_ko blocks (pool0 0x73801000 len 0x10000)
src frame 116: srcf=0 off=3780 br=16000
frame 116: send=0x0 get=0x0 len=1219 coding=1 startqp=0 meanqp=0 picbytes=0 pskip=0 nalus=1 n1:1219
  cu: inter64=0 inter32=0 inter16=0 inter8=0 intra32=0 intra16=0 intra8=0 intra4=0 reftype=0
  snapshot f116: 3 venc_ko blocks (pool0 0x73801000 len 0x10000)
src frame 117: srcf=1 off=3780 br=16000
frame 117: send=0x0 get=0x0 len=1220 coding=1 startqp=0 meanqp=0 picbytes=0 pskip=0 nalus=1 n1:1220
  cu: inter64=0 inter32=0 inter16=0 inter8=0 intra32=0 intra16=0 intra8=0 intra4=0 reftype=0
  snapshot f117: 3 venc_ko blocks (pool0 0x73801000 len 0x10000)
src frame 118: srcf=2 off=3780 br=16000
frame 118: send=0x0 get=0x0 len=1180 coding=1 startqp=0 meanqp=0 picbytes=0 pskip=0 nalus=1 n1:1180
  cu: inter64=0 inter32=0 inter16=0 inter8=0 intra32=0 intra16=0 intra8=0 intra4=0 reftype=0
  snapshot f118: 3 venc_ko blocks (pool0 0x73801000 len 0x10000)
src frame 119: srcf=3 off=3780 br=16000
frame 119: send=0x0 get=0x0 len=1226 coding=1 startqp=0 meanqp=0 picbytes=0 pskip=0 nalus=1 n1:1226
  cu: inter64=0 inter32=0 inter16=0 inter8=0 intra32=0 intra16=0 intra8=0 intra4=0 reftype=0
  snapshot f119: 3 venc_ko blocks (pool0 0x73801000 len 0x10000)
src frame 120: srcf=4 off=4320 br=16000
frame 120: send=0x0 get=0x0 len=43591 coding=0 startqp=0 meanqp=0 picbytes=0 pskip=0 nalus=4 n32:27 n33:53 n34:11 n19:43500
  cu: inter64=0 inter32=0 inter16=0 inter8=0 intra32=0 intra16=0 intra8=0 intra4=0 reftype=0
  snapshot f120: 3 venc_ko blocks (pool0 0x73801000 len 0x10000)
src frame 121: srcf=5 off=4320 br=16000
frame 121: send=0x0 get=0x0 len=5553 coding=1 startqp=0 meanqp=0 picbytes=0 pskip=0 nalus=1 n1:5553
  cu: inter64=0 inter32=0 inter16=0 inter8=0 intra32=0 intra16=0 intra8=0 intra4=0 reftype=0
  snapshot f121: 3 venc_ko blocks (pool0 0x73801000 len 0x10000)
src frame 122: srcf=6 off=4320 br=16000
frame 122: send=0x0 get=0x0 len=2467 coding=1 startqp=0 meanqp=0 picbytes=0 pskip=0 nalus=1 n1:2467
  cu: inter64=0 inter32=0 inter16=0 inter8=0 intra32=0 intra16=0 intra8=0 intra4=0 reftype=0
  snapshot f122: 3 venc_ko blocks (pool0 0x73801000 len 0x10000)
src frame 123: srcf=7 off=4320 br=16000
frame 123: send=0x0 get=0x0 len=3619 coding=1 startqp=0 meanqp=0 picbytes=0 pskip=0 nalus=1 n1:3619
  cu: inter64=0 inter32=0 inter16=0 inter8=0 intra32=0 intra16=0 intra8=0 intra4=0 reftype=0
  snapshot f123: 3 venc_ko blocks (pool0 0x73801000 len 0x10000)
src frame 124: srcf=8 off=4320 br=16000
frame 124: send=0x0 get=0x0 len=3832 coding=1 startqp=0 meanqp=0 picbytes=0 pskip=0 nalus=1 n1:3832
  cu: inter64=0 inter32=0 inter16=0 inter8=0 intra32=0 intra16=0 intra8=0 intra4=0 reftype=0
  snapshot f124: 3 venc_ko blocks (pool0 0x73801000 len 0x10000)
src frame 125: srcf=9 off=4320 br=16000
frame 125: send=0x0 get=0x0 len=3800 coding=1 startqp=0 meanqp=0 picbytes=0 pskip=0 nalus=1 n1:3800
  cu: inter64=0 inter32=0 inter16=0 inter8=0 intra32=0 intra16=0 intra8=0 intra4=0 reftype=0
  snapshot f125: 3 venc_ko blocks (pool0 0x73801000 len 0x10000)
src frame 126: srcf=10 off=4320 br=16000
frame 126: send=0x0 get=0x0 len=4758 coding=1 startqp=0 meanqp=0 picbytes=0 pskip=0 nalus=1 n1:4758
  cu: inter64=0 inter32=0 inter16=0 inter8=0 intra32=0 intra16=0 intra8=0 intra4=0 reftype=0
  snapshot f126: 3 venc_ko blocks (pool0 0x73801000 len 0x10000)
src frame 127: srcf=11 off=4320 br=16000
frame 127: send=0x0 get=0x0 len=4530 coding=1 startqp=0 meanqp=0 picbytes=0 pskip=0 nalus=1 n1:4530
  cu: inter64=0 inter32=0 inter16=0 inter8=0 intra32=0 intra16=0 intra8=0 intra4=0 reftype=0
  snapshot f127: 3 venc_ko blocks (pool0 0x73801000 len 0x10000)
src frame 128: srcf=12 off=4320 br=16000
frame 128: send=0x0 get=0x0 len=5487 coding=1 startqp=0 meanqp=0 picbytes=0 pskip=0 nalus=1 n1:5487
  cu: inter64=0 inter32=0 inter16=0 inter8=0 intra32=0 intra16=0 intra8=0 intra4=0 reftype=0
  snapshot f128: 3 venc_ko blocks (pool0 0x73801000 len 0x10000)
src frame 129: srcf=13 off=4320 br=16000
frame 129: send=0x0 get=0x0 len=3073 coding=1 startqp=0 meanqp=0 picbytes=0 pskip=0 nalus=1 n1:3073
  cu: inter64=0 inter32=0 inter16=0 inter8=0 intra32=0 intra16=0 intra8=0 intra4=0 reftype=0
  snapshot f129: 3 venc_ko blocks (pool0 0x73801000 len 0x10000)
src frame 130: srcf=14 off=4320 br=16000
frame 130: send=0x0 get=0x0 len=2502 coding=1 startqp=0 meanqp=0 picbytes=0 pskip=0 nalus=1 n1:2502
  cu: inter64=0 inter32=0 inter16=0 inter8=0 intra32=0 intra16=0 intra8=0 intra4=0 reftype=0
  snapshot f130: 3 venc_ko blocks (pool0 0x73801000 len 0x10000)
src frame 131: srcf=15 off=4320 br=16000
frame 131: send=0x0 get=0x0 len=2753 coding=1 startqp=0 meanqp=0 picbytes=0 pskip=0 nalus=1 n1:2753
  cu: inter64=0 inter32=0 inter16=0 inter8=0 intra32=0 intra16=0 intra8=0 intra4=0 reftype=0
  snapshot f131: 3 venc_ko blocks (pool0 0x73801000 len 0x10000)
src frame 132: srcf=16 off=4320 br=16000
frame 132: send=0x0 get=0x0 len=2414 coding=1 startqp=0 meanqp=0 picbytes=0 pskip=0 nalus=1 n1:2414
  cu: inter64=0 inter32=0 inter16=0 inter8=0 intra32=0 intra16=0 intra8=0 intra4=0 reftype=0
  snapshot f132: 3 venc_ko blocks (pool0 0x73801000 len 0x10000)
src frame 133: srcf=17 off=4320 br=16000
frame 133: send=0x0 get=0x0 len=2289 coding=1 startqp=0 meanqp=0 picbytes=0 pskip=0 nalus=1 n1:2289
  cu: inter64=0 inter32=0 inter16=0 inter8=0 intra32=0 intra16=0 intra8=0 intra4=0 reftype=0
  snapshot f133: 3 venc_ko blocks (pool0 0x73801000 len 0x10000)
src frame 134: srcf=18 off=4320 br=16000
frame 134: send=0x0 get=0x0 len=2373 coding=1 startqp=0 meanqp=0 picbytes=0 pskip=0 nalus=1 n1:2373
  cu: inter64=0 inter32=0 inter16=0 inter8=0 intra32=0 intra16=0 intra8=0 intra4=0 reftype=0
  snapshot f134: 3 venc_ko blocks (pool0 0x73801000 len 0x10000)
src frame 135: srcf=19 off=4860 br=16000
frame 135: send=0x0 get=0x0 len=63589 coding=1 startqp=0 meanqp=0 picbytes=0 pskip=0 nalus=1 n1:63589
  cu: inter64=0 inter32=0 inter16=0 inter8=0 intra32=0 intra16=0 intra8=0 intra4=0 reftype=0
  snapshot f135: 3 venc_ko blocks (pool0 0x73801000 len 0x10000)
src frame 136: srcf=20 off=4860 br=16000
frame 136: send=0x0 get=0x0 len=13118 coding=1 startqp=0 meanqp=0 picbytes=0 pskip=0 nalus=1 n1:13118
  cu: inter64=0 inter32=0 inter16=0 inter8=0 intra32=0 intra16=0 intra8=0 intra4=0 reftype=0
  snapshot f136: 3 venc_ko blocks (pool0 0x73801000 len 0x10000)
src frame 137: srcf=21 off=4860 br=16000
frame 137: send=0x0 get=0x0 len=2667 coding=1 startqp=0 meanqp=0 picbytes=0 pskip=0 nalus=1 n1:2667
  cu: inter64=0 inter32=0 inter16=0 inter8=0 intra32=0 intra16=0 intra8=0 intra4=0 reftype=0
  snapshot f137: 3 venc_ko blocks (pool0 0x73801000 len 0x10000)
src frame 138: srcf=22 off=4860 br=16000
frame 138: send=0x0 get=0x0 len=1858 coding=1 startqp=0 meanqp=0 picbytes=0 pskip=0 nalus=1 n1:1858
  cu: inter64=0 inter32=0 inter16=0 inter8=0 intra32=0 intra16=0 intra8=0 intra4=0 reftype=0
  snapshot f138: 3 venc_ko blocks (pool0 0x73801000 len 0x10000)
src frame 139: srcf=23 off=4860 br=16000
frame 139: send=0x0 get=0x0 len=1466 coding=1 startqp=0 meanqp=0 picbytes=0 pskip=0 nalus=1 n1:1466
  cu: inter64=0 inter32=0 inter16=0 inter8=0 intra32=0 intra16=0 intra8=0 intra4=0 reftype=0
  snapshot f139: 3 venc_ko blocks (pool0 0x73801000 len 0x10000)
src frame 140: srcf=24 off=4860 br=16000
frame 140: send=0x0 get=0x0 len=1310 coding=1 startqp=0 meanqp=0 picbytes=0 pskip=0 nalus=1 n1:1310
  cu: inter64=0 inter32=0 inter16=0 inter8=0 intra32=0 intra16=0 intra8=0 intra4=0 reftype=0
  snapshot f140: 3 venc_ko blocks (pool0 0x73801000 len 0x10000)
src frame 141: srcf=25 off=4860 br=16000
frame 141: send=0x0 get=0x0 len=1270 coding=1 startqp=0 meanqp=0 picbytes=0 pskip=0 nalus=1 n1:1270
  cu: inter64=0 inter32=0 inter16=0 inter8=0 intra32=0 intra16=0 intra8=0 intra4=0 reftype=0
  snapshot f141: 3 venc_ko blocks (pool0 0x73801000 len 0x10000)
src frame 142: srcf=26 off=4860 br=16000
frame 142: send=0x0 get=0x0 len=1188 coding=1 startqp=0 meanqp=0 picbytes=0 pskip=0 nalus=1 n1:1188
  cu: inter64=0 inter32=0 inter16=0 inter8=0 intra32=0 intra16=0 intra8=0 intra4=0 reftype=0
  snapshot f142: 3 venc_ko blocks (pool0 0x73801000 len 0x10000)
src frame 143: srcf=27 off=4860 br=16000
frame 143: send=0x0 get=0x0 len=1145 coding=1 startqp=0 meanqp=0 picbytes=0 pskip=0 nalus=1 n1:1145
  cu: inter64=0 inter32=0 inter16=0 inter8=0 intra32=0 intra16=0 intra8=0 intra4=0 reftype=0
  snapshot f143: 3 venc_ko blocks (pool0 0x73801000 len 0x10000)
src frame 144: srcf=28 off=4860 br=16000
frame 144: send=0x0 get=0x0 len=1149 coding=1 startqp=0 meanqp=0 picbytes=0 pskip=0 nalus=1 n1:1149
  cu: inter64=0 inter32=0 inter16=0 inter8=0 intra32=0 intra16=0 intra8=0 intra4=0 reftype=0
  snapshot f144: 3 venc_ko blocks (pool0 0x73801000 len 0x10000)
src frame 145: srcf=29 off=4860 br=16000
frame 145: send=0x0 get=0x0 len=1123 coding=1 startqp=0 meanqp=0 picbytes=0 pskip=0 nalus=1 n1:1123
  cu: inter64=0 inter32=0 inter16=0 inter8=0 intra32=0 intra16=0 intra8=0 intra4=0 reftype=0
  snapshot f145: 3 venc_ko blocks (pool0 0x73801000 len 0x10000)
src frame 146: srcf=28 off=4860 br=16000
frame 146: send=0x0 get=0x0 len=1144 coding=1 startqp=0 meanqp=0 picbytes=0 pskip=0 nalus=1 n1:1144
  cu: inter64=0 inter32=0 inter16=0 inter8=0 intra32=0 intra16=0 intra8=0 intra4=0 reftype=0
  snapshot f146: 3 venc_ko blocks (pool0 0x73801000 len 0x10000)
src frame 147: srcf=27 off=4860 br=16000
frame 147: send=0x0 get=0x0 len=1196 coding=1 startqp=0 meanqp=0 picbytes=0 pskip=0 nalus=1 n1:1196
  cu: inter64=0 inter32=0 inter16=0 inter8=0 intra32=0 intra16=0 intra8=0 intra4=0 reftype=0
  snapshot f147: 3 venc_ko blocks (pool0 0x73801000 len 0x10000)
src frame 148: srcf=26 off=4860 br=16000
frame 148: send=0x0 get=0x0 len=1202 coding=1 startqp=0 meanqp=0 picbytes=0 pskip=0 nalus=1 n1:1202
  cu: inter64=0 inter32=0 inter16=0 inter8=0 intra32=0 intra16=0 intra8=0 intra4=0 reftype=0
  snapshot f148: 3 venc_ko blocks (pool0 0x73801000 len 0x10000)
src frame 149: srcf=25 off=4860 br=16000
frame 149: send=0x0 get=0x0 len=1213 coding=1 startqp=0 meanqp=0 picbytes=0 pskip=0 nalus=1 n1:1213
  cu: inter64=0 inter32=0 inter16=0 inter8=0 intra32=0 intra16=0 intra8=0 intra4=0 reftype=0
  snapshot f149: 3 venc_ko blocks (pool0 0x73801000 len 0x10000)
src frame 150: srcf=24 off=5400 br=16000
frame 150: send=0x0 get=0x0 len=48091 coding=0 startqp=0 meanqp=0 picbytes=0 pskip=0 nalus=4 n32:27 n33:53 n34:11 n19:48000
  cu: inter64=0 inter32=0 inter16=0 inter8=0 intra32=0 intra16=0 intra8=0 intra4=0 reftype=0
  snapshot f150: 3 venc_ko blocks (pool0 0x73801000 len 0x10000)
src frame 151: srcf=23 off=5400 br=16000
frame 151: send=0x0 get=0x0 len=5995 coding=1 startqp=0 meanqp=0 picbytes=0 pskip=0 nalus=1 n1:5995
  cu: inter64=0 inter32=0 inter16=0 inter8=0 intra32=0 intra16=0 intra8=0 intra4=0 reftype=0
  snapshot f151: 3 venc_ko blocks (pool0 0x73801000 len 0x10000)
src frame 152: srcf=22 off=5400 br=16000
frame 152: send=0x0 get=0x0 len=2708 coding=1 startqp=0 meanqp=0 picbytes=0 pskip=0 nalus=1 n1:2708
  cu: inter64=0 inter32=0 inter16=0 inter8=0 intra32=0 intra16=0 intra8=0 intra4=0 reftype=0
  snapshot f152: 3 venc_ko blocks (pool0 0x73801000 len 0x10000)
src frame 153: srcf=21 off=5400 br=16000
frame 153: send=0x0 get=0x0 len=3395 coding=1 startqp=0 meanqp=0 picbytes=0 pskip=0 nalus=1 n1:3395
  cu: inter64=0 inter32=0 inter16=0 inter8=0 intra32=0 intra16=0 intra8=0 intra4=0 reftype=0
  snapshot f153: 3 venc_ko blocks (pool0 0x73801000 len 0x10000)
src frame 154: srcf=20 off=5400 br=16000
frame 154: send=0x0 get=0x0 len=3997 coding=1 startqp=0 meanqp=0 picbytes=0 pskip=0 nalus=1 n1:3997
  cu: inter64=0 inter32=0 inter16=0 inter8=0 intra32=0 intra16=0 intra8=0 intra4=0 reftype=0
  snapshot f154: 3 venc_ko blocks (pool0 0x73801000 len 0x10000)
src frame 155: srcf=19 off=5400 br=16000
frame 155: send=0x0 get=0x0 len=4453 coding=1 startqp=0 meanqp=0 picbytes=0 pskip=0 nalus=1 n1:4453
  cu: inter64=0 inter32=0 inter16=0 inter8=0 intra32=0 intra16=0 intra8=0 intra4=0 reftype=0
  snapshot f155: 3 venc_ko blocks (pool0 0x73801000 len 0x10000)
src frame 156: srcf=18 off=5400 br=16000
frame 156: send=0x0 get=0x0 len=4734 coding=1 startqp=0 meanqp=0 picbytes=0 pskip=0 nalus=1 n1:4734
  cu: inter64=0 inter32=0 inter16=0 inter8=0 intra32=0 intra16=0 intra8=0 intra4=0 reftype=0
  snapshot f156: 3 venc_ko blocks (pool0 0x73801000 len 0x10000)
src frame 157: srcf=17 off=5400 br=16000
frame 157: send=0x0 get=0x0 len=2877 coding=1 startqp=0 meanqp=0 picbytes=0 pskip=0 nalus=1 n1:2877
  cu: inter64=0 inter32=0 inter16=0 inter8=0 intra32=0 intra16=0 intra8=0 intra4=0 reftype=0
  snapshot f157: 3 venc_ko blocks (pool0 0x73801000 len 0x10000)
src frame 158: srcf=16 off=5400 br=16000
frame 158: send=0x0 get=0x0 len=2279 coding=1 startqp=0 meanqp=0 picbytes=0 pskip=0 nalus=1 n1:2279
  cu: inter64=0 inter32=0 inter16=0 inter8=0 intra32=0 intra16=0 intra8=0 intra4=0 reftype=0
  snapshot f158: 3 venc_ko blocks (pool0 0x73801000 len 0x10000)
src frame 159: srcf=15 off=5400 br=16000
frame 159: send=0x0 get=0x0 len=2385 coding=1 startqp=0 meanqp=0 picbytes=0 pskip=0 nalus=1 n1:2385
  cu: inter64=0 inter32=0 inter16=0 inter8=0 intra32=0 intra16=0 intra8=0 intra4=0 reftype=0
  snapshot f159: 3 venc_ko blocks (pool0 0x73801000 len 0x10000)
src frame 160: srcf=14 off=5400 br=16000
frame 160: send=0x0 get=0x0 len=2409 coding=1 startqp=0 meanqp=0 picbytes=0 pskip=0 nalus=1 n1:2409
  cu: inter64=0 inter32=0 inter16=0 inter8=0 intra32=0 intra16=0 intra8=0 intra4=0 reftype=0
  snapshot f160: 3 venc_ko blocks (pool0 0x73801000 len 0x10000)
src frame 161: srcf=13 off=5400 br=16000
frame 161: send=0x0 get=0x0 len=2568 coding=1 startqp=0 meanqp=0 picbytes=0 pskip=0 nalus=1 n1:2568
  cu: inter64=0 inter32=0 inter16=0 inter8=0 intra32=0 intra16=0 intra8=0 intra4=0 reftype=0
  snapshot f161: 3 venc_ko blocks (pool0 0x73801000 len 0x10000)
src frame 162: srcf=12 off=5400 br=16000
frame 162: send=0x0 get=0x0 len=2128 coding=1 startqp=0 meanqp=0 picbytes=0 pskip=0 nalus=1 n1:2128
  cu: inter64=0 inter32=0 inter16=0 inter8=0 intra32=0 intra16=0 intra8=0 intra4=0 reftype=0
  snapshot f162: 3 venc_ko blocks (pool0 0x73801000 len 0x10000)
src frame 163: srcf=11 off=5400 br=16000
frame 163: send=0x0 get=0x0 len=2018 coding=1 startqp=0 meanqp=0 picbytes=0 pskip=0 nalus=1 n1:2018
  cu: inter64=0 inter32=0 inter16=0 inter8=0 intra32=0 intra16=0 intra8=0 intra4=0 reftype=0
  snapshot f163: 3 venc_ko blocks (pool0 0x73801000 len 0x10000)
src frame 164: srcf=10 off=5400 br=16000
frame 164: send=0x0 get=0x0 len=1314 coding=1 startqp=0 meanqp=0 picbytes=0 pskip=0 nalus=1 n1:1314
  cu: inter64=0 inter32=0 inter16=0 inter8=0 intra32=0 intra16=0 intra8=0 intra4=0 reftype=0
  snapshot f164: 3 venc_ko blocks (pool0 0x73801000 len 0x10000)
src frame 165: srcf=9 off=5940 br=16000
frame 165: send=0x0 get=0x0 len=71741 coding=1 startqp=0 meanqp=0 picbytes=0 pskip=0 nalus=1 n1:71741
  cu: inter64=0 inter32=0 inter16=0 inter8=0 intra32=0 intra16=0 intra8=0 intra4=0 reftype=0
  snapshot f165: 3 venc_ko blocks (pool0 0x73801000 len 0x10000)
src frame 166: srcf=8 off=5940 br=16000
frame 166: send=0x0 get=0x0 len=4122 coding=1 startqp=0 meanqp=0 picbytes=0 pskip=0 nalus=1 n1:4122
  cu: inter64=0 inter32=0 inter16=0 inter8=0 intra32=0 intra16=0 intra8=0 intra4=0 reftype=0
  snapshot f166: 3 venc_ko blocks (pool0 0x73801000 len 0x10000)
src frame 167: srcf=7 off=5940 br=16000
frame 167: send=0x0 get=0x0 len=2069 coding=1 startqp=0 meanqp=0 picbytes=0 pskip=0 nalus=1 n1:2069
  cu: inter64=0 inter32=0 inter16=0 inter8=0 intra32=0 intra16=0 intra8=0 intra4=0 reftype=0
  snapshot f167: 3 venc_ko blocks (pool0 0x73801000 len 0x10000)
src frame 168: srcf=6 off=5940 br=16000
frame 168: send=0x0 get=0x0 len=1617 coding=1 startqp=0 meanqp=0 picbytes=0 pskip=0 nalus=1 n1:1617
  cu: inter64=0 inter32=0 inter16=0 inter8=0 intra32=0 intra16=0 intra8=0 intra4=0 reftype=0
  snapshot f168: 3 venc_ko blocks (pool0 0x73801000 len 0x10000)
src frame 169: srcf=5 off=5940 br=16000
frame 169: send=0x0 get=0x0 len=1419 coding=1 startqp=0 meanqp=0 picbytes=0 pskip=0 nalus=1 n1:1419
  cu: inter64=0 inter32=0 inter16=0 inter8=0 intra32=0 intra16=0 intra8=0 intra4=0 reftype=0
  snapshot f169: 3 venc_ko blocks (pool0 0x73801000 len 0x10000)
src frame 170: srcf=4 off=5940 br=16000
frame 170: send=0x0 get=0x0 len=1400 coding=1 startqp=0 meanqp=0 picbytes=0 pskip=0 nalus=1 n1:1400
  cu: inter64=0 inter32=0 inter16=0 inter8=0 intra32=0 intra16=0 intra8=0 intra4=0 reftype=0
  snapshot f170: 3 venc_ko blocks (pool0 0x73801000 len 0x10000)
src frame 171: srcf=3 off=5940 br=16000
frame 171: send=0x0 get=0x0 len=1258 coding=1 startqp=0 meanqp=0 picbytes=0 pskip=0 nalus=1 n1:1258
  cu: inter64=0 inter32=0 inter16=0 inter8=0 intra32=0 intra16=0 intra8=0 intra4=0 reftype=0
  snapshot f171: 3 venc_ko blocks (pool0 0x73801000 len 0x10000)
src frame 172: srcf=2 off=5940 br=16000
frame 172: send=0x0 get=0x0 len=1297 coding=1 startqp=0 meanqp=0 picbytes=0 pskip=0 nalus=1 n1:1297
  cu: inter64=0 inter32=0 inter16=0 inter8=0 intra32=0 intra16=0 intra8=0 intra4=0 reftype=0
  snapshot f172: 3 venc_ko blocks (pool0 0x73801000 len 0x10000)
src frame 173: srcf=1 off=5940 br=16000
frame 173: send=0x0 get=0x0 len=1257 coding=1 startqp=0 meanqp=0 picbytes=0 pskip=0 nalus=1 n1:1257
  cu: inter64=0 inter32=0 inter16=0 inter8=0 intra32=0 intra16=0 intra8=0 intra4=0 reftype=0
  snapshot f173: 3 venc_ko blocks (pool0 0x73801000 len 0x10000)
src frame 174: srcf=0 off=5940 br=16000
frame 174: send=0x0 get=0x0 len=1217 coding=1 startqp=0 meanqp=0 picbytes=0 pskip=0 nalus=1 n1:1217
  cu: inter64=0 inter32=0 inter16=0 inter8=0 intra32=0 intra16=0 intra8=0 intra4=0 reftype=0
  snapshot f174: 3 venc_ko blocks (pool0 0x73801000 len 0x10000)
src frame 175: srcf=1 off=5940 br=16000
frame 175: send=0x0 get=0x0 len=1256 coding=1 startqp=0 meanqp=0 picbytes=0 pskip=0 nalus=1 n1:1256
  cu: inter64=0 inter32=0 inter16=0 inter8=0 intra32=0 intra16=0 intra8=0 intra4=0 reftype=0
  snapshot f175: 3 venc_ko blocks (pool0 0x73801000 len 0x10000)
src frame 176: srcf=2 off=5940 br=16000
frame 176: send=0x0 get=0x0 len=1236 coding=1 startqp=0 meanqp=0 picbytes=0 pskip=0 nalus=1 n1:1236
  cu: inter64=0 inter32=0 inter16=0 inter8=0 intra32=0 intra16=0 intra8=0 intra4=0 reftype=0
  snapshot f176: 3 venc_ko blocks (pool0 0x73801000 len 0x10000)
src frame 177: srcf=3 off=5940 br=16000
frame 177: send=0x0 get=0x0 len=1252 coding=1 startqp=0 meanqp=0 picbytes=0 pskip=0 nalus=1 n1:1252
  cu: inter64=0 inter32=0 inter16=0 inter8=0 intra32=0 intra16=0 intra8=0 intra4=0 reftype=0
  snapshot f177: 3 venc_ko blocks (pool0 0x73801000 len 0x10000)
src frame 178: srcf=4 off=5940 br=16000
frame 178: send=0x0 get=0x0 len=1237 coding=1 startqp=0 meanqp=0 picbytes=0 pskip=0 nalus=1 n1:1237
  cu: inter64=0 inter32=0 inter16=0 inter8=0 intra32=0 intra16=0 intra8=0 intra4=0 reftype=0
  snapshot f178: 3 venc_ko blocks (pool0 0x73801000 len 0x10000)
src frame 179: srcf=5 off=5940 br=16000
frame 179: send=0x0 get=0x0 len=1231 coding=1 startqp=0 meanqp=0 picbytes=0 pskip=0 nalus=1 n1:1231
  cu: inter64=0 inter32=0 inter16=0 inter8=0 intra32=0 intra16=0 intra8=0 intra4=0 reftype=0
  snapshot f179: 3 venc_ko blocks (pool0 0x73801000 len 0x10000)
src frame 180: srcf=6 off=6480 br=16000
frame 180: send=0x0 get=0x0 len=52508 coding=0 startqp=0 meanqp=0 picbytes=0 pskip=0 nalus=4 n32:27 n33:53 n34:11 n19:52417
  cu: inter64=0 inter32=0 inter16=0 inter8=0 intra32=0 intra16=0 intra8=0 intra4=0 reftype=0
  snapshot f180: 3 venc_ko blocks (pool0 0x73801000 len 0x10000)
src frame 181: srcf=7 off=6480 br=16000
frame 181: send=0x0 get=0x0 len=6935 coding=1 startqp=0 meanqp=0 picbytes=0 pskip=0 nalus=1 n1:6935
  cu: inter64=0 inter32=0 inter16=0 inter8=0 intra32=0 intra16=0 intra8=0 intra4=0 reftype=0
  snapshot f181: 3 venc_ko blocks (pool0 0x73801000 len 0x10000)
src frame 182: srcf=8 off=6480 br=16000
frame 182: send=0x0 get=0x0 len=3078 coding=1 startqp=0 meanqp=0 picbytes=0 pskip=0 nalus=1 n1:3078
  cu: inter64=0 inter32=0 inter16=0 inter8=0 intra32=0 intra16=0 intra8=0 intra4=0 reftype=0
  snapshot f182: 3 venc_ko blocks (pool0 0x73801000 len 0x10000)
src frame 183: srcf=9 off=6480 br=16000
frame 183: send=0x0 get=0x0 len=4200 coding=1 startqp=0 meanqp=0 picbytes=0 pskip=0 nalus=1 n1:4200
  cu: inter64=0 inter32=0 inter16=0 inter8=0 intra32=0 intra16=0 intra8=0 intra4=0 reftype=0
  snapshot f183: 3 venc_ko blocks (pool0 0x73801000 len 0x10000)
src frame 184: srcf=10 off=6480 br=16000
frame 184: send=0x0 get=0x0 len=4496 coding=1 startqp=0 meanqp=0 picbytes=0 pskip=0 nalus=1 n1:4496
  cu: inter64=0 inter32=0 inter16=0 inter8=0 intra32=0 intra16=0 intra8=0 intra4=0 reftype=0
  snapshot f184: 3 venc_ko blocks (pool0 0x73801000 len 0x10000)
src frame 185: srcf=11 off=6480 br=16000
frame 185: send=0x0 get=0x0 len=2276 coding=1 startqp=0 meanqp=0 picbytes=0 pskip=0 nalus=1 n1:2276
  cu: inter64=0 inter32=0 inter16=0 inter8=0 intra32=0 intra16=0 intra8=0 intra4=0 reftype=0
  snapshot f185: 3 venc_ko blocks (pool0 0x73801000 len 0x10000)
src frame 186: srcf=12 off=6480 br=16000
frame 186: send=0x0 get=0x0 len=2274 coding=1 startqp=0 meanqp=0 picbytes=0 pskip=0 nalus=1 n1:2274
  cu: inter64=0 inter32=0 inter16=0 inter8=0 intra32=0 intra16=0 intra8=0 intra4=0 reftype=0
  snapshot f186: 3 venc_ko blocks (pool0 0x73801000 len 0x10000)
src frame 187: srcf=13 off=6480 br=16000
frame 187: send=0x0 get=0x0 len=2159 coding=1 startqp=0 meanqp=0 picbytes=0 pskip=0 nalus=1 n1:2159
  cu: inter64=0 inter32=0 inter16=0 inter8=0 intra32=0 intra16=0 intra8=0 intra4=0 reftype=0
  snapshot f187: 3 venc_ko blocks (pool0 0x73801000 len 0x10000)
src frame 188: srcf=14 off=6480 br=16000
frame 188: send=0x0 get=0x0 len=1991 coding=1 startqp=0 meanqp=0 picbytes=0 pskip=0 nalus=1 n1:1991
  cu: inter64=0 inter32=0 inter16=0 inter8=0 intra32=0 intra16=0 intra8=0 intra4=0 reftype=0
  snapshot f188: 3 venc_ko blocks (pool0 0x73801000 len 0x10000)
src frame 189: srcf=15 off=6480 br=16000
frame 189: send=0x0 get=0x0 len=2051 coding=1 startqp=0 meanqp=0 picbytes=0 pskip=0 nalus=1 n1:2051
  cu: inter64=0 inter32=0 inter16=0 inter8=0 intra32=0 intra16=0 intra8=0 intra4=0 reftype=0
  snapshot f189: 3 venc_ko blocks (pool0 0x73801000 len 0x10000)
src frame 190: srcf=16 off=6480 br=16000
frame 190: send=0x0 get=0x0 len=2108 coding=1 startqp=0 meanqp=0 picbytes=0 pskip=0 nalus=1 n1:2108
  cu: inter64=0 inter32=0 inter16=0 inter8=0 intra32=0 intra16=0 intra8=0 intra4=0 reftype=0
  snapshot f190: 3 venc_ko blocks (pool0 0x73801000 len 0x10000)
src frame 191: srcf=17 off=6480 br=16000
frame 191: send=0x0 get=0x0 len=1695 coding=1 startqp=0 meanqp=0 picbytes=0 pskip=0 nalus=1 n1:1695
  cu: inter64=0 inter32=0 inter16=0 inter8=0 intra32=0 intra16=0 intra8=0 intra4=0 reftype=0
  snapshot f191: 3 venc_ko blocks (pool0 0x73801000 len 0x10000)
src frame 192: srcf=18 off=6480 br=16000
frame 192: send=0x0 get=0x0 len=1504 coding=1 startqp=0 meanqp=0 picbytes=0 pskip=0 nalus=1 n1:1504
  cu: inter64=0 inter32=0 inter16=0 inter8=0 intra32=0 intra16=0 intra8=0 intra4=0 reftype=0
  snapshot f192: 3 venc_ko blocks (pool0 0x73801000 len 0x10000)
src frame 193: srcf=19 off=6480 br=16000
frame 193: send=0x0 get=0x0 len=1485 coding=1 startqp=0 meanqp=0 picbytes=0 pskip=0 nalus=1 n1:1485
  cu: inter64=0 inter32=0 inter16=0 inter8=0 intra32=0 intra16=0 intra8=0 intra4=0 reftype=0
  snapshot f193: 3 venc_ko blocks (pool0 0x73801000 len 0x10000)
src frame 194: srcf=20 off=6480 br=16000
frame 194: send=0x0 get=0x0 len=1417 coding=1 startqp=0 meanqp=0 picbytes=0 pskip=0 nalus=1 n1:1417
  cu: inter64=0 inter32=0 inter16=0 inter8=0 intra32=0 intra16=0 intra8=0 intra4=0 reftype=0
  snapshot f194: 3 venc_ko blocks (pool0 0x73801000 len 0x10000)
src frame 195: srcf=21 off=7020 br=16000
frame 195: send=0x0 get=0x0 len=72502 coding=1 startqp=0 meanqp=0 picbytes=0 pskip=0 nalus=1 n1:72502
  cu: inter64=0 inter32=0 inter16=0 inter8=0 intra32=0 intra16=0 intra8=0 intra4=0 reftype=0
  snapshot f195: 3 venc_ko blocks (pool0 0x73801000 len 0x10000)
src frame 196: srcf=22 off=7020 br=16000
frame 196: send=0x0 get=0x0 len=3621 coding=1 startqp=0 meanqp=0 picbytes=0 pskip=0 nalus=1 n1:3621
  cu: inter64=0 inter32=0 inter16=0 inter8=0 intra32=0 intra16=0 intra8=0 intra4=0 reftype=0
  snapshot f196: 3 venc_ko blocks (pool0 0x73801000 len 0x10000)
src frame 197: srcf=23 off=7020 br=16000
frame 197: send=0x0 get=0x0 len=1966 coding=1 startqp=0 meanqp=0 picbytes=0 pskip=0 nalus=1 n1:1966
  cu: inter64=0 inter32=0 inter16=0 inter8=0 intra32=0 intra16=0 intra8=0 intra4=0 reftype=0
  snapshot f197: 3 venc_ko blocks (pool0 0x73801000 len 0x10000)
src frame 198: srcf=24 off=7020 br=16000
frame 198: send=0x0 get=0x0 len=1607 coding=1 startqp=0 meanqp=0 picbytes=0 pskip=0 nalus=1 n1:1607
  cu: inter64=0 inter32=0 inter16=0 inter8=0 intra32=0 intra16=0 intra8=0 intra4=0 reftype=0
  snapshot f198: 3 venc_ko blocks (pool0 0x73801000 len 0x10000)
src frame 199: srcf=25 off=7020 br=16000
frame 199: send=0x0 get=0x0 len=1421 coding=1 startqp=0 meanqp=0 picbytes=0 pskip=0 nalus=1 n1:1421
  cu: inter64=0 inter32=0 inter16=0 inter8=0 intra32=0 intra16=0 intra8=0 intra4=0 reftype=0
  snapshot f199: 3 venc_ko blocks (pool0 0x73801000 len 0x10000)
src frame 200: srcf=26 off=7020 br=16000
frame 200: send=0x0 get=0x0 len=1306 coding=1 startqp=0 meanqp=0 picbytes=0 pskip=0 nalus=1 n1:1306
  cu: inter64=0 inter32=0 inter16=0 inter8=0 intra32=0 intra16=0 intra8=0 intra4=0 reftype=0
  snapshot f200: 3 venc_ko blocks (pool0 0x73801000 len 0x10000)
src frame 201: srcf=27 off=7020 br=16000
frame 201: send=0x0 get=0x0 len=1186 coding=1 startqp=0 meanqp=0 picbytes=0 pskip=0 nalus=1 n1:1186
  cu: inter64=0 inter32=0 inter16=0 inter8=0 intra32=0 intra16=0 intra8=0 intra4=0 reftype=0
  snapshot f201: 3 venc_ko blocks (pool0 0x73801000 len 0x10000)
src frame 202: srcf=28 off=7020 br=16000
frame 202: send=0x0 get=0x0 len=1211 coding=1 startqp=0 meanqp=0 picbytes=0 pskip=0 nalus=1 n1:1211
  cu: inter64=0 inter32=0 inter16=0 inter8=0 intra32=0 intra16=0 intra8=0 intra4=0 reftype=0
  snapshot f202: 3 venc_ko blocks (pool0 0x73801000 len 0x10000)
src frame 203: srcf=29 off=7020 br=16000
frame 203: send=0x0 get=0x0 len=1176 coding=1 startqp=0 meanqp=0 picbytes=0 pskip=0 nalus=1 n1:1176
  cu: inter64=0 inter32=0 inter16=0 inter8=0 intra32=0 intra16=0 intra8=0 intra4=0 reftype=0
  snapshot f203: 3 venc_ko blocks (pool0 0x73801000 len 0x10000)
src frame 204: srcf=28 off=7020 br=16000
frame 204: send=0x0 get=0x0 len=1184 coding=1 startqp=0 meanqp=0 picbytes=0 pskip=0 nalus=1 n1:1184
  cu: inter64=0 inter32=0 inter16=0 inter8=0 intra32=0 intra16=0 intra8=0 intra4=0 reftype=0
  snapshot f204: 3 venc_ko blocks (pool0 0x73801000 len 0x10000)
src frame 205: srcf=27 off=7020 br=16000
frame 205: send=0x0 get=0x0 len=1195 coding=1 startqp=0 meanqp=0 picbytes=0 pskip=0 nalus=1 n1:1195
  cu: inter64=0 inter32=0 inter16=0 inter8=0 intra32=0 intra16=0 intra8=0 intra4=0 reftype=0
  snapshot f205: 3 venc_ko blocks (pool0 0x73801000 len 0x10000)
src frame 206: srcf=26 off=7020 br=16000
frame 206: send=0x0 get=0x0 len=1186 coding=1 startqp=0 meanqp=0 picbytes=0 pskip=0 nalus=1 n1:1186
  cu: inter64=0 inter32=0 inter16=0 inter8=0 intra32=0 intra16=0 intra8=0 intra4=0 reftype=0
  snapshot f206: 3 venc_ko blocks (pool0 0x73801000 len 0x10000)
src frame 207: srcf=25 off=7020 br=16000
frame 207: send=0x0 get=0x0 len=1152 coding=1 startqp=0 meanqp=0 picbytes=0 pskip=0 nalus=1 n1:1152
  cu: inter64=0 inter32=0 inter16=0 inter8=0 intra32=0 intra16=0 intra8=0 intra4=0 reftype=0
  snapshot f207: 3 venc_ko blocks (pool0 0x73801000 len 0x10000)
src frame 208: srcf=24 off=7020 br=16000
frame 208: send=0x0 get=0x0 len=1185 coding=1 startqp=0 meanqp=0 picbytes=0 pskip=0 nalus=1 n1:1185
  cu: inter64=0 inter32=0 inter16=0 inter8=0 intra32=0 intra16=0 intra8=0 intra4=0 reftype=0
  snapshot f208: 3 venc_ko blocks (pool0 0x73801000 len 0x10000)
src frame 209: srcf=23 off=7020 br=16000
frame 209: send=0x0 get=0x0 len=1174 coding=1 startqp=0 meanqp=0 picbytes=0 pskip=0 nalus=1 n1:1174
  cu: inter64=0 inter32=0 inter16=0 inter8=0 intra32=0 intra16=0 intra8=0 intra4=0 reftype=0
  snapshot f209: 3 venc_ko blocks (pool0 0x73801000 len 0x10000)
src frame 210: srcf=22 off=7560 br=16000
frame 210: send=0x0 get=0x0 len=57268 coding=0 startqp=0 meanqp=0 picbytes=0 pskip=0 nalus=4 n32:27 n33:53 n34:11 n19:57177
  cu: inter64=0 inter32=0 inter16=0 inter8=0 intra32=0 intra16=0 intra8=0 intra4=0 reftype=0
  snapshot f210: 3 venc_ko blocks (pool0 0x73801000 len 0x10000)
src frame 211: srcf=21 off=7560 br=16000
frame 211: send=0x0 get=0x0 len=7491 coding=1 startqp=0 meanqp=0 picbytes=0 pskip=0 nalus=1 n1:7491
  cu: inter64=0 inter32=0 inter16=0 inter8=0 intra32=0 intra16=0 intra8=0 intra4=0 reftype=0
  snapshot f211: 3 venc_ko blocks (pool0 0x73801000 len 0x10000)
src frame 212: srcf=20 off=7560 br=16000
frame 212: send=0x0 get=0x0 len=4064 coding=1 startqp=0 meanqp=0 picbytes=0 pskip=0 nalus=1 n1:4064
  cu: inter64=0 inter32=0 inter16=0 inter8=0 intra32=0 intra16=0 intra8=0 intra4=0 reftype=0
  snapshot f212: 3 venc_ko blocks (pool0 0x73801000 len 0x10000)
src frame 213: srcf=19 off=7560 br=16000
frame 213: send=0x0 get=0x0 len=1936 coding=1 startqp=0 meanqp=0 picbytes=0 pskip=0 nalus=1 n1:1936
  cu: inter64=0 inter32=0 inter16=0 inter8=0 intra32=0 intra16=0 intra8=0 intra4=0 reftype=0
  snapshot f213: 3 venc_ko blocks (pool0 0x73801000 len 0x10000)
src frame 214: srcf=18 off=7560 br=16000
frame 214: send=0x0 get=0x0 len=1772 coding=1 startqp=0 meanqp=0 picbytes=0 pskip=0 nalus=1 n1:1772
  cu: inter64=0 inter32=0 inter16=0 inter8=0 intra32=0 intra16=0 intra8=0 intra4=0 reftype=0
  snapshot f214: 3 venc_ko blocks (pool0 0x73801000 len 0x10000)
src frame 215: srcf=17 off=7560 br=16000
frame 215: send=0x0 get=0x0 len=1792 coding=1 startqp=0 meanqp=0 picbytes=0 pskip=0 nalus=1 n1:1792
  cu: inter64=0 inter32=0 inter16=0 inter8=0 intra32=0 intra16=0 intra8=0 intra4=0 reftype=0
  snapshot f215: 3 venc_ko blocks (pool0 0x73801000 len 0x10000)
src frame 216: srcf=16 off=7560 br=16000
frame 216: send=0x0 get=0x0 len=1863 coding=1 startqp=0 meanqp=0 picbytes=0 pskip=0 nalus=1 n1:1863
  cu: inter64=0 inter32=0 inter16=0 inter8=0 intra32=0 intra16=0 intra8=0 intra4=0 reftype=0
  snapshot f216: 3 venc_ko blocks (pool0 0x73801000 len 0x10000)
src frame 217: srcf=15 off=7560 br=16000
frame 217: send=0x0 get=0x0 len=1787 coding=1 startqp=0 meanqp=0 picbytes=0 pskip=0 nalus=1 n1:1787
  cu: inter64=0 inter32=0 inter16=0 inter8=0 intra32=0 intra16=0 intra8=0 intra4=0 reftype=0
  snapshot f217: 3 venc_ko blocks (pool0 0x73801000 len 0x10000)
src frame 218: srcf=14 off=7560 br=16000
frame 218: send=0x0 get=0x0 len=1742 coding=1 startqp=0 meanqp=0 picbytes=0 pskip=0 nalus=1 n1:1742
  cu: inter64=0 inter32=0 inter16=0 inter8=0 intra32=0 intra16=0 intra8=0 intra4=0 reftype=0
  snapshot f218: 3 venc_ko blocks (pool0 0x73801000 len 0x10000)
src frame 219: srcf=13 off=7560 br=16000
frame 219: send=0x0 get=0x0 len=1670 coding=1 startqp=0 meanqp=0 picbytes=0 pskip=0 nalus=1 n1:1670
  cu: inter64=0 inter32=0 inter16=0 inter8=0 intra32=0 intra16=0 intra8=0 intra4=0 reftype=0
  snapshot f219: 3 venc_ko blocks (pool0 0x73801000 len 0x10000)
src frame 220: srcf=12 off=7560 br=16000
frame 220: send=0x0 get=0x0 len=1184 coding=1 startqp=0 meanqp=0 picbytes=0 pskip=0 nalus=1 n1:1184
  cu: inter64=0 inter32=0 inter16=0 inter8=0 intra32=0 intra16=0 intra8=0 intra4=0 reftype=0
  snapshot f220: 3 venc_ko blocks (pool0 0x73801000 len 0x10000)
src frame 221: srcf=11 off=7560 br=16000
frame 221: send=0x0 get=0x0 len=1124 coding=1 startqp=0 meanqp=0 picbytes=0 pskip=0 nalus=1 n1:1124
  cu: inter64=0 inter32=0 inter16=0 inter8=0 intra32=0 intra16=0 intra8=0 intra4=0 reftype=0
  snapshot f221: 3 venc_ko blocks (pool0 0x73801000 len 0x10000)
src frame 222: srcf=10 off=7560 br=16000
frame 222: send=0x0 get=0x0 len=1081 coding=1 startqp=0 meanqp=0 picbytes=0 pskip=0 nalus=1 n1:1081
  cu: inter64=0 inter32=0 inter16=0 inter8=0 intra32=0 intra16=0 intra8=0 intra4=0 reftype=0
  snapshot f222: 3 venc_ko blocks (pool0 0x73801000 len 0x10000)
src frame 223: srcf=9 off=7560 br=16000
frame 223: send=0x0 get=0x0 len=1056 coding=1 startqp=0 meanqp=0 picbytes=0 pskip=0 nalus=1 n1:1056
  cu: inter64=0 inter32=0 inter16=0 inter8=0 intra32=0 intra16=0 intra8=0 intra4=0 reftype=0
  snapshot f223: 3 venc_ko blocks (pool0 0x73801000 len 0x10000)
src frame 224: srcf=8 off=7560 br=16000
frame 224: send=0x0 get=0x0 len=1051 coding=1 startqp=0 meanqp=0 picbytes=0 pskip=0 nalus=1 n1:1051
  cu: inter64=0 inter32=0 inter16=0 inter8=0 intra32=0 intra16=0 intra8=0 intra4=0 reftype=0
  snapshot f224: 3 venc_ko blocks (pool0 0x73801000 len 0x10000)
src frame 225: srcf=7 off=8100 br=16000
frame 225: send=0x0 get=0x0 len=72635 coding=1 startqp=0 meanqp=0 picbytes=0 pskip=0 nalus=1 n1:72635
  cu: inter64=0 inter32=0 inter16=0 inter8=0 intra32=0 intra16=0 intra8=0 intra4=0 reftype=0
  snapshot f225: 3 venc_ko blocks (pool0 0x73801000 len 0x10000)
src frame 226: srcf=6 off=8100 br=16000
frame 226: send=0x0 get=0x0 len=3917 coding=1 startqp=0 meanqp=0 picbytes=0 pskip=0 nalus=1 n1:3917
  cu: inter64=0 inter32=0 inter16=0 inter8=0 intra32=0 intra16=0 intra8=0 intra4=0 reftype=0
  snapshot f226: 3 venc_ko blocks (pool0 0x73801000 len 0x10000)
src frame 227: srcf=5 off=8100 br=16000
frame 227: send=0x0 get=0x0 len=2122 coding=1 startqp=0 meanqp=0 picbytes=0 pskip=0 nalus=1 n1:2122
  cu: inter64=0 inter32=0 inter16=0 inter8=0 intra32=0 intra16=0 intra8=0 intra4=0 reftype=0
  snapshot f227: 3 venc_ko blocks (pool0 0x73801000 len 0x10000)
src frame 228: srcf=4 off=8100 br=16000
frame 228: send=0x0 get=0x0 len=1528 coding=1 startqp=0 meanqp=0 picbytes=0 pskip=0 nalus=1 n1:1528
  cu: inter64=0 inter32=0 inter16=0 inter8=0 intra32=0 intra16=0 intra8=0 intra4=0 reftype=0
  snapshot f228: 3 venc_ko blocks (pool0 0x73801000 len 0x10000)
src frame 229: srcf=3 off=8100 br=16000
frame 229: send=0x0 get=0x0 len=1285 coding=1 startqp=0 meanqp=0 picbytes=0 pskip=0 nalus=1 n1:1285
  cu: inter64=0 inter32=0 inter16=0 inter8=0 intra32=0 intra16=0 intra8=0 intra4=0 reftype=0
  snapshot f229: 3 venc_ko blocks (pool0 0x73801000 len 0x10000)
src frame 230: srcf=2 off=8100 br=16000
frame 230: send=0x0 get=0x0 len=1245 coding=1 startqp=0 meanqp=0 picbytes=0 pskip=0 nalus=1 n1:1245
  cu: inter64=0 inter32=0 inter16=0 inter8=0 intra32=0 intra16=0 intra8=0 intra4=0 reftype=0
  snapshot f230: 3 venc_ko blocks (pool0 0x73801000 len 0x10000)
src frame 231: srcf=1 off=8100 br=16000
frame 231: send=0x0 get=0x0 len=1202 coding=1 startqp=0 meanqp=0 picbytes=0 pskip=0 nalus=1 n1:1202
  cu: inter64=0 inter32=0 inter16=0 inter8=0 intra32=0 intra16=0 intra8=0 intra4=0 reftype=0
  snapshot f231: 3 venc_ko blocks (pool0 0x73801000 len 0x10000)
src frame 232: srcf=0 off=8100 br=16000
frame 232: send=0x0 get=0x0 len=1154 coding=1 startqp=0 meanqp=0 picbytes=0 pskip=0 nalus=1 n1:1154
  cu: inter64=0 inter32=0 inter16=0 inter8=0 intra32=0 intra16=0 intra8=0 intra4=0 reftype=0
  snapshot f232: 3 venc_ko blocks (pool0 0x73801000 len 0x10000)
src frame 233: srcf=1 off=8100 br=16000
frame 233: send=0x0 get=0x0 len=1122 coding=1 startqp=0 meanqp=0 picbytes=0 pskip=0 nalus=1 n1:1122
  cu: inter64=0 inter32=0 inter16=0 inter8=0 intra32=0 intra16=0 intra8=0 intra4=0 reftype=0
  snapshot f233: 3 venc_ko blocks (pool0 0x73801000 len 0x10000)
src frame 234: srcf=2 off=8100 br=16000
frame 234: send=0x0 get=0x0 len=1103 coding=1 startqp=0 meanqp=0 picbytes=0 pskip=0 nalus=1 n1:1103
  cu: inter64=0 inter32=0 inter16=0 inter8=0 intra32=0 intra16=0 intra8=0 intra4=0 reftype=0
  snapshot f234: 3 venc_ko blocks (pool0 0x73801000 len 0x10000)
src frame 235: srcf=3 off=8100 br=16000
frame 235: send=0x0 get=0x0 len=1113 coding=1 startqp=0 meanqp=0 picbytes=0 pskip=0 nalus=1 n1:1113
  cu: inter64=0 inter32=0 inter16=0 inter8=0 intra32=0 intra16=0 intra8=0 intra4=0 reftype=0
  snapshot f235: 3 venc_ko blocks (pool0 0x73801000 len 0x10000)
src frame 236: srcf=4 off=8100 br=16000
frame 236: send=0x0 get=0x0 len=1154 coding=1 startqp=0 meanqp=0 picbytes=0 pskip=0 nalus=1 n1:1154
  cu: inter64=0 inter32=0 inter16=0 inter8=0 intra32=0 intra16=0 intra8=0 intra4=0 reftype=0
  snapshot f236: 3 venc_ko blocks (pool0 0x73801000 len 0x10000)
src frame 237: srcf=5 off=8100 br=16000
frame 237: send=0x0 get=0x0 len=1141 coding=1 startqp=0 meanqp=0 picbytes=0 pskip=0 nalus=1 n1:1141
  cu: inter64=0 inter32=0 inter16=0 inter8=0 intra32=0 intra16=0 intra8=0 intra4=0 reftype=0
  snapshot f237: 3 venc_ko blocks (pool0 0x73801000 len 0x10000)
src frame 238: srcf=6 off=8100 br=16000
frame 238: send=0x0 get=0x0 len=1144 coding=1 startqp=0 meanqp=0 picbytes=0 pskip=0 nalus=1 n1:1144
  cu: inter64=0 inter32=0 inter16=0 inter8=0 intra32=0 intra16=0 intra8=0 intra4=0 reftype=0
  snapshot f238: 3 venc_ko blocks (pool0 0x73801000 len 0x10000)
src frame 239: srcf=7 off=8100 br=16000
frame 239: send=0x0 get=0x0 len=1136 coding=1 startqp=0 meanqp=0 picbytes=0 pskip=0 nalus=1 n1:1136
  cu: inter64=0 inter32=0 inter16=0 inter8=0 intra32=0 intra16=0 intra8=0 intra4=0 reftype=0
  snapshot f239: 3 venc_ko blocks (pool0 0x73801000 len 0x10000)
---- /proc/ax_proc/venc ----
-------- VENC VERSION ------------------------
[Axera version]: ax_venc V3.0.0_20250319114413 Mar 19 2025 11:58:34 JK

-------- MODULE PARAM ------------------------
MaxChnNum   MaxRoiNum   MaxProcNum  
16          8           16          

-------- VENC CHN ATTR 1 ------------------------
ID    Type    wSrc    hSrc    Strd0   Strd1   maxW    maxH    PixFmt  link  InFifoDep    OutFifoDep   InDbgFifoLen InDbgFifoDep StrmBufSize(KB)
7     h265    1920    1080    3840    0       1920    1080    YUYV422 N     2            2            0            4            4114      
-------- VENC CHN ATTR 2 ------------------------
ID    [CropEn StartX  StartY  CropW   CropH]  Rotation  EncW    EncH    FrmSize      PTS          SeqNum       CompMode     CompLevel    PhyAddr0     PhyAddr1     PhyAddr2     
7     N       0       0       0       0       0         1920    1080    4147200      3250000      196          NONE         0            742cb000     0            0            
-------- VENC RC ATTR 1 ------------------------
ID    RcMode    SrcFr   DstFr   Br(kbps)  MinQp   MaxQp   MinIQp  MaxIQp  IQpDelta  IpropMax   IpropMin   StartQp    QpDltRng   DeBrQpDlt  SvcEn   ChgPos  StillPercent MaxStillQp 
7     CBR       60.00   60.00   16000     10      51      10      51      0         40         10         -1         2          0          False   -       -            -          
-------- VENC RC ATTR 2  -----------------------
ID    QMapQpType  QMapUnit    QMapBlkType IQp   PQp   MinQpDelta MaxQpDelta MaxBitRate shtStaTime ltStaTime  ltMinBr  ltMaxBr  Br_ST(kbps)    Br_LT(kbps)    
7     N/A         64x64       N/A         -     -     -          -          -          -          -          -        -        -              -              
-------- VENC GOP ATTR  ------------------------
ID    GopMode   Gop   GopVI 
7     NormalP   30    0     
-------- VENC STATUS 1 -------------------------
ID    RJEn         RJThr(bps)   RJMode       RJEncGaps    SupFrmEn     SupPri       SupThrI      SupThrP      SplitEn      SliceNum     Range(In)    Range(out)   
7     N            0            Normal       0            N            0            500000       500000       N            0            Full         Full         
-------- VENC STATUS 2 -------------------------
ID    ChnStat   FrmRecv   FrmRls    FrmEnc    FrmDrop   FrmDup    EncFail   MissMatch StrmGet   StrmRls   OutFps    RealBr    ReEncCnt  DropCnt   BlkFail   GrpID     PID     TID     ThNum   RefInc    RefDec    Fail1   Fail2   Fail3   Fail4   
7     STARTED   197       196       196       0         0         0         0         196       196       50.00     2810.00   0         0         0         -1        130657  130661  1       197       196       0       0       0       0       
-------- VENC HW STATUS  ------------------------
ID    OverFlow     TimeOut      
7     0            0            
-------- VENC ROI INFO  ------------------------
ID    Index        bEnable      bAbsQp       RoiQP        Width        Height       StartX       StartY       
done h265_jump15_cbr16000
rc=0
== h265_jump15_cbr16000: codec=h265 rc=cbr br=16000 fps=60 gop=30 frames=240 total=1478743 B achieved=2957 kbps
I frames (frame:qp/bytes): 0:32/28832 30:30/32398 60:28/36210 90:26/39760 120:24/43591 150:22/48091 180:20/52508 210:18/57268
first P after each I (frame:qp): 1:35 31:33 61:31 91:29 121:27 151:25 181:23 211:21
per-GOP: gop#: kbps I_qp P_qp[min..max] P_qp_last
  0: 2910 kbps I=[32] P=[21..35] last=21 n=30
  1: 2942 kbps I=[30] P=[19..33] last=19 n=30
  2: 3041 kbps I=[28] P=[17..31] last=17 n=30
  3: 2995 kbps I=[26] P=[15..29] last=15 n=30
  4: 3003 kbps I=[24] P=[13..27] last=13 n=30
  5: 2959 kbps I=[22] P=[11..25] last=11 n=30
  6: 2932 kbps I=[20] P=[10..23] last=10 n=30
  7: 2878 kbps I=[18] P=[11..21] last=11 n=30
P->P QP step histogram: -2:1 -1:109 +0:110 +1:4
I->firstP QP delta: +3 +3 +3 +3 +3 +3 +3 +3
sw7 frame-QP == slice QP: 240/240 frames with a program agree; mismatches at []
slot flags: {'': 240}
sw105-107 distinct (I): [('0x35b600', '0x35b600', '0x35b600'), ('0x46c3f1', '0x46c3f1', '0x46c3f1'), ('0x4dd789', '0x4dd789', '0x4dd789')]
sw172/173 distinct: [('0x14f', '0x662'), ('0x14f', '0x66a')]
sw6 distinct (I / P): ['0x20000b'] ['0x200003']
