=== h264_cbr2000: codec=h264 rc=cbr br=2000 nframes=240 src=/root/rc65/clips/static.yuyv motion=vscroll mstep=4
# vdrive tag=h264_cbr2000 codec=h264 1920x1080 rc=cbr br=2000 fps=60/60 gop=30 gopmode=normalp ltrint=0 ltrqpo=0 iqp=32 pqp=32 profile=10 level=51 tier=0 qp[10..51] iqp[10..51] iqd=0 firstqp=-1 iprop[10..40] idrrange=2 stattime=1 vq=0 ir=0/0 slice=0 debreath=0 scd=-1 rowqpd=-1 vui=-1 move=0 nframes=240
src=/root/rc65/clips/static.yuyv frames=30 loop=pingpong motion=vscroll mstep=4 window=0..-1
AX_SYS_Init rc=0x0
AX_VENC_Init rc=0x0
AX_VENC_CreateChn(7) rc=0x0
StartRecvFrame rc=0x0
AX_POOL_CreatePool id=0x0
blk=0x5e000000 phys=0x742d1000 virt=0xffff95ff5000
frame: modid=0x11 stride=1920 fmt=0xd
  snapshot pre: 3 venc_ko blocks (pool0 0x73801000 len 0x10000)
src frame 0: srcf=0 off=4 br=2000
frame 0: send=0x0 get=0x0 len=22170 coding=0 startqp=0 meanqp=0 picbytes=0 pskip=0 nalus=3 n7:32 n8:9 n5:22129
  snapshot f000: 3 venc_ko blocks (pool0 0x73801000 len 0x10000)
src frame 1: srcf=1 off=8 br=2000
frame 1: send=0x0 get=0x0 len=2073 coding=1 startqp=0 meanqp=0 picbytes=0 pskip=0 nalus=1 n1:2073
  snapshot f001: 3 venc_ko blocks (pool0 0x73801000 len 0x10000)
src frame 2: srcf=2 off=12 br=2000
frame 2: send=0x0 get=0x0 len=3494 coding=1 startqp=0 meanqp=0 picbytes=0 pskip=0 nalus=1 n1:3494
  snapshot f002: 3 venc_ko blocks (pool0 0x73801000 len 0x10000)
src frame 3: srcf=3 off=16 br=2000
frame 3: send=0x0 get=0x0 len=3474 coding=1 startqp=0 meanqp=0 picbytes=0 pskip=0 nalus=1 n1:3474
  snapshot f003: 3 venc_ko blocks (pool0 0x73801000 len 0x10000)
src frame 4: srcf=4 off=20 br=2000
frame 4: send=0x0 get=0x0 len=3406 coding=1 startqp=0 meanqp=0 picbytes=0 pskip=0 nalus=1 n1:3406
  snapshot f004: 3 venc_ko blocks (pool0 0x73801000 len 0x10000)
src frame 5: srcf=5 off=24 br=2000
frame 5: send=0x0 get=0x0 len=2009 coding=1 startqp=0 meanqp=0 picbytes=0 pskip=0 nalus=1 n1:2009
  snapshot f005: 3 venc_ko blocks (pool0 0x73801000 len 0x10000)
src frame 6: srcf=6 off=28 br=2000
frame 6: send=0x0 get=0x0 len=3263 coding=1 startqp=0 meanqp=0 picbytes=0 pskip=0 nalus=1 n1:3263
  snapshot f006: 3 venc_ko blocks (pool0 0x73801000 len 0x10000)
src frame 7: srcf=7 off=32 br=2000
frame 7: send=0x0 get=0x0 len=3258 coding=1 startqp=0 meanqp=0 picbytes=0 pskip=0 nalus=1 n1:3258
  snapshot f007: 3 venc_ko blocks (pool0 0x73801000 len 0x10000)
src frame 8: srcf=8 off=36 br=2000
frame 8: send=0x0 get=0x0 len=3040 coding=1 startqp=0 meanqp=0 picbytes=0 pskip=0 nalus=1 n1:3040
  snapshot f008: 3 venc_ko blocks (pool0 0x73801000 len 0x10000)
src frame 9: srcf=9 off=40 br=2000
frame 9: send=0x0 get=0x0 len=3196 coding=1 startqp=0 meanqp=0 picbytes=0 pskip=0 nalus=1 n1:3196
  snapshot f009: 3 venc_ko blocks (pool0 0x73801000 len 0x10000)
src frame 10: srcf=10 off=44 br=2000
frame 10: send=0x0 get=0x0 len=3064 coding=1 startqp=0 meanqp=0 picbytes=0 pskip=0 nalus=1 n1:3064
  snapshot f010: 3 venc_ko blocks (pool0 0x73801000 len 0x10000)
src frame 11: srcf=11 off=48 br=2000
frame 11: send=0x0 get=0x0 len=3388 coding=1 startqp=0 meanqp=0 picbytes=0 pskip=0 nalus=1 n1:3388
  snapshot f011: 3 venc_ko blocks (pool0 0x73801000 len 0x10000)
src frame 12: srcf=12 off=52 br=2000
frame 12: send=0x0 get=0x0 len=3858 coding=1 startqp=0 meanqp=0 picbytes=0 pskip=0 nalus=1 n1:3858
  snapshot f012: 3 venc_ko blocks (pool0 0x73801000 len 0x10000)
src frame 13: srcf=13 off=56 br=2000
frame 13: send=0x0 get=0x0 len=3178 coding=1 startqp=0 meanqp=0 picbytes=0 pskip=0 nalus=1 n1:3178
  snapshot f013: 3 venc_ko blocks (pool0 0x73801000 len 0x10000)
src frame 14: srcf=14 off=60 br=2000
frame 14: send=0x0 get=0x0 len=2751 coding=1 startqp=0 meanqp=0 picbytes=0 pskip=0 nalus=1 n1:2751
  snapshot f014: 3 venc_ko blocks (pool0 0x73801000 len 0x10000)
src frame 15: srcf=15 off=64 br=2000
frame 15: send=0x0 get=0x0 len=1500 coding=1 startqp=0 meanqp=0 picbytes=0 pskip=0 nalus=1 n1:1500
  snapshot f015: 3 venc_ko blocks (pool0 0x73801000 len 0x10000)
src frame 16: srcf=16 off=68 br=2000
frame 16: send=0x0 get=0x0 len=3307 coding=1 startqp=0 meanqp=0 picbytes=0 pskip=0 nalus=1 n1:3307
  snapshot f016: 3 venc_ko blocks (pool0 0x73801000 len 0x10000)
src frame 17: srcf=17 off=72 br=2000
frame 17: send=0x0 get=0x0 len=3379 coding=1 startqp=0 meanqp=0 picbytes=0 pskip=0 nalus=1 n1:3379
  snapshot f017: 3 venc_ko blocks (pool0 0x73801000 len 0x10000)
src frame 18: srcf=18 off=76 br=2000
frame 18: send=0x0 get=0x0 len=1447 coding=1 startqp=0 meanqp=0 picbytes=0 pskip=0 nalus=1 n1:1447
  snapshot f018: 3 venc_ko blocks (pool0 0x73801000 len 0x10000)
src frame 19: srcf=19 off=80 br=2000
frame 19: send=0x0 get=0x0 len=3602 coding=1 startqp=0 meanqp=0 picbytes=0 pskip=0 nalus=1 n1:3602
  snapshot f019: 3 venc_ko blocks (pool0 0x73801000 len 0x10000)
src frame 20: srcf=20 off=84 br=2000
frame 20: send=0x0 get=0x0 len=3423 coding=1 startqp=0 meanqp=0 picbytes=0 pskip=0 nalus=1 n1:3423
  snapshot f020: 3 venc_ko blocks (pool0 0x73801000 len 0x10000)
src frame 21: srcf=21 off=88 br=2000
frame 21: send=0x0 get=0x0 len=3389 coding=1 startqp=0 meanqp=0 picbytes=0 pskip=0 nalus=1 n1:3389
  snapshot f021: 3 venc_ko blocks (pool0 0x73801000 len 0x10000)
src frame 22: srcf=22 off=92 br=2000
frame 22: send=0x0 get=0x0 len=4273 coding=1 startqp=0 meanqp=0 picbytes=0 pskip=0 nalus=1 n1:4273
  snapshot f022: 3 venc_ko blocks (pool0 0x73801000 len 0x10000)
src frame 23: srcf=23 off=96 br=2000
frame 23: send=0x0 get=0x0 len=4654 coding=1 startqp=0 meanqp=0 picbytes=0 pskip=0 nalus=1 n1:4654
  snapshot f023: 3 venc_ko blocks (pool0 0x73801000 len 0x10000)
src frame 24: srcf=24 off=100 br=2000
frame 24: send=0x0 get=0x0 len=4283 coding=1 startqp=0 meanqp=0 picbytes=0 pskip=0 nalus=1 n1:4283
  snapshot f024: 3 venc_ko blocks (pool0 0x73801000 len 0x10000)
src frame 25: srcf=25 off=104 br=2000
frame 25: send=0x0 get=0x0 len=1460 coding=1 startqp=0 meanqp=0 picbytes=0 pskip=0 nalus=1 n1:1460
  snapshot f025: 3 venc_ko blocks (pool0 0x73801000 len 0x10000)
src frame 26: srcf=26 off=108 br=2000
frame 26: send=0x0 get=0x0 len=2112 coding=1 startqp=0 meanqp=0 picbytes=0 pskip=0 nalus=1 n1:2112
  snapshot f026: 3 venc_ko blocks (pool0 0x73801000 len 0x10000)
src frame 27: srcf=27 off=112 br=2000
frame 27: send=0x0 get=0x0 len=1759 coding=1 startqp=0 meanqp=0 picbytes=0 pskip=0 nalus=1 n1:1759
  snapshot f027: 3 venc_ko blocks (pool0 0x73801000 len 0x10000)
src frame 28: srcf=28 off=116 br=2000
frame 28: send=0x0 get=0x0 len=1997 coding=1 startqp=0 meanqp=0 picbytes=0 pskip=0 nalus=1 n1:1997
  snapshot f028: 3 venc_ko blocks (pool0 0x73801000 len 0x10000)
src frame 29: srcf=29 off=120 br=2000
frame 29: send=0x0 get=0x0 len=3314 coding=1 startqp=0 meanqp=0 picbytes=0 pskip=0 nalus=1 n1:3314
  snapshot f029: 3 venc_ko blocks (pool0 0x73801000 len 0x10000)
src frame 30: srcf=28 off=124 br=2000
frame 30: send=0x0 get=0x0 len=25691 coding=0 startqp=0 meanqp=0 picbytes=0 pskip=0 nalus=3 n7:32 n8:9 n5:25650
  snapshot f030: 3 venc_ko blocks (pool0 0x73801000 len 0x10000)
src frame 31: srcf=27 off=128 br=2000
frame 31: send=0x0 get=0x0 len=3917 coding=1 startqp=0 meanqp=0 picbytes=0 pskip=0 nalus=1 n1:3917
  snapshot f031: 3 venc_ko blocks (pool0 0x73801000 len 0x10000)
src frame 32: srcf=26 off=132 br=2000
frame 32: send=0x0 get=0x0 len=4149 coding=1 startqp=0 meanqp=0 picbytes=0 pskip=0 nalus=1 n1:4149
  snapshot f032: 3 venc_ko blocks (pool0 0x73801000 len 0x10000)
src frame 33: srcf=25 off=136 br=2000
frame 33: send=0x0 get=0x0 len=4407 coding=1 startqp=0 meanqp=0 picbytes=0 pskip=0 nalus=1 n1:4407
  snapshot f033: 3 venc_ko blocks (pool0 0x73801000 len 0x10000)
src frame 34: srcf=24 off=140 br=2000
frame 34: send=0x0 get=0x0 len=2077 coding=1 startqp=0 meanqp=0 picbytes=0 pskip=0 nalus=1 n1:2077
  snapshot f034: 3 venc_ko blocks (pool0 0x73801000 len 0x10000)
src frame 35: srcf=23 off=144 br=2000
frame 35: send=0x0 get=0x0 len=3197 coding=1 startqp=0 meanqp=0 picbytes=0 pskip=0 nalus=1 n1:3197
  snapshot f035: 3 venc_ko blocks (pool0 0x73801000 len 0x10000)
src frame 36: srcf=22 off=148 br=2000
frame 36: send=0x0 get=0x0 len=3841 coding=1 startqp=0 meanqp=0 picbytes=0 pskip=0 nalus=1 n1:3841
  snapshot f036: 3 venc_ko blocks (pool0 0x73801000 len 0x10000)
src frame 37: srcf=21 off=152 br=2000
frame 37: send=0x0 get=0x0 len=3991 coding=1 startqp=0 meanqp=0 picbytes=0 pskip=0 nalus=1 n1:3991
  snapshot f037: 3 venc_ko blocks (pool0 0x73801000 len 0x10000)
src frame 38: srcf=20 off=156 br=2000
frame 38: send=0x0 get=0x0 len=3868 coding=1 startqp=0 meanqp=0 picbytes=0 pskip=0 nalus=1 n1:3868
  snapshot f038: 3 venc_ko blocks (pool0 0x73801000 len 0x10000)
src frame 39: srcf=19 off=160 br=2000
frame 39: send=0x0 get=0x0 len=3878 coding=1 startqp=0 meanqp=0 picbytes=0 pskip=0 nalus=1 n1:3878
  snapshot f039: 3 venc_ko blocks (pool0 0x73801000 len 0x10000)
src frame 40: srcf=18 off=164 br=2000
frame 40: send=0x0 get=0x0 len=3675 coding=1 startqp=0 meanqp=0 picbytes=0 pskip=0 nalus=1 n1:3675
  snapshot f040: 3 venc_ko blocks (pool0 0x73801000 len 0x10000)
src frame 41: srcf=17 off=168 br=2000
frame 41: send=0x0 get=0x0 len=4445 coding=1 startqp=0 meanqp=0 picbytes=0 pskip=0 nalus=1 n1:4445
  snapshot f041: 3 venc_ko blocks (pool0 0x73801000 len 0x10000)
src frame 42: srcf=16 off=172 br=2000
frame 42: send=0x0 get=0x0 len=4717 coding=1 startqp=0 meanqp=0 picbytes=0 pskip=0 nalus=1 n1:4717
  snapshot f042: 3 venc_ko blocks (pool0 0x73801000 len 0x10000)
src frame 43: srcf=15 off=176 br=2000
frame 43: send=0x0 get=0x0 len=2668 coding=1 startqp=0 meanqp=0 picbytes=0 pskip=0 nalus=1 n1:2668
  snapshot f043: 3 venc_ko blocks (pool0 0x73801000 len 0x10000)
src frame 44: srcf=14 off=180 br=2000
frame 44: send=0x0 get=0x0 len=3794 coding=1 startqp=0 meanqp=0 picbytes=0 pskip=0 nalus=1 n1:3794
  snapshot f044: 3 venc_ko blocks (pool0 0x73801000 len 0x10000)
src frame 45: srcf=13 off=184 br=2000
frame 45: send=0x0 get=0x0 len=3954 coding=1 startqp=0 meanqp=0 picbytes=0 pskip=0 nalus=1 n1:3954
  snapshot f045: 3 venc_ko blocks (pool0 0x73801000 len 0x10000)
src frame 46: srcf=12 off=188 br=2000
frame 46: send=0x0 get=0x0 len=3137 coding=1 startqp=0 meanqp=0 picbytes=0 pskip=0 nalus=1 n1:3137
  snapshot f046: 3 venc_ko blocks (pool0 0x73801000 len 0x10000)
src frame 47: srcf=11 off=192 br=2000
frame 47: send=0x0 get=0x0 len=4226 coding=1 startqp=0 meanqp=0 picbytes=0 pskip=0 nalus=1 n1:4226
  snapshot f047: 3 venc_ko blocks (pool0 0x73801000 len 0x10000)
src frame 48: srcf=10 off=196 br=2000
frame 48: send=0x0 get=0x0 len=3969 coding=1 startqp=0 meanqp=0 picbytes=0 pskip=0 nalus=1 n1:3969
  snapshot f048: 3 venc_ko blocks (pool0 0x73801000 len 0x10000)
src frame 49: srcf=9 off=200 br=2000
frame 49: send=0x0 get=0x0 len=4250 coding=1 startqp=0 meanqp=0 picbytes=0 pskip=0 nalus=1 n1:4250
  snapshot f049: 3 venc_ko blocks (pool0 0x73801000 len 0x10000)
src frame 50: srcf=8 off=204 br=2000
frame 50: send=0x0 get=0x0 len=4140 coding=1 startqp=0 meanqp=0 picbytes=0 pskip=0 nalus=1 n1:4140
  snapshot f050: 3 venc_ko blocks (pool0 0x73801000 len 0x10000)
src frame 51: srcf=7 off=208 br=2000
frame 51: send=0x0 get=0x0 len=3998 coding=1 startqp=0 meanqp=0 picbytes=0 pskip=0 nalus=1 n1:3998
  snapshot f051: 3 venc_ko blocks (pool0 0x73801000 len 0x10000)
src frame 52: srcf=6 off=212 br=2000
frame 52: send=0x0 get=0x0 len=4756 coding=1 startqp=0 meanqp=0 picbytes=0 pskip=0 nalus=1 n1:4756
  snapshot f052: 3 venc_ko blocks (pool0 0x73801000 len 0x10000)
src frame 53: srcf=5 off=216 br=2000
frame 53: send=0x0 get=0x0 len=3664 coding=1 startqp=0 meanqp=0 picbytes=0 pskip=0 nalus=1 n1:3664
  snapshot f053: 3 venc_ko blocks (pool0 0x73801000 len 0x10000)
src frame 54: srcf=4 off=220 br=2000
frame 54: send=0x0 get=0x0 len=4073 coding=1 startqp=0 meanqp=0 picbytes=0 pskip=0 nalus=1 n1:4073
  snapshot f054: 3 venc_ko blocks (pool0 0x73801000 len 0x10000)
src frame 55: srcf=3 off=224 br=2000
frame 55: send=0x0 get=0x0 len=4164 coding=1 startqp=0 meanqp=0 picbytes=0 pskip=0 nalus=1 n1:4164
  snapshot f055: 3 venc_ko blocks (pool0 0x73801000 len 0x10000)
src frame 56: srcf=2 off=228 br=2000
frame 56: send=0x0 get=0x0 len=4272 coding=1 startqp=0 meanqp=0 picbytes=0 pskip=0 nalus=1 n1:4272
  snapshot f056: 3 venc_ko blocks (pool0 0x73801000 len 0x10000)
src frame 57: srcf=1 off=232 br=2000
frame 57: send=0x0 get=0x0 len=4425 coding=1 startqp=0 meanqp=0 picbytes=0 pskip=0 nalus=1 n1:4425
  snapshot f057: 3 venc_ko blocks (pool0 0x73801000 len 0x10000)
src frame 58: srcf=0 off=236 br=2000
frame 58: send=0x0 get=0x0 len=4458 coding=1 startqp=0 meanqp=0 picbytes=0 pskip=0 nalus=1 n1:4458
  snapshot f058: 3 venc_ko blocks (pool0 0x73801000 len 0x10000)
src frame 59: srcf=1 off=240 br=2000
frame 59: send=0x0 get=0x0 len=3572 coding=1 startqp=0 meanqp=0 picbytes=0 pskip=0 nalus=1 n1:3572
  snapshot f059: 3 venc_ko blocks (pool0 0x73801000 len 0x10000)
src frame 60: srcf=2 off=244 br=2000
frame 60: send=0x0 get=0x0 len=29097 coding=0 startqp=0 meanqp=0 picbytes=0 pskip=0 nalus=3 n7:32 n8:9 n5:29056
  snapshot f060: 3 venc_ko blocks (pool0 0x73801000 len 0x10000)
src frame 61: srcf=3 off=248 br=2000
frame 61: send=0x0 get=0x0 len=3105 coding=1 startqp=0 meanqp=0 picbytes=0 pskip=0 nalus=1 n1:3105
  snapshot f061: 3 venc_ko blocks (pool0 0x73801000 len 0x10000)
src frame 62: srcf=4 off=252 br=2000
frame 62: send=0x0 get=0x0 len=3717 coding=1 startqp=0 meanqp=0 picbytes=0 pskip=0 nalus=1 n1:3717
  snapshot f062: 3 venc_ko blocks (pool0 0x73801000 len 0x10000)
src frame 63: srcf=5 off=256 br=2000
frame 63: send=0x0 get=0x0 len=2476 coding=1 startqp=0 meanqp=0 picbytes=0 pskip=0 nalus=1 n1:2476
  snapshot f063: 3 venc_ko blocks (pool0 0x73801000 len 0x10000)
src frame 64: srcf=6 off=260 br=2000
frame 64: send=0x0 get=0x0 len=3566 coding=1 startqp=0 meanqp=0 picbytes=0 pskip=0 nalus=1 n1:3566
  snapshot f064: 3 venc_ko blocks (pool0 0x73801000 len 0x10000)
src frame 65: srcf=7 off=264 br=2000
frame 65: send=0x0 get=0x0 len=2912 coding=1 startqp=0 meanqp=0 picbytes=0 pskip=0 nalus=1 n1:2912
  snapshot f065: 3 venc_ko blocks (pool0 0x73801000 len 0x10000)
src frame 66: srcf=8 off=268 br=2000
frame 66: send=0x0 get=0x0 len=3031 coding=1 startqp=0 meanqp=0 picbytes=0 pskip=0 nalus=1 n1:3031
  snapshot f066: 3 venc_ko blocks (pool0 0x73801000 len 0x10000)
src frame 67: srcf=9 off=272 br=2000
frame 67: send=0x0 get=0x0 len=2895 coding=1 startqp=0 meanqp=0 picbytes=0 pskip=0 nalus=1 n1:2895
  snapshot f067: 3 venc_ko blocks (pool0 0x73801000 len 0x10000)
src frame 68: srcf=10 off=276 br=2000
frame 68: send=0x0 get=0x0 len=2775 coding=1 startqp=0 meanqp=0 picbytes=0 pskip=0 nalus=1 n1:2775
  snapshot f068: 3 venc_ko blocks (pool0 0x73801000 len 0x10000)
src frame 69: srcf=11 off=280 br=2000
frame 69: send=0x0 get=0x0 len=2938 coding=1 startqp=0 meanqp=0 picbytes=0 pskip=0 nalus=1 n1:2938
  snapshot f069: 3 venc_ko blocks (pool0 0x73801000 len 0x10000)
src frame 70: srcf=12 off=284 br=2000
frame 70: send=0x0 get=0x0 len=3099 coding=1 startqp=0 meanqp=0 picbytes=0 pskip=0 nalus=1 n1:3099
  snapshot f070: 3 venc_ko blocks (pool0 0x73801000 len 0x10000)
src frame 71: srcf=13 off=288 br=2000
frame 71: send=0x0 get=0x0 len=2417 coding=1 startqp=0 meanqp=0 picbytes=0 pskip=0 nalus=1 n1:2417
  snapshot f071: 3 venc_ko blocks (pool0 0x73801000 len 0x10000)
src frame 72: srcf=14 off=292 br=2000
frame 72: send=0x0 get=0x0 len=3335 coding=1 startqp=0 meanqp=0 picbytes=0 pskip=0 nalus=1 n1:3335
  snapshot f072: 3 venc_ko blocks (pool0 0x73801000 len 0x10000)
src frame 73: srcf=15 off=296 br=2000
frame 73: send=0x0 get=0x0 len=3156 coding=1 startqp=0 meanqp=0 picbytes=0 pskip=0 nalus=1 n1:3156
  snapshot f073: 3 venc_ko blocks (pool0 0x73801000 len 0x10000)
src frame 74: srcf=16 off=300 br=2000
frame 74: send=0x0 get=0x0 len=1148 coding=1 startqp=0 meanqp=0 picbytes=0 pskip=0 nalus=1 n1:1148
  snapshot f074: 3 venc_ko blocks (pool0 0x73801000 len 0x10000)
src frame 75: srcf=17 off=304 br=2000
frame 75: send=0x0 get=0x0 len=2700 coding=1 startqp=0 meanqp=0 picbytes=0 pskip=0 nalus=1 n1:2700
  snapshot f075: 3 venc_ko blocks (pool0 0x73801000 len 0x10000)
src frame 76: srcf=18 off=308 br=2000
frame 76: send=0x0 get=0x0 len=2862 coding=1 startqp=0 meanqp=0 picbytes=0 pskip=0 nalus=1 n1:2862
  snapshot f076: 3 venc_ko blocks (pool0 0x73801000 len 0x10000)
src frame 77: srcf=19 off=312 br=2000
frame 77: send=0x0 get=0x0 len=2852 coding=1 startqp=0 meanqp=0 picbytes=0 pskip=0 nalus=1 n1:2852
  snapshot f077: 3 venc_ko blocks (pool0 0x73801000 len 0x10000)
src frame 78: srcf=20 off=316 br=2000
frame 78: send=0x0 get=0x0 len=2981 coding=1 startqp=0 meanqp=0 picbytes=0 pskip=0 nalus=1 n1:2981
  snapshot f078: 3 venc_ko blocks (pool0 0x73801000 len 0x10000)
src frame 79: srcf=21 off=320 br=2000
frame 79: send=0x0 get=0x0 len=3003 coding=1 startqp=0 meanqp=0 picbytes=0 pskip=0 nalus=1 n1:3003
  snapshot f079: 3 venc_ko blocks (pool0 0x73801000 len 0x10000)
src frame 80: srcf=22 off=324 br=2000
frame 80: send=0x0 get=0x0 len=3307 coding=1 startqp=0 meanqp=0 picbytes=0 pskip=0 nalus=1 n1:3307
  snapshot f080: 3 venc_ko blocks (pool0 0x73801000 len 0x10000)
src frame 81: srcf=23 off=328 br=2000
frame 81: send=0x0 get=0x0 len=3593 coding=1 startqp=0 meanqp=0 picbytes=0 pskip=0 nalus=1 n1:3593
  snapshot f081: 3 venc_ko blocks (pool0 0x73801000 len 0x10000)
src frame 82: srcf=24 off=332 br=2000
frame 82: send=0x0 get=0x0 len=2294 coding=1 startqp=0 meanqp=0 picbytes=0 pskip=0 nalus=1 n1:2294
  snapshot f082: 3 venc_ko blocks (pool0 0x73801000 len 0x10000)
src frame 83: srcf=25 off=336 br=2000
frame 83: send=0x0 get=0x0 len=2778 coding=1 startqp=0 meanqp=0 picbytes=0 pskip=0 nalus=1 n1:2778
  snapshot f083: 3 venc_ko blocks (pool0 0x73801000 len 0x10000)
src frame 84: srcf=26 off=340 br=2000
frame 84: send=0x0 get=0x0 len=2772 coding=1 startqp=0 meanqp=0 picbytes=0 pskip=0 nalus=1 n1:2772
  snapshot f084: 3 venc_ko blocks (pool0 0x73801000 len 0x10000)
src frame 85: srcf=27 off=344 br=2000
frame 85: send=0x0 get=0x0 len=2615 coding=1 startqp=0 meanqp=0 picbytes=0 pskip=0 nalus=1 n1:2615
  snapshot f085: 3 venc_ko blocks (pool0 0x73801000 len 0x10000)
src frame 86: srcf=28 off=348 br=2000
frame 86: send=0x0 get=0x0 len=2805 coding=1 startqp=0 meanqp=0 picbytes=0 pskip=0 nalus=1 n1:2805
  snapshot f086: 3 venc_ko blocks (pool0 0x73801000 len 0x10000)
src frame 87: srcf=29 off=352 br=2000
frame 87: send=0x0 get=0x0 len=2890 coding=1 startqp=0 meanqp=0 picbytes=0 pskip=0 nalus=1 n1:2890
  snapshot f087: 3 venc_ko blocks (pool0 0x73801000 len 0x10000)
src frame 88: srcf=28 off=356 br=2000
frame 88: send=0x0 get=0x0 len=2945 coding=1 startqp=0 meanqp=0 picbytes=0 pskip=0 nalus=1 n1:2945
  snapshot f088: 3 venc_ko blocks (pool0 0x73801000 len 0x10000)
src frame 89: srcf=27 off=360 br=2000
frame 89: send=0x0 get=0x0 len=3232 coding=1 startqp=0 meanqp=0 picbytes=0 pskip=0 nalus=1 n1:3232
  snapshot f089: 3 venc_ko blocks (pool0 0x73801000 len 0x10000)
src frame 90: srcf=26 off=364 br=2000
frame 90: send=0x0 get=0x0 len=32818 coding=0 startqp=0 meanqp=0 picbytes=0 pskip=0 nalus=3 n7:32 n8:9 n5:32777
  snapshot f090: 3 venc_ko blocks (pool0 0x73801000 len 0x10000)
src frame 91: srcf=25 off=368 br=2000
frame 91: send=0x0 get=0x0 len=3827 coding=1 startqp=0 meanqp=0 picbytes=0 pskip=0 nalus=1 n1:3827
  snapshot f091: 3 venc_ko blocks (pool0 0x73801000 len 0x10000)
src frame 92: srcf=24 off=372 br=2000
frame 92: send=0x0 get=0x0 len=3927 coding=1 startqp=0 meanqp=0 picbytes=0 pskip=0 nalus=1 n1:3927
  snapshot f092: 3 venc_ko blocks (pool0 0x73801000 len 0x10000)
src frame 93: srcf=23 off=376 br=2000
frame 93: send=0x0 get=0x0 len=3350 coding=1 startqp=0 meanqp=0 picbytes=0 pskip=0 nalus=1 n1:3350
  snapshot f093: 3 venc_ko blocks (pool0 0x73801000 len 0x10000)
src frame 94: srcf=22 off=380 br=2000
frame 94: send=0x0 get=0x0 len=3442 coding=1 startqp=0 meanqp=0 picbytes=0 pskip=0 nalus=1 n1:3442
  snapshot f094: 3 venc_ko blocks (pool0 0x73801000 len 0x10000)
src frame 95: srcf=21 off=384 br=2000
frame 95: send=0x0 get=0x0 len=3525 coding=1 startqp=0 meanqp=0 picbytes=0 pskip=0 nalus=1 n1:3525
  snapshot f095: 3 venc_ko blocks (pool0 0x73801000 len 0x10000)
src frame 96: srcf=20 off=388 br=2000
frame 96: send=0x0 get=0x0 len=3297 coding=1 startqp=0 meanqp=0 picbytes=0 pskip=0 nalus=1 n1:3297
  snapshot f096: 3 venc_ko blocks (pool0 0x73801000 len 0x10000)
src frame 97: srcf=19 off=392 br=2000
frame 97: send=0x0 get=0x0 len=3615 coding=1 startqp=0 meanqp=0 picbytes=0 pskip=0 nalus=1 n1:3615
  snapshot f097: 3 venc_ko blocks (pool0 0x73801000 len 0x10000)
src frame 98: srcf=18 off=396 br=2000
frame 98: send=0x0 get=0x0 len=3672 coding=1 startqp=0 meanqp=0 picbytes=0 pskip=0 nalus=1 n1:3672
  snapshot f098: 3 venc_ko blocks (pool0 0x73801000 len 0x10000)
src frame 99: srcf=17 off=400 br=2000
frame 99: send=0x0 get=0x0 len=3819 coding=1 startqp=0 meanqp=0 picbytes=0 pskip=0 nalus=1 n1:3819
  snapshot f099: 3 venc_ko blocks (pool0 0x73801000 len 0x10000)
src frame 100: srcf=16 off=404 br=2000
frame 100: send=0x0 get=0x0 len=3550 coding=1 startqp=0 meanqp=0 picbytes=0 pskip=0 nalus=1 n1:3550
  snapshot f100: 3 venc_ko blocks (pool0 0x73801000 len 0x10000)
src frame 101: srcf=15 off=408 br=2000
frame 101: send=0x0 get=0x0 len=3328 coding=1 startqp=0 meanqp=0 picbytes=0 pskip=0 nalus=1 n1:3328
  snapshot f101: 3 venc_ko blocks (pool0 0x73801000 len 0x10000)
src frame 102: srcf=14 off=412 br=2000
frame 102: send=0x0 get=0x0 len=4015 coding=1 startqp=0 meanqp=0 picbytes=0 pskip=0 nalus=1 n1:4015
  snapshot f102: 3 venc_ko blocks (pool0 0x73801000 len 0x10000)
src frame 103: srcf=13 off=416 br=2000
frame 103: send=0x0 get=0x0 len=2663 coding=1 startqp=0 meanqp=0 picbytes=0 pskip=0 nalus=1 n1:2663
  snapshot f103: 3 venc_ko blocks (pool0 0x73801000 len 0x10000)
src frame 104: srcf=12 off=420 br=2000
frame 104: send=0x0 get=0x0 len=3146 coding=1 startqp=0 meanqp=0 picbytes=0 pskip=0 nalus=1 n1:3146
  snapshot f104: 3 venc_ko blocks (pool0 0x73801000 len 0x10000)
src frame 105: srcf=11 off=424 br=2000
frame 105: send=0x0 get=0x0 len=3596 coding=1 startqp=0 meanqp=0 picbytes=0 pskip=0 nalus=1 n1:3596
  snapshot f105: 3 venc_ko blocks (pool0 0x73801000 len 0x10000)
src frame 106: srcf=10 off=428 br=2000
frame 106: send=0x0 get=0x0 len=3811 coding=1 startqp=0 meanqp=0 picbytes=0 pskip=0 nalus=1 n1:3811
  snapshot f106: 3 venc_ko blocks (pool0 0x73801000 len 0x10000)
src frame 107: srcf=9 off=432 br=2000
frame 107: send=0x0 get=0x0 len=4085 coding=1 startqp=0 meanqp=0 picbytes=0 pskip=0 nalus=1 n1:4085
  snapshot f107: 3 venc_ko blocks (pool0 0x73801000 len 0x10000)
src frame 108: srcf=8 off=436 br=2000
frame 108: send=0x0 get=0x0 len=3326 coding=1 startqp=0 meanqp=0 picbytes=0 pskip=0 nalus=1 n1:3326
  snapshot f108: 3 venc_ko blocks (pool0 0x73801000 len 0x10000)
src frame 109: srcf=7 off=440 br=2000
frame 109: send=0x0 get=0x0 len=4062 coding=1 startqp=0 meanqp=0 picbytes=0 pskip=0 nalus=1 n1:4062
  snapshot f109: 3 venc_ko blocks (pool0 0x73801000 len 0x10000)
src frame 110: srcf=6 off=444 br=2000
frame 110: send=0x0 get=0x0 len=2606 coding=1 startqp=0 meanqp=0 picbytes=0 pskip=0 nalus=1 n1:2606
  snapshot f110: 3 venc_ko blocks (pool0 0x73801000 len 0x10000)
src frame 111: srcf=5 off=448 br=2000
frame 111: send=0x0 get=0x0 len=4201 coding=1 startqp=0 meanqp=0 picbytes=0 pskip=0 nalus=1 n1:4201
  snapshot f111: 3 venc_ko blocks (pool0 0x73801000 len 0x10000)
src frame 112: srcf=4 off=452 br=2000
frame 112: send=0x0 get=0x0 len=2434 coding=1 startqp=0 meanqp=0 picbytes=0 pskip=0 nalus=1 n1:2434
  snapshot f112: 3 venc_ko blocks (pool0 0x73801000 len 0x10000)
src frame 113: srcf=3 off=456 br=2000
frame 113: send=0x0 get=0x0 len=4058 coding=1 startqp=0 meanqp=0 picbytes=0 pskip=0 nalus=1 n1:4058
  snapshot f113: 3 venc_ko blocks (pool0 0x73801000 len 0x10000)
src frame 114: srcf=2 off=460 br=2000
frame 114: send=0x0 get=0x0 len=2215 coding=1 startqp=0 meanqp=0 picbytes=0 pskip=0 nalus=1 n1:2215
  snapshot f114: 3 venc_ko blocks (pool0 0x73801000 len 0x10000)
src frame 115: srcf=1 off=464 br=2000
frame 115: send=0x0 get=0x0 len=4025 coding=1 startqp=0 meanqp=0 picbytes=0 pskip=0 nalus=1 n1:4025
  snapshot f115: 3 venc_ko blocks (pool0 0x73801000 len 0x10000)
src frame 116: srcf=0 off=468 br=2000
frame 116: send=0x0 get=0x0 len=4551 coding=1 startqp=0 meanqp=0 picbytes=0 pskip=0 nalus=1 n1:4551
  snapshot f116: 3 venc_ko blocks (pool0 0x73801000 len 0x10000)
src frame 117: srcf=1 off=472 br=2000
frame 117: send=0x0 get=0x0 len=4525 coding=1 startqp=0 meanqp=0 picbytes=0 pskip=0 nalus=1 n1:4525
  snapshot f117: 3 venc_ko blocks (pool0 0x73801000 len 0x10000)
src frame 118: srcf=2 off=476 br=2000
frame 118: send=0x0 get=0x0 len=4440 coding=1 startqp=0 meanqp=0 picbytes=0 pskip=0 nalus=1 n1:4440
  snapshot f118: 3 venc_ko blocks (pool0 0x73801000 len 0x10000)
src frame 119: srcf=3 off=480 br=2000
frame 119: send=0x0 get=0x0 len=5478 coding=1 startqp=0 meanqp=0 picbytes=0 pskip=0 nalus=1 n1:5478
  snapshot f119: 3 venc_ko blocks (pool0 0x73801000 len 0x10000)
src frame 120: srcf=4 off=484 br=2000
frame 120: send=0x0 get=0x0 len=38281 coding=0 startqp=0 meanqp=0 picbytes=0 pskip=0 nalus=3 n7:32 n8:9 n5:38240
  snapshot f120: 3 venc_ko blocks (pool0 0x73801000 len 0x10000)
src frame 121: srcf=5 off=488 br=2000
frame 121: send=0x0 get=0x0 len=2811 coding=1 startqp=0 meanqp=0 picbytes=0 pskip=0 nalus=1 n1:2811
  snapshot f121: 3 venc_ko blocks (pool0 0x73801000 len 0x10000)
src frame 122: srcf=6 off=492 br=2000
frame 122: send=0x0 get=0x0 len=2772 coding=1 startqp=0 meanqp=0 picbytes=0 pskip=0 nalus=1 n1:2772
  snapshot f122: 3 venc_ko blocks (pool0 0x73801000 len 0x10000)
src frame 123: srcf=7 off=496 br=2000
frame 123: send=0x0 get=0x0 len=2541 coding=1 startqp=0 meanqp=0 picbytes=0 pskip=0 nalus=1 n1:2541
  snapshot f123: 3 venc_ko blocks (pool0 0x73801000 len 0x10000)
src frame 124: srcf=8 off=500 br=2000
frame 124: send=0x0 get=0x0 len=2681 coding=1 startqp=0 meanqp=0 picbytes=0 pskip=0 nalus=1 n1:2681
  snapshot f124: 3 venc_ko blocks (pool0 0x73801000 len 0x10000)
src frame 125: srcf=9 off=504 br=2000
frame 125: send=0x0 get=0x0 len=2379 coding=1 startqp=0 meanqp=0 picbytes=0 pskip=0 nalus=1 n1:2379
  snapshot f125: 3 venc_ko blocks (pool0 0x73801000 len 0x10000)
src frame 126: srcf=10 off=508 br=2000
frame 126: send=0x0 get=0x0 len=2165 coding=1 startqp=0 meanqp=0 picbytes=0 pskip=0 nalus=1 n1:2165
  snapshot f126: 3 venc_ko blocks (pool0 0x73801000 len 0x10000)
src frame 127: srcf=11 off=512 br=2000
frame 127: send=0x0 get=0x0 len=2651 coding=1 startqp=0 meanqp=0 picbytes=0 pskip=0 nalus=1 n1:2651
  snapshot f127: 3 venc_ko blocks (pool0 0x73801000 len 0x10000)
src frame 128: srcf=12 off=516 br=2000
frame 128: send=0x0 get=0x0 len=1609 coding=1 startqp=0 meanqp=0 picbytes=0 pskip=0 nalus=1 n1:1609
  snapshot f128: 3 venc_ko blocks (pool0 0x73801000 len 0x10000)
src frame 129: srcf=13 off=520 br=2000
frame 129: send=0x0 get=0x0 len=2644 coding=1 startqp=0 meanqp=0 picbytes=0 pskip=0 nalus=1 n1:2644
  snapshot f129: 3 venc_ko blocks (pool0 0x73801000 len 0x10000)
src frame 130: srcf=14 off=524 br=2000
frame 130: send=0x0 get=0x0 len=2246 coding=1 startqp=0 meanqp=0 picbytes=0 pskip=0 nalus=1 n1:2246
  snapshot f130: 3 venc_ko blocks (pool0 0x73801000 len 0x10000)
src frame 131: srcf=15 off=528 br=2000
frame 131: send=0x0 get=0x0 len=2362 coding=1 startqp=0 meanqp=0 picbytes=0 pskip=0 nalus=1 n1:2362
  snapshot f131: 3 venc_ko blocks (pool0 0x73801000 len 0x10000)
src frame 132: srcf=16 off=532 br=2000
frame 132: send=0x0 get=0x0 len=2362 coding=1 startqp=0 meanqp=0 picbytes=0 pskip=0 nalus=1 n1:2362
  snapshot f132: 3 venc_ko blocks (pool0 0x73801000 len 0x10000)
src frame 133: srcf=17 off=536 br=2000
frame 133: send=0x0 get=0x0 len=2578 coding=1 startqp=0 meanqp=0 picbytes=0 pskip=0 nalus=1 n1:2578
  snapshot f133: 3 venc_ko blocks (pool0 0x73801000 len 0x10000)
src frame 134: srcf=18 off=540 br=2000
frame 134: send=0x0 get=0x0 len=2462 coding=1 startqp=0 meanqp=0 picbytes=0 pskip=0 nalus=1 n1:2462
  snapshot f134: 3 venc_ko blocks (pool0 0x73801000 len 0x10000)
src frame 135: srcf=19 off=544 br=2000
frame 135: send=0x0 get=0x0 len=2547 coding=1 startqp=0 meanqp=0 picbytes=0 pskip=0 nalus=1 n1:2547
  snapshot f135: 3 venc_ko blocks (pool0 0x73801000 len 0x10000)
src frame 136: srcf=20 off=548 br=2000
frame 136: send=0x0 get=0x0 len=1890 coding=1 startqp=0 meanqp=0 picbytes=0 pskip=0 nalus=1 n1:1890
  snapshot f136: 3 venc_ko blocks (pool0 0x73801000 len 0x10000)
src frame 137: srcf=21 off=552 br=2000
frame 137: send=0x0 get=0x0 len=2370 coding=1 startqp=0 meanqp=0 picbytes=0 pskip=0 nalus=1 n1:2370
  snapshot f137: 3 venc_ko blocks (pool0 0x73801000 len 0x10000)
src frame 138: srcf=22 off=556 br=2000
frame 138: send=0x0 get=0x0 len=2481 coding=1 startqp=0 meanqp=0 picbytes=0 pskip=0 nalus=1 n1:2481
  snapshot f138: 3 venc_ko blocks (pool0 0x73801000 len 0x10000)
src frame 139: srcf=23 off=560 br=2000
frame 139: send=0x0 get=0x0 len=2272 coding=1 startqp=0 meanqp=0 picbytes=0 pskip=0 nalus=1 n1:2272
  snapshot f139: 3 venc_ko blocks (pool0 0x73801000 len 0x10000)
src frame 140: srcf=24 off=564 br=2000
frame 140: send=0x0 get=0x0 len=1794 coding=1 startqp=0 meanqp=0 picbytes=0 pskip=0 nalus=1 n1:1794
  snapshot f140: 3 venc_ko blocks (pool0 0x73801000 len 0x10000)
src frame 141: srcf=25 off=568 br=2000
frame 141: send=0x0 get=0x0 len=2355 coding=1 startqp=0 meanqp=0 picbytes=0 pskip=0 nalus=1 n1:2355
  snapshot f141: 3 venc_ko blocks (pool0 0x73801000 len 0x10000)
src frame 142: srcf=26 off=572 br=2000
frame 142: send=0x0 get=0x0 len=2491 coding=1 startqp=0 meanqp=0 picbytes=0 pskip=0 nalus=1 n1:2491
  snapshot f142: 3 venc_ko blocks (pool0 0x73801000 len 0x10000)
src frame 143: srcf=27 off=576 br=2000
frame 143: send=0x0 get=0x0 len=1816 coding=1 startqp=0 meanqp=0 picbytes=0 pskip=0 nalus=1 n1:1816
  snapshot f143: 3 venc_ko blocks (pool0 0x73801000 len 0x10000)
src frame 144: srcf=28 off=580 br=2000
frame 144: send=0x0 get=0x0 len=2993 coding=1 startqp=0 meanqp=0 picbytes=0 pskip=0 nalus=1 n1:2993
  snapshot f144: 3 venc_ko blocks (pool0 0x73801000 len 0x10000)
src frame 145: srcf=29 off=584 br=2000
frame 145: send=0x0 get=0x0 len=2471 coding=1 startqp=0 meanqp=0 picbytes=0 pskip=0 nalus=1 n1:2471
  snapshot f145: 3 venc_ko blocks (pool0 0x73801000 len 0x10000)
src frame 146: srcf=28 off=588 br=2000
frame 146: send=0x0 get=0x0 len=1892 coding=1 startqp=0 meanqp=0 picbytes=0 pskip=0 nalus=1 n1:1892
  snapshot f146: 3 venc_ko blocks (pool0 0x73801000 len 0x10000)
src frame 147: srcf=27 off=592 br=2000
frame 147: send=0x0 get=0x0 len=2792 coding=1 startqp=0 meanqp=0 picbytes=0 pskip=0 nalus=1 n1:2792
  snapshot f147: 3 venc_ko blocks (pool0 0x73801000 len 0x10000)
src frame 148: srcf=26 off=596 br=2000
frame 148: send=0x0 get=0x0 len=1674 coding=1 startqp=0 meanqp=0 picbytes=0 pskip=0 nalus=1 n1:1674
  snapshot f148: 3 venc_ko blocks (pool0 0x73801000 len 0x10000)
src frame 149: srcf=25 off=600 br=2000
frame 149: send=0x0 get=0x0 len=2389 coding=1 startqp=0 meanqp=0 picbytes=0 pskip=0 nalus=1 n1:2389
  snapshot f149: 3 venc_ko blocks (pool0 0x73801000 len 0x10000)
src frame 150: srcf=24 off=604 br=2000
frame 150: send=0x0 get=0x0 len=38084 coding=0 startqp=0 meanqp=0 picbytes=0 pskip=0 nalus=3 n7:32 n8:9 n5:38043
  snapshot f150: 3 venc_ko blocks (pool0 0x73801000 len 0x10000)
src frame 151: srcf=23 off=608 br=2000
frame 151: send=0x0 get=0x0 len=3761 coding=1 startqp=0 meanqp=0 picbytes=0 pskip=0 nalus=1 n1:3761
  snapshot f151: 3 venc_ko blocks (pool0 0x73801000 len 0x10000)
src frame 152: srcf=22 off=612 br=2000
frame 152: send=0x0 get=0x0 len=4272 coding=1 startqp=0 meanqp=0 picbytes=0 pskip=0 nalus=1 n1:4272
  snapshot f152: 3 venc_ko blocks (pool0 0x73801000 len 0x10000)
src frame 153: srcf=21 off=616 br=2000
frame 153: send=0x0 get=0x0 len=4316 coding=1 startqp=0 meanqp=0 picbytes=0 pskip=0 nalus=1 n1:4316
  snapshot f153: 3 venc_ko blocks (pool0 0x73801000 len 0x10000)
src frame 154: srcf=20 off=620 br=2000
frame 154: send=0x0 get=0x0 len=3730 coding=1 startqp=0 meanqp=0 picbytes=0 pskip=0 nalus=1 n1:3730
  snapshot f154: 3 venc_ko blocks (pool0 0x73801000 len 0x10000)
src frame 155: srcf=19 off=624 br=2000
frame 155: send=0x0 get=0x0 len=2763 coding=1 startqp=0 meanqp=0 picbytes=0 pskip=0 nalus=1 n1:2763
  snapshot f155: 3 venc_ko blocks (pool0 0x73801000 len 0x10000)
src frame 156: srcf=18 off=628 br=2000
frame 156: send=0x0 get=0x0 len=3603 coding=1 startqp=0 meanqp=0 picbytes=0 pskip=0 nalus=1 n1:3603
  snapshot f156: 3 venc_ko blocks (pool0 0x73801000 len 0x10000)
src frame 157: srcf=17 off=632 br=2000
frame 157: send=0x0 get=0x0 len=3546 coding=1 startqp=0 meanqp=0 picbytes=0 pskip=0 nalus=1 n1:3546
  snapshot f157: 3 venc_ko blocks (pool0 0x73801000 len 0x10000)
src frame 158: srcf=16 off=636 br=2000
frame 158: send=0x0 get=0x0 len=2629 coding=1 startqp=0 meanqp=0 picbytes=0 pskip=0 nalus=1 n1:2629
  snapshot f158: 3 venc_ko blocks (pool0 0x73801000 len 0x10000)
src frame 159: srcf=15 off=640 br=2000
frame 159: send=0x0 get=0x0 len=3432 coding=1 startqp=0 meanqp=0 picbytes=0 pskip=0 nalus=1 n1:3432
  snapshot f159: 3 venc_ko blocks (pool0 0x73801000 len 0x10000)
src frame 160: srcf=14 off=644 br=2000
frame 160: send=0x0 get=0x0 len=3567 coding=1 startqp=0 meanqp=0 picbytes=0 pskip=0 nalus=1 n1:3567
  snapshot f160: 3 venc_ko blocks (pool0 0x73801000 len 0x10000)
src frame 161: srcf=13 off=648 br=2000
frame 161: send=0x0 get=0x0 len=3555 coding=1 startqp=0 meanqp=0 picbytes=0 pskip=0 nalus=1 n1:3555
  snapshot f161: 3 venc_ko blocks (pool0 0x73801000 len 0x10000)
src frame 162: srcf=12 off=652 br=2000
frame 162: send=0x0 get=0x0 len=3450 coding=1 startqp=0 meanqp=0 picbytes=0 pskip=0 nalus=1 n1:3450
  snapshot f162: 3 venc_ko blocks (pool0 0x73801000 len 0x10000)
src frame 163: srcf=11 off=656 br=2000
frame 163: send=0x0 get=0x0 len=3664 coding=1 startqp=0 meanqp=0 picbytes=0 pskip=0 nalus=1 n1:3664
  snapshot f163: 3 venc_ko blocks (pool0 0x73801000 len 0x10000)
src frame 164: srcf=10 off=660 br=2000
frame 164: send=0x0 get=0x0 len=3489 coding=1 startqp=0 meanqp=0 picbytes=0 pskip=0 nalus=1 n1:3489
  snapshot f164: 3 venc_ko blocks (pool0 0x73801000 len 0x10000)
src frame 165: srcf=9 off=664 br=2000
frame 165: send=0x0 get=0x0 len=3906 coding=1 startqp=0 meanqp=0 picbytes=0 pskip=0 nalus=1 n1:3906
  snapshot f165: 3 venc_ko blocks (pool0 0x73801000 len 0x10000)
src frame 166: srcf=8 off=668 br=2000
frame 166: send=0x0 get=0x0 len=3871 coding=1 startqp=0 meanqp=0 picbytes=0 pskip=0 nalus=1 n1:3871
  snapshot f166: 3 venc_ko blocks (pool0 0x73801000 len 0x10000)
src frame 167: srcf=7 off=672 br=2000
frame 167: send=0x0 get=0x0 len=2180 coding=1 startqp=0 meanqp=0 picbytes=0 pskip=0 nalus=1 n1:2180
  snapshot f167: 3 venc_ko blocks (pool0 0x73801000 len 0x10000)
src frame 168: srcf=6 off=676 br=2000
frame 168: send=0x0 get=0x0 len=3750 coding=1 startqp=0 meanqp=0 picbytes=0 pskip=0 nalus=1 n1:3750
  snapshot f168: 3 venc_ko blocks (pool0 0x73801000 len 0x10000)
src frame 169: srcf=5 off=680 br=2000
frame 169: send=0x0 get=0x0 len=3564 coding=1 startqp=0 meanqp=0 picbytes=0 pskip=0 nalus=1 n1:3564
  snapshot f169: 3 venc_ko blocks (pool0 0x73801000 len 0x10000)
src frame 170: srcf=4 off=684 br=2000
frame 170: send=0x0 get=0x0 len=3702 coding=1 startqp=0 meanqp=0 picbytes=0 pskip=0 nalus=1 n1:3702
  snapshot f170: 3 venc_ko blocks (pool0 0x73801000 len 0x10000)
src frame 171: srcf=3 off=688 br=2000
frame 171: send=0x0 get=0x0 len=3792 coding=1 startqp=0 meanqp=0 picbytes=0 pskip=0 nalus=1 n1:3792
  snapshot f171: 3 venc_ko blocks (pool0 0x73801000 len 0x10000)
src frame 172: srcf=2 off=692 br=2000
frame 172: send=0x0 get=0x0 len=3488 coding=1 startqp=0 meanqp=0 picbytes=0 pskip=0 nalus=1 n1:3488
  snapshot f172: 3 venc_ko blocks (pool0 0x73801000 len 0x10000)
src frame 173: srcf=1 off=696 br=2000
frame 173: send=0x0 get=0x0 len=3975 coding=1 startqp=0 meanqp=0 picbytes=0 pskip=0 nalus=1 n1:3975
  snapshot f173: 3 venc_ko blocks (pool0 0x73801000 len 0x10000)
src frame 174: srcf=0 off=700 br=2000
frame 174: send=0x0 get=0x0 len=4047 coding=1 startqp=0 meanqp=0 picbytes=0 pskip=0 nalus=1 n1:4047
  snapshot f174: 3 venc_ko blocks (pool0 0x73801000 len 0x10000)
src frame 175: srcf=1 off=704 br=2000
frame 175: send=0x0 get=0x0 len=4057 coding=1 startqp=0 meanqp=0 picbytes=0 pskip=0 nalus=1 n1:4057
  snapshot f175: 3 venc_ko blocks (pool0 0x73801000 len 0x10000)
src frame 176: srcf=2 off=708 br=2000
frame 176: send=0x0 get=0x0 len=3857 coding=1 startqp=0 meanqp=0 picbytes=0 pskip=0 nalus=1 n1:3857
  snapshot f176: 3 venc_ko blocks (pool0 0x73801000 len 0x10000)
src frame 177: srcf=3 off=712 br=2000
frame 177: send=0x0 get=0x0 len=2541 coding=1 startqp=0 meanqp=0 picbytes=0 pskip=0 nalus=1 n1:2541
  snapshot f177: 3 venc_ko blocks (pool0 0x73801000 len 0x10000)
src frame 178: srcf=4 off=716 br=2000
frame 178: send=0x0 get=0x0 len=4307 coding=1 startqp=0 meanqp=0 picbytes=0 pskip=0 nalus=1 n1:4307
  snapshot f178: 3 venc_ko blocks (pool0 0x73801000 len 0x10000)
src frame 179: srcf=5 off=720 br=2000
frame 179: send=0x0 get=0x0 len=4687 coding=1 startqp=0 meanqp=0 picbytes=0 pskip=0 nalus=1 n1:4687
  snapshot f179: 3 venc_ko blocks (pool0 0x73801000 len 0x10000)
src frame 180: srcf=6 off=724 br=2000
frame 180: send=0x0 get=0x0 len=44269 coding=0 startqp=0 meanqp=0 picbytes=0 pskip=0 nalus=3 n7:32 n8:9 n5:44228
  snapshot f180: 3 venc_ko blocks (pool0 0x73801000 len 0x10000)
src frame 181: srcf=7 off=728 br=2000
frame 181: send=0x0 get=0x0 len=2184 coding=1 startqp=0 meanqp=0 picbytes=0 pskip=0 nalus=1 n1:2184
  snapshot f181: 3 venc_ko blocks (pool0 0x73801000 len 0x10000)
src frame 182: srcf=8 off=732 br=2000
frame 182: send=0x0 get=0x0 len=2195 coding=1 startqp=0 meanqp=0 picbytes=0 pskip=0 nalus=1 n1:2195
  snapshot f182: 3 venc_ko blocks (pool0 0x73801000 len 0x10000)
src frame 183: srcf=9 off=736 br=2000
frame 183: send=0x0 get=0x0 len=2244 coding=1 startqp=0 meanqp=0 picbytes=0 pskip=0 nalus=1 n1:2244
  snapshot f183: 3 venc_ko blocks (pool0 0x73801000 len 0x10000)
src frame 184: srcf=10 off=740 br=2000
frame 184: send=0x0 get=0x0 len=2507 coding=1 startqp=0 meanqp=0 picbytes=0 pskip=0 nalus=1 n1:2507
  snapshot f184: 3 venc_ko blocks (pool0 0x73801000 len 0x10000)
src frame 185: srcf=11 off=744 br=2000
frame 185: send=0x0 get=0x0 len=2494 coding=1 startqp=0 meanqp=0 picbytes=0 pskip=0 nalus=1 n1:2494
  snapshot f185: 3 venc_ko blocks (pool0 0x73801000 len 0x10000)
src frame 186: srcf=12 off=748 br=2000
frame 186: send=0x0 get=0x0 len=2183 coding=1 startqp=0 meanqp=0 picbytes=0 pskip=0 nalus=1 n1:2183
  snapshot f186: 3 venc_ko blocks (pool0 0x73801000 len 0x10000)
src frame 187: srcf=13 off=752 br=2000
frame 187: send=0x0 get=0x0 len=2081 coding=1 startqp=0 meanqp=0 picbytes=0 pskip=0 nalus=1 n1:2081
  snapshot f187: 3 venc_ko blocks (pool0 0x73801000 len 0x10000)
src frame 188: srcf=14 off=756 br=2000
frame 188: send=0x0 get=0x0 len=1887 coding=1 startqp=0 meanqp=0 picbytes=0 pskip=0 nalus=1 n1:1887
  snapshot f188: 3 venc_ko blocks (pool0 0x73801000 len 0x10000)
src frame 189: srcf=15 off=760 br=2000
frame 189: send=0x0 get=0x0 len=1955 coding=1 startqp=0 meanqp=0 picbytes=0 pskip=0 nalus=1 n1:1955
  snapshot f189: 3 venc_ko blocks (pool0 0x73801000 len 0x10000)
src frame 190: srcf=16 off=764 br=2000
frame 190: send=0x0 get=0x0 len=1094 coding=1 startqp=0 meanqp=0 picbytes=0 pskip=0 nalus=1 n1:1094
  snapshot f190: 3 venc_ko blocks (pool0 0x73801000 len 0x10000)
src frame 191: srcf=17 off=768 br=2000
frame 191: send=0x0 get=0x0 len=2065 coding=1 startqp=0 meanqp=0 picbytes=0 pskip=0 nalus=1 n1:2065
  snapshot f191: 3 venc_ko blocks (pool0 0x73801000 len 0x10000)
src frame 192: srcf=18 off=772 br=2000
frame 192: send=0x0 get=0x0 len=2066 coding=1 startqp=0 meanqp=0 picbytes=0 pskip=0 nalus=1 n1:2066
  snapshot f192: 3 venc_ko blocks (pool0 0x73801000 len 0x10000)
src frame 193: srcf=19 off=776 br=2000
frame 193: send=0x0 get=0x0 len=2270 coding=1 startqp=0 meanqp=0 picbytes=0 pskip=0 nalus=1 n1:2270
  snapshot f193: 3 venc_ko blocks (pool0 0x73801000 len 0x10000)
src frame 194: srcf=20 off=780 br=2000
frame 194: send=0x0 get=0x0 len=1252 coding=1 startqp=0 meanqp=0 picbytes=0 pskip=0 nalus=1 n1:1252
  snapshot f194: 3 venc_ko blocks (pool0 0x73801000 len 0x10000)
src frame 195: srcf=21 off=784 br=2000
frame 195: send=0x0 get=0x0 len=2384 coding=1 startqp=0 meanqp=0 picbytes=0 pskip=0 nalus=1 n1:2384
  snapshot f195: 3 venc_ko blocks (pool0 0x73801000 len 0x10000)
src frame 196: srcf=22 off=788 br=2000
frame 196: send=0x0 get=0x0 len=2184 coding=1 startqp=0 meanqp=0 picbytes=0 pskip=0 nalus=1 n1:2184
  snapshot f196: 3 venc_ko blocks (pool0 0x73801000 len 0x10000)
src frame 197: srcf=23 off=792 br=2000
frame 197: send=0x0 get=0x0 len=1894 coding=1 startqp=0 meanqp=0 picbytes=0 pskip=0 nalus=1 n1:1894
  snapshot f197: 3 venc_ko blocks (pool0 0x73801000 len 0x10000)
src frame 198: srcf=24 off=796 br=2000
frame 198: send=0x0 get=0x0 len=1926 coding=1 startqp=0 meanqp=0 picbytes=0 pskip=0 nalus=1 n1:1926
  snapshot f198: 3 venc_ko blocks (pool0 0x73801000 len 0x10000)
src frame 199: srcf=25 off=800 br=2000
frame 199: send=0x0 get=0x0 len=1952 coding=1 startqp=0 meanqp=0 picbytes=0 pskip=0 nalus=1 n1:1952
  snapshot f199: 3 venc_ko blocks (pool0 0x73801000 len 0x10000)
src frame 200: srcf=26 off=804 br=2000
frame 200: send=0x0 get=0x0 len=2011 coding=1 startqp=0 meanqp=0 picbytes=0 pskip=0 nalus=1 n1:2011
  snapshot f200: 3 venc_ko blocks (pool0 0x73801000 len 0x10000)
src frame 201: srcf=27 off=808 br=2000
frame 201: send=0x0 get=0x0 len=2132 coding=1 startqp=0 meanqp=0 picbytes=0 pskip=0 nalus=1 n1:2132
  snapshot f201: 3 venc_ko blocks (pool0 0x73801000 len 0x10000)
src frame 202: srcf=28 off=812 br=2000
frame 202: send=0x0 get=0x0 len=2113 coding=1 startqp=0 meanqp=0 picbytes=0 pskip=0 nalus=1 n1:2113
  snapshot f202: 3 venc_ko blocks (pool0 0x73801000 len 0x10000)
src frame 203: srcf=29 off=816 br=2000
frame 203: send=0x0 get=0x0 len=2311 coding=1 startqp=0 meanqp=0 picbytes=0 pskip=0 nalus=1 n1:2311
  snapshot f203: 3 venc_ko blocks (pool0 0x73801000 len 0x10000)
src frame 204: srcf=28 off=820 br=2000
frame 204: send=0x0 get=0x0 len=1090 coding=1 startqp=0 meanqp=0 picbytes=0 pskip=0 nalus=1 n1:1090
  snapshot f204: 3 venc_ko blocks (pool0 0x73801000 len 0x10000)
src frame 205: srcf=27 off=824 br=2000
frame 205: send=0x0 get=0x0 len=2243 coding=1 startqp=0 meanqp=0 picbytes=0 pskip=0 nalus=1 n1:2243
  snapshot f205: 3 venc_ko blocks (pool0 0x73801000 len 0x10000)
src frame 206: srcf=26 off=828 br=2000
frame 206: send=0x0 get=0x0 len=2076 coding=1 startqp=0 meanqp=0 picbytes=0 pskip=0 nalus=1 n1:2076
  snapshot f206: 3 venc_ko blocks (pool0 0x73801000 len 0x10000)
src frame 207: srcf=25 off=832 br=2000
frame 207: send=0x0 get=0x0 len=921 coding=1 startqp=0 meanqp=0 picbytes=0 pskip=0 nalus=1 n1:921
  snapshot f207: 3 venc_ko blocks (pool0 0x73801000 len 0x10000)
src frame 208: srcf=24 off=836 br=2000
frame 208: send=0x0 get=0x0 len=2074 coding=1 startqp=0 meanqp=0 picbytes=0 pskip=0 nalus=1 n1:2074
  snapshot f208: 3 venc_ko blocks (pool0 0x73801000 len 0x10000)
src frame 209: srcf=23 off=840 br=2000
frame 209: send=0x0 get=0x0 len=2119 coding=1 startqp=0 meanqp=0 picbytes=0 pskip=0 nalus=1 n1:2119
  snapshot f209: 3 venc_ko blocks (pool0 0x73801000 len 0x10000)
src frame 210: srcf=22 off=844 br=2000
frame 210: send=0x0 get=0x0 len=46288 coding=0 startqp=0 meanqp=0 picbytes=0 pskip=0 nalus=3 n7:32 n8:9 n5:46247
  snapshot f210: 3 venc_ko blocks (pool0 0x73801000 len 0x10000)
src frame 211: srcf=21 off=848 br=2000
frame 211: send=0x0 get=0x0 len=3385 coding=1 startqp=0 meanqp=0 picbytes=0 pskip=0 nalus=1 n1:3385
  snapshot f211: 3 venc_ko blocks (pool0 0x73801000 len 0x10000)
src frame 212: srcf=20 off=852 br=2000
frame 212: send=0x0 get=0x0 len=3511 coding=1 startqp=0 meanqp=0 picbytes=0 pskip=0 nalus=1 n1:3511
  snapshot f212: 3 venc_ko blocks (pool0 0x73801000 len 0x10000)
src frame 213: srcf=19 off=856 br=2000
frame 213: send=0x0 get=0x0 len=3884 coding=1 startqp=0 meanqp=0 picbytes=0 pskip=0 nalus=1 n1:3884
  snapshot f213: 3 venc_ko blocks (pool0 0x73801000 len 0x10000)
src frame 214: srcf=18 off=860 br=2000
frame 214: send=0x0 get=0x0 len=3810 coding=1 startqp=0 meanqp=0 picbytes=0 pskip=0 nalus=1 n1:3810
  snapshot f214: 3 venc_ko blocks (pool0 0x73801000 len 0x10000)
src frame 215: srcf=17 off=864 br=2000
frame 215: send=0x0 get=0x0 len=3340 coding=1 startqp=0 meanqp=0 picbytes=0 pskip=0 nalus=1 n1:3340
  snapshot f215: 3 venc_ko blocks (pool0 0x73801000 len 0x10000)
src frame 216: srcf=16 off=868 br=2000
frame 216: send=0x0 get=0x0 len=2848 coding=1 startqp=0 meanqp=0 picbytes=0 pskip=0 nalus=1 n1:2848
  snapshot f216: 3 venc_ko blocks (pool0 0x73801000 len 0x10000)
src frame 217: srcf=15 off=872 br=2000
frame 217: send=0x0 get=0x0 len=1887 coding=1 startqp=0 meanqp=0 picbytes=0 pskip=0 nalus=1 n1:1887
  snapshot f217: 3 venc_ko blocks (pool0 0x73801000 len 0x10000)
src frame 218: srcf=14 off=876 br=2000
frame 218: send=0x0 get=0x0 len=3310 coding=1 startqp=0 meanqp=0 picbytes=0 pskip=0 nalus=1 n1:3310
  snapshot f218: 3 venc_ko blocks (pool0 0x73801000 len 0x10000)
src frame 219: srcf=13 off=880 br=2000
frame 219: send=0x0 get=0x0 len=3431 coding=1 startqp=0 meanqp=0 picbytes=0 pskip=0 nalus=1 n1:3431
  snapshot f219: 3 venc_ko blocks (pool0 0x73801000 len 0x10000)
src frame 220: srcf=12 off=884 br=2000
frame 220: send=0x0 get=0x0 len=3601 coding=1 startqp=0 meanqp=0 picbytes=0 pskip=0 nalus=1 n1:3601
  snapshot f220: 3 venc_ko blocks (pool0 0x73801000 len 0x10000)
src frame 221: srcf=11 off=888 br=2000
frame 221: send=0x0 get=0x0 len=2181 coding=1 startqp=0 meanqp=0 picbytes=0 pskip=0 nalus=1 n1:2181
  snapshot f221: 3 venc_ko blocks (pool0 0x73801000 len 0x10000)
src frame 222: srcf=10 off=892 br=2000
frame 222: send=0x0 get=0x0 len=4228 coding=1 startqp=0 meanqp=0 picbytes=0 pskip=0 nalus=1 n1:4228
  snapshot f222: 3 venc_ko blocks (pool0 0x73801000 len 0x10000)
src frame 223: srcf=9 off=896 br=2000
frame 223: send=0x0 get=0x0 len=4316 coding=1 startqp=0 meanqp=0 picbytes=0 pskip=0 nalus=1 n1:4316
  snapshot f223: 3 venc_ko blocks (pool0 0x73801000 len 0x10000)
src frame 224: srcf=8 off=900 br=2000
frame 224: send=0x0 get=0x0 len=3530 coding=1 startqp=0 meanqp=0 picbytes=0 pskip=0 nalus=1 n1:3530
  snapshot f224: 3 venc_ko blocks (pool0 0x73801000 len 0x10000)
src frame 225: srcf=7 off=904 br=2000
frame 225: send=0x0 get=0x0 len=3369 coding=1 startqp=0 meanqp=0 picbytes=0 pskip=0 nalus=1 n1:3369
  snapshot f225: 3 venc_ko blocks (pool0 0x73801000 len 0x10000)
src frame 226: srcf=6 off=908 br=2000
frame 226: send=0x0 get=0x0 len=3377 coding=1 startqp=0 meanqp=0 picbytes=0 pskip=0 nalus=1 n1:3377
  snapshot f226: 3 venc_ko blocks (pool0 0x73801000 len 0x10000)
src frame 227: srcf=5 off=912 br=2000
frame 227: send=0x0 get=0x0 len=3451 coding=1 startqp=0 meanqp=0 picbytes=0 pskip=0 nalus=1 n1:3451
  snapshot f227: 3 venc_ko blocks (pool0 0x73801000 len 0x10000)
src frame 228: srcf=4 off=916 br=2000
frame 228: send=0x0 get=0x0 len=3609 coding=1 startqp=0 meanqp=0 picbytes=0 pskip=0 nalus=1 n1:3609
  snapshot f228: 3 venc_ko blocks (pool0 0x73801000 len 0x10000)
src frame 229: srcf=3 off=920 br=2000
frame 229: send=0x0 get=0x0 len=3464 coding=1 startqp=0 meanqp=0 picbytes=0 pskip=0 nalus=1 n1:3464
  snapshot f229: 3 venc_ko blocks (pool0 0x73801000 len 0x10000)
src frame 230: srcf=2 off=924 br=2000
frame 230: send=0x0 get=0x0 len=3718 coding=1 startqp=0 meanqp=0 picbytes=0 pskip=0 nalus=1 n1:3718
  snapshot f230: 3 venc_ko blocks (pool0 0x73801000 len 0x10000)
src frame 231: srcf=1 off=928 br=2000
frame 231: send=0x0 get=0x0 len=1963 coding=1 startqp=0 meanqp=0 picbytes=0 pskip=0 nalus=1 n1:1963
  snapshot f231: 3 venc_ko blocks (pool0 0x73801000 len 0x10000)
src frame 232: srcf=0 off=932 br=2000
frame 232: send=0x0 get=0x0 len=4440 coding=1 startqp=0 meanqp=0 picbytes=0 pskip=0 nalus=1 n1:4440
  snapshot f232: 3 venc_ko blocks (pool0 0x73801000 len 0x10000)
src frame 233: srcf=1 off=936 br=2000
frame 233: send=0x0 get=0x0 len=4337 coding=1 startqp=0 meanqp=0 picbytes=0 pskip=0 nalus=1 n1:4337
  snapshot f233: 3 venc_ko blocks (pool0 0x73801000 len 0x10000)
src frame 234: srcf=2 off=940 br=2000
frame 234: send=0x0 get=0x0 len=1688 coding=1 startqp=0 meanqp=0 picbytes=0 pskip=0 nalus=1 n1:1688
  snapshot f234: 3 venc_ko blocks (pool0 0x73801000 len 0x10000)
src frame 235: srcf=3 off=944 br=2000
frame 235: send=0x0 get=0x0 len=3565 coding=1 startqp=0 meanqp=0 picbytes=0 pskip=0 nalus=1 n1:3565
  snapshot f235: 3 venc_ko blocks (pool0 0x73801000 len 0x10000)
src frame 236: srcf=4 off=948 br=2000
frame 236: send=0x0 get=0x0 len=3821 coding=1 startqp=0 meanqp=0 picbytes=0 pskip=0 nalus=1 n1:3821
  snapshot f236: 3 venc_ko blocks (pool0 0x73801000 len 0x10000)
src frame 237: srcf=5 off=952 br=2000
frame 237: send=0x0 get=0x0 len=4185 coding=1 startqp=0 meanqp=0 picbytes=0 pskip=0 nalus=1 n1:4185
  snapshot f237: 3 venc_ko blocks (pool0 0x73801000 len 0x10000)
src frame 238: srcf=6 off=956 br=2000
frame 238: send=0x0 get=0x0 len=4198 coding=1 startqp=0 meanqp=0 picbytes=0 pskip=0 nalus=1 n1:4198
  snapshot f238: 3 venc_ko blocks (pool0 0x73801000 len 0x10000)
src frame 239: srcf=7 off=960 br=2000
frame 239: send=0x0 get=0x0 len=4954 coding=1 startqp=0 meanqp=0 picbytes=0 pskip=0 nalus=1 n1:4954
  snapshot f239: 3 venc_ko blocks (pool0 0x73801000 len 0x10000)
---- /proc/ax_proc/venc ----
-------- VENC VERSION ------------------------
[Axera version]: ax_venc V3.0.0_20250319114413 Mar 19 2025 11:58:34 JK

-------- MODULE PARAM ------------------------
MaxChnNum   MaxRoiNum   MaxProcNum  
16          8           16          

-------- VENC CHN ATTR 1 ------------------------
ID    Type    wSrc    hSrc    Strd0   Strd1   maxW    maxH    PixFmt  link  InFifoDep    OutFifoDep   InDbgFifoLen InDbgFifoDep StrmBufSize(KB)
7     h264    1920    1080    3840    0       1920    1080    YUYV422 N     2            2            0            4            4114      
-------- VENC CHN ATTR 2 ------------------------
ID    [CropEn StartX  StartY  CropW   CropH]  Rotation  EncW    EncH    FrmSize      PTS          SeqNum       CompMode     CompLevel    PhyAddr0     PhyAddr1     PhyAddr2     
7     N       0       0       0       0       0         1920    1080    4147200      3283333      198          NONE         0            742d1000     0            0            
-------- VENC RC ATTR 1 ------------------------
ID    RcMode    SrcFr   DstFr   Br(kbps)  MinQp   MaxQp   MinIQp  MaxIQp  IQpDelta  IpropMax   IpropMin   StartQp    QpDltRng   DeBrQpDlt  SvcEn   ChgPos  StillPercent MaxStillQp 
7     CBR       60.00   60.00   2000      10      51      10      51      0         40         10         -1         2          0          False   -       -            -          
-------- VENC RC ATTR 2  -----------------------
ID    QMapQpType  QMapUnit    QMapBlkType IQp   PQp   MinQpDelta MaxQpDelta MaxBitRate shtStaTime ltStaTime  ltMinBr  ltMaxBr  Br_ST(kbps)    Br_LT(kbps)    
7     N/A         64x64       N/A         -     -     -          -          -          -          -          -        -        -              -              
-------- VENC GOP ATTR  ------------------------
ID    GopMode   Gop   GopVI 
7     NormalP   30    0     
-------- VENC STATUS 1 -------------------------
ID    RJEn         RJThr(bps)   RJMode       RJEncGaps    SupFrmEn     SupPri       SupThrI      SupThrP      SplitEn      SliceNum     Range(In)    Range(out)   
7     N            0            Normal       0            N            0            500000       500000       N            0            Full         Full         
-------- VENC STATUS 2 -------------------------
ID    ChnStat   FrmRecv   FrmRls    FrmEnc    FrmDrop   FrmDup    EncFail   MissMatch StrmGet   StrmRls   OutFps    RealBr    ReEncCnt  DropCnt   BlkFail   GrpID     PID     TID     ThNum   RefInc    RefDec    Fail1   Fail2   Fail3   Fail4   
7     STARTED   198       197       197       0         0         0         0         197       197       50.00     1799.70   0         0         0         -1        129806  129810  1       198       197       0       0       0       0       
-------- VENC HW STATUS  ------------------------
ID    OverFlow     TimeOut      
7     0            0            
-------- VENC ROI INFO  ------------------------
ID    Index        bEnable      bAbsQp       RoiQP        Width        Height       StartX       StartY       
done h264_cbr2000
rc=0
== h264_cbr2000: codec=h264 rc=cbr br=2000 fps=60 gop=30 frames=240 total=1001818 B achieved=2004 kbps
I frames (frame:qp/bytes): 0:37/22170 30:35/25691 60:33/29097 90:31/32818 120:28/38281 150:28/38084 180:25/44269 210:24/46288
first P after each I (frame:qp): 1:40 31:38 61:36 91:34 121:31 151:31 181:28 211:27
per-GOP: gop#: kbps I_qp P_qp[min..max] P_qp_last
  0: 1752 kbps I=[37] P=[32..41] last=32 n=30
  1: 2230 kbps I=[35] P=[29..41] last=29 n=30
  2: 1813 kbps I=[33] P=[32..39] last=32 n=30
  3: 2231 kbps I=[31] P=[27..36] last=27 n=30
  4: 1708 kbps I=[28] P=[31..35] last=31 n=30
  5: 2297 kbps I=[28] P=[24..33] last=24 n=30
  6: 1635 kbps I=[25] P=[27..32] last=27 n=30
  7: 2363 kbps I=[24] P=[18..29] last=18 n=30
P->P QP step histogram: -2:18 -1:70 +0:82 +1:47 +2:7
I->firstP QP delta: +3 +3 +3 +3 +3 +3 +3 +3
sw7 frame-QP == slice QP: 240/240 frames with a program agree; mismatches at []
slot flags: {'': 240}
sw105-107 distinct (I): [('0x6b6c0', '0x6b6c0', '0x6b6c0'), ('0x8d48e', '0x8d48e', '0x8d48e'), ('0x8d532', '0x8d532', '0x8d532'), ('0x8d87e', '0x8d87e', '0x8d87e')]
sw172/173 distinct: [('0x14f', '0x662'), ('0x14f', '0x66a')]
sw6 distinct (I / P): ['0x3'] ['0x3']
=== h264_cbr8000: codec=h264 rc=cbr br=8000 nframes=240 src=/root/rc65/clips/static.yuyv motion=vscroll mstep=4
# vdrive tag=h264_cbr8000 codec=h264 1920x1080 rc=cbr br=8000 fps=60/60 gop=30 gopmode=normalp ltrint=0 ltrqpo=0 iqp=32 pqp=32 profile=10 level=51 tier=0 qp[10..51] iqp[10..51] iqd=0 firstqp=-1 iprop[10..40] idrrange=2 stattime=1 vq=0 ir=0/0 slice=0 debreath=0 scd=-1 rowqpd=-1 vui=-1 move=0 nframes=240
src=/root/rc65/clips/static.yuyv frames=30 loop=pingpong motion=vscroll mstep=4 window=0..-1
AX_SYS_Init rc=0x0
AX_VENC_Init rc=0x0
AX_VENC_CreateChn(7) rc=0x0
StartRecvFrame rc=0x0
AX_POOL_CreatePool id=0x0
blk=0x5e000000 phys=0x742d1000 virt=0xffffac095000
frame: modid=0x11 stride=1920 fmt=0xd
  snapshot pre: 3 venc_ko blocks (pool0 0x73801000 len 0x10000)
src frame 0: srcf=0 off=4 br=8000
frame 0: send=0x0 get=0x0 len=30679 coding=0 startqp=0 meanqp=0 picbytes=0 pskip=0 nalus=3 n7:32 n8:8 n5:30639
  snapshot f000: 3 venc_ko blocks (pool0 0x73801000 len 0x10000)
src frame 1: srcf=1 off=8 br=8000
frame 1: send=0x0 get=0x0 len=6518 coding=1 startqp=0 meanqp=0 picbytes=0 pskip=0 nalus=1 n1:6518
  snapshot f001: 3 venc_ko blocks (pool0 0x73801000 len 0x10000)
src frame 2: srcf=2 off=12 br=8000
frame 2: send=0x0 get=0x0 len=12391 coding=1 startqp=0 meanqp=0 picbytes=0 pskip=0 nalus=1 n1:12391
  snapshot f002: 3 venc_ko blocks (pool0 0x73801000 len 0x10000)
src frame 3: srcf=3 off=16 br=8000
frame 3: send=0x0 get=0x0 len=8612 coding=1 startqp=0 meanqp=0 picbytes=0 pskip=0 nalus=1 n1:8612
  snapshot f003: 3 venc_ko blocks (pool0 0x73801000 len 0x10000)
src frame 4: srcf=4 off=20 br=8000
frame 4: send=0x0 get=0x0 len=8467 coding=1 startqp=0 meanqp=0 picbytes=0 pskip=0 nalus=1 n1:8467
  snapshot f004: 3 venc_ko blocks (pool0 0x73801000 len 0x10000)
src frame 5: srcf=5 off=24 br=8000
frame 5: send=0x0 get=0x0 len=6676 coding=1 startqp=0 meanqp=0 picbytes=0 pskip=0 nalus=1 n1:6676
  snapshot f005: 3 venc_ko blocks (pool0 0x73801000 len 0x10000)
src frame 6: srcf=6 off=28 br=8000
frame 6: send=0x0 get=0x0 len=7182 coding=1 startqp=0 meanqp=0 picbytes=0 pskip=0 nalus=1 n1:7182
  snapshot f006: 3 venc_ko blocks (pool0 0x73801000 len 0x10000)
src frame 7: srcf=7 off=32 br=8000
frame 7: send=0x0 get=0x0 len=7175 coding=1 startqp=0 meanqp=0 picbytes=0 pskip=0 nalus=1 n1:7175
  snapshot f007: 3 venc_ko blocks (pool0 0x73801000 len 0x10000)
src frame 8: srcf=8 off=36 br=8000
frame 8: send=0x0 get=0x0 len=7325 coding=1 startqp=0 meanqp=0 picbytes=0 pskip=0 nalus=1 n1:7325
  snapshot f008: 3 venc_ko blocks (pool0 0x73801000 len 0x10000)
src frame 9: srcf=9 off=40 br=8000
frame 9: send=0x0 get=0x0 len=7294 coding=1 startqp=0 meanqp=0 picbytes=0 pskip=0 nalus=1 n1:7294
  snapshot f009: 3 venc_ko blocks (pool0 0x73801000 len 0x10000)
src frame 10: srcf=10 off=44 br=8000
frame 10: send=0x0 get=0x0 len=7236 coding=1 startqp=0 meanqp=0 picbytes=0 pskip=0 nalus=1 n1:7236
  snapshot f010: 3 venc_ko blocks (pool0 0x73801000 len 0x10000)
src frame 11: srcf=11 off=48 br=8000
frame 11: send=0x0 get=0x0 len=7600 coding=1 startqp=0 meanqp=0 picbytes=0 pskip=0 nalus=1 n1:7600
  snapshot f011: 3 venc_ko blocks (pool0 0x73801000 len 0x10000)
src frame 12: srcf=12 off=52 br=8000
frame 12: send=0x0 get=0x0 len=9051 coding=1 startqp=0 meanqp=0 picbytes=0 pskip=0 nalus=1 n1:9051
  snapshot f012: 3 venc_ko blocks (pool0 0x73801000 len 0x10000)
src frame 13: srcf=13 off=56 br=8000
frame 13: send=0x0 get=0x0 len=9577 coding=1 startqp=0 meanqp=0 picbytes=0 pskip=0 nalus=1 n1:9577
  snapshot f013: 3 venc_ko blocks (pool0 0x73801000 len 0x10000)
src frame 14: srcf=14 off=60 br=8000
frame 14: send=0x0 get=0x0 len=9923 coding=1 startqp=0 meanqp=0 picbytes=0 pskip=0 nalus=1 n1:9923
  snapshot f014: 3 venc_ko blocks (pool0 0x73801000 len 0x10000)
src frame 15: srcf=15 off=64 br=8000
frame 15: send=0x0 get=0x0 len=5557 coding=1 startqp=0 meanqp=0 picbytes=0 pskip=0 nalus=1 n1:5557
  snapshot f015: 3 venc_ko blocks (pool0 0x73801000 len 0x10000)
src frame 16: srcf=16 off=68 br=8000
frame 16: send=0x0 get=0x0 len=4509 coding=1 startqp=0 meanqp=0 picbytes=0 pskip=0 nalus=1 n1:4509
  snapshot f016: 3 venc_ko blocks (pool0 0x73801000 len 0x10000)
src frame 17: srcf=17 off=72 br=8000
frame 17: send=0x0 get=0x0 len=3704 coding=1 startqp=0 meanqp=0 picbytes=0 pskip=0 nalus=1 n1:3704
  snapshot f017: 3 venc_ko blocks (pool0 0x73801000 len 0x10000)
src frame 18: srcf=18 off=76 br=8000
frame 18: send=0x0 get=0x0 len=2529 coding=1 startqp=0 meanqp=0 picbytes=0 pskip=0 nalus=1 n1:2529
  snapshot f018: 3 venc_ko blocks (pool0 0x73801000 len 0x10000)
src frame 19: srcf=19 off=80 br=8000
frame 19: send=0x0 get=0x0 len=2634 coding=1 startqp=0 meanqp=0 picbytes=0 pskip=0 nalus=1 n1:2634
  snapshot f019: 3 venc_ko blocks (pool0 0x73801000 len 0x10000)
src frame 20: srcf=20 off=84 br=8000
frame 20: send=0x0 get=0x0 len=2300 coding=1 startqp=0 meanqp=0 picbytes=0 pskip=0 nalus=1 n1:2300
  snapshot f020: 3 venc_ko blocks (pool0 0x73801000 len 0x10000)
src frame 21: srcf=21 off=88 br=8000
frame 21: send=0x0 get=0x0 len=2421 coding=1 startqp=0 meanqp=0 picbytes=0 pskip=0 nalus=1 n1:2421
  snapshot f021: 3 venc_ko blocks (pool0 0x73801000 len 0x10000)
src frame 22: srcf=22 off=92 br=8000
frame 22: send=0x0 get=0x0 len=3890 coding=1 startqp=0 meanqp=0 picbytes=0 pskip=0 nalus=1 n1:3890
  snapshot f022: 3 venc_ko blocks (pool0 0x73801000 len 0x10000)
src frame 23: srcf=23 off=96 br=8000
frame 23: send=0x0 get=0x0 len=5712 coding=1 startqp=0 meanqp=0 picbytes=0 pskip=0 nalus=1 n1:5712
  snapshot f023: 3 venc_ko blocks (pool0 0x73801000 len 0x10000)
src frame 24: srcf=24 off=100 br=8000
frame 24: send=0x0 get=0x0 len=6722 coding=1 startqp=0 meanqp=0 picbytes=0 pskip=0 nalus=1 n1:6722
  snapshot f024: 3 venc_ko blocks (pool0 0x73801000 len 0x10000)
src frame 25: srcf=25 off=104 br=8000
frame 25: send=0x0 get=0x0 len=2936 coding=1 startqp=0 meanqp=0 picbytes=0 pskip=0 nalus=1 n1:2936
  snapshot f025: 3 venc_ko blocks (pool0 0x73801000 len 0x10000)
src frame 26: srcf=26 off=108 br=8000
frame 26: send=0x0 get=0x0 len=2117 coding=1 startqp=0 meanqp=0 picbytes=0 pskip=0 nalus=1 n1:2117
  snapshot f026: 3 venc_ko blocks (pool0 0x73801000 len 0x10000)
src frame 27: srcf=27 off=112 br=8000
frame 27: send=0x0 get=0x0 len=1994 coding=1 startqp=0 meanqp=0 picbytes=0 pskip=0 nalus=1 n1:1994
  snapshot f027: 3 venc_ko blocks (pool0 0x73801000 len 0x10000)
src frame 28: srcf=28 off=116 br=8000
frame 28: send=0x0 get=0x0 len=1610 coding=1 startqp=0 meanqp=0 picbytes=0 pskip=0 nalus=1 n1:1610
  snapshot f028: 3 venc_ko blocks (pool0 0x73801000 len 0x10000)
src frame 29: srcf=29 off=120 br=8000
frame 29: send=0x0 get=0x0 len=1439 coding=1 startqp=0 meanqp=0 picbytes=0 pskip=0 nalus=1 n1:1439
  snapshot f029: 3 venc_ko blocks (pool0 0x73801000 len 0x10000)
src frame 30: srcf=28 off=124 br=8000
frame 30: send=0x0 get=0x0 len=34191 coding=0 startqp=0 meanqp=0 picbytes=0 pskip=0 nalus=3 n7:32 n8:8 n5:34151
  snapshot f030: 3 venc_ko blocks (pool0 0x73801000 len 0x10000)
src frame 31: srcf=27 off=128 br=8000
frame 31: send=0x0 get=0x0 len=9487 coding=1 startqp=0 meanqp=0 picbytes=0 pskip=0 nalus=1 n1:9487
  snapshot f031: 3 venc_ko blocks (pool0 0x73801000 len 0x10000)
src frame 32: srcf=26 off=132 br=8000
frame 32: send=0x0 get=0x0 len=7513 coding=1 startqp=0 meanqp=0 picbytes=0 pskip=0 nalus=1 n1:7513
  snapshot f032: 3 venc_ko blocks (pool0 0x73801000 len 0x10000)
src frame 33: srcf=25 off=136 br=8000
frame 33: send=0x0 get=0x0 len=8285 coding=1 startqp=0 meanqp=0 picbytes=0 pskip=0 nalus=1 n1:8285
  snapshot f033: 3 venc_ko blocks (pool0 0x73801000 len 0x10000)
src frame 34: srcf=24 off=140 br=8000
frame 34: send=0x0 get=0x0 len=7551 coding=1 startqp=0 meanqp=0 picbytes=0 pskip=0 nalus=1 n1:7551
  snapshot f034: 3 venc_ko blocks (pool0 0x73801000 len 0x10000)
src frame 35: srcf=23 off=144 br=8000
frame 35: send=0x0 get=0x0 len=7483 coding=1 startqp=0 meanqp=0 picbytes=0 pskip=0 nalus=1 n1:7483
  snapshot f035: 3 venc_ko blocks (pool0 0x73801000 len 0x10000)
src frame 36: srcf=22 off=148 br=8000
frame 36: send=0x0 get=0x0 len=6594 coding=1 startqp=0 meanqp=0 picbytes=0 pskip=0 nalus=1 n1:6594
  snapshot f036: 3 venc_ko blocks (pool0 0x73801000 len 0x10000)
src frame 37: srcf=21 off=152 br=8000
frame 37: send=0x0 get=0x0 len=7501 coding=1 startqp=0 meanqp=0 picbytes=0 pskip=0 nalus=1 n1:7501
  snapshot f037: 3 venc_ko blocks (pool0 0x73801000 len 0x10000)
src frame 38: srcf=20 off=156 br=8000
frame 38: send=0x0 get=0x0 len=7373 coding=1 startqp=0 meanqp=0 picbytes=0 pskip=0 nalus=1 n1:7373
  snapshot f038: 3 venc_ko blocks (pool0 0x73801000 len 0x10000)
src frame 39: srcf=19 off=160 br=8000
frame 39: send=0x0 get=0x0 len=7639 coding=1 startqp=0 meanqp=0 picbytes=0 pskip=0 nalus=1 n1:7639
  snapshot f039: 3 venc_ko blocks (pool0 0x73801000 len 0x10000)
src frame 40: srcf=18 off=164 br=8000
frame 40: send=0x0 get=0x0 len=7782 coding=1 startqp=0 meanqp=0 picbytes=0 pskip=0 nalus=1 n1:7782
  snapshot f040: 3 venc_ko blocks (pool0 0x73801000 len 0x10000)
src frame 41: srcf=17 off=168 br=8000
frame 41: send=0x0 get=0x0 len=9453 coding=1 startqp=0 meanqp=0 picbytes=0 pskip=0 nalus=1 n1:9453
  snapshot f041: 3 venc_ko blocks (pool0 0x73801000 len 0x10000)
src frame 42: srcf=16 off=172 br=8000
frame 42: send=0x0 get=0x0 len=10002 coding=1 startqp=0 meanqp=0 picbytes=0 pskip=0 nalus=1 n1:10002
  snapshot f042: 3 venc_ko blocks (pool0 0x73801000 len 0x10000)
src frame 43: srcf=15 off=176 br=8000
frame 43: send=0x0 get=0x0 len=11069 coding=1 startqp=0 meanqp=0 picbytes=0 pskip=0 nalus=1 n1:11069
  snapshot f043: 3 venc_ko blocks (pool0 0x73801000 len 0x10000)
src frame 44: srcf=14 off=180 br=8000
frame 44: send=0x0 get=0x0 len=9881 coding=1 startqp=0 meanqp=0 picbytes=0 pskip=0 nalus=1 n1:9881
  snapshot f044: 3 venc_ko blocks (pool0 0x73801000 len 0x10000)
src frame 45: srcf=13 off=184 br=8000
frame 45: send=0x0 get=0x0 len=5788 coding=1 startqp=0 meanqp=0 picbytes=0 pskip=0 nalus=1 n1:5788
  snapshot f045: 3 venc_ko blocks (pool0 0x73801000 len 0x10000)
src frame 46: srcf=12 off=188 br=8000
frame 46: send=0x0 get=0x0 len=4454 coding=1 startqp=0 meanqp=0 picbytes=0 pskip=0 nalus=1 n1:4454
  snapshot f046: 3 venc_ko blocks (pool0 0x73801000 len 0x10000)
src frame 47: srcf=11 off=192 br=8000
frame 47: send=0x0 get=0x0 len=3703 coding=1 startqp=0 meanqp=0 picbytes=0 pskip=0 nalus=1 n1:3703
  snapshot f047: 3 venc_ko blocks (pool0 0x73801000 len 0x10000)
src frame 48: srcf=10 off=196 br=8000
frame 48: send=0x0 get=0x0 len=2676 coding=1 startqp=0 meanqp=0 picbytes=0 pskip=0 nalus=1 n1:2676
  snapshot f048: 3 venc_ko blocks (pool0 0x73801000 len 0x10000)
src frame 49: srcf=9 off=200 br=8000
frame 49: send=0x0 get=0x0 len=2370 coding=1 startqp=0 meanqp=0 picbytes=0 pskip=0 nalus=1 n1:2370
  snapshot f049: 3 venc_ko blocks (pool0 0x73801000 len 0x10000)
src frame 50: srcf=8 off=204 br=8000
frame 50: send=0x0 get=0x0 len=2514 coding=1 startqp=0 meanqp=0 picbytes=0 pskip=0 nalus=1 n1:2514
  snapshot f050: 3 venc_ko blocks (pool0 0x73801000 len 0x10000)
src frame 51: srcf=7 off=208 br=8000
frame 51: send=0x0 get=0x0 len=2913 coding=1 startqp=0 meanqp=0 picbytes=0 pskip=0 nalus=1 n1:2913
  snapshot f051: 3 venc_ko blocks (pool0 0x73801000 len 0x10000)
src frame 52: srcf=6 off=212 br=8000
frame 52: send=0x0 get=0x0 len=2930 coding=1 startqp=0 meanqp=0 picbytes=0 pskip=0 nalus=1 n1:2930
  snapshot f052: 3 venc_ko blocks (pool0 0x73801000 len 0x10000)
src frame 53: srcf=5 off=216 br=8000
frame 53: send=0x0 get=0x0 len=3081 coding=1 startqp=0 meanqp=0 picbytes=0 pskip=0 nalus=1 n1:3081
  snapshot f053: 3 venc_ko blocks (pool0 0x73801000 len 0x10000)
src frame 54: srcf=4 off=220 br=8000
frame 54: send=0x0 get=0x0 len=2543 coding=1 startqp=0 meanqp=0 picbytes=0 pskip=0 nalus=1 n1:2543
  snapshot f054: 3 venc_ko blocks (pool0 0x73801000 len 0x10000)
src frame 55: srcf=3 off=224 br=8000
frame 55: send=0x0 get=0x0 len=1843 coding=1 startqp=0 meanqp=0 picbytes=0 pskip=0 nalus=1 n1:1843
  snapshot f055: 3 venc_ko blocks (pool0 0x73801000 len 0x10000)
src frame 56: srcf=2 off=228 br=8000
frame 56: send=0x0 get=0x0 len=1782 coding=1 startqp=0 meanqp=0 picbytes=0 pskip=0 nalus=1 n1:1782
  snapshot f056: 3 venc_ko blocks (pool0 0x73801000 len 0x10000)
src frame 57: srcf=1 off=232 br=8000
frame 57: send=0x0 get=0x0 len=1924 coding=1 startqp=0 meanqp=0 picbytes=0 pskip=0 nalus=1 n1:1924
  snapshot f057: 3 venc_ko blocks (pool0 0x73801000 len 0x10000)
src frame 58: srcf=0 off=236 br=8000
frame 58: send=0x0 get=0x0 len=1996 coding=1 startqp=0 meanqp=0 picbytes=0 pskip=0 nalus=1 n1:1996
  snapshot f058: 3 venc_ko blocks (pool0 0x73801000 len 0x10000)
src frame 59: srcf=1 off=240 br=8000
frame 59: send=0x0 get=0x0 len=1934 coding=1 startqp=0 meanqp=0 picbytes=0 pskip=0 nalus=1 n1:1934
  snapshot f059: 3 venc_ko blocks (pool0 0x73801000 len 0x10000)
src frame 60: srcf=2 off=244 br=8000
frame 60: send=0x0 get=0x0 len=38434 coding=0 startqp=0 meanqp=0 picbytes=0 pskip=0 nalus=3 n7:32 n8:8 n5:38394
  snapshot f060: 3 venc_ko blocks (pool0 0x73801000 len 0x10000)
src frame 61: srcf=3 off=248 br=8000
frame 61: send=0x0 get=0x0 len=10871 coding=1 startqp=0 meanqp=0 picbytes=0 pskip=0 nalus=1 n1:10871
  snapshot f061: 3 venc_ko blocks (pool0 0x73801000 len 0x10000)
src frame 62: srcf=4 off=252 br=8000
frame 62: send=0x0 get=0x0 len=7958 coding=1 startqp=0 meanqp=0 picbytes=0 pskip=0 nalus=1 n1:7958
  snapshot f062: 3 venc_ko blocks (pool0 0x73801000 len 0x10000)
src frame 63: srcf=5 off=256 br=8000
frame 63: send=0x0 get=0x0 len=7841 coding=1 startqp=0 meanqp=0 picbytes=0 pskip=0 nalus=1 n1:7841
  snapshot f063: 3 venc_ko blocks (pool0 0x73801000 len 0x10000)
src frame 64: srcf=6 off=260 br=8000
frame 64: send=0x0 get=0x0 len=7021 coding=1 startqp=0 meanqp=0 picbytes=0 pskip=0 nalus=1 n1:7021
  snapshot f064: 3 venc_ko blocks (pool0 0x73801000 len 0x10000)
src frame 65: srcf=7 off=264 br=8000
frame 65: send=0x0 get=0x0 len=7041 coding=1 startqp=0 meanqp=0 picbytes=0 pskip=0 nalus=1 n1:7041
  snapshot f065: 3 venc_ko blocks (pool0 0x73801000 len 0x10000)
src frame 66: srcf=8 off=268 br=8000
frame 66: send=0x0 get=0x0 len=7048 coding=1 startqp=0 meanqp=0 picbytes=0 pskip=0 nalus=1 n1:7048
  snapshot f066: 3 venc_ko blocks (pool0 0x73801000 len 0x10000)
src frame 67: srcf=9 off=272 br=8000
frame 67: send=0x0 get=0x0 len=7643 coding=1 startqp=0 meanqp=0 picbytes=0 pskip=0 nalus=1 n1:7643
  snapshot f067: 3 venc_ko blocks (pool0 0x73801000 len 0x10000)
src frame 68: srcf=10 off=276 br=8000
frame 68: send=0x0 get=0x0 len=7370 coding=1 startqp=0 meanqp=0 picbytes=0 pskip=0 nalus=1 n1:7370
  snapshot f068: 3 venc_ko blocks (pool0 0x73801000 len 0x10000)
src frame 69: srcf=11 off=280 br=8000
frame 69: send=0x0 get=0x0 len=8450 coding=1 startqp=0 meanqp=0 picbytes=0 pskip=0 nalus=1 n1:8450
  snapshot f069: 3 venc_ko blocks (pool0 0x73801000 len 0x10000)
src frame 70: srcf=12 off=284 br=8000
frame 70: send=0x0 get=0x0 len=8085 coding=1 startqp=0 meanqp=0 picbytes=0 pskip=0 nalus=1 n1:8085
  snapshot f070: 3 venc_ko blocks (pool0 0x73801000 len 0x10000)
src frame 71: srcf=13 off=288 br=8000
frame 71: send=0x0 get=0x0 len=9506 coding=1 startqp=0 meanqp=0 picbytes=0 pskip=0 nalus=1 n1:9506
  snapshot f071: 3 venc_ko blocks (pool0 0x73801000 len 0x10000)
src frame 72: srcf=14 off=292 br=8000
frame 72: send=0x0 get=0x0 len=9600 coding=1 startqp=0 meanqp=0 picbytes=0 pskip=0 nalus=1 n1:9600
  snapshot f072: 3 venc_ko blocks (pool0 0x73801000 len 0x10000)
src frame 73: srcf=15 off=296 br=8000
frame 73: send=0x0 get=0x0 len=6252 coding=1 startqp=0 meanqp=0 picbytes=0 pskip=0 nalus=1 n1:6252
  snapshot f073: 3 venc_ko blocks (pool0 0x73801000 len 0x10000)
src frame 74: srcf=16 off=300 br=8000
frame 74: send=0x0 get=0x0 len=4284 coding=1 startqp=0 meanqp=0 picbytes=0 pskip=0 nalus=1 n1:4284
  snapshot f074: 3 venc_ko blocks (pool0 0x73801000 len 0x10000)
src frame 75: srcf=17 off=304 br=8000
frame 75: send=0x0 get=0x0 len=3566 coding=1 startqp=0 meanqp=0 picbytes=0 pskip=0 nalus=1 n1:3566
  snapshot f075: 3 venc_ko blocks (pool0 0x73801000 len 0x10000)
src frame 76: srcf=18 off=308 br=8000
frame 76: send=0x0 get=0x0 len=2585 coding=1 startqp=0 meanqp=0 picbytes=0 pskip=0 nalus=1 n1:2585
  snapshot f076: 3 venc_ko blocks (pool0 0x73801000 len 0x10000)
src frame 77: srcf=19 off=312 br=8000
frame 77: send=0x0 get=0x0 len=2673 coding=1 startqp=0 meanqp=0 picbytes=0 pskip=0 nalus=1 n1:2673
  snapshot f077: 3 venc_ko blocks (pool0 0x73801000 len 0x10000)
src frame 78: srcf=20 off=316 br=8000
frame 78: send=0x0 get=0x0 len=2398 coding=1 startqp=0 meanqp=0 picbytes=0 pskip=0 nalus=1 n1:2398
  snapshot f078: 3 venc_ko blocks (pool0 0x73801000 len 0x10000)
src frame 79: srcf=21 off=320 br=8000
frame 79: send=0x0 get=0x0 len=3001 coding=1 startqp=0 meanqp=0 picbytes=0 pskip=0 nalus=1 n1:3001
  snapshot f079: 3 venc_ko blocks (pool0 0x73801000 len 0x10000)
src frame 80: srcf=22 off=324 br=8000
frame 80: send=0x0 get=0x0 len=3248 coding=1 startqp=0 meanqp=0 picbytes=0 pskip=0 nalus=1 n1:3248
  snapshot f080: 3 venc_ko blocks (pool0 0x73801000 len 0x10000)
src frame 81: srcf=23 off=328 br=8000
frame 81: send=0x0 get=0x0 len=3997 coding=1 startqp=0 meanqp=0 picbytes=0 pskip=0 nalus=1 n1:3997
  snapshot f081: 3 venc_ko blocks (pool0 0x73801000 len 0x10000)
src frame 82: srcf=24 off=332 br=8000
frame 82: send=0x0 get=0x0 len=3253 coding=1 startqp=0 meanqp=0 picbytes=0 pskip=0 nalus=1 n1:3253
  snapshot f082: 3 venc_ko blocks (pool0 0x73801000 len 0x10000)
src frame 83: srcf=25 off=336 br=8000
frame 83: send=0x0 get=0x0 len=2311 coding=1 startqp=0 meanqp=0 picbytes=0 pskip=0 nalus=1 n1:2311
  snapshot f083: 3 venc_ko blocks (pool0 0x73801000 len 0x10000)
src frame 84: srcf=26 off=340 br=8000
frame 84: send=0x0 get=0x0 len=1982 coding=1 startqp=0 meanqp=0 picbytes=0 pskip=0 nalus=1 n1:1982
  snapshot f084: 3 venc_ko blocks (pool0 0x73801000 len 0x10000)
src frame 85: srcf=27 off=344 br=8000
frame 85: send=0x0 get=0x0 len=1920 coding=1 startqp=0 meanqp=0 picbytes=0 pskip=0 nalus=1 n1:1920
  snapshot f085: 3 venc_ko blocks (pool0 0x73801000 len 0x10000)
src frame 86: srcf=28 off=348 br=8000
frame 86: send=0x0 get=0x0 len=1730 coding=1 startqp=0 meanqp=0 picbytes=0 pskip=0 nalus=1 n1:1730
  snapshot f086: 3 venc_ko blocks (pool0 0x73801000 len 0x10000)
src frame 87: srcf=29 off=352 br=8000
frame 87: send=0x0 get=0x0 len=2075 coding=1 startqp=0 meanqp=0 picbytes=0 pskip=0 nalus=1 n1:2075
  snapshot f087: 3 venc_ko blocks (pool0 0x73801000 len 0x10000)
src frame 88: srcf=28 off=356 br=8000
frame 88: send=0x0 get=0x0 len=2123 coding=1 startqp=0 meanqp=0 picbytes=0 pskip=0 nalus=1 n1:2123
  snapshot f088: 3 venc_ko blocks (pool0 0x73801000 len 0x10000)
src frame 89: srcf=27 off=360 br=8000
frame 89: send=0x0 get=0x0 len=2747 coding=1 startqp=0 meanqp=0 picbytes=0 pskip=0 nalus=1 n1:2747
  snapshot f089: 3 venc_ko blocks (pool0 0x73801000 len 0x10000)
src frame 90: srcf=26 off=364 br=8000
frame 90: send=0x0 get=0x0 len=42331 coding=0 startqp=0 meanqp=0 picbytes=0 pskip=0 nalus=3 n7:32 n8:8 n5:42291
  snapshot f090: 3 venc_ko blocks (pool0 0x73801000 len 0x10000)
src frame 91: srcf=25 off=368 br=8000
frame 91: send=0x0 get=0x0 len=11082 coding=1 startqp=0 meanqp=0 picbytes=0 pskip=0 nalus=1 n1:11082
  snapshot f091: 3 venc_ko blocks (pool0 0x73801000 len 0x10000)
src frame 92: srcf=24 off=372 br=8000
frame 92: send=0x0 get=0x0 len=7930 coding=1 startqp=0 meanqp=0 picbytes=0 pskip=0 nalus=1 n1:7930
  snapshot f092: 3 venc_ko blocks (pool0 0x73801000 len 0x10000)
src frame 93: srcf=23 off=376 br=8000
frame 93: send=0x0 get=0x0 len=7896 coding=1 startqp=0 meanqp=0 picbytes=0 pskip=0 nalus=1 n1:7896
  snapshot f093: 3 venc_ko blocks (pool0 0x73801000 len 0x10000)
src frame 94: srcf=22 off=380 br=8000
frame 94: send=0x0 get=0x0 len=7059 coding=1 startqp=0 meanqp=0 picbytes=0 pskip=0 nalus=1 n1:7059
  snapshot f094: 3 venc_ko blocks (pool0 0x73801000 len 0x10000)
src frame 95: srcf=21 off=384 br=8000
frame 95: send=0x0 get=0x0 len=7185 coding=1 startqp=0 meanqp=0 picbytes=0 pskip=0 nalus=1 n1:7185
  snapshot f095: 3 venc_ko blocks (pool0 0x73801000 len 0x10000)
src frame 96: srcf=20 off=388 br=8000
frame 96: send=0x0 get=0x0 len=7203 coding=1 startqp=0 meanqp=0 picbytes=0 pskip=0 nalus=1 n1:7203
  snapshot f096: 3 venc_ko blocks (pool0 0x73801000 len 0x10000)
src frame 97: srcf=19 off=392 br=8000
frame 97: send=0x0 get=0x0 len=7774 coding=1 startqp=0 meanqp=0 picbytes=0 pskip=0 nalus=1 n1:7774
  snapshot f097: 3 venc_ko blocks (pool0 0x73801000 len 0x10000)
src frame 98: srcf=18 off=396 br=8000
frame 98: send=0x0 get=0x0 len=7334 coding=1 startqp=0 meanqp=0 picbytes=0 pskip=0 nalus=1 n1:7334
  snapshot f098: 3 venc_ko blocks (pool0 0x73801000 len 0x10000)
src frame 99: srcf=17 off=400 br=8000
frame 99: send=0x0 get=0x0 len=9023 coding=1 startqp=0 meanqp=0 picbytes=0 pskip=0 nalus=1 n1:9023
  snapshot f099: 3 venc_ko blocks (pool0 0x73801000 len 0x10000)
src frame 100: srcf=16 off=404 br=8000
frame 100: send=0x0 get=0x0 len=9184 coding=1 startqp=0 meanqp=0 picbytes=0 pskip=0 nalus=1 n1:9184
  snapshot f100: 3 venc_ko blocks (pool0 0x73801000 len 0x10000)
src frame 101: srcf=15 off=408 br=8000
frame 101: send=0x0 get=0x0 len=6333 coding=1 startqp=0 meanqp=0 picbytes=0 pskip=0 nalus=1 n1:6333
  snapshot f101: 3 venc_ko blocks (pool0 0x73801000 len 0x10000)
src frame 102: srcf=14 off=412 br=8000
frame 102: send=0x0 get=0x0 len=5368 coding=1 startqp=0 meanqp=0 picbytes=0 pskip=0 nalus=1 n1:5368
  snapshot f102: 3 venc_ko blocks (pool0 0x73801000 len 0x10000)
src frame 103: srcf=13 off=416 br=8000
frame 103: send=0x0 get=0x0 len=4822 coding=1 startqp=0 meanqp=0 picbytes=0 pskip=0 nalus=1 n1:4822
  snapshot f103: 3 venc_ko blocks (pool0 0x73801000 len 0x10000)
src frame 104: srcf=12 off=420 br=8000
frame 104: send=0x0 get=0x0 len=2681 coding=1 startqp=0 meanqp=0 picbytes=0 pskip=0 nalus=1 n1:2681
  snapshot f104: 3 venc_ko blocks (pool0 0x73801000 len 0x10000)
src frame 105: srcf=11 off=424 br=8000
frame 105: send=0x0 get=0x0 len=2156 coding=1 startqp=0 meanqp=0 picbytes=0 pskip=0 nalus=1 n1:2156
  snapshot f105: 3 venc_ko blocks (pool0 0x73801000 len 0x10000)
src frame 106: srcf=10 off=428 br=8000
frame 106: send=0x0 get=0x0 len=2172 coding=1 startqp=0 meanqp=0 picbytes=0 pskip=0 nalus=1 n1:2172
  snapshot f106: 3 venc_ko blocks (pool0 0x73801000 len 0x10000)
src frame 107: srcf=9 off=432 br=8000
frame 107: send=0x0 get=0x0 len=2437 coding=1 startqp=0 meanqp=0 picbytes=0 pskip=0 nalus=1 n1:2437
  snapshot f107: 3 venc_ko blocks (pool0 0x73801000 len 0x10000)
src frame 108: srcf=8 off=436 br=8000
frame 108: send=0x0 get=0x0 len=2427 coding=1 startqp=0 meanqp=0 picbytes=0 pskip=0 nalus=1 n1:2427
  snapshot f108: 3 venc_ko blocks (pool0 0x73801000 len 0x10000)
src frame 109: srcf=7 off=440 br=8000
frame 109: send=0x0 get=0x0 len=2509 coding=1 startqp=0 meanqp=0 picbytes=0 pskip=0 nalus=1 n1:2509
  snapshot f109: 3 venc_ko blocks (pool0 0x73801000 len 0x10000)
src frame 110: srcf=6 off=444 br=8000
frame 110: send=0x0 get=0x0 len=2749 coding=1 startqp=0 meanqp=0 picbytes=0 pskip=0 nalus=1 n1:2749
  snapshot f110: 3 venc_ko blocks (pool0 0x73801000 len 0x10000)
src frame 111: srcf=5 off=448 br=8000
frame 111: send=0x0 get=0x0 len=3356 coding=1 startqp=0 meanqp=0 picbytes=0 pskip=0 nalus=1 n1:3356
  snapshot f111: 3 venc_ko blocks (pool0 0x73801000 len 0x10000)
src frame 112: srcf=4 off=452 br=8000
frame 112: send=0x0 get=0x0 len=3159 coding=1 startqp=0 meanqp=0 picbytes=0 pskip=0 nalus=1 n1:3159
  snapshot f112: 3 venc_ko blocks (pool0 0x73801000 len 0x10000)
src frame 113: srcf=3 off=456 br=8000
frame 113: send=0x0 get=0x0 len=3643 coding=1 startqp=0 meanqp=0 picbytes=0 pskip=0 nalus=1 n1:3643
  snapshot f113: 3 venc_ko blocks (pool0 0x73801000 len 0x10000)
src frame 114: srcf=2 off=460 br=8000
frame 114: send=0x0 get=0x0 len=1754 coding=1 startqp=0 meanqp=0 picbytes=0 pskip=0 nalus=1 n1:1754
  snapshot f114: 3 venc_ko blocks (pool0 0x73801000 len 0x10000)
src frame 115: srcf=1 off=464 br=8000
frame 115: send=0x0 get=0x0 len=1828 coding=1 startqp=0 meanqp=0 picbytes=0 pskip=0 nalus=1 n1:1828
  snapshot f115: 3 venc_ko blocks (pool0 0x73801000 len 0x10000)
src frame 116: srcf=0 off=468 br=8000
frame 116: send=0x0 get=0x0 len=1740 coding=1 startqp=0 meanqp=0 picbytes=0 pskip=0 nalus=1 n1:1740
  snapshot f116: 3 venc_ko blocks (pool0 0x73801000 len 0x10000)
src frame 117: srcf=1 off=472 br=8000
frame 117: send=0x0 get=0x0 len=2070 coding=1 startqp=0 meanqp=0 picbytes=0 pskip=0 nalus=1 n1:2070
  snapshot f117: 3 venc_ko blocks (pool0 0x73801000 len 0x10000)
src frame 118: srcf=2 off=476 br=8000
frame 118: send=0x0 get=0x0 len=2369 coding=1 startqp=0 meanqp=0 picbytes=0 pskip=0 nalus=1 n1:2369
  snapshot f118: 3 venc_ko blocks (pool0 0x73801000 len 0x10000)
src frame 119: srcf=3 off=480 br=8000
frame 119: send=0x0 get=0x0 len=2678 coding=1 startqp=0 meanqp=0 picbytes=0 pskip=0 nalus=1 n1:2678
  snapshot f119: 3 venc_ko blocks (pool0 0x73801000 len 0x10000)
src frame 120: srcf=4 off=484 br=8000
frame 120: send=0x0 get=0x0 len=46715 coding=0 startqp=0 meanqp=0 picbytes=0 pskip=0 nalus=3 n7:32 n8:8 n5:46675
  snapshot f120: 3 venc_ko blocks (pool0 0x73801000 len 0x10000)
src frame 121: srcf=5 off=488 br=8000
frame 121: send=0x0 get=0x0 len=12597 coding=1 startqp=0 meanqp=0 picbytes=0 pskip=0 nalus=1 n1:12597
  snapshot f121: 3 venc_ko blocks (pool0 0x73801000 len 0x10000)
src frame 122: srcf=6 off=492 br=8000
frame 122: send=0x0 get=0x0 len=8740 coding=1 startqp=0 meanqp=0 picbytes=0 pskip=0 nalus=1 n1:8740
  snapshot f122: 3 venc_ko blocks (pool0 0x73801000 len 0x10000)
src frame 123: srcf=7 off=496 br=8000
frame 123: send=0x0 get=0x0 len=7804 coding=1 startqp=0 meanqp=0 picbytes=0 pskip=0 nalus=1 n1:7804
  snapshot f123: 3 venc_ko blocks (pool0 0x73801000 len 0x10000)
src frame 124: srcf=8 off=500 br=8000
frame 124: send=0x0 get=0x0 len=7910 coding=1 startqp=0 meanqp=0 picbytes=0 pskip=0 nalus=1 n1:7910
  snapshot f124: 3 venc_ko blocks (pool0 0x73801000 len 0x10000)
src frame 125: srcf=9 off=504 br=8000
frame 125: send=0x0 get=0x0 len=7857 coding=1 startqp=0 meanqp=0 picbytes=0 pskip=0 nalus=1 n1:7857
  snapshot f125: 3 venc_ko blocks (pool0 0x73801000 len 0x10000)
src frame 126: srcf=10 off=508 br=8000
frame 126: send=0x0 get=0x0 len=7325 coding=1 startqp=0 meanqp=0 picbytes=0 pskip=0 nalus=1 n1:7325
  snapshot f126: 3 venc_ko blocks (pool0 0x73801000 len 0x10000)
src frame 127: srcf=11 off=512 br=8000
frame 127: send=0x0 get=0x0 len=8790 coding=1 startqp=0 meanqp=0 picbytes=0 pskip=0 nalus=1 n1:8790
  snapshot f127: 3 venc_ko blocks (pool0 0x73801000 len 0x10000)
src frame 128: srcf=12 off=516 br=8000
frame 128: send=0x0 get=0x0 len=8993 coding=1 startqp=0 meanqp=0 picbytes=0 pskip=0 nalus=1 n1:8993
  snapshot f128: 3 venc_ko blocks (pool0 0x73801000 len 0x10000)
src frame 129: srcf=13 off=520 br=8000
frame 129: send=0x0 get=0x0 len=5893 coding=1 startqp=0 meanqp=0 picbytes=0 pskip=0 nalus=1 n1:5893
  snapshot f129: 3 venc_ko blocks (pool0 0x73801000 len 0x10000)
src frame 130: srcf=14 off=524 br=8000
frame 130: send=0x0 get=0x0 len=4260 coding=1 startqp=0 meanqp=0 picbytes=0 pskip=0 nalus=1 n1:4260
  snapshot f130: 3 venc_ko blocks (pool0 0x73801000 len 0x10000)
src frame 131: srcf=15 off=528 br=8000
frame 131: send=0x0 get=0x0 len=3312 coding=1 startqp=0 meanqp=0 picbytes=0 pskip=0 nalus=1 n1:3312
  snapshot f131: 3 venc_ko blocks (pool0 0x73801000 len 0x10000)
src frame 132: srcf=16 off=532 br=8000
frame 132: send=0x0 get=0x0 len=2535 coding=1 startqp=0 meanqp=0 picbytes=0 pskip=0 nalus=1 n1:2535
  snapshot f132: 3 venc_ko blocks (pool0 0x73801000 len 0x10000)
src frame 133: srcf=17 off=536 br=8000
frame 133: send=0x0 get=0x0 len=2683 coding=1 startqp=0 meanqp=0 picbytes=0 pskip=0 nalus=1 n1:2683
  snapshot f133: 3 venc_ko blocks (pool0 0x73801000 len 0x10000)
src frame 134: srcf=18 off=540 br=8000
frame 134: send=0x0 get=0x0 len=3668 coding=1 startqp=0 meanqp=0 picbytes=0 pskip=0 nalus=1 n1:3668
  snapshot f134: 3 venc_ko blocks (pool0 0x73801000 len 0x10000)
src frame 135: srcf=19 off=544 br=8000
frame 135: send=0x0 get=0x0 len=4176 coding=1 startqp=0 meanqp=0 picbytes=0 pskip=0 nalus=1 n1:4176
  snapshot f135: 3 venc_ko blocks (pool0 0x73801000 len 0x10000)
src frame 136: srcf=20 off=548 br=8000
frame 136: send=0x0 get=0x0 len=3630 coding=1 startqp=0 meanqp=0 picbytes=0 pskip=0 nalus=1 n1:3630
  snapshot f136: 3 venc_ko blocks (pool0 0x73801000 len 0x10000)
src frame 137: srcf=21 off=552 br=8000
frame 137: send=0x0 get=0x0 len=2528 coding=1 startqp=0 meanqp=0 picbytes=0 pskip=0 nalus=1 n1:2528
  snapshot f137: 3 venc_ko blocks (pool0 0x73801000 len 0x10000)
src frame 138: srcf=22 off=556 br=8000
frame 138: send=0x0 get=0x0 len=2131 coding=1 startqp=0 meanqp=0 picbytes=0 pskip=0 nalus=1 n1:2131
  snapshot f138: 3 venc_ko blocks (pool0 0x73801000 len 0x10000)
src frame 139: srcf=23 off=560 br=8000
frame 139: send=0x0 get=0x0 len=1904 coding=1 startqp=0 meanqp=0 picbytes=0 pskip=0 nalus=1 n1:1904
  snapshot f139: 3 venc_ko blocks (pool0 0x73801000 len 0x10000)
src frame 140: srcf=24 off=564 br=8000
frame 140: send=0x0 get=0x0 len=1710 coding=1 startqp=0 meanqp=0 picbytes=0 pskip=0 nalus=1 n1:1710
  snapshot f140: 3 venc_ko blocks (pool0 0x73801000 len 0x10000)
src frame 141: srcf=25 off=568 br=8000
frame 141: send=0x0 get=0x0 len=1654 coding=1 startqp=0 meanqp=0 picbytes=0 pskip=0 nalus=1 n1:1654
  snapshot f141: 3 venc_ko blocks (pool0 0x73801000 len 0x10000)
src frame 142: srcf=26 off=572 br=8000
frame 142: send=0x0 get=0x0 len=1775 coding=1 startqp=0 meanqp=0 picbytes=0 pskip=0 nalus=1 n1:1775
  snapshot f142: 3 venc_ko blocks (pool0 0x73801000 len 0x10000)
src frame 143: srcf=27 off=576 br=8000
frame 143: send=0x0 get=0x0 len=2349 coding=1 startqp=0 meanqp=0 picbytes=0 pskip=0 nalus=1 n1:2349
  snapshot f143: 3 venc_ko blocks (pool0 0x73801000 len 0x10000)
src frame 144: srcf=28 off=580 br=8000
frame 144: send=0x0 get=0x0 len=2842 coding=1 startqp=0 meanqp=0 picbytes=0 pskip=0 nalus=1 n1:2842
  snapshot f144: 3 venc_ko blocks (pool0 0x73801000 len 0x10000)
src frame 145: srcf=29 off=584 br=8000
frame 145: send=0x0 get=0x0 len=2808 coding=1 startqp=0 meanqp=0 picbytes=0 pskip=0 nalus=1 n1:2808
  snapshot f145: 3 venc_ko blocks (pool0 0x73801000 len 0x10000)
src frame 146: srcf=28 off=588 br=8000
frame 146: send=0x0 get=0x0 len=2409 coding=1 startqp=0 meanqp=0 picbytes=0 pskip=0 nalus=1 n1:2409
  snapshot f146: 3 venc_ko blocks (pool0 0x73801000 len 0x10000)
src frame 147: srcf=27 off=592 br=8000
frame 147: send=0x0 get=0x0 len=2501 coding=1 startqp=0 meanqp=0 picbytes=0 pskip=0 nalus=1 n1:2501
  snapshot f147: 3 venc_ko blocks (pool0 0x73801000 len 0x10000)
src frame 148: srcf=26 off=596 br=8000
frame 148: send=0x0 get=0x0 len=2357 coding=1 startqp=0 meanqp=0 picbytes=0 pskip=0 nalus=1 n1:2357
  snapshot f148: 3 venc_ko blocks (pool0 0x73801000 len 0x10000)
src frame 149: srcf=25 off=600 br=8000
frame 149: send=0x0 get=0x0 len=1778 coding=1 startqp=0 meanqp=0 picbytes=0 pskip=0 nalus=1 n1:1778
  snapshot f149: 3 venc_ko blocks (pool0 0x73801000 len 0x10000)
src frame 150: srcf=24 off=604 br=8000
frame 150: send=0x0 get=0x0 len=50918 coding=0 startqp=0 meanqp=0 picbytes=0 pskip=0 nalus=3 n7:32 n8:8 n5:50878
  snapshot f150: 3 venc_ko blocks (pool0 0x73801000 len 0x10000)
src frame 151: srcf=23 off=608 br=8000
frame 151: send=0x0 get=0x0 len=12423 coding=1 startqp=0 meanqp=0 picbytes=0 pskip=0 nalus=1 n1:12423
  snapshot f151: 3 venc_ko blocks (pool0 0x73801000 len 0x10000)
src frame 152: srcf=22 off=612 br=8000
frame 152: send=0x0 get=0x0 len=9951 coding=1 startqp=0 meanqp=0 picbytes=0 pskip=0 nalus=1 n1:9951
  snapshot f152: 3 venc_ko blocks (pool0 0x73801000 len 0x10000)
src frame 153: srcf=21 off=616 br=8000
frame 153: send=0x0 get=0x0 len=10254 coding=1 startqp=0 meanqp=0 picbytes=0 pskip=0 nalus=1 n1:10254
  snapshot f153: 3 venc_ko blocks (pool0 0x73801000 len 0x10000)
src frame 154: srcf=20 off=620 br=8000
frame 154: send=0x0 get=0x0 len=8470 coding=1 startqp=0 meanqp=0 picbytes=0 pskip=0 nalus=1 n1:8470
  snapshot f154: 3 venc_ko blocks (pool0 0x73801000 len 0x10000)
src frame 155: srcf=19 off=624 br=8000
frame 155: send=0x0 get=0x0 len=8535 coding=1 startqp=0 meanqp=0 picbytes=0 pskip=0 nalus=1 n1:8535
  snapshot f155: 3 venc_ko blocks (pool0 0x73801000 len 0x10000)
src frame 156: srcf=18 off=628 br=8000
frame 156: send=0x0 get=0x0 len=9208 coding=1 startqp=0 meanqp=0 picbytes=0 pskip=0 nalus=1 n1:9208
  snapshot f156: 3 venc_ko blocks (pool0 0x73801000 len 0x10000)
src frame 157: srcf=17 off=632 br=8000
frame 157: send=0x0 get=0x0 len=6253 coding=1 startqp=0 meanqp=0 picbytes=0 pskip=0 nalus=1 n1:6253
  snapshot f157: 3 venc_ko blocks (pool0 0x73801000 len 0x10000)
src frame 158: srcf=16 off=636 br=8000
frame 158: send=0x0 get=0x0 len=4314 coding=1 startqp=0 meanqp=0 picbytes=0 pskip=0 nalus=1 n1:4314
  snapshot f158: 3 venc_ko blocks (pool0 0x73801000 len 0x10000)
src frame 159: srcf=15 off=640 br=8000
frame 159: send=0x0 get=0x0 len=3165 coding=1 startqp=0 meanqp=0 picbytes=0 pskip=0 nalus=1 n1:3165
  snapshot f159: 3 venc_ko blocks (pool0 0x73801000 len 0x10000)
src frame 160: srcf=14 off=644 br=8000
frame 160: send=0x0 get=0x0 len=2155 coding=1 startqp=0 meanqp=0 picbytes=0 pskip=0 nalus=1 n1:2155
  snapshot f160: 3 venc_ko blocks (pool0 0x73801000 len 0x10000)
src frame 161: srcf=13 off=648 br=8000
frame 161: send=0x0 get=0x0 len=2084 coding=1 startqp=0 meanqp=0 picbytes=0 pskip=0 nalus=1 n1:2084
  snapshot f161: 3 venc_ko blocks (pool0 0x73801000 len 0x10000)
src frame 162: srcf=12 off=652 br=8000
frame 162: send=0x0 get=0x0 len=1803 coding=1 startqp=0 meanqp=0 picbytes=0 pskip=0 nalus=1 n1:1803
  snapshot f162: 3 venc_ko blocks (pool0 0x73801000 len 0x10000)
src frame 163: srcf=11 off=656 br=8000
frame 163: send=0x0 get=0x0 len=1762 coding=1 startqp=0 meanqp=0 picbytes=0 pskip=0 nalus=1 n1:1762
  snapshot f163: 3 venc_ko blocks (pool0 0x73801000 len 0x10000)
src frame 164: srcf=10 off=660 br=8000
frame 164: send=0x0 get=0x0 len=1623 coding=1 startqp=0 meanqp=0 picbytes=0 pskip=0 nalus=1 n1:1623
  snapshot f164: 3 venc_ko blocks (pool0 0x73801000 len 0x10000)
src frame 165: srcf=9 off=664 br=8000
frame 165: send=0x0 get=0x0 len=2135 coding=1 startqp=0 meanqp=0 picbytes=0 pskip=0 nalus=1 n1:2135
  snapshot f165: 3 venc_ko blocks (pool0 0x73801000 len 0x10000)
src frame 166: srcf=8 off=668 br=8000
frame 166: send=0x0 get=0x0 len=2396 coding=1 startqp=0 meanqp=0 picbytes=0 pskip=0 nalus=1 n1:2396
  snapshot f166: 3 venc_ko blocks (pool0 0x73801000 len 0x10000)
src frame 167: srcf=7 off=672 br=8000
frame 167: send=0x0 get=0x0 len=2480 coding=1 startqp=0 meanqp=0 picbytes=0 pskip=0 nalus=1 n1:2480
  snapshot f167: 3 venc_ko blocks (pool0 0x73801000 len 0x10000)
src frame 168: srcf=6 off=676 br=8000
frame 168: send=0x0 get=0x0 len=1721 coding=1 startqp=0 meanqp=0 picbytes=0 pskip=0 nalus=1 n1:1721
  snapshot f168: 3 venc_ko blocks (pool0 0x73801000 len 0x10000)
src frame 169: srcf=5 off=680 br=8000
frame 169: send=0x0 get=0x0 len=1637 coding=1 startqp=0 meanqp=0 picbytes=0 pskip=0 nalus=1 n1:1637
  snapshot f169: 3 venc_ko blocks (pool0 0x73801000 len 0x10000)
src frame 170: srcf=4 off=684 br=8000
frame 170: send=0x0 get=0x0 len=1485 coding=1 startqp=0 meanqp=0 picbytes=0 pskip=0 nalus=1 n1:1485
  snapshot f170: 3 venc_ko blocks (pool0 0x73801000 len 0x10000)
src frame 171: srcf=3 off=688 br=8000
frame 171: send=0x0 get=0x0 len=1519 coding=1 startqp=0 meanqp=0 picbytes=0 pskip=0 nalus=1 n1:1519
  snapshot f171: 3 venc_ko blocks (pool0 0x73801000 len 0x10000)
src frame 172: srcf=2 off=692 br=8000
frame 172: send=0x0 get=0x0 len=1445 coding=1 startqp=0 meanqp=0 picbytes=0 pskip=0 nalus=1 n1:1445
  snapshot f172: 3 venc_ko blocks (pool0 0x73801000 len 0x10000)
src frame 173: srcf=1 off=696 br=8000
frame 173: send=0x0 get=0x0 len=1758 coding=1 startqp=0 meanqp=0 picbytes=0 pskip=0 nalus=1 n1:1758
  snapshot f173: 3 venc_ko blocks (pool0 0x73801000 len 0x10000)
src frame 174: srcf=0 off=700 br=8000
frame 174: send=0x0 get=0x0 len=1913 coding=1 startqp=0 meanqp=0 picbytes=0 pskip=0 nalus=1 n1:1913
  snapshot f174: 3 venc_ko blocks (pool0 0x73801000 len 0x10000)
src frame 175: srcf=1 off=704 br=8000
frame 175: send=0x0 get=0x0 len=2141 coding=1 startqp=0 meanqp=0 picbytes=0 pskip=0 nalus=1 n1:2141
  snapshot f175: 3 venc_ko blocks (pool0 0x73801000 len 0x10000)
src frame 176: srcf=2 off=708 br=8000
frame 176: send=0x0 get=0x0 len=2100 coding=1 startqp=0 meanqp=0 picbytes=0 pskip=0 nalus=1 n1:2100
  snapshot f176: 3 venc_ko blocks (pool0 0x73801000 len 0x10000)
src frame 177: srcf=3 off=712 br=8000
frame 177: send=0x0 get=0x0 len=1744 coding=1 startqp=0 meanqp=0 picbytes=0 pskip=0 nalus=1 n1:1744
  snapshot f177: 3 venc_ko blocks (pool0 0x73801000 len 0x10000)
src frame 178: srcf=4 off=716 br=8000
frame 178: send=0x0 get=0x0 len=1552 coding=1 startqp=0 meanqp=0 picbytes=0 pskip=0 nalus=1 n1:1552
  snapshot f178: 3 venc_ko blocks (pool0 0x73801000 len 0x10000)
src frame 179: srcf=5 off=720 br=8000
frame 179: send=0x0 get=0x0 len=1535 coding=1 startqp=0 meanqp=0 picbytes=0 pskip=0 nalus=1 n1:1535
  snapshot f179: 3 venc_ko blocks (pool0 0x73801000 len 0x10000)
src frame 180: srcf=6 off=724 br=8000
frame 180: send=0x0 get=0x0 len=56236 coding=0 startqp=0 meanqp=0 picbytes=0 pskip=0 nalus=3 n7:32 n8:8 n5:56196
  snapshot f180: 3 venc_ko blocks (pool0 0x73801000 len 0x10000)
src frame 181: srcf=7 off=728 br=8000
frame 181: send=0x0 get=0x0 len=12714 coding=1 startqp=0 meanqp=0 picbytes=0 pskip=0 nalus=1 n1:12714
  snapshot f181: 3 venc_ko blocks (pool0 0x73801000 len 0x10000)
src frame 182: srcf=8 off=732 br=8000
frame 182: send=0x0 get=0x0 len=9137 coding=1 startqp=0 meanqp=0 picbytes=0 pskip=0 nalus=1 n1:9137
  snapshot f182: 3 venc_ko blocks (pool0 0x73801000 len 0x10000)
src frame 183: srcf=9 off=736 br=8000
frame 183: send=0x0 get=0x0 len=8911 coding=1 startqp=0 meanqp=0 picbytes=0 pskip=0 nalus=1 n1:8911
  snapshot f183: 3 venc_ko blocks (pool0 0x73801000 len 0x10000)
src frame 184: srcf=10 off=740 br=8000
frame 184: send=0x0 get=0x0 len=9366 coding=1 startqp=0 meanqp=0 picbytes=0 pskip=0 nalus=1 n1:9366
  snapshot f184: 3 venc_ko blocks (pool0 0x73801000 len 0x10000)
src frame 185: srcf=11 off=744 br=8000
frame 185: send=0x0 get=0x0 len=6635 coding=1 startqp=0 meanqp=0 picbytes=0 pskip=0 nalus=1 n1:6635
  snapshot f185: 3 venc_ko blocks (pool0 0x73801000 len 0x10000)
src frame 186: srcf=12 off=748 br=8000
frame 186: send=0x0 get=0x0 len=4936 coding=1 startqp=0 meanqp=0 picbytes=0 pskip=0 nalus=1 n1:4936
  snapshot f186: 3 venc_ko blocks (pool0 0x73801000 len 0x10000)
src frame 187: srcf=13 off=752 br=8000
frame 187: send=0x0 get=0x0 len=3485 coding=1 startqp=0 meanqp=0 picbytes=0 pskip=0 nalus=1 n1:3485
  snapshot f187: 3 venc_ko blocks (pool0 0x73801000 len 0x10000)
src frame 188: srcf=14 off=756 br=8000
frame 188: send=0x0 get=0x0 len=2407 coding=1 startqp=0 meanqp=0 picbytes=0 pskip=0 nalus=1 n1:2407
  snapshot f188: 3 venc_ko blocks (pool0 0x73801000 len 0x10000)
src frame 189: srcf=15 off=760 br=8000
frame 189: send=0x0 get=0x0 len=2077 coding=1 startqp=0 meanqp=0 picbytes=0 pskip=0 nalus=1 n1:2077
  snapshot f189: 3 venc_ko blocks (pool0 0x73801000 len 0x10000)
src frame 190: srcf=16 off=764 br=8000
frame 190: send=0x0 get=0x0 len=1785 coding=1 startqp=0 meanqp=0 picbytes=0 pskip=0 nalus=1 n1:1785
  snapshot f190: 3 venc_ko blocks (pool0 0x73801000 len 0x10000)
src frame 191: srcf=17 off=768 br=8000
frame 191: send=0x0 get=0x0 len=1791 coding=1 startqp=0 meanqp=0 picbytes=0 pskip=0 nalus=1 n1:1791
  snapshot f191: 3 venc_ko blocks (pool0 0x73801000 len 0x10000)
src frame 192: srcf=18 off=772 br=8000
frame 192: send=0x0 get=0x0 len=1730 coding=1 startqp=0 meanqp=0 picbytes=0 pskip=0 nalus=1 n1:1730
  snapshot f192: 3 venc_ko blocks (pool0 0x73801000 len 0x10000)
src frame 193: srcf=19 off=776 br=8000
frame 193: send=0x0 get=0x0 len=2035 coding=1 startqp=0 meanqp=0 picbytes=0 pskip=0 nalus=1 n1:2035
  snapshot f193: 3 venc_ko blocks (pool0 0x73801000 len 0x10000)
src frame 194: srcf=20 off=780 br=8000
frame 194: send=0x0 get=0x0 len=2290 coding=1 startqp=0 meanqp=0 picbytes=0 pskip=0 nalus=1 n1:2290
  snapshot f194: 3 venc_ko blocks (pool0 0x73801000 len 0x10000)
src frame 195: srcf=21 off=784 br=8000
frame 195: send=0x0 get=0x0 len=2340 coding=1 startqp=0 meanqp=0 picbytes=0 pskip=0 nalus=1 n1:2340
  snapshot f195: 3 venc_ko blocks (pool0 0x73801000 len 0x10000)
src frame 196: srcf=22 off=788 br=8000
frame 196: send=0x0 get=0x0 len=1565 coding=1 startqp=0 meanqp=0 picbytes=0 pskip=0 nalus=1 n1:1565
  snapshot f196: 3 venc_ko blocks (pool0 0x73801000 len 0x10000)
src frame 197: srcf=23 off=792 br=8000
frame 197: send=0x0 get=0x0 len=1510 coding=1 startqp=0 meanqp=0 picbytes=0 pskip=0 nalus=1 n1:1510
  snapshot f197: 3 venc_ko blocks (pool0 0x73801000 len 0x10000)
src frame 198: srcf=24 off=796 br=8000
frame 198: send=0x0 get=0x0 len=1470 coding=1 startqp=0 meanqp=0 picbytes=0 pskip=0 nalus=1 n1:1470
  snapshot f198: 3 venc_ko blocks (pool0 0x73801000 len 0x10000)
src frame 199: srcf=25 off=800 br=8000
frame 199: send=0x0 get=0x0 len=1547 coding=1 startqp=0 meanqp=0 picbytes=0 pskip=0 nalus=1 n1:1547
  snapshot f199: 3 venc_ko blocks (pool0 0x73801000 len 0x10000)
src frame 200: srcf=26 off=804 br=8000
frame 200: send=0x0 get=0x0 len=1457 coding=1 startqp=0 meanqp=0 picbytes=0 pskip=0 nalus=1 n1:1457
  snapshot f200: 3 venc_ko blocks (pool0 0x73801000 len 0x10000)
src frame 201: srcf=27 off=808 br=8000
frame 201: send=0x0 get=0x0 len=1576 coding=1 startqp=0 meanqp=0 picbytes=0 pskip=0 nalus=1 n1:1576
  snapshot f201: 3 venc_ko blocks (pool0 0x73801000 len 0x10000)
src frame 202: srcf=28 off=812 br=8000
frame 202: send=0x0 get=0x0 len=1677 coding=1 startqp=0 meanqp=0 picbytes=0 pskip=0 nalus=1 n1:1677
  snapshot f202: 3 venc_ko blocks (pool0 0x73801000 len 0x10000)
src frame 203: srcf=29 off=816 br=8000
frame 203: send=0x0 get=0x0 len=2094 coding=1 startqp=0 meanqp=0 picbytes=0 pskip=0 nalus=1 n1:2094
  snapshot f203: 3 venc_ko blocks (pool0 0x73801000 len 0x10000)
src frame 204: srcf=28 off=820 br=8000
frame 204: send=0x0 get=0x0 len=2065 coding=1 startqp=0 meanqp=0 picbytes=0 pskip=0 nalus=1 n1:2065
  snapshot f204: 3 venc_ko blocks (pool0 0x73801000 len 0x10000)
src frame 205: srcf=27 off=824 br=8000
frame 205: send=0x0 get=0x0 len=1808 coding=1 startqp=0 meanqp=0 picbytes=0 pskip=0 nalus=1 n1:1808
  snapshot f205: 3 venc_ko blocks (pool0 0x73801000 len 0x10000)
src frame 206: srcf=26 off=828 br=8000
frame 206: send=0x0 get=0x0 len=1505 coding=1 startqp=0 meanqp=0 picbytes=0 pskip=0 nalus=1 n1:1505
  snapshot f206: 3 venc_ko blocks (pool0 0x73801000 len 0x10000)
src frame 207: srcf=25 off=832 br=8000
frame 207: send=0x0 get=0x0 len=1628 coding=1 startqp=0 meanqp=0 picbytes=0 pskip=0 nalus=1 n1:1628
  snapshot f207: 3 venc_ko blocks (pool0 0x73801000 len 0x10000)
src frame 208: srcf=24 off=836 br=8000
frame 208: send=0x0 get=0x0 len=1537 coding=1 startqp=0 meanqp=0 picbytes=0 pskip=0 nalus=1 n1:1537
  snapshot f208: 3 venc_ko blocks (pool0 0x73801000 len 0x10000)
src frame 209: srcf=23 off=840 br=8000
frame 209: send=0x0 get=0x0 len=1547 coding=1 startqp=0 meanqp=0 picbytes=0 pskip=0 nalus=1 n1:1547
  snapshot f209: 3 venc_ko blocks (pool0 0x73801000 len 0x10000)
src frame 210: srcf=22 off=844 br=8000
frame 210: send=0x0 get=0x0 len=60745 coding=0 startqp=0 meanqp=0 picbytes=0 pskip=0 nalus=3 n7:32 n8:8 n5:60705
  snapshot f210: 3 venc_ko blocks (pool0 0x73801000 len 0x10000)
src frame 211: srcf=21 off=848 br=8000
frame 211: send=0x0 get=0x0 len=14636 coding=1 startqp=0 meanqp=0 picbytes=0 pskip=0 nalus=1 n1:14636
  snapshot f211: 3 venc_ko blocks (pool0 0x73801000 len 0x10000)
src frame 212: srcf=20 off=852 br=8000
frame 212: send=0x0 get=0x0 len=10144 coding=1 startqp=0 meanqp=0 picbytes=0 pskip=0 nalus=1 n1:10144
  snapshot f212: 3 venc_ko blocks (pool0 0x73801000 len 0x10000)
src frame 213: srcf=19 off=856 br=8000
frame 213: send=0x0 get=0x0 len=6789 coding=1 startqp=0 meanqp=0 picbytes=0 pskip=0 nalus=1 n1:6789
  snapshot f213: 3 venc_ko blocks (pool0 0x73801000 len 0x10000)
src frame 214: srcf=18 off=860 br=8000
frame 214: send=0x0 get=0x0 len=5254 coding=1 startqp=0 meanqp=0 picbytes=0 pskip=0 nalus=1 n1:5254
  snapshot f214: 3 venc_ko blocks (pool0 0x73801000 len 0x10000)
src frame 215: srcf=17 off=864 br=8000
frame 215: send=0x0 get=0x0 len=3734 coding=1 startqp=0 meanqp=0 picbytes=0 pskip=0 nalus=1 n1:3734
  snapshot f215: 3 venc_ko blocks (pool0 0x73801000 len 0x10000)
src frame 216: srcf=16 off=868 br=8000
frame 216: send=0x0 get=0x0 len=2623 coding=1 startqp=0 meanqp=0 picbytes=0 pskip=0 nalus=1 n1:2623
  snapshot f216: 3 venc_ko blocks (pool0 0x73801000 len 0x10000)
src frame 217: srcf=15 off=872 br=8000
frame 217: send=0x0 get=0x0 len=2348 coding=1 startqp=0 meanqp=0 picbytes=0 pskip=0 nalus=1 n1:2348
  snapshot f217: 3 venc_ko blocks (pool0 0x73801000 len 0x10000)
src frame 218: srcf=14 off=876 br=8000
frame 218: send=0x0 get=0x0 len=1844 coding=1 startqp=0 meanqp=0 picbytes=0 pskip=0 nalus=1 n1:1844
  snapshot f218: 3 venc_ko blocks (pool0 0x73801000 len 0x10000)
src frame 219: srcf=13 off=880 br=8000
frame 219: send=0x0 get=0x0 len=1736 coding=1 startqp=0 meanqp=0 picbytes=0 pskip=0 nalus=1 n1:1736
  snapshot f219: 3 venc_ko blocks (pool0 0x73801000 len 0x10000)
src frame 220: srcf=12 off=884 br=8000
frame 220: send=0x0 get=0x0 len=1633 coding=1 startqp=0 meanqp=0 picbytes=0 pskip=0 nalus=1 n1:1633
  snapshot f220: 3 venc_ko blocks (pool0 0x73801000 len 0x10000)
src frame 221: srcf=11 off=888 br=8000
frame 221: send=0x0 get=0x0 len=2060 coding=1 startqp=0 meanqp=0 picbytes=0 pskip=0 nalus=1 n1:2060
  snapshot f221: 3 venc_ko blocks (pool0 0x73801000 len 0x10000)
src frame 222: srcf=10 off=892 br=8000
frame 222: send=0x0 get=0x0 len=2455 coding=1 startqp=0 meanqp=0 picbytes=0 pskip=0 nalus=1 n1:2455
  snapshot f222: 3 venc_ko blocks (pool0 0x73801000 len 0x10000)
src frame 223: srcf=9 off=896 br=8000
frame 223: send=0x0 get=0x0 len=2614 coding=1 startqp=0 meanqp=0 picbytes=0 pskip=0 nalus=1 n1:2614
  snapshot f223: 3 venc_ko blocks (pool0 0x73801000 len 0x10000)
src frame 224: srcf=8 off=900 br=8000
frame 224: send=0x0 get=0x0 len=2367 coding=1 startqp=0 meanqp=0 picbytes=0 pskip=0 nalus=1 n1:2367
  snapshot f224: 3 venc_ko blocks (pool0 0x73801000 len 0x10000)
src frame 225: srcf=7 off=904 br=8000
frame 225: send=0x0 get=0x0 len=1878 coding=1 startqp=0 meanqp=0 picbytes=0 pskip=0 nalus=1 n1:1878
  snapshot f225: 3 venc_ko blocks (pool0 0x73801000 len 0x10000)
src frame 226: srcf=6 off=908 br=8000
frame 226: send=0x0 get=0x0 len=1462 coding=1 startqp=0 meanqp=0 picbytes=0 pskip=0 nalus=1 n1:1462
  snapshot f226: 3 venc_ko blocks (pool0 0x73801000 len 0x10000)
src frame 227: srcf=5 off=912 br=8000
frame 227: send=0x0 get=0x0 len=1442 coding=1 startqp=0 meanqp=0 picbytes=0 pskip=0 nalus=1 n1:1442
  snapshot f227: 3 venc_ko blocks (pool0 0x73801000 len 0x10000)
src frame 228: srcf=4 off=916 br=8000
frame 228: send=0x0 get=0x0 len=1482 coding=1 startqp=0 meanqp=0 picbytes=0 pskip=0 nalus=1 n1:1482
  snapshot f228: 3 venc_ko blocks (pool0 0x73801000 len 0x10000)
src frame 229: srcf=3 off=920 br=8000
frame 229: send=0x0 get=0x0 len=1544 coding=1 startqp=0 meanqp=0 picbytes=0 pskip=0 nalus=1 n1:1544
  snapshot f229: 3 venc_ko blocks (pool0 0x73801000 len 0x10000)
src frame 230: srcf=2 off=924 br=8000
frame 230: send=0x0 get=0x0 len=1537 coding=1 startqp=0 meanqp=0 picbytes=0 pskip=0 nalus=1 n1:1537
  snapshot f230: 3 venc_ko blocks (pool0 0x73801000 len 0x10000)
src frame 231: srcf=1 off=928 br=8000
frame 231: send=0x0 get=0x0 len=1914 coding=1 startqp=0 meanqp=0 picbytes=0 pskip=0 nalus=1 n1:1914
  snapshot f231: 3 venc_ko blocks (pool0 0x73801000 len 0x10000)
src frame 232: srcf=0 off=932 br=8000
frame 232: send=0x0 get=0x0 len=2189 coding=1 startqp=0 meanqp=0 picbytes=0 pskip=0 nalus=1 n1:2189
  snapshot f232: 3 venc_ko blocks (pool0 0x73801000 len 0x10000)
src frame 233: srcf=1 off=936 br=8000
frame 233: send=0x0 get=0x0 len=2367 coding=1 startqp=0 meanqp=0 picbytes=0 pskip=0 nalus=1 n1:2367
  snapshot f233: 3 venc_ko blocks (pool0 0x73801000 len 0x10000)
src frame 234: srcf=2 off=940 br=8000
frame 234: send=0x0 get=0x0 len=1527 coding=1 startqp=0 meanqp=0 picbytes=0 pskip=0 nalus=1 n1:1527
  snapshot f234: 3 venc_ko blocks (pool0 0x73801000 len 0x10000)
src frame 235: srcf=3 off=944 br=8000
frame 235: send=0x0 get=0x0 len=1515 coding=1 startqp=0 meanqp=0 picbytes=0 pskip=0 nalus=1 n1:1515
  snapshot f235: 3 venc_ko blocks (pool0 0x73801000 len 0x10000)
src frame 236: srcf=4 off=948 br=8000
frame 236: send=0x0 get=0x0 len=1472 coding=1 startqp=0 meanqp=0 picbytes=0 pskip=0 nalus=1 n1:1472
  snapshot f236: 3 venc_ko blocks (pool0 0x73801000 len 0x10000)
src frame 237: srcf=5 off=952 br=8000
frame 237: send=0x0 get=0x0 len=1521 coding=1 startqp=0 meanqp=0 picbytes=0 pskip=0 nalus=1 n1:1521
  snapshot f237: 3 venc_ko blocks (pool0 0x73801000 len 0x10000)
src frame 238: srcf=6 off=956 br=8000
frame 238: send=0x0 get=0x0 len=1358 coding=1 startqp=0 meanqp=0 picbytes=0 pskip=0 nalus=1 n1:1358
  snapshot f238: 3 venc_ko blocks (pool0 0x73801000 len 0x10000)
src frame 239: srcf=7 off=960 br=8000
frame 239: send=0x0 get=0x0 len=1563 coding=1 startqp=0 meanqp=0 picbytes=0 pskip=0 nalus=1 n1:1563
  snapshot f239: 3 venc_ko blocks (pool0 0x73801000 len 0x10000)
---- /proc/ax_proc/venc ----
-------- VENC VERSION ------------------------
[Axera version]: ax_venc V3.0.0_20250319114413 Mar 19 2025 11:58:34 JK

-------- MODULE PARAM ------------------------
MaxChnNum   MaxRoiNum   MaxProcNum  
16          8           16          

-------- VENC CHN ATTR 1 ------------------------
ID    Type    wSrc    hSrc    Strd0   Strd1   maxW    maxH    PixFmt  link  InFifoDep    OutFifoDep   InDbgFifoLen InDbgFifoDep StrmBufSize(KB)
7     h264    1920    1080    3840    0       1920    1080    YUYV422 N     2            2            0            4            4114      
-------- VENC CHN ATTR 2 ------------------------
ID    [CropEn StartX  StartY  CropW   CropH]  Rotation  EncW    EncH    FrmSize      PTS          SeqNum       CompMode     CompLevel    PhyAddr0     PhyAddr1     PhyAddr2     
7     N       0       0       0       0       0         1920    1080    4147200      3283333      198          NONE         0            742d1000     0            0            
-------- VENC RC ATTR 1 ------------------------
ID    RcMode    SrcFr   DstFr   Br(kbps)  MinQp   MaxQp   MinIQp  MaxIQp  IQpDelta  IpropMax   IpropMin   StartQp    QpDltRng   DeBrQpDlt  SvcEn   ChgPos  StillPercent MaxStillQp 
7     CBR       60.00   60.00   8000      10      51      10      51      0         40         10         -1         2          0          False   -       -            -          
-------- VENC RC ATTR 2  -----------------------
ID    QMapQpType  QMapUnit    QMapBlkType IQp   PQp   MinQpDelta MaxQpDelta MaxBitRate shtStaTime ltStaTime  ltMinBr  ltMaxBr  Br_ST(kbps)    Br_LT(kbps)    
7     N/A         64x64       N/A         -     -     -          -          -          -          -          -        -        -              -              
-------- VENC GOP ATTR  ------------------------
ID    GopMode   Gop   GopVI 
7     NormalP   30    0     
-------- VENC STATUS 1 -------------------------
ID    RJEn         RJThr(bps)   RJMode       RJEncGaps    SupFrmEn     SupPri       SupThrI      SupThrP      SplitEn      SliceNum     Range(In)    Range(out)   
7     N            0            Normal       0            N            0            500000       500000       N            0            Full         Full         
-------- VENC STATUS 2 -------------------------
ID    ChnStat   FrmRecv   FrmRls    FrmEnc    FrmDrop   FrmDup    EncFail   MissMatch StrmGet   StrmRls   OutFps    RealBr    ReEncCnt  DropCnt   BlkFail   GrpID     PID     TID     ThNum   RefInc    RefDec    Fail1   Fail2   Fail3   Fail4   
7     STARTED   198       197       197       0         0         0         0         197       197       50.00     2352.43   0         0         0         -1        129818  129822  1       198       197       0       0       0       0       
-------- VENC HW STATUS  ------------------------
ID    OverFlow     TimeOut      
7     0            0            
-------- VENC ROI INFO  ------------------------
ID    Index        bEnable      bAbsQp       RoiQP        Width        Height       StartX       StartY       
done h264_cbr8000
rc=0
== h264_cbr8000: codec=h264 rc=cbr br=8000 fps=60 gop=30 frames=240 total=1390027 B achieved=2780 kbps
I frames (frame:qp/bytes): 0:32/30679 30:30/34191 60:28/38434 90:26/42331 120:24/46715 150:22/50918 180:20/56236 210:18/60745
first P after each I (frame:qp): 1:35 31:33 61:31 91:29 121:27 151:25 181:23 211:21
per-GOP: gop#: kbps I_qp P_qp[min..max] P_qp_last
  0: 3132 kbps I=[32] P=[21..35] last=21 n=30
  1: 3108 kbps I=[30] P=[19..33] last=19 n=30
  2: 2992 kbps I=[28] P=[17..31] last=17 n=30
  3: 2884 kbps I=[26] P=[15..29] last=15 n=30
  4: 2810 kbps I=[24] P=[13..27] last=13 n=30
  5: 2568 kbps I=[22] P=[11..25] last=11 n=30
  6: 2414 kbps I=[20] P=[10..23] last=10 n=30
  7: 2332 kbps I=[18] P=[10..21] last=10 n=30
P->P QP step histogram: -2:1 -1:106 +0:117
I->firstP QP delta: +3 +3 +3 +3 +3 +3 +3 +3
sw7 frame-QP == slice QP: 240/240 frames with a program agree; mismatches at []
slot flags: {'': 240}
sw105-107 distinct (I): [('0x1adb00', '0x1adb00', '0x1adb00'), ('0x2361f8', '0x2361f8', '0x2361f8'), ('0x26ebc4', '0x26ebc4', '0x26ebc4')]
sw172/173 distinct: [('0x14f', '0x662'), ('0x14f', '0x66a')]
sw6 distinct (I / P): ['0x3'] ['0x3']
=== h264_cbr16000: codec=h264 rc=cbr br=16000 nframes=240 src=/root/rc65/clips/static.yuyv motion=vscroll mstep=4
# vdrive tag=h264_cbr16000 codec=h264 1920x1080 rc=cbr br=16000 fps=60/60 gop=30 gopmode=normalp ltrint=0 ltrqpo=0 iqp=32 pqp=32 profile=10 level=51 tier=0 qp[10..51] iqp[10..51] iqd=0 firstqp=-1 iprop[10..40] idrrange=2 stattime=1 vq=0 ir=0/0 slice=0 debreath=0 scd=-1 rowqpd=-1 vui=-1 move=0 nframes=240
src=/root/rc65/clips/static.yuyv frames=30 loop=pingpong motion=vscroll mstep=4 window=0..-1
AX_SYS_Init rc=0x0
AX_VENC_Init rc=0x0
AX_VENC_CreateChn(7) rc=0x0
StartRecvFrame rc=0x0
AX_POOL_CreatePool id=0x0
blk=0x5e000000 phys=0x742d1000 virt=0xffff991c5000
frame: modid=0x11 stride=1920 fmt=0xd
  snapshot pre: 3 venc_ko blocks (pool0 0x73801000 len 0x10000)
src frame 0: srcf=0 off=4 br=16000
frame 0: send=0x0 get=0x0 len=30680 coding=0 startqp=0 meanqp=0 picbytes=0 pskip=0 nalus=3 n7:32 n8:8 n5:30640
  snapshot f000: 3 venc_ko blocks (pool0 0x73801000 len 0x10000)
src frame 1: srcf=1 off=8 br=16000
frame 1: send=0x0 get=0x0 len=8617 coding=1 startqp=0 meanqp=0 picbytes=0 pskip=0 nalus=1 n1:8617
  snapshot f001: 3 venc_ko blocks (pool0 0x73801000 len 0x10000)
src frame 2: srcf=2 off=12 br=16000
frame 2: send=0x0 get=0x0 len=11375 coding=1 startqp=0 meanqp=0 picbytes=0 pskip=0 nalus=1 n1:11375
  snapshot f002: 3 venc_ko blocks (pool0 0x73801000 len 0x10000)
src frame 3: srcf=3 off=16 br=16000
frame 3: send=0x0 get=0x0 len=8335 coding=1 startqp=0 meanqp=0 picbytes=0 pskip=0 nalus=1 n1:8335
  snapshot f003: 3 venc_ko blocks (pool0 0x73801000 len 0x10000)
src frame 4: srcf=4 off=20 br=16000
frame 4: send=0x0 get=0x0 len=8412 coding=1 startqp=0 meanqp=0 picbytes=0 pskip=0 nalus=1 n1:8412
  snapshot f004: 3 venc_ko blocks (pool0 0x73801000 len 0x10000)
src frame 5: srcf=5 off=24 br=16000
frame 5: send=0x0 get=0x0 len=6817 coding=1 startqp=0 meanqp=0 picbytes=0 pskip=0 nalus=1 n1:6817
  snapshot f005: 3 venc_ko blocks (pool0 0x73801000 len 0x10000)
src frame 6: srcf=6 off=28 br=16000
frame 6: send=0x0 get=0x0 len=6922 coding=1 startqp=0 meanqp=0 picbytes=0 pskip=0 nalus=1 n1:6922
  snapshot f006: 3 venc_ko blocks (pool0 0x73801000 len 0x10000)
src frame 7: srcf=7 off=32 br=16000
frame 7: send=0x0 get=0x0 len=6893 coding=1 startqp=0 meanqp=0 picbytes=0 pskip=0 nalus=1 n1:6893
  snapshot f007: 3 venc_ko blocks (pool0 0x73801000 len 0x10000)
src frame 8: srcf=8 off=36 br=16000
frame 8: send=0x0 get=0x0 len=6982 coding=1 startqp=0 meanqp=0 picbytes=0 pskip=0 nalus=1 n1:6982
  snapshot f008: 3 venc_ko blocks (pool0 0x73801000 len 0x10000)
src frame 9: srcf=9 off=40 br=16000
frame 9: send=0x0 get=0x0 len=7586 coding=1 startqp=0 meanqp=0 picbytes=0 pskip=0 nalus=1 n1:7586
  snapshot f009: 3 venc_ko blocks (pool0 0x73801000 len 0x10000)
src frame 10: srcf=10 off=44 br=16000
frame 10: send=0x0 get=0x0 len=7476 coding=1 startqp=0 meanqp=0 picbytes=0 pskip=0 nalus=1 n1:7476
  snapshot f010: 3 venc_ko blocks (pool0 0x73801000 len 0x10000)
src frame 11: srcf=11 off=48 br=16000
frame 11: send=0x0 get=0x0 len=7733 coding=1 startqp=0 meanqp=0 picbytes=0 pskip=0 nalus=1 n1:7733
  snapshot f011: 3 venc_ko blocks (pool0 0x73801000 len 0x10000)
src frame 12: srcf=12 off=52 br=16000
frame 12: send=0x0 get=0x0 len=9235 coding=1 startqp=0 meanqp=0 picbytes=0 pskip=0 nalus=1 n1:9235
  snapshot f012: 3 venc_ko blocks (pool0 0x73801000 len 0x10000)
src frame 13: srcf=13 off=56 br=16000
frame 13: send=0x0 get=0x0 len=9499 coding=1 startqp=0 meanqp=0 picbytes=0 pskip=0 nalus=1 n1:9499
  snapshot f013: 3 venc_ko blocks (pool0 0x73801000 len 0x10000)
src frame 14: srcf=14 off=60 br=16000
frame 14: send=0x0 get=0x0 len=10186 coding=1 startqp=0 meanqp=0 picbytes=0 pskip=0 nalus=1 n1:10186
  snapshot f014: 3 venc_ko blocks (pool0 0x73801000 len 0x10000)
src frame 15: srcf=15 off=64 br=16000
frame 15: send=0x0 get=0x0 len=5795 coding=1 startqp=0 meanqp=0 picbytes=0 pskip=0 nalus=1 n1:5795
  snapshot f015: 3 venc_ko blocks (pool0 0x73801000 len 0x10000)
src frame 16: srcf=16 off=68 br=16000
frame 16: send=0x0 get=0x0 len=4553 coding=1 startqp=0 meanqp=0 picbytes=0 pskip=0 nalus=1 n1:4553
  snapshot f016: 3 venc_ko blocks (pool0 0x73801000 len 0x10000)
src frame 17: srcf=17 off=72 br=16000
frame 17: send=0x0 get=0x0 len=3917 coding=1 startqp=0 meanqp=0 picbytes=0 pskip=0 nalus=1 n1:3917
  snapshot f017: 3 venc_ko blocks (pool0 0x73801000 len 0x10000)
src frame 18: srcf=18 off=76 br=16000
frame 18: send=0x0 get=0x0 len=2577 coding=1 startqp=0 meanqp=0 picbytes=0 pskip=0 nalus=1 n1:2577
  snapshot f018: 3 venc_ko blocks (pool0 0x73801000 len 0x10000)
src frame 19: srcf=19 off=80 br=16000
frame 19: send=0x0 get=0x0 len=2542 coding=1 startqp=0 meanqp=0 picbytes=0 pskip=0 nalus=1 n1:2542
  snapshot f019: 3 venc_ko blocks (pool0 0x73801000 len 0x10000)
src frame 20: srcf=20 off=84 br=16000
frame 20: send=0x0 get=0x0 len=2305 coding=1 startqp=0 meanqp=0 picbytes=0 pskip=0 nalus=1 n1:2305
  snapshot f020: 3 venc_ko blocks (pool0 0x73801000 len 0x10000)
src frame 21: srcf=21 off=88 br=16000
frame 21: send=0x0 get=0x0 len=2566 coding=1 startqp=0 meanqp=0 picbytes=0 pskip=0 nalus=1 n1:2566
  snapshot f021: 3 venc_ko blocks (pool0 0x73801000 len 0x10000)
src frame 22: srcf=22 off=92 br=16000
frame 22: send=0x0 get=0x0 len=4008 coding=1 startqp=0 meanqp=0 picbytes=0 pskip=0 nalus=1 n1:4008
  snapshot f022: 3 venc_ko blocks (pool0 0x73801000 len 0x10000)
src frame 23: srcf=23 off=96 br=16000
frame 23: send=0x0 get=0x0 len=5645 coding=1 startqp=0 meanqp=0 picbytes=0 pskip=0 nalus=1 n1:5645
  snapshot f023: 3 venc_ko blocks (pool0 0x73801000 len 0x10000)
src frame 24: srcf=24 off=100 br=16000
frame 24: send=0x0 get=0x0 len=6626 coding=1 startqp=0 meanqp=0 picbytes=0 pskip=0 nalus=1 n1:6626
  snapshot f024: 3 venc_ko blocks (pool0 0x73801000 len 0x10000)
src frame 25: srcf=25 off=104 br=16000
frame 25: send=0x0 get=0x0 len=3008 coding=1 startqp=0 meanqp=0 picbytes=0 pskip=0 nalus=1 n1:3008
  snapshot f025: 3 venc_ko blocks (pool0 0x73801000 len 0x10000)
src frame 26: srcf=26 off=108 br=16000
frame 26: send=0x0 get=0x0 len=2194 coding=1 startqp=0 meanqp=0 picbytes=0 pskip=0 nalus=1 n1:2194
  snapshot f026: 3 venc_ko blocks (pool0 0x73801000 len 0x10000)
src frame 27: srcf=27 off=112 br=16000
frame 27: send=0x0 get=0x0 len=1901 coding=1 startqp=0 meanqp=0 picbytes=0 pskip=0 nalus=1 n1:1901
  snapshot f027: 3 venc_ko blocks (pool0 0x73801000 len 0x10000)
src frame 28: srcf=28 off=116 br=16000
frame 28: send=0x0 get=0x0 len=1598 coding=1 startqp=0 meanqp=0 picbytes=0 pskip=0 nalus=1 n1:1598
  snapshot f028: 3 venc_ko blocks (pool0 0x73801000 len 0x10000)
src frame 29: srcf=29 off=120 br=16000
frame 29: send=0x0 get=0x0 len=1546 coding=1 startqp=0 meanqp=0 picbytes=0 pskip=0 nalus=1 n1:1546
  snapshot f029: 3 venc_ko blocks (pool0 0x73801000 len 0x10000)
src frame 30: srcf=28 off=124 br=16000
frame 30: send=0x0 get=0x0 len=34192 coding=0 startqp=0 meanqp=0 picbytes=0 pskip=0 nalus=3 n7:32 n8:8 n5:34152
  snapshot f030: 3 venc_ko blocks (pool0 0x73801000 len 0x10000)
src frame 31: srcf=27 off=128 br=16000
frame 31: send=0x0 get=0x0 len=9487 coding=1 startqp=0 meanqp=0 picbytes=0 pskip=0 nalus=1 n1:9487
  snapshot f031: 3 venc_ko blocks (pool0 0x73801000 len 0x10000)
src frame 32: srcf=26 off=132 br=16000
frame 32: send=0x0 get=0x0 len=7514 coding=1 startqp=0 meanqp=0 picbytes=0 pskip=0 nalus=1 n1:7514
  snapshot f032: 3 venc_ko blocks (pool0 0x73801000 len 0x10000)
src frame 33: srcf=25 off=136 br=16000
frame 33: send=0x0 get=0x0 len=8281 coding=1 startqp=0 meanqp=0 picbytes=0 pskip=0 nalus=1 n1:8281
  snapshot f033: 3 venc_ko blocks (pool0 0x73801000 len 0x10000)
src frame 34: srcf=24 off=140 br=16000
frame 34: send=0x0 get=0x0 len=7551 coding=1 startqp=0 meanqp=0 picbytes=0 pskip=0 nalus=1 n1:7551
  snapshot f034: 3 venc_ko blocks (pool0 0x73801000 len 0x10000)
src frame 35: srcf=23 off=144 br=16000
frame 35: send=0x0 get=0x0 len=7486 coding=1 startqp=0 meanqp=0 picbytes=0 pskip=0 nalus=1 n1:7486
  snapshot f035: 3 venc_ko blocks (pool0 0x73801000 len 0x10000)
src frame 36: srcf=22 off=148 br=16000
frame 36: send=0x0 get=0x0 len=6584 coding=1 startqp=0 meanqp=0 picbytes=0 pskip=0 nalus=1 n1:6584
  snapshot f036: 3 venc_ko blocks (pool0 0x73801000 len 0x10000)
src frame 37: srcf=21 off=152 br=16000
frame 37: send=0x0 get=0x0 len=7486 coding=1 startqp=0 meanqp=0 picbytes=0 pskip=0 nalus=1 n1:7486
  snapshot f037: 3 venc_ko blocks (pool0 0x73801000 len 0x10000)
src frame 38: srcf=20 off=156 br=16000
frame 38: send=0x0 get=0x0 len=7370 coding=1 startqp=0 meanqp=0 picbytes=0 pskip=0 nalus=1 n1:7370
  snapshot f038: 3 venc_ko blocks (pool0 0x73801000 len 0x10000)
src frame 39: srcf=19 off=160 br=16000
frame 39: send=0x0 get=0x0 len=7625 coding=1 startqp=0 meanqp=0 picbytes=0 pskip=0 nalus=1 n1:7625
  snapshot f039: 3 venc_ko blocks (pool0 0x73801000 len 0x10000)
src frame 40: srcf=18 off=164 br=16000
frame 40: send=0x0 get=0x0 len=7791 coding=1 startqp=0 meanqp=0 picbytes=0 pskip=0 nalus=1 n1:7791
  snapshot f040: 3 venc_ko blocks (pool0 0x73801000 len 0x10000)
src frame 41: srcf=17 off=168 br=16000
frame 41: send=0x0 get=0x0 len=9456 coding=1 startqp=0 meanqp=0 picbytes=0 pskip=0 nalus=1 n1:9456
  snapshot f041: 3 venc_ko blocks (pool0 0x73801000 len 0x10000)
src frame 42: srcf=16 off=172 br=16000
frame 42: send=0x0 get=0x0 len=10001 coding=1 startqp=0 meanqp=0 picbytes=0 pskip=0 nalus=1 n1:10001
  snapshot f042: 3 venc_ko blocks (pool0 0x73801000 len 0x10000)
src frame 43: srcf=15 off=176 br=16000
frame 43: send=0x0 get=0x0 len=11063 coding=1 startqp=0 meanqp=0 picbytes=0 pskip=0 nalus=1 n1:11063
  snapshot f043: 3 venc_ko blocks (pool0 0x73801000 len 0x10000)
src frame 44: srcf=14 off=180 br=16000
frame 44: send=0x0 get=0x0 len=9873 coding=1 startqp=0 meanqp=0 picbytes=0 pskip=0 nalus=1 n1:9873
  snapshot f044: 3 venc_ko blocks (pool0 0x73801000 len 0x10000)
src frame 45: srcf=13 off=184 br=16000
frame 45: send=0x0 get=0x0 len=5798 coding=1 startqp=0 meanqp=0 picbytes=0 pskip=0 nalus=1 n1:5798
  snapshot f045: 3 venc_ko blocks (pool0 0x73801000 len 0x10000)
src frame 46: srcf=12 off=188 br=16000
frame 46: send=0x0 get=0x0 len=4433 coding=1 startqp=0 meanqp=0 picbytes=0 pskip=0 nalus=1 n1:4433
  snapshot f046: 3 venc_ko blocks (pool0 0x73801000 len 0x10000)
src frame 47: srcf=11 off=192 br=16000
frame 47: send=0x0 get=0x0 len=3713 coding=1 startqp=0 meanqp=0 picbytes=0 pskip=0 nalus=1 n1:3713
  snapshot f047: 3 venc_ko blocks (pool0 0x73801000 len 0x10000)
src frame 48: srcf=10 off=196 br=16000
frame 48: send=0x0 get=0x0 len=2673 coding=1 startqp=0 meanqp=0 picbytes=0 pskip=0 nalus=1 n1:2673
  snapshot f048: 3 venc_ko blocks (pool0 0x73801000 len 0x10000)
src frame 49: srcf=9 off=200 br=16000
frame 49: send=0x0 get=0x0 len=2346 coding=1 startqp=0 meanqp=0 picbytes=0 pskip=0 nalus=1 n1:2346
  snapshot f049: 3 venc_ko blocks (pool0 0x73801000 len 0x10000)
src frame 50: srcf=8 off=204 br=16000
frame 50: send=0x0 get=0x0 len=2509 coding=1 startqp=0 meanqp=0 picbytes=0 pskip=0 nalus=1 n1:2509
  snapshot f050: 3 venc_ko blocks (pool0 0x73801000 len 0x10000)
src frame 51: srcf=7 off=208 br=16000
frame 51: send=0x0 get=0x0 len=2901 coding=1 startqp=0 meanqp=0 picbytes=0 pskip=0 nalus=1 n1:2901
  snapshot f051: 3 venc_ko blocks (pool0 0x73801000 len 0x10000)
src frame 52: srcf=6 off=212 br=16000
frame 52: send=0x0 get=0x0 len=2927 coding=1 startqp=0 meanqp=0 picbytes=0 pskip=0 nalus=1 n1:2927
  snapshot f052: 3 venc_ko blocks (pool0 0x73801000 len 0x10000)
src frame 53: srcf=5 off=216 br=16000
frame 53: send=0x0 get=0x0 len=3083 coding=1 startqp=0 meanqp=0 picbytes=0 pskip=0 nalus=1 n1:3083
  snapshot f053: 3 venc_ko blocks (pool0 0x73801000 len 0x10000)
src frame 54: srcf=4 off=220 br=16000
frame 54: send=0x0 get=0x0 len=2545 coding=1 startqp=0 meanqp=0 picbytes=0 pskip=0 nalus=1 n1:2545
  snapshot f054: 3 venc_ko blocks (pool0 0x73801000 len 0x10000)
src frame 55: srcf=3 off=224 br=16000
frame 55: send=0x0 get=0x0 len=1847 coding=1 startqp=0 meanqp=0 picbytes=0 pskip=0 nalus=1 n1:1847
  snapshot f055: 3 venc_ko blocks (pool0 0x73801000 len 0x10000)
src frame 56: srcf=2 off=228 br=16000
frame 56: send=0x0 get=0x0 len=1785 coding=1 startqp=0 meanqp=0 picbytes=0 pskip=0 nalus=1 n1:1785
  snapshot f056: 3 venc_ko blocks (pool0 0x73801000 len 0x10000)
src frame 57: srcf=1 off=232 br=16000
frame 57: send=0x0 get=0x0 len=1927 coding=1 startqp=0 meanqp=0 picbytes=0 pskip=0 nalus=1 n1:1927
  snapshot f057: 3 venc_ko blocks (pool0 0x73801000 len 0x10000)
src frame 58: srcf=0 off=236 br=16000
frame 58: send=0x0 get=0x0 len=1999 coding=1 startqp=0 meanqp=0 picbytes=0 pskip=0 nalus=1 n1:1999
  snapshot f058: 3 venc_ko blocks (pool0 0x73801000 len 0x10000)
src frame 59: srcf=1 off=240 br=16000
frame 59: send=0x0 get=0x0 len=1936 coding=1 startqp=0 meanqp=0 picbytes=0 pskip=0 nalus=1 n1:1936
  snapshot f059: 3 venc_ko blocks (pool0 0x73801000 len 0x10000)
src frame 60: srcf=2 off=244 br=16000
frame 60: send=0x0 get=0x0 len=38434 coding=0 startqp=0 meanqp=0 picbytes=0 pskip=0 nalus=3 n7:32 n8:8 n5:38394
  snapshot f060: 3 venc_ko blocks (pool0 0x73801000 len 0x10000)
src frame 61: srcf=3 off=248 br=16000
frame 61: send=0x0 get=0x0 len=10971 coding=1 startqp=0 meanqp=0 picbytes=0 pskip=0 nalus=1 n1:10971
  snapshot f061: 3 venc_ko blocks (pool0 0x73801000 len 0x10000)
src frame 62: srcf=4 off=252 br=16000
frame 62: send=0x0 get=0x0 len=7860 coding=1 startqp=0 meanqp=0 picbytes=0 pskip=0 nalus=1 n1:7860
  snapshot f062: 3 venc_ko blocks (pool0 0x73801000 len 0x10000)
src frame 63: srcf=5 off=256 br=16000
frame 63: send=0x0 get=0x0 len=7818 coding=1 startqp=0 meanqp=0 picbytes=0 pskip=0 nalus=1 n1:7818
  snapshot f063: 3 venc_ko blocks (pool0 0x73801000 len 0x10000)
src frame 64: srcf=6 off=260 br=16000
frame 64: send=0x0 get=0x0 len=7001 coding=1 startqp=0 meanqp=0 picbytes=0 pskip=0 nalus=1 n1:7001
  snapshot f064: 3 venc_ko blocks (pool0 0x73801000 len 0x10000)
src frame 65: srcf=7 off=264 br=16000
frame 65: send=0x0 get=0x0 len=7036 coding=1 startqp=0 meanqp=0 picbytes=0 pskip=0 nalus=1 n1:7036
  snapshot f065: 3 venc_ko blocks (pool0 0x73801000 len 0x10000)
src frame 66: srcf=8 off=268 br=16000
frame 66: send=0x0 get=0x0 len=7035 coding=1 startqp=0 meanqp=0 picbytes=0 pskip=0 nalus=1 n1:7035
  snapshot f066: 3 venc_ko blocks (pool0 0x73801000 len 0x10000)
src frame 67: srcf=9 off=272 br=16000
frame 67: send=0x0 get=0x0 len=7646 coding=1 startqp=0 meanqp=0 picbytes=0 pskip=0 nalus=1 n1:7646
  snapshot f067: 3 venc_ko blocks (pool0 0x73801000 len 0x10000)
src frame 68: srcf=10 off=276 br=16000
frame 68: send=0x0 get=0x0 len=7366 coding=1 startqp=0 meanqp=0 picbytes=0 pskip=0 nalus=1 n1:7366
  snapshot f068: 3 venc_ko blocks (pool0 0x73801000 len 0x10000)
src frame 69: srcf=11 off=280 br=16000
frame 69: send=0x0 get=0x0 len=8460 coding=1 startqp=0 meanqp=0 picbytes=0 pskip=0 nalus=1 n1:8460
  snapshot f069: 3 venc_ko blocks (pool0 0x73801000 len 0x10000)
src frame 70: srcf=12 off=284 br=16000
frame 70: send=0x0 get=0x0 len=8074 coding=1 startqp=0 meanqp=0 picbytes=0 pskip=0 nalus=1 n1:8074
  snapshot f070: 3 venc_ko blocks (pool0 0x73801000 len 0x10000)
src frame 71: srcf=13 off=288 br=16000
frame 71: send=0x0 get=0x0 len=9515 coding=1 startqp=0 meanqp=0 picbytes=0 pskip=0 nalus=1 n1:9515
  snapshot f071: 3 venc_ko blocks (pool0 0x73801000 len 0x10000)
src frame 72: srcf=14 off=292 br=16000
frame 72: send=0x0 get=0x0 len=9617 coding=1 startqp=0 meanqp=0 picbytes=0 pskip=0 nalus=1 n1:9617
  snapshot f072: 3 venc_ko blocks (pool0 0x73801000 len 0x10000)
src frame 73: srcf=15 off=296 br=16000
frame 73: send=0x0 get=0x0 len=6238 coding=1 startqp=0 meanqp=0 picbytes=0 pskip=0 nalus=1 n1:6238
  snapshot f073: 3 venc_ko blocks (pool0 0x73801000 len 0x10000)
src frame 74: srcf=16 off=300 br=16000
frame 74: send=0x0 get=0x0 len=4267 coding=1 startqp=0 meanqp=0 picbytes=0 pskip=0 nalus=1 n1:4267
  snapshot f074: 3 venc_ko blocks (pool0 0x73801000 len 0x10000)
src frame 75: srcf=17 off=304 br=16000
frame 75: send=0x0 get=0x0 len=3552 coding=1 startqp=0 meanqp=0 picbytes=0 pskip=0 nalus=1 n1:3552
  snapshot f075: 3 venc_ko blocks (pool0 0x73801000 len 0x10000)
src frame 76: srcf=18 off=308 br=16000
frame 76: send=0x0 get=0x0 len=2583 coding=1 startqp=0 meanqp=0 picbytes=0 pskip=0 nalus=1 n1:2583
  snapshot f076: 3 venc_ko blocks (pool0 0x73801000 len 0x10000)
src frame 77: srcf=19 off=312 br=16000
frame 77: send=0x0 get=0x0 len=2652 coding=1 startqp=0 meanqp=0 picbytes=0 pskip=0 nalus=1 n1:2652
  snapshot f077: 3 venc_ko blocks (pool0 0x73801000 len 0x10000)
src frame 78: srcf=20 off=316 br=16000
frame 78: send=0x0 get=0x0 len=2395 coding=1 startqp=0 meanqp=0 picbytes=0 pskip=0 nalus=1 n1:2395
  snapshot f078: 3 venc_ko blocks (pool0 0x73801000 len 0x10000)
src frame 79: srcf=21 off=320 br=16000
frame 79: send=0x0 get=0x0 len=3005 coding=1 startqp=0 meanqp=0 picbytes=0 pskip=0 nalus=1 n1:3005
  snapshot f079: 3 venc_ko blocks (pool0 0x73801000 len 0x10000)
src frame 80: srcf=22 off=324 br=16000
frame 80: send=0x0 get=0x0 len=3251 coding=1 startqp=0 meanqp=0 picbytes=0 pskip=0 nalus=1 n1:3251
  snapshot f080: 3 venc_ko blocks (pool0 0x73801000 len 0x10000)
src frame 81: srcf=23 off=328 br=16000
frame 81: send=0x0 get=0x0 len=4012 coding=1 startqp=0 meanqp=0 picbytes=0 pskip=0 nalus=1 n1:4012
  snapshot f081: 3 venc_ko blocks (pool0 0x73801000 len 0x10000)
src frame 82: srcf=24 off=332 br=16000
frame 82: send=0x0 get=0x0 len=3260 coding=1 startqp=0 meanqp=0 picbytes=0 pskip=0 nalus=1 n1:3260
  snapshot f082: 3 venc_ko blocks (pool0 0x73801000 len 0x10000)
src frame 83: srcf=25 off=336 br=16000
frame 83: send=0x0 get=0x0 len=2314 coding=1 startqp=0 meanqp=0 picbytes=0 pskip=0 nalus=1 n1:2314
  snapshot f083: 3 venc_ko blocks (pool0 0x73801000 len 0x10000)
src frame 84: srcf=26 off=340 br=16000
frame 84: send=0x0 get=0x0 len=1988 coding=1 startqp=0 meanqp=0 picbytes=0 pskip=0 nalus=1 n1:1988
  snapshot f084: 3 venc_ko blocks (pool0 0x73801000 len 0x10000)
src frame 85: srcf=27 off=344 br=16000
frame 85: send=0x0 get=0x0 len=1934 coding=1 startqp=0 meanqp=0 picbytes=0 pskip=0 nalus=1 n1:1934
  snapshot f085: 3 venc_ko blocks (pool0 0x73801000 len 0x10000)
src frame 86: srcf=28 off=348 br=16000
frame 86: send=0x0 get=0x0 len=1732 coding=1 startqp=0 meanqp=0 picbytes=0 pskip=0 nalus=1 n1:1732
  snapshot f086: 3 venc_ko blocks (pool0 0x73801000 len 0x10000)
src frame 87: srcf=29 off=352 br=16000
frame 87: send=0x0 get=0x0 len=2072 coding=1 startqp=0 meanqp=0 picbytes=0 pskip=0 nalus=1 n1:2072
  snapshot f087: 3 venc_ko blocks (pool0 0x73801000 len 0x10000)
src frame 88: srcf=28 off=356 br=16000
frame 88: send=0x0 get=0x0 len=2126 coding=1 startqp=0 meanqp=0 picbytes=0 pskip=0 nalus=1 n1:2126
  snapshot f088: 3 venc_ko blocks (pool0 0x73801000 len 0x10000)
src frame 89: srcf=27 off=360 br=16000
frame 89: send=0x0 get=0x0 len=2746 coding=1 startqp=0 meanqp=0 picbytes=0 pskip=0 nalus=1 n1:2746
  snapshot f089: 3 venc_ko blocks (pool0 0x73801000 len 0x10000)
src frame 90: srcf=26 off=364 br=16000
frame 90: send=0x0 get=0x0 len=42330 coding=0 startqp=0 meanqp=0 picbytes=0 pskip=0 nalus=3 n7:32 n8:8 n5:42290
  snapshot f090: 3 venc_ko blocks (pool0 0x73801000 len 0x10000)
src frame 91: srcf=25 off=368 br=16000
frame 91: send=0x0 get=0x0 len=11082 coding=1 startqp=0 meanqp=0 picbytes=0 pskip=0 nalus=1 n1:11082
  snapshot f091: 3 venc_ko blocks (pool0 0x73801000 len 0x10000)
src frame 92: srcf=24 off=372 br=16000
frame 92: send=0x0 get=0x0 len=7920 coding=1 startqp=0 meanqp=0 picbytes=0 pskip=0 nalus=1 n1:7920
  snapshot f092: 3 venc_ko blocks (pool0 0x73801000 len 0x10000)
src frame 93: srcf=23 off=376 br=16000
frame 93: send=0x0 get=0x0 len=7890 coding=1 startqp=0 meanqp=0 picbytes=0 pskip=0 nalus=1 n1:7890
  snapshot f093: 3 venc_ko blocks (pool0 0x73801000 len 0x10000)
src frame 94: srcf=22 off=380 br=16000
frame 94: send=0x0 get=0x0 len=7054 coding=1 startqp=0 meanqp=0 picbytes=0 pskip=0 nalus=1 n1:7054
  snapshot f094: 3 venc_ko blocks (pool0 0x73801000 len 0x10000)
src frame 95: srcf=21 off=384 br=16000
frame 95: send=0x0 get=0x0 len=7184 coding=1 startqp=0 meanqp=0 picbytes=0 pskip=0 nalus=1 n1:7184
  snapshot f095: 3 venc_ko blocks (pool0 0x73801000 len 0x10000)
src frame 96: srcf=20 off=388 br=16000
frame 96: send=0x0 get=0x0 len=7198 coding=1 startqp=0 meanqp=0 picbytes=0 pskip=0 nalus=1 n1:7198
  snapshot f096: 3 venc_ko blocks (pool0 0x73801000 len 0x10000)
src frame 97: srcf=19 off=392 br=16000
frame 97: send=0x0 get=0x0 len=7771 coding=1 startqp=0 meanqp=0 picbytes=0 pskip=0 nalus=1 n1:7771
  snapshot f097: 3 venc_ko blocks (pool0 0x73801000 len 0x10000)
src frame 98: srcf=18 off=396 br=16000
frame 98: send=0x0 get=0x0 len=7338 coding=1 startqp=0 meanqp=0 picbytes=0 pskip=0 nalus=1 n1:7338
  snapshot f098: 3 venc_ko blocks (pool0 0x73801000 len 0x10000)
src frame 99: srcf=17 off=400 br=16000
frame 99: send=0x0 get=0x0 len=9004 coding=1 startqp=0 meanqp=0 picbytes=0 pskip=0 nalus=1 n1:9004
  snapshot f099: 3 venc_ko blocks (pool0 0x73801000 len 0x10000)
src frame 100: srcf=16 off=404 br=16000
frame 100: send=0x0 get=0x0 len=9173 coding=1 startqp=0 meanqp=0 picbytes=0 pskip=0 nalus=1 n1:9173
  snapshot f100: 3 venc_ko blocks (pool0 0x73801000 len 0x10000)
src frame 101: srcf=15 off=408 br=16000
frame 101: send=0x0 get=0x0 len=6326 coding=1 startqp=0 meanqp=0 picbytes=0 pskip=0 nalus=1 n1:6326
  snapshot f101: 3 venc_ko blocks (pool0 0x73801000 len 0x10000)
src frame 102: srcf=14 off=412 br=16000
frame 102: send=0x0 get=0x0 len=5368 coding=1 startqp=0 meanqp=0 picbytes=0 pskip=0 nalus=1 n1:5368
  snapshot f102: 3 venc_ko blocks (pool0 0x73801000 len 0x10000)
src frame 103: srcf=13 off=416 br=16000
frame 103: send=0x0 get=0x0 len=4829 coding=1 startqp=0 meanqp=0 picbytes=0 pskip=0 nalus=1 n1:4829
  snapshot f103: 3 venc_ko blocks (pool0 0x73801000 len 0x10000)
src frame 104: srcf=12 off=420 br=16000
frame 104: send=0x0 get=0x0 len=2684 coding=1 startqp=0 meanqp=0 picbytes=0 pskip=0 nalus=1 n1:2684
  snapshot f104: 3 venc_ko blocks (pool0 0x73801000 len 0x10000)
src frame 105: srcf=11 off=424 br=16000
frame 105: send=0x0 get=0x0 len=2160 coding=1 startqp=0 meanqp=0 picbytes=0 pskip=0 nalus=1 n1:2160
  snapshot f105: 3 venc_ko blocks (pool0 0x73801000 len 0x10000)
src frame 106: srcf=10 off=428 br=16000
frame 106: send=0x0 get=0x0 len=2168 coding=1 startqp=0 meanqp=0 picbytes=0 pskip=0 nalus=1 n1:2168
  snapshot f106: 3 venc_ko blocks (pool0 0x73801000 len 0x10000)
src frame 107: srcf=9 off=432 br=16000
frame 107: send=0x0 get=0x0 len=2436 coding=1 startqp=0 meanqp=0 picbytes=0 pskip=0 nalus=1 n1:2436
  snapshot f107: 3 venc_ko blocks (pool0 0x73801000 len 0x10000)
src frame 108: srcf=8 off=436 br=16000
frame 108: send=0x0 get=0x0 len=2426 coding=1 startqp=0 meanqp=0 picbytes=0 pskip=0 nalus=1 n1:2426
  snapshot f108: 3 venc_ko blocks (pool0 0x73801000 len 0x10000)
src frame 109: srcf=7 off=440 br=16000
frame 109: send=0x0 get=0x0 len=2506 coding=1 startqp=0 meanqp=0 picbytes=0 pskip=0 nalus=1 n1:2506
  snapshot f109: 3 venc_ko blocks (pool0 0x73801000 len 0x10000)
src frame 110: srcf=6 off=444 br=16000
frame 110: send=0x0 get=0x0 len=2748 coding=1 startqp=0 meanqp=0 picbytes=0 pskip=0 nalus=1 n1:2748
  snapshot f110: 3 venc_ko blocks (pool0 0x73801000 len 0x10000)
src frame 111: srcf=5 off=448 br=16000
frame 111: send=0x0 get=0x0 len=3355 coding=1 startqp=0 meanqp=0 picbytes=0 pskip=0 nalus=1 n1:3355
  snapshot f111: 3 venc_ko blocks (pool0 0x73801000 len 0x10000)
src frame 112: srcf=4 off=452 br=16000
frame 112: send=0x0 get=0x0 len=3158 coding=1 startqp=0 meanqp=0 picbytes=0 pskip=0 nalus=1 n1:3158
  snapshot f112: 3 venc_ko blocks (pool0 0x73801000 len 0x10000)
src frame 113: srcf=3 off=456 br=16000
frame 113: send=0x0 get=0x0 len=3642 coding=1 startqp=0 meanqp=0 picbytes=0 pskip=0 nalus=1 n1:3642
  snapshot f113: 3 venc_ko blocks (pool0 0x73801000 len 0x10000)
src frame 114: srcf=2 off=460 br=16000
frame 114: send=0x0 get=0x0 len=1753 coding=1 startqp=0 meanqp=0 picbytes=0 pskip=0 nalus=1 n1:1753
  snapshot f114: 3 venc_ko blocks (pool0 0x73801000 len 0x10000)
src frame 115: srcf=1 off=464 br=16000
frame 115: send=0x0 get=0x0 len=1827 coding=1 startqp=0 meanqp=0 picbytes=0 pskip=0 nalus=1 n1:1827
  snapshot f115: 3 venc_ko blocks (pool0 0x73801000 len 0x10000)
src frame 116: srcf=0 off=468 br=16000
frame 116: send=0x0 get=0x0 len=1739 coding=1 startqp=0 meanqp=0 picbytes=0 pskip=0 nalus=1 n1:1739
  snapshot f116: 3 venc_ko blocks (pool0 0x73801000 len 0x10000)
src frame 117: srcf=1 off=472 br=16000
frame 117: send=0x0 get=0x0 len=2069 coding=1 startqp=0 meanqp=0 picbytes=0 pskip=0 nalus=1 n1:2069
  snapshot f117: 3 venc_ko blocks (pool0 0x73801000 len 0x10000)
src frame 118: srcf=2 off=476 br=16000
frame 118: send=0x0 get=0x0 len=2368 coding=1 startqp=0 meanqp=0 picbytes=0 pskip=0 nalus=1 n1:2368
  snapshot f118: 3 venc_ko blocks (pool0 0x73801000 len 0x10000)
src frame 119: srcf=3 off=480 br=16000
frame 119: send=0x0 get=0x0 len=2677 coding=1 startqp=0 meanqp=0 picbytes=0 pskip=0 nalus=1 n1:2677
  snapshot f119: 3 venc_ko blocks (pool0 0x73801000 len 0x10000)
src frame 120: srcf=4 off=484 br=16000
frame 120: send=0x0 get=0x0 len=46714 coding=0 startqp=0 meanqp=0 picbytes=0 pskip=0 nalus=3 n7:32 n8:8 n5:46674
  snapshot f120: 3 venc_ko blocks (pool0 0x73801000 len 0x10000)
src frame 121: srcf=5 off=488 br=16000
frame 121: send=0x0 get=0x0 len=12597 coding=1 startqp=0 meanqp=0 picbytes=0 pskip=0 nalus=1 n1:12597
  snapshot f121: 3 venc_ko blocks (pool0 0x73801000 len 0x10000)
src frame 122: srcf=6 off=492 br=16000
frame 122: send=0x0 get=0x0 len=8739 coding=1 startqp=0 meanqp=0 picbytes=0 pskip=0 nalus=1 n1:8739
  snapshot f122: 3 venc_ko blocks (pool0 0x73801000 len 0x10000)
src frame 123: srcf=7 off=496 br=16000
frame 123: send=0x0 get=0x0 len=7804 coding=1 startqp=0 meanqp=0 picbytes=0 pskip=0 nalus=1 n1:7804
  snapshot f123: 3 venc_ko blocks (pool0 0x73801000 len 0x10000)
src frame 124: srcf=8 off=500 br=16000
frame 124: send=0x0 get=0x0 len=7910 coding=1 startqp=0 meanqp=0 picbytes=0 pskip=0 nalus=1 n1:7910
  snapshot f124: 3 venc_ko blocks (pool0 0x73801000 len 0x10000)
src frame 125: srcf=9 off=504 br=16000
frame 125: send=0x0 get=0x0 len=7857 coding=1 startqp=0 meanqp=0 picbytes=0 pskip=0 nalus=1 n1:7857
  snapshot f125: 3 venc_ko blocks (pool0 0x73801000 len 0x10000)
src frame 126: srcf=10 off=508 br=16000
frame 126: send=0x0 get=0x0 len=7325 coding=1 startqp=0 meanqp=0 picbytes=0 pskip=0 nalus=1 n1:7325
  snapshot f126: 3 venc_ko blocks (pool0 0x73801000 len 0x10000)
src frame 127: srcf=11 off=512 br=16000
frame 127: send=0x0 get=0x0 len=8790 coding=1 startqp=0 meanqp=0 picbytes=0 pskip=0 nalus=1 n1:8790
  snapshot f127: 3 venc_ko blocks (pool0 0x73801000 len 0x10000)
src frame 128: srcf=12 off=516 br=16000
frame 128: send=0x0 get=0x0 len=8993 coding=1 startqp=0 meanqp=0 picbytes=0 pskip=0 nalus=1 n1:8993
  snapshot f128: 3 venc_ko blocks (pool0 0x73801000 len 0x10000)
src frame 129: srcf=13 off=520 br=16000
frame 129: send=0x0 get=0x0 len=5893 coding=1 startqp=0 meanqp=0 picbytes=0 pskip=0 nalus=1 n1:5893
  snapshot f129: 3 venc_ko blocks (pool0 0x73801000 len 0x10000)
src frame 130: srcf=14 off=524 br=16000
frame 130: send=0x0 get=0x0 len=4260 coding=1 startqp=0 meanqp=0 picbytes=0 pskip=0 nalus=1 n1:4260
  snapshot f130: 3 venc_ko blocks (pool0 0x73801000 len 0x10000)
src frame 131: srcf=15 off=528 br=16000
frame 131: send=0x0 get=0x0 len=3312 coding=1 startqp=0 meanqp=0 picbytes=0 pskip=0 nalus=1 n1:3312
  snapshot f131: 3 venc_ko blocks (pool0 0x73801000 len 0x10000)
src frame 132: srcf=16 off=532 br=16000
frame 132: send=0x0 get=0x0 len=2534 coding=1 startqp=0 meanqp=0 picbytes=0 pskip=0 nalus=1 n1:2534
  snapshot f132: 3 venc_ko blocks (pool0 0x73801000 len 0x10000)
src frame 133: srcf=17 off=536 br=16000
frame 133: send=0x0 get=0x0 len=2682 coding=1 startqp=0 meanqp=0 picbytes=0 pskip=0 nalus=1 n1:2682
  snapshot f133: 3 venc_ko blocks (pool0 0x73801000 len 0x10000)
src frame 134: srcf=18 off=540 br=16000
frame 134: send=0x0 get=0x0 len=3667 coding=1 startqp=0 meanqp=0 picbytes=0 pskip=0 nalus=1 n1:3667
  snapshot f134: 3 venc_ko blocks (pool0 0x73801000 len 0x10000)
src frame 135: srcf=19 off=544 br=16000
frame 135: send=0x0 get=0x0 len=4175 coding=1 startqp=0 meanqp=0 picbytes=0 pskip=0 nalus=1 n1:4175
  snapshot f135: 3 venc_ko blocks (pool0 0x73801000 len 0x10000)
src frame 136: srcf=20 off=548 br=16000
frame 136: send=0x0 get=0x0 len=3629 coding=1 startqp=0 meanqp=0 picbytes=0 pskip=0 nalus=1 n1:3629
  snapshot f136: 3 venc_ko blocks (pool0 0x73801000 len 0x10000)
src frame 137: srcf=21 off=552 br=16000
frame 137: send=0x0 get=0x0 len=2527 coding=1 startqp=0 meanqp=0 picbytes=0 pskip=0 nalus=1 n1:2527
  snapshot f137: 3 venc_ko blocks (pool0 0x73801000 len 0x10000)
src frame 138: srcf=22 off=556 br=16000
frame 138: send=0x0 get=0x0 len=2130 coding=1 startqp=0 meanqp=0 picbytes=0 pskip=0 nalus=1 n1:2130
  snapshot f138: 3 venc_ko blocks (pool0 0x73801000 len 0x10000)
src frame 139: srcf=23 off=560 br=16000
frame 139: send=0x0 get=0x0 len=1903 coding=1 startqp=0 meanqp=0 picbytes=0 pskip=0 nalus=1 n1:1903
  snapshot f139: 3 venc_ko blocks (pool0 0x73801000 len 0x10000)
src frame 140: srcf=24 off=564 br=16000
frame 140: send=0x0 get=0x0 len=1709 coding=1 startqp=0 meanqp=0 picbytes=0 pskip=0 nalus=1 n1:1709
  snapshot f140: 3 venc_ko blocks (pool0 0x73801000 len 0x10000)
src frame 141: srcf=25 off=568 br=16000
frame 141: send=0x0 get=0x0 len=1653 coding=1 startqp=0 meanqp=0 picbytes=0 pskip=0 nalus=1 n1:1653
  snapshot f141: 3 venc_ko blocks (pool0 0x73801000 len 0x10000)
src frame 142: srcf=26 off=572 br=16000
frame 142: send=0x0 get=0x0 len=1774 coding=1 startqp=0 meanqp=0 picbytes=0 pskip=0 nalus=1 n1:1774
  snapshot f142: 3 venc_ko blocks (pool0 0x73801000 len 0x10000)
src frame 143: srcf=27 off=576 br=16000
frame 143: send=0x0 get=0x0 len=2348 coding=1 startqp=0 meanqp=0 picbytes=0 pskip=0 nalus=1 n1:2348
  snapshot f143: 3 venc_ko blocks (pool0 0x73801000 len 0x10000)
src frame 144: srcf=28 off=580 br=16000
frame 144: send=0x0 get=0x0 len=2841 coding=1 startqp=0 meanqp=0 picbytes=0 pskip=0 nalus=1 n1:2841
  snapshot f144: 3 venc_ko blocks (pool0 0x73801000 len 0x10000)
src frame 145: srcf=29 off=584 br=16000
frame 145: send=0x0 get=0x0 len=2807 coding=1 startqp=0 meanqp=0 picbytes=0 pskip=0 nalus=1 n1:2807
  snapshot f145: 3 venc_ko blocks (pool0 0x73801000 len 0x10000)
src frame 146: srcf=28 off=588 br=16000
frame 146: send=0x0 get=0x0 len=2408 coding=1 startqp=0 meanqp=0 picbytes=0 pskip=0 nalus=1 n1:2408
  snapshot f146: 3 venc_ko blocks (pool0 0x73801000 len 0x10000)
src frame 147: srcf=27 off=592 br=16000
frame 147: send=0x0 get=0x0 len=2500 coding=1 startqp=0 meanqp=0 picbytes=0 pskip=0 nalus=1 n1:2500
  snapshot f147: 3 venc_ko blocks (pool0 0x73801000 len 0x10000)
src frame 148: srcf=26 off=596 br=16000
frame 148: send=0x0 get=0x0 len=2356 coding=1 startqp=0 meanqp=0 picbytes=0 pskip=0 nalus=1 n1:2356
  snapshot f148: 3 venc_ko blocks (pool0 0x73801000 len 0x10000)
src frame 149: srcf=25 off=600 br=16000
frame 149: send=0x0 get=0x0 len=1777 coding=1 startqp=0 meanqp=0 picbytes=0 pskip=0 nalus=1 n1:1777
  snapshot f149: 3 venc_ko blocks (pool0 0x73801000 len 0x10000)
src frame 150: srcf=24 off=604 br=16000
frame 150: send=0x0 get=0x0 len=50918 coding=0 startqp=0 meanqp=0 picbytes=0 pskip=0 nalus=3 n7:32 n8:8 n5:50878
  snapshot f150: 3 venc_ko blocks (pool0 0x73801000 len 0x10000)
src frame 151: srcf=23 off=608 br=16000
frame 151: send=0x0 get=0x0 len=12423 coding=1 startqp=0 meanqp=0 picbytes=0 pskip=0 nalus=1 n1:12423
  snapshot f151: 3 venc_ko blocks (pool0 0x73801000 len 0x10000)
src frame 152: srcf=22 off=612 br=16000
frame 152: send=0x0 get=0x0 len=9951 coding=1 startqp=0 meanqp=0 picbytes=0 pskip=0 nalus=1 n1:9951
  snapshot f152: 3 venc_ko blocks (pool0 0x73801000 len 0x10000)
src frame 153: srcf=21 off=616 br=16000
frame 153: send=0x0 get=0x0 len=10254 coding=1 startqp=0 meanqp=0 picbytes=0 pskip=0 nalus=1 n1:10254
  snapshot f153: 3 venc_ko blocks (pool0 0x73801000 len 0x10000)
src frame 154: srcf=20 off=620 br=16000
frame 154: send=0x0 get=0x0 len=8472 coding=1 startqp=0 meanqp=0 picbytes=0 pskip=0 nalus=1 n1:8472
  snapshot f154: 3 venc_ko blocks (pool0 0x73801000 len 0x10000)
src frame 155: srcf=19 off=624 br=16000
frame 155: send=0x0 get=0x0 len=8527 coding=1 startqp=0 meanqp=0 picbytes=0 pskip=0 nalus=1 n1:8527
  snapshot f155: 3 venc_ko blocks (pool0 0x73801000 len 0x10000)
src frame 156: srcf=18 off=628 br=16000
frame 156: send=0x0 get=0x0 len=9207 coding=1 startqp=0 meanqp=0 picbytes=0 pskip=0 nalus=1 n1:9207
  snapshot f156: 3 venc_ko blocks (pool0 0x73801000 len 0x10000)
src frame 157: srcf=17 off=632 br=16000
frame 157: send=0x0 get=0x0 len=6253 coding=1 startqp=0 meanqp=0 picbytes=0 pskip=0 nalus=1 n1:6253
  snapshot f157: 3 venc_ko blocks (pool0 0x73801000 len 0x10000)
src frame 158: srcf=16 off=636 br=16000
frame 158: send=0x0 get=0x0 len=4315 coding=1 startqp=0 meanqp=0 picbytes=0 pskip=0 nalus=1 n1:4315
  snapshot f158: 3 venc_ko blocks (pool0 0x73801000 len 0x10000)
src frame 159: srcf=15 off=640 br=16000
frame 159: send=0x0 get=0x0 len=3165 coding=1 startqp=0 meanqp=0 picbytes=0 pskip=0 nalus=1 n1:3165
  snapshot f159: 3 venc_ko blocks (pool0 0x73801000 len 0x10000)
src frame 160: srcf=14 off=644 br=16000
frame 160: send=0x0 get=0x0 len=2154 coding=1 startqp=0 meanqp=0 picbytes=0 pskip=0 nalus=1 n1:2154
  snapshot f160: 3 venc_ko blocks (pool0 0x73801000 len 0x10000)
src frame 161: srcf=13 off=648 br=16000
frame 161: send=0x0 get=0x0 len=2082 coding=1 startqp=0 meanqp=0 picbytes=0 pskip=0 nalus=1 n1:2082
  snapshot f161: 3 venc_ko blocks (pool0 0x73801000 len 0x10000)
src frame 162: srcf=12 off=652 br=16000
frame 162: send=0x0 get=0x0 len=1802 coding=1 startqp=0 meanqp=0 picbytes=0 pskip=0 nalus=1 n1:1802
  snapshot f162: 3 venc_ko blocks (pool0 0x73801000 len 0x10000)
src frame 163: srcf=11 off=656 br=16000
frame 163: send=0x0 get=0x0 len=1763 coding=1 startqp=0 meanqp=0 picbytes=0 pskip=0 nalus=1 n1:1763
  snapshot f163: 3 venc_ko blocks (pool0 0x73801000 len 0x10000)
src frame 164: srcf=10 off=660 br=16000
frame 164: send=0x0 get=0x0 len=1602 coding=1 startqp=0 meanqp=0 picbytes=0 pskip=0 nalus=1 n1:1602
  snapshot f164: 3 venc_ko blocks (pool0 0x73801000 len 0x10000)
src frame 165: srcf=9 off=664 br=16000
frame 165: send=0x0 get=0x0 len=2073 coding=1 startqp=0 meanqp=0 picbytes=0 pskip=0 nalus=1 n1:2073
  snapshot f165: 3 venc_ko blocks (pool0 0x73801000 len 0x10000)
src frame 166: srcf=8 off=668 br=16000
frame 166: send=0x0 get=0x0 len=2363 coding=1 startqp=0 meanqp=0 picbytes=0 pskip=0 nalus=1 n1:2363
  snapshot f166: 3 venc_ko blocks (pool0 0x73801000 len 0x10000)
src frame 167: srcf=7 off=672 br=16000
frame 167: send=0x0 get=0x0 len=2479 coding=1 startqp=0 meanqp=0 picbytes=0 pskip=0 nalus=1 n1:2479
  snapshot f167: 3 venc_ko blocks (pool0 0x73801000 len 0x10000)
src frame 168: srcf=6 off=676 br=16000
frame 168: send=0x0 get=0x0 len=1731 coding=1 startqp=0 meanqp=0 picbytes=0 pskip=0 nalus=1 n1:1731
  snapshot f168: 3 venc_ko blocks (pool0 0x73801000 len 0x10000)
src frame 169: srcf=5 off=680 br=16000
frame 169: send=0x0 get=0x0 len=1616 coding=1 startqp=0 meanqp=0 picbytes=0 pskip=0 nalus=1 n1:1616
  snapshot f169: 3 venc_ko blocks (pool0 0x73801000 len 0x10000)
src frame 170: srcf=4 off=684 br=16000
frame 170: send=0x0 get=0x0 len=1476 coding=1 startqp=0 meanqp=0 picbytes=0 pskip=0 nalus=1 n1:1476
  snapshot f170: 3 venc_ko blocks (pool0 0x73801000 len 0x10000)
src frame 171: srcf=3 off=688 br=16000
frame 171: send=0x0 get=0x0 len=1520 coding=1 startqp=0 meanqp=0 picbytes=0 pskip=0 nalus=1 n1:1520
  snapshot f171: 3 venc_ko blocks (pool0 0x73801000 len 0x10000)
src frame 172: srcf=2 off=692 br=16000
frame 172: send=0x0 get=0x0 len=1444 coding=1 startqp=0 meanqp=0 picbytes=0 pskip=0 nalus=1 n1:1444
  snapshot f172: 3 venc_ko blocks (pool0 0x73801000 len 0x10000)
src frame 173: srcf=1 off=696 br=16000
frame 173: send=0x0 get=0x0 len=1737 coding=1 startqp=0 meanqp=0 picbytes=0 pskip=0 nalus=1 n1:1737
  snapshot f173: 3 venc_ko blocks (pool0 0x73801000 len 0x10000)
src frame 174: srcf=0 off=700 br=16000
frame 174: send=0x0 get=0x0 len=1904 coding=1 startqp=0 meanqp=0 picbytes=0 pskip=0 nalus=1 n1:1904
  snapshot f174: 3 venc_ko blocks (pool0 0x73801000 len 0x10000)
src frame 175: srcf=1 off=704 br=16000
frame 175: send=0x0 get=0x0 len=2127 coding=1 startqp=0 meanqp=0 picbytes=0 pskip=0 nalus=1 n1:2127
  snapshot f175: 3 venc_ko blocks (pool0 0x73801000 len 0x10000)
src frame 176: srcf=2 off=708 br=16000
frame 176: send=0x0 get=0x0 len=2096 coding=1 startqp=0 meanqp=0 picbytes=0 pskip=0 nalus=1 n1:2096
  snapshot f176: 3 venc_ko blocks (pool0 0x73801000 len 0x10000)
src frame 177: srcf=3 off=712 br=16000
frame 177: send=0x0 get=0x0 len=1738 coding=1 startqp=0 meanqp=0 picbytes=0 pskip=0 nalus=1 n1:1738
  snapshot f177: 3 venc_ko blocks (pool0 0x73801000 len 0x10000)
src frame 178: srcf=4 off=716 br=16000
frame 178: send=0x0 get=0x0 len=1545 coding=1 startqp=0 meanqp=0 picbytes=0 pskip=0 nalus=1 n1:1545
  snapshot f178: 3 venc_ko blocks (pool0 0x73801000 len 0x10000)
src frame 179: srcf=5 off=720 br=16000
frame 179: send=0x0 get=0x0 len=1530 coding=1 startqp=0 meanqp=0 picbytes=0 pskip=0 nalus=1 n1:1530
  snapshot f179: 3 venc_ko blocks (pool0 0x73801000 len 0x10000)
src frame 180: srcf=6 off=724 br=16000
frame 180: send=0x0 get=0x0 len=56272 coding=0 startqp=0 meanqp=0 picbytes=0 pskip=0 nalus=3 n7:32 n8:8 n5:56232
  snapshot f180: 3 venc_ko blocks (pool0 0x73801000 len 0x10000)
src frame 181: srcf=7 off=728 br=16000
frame 181: send=0x0 get=0x0 len=13037 coding=1 startqp=0 meanqp=0 picbytes=0 pskip=0 nalus=1 n1:13037
  snapshot f181: 3 venc_ko blocks (pool0 0x73801000 len 0x10000)
src frame 182: srcf=8 off=732 br=16000
frame 182: send=0x0 get=0x0 len=8773 coding=1 startqp=0 meanqp=0 picbytes=0 pskip=0 nalus=1 n1:8773
  snapshot f182: 3 venc_ko blocks (pool0 0x73801000 len 0x10000)
src frame 183: srcf=9 off=736 br=16000
frame 183: send=0x0 get=0x0 len=8978 coding=1 startqp=0 meanqp=0 picbytes=0 pskip=0 nalus=1 n1:8978
  snapshot f183: 3 venc_ko blocks (pool0 0x73801000 len 0x10000)
src frame 184: srcf=10 off=740 br=16000
frame 184: send=0x0 get=0x0 len=9669 coding=1 startqp=0 meanqp=0 picbytes=0 pskip=0 nalus=1 n1:9669
  snapshot f184: 3 venc_ko blocks (pool0 0x73801000 len 0x10000)
src frame 185: srcf=11 off=744 br=16000
frame 185: send=0x0 get=0x0 len=6230 coding=1 startqp=0 meanqp=0 picbytes=0 pskip=0 nalus=1 n1:6230
  snapshot f185: 3 venc_ko blocks (pool0 0x73801000 len 0x10000)
src frame 186: srcf=12 off=748 br=16000
frame 186: send=0x0 get=0x0 len=4802 coding=1 startqp=0 meanqp=0 picbytes=0 pskip=0 nalus=1 n1:4802
  snapshot f186: 3 venc_ko blocks (pool0 0x73801000 len 0x10000)
src frame 187: srcf=13 off=752 br=16000
frame 187: send=0x0 get=0x0 len=3504 coding=1 startqp=0 meanqp=0 picbytes=0 pskip=0 nalus=1 n1:3504
  snapshot f187: 3 venc_ko blocks (pool0 0x73801000 len 0x10000)
src frame 188: srcf=14 off=756 br=16000
frame 188: send=0x0 get=0x0 len=2251 coding=1 startqp=0 meanqp=0 picbytes=0 pskip=0 nalus=1 n1:2251
  snapshot f188: 3 venc_ko blocks (pool0 0x73801000 len 0x10000)
src frame 189: srcf=15 off=760 br=16000
frame 189: send=0x0 get=0x0 len=2042 coding=1 startqp=0 meanqp=0 picbytes=0 pskip=0 nalus=1 n1:2042
  snapshot f189: 3 venc_ko blocks (pool0 0x73801000 len 0x10000)
src frame 190: srcf=16 off=764 br=16000
frame 190: send=0x0 get=0x0 len=1800 coding=1 startqp=0 meanqp=0 picbytes=0 pskip=0 nalus=1 n1:1800
  snapshot f190: 3 venc_ko blocks (pool0 0x73801000 len 0x10000)
src frame 191: srcf=17 off=768 br=16000
frame 191: send=0x0 get=0x0 len=1759 coding=1 startqp=0 meanqp=0 picbytes=0 pskip=0 nalus=1 n1:1759
  snapshot f191: 3 venc_ko blocks (pool0 0x73801000 len 0x10000)
src frame 192: srcf=18 off=772 br=16000
frame 192: send=0x0 get=0x0 len=1681 coding=1 startqp=0 meanqp=0 picbytes=0 pskip=0 nalus=1 n1:1681
  snapshot f192: 3 venc_ko blocks (pool0 0x73801000 len 0x10000)
src frame 193: srcf=19 off=776 br=16000
frame 193: send=0x0 get=0x0 len=2027 coding=1 startqp=0 meanqp=0 picbytes=0 pskip=0 nalus=1 n1:2027
  snapshot f193: 3 venc_ko blocks (pool0 0x73801000 len 0x10000)
src frame 194: srcf=20 off=780 br=16000
frame 194: send=0x0 get=0x0 len=2282 coding=1 startqp=0 meanqp=0 picbytes=0 pskip=0 nalus=1 n1:2282
  snapshot f194: 3 venc_ko blocks (pool0 0x73801000 len 0x10000)
src frame 195: srcf=21 off=784 br=16000
frame 195: send=0x0 get=0x0 len=2301 coding=1 startqp=0 meanqp=0 picbytes=0 pskip=0 nalus=1 n1:2301
  snapshot f195: 3 venc_ko blocks (pool0 0x73801000 len 0x10000)
src frame 196: srcf=22 off=788 br=16000
frame 196: send=0x0 get=0x0 len=1522 coding=1 startqp=0 meanqp=0 picbytes=0 pskip=0 nalus=1 n1:1522
  snapshot f196: 3 venc_ko blocks (pool0 0x73801000 len 0x10000)
src frame 197: srcf=23 off=792 br=16000
frame 197: send=0x0 get=0x0 len=1516 coding=1 startqp=0 meanqp=0 picbytes=0 pskip=0 nalus=1 n1:1516
  snapshot f197: 3 venc_ko blocks (pool0 0x73801000 len 0x10000)
src frame 198: srcf=24 off=796 br=16000
frame 198: send=0x0 get=0x0 len=1474 coding=1 startqp=0 meanqp=0 picbytes=0 pskip=0 nalus=1 n1:1474
  snapshot f198: 3 venc_ko blocks (pool0 0x73801000 len 0x10000)
src frame 199: srcf=25 off=800 br=16000
frame 199: send=0x0 get=0x0 len=1509 coding=1 startqp=0 meanqp=0 picbytes=0 pskip=0 nalus=1 n1:1509
  snapshot f199: 3 venc_ko blocks (pool0 0x73801000 len 0x10000)
src frame 200: srcf=26 off=804 br=16000
frame 200: send=0x0 get=0x0 len=1415 coding=1 startqp=0 meanqp=0 picbytes=0 pskip=0 nalus=1 n1:1415
  snapshot f200: 3 venc_ko blocks (pool0 0x73801000 len 0x10000)
src frame 201: srcf=27 off=808 br=16000
frame 201: send=0x0 get=0x0 len=1591 coding=1 startqp=0 meanqp=0 picbytes=0 pskip=0 nalus=1 n1:1591
  snapshot f201: 3 venc_ko blocks (pool0 0x73801000 len 0x10000)
src frame 202: srcf=28 off=812 br=16000
frame 202: send=0x0 get=0x0 len=1680 coding=1 startqp=0 meanqp=0 picbytes=0 pskip=0 nalus=1 n1:1680
  snapshot f202: 3 venc_ko blocks (pool0 0x73801000 len 0x10000)
src frame 203: srcf=29 off=816 br=16000
frame 203: send=0x0 get=0x0 len=2060 coding=1 startqp=0 meanqp=0 picbytes=0 pskip=0 nalus=1 n1:2060
  snapshot f203: 3 venc_ko blocks (pool0 0x73801000 len 0x10000)
src frame 204: srcf=28 off=820 br=16000
frame 204: send=0x0 get=0x0 len=2026 coding=1 startqp=0 meanqp=0 picbytes=0 pskip=0 nalus=1 n1:2026
  snapshot f204: 3 venc_ko blocks (pool0 0x73801000 len 0x10000)
src frame 205: srcf=27 off=824 br=16000
frame 205: send=0x0 get=0x0 len=1803 coding=1 startqp=0 meanqp=0 picbytes=0 pskip=0 nalus=1 n1:1803
  snapshot f205: 3 venc_ko blocks (pool0 0x73801000 len 0x10000)
src frame 206: srcf=26 off=828 br=16000
frame 206: send=0x0 get=0x0 len=1506 coding=1 startqp=0 meanqp=0 picbytes=0 pskip=0 nalus=1 n1:1506
  snapshot f206: 3 venc_ko blocks (pool0 0x73801000 len 0x10000)
src frame 207: srcf=25 off=832 br=16000
frame 207: send=0x0 get=0x0 len=1594 coding=1 startqp=0 meanqp=0 picbytes=0 pskip=0 nalus=1 n1:1594
  snapshot f207: 3 venc_ko blocks (pool0 0x73801000 len 0x10000)
src frame 208: srcf=24 off=836 br=16000
frame 208: send=0x0 get=0x0 len=1490 coding=1 startqp=0 meanqp=0 picbytes=0 pskip=0 nalus=1 n1:1490
  snapshot f208: 3 venc_ko blocks (pool0 0x73801000 len 0x10000)
src frame 209: srcf=23 off=840 br=16000
frame 209: send=0x0 get=0x0 len=1551 coding=1 startqp=0 meanqp=0 picbytes=0 pskip=0 nalus=1 n1:1551
  snapshot f209: 3 venc_ko blocks (pool0 0x73801000 len 0x10000)
src frame 210: srcf=22 off=844 br=16000
frame 210: send=0x0 get=0x0 len=60745 coding=0 startqp=0 meanqp=0 picbytes=0 pskip=0 nalus=3 n7:32 n8:8 n5:60705
  snapshot f210: 3 venc_ko blocks (pool0 0x73801000 len 0x10000)
src frame 211: srcf=21 off=848 br=16000
frame 211: send=0x0 get=0x0 len=14636 coding=1 startqp=0 meanqp=0 picbytes=0 pskip=0 nalus=1 n1:14636
  snapshot f211: 3 venc_ko blocks (pool0 0x73801000 len 0x10000)
src frame 212: srcf=20 off=852 br=16000
frame 212: send=0x0 get=0x0 len=10144 coding=1 startqp=0 meanqp=0 picbytes=0 pskip=0 nalus=1 n1:10144
  snapshot f212: 3 venc_ko blocks (pool0 0x73801000 len 0x10000)
src frame 213: srcf=19 off=856 br=16000
frame 213: send=0x0 get=0x0 len=6789 coding=1 startqp=0 meanqp=0 picbytes=0 pskip=0 nalus=1 n1:6789
  snapshot f213: 3 venc_ko blocks (pool0 0x73801000 len 0x10000)
src frame 214: srcf=18 off=860 br=16000
frame 214: send=0x0 get=0x0 len=5254 coding=1 startqp=0 meanqp=0 picbytes=0 pskip=0 nalus=1 n1:5254
  snapshot f214: 3 venc_ko blocks (pool0 0x73801000 len 0x10000)
src frame 215: srcf=17 off=864 br=16000
frame 215: send=0x0 get=0x0 len=3734 coding=1 startqp=0 meanqp=0 picbytes=0 pskip=0 nalus=1 n1:3734
  snapshot f215: 3 venc_ko blocks (pool0 0x73801000 len 0x10000)
src frame 216: srcf=16 off=868 br=16000
frame 216: send=0x0 get=0x0 len=2622 coding=1 startqp=0 meanqp=0 picbytes=0 pskip=0 nalus=1 n1:2622
  snapshot f216: 3 venc_ko blocks (pool0 0x73801000 len 0x10000)
src frame 217: srcf=15 off=872 br=16000
frame 217: send=0x0 get=0x0 len=2347 coding=1 startqp=0 meanqp=0 picbytes=0 pskip=0 nalus=1 n1:2347
  snapshot f217: 3 venc_ko blocks (pool0 0x73801000 len 0x10000)
src frame 218: srcf=14 off=876 br=16000
frame 218: send=0x0 get=0x0 len=1843 coding=1 startqp=0 meanqp=0 picbytes=0 pskip=0 nalus=1 n1:1843
  snapshot f218: 3 venc_ko blocks (pool0 0x73801000 len 0x10000)
src frame 219: srcf=13 off=880 br=16000
frame 219: send=0x0 get=0x0 len=1735 coding=1 startqp=0 meanqp=0 picbytes=0 pskip=0 nalus=1 n1:1735
  snapshot f219: 3 venc_ko blocks (pool0 0x73801000 len 0x10000)
src frame 220: srcf=12 off=884 br=16000
frame 220: send=0x0 get=0x0 len=1621 coding=1 startqp=0 meanqp=0 picbytes=0 pskip=0 nalus=1 n1:1621
  snapshot f220: 3 venc_ko blocks (pool0 0x73801000 len 0x10000)
src frame 221: srcf=11 off=888 br=16000
frame 221: send=0x0 get=0x0 len=2017 coding=1 startqp=0 meanqp=0 picbytes=0 pskip=0 nalus=1 n1:2017
  snapshot f221: 3 venc_ko blocks (pool0 0x73801000 len 0x10000)
src frame 222: srcf=10 off=892 br=16000
frame 222: send=0x0 get=0x0 len=2398 coding=1 startqp=0 meanqp=0 picbytes=0 pskip=0 nalus=1 n1:2398
  snapshot f222: 3 venc_ko blocks (pool0 0x73801000 len 0x10000)
src frame 223: srcf=9 off=896 br=16000
frame 223: send=0x0 get=0x0 len=2621 coding=1 startqp=0 meanqp=0 picbytes=0 pskip=0 nalus=1 n1:2621
  snapshot f223: 3 venc_ko blocks (pool0 0x73801000 len 0x10000)
src frame 224: srcf=8 off=900 br=16000
frame 224: send=0x0 get=0x0 len=2366 coding=1 startqp=0 meanqp=0 picbytes=0 pskip=0 nalus=1 n1:2366
  snapshot f224: 3 venc_ko blocks (pool0 0x73801000 len 0x10000)
src frame 225: srcf=7 off=904 br=16000
frame 225: send=0x0 get=0x0 len=1881 coding=1 startqp=0 meanqp=0 picbytes=0 pskip=0 nalus=1 n1:1881
  snapshot f225: 3 venc_ko blocks (pool0 0x73801000 len 0x10000)
src frame 226: srcf=6 off=908 br=16000
frame 226: send=0x0 get=0x0 len=1466 coding=1 startqp=0 meanqp=0 picbytes=0 pskip=0 nalus=1 n1:1466
  snapshot f226: 3 venc_ko blocks (pool0 0x73801000 len 0x10000)
src frame 227: srcf=5 off=912 br=16000
frame 227: send=0x0 get=0x0 len=1445 coding=1 startqp=0 meanqp=0 picbytes=0 pskip=0 nalus=1 n1:1445
  snapshot f227: 3 venc_ko blocks (pool0 0x73801000 len 0x10000)
src frame 228: srcf=4 off=916 br=16000
frame 228: send=0x0 get=0x0 len=1485 coding=1 startqp=0 meanqp=0 picbytes=0 pskip=0 nalus=1 n1:1485
  snapshot f228: 3 venc_ko blocks (pool0 0x73801000 len 0x10000)
src frame 229: srcf=3 off=920 br=16000
frame 229: send=0x0 get=0x0 len=1544 coding=1 startqp=0 meanqp=0 picbytes=0 pskip=0 nalus=1 n1:1544
  snapshot f229: 3 venc_ko blocks (pool0 0x73801000 len 0x10000)
src frame 230: srcf=2 off=924 br=16000
frame 230: send=0x0 get=0x0 len=1539 coding=1 startqp=0 meanqp=0 picbytes=0 pskip=0 nalus=1 n1:1539
  snapshot f230: 3 venc_ko blocks (pool0 0x73801000 len 0x10000)
src frame 231: srcf=1 off=928 br=16000
frame 231: send=0x0 get=0x0 len=1916 coding=1 startqp=0 meanqp=0 picbytes=0 pskip=0 nalus=1 n1:1916
  snapshot f231: 3 venc_ko blocks (pool0 0x73801000 len 0x10000)
src frame 232: srcf=0 off=932 br=16000
frame 232: send=0x0 get=0x0 len=2189 coding=1 startqp=0 meanqp=0 picbytes=0 pskip=0 nalus=1 n1:2189
  snapshot f232: 3 venc_ko blocks (pool0 0x73801000 len 0x10000)
src frame 233: srcf=1 off=936 br=16000
frame 233: send=0x0 get=0x0 len=2367 coding=1 startqp=0 meanqp=0 picbytes=0 pskip=0 nalus=1 n1:2367
  snapshot f233: 3 venc_ko blocks (pool0 0x73801000 len 0x10000)
src frame 234: srcf=2 off=940 br=16000
frame 234: send=0x0 get=0x0 len=1527 coding=1 startqp=0 meanqp=0 picbytes=0 pskip=0 nalus=1 n1:1527
  snapshot f234: 3 venc_ko blocks (pool0 0x73801000 len 0x10000)
src frame 235: srcf=3 off=944 br=16000
frame 235: send=0x0 get=0x0 len=1515 coding=1 startqp=0 meanqp=0 picbytes=0 pskip=0 nalus=1 n1:1515
  snapshot f235: 3 venc_ko blocks (pool0 0x73801000 len 0x10000)
src frame 236: srcf=4 off=948 br=16000
frame 236: send=0x0 get=0x0 len=1472 coding=1 startqp=0 meanqp=0 picbytes=0 pskip=0 nalus=1 n1:1472
  snapshot f236: 3 venc_ko blocks (pool0 0x73801000 len 0x10000)
src frame 237: srcf=5 off=952 br=16000
frame 237: send=0x0 get=0x0 len=1521 coding=1 startqp=0 meanqp=0 picbytes=0 pskip=0 nalus=1 n1:1521
  snapshot f237: 3 venc_ko blocks (pool0 0x73801000 len 0x10000)
src frame 238: srcf=6 off=956 br=16000
frame 238: send=0x0 get=0x0 len=1358 coding=1 startqp=0 meanqp=0 picbytes=0 pskip=0 nalus=1 n1:1358
  snapshot f238: 3 venc_ko blocks (pool0 0x73801000 len 0x10000)
src frame 239: srcf=7 off=960 br=16000
frame 239: send=0x0 get=0x0 len=1563 coding=1 startqp=0 meanqp=0 picbytes=0 pskip=0 nalus=1 n1:1563
  snapshot f239: 3 venc_ko blocks (pool0 0x73801000 len 0x10000)
---- /proc/ax_proc/venc ----
-------- VENC VERSION ------------------------
[Axera version]: ax_venc V3.0.0_20250319114413 Mar 19 2025 11:58:34 JK

-------- MODULE PARAM ------------------------
MaxChnNum   MaxRoiNum   MaxProcNum  
16          8           16          

-------- VENC CHN ATTR 1 ------------------------
ID    Type    wSrc    hSrc    Strd0   Strd1   maxW    maxH    PixFmt  link  InFifoDep    OutFifoDep   InDbgFifoLen InDbgFifoDep StrmBufSize(KB)
7     h264    1920    1080    3840    0       1920    1080    YUYV422 N     2            2            0            4            4114      
-------- VENC CHN ATTR 2 ------------------------
ID    [CropEn StartX  StartY  CropW   CropH]  Rotation  EncW    EncH    FrmSize      PTS          SeqNum       CompMode     CompLevel    PhyAddr0     PhyAddr1     PhyAddr2     
7     N       0       0       0       0       0         1920    1080    4147200      3283333      198          NONE         0            742d1000     0            0            
-------- VENC RC ATTR 1 ------------------------
ID    RcMode    SrcFr   DstFr   Br(kbps)  MinQp   MaxQp   MinIQp  MaxIQp  IQpDelta  IpropMax   IpropMin   StartQp    QpDltRng   DeBrQpDlt  SvcEn   ChgPos  StillPercent MaxStillQp 
7     CBR       60.00   60.00   16000     10      51      10      51      0         40         10         -1         2          0          False   -       -            -          
-------- VENC RC ATTR 2  -----------------------
ID    QMapQpType  QMapUnit    QMapBlkType IQp   PQp   MinQpDelta MaxQpDelta MaxBitRate shtStaTime ltStaTime  ltMinBr  ltMaxBr  Br_ST(kbps)    Br_LT(kbps)    
7     N/A         64x64       N/A         -     -     -          -          -          -          -          -        -        -              -              
-------- VENC GOP ATTR  ------------------------
ID    GopMode   Gop   GopVI 
7     NormalP   30    0     
-------- VENC STATUS 1 -------------------------
ID    RJEn         RJThr(bps)   RJMode       RJEncGaps    SupFrmEn     SupPri       SupThrI      SupThrP      SplitEn      SliceNum     Range(In)    Range(out)   
7     N            0            Normal       0            N            0            500000       500000       N            0            Full         Full         
-------- VENC STATUS 2 -------------------------
ID    ChnStat   FrmRecv   FrmRls    FrmEnc    FrmDrop   FrmDup    EncFail   MissMatch StrmGet   StrmRls   OutFps    RealBr    ReEncCnt  DropCnt   BlkFail   GrpID     PID     TID     ThNum   RefInc    RefDec    Fail1   Fail2   Fail3   Fail4   
7     STARTED   198       198       198       0         0         0         0         197       197       50.00     2358.77   0         0         0         -1        129828  129832  1       198       198       0       0       0       0       
-------- VENC HW STATUS  ------------------------
ID    OverFlow     TimeOut      
7     0            0            
-------- VENC ROI INFO  ------------------------
ID    Index        bEnable      bAbsQp       RoiQP        Width        Height       StartX       StartY       
done h264_cbr16000
rc=0
== h264_cbr16000: codec=h264 rc=cbr br=16000 fps=60 gop=30 frames=240 total=1390540 B achieved=2781 kbps
I frames (frame:qp/bytes): 0:32/30680 30:30/34192 60:28/38434 90:26/42330 120:24/46714 150:22/50918 180:20/56272 210:18/60745
first P after each I (frame:qp): 1:35 31:33 61:31 91:29 121:27 151:25 181:23 211:21
per-GOP: gop#: kbps I_qp P_qp[min..max] P_qp_last
  0: 3160 kbps I=[32] P=[21..35] last=21 n=30
  1: 3107 kbps I=[30] P=[19..33] last=19 n=30
  2: 2991 kbps I=[28] P=[17..31] last=17 n=30
  3: 2883 kbps I=[26] P=[15..29] last=15 n=30
  4: 2810 kbps I=[24] P=[13..27] last=13 n=30
  5: 2564 kbps I=[22] P=[14..25] last=14 n=30
  6: 2402 kbps I=[20] P=[10..23] last=10 n=30
  7: 2331 kbps I=[18] P=[10..21] last=10 n=30
P->P QP step histogram: -2:1 -1:103 +0:120
I->firstP QP delta: +3 +3 +3 +3 +3 +3 +3 +3
sw7 frame-QP == slice QP: 240/240 frames with a program agree; mismatches at []
slot flags: {'': 240}
sw105-107 distinct (I): [('0x35b600', '0x35b600', '0x35b600'), ('0x46c3f1', '0x46c3f1', '0x46c3f1'), ('0x4dd789', '0x4dd789', '0x4dd789')]
sw172/173 distinct: [('0x14f', '0x662'), ('0x14f', '0x66a')]
sw6 distinct (I / P): ['0x3'] ['0x3']
=== h265_cbr2000: codec=h265 rc=cbr br=2000 nframes=240 src=/root/rc65/clips/static.yuyv motion=vscroll mstep=4
# vdrive tag=h265_cbr2000 codec=h265 1920x1080 rc=cbr br=2000 fps=60/60 gop=30 gopmode=normalp ltrint=0 ltrqpo=0 iqp=32 pqp=32 profile=0 level=153 tier=0 qp[10..51] iqp[10..51] iqd=0 firstqp=-1 iprop[10..40] idrrange=2 stattime=1 vq=0 ir=0/0 slice=0 debreath=0 scd=-1 rowqpd=-1 vui=-1 move=0 nframes=240
src=/root/rc65/clips/static.yuyv frames=30 loop=pingpong motion=vscroll mstep=4 window=0..-1
AX_SYS_Init rc=0x0
AX_VENC_Init rc=0x0
AX_VENC_CreateChn(7) rc=0x0
StartRecvFrame rc=0x0
AX_POOL_CreatePool id=0x0
blk=0x5e000000 phys=0x742cb000 virt=0xffff8a345000
frame: modid=0x11 stride=1920 fmt=0xd
  snapshot pre: 3 venc_ko blocks (pool0 0x73801000 len 0x10000)
src frame 0: srcf=0 off=4 br=2000
frame 0: send=0x0 get=0x0 len=23771 coding=0 startqp=0 meanqp=0 picbytes=0 pskip=0 nalus=4 n32:27 n33:53 n34:12 n19:23679
  cu: inter64=0 inter32=0 inter16=0 inter8=0 intra32=0 intra16=0 intra8=0 intra4=0 reftype=0
  snapshot f000: 3 venc_ko blocks (pool0 0x73801000 len 0x10000)
src frame 1: srcf=1 off=8 br=2000
frame 1: send=0x0 get=0x0 len=562 coding=1 startqp=0 meanqp=0 picbytes=0 pskip=0 nalus=1 n1:562
  cu: inter64=0 inter32=0 inter16=0 inter8=0 intra32=0 intra16=0 intra8=0 intra4=0 reftype=0
  snapshot f001: 3 venc_ko blocks (pool0 0x73801000 len 0x10000)
src frame 2: srcf=2 off=12 br=2000
frame 2: send=0x0 get=0x0 len=298 coding=1 startqp=0 meanqp=0 picbytes=0 pskip=0 nalus=1 n1:298
  cu: inter64=0 inter32=0 inter16=0 inter8=0 intra32=0 intra16=0 intra8=0 intra4=0 reftype=0
  snapshot f002: 3 venc_ko blocks (pool0 0x73801000 len 0x10000)
src frame 3: srcf=3 off=16 br=2000
frame 3: send=0x0 get=0x0 len=311 coding=1 startqp=0 meanqp=0 picbytes=0 pskip=0 nalus=1 n1:311
  cu: inter64=0 inter32=0 inter16=0 inter8=0 intra32=0 intra16=0 intra8=0 intra4=0 reftype=0
  snapshot f003: 3 venc_ko blocks (pool0 0x73801000 len 0x10000)
src frame 4: srcf=4 off=20 br=2000
frame 4: send=0x0 get=0x0 len=244 coding=1 startqp=0 meanqp=0 picbytes=0 pskip=0 nalus=1 n1:244
  cu: inter64=0 inter32=0 inter16=0 inter8=0 intra32=0 intra16=0 intra8=0 intra4=0 reftype=0
  snapshot f004: 3 venc_ko blocks (pool0 0x73801000 len 0x10000)
src frame 5: srcf=5 off=24 br=2000
frame 5: send=0x0 get=0x0 len=172 coding=1 startqp=0 meanqp=0 picbytes=0 pskip=0 nalus=1 n1:172
  cu: inter64=0 inter32=0 inter16=0 inter8=0 intra32=0 intra16=0 intra8=0 intra4=0 reftype=0
  snapshot f005: 3 venc_ko blocks (pool0 0x73801000 len 0x10000)
src frame 6: srcf=6 off=28 br=2000
frame 6: send=0x0 get=0x0 len=111 coding=1 startqp=0 meanqp=0 picbytes=0 pskip=0 nalus=1 n1:111
  cu: inter64=0 inter32=0 inter16=0 inter8=0 intra32=0 intra16=0 intra8=0 intra4=0 reftype=0
  snapshot f006: 3 venc_ko blocks (pool0 0x73801000 len 0x10000)
src frame 7: srcf=7 off=32 br=2000
frame 7: send=0x0 get=0x0 len=93 coding=1 startqp=0 meanqp=0 picbytes=0 pskip=0 nalus=1 n1:93
  cu: inter64=0 inter32=0 inter16=0 inter8=0 intra32=0 intra16=0 intra8=0 intra4=0 reftype=0
  snapshot f007: 3 venc_ko blocks (pool0 0x73801000 len 0x10000)
src frame 8: srcf=8 off=36 br=2000
frame 8: send=0x0 get=0x0 len=81 coding=1 startqp=0 meanqp=0 picbytes=0 pskip=0 nalus=1 n1:81
  cu: inter64=0 inter32=0 inter16=0 inter8=0 intra32=0 intra16=0 intra8=0 intra4=0 reftype=0
  snapshot f008: 3 venc_ko blocks (pool0 0x73801000 len 0x10000)
src frame 9: srcf=9 off=40 br=2000
frame 9: send=0x0 get=0x0 len=93 coding=1 startqp=0 meanqp=0 picbytes=0 pskip=0 nalus=1 n1:93
  cu: inter64=0 inter32=0 inter16=0 inter8=0 intra32=0 intra16=0 intra8=0 intra4=0 reftype=0
  snapshot f009: 3 venc_ko blocks (pool0 0x73801000 len 0x10000)
src frame 10: srcf=10 off=44 br=2000
frame 10: send=0x0 get=0x0 len=91 coding=1 startqp=0 meanqp=0 picbytes=0 pskip=0 nalus=1 n1:91
  cu: inter64=0 inter32=0 inter16=0 inter8=0 intra32=0 intra16=0 intra8=0 intra4=0 reftype=0
  snapshot f010: 3 venc_ko blocks (pool0 0x73801000 len 0x10000)
src frame 11: srcf=11 off=48 br=2000
frame 11: send=0x0 get=0x0 len=95 coding=1 startqp=0 meanqp=0 picbytes=0 pskip=0 nalus=1 n1:95
  cu: inter64=0 inter32=0 inter16=0 inter8=0 intra32=0 intra16=0 intra8=0 intra4=0 reftype=0
  snapshot f011: 3 venc_ko blocks (pool0 0x73801000 len 0x10000)
src frame 12: srcf=12 off=52 br=2000
frame 12: send=0x0 get=0x0 len=144 coding=1 startqp=0 meanqp=0 picbytes=0 pskip=0 nalus=1 n1:144
  cu: inter64=0 inter32=0 inter16=0 inter8=0 intra32=0 intra16=0 intra8=0 intra4=0 reftype=0
  snapshot f012: 3 venc_ko blocks (pool0 0x73801000 len 0x10000)
src frame 13: srcf=13 off=56 br=2000
frame 13: send=0x0 get=0x0 len=132 coding=1 startqp=0 meanqp=0 picbytes=0 pskip=0 nalus=1 n1:132
  cu: inter64=0 inter32=0 inter16=0 inter8=0 intra32=0 intra16=0 intra8=0 intra4=0 reftype=0
  snapshot f013: 3 venc_ko blocks (pool0 0x73801000 len 0x10000)
src frame 14: srcf=14 off=60 br=2000
frame 14: send=0x0 get=0x0 len=115 coding=1 startqp=0 meanqp=0 picbytes=0 pskip=0 nalus=1 n1:115
  cu: inter64=0 inter32=0 inter16=0 inter8=0 intra32=0 intra16=0 intra8=0 intra4=0 reftype=0
  snapshot f014: 3 venc_ko blocks (pool0 0x73801000 len 0x10000)
src frame 15: srcf=15 off=64 br=2000
frame 15: send=0x0 get=0x0 len=123 coding=1 startqp=0 meanqp=0 picbytes=0 pskip=0 nalus=1 n1:123
  cu: inter64=0 inter32=0 inter16=0 inter8=0 intra32=0 intra16=0 intra8=0 intra4=0 reftype=0
  snapshot f015: 3 venc_ko blocks (pool0 0x73801000 len 0x10000)
src frame 16: srcf=16 off=68 br=2000
frame 16: send=0x0 get=0x0 len=116 coding=1 startqp=0 meanqp=0 picbytes=0 pskip=0 nalus=1 n1:116
  cu: inter64=0 inter32=0 inter16=0 inter8=0 intra32=0 intra16=0 intra8=0 intra4=0 reftype=0
  snapshot f016: 3 venc_ko blocks (pool0 0x73801000 len 0x10000)
src frame 17: srcf=17 off=72 br=2000
frame 17: send=0x0 get=0x0 len=102 coding=1 startqp=0 meanqp=0 picbytes=0 pskip=0 nalus=1 n1:102
  cu: inter64=0 inter32=0 inter16=0 inter8=0 intra32=0 intra16=0 intra8=0 intra4=0 reftype=0
  snapshot f017: 3 venc_ko blocks (pool0 0x73801000 len 0x10000)
src frame 18: srcf=18 off=76 br=2000
frame 18: send=0x0 get=0x0 len=112 coding=1 startqp=0 meanqp=0 picbytes=0 pskip=0 nalus=1 n1:112
  cu: inter64=0 inter32=0 inter16=0 inter8=0 intra32=0 intra16=0 intra8=0 intra4=0 reftype=0
  snapshot f018: 3 venc_ko blocks (pool0 0x73801000 len 0x10000)
src frame 19: srcf=19 off=80 br=2000
frame 19: send=0x0 get=0x0 len=151 coding=1 startqp=0 meanqp=0 picbytes=0 pskip=0 nalus=1 n1:151
  cu: inter64=0 inter32=0 inter16=0 inter8=0 intra32=0 intra16=0 intra8=0 intra4=0 reftype=0
  snapshot f019: 3 venc_ko blocks (pool0 0x73801000 len 0x10000)
src frame 20: srcf=20 off=84 br=2000
frame 20: send=0x0 get=0x0 len=250 coding=1 startqp=0 meanqp=0 picbytes=0 pskip=0 nalus=1 n1:250
  cu: inter64=0 inter32=0 inter16=0 inter8=0 intra32=0 intra16=0 intra8=0 intra4=0 reftype=0
  snapshot f020: 3 venc_ko blocks (pool0 0x73801000 len 0x10000)
src frame 21: srcf=21 off=88 br=2000
frame 21: send=0x0 get=0x0 len=108 coding=1 startqp=0 meanqp=0 picbytes=0 pskip=0 nalus=1 n1:108
  cu: inter64=0 inter32=0 inter16=0 inter8=0 intra32=0 intra16=0 intra8=0 intra4=0 reftype=0
  snapshot f021: 3 venc_ko blocks (pool0 0x73801000 len 0x10000)
src frame 22: srcf=22 off=92 br=2000
frame 22: send=0x0 get=0x0 len=128 coding=1 startqp=0 meanqp=0 picbytes=0 pskip=0 nalus=1 n1:128
  cu: inter64=0 inter32=0 inter16=0 inter8=0 intra32=0 intra16=0 intra8=0 intra4=0 reftype=0
  snapshot f022: 3 venc_ko blocks (pool0 0x73801000 len 0x10000)
src frame 23: srcf=23 off=96 br=2000
frame 23: send=0x0 get=0x0 len=241 coding=1 startqp=0 meanqp=0 picbytes=0 pskip=0 nalus=1 n1:241
  cu: inter64=0 inter32=0 inter16=0 inter8=0 intra32=0 intra16=0 intra8=0 intra4=0 reftype=0
  snapshot f023: 3 venc_ko blocks (pool0 0x73801000 len 0x10000)
src frame 24: srcf=24 off=100 br=2000
frame 24: send=0x0 get=0x0 len=173 coding=1 startqp=0 meanqp=0 picbytes=0 pskip=0 nalus=1 n1:173
  cu: inter64=0 inter32=0 inter16=0 inter8=0 intra32=0 intra16=0 intra8=0 intra4=0 reftype=0
  snapshot f024: 3 venc_ko blocks (pool0 0x73801000 len 0x10000)
src frame 25: srcf=25 off=104 br=2000
frame 25: send=0x0 get=0x0 len=163 coding=1 startqp=0 meanqp=0 picbytes=0 pskip=0 nalus=1 n1:163
  cu: inter64=0 inter32=0 inter16=0 inter8=0 intra32=0 intra16=0 intra8=0 intra4=0 reftype=0
  snapshot f025: 3 venc_ko blocks (pool0 0x73801000 len 0x10000)
src frame 26: srcf=26 off=108 br=2000
frame 26: send=0x0 get=0x0 len=196 coding=1 startqp=0 meanqp=0 picbytes=0 pskip=0 nalus=1 n1:196
  cu: inter64=0 inter32=0 inter16=0 inter8=0 intra32=0 intra16=0 intra8=0 intra4=0 reftype=0
  snapshot f026: 3 venc_ko blocks (pool0 0x73801000 len 0x10000)
src frame 27: srcf=27 off=112 br=2000
frame 27: send=0x0 get=0x0 len=143 coding=1 startqp=0 meanqp=0 picbytes=0 pskip=0 nalus=1 n1:143
  cu: inter64=0 inter32=0 inter16=0 inter8=0 intra32=0 intra16=0 intra8=0 intra4=0 reftype=0
  snapshot f027: 3 venc_ko blocks (pool0 0x73801000 len 0x10000)
src frame 28: srcf=28 off=116 br=2000
frame 28: send=0x0 get=0x0 len=174 coding=1 startqp=0 meanqp=0 picbytes=0 pskip=0 nalus=1 n1:174
  cu: inter64=0 inter32=0 inter16=0 inter8=0 intra32=0 intra16=0 intra8=0 intra4=0 reftype=0
  snapshot f028: 3 venc_ko blocks (pool0 0x73801000 len 0x10000)
src frame 29: srcf=29 off=120 br=2000
frame 29: send=0x0 get=0x0 len=187 coding=1 startqp=0 meanqp=0 picbytes=0 pskip=0 nalus=1 n1:187
  cu: inter64=0 inter32=0 inter16=0 inter8=0 intra32=0 intra16=0 intra8=0 intra4=0 reftype=0
  snapshot f029: 3 venc_ko blocks (pool0 0x73801000 len 0x10000)
src frame 30: srcf=28 off=124 br=2000
frame 30: send=0x0 get=0x0 len=22044 coding=0 startqp=0 meanqp=0 picbytes=0 pskip=0 nalus=4 n32:27 n33:53 n34:12 n19:21952
  cu: inter64=0 inter32=0 inter16=0 inter8=0 intra32=0 intra16=0 intra8=0 intra4=0 reftype=0
  snapshot f030: 3 venc_ko blocks (pool0 0x73801000 len 0x10000)
src frame 31: srcf=27 off=128 br=2000
frame 31: send=0x0 get=0x0 len=1023 coding=1 startqp=0 meanqp=0 picbytes=0 pskip=0 nalus=1 n1:1023
  cu: inter64=0 inter32=0 inter16=0 inter8=0 intra32=0 intra16=0 intra8=0 intra4=0 reftype=0
  snapshot f031: 3 venc_ko blocks (pool0 0x73801000 len 0x10000)
src frame 32: srcf=26 off=132 br=2000
frame 32: send=0x0 get=0x0 len=366 coding=1 startqp=0 meanqp=0 picbytes=0 pskip=0 nalus=1 n1:366
  cu: inter64=0 inter32=0 inter16=0 inter8=0 intra32=0 intra16=0 intra8=0 intra4=0 reftype=0
  snapshot f032: 3 venc_ko blocks (pool0 0x73801000 len 0x10000)
src frame 33: srcf=25 off=136 br=2000
frame 33: send=0x0 get=0x0 len=385 coding=1 startqp=0 meanqp=0 picbytes=0 pskip=0 nalus=1 n1:385
  cu: inter64=0 inter32=0 inter16=0 inter8=0 intra32=0 intra16=0 intra8=0 intra4=0 reftype=0
  snapshot f033: 3 venc_ko blocks (pool0 0x73801000 len 0x10000)
src frame 34: srcf=24 off=140 br=2000
frame 34: send=0x0 get=0x0 len=296 coding=1 startqp=0 meanqp=0 picbytes=0 pskip=0 nalus=1 n1:296
  cu: inter64=0 inter32=0 inter16=0 inter8=0 intra32=0 intra16=0 intra8=0 intra4=0 reftype=0
  snapshot f034: 3 venc_ko blocks (pool0 0x73801000 len 0x10000)
src frame 35: srcf=23 off=144 br=2000
frame 35: send=0x0 get=0x0 len=221 coding=1 startqp=0 meanqp=0 picbytes=0 pskip=0 nalus=1 n1:221
  cu: inter64=0 inter32=0 inter16=0 inter8=0 intra32=0 intra16=0 intra8=0 intra4=0 reftype=0
  snapshot f035: 3 venc_ko blocks (pool0 0x73801000 len 0x10000)
src frame 36: srcf=22 off=148 br=2000
frame 36: send=0x0 get=0x0 len=142 coding=1 startqp=0 meanqp=0 picbytes=0 pskip=0 nalus=1 n1:142
  cu: inter64=0 inter32=0 inter16=0 inter8=0 intra32=0 intra16=0 intra8=0 intra4=0 reftype=0
  snapshot f036: 3 venc_ko blocks (pool0 0x73801000 len 0x10000)
src frame 37: srcf=21 off=152 br=2000
frame 37: send=0x0 get=0x0 len=108 coding=1 startqp=0 meanqp=0 picbytes=0 pskip=0 nalus=1 n1:108
  cu: inter64=0 inter32=0 inter16=0 inter8=0 intra32=0 intra16=0 intra8=0 intra4=0 reftype=0
  snapshot f037: 3 venc_ko blocks (pool0 0x73801000 len 0x10000)
src frame 38: srcf=20 off=156 br=2000
frame 38: send=0x0 get=0x0 len=91 coding=1 startqp=0 meanqp=0 picbytes=0 pskip=0 nalus=1 n1:91
  cu: inter64=0 inter32=0 inter16=0 inter8=0 intra32=0 intra16=0 intra8=0 intra4=0 reftype=0
  snapshot f038: 3 venc_ko blocks (pool0 0x73801000 len 0x10000)
src frame 39: srcf=19 off=160 br=2000
frame 39: send=0x0 get=0x0 len=81 coding=1 startqp=0 meanqp=0 picbytes=0 pskip=0 nalus=1 n1:81
  cu: inter64=0 inter32=0 inter16=0 inter8=0 intra32=0 intra16=0 intra8=0 intra4=0 reftype=0
  snapshot f039: 3 venc_ko blocks (pool0 0x73801000 len 0x10000)
src frame 40: srcf=18 off=164 br=2000
frame 40: send=0x0 get=0x0 len=97 coding=1 startqp=0 meanqp=0 picbytes=0 pskip=0 nalus=1 n1:97
  cu: inter64=0 inter32=0 inter16=0 inter8=0 intra32=0 intra16=0 intra8=0 intra4=0 reftype=0
  snapshot f040: 3 venc_ko blocks (pool0 0x73801000 len 0x10000)
src frame 41: srcf=17 off=168 br=2000
frame 41: send=0x0 get=0x0 len=141 coding=1 startqp=0 meanqp=0 picbytes=0 pskip=0 nalus=1 n1:141
  cu: inter64=0 inter32=0 inter16=0 inter8=0 intra32=0 intra16=0 intra8=0 intra4=0 reftype=0
  snapshot f041: 3 venc_ko blocks (pool0 0x73801000 len 0x10000)
src frame 42: srcf=16 off=172 br=2000
frame 42: send=0x0 get=0x0 len=203 coding=1 startqp=0 meanqp=0 picbytes=0 pskip=0 nalus=1 n1:203
  cu: inter64=0 inter32=0 inter16=0 inter8=0 intra32=0 intra16=0 intra8=0 intra4=0 reftype=0
  snapshot f042: 3 venc_ko blocks (pool0 0x73801000 len 0x10000)
src frame 43: srcf=15 off=176 br=2000
frame 43: send=0x0 get=0x0 len=124 coding=1 startqp=0 meanqp=0 picbytes=0 pskip=0 nalus=1 n1:124
  cu: inter64=0 inter32=0 inter16=0 inter8=0 intra32=0 intra16=0 intra8=0 intra4=0 reftype=0
  snapshot f043: 3 venc_ko blocks (pool0 0x73801000 len 0x10000)
src frame 44: srcf=14 off=180 br=2000
frame 44: send=0x0 get=0x0 len=136 coding=1 startqp=0 meanqp=0 picbytes=0 pskip=0 nalus=1 n1:136
  cu: inter64=0 inter32=0 inter16=0 inter8=0 intra32=0 intra16=0 intra8=0 intra4=0 reftype=0
  snapshot f044: 3 venc_ko blocks (pool0 0x73801000 len 0x10000)
src frame 45: srcf=13 off=184 br=2000
frame 45: send=0x0 get=0x0 len=115 coding=1 startqp=0 meanqp=0 picbytes=0 pskip=0 nalus=1 n1:115
  cu: inter64=0 inter32=0 inter16=0 inter8=0 intra32=0 intra16=0 intra8=0 intra4=0 reftype=0
  snapshot f045: 3 venc_ko blocks (pool0 0x73801000 len 0x10000)
src frame 46: srcf=12 off=188 br=2000
frame 46: send=0x0 get=0x0 len=96 coding=1 startqp=0 meanqp=0 picbytes=0 pskip=0 nalus=1 n1:96
  cu: inter64=0 inter32=0 inter16=0 inter8=0 intra32=0 intra16=0 intra8=0 intra4=0 reftype=0
  snapshot f046: 3 venc_ko blocks (pool0 0x73801000 len 0x10000)
src frame 47: srcf=11 off=192 br=2000
frame 47: send=0x0 get=0x0 len=94 coding=1 startqp=0 meanqp=0 picbytes=0 pskip=0 nalus=1 n1:94
  cu: inter64=0 inter32=0 inter16=0 inter8=0 intra32=0 intra16=0 intra8=0 intra4=0 reftype=0
  snapshot f047: 3 venc_ko blocks (pool0 0x73801000 len 0x10000)
src frame 48: srcf=10 off=196 br=2000
frame 48: send=0x0 get=0x0 len=115 coding=1 startqp=0 meanqp=0 picbytes=0 pskip=0 nalus=1 n1:115
  cu: inter64=0 inter32=0 inter16=0 inter8=0 intra32=0 intra16=0 intra8=0 intra4=0 reftype=0
  snapshot f048: 3 venc_ko blocks (pool0 0x73801000 len 0x10000)
src frame 49: srcf=9 off=200 br=2000
frame 49: send=0x0 get=0x0 len=149 coding=1 startqp=0 meanqp=0 picbytes=0 pskip=0 nalus=1 n1:149
  cu: inter64=0 inter32=0 inter16=0 inter8=0 intra32=0 intra16=0 intra8=0 intra4=0 reftype=0
  snapshot f049: 3 venc_ko blocks (pool0 0x73801000 len 0x10000)
src frame 50: srcf=8 off=204 br=2000
frame 50: send=0x0 get=0x0 len=143 coding=1 startqp=0 meanqp=0 picbytes=0 pskip=0 nalus=1 n1:143
  cu: inter64=0 inter32=0 inter16=0 inter8=0 intra32=0 intra16=0 intra8=0 intra4=0 reftype=0
  snapshot f050: 3 venc_ko blocks (pool0 0x73801000 len 0x10000)
src frame 51: srcf=7 off=208 br=2000
frame 51: send=0x0 get=0x0 len=163 coding=1 startqp=0 meanqp=0 picbytes=0 pskip=0 nalus=1 n1:163
  cu: inter64=0 inter32=0 inter16=0 inter8=0 intra32=0 intra16=0 intra8=0 intra4=0 reftype=0
  snapshot f051: 3 venc_ko blocks (pool0 0x73801000 len 0x10000)
src frame 52: srcf=6 off=212 br=2000
frame 52: send=0x0 get=0x0 len=165 coding=1 startqp=0 meanqp=0 picbytes=0 pskip=0 nalus=1 n1:165
  cu: inter64=0 inter32=0 inter16=0 inter8=0 intra32=0 intra16=0 intra8=0 intra4=0 reftype=0
  snapshot f052: 3 venc_ko blocks (pool0 0x73801000 len 0x10000)
src frame 53: srcf=5 off=216 br=2000
frame 53: send=0x0 get=0x0 len=130 coding=1 startqp=0 meanqp=0 picbytes=0 pskip=0 nalus=1 n1:130
  cu: inter64=0 inter32=0 inter16=0 inter8=0 intra32=0 intra16=0 intra8=0 intra4=0 reftype=0
  snapshot f053: 3 venc_ko blocks (pool0 0x73801000 len 0x10000)
src frame 54: srcf=4 off=220 br=2000
frame 54: send=0x0 get=0x0 len=160 coding=1 startqp=0 meanqp=0 picbytes=0 pskip=0 nalus=1 n1:160
  cu: inter64=0 inter32=0 inter16=0 inter8=0 intra32=0 intra16=0 intra8=0 intra4=0 reftype=0
  snapshot f054: 3 venc_ko blocks (pool0 0x73801000 len 0x10000)
src frame 55: srcf=3 off=224 br=2000
frame 55: send=0x0 get=0x0 len=138 coding=1 startqp=0 meanqp=0 picbytes=0 pskip=0 nalus=1 n1:138
  cu: inter64=0 inter32=0 inter16=0 inter8=0 intra32=0 intra16=0 intra8=0 intra4=0 reftype=0
  snapshot f055: 3 venc_ko blocks (pool0 0x73801000 len 0x10000)
src frame 56: srcf=2 off=228 br=2000
frame 56: send=0x0 get=0x0 len=103 coding=1 startqp=0 meanqp=0 picbytes=0 pskip=0 nalus=1 n1:103
  cu: inter64=0 inter32=0 inter16=0 inter8=0 intra32=0 intra16=0 intra8=0 intra4=0 reftype=0
  snapshot f056: 3 venc_ko blocks (pool0 0x73801000 len 0x10000)
src frame 57: srcf=1 off=232 br=2000
frame 57: send=0x0 get=0x0 len=149 coding=1 startqp=0 meanqp=0 picbytes=0 pskip=0 nalus=1 n1:149
  cu: inter64=0 inter32=0 inter16=0 inter8=0 intra32=0 intra16=0 intra8=0 intra4=0 reftype=0
  snapshot f057: 3 venc_ko blocks (pool0 0x73801000 len 0x10000)
src frame 58: srcf=0 off=236 br=2000
frame 58: send=0x0 get=0x0 len=147 coding=1 startqp=0 meanqp=0 picbytes=0 pskip=0 nalus=1 n1:147
  cu: inter64=0 inter32=0 inter16=0 inter8=0 intra32=0 intra16=0 intra8=0 intra4=0 reftype=0
  snapshot f058: 3 venc_ko blocks (pool0 0x73801000 len 0x10000)
src frame 59: srcf=1 off=240 br=2000
frame 59: send=0x0 get=0x0 len=135 coding=1 startqp=0 meanqp=0 picbytes=0 pskip=0 nalus=1 n1:135
  cu: inter64=0 inter32=0 inter16=0 inter8=0 intra32=0 intra16=0 intra8=0 intra4=0 reftype=0
  snapshot f059: 3 venc_ko blocks (pool0 0x73801000 len 0x10000)
src frame 60: srcf=2 off=244 br=2000
frame 60: send=0x0 get=0x0 len=22233 coding=0 startqp=0 meanqp=0 picbytes=0 pskip=0 nalus=4 n32:27 n33:53 n34:12 n19:22141
  cu: inter64=0 inter32=0 inter16=0 inter8=0 intra32=0 intra16=0 intra8=0 intra4=0 reftype=0
  snapshot f060: 3 venc_ko blocks (pool0 0x73801000 len 0x10000)
src frame 61: srcf=3 off=248 br=2000
frame 61: send=0x0 get=0x0 len=994 coding=1 startqp=0 meanqp=0 picbytes=0 pskip=0 nalus=1 n1:994
  cu: inter64=0 inter32=0 inter16=0 inter8=0 intra32=0 intra16=0 intra8=0 intra4=0 reftype=0
  snapshot f061: 3 venc_ko blocks (pool0 0x73801000 len 0x10000)
src frame 62: srcf=4 off=252 br=2000
frame 62: send=0x0 get=0x0 len=505 coding=1 startqp=0 meanqp=0 picbytes=0 pskip=0 nalus=1 n1:505
  cu: inter64=0 inter32=0 inter16=0 inter8=0 intra32=0 intra16=0 intra8=0 intra4=0 reftype=0
  snapshot f062: 3 venc_ko blocks (pool0 0x73801000 len 0x10000)
src frame 63: srcf=5 off=256 br=2000
frame 63: send=0x0 get=0x0 len=261 coding=1 startqp=0 meanqp=0 picbytes=0 pskip=0 nalus=1 n1:261
  cu: inter64=0 inter32=0 inter16=0 inter8=0 intra32=0 intra16=0 intra8=0 intra4=0 reftype=0
  snapshot f063: 3 venc_ko blocks (pool0 0x73801000 len 0x10000)
src frame 64: srcf=6 off=260 br=2000
frame 64: send=0x0 get=0x0 len=234 coding=1 startqp=0 meanqp=0 picbytes=0 pskip=0 nalus=1 n1:234
  cu: inter64=0 inter32=0 inter16=0 inter8=0 intra32=0 intra16=0 intra8=0 intra4=0 reftype=0
  snapshot f064: 3 venc_ko blocks (pool0 0x73801000 len 0x10000)
src frame 65: srcf=7 off=264 br=2000
frame 65: send=0x0 get=0x0 len=150 coding=1 startqp=0 meanqp=0 picbytes=0 pskip=0 nalus=1 n1:150
  cu: inter64=0 inter32=0 inter16=0 inter8=0 intra32=0 intra16=0 intra8=0 intra4=0 reftype=0
  snapshot f065: 3 venc_ko blocks (pool0 0x73801000 len 0x10000)
src frame 66: srcf=8 off=268 br=2000
frame 66: send=0x0 get=0x0 len=141 coding=1 startqp=0 meanqp=0 picbytes=0 pskip=0 nalus=1 n1:141
  cu: inter64=0 inter32=0 inter16=0 inter8=0 intra32=0 intra16=0 intra8=0 intra4=0 reftype=0
  snapshot f066: 3 venc_ko blocks (pool0 0x73801000 len 0x10000)
src frame 67: srcf=9 off=272 br=2000
frame 67: send=0x0 get=0x0 len=127 coding=1 startqp=0 meanqp=0 picbytes=0 pskip=0 nalus=1 n1:127
  cu: inter64=0 inter32=0 inter16=0 inter8=0 intra32=0 intra16=0 intra8=0 intra4=0 reftype=0
  snapshot f067: 3 venc_ko blocks (pool0 0x73801000 len 0x10000)
src frame 68: srcf=10 off=276 br=2000
frame 68: send=0x0 get=0x0 len=106 coding=1 startqp=0 meanqp=0 picbytes=0 pskip=0 nalus=1 n1:106
  cu: inter64=0 inter32=0 inter16=0 inter8=0 intra32=0 intra16=0 intra8=0 intra4=0 reftype=0
  snapshot f068: 3 venc_ko blocks (pool0 0x73801000 len 0x10000)
src frame 69: srcf=11 off=280 br=2000
frame 69: send=0x0 get=0x0 len=97 coding=1 startqp=0 meanqp=0 picbytes=0 pskip=0 nalus=1 n1:97
  cu: inter64=0 inter32=0 inter16=0 inter8=0 intra32=0 intra16=0 intra8=0 intra4=0 reftype=0
  snapshot f069: 3 venc_ko blocks (pool0 0x73801000 len 0x10000)
src frame 70: srcf=12 off=284 br=2000
frame 70: send=0x0 get=0x0 len=109 coding=1 startqp=0 meanqp=0 picbytes=0 pskip=0 nalus=1 n1:109
  cu: inter64=0 inter32=0 inter16=0 inter8=0 intra32=0 intra16=0 intra8=0 intra4=0 reftype=0
  snapshot f070: 3 venc_ko blocks (pool0 0x73801000 len 0x10000)
src frame 71: srcf=13 off=288 br=2000
frame 71: send=0x0 get=0x0 len=141 coding=1 startqp=0 meanqp=0 picbytes=0 pskip=0 nalus=1 n1:141
  cu: inter64=0 inter32=0 inter16=0 inter8=0 intra32=0 intra16=0 intra8=0 intra4=0 reftype=0
  snapshot f071: 3 venc_ko blocks (pool0 0x73801000 len 0x10000)
src frame 72: srcf=14 off=292 br=2000
frame 72: send=0x0 get=0x0 len=149 coding=1 startqp=0 meanqp=0 picbytes=0 pskip=0 nalus=1 n1:149
  cu: inter64=0 inter32=0 inter16=0 inter8=0 intra32=0 intra16=0 intra8=0 intra4=0 reftype=0
  snapshot f072: 3 venc_ko blocks (pool0 0x73801000 len 0x10000)
src frame 73: srcf=15 off=296 br=2000
frame 73: send=0x0 get=0x0 len=121 coding=1 startqp=0 meanqp=0 picbytes=0 pskip=0 nalus=1 n1:121
  cu: inter64=0 inter32=0 inter16=0 inter8=0 intra32=0 intra16=0 intra8=0 intra4=0 reftype=0
  snapshot f073: 3 venc_ko blocks (pool0 0x73801000 len 0x10000)
src frame 74: srcf=16 off=300 br=2000
frame 74: send=0x0 get=0x0 len=153 coding=1 startqp=0 meanqp=0 picbytes=0 pskip=0 nalus=1 n1:153
  cu: inter64=0 inter32=0 inter16=0 inter8=0 intra32=0 intra16=0 intra8=0 intra4=0 reftype=0
  snapshot f074: 3 venc_ko blocks (pool0 0x73801000 len 0x10000)
src frame 75: srcf=17 off=304 br=2000
frame 75: send=0x0 get=0x0 len=115 coding=1 startqp=0 meanqp=0 picbytes=0 pskip=0 nalus=1 n1:115
  cu: inter64=0 inter32=0 inter16=0 inter8=0 intra32=0 intra16=0 intra8=0 intra4=0 reftype=0
  snapshot f075: 3 venc_ko blocks (pool0 0x73801000 len 0x10000)
src frame 76: srcf=18 off=308 br=2000
frame 76: send=0x0 get=0x0 len=136 coding=1 startqp=0 meanqp=0 picbytes=0 pskip=0 nalus=1 n1:136
  cu: inter64=0 inter32=0 inter16=0 inter8=0 intra32=0 intra16=0 intra8=0 intra4=0 reftype=0
  snapshot f076: 3 venc_ko blocks (pool0 0x73801000 len 0x10000)
src frame 77: srcf=19 off=312 br=2000
frame 77: send=0x0 get=0x0 len=129 coding=1 startqp=0 meanqp=0 picbytes=0 pskip=0 nalus=1 n1:129
  cu: inter64=0 inter32=0 inter16=0 inter8=0 intra32=0 intra16=0 intra8=0 intra4=0 reftype=0
  snapshot f077: 3 venc_ko blocks (pool0 0x73801000 len 0x10000)
src frame 78: srcf=20 off=316 br=2000
frame 78: send=0x0 get=0x0 len=142 coding=1 startqp=0 meanqp=0 picbytes=0 pskip=0 nalus=1 n1:142
  cu: inter64=0 inter32=0 inter16=0 inter8=0 intra32=0 intra16=0 intra8=0 intra4=0 reftype=0
  snapshot f078: 3 venc_ko blocks (pool0 0x73801000 len 0x10000)
src frame 79: srcf=21 off=320 br=2000
frame 79: send=0x0 get=0x0 len=118 coding=1 startqp=0 meanqp=0 picbytes=0 pskip=0 nalus=1 n1:118
  cu: inter64=0 inter32=0 inter16=0 inter8=0 intra32=0 intra16=0 intra8=0 intra4=0 reftype=0
  snapshot f079: 3 venc_ko blocks (pool0 0x73801000 len 0x10000)
src frame 80: srcf=22 off=324 br=2000
frame 80: send=0x0 get=0x0 len=134 coding=1 startqp=0 meanqp=0 picbytes=0 pskip=0 nalus=1 n1:134
  cu: inter64=0 inter32=0 inter16=0 inter8=0 intra32=0 intra16=0 intra8=0 intra4=0 reftype=0
  snapshot f080: 3 venc_ko blocks (pool0 0x73801000 len 0x10000)
src frame 81: srcf=23 off=328 br=2000
frame 81: send=0x0 get=0x0 len=159 coding=1 startqp=0 meanqp=0 picbytes=0 pskip=0 nalus=1 n1:159
  cu: inter64=0 inter32=0 inter16=0 inter8=0 intra32=0 intra16=0 intra8=0 intra4=0 reftype=0
  snapshot f081: 3 venc_ko blocks (pool0 0x73801000 len 0x10000)
src frame 82: srcf=24 off=332 br=2000
frame 82: send=0x0 get=0x0 len=130 coding=1 startqp=0 meanqp=0 picbytes=0 pskip=0 nalus=1 n1:130
  cu: inter64=0 inter32=0 inter16=0 inter8=0 intra32=0 intra16=0 intra8=0 intra4=0 reftype=0
  snapshot f082: 3 venc_ko blocks (pool0 0x73801000 len 0x10000)
src frame 83: srcf=25 off=336 br=2000
frame 83: send=0x0 get=0x0 len=166 coding=1 startqp=0 meanqp=0 picbytes=0 pskip=0 nalus=1 n1:166
  cu: inter64=0 inter32=0 inter16=0 inter8=0 intra32=0 intra16=0 intra8=0 intra4=0 reftype=0
  snapshot f083: 3 venc_ko blocks (pool0 0x73801000 len 0x10000)
src frame 84: srcf=26 off=340 br=2000
frame 84: send=0x0 get=0x0 len=167 coding=1 startqp=0 meanqp=0 picbytes=0 pskip=0 nalus=1 n1:167
  cu: inter64=0 inter32=0 inter16=0 inter8=0 intra32=0 intra16=0 intra8=0 intra4=0 reftype=0
  snapshot f084: 3 venc_ko blocks (pool0 0x73801000 len 0x10000)
src frame 85: srcf=27 off=344 br=2000
frame 85: send=0x0 get=0x0 len=140 coding=1 startqp=0 meanqp=0 picbytes=0 pskip=0 nalus=1 n1:140
  cu: inter64=0 inter32=0 inter16=0 inter8=0 intra32=0 intra16=0 intra8=0 intra4=0 reftype=0
  snapshot f085: 3 venc_ko blocks (pool0 0x73801000 len 0x10000)
src frame 86: srcf=28 off=348 br=2000
frame 86: send=0x0 get=0x0 len=182 coding=1 startqp=0 meanqp=0 picbytes=0 pskip=0 nalus=1 n1:182
  cu: inter64=0 inter32=0 inter16=0 inter8=0 intra32=0 intra16=0 intra8=0 intra4=0 reftype=0
  snapshot f086: 3 venc_ko blocks (pool0 0x73801000 len 0x10000)
src frame 87: srcf=29 off=352 br=2000
frame 87: send=0x0 get=0x0 len=150 coding=1 startqp=0 meanqp=0 picbytes=0 pskip=0 nalus=1 n1:150
  cu: inter64=0 inter32=0 inter16=0 inter8=0 intra32=0 intra16=0 intra8=0 intra4=0 reftype=0
  snapshot f087: 3 venc_ko blocks (pool0 0x73801000 len 0x10000)
src frame 88: srcf=28 off=356 br=2000
frame 88: send=0x0 get=0x0 len=140 coding=1 startqp=0 meanqp=0 picbytes=0 pskip=0 nalus=1 n1:140
  cu: inter64=0 inter32=0 inter16=0 inter8=0 intra32=0 intra16=0 intra8=0 intra4=0 reftype=0
  snapshot f088: 3 venc_ko blocks (pool0 0x73801000 len 0x10000)
src frame 89: srcf=27 off=360 br=2000
frame 89: send=0x0 get=0x0 len=151 coding=1 startqp=0 meanqp=0 picbytes=0 pskip=0 nalus=1 n1:151
  cu: inter64=0 inter32=0 inter16=0 inter8=0 intra32=0 intra16=0 intra8=0 intra4=0 reftype=0
  snapshot f089: 3 venc_ko blocks (pool0 0x73801000 len 0x10000)
src frame 90: srcf=26 off=364 br=2000
frame 90: send=0x0 get=0x0 len=22115 coding=0 startqp=0 meanqp=0 picbytes=0 pskip=0 nalus=4 n32:27 n33:53 n34:12 n19:22023
  cu: inter64=0 inter32=0 inter16=0 inter8=0 intra32=0 intra16=0 intra8=0 intra4=0 reftype=0
  snapshot f090: 3 venc_ko blocks (pool0 0x73801000 len 0x10000)
src frame 91: srcf=25 off=368 br=2000
frame 91: send=0x0 get=0x0 len=1068 coding=1 startqp=0 meanqp=0 picbytes=0 pskip=0 nalus=1 n1:1068
  cu: inter64=0 inter32=0 inter16=0 inter8=0 intra32=0 intra16=0 intra8=0 intra4=0 reftype=0
  snapshot f091: 3 venc_ko blocks (pool0 0x73801000 len 0x10000)
src frame 92: srcf=24 off=372 br=2000
frame 92: send=0x0 get=0x0 len=351 coding=1 startqp=0 meanqp=0 picbytes=0 pskip=0 nalus=1 n1:351
  cu: inter64=0 inter32=0 inter16=0 inter8=0 intra32=0 intra16=0 intra8=0 intra4=0 reftype=0
  snapshot f092: 3 venc_ko blocks (pool0 0x73801000 len 0x10000)
src frame 93: srcf=23 off=376 br=2000
frame 93: send=0x0 get=0x0 len=251 coding=1 startqp=0 meanqp=0 picbytes=0 pskip=0 nalus=1 n1:251
  cu: inter64=0 inter32=0 inter16=0 inter8=0 intra32=0 intra16=0 intra8=0 intra4=0 reftype=0
  snapshot f093: 3 venc_ko blocks (pool0 0x73801000 len 0x10000)
src frame 94: srcf=22 off=380 br=2000
frame 94: send=0x0 get=0x0 len=193 coding=1 startqp=0 meanqp=0 picbytes=0 pskip=0 nalus=1 n1:193
  cu: inter64=0 inter32=0 inter16=0 inter8=0 intra32=0 intra16=0 intra8=0 intra4=0 reftype=0
  snapshot f094: 3 venc_ko blocks (pool0 0x73801000 len 0x10000)
src frame 95: srcf=21 off=384 br=2000
frame 95: send=0x0 get=0x0 len=138 coding=1 startqp=0 meanqp=0 picbytes=0 pskip=0 nalus=1 n1:138
  cu: inter64=0 inter32=0 inter16=0 inter8=0 intra32=0 intra16=0 intra8=0 intra4=0 reftype=0
  snapshot f095: 3 venc_ko blocks (pool0 0x73801000 len 0x10000)
src frame 96: srcf=20 off=388 br=2000
frame 96: send=0x0 get=0x0 len=132 coding=1 startqp=0 meanqp=0 picbytes=0 pskip=0 nalus=1 n1:132
  cu: inter64=0 inter32=0 inter16=0 inter8=0 intra32=0 intra16=0 intra8=0 intra4=0 reftype=0
  snapshot f096: 3 venc_ko blocks (pool0 0x73801000 len 0x10000)
src frame 97: srcf=19 off=392 br=2000
frame 97: send=0x0 get=0x0 len=104 coding=1 startqp=0 meanqp=0 picbytes=0 pskip=0 nalus=1 n1:104
  cu: inter64=0 inter32=0 inter16=0 inter8=0 intra32=0 intra16=0 intra8=0 intra4=0 reftype=0
  snapshot f097: 3 venc_ko blocks (pool0 0x73801000 len 0x10000)
src frame 98: srcf=18 off=396 br=2000
frame 98: send=0x0 get=0x0 len=99 coding=1 startqp=0 meanqp=0 picbytes=0 pskip=0 nalus=1 n1:99
  cu: inter64=0 inter32=0 inter16=0 inter8=0 intra32=0 intra16=0 intra8=0 intra4=0 reftype=0
  snapshot f098: 3 venc_ko blocks (pool0 0x73801000 len 0x10000)
src frame 99: srcf=17 off=400 br=2000
frame 99: send=0x0 get=0x0 len=124 coding=1 startqp=0 meanqp=0 picbytes=0 pskip=0 nalus=1 n1:124
  cu: inter64=0 inter32=0 inter16=0 inter8=0 intra32=0 intra16=0 intra8=0 intra4=0 reftype=0
  snapshot f099: 3 venc_ko blocks (pool0 0x73801000 len 0x10000)
src frame 100: srcf=16 off=404 br=2000
frame 100: send=0x0 get=0x0 len=128 coding=1 startqp=0 meanqp=0 picbytes=0 pskip=0 nalus=1 n1:128
  cu: inter64=0 inter32=0 inter16=0 inter8=0 intra32=0 intra16=0 intra8=0 intra4=0 reftype=0
  snapshot f100: 3 venc_ko blocks (pool0 0x73801000 len 0x10000)
src frame 101: srcf=15 off=408 br=2000
frame 101: send=0x0 get=0x0 len=138 coding=1 startqp=0 meanqp=0 picbytes=0 pskip=0 nalus=1 n1:138
  cu: inter64=0 inter32=0 inter16=0 inter8=0 intra32=0 intra16=0 intra8=0 intra4=0 reftype=0
  snapshot f101: 3 venc_ko blocks (pool0 0x73801000 len 0x10000)
src frame 102: srcf=14 off=412 br=2000
frame 102: send=0x0 get=0x0 len=146 coding=1 startqp=0 meanqp=0 picbytes=0 pskip=0 nalus=1 n1:146
  cu: inter64=0 inter32=0 inter16=0 inter8=0 intra32=0 intra16=0 intra8=0 intra4=0 reftype=0
  snapshot f102: 3 venc_ko blocks (pool0 0x73801000 len 0x10000)
src frame 103: srcf=13 off=416 br=2000
frame 103: send=0x0 get=0x0 len=122 coding=1 startqp=0 meanqp=0 picbytes=0 pskip=0 nalus=1 n1:122
  cu: inter64=0 inter32=0 inter16=0 inter8=0 intra32=0 intra16=0 intra8=0 intra4=0 reftype=0
  snapshot f103: 3 venc_ko blocks (pool0 0x73801000 len 0x10000)
src frame 104: srcf=12 off=420 br=2000
frame 104: send=0x0 get=0x0 len=154 coding=1 startqp=0 meanqp=0 picbytes=0 pskip=0 nalus=1 n1:154
  cu: inter64=0 inter32=0 inter16=0 inter8=0 intra32=0 intra16=0 intra8=0 intra4=0 reftype=0
  snapshot f104: 3 venc_ko blocks (pool0 0x73801000 len 0x10000)
src frame 105: srcf=11 off=424 br=2000
frame 105: send=0x0 get=0x0 len=129 coding=1 startqp=0 meanqp=0 picbytes=0 pskip=0 nalus=1 n1:129
  cu: inter64=0 inter32=0 inter16=0 inter8=0 intra32=0 intra16=0 intra8=0 intra4=0 reftype=0
  snapshot f105: 3 venc_ko blocks (pool0 0x73801000 len 0x10000)
src frame 106: srcf=10 off=428 br=2000
frame 106: send=0x0 get=0x0 len=107 coding=1 startqp=0 meanqp=0 picbytes=0 pskip=0 nalus=1 n1:107
  cu: inter64=0 inter32=0 inter16=0 inter8=0 intra32=0 intra16=0 intra8=0 intra4=0 reftype=0
  snapshot f106: 3 venc_ko blocks (pool0 0x73801000 len 0x10000)
src frame 107: srcf=9 off=432 br=2000
frame 107: send=0x0 get=0x0 len=132 coding=1 startqp=0 meanqp=0 picbytes=0 pskip=0 nalus=1 n1:132
  cu: inter64=0 inter32=0 inter16=0 inter8=0 intra32=0 intra16=0 intra8=0 intra4=0 reftype=0
  snapshot f107: 3 venc_ko blocks (pool0 0x73801000 len 0x10000)
src frame 108: srcf=8 off=436 br=2000
frame 108: send=0x0 get=0x0 len=128 coding=1 startqp=0 meanqp=0 picbytes=0 pskip=0 nalus=1 n1:128
  cu: inter64=0 inter32=0 inter16=0 inter8=0 intra32=0 intra16=0 intra8=0 intra4=0 reftype=0
  snapshot f108: 3 venc_ko blocks (pool0 0x73801000 len 0x10000)
src frame 109: srcf=7 off=440 br=2000
frame 109: send=0x0 get=0x0 len=110 coding=1 startqp=0 meanqp=0 picbytes=0 pskip=0 nalus=1 n1:110
  cu: inter64=0 inter32=0 inter16=0 inter8=0 intra32=0 intra16=0 intra8=0 intra4=0 reftype=0
  snapshot f109: 3 venc_ko blocks (pool0 0x73801000 len 0x10000)
src frame 110: srcf=6 off=444 br=2000
frame 110: send=0x0 get=0x0 len=126 coding=1 startqp=0 meanqp=0 picbytes=0 pskip=0 nalus=1 n1:126
  cu: inter64=0 inter32=0 inter16=0 inter8=0 intra32=0 intra16=0 intra8=0 intra4=0 reftype=0
  snapshot f110: 3 venc_ko blocks (pool0 0x73801000 len 0x10000)
src frame 111: srcf=5 off=448 br=2000
frame 111: send=0x0 get=0x0 len=147 coding=1 startqp=0 meanqp=0 picbytes=0 pskip=0 nalus=1 n1:147
  cu: inter64=0 inter32=0 inter16=0 inter8=0 intra32=0 intra16=0 intra8=0 intra4=0 reftype=0
  snapshot f111: 3 venc_ko blocks (pool0 0x73801000 len 0x10000)
src frame 112: srcf=4 off=452 br=2000
frame 112: send=0x0 get=0x0 len=169 coding=1 startqp=0 meanqp=0 picbytes=0 pskip=0 nalus=1 n1:169
  cu: inter64=0 inter32=0 inter16=0 inter8=0 intra32=0 intra16=0 intra8=0 intra4=0 reftype=0
  snapshot f112: 3 venc_ko blocks (pool0 0x73801000 len 0x10000)
src frame 113: srcf=3 off=456 br=2000
frame 113: send=0x0 get=0x0 len=155 coding=1 startqp=0 meanqp=0 picbytes=0 pskip=0 nalus=1 n1:155
  cu: inter64=0 inter32=0 inter16=0 inter8=0 intra32=0 intra16=0 intra8=0 intra4=0 reftype=0
  snapshot f113: 3 venc_ko blocks (pool0 0x73801000 len 0x10000)
src frame 114: srcf=2 off=460 br=2000
frame 114: send=0x0 get=0x0 len=137 coding=1 startqp=0 meanqp=0 picbytes=0 pskip=0 nalus=1 n1:137
  cu: inter64=0 inter32=0 inter16=0 inter8=0 intra32=0 intra16=0 intra8=0 intra4=0 reftype=0
  snapshot f114: 3 venc_ko blocks (pool0 0x73801000 len 0x10000)
src frame 115: srcf=1 off=464 br=2000
frame 115: send=0x0 get=0x0 len=126 coding=1 startqp=0 meanqp=0 picbytes=0 pskip=0 nalus=1 n1:126
  cu: inter64=0 inter32=0 inter16=0 inter8=0 intra32=0 intra16=0 intra8=0 intra4=0 reftype=0
  snapshot f115: 3 venc_ko blocks (pool0 0x73801000 len 0x10000)
src frame 116: srcf=0 off=468 br=2000
frame 116: send=0x0 get=0x0 len=119 coding=1 startqp=0 meanqp=0 picbytes=0 pskip=0 nalus=1 n1:119
  cu: inter64=0 inter32=0 inter16=0 inter8=0 intra32=0 intra16=0 intra8=0 intra4=0 reftype=0
  snapshot f116: 3 venc_ko blocks (pool0 0x73801000 len 0x10000)
src frame 117: srcf=1 off=472 br=2000
frame 117: send=0x0 get=0x0 len=135 coding=1 startqp=0 meanqp=0 picbytes=0 pskip=0 nalus=1 n1:135
  cu: inter64=0 inter32=0 inter16=0 inter8=0 intra32=0 intra16=0 intra8=0 intra4=0 reftype=0
  snapshot f117: 3 venc_ko blocks (pool0 0x73801000 len 0x10000)
src frame 118: srcf=2 off=476 br=2000
frame 118: send=0x0 get=0x0 len=135 coding=1 startqp=0 meanqp=0 picbytes=0 pskip=0 nalus=1 n1:135
  cu: inter64=0 inter32=0 inter16=0 inter8=0 intra32=0 intra16=0 intra8=0 intra4=0 reftype=0
  snapshot f118: 3 venc_ko blocks (pool0 0x73801000 len 0x10000)
src frame 119: srcf=3 off=480 br=2000
frame 119: send=0x0 get=0x0 len=131 coding=1 startqp=0 meanqp=0 picbytes=0 pskip=0 nalus=1 n1:131
  cu: inter64=0 inter32=0 inter16=0 inter8=0 intra32=0 intra16=0 intra8=0 intra4=0 reftype=0
  snapshot f119: 3 venc_ko blocks (pool0 0x73801000 len 0x10000)
src frame 120: srcf=4 off=484 br=2000
frame 120: send=0x0 get=0x0 len=22209 coding=0 startqp=0 meanqp=0 picbytes=0 pskip=0 nalus=4 n32:27 n33:53 n34:12 n19:22117
  cu: inter64=0 inter32=0 inter16=0 inter8=0 intra32=0 intra16=0 intra8=0 intra4=0 reftype=0
  snapshot f120: 3 venc_ko blocks (pool0 0x73801000 len 0x10000)
src frame 121: srcf=5 off=488 br=2000
frame 121: send=0x0 get=0x0 len=992 coding=1 startqp=0 meanqp=0 picbytes=0 pskip=0 nalus=1 n1:992
  cu: inter64=0 inter32=0 inter16=0 inter8=0 intra32=0 intra16=0 intra8=0 intra4=0 reftype=0
  snapshot f121: 3 venc_ko blocks (pool0 0x73801000 len 0x10000)
src frame 122: srcf=6 off=492 br=2000
frame 122: send=0x0 get=0x0 len=375 coding=1 startqp=0 meanqp=0 picbytes=0 pskip=0 nalus=1 n1:375
  cu: inter64=0 inter32=0 inter16=0 inter8=0 intra32=0 intra16=0 intra8=0 intra4=0 reftype=0
  snapshot f122: 3 venc_ko blocks (pool0 0x73801000 len 0x10000)
src frame 123: srcf=7 off=496 br=2000
frame 123: send=0x0 get=0x0 len=161 coding=1 startqp=0 meanqp=0 picbytes=0 pskip=0 nalus=1 n1:161
  cu: inter64=0 inter32=0 inter16=0 inter8=0 intra32=0 intra16=0 intra8=0 intra4=0 reftype=0
  snapshot f123: 3 venc_ko blocks (pool0 0x73801000 len 0x10000)
src frame 124: srcf=8 off=500 br=2000
frame 124: send=0x0 get=0x0 len=135 coding=1 startqp=0 meanqp=0 picbytes=0 pskip=0 nalus=1 n1:135
  cu: inter64=0 inter32=0 inter16=0 inter8=0 intra32=0 intra16=0 intra8=0 intra4=0 reftype=0
  snapshot f124: 3 venc_ko blocks (pool0 0x73801000 len 0x10000)
src frame 125: srcf=9 off=504 br=2000
frame 125: send=0x0 get=0x0 len=119 coding=1 startqp=0 meanqp=0 picbytes=0 pskip=0 nalus=1 n1:119
  cu: inter64=0 inter32=0 inter16=0 inter8=0 intra32=0 intra16=0 intra8=0 intra4=0 reftype=0
  snapshot f125: 3 venc_ko blocks (pool0 0x73801000 len 0x10000)
src frame 126: srcf=10 off=508 br=2000
frame 126: send=0x0 get=0x0 len=100 coding=1 startqp=0 meanqp=0 picbytes=0 pskip=0 nalus=1 n1:100
  cu: inter64=0 inter32=0 inter16=0 inter8=0 intra32=0 intra16=0 intra8=0 intra4=0 reftype=0
  snapshot f126: 3 venc_ko blocks (pool0 0x73801000 len 0x10000)
src frame 127: srcf=11 off=512 br=2000
frame 127: send=0x0 get=0x0 len=121 coding=1 startqp=0 meanqp=0 picbytes=0 pskip=0 nalus=1 n1:121
  cu: inter64=0 inter32=0 inter16=0 inter8=0 intra32=0 intra16=0 intra8=0 intra4=0 reftype=0
  snapshot f127: 3 venc_ko blocks (pool0 0x73801000 len 0x10000)
src frame 128: srcf=12 off=516 br=2000
frame 128: send=0x0 get=0x0 len=97 coding=1 startqp=0 meanqp=0 picbytes=0 pskip=0 nalus=1 n1:97
  cu: inter64=0 inter32=0 inter16=0 inter8=0 intra32=0 intra16=0 intra8=0 intra4=0 reftype=0
  snapshot f128: 3 venc_ko blocks (pool0 0x73801000 len 0x10000)
src frame 129: srcf=13 off=520 br=2000
frame 129: send=0x0 get=0x0 len=118 coding=1 startqp=0 meanqp=0 picbytes=0 pskip=0 nalus=1 n1:118
  cu: inter64=0 inter32=0 inter16=0 inter8=0 intra32=0 intra16=0 intra8=0 intra4=0 reftype=0
  snapshot f129: 3 venc_ko blocks (pool0 0x73801000 len 0x10000)
src frame 130: srcf=14 off=524 br=2000
frame 130: send=0x0 get=0x0 len=103 coding=1 startqp=0 meanqp=0 picbytes=0 pskip=0 nalus=1 n1:103
  cu: inter64=0 inter32=0 inter16=0 inter8=0 intra32=0 intra16=0 intra8=0 intra4=0 reftype=0
  snapshot f130: 3 venc_ko blocks (pool0 0x73801000 len 0x10000)
src frame 131: srcf=15 off=528 br=2000
frame 131: send=0x0 get=0x0 len=101 coding=1 startqp=0 meanqp=0 picbytes=0 pskip=0 nalus=1 n1:101
  cu: inter64=0 inter32=0 inter16=0 inter8=0 intra32=0 intra16=0 intra8=0 intra4=0 reftype=0
  snapshot f131: 3 venc_ko blocks (pool0 0x73801000 len 0x10000)
src frame 132: srcf=16 off=532 br=2000
frame 132: send=0x0 get=0x0 len=94 coding=1 startqp=0 meanqp=0 picbytes=0 pskip=0 nalus=1 n1:94
  cu: inter64=0 inter32=0 inter16=0 inter8=0 intra32=0 intra16=0 intra8=0 intra4=0 reftype=0
  snapshot f132: 3 venc_ko blocks (pool0 0x73801000 len 0x10000)
src frame 133: srcf=17 off=536 br=2000
frame 133: send=0x0 get=0x0 len=112 coding=1 startqp=0 meanqp=0 picbytes=0 pskip=0 nalus=1 n1:112
  cu: inter64=0 inter32=0 inter16=0 inter8=0 intra32=0 intra16=0 intra8=0 intra4=0 reftype=0
  snapshot f133: 3 venc_ko blocks (pool0 0x73801000 len 0x10000)
src frame 134: srcf=18 off=540 br=2000
frame 134: send=0x0 get=0x0 len=145 coding=1 startqp=0 meanqp=0 picbytes=0 pskip=0 nalus=1 n1:145
  cu: inter64=0 inter32=0 inter16=0 inter8=0 intra32=0 intra16=0 intra8=0 intra4=0 reftype=0
  snapshot f134: 3 venc_ko blocks (pool0 0x73801000 len 0x10000)
src frame 135: srcf=19 off=544 br=2000
frame 135: send=0x0 get=0x0 len=160 coding=1 startqp=0 meanqp=0 picbytes=0 pskip=0 nalus=1 n1:160
  cu: inter64=0 inter32=0 inter16=0 inter8=0 intra32=0 intra16=0 intra8=0 intra4=0 reftype=0
  snapshot f135: 3 venc_ko blocks (pool0 0x73801000 len 0x10000)
src frame 136: srcf=20 off=548 br=2000
frame 136: send=0x0 get=0x0 len=158 coding=1 startqp=0 meanqp=0 picbytes=0 pskip=0 nalus=1 n1:158
  cu: inter64=0 inter32=0 inter16=0 inter8=0 intra32=0 intra16=0 intra8=0 intra4=0 reftype=0
  snapshot f136: 3 venc_ko blocks (pool0 0x73801000 len 0x10000)
src frame 137: srcf=21 off=552 br=2000
frame 137: send=0x0 get=0x0 len=152 coding=1 startqp=0 meanqp=0 picbytes=0 pskip=0 nalus=1 n1:152
  cu: inter64=0 inter32=0 inter16=0 inter8=0 intra32=0 intra16=0 intra8=0 intra4=0 reftype=0
  snapshot f137: 3 venc_ko blocks (pool0 0x73801000 len 0x10000)
src frame 138: srcf=22 off=556 br=2000
frame 138: send=0x0 get=0x0 len=108 coding=1 startqp=0 meanqp=0 picbytes=0 pskip=0 nalus=1 n1:108
  cu: inter64=0 inter32=0 inter16=0 inter8=0 intra32=0 intra16=0 intra8=0 intra4=0 reftype=0
  snapshot f138: 3 venc_ko blocks (pool0 0x73801000 len 0x10000)
src frame 139: srcf=23 off=560 br=2000
frame 139: send=0x0 get=0x0 len=107 coding=1 startqp=0 meanqp=0 picbytes=0 pskip=0 nalus=1 n1:107
  cu: inter64=0 inter32=0 inter16=0 inter8=0 intra32=0 intra16=0 intra8=0 intra4=0 reftype=0
  snapshot f139: 3 venc_ko blocks (pool0 0x73801000 len 0x10000)
src frame 140: srcf=24 off=564 br=2000
frame 140: send=0x0 get=0x0 len=97 coding=1 startqp=0 meanqp=0 picbytes=0 pskip=0 nalus=1 n1:97
  cu: inter64=0 inter32=0 inter16=0 inter8=0 intra32=0 intra16=0 intra8=0 intra4=0 reftype=0
  snapshot f140: 3 venc_ko blocks (pool0 0x73801000 len 0x10000)
src frame 141: srcf=25 off=568 br=2000
frame 141: send=0x0 get=0x0 len=104 coding=1 startqp=0 meanqp=0 picbytes=0 pskip=0 nalus=1 n1:104
  cu: inter64=0 inter32=0 inter16=0 inter8=0 intra32=0 intra16=0 intra8=0 intra4=0 reftype=0
  snapshot f141: 3 venc_ko blocks (pool0 0x73801000 len 0x10000)
src frame 142: srcf=26 off=572 br=2000
frame 142: send=0x0 get=0x0 len=108 coding=1 startqp=0 meanqp=0 picbytes=0 pskip=0 nalus=1 n1:108
  cu: inter64=0 inter32=0 inter16=0 inter8=0 intra32=0 intra16=0 intra8=0 intra4=0 reftype=0
  snapshot f142: 3 venc_ko blocks (pool0 0x73801000 len 0x10000)
src frame 143: srcf=27 off=576 br=2000
frame 143: send=0x0 get=0x0 len=125 coding=1 startqp=0 meanqp=0 picbytes=0 pskip=0 nalus=1 n1:125
  cu: inter64=0 inter32=0 inter16=0 inter8=0 intra32=0 intra16=0 intra8=0 intra4=0 reftype=0
  snapshot f143: 3 venc_ko blocks (pool0 0x73801000 len 0x10000)
src frame 144: srcf=28 off=580 br=2000
frame 144: send=0x0 get=0x0 len=149 coding=1 startqp=0 meanqp=0 picbytes=0 pskip=0 nalus=1 n1:149
  cu: inter64=0 inter32=0 inter16=0 inter8=0 intra32=0 intra16=0 intra8=0 intra4=0 reftype=0
  snapshot f144: 3 venc_ko blocks (pool0 0x73801000 len 0x10000)
src frame 145: srcf=29 off=584 br=2000
frame 145: send=0x0 get=0x0 len=146 coding=1 startqp=0 meanqp=0 picbytes=0 pskip=0 nalus=1 n1:146
  cu: inter64=0 inter32=0 inter16=0 inter8=0 intra32=0 intra16=0 intra8=0 intra4=0 reftype=0
  snapshot f145: 3 venc_ko blocks (pool0 0x73801000 len 0x10000)
src frame 146: srcf=28 off=588 br=2000
frame 146: send=0x0 get=0x0 len=149 coding=1 startqp=0 meanqp=0 picbytes=0 pskip=0 nalus=1 n1:149
  cu: inter64=0 inter32=0 inter16=0 inter8=0 intra32=0 intra16=0 intra8=0 intra4=0 reftype=0
  snapshot f146: 3 venc_ko blocks (pool0 0x73801000 len 0x10000)
src frame 147: srcf=27 off=592 br=2000
frame 147: send=0x0 get=0x0 len=118 coding=1 startqp=0 meanqp=0 picbytes=0 pskip=0 nalus=1 n1:118
  cu: inter64=0 inter32=0 inter16=0 inter8=0 intra32=0 intra16=0 intra8=0 intra4=0 reftype=0
  snapshot f147: 3 venc_ko blocks (pool0 0x73801000 len 0x10000)
src frame 148: srcf=26 off=596 br=2000
frame 148: send=0x0 get=0x0 len=122 coding=1 startqp=0 meanqp=0 picbytes=0 pskip=0 nalus=1 n1:122
  cu: inter64=0 inter32=0 inter16=0 inter8=0 intra32=0 intra16=0 intra8=0 intra4=0 reftype=0
  snapshot f148: 3 venc_ko blocks (pool0 0x73801000 len 0x10000)
src frame 149: srcf=25 off=600 br=2000
frame 149: send=0x0 get=0x0 len=152 coding=1 startqp=0 meanqp=0 picbytes=0 pskip=0 nalus=1 n1:152
  cu: inter64=0 inter32=0 inter16=0 inter8=0 intra32=0 intra16=0 intra8=0 intra4=0 reftype=0
  snapshot f149: 3 venc_ko blocks (pool0 0x73801000 len 0x10000)
src frame 150: srcf=24 off=604 br=2000
frame 150: send=0x0 get=0x0 len=22063 coding=0 startqp=0 meanqp=0 picbytes=0 pskip=0 nalus=4 n32:27 n33:53 n34:12 n19:21971
  cu: inter64=0 inter32=0 inter16=0 inter8=0 intra32=0 intra16=0 intra8=0 intra4=0 reftype=0
  snapshot f150: 3 venc_ko blocks (pool0 0x73801000 len 0x10000)
src frame 151: srcf=23 off=608 br=2000
frame 151: send=0x0 get=0x0 len=1043 coding=1 startqp=0 meanqp=0 picbytes=0 pskip=0 nalus=1 n1:1043
  cu: inter64=0 inter32=0 inter16=0 inter8=0 intra32=0 intra16=0 intra8=0 intra4=0 reftype=0
  snapshot f151: 3 venc_ko blocks (pool0 0x73801000 len 0x10000)
src frame 152: srcf=22 off=612 br=2000
frame 152: send=0x0 get=0x0 len=521 coding=1 startqp=0 meanqp=0 picbytes=0 pskip=0 nalus=1 n1:521
  cu: inter64=0 inter32=0 inter16=0 inter8=0 intra32=0 intra16=0 intra8=0 intra4=0 reftype=0
  snapshot f152: 3 venc_ko blocks (pool0 0x73801000 len 0x10000)
src frame 153: srcf=21 off=616 br=2000
frame 153: send=0x0 get=0x0 len=321 coding=1 startqp=0 meanqp=0 picbytes=0 pskip=0 nalus=1 n1:321
  cu: inter64=0 inter32=0 inter16=0 inter8=0 intra32=0 intra16=0 intra8=0 intra4=0 reftype=0
  snapshot f153: 3 venc_ko blocks (pool0 0x73801000 len 0x10000)
src frame 154: srcf=20 off=620 br=2000
frame 154: send=0x0 get=0x0 len=342 coding=1 startqp=0 meanqp=0 picbytes=0 pskip=0 nalus=1 n1:342
  cu: inter64=0 inter32=0 inter16=0 inter8=0 intra32=0 intra16=0 intra8=0 intra4=0 reftype=0
  snapshot f154: 3 venc_ko blocks (pool0 0x73801000 len 0x10000)
src frame 155: srcf=19 off=624 br=2000
frame 155: send=0x0 get=0x0 len=185 coding=1 startqp=0 meanqp=0 picbytes=0 pskip=0 nalus=1 n1:185
  cu: inter64=0 inter32=0 inter16=0 inter8=0 intra32=0 intra16=0 intra8=0 intra4=0 reftype=0
  snapshot f155: 3 venc_ko blocks (pool0 0x73801000 len 0x10000)
src frame 156: srcf=18 off=628 br=2000
frame 156: send=0x0 get=0x0 len=136 coding=1 startqp=0 meanqp=0 picbytes=0 pskip=0 nalus=1 n1:136
  cu: inter64=0 inter32=0 inter16=0 inter8=0 intra32=0 intra16=0 intra8=0 intra4=0 reftype=0
  snapshot f156: 3 venc_ko blocks (pool0 0x73801000 len 0x10000)
src frame 157: srcf=17 off=632 br=2000
frame 157: send=0x0 get=0x0 len=100 coding=1 startqp=0 meanqp=0 picbytes=0 pskip=0 nalus=1 n1:100
  cu: inter64=0 inter32=0 inter16=0 inter8=0 intra32=0 intra16=0 intra8=0 intra4=0 reftype=0
  snapshot f157: 3 venc_ko blocks (pool0 0x73801000 len 0x10000)
src frame 158: srcf=16 off=636 br=2000
frame 158: send=0x0 get=0x0 len=93 coding=1 startqp=0 meanqp=0 picbytes=0 pskip=0 nalus=1 n1:93
  cu: inter64=0 inter32=0 inter16=0 inter8=0 intra32=0 intra16=0 intra8=0 intra4=0 reftype=0
  snapshot f158: 3 venc_ko blocks (pool0 0x73801000 len 0x10000)
src frame 159: srcf=15 off=640 br=2000
frame 159: send=0x0 get=0x0 len=112 coding=1 startqp=0 meanqp=0 picbytes=0 pskip=0 nalus=1 n1:112
  cu: inter64=0 inter32=0 inter16=0 inter8=0 intra32=0 intra16=0 intra8=0 intra4=0 reftype=0
  snapshot f159: 3 venc_ko blocks (pool0 0x73801000 len 0x10000)
src frame 160: srcf=14 off=644 br=2000
frame 160: send=0x0 get=0x0 len=99 coding=1 startqp=0 meanqp=0 picbytes=0 pskip=0 nalus=1 n1:99
  cu: inter64=0 inter32=0 inter16=0 inter8=0 intra32=0 intra16=0 intra8=0 intra4=0 reftype=0
  snapshot f160: 3 venc_ko blocks (pool0 0x73801000 len 0x10000)
src frame 161: srcf=13 off=648 br=2000
frame 161: send=0x0 get=0x0 len=104 coding=1 startqp=0 meanqp=0 picbytes=0 pskip=0 nalus=1 n1:104
  cu: inter64=0 inter32=0 inter16=0 inter8=0 intra32=0 intra16=0 intra8=0 intra4=0 reftype=0
  snapshot f161: 3 venc_ko blocks (pool0 0x73801000 len 0x10000)
src frame 162: srcf=12 off=652 br=2000
frame 162: send=0x0 get=0x0 len=95 coding=1 startqp=0 meanqp=0 picbytes=0 pskip=0 nalus=1 n1:95
  cu: inter64=0 inter32=0 inter16=0 inter8=0 intra32=0 intra16=0 intra8=0 intra4=0 reftype=0
  snapshot f162: 3 venc_ko blocks (pool0 0x73801000 len 0x10000)
src frame 163: srcf=11 off=656 br=2000
frame 163: send=0x0 get=0x0 len=93 coding=1 startqp=0 meanqp=0 picbytes=0 pskip=0 nalus=1 n1:93
  cu: inter64=0 inter32=0 inter16=0 inter8=0 intra32=0 intra16=0 intra8=0 intra4=0 reftype=0
  snapshot f163: 3 venc_ko blocks (pool0 0x73801000 len 0x10000)
src frame 164: srcf=10 off=660 br=2000
frame 164: send=0x0 get=0x0 len=92 coding=1 startqp=0 meanqp=0 picbytes=0 pskip=0 nalus=1 n1:92
  cu: inter64=0 inter32=0 inter16=0 inter8=0 intra32=0 intra16=0 intra8=0 intra4=0 reftype=0
  snapshot f164: 3 venc_ko blocks (pool0 0x73801000 len 0x10000)
src frame 165: srcf=9 off=664 br=2000
frame 165: send=0x0 get=0x0 len=116 coding=1 startqp=0 meanqp=0 picbytes=0 pskip=0 nalus=1 n1:116
  cu: inter64=0 inter32=0 inter16=0 inter8=0 intra32=0 intra16=0 intra8=0 intra4=0 reftype=0
  snapshot f165: 3 venc_ko blocks (pool0 0x73801000 len 0x10000)
src frame 166: srcf=8 off=668 br=2000
frame 166: send=0x0 get=0x0 len=128 coding=1 startqp=0 meanqp=0 picbytes=0 pskip=0 nalus=1 n1:128
  cu: inter64=0 inter32=0 inter16=0 inter8=0 intra32=0 intra16=0 intra8=0 intra4=0 reftype=0
  snapshot f166: 3 venc_ko blocks (pool0 0x73801000 len 0x10000)
src frame 167: srcf=7 off=672 br=2000
frame 167: send=0x0 get=0x0 len=163 coding=1 startqp=0 meanqp=0 picbytes=0 pskip=0 nalus=1 n1:163
  cu: inter64=0 inter32=0 inter16=0 inter8=0 intra32=0 intra16=0 intra8=0 intra4=0 reftype=0
  snapshot f167: 3 venc_ko blocks (pool0 0x73801000 len 0x10000)
src frame 168: srcf=6 off=676 br=2000
frame 168: send=0x0 get=0x0 len=116 coding=1 startqp=0 meanqp=0 picbytes=0 pskip=0 nalus=1 n1:116
  cu: inter64=0 inter32=0 inter16=0 inter8=0 intra32=0 intra16=0 intra8=0 intra4=0 reftype=0
  snapshot f168: 3 venc_ko blocks (pool0 0x73801000 len 0x10000)
src frame 169: srcf=5 off=680 br=2000
frame 169: send=0x0 get=0x0 len=102 coding=1 startqp=0 meanqp=0 picbytes=0 pskip=0 nalus=1 n1:102
  cu: inter64=0 inter32=0 inter16=0 inter8=0 intra32=0 intra16=0 intra8=0 intra4=0 reftype=0
  snapshot f169: 3 venc_ko blocks (pool0 0x73801000 len 0x10000)
src frame 170: srcf=4 off=684 br=2000
frame 170: send=0x0 get=0x0 len=97 coding=1 startqp=0 meanqp=0 picbytes=0 pskip=0 nalus=1 n1:97
  cu: inter64=0 inter32=0 inter16=0 inter8=0 intra32=0 intra16=0 intra8=0 intra4=0 reftype=0
  snapshot f170: 3 venc_ko blocks (pool0 0x73801000 len 0x10000)
src frame 171: srcf=3 off=688 br=2000
frame 171: send=0x0 get=0x0 len=99 coding=1 startqp=0 meanqp=0 picbytes=0 pskip=0 nalus=1 n1:99
  cu: inter64=0 inter32=0 inter16=0 inter8=0 intra32=0 intra16=0 intra8=0 intra4=0 reftype=0
  snapshot f171: 3 venc_ko blocks (pool0 0x73801000 len 0x10000)
src frame 172: srcf=2 off=692 br=2000
frame 172: send=0x0 get=0x0 len=93 coding=1 startqp=0 meanqp=0 picbytes=0 pskip=0 nalus=1 n1:93
  cu: inter64=0 inter32=0 inter16=0 inter8=0 intra32=0 intra16=0 intra8=0 intra4=0 reftype=0
  snapshot f172: 3 venc_ko blocks (pool0 0x73801000 len 0x10000)
src frame 173: srcf=1 off=696 br=2000
frame 173: send=0x0 get=0x0 len=97 coding=1 startqp=0 meanqp=0 picbytes=0 pskip=0 nalus=1 n1:97
  cu: inter64=0 inter32=0 inter16=0 inter8=0 intra32=0 intra16=0 intra8=0 intra4=0 reftype=0
  snapshot f173: 3 venc_ko blocks (pool0 0x73801000 len 0x10000)
src frame 174: srcf=0 off=700 br=2000
frame 174: send=0x0 get=0x0 len=104 coding=1 startqp=0 meanqp=0 picbytes=0 pskip=0 nalus=1 n1:104
  cu: inter64=0 inter32=0 inter16=0 inter8=0 intra32=0 intra16=0 intra8=0 intra4=0 reftype=0
  snapshot f174: 3 venc_ko blocks (pool0 0x73801000 len 0x10000)
src frame 175: srcf=1 off=704 br=2000
frame 175: send=0x0 get=0x0 len=104 coding=1 startqp=0 meanqp=0 picbytes=0 pskip=0 nalus=1 n1:104
  cu: inter64=0 inter32=0 inter16=0 inter8=0 intra32=0 intra16=0 intra8=0 intra4=0 reftype=0
  snapshot f175: 3 venc_ko blocks (pool0 0x73801000 len 0x10000)
src frame 176: srcf=2 off=708 br=2000
frame 176: send=0x0 get=0x0 len=96 coding=1 startqp=0 meanqp=0 picbytes=0 pskip=0 nalus=1 n1:96
  cu: inter64=0 inter32=0 inter16=0 inter8=0 intra32=0 intra16=0 intra8=0 intra4=0 reftype=0
  snapshot f176: 3 venc_ko blocks (pool0 0x73801000 len 0x10000)
src frame 177: srcf=3 off=712 br=2000
frame 177: send=0x0 get=0x0 len=109 coding=1 startqp=0 meanqp=0 picbytes=0 pskip=0 nalus=1 n1:109
  cu: inter64=0 inter32=0 inter16=0 inter8=0 intra32=0 intra16=0 intra8=0 intra4=0 reftype=0
  snapshot f177: 3 venc_ko blocks (pool0 0x73801000 len 0x10000)
src frame 178: srcf=4 off=716 br=2000
frame 178: send=0x0 get=0x0 len=93 coding=1 startqp=0 meanqp=0 picbytes=0 pskip=0 nalus=1 n1:93
  cu: inter64=0 inter32=0 inter16=0 inter8=0 intra32=0 intra16=0 intra8=0 intra4=0 reftype=0
  snapshot f178: 3 venc_ko blocks (pool0 0x73801000 len 0x10000)
src frame 179: srcf=5 off=720 br=2000
frame 179: send=0x0 get=0x0 len=90 coding=1 startqp=0 meanqp=0 picbytes=0 pskip=0 nalus=1 n1:90
  cu: inter64=0 inter32=0 inter16=0 inter8=0 intra32=0 intra16=0 intra8=0 intra4=0 reftype=0
  snapshot f179: 3 venc_ko blocks (pool0 0x73801000 len 0x10000)
src frame 180: srcf=6 off=724 br=2000
frame 180: send=0x0 get=0x0 len=22204 coding=0 startqp=0 meanqp=0 picbytes=0 pskip=0 nalus=4 n32:27 n33:53 n34:12 n19:22112
  cu: inter64=0 inter32=0 inter16=0 inter8=0 intra32=0 intra16=0 intra8=0 intra4=0 reftype=0
  snapshot f180: 3 venc_ko blocks (pool0 0x73801000 len 0x10000)
src frame 181: srcf=7 off=728 br=2000
frame 181: send=0x0 get=0x0 len=974 coding=1 startqp=0 meanqp=0 picbytes=0 pskip=0 nalus=1 n1:974
  cu: inter64=0 inter32=0 inter16=0 inter8=0 intra32=0 intra16=0 intra8=0 intra4=0 reftype=0
  snapshot f181: 3 venc_ko blocks (pool0 0x73801000 len 0x10000)
src frame 182: srcf=8 off=732 br=2000
frame 182: send=0x0 get=0x0 len=323 coding=1 startqp=0 meanqp=0 picbytes=0 pskip=0 nalus=1 n1:323
  cu: inter64=0 inter32=0 inter16=0 inter8=0 intra32=0 intra16=0 intra8=0 intra4=0 reftype=0
  snapshot f182: 3 venc_ko blocks (pool0 0x73801000 len 0x10000)
src frame 183: srcf=9 off=736 br=2000
frame 183: send=0x0 get=0x0 len=221 coding=1 startqp=0 meanqp=0 picbytes=0 pskip=0 nalus=1 n1:221
  cu: inter64=0 inter32=0 inter16=0 inter8=0 intra32=0 intra16=0 intra8=0 intra4=0 reftype=0
  snapshot f183: 3 venc_ko blocks (pool0 0x73801000 len 0x10000)
src frame 184: srcf=10 off=740 br=2000
frame 184: send=0x0 get=0x0 len=255 coding=1 startqp=0 meanqp=0 picbytes=0 pskip=0 nalus=1 n1:255
  cu: inter64=0 inter32=0 inter16=0 inter8=0 intra32=0 intra16=0 intra8=0 intra4=0 reftype=0
  snapshot f184: 3 venc_ko blocks (pool0 0x73801000 len 0x10000)
src frame 185: srcf=11 off=744 br=2000
frame 185: send=0x0 get=0x0 len=218 coding=1 startqp=0 meanqp=0 picbytes=0 pskip=0 nalus=1 n1:218
  cu: inter64=0 inter32=0 inter16=0 inter8=0 intra32=0 intra16=0 intra8=0 intra4=0 reftype=0
  snapshot f185: 3 venc_ko blocks (pool0 0x73801000 len 0x10000)
src frame 186: srcf=12 off=748 br=2000
frame 186: send=0x0 get=0x0 len=274 coding=1 startqp=0 meanqp=0 picbytes=0 pskip=0 nalus=1 n1:274
  cu: inter64=0 inter32=0 inter16=0 inter8=0 intra32=0 intra16=0 intra8=0 intra4=0 reftype=0
  snapshot f186: 3 venc_ko blocks (pool0 0x73801000 len 0x10000)
src frame 187: srcf=13 off=752 br=2000
frame 187: send=0x0 get=0x0 len=137 coding=1 startqp=0 meanqp=0 picbytes=0 pskip=0 nalus=1 n1:137
  cu: inter64=0 inter32=0 inter16=0 inter8=0 intra32=0 intra16=0 intra8=0 intra4=0 reftype=0
  snapshot f187: 3 venc_ko blocks (pool0 0x73801000 len 0x10000)
src frame 188: srcf=14 off=756 br=2000
frame 188: send=0x0 get=0x0 len=91 coding=1 startqp=0 meanqp=0 picbytes=0 pskip=0 nalus=1 n1:91
  cu: inter64=0 inter32=0 inter16=0 inter8=0 intra32=0 intra16=0 intra8=0 intra4=0 reftype=0
  snapshot f188: 3 venc_ko blocks (pool0 0x73801000 len 0x10000)
src frame 189: srcf=15 off=760 br=2000
frame 189: send=0x0 get=0x0 len=79 coding=1 startqp=0 meanqp=0 picbytes=0 pskip=0 nalus=1 n1:79
  cu: inter64=0 inter32=0 inter16=0 inter8=0 intra32=0 intra16=0 intra8=0 intra4=0 reftype=0
  snapshot f189: 3 venc_ko blocks (pool0 0x73801000 len 0x10000)
src frame 190: srcf=16 off=764 br=2000
frame 190: send=0x0 get=0x0 len=79 coding=1 startqp=0 meanqp=0 picbytes=0 pskip=0 nalus=1 n1:79
  cu: inter64=0 inter32=0 inter16=0 inter8=0 intra32=0 intra16=0 intra8=0 intra4=0 reftype=0
  snapshot f190: 3 venc_ko blocks (pool0 0x73801000 len 0x10000)
src frame 191: srcf=17 off=768 br=2000
frame 191: send=0x0 get=0x0 len=87 coding=1 startqp=0 meanqp=0 picbytes=0 pskip=0 nalus=1 n1:87
  cu: inter64=0 inter32=0 inter16=0 inter8=0 intra32=0 intra16=0 intra8=0 intra4=0 reftype=0
  snapshot f191: 3 venc_ko blocks (pool0 0x73801000 len 0x10000)
src frame 192: srcf=18 off=772 br=2000
frame 192: send=0x0 get=0x0 len=83 coding=1 startqp=0 meanqp=0 picbytes=0 pskip=0 nalus=1 n1:83
  cu: inter64=0 inter32=0 inter16=0 inter8=0 intra32=0 intra16=0 intra8=0 intra4=0 reftype=0
  snapshot f192: 3 venc_ko blocks (pool0 0x73801000 len 0x10000)
src frame 193: srcf=19 off=776 br=2000
frame 193: send=0x0 get=0x0 len=96 coding=1 startqp=0 meanqp=0 picbytes=0 pskip=0 nalus=1 n1:96
  cu: inter64=0 inter32=0 inter16=0 inter8=0 intra32=0 intra16=0 intra8=0 intra4=0 reftype=0
  snapshot f193: 3 venc_ko blocks (pool0 0x73801000 len 0x10000)
src frame 194: srcf=20 off=780 br=2000
frame 194: send=0x0 get=0x0 len=115 coding=1 startqp=0 meanqp=0 picbytes=0 pskip=0 nalus=1 n1:115
  cu: inter64=0 inter32=0 inter16=0 inter8=0 intra32=0 intra16=0 intra8=0 intra4=0 reftype=0
  snapshot f194: 3 venc_ko blocks (pool0 0x73801000 len 0x10000)
src frame 195: srcf=21 off=784 br=2000
frame 195: send=0x0 get=0x0 len=93 coding=1 startqp=0 meanqp=0 picbytes=0 pskip=0 nalus=1 n1:93
  cu: inter64=0 inter32=0 inter16=0 inter8=0 intra32=0 intra16=0 intra8=0 intra4=0 reftype=0
  snapshot f195: 3 venc_ko blocks (pool0 0x73801000 len 0x10000)
src frame 196: srcf=22 off=788 br=2000
frame 196: send=0x0 get=0x0 len=99 coding=1 startqp=0 meanqp=0 picbytes=0 pskip=0 nalus=1 n1:99
  cu: inter64=0 inter32=0 inter16=0 inter8=0 intra32=0 intra16=0 intra8=0 intra4=0 reftype=0
  snapshot f196: 3 venc_ko blocks (pool0 0x73801000 len 0x10000)
src frame 197: srcf=23 off=792 br=2000
frame 197: send=0x0 get=0x0 len=90 coding=1 startqp=0 meanqp=0 picbytes=0 pskip=0 nalus=1 n1:90
  cu: inter64=0 inter32=0 inter16=0 inter8=0 intra32=0 intra16=0 intra8=0 intra4=0 reftype=0
  snapshot f197: 3 venc_ko blocks (pool0 0x73801000 len 0x10000)
src frame 198: srcf=24 off=796 br=2000
frame 198: send=0x0 get=0x0 len=84 coding=1 startqp=0 meanqp=0 picbytes=0 pskip=0 nalus=1 n1:84
  cu: inter64=0 inter32=0 inter16=0 inter8=0 intra32=0 intra16=0 intra8=0 intra4=0 reftype=0
  snapshot f198: 3 venc_ko blocks (pool0 0x73801000 len 0x10000)
src frame 199: srcf=25 off=800 br=2000
frame 199: send=0x0 get=0x0 len=81 coding=1 startqp=0 meanqp=0 picbytes=0 pskip=0 nalus=1 n1:81
  cu: inter64=0 inter32=0 inter16=0 inter8=0 intra32=0 intra16=0 intra8=0 intra4=0 reftype=0
  snapshot f199: 3 venc_ko blocks (pool0 0x73801000 len 0x10000)
src frame 200: srcf=26 off=804 br=2000
frame 200: send=0x0 get=0x0 len=81 coding=1 startqp=0 meanqp=0 picbytes=0 pskip=0 nalus=1 n1:81
  cu: inter64=0 inter32=0 inter16=0 inter8=0 intra32=0 intra16=0 intra8=0 intra4=0 reftype=0
  snapshot f200: 3 venc_ko blocks (pool0 0x73801000 len 0x10000)
src frame 201: srcf=27 off=808 br=2000
frame 201: send=0x0 get=0x0 len=79 coding=1 startqp=0 meanqp=0 picbytes=0 pskip=0 nalus=1 n1:79
  cu: inter64=0 inter32=0 inter16=0 inter8=0 intra32=0 intra16=0 intra8=0 intra4=0 reftype=0
  snapshot f201: 3 venc_ko blocks (pool0 0x73801000 len 0x10000)
src frame 202: srcf=28 off=812 br=2000
frame 202: send=0x0 get=0x0 len=103 coding=1 startqp=0 meanqp=0 picbytes=0 pskip=0 nalus=1 n1:103
  cu: inter64=0 inter32=0 inter16=0 inter8=0 intra32=0 intra16=0 intra8=0 intra4=0 reftype=0
  snapshot f202: 3 venc_ko blocks (pool0 0x73801000 len 0x10000)
src frame 203: srcf=29 off=816 br=2000
frame 203: send=0x0 get=0x0 len=95 coding=1 startqp=0 meanqp=0 picbytes=0 pskip=0 nalus=1 n1:95
  cu: inter64=0 inter32=0 inter16=0 inter8=0 intra32=0 intra16=0 intra8=0 intra4=0 reftype=0
  snapshot f203: 3 venc_ko blocks (pool0 0x73801000 len 0x10000)
src frame 204: srcf=28 off=820 br=2000
frame 204: send=0x0 get=0x0 len=100 coding=1 startqp=0 meanqp=0 picbytes=0 pskip=0 nalus=1 n1:100
  cu: inter64=0 inter32=0 inter16=0 inter8=0 intra32=0 intra16=0 intra8=0 intra4=0 reftype=0
  snapshot f204: 3 venc_ko blocks (pool0 0x73801000 len 0x10000)
src frame 205: srcf=27 off=824 br=2000
frame 205: send=0x0 get=0x0 len=98 coding=1 startqp=0 meanqp=0 picbytes=0 pskip=0 nalus=1 n1:98
  cu: inter64=0 inter32=0 inter16=0 inter8=0 intra32=0 intra16=0 intra8=0 intra4=0 reftype=0
  snapshot f205: 3 venc_ko blocks (pool0 0x73801000 len 0x10000)
src frame 206: srcf=26 off=828 br=2000
frame 206: send=0x0 get=0x0 len=87 coding=1 startqp=0 meanqp=0 picbytes=0 pskip=0 nalus=1 n1:87
  cu: inter64=0 inter32=0 inter16=0 inter8=0 intra32=0 intra16=0 intra8=0 intra4=0 reftype=0
  snapshot f206: 3 venc_ko blocks (pool0 0x73801000 len 0x10000)
src frame 207: srcf=25 off=832 br=2000
frame 207: send=0x0 get=0x0 len=90 coding=1 startqp=0 meanqp=0 picbytes=0 pskip=0 nalus=1 n1:90
  cu: inter64=0 inter32=0 inter16=0 inter8=0 intra32=0 intra16=0 intra8=0 intra4=0 reftype=0
  snapshot f207: 3 venc_ko blocks (pool0 0x73801000 len 0x10000)
src frame 208: srcf=24 off=836 br=2000
frame 208: send=0x0 get=0x0 len=83 coding=1 startqp=0 meanqp=0 picbytes=0 pskip=0 nalus=1 n1:83
  cu: inter64=0 inter32=0 inter16=0 inter8=0 intra32=0 intra16=0 intra8=0 intra4=0 reftype=0
  snapshot f208: 3 venc_ko blocks (pool0 0x73801000 len 0x10000)
src frame 209: srcf=23 off=840 br=2000
frame 209: send=0x0 get=0x0 len=96 coding=1 startqp=0 meanqp=0 picbytes=0 pskip=0 nalus=1 n1:96
  cu: inter64=0 inter32=0 inter16=0 inter8=0 intra32=0 intra16=0 intra8=0 intra4=0 reftype=0
  snapshot f209: 3 venc_ko blocks (pool0 0x73801000 len 0x10000)
src frame 210: srcf=22 off=844 br=2000
frame 210: send=0x0 get=0x0 len=22128 coding=0 startqp=0 meanqp=0 picbytes=0 pskip=0 nalus=4 n32:27 n33:53 n34:12 n19:22036
  cu: inter64=0 inter32=0 inter16=0 inter8=0 intra32=0 intra16=0 intra8=0 intra4=0 reftype=0
  snapshot f210: 3 venc_ko blocks (pool0 0x73801000 len 0x10000)
src frame 211: srcf=21 off=848 br=2000
frame 211: send=0x0 get=0x0 len=788 coding=1 startqp=0 meanqp=0 picbytes=0 pskip=0 nalus=1 n1:788
  cu: inter64=0 inter32=0 inter16=0 inter8=0 intra32=0 intra16=0 intra8=0 intra4=0 reftype=0
  snapshot f211: 3 venc_ko blocks (pool0 0x73801000 len 0x10000)
src frame 212: srcf=20 off=852 br=2000
frame 212: send=0x0 get=0x0 len=356 coding=1 startqp=0 meanqp=0 picbytes=0 pskip=0 nalus=1 n1:356
  cu: inter64=0 inter32=0 inter16=0 inter8=0 intra32=0 intra16=0 intra8=0 intra4=0 reftype=0
  snapshot f212: 3 venc_ko blocks (pool0 0x73801000 len 0x10000)
src frame 213: srcf=19 off=856 br=2000
frame 213: send=0x0 get=0x0 len=352 coding=1 startqp=0 meanqp=0 picbytes=0 pskip=0 nalus=1 n1:352
  cu: inter64=0 inter32=0 inter16=0 inter8=0 intra32=0 intra16=0 intra8=0 intra4=0 reftype=0
  snapshot f213: 3 venc_ko blocks (pool0 0x73801000 len 0x10000)
src frame 214: srcf=18 off=860 br=2000
frame 214: send=0x0 get=0x0 len=272 coding=1 startqp=0 meanqp=0 picbytes=0 pskip=0 nalus=1 n1:272
  cu: inter64=0 inter32=0 inter16=0 inter8=0 intra32=0 intra16=0 intra8=0 intra4=0 reftype=0
  snapshot f214: 3 venc_ko blocks (pool0 0x73801000 len 0x10000)
src frame 215: srcf=17 off=864 br=2000
frame 215: send=0x0 get=0x0 len=258 coding=1 startqp=0 meanqp=0 picbytes=0 pskip=0 nalus=1 n1:258
  cu: inter64=0 inter32=0 inter16=0 inter8=0 intra32=0 intra16=0 intra8=0 intra4=0 reftype=0
  snapshot f215: 3 venc_ko blocks (pool0 0x73801000 len 0x10000)
src frame 216: srcf=16 off=868 br=2000
frame 216: send=0x0 get=0x0 len=183 coding=1 startqp=0 meanqp=0 picbytes=0 pskip=0 nalus=1 n1:183
  cu: inter64=0 inter32=0 inter16=0 inter8=0 intra32=0 intra16=0 intra8=0 intra4=0 reftype=0
  snapshot f216: 3 venc_ko blocks (pool0 0x73801000 len 0x10000)
src frame 217: srcf=15 off=872 br=2000
frame 217: send=0x0 get=0x0 len=111 coding=1 startqp=0 meanqp=0 picbytes=0 pskip=0 nalus=1 n1:111
  cu: inter64=0 inter32=0 inter16=0 inter8=0 intra32=0 intra16=0 intra8=0 intra4=0 reftype=0
  snapshot f217: 3 venc_ko blocks (pool0 0x73801000 len 0x10000)
src frame 218: srcf=14 off=876 br=2000
frame 218: send=0x0 get=0x0 len=104 coding=1 startqp=0 meanqp=0 picbytes=0 pskip=0 nalus=1 n1:104
  cu: inter64=0 inter32=0 inter16=0 inter8=0 intra32=0 intra16=0 intra8=0 intra4=0 reftype=0
  snapshot f218: 3 venc_ko blocks (pool0 0x73801000 len 0x10000)
src frame 219: srcf=13 off=880 br=2000
frame 219: send=0x0 get=0x0 len=82 coding=1 startqp=0 meanqp=0 picbytes=0 pskip=0 nalus=1 n1:82
  cu: inter64=0 inter32=0 inter16=0 inter8=0 intra32=0 intra16=0 intra8=0 intra4=0 reftype=0
  snapshot f219: 3 venc_ko blocks (pool0 0x73801000 len 0x10000)
src frame 220: srcf=12 off=884 br=2000
frame 220: send=0x0 get=0x0 len=81 coding=1 startqp=0 meanqp=0 picbytes=0 pskip=0 nalus=1 n1:81
  cu: inter64=0 inter32=0 inter16=0 inter8=0 intra32=0 intra16=0 intra8=0 intra4=0 reftype=0
  snapshot f220: 3 venc_ko blocks (pool0 0x73801000 len 0x10000)
src frame 221: srcf=11 off=888 br=2000
frame 221: send=0x0 get=0x0 len=83 coding=1 startqp=0 meanqp=0 picbytes=0 pskip=0 nalus=1 n1:83
  cu: inter64=0 inter32=0 inter16=0 inter8=0 intra32=0 intra16=0 intra8=0 intra4=0 reftype=0
  snapshot f221: 3 venc_ko blocks (pool0 0x73801000 len 0x10000)
src frame 222: srcf=10 off=892 br=2000
frame 222: send=0x0 get=0x0 len=113 coding=1 startqp=0 meanqp=0 picbytes=0 pskip=0 nalus=1 n1:113
  cu: inter64=0 inter32=0 inter16=0 inter8=0 intra32=0 intra16=0 intra8=0 intra4=0 reftype=0
  snapshot f222: 3 venc_ko blocks (pool0 0x73801000 len 0x10000)
src frame 223: srcf=9 off=896 br=2000
frame 223: send=0x0 get=0x0 len=101 coding=1 startqp=0 meanqp=0 picbytes=0 pskip=0 nalus=1 n1:101
  cu: inter64=0 inter32=0 inter16=0 inter8=0 intra32=0 intra16=0 intra8=0 intra4=0 reftype=0
  snapshot f223: 3 venc_ko blocks (pool0 0x73801000 len 0x10000)
src frame 224: srcf=8 off=900 br=2000
frame 224: send=0x0 get=0x0 len=120 coding=1 startqp=0 meanqp=0 picbytes=0 pskip=0 nalus=1 n1:120
  cu: inter64=0 inter32=0 inter16=0 inter8=0 intra32=0 intra16=0 intra8=0 intra4=0 reftype=0
  snapshot f224: 3 venc_ko blocks (pool0 0x73801000 len 0x10000)
src frame 225: srcf=7 off=904 br=2000
frame 225: send=0x0 get=0x0 len=98 coding=1 startqp=0 meanqp=0 picbytes=0 pskip=0 nalus=1 n1:98
  cu: inter64=0 inter32=0 inter16=0 inter8=0 intra32=0 intra16=0 intra8=0 intra4=0 reftype=0
  snapshot f225: 3 venc_ko blocks (pool0 0x73801000 len 0x10000)
src frame 226: srcf=6 off=908 br=2000
frame 226: send=0x0 get=0x0 len=81 coding=1 startqp=0 meanqp=0 picbytes=0 pskip=0 nalus=1 n1:81
  cu: inter64=0 inter32=0 inter16=0 inter8=0 intra32=0 intra16=0 intra8=0 intra4=0 reftype=0
  snapshot f226: 3 venc_ko blocks (pool0 0x73801000 len 0x10000)
src frame 227: srcf=5 off=912 br=2000
frame 227: send=0x0 get=0x0 len=75 coding=1 startqp=0 meanqp=0 picbytes=0 pskip=0 nalus=1 n1:75
  cu: inter64=0 inter32=0 inter16=0 inter8=0 intra32=0 intra16=0 intra8=0 intra4=0 reftype=0
  snapshot f227: 3 venc_ko blocks (pool0 0x73801000 len 0x10000)
src frame 228: srcf=4 off=916 br=2000
frame 228: send=0x0 get=0x0 len=85 coding=1 startqp=0 meanqp=0 picbytes=0 pskip=0 nalus=1 n1:85
  cu: inter64=0 inter32=0 inter16=0 inter8=0 intra32=0 intra16=0 intra8=0 intra4=0 reftype=0
  snapshot f228: 3 venc_ko blocks (pool0 0x73801000 len 0x10000)
src frame 229: srcf=3 off=920 br=2000
frame 229: send=0x0 get=0x0 len=85 coding=1 startqp=0 meanqp=0 picbytes=0 pskip=0 nalus=1 n1:85
  cu: inter64=0 inter32=0 inter16=0 inter8=0 intra32=0 intra16=0 intra8=0 intra4=0 reftype=0
  snapshot f229: 3 venc_ko blocks (pool0 0x73801000 len 0x10000)
src frame 230: srcf=2 off=924 br=2000
frame 230: send=0x0 get=0x0 len=92 coding=1 startqp=0 meanqp=0 picbytes=0 pskip=0 nalus=1 n1:92
  cu: inter64=0 inter32=0 inter16=0 inter8=0 intra32=0 intra16=0 intra8=0 intra4=0 reftype=0
  snapshot f230: 3 venc_ko blocks (pool0 0x73801000 len 0x10000)
src frame 231: srcf=1 off=928 br=2000
frame 231: send=0x0 get=0x0 len=104 coding=1 startqp=0 meanqp=0 picbytes=0 pskip=0 nalus=1 n1:104
  cu: inter64=0 inter32=0 inter16=0 inter8=0 intra32=0 intra16=0 intra8=0 intra4=0 reftype=0
  snapshot f231: 3 venc_ko blocks (pool0 0x73801000 len 0x10000)
src frame 232: srcf=0 off=932 br=2000
frame 232: send=0x0 get=0x0 len=93 coding=1 startqp=0 meanqp=0 picbytes=0 pskip=0 nalus=1 n1:93
  cu: inter64=0 inter32=0 inter16=0 inter8=0 intra32=0 intra16=0 intra8=0 intra4=0 reftype=0
  snapshot f232: 3 venc_ko blocks (pool0 0x73801000 len 0x10000)
src frame 233: srcf=1 off=936 br=2000
frame 233: send=0x0 get=0x0 len=82 coding=1 startqp=0 meanqp=0 picbytes=0 pskip=0 nalus=1 n1:82
  cu: inter64=0 inter32=0 inter16=0 inter8=0 intra32=0 intra16=0 intra8=0 intra4=0 reftype=0
  snapshot f233: 3 venc_ko blocks (pool0 0x73801000 len 0x10000)
src frame 234: srcf=2 off=940 br=2000
frame 234: send=0x0 get=0x0 len=106 coding=1 startqp=0 meanqp=0 picbytes=0 pskip=0 nalus=1 n1:106
  cu: inter64=0 inter32=0 inter16=0 inter8=0 intra32=0 intra16=0 intra8=0 intra4=0 reftype=0
  snapshot f234: 3 venc_ko blocks (pool0 0x73801000 len 0x10000)
src frame 235: srcf=3 off=944 br=2000
frame 235: send=0x0 get=0x0 len=96 coding=1 startqp=0 meanqp=0 picbytes=0 pskip=0 nalus=1 n1:96
  cu: inter64=0 inter32=0 inter16=0 inter8=0 intra32=0 intra16=0 intra8=0 intra4=0 reftype=0
  snapshot f235: 3 venc_ko blocks (pool0 0x73801000 len 0x10000)
src frame 236: srcf=4 off=948 br=2000
frame 236: send=0x0 get=0x0 len=84 coding=1 startqp=0 meanqp=0 picbytes=0 pskip=0 nalus=1 n1:84
  cu: inter64=0 inter32=0 inter16=0 inter8=0 intra32=0 intra16=0 intra8=0 intra4=0 reftype=0
  snapshot f236: 3 venc_ko blocks (pool0 0x73801000 len 0x10000)
src frame 237: srcf=5 off=952 br=2000
frame 237: send=0x0 get=0x0 len=102 coding=1 startqp=0 meanqp=0 picbytes=0 pskip=0 nalus=1 n1:102
  cu: inter64=0 inter32=0 inter16=0 inter8=0 intra32=0 intra16=0 intra8=0 intra4=0 reftype=0
  snapshot f237: 3 venc_ko blocks (pool0 0x73801000 len 0x10000)
src frame 238: srcf=6 off=956 br=2000
frame 238: send=0x0 get=0x0 len=85 coding=1 startqp=0 meanqp=0 picbytes=0 pskip=0 nalus=1 n1:85
  cu: inter64=0 inter32=0 inter16=0 inter8=0 intra32=0 intra16=0 intra8=0 intra4=0 reftype=0
  snapshot f238: 3 venc_ko blocks (pool0 0x73801000 len 0x10000)
src frame 239: srcf=7 off=960 br=2000
frame 239: send=0x0 get=0x0 len=83 coding=1 startqp=0 meanqp=0 picbytes=0 pskip=0 nalus=1 n1:83
  cu: inter64=0 inter32=0 inter16=0 inter8=0 intra32=0 intra16=0 intra8=0 intra4=0 reftype=0
  snapshot f239: 3 venc_ko blocks (pool0 0x73801000 len 0x10000)
---- /proc/ax_proc/venc ----
-------- VENC VERSION ------------------------
[Axera version]: ax_venc V3.0.0_20250319114413 Mar 19 2025 11:58:34 JK

-------- MODULE PARAM ------------------------
MaxChnNum   MaxRoiNum   MaxProcNum  
16          8           16          

-------- VENC CHN ATTR 1 ------------------------
ID    Type    wSrc    hSrc    Strd0   Strd1   maxW    maxH    PixFmt  link  InFifoDep    OutFifoDep   InDbgFifoLen InDbgFifoDep StrmBufSize(KB)
7     h265    1920    1080    3840    0       1920    1080    YUYV422 N     2            2            0            4            4114      
-------- VENC CHN ATTR 2 ------------------------
ID    [CropEn StartX  StartY  CropW   CropH]  Rotation  EncW    EncH    FrmSize      PTS          SeqNum       CompMode     CompLevel    PhyAddr0     PhyAddr1     PhyAddr2     
7     N       0       0       0       0       0         1920    1080    4147200      3283333      198          NONE         0            742cb000     0            0            
-------- VENC RC ATTR 1 ------------------------
ID    RcMode    SrcFr   DstFr   Br(kbps)  MinQp   MaxQp   MinIQp  MaxIQp  IQpDelta  IpropMax   IpropMin   StartQp    QpDltRng   DeBrQpDlt  SvcEn   ChgPos  StillPercent MaxStillQp 
7     CBR       60.00   60.00   2000      10      51      10      51      0         40         10         -1         2          0          False   -       -            -          
-------- VENC RC ATTR 2  -----------------------
ID    QMapQpType  QMapUnit    QMapBlkType IQp   PQp   MinQpDelta MaxQpDelta MaxBitRate shtStaTime ltStaTime  ltMinBr  ltMaxBr  Br_ST(kbps)    Br_LT(kbps)    
7     N/A         64x64       N/A         -     -     -          -          -          -          -          -        -        -              -              
-------- VENC GOP ATTR  ------------------------
ID    GopMode   Gop   GopVI 
7     NormalP   30    0     
-------- VENC STATUS 1 -------------------------
ID    RJEn         RJThr(bps)   RJMode       RJEncGaps    SupFrmEn     SupPri       SupThrI      SupThrP      SplitEn      SliceNum     Range(In)    Range(out)   
7     N            0            Normal       0            N            0            500000       500000       N            0            Full         Full         
-------- VENC STATUS 2 -------------------------
ID    ChnStat   FrmRecv   FrmRls    FrmEnc    FrmDrop   FrmDup    EncFail   MissMatch StrmGet   StrmRls   OutFps    RealBr    ReEncCnt  DropCnt   BlkFail   GrpID     PID     TID     ThNum   RefInc    RefDec    Fail1   Fail2   Fail3   Fail4   
7     STARTED   198       198       198       0         0         0         0         198       197       50.00     422.38    0         0         0         -1        129841  129845  1       198       198       0       0       0       0       
-------- VENC HW STATUS  ------------------------
ID    OverFlow     TimeOut      
7     0            0            
-------- VENC ROI INFO  ------------------------
ID    Index        bEnable      bAbsQp       RoiQP        Width        Height       StartX       StartY       
done h265_cbr2000
rc=0
== h265_cbr2000: codec=h265 rc=cbr br=2000 fps=60 gop=30 frames=240 total=218090 B achieved=436 kbps
I frames (frame:qp/bytes): 0:35/23771 30:36/22044 60:36/22233 90:36/22115 120:36/22209 150:36/22063 180:36/22204 210:36/22128
first P after each I (frame:qp): 1:38 31:37 61:37 91:37 121:37 151:37 181:37 211:37
per-GOP: gop#: kbps I_qp P_qp[min..max] P_qp_last
  0: 459 kbps I=[35] P=[38..51] last=51 n=30
  1: 439 kbps I=[36] P=[37..46] last=46 n=30
  2: 443 kbps I=[36] P=[37..46] last=46 n=30
  3: 436 kbps I=[36] P=[37..46] last=46 n=30
  4: 431 kbps I=[36] P=[37..46] last=46 n=30
  5: 432 kbps I=[36] P=[37..46] last=46 n=30
  6: 426 kbps I=[36] P=[37..46] last=46 n=30
  7: 424 kbps I=[36] P=[37..46] last=46 n=30
P->P QP step histogram: +0:160 +1:52 +2:12
I->firstP QP delta: +3 +1 +1 +1 +1 +1 +1 +1
sw7 frame-QP == slice QP: 240/240 frames with a program agree; mismatches at []
slot flags: {'': 240}
sw105-107 distinct (I): [('0x0', '0x0', '0x0')]
sw172/173 distinct: [('0x14f', '0x662'), ('0x14f', '0x66a')]
sw6 distinct (I / P): ['0x20000b'] ['0x200003']
=== h265_cbr8000: codec=h265 rc=cbr br=8000 nframes=240 src=/root/rc65/clips/static.yuyv motion=vscroll mstep=4
# vdrive tag=h265_cbr8000 codec=h265 1920x1080 rc=cbr br=8000 fps=60/60 gop=30 gopmode=normalp ltrint=0 ltrqpo=0 iqp=32 pqp=32 profile=0 level=153 tier=0 qp[10..51] iqp[10..51] iqd=0 firstqp=-1 iprop[10..40] idrrange=2 stattime=1 vq=0 ir=0/0 slice=0 debreath=0 scd=-1 rowqpd=-1 vui=-1 move=0 nframes=240
src=/root/rc65/clips/static.yuyv frames=30 loop=pingpong motion=vscroll mstep=4 window=0..-1
AX_SYS_Init rc=0x0
AX_VENC_Init rc=0x0
AX_VENC_CreateChn(7) rc=0x0
StartRecvFrame rc=0x0
AX_POOL_CreatePool id=0x0
blk=0x5e000000 phys=0x742cb000 virt=0xffff7fc15000
frame: modid=0x11 stride=1920 fmt=0xd
  snapshot pre: 3 venc_ko blocks (pool0 0x73801000 len 0x10000)
src frame 0: srcf=0 off=4 br=8000
frame 0: send=0x0 get=0x0 len=29084 coding=0 startqp=0 meanqp=0 picbytes=0 pskip=0 nalus=4 n32:27 n33:53 n34:12 n19:28992
  cu: inter64=0 inter32=0 inter16=0 inter8=0 intra32=0 intra16=0 intra8=0 intra4=0 reftype=0
  snapshot f000: 3 venc_ko blocks (pool0 0x73801000 len 0x10000)
src frame 1: srcf=1 off=8 br=8000
frame 1: send=0x0 get=0x0 len=4720 coding=1 startqp=0 meanqp=0 picbytes=0 pskip=0 nalus=1 n1:4720
  cu: inter64=0 inter32=0 inter16=0 inter8=0 intra32=0 intra16=0 intra8=0 intra4=0 reftype=0
  snapshot f001: 3 venc_ko blocks (pool0 0x73801000 len 0x10000)
src frame 2: srcf=2 off=12 br=8000
frame 2: send=0x0 get=0x0 len=5946 coding=1 startqp=0 meanqp=0 picbytes=0 pskip=0 nalus=1 n1:5946
  cu: inter64=0 inter32=0 inter16=0 inter8=0 intra32=0 intra16=0 intra8=0 intra4=0 reftype=0
  snapshot f002: 3 venc_ko blocks (pool0 0x73801000 len 0x10000)
src frame 3: srcf=3 off=16 br=8000
frame 3: send=0x0 get=0x0 len=3673 coding=1 startqp=0 meanqp=0 picbytes=0 pskip=0 nalus=1 n1:3673
  cu: inter64=0 inter32=0 inter16=0 inter8=0 intra32=0 intra16=0 intra8=0 intra4=0 reftype=0
  snapshot f003: 3 venc_ko blocks (pool0 0x73801000 len 0x10000)
src frame 4: srcf=4 off=20 br=8000
frame 4: send=0x0 get=0x0 len=3751 coding=1 startqp=0 meanqp=0 picbytes=0 pskip=0 nalus=1 n1:3751
  cu: inter64=0 inter32=0 inter16=0 inter8=0 intra32=0 intra16=0 intra8=0 intra4=0 reftype=0
  snapshot f004: 3 venc_ko blocks (pool0 0x73801000 len 0x10000)
src frame 5: srcf=5 off=24 br=8000
frame 5: send=0x0 get=0x0 len=4211 coding=1 startqp=0 meanqp=0 picbytes=0 pskip=0 nalus=1 n1:4211
  cu: inter64=0 inter32=0 inter16=0 inter8=0 intra32=0 intra16=0 intra8=0 intra4=0 reftype=0
  snapshot f005: 3 venc_ko blocks (pool0 0x73801000 len 0x10000)
src frame 6: srcf=6 off=28 br=8000
frame 6: send=0x0 get=0x0 len=4223 coding=1 startqp=0 meanqp=0 picbytes=0 pskip=0 nalus=1 n1:4223
  cu: inter64=0 inter32=0 inter16=0 inter8=0 intra32=0 intra16=0 intra8=0 intra4=0 reftype=0
  snapshot f006: 3 venc_ko blocks (pool0 0x73801000 len 0x10000)
src frame 7: srcf=7 off=32 br=8000
frame 7: send=0x0 get=0x0 len=3949 coding=1 startqp=0 meanqp=0 picbytes=0 pskip=0 nalus=1 n1:3949
  cu: inter64=0 inter32=0 inter16=0 inter8=0 intra32=0 intra16=0 intra8=0 intra4=0 reftype=0
  snapshot f007: 3 venc_ko blocks (pool0 0x73801000 len 0x10000)
src frame 8: srcf=8 off=36 br=8000
frame 8: send=0x0 get=0x0 len=4082 coding=1 startqp=0 meanqp=0 picbytes=0 pskip=0 nalus=1 n1:4082
  cu: inter64=0 inter32=0 inter16=0 inter8=0 intra32=0 intra16=0 intra8=0 intra4=0 reftype=0
  snapshot f008: 3 venc_ko blocks (pool0 0x73801000 len 0x10000)
src frame 9: srcf=9 off=40 br=8000
frame 9: send=0x0 get=0x0 len=4123 coding=1 startqp=0 meanqp=0 picbytes=0 pskip=0 nalus=1 n1:4123
  cu: inter64=0 inter32=0 inter16=0 inter8=0 intra32=0 intra16=0 intra8=0 intra4=0 reftype=0
  snapshot f009: 3 venc_ko blocks (pool0 0x73801000 len 0x10000)
src frame 10: srcf=10 off=44 br=8000
frame 10: send=0x0 get=0x0 len=3968 coding=1 startqp=0 meanqp=0 picbytes=0 pskip=0 nalus=1 n1:3968
  cu: inter64=0 inter32=0 inter16=0 inter8=0 intra32=0 intra16=0 intra8=0 intra4=0 reftype=0
  snapshot f010: 3 venc_ko blocks (pool0 0x73801000 len 0x10000)
src frame 11: srcf=11 off=48 br=8000
frame 11: send=0x0 get=0x0 len=4997 coding=1 startqp=0 meanqp=0 picbytes=0 pskip=0 nalus=1 n1:4997
  cu: inter64=0 inter32=0 inter16=0 inter8=0 intra32=0 intra16=0 intra8=0 intra4=0 reftype=0
  snapshot f011: 3 venc_ko blocks (pool0 0x73801000 len 0x10000)
src frame 12: srcf=12 off=52 br=8000
frame 12: send=0x0 get=0x0 len=5287 coding=1 startqp=0 meanqp=0 picbytes=0 pskip=0 nalus=1 n1:5287
  cu: inter64=0 inter32=0 inter16=0 inter8=0 intra32=0 intra16=0 intra8=0 intra4=0 reftype=0
  snapshot f012: 3 venc_ko blocks (pool0 0x73801000 len 0x10000)
src frame 13: srcf=13 off=56 br=8000
frame 13: send=0x0 get=0x0 len=5587 coding=1 startqp=0 meanqp=0 picbytes=0 pskip=0 nalus=1 n1:5587
  cu: inter64=0 inter32=0 inter16=0 inter8=0 intra32=0 intra16=0 intra8=0 intra4=0 reftype=0
  snapshot f013: 3 venc_ko blocks (pool0 0x73801000 len 0x10000)
src frame 14: srcf=14 off=60 br=8000
frame 14: send=0x0 get=0x0 len=6911 coding=1 startqp=0 meanqp=0 picbytes=0 pskip=0 nalus=1 n1:6911
  cu: inter64=0 inter32=0 inter16=0 inter8=0 intra32=0 intra16=0 intra8=0 intra4=0 reftype=0
  snapshot f014: 3 venc_ko blocks (pool0 0x73801000 len 0x10000)
src frame 15: srcf=15 off=64 br=8000
frame 15: send=0x0 get=0x0 len=2638 coding=1 startqp=0 meanqp=0 picbytes=0 pskip=0 nalus=1 n1:2638
  cu: inter64=0 inter32=0 inter16=0 inter8=0 intra32=0 intra16=0 intra8=0 intra4=0 reftype=0
  snapshot f015: 3 venc_ko blocks (pool0 0x73801000 len 0x10000)
src frame 16: srcf=16 off=68 br=8000
frame 16: send=0x0 get=0x0 len=2027 coding=1 startqp=0 meanqp=0 picbytes=0 pskip=0 nalus=1 n1:2027
  cu: inter64=0 inter32=0 inter16=0 inter8=0 intra32=0 intra16=0 intra8=0 intra4=0 reftype=0
  snapshot f016: 3 venc_ko blocks (pool0 0x73801000 len 0x10000)
src frame 17: srcf=17 off=72 br=8000
frame 17: send=0x0 get=0x0 len=1674 coding=1 startqp=0 meanqp=0 picbytes=0 pskip=0 nalus=1 n1:1674
  cu: inter64=0 inter32=0 inter16=0 inter8=0 intra32=0 intra16=0 intra8=0 intra4=0 reftype=0
  snapshot f017: 3 venc_ko blocks (pool0 0x73801000 len 0x10000)
src frame 18: srcf=18 off=76 br=8000
frame 18: send=0x0 get=0x0 len=1711 coding=1 startqp=0 meanqp=0 picbytes=0 pskip=0 nalus=1 n1:1711
  cu: inter64=0 inter32=0 inter16=0 inter8=0 intra32=0 intra16=0 intra8=0 intra4=0 reftype=0
  snapshot f018: 3 venc_ko blocks (pool0 0x73801000 len 0x10000)
src frame 19: srcf=19 off=80 br=8000
frame 19: send=0x0 get=0x0 len=1668 coding=1 startqp=0 meanqp=0 picbytes=0 pskip=0 nalus=1 n1:1668
  cu: inter64=0 inter32=0 inter16=0 inter8=0 intra32=0 intra16=0 intra8=0 intra4=0 reftype=0
  snapshot f019: 3 venc_ko blocks (pool0 0x73801000 len 0x10000)
src frame 20: srcf=20 off=84 br=8000
frame 20: send=0x0 get=0x0 len=1265 coding=1 startqp=0 meanqp=0 picbytes=0 pskip=0 nalus=1 n1:1265
  cu: inter64=0 inter32=0 inter16=0 inter8=0 intra32=0 intra16=0 intra8=0 intra4=0 reftype=0
  snapshot f020: 3 venc_ko blocks (pool0 0x73801000 len 0x10000)
src frame 21: srcf=21 off=88 br=8000
frame 21: send=0x0 get=0x0 len=1519 coding=1 startqp=0 meanqp=0 picbytes=0 pskip=0 nalus=1 n1:1519
  cu: inter64=0 inter32=0 inter16=0 inter8=0 intra32=0 intra16=0 intra8=0 intra4=0 reftype=0
  snapshot f021: 3 venc_ko blocks (pool0 0x73801000 len 0x10000)
src frame 22: srcf=22 off=92 br=8000
frame 22: send=0x0 get=0x0 len=2751 coding=1 startqp=0 meanqp=0 picbytes=0 pskip=0 nalus=1 n1:2751
  cu: inter64=0 inter32=0 inter16=0 inter8=0 intra32=0 intra16=0 intra8=0 intra4=0 reftype=0
  snapshot f022: 3 venc_ko blocks (pool0 0x73801000 len 0x10000)
src frame 23: srcf=23 off=96 br=8000
frame 23: send=0x0 get=0x0 len=3709 coding=1 startqp=0 meanqp=0 picbytes=0 pskip=0 nalus=1 n1:3709
  cu: inter64=0 inter32=0 inter16=0 inter8=0 intra32=0 intra16=0 intra8=0 intra4=0 reftype=0
  snapshot f023: 3 venc_ko blocks (pool0 0x73801000 len 0x10000)
src frame 24: srcf=24 off=100 br=8000
frame 24: send=0x0 get=0x0 len=3878 coding=1 startqp=0 meanqp=0 picbytes=0 pskip=0 nalus=1 n1:3878
  cu: inter64=0 inter32=0 inter16=0 inter8=0 intra32=0 intra16=0 intra8=0 intra4=0 reftype=0
  snapshot f024: 3 venc_ko blocks (pool0 0x73801000 len 0x10000)
src frame 25: srcf=25 off=104 br=8000
frame 25: send=0x0 get=0x0 len=1963 coding=1 startqp=0 meanqp=0 picbytes=0 pskip=0 nalus=1 n1:1963
  cu: inter64=0 inter32=0 inter16=0 inter8=0 intra32=0 intra16=0 intra8=0 intra4=0 reftype=0
  snapshot f025: 3 venc_ko blocks (pool0 0x73801000 len 0x10000)
src frame 26: srcf=26 off=108 br=8000
frame 26: send=0x0 get=0x0 len=1347 coding=1 startqp=0 meanqp=0 picbytes=0 pskip=0 nalus=1 n1:1347
  cu: inter64=0 inter32=0 inter16=0 inter8=0 intra32=0 intra16=0 intra8=0 intra4=0 reftype=0
  snapshot f026: 3 venc_ko blocks (pool0 0x73801000 len 0x10000)
src frame 27: srcf=27 off=112 br=8000
frame 27: send=0x0 get=0x0 len=1232 coding=1 startqp=0 meanqp=0 picbytes=0 pskip=0 nalus=1 n1:1232
  cu: inter64=0 inter32=0 inter16=0 inter8=0 intra32=0 intra16=0 intra8=0 intra4=0 reftype=0
  snapshot f027: 3 venc_ko blocks (pool0 0x73801000 len 0x10000)
src frame 28: srcf=28 off=116 br=8000
frame 28: send=0x0 get=0x0 len=1021 coding=1 startqp=0 meanqp=0 picbytes=0 pskip=0 nalus=1 n1:1021
  cu: inter64=0 inter32=0 inter16=0 inter8=0 intra32=0 intra16=0 intra8=0 intra4=0 reftype=0
  snapshot f028: 3 venc_ko blocks (pool0 0x73801000 len 0x10000)
src frame 29: srcf=29 off=120 br=8000
frame 29: send=0x0 get=0x0 len=1691 coding=1 startqp=0 meanqp=0 picbytes=0 pskip=0 nalus=1 n1:1691
  cu: inter64=0 inter32=0 inter16=0 inter8=0 intra32=0 intra16=0 intra8=0 intra4=0 reftype=0
  snapshot f029: 3 venc_ko blocks (pool0 0x73801000 len 0x10000)
src frame 30: srcf=28 off=124 br=8000
frame 30: send=0x0 get=0x0 len=32530 coding=0 startqp=0 meanqp=0 picbytes=0 pskip=0 nalus=4 n32:27 n33:53 n34:12 n19:32438
  cu: inter64=0 inter32=0 inter16=0 inter8=0 intra32=0 intra16=0 intra8=0 intra4=0 reftype=0
  snapshot f030: 3 venc_ko blocks (pool0 0x73801000 len 0x10000)
src frame 31: srcf=27 off=128 br=8000
frame 31: send=0x0 get=0x0 len=5926 coding=1 startqp=0 meanqp=0 picbytes=0 pskip=0 nalus=1 n1:5926
  cu: inter64=0 inter32=0 inter16=0 inter8=0 intra32=0 intra16=0 intra8=0 intra4=0 reftype=0
  snapshot f031: 3 venc_ko blocks (pool0 0x73801000 len 0x10000)
src frame 32: srcf=26 off=132 br=8000
frame 32: send=0x0 get=0x0 len=3584 coding=1 startqp=0 meanqp=0 picbytes=0 pskip=0 nalus=1 n1:3584
  cu: inter64=0 inter32=0 inter16=0 inter8=0 intra32=0 intra16=0 intra8=0 intra4=0 reftype=0
  snapshot f032: 3 venc_ko blocks (pool0 0x73801000 len 0x10000)
src frame 33: srcf=25 off=136 br=8000
frame 33: send=0x0 get=0x0 len=3299 coding=1 startqp=0 meanqp=0 picbytes=0 pskip=0 nalus=1 n1:3299
  cu: inter64=0 inter32=0 inter16=0 inter8=0 intra32=0 intra16=0 intra8=0 intra4=0 reftype=0
  snapshot f033: 3 venc_ko blocks (pool0 0x73801000 len 0x10000)
src frame 34: srcf=24 off=140 br=8000
frame 34: send=0x0 get=0x0 len=4067 coding=1 startqp=0 meanqp=0 picbytes=0 pskip=0 nalus=1 n1:4067
  cu: inter64=0 inter32=0 inter16=0 inter8=0 intra32=0 intra16=0 intra8=0 intra4=0 reftype=0
  snapshot f034: 3 venc_ko blocks (pool0 0x73801000 len 0x10000)
src frame 35: srcf=23 off=144 br=8000
frame 35: send=0x0 get=0x0 len=4303 coding=1 startqp=0 meanqp=0 picbytes=0 pskip=0 nalus=1 n1:4303
  cu: inter64=0 inter32=0 inter16=0 inter8=0 intra32=0 intra16=0 intra8=0 intra4=0 reftype=0
  snapshot f035: 3 venc_ko blocks (pool0 0x73801000 len 0x10000)
src frame 36: srcf=22 off=148 br=8000
frame 36: send=0x0 get=0x0 len=3806 coding=1 startqp=0 meanqp=0 picbytes=0 pskip=0 nalus=1 n1:3806
  cu: inter64=0 inter32=0 inter16=0 inter8=0 intra32=0 intra16=0 intra8=0 intra4=0 reftype=0
  snapshot f036: 3 venc_ko blocks (pool0 0x73801000 len 0x10000)
src frame 37: srcf=21 off=152 br=8000
frame 37: send=0x0 get=0x0 len=3899 coding=1 startqp=0 meanqp=0 picbytes=0 pskip=0 nalus=1 n1:3899
  cu: inter64=0 inter32=0 inter16=0 inter8=0 intra32=0 intra16=0 intra8=0 intra4=0 reftype=0
  snapshot f037: 3 venc_ko blocks (pool0 0x73801000 len 0x10000)
src frame 38: srcf=20 off=156 br=8000
frame 38: send=0x0 get=0x0 len=4509 coding=1 startqp=0 meanqp=0 picbytes=0 pskip=0 nalus=1 n1:4509
  cu: inter64=0 inter32=0 inter16=0 inter8=0 intra32=0 intra16=0 intra8=0 intra4=0 reftype=0
  snapshot f038: 3 venc_ko blocks (pool0 0x73801000 len 0x10000)
src frame 39: srcf=19 off=160 br=8000
frame 39: send=0x0 get=0x0 len=4378 coding=1 startqp=0 meanqp=0 picbytes=0 pskip=0 nalus=1 n1:4378
  cu: inter64=0 inter32=0 inter16=0 inter8=0 intra32=0 intra16=0 intra8=0 intra4=0 reftype=0
  snapshot f039: 3 venc_ko blocks (pool0 0x73801000 len 0x10000)
src frame 40: srcf=18 off=164 br=8000
frame 40: send=0x0 get=0x0 len=4828 coding=1 startqp=0 meanqp=0 picbytes=0 pskip=0 nalus=1 n1:4828
  cu: inter64=0 inter32=0 inter16=0 inter8=0 intra32=0 intra16=0 intra8=0 intra4=0 reftype=0
  snapshot f040: 3 venc_ko blocks (pool0 0x73801000 len 0x10000)
src frame 41: srcf=17 off=168 br=8000
frame 41: send=0x0 get=0x0 len=5416 coding=1 startqp=0 meanqp=0 picbytes=0 pskip=0 nalus=1 n1:5416
  cu: inter64=0 inter32=0 inter16=0 inter8=0 intra32=0 intra16=0 intra8=0 intra4=0 reftype=0
  snapshot f041: 3 venc_ko blocks (pool0 0x73801000 len 0x10000)
src frame 42: srcf=16 off=172 br=8000
frame 42: send=0x0 get=0x0 len=6324 coding=1 startqp=0 meanqp=0 picbytes=0 pskip=0 nalus=1 n1:6324
  cu: inter64=0 inter32=0 inter16=0 inter8=0 intra32=0 intra16=0 intra8=0 intra4=0 reftype=0
  snapshot f042: 3 venc_ko blocks (pool0 0x73801000 len 0x10000)
src frame 43: srcf=15 off=176 br=8000
frame 43: send=0x0 get=0x0 len=7176 coding=1 startqp=0 meanqp=0 picbytes=0 pskip=0 nalus=1 n1:7176
  cu: inter64=0 inter32=0 inter16=0 inter8=0 intra32=0 intra16=0 intra8=0 intra4=0 reftype=0
  snapshot f043: 3 venc_ko blocks (pool0 0x73801000 len 0x10000)
src frame 44: srcf=14 off=180 br=8000
frame 44: send=0x0 get=0x0 len=7122 coding=1 startqp=0 meanqp=0 picbytes=0 pskip=0 nalus=1 n1:7122
  cu: inter64=0 inter32=0 inter16=0 inter8=0 intra32=0 intra16=0 intra8=0 intra4=0 reftype=0
  snapshot f044: 3 venc_ko blocks (pool0 0x73801000 len 0x10000)
src frame 45: srcf=13 off=184 br=8000
frame 45: send=0x0 get=0x0 len=3502 coding=1 startqp=0 meanqp=0 picbytes=0 pskip=0 nalus=1 n1:3502
  cu: inter64=0 inter32=0 inter16=0 inter8=0 intra32=0 intra16=0 intra8=0 intra4=0 reftype=0
  snapshot f045: 3 venc_ko blocks (pool0 0x73801000 len 0x10000)
src frame 46: srcf=12 off=188 br=8000
frame 46: send=0x0 get=0x0 len=2306 coding=1 startqp=0 meanqp=0 picbytes=0 pskip=0 nalus=1 n1:2306
  cu: inter64=0 inter32=0 inter16=0 inter8=0 intra32=0 intra16=0 intra8=0 intra4=0 reftype=0
  snapshot f046: 3 venc_ko blocks (pool0 0x73801000 len 0x10000)
src frame 47: srcf=11 off=192 br=8000
frame 47: send=0x0 get=0x0 len=1989 coding=1 startqp=0 meanqp=0 picbytes=0 pskip=0 nalus=1 n1:1989
  cu: inter64=0 inter32=0 inter16=0 inter8=0 intra32=0 intra16=0 intra8=0 intra4=0 reftype=0
  snapshot f047: 3 venc_ko blocks (pool0 0x73801000 len 0x10000)
src frame 48: srcf=10 off=196 br=8000
frame 48: send=0x0 get=0x0 len=2323 coding=1 startqp=0 meanqp=0 picbytes=0 pskip=0 nalus=1 n1:2323
  cu: inter64=0 inter32=0 inter16=0 inter8=0 intra32=0 intra16=0 intra8=0 intra4=0 reftype=0
  snapshot f048: 3 venc_ko blocks (pool0 0x73801000 len 0x10000)
src frame 49: srcf=9 off=200 br=8000
frame 49: send=0x0 get=0x0 len=1729 coding=1 startqp=0 meanqp=0 picbytes=0 pskip=0 nalus=1 n1:1729
  cu: inter64=0 inter32=0 inter16=0 inter8=0 intra32=0 intra16=0 intra8=0 intra4=0 reftype=0
  snapshot f049: 3 venc_ko blocks (pool0 0x73801000 len 0x10000)
src frame 50: srcf=8 off=204 br=8000
frame 50: send=0x0 get=0x0 len=2037 coding=1 startqp=0 meanqp=0 picbytes=0 pskip=0 nalus=1 n1:2037
  cu: inter64=0 inter32=0 inter16=0 inter8=0 intra32=0 intra16=0 intra8=0 intra4=0 reftype=0
  snapshot f050: 3 venc_ko blocks (pool0 0x73801000 len 0x10000)
src frame 51: srcf=7 off=208 br=8000
frame 51: send=0x0 get=0x0 len=2173 coding=1 startqp=0 meanqp=0 picbytes=0 pskip=0 nalus=1 n1:2173
  cu: inter64=0 inter32=0 inter16=0 inter8=0 intra32=0 intra16=0 intra8=0 intra4=0 reftype=0
  snapshot f051: 3 venc_ko blocks (pool0 0x73801000 len 0x10000)
src frame 52: srcf=6 off=212 br=8000
frame 52: send=0x0 get=0x0 len=2300 coding=1 startqp=0 meanqp=0 picbytes=0 pskip=0 nalus=1 n1:2300
  cu: inter64=0 inter32=0 inter16=0 inter8=0 intra32=0 intra16=0 intra8=0 intra4=0 reftype=0
  snapshot f052: 3 venc_ko blocks (pool0 0x73801000 len 0x10000)
src frame 53: srcf=5 off=216 br=8000
frame 53: send=0x0 get=0x0 len=2001 coding=1 startqp=0 meanqp=0 picbytes=0 pskip=0 nalus=1 n1:2001
  cu: inter64=0 inter32=0 inter16=0 inter8=0 intra32=0 intra16=0 intra8=0 intra4=0 reftype=0
  snapshot f053: 3 venc_ko blocks (pool0 0x73801000 len 0x10000)
src frame 54: srcf=4 off=220 br=8000
frame 54: send=0x0 get=0x0 len=1826 coding=1 startqp=0 meanqp=0 picbytes=0 pskip=0 nalus=1 n1:1826
  cu: inter64=0 inter32=0 inter16=0 inter8=0 intra32=0 intra16=0 intra8=0 intra4=0 reftype=0
  snapshot f054: 3 venc_ko blocks (pool0 0x73801000 len 0x10000)
src frame 55: srcf=3 off=224 br=8000
frame 55: send=0x0 get=0x0 len=1733 coding=1 startqp=0 meanqp=0 picbytes=0 pskip=0 nalus=1 n1:1733
  cu: inter64=0 inter32=0 inter16=0 inter8=0 intra32=0 intra16=0 intra8=0 intra4=0 reftype=0
  snapshot f055: 3 venc_ko blocks (pool0 0x73801000 len 0x10000)
src frame 56: srcf=2 off=228 br=8000
frame 56: send=0x0 get=0x0 len=1374 coding=1 startqp=0 meanqp=0 picbytes=0 pskip=0 nalus=1 n1:1374
  cu: inter64=0 inter32=0 inter16=0 inter8=0 intra32=0 intra16=0 intra8=0 intra4=0 reftype=0
  snapshot f056: 3 venc_ko blocks (pool0 0x73801000 len 0x10000)
src frame 57: srcf=1 off=232 br=8000
frame 57: send=0x0 get=0x0 len=1383 coding=1 startqp=0 meanqp=0 picbytes=0 pskip=0 nalus=1 n1:1383
  cu: inter64=0 inter32=0 inter16=0 inter8=0 intra32=0 intra16=0 intra8=0 intra4=0 reftype=0
  snapshot f057: 3 venc_ko blocks (pool0 0x73801000 len 0x10000)
src frame 58: srcf=0 off=236 br=8000
frame 58: send=0x0 get=0x0 len=1143 coding=1 startqp=0 meanqp=0 picbytes=0 pskip=0 nalus=1 n1:1143
  cu: inter64=0 inter32=0 inter16=0 inter8=0 intra32=0 intra16=0 intra8=0 intra4=0 reftype=0
  snapshot f058: 3 venc_ko blocks (pool0 0x73801000 len 0x10000)
src frame 59: srcf=1 off=240 br=8000
frame 59: send=0x0 get=0x0 len=1161 coding=1 startqp=0 meanqp=0 picbytes=0 pskip=0 nalus=1 n1:1161
  cu: inter64=0 inter32=0 inter16=0 inter8=0 intra32=0 intra16=0 intra8=0 intra4=0 reftype=0
  snapshot f059: 3 venc_ko blocks (pool0 0x73801000 len 0x10000)
src frame 60: srcf=2 off=244 br=8000
frame 60: send=0x0 get=0x0 len=36442 coding=0 startqp=0 meanqp=0 picbytes=0 pskip=0 nalus=4 n32:27 n33:53 n34:12 n19:36350
  cu: inter64=0 inter32=0 inter16=0 inter8=0 intra32=0 intra16=0 intra8=0 intra4=0 reftype=0
  snapshot f060: 3 venc_ko blocks (pool0 0x73801000 len 0x10000)
src frame 61: srcf=3 off=248 br=8000
frame 61: send=0x0 get=0x0 len=6092 coding=1 startqp=0 meanqp=0 picbytes=0 pskip=0 nalus=1 n1:6092
  cu: inter64=0 inter32=0 inter16=0 inter8=0 intra32=0 intra16=0 intra8=0 intra4=0 reftype=0
  snapshot f061: 3 venc_ko blocks (pool0 0x73801000 len 0x10000)
src frame 62: srcf=4 off=252 br=8000
frame 62: send=0x0 get=0x0 len=3864 coding=1 startqp=0 meanqp=0 picbytes=0 pskip=0 nalus=1 n1:3864
  cu: inter64=0 inter32=0 inter16=0 inter8=0 intra32=0 intra16=0 intra8=0 intra4=0 reftype=0
  snapshot f062: 3 venc_ko blocks (pool0 0x73801000 len 0x10000)
src frame 63: srcf=5 off=256 br=8000
frame 63: send=0x0 get=0x0 len=3739 coding=1 startqp=0 meanqp=0 picbytes=0 pskip=0 nalus=1 n1:3739
  cu: inter64=0 inter32=0 inter16=0 inter8=0 intra32=0 intra16=0 intra8=0 intra4=0 reftype=0
  snapshot f063: 3 venc_ko blocks (pool0 0x73801000 len 0x10000)
src frame 64: srcf=6 off=260 br=8000
frame 64: send=0x0 get=0x0 len=4121 coding=1 startqp=0 meanqp=0 picbytes=0 pskip=0 nalus=1 n1:4121
  cu: inter64=0 inter32=0 inter16=0 inter8=0 intra32=0 intra16=0 intra8=0 intra4=0 reftype=0
  snapshot f064: 3 venc_ko blocks (pool0 0x73801000 len 0x10000)
src frame 65: srcf=7 off=264 br=8000
frame 65: send=0x0 get=0x0 len=3945 coding=1 startqp=0 meanqp=0 picbytes=0 pskip=0 nalus=1 n1:3945
  cu: inter64=0 inter32=0 inter16=0 inter8=0 intra32=0 intra16=0 intra8=0 intra4=0 reftype=0
  snapshot f065: 3 venc_ko blocks (pool0 0x73801000 len 0x10000)
src frame 66: srcf=8 off=268 br=8000
frame 66: send=0x0 get=0x0 len=4303 coding=1 startqp=0 meanqp=0 picbytes=0 pskip=0 nalus=1 n1:4303
  cu: inter64=0 inter32=0 inter16=0 inter8=0 intra32=0 intra16=0 intra8=0 intra4=0 reftype=0
  snapshot f066: 3 venc_ko blocks (pool0 0x73801000 len 0x10000)
src frame 67: srcf=9 off=272 br=8000
frame 67: send=0x0 get=0x0 len=4048 coding=1 startqp=0 meanqp=0 picbytes=0 pskip=0 nalus=1 n1:4048
  cu: inter64=0 inter32=0 inter16=0 inter8=0 intra32=0 intra16=0 intra8=0 intra4=0 reftype=0
  snapshot f067: 3 venc_ko blocks (pool0 0x73801000 len 0x10000)
src frame 68: srcf=10 off=276 br=8000
frame 68: send=0x0 get=0x0 len=4805 coding=1 startqp=0 meanqp=0 picbytes=0 pskip=0 nalus=1 n1:4805
  cu: inter64=0 inter32=0 inter16=0 inter8=0 intra32=0 intra16=0 intra8=0 intra4=0 reftype=0
  snapshot f068: 3 venc_ko blocks (pool0 0x73801000 len 0x10000)
src frame 69: srcf=11 off=280 br=8000
frame 69: send=0x0 get=0x0 len=4893 coding=1 startqp=0 meanqp=0 picbytes=0 pskip=0 nalus=1 n1:4893
  cu: inter64=0 inter32=0 inter16=0 inter8=0 intra32=0 intra16=0 intra8=0 intra4=0 reftype=0
  snapshot f069: 3 venc_ko blocks (pool0 0x73801000 len 0x10000)
src frame 70: srcf=12 off=284 br=8000
frame 70: send=0x0 get=0x0 len=5349 coding=1 startqp=0 meanqp=0 picbytes=0 pskip=0 nalus=1 n1:5349
  cu: inter64=0 inter32=0 inter16=0 inter8=0 intra32=0 intra16=0 intra8=0 intra4=0 reftype=0
  snapshot f070: 3 venc_ko blocks (pool0 0x73801000 len 0x10000)
src frame 71: srcf=13 off=288 br=8000
frame 71: send=0x0 get=0x0 len=5875 coding=1 startqp=0 meanqp=0 picbytes=0 pskip=0 nalus=1 n1:5875
  cu: inter64=0 inter32=0 inter16=0 inter8=0 intra32=0 intra16=0 intra8=0 intra4=0 reftype=0
  snapshot f071: 3 venc_ko blocks (pool0 0x73801000 len 0x10000)
src frame 72: srcf=14 off=292 br=8000
frame 72: send=0x0 get=0x0 len=6793 coding=1 startqp=0 meanqp=0 picbytes=0 pskip=0 nalus=1 n1:6793
  cu: inter64=0 inter32=0 inter16=0 inter8=0 intra32=0 intra16=0 intra8=0 intra4=0 reftype=0
  snapshot f072: 3 venc_ko blocks (pool0 0x73801000 len 0x10000)
src frame 73: srcf=15 off=296 br=8000
frame 73: send=0x0 get=0x0 len=3769 coding=1 startqp=0 meanqp=0 picbytes=0 pskip=0 nalus=1 n1:3769
  cu: inter64=0 inter32=0 inter16=0 inter8=0 intra32=0 intra16=0 intra8=0 intra4=0 reftype=0
  snapshot f073: 3 venc_ko blocks (pool0 0x73801000 len 0x10000)
src frame 74: srcf=16 off=300 br=8000
frame 74: send=0x0 get=0x0 len=2738 coding=1 startqp=0 meanqp=0 picbytes=0 pskip=0 nalus=1 n1:2738
  cu: inter64=0 inter32=0 inter16=0 inter8=0 intra32=0 intra16=0 intra8=0 intra4=0 reftype=0
  snapshot f074: 3 venc_ko blocks (pool0 0x73801000 len 0x10000)
src frame 75: srcf=17 off=304 br=8000
frame 75: send=0x0 get=0x0 len=2570 coding=1 startqp=0 meanqp=0 picbytes=0 pskip=0 nalus=1 n1:2570
  cu: inter64=0 inter32=0 inter16=0 inter8=0 intra32=0 intra16=0 intra8=0 intra4=0 reftype=0
  snapshot f075: 3 venc_ko blocks (pool0 0x73801000 len 0x10000)
src frame 76: srcf=18 off=308 br=8000
frame 76: send=0x0 get=0x0 len=1921 coding=1 startqp=0 meanqp=0 picbytes=0 pskip=0 nalus=1 n1:1921
  cu: inter64=0 inter32=0 inter16=0 inter8=0 intra32=0 intra16=0 intra8=0 intra4=0 reftype=0
  snapshot f076: 3 venc_ko blocks (pool0 0x73801000 len 0x10000)
src frame 77: srcf=19 off=312 br=8000
frame 77: send=0x0 get=0x0 len=1602 coding=1 startqp=0 meanqp=0 picbytes=0 pskip=0 nalus=1 n1:1602
  cu: inter64=0 inter32=0 inter16=0 inter8=0 intra32=0 intra16=0 intra8=0 intra4=0 reftype=0
  snapshot f077: 3 venc_ko blocks (pool0 0x73801000 len 0x10000)
src frame 78: srcf=20 off=316 br=8000
frame 78: send=0x0 get=0x0 len=1524 coding=1 startqp=0 meanqp=0 picbytes=0 pskip=0 nalus=1 n1:1524
  cu: inter64=0 inter32=0 inter16=0 inter8=0 intra32=0 intra16=0 intra8=0 intra4=0 reftype=0
  snapshot f078: 3 venc_ko blocks (pool0 0x73801000 len 0x10000)
src frame 79: srcf=21 off=320 br=8000
frame 79: send=0x0 get=0x0 len=2009 coding=1 startqp=0 meanqp=0 picbytes=0 pskip=0 nalus=1 n1:2009
  cu: inter64=0 inter32=0 inter16=0 inter8=0 intra32=0 intra16=0 intra8=0 intra4=0 reftype=0
  snapshot f079: 3 venc_ko blocks (pool0 0x73801000 len 0x10000)
src frame 80: srcf=22 off=324 br=8000
frame 80: send=0x0 get=0x0 len=2772 coding=1 startqp=0 meanqp=0 picbytes=0 pskip=0 nalus=1 n1:2772
  cu: inter64=0 inter32=0 inter16=0 inter8=0 intra32=0 intra16=0 intra8=0 intra4=0 reftype=0
  snapshot f080: 3 venc_ko blocks (pool0 0x73801000 len 0x10000)
src frame 81: srcf=23 off=328 br=8000
frame 81: send=0x0 get=0x0 len=2847 coding=1 startqp=0 meanqp=0 picbytes=0 pskip=0 nalus=1 n1:2847
  cu: inter64=0 inter32=0 inter16=0 inter8=0 intra32=0 intra16=0 intra8=0 intra4=0 reftype=0
  snapshot f081: 3 venc_ko blocks (pool0 0x73801000 len 0x10000)
src frame 82: srcf=24 off=332 br=8000
frame 82: send=0x0 get=0x0 len=2354 coding=1 startqp=0 meanqp=0 picbytes=0 pskip=0 nalus=1 n1:2354
  cu: inter64=0 inter32=0 inter16=0 inter8=0 intra32=0 intra16=0 intra8=0 intra4=0 reftype=0
  snapshot f082: 3 venc_ko blocks (pool0 0x73801000 len 0x10000)
src frame 83: srcf=25 off=336 br=8000
frame 83: send=0x0 get=0x0 len=1608 coding=1 startqp=0 meanqp=0 picbytes=0 pskip=0 nalus=1 n1:1608
  cu: inter64=0 inter32=0 inter16=0 inter8=0 intra32=0 intra16=0 intra8=0 intra4=0 reftype=0
  snapshot f083: 3 venc_ko blocks (pool0 0x73801000 len 0x10000)
src frame 84: srcf=26 off=340 br=8000
frame 84: send=0x0 get=0x0 len=1551 coding=1 startqp=0 meanqp=0 picbytes=0 pskip=0 nalus=1 n1:1551
  cu: inter64=0 inter32=0 inter16=0 inter8=0 intra32=0 intra16=0 intra8=0 intra4=0 reftype=0
  snapshot f084: 3 venc_ko blocks (pool0 0x73801000 len 0x10000)
src frame 85: srcf=27 off=344 br=8000
frame 85: send=0x0 get=0x0 len=1355 coding=1 startqp=0 meanqp=0 picbytes=0 pskip=0 nalus=1 n1:1355
  cu: inter64=0 inter32=0 inter16=0 inter8=0 intra32=0 intra16=0 intra8=0 intra4=0 reftype=0
  snapshot f085: 3 venc_ko blocks (pool0 0x73801000 len 0x10000)
src frame 86: srcf=28 off=348 br=8000
frame 86: send=0x0 get=0x0 len=1362 coding=1 startqp=0 meanqp=0 picbytes=0 pskip=0 nalus=1 n1:1362
  cu: inter64=0 inter32=0 inter16=0 inter8=0 intra32=0 intra16=0 intra8=0 intra4=0 reftype=0
  snapshot f086: 3 venc_ko blocks (pool0 0x73801000 len 0x10000)
src frame 87: srcf=29 off=352 br=8000
frame 87: send=0x0 get=0x0 len=1536 coding=1 startqp=0 meanqp=0 picbytes=0 pskip=0 nalus=1 n1:1536
  cu: inter64=0 inter32=0 inter16=0 inter8=0 intra32=0 intra16=0 intra8=0 intra4=0 reftype=0
  snapshot f087: 3 venc_ko blocks (pool0 0x73801000 len 0x10000)
src frame 88: srcf=28 off=356 br=8000
frame 88: send=0x0 get=0x0 len=1434 coding=1 startqp=0 meanqp=0 picbytes=0 pskip=0 nalus=1 n1:1434
  cu: inter64=0 inter32=0 inter16=0 inter8=0 intra32=0 intra16=0 intra8=0 intra4=0 reftype=0
  snapshot f088: 3 venc_ko blocks (pool0 0x73801000 len 0x10000)
src frame 89: srcf=27 off=360 br=8000
frame 89: send=0x0 get=0x0 len=1753 coding=1 startqp=0 meanqp=0 picbytes=0 pskip=0 nalus=1 n1:1753
  cu: inter64=0 inter32=0 inter16=0 inter8=0 intra32=0 intra16=0 intra8=0 intra4=0 reftype=0
  snapshot f089: 3 venc_ko blocks (pool0 0x73801000 len 0x10000)
src frame 90: srcf=26 off=364 br=8000
frame 90: send=0x0 get=0x0 len=40066 coding=0 startqp=0 meanqp=0 picbytes=0 pskip=0 nalus=4 n32:27 n33:53 n34:12 n19:39974
  cu: inter64=0 inter32=0 inter16=0 inter8=0 intra32=0 intra16=0 intra8=0 intra4=0 reftype=0
  snapshot f090: 3 venc_ko blocks (pool0 0x73801000 len 0x10000)
src frame 91: srcf=25 off=368 br=8000
frame 91: send=0x0 get=0x0 len=6637 coding=1 startqp=0 meanqp=0 picbytes=0 pskip=0 nalus=1 n1:6637
  cu: inter64=0 inter32=0 inter16=0 inter8=0 intra32=0 intra16=0 intra8=0 intra4=0 reftype=0
  snapshot f091: 3 venc_ko blocks (pool0 0x73801000 len 0x10000)
src frame 92: srcf=24 off=372 br=8000
frame 92: send=0x0 get=0x0 len=4197 coding=1 startqp=0 meanqp=0 picbytes=0 pskip=0 nalus=1 n1:4197
  cu: inter64=0 inter32=0 inter16=0 inter8=0 intra32=0 intra16=0 intra8=0 intra4=0 reftype=0
  snapshot f092: 3 venc_ko blocks (pool0 0x73801000 len 0x10000)
src frame 93: srcf=23 off=376 br=8000
frame 93: send=0x0 get=0x0 len=3460 coding=1 startqp=0 meanqp=0 picbytes=0 pskip=0 nalus=1 n1:3460
  cu: inter64=0 inter32=0 inter16=0 inter8=0 intra32=0 intra16=0 intra8=0 intra4=0 reftype=0
  snapshot f093: 3 venc_ko blocks (pool0 0x73801000 len 0x10000)
src frame 94: srcf=22 off=380 br=8000
frame 94: send=0x0 get=0x0 len=4074 coding=1 startqp=0 meanqp=0 picbytes=0 pskip=0 nalus=1 n1:4074
  cu: inter64=0 inter32=0 inter16=0 inter8=0 intra32=0 intra16=0 intra8=0 intra4=0 reftype=0
  snapshot f094: 3 venc_ko blocks (pool0 0x73801000 len 0x10000)
src frame 95: srcf=21 off=384 br=8000
frame 95: send=0x0 get=0x0 len=3797 coding=1 startqp=0 meanqp=0 picbytes=0 pskip=0 nalus=1 n1:3797
  cu: inter64=0 inter32=0 inter16=0 inter8=0 intra32=0 intra16=0 intra8=0 intra4=0 reftype=0
  snapshot f095: 3 venc_ko blocks (pool0 0x73801000 len 0x10000)
src frame 96: srcf=20 off=388 br=8000
frame 96: send=0x0 get=0x0 len=4552 coding=1 startqp=0 meanqp=0 picbytes=0 pskip=0 nalus=1 n1:4552
  cu: inter64=0 inter32=0 inter16=0 inter8=0 intra32=0 intra16=0 intra8=0 intra4=0 reftype=0
  snapshot f096: 3 venc_ko blocks (pool0 0x73801000 len 0x10000)
src frame 97: srcf=19 off=392 br=8000
frame 97: send=0x0 get=0x0 len=4544 coding=1 startqp=0 meanqp=0 picbytes=0 pskip=0 nalus=1 n1:4544
  cu: inter64=0 inter32=0 inter16=0 inter8=0 intra32=0 intra16=0 intra8=0 intra4=0 reftype=0
  snapshot f097: 3 venc_ko blocks (pool0 0x73801000 len 0x10000)
src frame 98: srcf=18 off=396 br=8000
frame 98: send=0x0 get=0x0 len=4787 coding=1 startqp=0 meanqp=0 picbytes=0 pskip=0 nalus=1 n1:4787
  cu: inter64=0 inter32=0 inter16=0 inter8=0 intra32=0 intra16=0 intra8=0 intra4=0 reftype=0
  snapshot f098: 3 venc_ko blocks (pool0 0x73801000 len 0x10000)
src frame 99: srcf=17 off=400 br=8000
frame 99: send=0x0 get=0x0 len=5581 coding=1 startqp=0 meanqp=0 picbytes=0 pskip=0 nalus=1 n1:5581
  cu: inter64=0 inter32=0 inter16=0 inter8=0 intra32=0 intra16=0 intra8=0 intra4=0 reftype=0
  snapshot f099: 3 venc_ko blocks (pool0 0x73801000 len 0x10000)
src frame 100: srcf=16 off=404 br=8000
frame 100: send=0x0 get=0x0 len=6474 coding=1 startqp=0 meanqp=0 picbytes=0 pskip=0 nalus=1 n1:6474
  cu: inter64=0 inter32=0 inter16=0 inter8=0 intra32=0 intra16=0 intra8=0 intra4=0 reftype=0
  snapshot f100: 3 venc_ko blocks (pool0 0x73801000 len 0x10000)
src frame 101: srcf=15 off=408 br=8000
frame 101: send=0x0 get=0x0 len=4105 coding=1 startqp=0 meanqp=0 picbytes=0 pskip=0 nalus=1 n1:4105
  cu: inter64=0 inter32=0 inter16=0 inter8=0 intra32=0 intra16=0 intra8=0 intra4=0 reftype=0
  snapshot f101: 3 venc_ko blocks (pool0 0x73801000 len 0x10000)
src frame 102: srcf=14 off=412 br=8000
frame 102: send=0x0 get=0x0 len=3750 coding=1 startqp=0 meanqp=0 picbytes=0 pskip=0 nalus=1 n1:3750
  cu: inter64=0 inter32=0 inter16=0 inter8=0 intra32=0 intra16=0 intra8=0 intra4=0 reftype=0
  snapshot f102: 3 venc_ko blocks (pool0 0x73801000 len 0x10000)
src frame 103: srcf=13 off=416 br=8000
frame 103: send=0x0 get=0x0 len=3599 coding=1 startqp=0 meanqp=0 picbytes=0 pskip=0 nalus=1 n1:3599
  cu: inter64=0 inter32=0 inter16=0 inter8=0 intra32=0 intra16=0 intra8=0 intra4=0 reftype=0
  snapshot f103: 3 venc_ko blocks (pool0 0x73801000 len 0x10000)
src frame 104: srcf=12 off=420 br=8000
frame 104: send=0x0 get=0x0 len=2248 coding=1 startqp=0 meanqp=0 picbytes=0 pskip=0 nalus=1 n1:2248
  cu: inter64=0 inter32=0 inter16=0 inter8=0 intra32=0 intra16=0 intra8=0 intra4=0 reftype=0
  snapshot f104: 3 venc_ko blocks (pool0 0x73801000 len 0x10000)
src frame 105: srcf=11 off=424 br=8000
frame 105: send=0x0 get=0x0 len=2236 coding=1 startqp=0 meanqp=0 picbytes=0 pskip=0 nalus=1 n1:2236
  cu: inter64=0 inter32=0 inter16=0 inter8=0 intra32=0 intra16=0 intra8=0 intra4=0 reftype=0
  snapshot f105: 3 venc_ko blocks (pool0 0x73801000 len 0x10000)
src frame 106: srcf=10 off=428 br=8000
frame 106: send=0x0 get=0x0 len=1641 coding=1 startqp=0 meanqp=0 picbytes=0 pskip=0 nalus=1 n1:1641
  cu: inter64=0 inter32=0 inter16=0 inter8=0 intra32=0 intra16=0 intra8=0 intra4=0 reftype=0
  snapshot f106: 3 venc_ko blocks (pool0 0x73801000 len 0x10000)
src frame 107: srcf=9 off=432 br=8000
frame 107: send=0x0 get=0x0 len=1889 coding=1 startqp=0 meanqp=0 picbytes=0 pskip=0 nalus=1 n1:1889
  cu: inter64=0 inter32=0 inter16=0 inter8=0 intra32=0 intra16=0 intra8=0 intra4=0 reftype=0
  snapshot f107: 3 venc_ko blocks (pool0 0x73801000 len 0x10000)
src frame 108: srcf=8 off=436 br=8000
frame 108: send=0x0 get=0x0 len=1880 coding=1 startqp=0 meanqp=0 picbytes=0 pskip=0 nalus=1 n1:1880
  cu: inter64=0 inter32=0 inter16=0 inter8=0 intra32=0 intra16=0 intra8=0 intra4=0 reftype=0
  snapshot f108: 3 venc_ko blocks (pool0 0x73801000 len 0x10000)
src frame 109: srcf=7 off=440 br=8000
frame 109: send=0x0 get=0x0 len=1658 coding=1 startqp=0 meanqp=0 picbytes=0 pskip=0 nalus=1 n1:1658
  cu: inter64=0 inter32=0 inter16=0 inter8=0 intra32=0 intra16=0 intra8=0 intra4=0 reftype=0
  snapshot f109: 3 venc_ko blocks (pool0 0x73801000 len 0x10000)
src frame 110: srcf=6 off=444 br=8000
frame 110: send=0x0 get=0x0 len=2013 coding=1 startqp=0 meanqp=0 picbytes=0 pskip=0 nalus=1 n1:2013
  cu: inter64=0 inter32=0 inter16=0 inter8=0 intra32=0 intra16=0 intra8=0 intra4=0 reftype=0
  snapshot f110: 3 venc_ko blocks (pool0 0x73801000 len 0x10000)
src frame 111: srcf=5 off=448 br=8000
frame 111: send=0x0 get=0x0 len=2711 coding=1 startqp=0 meanqp=0 picbytes=0 pskip=0 nalus=1 n1:2711
  cu: inter64=0 inter32=0 inter16=0 inter8=0 intra32=0 intra16=0 intra8=0 intra4=0 reftype=0
  snapshot f111: 3 venc_ko blocks (pool0 0x73801000 len 0x10000)
src frame 112: srcf=4 off=452 br=8000
frame 112: send=0x0 get=0x0 len=2489 coding=1 startqp=0 meanqp=0 picbytes=0 pskip=0 nalus=1 n1:2489
  cu: inter64=0 inter32=0 inter16=0 inter8=0 intra32=0 intra16=0 intra8=0 intra4=0 reftype=0
  snapshot f112: 3 venc_ko blocks (pool0 0x73801000 len 0x10000)
src frame 113: srcf=3 off=456 br=8000
frame 113: send=0x0 get=0x0 len=2466 coding=1 startqp=0 meanqp=0 picbytes=0 pskip=0 nalus=1 n1:2466
  cu: inter64=0 inter32=0 inter16=0 inter8=0 intra32=0 intra16=0 intra8=0 intra4=0 reftype=0
  snapshot f113: 3 venc_ko blocks (pool0 0x73801000 len 0x10000)
src frame 114: srcf=2 off=460 br=8000
frame 114: send=0x0 get=0x0 len=1409 coding=1 startqp=0 meanqp=0 picbytes=0 pskip=0 nalus=1 n1:1409
  cu: inter64=0 inter32=0 inter16=0 inter8=0 intra32=0 intra16=0 intra8=0 intra4=0 reftype=0
  snapshot f114: 3 venc_ko blocks (pool0 0x73801000 len 0x10000)
src frame 115: srcf=1 off=464 br=8000
frame 115: send=0x0 get=0x0 len=1303 coding=1 startqp=0 meanqp=0 picbytes=0 pskip=0 nalus=1 n1:1303
  cu: inter64=0 inter32=0 inter16=0 inter8=0 intra32=0 intra16=0 intra8=0 intra4=0 reftype=0
  snapshot f115: 3 venc_ko blocks (pool0 0x73801000 len 0x10000)
src frame 116: srcf=0 off=468 br=8000
frame 116: send=0x0 get=0x0 len=1353 coding=1 startqp=0 meanqp=0 picbytes=0 pskip=0 nalus=1 n1:1353
  cu: inter64=0 inter32=0 inter16=0 inter8=0 intra32=0 intra16=0 intra8=0 intra4=0 reftype=0
  snapshot f116: 3 venc_ko blocks (pool0 0x73801000 len 0x10000)
src frame 117: srcf=1 off=472 br=8000
frame 117: send=0x0 get=0x0 len=1602 coding=1 startqp=0 meanqp=0 picbytes=0 pskip=0 nalus=1 n1:1602
  cu: inter64=0 inter32=0 inter16=0 inter8=0 intra32=0 intra16=0 intra8=0 intra4=0 reftype=0
  snapshot f117: 3 venc_ko blocks (pool0 0x73801000 len 0x10000)
src frame 118: srcf=2 off=476 br=8000
frame 118: send=0x0 get=0x0 len=1781 coding=1 startqp=0 meanqp=0 picbytes=0 pskip=0 nalus=1 n1:1781
  cu: inter64=0 inter32=0 inter16=0 inter8=0 intra32=0 intra16=0 intra8=0 intra4=0 reftype=0
  snapshot f118: 3 venc_ko blocks (pool0 0x73801000 len 0x10000)
src frame 119: srcf=3 off=480 br=8000
frame 119: send=0x0 get=0x0 len=1870 coding=1 startqp=0 meanqp=0 picbytes=0 pskip=0 nalus=1 n1:1870
  cu: inter64=0 inter32=0 inter16=0 inter8=0 intra32=0 intra16=0 intra8=0 intra4=0 reftype=0
  snapshot f119: 3 venc_ko blocks (pool0 0x73801000 len 0x10000)
src frame 120: srcf=4 off=484 br=8000
frame 120: send=0x0 get=0x0 len=44043 coding=0 startqp=0 meanqp=0 picbytes=0 pskip=0 nalus=4 n32:27 n33:53 n34:12 n19:43951
  cu: inter64=0 inter32=0 inter16=0 inter8=0 intra32=0 intra16=0 intra8=0 intra4=0 reftype=0
  snapshot f120: 3 venc_ko blocks (pool0 0x73801000 len 0x10000)
src frame 121: srcf=5 off=488 br=8000
frame 121: send=0x0 get=0x0 len=6972 coding=1 startqp=0 meanqp=0 picbytes=0 pskip=0 nalus=1 n1:6972
  cu: inter64=0 inter32=0 inter16=0 inter8=0 intra32=0 intra16=0 intra8=0 intra4=0 reftype=0
  snapshot f121: 3 venc_ko blocks (pool0 0x73801000 len 0x10000)
src frame 122: srcf=6 off=492 br=8000
frame 122: send=0x0 get=0x0 len=4478 coding=1 startqp=0 meanqp=0 picbytes=0 pskip=0 nalus=1 n1:4478
  cu: inter64=0 inter32=0 inter16=0 inter8=0 intra32=0 intra16=0 intra8=0 intra4=0 reftype=0
  snapshot f122: 3 venc_ko blocks (pool0 0x73801000 len 0x10000)
src frame 123: srcf=7 off=496 br=8000
frame 123: send=0x0 get=0x0 len=3869 coding=1 startqp=0 meanqp=0 picbytes=0 pskip=0 nalus=1 n1:3869
  cu: inter64=0 inter32=0 inter16=0 inter8=0 intra32=0 intra16=0 intra8=0 intra4=0 reftype=0
  snapshot f123: 3 venc_ko blocks (pool0 0x73801000 len 0x10000)
src frame 124: srcf=8 off=500 br=8000
frame 124: send=0x0 get=0x0 len=4248 coding=1 startqp=0 meanqp=0 picbytes=0 pskip=0 nalus=1 n1:4248
  cu: inter64=0 inter32=0 inter16=0 inter8=0 intra32=0 intra16=0 intra8=0 intra4=0 reftype=0
  snapshot f124: 3 venc_ko blocks (pool0 0x73801000 len 0x10000)
src frame 125: srcf=9 off=504 br=8000
frame 125: send=0x0 get=0x0 len=4324 coding=1 startqp=0 meanqp=0 picbytes=0 pskip=0 nalus=1 n1:4324
  cu: inter64=0 inter32=0 inter16=0 inter8=0 intra32=0 intra16=0 intra8=0 intra4=0 reftype=0
  snapshot f125: 3 venc_ko blocks (pool0 0x73801000 len 0x10000)
src frame 126: srcf=10 off=508 br=8000
frame 126: send=0x0 get=0x0 len=5040 coding=1 startqp=0 meanqp=0 picbytes=0 pskip=0 nalus=1 n1:5040
  cu: inter64=0 inter32=0 inter16=0 inter8=0 intra32=0 intra16=0 intra8=0 intra4=0 reftype=0
  snapshot f126: 3 venc_ko blocks (pool0 0x73801000 len 0x10000)
src frame 127: srcf=11 off=512 br=8000
frame 127: send=0x0 get=0x0 len=5463 coding=1 startqp=0 meanqp=0 picbytes=0 pskip=0 nalus=1 n1:5463
  cu: inter64=0 inter32=0 inter16=0 inter8=0 intra32=0 intra16=0 intra8=0 intra4=0 reftype=0
  snapshot f127: 3 venc_ko blocks (pool0 0x73801000 len 0x10000)
src frame 128: srcf=12 off=516 br=8000
frame 128: send=0x0 get=0x0 len=6005 coding=1 startqp=0 meanqp=0 picbytes=0 pskip=0 nalus=1 n1:6005
  cu: inter64=0 inter32=0 inter16=0 inter8=0 intra32=0 intra16=0 intra8=0 intra4=0 reftype=0
  snapshot f128: 3 venc_ko blocks (pool0 0x73801000 len 0x10000)
src frame 129: srcf=13 off=520 br=8000
frame 129: send=0x0 get=0x0 len=3235 coding=1 startqp=0 meanqp=0 picbytes=0 pskip=0 nalus=1 n1:3235
  cu: inter64=0 inter32=0 inter16=0 inter8=0 intra32=0 intra16=0 intra8=0 intra4=0 reftype=0
  snapshot f129: 3 venc_ko blocks (pool0 0x73801000 len 0x10000)
src frame 130: srcf=14 off=524 br=8000
frame 130: send=0x0 get=0x0 len=2715 coding=1 startqp=0 meanqp=0 picbytes=0 pskip=0 nalus=1 n1:2715
  cu: inter64=0 inter32=0 inter16=0 inter8=0 intra32=0 intra16=0 intra8=0 intra4=0 reftype=0
  snapshot f130: 3 venc_ko blocks (pool0 0x73801000 len 0x10000)
src frame 131: srcf=15 off=528 br=8000
frame 131: send=0x0 get=0x0 len=2405 coding=1 startqp=0 meanqp=0 picbytes=0 pskip=0 nalus=1 n1:2405
  cu: inter64=0 inter32=0 inter16=0 inter8=0 intra32=0 intra16=0 intra8=0 intra4=0 reftype=0
  snapshot f131: 3 venc_ko blocks (pool0 0x73801000 len 0x10000)
src frame 132: srcf=16 off=532 br=8000
frame 132: send=0x0 get=0x0 len=2466 coding=1 startqp=0 meanqp=0 picbytes=0 pskip=0 nalus=1 n1:2466
  cu: inter64=0 inter32=0 inter16=0 inter8=0 intra32=0 intra16=0 intra8=0 intra4=0 reftype=0
  snapshot f132: 3 venc_ko blocks (pool0 0x73801000 len 0x10000)
src frame 133: srcf=17 off=536 br=8000
frame 133: send=0x0 get=0x0 len=2887 coding=1 startqp=0 meanqp=0 picbytes=0 pskip=0 nalus=1 n1:2887
  cu: inter64=0 inter32=0 inter16=0 inter8=0 intra32=0 intra16=0 intra8=0 intra4=0 reftype=0
  snapshot f133: 3 venc_ko blocks (pool0 0x73801000 len 0x10000)
src frame 134: srcf=18 off=540 br=8000
frame 134: send=0x0 get=0x0 len=3679 coding=1 startqp=0 meanqp=0 picbytes=0 pskip=0 nalus=1 n1:3679
  cu: inter64=0 inter32=0 inter16=0 inter8=0 intra32=0 intra16=0 intra8=0 intra4=0 reftype=0
  snapshot f134: 3 venc_ko blocks (pool0 0x73801000 len 0x10000)
src frame 135: srcf=19 off=544 br=8000
frame 135: send=0x0 get=0x0 len=3252 coding=1 startqp=0 meanqp=0 picbytes=0 pskip=0 nalus=1 n1:3252
  cu: inter64=0 inter32=0 inter16=0 inter8=0 intra32=0 intra16=0 intra8=0 intra4=0 reftype=0
  snapshot f135: 3 venc_ko blocks (pool0 0x73801000 len 0x10000)
src frame 136: srcf=20 off=548 br=8000
frame 136: send=0x0 get=0x0 len=2434 coding=1 startqp=0 meanqp=0 picbytes=0 pskip=0 nalus=1 n1:2434
  cu: inter64=0 inter32=0 inter16=0 inter8=0 intra32=0 intra16=0 intra8=0 intra4=0 reftype=0
  snapshot f136: 3 venc_ko blocks (pool0 0x73801000 len 0x10000)
src frame 137: srcf=21 off=552 br=8000
frame 137: send=0x0 get=0x0 len=2124 coding=1 startqp=0 meanqp=0 picbytes=0 pskip=0 nalus=1 n1:2124
  cu: inter64=0 inter32=0 inter16=0 inter8=0 intra32=0 intra16=0 intra8=0 intra4=0 reftype=0
  snapshot f137: 3 venc_ko blocks (pool0 0x73801000 len 0x10000)
src frame 138: srcf=22 off=556 br=8000
frame 138: send=0x0 get=0x0 len=1620 coding=1 startqp=0 meanqp=0 picbytes=0 pskip=0 nalus=1 n1:1620
  cu: inter64=0 inter32=0 inter16=0 inter8=0 intra32=0 intra16=0 intra8=0 intra4=0 reftype=0
  snapshot f138: 3 venc_ko blocks (pool0 0x73801000 len 0x10000)
src frame 139: srcf=23 off=560 br=8000
frame 139: send=0x0 get=0x0 len=1410 coding=1 startqp=0 meanqp=0 picbytes=0 pskip=0 nalus=1 n1:1410
  cu: inter64=0 inter32=0 inter16=0 inter8=0 intra32=0 intra16=0 intra8=0 intra4=0 reftype=0
  snapshot f139: 3 venc_ko blocks (pool0 0x73801000 len 0x10000)
src frame 140: srcf=24 off=564 br=8000
frame 140: send=0x0 get=0x0 len=1197 coding=1 startqp=0 meanqp=0 picbytes=0 pskip=0 nalus=1 n1:1197
  cu: inter64=0 inter32=0 inter16=0 inter8=0 intra32=0 intra16=0 intra8=0 intra4=0 reftype=0
  snapshot f140: 3 venc_ko blocks (pool0 0x73801000 len 0x10000)
src frame 141: srcf=25 off=568 br=8000
frame 141: send=0x0 get=0x0 len=1081 coding=1 startqp=0 meanqp=0 picbytes=0 pskip=0 nalus=1 n1:1081
  cu: inter64=0 inter32=0 inter16=0 inter8=0 intra32=0 intra16=0 intra8=0 intra4=0 reftype=0
  snapshot f141: 3 venc_ko blocks (pool0 0x73801000 len 0x10000)
src frame 142: srcf=26 off=572 br=8000
frame 142: send=0x0 get=0x0 len=1479 coding=1 startqp=0 meanqp=0 picbytes=0 pskip=0 nalus=1 n1:1479
  cu: inter64=0 inter32=0 inter16=0 inter8=0 intra32=0 intra16=0 intra8=0 intra4=0 reftype=0
  snapshot f142: 3 venc_ko blocks (pool0 0x73801000 len 0x10000)
src frame 143: srcf=27 off=576 br=8000
frame 143: send=0x0 get=0x0 len=1830 coding=1 startqp=0 meanqp=0 picbytes=0 pskip=0 nalus=1 n1:1830
  cu: inter64=0 inter32=0 inter16=0 inter8=0 intra32=0 intra16=0 intra8=0 intra4=0 reftype=0
  snapshot f143: 3 venc_ko blocks (pool0 0x73801000 len 0x10000)
src frame 144: srcf=28 off=580 br=8000
frame 144: send=0x0 get=0x0 len=1715 coding=1 startqp=0 meanqp=0 picbytes=0 pskip=0 nalus=1 n1:1715
  cu: inter64=0 inter32=0 inter16=0 inter8=0 intra32=0 intra16=0 intra8=0 intra4=0 reftype=0
  snapshot f144: 3 venc_ko blocks (pool0 0x73801000 len 0x10000)
src frame 145: srcf=29 off=584 br=8000
frame 145: send=0x0 get=0x0 len=1809 coding=1 startqp=0 meanqp=0 picbytes=0 pskip=0 nalus=1 n1:1809
  cu: inter64=0 inter32=0 inter16=0 inter8=0 intra32=0 intra16=0 intra8=0 intra4=0 reftype=0
  snapshot f145: 3 venc_ko blocks (pool0 0x73801000 len 0x10000)
src frame 146: srcf=28 off=588 br=8000
frame 146: send=0x0 get=0x0 len=1718 coding=1 startqp=0 meanqp=0 picbytes=0 pskip=0 nalus=1 n1:1718
  cu: inter64=0 inter32=0 inter16=0 inter8=0 intra32=0 intra16=0 intra8=0 intra4=0 reftype=0
  snapshot f146: 3 venc_ko blocks (pool0 0x73801000 len 0x10000)
src frame 147: srcf=27 off=592 br=8000
frame 147: send=0x0 get=0x0 len=1768 coding=1 startqp=0 meanqp=0 picbytes=0 pskip=0 nalus=1 n1:1768
  cu: inter64=0 inter32=0 inter16=0 inter8=0 intra32=0 intra16=0 intra8=0 intra4=0 reftype=0
  snapshot f147: 3 venc_ko blocks (pool0 0x73801000 len 0x10000)
src frame 148: srcf=26 off=596 br=8000
frame 148: send=0x0 get=0x0 len=1491 coding=1 startqp=0 meanqp=0 picbytes=0 pskip=0 nalus=1 n1:1491
  cu: inter64=0 inter32=0 inter16=0 inter8=0 intra32=0 intra16=0 intra8=0 intra4=0 reftype=0
  snapshot f148: 3 venc_ko blocks (pool0 0x73801000 len 0x10000)
src frame 149: srcf=25 off=600 br=8000
frame 149: send=0x0 get=0x0 len=1307 coding=1 startqp=0 meanqp=0 picbytes=0 pskip=0 nalus=1 n1:1307
  cu: inter64=0 inter32=0 inter16=0 inter8=0 intra32=0 intra16=0 intra8=0 intra4=0 reftype=0
  snapshot f149: 3 venc_ko blocks (pool0 0x73801000 len 0x10000)
src frame 150: srcf=24 off=604 br=8000
frame 150: send=0x0 get=0x0 len=48674 coding=0 startqp=0 meanqp=0 picbytes=0 pskip=0 nalus=4 n32:27 n33:53 n34:12 n19:48582
  cu: inter64=0 inter32=0 inter16=0 inter8=0 intra32=0 intra16=0 intra8=0 intra4=0 reftype=0
  snapshot f150: 3 venc_ko blocks (pool0 0x73801000 len 0x10000)
src frame 151: srcf=23 off=608 br=8000
frame 151: send=0x0 get=0x0 len=8120 coding=1 startqp=0 meanqp=0 picbytes=0 pskip=0 nalus=1 n1:8120
  cu: inter64=0 inter32=0 inter16=0 inter8=0 intra32=0 intra16=0 intra8=0 intra4=0 reftype=0
  snapshot f151: 3 venc_ko blocks (pool0 0x73801000 len 0x10000)
src frame 152: srcf=22 off=612 br=8000
frame 152: send=0x0 get=0x0 len=5041 coding=1 startqp=0 meanqp=0 picbytes=0 pskip=0 nalus=1 n1:5041
  cu: inter64=0 inter32=0 inter16=0 inter8=0 intra32=0 intra16=0 intra8=0 intra4=0 reftype=0
  snapshot f152: 3 venc_ko blocks (pool0 0x73801000 len 0x10000)
src frame 153: srcf=21 off=616 br=8000
frame 153: send=0x0 get=0x0 len=4786 coding=1 startqp=0 meanqp=0 picbytes=0 pskip=0 nalus=1 n1:4786
  cu: inter64=0 inter32=0 inter16=0 inter8=0 intra32=0 intra16=0 intra8=0 intra4=0 reftype=0
  snapshot f153: 3 venc_ko blocks (pool0 0x73801000 len 0x10000)
src frame 154: srcf=20 off=620 br=8000
frame 154: send=0x0 get=0x0 len=5770 coding=1 startqp=0 meanqp=0 picbytes=0 pskip=0 nalus=1 n1:5770
  cu: inter64=0 inter32=0 inter16=0 inter8=0 intra32=0 intra16=0 intra8=0 intra4=0 reftype=0
  snapshot f154: 3 venc_ko blocks (pool0 0x73801000 len 0x10000)
src frame 155: srcf=19 off=624 br=8000
frame 155: send=0x0 get=0x0 len=5867 coding=1 startqp=0 meanqp=0 picbytes=0 pskip=0 nalus=1 n1:5867
  cu: inter64=0 inter32=0 inter16=0 inter8=0 intra32=0 intra16=0 intra8=0 intra4=0 reftype=0
  snapshot f155: 3 venc_ko blocks (pool0 0x73801000 len 0x10000)
src frame 156: srcf=18 off=628 br=8000
frame 156: send=0x0 get=0x0 len=6050 coding=1 startqp=0 meanqp=0 picbytes=0 pskip=0 nalus=1 n1:6050
  cu: inter64=0 inter32=0 inter16=0 inter8=0 intra32=0 intra16=0 intra8=0 intra4=0 reftype=0
  snapshot f156: 3 venc_ko blocks (pool0 0x73801000 len 0x10000)
src frame 157: srcf=17 off=632 br=8000
frame 157: send=0x0 get=0x0 len=3254 coding=1 startqp=0 meanqp=0 picbytes=0 pskip=0 nalus=1 n1:3254
  cu: inter64=0 inter32=0 inter16=0 inter8=0 intra32=0 intra16=0 intra8=0 intra4=0 reftype=0
  snapshot f157: 3 venc_ko blocks (pool0 0x73801000 len 0x10000)
src frame 158: srcf=16 off=636 br=8000
frame 158: send=0x0 get=0x0 len=2752 coding=1 startqp=0 meanqp=0 picbytes=0 pskip=0 nalus=1 n1:2752
  cu: inter64=0 inter32=0 inter16=0 inter8=0 intra32=0 intra16=0 intra8=0 intra4=0 reftype=0
  snapshot f158: 3 venc_ko blocks (pool0 0x73801000 len 0x10000)
src frame 159: srcf=15 off=640 br=8000
frame 159: send=0x0 get=0x0 len=2303 coding=1 startqp=0 meanqp=0 picbytes=0 pskip=0 nalus=1 n1:2303
  cu: inter64=0 inter32=0 inter16=0 inter8=0 intra32=0 intra16=0 intra8=0 intra4=0 reftype=0
  snapshot f159: 3 venc_ko blocks (pool0 0x73801000 len 0x10000)
src frame 160: srcf=14 off=644 br=8000
frame 160: send=0x0 get=0x0 len=2147 coding=1 startqp=0 meanqp=0 picbytes=0 pskip=0 nalus=1 n1:2147
  cu: inter64=0 inter32=0 inter16=0 inter8=0 intra32=0 intra16=0 intra8=0 intra4=0 reftype=0
  snapshot f160: 3 venc_ko blocks (pool0 0x73801000 len 0x10000)
src frame 161: srcf=13 off=648 br=8000
frame 161: send=0x0 get=0x0 len=1750 coding=1 startqp=0 meanqp=0 picbytes=0 pskip=0 nalus=1 n1:1750
  cu: inter64=0 inter32=0 inter16=0 inter8=0 intra32=0 intra16=0 intra8=0 intra4=0 reftype=0
  snapshot f161: 3 venc_ko blocks (pool0 0x73801000 len 0x10000)
src frame 162: srcf=12 off=652 br=8000
frame 162: send=0x0 get=0x0 len=1758 coding=1 startqp=0 meanqp=0 picbytes=0 pskip=0 nalus=1 n1:1758
  cu: inter64=0 inter32=0 inter16=0 inter8=0 intra32=0 intra16=0 intra8=0 intra4=0 reftype=0
  snapshot f162: 3 venc_ko blocks (pool0 0x73801000 len 0x10000)
src frame 163: srcf=11 off=656 br=8000
frame 163: send=0x0 get=0x0 len=1847 coding=1 startqp=0 meanqp=0 picbytes=0 pskip=0 nalus=1 n1:1847
  cu: inter64=0 inter32=0 inter16=0 inter8=0 intra32=0 intra16=0 intra8=0 intra4=0 reftype=0
  snapshot f163: 3 venc_ko blocks (pool0 0x73801000 len 0x10000)
src frame 164: srcf=10 off=660 br=8000
frame 164: send=0x0 get=0x0 len=1839 coding=1 startqp=0 meanqp=0 picbytes=0 pskip=0 nalus=1 n1:1839
  cu: inter64=0 inter32=0 inter16=0 inter8=0 intra32=0 intra16=0 intra8=0 intra4=0 reftype=0
  snapshot f164: 3 venc_ko blocks (pool0 0x73801000 len 0x10000)
src frame 165: srcf=9 off=664 br=8000
frame 165: send=0x0 get=0x0 len=2037 coding=1 startqp=0 meanqp=0 picbytes=0 pskip=0 nalus=1 n1:2037
  cu: inter64=0 inter32=0 inter16=0 inter8=0 intra32=0 intra16=0 intra8=0 intra4=0 reftype=0
  snapshot f165: 3 venc_ko blocks (pool0 0x73801000 len 0x10000)
src frame 166: srcf=8 off=668 br=8000
frame 166: send=0x0 get=0x0 len=2164 coding=1 startqp=0 meanqp=0 picbytes=0 pskip=0 nalus=1 n1:2164
  cu: inter64=0 inter32=0 inter16=0 inter8=0 intra32=0 intra16=0 intra8=0 intra4=0 reftype=0
  snapshot f166: 3 venc_ko blocks (pool0 0x73801000 len 0x10000)
src frame 167: srcf=7 off=672 br=8000
frame 167: send=0x0 get=0x0 len=2069 coding=1 startqp=0 meanqp=0 picbytes=0 pskip=0 nalus=1 n1:2069
  cu: inter64=0 inter32=0 inter16=0 inter8=0 intra32=0 intra16=0 intra8=0 intra4=0 reftype=0
  snapshot f167: 3 venc_ko blocks (pool0 0x73801000 len 0x10000)
src frame 168: srcf=6 off=676 br=8000
frame 168: send=0x0 get=0x0 len=1298 coding=1 startqp=0 meanqp=0 picbytes=0 pskip=0 nalus=1 n1:1298
  cu: inter64=0 inter32=0 inter16=0 inter8=0 intra32=0 intra16=0 intra8=0 intra4=0 reftype=0
  snapshot f168: 3 venc_ko blocks (pool0 0x73801000 len 0x10000)
src frame 169: srcf=5 off=680 br=8000
frame 169: send=0x0 get=0x0 len=1269 coding=1 startqp=0 meanqp=0 picbytes=0 pskip=0 nalus=1 n1:1269
  cu: inter64=0 inter32=0 inter16=0 inter8=0 intra32=0 intra16=0 intra8=0 intra4=0 reftype=0
  snapshot f169: 3 venc_ko blocks (pool0 0x73801000 len 0x10000)
src frame 170: srcf=4 off=684 br=8000
frame 170: send=0x0 get=0x0 len=1174 coding=1 startqp=0 meanqp=0 picbytes=0 pskip=0 nalus=1 n1:1174
  cu: inter64=0 inter32=0 inter16=0 inter8=0 intra32=0 intra16=0 intra8=0 intra4=0 reftype=0
  snapshot f170: 3 venc_ko blocks (pool0 0x73801000 len 0x10000)
src frame 171: srcf=3 off=688 br=8000
frame 171: send=0x0 get=0x0 len=1177 coding=1 startqp=0 meanqp=0 picbytes=0 pskip=0 nalus=1 n1:1177
  cu: inter64=0 inter32=0 inter16=0 inter8=0 intra32=0 intra16=0 intra8=0 intra4=0 reftype=0
  snapshot f171: 3 venc_ko blocks (pool0 0x73801000 len 0x10000)
src frame 172: srcf=2 off=692 br=8000
frame 172: send=0x0 get=0x0 len=979 coding=1 startqp=0 meanqp=0 picbytes=0 pskip=0 nalus=1 n1:979
  cu: inter64=0 inter32=0 inter16=0 inter8=0 intra32=0 intra16=0 intra8=0 intra4=0 reftype=0
  snapshot f172: 3 venc_ko blocks (pool0 0x73801000 len 0x10000)
src frame 173: srcf=1 off=696 br=8000
frame 173: send=0x0 get=0x0 len=1111 coding=1 startqp=0 meanqp=0 picbytes=0 pskip=0 nalus=1 n1:1111
  cu: inter64=0 inter32=0 inter16=0 inter8=0 intra32=0 intra16=0 intra8=0 intra4=0 reftype=0
  snapshot f173: 3 venc_ko blocks (pool0 0x73801000 len 0x10000)
src frame 174: srcf=0 off=700 br=8000
frame 174: send=0x0 get=0x0 len=1412 coding=1 startqp=0 meanqp=0 picbytes=0 pskip=0 nalus=1 n1:1412
  cu: inter64=0 inter32=0 inter16=0 inter8=0 intra32=0 intra16=0 intra8=0 intra4=0 reftype=0
  snapshot f174: 3 venc_ko blocks (pool0 0x73801000 len 0x10000)
src frame 175: srcf=1 off=704 br=8000
frame 175: send=0x0 get=0x0 len=1559 coding=1 startqp=0 meanqp=0 picbytes=0 pskip=0 nalus=1 n1:1559
  cu: inter64=0 inter32=0 inter16=0 inter8=0 intra32=0 intra16=0 intra8=0 intra4=0 reftype=0
  snapshot f175: 3 venc_ko blocks (pool0 0x73801000 len 0x10000)
src frame 176: srcf=2 off=708 br=8000
frame 176: send=0x0 get=0x0 len=1421 coding=1 startqp=0 meanqp=0 picbytes=0 pskip=0 nalus=1 n1:1421
  cu: inter64=0 inter32=0 inter16=0 inter8=0 intra32=0 intra16=0 intra8=0 intra4=0 reftype=0
  snapshot f176: 3 venc_ko blocks (pool0 0x73801000 len 0x10000)
src frame 177: srcf=3 off=712 br=8000
frame 177: send=0x0 get=0x0 len=1164 coding=1 startqp=0 meanqp=0 picbytes=0 pskip=0 nalus=1 n1:1164
  cu: inter64=0 inter32=0 inter16=0 inter8=0 intra32=0 intra16=0 intra8=0 intra4=0 reftype=0
  snapshot f177: 3 venc_ko blocks (pool0 0x73801000 len 0x10000)
src frame 178: srcf=4 off=716 br=8000
frame 178: send=0x0 get=0x0 len=1156 coding=1 startqp=0 meanqp=0 picbytes=0 pskip=0 nalus=1 n1:1156
  cu: inter64=0 inter32=0 inter16=0 inter8=0 intra32=0 intra16=0 intra8=0 intra4=0 reftype=0
  snapshot f178: 3 venc_ko blocks (pool0 0x73801000 len 0x10000)
src frame 179: srcf=5 off=720 br=8000
frame 179: send=0x0 get=0x0 len=1214 coding=1 startqp=0 meanqp=0 picbytes=0 pskip=0 nalus=1 n1:1214
  cu: inter64=0 inter32=0 inter16=0 inter8=0 intra32=0 intra16=0 intra8=0 intra4=0 reftype=0
  snapshot f179: 3 venc_ko blocks (pool0 0x73801000 len 0x10000)
src frame 180: srcf=6 off=724 br=8000
frame 180: send=0x0 get=0x0 len=52923 coding=0 startqp=0 meanqp=0 picbytes=0 pskip=0 nalus=4 n32:27 n33:53 n34:12 n19:52831
  cu: inter64=0 inter32=0 inter16=0 inter8=0 intra32=0 intra16=0 intra8=0 intra4=0 reftype=0
  snapshot f180: 3 venc_ko blocks (pool0 0x73801000 len 0x10000)
src frame 181: srcf=7 off=728 br=8000
frame 181: send=0x0 get=0x0 len=9210 coding=1 startqp=0 meanqp=0 picbytes=0 pskip=0 nalus=1 n1:9210
  cu: inter64=0 inter32=0 inter16=0 inter8=0 intra32=0 intra16=0 intra8=0 intra4=0 reftype=0
  snapshot f181: 3 venc_ko blocks (pool0 0x73801000 len 0x10000)
src frame 182: srcf=8 off=732 br=8000
frame 182: send=0x0 get=0x0 len=4899 coding=1 startqp=0 meanqp=0 picbytes=0 pskip=0 nalus=1 n1:4899
  cu: inter64=0 inter32=0 inter16=0 inter8=0 intra32=0 intra16=0 intra8=0 intra4=0 reftype=0
  snapshot f182: 3 venc_ko blocks (pool0 0x73801000 len 0x10000)
src frame 183: srcf=9 off=736 br=8000
frame 183: send=0x0 get=0x0 len=4922 coding=1 startqp=0 meanqp=0 picbytes=0 pskip=0 nalus=1 n1:4922
  cu: inter64=0 inter32=0 inter16=0 inter8=0 intra32=0 intra16=0 intra8=0 intra4=0 reftype=0
  snapshot f183: 3 venc_ko blocks (pool0 0x73801000 len 0x10000)
src frame 184: srcf=10 off=740 br=8000
frame 184: send=0x0 get=0x0 len=6002 coding=1 startqp=0 meanqp=0 picbytes=0 pskip=0 nalus=1 n1:6002
  cu: inter64=0 inter32=0 inter16=0 inter8=0 intra32=0 intra16=0 intra8=0 intra4=0 reftype=0
  snapshot f184: 3 venc_ko blocks (pool0 0x73801000 len 0x10000)
src frame 185: srcf=11 off=744 br=8000
frame 185: send=0x0 get=0x0 len=3116 coding=1 startqp=0 meanqp=0 picbytes=0 pskip=0 nalus=1 n1:3116
  cu: inter64=0 inter32=0 inter16=0 inter8=0 intra32=0 intra16=0 intra8=0 intra4=0 reftype=0
  snapshot f185: 3 venc_ko blocks (pool0 0x73801000 len 0x10000)
src frame 186: srcf=12 off=748 br=8000
frame 186: send=0x0 get=0x0 len=2726 coding=1 startqp=0 meanqp=0 picbytes=0 pskip=0 nalus=1 n1:2726
  cu: inter64=0 inter32=0 inter16=0 inter8=0 intra32=0 intra16=0 intra8=0 intra4=0 reftype=0
  snapshot f186: 3 venc_ko blocks (pool0 0x73801000 len 0x10000)
src frame 187: srcf=13 off=752 br=8000
frame 187: send=0x0 get=0x0 len=2318 coding=1 startqp=0 meanqp=0 picbytes=0 pskip=0 nalus=1 n1:2318
  cu: inter64=0 inter32=0 inter16=0 inter8=0 intra32=0 intra16=0 intra8=0 intra4=0 reftype=0
  snapshot f187: 3 venc_ko blocks (pool0 0x73801000 len 0x10000)
src frame 188: srcf=14 off=756 br=8000
frame 188: send=0x0 get=0x0 len=1884 coding=1 startqp=0 meanqp=0 picbytes=0 pskip=0 nalus=1 n1:1884
  cu: inter64=0 inter32=0 inter16=0 inter8=0 intra32=0 intra16=0 intra8=0 intra4=0 reftype=0
  snapshot f188: 3 venc_ko blocks (pool0 0x73801000 len 0x10000)
src frame 189: srcf=15 off=760 br=8000
frame 189: send=0x0 get=0x0 len=1473 coding=1 startqp=0 meanqp=0 picbytes=0 pskip=0 nalus=1 n1:1473
  cu: inter64=0 inter32=0 inter16=0 inter8=0 intra32=0 intra16=0 intra8=0 intra4=0 reftype=0
  snapshot f189: 3 venc_ko blocks (pool0 0x73801000 len 0x10000)
src frame 190: srcf=16 off=764 br=8000
frame 190: send=0x0 get=0x0 len=1950 coding=1 startqp=0 meanqp=0 picbytes=0 pskip=0 nalus=1 n1:1950
  cu: inter64=0 inter32=0 inter16=0 inter8=0 intra32=0 intra16=0 intra8=0 intra4=0 reftype=0
  snapshot f190: 3 venc_ko blocks (pool0 0x73801000 len 0x10000)
src frame 191: srcf=17 off=768 br=8000
frame 191: send=0x0 get=0x0 len=1695 coding=1 startqp=0 meanqp=0 picbytes=0 pskip=0 nalus=1 n1:1695
  cu: inter64=0 inter32=0 inter16=0 inter8=0 intra32=0 intra16=0 intra8=0 intra4=0 reftype=0
  snapshot f191: 3 venc_ko blocks (pool0 0x73801000 len 0x10000)
src frame 192: srcf=18 off=772 br=8000
frame 192: send=0x0 get=0x0 len=1800 coding=1 startqp=0 meanqp=0 picbytes=0 pskip=0 nalus=1 n1:1800
  cu: inter64=0 inter32=0 inter16=0 inter8=0 intra32=0 intra16=0 intra8=0 intra4=0 reftype=0
  snapshot f192: 3 venc_ko blocks (pool0 0x73801000 len 0x10000)
src frame 193: srcf=19 off=776 br=8000
frame 193: send=0x0 get=0x0 len=1889 coding=1 startqp=0 meanqp=0 picbytes=0 pskip=0 nalus=1 n1:1889
  cu: inter64=0 inter32=0 inter16=0 inter8=0 intra32=0 intra16=0 intra8=0 intra4=0 reftype=0
  snapshot f193: 3 venc_ko blocks (pool0 0x73801000 len 0x10000)
src frame 194: srcf=20 off=780 br=8000
frame 194: send=0x0 get=0x0 len=1867 coding=1 startqp=0 meanqp=0 picbytes=0 pskip=0 nalus=1 n1:1867
  cu: inter64=0 inter32=0 inter16=0 inter8=0 intra32=0 intra16=0 intra8=0 intra4=0 reftype=0
  snapshot f194: 3 venc_ko blocks (pool0 0x73801000 len 0x10000)
src frame 195: srcf=21 off=784 br=8000
frame 195: send=0x0 get=0x0 len=1836 coding=1 startqp=0 meanqp=0 picbytes=0 pskip=0 nalus=1 n1:1836
  cu: inter64=0 inter32=0 inter16=0 inter8=0 intra32=0 intra16=0 intra8=0 intra4=0 reftype=0
  snapshot f195: 3 venc_ko blocks (pool0 0x73801000 len 0x10000)
src frame 196: srcf=22 off=788 br=8000
frame 196: send=0x0 get=0x0 len=1447 coding=1 startqp=0 meanqp=0 picbytes=0 pskip=0 nalus=1 n1:1447
  cu: inter64=0 inter32=0 inter16=0 inter8=0 intra32=0 intra16=0 intra8=0 intra4=0 reftype=0
  snapshot f196: 3 venc_ko blocks (pool0 0x73801000 len 0x10000)
src frame 197: srcf=23 off=792 br=8000
frame 197: send=0x0 get=0x0 len=1260 coding=1 startqp=0 meanqp=0 picbytes=0 pskip=0 nalus=1 n1:1260
  cu: inter64=0 inter32=0 inter16=0 inter8=0 intra32=0 intra16=0 intra8=0 intra4=0 reftype=0
  snapshot f197: 3 venc_ko blocks (pool0 0x73801000 len 0x10000)
src frame 198: srcf=24 off=796 br=8000
frame 198: send=0x0 get=0x0 len=1289 coding=1 startqp=0 meanqp=0 picbytes=0 pskip=0 nalus=1 n1:1289
  cu: inter64=0 inter32=0 inter16=0 inter8=0 intra32=0 intra16=0 intra8=0 intra4=0 reftype=0
  snapshot f198: 3 venc_ko blocks (pool0 0x73801000 len 0x10000)
src frame 199: srcf=25 off=800 br=8000
frame 199: send=0x0 get=0x0 len=1312 coding=1 startqp=0 meanqp=0 picbytes=0 pskip=0 nalus=1 n1:1312
  cu: inter64=0 inter32=0 inter16=0 inter8=0 intra32=0 intra16=0 intra8=0 intra4=0 reftype=0
  snapshot f199: 3 venc_ko blocks (pool0 0x73801000 len 0x10000)
src frame 200: srcf=26 off=804 br=8000
frame 200: send=0x0 get=0x0 len=1115 coding=1 startqp=0 meanqp=0 picbytes=0 pskip=0 nalus=1 n1:1115
  cu: inter64=0 inter32=0 inter16=0 inter8=0 intra32=0 intra16=0 intra8=0 intra4=0 reftype=0
  snapshot f200: 3 venc_ko blocks (pool0 0x73801000 len 0x10000)
src frame 201: srcf=27 off=808 br=8000
frame 201: send=0x0 get=0x0 len=1156 coding=1 startqp=0 meanqp=0 picbytes=0 pskip=0 nalus=1 n1:1156
  cu: inter64=0 inter32=0 inter16=0 inter8=0 intra32=0 intra16=0 intra8=0 intra4=0 reftype=0
  snapshot f201: 3 venc_ko blocks (pool0 0x73801000 len 0x10000)
src frame 202: srcf=28 off=812 br=8000
frame 202: send=0x0 get=0x0 len=1183 coding=1 startqp=0 meanqp=0 picbytes=0 pskip=0 nalus=1 n1:1183
  cu: inter64=0 inter32=0 inter16=0 inter8=0 intra32=0 intra16=0 intra8=0 intra4=0 reftype=0
  snapshot f202: 3 venc_ko blocks (pool0 0x73801000 len 0x10000)
src frame 203: srcf=29 off=816 br=8000
frame 203: send=0x0 get=0x0 len=1462 coding=1 startqp=0 meanqp=0 picbytes=0 pskip=0 nalus=1 n1:1462
  cu: inter64=0 inter32=0 inter16=0 inter8=0 intra32=0 intra16=0 intra8=0 intra4=0 reftype=0
  snapshot f203: 3 venc_ko blocks (pool0 0x73801000 len 0x10000)
src frame 204: srcf=28 off=820 br=8000
frame 204: send=0x0 get=0x0 len=1353 coding=1 startqp=0 meanqp=0 picbytes=0 pskip=0 nalus=1 n1:1353
  cu: inter64=0 inter32=0 inter16=0 inter8=0 intra32=0 intra16=0 intra8=0 intra4=0 reftype=0
  snapshot f204: 3 venc_ko blocks (pool0 0x73801000 len 0x10000)
src frame 205: srcf=27 off=824 br=8000
frame 205: send=0x0 get=0x0 len=1162 coding=1 startqp=0 meanqp=0 picbytes=0 pskip=0 nalus=1 n1:1162
  cu: inter64=0 inter32=0 inter16=0 inter8=0 intra32=0 intra16=0 intra8=0 intra4=0 reftype=0
  snapshot f205: 3 venc_ko blocks (pool0 0x73801000 len 0x10000)
src frame 206: srcf=26 off=828 br=8000
frame 206: send=0x0 get=0x0 len=1031 coding=1 startqp=0 meanqp=0 picbytes=0 pskip=0 nalus=1 n1:1031
  cu: inter64=0 inter32=0 inter16=0 inter8=0 intra32=0 intra16=0 intra8=0 intra4=0 reftype=0
  snapshot f206: 3 venc_ko blocks (pool0 0x73801000 len 0x10000)
src frame 207: srcf=25 off=832 br=8000
frame 207: send=0x0 get=0x0 len=1126 coding=1 startqp=0 meanqp=0 picbytes=0 pskip=0 nalus=1 n1:1126
  cu: inter64=0 inter32=0 inter16=0 inter8=0 intra32=0 intra16=0 intra8=0 intra4=0 reftype=0
  snapshot f207: 3 venc_ko blocks (pool0 0x73801000 len 0x10000)
src frame 208: srcf=24 off=836 br=8000
frame 208: send=0x0 get=0x0 len=1098 coding=1 startqp=0 meanqp=0 picbytes=0 pskip=0 nalus=1 n1:1098
  cu: inter64=0 inter32=0 inter16=0 inter8=0 intra32=0 intra16=0 intra8=0 intra4=0 reftype=0
  snapshot f208: 3 venc_ko blocks (pool0 0x73801000 len 0x10000)
src frame 209: srcf=23 off=840 br=8000
frame 209: send=0x0 get=0x0 len=1038 coding=1 startqp=0 meanqp=0 picbytes=0 pskip=0 nalus=1 n1:1038
  cu: inter64=0 inter32=0 inter16=0 inter8=0 intra32=0 intra16=0 intra8=0 intra4=0 reftype=0
  snapshot f209: 3 venc_ko blocks (pool0 0x73801000 len 0x10000)
src frame 210: srcf=22 off=844 br=8000
frame 210: send=0x0 get=0x0 len=57491 coding=0 startqp=0 meanqp=0 picbytes=0 pskip=0 nalus=4 n32:27 n33:53 n34:12 n19:57399
  cu: inter64=0 inter32=0 inter16=0 inter8=0 intra32=0 intra16=0 intra8=0 intra4=0 reftype=0
  snapshot f210: 3 venc_ko blocks (pool0 0x73801000 len 0x10000)
src frame 211: srcf=21 off=848 br=8000
frame 211: send=0x0 get=0x0 len=9993 coding=1 startqp=0 meanqp=0 picbytes=0 pskip=0 nalus=1 n1:9993
  cu: inter64=0 inter32=0 inter16=0 inter8=0 intra32=0 intra16=0 intra8=0 intra4=0 reftype=0
  snapshot f211: 3 venc_ko blocks (pool0 0x73801000 len 0x10000)
src frame 212: srcf=20 off=852 br=8000
frame 212: send=0x0 get=0x0 len=6029 coding=1 startqp=0 meanqp=0 picbytes=0 pskip=0 nalus=1 n1:6029
  cu: inter64=0 inter32=0 inter16=0 inter8=0 intra32=0 intra16=0 intra8=0 intra4=0 reftype=0
  snapshot f212: 3 venc_ko blocks (pool0 0x73801000 len 0x10000)
src frame 213: srcf=19 off=856 br=8000
frame 213: send=0x0 get=0x0 len=3275 coding=1 startqp=0 meanqp=0 picbytes=0 pskip=0 nalus=1 n1:3275
  cu: inter64=0 inter32=0 inter16=0 inter8=0 intra32=0 intra16=0 intra8=0 intra4=0 reftype=0
  snapshot f213: 3 venc_ko blocks (pool0 0x73801000 len 0x10000)
src frame 214: srcf=18 off=860 br=8000
frame 214: send=0x0 get=0x0 len=2818 coding=1 startqp=0 meanqp=0 picbytes=0 pskip=0 nalus=1 n1:2818
  cu: inter64=0 inter32=0 inter16=0 inter8=0 intra32=0 intra16=0 intra8=0 intra4=0 reftype=0
  snapshot f214: 3 venc_ko blocks (pool0 0x73801000 len 0x10000)
src frame 215: srcf=17 off=864 br=8000
frame 215: send=0x0 get=0x0 len=2517 coding=1 startqp=0 meanqp=0 picbytes=0 pskip=0 nalus=1 n1:2517
  cu: inter64=0 inter32=0 inter16=0 inter8=0 intra32=0 intra16=0 intra8=0 intra4=0 reftype=0
  snapshot f215: 3 venc_ko blocks (pool0 0x73801000 len 0x10000)
src frame 216: srcf=16 off=868 br=8000
frame 216: send=0x0 get=0x0 len=1660 coding=1 startqp=0 meanqp=0 picbytes=0 pskip=0 nalus=1 n1:1660
  cu: inter64=0 inter32=0 inter16=0 inter8=0 intra32=0 intra16=0 intra8=0 intra4=0 reftype=0
  snapshot f216: 3 venc_ko blocks (pool0 0x73801000 len 0x10000)
src frame 217: srcf=15 off=872 br=8000
frame 217: send=0x0 get=0x0 len=1659 coding=1 startqp=0 meanqp=0 picbytes=0 pskip=0 nalus=1 n1:1659
  cu: inter64=0 inter32=0 inter16=0 inter8=0 intra32=0 intra16=0 intra8=0 intra4=0 reftype=0
  snapshot f217: 3 venc_ko blocks (pool0 0x73801000 len 0x10000)
src frame 218: srcf=14 off=876 br=8000
frame 218: send=0x0 get=0x0 len=1631 coding=1 startqp=0 meanqp=0 picbytes=0 pskip=0 nalus=1 n1:1631
  cu: inter64=0 inter32=0 inter16=0 inter8=0 intra32=0 intra16=0 intra8=0 intra4=0 reftype=0
  snapshot f218: 3 venc_ko blocks (pool0 0x73801000 len 0x10000)
src frame 219: srcf=13 off=880 br=8000
frame 219: send=0x0 get=0x0 len=1429 coding=1 startqp=0 meanqp=0 picbytes=0 pskip=0 nalus=1 n1:1429
  cu: inter64=0 inter32=0 inter16=0 inter8=0 intra32=0 intra16=0 intra8=0 intra4=0 reftype=0
  snapshot f219: 3 venc_ko blocks (pool0 0x73801000 len 0x10000)
src frame 220: srcf=12 off=884 br=8000
frame 220: send=0x0 get=0x0 len=1359 coding=1 startqp=0 meanqp=0 picbytes=0 pskip=0 nalus=1 n1:1359
  cu: inter64=0 inter32=0 inter16=0 inter8=0 intra32=0 intra16=0 intra8=0 intra4=0 reftype=0
  snapshot f220: 3 venc_ko blocks (pool0 0x73801000 len 0x10000)
src frame 221: srcf=11 off=888 br=8000
frame 221: send=0x0 get=0x0 len=1633 coding=1 startqp=0 meanqp=0 picbytes=0 pskip=0 nalus=1 n1:1633
  cu: inter64=0 inter32=0 inter16=0 inter8=0 intra32=0 intra16=0 intra8=0 intra4=0 reftype=0
  snapshot f221: 3 venc_ko blocks (pool0 0x73801000 len 0x10000)
src frame 222: srcf=10 off=892 br=8000
frame 222: send=0x0 get=0x0 len=2391 coding=1 startqp=0 meanqp=0 picbytes=0 pskip=0 nalus=1 n1:2391
  cu: inter64=0 inter32=0 inter16=0 inter8=0 intra32=0 intra16=0 intra8=0 intra4=0 reftype=0
  snapshot f222: 3 venc_ko blocks (pool0 0x73801000 len 0x10000)
src frame 223: srcf=9 off=896 br=8000
frame 223: send=0x0 get=0x0 len=1933 coding=1 startqp=0 meanqp=0 picbytes=0 pskip=0 nalus=1 n1:1933
  cu: inter64=0 inter32=0 inter16=0 inter8=0 intra32=0 intra16=0 intra8=0 intra4=0 reftype=0
  snapshot f223: 3 venc_ko blocks (pool0 0x73801000 len 0x10000)
src frame 224: srcf=8 off=900 br=8000
frame 224: send=0x0 get=0x0 len=1864 coding=1 startqp=0 meanqp=0 picbytes=0 pskip=0 nalus=1 n1:1864
  cu: inter64=0 inter32=0 inter16=0 inter8=0 intra32=0 intra16=0 intra8=0 intra4=0 reftype=0
  snapshot f224: 3 venc_ko blocks (pool0 0x73801000 len 0x10000)
src frame 225: srcf=7 off=904 br=8000
frame 225: send=0x0 get=0x0 len=1207 coding=1 startqp=0 meanqp=0 picbytes=0 pskip=0 nalus=1 n1:1207
  cu: inter64=0 inter32=0 inter16=0 inter8=0 intra32=0 intra16=0 intra8=0 intra4=0 reftype=0
  snapshot f225: 3 venc_ko blocks (pool0 0x73801000 len 0x10000)
src frame 226: srcf=6 off=908 br=8000
frame 226: send=0x0 get=0x0 len=1181 coding=1 startqp=0 meanqp=0 picbytes=0 pskip=0 nalus=1 n1:1181
  cu: inter64=0 inter32=0 inter16=0 inter8=0 intra32=0 intra16=0 intra8=0 intra4=0 reftype=0
  snapshot f226: 3 venc_ko blocks (pool0 0x73801000 len 0x10000)
src frame 227: srcf=5 off=912 br=8000
frame 227: send=0x0 get=0x0 len=1216 coding=1 startqp=0 meanqp=0 picbytes=0 pskip=0 nalus=1 n1:1216
  cu: inter64=0 inter32=0 inter16=0 inter8=0 intra32=0 intra16=0 intra8=0 intra4=0 reftype=0
  snapshot f227: 3 venc_ko blocks (pool0 0x73801000 len 0x10000)
src frame 228: srcf=4 off=916 br=8000
frame 228: send=0x0 get=0x0 len=1009 coding=1 startqp=0 meanqp=0 picbytes=0 pskip=0 nalus=1 n1:1009
  cu: inter64=0 inter32=0 inter16=0 inter8=0 intra32=0 intra16=0 intra8=0 intra4=0 reftype=0
  snapshot f228: 3 venc_ko blocks (pool0 0x73801000 len 0x10000)
src frame 229: srcf=3 off=920 br=8000
frame 229: send=0x0 get=0x0 len=1175 coding=1 startqp=0 meanqp=0 picbytes=0 pskip=0 nalus=1 n1:1175
  cu: inter64=0 inter32=0 inter16=0 inter8=0 intra32=0 intra16=0 intra8=0 intra4=0 reftype=0
  snapshot f229: 3 venc_ko blocks (pool0 0x73801000 len 0x10000)
src frame 230: srcf=2 off=924 br=8000
frame 230: send=0x0 get=0x0 len=1192 coding=1 startqp=0 meanqp=0 picbytes=0 pskip=0 nalus=1 n1:1192
  cu: inter64=0 inter32=0 inter16=0 inter8=0 intra32=0 intra16=0 intra8=0 intra4=0 reftype=0
  snapshot f230: 3 venc_ko blocks (pool0 0x73801000 len 0x10000)
src frame 231: srcf=1 off=928 br=8000
frame 231: send=0x0 get=0x0 len=1595 coding=1 startqp=0 meanqp=0 picbytes=0 pskip=0 nalus=1 n1:1595
  cu: inter64=0 inter32=0 inter16=0 inter8=0 intra32=0 intra16=0 intra8=0 intra4=0 reftype=0
  snapshot f231: 3 venc_ko blocks (pool0 0x73801000 len 0x10000)
src frame 232: srcf=0 off=932 br=8000
frame 232: send=0x0 get=0x0 len=1325 coding=1 startqp=0 meanqp=0 picbytes=0 pskip=0 nalus=1 n1:1325
  cu: inter64=0 inter32=0 inter16=0 inter8=0 intra32=0 intra16=0 intra8=0 intra4=0 reftype=0
  snapshot f232: 3 venc_ko blocks (pool0 0x73801000 len 0x10000)
src frame 233: srcf=1 off=936 br=8000
frame 233: send=0x0 get=0x0 len=1506 coding=1 startqp=0 meanqp=0 picbytes=0 pskip=0 nalus=1 n1:1506
  cu: inter64=0 inter32=0 inter16=0 inter8=0 intra32=0 intra16=0 intra8=0 intra4=0 reftype=0
  snapshot f233: 3 venc_ko blocks (pool0 0x73801000 len 0x10000)
src frame 234: srcf=2 off=940 br=8000
frame 234: send=0x0 get=0x0 len=1095 coding=1 startqp=0 meanqp=0 picbytes=0 pskip=0 nalus=1 n1:1095
  cu: inter64=0 inter32=0 inter16=0 inter8=0 intra32=0 intra16=0 intra8=0 intra4=0 reftype=0
  snapshot f234: 3 venc_ko blocks (pool0 0x73801000 len 0x10000)
src frame 235: srcf=3 off=944 br=8000
frame 235: send=0x0 get=0x0 len=1107 coding=1 startqp=0 meanqp=0 picbytes=0 pskip=0 nalus=1 n1:1107
  cu: inter64=0 inter32=0 inter16=0 inter8=0 intra32=0 intra16=0 intra8=0 intra4=0 reftype=0
  snapshot f235: 3 venc_ko blocks (pool0 0x73801000 len 0x10000)
src frame 236: srcf=4 off=948 br=8000
frame 236: send=0x0 get=0x0 len=938 coding=1 startqp=0 meanqp=0 picbytes=0 pskip=0 nalus=1 n1:938
  cu: inter64=0 inter32=0 inter16=0 inter8=0 intra32=0 intra16=0 intra8=0 intra4=0 reftype=0
  snapshot f236: 3 venc_ko blocks (pool0 0x73801000 len 0x10000)
src frame 237: srcf=5 off=952 br=8000
frame 237: send=0x0 get=0x0 len=953 coding=1 startqp=0 meanqp=0 picbytes=0 pskip=0 nalus=1 n1:953
  cu: inter64=0 inter32=0 inter16=0 inter8=0 intra32=0 intra16=0 intra8=0 intra4=0 reftype=0
  snapshot f237: 3 venc_ko blocks (pool0 0x73801000 len 0x10000)
src frame 238: srcf=6 off=956 br=8000
frame 238: send=0x0 get=0x0 len=897 coding=1 startqp=0 meanqp=0 picbytes=0 pskip=0 nalus=1 n1:897
  cu: inter64=0 inter32=0 inter16=0 inter8=0 intra32=0 intra16=0 intra8=0 intra4=0 reftype=0
  snapshot f238: 3 venc_ko blocks (pool0 0x73801000 len 0x10000)
src frame 239: srcf=7 off=960 br=8000
frame 239: send=0x0 get=0x0 len=1143 coding=1 startqp=0 meanqp=0 picbytes=0 pskip=0 nalus=1 n1:1143
  cu: inter64=0 inter32=0 inter16=0 inter8=0 intra32=0 intra16=0 intra8=0 intra4=0 reftype=0
  snapshot f239: 3 venc_ko blocks (pool0 0x73801000 len 0x10000)
---- /proc/ax_proc/venc ----
-------- VENC VERSION ------------------------
[Axera version]: ax_venc V3.0.0_20250319114413 Mar 19 2025 11:58:34 JK

-------- MODULE PARAM ------------------------
MaxChnNum   MaxRoiNum   MaxProcNum  
16          8           16          

-------- VENC CHN ATTR 1 ------------------------
ID    Type    wSrc    hSrc    Strd0   Strd1   maxW    maxH    PixFmt  link  InFifoDep    OutFifoDep   InDbgFifoLen InDbgFifoDep StrmBufSize(KB)
7     h265    1920    1080    3840    0       1920    1080    YUYV422 N     2            2            0            4            4114      
-------- VENC CHN ATTR 2 ------------------------
ID    [CropEn StartX  StartY  CropW   CropH]  Rotation  EncW    EncH    FrmSize      PTS          SeqNum       CompMode     CompLevel    PhyAddr0     PhyAddr1     PhyAddr2     
7     N       0       0       0       0       0         1920    1080    4147200      3283333      198          NONE         0            742cb000     0            0            
-------- VENC RC ATTR 1 ------------------------
ID    RcMode    SrcFr   DstFr   Br(kbps)  MinQp   MaxQp   MinIQp  MaxIQp  IQpDelta  IpropMax   IpropMin   StartQp    QpDltRng   DeBrQpDlt  SvcEn   ChgPos  StillPercent MaxStillQp 
7     CBR       60.00   60.00   8000      10      51      10      51      0         40         10         -1         2          0          False   -       -            -          
-------- VENC RC ATTR 2  -----------------------
ID    QMapQpType  QMapUnit    QMapBlkType IQp   PQp   MinQpDelta MaxQpDelta MaxBitRate shtStaTime ltStaTime  ltMinBr  ltMaxBr  Br_ST(kbps)    Br_LT(kbps)    
7     N/A         64x64       N/A         -     -     -          -          -          -          -          -        -        -              -              
-------- VENC GOP ATTR  ------------------------
ID    GopMode   Gop   GopVI 
7     NormalP   30    0     
-------- VENC STATUS 1 -------------------------
ID    RJEn         RJThr(bps)   RJMode       RJEncGaps    SupFrmEn     SupPri       SupThrI      SupThrP      SplitEn      SliceNum     Range(In)    Range(out)   
7     N            0            Normal       0            N            0            500000       500000       N            0            Full         Full         
-------- VENC STATUS 2 -------------------------
ID    ChnStat   FrmRecv   FrmRls    FrmEnc    FrmDrop   FrmDup    EncFail   MissMatch StrmGet   StrmRls   OutFps    RealBr    ReEncCnt  DropCnt   BlkFail   GrpID     PID     TID     ThNum   RefInc    RefDec    Fail1   Fail2   Fail3   Fail4   
7     STARTED   198       197       197       0         0         0         0         197       197       50.00     1823.34   0         0         0         -1        129850  129854  1       198       197       0       0       0       0       
-------- VENC HW STATUS  ------------------------
ID    OverFlow     TimeOut      
7     0            0            
-------- VENC ROI INFO  ------------------------
ID    Index        bEnable      bAbsQp       RoiQP        Width        Height       StartX       StartY       
done h265_cbr8000
rc=0
== h265_cbr8000: codec=h265 rc=cbr br=8000 fps=60 gop=30 frames=240 total=997888 B achieved=1996 kbps
I frames (frame:qp/bytes): 0:32/29084 30:30/32530 60:28/36442 90:26/40066 120:24/44043 150:22/48674 180:20/52923 210:18/57491
first P after each I (frame:qp): 1:35 31:33 61:31 91:29 121:27 151:25 181:23 211:21
per-GOP: gop#: kbps I_qp P_qp[min..max] P_qp_last
  0: 1994 kbps I=[32] P=[21..35] last=21 n=30
  1: 2082 kbps I=[30] P=[19..33] last=19 n=30
  2: 2064 kbps I=[28] P=[17..31] last=17 n=30
  3: 2083 kbps I=[26] P=[15..29] last=15 n=30
  4: 2049 kbps I=[24] P=[13..27] last=13 n=30
  5: 1971 kbps I=[22] P=[11..25] last=11 n=30
  6: 1881 kbps I=[20] P=[10..23] last=10 n=30
  7: 1844 kbps I=[18] P=[10..21] last=10 n=30
P->P QP step histogram: -2:1 -1:106 +0:117
I->firstP QP delta: +3 +3 +3 +3 +3 +3 +3 +3
sw7 frame-QP == slice QP: 240/240 frames with a program agree; mismatches at []
slot flags: {'': 240}
sw105-107 distinct (I): [('0x1adb00', '0x1adb00', '0x1adb00'), ('0x2361f8', '0x2361f8', '0x2361f8'), ('0x26ebc4', '0x26ebc4', '0x26ebc4')]
sw172/173 distinct: [('0x14f', '0x662'), ('0x14f', '0x66a')]
sw6 distinct (I / P): ['0x20000b'] ['0x200003']
=== h265_cbr16000: codec=h265 rc=cbr br=16000 nframes=240 src=/root/rc65/clips/static.yuyv motion=vscroll mstep=4
# vdrive tag=h265_cbr16000 codec=h265 1920x1080 rc=cbr br=16000 fps=60/60 gop=30 gopmode=normalp ltrint=0 ltrqpo=0 iqp=32 pqp=32 profile=0 level=153 tier=0 qp[10..51] iqp[10..51] iqd=0 firstqp=-1 iprop[10..40] idrrange=2 stattime=1 vq=0 ir=0/0 slice=0 debreath=0 scd=-1 rowqpd=-1 vui=-1 move=0 nframes=240
src=/root/rc65/clips/static.yuyv frames=30 loop=pingpong motion=vscroll mstep=4 window=0..-1
AX_SYS_Init rc=0x0
AX_VENC_Init rc=0x0
AX_VENC_CreateChn(7) rc=0x0
StartRecvFrame rc=0x0
AX_POOL_CreatePool id=0x0
blk=0x5e000000 phys=0x742cb000 virt=0xffff967e5000
frame: modid=0x11 stride=1920 fmt=0xd
  snapshot pre: 3 venc_ko blocks (pool0 0x73801000 len 0x10000)
src frame 0: srcf=0 off=4 br=16000
frame 0: send=0x0 get=0x0 len=29084 coding=0 startqp=0 meanqp=0 picbytes=0 pskip=0 nalus=4 n32:27 n33:53 n34:11 n19:28993
  cu: inter64=0 inter32=0 inter16=0 inter8=0 intra32=0 intra16=0 intra8=0 intra4=0 reftype=0
  snapshot f000: 3 venc_ko blocks (pool0 0x73801000 len 0x10000)
src frame 1: srcf=1 off=8 br=16000
frame 1: send=0x0 get=0x0 len=4821 coding=1 startqp=0 meanqp=0 picbytes=0 pskip=0 nalus=1 n1:4821
  cu: inter64=0 inter32=0 inter16=0 inter8=0 intra32=0 intra16=0 intra8=0 intra4=0 reftype=0
  snapshot f001: 3 venc_ko blocks (pool0 0x73801000 len 0x10000)
src frame 2: srcf=2 off=12 br=16000
frame 2: send=0x0 get=0x0 len=5830 coding=1 startqp=0 meanqp=0 picbytes=0 pskip=0 nalus=1 n1:5830
  cu: inter64=0 inter32=0 inter16=0 inter8=0 intra32=0 intra16=0 intra8=0 intra4=0 reftype=0
  snapshot f002: 3 venc_ko blocks (pool0 0x73801000 len 0x10000)
src frame 3: srcf=3 off=16 br=16000
frame 3: send=0x0 get=0x0 len=3677 coding=1 startqp=0 meanqp=0 picbytes=0 pskip=0 nalus=1 n1:3677
  cu: inter64=0 inter32=0 inter16=0 inter8=0 intra32=0 intra16=0 intra8=0 intra4=0 reftype=0
  snapshot f003: 3 venc_ko blocks (pool0 0x73801000 len 0x10000)
src frame 4: srcf=4 off=20 br=16000
frame 4: send=0x0 get=0x0 len=4074 coding=1 startqp=0 meanqp=0 picbytes=0 pskip=0 nalus=1 n1:4074
  cu: inter64=0 inter32=0 inter16=0 inter8=0 intra32=0 intra16=0 intra8=0 intra4=0 reftype=0
  snapshot f004: 3 venc_ko blocks (pool0 0x73801000 len 0x10000)
src frame 5: srcf=5 off=24 br=16000
frame 5: send=0x0 get=0x0 len=3989 coding=1 startqp=0 meanqp=0 picbytes=0 pskip=0 nalus=1 n1:3989
  cu: inter64=0 inter32=0 inter16=0 inter8=0 intra32=0 intra16=0 intra8=0 intra4=0 reftype=0
  snapshot f005: 3 venc_ko blocks (pool0 0x73801000 len 0x10000)
src frame 6: srcf=6 off=28 br=16000
frame 6: send=0x0 get=0x0 len=4211 coding=1 startqp=0 meanqp=0 picbytes=0 pskip=0 nalus=1 n1:4211
  cu: inter64=0 inter32=0 inter16=0 inter8=0 intra32=0 intra16=0 intra8=0 intra4=0 reftype=0
  snapshot f006: 3 venc_ko blocks (pool0 0x73801000 len 0x10000)
src frame 7: srcf=7 off=32 br=16000
frame 7: send=0x0 get=0x0 len=3924 coding=1 startqp=0 meanqp=0 picbytes=0 pskip=0 nalus=1 n1:3924
  cu: inter64=0 inter32=0 inter16=0 inter8=0 intra32=0 intra16=0 intra8=0 intra4=0 reftype=0
  snapshot f007: 3 venc_ko blocks (pool0 0x73801000 len 0x10000)
src frame 8: srcf=8 off=36 br=16000
frame 8: send=0x0 get=0x0 len=4067 coding=1 startqp=0 meanqp=0 picbytes=0 pskip=0 nalus=1 n1:4067
  cu: inter64=0 inter32=0 inter16=0 inter8=0 intra32=0 intra16=0 intra8=0 intra4=0 reftype=0
  snapshot f008: 3 venc_ko blocks (pool0 0x73801000 len 0x10000)
src frame 9: srcf=9 off=40 br=16000
frame 9: send=0x0 get=0x0 len=3822 coding=1 startqp=0 meanqp=0 picbytes=0 pskip=0 nalus=1 n1:3822
  cu: inter64=0 inter32=0 inter16=0 inter8=0 intra32=0 intra16=0 intra8=0 intra4=0 reftype=0
  snapshot f009: 3 venc_ko blocks (pool0 0x73801000 len 0x10000)
src frame 10: srcf=10 off=44 br=16000
frame 10: send=0x0 get=0x0 len=4014 coding=1 startqp=0 meanqp=0 picbytes=0 pskip=0 nalus=1 n1:4014
  cu: inter64=0 inter32=0 inter16=0 inter8=0 intra32=0 intra16=0 intra8=0 intra4=0 reftype=0
  snapshot f010: 3 venc_ko blocks (pool0 0x73801000 len 0x10000)
src frame 11: srcf=11 off=48 br=16000
frame 11: send=0x0 get=0x0 len=4945 coding=1 startqp=0 meanqp=0 picbytes=0 pskip=0 nalus=1 n1:4945
  cu: inter64=0 inter32=0 inter16=0 inter8=0 intra32=0 intra16=0 intra8=0 intra4=0 reftype=0
  snapshot f011: 3 venc_ko blocks (pool0 0x73801000 len 0x10000)
src frame 12: srcf=12 off=52 br=16000
frame 12: send=0x0 get=0x0 len=5441 coding=1 startqp=0 meanqp=0 picbytes=0 pskip=0 nalus=1 n1:5441
  cu: inter64=0 inter32=0 inter16=0 inter8=0 intra32=0 intra16=0 intra8=0 intra4=0 reftype=0
  snapshot f012: 3 venc_ko blocks (pool0 0x73801000 len 0x10000)
src frame 13: srcf=13 off=56 br=16000
frame 13: send=0x0 get=0x0 len=5568 coding=1 startqp=0 meanqp=0 picbytes=0 pskip=0 nalus=1 n1:5568
  cu: inter64=0 inter32=0 inter16=0 inter8=0 intra32=0 intra16=0 intra8=0 intra4=0 reftype=0
  snapshot f013: 3 venc_ko blocks (pool0 0x73801000 len 0x10000)
src frame 14: srcf=14 off=60 br=16000
frame 14: send=0x0 get=0x0 len=6862 coding=1 startqp=0 meanqp=0 picbytes=0 pskip=0 nalus=1 n1:6862
  cu: inter64=0 inter32=0 inter16=0 inter8=0 intra32=0 intra16=0 intra8=0 intra4=0 reftype=0
  snapshot f014: 3 venc_ko blocks (pool0 0x73801000 len 0x10000)
src frame 15: srcf=15 off=64 br=16000
frame 15: send=0x0 get=0x0 len=2702 coding=1 startqp=0 meanqp=0 picbytes=0 pskip=0 nalus=1 n1:2702
  cu: inter64=0 inter32=0 inter16=0 inter8=0 intra32=0 intra16=0 intra8=0 intra4=0 reftype=0
  snapshot f015: 3 venc_ko blocks (pool0 0x73801000 len 0x10000)
src frame 16: srcf=16 off=68 br=16000
frame 16: send=0x0 get=0x0 len=2077 coding=1 startqp=0 meanqp=0 picbytes=0 pskip=0 nalus=1 n1:2077
  cu: inter64=0 inter32=0 inter16=0 inter8=0 intra32=0 intra16=0 intra8=0 intra4=0 reftype=0
  snapshot f016: 3 venc_ko blocks (pool0 0x73801000 len 0x10000)
src frame 17: srcf=17 off=72 br=16000
frame 17: send=0x0 get=0x0 len=1693 coding=1 startqp=0 meanqp=0 picbytes=0 pskip=0 nalus=1 n1:1693
  cu: inter64=0 inter32=0 inter16=0 inter8=0 intra32=0 intra16=0 intra8=0 intra4=0 reftype=0
  snapshot f017: 3 venc_ko blocks (pool0 0x73801000 len 0x10000)
src frame 18: srcf=18 off=76 br=16000
frame 18: send=0x0 get=0x0 len=1730 coding=1 startqp=0 meanqp=0 picbytes=0 pskip=0 nalus=1 n1:1730
  cu: inter64=0 inter32=0 inter16=0 inter8=0 intra32=0 intra16=0 intra8=0 intra4=0 reftype=0
  snapshot f018: 3 venc_ko blocks (pool0 0x73801000 len 0x10000)
src frame 19: srcf=19 off=80 br=16000
frame 19: send=0x0 get=0x0 len=1493 coding=1 startqp=0 meanqp=0 picbytes=0 pskip=0 nalus=1 n1:1493
  cu: inter64=0 inter32=0 inter16=0 inter8=0 intra32=0 intra16=0 intra8=0 intra4=0 reftype=0
  snapshot f019: 3 venc_ko blocks (pool0 0x73801000 len 0x10000)
src frame 20: srcf=20 off=84 br=16000
frame 20: send=0x0 get=0x0 len=1289 coding=1 startqp=0 meanqp=0 picbytes=0 pskip=0 nalus=1 n1:1289
  cu: inter64=0 inter32=0 inter16=0 inter8=0 intra32=0 intra16=0 intra8=0 intra4=0 reftype=0
  snapshot f020: 3 venc_ko blocks (pool0 0x73801000 len 0x10000)
src frame 21: srcf=21 off=88 br=16000
frame 21: send=0x0 get=0x0 len=1330 coding=1 startqp=0 meanqp=0 picbytes=0 pskip=0 nalus=1 n1:1330
  cu: inter64=0 inter32=0 inter16=0 inter8=0 intra32=0 intra16=0 intra8=0 intra4=0 reftype=0
  snapshot f021: 3 venc_ko blocks (pool0 0x73801000 len 0x10000)
src frame 22: srcf=22 off=92 br=16000
frame 22: send=0x0 get=0x0 len=2699 coding=1 startqp=0 meanqp=0 picbytes=0 pskip=0 nalus=1 n1:2699
  cu: inter64=0 inter32=0 inter16=0 inter8=0 intra32=0 intra16=0 intra8=0 intra4=0 reftype=0
  snapshot f022: 3 venc_ko blocks (pool0 0x73801000 len 0x10000)
src frame 23: srcf=23 off=96 br=16000
frame 23: send=0x0 get=0x0 len=3759 coding=1 startqp=0 meanqp=0 picbytes=0 pskip=0 nalus=1 n1:3759
  cu: inter64=0 inter32=0 inter16=0 inter8=0 intra32=0 intra16=0 intra8=0 intra4=0 reftype=0
  snapshot f023: 3 venc_ko blocks (pool0 0x73801000 len 0x10000)
src frame 24: srcf=24 off=100 br=16000
frame 24: send=0x0 get=0x0 len=3736 coding=1 startqp=0 meanqp=0 picbytes=0 pskip=0 nalus=1 n1:3736
  cu: inter64=0 inter32=0 inter16=0 inter8=0 intra32=0 intra16=0 intra8=0 intra4=0 reftype=0
  snapshot f024: 3 venc_ko blocks (pool0 0x73801000 len 0x10000)
src frame 25: srcf=25 off=104 br=16000
frame 25: send=0x0 get=0x0 len=2032 coding=1 startqp=0 meanqp=0 picbytes=0 pskip=0 nalus=1 n1:2032
  cu: inter64=0 inter32=0 inter16=0 inter8=0 intra32=0 intra16=0 intra8=0 intra4=0 reftype=0
  snapshot f025: 3 venc_ko blocks (pool0 0x73801000 len 0x10000)
src frame 26: srcf=26 off=108 br=16000
frame 26: send=0x0 get=0x0 len=1390 coding=1 startqp=0 meanqp=0 picbytes=0 pskip=0 nalus=1 n1:1390
  cu: inter64=0 inter32=0 inter16=0 inter8=0 intra32=0 intra16=0 intra8=0 intra4=0 reftype=0
  snapshot f026: 3 venc_ko blocks (pool0 0x73801000 len 0x10000)
src frame 27: srcf=27 off=112 br=16000
frame 27: send=0x0 get=0x0 len=1318 coding=1 startqp=0 meanqp=0 picbytes=0 pskip=0 nalus=1 n1:1318
  cu: inter64=0 inter32=0 inter16=0 inter8=0 intra32=0 intra16=0 intra8=0 intra4=0 reftype=0
  snapshot f027: 3 venc_ko blocks (pool0 0x73801000 len 0x10000)
src frame 28: srcf=28 off=116 br=16000
frame 28: send=0x0 get=0x0 len=1137 coding=1 startqp=0 meanqp=0 picbytes=0 pskip=0 nalus=1 n1:1137
  cu: inter64=0 inter32=0 inter16=0 inter8=0 intra32=0 intra16=0 intra8=0 intra4=0 reftype=0
  snapshot f028: 3 venc_ko blocks (pool0 0x73801000 len 0x10000)
src frame 29: srcf=29 off=120 br=16000
frame 29: send=0x0 get=0x0 len=1689 coding=1 startqp=0 meanqp=0 picbytes=0 pskip=0 nalus=1 n1:1689
  cu: inter64=0 inter32=0 inter16=0 inter8=0 intra32=0 intra16=0 intra8=0 intra4=0 reftype=0
  snapshot f029: 3 venc_ko blocks (pool0 0x73801000 len 0x10000)
src frame 30: srcf=28 off=124 br=16000
frame 30: send=0x0 get=0x0 len=32530 coding=0 startqp=0 meanqp=0 picbytes=0 pskip=0 nalus=4 n32:27 n33:53 n34:11 n19:32439
  cu: inter64=0 inter32=0 inter16=0 inter8=0 intra32=0 intra16=0 intra8=0 intra4=0 reftype=0
  snapshot f030: 3 venc_ko blocks (pool0 0x73801000 len 0x10000)
src frame 31: srcf=27 off=128 br=16000
frame 31: send=0x0 get=0x0 len=5926 coding=1 startqp=0 meanqp=0 picbytes=0 pskip=0 nalus=1 n1:5926
  cu: inter64=0 inter32=0 inter16=0 inter8=0 intra32=0 intra16=0 intra8=0 intra4=0 reftype=0
  snapshot f031: 3 venc_ko blocks (pool0 0x73801000 len 0x10000)
src frame 32: srcf=26 off=132 br=16000
frame 32: send=0x0 get=0x0 len=3552 coding=1 startqp=0 meanqp=0 picbytes=0 pskip=0 nalus=1 n1:3552
  cu: inter64=0 inter32=0 inter16=0 inter8=0 intra32=0 intra16=0 intra8=0 intra4=0 reftype=0
  snapshot f032: 3 venc_ko blocks (pool0 0x73801000 len 0x10000)
src frame 33: srcf=25 off=136 br=16000
frame 33: send=0x0 get=0x0 len=3375 coding=1 startqp=0 meanqp=0 picbytes=0 pskip=0 nalus=1 n1:3375
  cu: inter64=0 inter32=0 inter16=0 inter8=0 intra32=0 intra16=0 intra8=0 intra4=0 reftype=0
  snapshot f033: 3 venc_ko blocks (pool0 0x73801000 len 0x10000)
src frame 34: srcf=24 off=140 br=16000
frame 34: send=0x0 get=0x0 len=4077 coding=1 startqp=0 meanqp=0 picbytes=0 pskip=0 nalus=1 n1:4077
  cu: inter64=0 inter32=0 inter16=0 inter8=0 intra32=0 intra16=0 intra8=0 intra4=0 reftype=0
  snapshot f034: 3 venc_ko blocks (pool0 0x73801000 len 0x10000)
src frame 35: srcf=23 off=144 br=16000
frame 35: send=0x0 get=0x0 len=4193 coding=1 startqp=0 meanqp=0 picbytes=0 pskip=0 nalus=1 n1:4193
  cu: inter64=0 inter32=0 inter16=0 inter8=0 intra32=0 intra16=0 intra8=0 intra4=0 reftype=0
  snapshot f035: 3 venc_ko blocks (pool0 0x73801000 len 0x10000)
src frame 36: srcf=22 off=148 br=16000
frame 36: send=0x0 get=0x0 len=3725 coding=1 startqp=0 meanqp=0 picbytes=0 pskip=0 nalus=1 n1:3725
  cu: inter64=0 inter32=0 inter16=0 inter8=0 intra32=0 intra16=0 intra8=0 intra4=0 reftype=0
  snapshot f036: 3 venc_ko blocks (pool0 0x73801000 len 0x10000)
src frame 37: srcf=21 off=152 br=16000
frame 37: send=0x0 get=0x0 len=3945 coding=1 startqp=0 meanqp=0 picbytes=0 pskip=0 nalus=1 n1:3945
  cu: inter64=0 inter32=0 inter16=0 inter8=0 intra32=0 intra16=0 intra8=0 intra4=0 reftype=0
  snapshot f037: 3 venc_ko blocks (pool0 0x73801000 len 0x10000)
src frame 38: srcf=20 off=156 br=16000
frame 38: send=0x0 get=0x0 len=4462 coding=1 startqp=0 meanqp=0 picbytes=0 pskip=0 nalus=1 n1:4462
  cu: inter64=0 inter32=0 inter16=0 inter8=0 intra32=0 intra16=0 intra8=0 intra4=0 reftype=0
  snapshot f038: 3 venc_ko blocks (pool0 0x73801000 len 0x10000)
src frame 39: srcf=19 off=160 br=16000
frame 39: send=0x0 get=0x0 len=4473 coding=1 startqp=0 meanqp=0 picbytes=0 pskip=0 nalus=1 n1:4473
  cu: inter64=0 inter32=0 inter16=0 inter8=0 intra32=0 intra16=0 intra8=0 intra4=0 reftype=0
  snapshot f039: 3 venc_ko blocks (pool0 0x73801000 len 0x10000)
src frame 40: srcf=18 off=164 br=16000
frame 40: send=0x0 get=0x0 len=4817 coding=1 startqp=0 meanqp=0 picbytes=0 pskip=0 nalus=1 n1:4817
  cu: inter64=0 inter32=0 inter16=0 inter8=0 intra32=0 intra16=0 intra8=0 intra4=0 reftype=0
  snapshot f040: 3 venc_ko blocks (pool0 0x73801000 len 0x10000)
src frame 41: srcf=17 off=168 br=16000
frame 41: send=0x0 get=0x0 len=5243 coding=1 startqp=0 meanqp=0 picbytes=0 pskip=0 nalus=1 n1:5243
  cu: inter64=0 inter32=0 inter16=0 inter8=0 intra32=0 intra16=0 intra8=0 intra4=0 reftype=0
  snapshot f041: 3 venc_ko blocks (pool0 0x73801000 len 0x10000)
src frame 42: srcf=16 off=172 br=16000
frame 42: send=0x0 get=0x0 len=6417 coding=1 startqp=0 meanqp=0 picbytes=0 pskip=0 nalus=1 n1:6417
  cu: inter64=0 inter32=0 inter16=0 inter8=0 intra32=0 intra16=0 intra8=0 intra4=0 reftype=0
  snapshot f042: 3 venc_ko blocks (pool0 0x73801000 len 0x10000)
src frame 43: srcf=15 off=176 br=16000
frame 43: send=0x0 get=0x0 len=7324 coding=1 startqp=0 meanqp=0 picbytes=0 pskip=0 nalus=1 n1:7324
  cu: inter64=0 inter32=0 inter16=0 inter8=0 intra32=0 intra16=0 intra8=0 intra4=0 reftype=0
  snapshot f043: 3 venc_ko blocks (pool0 0x73801000 len 0x10000)
src frame 44: srcf=14 off=180 br=16000
frame 44: send=0x0 get=0x0 len=7165 coding=1 startqp=0 meanqp=0 picbytes=0 pskip=0 nalus=1 n1:7165
  cu: inter64=0 inter32=0 inter16=0 inter8=0 intra32=0 intra16=0 intra8=0 intra4=0 reftype=0
  snapshot f044: 3 venc_ko blocks (pool0 0x73801000 len 0x10000)
src frame 45: srcf=13 off=184 br=16000
frame 45: send=0x0 get=0x0 len=3451 coding=1 startqp=0 meanqp=0 picbytes=0 pskip=0 nalus=1 n1:3451
  cu: inter64=0 inter32=0 inter16=0 inter8=0 intra32=0 intra16=0 intra8=0 intra4=0 reftype=0
  snapshot f045: 3 venc_ko blocks (pool0 0x73801000 len 0x10000)
src frame 46: srcf=12 off=188 br=16000
frame 46: send=0x0 get=0x0 len=2258 coding=1 startqp=0 meanqp=0 picbytes=0 pskip=0 nalus=1 n1:2258
  cu: inter64=0 inter32=0 inter16=0 inter8=0 intra32=0 intra16=0 intra8=0 intra4=0 reftype=0
  snapshot f046: 3 venc_ko blocks (pool0 0x73801000 len 0x10000)
src frame 47: srcf=11 off=192 br=16000
frame 47: send=0x0 get=0x0 len=2042 coding=1 startqp=0 meanqp=0 picbytes=0 pskip=0 nalus=1 n1:2042
  cu: inter64=0 inter32=0 inter16=0 inter8=0 intra32=0 intra16=0 intra8=0 intra4=0 reftype=0
  snapshot f047: 3 venc_ko blocks (pool0 0x73801000 len 0x10000)
src frame 48: srcf=10 off=196 br=16000
frame 48: send=0x0 get=0x0 len=2277 coding=1 startqp=0 meanqp=0 picbytes=0 pskip=0 nalus=1 n1:2277
  cu: inter64=0 inter32=0 inter16=0 inter8=0 intra32=0 intra16=0 intra8=0 intra4=0 reftype=0
  snapshot f048: 3 venc_ko blocks (pool0 0x73801000 len 0x10000)
src frame 49: srcf=9 off=200 br=16000
frame 49: send=0x0 get=0x0 len=1789 coding=1 startqp=0 meanqp=0 picbytes=0 pskip=0 nalus=1 n1:1789
  cu: inter64=0 inter32=0 inter16=0 inter8=0 intra32=0 intra16=0 intra8=0 intra4=0 reftype=0
  snapshot f049: 3 venc_ko blocks (pool0 0x73801000 len 0x10000)
src frame 50: srcf=8 off=204 br=16000
frame 50: send=0x0 get=0x0 len=1855 coding=1 startqp=0 meanqp=0 picbytes=0 pskip=0 nalus=1 n1:1855
  cu: inter64=0 inter32=0 inter16=0 inter8=0 intra32=0 intra16=0 intra8=0 intra4=0 reftype=0
  snapshot f050: 3 venc_ko blocks (pool0 0x73801000 len 0x10000)
src frame 51: srcf=7 off=208 br=16000
frame 51: send=0x0 get=0x0 len=2165 coding=1 startqp=0 meanqp=0 picbytes=0 pskip=0 nalus=1 n1:2165
  cu: inter64=0 inter32=0 inter16=0 inter8=0 intra32=0 intra16=0 intra8=0 intra4=0 reftype=0
  snapshot f051: 3 venc_ko blocks (pool0 0x73801000 len 0x10000)
src frame 52: srcf=6 off=212 br=16000
frame 52: send=0x0 get=0x0 len=2260 coding=1 startqp=0 meanqp=0 picbytes=0 pskip=0 nalus=1 n1:2260
  cu: inter64=0 inter32=0 inter16=0 inter8=0 intra32=0 intra16=0 intra8=0 intra4=0 reftype=0
  snapshot f052: 3 venc_ko blocks (pool0 0x73801000 len 0x10000)
src frame 53: srcf=5 off=216 br=16000
frame 53: send=0x0 get=0x0 len=2109 coding=1 startqp=0 meanqp=0 picbytes=0 pskip=0 nalus=1 n1:2109
  cu: inter64=0 inter32=0 inter16=0 inter8=0 intra32=0 intra16=0 intra8=0 intra4=0 reftype=0
  snapshot f053: 3 venc_ko blocks (pool0 0x73801000 len 0x10000)
src frame 54: srcf=4 off=220 br=16000
frame 54: send=0x0 get=0x0 len=1921 coding=1 startqp=0 meanqp=0 picbytes=0 pskip=0 nalus=1 n1:1921
  cu: inter64=0 inter32=0 inter16=0 inter8=0 intra32=0 intra16=0 intra8=0 intra4=0 reftype=0
  snapshot f054: 3 venc_ko blocks (pool0 0x73801000 len 0x10000)
src frame 55: srcf=3 off=224 br=16000
frame 55: send=0x0 get=0x0 len=1625 coding=1 startqp=0 meanqp=0 picbytes=0 pskip=0 nalus=1 n1:1625
  cu: inter64=0 inter32=0 inter16=0 inter8=0 intra32=0 intra16=0 intra8=0 intra4=0 reftype=0
  snapshot f055: 3 venc_ko blocks (pool0 0x73801000 len 0x10000)
src frame 56: srcf=2 off=228 br=16000
frame 56: send=0x0 get=0x0 len=1349 coding=1 startqp=0 meanqp=0 picbytes=0 pskip=0 nalus=1 n1:1349
  cu: inter64=0 inter32=0 inter16=0 inter8=0 intra32=0 intra16=0 intra8=0 intra4=0 reftype=0
  snapshot f056: 3 venc_ko blocks (pool0 0x73801000 len 0x10000)
src frame 57: srcf=1 off=232 br=16000
frame 57: send=0x0 get=0x0 len=1483 coding=1 startqp=0 meanqp=0 picbytes=0 pskip=0 nalus=1 n1:1483
  cu: inter64=0 inter32=0 inter16=0 inter8=0 intra32=0 intra16=0 intra8=0 intra4=0 reftype=0
  snapshot f057: 3 venc_ko blocks (pool0 0x73801000 len 0x10000)
src frame 58: srcf=0 off=236 br=16000
frame 58: send=0x0 get=0x0 len=1196 coding=1 startqp=0 meanqp=0 picbytes=0 pskip=0 nalus=1 n1:1196
  cu: inter64=0 inter32=0 inter16=0 inter8=0 intra32=0 intra16=0 intra8=0 intra4=0 reftype=0
  snapshot f058: 3 venc_ko blocks (pool0 0x73801000 len 0x10000)
src frame 59: srcf=1 off=240 br=16000
frame 59: send=0x0 get=0x0 len=1137 coding=1 startqp=0 meanqp=0 picbytes=0 pskip=0 nalus=1 n1:1137
  cu: inter64=0 inter32=0 inter16=0 inter8=0 intra32=0 intra16=0 intra8=0 intra4=0 reftype=0
  snapshot f059: 3 venc_ko blocks (pool0 0x73801000 len 0x10000)
src frame 60: srcf=2 off=244 br=16000
frame 60: send=0x0 get=0x0 len=36440 coding=0 startqp=0 meanqp=0 picbytes=0 pskip=0 nalus=4 n32:27 n33:53 n34:11 n19:36349
  cu: inter64=0 inter32=0 inter16=0 inter8=0 intra32=0 intra16=0 intra8=0 intra4=0 reftype=0
  snapshot f060: 3 venc_ko blocks (pool0 0x73801000 len 0x10000)
src frame 61: srcf=3 off=248 br=16000
frame 61: send=0x0 get=0x0 len=6092 coding=1 startqp=0 meanqp=0 picbytes=0 pskip=0 nalus=1 n1:6092
  cu: inter64=0 inter32=0 inter16=0 inter8=0 intra32=0 intra16=0 intra8=0 intra4=0 reftype=0
  snapshot f061: 3 venc_ko blocks (pool0 0x73801000 len 0x10000)
src frame 62: srcf=4 off=252 br=16000
frame 62: send=0x0 get=0x0 len=3864 coding=1 startqp=0 meanqp=0 picbytes=0 pskip=0 nalus=1 n1:3864
  cu: inter64=0 inter32=0 inter16=0 inter8=0 intra32=0 intra16=0 intra8=0 intra4=0 reftype=0
  snapshot f062: 3 venc_ko blocks (pool0 0x73801000 len 0x10000)
src frame 63: srcf=5 off=256 br=16000
frame 63: send=0x0 get=0x0 len=3739 coding=1 startqp=0 meanqp=0 picbytes=0 pskip=0 nalus=1 n1:3739
  cu: inter64=0 inter32=0 inter16=0 inter8=0 intra32=0 intra16=0 intra8=0 intra4=0 reftype=0
  snapshot f063: 3 venc_ko blocks (pool0 0x73801000 len 0x10000)
src frame 64: srcf=6 off=260 br=16000
frame 64: send=0x0 get=0x0 len=4121 coding=1 startqp=0 meanqp=0 picbytes=0 pskip=0 nalus=1 n1:4121
  cu: inter64=0 inter32=0 inter16=0 inter8=0 intra32=0 intra16=0 intra8=0 intra4=0 reftype=0
  snapshot f064: 3 venc_ko blocks (pool0 0x73801000 len 0x10000)
src frame 65: srcf=7 off=264 br=16000
frame 65: send=0x0 get=0x0 len=3945 coding=1 startqp=0 meanqp=0 picbytes=0 pskip=0 nalus=1 n1:3945
  cu: inter64=0 inter32=0 inter16=0 inter8=0 intra32=0 intra16=0 intra8=0 intra4=0 reftype=0
  snapshot f065: 3 venc_ko blocks (pool0 0x73801000 len 0x10000)
src frame 66: srcf=8 off=268 br=16000
frame 66: send=0x0 get=0x0 len=4303 coding=1 startqp=0 meanqp=0 picbytes=0 pskip=0 nalus=1 n1:4303
  cu: inter64=0 inter32=0 inter16=0 inter8=0 intra32=0 intra16=0 intra8=0 intra4=0 reftype=0
  snapshot f066: 3 venc_ko blocks (pool0 0x73801000 len 0x10000)
src frame 67: srcf=9 off=272 br=16000
frame 67: send=0x0 get=0x0 len=4048 coding=1 startqp=0 meanqp=0 picbytes=0 pskip=0 nalus=1 n1:4048
  cu: inter64=0 inter32=0 inter16=0 inter8=0 intra32=0 intra16=0 intra8=0 intra4=0 reftype=0
  snapshot f067: 3 venc_ko blocks (pool0 0x73801000 len 0x10000)
src frame 68: srcf=10 off=276 br=16000
frame 68: send=0x0 get=0x0 len=4804 coding=1 startqp=0 meanqp=0 picbytes=0 pskip=0 nalus=1 n1:4804
  cu: inter64=0 inter32=0 inter16=0 inter8=0 intra32=0 intra16=0 intra8=0 intra4=0 reftype=0
  snapshot f068: 3 venc_ko blocks (pool0 0x73801000 len 0x10000)
src frame 69: srcf=11 off=280 br=16000
frame 69: send=0x0 get=0x0 len=4892 coding=1 startqp=0 meanqp=0 picbytes=0 pskip=0 nalus=1 n1:4892
  cu: inter64=0 inter32=0 inter16=0 inter8=0 intra32=0 intra16=0 intra8=0 intra4=0 reftype=0
  snapshot f069: 3 venc_ko blocks (pool0 0x73801000 len 0x10000)
src frame 70: srcf=12 off=284 br=16000
frame 70: send=0x0 get=0x0 len=5348 coding=1 startqp=0 meanqp=0 picbytes=0 pskip=0 nalus=1 n1:5348
  cu: inter64=0 inter32=0 inter16=0 inter8=0 intra32=0 intra16=0 intra8=0 intra4=0 reftype=0
  snapshot f070: 3 venc_ko blocks (pool0 0x73801000 len 0x10000)
src frame 71: srcf=13 off=288 br=16000
frame 71: send=0x0 get=0x0 len=5874 coding=1 startqp=0 meanqp=0 picbytes=0 pskip=0 nalus=1 n1:5874
  cu: inter64=0 inter32=0 inter16=0 inter8=0 intra32=0 intra16=0 intra8=0 intra4=0 reftype=0
  snapshot f071: 3 venc_ko blocks (pool0 0x73801000 len 0x10000)
src frame 72: srcf=14 off=292 br=16000
frame 72: send=0x0 get=0x0 len=6792 coding=1 startqp=0 meanqp=0 picbytes=0 pskip=0 nalus=1 n1:6792
  cu: inter64=0 inter32=0 inter16=0 inter8=0 intra32=0 intra16=0 intra8=0 intra4=0 reftype=0
  snapshot f072: 3 venc_ko blocks (pool0 0x73801000 len 0x10000)
src frame 73: srcf=15 off=296 br=16000
frame 73: send=0x0 get=0x0 len=3768 coding=1 startqp=0 meanqp=0 picbytes=0 pskip=0 nalus=1 n1:3768
  cu: inter64=0 inter32=0 inter16=0 inter8=0 intra32=0 intra16=0 intra8=0 intra4=0 reftype=0
  snapshot f073: 3 venc_ko blocks (pool0 0x73801000 len 0x10000)
src frame 74: srcf=16 off=300 br=16000
frame 74: send=0x0 get=0x0 len=2738 coding=1 startqp=0 meanqp=0 picbytes=0 pskip=0 nalus=1 n1:2738
  cu: inter64=0 inter32=0 inter16=0 inter8=0 intra32=0 intra16=0 intra8=0 intra4=0 reftype=0
  snapshot f074: 3 venc_ko blocks (pool0 0x73801000 len 0x10000)
src frame 75: srcf=17 off=304 br=16000
frame 75: send=0x0 get=0x0 len=2570 coding=1 startqp=0 meanqp=0 picbytes=0 pskip=0 nalus=1 n1:2570
  cu: inter64=0 inter32=0 inter16=0 inter8=0 intra32=0 intra16=0 intra8=0 intra4=0 reftype=0
  snapshot f075: 3 venc_ko blocks (pool0 0x73801000 len 0x10000)
src frame 76: srcf=18 off=308 br=16000
frame 76: send=0x0 get=0x0 len=1921 coding=1 startqp=0 meanqp=0 picbytes=0 pskip=0 nalus=1 n1:1921
  cu: inter64=0 inter32=0 inter16=0 inter8=0 intra32=0 intra16=0 intra8=0 intra4=0 reftype=0
  snapshot f076: 3 venc_ko blocks (pool0 0x73801000 len 0x10000)
src frame 77: srcf=19 off=312 br=16000
frame 77: send=0x0 get=0x0 len=1602 coding=1 startqp=0 meanqp=0 picbytes=0 pskip=0 nalus=1 n1:1602
  cu: inter64=0 inter32=0 inter16=0 inter8=0 intra32=0 intra16=0 intra8=0 intra4=0 reftype=0
  snapshot f077: 3 venc_ko blocks (pool0 0x73801000 len 0x10000)
src frame 78: srcf=20 off=316 br=16000
frame 78: send=0x0 get=0x0 len=1524 coding=1 startqp=0 meanqp=0 picbytes=0 pskip=0 nalus=1 n1:1524
  cu: inter64=0 inter32=0 inter16=0 inter8=0 intra32=0 intra16=0 intra8=0 intra4=0 reftype=0
  snapshot f078: 3 venc_ko blocks (pool0 0x73801000 len 0x10000)
src frame 79: srcf=21 off=320 br=16000
frame 79: send=0x0 get=0x0 len=2009 coding=1 startqp=0 meanqp=0 picbytes=0 pskip=0 nalus=1 n1:2009
  cu: inter64=0 inter32=0 inter16=0 inter8=0 intra32=0 intra16=0 intra8=0 intra4=0 reftype=0
  snapshot f079: 3 venc_ko blocks (pool0 0x73801000 len 0x10000)
src frame 80: srcf=22 off=324 br=16000
frame 80: send=0x0 get=0x0 len=2772 coding=1 startqp=0 meanqp=0 picbytes=0 pskip=0 nalus=1 n1:2772
  cu: inter64=0 inter32=0 inter16=0 inter8=0 intra32=0 intra16=0 intra8=0 intra4=0 reftype=0
  snapshot f080: 3 venc_ko blocks (pool0 0x73801000 len 0x10000)
src frame 81: srcf=23 off=328 br=16000
frame 81: send=0x0 get=0x0 len=2847 coding=1 startqp=0 meanqp=0 picbytes=0 pskip=0 nalus=1 n1:2847
  cu: inter64=0 inter32=0 inter16=0 inter8=0 intra32=0 intra16=0 intra8=0 intra4=0 reftype=0
  snapshot f081: 3 venc_ko blocks (pool0 0x73801000 len 0x10000)
src frame 82: srcf=24 off=332 br=16000
frame 82: send=0x0 get=0x0 len=2354 coding=1 startqp=0 meanqp=0 picbytes=0 pskip=0 nalus=1 n1:2354
  cu: inter64=0 inter32=0 inter16=0 inter8=0 intra32=0 intra16=0 intra8=0 intra4=0 reftype=0
  snapshot f082: 3 venc_ko blocks (pool0 0x73801000 len 0x10000)
src frame 83: srcf=25 off=336 br=16000
frame 83: send=0x0 get=0x0 len=1608 coding=1 startqp=0 meanqp=0 picbytes=0 pskip=0 nalus=1 n1:1608
  cu: inter64=0 inter32=0 inter16=0 inter8=0 intra32=0 intra16=0 intra8=0 intra4=0 reftype=0
  snapshot f083: 3 venc_ko blocks (pool0 0x73801000 len 0x10000)
src frame 84: srcf=26 off=340 br=16000
frame 84: send=0x0 get=0x0 len=1551 coding=1 startqp=0 meanqp=0 picbytes=0 pskip=0 nalus=1 n1:1551
  cu: inter64=0 inter32=0 inter16=0 inter8=0 intra32=0 intra16=0 intra8=0 intra4=0 reftype=0
  snapshot f084: 3 venc_ko blocks (pool0 0x73801000 len 0x10000)
src frame 85: srcf=27 off=344 br=16000
frame 85: send=0x0 get=0x0 len=1355 coding=1 startqp=0 meanqp=0 picbytes=0 pskip=0 nalus=1 n1:1355
  cu: inter64=0 inter32=0 inter16=0 inter8=0 intra32=0 intra16=0 intra8=0 intra4=0 reftype=0
  snapshot f085: 3 venc_ko blocks (pool0 0x73801000 len 0x10000)
src frame 86: srcf=28 off=348 br=16000
frame 86: send=0x0 get=0x0 len=1362 coding=1 startqp=0 meanqp=0 picbytes=0 pskip=0 nalus=1 n1:1362
  cu: inter64=0 inter32=0 inter16=0 inter8=0 intra32=0 intra16=0 intra8=0 intra4=0 reftype=0
  snapshot f086: 3 venc_ko blocks (pool0 0x73801000 len 0x10000)
src frame 87: srcf=29 off=352 br=16000
frame 87: send=0x0 get=0x0 len=1536 coding=1 startqp=0 meanqp=0 picbytes=0 pskip=0 nalus=1 n1:1536
  cu: inter64=0 inter32=0 inter16=0 inter8=0 intra32=0 intra16=0 intra8=0 intra4=0 reftype=0
  snapshot f087: 3 venc_ko blocks (pool0 0x73801000 len 0x10000)
src frame 88: srcf=28 off=356 br=16000
frame 88: send=0x0 get=0x0 len=1434 coding=1 startqp=0 meanqp=0 picbytes=0 pskip=0 nalus=1 n1:1434
  cu: inter64=0 inter32=0 inter16=0 inter8=0 intra32=0 intra16=0 intra8=0 intra4=0 reftype=0
  snapshot f088: 3 venc_ko blocks (pool0 0x73801000 len 0x10000)
src frame 89: srcf=27 off=360 br=16000
frame 89: send=0x0 get=0x0 len=1753 coding=1 startqp=0 meanqp=0 picbytes=0 pskip=0 nalus=1 n1:1753
  cu: inter64=0 inter32=0 inter16=0 inter8=0 intra32=0 intra16=0 intra8=0 intra4=0 reftype=0
  snapshot f089: 3 venc_ko blocks (pool0 0x73801000 len 0x10000)
src frame 90: srcf=26 off=364 br=16000
frame 90: send=0x0 get=0x0 len=40064 coding=0 startqp=0 meanqp=0 picbytes=0 pskip=0 nalus=4 n32:27 n33:53 n34:11 n19:39973
  cu: inter64=0 inter32=0 inter16=0 inter8=0 intra32=0 intra16=0 intra8=0 intra4=0 reftype=0
  snapshot f090: 3 venc_ko blocks (pool0 0x73801000 len 0x10000)
src frame 91: srcf=25 off=368 br=16000
frame 91: send=0x0 get=0x0 len=6637 coding=1 startqp=0 meanqp=0 picbytes=0 pskip=0 nalus=1 n1:6637
  cu: inter64=0 inter32=0 inter16=0 inter8=0 intra32=0 intra16=0 intra8=0 intra4=0 reftype=0
  snapshot f091: 3 venc_ko blocks (pool0 0x73801000 len 0x10000)
src frame 92: srcf=24 off=372 br=16000
frame 92: send=0x0 get=0x0 len=4178 coding=1 startqp=0 meanqp=0 picbytes=0 pskip=0 nalus=1 n1:4178
  cu: inter64=0 inter32=0 inter16=0 inter8=0 intra32=0 intra16=0 intra8=0 intra4=0 reftype=0
  snapshot f092: 3 venc_ko blocks (pool0 0x73801000 len 0x10000)
src frame 93: srcf=23 off=376 br=16000
frame 93: send=0x0 get=0x0 len=3473 coding=1 startqp=0 meanqp=0 picbytes=0 pskip=0 nalus=1 n1:3473
  cu: inter64=0 inter32=0 inter16=0 inter8=0 intra32=0 intra16=0 intra8=0 intra4=0 reftype=0
  snapshot f093: 3 venc_ko blocks (pool0 0x73801000 len 0x10000)
src frame 94: srcf=22 off=380 br=16000
frame 94: send=0x0 get=0x0 len=4053 coding=1 startqp=0 meanqp=0 picbytes=0 pskip=0 nalus=1 n1:4053
  cu: inter64=0 inter32=0 inter16=0 inter8=0 intra32=0 intra16=0 intra8=0 intra4=0 reftype=0
  snapshot f094: 3 venc_ko blocks (pool0 0x73801000 len 0x10000)
src frame 95: srcf=21 off=384 br=16000
frame 95: send=0x0 get=0x0 len=3869 coding=1 startqp=0 meanqp=0 picbytes=0 pskip=0 nalus=1 n1:3869
  cu: inter64=0 inter32=0 inter16=0 inter8=0 intra32=0 intra16=0 intra8=0 intra4=0 reftype=0
  snapshot f095: 3 venc_ko blocks (pool0 0x73801000 len 0x10000)
src frame 96: srcf=20 off=388 br=16000
frame 96: send=0x0 get=0x0 len=4461 coding=1 startqp=0 meanqp=0 picbytes=0 pskip=0 nalus=1 n1:4461
  cu: inter64=0 inter32=0 inter16=0 inter8=0 intra32=0 intra16=0 intra8=0 intra4=0 reftype=0
  snapshot f096: 3 venc_ko blocks (pool0 0x73801000 len 0x10000)
src frame 97: srcf=19 off=392 br=16000
frame 97: send=0x0 get=0x0 len=4517 coding=1 startqp=0 meanqp=0 picbytes=0 pskip=0 nalus=1 n1:4517
  cu: inter64=0 inter32=0 inter16=0 inter8=0 intra32=0 intra16=0 intra8=0 intra4=0 reftype=0
  snapshot f097: 3 venc_ko blocks (pool0 0x73801000 len 0x10000)
src frame 98: srcf=18 off=396 br=16000
frame 98: send=0x0 get=0x0 len=4637 coding=1 startqp=0 meanqp=0 picbytes=0 pskip=0 nalus=1 n1:4637
  cu: inter64=0 inter32=0 inter16=0 inter8=0 intra32=0 intra16=0 intra8=0 intra4=0 reftype=0
  snapshot f098: 3 venc_ko blocks (pool0 0x73801000 len 0x10000)
src frame 99: srcf=17 off=400 br=16000
frame 99: send=0x0 get=0x0 len=5662 coding=1 startqp=0 meanqp=0 picbytes=0 pskip=0 nalus=1 n1:5662
  cu: inter64=0 inter32=0 inter16=0 inter8=0 intra32=0 intra16=0 intra8=0 intra4=0 reftype=0
  snapshot f099: 3 venc_ko blocks (pool0 0x73801000 len 0x10000)
src frame 100: srcf=16 off=404 br=16000
frame 100: send=0x0 get=0x0 len=6625 coding=1 startqp=0 meanqp=0 picbytes=0 pskip=0 nalus=1 n1:6625
  cu: inter64=0 inter32=0 inter16=0 inter8=0 intra32=0 intra16=0 intra8=0 intra4=0 reftype=0
  snapshot f100: 3 venc_ko blocks (pool0 0x73801000 len 0x10000)
src frame 101: srcf=15 off=408 br=16000
frame 101: send=0x0 get=0x0 len=4128 coding=1 startqp=0 meanqp=0 picbytes=0 pskip=0 nalus=1 n1:4128
  cu: inter64=0 inter32=0 inter16=0 inter8=0 intra32=0 intra16=0 intra8=0 intra4=0 reftype=0
  snapshot f101: 3 venc_ko blocks (pool0 0x73801000 len 0x10000)
src frame 102: srcf=14 off=412 br=16000
frame 102: send=0x0 get=0x0 len=3880 coding=1 startqp=0 meanqp=0 picbytes=0 pskip=0 nalus=1 n1:3880
  cu: inter64=0 inter32=0 inter16=0 inter8=0 intra32=0 intra16=0 intra8=0 intra4=0 reftype=0
  snapshot f102: 3 venc_ko blocks (pool0 0x73801000 len 0x10000)
src frame 103: srcf=13 off=416 br=16000
frame 103: send=0x0 get=0x0 len=3379 coding=1 startqp=0 meanqp=0 picbytes=0 pskip=0 nalus=1 n1:3379
  cu: inter64=0 inter32=0 inter16=0 inter8=0 intra32=0 intra16=0 intra8=0 intra4=0 reftype=0
  snapshot f103: 3 venc_ko blocks (pool0 0x73801000 len 0x10000)
src frame 104: srcf=12 off=420 br=16000
frame 104: send=0x0 get=0x0 len=2398 coding=1 startqp=0 meanqp=0 picbytes=0 pskip=0 nalus=1 n1:2398
  cu: inter64=0 inter32=0 inter16=0 inter8=0 intra32=0 intra16=0 intra8=0 intra4=0 reftype=0
  snapshot f104: 3 venc_ko blocks (pool0 0x73801000 len 0x10000)
src frame 105: srcf=11 off=424 br=16000
frame 105: send=0x0 get=0x0 len=2207 coding=1 startqp=0 meanqp=0 picbytes=0 pskip=0 nalus=1 n1:2207
  cu: inter64=0 inter32=0 inter16=0 inter8=0 intra32=0 intra16=0 intra8=0 intra4=0 reftype=0
  snapshot f105: 3 venc_ko blocks (pool0 0x73801000 len 0x10000)
src frame 106: srcf=10 off=428 br=16000
frame 106: send=0x0 get=0x0 len=1694 coding=1 startqp=0 meanqp=0 picbytes=0 pskip=0 nalus=1 n1:1694
  cu: inter64=0 inter32=0 inter16=0 inter8=0 intra32=0 intra16=0 intra8=0 intra4=0 reftype=0
  snapshot f106: 3 venc_ko blocks (pool0 0x73801000 len 0x10000)
src frame 107: srcf=9 off=432 br=16000
frame 107: send=0x0 get=0x0 len=1786 coding=1 startqp=0 meanqp=0 picbytes=0 pskip=0 nalus=1 n1:1786
  cu: inter64=0 inter32=0 inter16=0 inter8=0 intra32=0 intra16=0 intra8=0 intra4=0 reftype=0
  snapshot f107: 3 venc_ko blocks (pool0 0x73801000 len 0x10000)
src frame 108: srcf=8 off=436 br=16000
frame 108: send=0x0 get=0x0 len=1970 coding=1 startqp=0 meanqp=0 picbytes=0 pskip=0 nalus=1 n1:1970
  cu: inter64=0 inter32=0 inter16=0 inter8=0 intra32=0 intra16=0 intra8=0 intra4=0 reftype=0
  snapshot f108: 3 venc_ko blocks (pool0 0x73801000 len 0x10000)
src frame 109: srcf=7 off=440 br=16000
frame 109: send=0x0 get=0x0 len=1643 coding=1 startqp=0 meanqp=0 picbytes=0 pskip=0 nalus=1 n1:1643
  cu: inter64=0 inter32=0 inter16=0 inter8=0 intra32=0 intra16=0 intra8=0 intra4=0 reftype=0
  snapshot f109: 3 venc_ko blocks (pool0 0x73801000 len 0x10000)
src frame 110: srcf=6 off=444 br=16000
frame 110: send=0x0 get=0x0 len=2117 coding=1 startqp=0 meanqp=0 picbytes=0 pskip=0 nalus=1 n1:2117
  cu: inter64=0 inter32=0 inter16=0 inter8=0 intra32=0 intra16=0 intra8=0 intra4=0 reftype=0
  snapshot f110: 3 venc_ko blocks (pool0 0x73801000 len 0x10000)
src frame 111: srcf=5 off=448 br=16000
frame 111: send=0x0 get=0x0 len=2649 coding=1 startqp=0 meanqp=0 picbytes=0 pskip=0 nalus=1 n1:2649
  cu: inter64=0 inter32=0 inter16=0 inter8=0 intra32=0 intra16=0 intra8=0 intra4=0 reftype=0
  snapshot f111: 3 venc_ko blocks (pool0 0x73801000 len 0x10000)
src frame 112: srcf=4 off=452 br=16000
frame 112: send=0x0 get=0x0 len=2503 coding=1 startqp=0 meanqp=0 picbytes=0 pskip=0 nalus=1 n1:2503
  cu: inter64=0 inter32=0 inter16=0 inter8=0 intra32=0 intra16=0 intra8=0 intra4=0 reftype=0
  snapshot f112: 3 venc_ko blocks (pool0 0x73801000 len 0x10000)
src frame 113: srcf=3 off=456 br=16000
frame 113: send=0x0 get=0x0 len=2508 coding=1 startqp=0 meanqp=0 picbytes=0 pskip=0 nalus=1 n1:2508
  cu: inter64=0 inter32=0 inter16=0 inter8=0 intra32=0 intra16=0 intra8=0 intra4=0 reftype=0
  snapshot f113: 3 venc_ko blocks (pool0 0x73801000 len 0x10000)
src frame 114: srcf=2 off=460 br=16000
frame 114: send=0x0 get=0x0 len=1412 coding=1 startqp=0 meanqp=0 picbytes=0 pskip=0 nalus=1 n1:1412
  cu: inter64=0 inter32=0 inter16=0 inter8=0 intra32=0 intra16=0 intra8=0 intra4=0 reftype=0
  snapshot f114: 3 venc_ko blocks (pool0 0x73801000 len 0x10000)
src frame 115: srcf=1 off=464 br=16000
frame 115: send=0x0 get=0x0 len=1305 coding=1 startqp=0 meanqp=0 picbytes=0 pskip=0 nalus=1 n1:1305
  cu: inter64=0 inter32=0 inter16=0 inter8=0 intra32=0 intra16=0 intra8=0 intra4=0 reftype=0
  snapshot f115: 3 venc_ko blocks (pool0 0x73801000 len 0x10000)
src frame 116: srcf=0 off=468 br=16000
frame 116: send=0x0 get=0x0 len=1257 coding=1 startqp=0 meanqp=0 picbytes=0 pskip=0 nalus=1 n1:1257
  cu: inter64=0 inter32=0 inter16=0 inter8=0 intra32=0 intra16=0 intra8=0 intra4=0 reftype=0
  snapshot f116: 3 venc_ko blocks (pool0 0x73801000 len 0x10000)
src frame 117: srcf=1 off=472 br=16000
frame 117: send=0x0 get=0x0 len=1532 coding=1 startqp=0 meanqp=0 picbytes=0 pskip=0 nalus=1 n1:1532
  cu: inter64=0 inter32=0 inter16=0 inter8=0 intra32=0 intra16=0 intra8=0 intra4=0 reftype=0
  snapshot f117: 3 venc_ko blocks (pool0 0x73801000 len 0x10000)
src frame 118: srcf=2 off=476 br=16000
frame 118: send=0x0 get=0x0 len=1700 coding=1 startqp=0 meanqp=0 picbytes=0 pskip=0 nalus=1 n1:1700
  cu: inter64=0 inter32=0 inter16=0 inter8=0 intra32=0 intra16=0 intra8=0 intra4=0 reftype=0
  snapshot f118: 3 venc_ko blocks (pool0 0x73801000 len 0x10000)
src frame 119: srcf=3 off=480 br=16000
frame 119: send=0x0 get=0x0 len=1914 coding=1 startqp=0 meanqp=0 picbytes=0 pskip=0 nalus=1 n1:1914
  cu: inter64=0 inter32=0 inter16=0 inter8=0 intra32=0 intra16=0 intra8=0 intra4=0 reftype=0
  snapshot f119: 3 venc_ko blocks (pool0 0x73801000 len 0x10000)
src frame 120: srcf=4 off=484 br=16000
frame 120: send=0x0 get=0x0 len=44041 coding=0 startqp=0 meanqp=0 picbytes=0 pskip=0 nalus=4 n32:27 n33:53 n34:11 n19:43950
  cu: inter64=0 inter32=0 inter16=0 inter8=0 intra32=0 intra16=0 intra8=0 intra4=0 reftype=0
  snapshot f120: 3 venc_ko blocks (pool0 0x73801000 len 0x10000)
src frame 121: srcf=5 off=488 br=16000
frame 121: send=0x0 get=0x0 len=6972 coding=1 startqp=0 meanqp=0 picbytes=0 pskip=0 nalus=1 n1:6972
  cu: inter64=0 inter32=0 inter16=0 inter8=0 intra32=0 intra16=0 intra8=0 intra4=0 reftype=0
  snapshot f121: 3 venc_ko blocks (pool0 0x73801000 len 0x10000)
src frame 122: srcf=6 off=492 br=16000
frame 122: send=0x0 get=0x0 len=4478 coding=1 startqp=0 meanqp=0 picbytes=0 pskip=0 nalus=1 n1:4478
  cu: inter64=0 inter32=0 inter16=0 inter8=0 intra32=0 intra16=0 intra8=0 intra4=0 reftype=0
  snapshot f122: 3 venc_ko blocks (pool0 0x73801000 len 0x10000)
src frame 123: srcf=7 off=496 br=16000
frame 123: send=0x0 get=0x0 len=3869 coding=1 startqp=0 meanqp=0 picbytes=0 pskip=0 nalus=1 n1:3869
  cu: inter64=0 inter32=0 inter16=0 inter8=0 intra32=0 intra16=0 intra8=0 intra4=0 reftype=0
  snapshot f123: 3 venc_ko blocks (pool0 0x73801000 len 0x10000)
src frame 124: srcf=8 off=500 br=16000
frame 124: send=0x0 get=0x0 len=4247 coding=1 startqp=0 meanqp=0 picbytes=0 pskip=0 nalus=1 n1:4247
  cu: inter64=0 inter32=0 inter16=0 inter8=0 intra32=0 intra16=0 intra8=0 intra4=0 reftype=0
  snapshot f124: 3 venc_ko blocks (pool0 0x73801000 len 0x10000)
src frame 125: srcf=9 off=504 br=16000
frame 125: send=0x0 get=0x0 len=4323 coding=1 startqp=0 meanqp=0 picbytes=0 pskip=0 nalus=1 n1:4323
  cu: inter64=0 inter32=0 inter16=0 inter8=0 intra32=0 intra16=0 intra8=0 intra4=0 reftype=0
  snapshot f125: 3 venc_ko blocks (pool0 0x73801000 len 0x10000)
src frame 126: srcf=10 off=508 br=16000
frame 126: send=0x0 get=0x0 len=5039 coding=1 startqp=0 meanqp=0 picbytes=0 pskip=0 nalus=1 n1:5039
  cu: inter64=0 inter32=0 inter16=0 inter8=0 intra32=0 intra16=0 intra8=0 intra4=0 reftype=0
  snapshot f126: 3 venc_ko blocks (pool0 0x73801000 len 0x10000)
src frame 127: srcf=11 off=512 br=16000
frame 127: send=0x0 get=0x0 len=5462 coding=1 startqp=0 meanqp=0 picbytes=0 pskip=0 nalus=1 n1:5462
  cu: inter64=0 inter32=0 inter16=0 inter8=0 intra32=0 intra16=0 intra8=0 intra4=0 reftype=0
  snapshot f127: 3 venc_ko blocks (pool0 0x73801000 len 0x10000)
src frame 128: srcf=12 off=516 br=16000
frame 128: send=0x0 get=0x0 len=6004 coding=1 startqp=0 meanqp=0 picbytes=0 pskip=0 nalus=1 n1:6004
  cu: inter64=0 inter32=0 inter16=0 inter8=0 intra32=0 intra16=0 intra8=0 intra4=0 reftype=0
  snapshot f128: 3 venc_ko blocks (pool0 0x73801000 len 0x10000)
src frame 129: srcf=13 off=520 br=16000
frame 129: send=0x0 get=0x0 len=3234 coding=1 startqp=0 meanqp=0 picbytes=0 pskip=0 nalus=1 n1:3234
  cu: inter64=0 inter32=0 inter16=0 inter8=0 intra32=0 intra16=0 intra8=0 intra4=0 reftype=0
  snapshot f129: 3 venc_ko blocks (pool0 0x73801000 len 0x10000)
src frame 130: srcf=14 off=524 br=16000
frame 130: send=0x0 get=0x0 len=2715 coding=1 startqp=0 meanqp=0 picbytes=0 pskip=0 nalus=1 n1:2715
  cu: inter64=0 inter32=0 inter16=0 inter8=0 intra32=0 intra16=0 intra8=0 intra4=0 reftype=0
  snapshot f130: 3 venc_ko blocks (pool0 0x73801000 len 0x10000)
src frame 131: srcf=15 off=528 br=16000
frame 131: send=0x0 get=0x0 len=2405 coding=1 startqp=0 meanqp=0 picbytes=0 pskip=0 nalus=1 n1:2405
  cu: inter64=0 inter32=0 inter16=0 inter8=0 intra32=0 intra16=0 intra8=0 intra4=0 reftype=0
  snapshot f131: 3 venc_ko blocks (pool0 0x73801000 len 0x10000)
src frame 132: srcf=16 off=532 br=16000
frame 132: send=0x0 get=0x0 len=2466 coding=1 startqp=0 meanqp=0 picbytes=0 pskip=0 nalus=1 n1:2466
  cu: inter64=0 inter32=0 inter16=0 inter8=0 intra32=0 intra16=0 intra8=0 intra4=0 reftype=0
  snapshot f132: 3 venc_ko blocks (pool0 0x73801000 len 0x10000)
src frame 133: srcf=17 off=536 br=16000
frame 133: send=0x0 get=0x0 len=2887 coding=1 startqp=0 meanqp=0 picbytes=0 pskip=0 nalus=1 n1:2887
  cu: inter64=0 inter32=0 inter16=0 inter8=0 intra32=0 intra16=0 intra8=0 intra4=0 reftype=0
  snapshot f133: 3 venc_ko blocks (pool0 0x73801000 len 0x10000)
src frame 134: srcf=18 off=540 br=16000
frame 134: send=0x0 get=0x0 len=3679 coding=1 startqp=0 meanqp=0 picbytes=0 pskip=0 nalus=1 n1:3679
  cu: inter64=0 inter32=0 inter16=0 inter8=0 intra32=0 intra16=0 intra8=0 intra4=0 reftype=0
  snapshot f134: 3 venc_ko blocks (pool0 0x73801000 len 0x10000)
src frame 135: srcf=19 off=544 br=16000
frame 135: send=0x0 get=0x0 len=3252 coding=1 startqp=0 meanqp=0 picbytes=0 pskip=0 nalus=1 n1:3252
  cu: inter64=0 inter32=0 inter16=0 inter8=0 intra32=0 intra16=0 intra8=0 intra4=0 reftype=0
  snapshot f135: 3 venc_ko blocks (pool0 0x73801000 len 0x10000)
src frame 136: srcf=20 off=548 br=16000
frame 136: send=0x0 get=0x0 len=2434 coding=1 startqp=0 meanqp=0 picbytes=0 pskip=0 nalus=1 n1:2434
  cu: inter64=0 inter32=0 inter16=0 inter8=0 intra32=0 intra16=0 intra8=0 intra4=0 reftype=0
  snapshot f136: 3 venc_ko blocks (pool0 0x73801000 len 0x10000)
src frame 137: srcf=21 off=552 br=16000
frame 137: send=0x0 get=0x0 len=2124 coding=1 startqp=0 meanqp=0 picbytes=0 pskip=0 nalus=1 n1:2124
  cu: inter64=0 inter32=0 inter16=0 inter8=0 intra32=0 intra16=0 intra8=0 intra4=0 reftype=0
  snapshot f137: 3 venc_ko blocks (pool0 0x73801000 len 0x10000)
src frame 138: srcf=22 off=556 br=16000
frame 138: send=0x0 get=0x0 len=1620 coding=1 startqp=0 meanqp=0 picbytes=0 pskip=0 nalus=1 n1:1620
  cu: inter64=0 inter32=0 inter16=0 inter8=0 intra32=0 intra16=0 intra8=0 intra4=0 reftype=0
  snapshot f138: 3 venc_ko blocks (pool0 0x73801000 len 0x10000)
src frame 139: srcf=23 off=560 br=16000
frame 139: send=0x0 get=0x0 len=1410 coding=1 startqp=0 meanqp=0 picbytes=0 pskip=0 nalus=1 n1:1410
  cu: inter64=0 inter32=0 inter16=0 inter8=0 intra32=0 intra16=0 intra8=0 intra4=0 reftype=0
  snapshot f139: 3 venc_ko blocks (pool0 0x73801000 len 0x10000)
src frame 140: srcf=24 off=564 br=16000
frame 140: send=0x0 get=0x0 len=1197 coding=1 startqp=0 meanqp=0 picbytes=0 pskip=0 nalus=1 n1:1197
  cu: inter64=0 inter32=0 inter16=0 inter8=0 intra32=0 intra16=0 intra8=0 intra4=0 reftype=0
  snapshot f140: 3 venc_ko blocks (pool0 0x73801000 len 0x10000)
src frame 141: srcf=25 off=568 br=16000
frame 141: send=0x0 get=0x0 len=1081 coding=1 startqp=0 meanqp=0 picbytes=0 pskip=0 nalus=1 n1:1081
  cu: inter64=0 inter32=0 inter16=0 inter8=0 intra32=0 intra16=0 intra8=0 intra4=0 reftype=0
  snapshot f141: 3 venc_ko blocks (pool0 0x73801000 len 0x10000)
src frame 142: srcf=26 off=572 br=16000
frame 142: send=0x0 get=0x0 len=1479 coding=1 startqp=0 meanqp=0 picbytes=0 pskip=0 nalus=1 n1:1479
  cu: inter64=0 inter32=0 inter16=0 inter8=0 intra32=0 intra16=0 intra8=0 intra4=0 reftype=0
  snapshot f142: 3 venc_ko blocks (pool0 0x73801000 len 0x10000)
src frame 143: srcf=27 off=576 br=16000
frame 143: send=0x0 get=0x0 len=1830 coding=1 startqp=0 meanqp=0 picbytes=0 pskip=0 nalus=1 n1:1830
  cu: inter64=0 inter32=0 inter16=0 inter8=0 intra32=0 intra16=0 intra8=0 intra4=0 reftype=0
  snapshot f143: 3 venc_ko blocks (pool0 0x73801000 len 0x10000)
src frame 144: srcf=28 off=580 br=16000
frame 144: send=0x0 get=0x0 len=1715 coding=1 startqp=0 meanqp=0 picbytes=0 pskip=0 nalus=1 n1:1715
  cu: inter64=0 inter32=0 inter16=0 inter8=0 intra32=0 intra16=0 intra8=0 intra4=0 reftype=0
  snapshot f144: 3 venc_ko blocks (pool0 0x73801000 len 0x10000)
src frame 145: srcf=29 off=584 br=16000
frame 145: send=0x0 get=0x0 len=1809 coding=1 startqp=0 meanqp=0 picbytes=0 pskip=0 nalus=1 n1:1809
  cu: inter64=0 inter32=0 inter16=0 inter8=0 intra32=0 intra16=0 intra8=0 intra4=0 reftype=0
  snapshot f145: 3 venc_ko blocks (pool0 0x73801000 len 0x10000)
src frame 146: srcf=28 off=588 br=16000
frame 146: send=0x0 get=0x0 len=1718 coding=1 startqp=0 meanqp=0 picbytes=0 pskip=0 nalus=1 n1:1718
  cu: inter64=0 inter32=0 inter16=0 inter8=0 intra32=0 intra16=0 intra8=0 intra4=0 reftype=0
  snapshot f146: 3 venc_ko blocks (pool0 0x73801000 len 0x10000)
src frame 147: srcf=27 off=592 br=16000
frame 147: send=0x0 get=0x0 len=1768 coding=1 startqp=0 meanqp=0 picbytes=0 pskip=0 nalus=1 n1:1768
  cu: inter64=0 inter32=0 inter16=0 inter8=0 intra32=0 intra16=0 intra8=0 intra4=0 reftype=0
  snapshot f147: 3 venc_ko blocks (pool0 0x73801000 len 0x10000)
src frame 148: srcf=26 off=596 br=16000
frame 148: send=0x0 get=0x0 len=1491 coding=1 startqp=0 meanqp=0 picbytes=0 pskip=0 nalus=1 n1:1491
  cu: inter64=0 inter32=0 inter16=0 inter8=0 intra32=0 intra16=0 intra8=0 intra4=0 reftype=0
  snapshot f148: 3 venc_ko blocks (pool0 0x73801000 len 0x10000)
src frame 149: srcf=25 off=600 br=16000
frame 149: send=0x0 get=0x0 len=1307 coding=1 startqp=0 meanqp=0 picbytes=0 pskip=0 nalus=1 n1:1307
  cu: inter64=0 inter32=0 inter16=0 inter8=0 intra32=0 intra16=0 intra8=0 intra4=0 reftype=0
  snapshot f149: 3 venc_ko blocks (pool0 0x73801000 len 0x10000)
src frame 150: srcf=24 off=604 br=16000
frame 150: send=0x0 get=0x0 len=48673 coding=0 startqp=0 meanqp=0 picbytes=0 pskip=0 nalus=4 n32:27 n33:53 n34:11 n19:48582
  cu: inter64=0 inter32=0 inter16=0 inter8=0 intra32=0 intra16=0 intra8=0 intra4=0 reftype=0
  snapshot f150: 3 venc_ko blocks (pool0 0x73801000 len 0x10000)
src frame 151: srcf=23 off=608 br=16000
frame 151: send=0x0 get=0x0 len=8120 coding=1 startqp=0 meanqp=0 picbytes=0 pskip=0 nalus=1 n1:8120
  cu: inter64=0 inter32=0 inter16=0 inter8=0 intra32=0 intra16=0 intra8=0 intra4=0 reftype=0
  snapshot f151: 3 venc_ko blocks (pool0 0x73801000 len 0x10000)
src frame 152: srcf=22 off=612 br=16000
frame 152: send=0x0 get=0x0 len=5040 coding=1 startqp=0 meanqp=0 picbytes=0 pskip=0 nalus=1 n1:5040
  cu: inter64=0 inter32=0 inter16=0 inter8=0 intra32=0 intra16=0 intra8=0 intra4=0 reftype=0
  snapshot f152: 3 venc_ko blocks (pool0 0x73801000 len 0x10000)
src frame 153: srcf=21 off=616 br=16000
frame 153: send=0x0 get=0x0 len=4785 coding=1 startqp=0 meanqp=0 picbytes=0 pskip=0 nalus=1 n1:4785
  cu: inter64=0 inter32=0 inter16=0 inter8=0 intra32=0 intra16=0 intra8=0 intra4=0 reftype=0
  snapshot f153: 3 venc_ko blocks (pool0 0x73801000 len 0x10000)
src frame 154: srcf=20 off=620 br=16000
frame 154: send=0x0 get=0x0 len=5769 coding=1 startqp=0 meanqp=0 picbytes=0 pskip=0 nalus=1 n1:5769
  cu: inter64=0 inter32=0 inter16=0 inter8=0 intra32=0 intra16=0 intra8=0 intra4=0 reftype=0
  snapshot f154: 3 venc_ko blocks (pool0 0x73801000 len 0x10000)
src frame 155: srcf=19 off=624 br=16000
frame 155: send=0x0 get=0x0 len=5866 coding=1 startqp=0 meanqp=0 picbytes=0 pskip=0 nalus=1 n1:5866
  cu: inter64=0 inter32=0 inter16=0 inter8=0 intra32=0 intra16=0 intra8=0 intra4=0 reftype=0
  snapshot f155: 3 venc_ko blocks (pool0 0x73801000 len 0x10000)
src frame 156: srcf=18 off=628 br=16000
frame 156: send=0x0 get=0x0 len=6049 coding=1 startqp=0 meanqp=0 picbytes=0 pskip=0 nalus=1 n1:6049
  cu: inter64=0 inter32=0 inter16=0 inter8=0 intra32=0 intra16=0 intra8=0 intra4=0 reftype=0
  snapshot f156: 3 venc_ko blocks (pool0 0x73801000 len 0x10000)
src frame 157: srcf=17 off=632 br=16000
frame 157: send=0x0 get=0x0 len=3253 coding=1 startqp=0 meanqp=0 picbytes=0 pskip=0 nalus=1 n1:3253
  cu: inter64=0 inter32=0 inter16=0 inter8=0 intra32=0 intra16=0 intra8=0 intra4=0 reftype=0
  snapshot f157: 3 venc_ko blocks (pool0 0x73801000 len 0x10000)
src frame 158: srcf=16 off=636 br=16000
frame 158: send=0x0 get=0x0 len=2752 coding=1 startqp=0 meanqp=0 picbytes=0 pskip=0 nalus=1 n1:2752
  cu: inter64=0 inter32=0 inter16=0 inter8=0 intra32=0 intra16=0 intra8=0 intra4=0 reftype=0
  snapshot f158: 3 venc_ko blocks (pool0 0x73801000 len 0x10000)
src frame 159: srcf=15 off=640 br=16000
frame 159: send=0x0 get=0x0 len=2303 coding=1 startqp=0 meanqp=0 picbytes=0 pskip=0 nalus=1 n1:2303
  cu: inter64=0 inter32=0 inter16=0 inter8=0 intra32=0 intra16=0 intra8=0 intra4=0 reftype=0
  snapshot f159: 3 venc_ko blocks (pool0 0x73801000 len 0x10000)
src frame 160: srcf=14 off=644 br=16000
frame 160: send=0x0 get=0x0 len=2147 coding=1 startqp=0 meanqp=0 picbytes=0 pskip=0 nalus=1 n1:2147
  cu: inter64=0 inter32=0 inter16=0 inter8=0 intra32=0 intra16=0 intra8=0 intra4=0 reftype=0
  snapshot f160: 3 venc_ko blocks (pool0 0x73801000 len 0x10000)
src frame 161: srcf=13 off=648 br=16000
frame 161: send=0x0 get=0x0 len=1750 coding=1 startqp=0 meanqp=0 picbytes=0 pskip=0 nalus=1 n1:1750
  cu: inter64=0 inter32=0 inter16=0 inter8=0 intra32=0 intra16=0 intra8=0 intra4=0 reftype=0
  snapshot f161: 3 venc_ko blocks (pool0 0x73801000 len 0x10000)
src frame 162: srcf=12 off=652 br=16000
frame 162: send=0x0 get=0x0 len=1647 coding=1 startqp=0 meanqp=0 picbytes=0 pskip=0 nalus=1 n1:1647
  cu: inter64=0 inter32=0 inter16=0 inter8=0 intra32=0 intra16=0 intra8=0 intra4=0 reftype=0
  snapshot f162: 3 venc_ko blocks (pool0 0x73801000 len 0x10000)
src frame 163: srcf=11 off=656 br=16000
frame 163: send=0x0 get=0x0 len=1540 coding=1 startqp=0 meanqp=0 picbytes=0 pskip=0 nalus=1 n1:1540
  cu: inter64=0 inter32=0 inter16=0 inter8=0 intra32=0 intra16=0 intra8=0 intra4=0 reftype=0
  snapshot f163: 3 venc_ko blocks (pool0 0x73801000 len 0x10000)
src frame 164: srcf=10 off=660 br=16000
frame 164: send=0x0 get=0x0 len=1636 coding=1 startqp=0 meanqp=0 picbytes=0 pskip=0 nalus=1 n1:1636
  cu: inter64=0 inter32=0 inter16=0 inter8=0 intra32=0 intra16=0 intra8=0 intra4=0 reftype=0
  snapshot f164: 3 venc_ko blocks (pool0 0x73801000 len 0x10000)
src frame 165: srcf=9 off=664 br=16000
frame 165: send=0x0 get=0x0 len=1809 coding=1 startqp=0 meanqp=0 picbytes=0 pskip=0 nalus=1 n1:1809
  cu: inter64=0 inter32=0 inter16=0 inter8=0 intra32=0 intra16=0 intra8=0 intra4=0 reftype=0
  snapshot f165: 3 venc_ko blocks (pool0 0x73801000 len 0x10000)
src frame 166: srcf=8 off=668 br=16000
frame 166: send=0x0 get=0x0 len=2200 coding=1 startqp=0 meanqp=0 picbytes=0 pskip=0 nalus=1 n1:2200
  cu: inter64=0 inter32=0 inter16=0 inter8=0 intra32=0 intra16=0 intra8=0 intra4=0 reftype=0
  snapshot f166: 3 venc_ko blocks (pool0 0x73801000 len 0x10000)
src frame 167: srcf=7 off=672 br=16000
frame 167: send=0x0 get=0x0 len=2004 coding=1 startqp=0 meanqp=0 picbytes=0 pskip=0 nalus=1 n1:2004
  cu: inter64=0 inter32=0 inter16=0 inter8=0 intra32=0 intra16=0 intra8=0 intra4=0 reftype=0
  snapshot f167: 3 venc_ko blocks (pool0 0x73801000 len 0x10000)
src frame 168: srcf=6 off=676 br=16000
frame 168: send=0x0 get=0x0 len=1280 coding=1 startqp=0 meanqp=0 picbytes=0 pskip=0 nalus=1 n1:1280
  cu: inter64=0 inter32=0 inter16=0 inter8=0 intra32=0 intra16=0 intra8=0 intra4=0 reftype=0
  snapshot f168: 3 venc_ko blocks (pool0 0x73801000 len 0x10000)
src frame 169: srcf=5 off=680 br=16000
frame 169: send=0x0 get=0x0 len=1276 coding=1 startqp=0 meanqp=0 picbytes=0 pskip=0 nalus=1 n1:1276
  cu: inter64=0 inter32=0 inter16=0 inter8=0 intra32=0 intra16=0 intra8=0 intra4=0 reftype=0
  snapshot f169: 3 venc_ko blocks (pool0 0x73801000 len 0x10000)
src frame 170: srcf=4 off=684 br=16000
frame 170: send=0x0 get=0x0 len=1163 coding=1 startqp=0 meanqp=0 picbytes=0 pskip=0 nalus=1 n1:1163
  cu: inter64=0 inter32=0 inter16=0 inter8=0 intra32=0 intra16=0 intra8=0 intra4=0 reftype=0
  snapshot f170: 3 venc_ko blocks (pool0 0x73801000 len 0x10000)
src frame 171: srcf=3 off=688 br=16000
frame 171: send=0x0 get=0x0 len=1128 coding=1 startqp=0 meanqp=0 picbytes=0 pskip=0 nalus=1 n1:1128
  cu: inter64=0 inter32=0 inter16=0 inter8=0 intra32=0 intra16=0 intra8=0 intra4=0 reftype=0
  snapshot f171: 3 venc_ko blocks (pool0 0x73801000 len 0x10000)
src frame 172: srcf=2 off=692 br=16000
frame 172: send=0x0 get=0x0 len=986 coding=1 startqp=0 meanqp=0 picbytes=0 pskip=0 nalus=1 n1:986
  cu: inter64=0 inter32=0 inter16=0 inter8=0 intra32=0 intra16=0 intra8=0 intra4=0 reftype=0
  snapshot f172: 3 venc_ko blocks (pool0 0x73801000 len 0x10000)
src frame 173: srcf=1 off=696 br=16000
frame 173: send=0x0 get=0x0 len=1085 coding=1 startqp=0 meanqp=0 picbytes=0 pskip=0 nalus=1 n1:1085
  cu: inter64=0 inter32=0 inter16=0 inter8=0 intra32=0 intra16=0 intra8=0 intra4=0 reftype=0
  snapshot f173: 3 venc_ko blocks (pool0 0x73801000 len 0x10000)
src frame 174: srcf=0 off=700 br=16000
frame 174: send=0x0 get=0x0 len=1396 coding=1 startqp=0 meanqp=0 picbytes=0 pskip=0 nalus=1 n1:1396
  cu: inter64=0 inter32=0 inter16=0 inter8=0 intra32=0 intra16=0 intra8=0 intra4=0 reftype=0
  snapshot f174: 3 venc_ko blocks (pool0 0x73801000 len 0x10000)
src frame 175: srcf=1 off=704 br=16000
frame 175: send=0x0 get=0x0 len=1552 coding=1 startqp=0 meanqp=0 picbytes=0 pskip=0 nalus=1 n1:1552
  cu: inter64=0 inter32=0 inter16=0 inter8=0 intra32=0 intra16=0 intra8=0 intra4=0 reftype=0
  snapshot f175: 3 venc_ko blocks (pool0 0x73801000 len 0x10000)
src frame 176: srcf=2 off=708 br=16000
frame 176: send=0x0 get=0x0 len=1463 coding=1 startqp=0 meanqp=0 picbytes=0 pskip=0 nalus=1 n1:1463
  cu: inter64=0 inter32=0 inter16=0 inter8=0 intra32=0 intra16=0 intra8=0 intra4=0 reftype=0
  snapshot f176: 3 venc_ko blocks (pool0 0x73801000 len 0x10000)
src frame 177: srcf=3 off=712 br=16000
frame 177: send=0x0 get=0x0 len=1126 coding=1 startqp=0 meanqp=0 picbytes=0 pskip=0 nalus=1 n1:1126
  cu: inter64=0 inter32=0 inter16=0 inter8=0 intra32=0 intra16=0 intra8=0 intra4=0 reftype=0
  snapshot f177: 3 venc_ko blocks (pool0 0x73801000 len 0x10000)
src frame 178: srcf=4 off=716 br=16000
frame 178: send=0x0 get=0x0 len=1128 coding=1 startqp=0 meanqp=0 picbytes=0 pskip=0 nalus=1 n1:1128
  cu: inter64=0 inter32=0 inter16=0 inter8=0 intra32=0 intra16=0 intra8=0 intra4=0 reftype=0
  snapshot f178: 3 venc_ko blocks (pool0 0x73801000 len 0x10000)
src frame 179: srcf=5 off=720 br=16000
frame 179: send=0x0 get=0x0 len=1201 coding=1 startqp=0 meanqp=0 picbytes=0 pskip=0 nalus=1 n1:1201
  cu: inter64=0 inter32=0 inter16=0 inter8=0 intra32=0 intra16=0 intra8=0 intra4=0 reftype=0
  snapshot f179: 3 venc_ko blocks (pool0 0x73801000 len 0x10000)
src frame 180: srcf=6 off=724 br=16000
frame 180: send=0x0 get=0x0 len=52922 coding=0 startqp=0 meanqp=0 picbytes=0 pskip=0 nalus=4 n32:27 n33:53 n34:11 n19:52831
  cu: inter64=0 inter32=0 inter16=0 inter8=0 intra32=0 intra16=0 intra8=0 intra4=0 reftype=0
  snapshot f180: 3 venc_ko blocks (pool0 0x73801000 len 0x10000)
src frame 181: srcf=7 off=728 br=16000
frame 181: send=0x0 get=0x0 len=9209 coding=1 startqp=0 meanqp=0 picbytes=0 pskip=0 nalus=1 n1:9209
  cu: inter64=0 inter32=0 inter16=0 inter8=0 intra32=0 intra16=0 intra8=0 intra4=0 reftype=0
  snapshot f181: 3 venc_ko blocks (pool0 0x73801000 len 0x10000)
src frame 182: srcf=8 off=732 br=16000
frame 182: send=0x0 get=0x0 len=4898 coding=1 startqp=0 meanqp=0 picbytes=0 pskip=0 nalus=1 n1:4898
  cu: inter64=0 inter32=0 inter16=0 inter8=0 intra32=0 intra16=0 intra8=0 intra4=0 reftype=0
  snapshot f182: 3 venc_ko blocks (pool0 0x73801000 len 0x10000)
src frame 183: srcf=9 off=736 br=16000
frame 183: send=0x0 get=0x0 len=4921 coding=1 startqp=0 meanqp=0 picbytes=0 pskip=0 nalus=1 n1:4921
  cu: inter64=0 inter32=0 inter16=0 inter8=0 intra32=0 intra16=0 intra8=0 intra4=0 reftype=0
  snapshot f183: 3 venc_ko blocks (pool0 0x73801000 len 0x10000)
src frame 184: srcf=10 off=740 br=16000
frame 184: send=0x0 get=0x0 len=6001 coding=1 startqp=0 meanqp=0 picbytes=0 pskip=0 nalus=1 n1:6001
  cu: inter64=0 inter32=0 inter16=0 inter8=0 intra32=0 intra16=0 intra8=0 intra4=0 reftype=0
  snapshot f184: 3 venc_ko blocks (pool0 0x73801000 len 0x10000)
src frame 185: srcf=11 off=744 br=16000
frame 185: send=0x0 get=0x0 len=3115 coding=1 startqp=0 meanqp=0 picbytes=0 pskip=0 nalus=1 n1:3115
  cu: inter64=0 inter32=0 inter16=0 inter8=0 intra32=0 intra16=0 intra8=0 intra4=0 reftype=0
  snapshot f185: 3 venc_ko blocks (pool0 0x73801000 len 0x10000)
src frame 186: srcf=12 off=748 br=16000
frame 186: send=0x0 get=0x0 len=2726 coding=1 startqp=0 meanqp=0 picbytes=0 pskip=0 nalus=1 n1:2726
  cu: inter64=0 inter32=0 inter16=0 inter8=0 intra32=0 intra16=0 intra8=0 intra4=0 reftype=0
  snapshot f186: 3 venc_ko blocks (pool0 0x73801000 len 0x10000)
src frame 187: srcf=13 off=752 br=16000
frame 187: send=0x0 get=0x0 len=2318 coding=1 startqp=0 meanqp=0 picbytes=0 pskip=0 nalus=1 n1:2318
  cu: inter64=0 inter32=0 inter16=0 inter8=0 intra32=0 intra16=0 intra8=0 intra4=0 reftype=0
  snapshot f187: 3 venc_ko blocks (pool0 0x73801000 len 0x10000)
src frame 188: srcf=14 off=756 br=16000
frame 188: send=0x0 get=0x0 len=1884 coding=1 startqp=0 meanqp=0 picbytes=0 pskip=0 nalus=1 n1:1884
  cu: inter64=0 inter32=0 inter16=0 inter8=0 intra32=0 intra16=0 intra8=0 intra4=0 reftype=0
  snapshot f188: 3 venc_ko blocks (pool0 0x73801000 len 0x10000)
src frame 189: srcf=15 off=760 br=16000
frame 189: send=0x0 get=0x0 len=1473 coding=1 startqp=0 meanqp=0 picbytes=0 pskip=0 nalus=1 n1:1473
  cu: inter64=0 inter32=0 inter16=0 inter8=0 intra32=0 intra16=0 intra8=0 intra4=0 reftype=0
  snapshot f189: 3 venc_ko blocks (pool0 0x73801000 len 0x10000)
src frame 190: srcf=16 off=764 br=16000
frame 190: send=0x0 get=0x0 len=1950 coding=1 startqp=0 meanqp=0 picbytes=0 pskip=0 nalus=1 n1:1950
  cu: inter64=0 inter32=0 inter16=0 inter8=0 intra32=0 intra16=0 intra8=0 intra4=0 reftype=0
  snapshot f190: 3 venc_ko blocks (pool0 0x73801000 len 0x10000)
src frame 191: srcf=17 off=768 br=16000
frame 191: send=0x0 get=0x0 len=1695 coding=1 startqp=0 meanqp=0 picbytes=0 pskip=0 nalus=1 n1:1695
  cu: inter64=0 inter32=0 inter16=0 inter8=0 intra32=0 intra16=0 intra8=0 intra4=0 reftype=0
  snapshot f191: 3 venc_ko blocks (pool0 0x73801000 len 0x10000)
src frame 192: srcf=18 off=772 br=16000
frame 192: send=0x0 get=0x0 len=1800 coding=1 startqp=0 meanqp=0 picbytes=0 pskip=0 nalus=1 n1:1800
  cu: inter64=0 inter32=0 inter16=0 inter8=0 intra32=0 intra16=0 intra8=0 intra4=0 reftype=0
  snapshot f192: 3 venc_ko blocks (pool0 0x73801000 len 0x10000)
src frame 193: srcf=19 off=776 br=16000
frame 193: send=0x0 get=0x0 len=1889 coding=1 startqp=0 meanqp=0 picbytes=0 pskip=0 nalus=1 n1:1889
  cu: inter64=0 inter32=0 inter16=0 inter8=0 intra32=0 intra16=0 intra8=0 intra4=0 reftype=0
  snapshot f193: 3 venc_ko blocks (pool0 0x73801000 len 0x10000)
src frame 194: srcf=20 off=780 br=16000
frame 194: send=0x0 get=0x0 len=1867 coding=1 startqp=0 meanqp=0 picbytes=0 pskip=0 nalus=1 n1:1867
  cu: inter64=0 inter32=0 inter16=0 inter8=0 intra32=0 intra16=0 intra8=0 intra4=0 reftype=0
  snapshot f194: 3 venc_ko blocks (pool0 0x73801000 len 0x10000)
src frame 195: srcf=21 off=784 br=16000
frame 195: send=0x0 get=0x0 len=1836 coding=1 startqp=0 meanqp=0 picbytes=0 pskip=0 nalus=1 n1:1836
  cu: inter64=0 inter32=0 inter16=0 inter8=0 intra32=0 intra16=0 intra8=0 intra4=0 reftype=0
  snapshot f195: 3 venc_ko blocks (pool0 0x73801000 len 0x10000)
src frame 196: srcf=22 off=788 br=16000
frame 196: send=0x0 get=0x0 len=1447 coding=1 startqp=0 meanqp=0 picbytes=0 pskip=0 nalus=1 n1:1447
  cu: inter64=0 inter32=0 inter16=0 inter8=0 intra32=0 intra16=0 intra8=0 intra4=0 reftype=0
  snapshot f196: 3 venc_ko blocks (pool0 0x73801000 len 0x10000)
src frame 197: srcf=23 off=792 br=16000
frame 197: send=0x0 get=0x0 len=1260 coding=1 startqp=0 meanqp=0 picbytes=0 pskip=0 nalus=1 n1:1260
  cu: inter64=0 inter32=0 inter16=0 inter8=0 intra32=0 intra16=0 intra8=0 intra4=0 reftype=0
  snapshot f197: 3 venc_ko blocks (pool0 0x73801000 len 0x10000)
src frame 198: srcf=24 off=796 br=16000
frame 198: send=0x0 get=0x0 len=1289 coding=1 startqp=0 meanqp=0 picbytes=0 pskip=0 nalus=1 n1:1289
  cu: inter64=0 inter32=0 inter16=0 inter8=0 intra32=0 intra16=0 intra8=0 intra4=0 reftype=0
  snapshot f198: 3 venc_ko blocks (pool0 0x73801000 len 0x10000)
src frame 199: srcf=25 off=800 br=16000
frame 199: send=0x0 get=0x0 len=1312 coding=1 startqp=0 meanqp=0 picbytes=0 pskip=0 nalus=1 n1:1312
  cu: inter64=0 inter32=0 inter16=0 inter8=0 intra32=0 intra16=0 intra8=0 intra4=0 reftype=0
  snapshot f199: 3 venc_ko blocks (pool0 0x73801000 len 0x10000)
src frame 200: srcf=26 off=804 br=16000
frame 200: send=0x0 get=0x0 len=1115 coding=1 startqp=0 meanqp=0 picbytes=0 pskip=0 nalus=1 n1:1115
  cu: inter64=0 inter32=0 inter16=0 inter8=0 intra32=0 intra16=0 intra8=0 intra4=0 reftype=0
  snapshot f200: 3 venc_ko blocks (pool0 0x73801000 len 0x10000)
src frame 201: srcf=27 off=808 br=16000
frame 201: send=0x0 get=0x0 len=1156 coding=1 startqp=0 meanqp=0 picbytes=0 pskip=0 nalus=1 n1:1156
  cu: inter64=0 inter32=0 inter16=0 inter8=0 intra32=0 intra16=0 intra8=0 intra4=0 reftype=0
  snapshot f201: 3 venc_ko blocks (pool0 0x73801000 len 0x10000)
src frame 202: srcf=28 off=812 br=16000
frame 202: send=0x0 get=0x0 len=1183 coding=1 startqp=0 meanqp=0 picbytes=0 pskip=0 nalus=1 n1:1183
  cu: inter64=0 inter32=0 inter16=0 inter8=0 intra32=0 intra16=0 intra8=0 intra4=0 reftype=0
  snapshot f202: 3 venc_ko blocks (pool0 0x73801000 len 0x10000)
src frame 203: srcf=29 off=816 br=16000
frame 203: send=0x0 get=0x0 len=1462 coding=1 startqp=0 meanqp=0 picbytes=0 pskip=0 nalus=1 n1:1462
  cu: inter64=0 inter32=0 inter16=0 inter8=0 intra32=0 intra16=0 intra8=0 intra4=0 reftype=0
  snapshot f203: 3 venc_ko blocks (pool0 0x73801000 len 0x10000)
src frame 204: srcf=28 off=820 br=16000
frame 204: send=0x0 get=0x0 len=1353 coding=1 startqp=0 meanqp=0 picbytes=0 pskip=0 nalus=1 n1:1353
  cu: inter64=0 inter32=0 inter16=0 inter8=0 intra32=0 intra16=0 intra8=0 intra4=0 reftype=0
  snapshot f204: 3 venc_ko blocks (pool0 0x73801000 len 0x10000)
src frame 205: srcf=27 off=824 br=16000
frame 205: send=0x0 get=0x0 len=1162 coding=1 startqp=0 meanqp=0 picbytes=0 pskip=0 nalus=1 n1:1162
  cu: inter64=0 inter32=0 inter16=0 inter8=0 intra32=0 intra16=0 intra8=0 intra4=0 reftype=0
  snapshot f205: 3 venc_ko blocks (pool0 0x73801000 len 0x10000)
src frame 206: srcf=26 off=828 br=16000
frame 206: send=0x0 get=0x0 len=1031 coding=1 startqp=0 meanqp=0 picbytes=0 pskip=0 nalus=1 n1:1031
  cu: inter64=0 inter32=0 inter16=0 inter8=0 intra32=0 intra16=0 intra8=0 intra4=0 reftype=0
  snapshot f206: 3 venc_ko blocks (pool0 0x73801000 len 0x10000)
src frame 207: srcf=25 off=832 br=16000
frame 207: send=0x0 get=0x0 len=1126 coding=1 startqp=0 meanqp=0 picbytes=0 pskip=0 nalus=1 n1:1126
  cu: inter64=0 inter32=0 inter16=0 inter8=0 intra32=0 intra16=0 intra8=0 intra4=0 reftype=0
  snapshot f207: 3 venc_ko blocks (pool0 0x73801000 len 0x10000)
src frame 208: srcf=24 off=836 br=16000
frame 208: send=0x0 get=0x0 len=1098 coding=1 startqp=0 meanqp=0 picbytes=0 pskip=0 nalus=1 n1:1098
  cu: inter64=0 inter32=0 inter16=0 inter8=0 intra32=0 intra16=0 intra8=0 intra4=0 reftype=0
  snapshot f208: 3 venc_ko blocks (pool0 0x73801000 len 0x10000)
src frame 209: srcf=23 off=840 br=16000
frame 209: send=0x0 get=0x0 len=1038 coding=1 startqp=0 meanqp=0 picbytes=0 pskip=0 nalus=1 n1:1038
  cu: inter64=0 inter32=0 inter16=0 inter8=0 intra32=0 intra16=0 intra8=0 intra4=0 reftype=0
  snapshot f209: 3 venc_ko blocks (pool0 0x73801000 len 0x10000)
src frame 210: srcf=22 off=844 br=16000
frame 210: send=0x0 get=0x0 len=57490 coding=0 startqp=0 meanqp=0 picbytes=0 pskip=0 nalus=4 n32:27 n33:53 n34:11 n19:57399
  cu: inter64=0 inter32=0 inter16=0 inter8=0 intra32=0 intra16=0 intra8=0 intra4=0 reftype=0
  snapshot f210: 3 venc_ko blocks (pool0 0x73801000 len 0x10000)
src frame 211: srcf=21 off=848 br=16000
frame 211: send=0x0 get=0x0 len=9992 coding=1 startqp=0 meanqp=0 picbytes=0 pskip=0 nalus=1 n1:9992
  cu: inter64=0 inter32=0 inter16=0 inter8=0 intra32=0 intra16=0 intra8=0 intra4=0 reftype=0
  snapshot f211: 3 venc_ko blocks (pool0 0x73801000 len 0x10000)
src frame 212: srcf=20 off=852 br=16000
frame 212: send=0x0 get=0x0 len=6028 coding=1 startqp=0 meanqp=0 picbytes=0 pskip=0 nalus=1 n1:6028
  cu: inter64=0 inter32=0 inter16=0 inter8=0 intra32=0 intra16=0 intra8=0 intra4=0 reftype=0
  snapshot f212: 3 venc_ko blocks (pool0 0x73801000 len 0x10000)
src frame 213: srcf=19 off=856 br=16000
frame 213: send=0x0 get=0x0 len=3274 coding=1 startqp=0 meanqp=0 picbytes=0 pskip=0 nalus=1 n1:3274
  cu: inter64=0 inter32=0 inter16=0 inter8=0 intra32=0 intra16=0 intra8=0 intra4=0 reftype=0
  snapshot f213: 3 venc_ko blocks (pool0 0x73801000 len 0x10000)
src frame 214: srcf=18 off=860 br=16000
frame 214: send=0x0 get=0x0 len=2818 coding=1 startqp=0 meanqp=0 picbytes=0 pskip=0 nalus=1 n1:2818
  cu: inter64=0 inter32=0 inter16=0 inter8=0 intra32=0 intra16=0 intra8=0 intra4=0 reftype=0
  snapshot f214: 3 venc_ko blocks (pool0 0x73801000 len 0x10000)
src frame 215: srcf=17 off=864 br=16000
frame 215: send=0x0 get=0x0 len=2517 coding=1 startqp=0 meanqp=0 picbytes=0 pskip=0 nalus=1 n1:2517
  cu: inter64=0 inter32=0 inter16=0 inter8=0 intra32=0 intra16=0 intra8=0 intra4=0 reftype=0
  snapshot f215: 3 venc_ko blocks (pool0 0x73801000 len 0x10000)
src frame 216: srcf=16 off=868 br=16000
frame 216: send=0x0 get=0x0 len=1660 coding=1 startqp=0 meanqp=0 picbytes=0 pskip=0 nalus=1 n1:1660
  cu: inter64=0 inter32=0 inter16=0 inter8=0 intra32=0 intra16=0 intra8=0 intra4=0 reftype=0
  snapshot f216: 3 venc_ko blocks (pool0 0x73801000 len 0x10000)
src frame 217: srcf=15 off=872 br=16000
frame 217: send=0x0 get=0x0 len=1659 coding=1 startqp=0 meanqp=0 picbytes=0 pskip=0 nalus=1 n1:1659
  cu: inter64=0 inter32=0 inter16=0 inter8=0 intra32=0 intra16=0 intra8=0 intra4=0 reftype=0
  snapshot f217: 3 venc_ko blocks (pool0 0x73801000 len 0x10000)
src frame 218: srcf=14 off=876 br=16000
frame 218: send=0x0 get=0x0 len=1475 coding=1 startqp=0 meanqp=0 picbytes=0 pskip=0 nalus=1 n1:1475
  cu: inter64=0 inter32=0 inter16=0 inter8=0 intra32=0 intra16=0 intra8=0 intra4=0 reftype=0
  snapshot f218: 3 venc_ko blocks (pool0 0x73801000 len 0x10000)
src frame 219: srcf=13 off=880 br=16000
frame 219: send=0x0 get=0x0 len=1330 coding=1 startqp=0 meanqp=0 picbytes=0 pskip=0 nalus=1 n1:1330
  cu: inter64=0 inter32=0 inter16=0 inter8=0 intra32=0 intra16=0 intra8=0 intra4=0 reftype=0
  snapshot f219: 3 venc_ko blocks (pool0 0x73801000 len 0x10000)
src frame 220: srcf=12 off=884 br=16000
frame 220: send=0x0 get=0x0 len=1281 coding=1 startqp=0 meanqp=0 picbytes=0 pskip=0 nalus=1 n1:1281
  cu: inter64=0 inter32=0 inter16=0 inter8=0 intra32=0 intra16=0 intra8=0 intra4=0 reftype=0
  snapshot f220: 3 venc_ko blocks (pool0 0x73801000 len 0x10000)
src frame 221: srcf=11 off=888 br=16000
frame 221: send=0x0 get=0x0 len=1568 coding=1 startqp=0 meanqp=0 picbytes=0 pskip=0 nalus=1 n1:1568
  cu: inter64=0 inter32=0 inter16=0 inter8=0 intra32=0 intra16=0 intra8=0 intra4=0 reftype=0
  snapshot f221: 3 venc_ko blocks (pool0 0x73801000 len 0x10000)
src frame 222: srcf=10 off=892 br=16000
frame 222: send=0x0 get=0x0 len=1959 coding=1 startqp=0 meanqp=0 picbytes=0 pskip=0 nalus=1 n1:1959
  cu: inter64=0 inter32=0 inter16=0 inter8=0 intra32=0 intra16=0 intra8=0 intra4=0 reftype=0
  snapshot f222: 3 venc_ko blocks (pool0 0x73801000 len 0x10000)
src frame 223: srcf=9 off=896 br=16000
frame 223: send=0x0 get=0x0 len=1864 coding=1 startqp=0 meanqp=0 picbytes=0 pskip=0 nalus=1 n1:1864
  cu: inter64=0 inter32=0 inter16=0 inter8=0 intra32=0 intra16=0 intra8=0 intra4=0 reftype=0
  snapshot f223: 3 venc_ko blocks (pool0 0x73801000 len 0x10000)
src frame 224: srcf=8 off=900 br=16000
frame 224: send=0x0 get=0x0 len=1864 coding=1 startqp=0 meanqp=0 picbytes=0 pskip=0 nalus=1 n1:1864
  cu: inter64=0 inter32=0 inter16=0 inter8=0 intra32=0 intra16=0 intra8=0 intra4=0 reftype=0
  snapshot f224: 3 venc_ko blocks (pool0 0x73801000 len 0x10000)
src frame 225: srcf=7 off=904 br=16000
frame 225: send=0x0 get=0x0 len=1172 coding=1 startqp=0 meanqp=0 picbytes=0 pskip=0 nalus=1 n1:1172
  cu: inter64=0 inter32=0 inter16=0 inter8=0 intra32=0 intra16=0 intra8=0 intra4=0 reftype=0
  snapshot f225: 3 venc_ko blocks (pool0 0x73801000 len 0x10000)
src frame 226: srcf=6 off=908 br=16000
frame 226: send=0x0 get=0x0 len=1188 coding=1 startqp=0 meanqp=0 picbytes=0 pskip=0 nalus=1 n1:1188
  cu: inter64=0 inter32=0 inter16=0 inter8=0 intra32=0 intra16=0 intra8=0 intra4=0 reftype=0
  snapshot f226: 3 venc_ko blocks (pool0 0x73801000 len 0x10000)
src frame 227: srcf=5 off=912 br=16000
frame 227: send=0x0 get=0x0 len=1223 coding=1 startqp=0 meanqp=0 picbytes=0 pskip=0 nalus=1 n1:1223
  cu: inter64=0 inter32=0 inter16=0 inter8=0 intra32=0 intra16=0 intra8=0 intra4=0 reftype=0
  snapshot f227: 3 venc_ko blocks (pool0 0x73801000 len 0x10000)
src frame 228: srcf=4 off=916 br=16000
frame 228: send=0x0 get=0x0 len=1019 coding=1 startqp=0 meanqp=0 picbytes=0 pskip=0 nalus=1 n1:1019
  cu: inter64=0 inter32=0 inter16=0 inter8=0 intra32=0 intra16=0 intra8=0 intra4=0 reftype=0
  snapshot f228: 3 venc_ko blocks (pool0 0x73801000 len 0x10000)
src frame 229: srcf=3 off=920 br=16000
frame 229: send=0x0 get=0x0 len=1130 coding=1 startqp=0 meanqp=0 picbytes=0 pskip=0 nalus=1 n1:1130
  cu: inter64=0 inter32=0 inter16=0 inter8=0 intra32=0 intra16=0 intra8=0 intra4=0 reftype=0
  snapshot f229: 3 venc_ko blocks (pool0 0x73801000 len 0x10000)
src frame 230: srcf=2 off=924 br=16000
frame 230: send=0x0 get=0x0 len=1159 coding=1 startqp=0 meanqp=0 picbytes=0 pskip=0 nalus=1 n1:1159
  cu: inter64=0 inter32=0 inter16=0 inter8=0 intra32=0 intra16=0 intra8=0 intra4=0 reftype=0
  snapshot f230: 3 venc_ko blocks (pool0 0x73801000 len 0x10000)
src frame 231: srcf=1 off=928 br=16000
frame 231: send=0x0 get=0x0 len=1575 coding=1 startqp=0 meanqp=0 picbytes=0 pskip=0 nalus=1 n1:1575
  cu: inter64=0 inter32=0 inter16=0 inter8=0 intra32=0 intra16=0 intra8=0 intra4=0 reftype=0
  snapshot f231: 3 venc_ko blocks (pool0 0x73801000 len 0x10000)
src frame 232: srcf=0 off=932 br=16000
frame 232: send=0x0 get=0x0 len=1358 coding=1 startqp=0 meanqp=0 picbytes=0 pskip=0 nalus=1 n1:1358
  cu: inter64=0 inter32=0 inter16=0 inter8=0 intra32=0 intra16=0 intra8=0 intra4=0 reftype=0
  snapshot f232: 3 venc_ko blocks (pool0 0x73801000 len 0x10000)
src frame 233: srcf=1 off=936 br=16000
frame 233: send=0x0 get=0x0 len=1472 coding=1 startqp=0 meanqp=0 picbytes=0 pskip=0 nalus=1 n1:1472
  cu: inter64=0 inter32=0 inter16=0 inter8=0 intra32=0 intra16=0 intra8=0 intra4=0 reftype=0
  snapshot f233: 3 venc_ko blocks (pool0 0x73801000 len 0x10000)
src frame 234: srcf=2 off=940 br=16000
frame 234: send=0x0 get=0x0 len=1085 coding=1 startqp=0 meanqp=0 picbytes=0 pskip=0 nalus=1 n1:1085
  cu: inter64=0 inter32=0 inter16=0 inter8=0 intra32=0 intra16=0 intra8=0 intra4=0 reftype=0
  snapshot f234: 3 venc_ko blocks (pool0 0x73801000 len 0x10000)
src frame 235: srcf=3 off=944 br=16000
frame 235: send=0x0 get=0x0 len=1076 coding=1 startqp=0 meanqp=0 picbytes=0 pskip=0 nalus=1 n1:1076
  cu: inter64=0 inter32=0 inter16=0 inter8=0 intra32=0 intra16=0 intra8=0 intra4=0 reftype=0
  snapshot f235: 3 venc_ko blocks (pool0 0x73801000 len 0x10000)
src frame 236: srcf=4 off=948 br=16000
frame 236: send=0x0 get=0x0 len=884 coding=1 startqp=0 meanqp=0 picbytes=0 pskip=0 nalus=1 n1:884
  cu: inter64=0 inter32=0 inter16=0 inter8=0 intra32=0 intra16=0 intra8=0 intra4=0 reftype=0
  snapshot f236: 3 venc_ko blocks (pool0 0x73801000 len 0x10000)
src frame 237: srcf=5 off=952 br=16000
frame 237: send=0x0 get=0x0 len=977 coding=1 startqp=0 meanqp=0 picbytes=0 pskip=0 nalus=1 n1:977
  cu: inter64=0 inter32=0 inter16=0 inter8=0 intra32=0 intra16=0 intra8=0 intra4=0 reftype=0
  snapshot f237: 3 venc_ko blocks (pool0 0x73801000 len 0x10000)
src frame 238: srcf=6 off=956 br=16000
frame 238: send=0x0 get=0x0 len=933 coding=1 startqp=0 meanqp=0 picbytes=0 pskip=0 nalus=1 n1:933
  cu: inter64=0 inter32=0 inter16=0 inter8=0 intra32=0 intra16=0 intra8=0 intra4=0 reftype=0
  snapshot f238: 3 venc_ko blocks (pool0 0x73801000 len 0x10000)
src frame 239: srcf=7 off=960 br=16000
frame 239: send=0x0 get=0x0 len=1180 coding=1 startqp=0 meanqp=0 picbytes=0 pskip=0 nalus=1 n1:1180
  cu: inter64=0 inter32=0 inter16=0 inter8=0 intra32=0 intra16=0 intra8=0 intra4=0 reftype=0
  snapshot f239: 3 venc_ko blocks (pool0 0x73801000 len 0x10000)
---- /proc/ax_proc/venc ----
-------- VENC VERSION ------------------------
[Axera version]: ax_venc V3.0.0_20250319114413 Mar 19 2025 11:58:34 JK

-------- MODULE PARAM ------------------------
MaxChnNum   MaxRoiNum   MaxProcNum  
16          8           16          

-------- VENC CHN ATTR 1 ------------------------
ID    Type    wSrc    hSrc    Strd0   Strd1   maxW    maxH    PixFmt  link  InFifoDep    OutFifoDep   InDbgFifoLen InDbgFifoDep StrmBufSize(KB)
7     h265    1920    1080    3840    0       1920    1080    YUYV422 N     2            2            0            4            4114      
-------- VENC CHN ATTR 2 ------------------------
ID    [CropEn StartX  StartY  CropW   CropH]  Rotation  EncW    EncH    FrmSize      PTS          SeqNum       CompMode     CompLevel    PhyAddr0     PhyAddr1     PhyAddr2     
7     N       0       0       0       0       0         1920    1080    4147200      3283333      198          NONE         0            742cb000     0            0            
-------- VENC RC ATTR 1 ------------------------
ID    RcMode    SrcFr   DstFr   Br(kbps)  MinQp   MaxQp   MinIQp  MaxIQp  IQpDelta  IpropMax   IpropMin   StartQp    QpDltRng   DeBrQpDlt  SvcEn   ChgPos  StillPercent MaxStillQp 
7     CBR       60.00   60.00   16000     10      51      10      51      0         40         10         -1         2          0          False   -       -            -          
-------- VENC RC ATTR 2  -----------------------
ID    QMapQpType  QMapUnit    QMapBlkType IQp   PQp   MinQpDelta MaxQpDelta MaxBitRate shtStaTime ltStaTime  ltMinBr  ltMaxBr  Br_ST(kbps)    Br_LT(kbps)    
7     N/A         64x64       N/A         -     -     -          -          -          -          -          -        -        -              -              
-------- VENC GOP ATTR  ------------------------
ID    GopMode   Gop   GopVI 
7     NormalP   30    0     
-------- VENC STATUS 1 -------------------------
ID    RJEn         RJThr(bps)   RJMode       RJEncGaps    SupFrmEn     SupPri       SupThrI      SupThrP      SplitEn      SliceNum     Range(In)    Range(out)   
7     N            0            Normal       0            N            0            500000       500000       N            0            Full         Full         
-------- VENC STATUS 2 -------------------------
ID    ChnStat   FrmRecv   FrmRls    FrmEnc    FrmDrop   FrmDup    EncFail   MissMatch StrmGet   StrmRls   OutFps    RealBr    ReEncCnt  DropCnt   BlkFail   GrpID     PID     TID     ThNum   RefInc    RefDec    Fail1   Fail2   Fail3   Fail4   
7     STARTED   198       197       197       0         0         0         0         197       197       50.00     1815.01   0         0         0         -1        129898  129902  1       198       197       0       0       0       0       
-------- VENC HW STATUS  ------------------------
ID    OverFlow     TimeOut      
7     0            0            
-------- VENC ROI INFO  ------------------------
ID    Index        bEnable      bAbsQp       RoiQP        Width        Height       StartX       StartY       
done h265_cbr16000
rc=0
== h265_cbr16000: codec=h265 rc=cbr br=16000 fps=60 gop=30 frames=240 total=995597 B achieved=1991 kbps
I frames (frame:qp/bytes): 0:32/29084 30:30/32530 60:28/36440 90:26/40064 120:24/44041 150:22/48673 180:20/52922 210:18/57490
first P after each I (frame:qp): 1:35 31:33 61:31 91:29 121:27 151:25 181:23 211:21
per-GOP: gop#: kbps I_qp P_qp[min..max] P_qp_last
  0: 1990 kbps I=[32] P=[21..35] last=21 n=30
  1: 2082 kbps I=[30] P=[19..33] last=19 n=30
  2: 2063 kbps I=[28] P=[17..31] last=17 n=30
  3: 2083 kbps I=[26] P=[15..29] last=15 n=30
  4: 2049 kbps I=[24] P=[13..27] last=13 n=30
  5: 1954 kbps I=[22] P=[15..25] last=15 n=30
  6: 1881 kbps I=[20] P=[10..23] last=10 n=30
  7: 1827 kbps I=[18] P=[13..21] last=13 n=30
P->P QP step histogram: -2:1 -1:99 +0:124
I->firstP QP delta: +3 +3 +3 +3 +3 +3 +3 +3
sw7 frame-QP == slice QP: 240/240 frames with a program agree; mismatches at []
slot flags: {'': 240}
sw105-107 distinct (I): [('0x35b600', '0x35b600', '0x35b600'), ('0x46c3f1', '0x46c3f1', '0x46c3f1'), ('0x4dd789', '0x4dd789', '0x4dd789')]
sw172/173 distinct: [('0x14f', '0x662'), ('0x14f', '0x66a')]
sw6 distinct (I / P): ['0x20000b'] ['0x200003']
