=== h264_static2000: codec=h264 rc=cbr br=2000 nframes=240 src=/root/rc65/clips/static.yuyv motion=none
# vdrive tag=h264_static2000 codec=h264 1920x1080 rc=cbr br=2000 fps=60/60 gop=30 gopmode=normalp ltrint=0 ltrqpo=0 iqp=32 pqp=32 profile=10 level=51 tier=0 qp[10..51] iqp[10..51] iqd=0 firstqp=-1 iprop[10..40] idrrange=2 stattime=1 vq=0 ir=0/0 slice=0 debreath=0 scd=-1 rowqpd=-1 vui=-1 move=0 nframes=240
src=/root/rc65/clips/static.yuyv frames=30 loop=pingpong motion=none mstep=4 window=0..-1
AX_SYS_Init rc=0x0
AX_VENC_Init rc=0x0
AX_VENC_CreateChn(7) rc=0x0
StartRecvFrame rc=0x0
AX_POOL_CreatePool id=0x0
blk=0x5e000000 phys=0x742d1000 virt=0xffff8c1f5000
frame: modid=0x11 stride=1920 fmt=0xd
  snapshot pre: 3 venc_ko blocks (pool0 0x73801000 len 0x10000)
src frame 0: srcf=0 off=0 br=2000
frame 0: send=0x0 get=0x0 len=22260 coding=0 startqp=0 meanqp=0 picbytes=0 pskip=0 nalus=3 n7:32 n8:9 n5:22219
  snapshot f000: 3 venc_ko blocks (pool0 0x73801000 len 0x10000)
src frame 1: srcf=1 off=0 br=2000
frame 1: send=0x0 get=0x0 len=3212 coding=1 startqp=0 meanqp=0 picbytes=0 pskip=0 nalus=1 n1:3212
  snapshot f001: 3 venc_ko blocks (pool0 0x73801000 len 0x10000)
src frame 2: srcf=2 off=0 br=2000
frame 2: send=0x0 get=0x0 len=3102 coding=1 startqp=0 meanqp=0 picbytes=0 pskip=0 nalus=1 n1:3102
  snapshot f002: 3 venc_ko blocks (pool0 0x73801000 len 0x10000)
src frame 3: srcf=3 off=0 br=2000
frame 3: send=0x0 get=0x0 len=3180 coding=1 startqp=0 meanqp=0 picbytes=0 pskip=0 nalus=1 n1:3180
  snapshot f003: 3 venc_ko blocks (pool0 0x73801000 len 0x10000)
src frame 4: srcf=4 off=0 br=2000
frame 4: send=0x0 get=0x0 len=2727 coding=1 startqp=0 meanqp=0 picbytes=0 pskip=0 nalus=1 n1:2727
  snapshot f004: 3 venc_ko blocks (pool0 0x73801000 len 0x10000)
src frame 5: srcf=5 off=0 br=2000
frame 5: send=0x0 get=0x0 len=3174 coding=1 startqp=0 meanqp=0 picbytes=0 pskip=0 nalus=1 n1:3174
  snapshot f005: 3 venc_ko blocks (pool0 0x73801000 len 0x10000)
src frame 6: srcf=6 off=0 br=2000
frame 6: send=0x0 get=0x0 len=3205 coding=1 startqp=0 meanqp=0 picbytes=0 pskip=0 nalus=1 n1:3205
  snapshot f006: 3 venc_ko blocks (pool0 0x73801000 len 0x10000)
src frame 7: srcf=7 off=0 br=2000
frame 7: send=0x0 get=0x0 len=3179 coding=1 startqp=0 meanqp=0 picbytes=0 pskip=0 nalus=1 n1:3179
  snapshot f007: 3 venc_ko blocks (pool0 0x73801000 len 0x10000)
src frame 8: srcf=8 off=0 br=2000
frame 8: send=0x0 get=0x0 len=2980 coding=1 startqp=0 meanqp=0 picbytes=0 pskip=0 nalus=1 n1:2980
  snapshot f008: 3 venc_ko blocks (pool0 0x73801000 len 0x10000)
src frame 9: srcf=9 off=0 br=2000
frame 9: send=0x0 get=0x0 len=3235 coding=1 startqp=0 meanqp=0 picbytes=0 pskip=0 nalus=1 n1:3235
  snapshot f009: 3 venc_ko blocks (pool0 0x73801000 len 0x10000)
src frame 10: srcf=10 off=0 br=2000
frame 10: send=0x0 get=0x0 len=2968 coding=1 startqp=0 meanqp=0 picbytes=0 pskip=0 nalus=1 n1:2968
  snapshot f010: 3 venc_ko blocks (pool0 0x73801000 len 0x10000)
src frame 11: srcf=11 off=0 br=2000
frame 11: send=0x0 get=0x0 len=3191 coding=1 startqp=0 meanqp=0 picbytes=0 pskip=0 nalus=1 n1:3191
  snapshot f011: 3 venc_ko blocks (pool0 0x73801000 len 0x10000)
src frame 12: srcf=12 off=0 br=2000
frame 12: send=0x0 get=0x0 len=3187 coding=1 startqp=0 meanqp=0 picbytes=0 pskip=0 nalus=1 n1:3187
  snapshot f012: 3 venc_ko blocks (pool0 0x73801000 len 0x10000)
src frame 13: srcf=13 off=0 br=2000
frame 13: send=0x0 get=0x0 len=2961 coding=1 startqp=0 meanqp=0 picbytes=0 pskip=0 nalus=1 n1:2961
  snapshot f013: 3 venc_ko blocks (pool0 0x73801000 len 0x10000)
src frame 14: srcf=14 off=0 br=2000
frame 14: send=0x0 get=0x0 len=3164 coding=1 startqp=0 meanqp=0 picbytes=0 pskip=0 nalus=1 n1:3164
  snapshot f014: 3 venc_ko blocks (pool0 0x73801000 len 0x10000)
src frame 15: srcf=15 off=0 br=2000
frame 15: send=0x0 get=0x0 len=3189 coding=1 startqp=0 meanqp=0 picbytes=0 pskip=0 nalus=1 n1:3189
  snapshot f015: 3 venc_ko blocks (pool0 0x73801000 len 0x10000)
src frame 16: srcf=16 off=0 br=2000
frame 16: send=0x0 get=0x0 len=3233 coding=1 startqp=0 meanqp=0 picbytes=0 pskip=0 nalus=1 n1:3233
  snapshot f016: 3 venc_ko blocks (pool0 0x73801000 len 0x10000)
src frame 17: srcf=17 off=0 br=2000
frame 17: send=0x0 get=0x0 len=2826 coding=1 startqp=0 meanqp=0 picbytes=0 pskip=0 nalus=1 n1:2826
  snapshot f017: 3 venc_ko blocks (pool0 0x73801000 len 0x10000)
src frame 18: srcf=18 off=0 br=2000
frame 18: send=0x0 get=0x0 len=3550 coding=1 startqp=0 meanqp=0 picbytes=0 pskip=0 nalus=1 n1:3550
  snapshot f018: 3 venc_ko blocks (pool0 0x73801000 len 0x10000)
src frame 19: srcf=19 off=0 br=2000
frame 19: send=0x0 get=0x0 len=3132 coding=1 startqp=0 meanqp=0 picbytes=0 pskip=0 nalus=1 n1:3132
  snapshot f019: 3 venc_ko blocks (pool0 0x73801000 len 0x10000)
src frame 20: srcf=20 off=0 br=2000
frame 20: send=0x0 get=0x0 len=3154 coding=1 startqp=0 meanqp=0 picbytes=0 pskip=0 nalus=1 n1:3154
  snapshot f020: 3 venc_ko blocks (pool0 0x73801000 len 0x10000)
src frame 21: srcf=21 off=0 br=2000
frame 21: send=0x0 get=0x0 len=2688 coding=1 startqp=0 meanqp=0 picbytes=0 pskip=0 nalus=1 n1:2688
  snapshot f021: 3 venc_ko blocks (pool0 0x73801000 len 0x10000)
src frame 22: srcf=22 off=0 br=2000
frame 22: send=0x0 get=0x0 len=3256 coding=1 startqp=0 meanqp=0 picbytes=0 pskip=0 nalus=1 n1:3256
  snapshot f022: 3 venc_ko blocks (pool0 0x73801000 len 0x10000)
src frame 23: srcf=23 off=0 br=2000
frame 23: send=0x0 get=0x0 len=3108 coding=1 startqp=0 meanqp=0 picbytes=0 pskip=0 nalus=1 n1:3108
  snapshot f023: 3 venc_ko blocks (pool0 0x73801000 len 0x10000)
src frame 24: srcf=24 off=0 br=2000
frame 24: send=0x0 get=0x0 len=3213 coding=1 startqp=0 meanqp=0 picbytes=0 pskip=0 nalus=1 n1:3213
  snapshot f024: 3 venc_ko blocks (pool0 0x73801000 len 0x10000)
src frame 25: srcf=25 off=0 br=2000
frame 25: send=0x0 get=0x0 len=3296 coding=1 startqp=0 meanqp=0 picbytes=0 pskip=0 nalus=1 n1:3296
  snapshot f025: 3 venc_ko blocks (pool0 0x73801000 len 0x10000)
src frame 26: srcf=26 off=0 br=2000
frame 26: send=0x0 get=0x0 len=3121 coding=1 startqp=0 meanqp=0 picbytes=0 pskip=0 nalus=1 n1:3121
  snapshot f026: 3 venc_ko blocks (pool0 0x73801000 len 0x10000)
src frame 27: srcf=27 off=0 br=2000
frame 27: send=0x0 get=0x0 len=3214 coding=1 startqp=0 meanqp=0 picbytes=0 pskip=0 nalus=1 n1:3214
  snapshot f027: 3 venc_ko blocks (pool0 0x73801000 len 0x10000)
src frame 28: srcf=28 off=0 br=2000
frame 28: send=0x0 get=0x0 len=3277 coding=1 startqp=0 meanqp=0 picbytes=0 pskip=0 nalus=1 n1:3277
  snapshot f028: 3 venc_ko blocks (pool0 0x73801000 len 0x10000)
src frame 29: srcf=29 off=0 br=2000
frame 29: send=0x0 get=0x0 len=3204 coding=1 startqp=0 meanqp=0 picbytes=0 pskip=0 nalus=1 n1:3204
  snapshot f029: 3 venc_ko blocks (pool0 0x73801000 len 0x10000)
src frame 30: srcf=28 off=0 br=2000
frame 30: send=0x0 get=0x0 len=25740 coding=0 startqp=0 meanqp=0 picbytes=0 pskip=0 nalus=3 n7:32 n8:9 n5:25699
  snapshot f030: 3 venc_ko blocks (pool0 0x73801000 len 0x10000)
src frame 31: srcf=27 off=0 br=2000
frame 31: send=0x0 get=0x0 len=3788 coding=1 startqp=0 meanqp=0 picbytes=0 pskip=0 nalus=1 n1:3788
  snapshot f031: 3 venc_ko blocks (pool0 0x73801000 len 0x10000)
src frame 32: srcf=26 off=0 br=2000
frame 32: send=0x0 get=0x0 len=3826 coding=1 startqp=0 meanqp=0 picbytes=0 pskip=0 nalus=1 n1:3826
  snapshot f032: 3 venc_ko blocks (pool0 0x73801000 len 0x10000)
src frame 33: srcf=25 off=0 br=2000
frame 33: send=0x0 get=0x0 len=3146 coding=1 startqp=0 meanqp=0 picbytes=0 pskip=0 nalus=1 n1:3146
  snapshot f033: 3 venc_ko blocks (pool0 0x73801000 len 0x10000)
src frame 34: srcf=24 off=0 br=2000
frame 34: send=0x0 get=0x0 len=3735 coding=1 startqp=0 meanqp=0 picbytes=0 pskip=0 nalus=1 n1:3735
  snapshot f034: 3 venc_ko blocks (pool0 0x73801000 len 0x10000)
src frame 35: srcf=23 off=0 br=2000
frame 35: send=0x0 get=0x0 len=3818 coding=1 startqp=0 meanqp=0 picbytes=0 pskip=0 nalus=1 n1:3818
  snapshot f035: 3 venc_ko blocks (pool0 0x73801000 len 0x10000)
src frame 36: srcf=22 off=0 br=2000
frame 36: send=0x0 get=0x0 len=3621 coding=1 startqp=0 meanqp=0 picbytes=0 pskip=0 nalus=1 n1:3621
  snapshot f036: 3 venc_ko blocks (pool0 0x73801000 len 0x10000)
src frame 37: srcf=21 off=0 br=2000
frame 37: send=0x0 get=0x0 len=3818 coding=1 startqp=0 meanqp=0 picbytes=0 pskip=0 nalus=1 n1:3818
  snapshot f037: 3 venc_ko blocks (pool0 0x73801000 len 0x10000)
src frame 38: srcf=20 off=0 br=2000
frame 38: send=0x0 get=0x0 len=3545 coding=1 startqp=0 meanqp=0 picbytes=0 pskip=0 nalus=1 n1:3545
  snapshot f038: 3 venc_ko blocks (pool0 0x73801000 len 0x10000)
src frame 39: srcf=19 off=0 br=2000
frame 39: send=0x0 get=0x0 len=3717 coding=1 startqp=0 meanqp=0 picbytes=0 pskip=0 nalus=1 n1:3717
  snapshot f039: 3 venc_ko blocks (pool0 0x73801000 len 0x10000)
src frame 40: srcf=18 off=0 br=2000
frame 40: send=0x0 get=0x0 len=3748 coding=1 startqp=0 meanqp=0 picbytes=0 pskip=0 nalus=1 n1:3748
  snapshot f040: 3 venc_ko blocks (pool0 0x73801000 len 0x10000)
src frame 41: srcf=17 off=0 br=2000
frame 41: send=0x0 get=0x0 len=3368 coding=1 startqp=0 meanqp=0 picbytes=0 pskip=0 nalus=1 n1:3368
  snapshot f041: 3 venc_ko blocks (pool0 0x73801000 len 0x10000)
src frame 42: srcf=16 off=0 br=2000
frame 42: send=0x0 get=0x0 len=4051 coding=1 startqp=0 meanqp=0 picbytes=0 pskip=0 nalus=1 n1:4051
  snapshot f042: 3 venc_ko blocks (pool0 0x73801000 len 0x10000)
src frame 43: srcf=15 off=0 br=2000
frame 43: send=0x0 get=0x0 len=3914 coding=1 startqp=0 meanqp=0 picbytes=0 pskip=0 nalus=1 n1:3914
  snapshot f043: 3 venc_ko blocks (pool0 0x73801000 len 0x10000)
src frame 44: srcf=14 off=0 br=2000
frame 44: send=0x0 get=0x0 len=3771 coding=1 startqp=0 meanqp=0 picbytes=0 pskip=0 nalus=1 n1:3771
  snapshot f044: 3 venc_ko blocks (pool0 0x73801000 len 0x10000)
src frame 45: srcf=13 off=0 br=2000
frame 45: send=0x0 get=0x0 len=3400 coding=1 startqp=0 meanqp=0 picbytes=0 pskip=0 nalus=1 n1:3400
  snapshot f045: 3 venc_ko blocks (pool0 0x73801000 len 0x10000)
src frame 46: srcf=12 off=0 br=2000
frame 46: send=0x0 get=0x0 len=3967 coding=1 startqp=0 meanqp=0 picbytes=0 pskip=0 nalus=1 n1:3967
  snapshot f046: 3 venc_ko blocks (pool0 0x73801000 len 0x10000)
src frame 47: srcf=11 off=0 br=2000
frame 47: send=0x0 get=0x0 len=3542 coding=1 startqp=0 meanqp=0 picbytes=0 pskip=0 nalus=1 n1:3542
  snapshot f047: 3 venc_ko blocks (pool0 0x73801000 len 0x10000)
src frame 48: srcf=10 off=0 br=2000
frame 48: send=0x0 get=0x0 len=3869 coding=1 startqp=0 meanqp=0 picbytes=0 pskip=0 nalus=1 n1:3869
  snapshot f048: 3 venc_ko blocks (pool0 0x73801000 len 0x10000)
src frame 49: srcf=9 off=0 br=2000
frame 49: send=0x0 get=0x0 len=3987 coding=1 startqp=0 meanqp=0 picbytes=0 pskip=0 nalus=1 n1:3987
  snapshot f049: 3 venc_ko blocks (pool0 0x73801000 len 0x10000)
src frame 50: srcf=8 off=0 br=2000
frame 50: send=0x0 get=0x0 len=3440 coding=1 startqp=0 meanqp=0 picbytes=0 pskip=0 nalus=1 n1:3440
  snapshot f050: 3 venc_ko blocks (pool0 0x73801000 len 0x10000)
src frame 51: srcf=7 off=0 br=2000
frame 51: send=0x0 get=0x0 len=3917 coding=1 startqp=0 meanqp=0 picbytes=0 pskip=0 nalus=1 n1:3917
  snapshot f051: 3 venc_ko blocks (pool0 0x73801000 len 0x10000)
src frame 52: srcf=6 off=0 br=2000
frame 52: send=0x0 get=0x0 len=4031 coding=1 startqp=0 meanqp=0 picbytes=0 pskip=0 nalus=1 n1:4031
  snapshot f052: 3 venc_ko blocks (pool0 0x73801000 len 0x10000)
src frame 53: srcf=5 off=0 br=2000
frame 53: send=0x0 get=0x0 len=3415 coding=1 startqp=0 meanqp=0 picbytes=0 pskip=0 nalus=1 n1:3415
  snapshot f053: 3 venc_ko blocks (pool0 0x73801000 len 0x10000)
src frame 54: srcf=4 off=0 br=2000
frame 54: send=0x0 get=0x0 len=4142 coding=1 startqp=0 meanqp=0 picbytes=0 pskip=0 nalus=1 n1:4142
  snapshot f054: 3 venc_ko blocks (pool0 0x73801000 len 0x10000)
src frame 55: srcf=3 off=0 br=2000
frame 55: send=0x0 get=0x0 len=4037 coding=1 startqp=0 meanqp=0 picbytes=0 pskip=0 nalus=1 n1:4037
  snapshot f055: 3 venc_ko blocks (pool0 0x73801000 len 0x10000)
src frame 56: srcf=2 off=0 br=2000
frame 56: send=0x0 get=0x0 len=4253 coding=1 startqp=0 meanqp=0 picbytes=0 pskip=0 nalus=1 n1:4253
  snapshot f056: 3 venc_ko blocks (pool0 0x73801000 len 0x10000)
src frame 57: srcf=1 off=0 br=2000
frame 57: send=0x0 get=0x0 len=4165 coding=1 startqp=0 meanqp=0 picbytes=0 pskip=0 nalus=1 n1:4165
  snapshot f057: 3 venc_ko blocks (pool0 0x73801000 len 0x10000)
src frame 58: srcf=0 off=0 br=2000
frame 58: send=0x0 get=0x0 len=4459 coding=1 startqp=0 meanqp=0 picbytes=0 pskip=0 nalus=1 n1:4459
  snapshot f058: 3 venc_ko blocks (pool0 0x73801000 len 0x10000)
src frame 59: srcf=1 off=0 br=2000
frame 59: send=0x0 get=0x0 len=4300 coding=1 startqp=0 meanqp=0 picbytes=0 pskip=0 nalus=1 n1:4300
  snapshot f059: 3 venc_ko blocks (pool0 0x73801000 len 0x10000)
src frame 60: srcf=2 off=0 br=2000
frame 60: send=0x0 get=0x0 len=29020 coding=0 startqp=0 meanqp=0 picbytes=0 pskip=0 nalus=3 n7:32 n8:9 n5:28979
  snapshot f060: 3 venc_ko blocks (pool0 0x73801000 len 0x10000)
src frame 61: srcf=3 off=0 br=2000
frame 61: send=0x0 get=0x0 len=2842 coding=1 startqp=0 meanqp=0 picbytes=0 pskip=0 nalus=1 n1:2842
  snapshot f061: 3 venc_ko blocks (pool0 0x73801000 len 0x10000)
src frame 62: srcf=4 off=0 br=2000
frame 62: send=0x0 get=0x0 len=3420 coding=1 startqp=0 meanqp=0 picbytes=0 pskip=0 nalus=1 n1:3420
  snapshot f062: 3 venc_ko blocks (pool0 0x73801000 len 0x10000)
src frame 63: srcf=5 off=0 br=2000
frame 63: send=0x0 get=0x0 len=3272 coding=1 startqp=0 meanqp=0 picbytes=0 pskip=0 nalus=1 n1:3272
  snapshot f063: 3 venc_ko blocks (pool0 0x73801000 len 0x10000)
src frame 64: srcf=6 off=0 br=2000
frame 64: send=0x0 get=0x0 len=2980 coding=1 startqp=0 meanqp=0 picbytes=0 pskip=0 nalus=1 n1:2980
  snapshot f064: 3 venc_ko blocks (pool0 0x73801000 len 0x10000)
src frame 65: srcf=7 off=0 br=2000
frame 65: send=0x0 get=0x0 len=3189 coding=1 startqp=0 meanqp=0 picbytes=0 pskip=0 nalus=1 n1:3189
  snapshot f065: 3 venc_ko blocks (pool0 0x73801000 len 0x10000)
src frame 66: srcf=8 off=0 br=2000
frame 66: send=0x0 get=0x0 len=3046 coding=1 startqp=0 meanqp=0 picbytes=0 pskip=0 nalus=1 n1:3046
  snapshot f066: 3 venc_ko blocks (pool0 0x73801000 len 0x10000)
src frame 67: srcf=9 off=0 br=2000
frame 67: send=0x0 get=0x0 len=2995 coding=1 startqp=0 meanqp=0 picbytes=0 pskip=0 nalus=1 n1:2995
  snapshot f067: 3 venc_ko blocks (pool0 0x73801000 len 0x10000)
src frame 68: srcf=10 off=0 br=2000
frame 68: send=0x0 get=0x0 len=2893 coding=1 startqp=0 meanqp=0 picbytes=0 pskip=0 nalus=1 n1:2893
  snapshot f068: 3 venc_ko blocks (pool0 0x73801000 len 0x10000)
src frame 69: srcf=11 off=0 br=2000
frame 69: send=0x0 get=0x0 len=3047 coding=1 startqp=0 meanqp=0 picbytes=0 pskip=0 nalus=1 n1:3047
  snapshot f069: 3 venc_ko blocks (pool0 0x73801000 len 0x10000)
src frame 70: srcf=12 off=0 br=2000
frame 70: send=0x0 get=0x0 len=2387 coding=1 startqp=0 meanqp=0 picbytes=0 pskip=0 nalus=1 n1:2387
  snapshot f070: 3 venc_ko blocks (pool0 0x73801000 len 0x10000)
src frame 71: srcf=13 off=0 br=2000
frame 71: send=0x0 get=0x0 len=2936 coding=1 startqp=0 meanqp=0 picbytes=0 pskip=0 nalus=1 n1:2936
  snapshot f071: 3 venc_ko blocks (pool0 0x73801000 len 0x10000)
src frame 72: srcf=14 off=0 br=2000
frame 72: send=0x0 get=0x0 len=2834 coding=1 startqp=0 meanqp=0 picbytes=0 pskip=0 nalus=1 n1:2834
  snapshot f072: 3 venc_ko blocks (pool0 0x73801000 len 0x10000)
src frame 73: srcf=15 off=0 br=2000
frame 73: send=0x0 get=0x0 len=2756 coding=1 startqp=0 meanqp=0 picbytes=0 pskip=0 nalus=1 n1:2756
  snapshot f073: 3 venc_ko blocks (pool0 0x73801000 len 0x10000)
src frame 74: srcf=16 off=0 br=2000
frame 74: send=0x0 get=0x0 len=2407 coding=1 startqp=0 meanqp=0 picbytes=0 pskip=0 nalus=1 n1:2407
  snapshot f074: 3 venc_ko blocks (pool0 0x73801000 len 0x10000)
src frame 75: srcf=17 off=0 br=2000
frame 75: send=0x0 get=0x0 len=2779 coding=1 startqp=0 meanqp=0 picbytes=0 pskip=0 nalus=1 n1:2779
  snapshot f075: 3 venc_ko blocks (pool0 0x73801000 len 0x10000)
src frame 76: srcf=18 off=0 br=2000
frame 76: send=0x0 get=0x0 len=2800 coding=1 startqp=0 meanqp=0 picbytes=0 pskip=0 nalus=1 n1:2800
  snapshot f076: 3 venc_ko blocks (pool0 0x73801000 len 0x10000)
src frame 77: srcf=19 off=0 br=2000
frame 77: send=0x0 get=0x0 len=2778 coding=1 startqp=0 meanqp=0 picbytes=0 pskip=0 nalus=1 n1:2778
  snapshot f077: 3 venc_ko blocks (pool0 0x73801000 len 0x10000)
src frame 78: srcf=20 off=0 br=2000
frame 78: send=0x0 get=0x0 len=2529 coding=1 startqp=0 meanqp=0 picbytes=0 pskip=0 nalus=1 n1:2529
  snapshot f078: 3 venc_ko blocks (pool0 0x73801000 len 0x10000)
src frame 79: srcf=21 off=0 br=2000
frame 79: send=0x0 get=0x0 len=2859 coding=1 startqp=0 meanqp=0 picbytes=0 pskip=0 nalus=1 n1:2859
  snapshot f079: 3 venc_ko blocks (pool0 0x73801000 len 0x10000)
src frame 80: srcf=22 off=0 br=2000
frame 80: send=0x0 get=0x0 len=2850 coding=1 startqp=0 meanqp=0 picbytes=0 pskip=0 nalus=1 n1:2850
  snapshot f080: 3 venc_ko blocks (pool0 0x73801000 len 0x10000)
src frame 81: srcf=23 off=0 br=2000
frame 81: send=0x0 get=0x0 len=2813 coding=1 startqp=0 meanqp=0 picbytes=0 pskip=0 nalus=1 n1:2813
  snapshot f081: 3 venc_ko blocks (pool0 0x73801000 len 0x10000)
src frame 82: srcf=24 off=0 br=2000
frame 82: send=0x0 get=0x0 len=2486 coding=1 startqp=0 meanqp=0 picbytes=0 pskip=0 nalus=1 n1:2486
  snapshot f082: 3 venc_ko blocks (pool0 0x73801000 len 0x10000)
src frame 83: srcf=25 off=0 br=2000
frame 83: send=0x0 get=0x0 len=2795 coding=1 startqp=0 meanqp=0 picbytes=0 pskip=0 nalus=1 n1:2795
  snapshot f083: 3 venc_ko blocks (pool0 0x73801000 len 0x10000)
src frame 84: srcf=26 off=0 br=2000
frame 84: send=0x0 get=0x0 len=2841 coding=1 startqp=0 meanqp=0 picbytes=0 pskip=0 nalus=1 n1:2841
  snapshot f084: 3 venc_ko blocks (pool0 0x73801000 len 0x10000)
src frame 85: srcf=27 off=0 br=2000
frame 85: send=0x0 get=0x0 len=2794 coding=1 startqp=0 meanqp=0 picbytes=0 pskip=0 nalus=1 n1:2794
  snapshot f085: 3 venc_ko blocks (pool0 0x73801000 len 0x10000)
src frame 86: srcf=28 off=0 br=2000
frame 86: send=0x0 get=0x0 len=2861 coding=1 startqp=0 meanqp=0 picbytes=0 pskip=0 nalus=1 n1:2861
  snapshot f086: 3 venc_ko blocks (pool0 0x73801000 len 0x10000)
src frame 87: srcf=29 off=0 br=2000
frame 87: send=0x0 get=0x0 len=2505 coding=1 startqp=0 meanqp=0 picbytes=0 pskip=0 nalus=1 n1:2505
  snapshot f087: 3 venc_ko blocks (pool0 0x73801000 len 0x10000)
src frame 88: srcf=28 off=0 br=2000
frame 88: send=0x0 get=0x0 len=2866 coding=1 startqp=0 meanqp=0 picbytes=0 pskip=0 nalus=1 n1:2866
  snapshot f088: 3 venc_ko blocks (pool0 0x73801000 len 0x10000)
src frame 89: srcf=27 off=0 br=2000
frame 89: send=0x0 get=0x0 len=2839 coding=1 startqp=0 meanqp=0 picbytes=0 pskip=0 nalus=1 n1:2839
  snapshot f089: 3 venc_ko blocks (pool0 0x73801000 len 0x10000)
src frame 90: srcf=26 off=0 br=2000
frame 90: send=0x0 get=0x0 len=34367 coding=0 startqp=0 meanqp=0 picbytes=0 pskip=0 nalus=3 n7:32 n8:9 n5:34326
  snapshot f090: 3 venc_ko blocks (pool0 0x73801000 len 0x10000)
src frame 91: srcf=25 off=0 br=2000
frame 91: send=0x0 get=0x0 len=3665 coding=1 startqp=0 meanqp=0 picbytes=0 pskip=0 nalus=1 n1:3665
  snapshot f091: 3 venc_ko blocks (pool0 0x73801000 len 0x10000)
src frame 92: srcf=24 off=0 br=2000
frame 92: send=0x0 get=0x0 len=3703 coding=1 startqp=0 meanqp=0 picbytes=0 pskip=0 nalus=1 n1:3703
  snapshot f092: 3 venc_ko blocks (pool0 0x73801000 len 0x10000)
src frame 93: srcf=23 off=0 br=2000
frame 93: send=0x0 get=0x0 len=3613 coding=1 startqp=0 meanqp=0 picbytes=0 pskip=0 nalus=1 n1:3613
  snapshot f093: 3 venc_ko blocks (pool0 0x73801000 len 0x10000)
src frame 94: srcf=22 off=0 br=2000
frame 94: send=0x0 get=0x0 len=3026 coding=1 startqp=0 meanqp=0 picbytes=0 pskip=0 nalus=1 n1:3026
  snapshot f094: 3 venc_ko blocks (pool0 0x73801000 len 0x10000)
src frame 95: srcf=21 off=0 br=2000
frame 95: send=0x0 get=0x0 len=3608 coding=1 startqp=0 meanqp=0 picbytes=0 pskip=0 nalus=1 n1:3608
  snapshot f095: 3 venc_ko blocks (pool0 0x73801000 len 0x10000)
src frame 96: srcf=20 off=0 br=2000
frame 96: send=0x0 get=0x0 len=3415 coding=1 startqp=0 meanqp=0 picbytes=0 pskip=0 nalus=1 n1:3415
  snapshot f096: 3 venc_ko blocks (pool0 0x73801000 len 0x10000)
src frame 97: srcf=19 off=0 br=2000
frame 97: send=0x0 get=0x0 len=3670 coding=1 startqp=0 meanqp=0 picbytes=0 pskip=0 nalus=1 n1:3670
  snapshot f097: 3 venc_ko blocks (pool0 0x73801000 len 0x10000)
src frame 98: srcf=18 off=0 br=2000
frame 98: send=0x0 get=0x0 len=3445 coding=1 startqp=0 meanqp=0 picbytes=0 pskip=0 nalus=1 n1:3445
  snapshot f098: 3 venc_ko blocks (pool0 0x73801000 len 0x10000)
src frame 99: srcf=17 off=0 br=2000
frame 99: send=0x0 get=0x0 len=3542 coding=1 startqp=0 meanqp=0 picbytes=0 pskip=0 nalus=1 n1:3542
  snapshot f099: 3 venc_ko blocks (pool0 0x73801000 len 0x10000)
src frame 100: srcf=16 off=0 br=2000
frame 100: send=0x0 get=0x0 len=3583 coding=1 startqp=0 meanqp=0 picbytes=0 pskip=0 nalus=1 n1:3583
  snapshot f100: 3 venc_ko blocks (pool0 0x73801000 len 0x10000)
src frame 101: srcf=15 off=0 br=2000
frame 101: send=0x0 get=0x0 len=3349 coding=1 startqp=0 meanqp=0 picbytes=0 pskip=0 nalus=1 n1:3349
  snapshot f101: 3 venc_ko blocks (pool0 0x73801000 len 0x10000)
src frame 102: srcf=14 off=0 br=2000
frame 102: send=0x0 get=0x0 len=3668 coding=1 startqp=0 meanqp=0 picbytes=0 pskip=0 nalus=1 n1:3668
  snapshot f102: 3 venc_ko blocks (pool0 0x73801000 len 0x10000)
src frame 103: srcf=13 off=0 br=2000
frame 103: send=0x0 get=0x0 len=3684 coding=1 startqp=0 meanqp=0 picbytes=0 pskip=0 nalus=1 n1:3684
  snapshot f103: 3 venc_ko blocks (pool0 0x73801000 len 0x10000)
src frame 104: srcf=12 off=0 br=2000
frame 104: send=0x0 get=0x0 len=3302 coding=1 startqp=0 meanqp=0 picbytes=0 pskip=0 nalus=1 n1:3302
  snapshot f104: 3 venc_ko blocks (pool0 0x73801000 len 0x10000)
src frame 105: srcf=11 off=0 br=2000
frame 105: send=0x0 get=0x0 len=3669 coding=1 startqp=0 meanqp=0 picbytes=0 pskip=0 nalus=1 n1:3669
  snapshot f105: 3 venc_ko blocks (pool0 0x73801000 len 0x10000)
src frame 106: srcf=10 off=0 br=2000
frame 106: send=0x0 get=0x0 len=3767 coding=1 startqp=0 meanqp=0 picbytes=0 pskip=0 nalus=1 n1:3767
  snapshot f106: 3 venc_ko blocks (pool0 0x73801000 len 0x10000)
src frame 107: srcf=9 off=0 br=2000
frame 107: send=0x0 get=0x0 len=3158 coding=1 startqp=0 meanqp=0 picbytes=0 pskip=0 nalus=1 n1:3158
  snapshot f107: 3 venc_ko blocks (pool0 0x73801000 len 0x10000)
src frame 108: srcf=8 off=0 br=2000
frame 108: send=0x0 get=0x0 len=3819 coding=1 startqp=0 meanqp=0 picbytes=0 pskip=0 nalus=1 n1:3819
  snapshot f108: 3 venc_ko blocks (pool0 0x73801000 len 0x10000)
src frame 109: srcf=7 off=0 br=2000
frame 109: send=0x0 get=0x0 len=3545 coding=1 startqp=0 meanqp=0 picbytes=0 pskip=0 nalus=1 n1:3545
  snapshot f109: 3 venc_ko blocks (pool0 0x73801000 len 0x10000)
src frame 110: srcf=6 off=0 br=2000
frame 110: send=0x0 get=0x0 len=3834 coding=1 startqp=0 meanqp=0 picbytes=0 pskip=0 nalus=1 n1:3834
  snapshot f110: 3 venc_ko blocks (pool0 0x73801000 len 0x10000)
src frame 111: srcf=5 off=0 br=2000
frame 111: send=0x0 get=0x0 len=3657 coding=1 startqp=0 meanqp=0 picbytes=0 pskip=0 nalus=1 n1:3657
  snapshot f111: 3 venc_ko blocks (pool0 0x73801000 len 0x10000)
src frame 112: srcf=4 off=0 br=2000
frame 112: send=0x0 get=0x0 len=3894 coding=1 startqp=0 meanqp=0 picbytes=0 pskip=0 nalus=1 n1:3894
  snapshot f112: 3 venc_ko blocks (pool0 0x73801000 len 0x10000)
src frame 113: srcf=3 off=0 br=2000
frame 113: send=0x0 get=0x0 len=3754 coding=1 startqp=0 meanqp=0 picbytes=0 pskip=0 nalus=1 n1:3754
  snapshot f113: 3 venc_ko blocks (pool0 0x73801000 len 0x10000)
src frame 114: srcf=2 off=0 br=2000
frame 114: send=0x0 get=0x0 len=3541 coding=1 startqp=0 meanqp=0 picbytes=0 pskip=0 nalus=1 n1:3541
  snapshot f114: 3 venc_ko blocks (pool0 0x73801000 len 0x10000)
src frame 115: srcf=1 off=0 br=2000
frame 115: send=0x0 get=0x0 len=4002 coding=1 startqp=0 meanqp=0 picbytes=0 pskip=0 nalus=1 n1:4002
  snapshot f115: 3 venc_ko blocks (pool0 0x73801000 len 0x10000)
src frame 116: srcf=0 off=0 br=2000
frame 116: send=0x0 get=0x0 len=3785 coding=1 startqp=0 meanqp=0 picbytes=0 pskip=0 nalus=1 n1:3785
  snapshot f116: 3 venc_ko blocks (pool0 0x73801000 len 0x10000)
src frame 117: srcf=1 off=0 br=2000
frame 117: send=0x0 get=0x0 len=4176 coding=1 startqp=0 meanqp=0 picbytes=0 pskip=0 nalus=1 n1:4176
  snapshot f117: 3 venc_ko blocks (pool0 0x73801000 len 0x10000)
src frame 118: srcf=2 off=0 br=2000
frame 118: send=0x0 get=0x0 len=3802 coding=1 startqp=0 meanqp=0 picbytes=0 pskip=0 nalus=1 n1:3802
  snapshot f118: 3 venc_ko blocks (pool0 0x73801000 len 0x10000)
src frame 119: srcf=3 off=0 br=2000
frame 119: send=0x0 get=0x0 len=4461 coding=1 startqp=0 meanqp=0 picbytes=0 pskip=0 nalus=1 n1:4461
  snapshot f119: 3 venc_ko blocks (pool0 0x73801000 len 0x10000)
src frame 120: srcf=4 off=0 br=2000
frame 120: send=0x0 get=0x0 len=38179 coding=0 startqp=0 meanqp=0 picbytes=0 pskip=0 nalus=3 n7:32 n8:9 n5:38138
  snapshot f120: 3 venc_ko blocks (pool0 0x73801000 len 0x10000)
src frame 121: srcf=5 off=0 br=2000
frame 121: send=0x0 get=0x0 len=3156 coding=1 startqp=0 meanqp=0 picbytes=0 pskip=0 nalus=1 n1:3156
  snapshot f121: 3 venc_ko blocks (pool0 0x73801000 len 0x10000)
src frame 122: srcf=6 off=0 br=2000
frame 122: send=0x0 get=0x0 len=2911 coding=1 startqp=0 meanqp=0 picbytes=0 pskip=0 nalus=1 n1:2911
  snapshot f122: 3 venc_ko blocks (pool0 0x73801000 len 0x10000)
src frame 123: srcf=7 off=0 br=2000
frame 123: send=0x0 get=0x0 len=2679 coding=1 startqp=0 meanqp=0 picbytes=0 pskip=0 nalus=1 n1:2679
  snapshot f123: 3 venc_ko blocks (pool0 0x73801000 len 0x10000)
src frame 124: srcf=8 off=0 br=2000
frame 124: send=0x0 get=0x0 len=2508 coding=1 startqp=0 meanqp=0 picbytes=0 pskip=0 nalus=1 n1:2508
  snapshot f124: 3 venc_ko blocks (pool0 0x73801000 len 0x10000)
src frame 125: srcf=9 off=0 br=2000
frame 125: send=0x0 get=0x0 len=2525 coding=1 startqp=0 meanqp=0 picbytes=0 pskip=0 nalus=1 n1:2525
  snapshot f125: 3 venc_ko blocks (pool0 0x73801000 len 0x10000)
src frame 126: srcf=10 off=0 br=2000
frame 126: send=0x0 get=0x0 len=2519 coding=1 startqp=0 meanqp=0 picbytes=0 pskip=0 nalus=1 n1:2519
  snapshot f126: 3 venc_ko blocks (pool0 0x73801000 len 0x10000)
src frame 127: srcf=11 off=0 br=2000
frame 127: send=0x0 get=0x0 len=2515 coding=1 startqp=0 meanqp=0 picbytes=0 pskip=0 nalus=1 n1:2515
  snapshot f127: 3 venc_ko blocks (pool0 0x73801000 len 0x10000)
src frame 128: srcf=12 off=0 br=2000
frame 128: send=0x0 get=0x0 len=2118 coding=1 startqp=0 meanqp=0 picbytes=0 pskip=0 nalus=1 n1:2118
  snapshot f128: 3 venc_ko blocks (pool0 0x73801000 len 0x10000)
src frame 129: srcf=13 off=0 br=2000
frame 129: send=0x0 get=0x0 len=2502 coding=1 startqp=0 meanqp=0 picbytes=0 pskip=0 nalus=1 n1:2502
  snapshot f129: 3 venc_ko blocks (pool0 0x73801000 len 0x10000)
src frame 130: srcf=14 off=0 br=2000
frame 130: send=0x0 get=0x0 len=2382 coding=1 startqp=0 meanqp=0 picbytes=0 pskip=0 nalus=1 n1:2382
  snapshot f130: 3 venc_ko blocks (pool0 0x73801000 len 0x10000)
src frame 131: srcf=15 off=0 br=2000
frame 131: send=0x0 get=0x0 len=2271 coding=1 startqp=0 meanqp=0 picbytes=0 pskip=0 nalus=1 n1:2271
  snapshot f131: 3 venc_ko blocks (pool0 0x73801000 len 0x10000)
src frame 132: srcf=16 off=0 br=2000
frame 132: send=0x0 get=0x0 len=2282 coding=1 startqp=0 meanqp=0 picbytes=0 pskip=0 nalus=1 n1:2282
  snapshot f132: 3 venc_ko blocks (pool0 0x73801000 len 0x10000)
src frame 133: srcf=17 off=0 br=2000
frame 133: send=0x0 get=0x0 len=1990 coding=1 startqp=0 meanqp=0 picbytes=0 pskip=0 nalus=1 n1:1990
  snapshot f133: 3 venc_ko blocks (pool0 0x73801000 len 0x10000)
src frame 134: srcf=18 off=0 br=2000
frame 134: send=0x0 get=0x0 len=2291 coding=1 startqp=0 meanqp=0 picbytes=0 pskip=0 nalus=1 n1:2291
  snapshot f134: 3 venc_ko blocks (pool0 0x73801000 len 0x10000)
src frame 135: srcf=19 off=0 br=2000
frame 135: send=0x0 get=0x0 len=2334 coding=1 startqp=0 meanqp=0 picbytes=0 pskip=0 nalus=1 n1:2334
  snapshot f135: 3 venc_ko blocks (pool0 0x73801000 len 0x10000)
src frame 136: srcf=20 off=0 br=2000
frame 136: send=0x0 get=0x0 len=2362 coding=1 startqp=0 meanqp=0 picbytes=0 pskip=0 nalus=1 n1:2362
  snapshot f136: 3 venc_ko blocks (pool0 0x73801000 len 0x10000)
src frame 137: srcf=21 off=0 br=2000
frame 137: send=0x0 get=0x0 len=2422 coding=1 startqp=0 meanqp=0 picbytes=0 pskip=0 nalus=1 n1:2422
  snapshot f137: 3 venc_ko blocks (pool0 0x73801000 len 0x10000)
src frame 138: srcf=22 off=0 br=2000
frame 138: send=0x0 get=0x0 len=2253 coding=1 startqp=0 meanqp=0 picbytes=0 pskip=0 nalus=1 n1:2253
  snapshot f138: 3 venc_ko blocks (pool0 0x73801000 len 0x10000)
src frame 139: srcf=23 off=0 br=2000
frame 139: send=0x0 get=0x0 len=2302 coding=1 startqp=0 meanqp=0 picbytes=0 pskip=0 nalus=1 n1:2302
  snapshot f139: 3 venc_ko blocks (pool0 0x73801000 len 0x10000)
src frame 140: srcf=24 off=0 br=2000
frame 140: send=0x0 get=0x0 len=2362 coding=1 startqp=0 meanqp=0 picbytes=0 pskip=0 nalus=1 n1:2362
  snapshot f140: 3 venc_ko blocks (pool0 0x73801000 len 0x10000)
src frame 141: srcf=25 off=0 br=2000
frame 141: send=0x0 get=0x0 len=2362 coding=1 startqp=0 meanqp=0 picbytes=0 pskip=0 nalus=1 n1:2362
  snapshot f141: 3 venc_ko blocks (pool0 0x73801000 len 0x10000)
src frame 142: srcf=26 off=0 br=2000
frame 142: send=0x0 get=0x0 len=2174 coding=1 startqp=0 meanqp=0 picbytes=0 pskip=0 nalus=1 n1:2174
  snapshot f142: 3 venc_ko blocks (pool0 0x73801000 len 0x10000)
src frame 143: srcf=27 off=0 br=2000
frame 143: send=0x0 get=0x0 len=2287 coding=1 startqp=0 meanqp=0 picbytes=0 pskip=0 nalus=1 n1:2287
  snapshot f143: 3 venc_ko blocks (pool0 0x73801000 len 0x10000)
src frame 144: srcf=28 off=0 br=2000
frame 144: send=0x0 get=0x0 len=2321 coding=1 startqp=0 meanqp=0 picbytes=0 pskip=0 nalus=1 n1:2321
  snapshot f144: 3 venc_ko blocks (pool0 0x73801000 len 0x10000)
src frame 145: srcf=29 off=0 br=2000
frame 145: send=0x0 get=0x0 len=2339 coding=1 startqp=0 meanqp=0 picbytes=0 pskip=0 nalus=1 n1:2339
  snapshot f145: 3 venc_ko blocks (pool0 0x73801000 len 0x10000)
src frame 146: srcf=28 off=0 br=2000
frame 146: send=0x0 get=0x0 len=2338 coding=1 startqp=0 meanqp=0 picbytes=0 pskip=0 nalus=1 n1:2338
  snapshot f146: 3 venc_ko blocks (pool0 0x73801000 len 0x10000)
src frame 147: srcf=27 off=0 br=2000
frame 147: send=0x0 get=0x0 len=2331 coding=1 startqp=0 meanqp=0 picbytes=0 pskip=0 nalus=1 n1:2331
  snapshot f147: 3 venc_ko blocks (pool0 0x73801000 len 0x10000)
src frame 148: srcf=26 off=0 br=2000
frame 148: send=0x0 get=0x0 len=2295 coding=1 startqp=0 meanqp=0 picbytes=0 pskip=0 nalus=1 n1:2295
  snapshot f148: 3 venc_ko blocks (pool0 0x73801000 len 0x10000)
src frame 149: srcf=25 off=0 br=2000
frame 149: send=0x0 get=0x0 len=2043 coding=1 startqp=0 meanqp=0 picbytes=0 pskip=0 nalus=1 n1:2043
  snapshot f149: 3 venc_ko blocks (pool0 0x73801000 len 0x10000)
src frame 150: srcf=24 off=0 br=2000
frame 150: send=0x0 get=0x0 len=42392 coding=0 startqp=0 meanqp=0 picbytes=0 pskip=0 nalus=3 n7:32 n8:9 n5:42351
  snapshot f150: 3 venc_ko blocks (pool0 0x73801000 len 0x10000)
src frame 151: srcf=23 off=0 br=2000
frame 151: send=0x0 get=0x0 len=3421 coding=1 startqp=0 meanqp=0 picbytes=0 pskip=0 nalus=1 n1:3421
  snapshot f151: 3 venc_ko blocks (pool0 0x73801000 len 0x10000)
src frame 152: srcf=22 off=0 br=2000
frame 152: send=0x0 get=0x0 len=3457 coding=1 startqp=0 meanqp=0 picbytes=0 pskip=0 nalus=1 n1:3457
  snapshot f152: 3 venc_ko blocks (pool0 0x73801000 len 0x10000)
src frame 153: srcf=21 off=0 br=2000
frame 153: send=0x0 get=0x0 len=3468 coding=1 startqp=0 meanqp=0 picbytes=0 pskip=0 nalus=1 n1:3468
  snapshot f153: 3 venc_ko blocks (pool0 0x73801000 len 0x10000)
src frame 154: srcf=20 off=0 br=2000
frame 154: send=0x0 get=0x0 len=3351 coding=1 startqp=0 meanqp=0 picbytes=0 pskip=0 nalus=1 n1:3351
  snapshot f154: 3 venc_ko blocks (pool0 0x73801000 len 0x10000)
src frame 155: srcf=19 off=0 br=2000
frame 155: send=0x0 get=0x0 len=2888 coding=1 startqp=0 meanqp=0 picbytes=0 pskip=0 nalus=1 n1:2888
  snapshot f155: 3 venc_ko blocks (pool0 0x73801000 len 0x10000)
src frame 156: srcf=18 off=0 br=2000
frame 156: send=0x0 get=0x0 len=3396 coding=1 startqp=0 meanqp=0 picbytes=0 pskip=0 nalus=1 n1:3396
  snapshot f156: 3 venc_ko blocks (pool0 0x73801000 len 0x10000)
src frame 157: srcf=17 off=0 br=2000
frame 157: send=0x0 get=0x0 len=3345 coding=1 startqp=0 meanqp=0 picbytes=0 pskip=0 nalus=1 n1:3345
  snapshot f157: 3 venc_ko blocks (pool0 0x73801000 len 0x10000)
src frame 158: srcf=16 off=0 br=2000
frame 158: send=0x0 get=0x0 len=3530 coding=1 startqp=0 meanqp=0 picbytes=0 pskip=0 nalus=1 n1:3530
  snapshot f158: 3 venc_ko blocks (pool0 0x73801000 len 0x10000)
src frame 159: srcf=15 off=0 br=2000
frame 159: send=0x0 get=0x0 len=3493 coding=1 startqp=0 meanqp=0 picbytes=0 pskip=0 nalus=1 n1:3493
  snapshot f159: 3 venc_ko blocks (pool0 0x73801000 len 0x10000)
src frame 160: srcf=14 off=0 br=2000
frame 160: send=0x0 get=0x0 len=2947 coding=1 startqp=0 meanqp=0 picbytes=0 pskip=0 nalus=1 n1:2947
  snapshot f160: 3 venc_ko blocks (pool0 0x73801000 len 0x10000)
src frame 161: srcf=13 off=0 br=2000
frame 161: send=0x0 get=0x0 len=3538 coding=1 startqp=0 meanqp=0 picbytes=0 pskip=0 nalus=1 n1:3538
  snapshot f161: 3 venc_ko blocks (pool0 0x73801000 len 0x10000)
src frame 162: srcf=12 off=0 br=2000
frame 162: send=0x0 get=0x0 len=3399 coding=1 startqp=0 meanqp=0 picbytes=0 pskip=0 nalus=1 n1:3399
  snapshot f162: 3 venc_ko blocks (pool0 0x73801000 len 0x10000)
src frame 163: srcf=11 off=0 br=2000
frame 163: send=0x0 get=0x0 len=3567 coding=1 startqp=0 meanqp=0 picbytes=0 pskip=0 nalus=1 n1:3567
  snapshot f163: 3 venc_ko blocks (pool0 0x73801000 len 0x10000)
src frame 164: srcf=10 off=0 br=2000
frame 164: send=0x0 get=0x0 len=3438 coding=1 startqp=0 meanqp=0 picbytes=0 pskip=0 nalus=1 n1:3438
  snapshot f164: 3 venc_ko blocks (pool0 0x73801000 len 0x10000)
src frame 165: srcf=9 off=0 br=2000
frame 165: send=0x0 get=0x0 len=3068 coding=1 startqp=0 meanqp=0 picbytes=0 pskip=0 nalus=1 n1:3068
  snapshot f165: 3 venc_ko blocks (pool0 0x73801000 len 0x10000)
src frame 166: srcf=8 off=0 br=2000
frame 166: send=0x0 get=0x0 len=3592 coding=1 startqp=0 meanqp=0 picbytes=0 pskip=0 nalus=1 n1:3592
  snapshot f166: 3 venc_ko blocks (pool0 0x73801000 len 0x10000)
src frame 167: srcf=7 off=0 br=2000
frame 167: send=0x0 get=0x0 len=3370 coding=1 startqp=0 meanqp=0 picbytes=0 pskip=0 nalus=1 n1:3370
  snapshot f167: 3 venc_ko blocks (pool0 0x73801000 len 0x10000)
src frame 168: srcf=6 off=0 br=2000
frame 168: send=0x0 get=0x0 len=3595 coding=1 startqp=0 meanqp=0 picbytes=0 pskip=0 nalus=1 n1:3595
  snapshot f168: 3 venc_ko blocks (pool0 0x73801000 len 0x10000)
src frame 169: srcf=5 off=0 br=2000
frame 169: send=0x0 get=0x0 len=3594 coding=1 startqp=0 meanqp=0 picbytes=0 pskip=0 nalus=1 n1:3594
  snapshot f169: 3 venc_ko blocks (pool0 0x73801000 len 0x10000)
src frame 170: srcf=4 off=0 br=2000
frame 170: send=0x0 get=0x0 len=3460 coding=1 startqp=0 meanqp=0 picbytes=0 pskip=0 nalus=1 n1:3460
  snapshot f170: 3 venc_ko blocks (pool0 0x73801000 len 0x10000)
src frame 171: srcf=3 off=0 br=2000
frame 171: send=0x0 get=0x0 len=3609 coding=1 startqp=0 meanqp=0 picbytes=0 pskip=0 nalus=1 n1:3609
  snapshot f171: 3 venc_ko blocks (pool0 0x73801000 len 0x10000)
src frame 172: srcf=2 off=0 br=2000
frame 172: send=0x0 get=0x0 len=3627 coding=1 startqp=0 meanqp=0 picbytes=0 pskip=0 nalus=1 n1:3627
  snapshot f172: 3 venc_ko blocks (pool0 0x73801000 len 0x10000)
src frame 173: srcf=1 off=0 br=2000
frame 173: send=0x0 get=0x0 len=3282 coding=1 startqp=0 meanqp=0 picbytes=0 pskip=0 nalus=1 n1:3282
  snapshot f173: 3 venc_ko blocks (pool0 0x73801000 len 0x10000)
src frame 174: srcf=0 off=0 br=2000
frame 174: send=0x0 get=0x0 len=3726 coding=1 startqp=0 meanqp=0 picbytes=0 pskip=0 nalus=1 n1:3726
  snapshot f174: 3 venc_ko blocks (pool0 0x73801000 len 0x10000)
src frame 175: srcf=1 off=0 br=2000
frame 175: send=0x0 get=0x0 len=3809 coding=1 startqp=0 meanqp=0 picbytes=0 pskip=0 nalus=1 n1:3809
  snapshot f175: 3 venc_ko blocks (pool0 0x73801000 len 0x10000)
src frame 176: srcf=2 off=0 br=2000
frame 176: send=0x0 get=0x0 len=3181 coding=1 startqp=0 meanqp=0 picbytes=0 pskip=0 nalus=1 n1:3181
  snapshot f176: 3 venc_ko blocks (pool0 0x73801000 len 0x10000)
src frame 177: srcf=3 off=0 br=2000
frame 177: send=0x0 get=0x0 len=3931 coding=1 startqp=0 meanqp=0 picbytes=0 pskip=0 nalus=1 n1:3931
  snapshot f177: 3 venc_ko blocks (pool0 0x73801000 len 0x10000)
src frame 178: srcf=4 off=0 br=2000
frame 178: send=0x0 get=0x0 len=3762 coding=1 startqp=0 meanqp=0 picbytes=0 pskip=0 nalus=1 n1:3762
  snapshot f178: 3 venc_ko blocks (pool0 0x73801000 len 0x10000)
src frame 179: srcf=5 off=0 br=2000
frame 179: send=0x0 get=0x0 len=3671 coding=1 startqp=0 meanqp=0 picbytes=0 pskip=0 nalus=1 n1:3671
  snapshot f179: 3 venc_ko blocks (pool0 0x73801000 len 0x10000)
src frame 180: srcf=6 off=0 br=2000
frame 180: send=0x0 get=0x0 len=46571 coding=0 startqp=0 meanqp=0 picbytes=0 pskip=0 nalus=3 n7:32 n8:9 n5:46530
  snapshot f180: 3 venc_ko blocks (pool0 0x73801000 len 0x10000)
src frame 181: srcf=7 off=0 br=2000
frame 181: send=0x0 get=0x0 len=2570 coding=1 startqp=0 meanqp=0 picbytes=0 pskip=0 nalus=1 n1:2570
  snapshot f181: 3 venc_ko blocks (pool0 0x73801000 len 0x10000)
src frame 182: srcf=8 off=0 br=2000
frame 182: send=0x0 get=0x0 len=2332 coding=1 startqp=0 meanqp=0 picbytes=0 pskip=0 nalus=1 n1:2332
  snapshot f182: 3 venc_ko blocks (pool0 0x73801000 len 0x10000)
src frame 183: srcf=9 off=0 br=2000
frame 183: send=0x0 get=0x0 len=2144 coding=1 startqp=0 meanqp=0 picbytes=0 pskip=0 nalus=1 n1:2144
  snapshot f183: 3 venc_ko blocks (pool0 0x73801000 len 0x10000)
src frame 184: srcf=10 off=0 br=2000
frame 184: send=0x0 get=0x0 len=2058 coding=1 startqp=0 meanqp=0 picbytes=0 pskip=0 nalus=1 n1:2058
  snapshot f184: 3 venc_ko blocks (pool0 0x73801000 len 0x10000)
src frame 185: srcf=11 off=0 br=2000
frame 185: send=0x0 get=0x0 len=2050 coding=1 startqp=0 meanqp=0 picbytes=0 pskip=0 nalus=1 n1:2050
  snapshot f185: 3 venc_ko blocks (pool0 0x73801000 len 0x10000)
src frame 186: srcf=12 off=0 br=2000
frame 186: send=0x0 get=0x0 len=2067 coding=1 startqp=0 meanqp=0 picbytes=0 pskip=0 nalus=1 n1:2067
  snapshot f186: 3 venc_ko blocks (pool0 0x73801000 len 0x10000)
src frame 187: srcf=13 off=0 br=2000
frame 187: send=0x0 get=0x0 len=1962 coding=1 startqp=0 meanqp=0 picbytes=0 pskip=0 nalus=1 n1:1962
  snapshot f187: 3 venc_ko blocks (pool0 0x73801000 len 0x10000)
src frame 188: srcf=14 off=0 br=2000
frame 188: send=0x0 get=0x0 len=2043 coding=1 startqp=0 meanqp=0 picbytes=0 pskip=0 nalus=1 n1:2043
  snapshot f188: 3 venc_ko blocks (pool0 0x73801000 len 0x10000)
src frame 189: srcf=15 off=0 br=2000
frame 189: send=0x0 get=0x0 len=1944 coding=1 startqp=0 meanqp=0 picbytes=0 pskip=0 nalus=1 n1:1944
  snapshot f189: 3 venc_ko blocks (pool0 0x73801000 len 0x10000)
src frame 190: srcf=16 off=0 br=2000
frame 190: send=0x0 get=0x0 len=2036 coding=1 startqp=0 meanqp=0 picbytes=0 pskip=0 nalus=1 n1:2036
  snapshot f190: 3 venc_ko blocks (pool0 0x73801000 len 0x10000)
src frame 191: srcf=17 off=0 br=2000
frame 191: send=0x0 get=0x0 len=1890 coding=1 startqp=0 meanqp=0 picbytes=0 pskip=0 nalus=1 n1:1890
  snapshot f191: 3 venc_ko blocks (pool0 0x73801000 len 0x10000)
src frame 192: srcf=18 off=0 br=2000
frame 192: send=0x0 get=0x0 len=1984 coding=1 startqp=0 meanqp=0 picbytes=0 pskip=0 nalus=1 n1:1984
  snapshot f192: 3 venc_ko blocks (pool0 0x73801000 len 0x10000)
src frame 193: srcf=19 off=0 br=2000
frame 193: send=0x0 get=0x0 len=1905 coding=1 startqp=0 meanqp=0 picbytes=0 pskip=0 nalus=1 n1:1905
  snapshot f193: 3 venc_ko blocks (pool0 0x73801000 len 0x10000)
src frame 194: srcf=20 off=0 br=2000
frame 194: send=0x0 get=0x0 len=1860 coding=1 startqp=0 meanqp=0 picbytes=0 pskip=0 nalus=1 n1:1860
  snapshot f194: 3 venc_ko blocks (pool0 0x73801000 len 0x10000)
src frame 195: srcf=21 off=0 br=2000
frame 195: send=0x0 get=0x0 len=1725 coding=1 startqp=0 meanqp=0 picbytes=0 pskip=0 nalus=1 n1:1725
  snapshot f195: 3 venc_ko blocks (pool0 0x73801000 len 0x10000)
src frame 196: srcf=22 off=0 br=2000
frame 196: send=0x0 get=0x0 len=1841 coding=1 startqp=0 meanqp=0 picbytes=0 pskip=0 nalus=1 n1:1841
  snapshot f196: 3 venc_ko blocks (pool0 0x73801000 len 0x10000)
src frame 197: srcf=23 off=0 br=2000
frame 197: send=0x0 get=0x0 len=1957 coding=1 startqp=0 meanqp=0 picbytes=0 pskip=0 nalus=1 n1:1957
  snapshot f197: 3 venc_ko blocks (pool0 0x73801000 len 0x10000)
src frame 198: srcf=24 off=0 br=2000
frame 198: send=0x0 get=0x0 len=1890 coding=1 startqp=0 meanqp=0 picbytes=0 pskip=0 nalus=1 n1:1890
  snapshot f198: 3 venc_ko blocks (pool0 0x73801000 len 0x10000)
src frame 199: srcf=25 off=0 br=2000
frame 199: send=0x0 get=0x0 len=1879 coding=1 startqp=0 meanqp=0 picbytes=0 pskip=0 nalus=1 n1:1879
  snapshot f199: 3 venc_ko blocks (pool0 0x73801000 len 0x10000)
src frame 200: srcf=26 off=0 br=2000
frame 200: send=0x0 get=0x0 len=1859 coding=1 startqp=0 meanqp=0 picbytes=0 pskip=0 nalus=1 n1:1859
  snapshot f200: 3 venc_ko blocks (pool0 0x73801000 len 0x10000)
src frame 201: srcf=27 off=0 br=2000
frame 201: send=0x0 get=0x0 len=1915 coding=1 startqp=0 meanqp=0 picbytes=0 pskip=0 nalus=1 n1:1915
  snapshot f201: 3 venc_ko blocks (pool0 0x73801000 len 0x10000)
src frame 202: srcf=28 off=0 br=2000
frame 202: send=0x0 get=0x0 len=1759 coding=1 startqp=0 meanqp=0 picbytes=0 pskip=0 nalus=1 n1:1759
  snapshot f202: 3 venc_ko blocks (pool0 0x73801000 len 0x10000)
src frame 203: srcf=29 off=0 br=2000
frame 203: send=0x0 get=0x0 len=1849 coding=1 startqp=0 meanqp=0 picbytes=0 pskip=0 nalus=1 n1:1849
  snapshot f203: 3 venc_ko blocks (pool0 0x73801000 len 0x10000)
src frame 204: srcf=28 off=0 br=2000
frame 204: send=0x0 get=0x0 len=1891 coding=1 startqp=0 meanqp=0 picbytes=0 pskip=0 nalus=1 n1:1891
  snapshot f204: 3 venc_ko blocks (pool0 0x73801000 len 0x10000)
src frame 205: srcf=27 off=0 br=2000
frame 205: send=0x0 get=0x0 len=2006 coding=1 startqp=0 meanqp=0 picbytes=0 pskip=0 nalus=1 n1:2006
  snapshot f205: 3 venc_ko blocks (pool0 0x73801000 len 0x10000)
src frame 206: srcf=26 off=0 br=2000
frame 206: send=0x0 get=0x0 len=1767 coding=1 startqp=0 meanqp=0 picbytes=0 pskip=0 nalus=1 n1:1767
  snapshot f206: 3 venc_ko blocks (pool0 0x73801000 len 0x10000)
src frame 207: srcf=25 off=0 br=2000
frame 207: send=0x0 get=0x0 len=1861 coding=1 startqp=0 meanqp=0 picbytes=0 pskip=0 nalus=1 n1:1861
  snapshot f207: 3 venc_ko blocks (pool0 0x73801000 len 0x10000)
src frame 208: srcf=24 off=0 br=2000
frame 208: send=0x0 get=0x0 len=1891 coding=1 startqp=0 meanqp=0 picbytes=0 pskip=0 nalus=1 n1:1891
  snapshot f208: 3 venc_ko blocks (pool0 0x73801000 len 0x10000)
src frame 209: srcf=23 off=0 br=2000
frame 209: send=0x0 get=0x0 len=1922 coding=1 startqp=0 meanqp=0 picbytes=0 pskip=0 nalus=1 n1:1922
  snapshot f209: 3 venc_ko blocks (pool0 0x73801000 len 0x10000)
src frame 210: srcf=22 off=0 br=2000
frame 210: send=0x0 get=0x0 len=51113 coding=0 startqp=0 meanqp=0 picbytes=0 pskip=0 nalus=3 n7:32 n8:9 n5:51072
  snapshot f210: 3 venc_ko blocks (pool0 0x73801000 len 0x10000)
src frame 211: srcf=21 off=0 br=2000
frame 211: send=0x0 get=0x0 len=3356 coding=1 startqp=0 meanqp=0 picbytes=0 pskip=0 nalus=1 n1:3356
  snapshot f211: 3 venc_ko blocks (pool0 0x73801000 len 0x10000)
src frame 212: srcf=20 off=0 br=2000
frame 212: send=0x0 get=0x0 len=3321 coding=1 startqp=0 meanqp=0 picbytes=0 pskip=0 nalus=1 n1:3321
  snapshot f212: 3 venc_ko blocks (pool0 0x73801000 len 0x10000)
src frame 213: srcf=19 off=0 br=2000
frame 213: send=0x0 get=0x0 len=3343 coding=1 startqp=0 meanqp=0 picbytes=0 pskip=0 nalus=1 n1:3343
  snapshot f213: 3 venc_ko blocks (pool0 0x73801000 len 0x10000)
src frame 214: srcf=18 off=0 br=2000
frame 214: send=0x0 get=0x0 len=3315 coding=1 startqp=0 meanqp=0 picbytes=0 pskip=0 nalus=1 n1:3315
  snapshot f214: 3 venc_ko blocks (pool0 0x73801000 len 0x10000)
src frame 215: srcf=17 off=0 br=2000
frame 215: send=0x0 get=0x0 len=3130 coding=1 startqp=0 meanqp=0 picbytes=0 pskip=0 nalus=1 n1:3130
  snapshot f215: 3 venc_ko blocks (pool0 0x73801000 len 0x10000)
src frame 216: srcf=16 off=0 br=2000
frame 216: send=0x0 get=0x0 len=3251 coding=1 startqp=0 meanqp=0 picbytes=0 pskip=0 nalus=1 n1:3251
  snapshot f216: 3 venc_ko blocks (pool0 0x73801000 len 0x10000)
src frame 217: srcf=15 off=0 br=2000
frame 217: send=0x0 get=0x0 len=3332 coding=1 startqp=0 meanqp=0 picbytes=0 pskip=0 nalus=1 n1:3332
  snapshot f217: 3 venc_ko blocks (pool0 0x73801000 len 0x10000)
src frame 218: srcf=14 off=0 br=2000
frame 218: send=0x0 get=0x0 len=2865 coding=1 startqp=0 meanqp=0 picbytes=0 pskip=0 nalus=1 n1:2865
  snapshot f218: 3 venc_ko blocks (pool0 0x73801000 len 0x10000)
src frame 219: srcf=13 off=0 br=2000
frame 219: send=0x0 get=0x0 len=3329 coding=1 startqp=0 meanqp=0 picbytes=0 pskip=0 nalus=1 n1:3329
  snapshot f219: 3 venc_ko blocks (pool0 0x73801000 len 0x10000)
src frame 220: srcf=12 off=0 br=2000
frame 220: send=0x0 get=0x0 len=3366 coding=1 startqp=0 meanqp=0 picbytes=0 pskip=0 nalus=1 n1:3366
  snapshot f220: 3 venc_ko blocks (pool0 0x73801000 len 0x10000)
src frame 221: srcf=11 off=0 br=2000
frame 221: send=0x0 get=0x0 len=3188 coding=1 startqp=0 meanqp=0 picbytes=0 pskip=0 nalus=1 n1:3188
  snapshot f221: 3 venc_ko blocks (pool0 0x73801000 len 0x10000)
src frame 222: srcf=10 off=0 br=2000
frame 222: send=0x0 get=0x0 len=2679 coding=1 startqp=0 meanqp=0 picbytes=0 pskip=0 nalus=1 n1:2679
  snapshot f222: 3 venc_ko blocks (pool0 0x73801000 len 0x10000)
src frame 223: srcf=9 off=0 br=2000
frame 223: send=0x0 get=0x0 len=3286 coding=1 startqp=0 meanqp=0 picbytes=0 pskip=0 nalus=1 n1:3286
  snapshot f223: 3 venc_ko blocks (pool0 0x73801000 len 0x10000)
src frame 224: srcf=8 off=0 br=2000
frame 224: send=0x0 get=0x0 len=3344 coding=1 startqp=0 meanqp=0 picbytes=0 pskip=0 nalus=1 n1:3344
  snapshot f224: 3 venc_ko blocks (pool0 0x73801000 len 0x10000)
src frame 225: srcf=7 off=0 br=2000
frame 225: send=0x0 get=0x0 len=2994 coding=1 startqp=0 meanqp=0 picbytes=0 pskip=0 nalus=1 n1:2994
  snapshot f225: 3 venc_ko blocks (pool0 0x73801000 len 0x10000)
src frame 226: srcf=6 off=0 br=2000
frame 226: send=0x0 get=0x0 len=3375 coding=1 startqp=0 meanqp=0 picbytes=0 pskip=0 nalus=1 n1:3375
  snapshot f226: 3 venc_ko blocks (pool0 0x73801000 len 0x10000)
src frame 227: srcf=5 off=0 br=2000
frame 227: send=0x0 get=0x0 len=3336 coding=1 startqp=0 meanqp=0 picbytes=0 pskip=0 nalus=1 n1:3336
  snapshot f227: 3 venc_ko blocks (pool0 0x73801000 len 0x10000)
src frame 228: srcf=4 off=0 br=2000
frame 228: send=0x0 get=0x0 len=3071 coding=1 startqp=0 meanqp=0 picbytes=0 pskip=0 nalus=1 n1:3071
  snapshot f228: 3 venc_ko blocks (pool0 0x73801000 len 0x10000)
src frame 229: srcf=3 off=0 br=2000
frame 229: send=0x0 get=0x0 len=3424 coding=1 startqp=0 meanqp=0 picbytes=0 pskip=0 nalus=1 n1:3424
  snapshot f229: 3 venc_ko blocks (pool0 0x73801000 len 0x10000)
src frame 230: srcf=2 off=0 br=2000
frame 230: send=0x0 get=0x0 len=3402 coding=1 startqp=0 meanqp=0 picbytes=0 pskip=0 nalus=1 n1:3402
  snapshot f230: 3 venc_ko blocks (pool0 0x73801000 len 0x10000)
src frame 231: srcf=1 off=0 br=2000
frame 231: send=0x0 get=0x0 len=3088 coding=1 startqp=0 meanqp=0 picbytes=0 pskip=0 nalus=1 n1:3088
  snapshot f231: 3 venc_ko blocks (pool0 0x73801000 len 0x10000)
src frame 232: srcf=0 off=0 br=2000
frame 232: send=0x0 get=0x0 len=2994 coding=1 startqp=0 meanqp=0 picbytes=0 pskip=0 nalus=1 n1:2994
  snapshot f232: 3 venc_ko blocks (pool0 0x73801000 len 0x10000)
src frame 233: srcf=1 off=0 br=2000
frame 233: send=0x0 get=0x0 len=2860 coding=1 startqp=0 meanqp=0 picbytes=0 pskip=0 nalus=1 n1:2860
  snapshot f233: 3 venc_ko blocks (pool0 0x73801000 len 0x10000)
src frame 234: srcf=2 off=0 br=2000
frame 234: send=0x0 get=0x0 len=3023 coding=1 startqp=0 meanqp=0 picbytes=0 pskip=0 nalus=1 n1:3023
  snapshot f234: 3 venc_ko blocks (pool0 0x73801000 len 0x10000)
src frame 235: srcf=3 off=0 br=2000
frame 235: send=0x0 get=0x0 len=2799 coding=1 startqp=0 meanqp=0 picbytes=0 pskip=0 nalus=1 n1:2799
  snapshot f235: 3 venc_ko blocks (pool0 0x73801000 len 0x10000)
src frame 236: srcf=4 off=0 br=2000
frame 236: send=0x0 get=0x0 len=2919 coding=1 startqp=0 meanqp=0 picbytes=0 pskip=0 nalus=1 n1:2919
  snapshot f236: 3 venc_ko blocks (pool0 0x73801000 len 0x10000)
src frame 237: srcf=5 off=0 br=2000
frame 237: send=0x0 get=0x0 len=2576 coding=1 startqp=0 meanqp=0 picbytes=0 pskip=0 nalus=1 n1:2576
  snapshot f237: 3 venc_ko blocks (pool0 0x73801000 len 0x10000)
src frame 238: srcf=6 off=0 br=2000
frame 238: send=0x0 get=0x0 len=2822 coding=1 startqp=0 meanqp=0 picbytes=0 pskip=0 nalus=1 n1:2822
  snapshot f238: 3 venc_ko blocks (pool0 0x73801000 len 0x10000)
src frame 239: srcf=7 off=0 br=2000
frame 239: send=0x0 get=0x0 len=3965 coding=1 startqp=0 meanqp=0 picbytes=0 pskip=0 nalus=1 n1:3965
  snapshot f239: 3 venc_ko blocks (pool0 0x73801000 len 0x10000)
---- /proc/ax_proc/venc ----
-------- VENC VERSION ------------------------
[Axera version]: ax_venc V3.0.0_20250319114413 Mar 19 2025 11:58:34 JK

-------- MODULE PARAM ------------------------
MaxChnNum   MaxRoiNum   MaxProcNum  
16          8           16          

-------- VENC CHN ATTR 1 ------------------------
ID    Type    wSrc    hSrc    Strd0   Strd1   maxW    maxH    PixFmt  link  InFifoDep    OutFifoDep   InDbgFifoLen InDbgFifoDep StrmBufSize(KB)
7     h264    1920    1080    3840    0       1920    1080    YUYV422 N     2            2            0            4            4114      
-------- VENC CHN ATTR 2 ------------------------
ID    [CropEn StartX  StartY  CropW   CropH]  Rotation  EncW    EncH    FrmSize      PTS          SeqNum       CompMode     CompLevel    PhyAddr0     PhyAddr1     PhyAddr2     
7     N       0       0       0       0       0         1920    1080    4147200      3283333      198          NONE         0            742d1000     0            0            
-------- VENC RC ATTR 1 ------------------------
ID    RcMode    SrcFr   DstFr   Br(kbps)  MinQp   MaxQp   MinIQp  MaxIQp  IQpDelta  IpropMax   IpropMin   StartQp    QpDltRng   DeBrQpDlt  SvcEn   ChgPos  StillPercent MaxStillQp 
7     CBR       60.00   60.00   2000      10      51      10      51      0         40         10         -1         2          0          False   -       -            -          
-------- VENC RC ATTR 2  -----------------------
ID    QMapQpType  QMapUnit    QMapBlkType IQp   PQp   MinQpDelta MaxQpDelta MaxBitRate shtStaTime ltStaTime  ltMinBr  ltMaxBr  Br_ST(kbps)    Br_LT(kbps)    
7     N/A         64x64       N/A         -     -     -          -          -          -          -          -        -        -              -              
-------- VENC GOP ATTR  ------------------------
ID    GopMode   Gop   GopVI 
7     NormalP   30    0     
-------- VENC STATUS 1 -------------------------
ID    RJEn         RJThr(bps)   RJMode       RJEncGaps    SupFrmEn     SupPri       SupThrI      SupThrP      SplitEn      SliceNum     Range(In)    Range(out)   
7     N            0            Normal       0            N            0            500000       500000       N            0            Full         Full         
-------- VENC STATUS 2 -------------------------
ID    ChnStat   FrmRecv   FrmRls    FrmEnc    FrmDrop   FrmDup    EncFail   MissMatch StrmGet   StrmRls   OutFps    RealBr    ReEncCnt  DropCnt   BlkFail   GrpID     PID     TID     ThNum   RefInc    RefDec    Fail1   Fail2   Fail3   Fail4   
7     STARTED   198       197       197       0         0         0         0         197       197       50.00     1809.82   0         0         0         -1        130302  130306  1       198       197       0       0       0       0       
-------- VENC HW STATUS  ------------------------
ID    OverFlow     TimeOut      
7     0            0            
-------- VENC ROI INFO  ------------------------
ID    Index        bEnable      bAbsQp       RoiQP        Width        Height       StartX       StartY       
done h264_static2000
rc=0
== h264_static2000: codec=h264 rc=cbr br=2000 fps=60 gop=30 frames=240 total=998193 B achieved=1996 kbps
I frames (frame:qp/bytes): 0:37/22260 30:35/25740 60:33/29020 90:30/34367 120:28/38179 150:26/42392 180:24/46571 210:22/51113
first P after each I (frame:qp): 1:40 31:38 61:36 91:33 121:31 151:29 181:27 211:25
per-GOP: gop#: kbps I_qp P_qp[min..max] P_qp_last
  0: 1811 kbps I=[37] P=[31..40] last=31 n=30
  1: 2184 kbps I=[35] P=[27..38] last=27 n=30
  2: 1783 kbps I=[33] P=[29..36] last=29 n=30
  3: 2248 kbps I=[30] P=[22..33] last=22 n=30
  4: 1718 kbps I=[28] P=[27..32] last=27 n=30
  5: 2287 kbps I=[26] P=[19..29] last=19 n=30
  6: 1655 kbps I=[24] P=[25..28] last=25 n=30
  7: 2286 kbps I=[22] P=[12..25] last=12 n=30
P->P QP step histogram: -2:4 -1:63 +0:153 +1:4
I->firstP QP delta: +3 +3 +3 +3 +3 +3 +3 +3
sw7 frame-QP == slice QP: 240/240 frames with a program agree; mismatches at []
slot flags: {'': 240}
sw105-107 distinct (I): [('0x6b6c0', '0x6b6c0', '0x6b6c0'), ('0x8d4f3', '0x8d4f3', '0x8d4f3'), ('0x8d56b', '0x8d56b', '0x8d56b'), ('0x8d87e', '0x8d87e', '0x8d87e')]
sw172/173 distinct: [('0x14f', '0x662'), ('0x14f', '0x66a')]
sw6 distinct (I / P): ['0x3'] ['0x3']
=== h264_static8000: codec=h264 rc=cbr br=8000 nframes=240 src=/root/rc65/clips/static.yuyv motion=none
# vdrive tag=h264_static8000 codec=h264 1920x1080 rc=cbr br=8000 fps=60/60 gop=30 gopmode=normalp ltrint=0 ltrqpo=0 iqp=32 pqp=32 profile=10 level=51 tier=0 qp[10..51] iqp[10..51] iqd=0 firstqp=-1 iprop[10..40] idrrange=2 stattime=1 vq=0 ir=0/0 slice=0 debreath=0 scd=-1 rowqpd=-1 vui=-1 move=0 nframes=240
src=/root/rc65/clips/static.yuyv frames=30 loop=pingpong motion=none mstep=4 window=0..-1
AX_SYS_Init rc=0x0
AX_VENC_Init rc=0x0
AX_VENC_CreateChn(7) rc=0x0
StartRecvFrame rc=0x0
AX_POOL_CreatePool id=0x0
blk=0x5e000000 phys=0x742d1000 virt=0xffff9ae75000
frame: modid=0x11 stride=1920 fmt=0xd
  snapshot pre: 3 venc_ko blocks (pool0 0x73801000 len 0x10000)
src frame 0: srcf=0 off=0 br=8000
frame 0: send=0x0 get=0x0 len=30842 coding=0 startqp=0 meanqp=0 picbytes=0 pskip=0 nalus=3 n7:32 n8:8 n5:30802
  snapshot f000: 3 venc_ko blocks (pool0 0x73801000 len 0x10000)
src frame 1: srcf=1 off=0 br=8000
frame 1: send=0x0 get=0x0 len=8800 coding=1 startqp=0 meanqp=0 picbytes=0 pskip=0 nalus=1 n1:8800
  snapshot f001: 3 venc_ko blocks (pool0 0x73801000 len 0x10000)
src frame 2: srcf=2 off=0 br=8000
frame 2: send=0x0 get=0x0 len=10590 coding=1 startqp=0 meanqp=0 picbytes=0 pskip=0 nalus=1 n1:10590
  snapshot f002: 3 venc_ko blocks (pool0 0x73801000 len 0x10000)
src frame 3: srcf=3 off=0 br=8000
frame 3: send=0x0 get=0x0 len=7117 coding=1 startqp=0 meanqp=0 picbytes=0 pskip=0 nalus=1 n1:7117
  snapshot f003: 3 venc_ko blocks (pool0 0x73801000 len 0x10000)
src frame 4: srcf=4 off=0 br=8000
frame 4: send=0x0 get=0x0 len=7369 coding=1 startqp=0 meanqp=0 picbytes=0 pskip=0 nalus=1 n1:7369
  snapshot f004: 3 venc_ko blocks (pool0 0x73801000 len 0x10000)
src frame 5: srcf=5 off=0 br=8000
frame 5: send=0x0 get=0x0 len=7015 coding=1 startqp=0 meanqp=0 picbytes=0 pskip=0 nalus=1 n1:7015
  snapshot f005: 3 venc_ko blocks (pool0 0x73801000 len 0x10000)
src frame 6: srcf=6 off=0 br=8000
frame 6: send=0x0 get=0x0 len=7704 coding=1 startqp=0 meanqp=0 picbytes=0 pskip=0 nalus=1 n1:7704
  snapshot f006: 3 venc_ko blocks (pool0 0x73801000 len 0x10000)
src frame 7: srcf=7 off=0 br=8000
frame 7: send=0x0 get=0x0 len=7509 coding=1 startqp=0 meanqp=0 picbytes=0 pskip=0 nalus=1 n1:7509
  snapshot f007: 3 venc_ko blocks (pool0 0x73801000 len 0x10000)
src frame 8: srcf=8 off=0 br=8000
frame 8: send=0x0 get=0x0 len=8423 coding=1 startqp=0 meanqp=0 picbytes=0 pskip=0 nalus=1 n1:8423
  snapshot f008: 3 venc_ko blocks (pool0 0x73801000 len 0x10000)
src frame 9: srcf=9 off=0 br=8000
frame 9: send=0x0 get=0x0 len=8053 coding=1 startqp=0 meanqp=0 picbytes=0 pskip=0 nalus=1 n1:8053
  snapshot f009: 3 venc_ko blocks (pool0 0x73801000 len 0x10000)
src frame 10: srcf=10 off=0 br=8000
frame 10: send=0x0 get=0x0 len=8328 coding=1 startqp=0 meanqp=0 picbytes=0 pskip=0 nalus=1 n1:8328
  snapshot f010: 3 venc_ko blocks (pool0 0x73801000 len 0x10000)
src frame 11: srcf=11 off=0 br=8000
frame 11: send=0x0 get=0x0 len=7994 coding=1 startqp=0 meanqp=0 picbytes=0 pskip=0 nalus=1 n1:7994
  snapshot f011: 3 venc_ko blocks (pool0 0x73801000 len 0x10000)
src frame 12: srcf=12 off=0 br=8000
frame 12: send=0x0 get=0x0 len=8543 coding=1 startqp=0 meanqp=0 picbytes=0 pskip=0 nalus=1 n1:8543
  snapshot f012: 3 venc_ko blocks (pool0 0x73801000 len 0x10000)
src frame 13: srcf=13 off=0 br=8000
frame 13: send=0x0 get=0x0 len=8707 coding=1 startqp=0 meanqp=0 picbytes=0 pskip=0 nalus=1 n1:8707
  snapshot f013: 3 venc_ko blocks (pool0 0x73801000 len 0x10000)
src frame 14: srcf=14 off=0 br=8000
frame 14: send=0x0 get=0x0 len=9688 coding=1 startqp=0 meanqp=0 picbytes=0 pskip=0 nalus=1 n1:9688
  snapshot f014: 3 venc_ko blocks (pool0 0x73801000 len 0x10000)
src frame 15: srcf=15 off=0 br=8000
frame 15: send=0x0 get=0x0 len=3296 coding=1 startqp=0 meanqp=0 picbytes=0 pskip=0 nalus=1 n1:3296
  snapshot f015: 3 venc_ko blocks (pool0 0x73801000 len 0x10000)
src frame 16: srcf=16 off=0 br=8000
frame 16: send=0x0 get=0x0 len=2074 coding=1 startqp=0 meanqp=0 picbytes=0 pskip=0 nalus=1 n1:2074
  snapshot f016: 3 venc_ko blocks (pool0 0x73801000 len 0x10000)
src frame 17: srcf=17 off=0 br=8000
frame 17: send=0x0 get=0x0 len=1920 coding=1 startqp=0 meanqp=0 picbytes=0 pskip=0 nalus=1 n1:1920
  snapshot f017: 3 venc_ko blocks (pool0 0x73801000 len 0x10000)
src frame 18: srcf=18 off=0 br=8000
frame 18: send=0x0 get=0x0 len=1890 coding=1 startqp=0 meanqp=0 picbytes=0 pskip=0 nalus=1 n1:1890
  snapshot f018: 3 venc_ko blocks (pool0 0x73801000 len 0x10000)
src frame 19: srcf=19 off=0 br=8000
frame 19: send=0x0 get=0x0 len=1890 coding=1 startqp=0 meanqp=0 picbytes=0 pskip=0 nalus=1 n1:1890
  snapshot f019: 3 venc_ko blocks (pool0 0x73801000 len 0x10000)
src frame 20: srcf=20 off=0 br=8000
frame 20: send=0x0 get=0x0 len=1890 coding=1 startqp=0 meanqp=0 picbytes=0 pskip=0 nalus=1 n1:1890
  snapshot f020: 3 venc_ko blocks (pool0 0x73801000 len 0x10000)
src frame 21: srcf=21 off=0 br=8000
frame 21: send=0x0 get=0x0 len=1890 coding=1 startqp=0 meanqp=0 picbytes=0 pskip=0 nalus=1 n1:1890
  snapshot f021: 3 venc_ko blocks (pool0 0x73801000 len 0x10000)
src frame 22: srcf=22 off=0 br=8000
frame 22: send=0x0 get=0x0 len=1890 coding=1 startqp=0 meanqp=0 picbytes=0 pskip=0 nalus=1 n1:1890
  snapshot f022: 3 venc_ko blocks (pool0 0x73801000 len 0x10000)
src frame 23: srcf=23 off=0 br=8000
frame 23: send=0x0 get=0x0 len=1890 coding=1 startqp=0 meanqp=0 picbytes=0 pskip=0 nalus=1 n1:1890
  snapshot f023: 3 venc_ko blocks (pool0 0x73801000 len 0x10000)
src frame 24: srcf=24 off=0 br=8000
frame 24: send=0x0 get=0x0 len=1890 coding=1 startqp=0 meanqp=0 picbytes=0 pskip=0 nalus=1 n1:1890
  snapshot f024: 3 venc_ko blocks (pool0 0x73801000 len 0x10000)
src frame 25: srcf=25 off=0 br=8000
frame 25: send=0x0 get=0x0 len=1890 coding=1 startqp=0 meanqp=0 picbytes=0 pskip=0 nalus=1 n1:1890
  snapshot f025: 3 venc_ko blocks (pool0 0x73801000 len 0x10000)
src frame 26: srcf=26 off=0 br=8000
frame 26: send=0x0 get=0x0 len=1890 coding=1 startqp=0 meanqp=0 picbytes=0 pskip=0 nalus=1 n1:1890
  snapshot f026: 3 venc_ko blocks (pool0 0x73801000 len 0x10000)
src frame 27: srcf=27 off=0 br=8000
frame 27: send=0x0 get=0x0 len=1890 coding=1 startqp=0 meanqp=0 picbytes=0 pskip=0 nalus=1 n1:1890
  snapshot f027: 3 venc_ko blocks (pool0 0x73801000 len 0x10000)
src frame 28: srcf=28 off=0 br=8000
frame 28: send=0x0 get=0x0 len=1890 coding=1 startqp=0 meanqp=0 picbytes=0 pskip=0 nalus=1 n1:1890
  snapshot f028: 3 venc_ko blocks (pool0 0x73801000 len 0x10000)
src frame 29: srcf=29 off=0 br=8000
frame 29: send=0x0 get=0x0 len=1890 coding=1 startqp=0 meanqp=0 picbytes=0 pskip=0 nalus=1 n1:1890
  snapshot f029: 3 venc_ko blocks (pool0 0x73801000 len 0x10000)
src frame 30: srcf=28 off=0 br=8000
frame 30: send=0x0 get=0x0 len=34365 coding=0 startqp=0 meanqp=0 picbytes=0 pskip=0 nalus=3 n7:32 n8:8 n5:34325
  snapshot f030: 3 venc_ko blocks (pool0 0x73801000 len 0x10000)
src frame 31: srcf=27 off=0 br=8000
frame 31: send=0x0 get=0x0 len=9961 coding=1 startqp=0 meanqp=0 picbytes=0 pskip=0 nalus=1 n1:9961
  snapshot f031: 3 venc_ko blocks (pool0 0x73801000 len 0x10000)
src frame 32: srcf=26 off=0 br=8000
frame 32: send=0x0 get=0x0 len=6692 coding=1 startqp=0 meanqp=0 picbytes=0 pskip=0 nalus=1 n1:6692
  snapshot f032: 3 venc_ko blocks (pool0 0x73801000 len 0x10000)
src frame 33: srcf=25 off=0 br=8000
frame 33: send=0x0 get=0x0 len=6877 coding=1 startqp=0 meanqp=0 picbytes=0 pskip=0 nalus=1 n1:6877
  snapshot f033: 3 venc_ko blocks (pool0 0x73801000 len 0x10000)
src frame 34: srcf=24 off=0 br=8000
frame 34: send=0x0 get=0x0 len=7132 coding=1 startqp=0 meanqp=0 picbytes=0 pskip=0 nalus=1 n1:7132
  snapshot f034: 3 venc_ko blocks (pool0 0x73801000 len 0x10000)
src frame 35: srcf=23 off=0 br=8000
frame 35: send=0x0 get=0x0 len=7252 coding=1 startqp=0 meanqp=0 picbytes=0 pskip=0 nalus=1 n1:7252
  snapshot f035: 3 venc_ko blocks (pool0 0x73801000 len 0x10000)
src frame 36: srcf=22 off=0 br=8000
frame 36: send=0x0 get=0x0 len=7418 coding=1 startqp=0 meanqp=0 picbytes=0 pskip=0 nalus=1 n1:7418
  snapshot f036: 3 venc_ko blocks (pool0 0x73801000 len 0x10000)
src frame 37: srcf=21 off=0 br=8000
frame 37: send=0x0 get=0x0 len=8150 coding=1 startqp=0 meanqp=0 picbytes=0 pskip=0 nalus=1 n1:8150
  snapshot f037: 3 venc_ko blocks (pool0 0x73801000 len 0x10000)
src frame 38: srcf=20 off=0 br=8000
frame 38: send=0x0 get=0x0 len=8088 coding=1 startqp=0 meanqp=0 picbytes=0 pskip=0 nalus=1 n1:8088
  snapshot f038: 3 venc_ko blocks (pool0 0x73801000 len 0x10000)
src frame 39: srcf=19 off=0 br=8000
frame 39: send=0x0 get=0x0 len=8545 coding=1 startqp=0 meanqp=0 picbytes=0 pskip=0 nalus=1 n1:8545
  snapshot f039: 3 venc_ko blocks (pool0 0x73801000 len 0x10000)
src frame 40: srcf=18 off=0 br=8000
frame 40: send=0x0 get=0x0 len=8285 coding=1 startqp=0 meanqp=0 picbytes=0 pskip=0 nalus=1 n1:8285
  snapshot f040: 3 venc_ko blocks (pool0 0x73801000 len 0x10000)
src frame 41: srcf=17 off=0 br=8000
frame 41: send=0x0 get=0x0 len=8974 coding=1 startqp=0 meanqp=0 picbytes=0 pskip=0 nalus=1 n1:8974
  snapshot f041: 3 venc_ko blocks (pool0 0x73801000 len 0x10000)
src frame 42: srcf=16 off=0 br=8000
frame 42: send=0x0 get=0x0 len=9243 coding=1 startqp=0 meanqp=0 picbytes=0 pskip=0 nalus=1 n1:9243
  snapshot f042: 3 venc_ko blocks (pool0 0x73801000 len 0x10000)
src frame 43: srcf=15 off=0 br=8000
frame 43: send=0x0 get=0x0 len=9735 coding=1 startqp=0 meanqp=0 picbytes=0 pskip=0 nalus=1 n1:9735
  snapshot f043: 3 venc_ko blocks (pool0 0x73801000 len 0x10000)
src frame 44: srcf=14 off=0 br=8000
frame 44: send=0x0 get=0x0 len=10224 coding=1 startqp=0 meanqp=0 picbytes=0 pskip=0 nalus=1 n1:10224
  snapshot f044: 3 venc_ko blocks (pool0 0x73801000 len 0x10000)
src frame 45: srcf=13 off=0 br=8000
frame 45: send=0x0 get=0x0 len=4027 coding=1 startqp=0 meanqp=0 picbytes=0 pskip=0 nalus=1 n1:4027
  snapshot f045: 3 venc_ko blocks (pool0 0x73801000 len 0x10000)
src frame 46: srcf=12 off=0 br=8000
frame 46: send=0x0 get=0x0 len=2563 coding=1 startqp=0 meanqp=0 picbytes=0 pskip=0 nalus=1 n1:2563
  snapshot f046: 3 venc_ko blocks (pool0 0x73801000 len 0x10000)
src frame 47: srcf=11 off=0 br=8000
frame 47: send=0x0 get=0x0 len=2371 coding=1 startqp=0 meanqp=0 picbytes=0 pskip=0 nalus=1 n1:2371
  snapshot f047: 3 venc_ko blocks (pool0 0x73801000 len 0x10000)
src frame 48: srcf=10 off=0 br=8000
frame 48: send=0x0 get=0x0 len=2328 coding=1 startqp=0 meanqp=0 picbytes=0 pskip=0 nalus=1 n1:2328
  snapshot f048: 3 venc_ko blocks (pool0 0x73801000 len 0x10000)
src frame 49: srcf=9 off=0 br=8000
frame 49: send=0x0 get=0x0 len=2299 coding=1 startqp=0 meanqp=0 picbytes=0 pskip=0 nalus=1 n1:2299
  snapshot f049: 3 venc_ko blocks (pool0 0x73801000 len 0x10000)
src frame 50: srcf=8 off=0 br=8000
frame 50: send=0x0 get=0x0 len=2315 coding=1 startqp=0 meanqp=0 picbytes=0 pskip=0 nalus=1 n1:2315
  snapshot f050: 3 venc_ko blocks (pool0 0x73801000 len 0x10000)
src frame 51: srcf=7 off=0 br=8000
frame 51: send=0x0 get=0x0 len=2285 coding=1 startqp=0 meanqp=0 picbytes=0 pskip=0 nalus=1 n1:2285
  snapshot f051: 3 venc_ko blocks (pool0 0x73801000 len 0x10000)
src frame 52: srcf=6 off=0 br=8000
frame 52: send=0x0 get=0x0 len=2294 coding=1 startqp=0 meanqp=0 picbytes=0 pskip=0 nalus=1 n1:2294
  snapshot f052: 3 venc_ko blocks (pool0 0x73801000 len 0x10000)
src frame 53: srcf=5 off=0 br=8000
frame 53: send=0x0 get=0x0 len=2285 coding=1 startqp=0 meanqp=0 picbytes=0 pskip=0 nalus=1 n1:2285
  snapshot f053: 3 venc_ko blocks (pool0 0x73801000 len 0x10000)
src frame 54: srcf=4 off=0 br=8000
frame 54: send=0x0 get=0x0 len=2294 coding=1 startqp=0 meanqp=0 picbytes=0 pskip=0 nalus=1 n1:2294
  snapshot f054: 3 venc_ko blocks (pool0 0x73801000 len 0x10000)
src frame 55: srcf=3 off=0 br=8000
frame 55: send=0x0 get=0x0 len=2285 coding=1 startqp=0 meanqp=0 picbytes=0 pskip=0 nalus=1 n1:2285
  snapshot f055: 3 venc_ko blocks (pool0 0x73801000 len 0x10000)
src frame 56: srcf=2 off=0 br=8000
frame 56: send=0x0 get=0x0 len=2294 coding=1 startqp=0 meanqp=0 picbytes=0 pskip=0 nalus=1 n1:2294
  snapshot f056: 3 venc_ko blocks (pool0 0x73801000 len 0x10000)
src frame 57: srcf=1 off=0 br=8000
frame 57: send=0x0 get=0x0 len=2285 coding=1 startqp=0 meanqp=0 picbytes=0 pskip=0 nalus=1 n1:2285
  snapshot f057: 3 venc_ko blocks (pool0 0x73801000 len 0x10000)
src frame 58: srcf=0 off=0 br=8000
frame 58: send=0x0 get=0x0 len=2294 coding=1 startqp=0 meanqp=0 picbytes=0 pskip=0 nalus=1 n1:2294
  snapshot f058: 3 venc_ko blocks (pool0 0x73801000 len 0x10000)
src frame 59: srcf=1 off=0 br=8000
frame 59: send=0x0 get=0x0 len=2285 coding=1 startqp=0 meanqp=0 picbytes=0 pskip=0 nalus=1 n1:2285
  snapshot f059: 3 venc_ko blocks (pool0 0x73801000 len 0x10000)
src frame 60: srcf=2 off=0 br=8000
frame 60: send=0x0 get=0x0 len=38177 coding=0 startqp=0 meanqp=0 picbytes=0 pskip=0 nalus=3 n7:32 n8:8 n5:38137
  snapshot f060: 3 venc_ko blocks (pool0 0x73801000 len 0x10000)
src frame 61: srcf=3 off=0 br=8000
frame 61: send=0x0 get=0x0 len=10707 coding=1 startqp=0 meanqp=0 picbytes=0 pskip=0 nalus=1 n1:10707
  snapshot f061: 3 venc_ko blocks (pool0 0x73801000 len 0x10000)
src frame 62: srcf=4 off=0 br=8000
frame 62: send=0x0 get=0x0 len=7234 coding=1 startqp=0 meanqp=0 picbytes=0 pskip=0 nalus=1 n1:7234
  snapshot f062: 3 venc_ko blocks (pool0 0x73801000 len 0x10000)
src frame 63: srcf=5 off=0 br=8000
frame 63: send=0x0 get=0x0 len=7484 coding=1 startqp=0 meanqp=0 picbytes=0 pskip=0 nalus=1 n1:7484
  snapshot f063: 3 venc_ko blocks (pool0 0x73801000 len 0x10000)
src frame 64: srcf=6 off=0 br=8000
frame 64: send=0x0 get=0x0 len=7439 coding=1 startqp=0 meanqp=0 picbytes=0 pskip=0 nalus=1 n1:7439
  snapshot f064: 3 venc_ko blocks (pool0 0x73801000 len 0x10000)
src frame 65: srcf=7 off=0 br=8000
frame 65: send=0x0 get=0x0 len=7761 coding=1 startqp=0 meanqp=0 picbytes=0 pskip=0 nalus=1 n1:7761
  snapshot f065: 3 venc_ko blocks (pool0 0x73801000 len 0x10000)
src frame 66: srcf=8 off=0 br=8000
frame 66: send=0x0 get=0x0 len=7899 coding=1 startqp=0 meanqp=0 picbytes=0 pskip=0 nalus=1 n1:7899
  snapshot f066: 3 venc_ko blocks (pool0 0x73801000 len 0x10000)
src frame 67: srcf=9 off=0 br=8000
frame 67: send=0x0 get=0x0 len=8632 coding=1 startqp=0 meanqp=0 picbytes=0 pskip=0 nalus=1 n1:8632
  snapshot f067: 3 venc_ko blocks (pool0 0x73801000 len 0x10000)
src frame 68: srcf=10 off=0 br=8000
frame 68: send=0x0 get=0x0 len=8788 coding=1 startqp=0 meanqp=0 picbytes=0 pskip=0 nalus=1 n1:8788
  snapshot f068: 3 venc_ko blocks (pool0 0x73801000 len 0x10000)
src frame 69: srcf=11 off=0 br=8000
frame 69: send=0x0 get=0x0 len=8914 coding=1 startqp=0 meanqp=0 picbytes=0 pskip=0 nalus=1 n1:8914
  snapshot f069: 3 venc_ko blocks (pool0 0x73801000 len 0x10000)
src frame 70: srcf=12 off=0 br=8000
frame 70: send=0x0 get=0x0 len=8745 coding=1 startqp=0 meanqp=0 picbytes=0 pskip=0 nalus=1 n1:8745
  snapshot f070: 3 venc_ko blocks (pool0 0x73801000 len 0x10000)
src frame 71: srcf=13 off=0 br=8000
frame 71: send=0x0 get=0x0 len=9101 coding=1 startqp=0 meanqp=0 picbytes=0 pskip=0 nalus=1 n1:9101
  snapshot f071: 3 venc_ko blocks (pool0 0x73801000 len 0x10000)
src frame 72: srcf=14 off=0 br=8000
frame 72: send=0x0 get=0x0 len=9267 coding=1 startqp=0 meanqp=0 picbytes=0 pskip=0 nalus=1 n1:9267
  snapshot f072: 3 venc_ko blocks (pool0 0x73801000 len 0x10000)
src frame 73: srcf=15 off=0 br=8000
frame 73: send=0x0 get=0x0 len=3593 coding=1 startqp=0 meanqp=0 picbytes=0 pskip=0 nalus=1 n1:3593
  snapshot f073: 3 venc_ko blocks (pool0 0x73801000 len 0x10000)
src frame 74: srcf=16 off=0 br=8000
frame 74: send=0x0 get=0x0 len=2478 coding=1 startqp=0 meanqp=0 picbytes=0 pskip=0 nalus=1 n1:2478
  snapshot f074: 3 venc_ko blocks (pool0 0x73801000 len 0x10000)
src frame 75: srcf=17 off=0 br=8000
frame 75: send=0x0 get=0x0 len=2296 coding=1 startqp=0 meanqp=0 picbytes=0 pskip=0 nalus=1 n1:2296
  snapshot f075: 3 venc_ko blocks (pool0 0x73801000 len 0x10000)
src frame 76: srcf=18 off=0 br=8000
frame 76: send=0x0 get=0x0 len=2021 coding=1 startqp=0 meanqp=0 picbytes=0 pskip=0 nalus=1 n1:2021
  snapshot f076: 3 venc_ko blocks (pool0 0x73801000 len 0x10000)
src frame 77: srcf=19 off=0 br=8000
frame 77: send=0x0 get=0x0 len=1971 coding=1 startqp=0 meanqp=0 picbytes=0 pskip=0 nalus=1 n1:1971
  snapshot f077: 3 venc_ko blocks (pool0 0x73801000 len 0x10000)
src frame 78: srcf=20 off=0 br=8000
frame 78: send=0x0 get=0x0 len=1968 coding=1 startqp=0 meanqp=0 picbytes=0 pskip=0 nalus=1 n1:1968
  snapshot f078: 3 venc_ko blocks (pool0 0x73801000 len 0x10000)
src frame 79: srcf=21 off=0 br=8000
frame 79: send=0x0 get=0x0 len=1963 coding=1 startqp=0 meanqp=0 picbytes=0 pskip=0 nalus=1 n1:1963
  snapshot f079: 3 venc_ko blocks (pool0 0x73801000 len 0x10000)
src frame 80: srcf=22 off=0 br=8000
frame 80: send=0x0 get=0x0 len=1958 coding=1 startqp=0 meanqp=0 picbytes=0 pskip=0 nalus=1 n1:1958
  snapshot f080: 3 venc_ko blocks (pool0 0x73801000 len 0x10000)
src frame 81: srcf=23 off=0 br=8000
frame 81: send=0x0 get=0x0 len=1958 coding=1 startqp=0 meanqp=0 picbytes=0 pskip=0 nalus=1 n1:1958
  snapshot f081: 3 venc_ko blocks (pool0 0x73801000 len 0x10000)
src frame 82: srcf=24 off=0 br=8000
frame 82: send=0x0 get=0x0 len=1958 coding=1 startqp=0 meanqp=0 picbytes=0 pskip=0 nalus=1 n1:1958
  snapshot f082: 3 venc_ko blocks (pool0 0x73801000 len 0x10000)
src frame 83: srcf=25 off=0 br=8000
frame 83: send=0x0 get=0x0 len=1958 coding=1 startqp=0 meanqp=0 picbytes=0 pskip=0 nalus=1 n1:1958
  snapshot f083: 3 venc_ko blocks (pool0 0x73801000 len 0x10000)
src frame 84: srcf=26 off=0 br=8000
frame 84: send=0x0 get=0x0 len=1958 coding=1 startqp=0 meanqp=0 picbytes=0 pskip=0 nalus=1 n1:1958
  snapshot f084: 3 venc_ko blocks (pool0 0x73801000 len 0x10000)
src frame 85: srcf=27 off=0 br=8000
frame 85: send=0x0 get=0x0 len=1958 coding=1 startqp=0 meanqp=0 picbytes=0 pskip=0 nalus=1 n1:1958
  snapshot f085: 3 venc_ko blocks (pool0 0x73801000 len 0x10000)
src frame 86: srcf=28 off=0 br=8000
frame 86: send=0x0 get=0x0 len=1958 coding=1 startqp=0 meanqp=0 picbytes=0 pskip=0 nalus=1 n1:1958
  snapshot f086: 3 venc_ko blocks (pool0 0x73801000 len 0x10000)
src frame 87: srcf=29 off=0 br=8000
frame 87: send=0x0 get=0x0 len=1958 coding=1 startqp=0 meanqp=0 picbytes=0 pskip=0 nalus=1 n1:1958
  snapshot f087: 3 venc_ko blocks (pool0 0x73801000 len 0x10000)
src frame 88: srcf=28 off=0 br=8000
frame 88: send=0x0 get=0x0 len=1958 coding=1 startqp=0 meanqp=0 picbytes=0 pskip=0 nalus=1 n1:1958
  snapshot f088: 3 venc_ko blocks (pool0 0x73801000 len 0x10000)
src frame 89: srcf=27 off=0 br=8000
frame 89: send=0x0 get=0x0 len=1958 coding=1 startqp=0 meanqp=0 picbytes=0 pskip=0 nalus=1 n1:1958
  snapshot f089: 3 venc_ko blocks (pool0 0x73801000 len 0x10000)
src frame 90: srcf=26 off=0 br=8000
frame 90: send=0x0 get=0x0 len=42391 coding=0 startqp=0 meanqp=0 picbytes=0 pskip=0 nalus=3 n7:32 n8:8 n5:42351
  snapshot f090: 3 venc_ko blocks (pool0 0x73801000 len 0x10000)
src frame 91: srcf=25 off=0 br=8000
frame 91: send=0x0 get=0x0 len=10391 coding=1 startqp=0 meanqp=0 picbytes=0 pskip=0 nalus=1 n1:10391
  snapshot f091: 3 venc_ko blocks (pool0 0x73801000 len 0x10000)
src frame 92: srcf=24 off=0 br=8000
frame 92: send=0x0 get=0x0 len=6913 coding=1 startqp=0 meanqp=0 picbytes=0 pskip=0 nalus=1 n1:6913
  snapshot f092: 3 venc_ko blocks (pool0 0x73801000 len 0x10000)
src frame 93: srcf=23 off=0 br=8000
frame 93: send=0x0 get=0x0 len=7383 coding=1 startqp=0 meanqp=0 picbytes=0 pskip=0 nalus=1 n1:7383
  snapshot f093: 3 venc_ko blocks (pool0 0x73801000 len 0x10000)
src frame 94: srcf=22 off=0 br=8000
frame 94: send=0x0 get=0x0 len=7486 coding=1 startqp=0 meanqp=0 picbytes=0 pskip=0 nalus=1 n1:7486
  snapshot f094: 3 venc_ko blocks (pool0 0x73801000 len 0x10000)
src frame 95: srcf=21 off=0 br=8000
frame 95: send=0x0 get=0x0 len=8400 coding=1 startqp=0 meanqp=0 picbytes=0 pskip=0 nalus=1 n1:8400
  snapshot f095: 3 venc_ko blocks (pool0 0x73801000 len 0x10000)
src frame 96: srcf=20 off=0 br=8000
frame 96: send=0x0 get=0x0 len=7805 coding=1 startqp=0 meanqp=0 picbytes=0 pskip=0 nalus=1 n1:7805
  snapshot f096: 3 venc_ko blocks (pool0 0x73801000 len 0x10000)
src frame 97: srcf=19 off=0 br=8000
frame 97: send=0x0 get=0x0 len=8825 coding=1 startqp=0 meanqp=0 picbytes=0 pskip=0 nalus=1 n1:8825
  snapshot f097: 3 venc_ko blocks (pool0 0x73801000 len 0x10000)
src frame 98: srcf=18 off=0 br=8000
frame 98: send=0x0 get=0x0 len=9181 coding=1 startqp=0 meanqp=0 picbytes=0 pskip=0 nalus=1 n1:9181
  snapshot f098: 3 venc_ko blocks (pool0 0x73801000 len 0x10000)
src frame 99: srcf=17 off=0 br=8000
frame 99: send=0x0 get=0x0 len=9551 coding=1 startqp=0 meanqp=0 picbytes=0 pskip=0 nalus=1 n1:9551
  snapshot f099: 3 venc_ko blocks (pool0 0x73801000 len 0x10000)
src frame 100: srcf=16 off=0 br=8000
frame 100: send=0x0 get=0x0 len=10041 coding=1 startqp=0 meanqp=0 picbytes=0 pskip=0 nalus=1 n1:10041
  snapshot f100: 3 venc_ko blocks (pool0 0x73801000 len 0x10000)
src frame 101: srcf=15 off=0 br=8000
frame 101: send=0x0 get=0x0 len=4015 coding=1 startqp=0 meanqp=0 picbytes=0 pskip=0 nalus=1 n1:4015
  snapshot f101: 3 venc_ko blocks (pool0 0x73801000 len 0x10000)
src frame 102: srcf=14 off=0 br=8000
frame 102: send=0x0 get=0x0 len=2778 coding=1 startqp=0 meanqp=0 picbytes=0 pskip=0 nalus=1 n1:2778
  snapshot f102: 3 venc_ko blocks (pool0 0x73801000 len 0x10000)
src frame 103: srcf=13 off=0 br=8000
frame 103: send=0x0 get=0x0 len=2567 coding=1 startqp=0 meanqp=0 picbytes=0 pskip=0 nalus=1 n1:2567
  snapshot f103: 3 venc_ko blocks (pool0 0x73801000 len 0x10000)
src frame 104: srcf=12 off=0 br=8000
frame 104: send=0x0 get=0x0 len=2537 coding=1 startqp=0 meanqp=0 picbytes=0 pskip=0 nalus=1 n1:2537
  snapshot f104: 3 venc_ko blocks (pool0 0x73801000 len 0x10000)
src frame 105: srcf=11 off=0 br=8000
frame 105: send=0x0 get=0x0 len=2552 coding=1 startqp=0 meanqp=0 picbytes=0 pskip=0 nalus=1 n1:2552
  snapshot f105: 3 venc_ko blocks (pool0 0x73801000 len 0x10000)
src frame 106: srcf=10 off=0 br=8000
frame 106: send=0x0 get=0x0 len=2309 coding=1 startqp=0 meanqp=0 picbytes=0 pskip=0 nalus=1 n1:2309
  snapshot f106: 3 venc_ko blocks (pool0 0x73801000 len 0x10000)
src frame 107: srcf=9 off=0 br=8000
frame 107: send=0x0 get=0x0 len=2278 coding=1 startqp=0 meanqp=0 picbytes=0 pskip=0 nalus=1 n1:2278
  snapshot f107: 3 venc_ko blocks (pool0 0x73801000 len 0x10000)
src frame 108: srcf=8 off=0 br=8000
frame 108: send=0x0 get=0x0 len=2286 coding=1 startqp=0 meanqp=0 picbytes=0 pskip=0 nalus=1 n1:2286
  snapshot f108: 3 venc_ko blocks (pool0 0x73801000 len 0x10000)
src frame 109: srcf=7 off=0 br=8000
frame 109: send=0x0 get=0x0 len=2278 coding=1 startqp=0 meanqp=0 picbytes=0 pskip=0 nalus=1 n1:2278
  snapshot f109: 3 venc_ko blocks (pool0 0x73801000 len 0x10000)
src frame 110: srcf=6 off=0 br=8000
frame 110: send=0x0 get=0x0 len=2286 coding=1 startqp=0 meanqp=0 picbytes=0 pskip=0 nalus=1 n1:2286
  snapshot f110: 3 venc_ko blocks (pool0 0x73801000 len 0x10000)
src frame 111: srcf=5 off=0 br=8000
frame 111: send=0x0 get=0x0 len=2278 coding=1 startqp=0 meanqp=0 picbytes=0 pskip=0 nalus=1 n1:2278
  snapshot f111: 3 venc_ko blocks (pool0 0x73801000 len 0x10000)
src frame 112: srcf=4 off=0 br=8000
frame 112: send=0x0 get=0x0 len=2286 coding=1 startqp=0 meanqp=0 picbytes=0 pskip=0 nalus=1 n1:2286
  snapshot f112: 3 venc_ko blocks (pool0 0x73801000 len 0x10000)
src frame 113: srcf=3 off=0 br=8000
frame 113: send=0x0 get=0x0 len=2278 coding=1 startqp=0 meanqp=0 picbytes=0 pskip=0 nalus=1 n1:2278
  snapshot f113: 3 venc_ko blocks (pool0 0x73801000 len 0x10000)
src frame 114: srcf=2 off=0 br=8000
frame 114: send=0x0 get=0x0 len=2286 coding=1 startqp=0 meanqp=0 picbytes=0 pskip=0 nalus=1 n1:2286
  snapshot f114: 3 venc_ko blocks (pool0 0x73801000 len 0x10000)
src frame 115: srcf=1 off=0 br=8000
frame 115: send=0x0 get=0x0 len=2278 coding=1 startqp=0 meanqp=0 picbytes=0 pskip=0 nalus=1 n1:2278
  snapshot f115: 3 venc_ko blocks (pool0 0x73801000 len 0x10000)
src frame 116: srcf=0 off=0 br=8000
frame 116: send=0x0 get=0x0 len=2286 coding=1 startqp=0 meanqp=0 picbytes=0 pskip=0 nalus=1 n1:2286
  snapshot f116: 3 venc_ko blocks (pool0 0x73801000 len 0x10000)
src frame 117: srcf=1 off=0 br=8000
frame 117: send=0x0 get=0x0 len=2278 coding=1 startqp=0 meanqp=0 picbytes=0 pskip=0 nalus=1 n1:2278
  snapshot f117: 3 venc_ko blocks (pool0 0x73801000 len 0x10000)
src frame 118: srcf=2 off=0 br=8000
frame 118: send=0x0 get=0x0 len=2286 coding=1 startqp=0 meanqp=0 picbytes=0 pskip=0 nalus=1 n1:2286
  snapshot f118: 3 venc_ko blocks (pool0 0x73801000 len 0x10000)
src frame 119: srcf=3 off=0 br=8000
frame 119: send=0x0 get=0x0 len=2278 coding=1 startqp=0 meanqp=0 picbytes=0 pskip=0 nalus=1 n1:2278
  snapshot f119: 3 venc_ko blocks (pool0 0x73801000 len 0x10000)
src frame 120: srcf=4 off=0 br=8000
frame 120: send=0x0 get=0x0 len=46570 coding=0 startqp=0 meanqp=0 picbytes=0 pskip=0 nalus=3 n7:32 n8:8 n5:46530
  snapshot f120: 3 venc_ko blocks (pool0 0x73801000 len 0x10000)
src frame 121: srcf=5 off=0 br=8000
frame 121: send=0x0 get=0x0 len=11371 coding=1 startqp=0 meanqp=0 picbytes=0 pskip=0 nalus=1 n1:11371
  snapshot f121: 3 venc_ko blocks (pool0 0x73801000 len 0x10000)
src frame 122: srcf=6 off=0 br=8000
frame 122: send=0x0 get=0x0 len=8331 coding=1 startqp=0 meanqp=0 picbytes=0 pskip=0 nalus=1 n1:8331
  snapshot f122: 3 venc_ko blocks (pool0 0x73801000 len 0x10000)
src frame 123: srcf=7 off=0 br=8000
frame 123: send=0x0 get=0x0 len=8301 coding=1 startqp=0 meanqp=0 picbytes=0 pskip=0 nalus=1 n1:8301
  snapshot f123: 3 venc_ko blocks (pool0 0x73801000 len 0x10000)
src frame 124: srcf=8 off=0 br=8000
frame 124: send=0x0 get=0x0 len=8238 coding=1 startqp=0 meanqp=0 picbytes=0 pskip=0 nalus=1 n1:8238
  snapshot f124: 3 venc_ko blocks (pool0 0x73801000 len 0x10000)
src frame 125: srcf=9 off=0 br=8000
frame 125: send=0x0 get=0x0 len=8767 coding=1 startqp=0 meanqp=0 picbytes=0 pskip=0 nalus=1 n1:8767
  snapshot f125: 3 venc_ko blocks (pool0 0x73801000 len 0x10000)
src frame 126: srcf=10 off=0 br=8000
frame 126: send=0x0 get=0x0 len=8436 coding=1 startqp=0 meanqp=0 picbytes=0 pskip=0 nalus=1 n1:8436
  snapshot f126: 3 venc_ko blocks (pool0 0x73801000 len 0x10000)
src frame 127: srcf=11 off=0 br=8000
frame 127: send=0x0 get=0x0 len=9321 coding=1 startqp=0 meanqp=0 picbytes=0 pskip=0 nalus=1 n1:9321
  snapshot f127: 3 venc_ko blocks (pool0 0x73801000 len 0x10000)
src frame 128: srcf=12 off=0 br=8000
frame 128: send=0x0 get=0x0 len=9266 coding=1 startqp=0 meanqp=0 picbytes=0 pskip=0 nalus=1 n1:9266
  snapshot f128: 3 venc_ko blocks (pool0 0x73801000 len 0x10000)
src frame 129: srcf=13 off=0 br=8000
frame 129: send=0x0 get=0x0 len=3377 coding=1 startqp=0 meanqp=0 picbytes=0 pskip=0 nalus=1 n1:3377
  snapshot f129: 3 venc_ko blocks (pool0 0x73801000 len 0x10000)
src frame 130: srcf=14 off=0 br=8000
frame 130: send=0x0 get=0x0 len=2204 coding=1 startqp=0 meanqp=0 picbytes=0 pskip=0 nalus=1 n1:2204
  snapshot f130: 3 venc_ko blocks (pool0 0x73801000 len 0x10000)
src frame 131: srcf=15 off=0 br=8000
frame 131: send=0x0 get=0x0 len=2011 coding=1 startqp=0 meanqp=0 picbytes=0 pskip=0 nalus=1 n1:2011
  snapshot f131: 3 venc_ko blocks (pool0 0x73801000 len 0x10000)
src frame 132: srcf=16 off=0 br=8000
frame 132: send=0x0 get=0x0 len=1981 coding=1 startqp=0 meanqp=0 picbytes=0 pskip=0 nalus=1 n1:1981
  snapshot f132: 3 venc_ko blocks (pool0 0x73801000 len 0x10000)
src frame 133: srcf=17 off=0 br=8000
frame 133: send=0x0 get=0x0 len=1996 coding=1 startqp=0 meanqp=0 picbytes=0 pskip=0 nalus=1 n1:1996
  snapshot f133: 3 venc_ko blocks (pool0 0x73801000 len 0x10000)
src frame 134: srcf=18 off=0 br=8000
frame 134: send=0x0 get=0x0 len=1900 coding=1 startqp=0 meanqp=0 picbytes=0 pskip=0 nalus=1 n1:1900
  snapshot f134: 3 venc_ko blocks (pool0 0x73801000 len 0x10000)
src frame 135: srcf=19 off=0 br=8000
frame 135: send=0x0 get=0x0 len=1877 coding=1 startqp=0 meanqp=0 picbytes=0 pskip=0 nalus=1 n1:1877
  snapshot f135: 3 venc_ko blocks (pool0 0x73801000 len 0x10000)
src frame 136: srcf=20 off=0 br=8000
frame 136: send=0x0 get=0x0 len=1756 coding=1 startqp=0 meanqp=0 picbytes=0 pskip=0 nalus=1 n1:1756
  snapshot f136: 3 venc_ko blocks (pool0 0x73801000 len 0x10000)
src frame 137: srcf=21 off=0 br=8000
frame 137: send=0x0 get=0x0 len=1736 coding=1 startqp=0 meanqp=0 picbytes=0 pskip=0 nalus=1 n1:1736
  snapshot f137: 3 venc_ko blocks (pool0 0x73801000 len 0x10000)
src frame 138: srcf=22 off=0 br=8000
frame 138: send=0x0 get=0x0 len=1736 coding=1 startqp=0 meanqp=0 picbytes=0 pskip=0 nalus=1 n1:1736
  snapshot f138: 3 venc_ko blocks (pool0 0x73801000 len 0x10000)
src frame 139: srcf=23 off=0 br=8000
frame 139: send=0x0 get=0x0 len=1725 coding=1 startqp=0 meanqp=0 picbytes=0 pskip=0 nalus=1 n1:1725
  snapshot f139: 3 venc_ko blocks (pool0 0x73801000 len 0x10000)
src frame 140: srcf=24 off=0 br=8000
frame 140: send=0x0 get=0x0 len=1736 coding=1 startqp=0 meanqp=0 picbytes=0 pskip=0 nalus=1 n1:1736
  snapshot f140: 3 venc_ko blocks (pool0 0x73801000 len 0x10000)
src frame 141: srcf=25 off=0 br=8000
frame 141: send=0x0 get=0x0 len=1727 coding=1 startqp=0 meanqp=0 picbytes=0 pskip=0 nalus=1 n1:1727
  snapshot f141: 3 venc_ko blocks (pool0 0x73801000 len 0x10000)
src frame 142: srcf=26 off=0 br=8000
frame 142: send=0x0 get=0x0 len=1736 coding=1 startqp=0 meanqp=0 picbytes=0 pskip=0 nalus=1 n1:1736
  snapshot f142: 3 venc_ko blocks (pool0 0x73801000 len 0x10000)
src frame 143: srcf=27 off=0 br=8000
frame 143: send=0x0 get=0x0 len=1727 coding=1 startqp=0 meanqp=0 picbytes=0 pskip=0 nalus=1 n1:1727
  snapshot f143: 3 venc_ko blocks (pool0 0x73801000 len 0x10000)
src frame 144: srcf=28 off=0 br=8000
frame 144: send=0x0 get=0x0 len=1736 coding=1 startqp=0 meanqp=0 picbytes=0 pskip=0 nalus=1 n1:1736
  snapshot f144: 3 venc_ko blocks (pool0 0x73801000 len 0x10000)
src frame 145: srcf=29 off=0 br=8000
frame 145: send=0x0 get=0x0 len=1727 coding=1 startqp=0 meanqp=0 picbytes=0 pskip=0 nalus=1 n1:1727
  snapshot f145: 3 venc_ko blocks (pool0 0x73801000 len 0x10000)
src frame 146: srcf=28 off=0 br=8000
frame 146: send=0x0 get=0x0 len=1736 coding=1 startqp=0 meanqp=0 picbytes=0 pskip=0 nalus=1 n1:1736
  snapshot f146: 3 venc_ko blocks (pool0 0x73801000 len 0x10000)
src frame 147: srcf=27 off=0 br=8000
frame 147: send=0x0 get=0x0 len=1727 coding=1 startqp=0 meanqp=0 picbytes=0 pskip=0 nalus=1 n1:1727
  snapshot f147: 3 venc_ko blocks (pool0 0x73801000 len 0x10000)
src frame 148: srcf=26 off=0 br=8000
frame 148: send=0x0 get=0x0 len=1736 coding=1 startqp=0 meanqp=0 picbytes=0 pskip=0 nalus=1 n1:1736
  snapshot f148: 3 venc_ko blocks (pool0 0x73801000 len 0x10000)
src frame 149: srcf=25 off=0 br=8000
frame 149: send=0x0 get=0x0 len=1727 coding=1 startqp=0 meanqp=0 picbytes=0 pskip=0 nalus=1 n1:1727
  snapshot f149: 3 venc_ko blocks (pool0 0x73801000 len 0x10000)
src frame 150: srcf=24 off=0 br=8000
frame 150: send=0x0 get=0x0 len=51112 coding=0 startqp=0 meanqp=0 picbytes=0 pskip=0 nalus=3 n7:32 n8:8 n5:51072
  snapshot f150: 3 venc_ko blocks (pool0 0x73801000 len 0x10000)
src frame 151: srcf=23 off=0 br=8000
frame 151: send=0x0 get=0x0 len=12731 coding=1 startqp=0 meanqp=0 picbytes=0 pskip=0 nalus=1 n1:12731
  snapshot f151: 3 venc_ko blocks (pool0 0x73801000 len 0x10000)
src frame 152: srcf=22 off=0 br=8000
frame 152: send=0x0 get=0x0 len=7908 coding=1 startqp=0 meanqp=0 picbytes=0 pskip=0 nalus=1 n1:7908
  snapshot f152: 3 venc_ko blocks (pool0 0x73801000 len 0x10000)
src frame 153: srcf=21 off=0 br=8000
frame 153: send=0x0 get=0x0 len=8510 coding=1 startqp=0 meanqp=0 picbytes=0 pskip=0 nalus=1 n1:8510
  snapshot f153: 3 venc_ko blocks (pool0 0x73801000 len 0x10000)
src frame 154: srcf=20 off=0 br=8000
frame 154: send=0x0 get=0x0 len=8875 coding=1 startqp=0 meanqp=0 picbytes=0 pskip=0 nalus=1 n1:8875
  snapshot f154: 3 venc_ko blocks (pool0 0x73801000 len 0x10000)
src frame 155: srcf=19 off=0 br=8000
frame 155: send=0x0 get=0x0 len=9267 coding=1 startqp=0 meanqp=0 picbytes=0 pskip=0 nalus=1 n1:9267
  snapshot f155: 3 venc_ko blocks (pool0 0x73801000 len 0x10000)
src frame 156: srcf=18 off=0 br=8000
frame 156: send=0x0 get=0x0 len=9291 coding=1 startqp=0 meanqp=0 picbytes=0 pskip=0 nalus=1 n1:9291
  snapshot f156: 3 venc_ko blocks (pool0 0x73801000 len 0x10000)
src frame 157: srcf=17 off=0 br=8000
frame 157: send=0x0 get=0x0 len=3583 coding=1 startqp=0 meanqp=0 picbytes=0 pskip=0 nalus=1 n1:3583
  snapshot f157: 3 venc_ko blocks (pool0 0x73801000 len 0x10000)
src frame 158: srcf=16 off=0 br=8000
frame 158: send=0x0 get=0x0 len=2364 coding=1 startqp=0 meanqp=0 picbytes=0 pskip=0 nalus=1 n1:2364
  snapshot f158: 3 venc_ko blocks (pool0 0x73801000 len 0x10000)
src frame 159: srcf=15 off=0 br=8000
frame 159: send=0x0 get=0x0 len=2188 coding=1 startqp=0 meanqp=0 picbytes=0 pskip=0 nalus=1 n1:2188
  snapshot f159: 3 venc_ko blocks (pool0 0x73801000 len 0x10000)
src frame 160: srcf=14 off=0 br=8000
frame 160: send=0x0 get=0x0 len=2176 coding=1 startqp=0 meanqp=0 picbytes=0 pskip=0 nalus=1 n1:2176
  snapshot f160: 3 venc_ko blocks (pool0 0x73801000 len 0x10000)
src frame 161: srcf=13 off=0 br=8000
frame 161: send=0x0 get=0x0 len=2179 coding=1 startqp=0 meanqp=0 picbytes=0 pskip=0 nalus=1 n1:2179
  snapshot f161: 3 venc_ko blocks (pool0 0x73801000 len 0x10000)
src frame 162: srcf=12 off=0 br=8000
frame 162: send=0x0 get=0x0 len=2099 coding=1 startqp=0 meanqp=0 picbytes=0 pskip=0 nalus=1 n1:2099
  snapshot f162: 3 venc_ko blocks (pool0 0x73801000 len 0x10000)
src frame 163: srcf=11 off=0 br=8000
frame 163: send=0x0 get=0x0 len=2080 coding=1 startqp=0 meanqp=0 picbytes=0 pskip=0 nalus=1 n1:2080
  snapshot f163: 3 venc_ko blocks (pool0 0x73801000 len 0x10000)
src frame 164: srcf=10 off=0 br=8000
frame 164: send=0x0 get=0x0 len=2057 coding=1 startqp=0 meanqp=0 picbytes=0 pskip=0 nalus=1 n1:2057
  snapshot f164: 3 venc_ko blocks (pool0 0x73801000 len 0x10000)
src frame 165: srcf=9 off=0 br=8000
frame 165: send=0x0 get=0x0 len=2053 coding=1 startqp=0 meanqp=0 picbytes=0 pskip=0 nalus=1 n1:2053
  snapshot f165: 3 venc_ko blocks (pool0 0x73801000 len 0x10000)
src frame 166: srcf=8 off=0 br=8000
frame 166: send=0x0 get=0x0 len=1941 coding=1 startqp=0 meanqp=0 picbytes=0 pskip=0 nalus=1 n1:1941
  snapshot f166: 3 venc_ko blocks (pool0 0x73801000 len 0x10000)
src frame 167: srcf=7 off=0 br=8000
frame 167: send=0x0 get=0x0 len=1935 coding=1 startqp=0 meanqp=0 picbytes=0 pskip=0 nalus=1 n1:1935
  snapshot f167: 3 venc_ko blocks (pool0 0x73801000 len 0x10000)
src frame 168: srcf=6 off=0 br=8000
frame 168: send=0x0 get=0x0 len=1932 coding=1 startqp=0 meanqp=0 picbytes=0 pskip=0 nalus=1 n1:1932
  snapshot f168: 3 venc_ko blocks (pool0 0x73801000 len 0x10000)
src frame 169: srcf=5 off=0 br=8000
frame 169: send=0x0 get=0x0 len=1935 coding=1 startqp=0 meanqp=0 picbytes=0 pskip=0 nalus=1 n1:1935
  snapshot f169: 3 venc_ko blocks (pool0 0x73801000 len 0x10000)
src frame 170: srcf=4 off=0 br=8000
frame 170: send=0x0 get=0x0 len=1932 coding=1 startqp=0 meanqp=0 picbytes=0 pskip=0 nalus=1 n1:1932
  snapshot f170: 3 venc_ko blocks (pool0 0x73801000 len 0x10000)
src frame 171: srcf=3 off=0 br=8000
frame 171: send=0x0 get=0x0 len=1935 coding=1 startqp=0 meanqp=0 picbytes=0 pskip=0 nalus=1 n1:1935
  snapshot f171: 3 venc_ko blocks (pool0 0x73801000 len 0x10000)
src frame 172: srcf=2 off=0 br=8000
frame 172: send=0x0 get=0x0 len=1932 coding=1 startqp=0 meanqp=0 picbytes=0 pskip=0 nalus=1 n1:1932
  snapshot f172: 3 venc_ko blocks (pool0 0x73801000 len 0x10000)
src frame 173: srcf=1 off=0 br=8000
frame 173: send=0x0 get=0x0 len=1935 coding=1 startqp=0 meanqp=0 picbytes=0 pskip=0 nalus=1 n1:1935
  snapshot f173: 3 venc_ko blocks (pool0 0x73801000 len 0x10000)
src frame 174: srcf=0 off=0 br=8000
frame 174: send=0x0 get=0x0 len=1932 coding=1 startqp=0 meanqp=0 picbytes=0 pskip=0 nalus=1 n1:1932
  snapshot f174: 3 venc_ko blocks (pool0 0x73801000 len 0x10000)
src frame 175: srcf=1 off=0 br=8000
frame 175: send=0x0 get=0x0 len=1935 coding=1 startqp=0 meanqp=0 picbytes=0 pskip=0 nalus=1 n1:1935
  snapshot f175: 3 venc_ko blocks (pool0 0x73801000 len 0x10000)
src frame 176: srcf=2 off=0 br=8000
frame 176: send=0x0 get=0x0 len=1932 coding=1 startqp=0 meanqp=0 picbytes=0 pskip=0 nalus=1 n1:1932
  snapshot f176: 3 venc_ko blocks (pool0 0x73801000 len 0x10000)
src frame 177: srcf=3 off=0 br=8000
frame 177: send=0x0 get=0x0 len=1935 coding=1 startqp=0 meanqp=0 picbytes=0 pskip=0 nalus=1 n1:1935
  snapshot f177: 3 venc_ko blocks (pool0 0x73801000 len 0x10000)
src frame 178: srcf=4 off=0 br=8000
frame 178: send=0x0 get=0x0 len=1932 coding=1 startqp=0 meanqp=0 picbytes=0 pskip=0 nalus=1 n1:1932
  snapshot f178: 3 venc_ko blocks (pool0 0x73801000 len 0x10000)
src frame 179: srcf=5 off=0 br=8000
frame 179: send=0x0 get=0x0 len=1935 coding=1 startqp=0 meanqp=0 picbytes=0 pskip=0 nalus=1 n1:1935
  snapshot f179: 3 venc_ko blocks (pool0 0x73801000 len 0x10000)
src frame 180: srcf=6 off=0 br=8000
frame 180: send=0x0 get=0x0 len=56299 coding=0 startqp=0 meanqp=0 picbytes=0 pskip=0 nalus=3 n7:32 n8:8 n5:56259
  snapshot f180: 3 venc_ko blocks (pool0 0x73801000 len 0x10000)
src frame 181: srcf=7 off=0 br=8000
frame 181: send=0x0 get=0x0 len=12098 coding=1 startqp=0 meanqp=0 picbytes=0 pskip=0 nalus=1 n1:12098
  snapshot f181: 3 venc_ko blocks (pool0 0x73801000 len 0x10000)
src frame 182: srcf=8 off=0 br=8000
frame 182: send=0x0 get=0x0 len=8816 coding=1 startqp=0 meanqp=0 picbytes=0 pskip=0 nalus=1 n1:8816
  snapshot f182: 3 venc_ko blocks (pool0 0x73801000 len 0x10000)
src frame 183: srcf=9 off=0 br=8000
frame 183: send=0x0 get=0x0 len=8417 coding=1 startqp=0 meanqp=0 picbytes=0 pskip=0 nalus=1 n1:8417
  snapshot f183: 3 venc_ko blocks (pool0 0x73801000 len 0x10000)
src frame 184: srcf=10 off=0 br=8000
frame 184: send=0x0 get=0x0 len=8960 coding=1 startqp=0 meanqp=0 picbytes=0 pskip=0 nalus=1 n1:8960
  snapshot f184: 3 venc_ko blocks (pool0 0x73801000 len 0x10000)
src frame 185: srcf=11 off=0 br=8000
frame 185: send=0x0 get=0x0 len=3161 coding=1 startqp=0 meanqp=0 picbytes=0 pskip=0 nalus=1 n1:3161
  snapshot f185: 3 venc_ko blocks (pool0 0x73801000 len 0x10000)
src frame 186: srcf=12 off=0 br=8000
frame 186: send=0x0 get=0x0 len=2089 coding=1 startqp=0 meanqp=0 picbytes=0 pskip=0 nalus=1 n1:2089
  snapshot f186: 3 venc_ko blocks (pool0 0x73801000 len 0x10000)
src frame 187: srcf=13 off=0 br=8000
frame 187: send=0x0 get=0x0 len=1827 coding=1 startqp=0 meanqp=0 picbytes=0 pskip=0 nalus=1 n1:1827
  snapshot f187: 3 venc_ko blocks (pool0 0x73801000 len 0x10000)
src frame 188: srcf=14 off=0 br=8000
frame 188: send=0x0 get=0x0 len=1809 coding=1 startqp=0 meanqp=0 picbytes=0 pskip=0 nalus=1 n1:1809
  snapshot f188: 3 venc_ko blocks (pool0 0x73801000 len 0x10000)
src frame 189: srcf=15 off=0 br=8000
frame 189: send=0x0 get=0x0 len=1878 coding=1 startqp=0 meanqp=0 picbytes=0 pskip=0 nalus=1 n1:1878
  snapshot f189: 3 venc_ko blocks (pool0 0x73801000 len 0x10000)
src frame 190: srcf=16 off=0 br=8000
frame 190: send=0x0 get=0x0 len=1772 coding=1 startqp=0 meanqp=0 picbytes=0 pskip=0 nalus=1 n1:1772
  snapshot f190: 3 venc_ko blocks (pool0 0x73801000 len 0x10000)
src frame 191: srcf=17 off=0 br=8000
frame 191: send=0x0 get=0x0 len=1785 coding=1 startqp=0 meanqp=0 picbytes=0 pskip=0 nalus=1 n1:1785
  snapshot f191: 3 venc_ko blocks (pool0 0x73801000 len 0x10000)
src frame 192: srcf=18 off=0 br=8000
frame 192: send=0x0 get=0x0 len=1753 coding=1 startqp=0 meanqp=0 picbytes=0 pskip=0 nalus=1 n1:1753
  snapshot f192: 3 venc_ko blocks (pool0 0x73801000 len 0x10000)
src frame 193: srcf=19 off=0 br=8000
frame 193: send=0x0 get=0x0 len=1736 coding=1 startqp=0 meanqp=0 picbytes=0 pskip=0 nalus=1 n1:1736
  snapshot f193: 3 venc_ko blocks (pool0 0x73801000 len 0x10000)
src frame 194: srcf=20 off=0 br=8000
frame 194: send=0x0 get=0x0 len=1649 coding=1 startqp=0 meanqp=0 picbytes=0 pskip=0 nalus=1 n1:1649
  snapshot f194: 3 venc_ko blocks (pool0 0x73801000 len 0x10000)
src frame 195: srcf=21 off=0 br=8000
frame 195: send=0x0 get=0x0 len=1612 coding=1 startqp=0 meanqp=0 picbytes=0 pskip=0 nalus=1 n1:1612
  snapshot f195: 3 venc_ko blocks (pool0 0x73801000 len 0x10000)
src frame 196: srcf=22 off=0 br=8000
frame 196: send=0x0 get=0x0 len=1595 coding=1 startqp=0 meanqp=0 picbytes=0 pskip=0 nalus=1 n1:1595
  snapshot f196: 3 venc_ko blocks (pool0 0x73801000 len 0x10000)
src frame 197: srcf=23 off=0 br=8000
frame 197: send=0x0 get=0x0 len=1616 coding=1 startqp=0 meanqp=0 picbytes=0 pskip=0 nalus=1 n1:1616
  snapshot f197: 3 venc_ko blocks (pool0 0x73801000 len 0x10000)
src frame 198: srcf=24 off=0 br=8000
frame 198: send=0x0 get=0x0 len=1611 coding=1 startqp=0 meanqp=0 picbytes=0 pskip=0 nalus=1 n1:1611
  snapshot f198: 3 venc_ko blocks (pool0 0x73801000 len 0x10000)
src frame 199: srcf=25 off=0 br=8000
frame 199: send=0x0 get=0x0 len=1616 coding=1 startqp=0 meanqp=0 picbytes=0 pskip=0 nalus=1 n1:1616
  snapshot f199: 3 venc_ko blocks (pool0 0x73801000 len 0x10000)
src frame 200: srcf=26 off=0 br=8000
frame 200: send=0x0 get=0x0 len=1611 coding=1 startqp=0 meanqp=0 picbytes=0 pskip=0 nalus=1 n1:1611
  snapshot f200: 3 venc_ko blocks (pool0 0x73801000 len 0x10000)
src frame 201: srcf=27 off=0 br=8000
frame 201: send=0x0 get=0x0 len=1616 coding=1 startqp=0 meanqp=0 picbytes=0 pskip=0 nalus=1 n1:1616
  snapshot f201: 3 venc_ko blocks (pool0 0x73801000 len 0x10000)
src frame 202: srcf=28 off=0 br=8000
frame 202: send=0x0 get=0x0 len=1611 coding=1 startqp=0 meanqp=0 picbytes=0 pskip=0 nalus=1 n1:1611
  snapshot f202: 3 venc_ko blocks (pool0 0x73801000 len 0x10000)
src frame 203: srcf=29 off=0 br=8000
frame 203: send=0x0 get=0x0 len=1616 coding=1 startqp=0 meanqp=0 picbytes=0 pskip=0 nalus=1 n1:1616
  snapshot f203: 3 venc_ko blocks (pool0 0x73801000 len 0x10000)
src frame 204: srcf=28 off=0 br=8000
frame 204: send=0x0 get=0x0 len=1611 coding=1 startqp=0 meanqp=0 picbytes=0 pskip=0 nalus=1 n1:1611
  snapshot f204: 3 venc_ko blocks (pool0 0x73801000 len 0x10000)
src frame 205: srcf=27 off=0 br=8000
frame 205: send=0x0 get=0x0 len=1616 coding=1 startqp=0 meanqp=0 picbytes=0 pskip=0 nalus=1 n1:1616
  snapshot f205: 3 venc_ko blocks (pool0 0x73801000 len 0x10000)
src frame 206: srcf=26 off=0 br=8000
frame 206: send=0x0 get=0x0 len=1611 coding=1 startqp=0 meanqp=0 picbytes=0 pskip=0 nalus=1 n1:1611
  snapshot f206: 3 venc_ko blocks (pool0 0x73801000 len 0x10000)
src frame 207: srcf=25 off=0 br=8000
frame 207: send=0x0 get=0x0 len=1616 coding=1 startqp=0 meanqp=0 picbytes=0 pskip=0 nalus=1 n1:1616
  snapshot f207: 3 venc_ko blocks (pool0 0x73801000 len 0x10000)
src frame 208: srcf=24 off=0 br=8000
frame 208: send=0x0 get=0x0 len=1611 coding=1 startqp=0 meanqp=0 picbytes=0 pskip=0 nalus=1 n1:1611
  snapshot f208: 3 venc_ko blocks (pool0 0x73801000 len 0x10000)
src frame 209: srcf=23 off=0 br=8000
frame 209: send=0x0 get=0x0 len=1616 coding=1 startqp=0 meanqp=0 picbytes=0 pskip=0 nalus=1 n1:1616
  snapshot f209: 3 venc_ko blocks (pool0 0x73801000 len 0x10000)
src frame 210: srcf=22 off=0 br=8000
frame 210: send=0x0 get=0x0 len=60896 coding=0 startqp=0 meanqp=0 picbytes=0 pskip=0 nalus=3 n7:32 n8:8 n5:60856
  snapshot f210: 3 venc_ko blocks (pool0 0x73801000 len 0x10000)
src frame 211: srcf=21 off=0 br=8000
frame 211: send=0x0 get=0x0 len=14013 coding=1 startqp=0 meanqp=0 picbytes=0 pskip=0 nalus=1 n1:14013
  snapshot f211: 3 venc_ko blocks (pool0 0x73801000 len 0x10000)
src frame 212: srcf=20 off=0 br=8000
frame 212: send=0x0 get=0x0 len=9198 coding=1 startqp=0 meanqp=0 picbytes=0 pskip=0 nalus=1 n1:9198
  snapshot f212: 3 venc_ko blocks (pool0 0x73801000 len 0x10000)
src frame 213: srcf=19 off=0 br=8000
frame 213: send=0x0 get=0x0 len=3533 coding=1 startqp=0 meanqp=0 picbytes=0 pskip=0 nalus=1 n1:3533
  snapshot f213: 3 venc_ko blocks (pool0 0x73801000 len 0x10000)
src frame 214: srcf=18 off=0 br=8000
frame 214: send=0x0 get=0x0 len=2207 coding=1 startqp=0 meanqp=0 picbytes=0 pskip=0 nalus=1 n1:2207
  snapshot f214: 3 venc_ko blocks (pool0 0x73801000 len 0x10000)
src frame 215: srcf=17 off=0 br=8000
frame 215: send=0x0 get=0x0 len=1962 coding=1 startqp=0 meanqp=0 picbytes=0 pskip=0 nalus=1 n1:1962
  snapshot f215: 3 venc_ko blocks (pool0 0x73801000 len 0x10000)
src frame 216: srcf=16 off=0 br=8000
frame 216: send=0x0 get=0x0 len=1939 coding=1 startqp=0 meanqp=0 picbytes=0 pskip=0 nalus=1 n1:1939
  snapshot f216: 3 venc_ko blocks (pool0 0x73801000 len 0x10000)
src frame 217: srcf=15 off=0 br=8000
frame 217: send=0x0 get=0x0 len=1982 coding=1 startqp=0 meanqp=0 picbytes=0 pskip=0 nalus=1 n1:1982
  snapshot f217: 3 venc_ko blocks (pool0 0x73801000 len 0x10000)
src frame 218: srcf=14 off=0 br=8000
frame 218: send=0x0 get=0x0 len=1893 coding=1 startqp=0 meanqp=0 picbytes=0 pskip=0 nalus=1 n1:1893
  snapshot f218: 3 venc_ko blocks (pool0 0x73801000 len 0x10000)
src frame 219: srcf=13 off=0 br=8000
frame 219: send=0x0 get=0x0 len=1936 coding=1 startqp=0 meanqp=0 picbytes=0 pskip=0 nalus=1 n1:1936
  snapshot f219: 3 venc_ko blocks (pool0 0x73801000 len 0x10000)
src frame 220: srcf=12 off=0 br=8000
frame 220: send=0x0 get=0x0 len=1933 coding=1 startqp=0 meanqp=0 picbytes=0 pskip=0 nalus=1 n1:1933
  snapshot f220: 3 venc_ko blocks (pool0 0x73801000 len 0x10000)
src frame 221: srcf=11 off=0 br=8000
frame 221: send=0x0 get=0x0 len=1913 coding=1 startqp=0 meanqp=0 picbytes=0 pskip=0 nalus=1 n1:1913
  snapshot f221: 3 venc_ko blocks (pool0 0x73801000 len 0x10000)
src frame 222: srcf=10 off=0 br=8000
frame 222: send=0x0 get=0x0 len=1881 coding=1 startqp=0 meanqp=0 picbytes=0 pskip=0 nalus=1 n1:1881
  snapshot f222: 3 venc_ko blocks (pool0 0x73801000 len 0x10000)
src frame 223: srcf=9 off=0 br=8000
frame 223: send=0x0 get=0x0 len=1830 coding=1 startqp=0 meanqp=0 picbytes=0 pskip=0 nalus=1 n1:1830
  snapshot f223: 3 venc_ko blocks (pool0 0x73801000 len 0x10000)
src frame 224: srcf=8 off=0 br=8000
frame 224: send=0x0 get=0x0 len=1818 coding=1 startqp=0 meanqp=0 picbytes=0 pskip=0 nalus=1 n1:1818
  snapshot f224: 3 venc_ko blocks (pool0 0x73801000 len 0x10000)
src frame 225: srcf=7 off=0 br=8000
frame 225: send=0x0 get=0x0 len=1809 coding=1 startqp=0 meanqp=0 picbytes=0 pskip=0 nalus=1 n1:1809
  snapshot f225: 3 venc_ko blocks (pool0 0x73801000 len 0x10000)
src frame 226: srcf=6 off=0 br=8000
frame 226: send=0x0 get=0x0 len=1818 coding=1 startqp=0 meanqp=0 picbytes=0 pskip=0 nalus=1 n1:1818
  snapshot f226: 3 venc_ko blocks (pool0 0x73801000 len 0x10000)
src frame 227: srcf=5 off=0 br=8000
frame 227: send=0x0 get=0x0 len=1814 coding=1 startqp=0 meanqp=0 picbytes=0 pskip=0 nalus=1 n1:1814
  snapshot f227: 3 venc_ko blocks (pool0 0x73801000 len 0x10000)
src frame 228: srcf=4 off=0 br=8000
frame 228: send=0x0 get=0x0 len=1818 coding=1 startqp=0 meanqp=0 picbytes=0 pskip=0 nalus=1 n1:1818
  snapshot f228: 3 venc_ko blocks (pool0 0x73801000 len 0x10000)
src frame 229: srcf=3 off=0 br=8000
frame 229: send=0x0 get=0x0 len=1814 coding=1 startqp=0 meanqp=0 picbytes=0 pskip=0 nalus=1 n1:1814
  snapshot f229: 3 venc_ko blocks (pool0 0x73801000 len 0x10000)
src frame 230: srcf=2 off=0 br=8000
frame 230: send=0x0 get=0x0 len=1818 coding=1 startqp=0 meanqp=0 picbytes=0 pskip=0 nalus=1 n1:1818
  snapshot f230: 3 venc_ko blocks (pool0 0x73801000 len 0x10000)
src frame 231: srcf=1 off=0 br=8000
frame 231: send=0x0 get=0x0 len=1814 coding=1 startqp=0 meanqp=0 picbytes=0 pskip=0 nalus=1 n1:1814
  snapshot f231: 3 venc_ko blocks (pool0 0x73801000 len 0x10000)
src frame 232: srcf=0 off=0 br=8000
frame 232: send=0x0 get=0x0 len=1818 coding=1 startqp=0 meanqp=0 picbytes=0 pskip=0 nalus=1 n1:1818
  snapshot f232: 3 venc_ko blocks (pool0 0x73801000 len 0x10000)
src frame 233: srcf=1 off=0 br=8000
frame 233: send=0x0 get=0x0 len=1814 coding=1 startqp=0 meanqp=0 picbytes=0 pskip=0 nalus=1 n1:1814
  snapshot f233: 3 venc_ko blocks (pool0 0x73801000 len 0x10000)
src frame 234: srcf=2 off=0 br=8000
frame 234: send=0x0 get=0x0 len=1818 coding=1 startqp=0 meanqp=0 picbytes=0 pskip=0 nalus=1 n1:1818
  snapshot f234: 3 venc_ko blocks (pool0 0x73801000 len 0x10000)
src frame 235: srcf=3 off=0 br=8000
frame 235: send=0x0 get=0x0 len=1814 coding=1 startqp=0 meanqp=0 picbytes=0 pskip=0 nalus=1 n1:1814
  snapshot f235: 3 venc_ko blocks (pool0 0x73801000 len 0x10000)
src frame 236: srcf=4 off=0 br=8000
frame 236: send=0x0 get=0x0 len=1818 coding=1 startqp=0 meanqp=0 picbytes=0 pskip=0 nalus=1 n1:1818
  snapshot f236: 3 venc_ko blocks (pool0 0x73801000 len 0x10000)
src frame 237: srcf=5 off=0 br=8000
frame 237: send=0x0 get=0x0 len=1814 coding=1 startqp=0 meanqp=0 picbytes=0 pskip=0 nalus=1 n1:1814
  snapshot f237: 3 venc_ko blocks (pool0 0x73801000 len 0x10000)
src frame 238: srcf=6 off=0 br=8000
frame 238: send=0x0 get=0x0 len=1818 coding=1 startqp=0 meanqp=0 picbytes=0 pskip=0 nalus=1 n1:1818
  snapshot f238: 3 venc_ko blocks (pool0 0x73801000 len 0x10000)
src frame 239: srcf=7 off=0 br=8000
frame 239: send=0x0 get=0x0 len=1814 coding=1 startqp=0 meanqp=0 picbytes=0 pskip=0 nalus=1 n1:1814
  snapshot f239: 3 venc_ko blocks (pool0 0x73801000 len 0x10000)
---- /proc/ax_proc/venc ----
-------- VENC VERSION ------------------------
[Axera version]: ax_venc V3.0.0_20250319114413 Mar 19 2025 11:58:34 JK

-------- MODULE PARAM ------------------------
MaxChnNum   MaxRoiNum   MaxProcNum  
16          8           16          

-------- VENC CHN ATTR 1 ------------------------
ID    Type    wSrc    hSrc    Strd0   Strd1   maxW    maxH    PixFmt  link  InFifoDep    OutFifoDep   InDbgFifoLen InDbgFifoDep StrmBufSize(KB)
7     h264    1920    1080    3840    0       1920    1080    YUYV422 N     2            2            0            4            4114      
-------- VENC CHN ATTR 2 ------------------------
ID    [CropEn StartX  StartY  CropW   CropH]  Rotation  EncW    EncH    FrmSize      PTS          SeqNum       CompMode     CompLevel    PhyAddr0     PhyAddr1     PhyAddr2     
7     N       0       0       0       0       0         1920    1080    4147200      3283333      198          NONE         0            742d1000     0            0            
-------- VENC RC ATTR 1 ------------------------
ID    RcMode    SrcFr   DstFr   Br(kbps)  MinQp   MaxQp   MinIQp  MaxIQp  IQpDelta  IpropMax   IpropMin   StartQp    QpDltRng   DeBrQpDlt  SvcEn   ChgPos  StillPercent MaxStillQp 
7     CBR       60.00   60.00   8000      10      51      10      51      0         40         10         -1         2          0          False   -       -            -          
-------- VENC RC ATTR 2  -----------------------
ID    QMapQpType  QMapUnit    QMapBlkType IQp   PQp   MinQpDelta MaxQpDelta MaxBitRate shtStaTime ltStaTime  ltMinBr  ltMaxBr  Br_ST(kbps)    Br_LT(kbps)    
7     N/A         64x64       N/A         -     -     -          -          -          -          -          -        -        -              -              
-------- VENC GOP ATTR  ------------------------
ID    GopMode   Gop   GopVI 
7     NormalP   30    0     
-------- VENC STATUS 1 -------------------------
ID    RJEn         RJThr(bps)   RJMode       RJEncGaps    SupFrmEn     SupPri       SupThrI      SupThrP      SplitEn      SliceNum     Range(In)    Range(out)   
7     N            0            Normal       0            N            0            500000       500000       N            0            Full         Full         
-------- VENC STATUS 2 -------------------------
ID    ChnStat   FrmRecv   FrmRls    FrmEnc    FrmDrop   FrmDup    EncFail   MissMatch StrmGet   StrmRls   OutFps    RealBr    ReEncCnt  DropCnt   BlkFail   GrpID     PID     TID     ThNum   RefInc    RefDec    Fail1   Fail2   Fail3   Fail4   
7     STARTED   198       198       198       0         0         0         0         198       197       50.00     2223.09   0         0         0         -1        130315  130319  1       198       198       0       0       0       0       
-------- VENC HW STATUS  ------------------------
ID    OverFlow     TimeOut      
7     0            0            
-------- VENC ROI INFO  ------------------------
ID    Index        bEnable      bAbsQp       RoiQP        Width        Height       StartX       StartY       
done h264_static8000
rc=0
== h264_static8000: codec=h264 rc=cbr br=8000 fps=60 gop=30 frames=240 total=1303069 B achieved=2606 kbps
I frames (frame:qp/bytes): 0:32/30842 30:30/34365 60:28/38177 90:26/42391 120:24/46570 150:22/51112 180:20/56299 210:18/60896
first P after each I (frame:qp): 1:35 31:33 61:31 91:29 121:27 151:25 181:23 211:21
per-GOP: gop#: kbps I_qp P_qp[min..max] P_qp_last
  0: 2826 kbps I=[32] P=[21..35] last=21 n=30
  1: 2999 kbps I=[30] P=[19..33] last=19 n=30
  2: 2816 kbps I=[28] P=[17..31] last=17 n=30
  3: 2797 kbps I=[26] P=[15..29] last=15 n=30
  4: 2531 kbps I=[24] P=[13..27] last=13 n=30
  5: 2489 kbps I=[22] P=[11..25] last=11 n=30
  6: 2212 kbps I=[20] P=[10..23] last=10 n=30
  7: 2179 kbps I=[18] P=[10..21] last=10 n=30
P->P QP step histogram: -2:1 -1:106 +0:117
I->firstP QP delta: +3 +3 +3 +3 +3 +3 +3 +3
sw7 frame-QP == slice QP: 240/240 frames with a program agree; mismatches at []
slot flags: {'': 240}
sw105-107 distinct (I): [('0x1adb00', '0x1adb00', '0x1adb00'), ('0x2361f8', '0x2361f8', '0x2361f8'), ('0x26ebc4', '0x26ebc4', '0x26ebc4')]
sw172/173 distinct: [('0x14f', '0x662'), ('0x14f', '0x66a')]
sw6 distinct (I / P): ['0x3'] ['0x3']
=== h264_static16000: codec=h264 rc=cbr br=16000 nframes=240 src=/root/rc65/clips/static.yuyv motion=none
# vdrive tag=h264_static16000 codec=h264 1920x1080 rc=cbr br=16000 fps=60/60 gop=30 gopmode=normalp ltrint=0 ltrqpo=0 iqp=32 pqp=32 profile=10 level=51 tier=0 qp[10..51] iqp[10..51] iqd=0 firstqp=-1 iprop[10..40] idrrange=2 stattime=1 vq=0 ir=0/0 slice=0 debreath=0 scd=-1 rowqpd=-1 vui=-1 move=0 nframes=240
src=/root/rc65/clips/static.yuyv frames=30 loop=pingpong motion=none mstep=4 window=0..-1
AX_SYS_Init rc=0x0
AX_VENC_Init rc=0x0
AX_VENC_CreateChn(7) rc=0x0
StartRecvFrame rc=0x0
AX_POOL_CreatePool id=0x0
blk=0x5e000000 phys=0x742d1000 virt=0xffffae805000
frame: modid=0x11 stride=1920 fmt=0xd
  snapshot pre: 3 venc_ko blocks (pool0 0x73801000 len 0x10000)
src frame 0: srcf=0 off=0 br=16000
frame 0: send=0x0 get=0x0 len=30843 coding=0 startqp=0 meanqp=0 picbytes=0 pskip=0 nalus=3 n7:32 n8:8 n5:30803
  snapshot f000: 3 venc_ko blocks (pool0 0x73801000 len 0x10000)
src frame 1: srcf=1 off=0 br=16000
frame 1: send=0x0 get=0x0 len=8800 coding=1 startqp=0 meanqp=0 picbytes=0 pskip=0 nalus=1 n1:8800
  snapshot f001: 3 venc_ko blocks (pool0 0x73801000 len 0x10000)
src frame 2: srcf=2 off=0 br=16000
frame 2: send=0x0 get=0x0 len=10590 coding=1 startqp=0 meanqp=0 picbytes=0 pskip=0 nalus=1 n1:10590
  snapshot f002: 3 venc_ko blocks (pool0 0x73801000 len 0x10000)
src frame 3: srcf=3 off=0 br=16000
frame 3: send=0x0 get=0x0 len=7118 coding=1 startqp=0 meanqp=0 picbytes=0 pskip=0 nalus=1 n1:7118
  snapshot f003: 3 venc_ko blocks (pool0 0x73801000 len 0x10000)
src frame 4: srcf=4 off=0 br=16000
frame 4: send=0x0 get=0x0 len=7369 coding=1 startqp=0 meanqp=0 picbytes=0 pskip=0 nalus=1 n1:7369
  snapshot f004: 3 venc_ko blocks (pool0 0x73801000 len 0x10000)
src frame 5: srcf=5 off=0 br=16000
frame 5: send=0x0 get=0x0 len=7015 coding=1 startqp=0 meanqp=0 picbytes=0 pskip=0 nalus=1 n1:7015
  snapshot f005: 3 venc_ko blocks (pool0 0x73801000 len 0x10000)
src frame 6: srcf=6 off=0 br=16000
frame 6: send=0x0 get=0x0 len=7704 coding=1 startqp=0 meanqp=0 picbytes=0 pskip=0 nalus=1 n1:7704
  snapshot f006: 3 venc_ko blocks (pool0 0x73801000 len 0x10000)
src frame 7: srcf=7 off=0 br=16000
frame 7: send=0x0 get=0x0 len=7509 coding=1 startqp=0 meanqp=0 picbytes=0 pskip=0 nalus=1 n1:7509
  snapshot f007: 3 venc_ko blocks (pool0 0x73801000 len 0x10000)
src frame 8: srcf=8 off=0 br=16000
frame 8: send=0x0 get=0x0 len=8423 coding=1 startqp=0 meanqp=0 picbytes=0 pskip=0 nalus=1 n1:8423
  snapshot f008: 3 venc_ko blocks (pool0 0x73801000 len 0x10000)
src frame 9: srcf=9 off=0 br=16000
frame 9: send=0x0 get=0x0 len=8052 coding=1 startqp=0 meanqp=0 picbytes=0 pskip=0 nalus=1 n1:8052
  snapshot f009: 3 venc_ko blocks (pool0 0x73801000 len 0x10000)
src frame 10: srcf=10 off=0 br=16000
frame 10: send=0x0 get=0x0 len=8328 coding=1 startqp=0 meanqp=0 picbytes=0 pskip=0 nalus=1 n1:8328
  snapshot f010: 3 venc_ko blocks (pool0 0x73801000 len 0x10000)
src frame 11: srcf=11 off=0 br=16000
frame 11: send=0x0 get=0x0 len=7994 coding=1 startqp=0 meanqp=0 picbytes=0 pskip=0 nalus=1 n1:7994
  snapshot f011: 3 venc_ko blocks (pool0 0x73801000 len 0x10000)
src frame 12: srcf=12 off=0 br=16000
frame 12: send=0x0 get=0x0 len=8543 coding=1 startqp=0 meanqp=0 picbytes=0 pskip=0 nalus=1 n1:8543
  snapshot f012: 3 venc_ko blocks (pool0 0x73801000 len 0x10000)
src frame 13: srcf=13 off=0 br=16000
frame 13: send=0x0 get=0x0 len=8707 coding=1 startqp=0 meanqp=0 picbytes=0 pskip=0 nalus=1 n1:8707
  snapshot f013: 3 venc_ko blocks (pool0 0x73801000 len 0x10000)
src frame 14: srcf=14 off=0 br=16000
frame 14: send=0x0 get=0x0 len=9688 coding=1 startqp=0 meanqp=0 picbytes=0 pskip=0 nalus=1 n1:9688
  snapshot f014: 3 venc_ko blocks (pool0 0x73801000 len 0x10000)
src frame 15: srcf=15 off=0 br=16000
frame 15: send=0x0 get=0x0 len=3296 coding=1 startqp=0 meanqp=0 picbytes=0 pskip=0 nalus=1 n1:3296
  snapshot f015: 3 venc_ko blocks (pool0 0x73801000 len 0x10000)
src frame 16: srcf=16 off=0 br=16000
frame 16: send=0x0 get=0x0 len=2074 coding=1 startqp=0 meanqp=0 picbytes=0 pskip=0 nalus=1 n1:2074
  snapshot f016: 3 venc_ko blocks (pool0 0x73801000 len 0x10000)
src frame 17: srcf=17 off=0 br=16000
frame 17: send=0x0 get=0x0 len=1920 coding=1 startqp=0 meanqp=0 picbytes=0 pskip=0 nalus=1 n1:1920
  snapshot f017: 3 venc_ko blocks (pool0 0x73801000 len 0x10000)
src frame 18: srcf=18 off=0 br=16000
frame 18: send=0x0 get=0x0 len=1890 coding=1 startqp=0 meanqp=0 picbytes=0 pskip=0 nalus=1 n1:1890
  snapshot f018: 3 venc_ko blocks (pool0 0x73801000 len 0x10000)
src frame 19: srcf=19 off=0 br=16000
frame 19: send=0x0 get=0x0 len=1890 coding=1 startqp=0 meanqp=0 picbytes=0 pskip=0 nalus=1 n1:1890
  snapshot f019: 3 venc_ko blocks (pool0 0x73801000 len 0x10000)
src frame 20: srcf=20 off=0 br=16000
frame 20: send=0x0 get=0x0 len=1890 coding=1 startqp=0 meanqp=0 picbytes=0 pskip=0 nalus=1 n1:1890
  snapshot f020: 3 venc_ko blocks (pool0 0x73801000 len 0x10000)
src frame 21: srcf=21 off=0 br=16000
frame 21: send=0x0 get=0x0 len=1890 coding=1 startqp=0 meanqp=0 picbytes=0 pskip=0 nalus=1 n1:1890
  snapshot f021: 3 venc_ko blocks (pool0 0x73801000 len 0x10000)
src frame 22: srcf=22 off=0 br=16000
frame 22: send=0x0 get=0x0 len=1890 coding=1 startqp=0 meanqp=0 picbytes=0 pskip=0 nalus=1 n1:1890
  snapshot f022: 3 venc_ko blocks (pool0 0x73801000 len 0x10000)
src frame 23: srcf=23 off=0 br=16000
frame 23: send=0x0 get=0x0 len=1890 coding=1 startqp=0 meanqp=0 picbytes=0 pskip=0 nalus=1 n1:1890
  snapshot f023: 3 venc_ko blocks (pool0 0x73801000 len 0x10000)
src frame 24: srcf=24 off=0 br=16000
frame 24: send=0x0 get=0x0 len=1890 coding=1 startqp=0 meanqp=0 picbytes=0 pskip=0 nalus=1 n1:1890
  snapshot f024: 3 venc_ko blocks (pool0 0x73801000 len 0x10000)
src frame 25: srcf=25 off=0 br=16000
frame 25: send=0x0 get=0x0 len=1890 coding=1 startqp=0 meanqp=0 picbytes=0 pskip=0 nalus=1 n1:1890
  snapshot f025: 3 venc_ko blocks (pool0 0x73801000 len 0x10000)
src frame 26: srcf=26 off=0 br=16000
frame 26: send=0x0 get=0x0 len=1890 coding=1 startqp=0 meanqp=0 picbytes=0 pskip=0 nalus=1 n1:1890
  snapshot f026: 3 venc_ko blocks (pool0 0x73801000 len 0x10000)
src frame 27: srcf=27 off=0 br=16000
frame 27: send=0x0 get=0x0 len=1890 coding=1 startqp=0 meanqp=0 picbytes=0 pskip=0 nalus=1 n1:1890
  snapshot f027: 3 venc_ko blocks (pool0 0x73801000 len 0x10000)
src frame 28: srcf=28 off=0 br=16000
frame 28: send=0x0 get=0x0 len=1890 coding=1 startqp=0 meanqp=0 picbytes=0 pskip=0 nalus=1 n1:1890
  snapshot f028: 3 venc_ko blocks (pool0 0x73801000 len 0x10000)
src frame 29: srcf=29 off=0 br=16000
frame 29: send=0x0 get=0x0 len=1890 coding=1 startqp=0 meanqp=0 picbytes=0 pskip=0 nalus=1 n1:1890
  snapshot f029: 3 venc_ko blocks (pool0 0x73801000 len 0x10000)
src frame 30: srcf=28 off=0 br=16000
frame 30: send=0x0 get=0x0 len=34366 coding=0 startqp=0 meanqp=0 picbytes=0 pskip=0 nalus=3 n7:32 n8:8 n5:34326
  snapshot f030: 3 venc_ko blocks (pool0 0x73801000 len 0x10000)
src frame 31: srcf=27 off=0 br=16000
frame 31: send=0x0 get=0x0 len=9961 coding=1 startqp=0 meanqp=0 picbytes=0 pskip=0 nalus=1 n1:9961
  snapshot f031: 3 venc_ko blocks (pool0 0x73801000 len 0x10000)
src frame 32: srcf=26 off=0 br=16000
frame 32: send=0x0 get=0x0 len=6693 coding=1 startqp=0 meanqp=0 picbytes=0 pskip=0 nalus=1 n1:6693
  snapshot f032: 3 venc_ko blocks (pool0 0x73801000 len 0x10000)
src frame 33: srcf=25 off=0 br=16000
frame 33: send=0x0 get=0x0 len=6874 coding=1 startqp=0 meanqp=0 picbytes=0 pskip=0 nalus=1 n1:6874
  snapshot f033: 3 venc_ko blocks (pool0 0x73801000 len 0x10000)
src frame 34: srcf=24 off=0 br=16000
frame 34: send=0x0 get=0x0 len=7143 coding=1 startqp=0 meanqp=0 picbytes=0 pskip=0 nalus=1 n1:7143
  snapshot f034: 3 venc_ko blocks (pool0 0x73801000 len 0x10000)
src frame 35: srcf=23 off=0 br=16000
frame 35: send=0x0 get=0x0 len=7246 coding=1 startqp=0 meanqp=0 picbytes=0 pskip=0 nalus=1 n1:7246
  snapshot f035: 3 venc_ko blocks (pool0 0x73801000 len 0x10000)
src frame 36: srcf=22 off=0 br=16000
frame 36: send=0x0 get=0x0 len=7412 coding=1 startqp=0 meanqp=0 picbytes=0 pskip=0 nalus=1 n1:7412
  snapshot f036: 3 venc_ko blocks (pool0 0x73801000 len 0x10000)
src frame 37: srcf=21 off=0 br=16000
frame 37: send=0x0 get=0x0 len=8150 coding=1 startqp=0 meanqp=0 picbytes=0 pskip=0 nalus=1 n1:8150
  snapshot f037: 3 venc_ko blocks (pool0 0x73801000 len 0x10000)
src frame 38: srcf=20 off=0 br=16000
frame 38: send=0x0 get=0x0 len=8098 coding=1 startqp=0 meanqp=0 picbytes=0 pskip=0 nalus=1 n1:8098
  snapshot f038: 3 venc_ko blocks (pool0 0x73801000 len 0x10000)
src frame 39: srcf=19 off=0 br=16000
frame 39: send=0x0 get=0x0 len=8525 coding=1 startqp=0 meanqp=0 picbytes=0 pskip=0 nalus=1 n1:8525
  snapshot f039: 3 venc_ko blocks (pool0 0x73801000 len 0x10000)
src frame 40: srcf=18 off=0 br=16000
frame 40: send=0x0 get=0x0 len=8293 coding=1 startqp=0 meanqp=0 picbytes=0 pskip=0 nalus=1 n1:8293
  snapshot f040: 3 venc_ko blocks (pool0 0x73801000 len 0x10000)
src frame 41: srcf=17 off=0 br=16000
frame 41: send=0x0 get=0x0 len=9007 coding=1 startqp=0 meanqp=0 picbytes=0 pskip=0 nalus=1 n1:9007
  snapshot f041: 3 venc_ko blocks (pool0 0x73801000 len 0x10000)
src frame 42: srcf=16 off=0 br=16000
frame 42: send=0x0 get=0x0 len=9246 coding=1 startqp=0 meanqp=0 picbytes=0 pskip=0 nalus=1 n1:9246
  snapshot f042: 3 venc_ko blocks (pool0 0x73801000 len 0x10000)
src frame 43: srcf=15 off=0 br=16000
frame 43: send=0x0 get=0x0 len=9711 coding=1 startqp=0 meanqp=0 picbytes=0 pskip=0 nalus=1 n1:9711
  snapshot f043: 3 venc_ko blocks (pool0 0x73801000 len 0x10000)
src frame 44: srcf=14 off=0 br=16000
frame 44: send=0x0 get=0x0 len=10184 coding=1 startqp=0 meanqp=0 picbytes=0 pskip=0 nalus=1 n1:10184
  snapshot f044: 3 venc_ko blocks (pool0 0x73801000 len 0x10000)
src frame 45: srcf=13 off=0 br=16000
frame 45: send=0x0 get=0x0 len=4018 coding=1 startqp=0 meanqp=0 picbytes=0 pskip=0 nalus=1 n1:4018
  snapshot f045: 3 venc_ko blocks (pool0 0x73801000 len 0x10000)
src frame 46: srcf=12 off=0 br=16000
frame 46: send=0x0 get=0x0 len=2558 coding=1 startqp=0 meanqp=0 picbytes=0 pskip=0 nalus=1 n1:2558
  snapshot f046: 3 venc_ko blocks (pool0 0x73801000 len 0x10000)
src frame 47: srcf=11 off=0 br=16000
frame 47: send=0x0 get=0x0 len=2370 coding=1 startqp=0 meanqp=0 picbytes=0 pskip=0 nalus=1 n1:2370
  snapshot f047: 3 venc_ko blocks (pool0 0x73801000 len 0x10000)
src frame 48: srcf=10 off=0 br=16000
frame 48: send=0x0 get=0x0 len=2340 coding=1 startqp=0 meanqp=0 picbytes=0 pskip=0 nalus=1 n1:2340
  snapshot f048: 3 venc_ko blocks (pool0 0x73801000 len 0x10000)
src frame 49: srcf=9 off=0 br=16000
frame 49: send=0x0 get=0x0 len=2311 coding=1 startqp=0 meanqp=0 picbytes=0 pskip=0 nalus=1 n1:2311
  snapshot f049: 3 venc_ko blocks (pool0 0x73801000 len 0x10000)
src frame 50: srcf=8 off=0 br=16000
frame 50: send=0x0 get=0x0 len=2331 coding=1 startqp=0 meanqp=0 picbytes=0 pskip=0 nalus=1 n1:2331
  snapshot f050: 3 venc_ko blocks (pool0 0x73801000 len 0x10000)
src frame 51: srcf=7 off=0 br=16000
frame 51: send=0x0 get=0x0 len=2301 coding=1 startqp=0 meanqp=0 picbytes=0 pskip=0 nalus=1 n1:2301
  snapshot f051: 3 venc_ko blocks (pool0 0x73801000 len 0x10000)
src frame 52: srcf=6 off=0 br=16000
frame 52: send=0x0 get=0x0 len=2309 coding=1 startqp=0 meanqp=0 picbytes=0 pskip=0 nalus=1 n1:2309
  snapshot f052: 3 venc_ko blocks (pool0 0x73801000 len 0x10000)
src frame 53: srcf=5 off=0 br=16000
frame 53: send=0x0 get=0x0 len=2301 coding=1 startqp=0 meanqp=0 picbytes=0 pskip=0 nalus=1 n1:2301
  snapshot f053: 3 venc_ko blocks (pool0 0x73801000 len 0x10000)
src frame 54: srcf=4 off=0 br=16000
frame 54: send=0x0 get=0x0 len=2309 coding=1 startqp=0 meanqp=0 picbytes=0 pskip=0 nalus=1 n1:2309
  snapshot f054: 3 venc_ko blocks (pool0 0x73801000 len 0x10000)
src frame 55: srcf=3 off=0 br=16000
frame 55: send=0x0 get=0x0 len=2301 coding=1 startqp=0 meanqp=0 picbytes=0 pskip=0 nalus=1 n1:2301
  snapshot f055: 3 venc_ko blocks (pool0 0x73801000 len 0x10000)
src frame 56: srcf=2 off=0 br=16000
frame 56: send=0x0 get=0x0 len=2309 coding=1 startqp=0 meanqp=0 picbytes=0 pskip=0 nalus=1 n1:2309
  snapshot f056: 3 venc_ko blocks (pool0 0x73801000 len 0x10000)
src frame 57: srcf=1 off=0 br=16000
frame 57: send=0x0 get=0x0 len=2301 coding=1 startqp=0 meanqp=0 picbytes=0 pskip=0 nalus=1 n1:2301
  snapshot f057: 3 venc_ko blocks (pool0 0x73801000 len 0x10000)
src frame 58: srcf=0 off=0 br=16000
frame 58: send=0x0 get=0x0 len=2309 coding=1 startqp=0 meanqp=0 picbytes=0 pskip=0 nalus=1 n1:2309
  snapshot f058: 3 venc_ko blocks (pool0 0x73801000 len 0x10000)
src frame 59: srcf=1 off=0 br=16000
frame 59: send=0x0 get=0x0 len=2301 coding=1 startqp=0 meanqp=0 picbytes=0 pskip=0 nalus=1 n1:2301
  snapshot f059: 3 venc_ko blocks (pool0 0x73801000 len 0x10000)
src frame 60: srcf=2 off=0 br=16000
frame 60: send=0x0 get=0x0 len=38177 coding=0 startqp=0 meanqp=0 picbytes=0 pskip=0 nalus=3 n7:32 n8:8 n5:38137
  snapshot f060: 3 venc_ko blocks (pool0 0x73801000 len 0x10000)
src frame 61: srcf=3 off=0 br=16000
frame 61: send=0x0 get=0x0 len=10896 coding=1 startqp=0 meanqp=0 picbytes=0 pskip=0 nalus=1 n1:10896
  snapshot f061: 3 venc_ko blocks (pool0 0x73801000 len 0x10000)
src frame 62: srcf=4 off=0 br=16000
frame 62: send=0x0 get=0x0 len=7066 coding=1 startqp=0 meanqp=0 picbytes=0 pskip=0 nalus=1 n1:7066
  snapshot f062: 3 venc_ko blocks (pool0 0x73801000 len 0x10000)
src frame 63: srcf=5 off=0 br=16000
frame 63: send=0x0 get=0x0 len=7494 coding=1 startqp=0 meanqp=0 picbytes=0 pskip=0 nalus=1 n1:7494
  snapshot f063: 3 venc_ko blocks (pool0 0x73801000 len 0x10000)
src frame 64: srcf=6 off=0 br=16000
frame 64: send=0x0 get=0x0 len=7445 coding=1 startqp=0 meanqp=0 picbytes=0 pskip=0 nalus=1 n1:7445
  snapshot f064: 3 venc_ko blocks (pool0 0x73801000 len 0x10000)
src frame 65: srcf=7 off=0 br=16000
frame 65: send=0x0 get=0x0 len=7805 coding=1 startqp=0 meanqp=0 picbytes=0 pskip=0 nalus=1 n1:7805
  snapshot f065: 3 venc_ko blocks (pool0 0x73801000 len 0x10000)
src frame 66: srcf=8 off=0 br=16000
frame 66: send=0x0 get=0x0 len=7908 coding=1 startqp=0 meanqp=0 picbytes=0 pskip=0 nalus=1 n1:7908
  snapshot f066: 3 venc_ko blocks (pool0 0x73801000 len 0x10000)
src frame 67: srcf=9 off=0 br=16000
frame 67: send=0x0 get=0x0 len=8660 coding=1 startqp=0 meanqp=0 picbytes=0 pskip=0 nalus=1 n1:8660
  snapshot f067: 3 venc_ko blocks (pool0 0x73801000 len 0x10000)
src frame 68: srcf=10 off=0 br=16000
frame 68: send=0x0 get=0x0 len=8790 coding=1 startqp=0 meanqp=0 picbytes=0 pskip=0 nalus=1 n1:8790
  snapshot f068: 3 venc_ko blocks (pool0 0x73801000 len 0x10000)
src frame 69: srcf=11 off=0 br=16000
frame 69: send=0x0 get=0x0 len=8912 coding=1 startqp=0 meanqp=0 picbytes=0 pskip=0 nalus=1 n1:8912
  snapshot f069: 3 venc_ko blocks (pool0 0x73801000 len 0x10000)
src frame 70: srcf=12 off=0 br=16000
frame 70: send=0x0 get=0x0 len=8756 coding=1 startqp=0 meanqp=0 picbytes=0 pskip=0 nalus=1 n1:8756
  snapshot f070: 3 venc_ko blocks (pool0 0x73801000 len 0x10000)
src frame 71: srcf=13 off=0 br=16000
frame 71: send=0x0 get=0x0 len=9146 coding=1 startqp=0 meanqp=0 picbytes=0 pskip=0 nalus=1 n1:9146
  snapshot f071: 3 venc_ko blocks (pool0 0x73801000 len 0x10000)
src frame 72: srcf=14 off=0 br=16000
frame 72: send=0x0 get=0x0 len=9260 coding=1 startqp=0 meanqp=0 picbytes=0 pskip=0 nalus=1 n1:9260
  snapshot f072: 3 venc_ko blocks (pool0 0x73801000 len 0x10000)
src frame 73: srcf=15 off=0 br=16000
frame 73: send=0x0 get=0x0 len=3610 coding=1 startqp=0 meanqp=0 picbytes=0 pskip=0 nalus=1 n1:3610
  snapshot f073: 3 venc_ko blocks (pool0 0x73801000 len 0x10000)
src frame 74: srcf=16 off=0 br=16000
frame 74: send=0x0 get=0x0 len=2495 coding=1 startqp=0 meanqp=0 picbytes=0 pskip=0 nalus=1 n1:2495
  snapshot f074: 3 venc_ko blocks (pool0 0x73801000 len 0x10000)
src frame 75: srcf=17 off=0 br=16000
frame 75: send=0x0 get=0x0 len=2319 coding=1 startqp=0 meanqp=0 picbytes=0 pskip=0 nalus=1 n1:2319
  snapshot f075: 3 venc_ko blocks (pool0 0x73801000 len 0x10000)
src frame 76: srcf=18 off=0 br=16000
frame 76: send=0x0 get=0x0 len=2046 coding=1 startqp=0 meanqp=0 picbytes=0 pskip=0 nalus=1 n1:2046
  snapshot f076: 3 venc_ko blocks (pool0 0x73801000 len 0x10000)
src frame 77: srcf=19 off=0 br=16000
frame 77: send=0x0 get=0x0 len=1991 coding=1 startqp=0 meanqp=0 picbytes=0 pskip=0 nalus=1 n1:1991
  snapshot f077: 3 venc_ko blocks (pool0 0x73801000 len 0x10000)
src frame 78: srcf=20 off=0 br=16000
frame 78: send=0x0 get=0x0 len=1990 coding=1 startqp=0 meanqp=0 picbytes=0 pskip=0 nalus=1 n1:1990
  snapshot f078: 3 venc_ko blocks (pool0 0x73801000 len 0x10000)
src frame 79: srcf=21 off=0 br=16000
frame 79: send=0x0 get=0x0 len=1983 coding=1 startqp=0 meanqp=0 picbytes=0 pskip=0 nalus=1 n1:1983
  snapshot f079: 3 venc_ko blocks (pool0 0x73801000 len 0x10000)
src frame 80: srcf=22 off=0 br=16000
frame 80: send=0x0 get=0x0 len=1978 coding=1 startqp=0 meanqp=0 picbytes=0 pskip=0 nalus=1 n1:1978
  snapshot f080: 3 venc_ko blocks (pool0 0x73801000 len 0x10000)
src frame 81: srcf=23 off=0 br=16000
frame 81: send=0x0 get=0x0 len=1978 coding=1 startqp=0 meanqp=0 picbytes=0 pskip=0 nalus=1 n1:1978
  snapshot f081: 3 venc_ko blocks (pool0 0x73801000 len 0x10000)
src frame 82: srcf=24 off=0 br=16000
frame 82: send=0x0 get=0x0 len=1978 coding=1 startqp=0 meanqp=0 picbytes=0 pskip=0 nalus=1 n1:1978
  snapshot f082: 3 venc_ko blocks (pool0 0x73801000 len 0x10000)
src frame 83: srcf=25 off=0 br=16000
frame 83: send=0x0 get=0x0 len=1978 coding=1 startqp=0 meanqp=0 picbytes=0 pskip=0 nalus=1 n1:1978
  snapshot f083: 3 venc_ko blocks (pool0 0x73801000 len 0x10000)
src frame 84: srcf=26 off=0 br=16000
frame 84: send=0x0 get=0x0 len=1978 coding=1 startqp=0 meanqp=0 picbytes=0 pskip=0 nalus=1 n1:1978
  snapshot f084: 3 venc_ko blocks (pool0 0x73801000 len 0x10000)
src frame 85: srcf=27 off=0 br=16000
frame 85: send=0x0 get=0x0 len=1978 coding=1 startqp=0 meanqp=0 picbytes=0 pskip=0 nalus=1 n1:1978
  snapshot f085: 3 venc_ko blocks (pool0 0x73801000 len 0x10000)
src frame 86: srcf=28 off=0 br=16000
frame 86: send=0x0 get=0x0 len=1978 coding=1 startqp=0 meanqp=0 picbytes=0 pskip=0 nalus=1 n1:1978
  snapshot f086: 3 venc_ko blocks (pool0 0x73801000 len 0x10000)
src frame 87: srcf=29 off=0 br=16000
frame 87: send=0x0 get=0x0 len=1978 coding=1 startqp=0 meanqp=0 picbytes=0 pskip=0 nalus=1 n1:1978
  snapshot f087: 3 venc_ko blocks (pool0 0x73801000 len 0x10000)
src frame 88: srcf=28 off=0 br=16000
frame 88: send=0x0 get=0x0 len=1978 coding=1 startqp=0 meanqp=0 picbytes=0 pskip=0 nalus=1 n1:1978
  snapshot f088: 3 venc_ko blocks (pool0 0x73801000 len 0x10000)
src frame 89: srcf=27 off=0 br=16000
frame 89: send=0x0 get=0x0 len=1978 coding=1 startqp=0 meanqp=0 picbytes=0 pskip=0 nalus=1 n1:1978
  snapshot f089: 3 venc_ko blocks (pool0 0x73801000 len 0x10000)
src frame 90: srcf=26 off=0 br=16000
frame 90: send=0x0 get=0x0 len=42390 coding=0 startqp=0 meanqp=0 picbytes=0 pskip=0 nalus=3 n7:32 n8:8 n5:42350
  snapshot f090: 3 venc_ko blocks (pool0 0x73801000 len 0x10000)
src frame 91: srcf=25 off=0 br=16000
frame 91: send=0x0 get=0x0 len=10391 coding=1 startqp=0 meanqp=0 picbytes=0 pskip=0 nalus=1 n1:10391
  snapshot f091: 3 venc_ko blocks (pool0 0x73801000 len 0x10000)
src frame 92: srcf=24 off=0 br=16000
frame 92: send=0x0 get=0x0 len=6909 coding=1 startqp=0 meanqp=0 picbytes=0 pskip=0 nalus=1 n1:6909
  snapshot f092: 3 venc_ko blocks (pool0 0x73801000 len 0x10000)
src frame 93: srcf=23 off=0 br=16000
frame 93: send=0x0 get=0x0 len=7380 coding=1 startqp=0 meanqp=0 picbytes=0 pskip=0 nalus=1 n1:7380
  snapshot f093: 3 venc_ko blocks (pool0 0x73801000 len 0x10000)
src frame 94: srcf=22 off=0 br=16000
frame 94: send=0x0 get=0x0 len=7471 coding=1 startqp=0 meanqp=0 picbytes=0 pskip=0 nalus=1 n1:7471
  snapshot f094: 3 venc_ko blocks (pool0 0x73801000 len 0x10000)
src frame 95: srcf=21 off=0 br=16000
frame 95: send=0x0 get=0x0 len=8401 coding=1 startqp=0 meanqp=0 picbytes=0 pskip=0 nalus=1 n1:8401
  snapshot f095: 3 venc_ko blocks (pool0 0x73801000 len 0x10000)
src frame 96: srcf=20 off=0 br=16000
frame 96: send=0x0 get=0x0 len=7810 coding=1 startqp=0 meanqp=0 picbytes=0 pskip=0 nalus=1 n1:7810
  snapshot f096: 3 venc_ko blocks (pool0 0x73801000 len 0x10000)
src frame 97: srcf=19 off=0 br=16000
frame 97: send=0x0 get=0x0 len=8825 coding=1 startqp=0 meanqp=0 picbytes=0 pskip=0 nalus=1 n1:8825
  snapshot f097: 3 venc_ko blocks (pool0 0x73801000 len 0x10000)
src frame 98: srcf=18 off=0 br=16000
frame 98: send=0x0 get=0x0 len=9181 coding=1 startqp=0 meanqp=0 picbytes=0 pskip=0 nalus=1 n1:9181
  snapshot f098: 3 venc_ko blocks (pool0 0x73801000 len 0x10000)
src frame 99: srcf=17 off=0 br=16000
frame 99: send=0x0 get=0x0 len=9547 coding=1 startqp=0 meanqp=0 picbytes=0 pskip=0 nalus=1 n1:9547
  snapshot f099: 3 venc_ko blocks (pool0 0x73801000 len 0x10000)
src frame 100: srcf=16 off=0 br=16000
frame 100: send=0x0 get=0x0 len=10042 coding=1 startqp=0 meanqp=0 picbytes=0 pskip=0 nalus=1 n1:10042
  snapshot f100: 3 venc_ko blocks (pool0 0x73801000 len 0x10000)
src frame 101: srcf=15 off=0 br=16000
frame 101: send=0x0 get=0x0 len=4021 coding=1 startqp=0 meanqp=0 picbytes=0 pskip=0 nalus=1 n1:4021
  snapshot f101: 3 venc_ko blocks (pool0 0x73801000 len 0x10000)
src frame 102: srcf=14 off=0 br=16000
frame 102: send=0x0 get=0x0 len=2792 coding=1 startqp=0 meanqp=0 picbytes=0 pskip=0 nalus=1 n1:2792
  snapshot f102: 3 venc_ko blocks (pool0 0x73801000 len 0x10000)
src frame 103: srcf=13 off=0 br=16000
frame 103: send=0x0 get=0x0 len=2574 coding=1 startqp=0 meanqp=0 picbytes=0 pskip=0 nalus=1 n1:2574
  snapshot f103: 3 venc_ko blocks (pool0 0x73801000 len 0x10000)
src frame 104: srcf=12 off=0 br=16000
frame 104: send=0x0 get=0x0 len=2542 coding=1 startqp=0 meanqp=0 picbytes=0 pskip=0 nalus=1 n1:2542
  snapshot f104: 3 venc_ko blocks (pool0 0x73801000 len 0x10000)
src frame 105: srcf=11 off=0 br=16000
frame 105: send=0x0 get=0x0 len=2557 coding=1 startqp=0 meanqp=0 picbytes=0 pskip=0 nalus=1 n1:2557
  snapshot f105: 3 venc_ko blocks (pool0 0x73801000 len 0x10000)
src frame 106: srcf=10 off=0 br=16000
frame 106: send=0x0 get=0x0 len=2315 coding=1 startqp=0 meanqp=0 picbytes=0 pskip=0 nalus=1 n1:2315
  snapshot f106: 3 venc_ko blocks (pool0 0x73801000 len 0x10000)
src frame 107: srcf=9 off=0 br=16000
frame 107: send=0x0 get=0x0 len=2284 coding=1 startqp=0 meanqp=0 picbytes=0 pskip=0 nalus=1 n1:2284
  snapshot f107: 3 venc_ko blocks (pool0 0x73801000 len 0x10000)
src frame 108: srcf=8 off=0 br=16000
frame 108: send=0x0 get=0x0 len=2291 coding=1 startqp=0 meanqp=0 picbytes=0 pskip=0 nalus=1 n1:2291
  snapshot f108: 3 venc_ko blocks (pool0 0x73801000 len 0x10000)
src frame 109: srcf=7 off=0 br=16000
frame 109: send=0x0 get=0x0 len=2284 coding=1 startqp=0 meanqp=0 picbytes=0 pskip=0 nalus=1 n1:2284
  snapshot f109: 3 venc_ko blocks (pool0 0x73801000 len 0x10000)
src frame 110: srcf=6 off=0 br=16000
frame 110: send=0x0 get=0x0 len=2291 coding=1 startqp=0 meanqp=0 picbytes=0 pskip=0 nalus=1 n1:2291
  snapshot f110: 3 venc_ko blocks (pool0 0x73801000 len 0x10000)
src frame 111: srcf=5 off=0 br=16000
frame 111: send=0x0 get=0x0 len=2284 coding=1 startqp=0 meanqp=0 picbytes=0 pskip=0 nalus=1 n1:2284
  snapshot f111: 3 venc_ko blocks (pool0 0x73801000 len 0x10000)
src frame 112: srcf=4 off=0 br=16000
frame 112: send=0x0 get=0x0 len=2291 coding=1 startqp=0 meanqp=0 picbytes=0 pskip=0 nalus=1 n1:2291
  snapshot f112: 3 venc_ko blocks (pool0 0x73801000 len 0x10000)
src frame 113: srcf=3 off=0 br=16000
frame 113: send=0x0 get=0x0 len=2284 coding=1 startqp=0 meanqp=0 picbytes=0 pskip=0 nalus=1 n1:2284
  snapshot f113: 3 venc_ko blocks (pool0 0x73801000 len 0x10000)
src frame 114: srcf=2 off=0 br=16000
frame 114: send=0x0 get=0x0 len=2291 coding=1 startqp=0 meanqp=0 picbytes=0 pskip=0 nalus=1 n1:2291
  snapshot f114: 3 venc_ko blocks (pool0 0x73801000 len 0x10000)
src frame 115: srcf=1 off=0 br=16000
frame 115: send=0x0 get=0x0 len=2284 coding=1 startqp=0 meanqp=0 picbytes=0 pskip=0 nalus=1 n1:2284
  snapshot f115: 3 venc_ko blocks (pool0 0x73801000 len 0x10000)
src frame 116: srcf=0 off=0 br=16000
frame 116: send=0x0 get=0x0 len=2291 coding=1 startqp=0 meanqp=0 picbytes=0 pskip=0 nalus=1 n1:2291
  snapshot f116: 3 venc_ko blocks (pool0 0x73801000 len 0x10000)
src frame 117: srcf=1 off=0 br=16000
frame 117: send=0x0 get=0x0 len=2284 coding=1 startqp=0 meanqp=0 picbytes=0 pskip=0 nalus=1 n1:2284
  snapshot f117: 3 venc_ko blocks (pool0 0x73801000 len 0x10000)
src frame 118: srcf=2 off=0 br=16000
frame 118: send=0x0 get=0x0 len=2291 coding=1 startqp=0 meanqp=0 picbytes=0 pskip=0 nalus=1 n1:2291
  snapshot f118: 3 venc_ko blocks (pool0 0x73801000 len 0x10000)
src frame 119: srcf=3 off=0 br=16000
frame 119: send=0x0 get=0x0 len=2284 coding=1 startqp=0 meanqp=0 picbytes=0 pskip=0 nalus=1 n1:2284
  snapshot f119: 3 venc_ko blocks (pool0 0x73801000 len 0x10000)
src frame 120: srcf=4 off=0 br=16000
frame 120: send=0x0 get=0x0 len=46569 coding=0 startqp=0 meanqp=0 picbytes=0 pskip=0 nalus=3 n7:32 n8:8 n5:46529
  snapshot f120: 3 venc_ko blocks (pool0 0x73801000 len 0x10000)
src frame 121: srcf=5 off=0 br=16000
frame 121: send=0x0 get=0x0 len=11959 coding=1 startqp=0 meanqp=0 picbytes=0 pskip=0 nalus=1 n1:11959
  snapshot f121: 3 venc_ko blocks (pool0 0x73801000 len 0x10000)
src frame 122: srcf=6 off=0 br=16000
frame 122: send=0x0 get=0x0 len=7574 coding=1 startqp=0 meanqp=0 picbytes=0 pskip=0 nalus=1 n1:7574
  snapshot f122: 3 venc_ko blocks (pool0 0x73801000 len 0x10000)
src frame 123: srcf=7 off=0 br=16000
frame 123: send=0x0 get=0x0 len=8323 coding=1 startqp=0 meanqp=0 picbytes=0 pskip=0 nalus=1 n1:8323
  snapshot f123: 3 venc_ko blocks (pool0 0x73801000 len 0x10000)
src frame 124: srcf=8 off=0 br=16000
frame 124: send=0x0 get=0x0 len=7847 coding=1 startqp=0 meanqp=0 picbytes=0 pskip=0 nalus=1 n1:7847
  snapshot f124: 3 venc_ko blocks (pool0 0x73801000 len 0x10000)
src frame 125: srcf=9 off=0 br=16000
frame 125: send=0x0 get=0x0 len=8641 coding=1 startqp=0 meanqp=0 picbytes=0 pskip=0 nalus=1 n1:8641
  snapshot f125: 3 venc_ko blocks (pool0 0x73801000 len 0x10000)
src frame 126: srcf=10 off=0 br=16000
frame 126: send=0x0 get=0x0 len=8562 coding=1 startqp=0 meanqp=0 picbytes=0 pskip=0 nalus=1 n1:8562
  snapshot f126: 3 venc_ko blocks (pool0 0x73801000 len 0x10000)
src frame 127: srcf=11 off=0 br=16000
frame 127: send=0x0 get=0x0 len=9415 coding=1 startqp=0 meanqp=0 picbytes=0 pskip=0 nalus=1 n1:9415
  snapshot f127: 3 venc_ko blocks (pool0 0x73801000 len 0x10000)
src frame 128: srcf=12 off=0 br=16000
frame 128: send=0x0 get=0x0 len=9354 coding=1 startqp=0 meanqp=0 picbytes=0 pskip=0 nalus=1 n1:9354
  snapshot f128: 3 venc_ko blocks (pool0 0x73801000 len 0x10000)
src frame 129: srcf=13 off=0 br=16000
frame 129: send=0x0 get=0x0 len=3445 coding=1 startqp=0 meanqp=0 picbytes=0 pskip=0 nalus=1 n1:3445
  snapshot f129: 3 venc_ko blocks (pool0 0x73801000 len 0x10000)
src frame 130: srcf=14 off=0 br=16000
frame 130: send=0x0 get=0x0 len=2242 coding=1 startqp=0 meanqp=0 picbytes=0 pskip=0 nalus=1 n1:2242
  snapshot f130: 3 venc_ko blocks (pool0 0x73801000 len 0x10000)
src frame 131: srcf=15 off=0 br=16000
frame 131: send=0x0 get=0x0 len=2018 coding=1 startqp=0 meanqp=0 picbytes=0 pskip=0 nalus=1 n1:2018
  snapshot f131: 3 venc_ko blocks (pool0 0x73801000 len 0x10000)
src frame 132: srcf=16 off=0 br=16000
frame 132: send=0x0 get=0x0 len=1981 coding=1 startqp=0 meanqp=0 picbytes=0 pskip=0 nalus=1 n1:1981
  snapshot f132: 3 venc_ko blocks (pool0 0x73801000 len 0x10000)
src frame 133: srcf=17 off=0 br=16000
frame 133: send=0x0 get=0x0 len=2005 coding=1 startqp=0 meanqp=0 picbytes=0 pskip=0 nalus=1 n1:2005
  snapshot f133: 3 venc_ko blocks (pool0 0x73801000 len 0x10000)
src frame 134: srcf=18 off=0 br=16000
frame 134: send=0x0 get=0x0 len=1915 coding=1 startqp=0 meanqp=0 picbytes=0 pskip=0 nalus=1 n1:1915
  snapshot f134: 3 venc_ko blocks (pool0 0x73801000 len 0x10000)
src frame 135: srcf=19 off=0 br=16000
frame 135: send=0x0 get=0x0 len=1894 coding=1 startqp=0 meanqp=0 picbytes=0 pskip=0 nalus=1 n1:1894
  snapshot f135: 3 venc_ko blocks (pool0 0x73801000 len 0x10000)
src frame 136: srcf=20 off=0 br=16000
frame 136: send=0x0 get=0x0 len=1773 coding=1 startqp=0 meanqp=0 picbytes=0 pskip=0 nalus=1 n1:1773
  snapshot f136: 3 venc_ko blocks (pool0 0x73801000 len 0x10000)
src frame 137: srcf=21 off=0 br=16000
frame 137: send=0x0 get=0x0 len=1748 coding=1 startqp=0 meanqp=0 picbytes=0 pskip=0 nalus=1 n1:1748
  snapshot f137: 3 venc_ko blocks (pool0 0x73801000 len 0x10000)
src frame 138: srcf=22 off=0 br=16000
frame 138: send=0x0 get=0x0 len=1749 coding=1 startqp=0 meanqp=0 picbytes=0 pskip=0 nalus=1 n1:1749
  snapshot f138: 3 venc_ko blocks (pool0 0x73801000 len 0x10000)
src frame 139: srcf=23 off=0 br=16000
frame 139: send=0x0 get=0x0 len=1741 coding=1 startqp=0 meanqp=0 picbytes=0 pskip=0 nalus=1 n1:1741
  snapshot f139: 3 venc_ko blocks (pool0 0x73801000 len 0x10000)
src frame 140: srcf=24 off=0 br=16000
frame 140: send=0x0 get=0x0 len=1751 coding=1 startqp=0 meanqp=0 picbytes=0 pskip=0 nalus=1 n1:1751
  snapshot f140: 3 venc_ko blocks (pool0 0x73801000 len 0x10000)
src frame 141: srcf=25 off=0 br=16000
frame 141: send=0x0 get=0x0 len=1743 coding=1 startqp=0 meanqp=0 picbytes=0 pskip=0 nalus=1 n1:1743
  snapshot f141: 3 venc_ko blocks (pool0 0x73801000 len 0x10000)
src frame 142: srcf=26 off=0 br=16000
frame 142: send=0x0 get=0x0 len=1749 coding=1 startqp=0 meanqp=0 picbytes=0 pskip=0 nalus=1 n1:1749
  snapshot f142: 3 venc_ko blocks (pool0 0x73801000 len 0x10000)
src frame 143: srcf=27 off=0 br=16000
frame 143: send=0x0 get=0x0 len=1741 coding=1 startqp=0 meanqp=0 picbytes=0 pskip=0 nalus=1 n1:1741
  snapshot f143: 3 venc_ko blocks (pool0 0x73801000 len 0x10000)
src frame 144: srcf=28 off=0 br=16000
frame 144: send=0x0 get=0x0 len=1751 coding=1 startqp=0 meanqp=0 picbytes=0 pskip=0 nalus=1 n1:1751
  snapshot f144: 3 venc_ko blocks (pool0 0x73801000 len 0x10000)
src frame 145: srcf=29 off=0 br=16000
frame 145: send=0x0 get=0x0 len=1742 coding=1 startqp=0 meanqp=0 picbytes=0 pskip=0 nalus=1 n1:1742
  snapshot f145: 3 venc_ko blocks (pool0 0x73801000 len 0x10000)
src frame 146: srcf=28 off=0 br=16000
frame 146: send=0x0 get=0x0 len=1749 coding=1 startqp=0 meanqp=0 picbytes=0 pskip=0 nalus=1 n1:1749
  snapshot f146: 3 venc_ko blocks (pool0 0x73801000 len 0x10000)
src frame 147: srcf=27 off=0 br=16000
frame 147: send=0x0 get=0x0 len=1741 coding=1 startqp=0 meanqp=0 picbytes=0 pskip=0 nalus=1 n1:1741
  snapshot f147: 3 venc_ko blocks (pool0 0x73801000 len 0x10000)
src frame 148: srcf=26 off=0 br=16000
frame 148: send=0x0 get=0x0 len=1751 coding=1 startqp=0 meanqp=0 picbytes=0 pskip=0 nalus=1 n1:1751
  snapshot f148: 3 venc_ko blocks (pool0 0x73801000 len 0x10000)
src frame 149: srcf=25 off=0 br=16000
frame 149: send=0x0 get=0x0 len=1742 coding=1 startqp=0 meanqp=0 picbytes=0 pskip=0 nalus=1 n1:1742
  snapshot f149: 3 venc_ko blocks (pool0 0x73801000 len 0x10000)
src frame 150: srcf=24 off=0 br=16000
frame 150: send=0x0 get=0x0 len=51112 coding=0 startqp=0 meanqp=0 picbytes=0 pskip=0 nalus=3 n7:32 n8:8 n5:51072
  snapshot f150: 3 venc_ko blocks (pool0 0x73801000 len 0x10000)
src frame 151: srcf=23 off=0 br=16000
frame 151: send=0x0 get=0x0 len=12730 coding=1 startqp=0 meanqp=0 picbytes=0 pskip=0 nalus=1 n1:12730
  snapshot f151: 3 venc_ko blocks (pool0 0x73801000 len 0x10000)
src frame 152: srcf=22 off=0 br=16000
frame 152: send=0x0 get=0x0 len=7911 coding=1 startqp=0 meanqp=0 picbytes=0 pskip=0 nalus=1 n1:7911
  snapshot f152: 3 venc_ko blocks (pool0 0x73801000 len 0x10000)
src frame 153: srcf=21 off=0 br=16000
frame 153: send=0x0 get=0x0 len=8514 coding=1 startqp=0 meanqp=0 picbytes=0 pskip=0 nalus=1 n1:8514
  snapshot f153: 3 venc_ko blocks (pool0 0x73801000 len 0x10000)
src frame 154: srcf=20 off=0 br=16000
frame 154: send=0x0 get=0x0 len=8864 coding=1 startqp=0 meanqp=0 picbytes=0 pskip=0 nalus=1 n1:8864
  snapshot f154: 3 venc_ko blocks (pool0 0x73801000 len 0x10000)
src frame 155: srcf=19 off=0 br=16000
frame 155: send=0x0 get=0x0 len=9273 coding=1 startqp=0 meanqp=0 picbytes=0 pskip=0 nalus=1 n1:9273
  snapshot f155: 3 venc_ko blocks (pool0 0x73801000 len 0x10000)
src frame 156: srcf=18 off=0 br=16000
frame 156: send=0x0 get=0x0 len=9286 coding=1 startqp=0 meanqp=0 picbytes=0 pskip=0 nalus=1 n1:9286
  snapshot f156: 3 venc_ko blocks (pool0 0x73801000 len 0x10000)
src frame 157: srcf=17 off=0 br=16000
frame 157: send=0x0 get=0x0 len=3589 coding=1 startqp=0 meanqp=0 picbytes=0 pskip=0 nalus=1 n1:3589
  snapshot f157: 3 venc_ko blocks (pool0 0x73801000 len 0x10000)
src frame 158: srcf=16 off=0 br=16000
frame 158: send=0x0 get=0x0 len=2371 coding=1 startqp=0 meanqp=0 picbytes=0 pskip=0 nalus=1 n1:2371
  snapshot f158: 3 venc_ko blocks (pool0 0x73801000 len 0x10000)
src frame 159: srcf=15 off=0 br=16000
frame 159: send=0x0 get=0x0 len=2189 coding=1 startqp=0 meanqp=0 picbytes=0 pskip=0 nalus=1 n1:2189
  snapshot f159: 3 venc_ko blocks (pool0 0x73801000 len 0x10000)
src frame 160: srcf=14 off=0 br=16000
frame 160: send=0x0 get=0x0 len=2177 coding=1 startqp=0 meanqp=0 picbytes=0 pskip=0 nalus=1 n1:2177
  snapshot f160: 3 venc_ko blocks (pool0 0x73801000 len 0x10000)
src frame 161: srcf=13 off=0 br=16000
frame 161: send=0x0 get=0x0 len=2180 coding=1 startqp=0 meanqp=0 picbytes=0 pskip=0 nalus=1 n1:2180
  snapshot f161: 3 venc_ko blocks (pool0 0x73801000 len 0x10000)
src frame 162: srcf=12 off=0 br=16000
frame 162: send=0x0 get=0x0 len=2100 coding=1 startqp=0 meanqp=0 picbytes=0 pskip=0 nalus=1 n1:2100
  snapshot f162: 3 venc_ko blocks (pool0 0x73801000 len 0x10000)
src frame 163: srcf=11 off=0 br=16000
frame 163: send=0x0 get=0x0 len=2084 coding=1 startqp=0 meanqp=0 picbytes=0 pskip=0 nalus=1 n1:2084
  snapshot f163: 3 venc_ko blocks (pool0 0x73801000 len 0x10000)
src frame 164: srcf=10 off=0 br=16000
frame 164: send=0x0 get=0x0 len=1939 coding=1 startqp=0 meanqp=0 picbytes=0 pskip=0 nalus=1 n1:1939
  snapshot f164: 3 venc_ko blocks (pool0 0x73801000 len 0x10000)
src frame 165: srcf=9 off=0 br=16000
frame 165: send=0x0 get=0x0 len=1936 coding=1 startqp=0 meanqp=0 picbytes=0 pskip=0 nalus=1 n1:1936
  snapshot f165: 3 venc_ko blocks (pool0 0x73801000 len 0x10000)
src frame 166: srcf=8 off=0 br=16000
frame 166: send=0x0 get=0x0 len=1930 coding=1 startqp=0 meanqp=0 picbytes=0 pskip=0 nalus=1 n1:1930
  snapshot f166: 3 venc_ko blocks (pool0 0x73801000 len 0x10000)
src frame 167: srcf=7 off=0 br=16000
frame 167: send=0x0 get=0x0 len=1932 coding=1 startqp=0 meanqp=0 picbytes=0 pskip=0 nalus=1 n1:1932
  snapshot f167: 3 venc_ko blocks (pool0 0x73801000 len 0x10000)
src frame 168: srcf=6 off=0 br=16000
frame 168: send=0x0 get=0x0 len=1930 coding=1 startqp=0 meanqp=0 picbytes=0 pskip=0 nalus=1 n1:1930
  snapshot f168: 3 venc_ko blocks (pool0 0x73801000 len 0x10000)
src frame 169: srcf=5 off=0 br=16000
frame 169: send=0x0 get=0x0 len=1932 coding=1 startqp=0 meanqp=0 picbytes=0 pskip=0 nalus=1 n1:1932
  snapshot f169: 3 venc_ko blocks (pool0 0x73801000 len 0x10000)
src frame 170: srcf=4 off=0 br=16000
frame 170: send=0x0 get=0x0 len=1930 coding=1 startqp=0 meanqp=0 picbytes=0 pskip=0 nalus=1 n1:1930
  snapshot f170: 3 venc_ko blocks (pool0 0x73801000 len 0x10000)
src frame 171: srcf=3 off=0 br=16000
frame 171: send=0x0 get=0x0 len=1932 coding=1 startqp=0 meanqp=0 picbytes=0 pskip=0 nalus=1 n1:1932
  snapshot f171: 3 venc_ko blocks (pool0 0x73801000 len 0x10000)
src frame 172: srcf=2 off=0 br=16000
frame 172: send=0x0 get=0x0 len=1930 coding=1 startqp=0 meanqp=0 picbytes=0 pskip=0 nalus=1 n1:1930
  snapshot f172: 3 venc_ko blocks (pool0 0x73801000 len 0x10000)
src frame 173: srcf=1 off=0 br=16000
frame 173: send=0x0 get=0x0 len=1932 coding=1 startqp=0 meanqp=0 picbytes=0 pskip=0 nalus=1 n1:1932
  snapshot f173: 3 venc_ko blocks (pool0 0x73801000 len 0x10000)
src frame 174: srcf=0 off=0 br=16000
frame 174: send=0x0 get=0x0 len=1930 coding=1 startqp=0 meanqp=0 picbytes=0 pskip=0 nalus=1 n1:1930
  snapshot f174: 3 venc_ko blocks (pool0 0x73801000 len 0x10000)
src frame 175: srcf=1 off=0 br=16000
frame 175: send=0x0 get=0x0 len=1932 coding=1 startqp=0 meanqp=0 picbytes=0 pskip=0 nalus=1 n1:1932
  snapshot f175: 3 venc_ko blocks (pool0 0x73801000 len 0x10000)
src frame 176: srcf=2 off=0 br=16000
frame 176: send=0x0 get=0x0 len=1930 coding=1 startqp=0 meanqp=0 picbytes=0 pskip=0 nalus=1 n1:1930
  snapshot f176: 3 venc_ko blocks (pool0 0x73801000 len 0x10000)
src frame 177: srcf=3 off=0 br=16000
frame 177: send=0x0 get=0x0 len=1932 coding=1 startqp=0 meanqp=0 picbytes=0 pskip=0 nalus=1 n1:1932
  snapshot f177: 3 venc_ko blocks (pool0 0x73801000 len 0x10000)
src frame 178: srcf=4 off=0 br=16000
frame 178: send=0x0 get=0x0 len=1930 coding=1 startqp=0 meanqp=0 picbytes=0 pskip=0 nalus=1 n1:1930
  snapshot f178: 3 venc_ko blocks (pool0 0x73801000 len 0x10000)
src frame 179: srcf=5 off=0 br=16000
frame 179: send=0x0 get=0x0 len=1932 coding=1 startqp=0 meanqp=0 picbytes=0 pskip=0 nalus=1 n1:1932
  snapshot f179: 3 venc_ko blocks (pool0 0x73801000 len 0x10000)
src frame 180: srcf=6 off=0 br=16000
frame 180: send=0x0 get=0x0 len=56298 coding=0 startqp=0 meanqp=0 picbytes=0 pskip=0 nalus=3 n7:32 n8:8 n5:56258
  snapshot f180: 3 venc_ko blocks (pool0 0x73801000 len 0x10000)
src frame 181: srcf=7 off=0 br=16000
frame 181: send=0x0 get=0x0 len=13122 coding=1 startqp=0 meanqp=0 picbytes=0 pskip=0 nalus=1 n1:13122
  snapshot f181: 3 venc_ko blocks (pool0 0x73801000 len 0x10000)
src frame 182: srcf=8 off=0 br=16000
frame 182: send=0x0 get=0x0 len=8000 coding=1 startqp=0 meanqp=0 picbytes=0 pskip=0 nalus=1 n1:8000
  snapshot f182: 3 venc_ko blocks (pool0 0x73801000 len 0x10000)
src frame 183: srcf=9 off=0 br=16000
frame 183: send=0x0 get=0x0 len=8417 coding=1 startqp=0 meanqp=0 picbytes=0 pskip=0 nalus=1 n1:8417
  snapshot f183: 3 venc_ko blocks (pool0 0x73801000 len 0x10000)
src frame 184: srcf=10 off=0 br=16000
frame 184: send=0x0 get=0x0 len=8987 coding=1 startqp=0 meanqp=0 picbytes=0 pskip=0 nalus=1 n1:8987
  snapshot f184: 3 venc_ko blocks (pool0 0x73801000 len 0x10000)
src frame 185: srcf=11 off=0 br=16000
frame 185: send=0x0 get=0x0 len=3206 coding=1 startqp=0 meanqp=0 picbytes=0 pskip=0 nalus=1 n1:3206
  snapshot f185: 3 venc_ko blocks (pool0 0x73801000 len 0x10000)
src frame 186: srcf=12 off=0 br=16000
frame 186: send=0x0 get=0x0 len=2114 coding=1 startqp=0 meanqp=0 picbytes=0 pskip=0 nalus=1 n1:2114
  snapshot f186: 3 venc_ko blocks (pool0 0x73801000 len 0x10000)
src frame 187: srcf=13 off=0 br=16000
frame 187: send=0x0 get=0x0 len=1831 coding=1 startqp=0 meanqp=0 picbytes=0 pskip=0 nalus=1 n1:1831
  snapshot f187: 3 venc_ko blocks (pool0 0x73801000 len 0x10000)
src frame 188: srcf=14 off=0 br=16000
frame 188: send=0x0 get=0x0 len=1818 coding=1 startqp=0 meanqp=0 picbytes=0 pskip=0 nalus=1 n1:1818
  snapshot f188: 3 venc_ko blocks (pool0 0x73801000 len 0x10000)
src frame 189: srcf=15 off=0 br=16000
frame 189: send=0x0 get=0x0 len=1874 coding=1 startqp=0 meanqp=0 picbytes=0 pskip=0 nalus=1 n1:1874
  snapshot f189: 3 venc_ko blocks (pool0 0x73801000 len 0x10000)
src frame 190: srcf=16 off=0 br=16000
frame 190: send=0x0 get=0x0 len=1778 coding=1 startqp=0 meanqp=0 picbytes=0 pskip=0 nalus=1 n1:1778
  snapshot f190: 3 venc_ko blocks (pool0 0x73801000 len 0x10000)
src frame 191: srcf=17 off=0 br=16000
frame 191: send=0x0 get=0x0 len=1780 coding=1 startqp=0 meanqp=0 picbytes=0 pskip=0 nalus=1 n1:1780
  snapshot f191: 3 venc_ko blocks (pool0 0x73801000 len 0x10000)
src frame 192: srcf=18 off=0 br=16000
frame 192: send=0x0 get=0x0 len=1749 coding=1 startqp=0 meanqp=0 picbytes=0 pskip=0 nalus=1 n1:1749
  snapshot f192: 3 venc_ko blocks (pool0 0x73801000 len 0x10000)
src frame 193: srcf=19 off=0 br=16000
frame 193: send=0x0 get=0x0 len=1731 coding=1 startqp=0 meanqp=0 picbytes=0 pskip=0 nalus=1 n1:1731
  snapshot f193: 3 venc_ko blocks (pool0 0x73801000 len 0x10000)
src frame 194: srcf=20 off=0 br=16000
frame 194: send=0x0 get=0x0 len=1649 coding=1 startqp=0 meanqp=0 picbytes=0 pskip=0 nalus=1 n1:1649
  snapshot f194: 3 venc_ko blocks (pool0 0x73801000 len 0x10000)
src frame 195: srcf=21 off=0 br=16000
frame 195: send=0x0 get=0x0 len=1612 coding=1 startqp=0 meanqp=0 picbytes=0 pskip=0 nalus=1 n1:1612
  snapshot f195: 3 venc_ko blocks (pool0 0x73801000 len 0x10000)
src frame 196: srcf=22 off=0 br=16000
frame 196: send=0x0 get=0x0 len=1596 coding=1 startqp=0 meanqp=0 picbytes=0 pskip=0 nalus=1 n1:1596
  snapshot f196: 3 venc_ko blocks (pool0 0x73801000 len 0x10000)
src frame 197: srcf=23 off=0 br=16000
frame 197: send=0x0 get=0x0 len=1613 coding=1 startqp=0 meanqp=0 picbytes=0 pskip=0 nalus=1 n1:1613
  snapshot f197: 3 venc_ko blocks (pool0 0x73801000 len 0x10000)
src frame 198: srcf=24 off=0 br=16000
frame 198: send=0x0 get=0x0 len=1611 coding=1 startqp=0 meanqp=0 picbytes=0 pskip=0 nalus=1 n1:1611
  snapshot f198: 3 venc_ko blocks (pool0 0x73801000 len 0x10000)
src frame 199: srcf=25 off=0 br=16000
frame 199: send=0x0 get=0x0 len=1613 coding=1 startqp=0 meanqp=0 picbytes=0 pskip=0 nalus=1 n1:1613
  snapshot f199: 3 venc_ko blocks (pool0 0x73801000 len 0x10000)
src frame 200: srcf=26 off=0 br=16000
frame 200: send=0x0 get=0x0 len=1611 coding=1 startqp=0 meanqp=0 picbytes=0 pskip=0 nalus=1 n1:1611
  snapshot f200: 3 venc_ko blocks (pool0 0x73801000 len 0x10000)
src frame 201: srcf=27 off=0 br=16000
frame 201: send=0x0 get=0x0 len=1613 coding=1 startqp=0 meanqp=0 picbytes=0 pskip=0 nalus=1 n1:1613
  snapshot f201: 3 venc_ko blocks (pool0 0x73801000 len 0x10000)
src frame 202: srcf=28 off=0 br=16000
frame 202: send=0x0 get=0x0 len=1611 coding=1 startqp=0 meanqp=0 picbytes=0 pskip=0 nalus=1 n1:1611
  snapshot f202: 3 venc_ko blocks (pool0 0x73801000 len 0x10000)
src frame 203: srcf=29 off=0 br=16000
frame 203: send=0x0 get=0x0 len=1613 coding=1 startqp=0 meanqp=0 picbytes=0 pskip=0 nalus=1 n1:1613
  snapshot f203: 3 venc_ko blocks (pool0 0x73801000 len 0x10000)
src frame 204: srcf=28 off=0 br=16000
frame 204: send=0x0 get=0x0 len=1611 coding=1 startqp=0 meanqp=0 picbytes=0 pskip=0 nalus=1 n1:1611
  snapshot f204: 3 venc_ko blocks (pool0 0x73801000 len 0x10000)
src frame 205: srcf=27 off=0 br=16000
frame 205: send=0x0 get=0x0 len=1613 coding=1 startqp=0 meanqp=0 picbytes=0 pskip=0 nalus=1 n1:1613
  snapshot f205: 3 venc_ko blocks (pool0 0x73801000 len 0x10000)
src frame 206: srcf=26 off=0 br=16000
frame 206: send=0x0 get=0x0 len=1611 coding=1 startqp=0 meanqp=0 picbytes=0 pskip=0 nalus=1 n1:1611
  snapshot f206: 3 venc_ko blocks (pool0 0x73801000 len 0x10000)
src frame 207: srcf=25 off=0 br=16000
frame 207: send=0x0 get=0x0 len=1613 coding=1 startqp=0 meanqp=0 picbytes=0 pskip=0 nalus=1 n1:1613
  snapshot f207: 3 venc_ko blocks (pool0 0x73801000 len 0x10000)
src frame 208: srcf=24 off=0 br=16000
frame 208: send=0x0 get=0x0 len=1611 coding=1 startqp=0 meanqp=0 picbytes=0 pskip=0 nalus=1 n1:1611
  snapshot f208: 3 venc_ko blocks (pool0 0x73801000 len 0x10000)
src frame 209: srcf=23 off=0 br=16000
frame 209: send=0x0 get=0x0 len=1613 coding=1 startqp=0 meanqp=0 picbytes=0 pskip=0 nalus=1 n1:1613
  snapshot f209: 3 venc_ko blocks (pool0 0x73801000 len 0x10000)
src frame 210: srcf=22 off=0 br=16000
frame 210: send=0x0 get=0x0 len=60896 coding=0 startqp=0 meanqp=0 picbytes=0 pskip=0 nalus=3 n7:32 n8:8 n5:60856
  snapshot f210: 3 venc_ko blocks (pool0 0x73801000 len 0x10000)
src frame 211: srcf=21 off=0 br=16000
frame 211: send=0x0 get=0x0 len=14000 coding=1 startqp=0 meanqp=0 picbytes=0 pskip=0 nalus=1 n1:14000
  snapshot f211: 3 venc_ko blocks (pool0 0x73801000 len 0x10000)
src frame 212: srcf=20 off=0 br=16000
frame 212: send=0x0 get=0x0 len=9206 coding=1 startqp=0 meanqp=0 picbytes=0 pskip=0 nalus=1 n1:9206
  snapshot f212: 3 venc_ko blocks (pool0 0x73801000 len 0x10000)
src frame 213: srcf=19 off=0 br=16000
frame 213: send=0x0 get=0x0 len=3531 coding=1 startqp=0 meanqp=0 picbytes=0 pskip=0 nalus=1 n1:3531
  snapshot f213: 3 venc_ko blocks (pool0 0x73801000 len 0x10000)
src frame 214: srcf=18 off=0 br=16000
frame 214: send=0x0 get=0x0 len=2212 coding=1 startqp=0 meanqp=0 picbytes=0 pskip=0 nalus=1 n1:2212
  snapshot f214: 3 venc_ko blocks (pool0 0x73801000 len 0x10000)
src frame 215: srcf=17 off=0 br=16000
frame 215: send=0x0 get=0x0 len=1959 coding=1 startqp=0 meanqp=0 picbytes=0 pskip=0 nalus=1 n1:1959
  snapshot f215: 3 venc_ko blocks (pool0 0x73801000 len 0x10000)
src frame 216: srcf=16 off=0 br=16000
frame 216: send=0x0 get=0x0 len=1943 coding=1 startqp=0 meanqp=0 picbytes=0 pskip=0 nalus=1 n1:1943
  snapshot f216: 3 venc_ko blocks (pool0 0x73801000 len 0x10000)
src frame 217: srcf=15 off=0 br=16000
frame 217: send=0x0 get=0x0 len=1982 coding=1 startqp=0 meanqp=0 picbytes=0 pskip=0 nalus=1 n1:1982
  snapshot f217: 3 venc_ko blocks (pool0 0x73801000 len 0x10000)
src frame 218: srcf=14 off=0 br=16000
frame 218: send=0x0 get=0x0 len=1893 coding=1 startqp=0 meanqp=0 picbytes=0 pskip=0 nalus=1 n1:1893
  snapshot f218: 3 venc_ko blocks (pool0 0x73801000 len 0x10000)
src frame 219: srcf=13 off=0 br=16000
frame 219: send=0x0 get=0x0 len=1935 coding=1 startqp=0 meanqp=0 picbytes=0 pskip=0 nalus=1 n1:1935
  snapshot f219: 3 venc_ko blocks (pool0 0x73801000 len 0x10000)
src frame 220: srcf=12 off=0 br=16000
frame 220: send=0x0 get=0x0 len=1931 coding=1 startqp=0 meanqp=0 picbytes=0 pskip=0 nalus=1 n1:1931
  snapshot f220: 3 venc_ko blocks (pool0 0x73801000 len 0x10000)
src frame 221: srcf=11 off=0 br=16000
frame 221: send=0x0 get=0x0 len=1912 coding=1 startqp=0 meanqp=0 picbytes=0 pskip=0 nalus=1 n1:1912
  snapshot f221: 3 venc_ko blocks (pool0 0x73801000 len 0x10000)
src frame 222: srcf=10 off=0 br=16000
frame 222: send=0x0 get=0x0 len=1835 coding=1 startqp=0 meanqp=0 picbytes=0 pskip=0 nalus=1 n1:1835
  snapshot f222: 3 venc_ko blocks (pool0 0x73801000 len 0x10000)
src frame 223: srcf=9 off=0 br=16000
frame 223: send=0x0 get=0x0 len=1806 coding=1 startqp=0 meanqp=0 picbytes=0 pskip=0 nalus=1 n1:1806
  snapshot f223: 3 venc_ko blocks (pool0 0x73801000 len 0x10000)
src frame 224: srcf=8 off=0 br=16000
frame 224: send=0x0 get=0x0 len=1816 coding=1 startqp=0 meanqp=0 picbytes=0 pskip=0 nalus=1 n1:1816
  snapshot f224: 3 venc_ko blocks (pool0 0x73801000 len 0x10000)
src frame 225: srcf=7 off=0 br=16000
frame 225: send=0x0 get=0x0 len=1811 coding=1 startqp=0 meanqp=0 picbytes=0 pskip=0 nalus=1 n1:1811
  snapshot f225: 3 venc_ko blocks (pool0 0x73801000 len 0x10000)
src frame 226: srcf=6 off=0 br=16000
frame 226: send=0x0 get=0x0 len=1816 coding=1 startqp=0 meanqp=0 picbytes=0 pskip=0 nalus=1 n1:1816
  snapshot f226: 3 venc_ko blocks (pool0 0x73801000 len 0x10000)
src frame 227: srcf=5 off=0 br=16000
frame 227: send=0x0 get=0x0 len=1811 coding=1 startqp=0 meanqp=0 picbytes=0 pskip=0 nalus=1 n1:1811
  snapshot f227: 3 venc_ko blocks (pool0 0x73801000 len 0x10000)
src frame 228: srcf=4 off=0 br=16000
frame 228: send=0x0 get=0x0 len=1816 coding=1 startqp=0 meanqp=0 picbytes=0 pskip=0 nalus=1 n1:1816
  snapshot f228: 3 venc_ko blocks (pool0 0x73801000 len 0x10000)
src frame 229: srcf=3 off=0 br=16000
frame 229: send=0x0 get=0x0 len=1811 coding=1 startqp=0 meanqp=0 picbytes=0 pskip=0 nalus=1 n1:1811
  snapshot f229: 3 venc_ko blocks (pool0 0x73801000 len 0x10000)
src frame 230: srcf=2 off=0 br=16000
frame 230: send=0x0 get=0x0 len=1816 coding=1 startqp=0 meanqp=0 picbytes=0 pskip=0 nalus=1 n1:1816
  snapshot f230: 3 venc_ko blocks (pool0 0x73801000 len 0x10000)
src frame 231: srcf=1 off=0 br=16000
frame 231: send=0x0 get=0x0 len=1811 coding=1 startqp=0 meanqp=0 picbytes=0 pskip=0 nalus=1 n1:1811
  snapshot f231: 3 venc_ko blocks (pool0 0x73801000 len 0x10000)
src frame 232: srcf=0 off=0 br=16000
frame 232: send=0x0 get=0x0 len=1816 coding=1 startqp=0 meanqp=0 picbytes=0 pskip=0 nalus=1 n1:1816
  snapshot f232: 3 venc_ko blocks (pool0 0x73801000 len 0x10000)
src frame 233: srcf=1 off=0 br=16000
frame 233: send=0x0 get=0x0 len=1811 coding=1 startqp=0 meanqp=0 picbytes=0 pskip=0 nalus=1 n1:1811
  snapshot f233: 3 venc_ko blocks (pool0 0x73801000 len 0x10000)
src frame 234: srcf=2 off=0 br=16000
frame 234: send=0x0 get=0x0 len=1816 coding=1 startqp=0 meanqp=0 picbytes=0 pskip=0 nalus=1 n1:1816
  snapshot f234: 3 venc_ko blocks (pool0 0x73801000 len 0x10000)
src frame 235: srcf=3 off=0 br=16000
frame 235: send=0x0 get=0x0 len=1811 coding=1 startqp=0 meanqp=0 picbytes=0 pskip=0 nalus=1 n1:1811
  snapshot f235: 3 venc_ko blocks (pool0 0x73801000 len 0x10000)
src frame 236: srcf=4 off=0 br=16000
frame 236: send=0x0 get=0x0 len=1816 coding=1 startqp=0 meanqp=0 picbytes=0 pskip=0 nalus=1 n1:1816
  snapshot f236: 3 venc_ko blocks (pool0 0x73801000 len 0x10000)
src frame 237: srcf=5 off=0 br=16000
frame 237: send=0x0 get=0x0 len=1811 coding=1 startqp=0 meanqp=0 picbytes=0 pskip=0 nalus=1 n1:1811
  snapshot f237: 3 venc_ko blocks (pool0 0x73801000 len 0x10000)
src frame 238: srcf=6 off=0 br=16000
frame 238: send=0x0 get=0x0 len=1816 coding=1 startqp=0 meanqp=0 picbytes=0 pskip=0 nalus=1 n1:1816
  snapshot f238: 3 venc_ko blocks (pool0 0x73801000 len 0x10000)
src frame 239: srcf=7 off=0 br=16000
frame 239: send=0x0 get=0x0 len=1811 coding=1 startqp=0 meanqp=0 picbytes=0 pskip=0 nalus=1 n1:1811
  snapshot f239: 3 venc_ko blocks (pool0 0x73801000 len 0x10000)
---- /proc/ax_proc/venc ----
-------- VENC VERSION ------------------------
[Axera version]: ax_venc V3.0.0_20250319114413 Mar 19 2025 11:58:34 JK

-------- MODULE PARAM ------------------------
MaxChnNum   MaxRoiNum   MaxProcNum  
16          8           16          

-------- VENC CHN ATTR 1 ------------------------
ID    Type    wSrc    hSrc    Strd0   Strd1   maxW    maxH    PixFmt  link  InFifoDep    OutFifoDep   InDbgFifoLen InDbgFifoDep StrmBufSize(KB)
7     h264    1920    1080    3840    0       1920    1080    YUYV422 N     2            2            0            4            4114      
-------- VENC CHN ATTR 2 ------------------------
ID    [CropEn StartX  StartY  CropW   CropH]  Rotation  EncW    EncH    FrmSize      PTS          SeqNum       CompMode     CompLevel    PhyAddr0     PhyAddr1     PhyAddr2     
7     N       0       0       0       0       0         1920    1080    4147200      3266666      197          NONE         0            742d1000     0            0            
-------- VENC RC ATTR 1 ------------------------
ID    RcMode    SrcFr   DstFr   Br(kbps)  MinQp   MaxQp   MinIQp  MaxIQp  IQpDelta  IpropMax   IpropMin   StartQp    QpDltRng   DeBrQpDlt  SvcEn   ChgPos  StillPercent MaxStillQp 
7     CBR       60.00   60.00   16000     10      51      10      51      0         40         10         -1         2          0          False   -       -            -          
-------- VENC RC ATTR 2  -----------------------
ID    QMapQpType  QMapUnit    QMapBlkType IQp   PQp   MinQpDelta MaxQpDelta MaxBitRate shtStaTime ltStaTime  ltMinBr  ltMaxBr  Br_ST(kbps)    Br_LT(kbps)    
7     N/A         64x64       N/A         -     -     -          -          -          -          -          -        -        -              -              
-------- VENC GOP ATTR  ------------------------
ID    GopMode   Gop   GopVI 
7     NormalP   30    0     
-------- VENC STATUS 1 -------------------------
ID    RJEn         RJThr(bps)   RJMode       RJEncGaps    SupFrmEn     SupPri       SupThrI      SupThrP      SplitEn      SliceNum     Range(In)    Range(out)   
7     N            0            Normal       0            N            0            500000       500000       N            0            Full         Full         
-------- VENC STATUS 2 -------------------------
ID    ChnStat   FrmRecv   FrmRls    FrmEnc    FrmDrop   FrmDup    EncFail   MissMatch StrmGet   StrmRls   OutFps    RealBr    ReEncCnt  DropCnt   BlkFail   GrpID     PID     TID     ThNum   RefInc    RefDec    Fail1   Fail2   Fail3   Fail4   
7     STARTED   197       197       197       0         0         0         0         197       197       50.00     2224.68   0         0         0         -1        130358  130362  1       197       197       0       0       0       0       
-------- VENC HW STATUS  ------------------------
ID    OverFlow     TimeOut      
7     0            0            
-------- VENC ROI INFO  ------------------------
ID    Index        bEnable      bAbsQp       RoiQP        Width        Height       StartX       StartY       
done h264_static16000
rc=0
== h264_static16000: codec=h264 rc=cbr br=16000 fps=60 gop=30 frames=240 total=1303722 B achieved=2607 kbps
I frames (frame:qp/bytes): 0:32/30843 30:30/34366 60:28/38177 90:26/42390 120:24/46569 150:22/51112 180:20/56298 210:18/60896
first P after each I (frame:qp): 1:35 31:33 61:31 91:29 121:27 151:25 181:23 211:21
per-GOP: gop#: kbps I_qp P_qp[min..max] P_qp_last
  0: 2826 kbps I=[32] P=[21..35] last=21 n=30
  1: 3001 kbps I=[30] P=[19..33] last=19 n=30
  2: 2824 kbps I=[28] P=[17..31] last=17 n=30
  3: 2798 kbps I=[26] P=[15..29] last=15 n=30
  4: 2531 kbps I=[24] P=[13..27] last=13 n=30
  5: 2485 kbps I=[22] P=[13..25] last=13 n=30
  6: 2216 kbps I=[20] P=[10..23] last=10 n=30
  7: 2177 kbps I=[18] P=[11..21] last=11 n=30
P->P QP step histogram: -2:1 -1:103 +0:120
I->firstP QP delta: +3 +3 +3 +3 +3 +3 +3 +3
sw7 frame-QP == slice QP: 240/240 frames with a program agree; mismatches at []
slot flags: {'': 240}
sw105-107 distinct (I): [('0x35b600', '0x35b600', '0x35b600'), ('0x46c3f1', '0x46c3f1', '0x46c3f1'), ('0x4dd789', '0x4dd789', '0x4dd789')]
sw172/173 distinct: [('0x14f', '0x662'), ('0x14f', '0x66a')]
sw6 distinct (I / P): ['0x3'] ['0x3']
=== h265_static2000: codec=h265 rc=cbr br=2000 nframes=240 src=/root/rc65/clips/static.yuyv motion=none
# vdrive tag=h265_static2000 codec=h265 1920x1080 rc=cbr br=2000 fps=60/60 gop=30 gopmode=normalp ltrint=0 ltrqpo=0 iqp=32 pqp=32 profile=0 level=153 tier=0 qp[10..51] iqp[10..51] iqd=0 firstqp=-1 iprop[10..40] idrrange=2 stattime=1 vq=0 ir=0/0 slice=0 debreath=0 scd=-1 rowqpd=-1 vui=-1 move=0 nframes=240
src=/root/rc65/clips/static.yuyv frames=30 loop=pingpong motion=none mstep=4 window=0..-1
AX_SYS_Init rc=0x0
AX_VENC_Init rc=0x0
AX_VENC_CreateChn(7) rc=0x0
StartRecvFrame rc=0x0
AX_POOL_CreatePool id=0x0
blk=0x5e000000 phys=0x742cb000 virt=0xffff88355000
frame: modid=0x11 stride=1920 fmt=0xd
  snapshot pre: 3 venc_ko blocks (pool0 0x73801000 len 0x10000)
src frame 0: srcf=0 off=0 br=2000
frame 0: send=0x0 get=0x0 len=23659 coding=0 startqp=0 meanqp=0 picbytes=0 pskip=0 nalus=4 n32:27 n33:53 n34:12 n19:23567
  cu: inter64=0 inter32=0 inter16=0 inter8=0 intra32=0 intra16=0 intra8=0 intra4=0 reftype=0
  snapshot f000: 3 venc_ko blocks (pool0 0x73801000 len 0x10000)
src frame 1: srcf=1 off=0 br=2000
frame 1: send=0x0 get=0x0 len=543 coding=1 startqp=0 meanqp=0 picbytes=0 pskip=0 nalus=1 n1:543
  cu: inter64=0 inter32=0 inter16=0 inter8=0 intra32=0 intra16=0 intra8=0 intra4=0 reftype=0
  snapshot f001: 3 venc_ko blocks (pool0 0x73801000 len 0x10000)
src frame 2: srcf=2 off=0 br=2000
frame 2: send=0x0 get=0x0 len=126 coding=1 startqp=0 meanqp=0 picbytes=0 pskip=0 nalus=1 n1:126
  cu: inter64=0 inter32=0 inter16=0 inter8=0 intra32=0 intra16=0 intra8=0 intra4=0 reftype=0
  snapshot f002: 3 venc_ko blocks (pool0 0x73801000 len 0x10000)
src frame 3: srcf=3 off=0 br=2000
frame 3: send=0x0 get=0x0 len=118 coding=1 startqp=0 meanqp=0 picbytes=0 pskip=0 nalus=1 n1:118
  cu: inter64=0 inter32=0 inter16=0 inter8=0 intra32=0 intra16=0 intra8=0 intra4=0 reftype=0
  snapshot f003: 3 venc_ko blocks (pool0 0x73801000 len 0x10000)
src frame 4: srcf=4 off=0 br=2000
frame 4: send=0x0 get=0x0 len=76 coding=1 startqp=0 meanqp=0 picbytes=0 pskip=0 nalus=1 n1:76
  cu: inter64=0 inter32=0 inter16=0 inter8=0 intra32=0 intra16=0 intra8=0 intra4=0 reftype=0
  snapshot f004: 3 venc_ko blocks (pool0 0x73801000 len 0x10000)
src frame 5: srcf=5 off=0 br=2000
frame 5: send=0x0 get=0x0 len=74 coding=1 startqp=0 meanqp=0 picbytes=0 pskip=0 nalus=1 n1:74
  cu: inter64=0 inter32=0 inter16=0 inter8=0 intra32=0 intra16=0 intra8=0 intra4=0 reftype=0
  snapshot f005: 3 venc_ko blocks (pool0 0x73801000 len 0x10000)
src frame 6: srcf=6 off=0 br=2000
frame 6: send=0x0 get=0x0 len=66 coding=1 startqp=0 meanqp=0 picbytes=0 pskip=0 nalus=1 n1:66
  cu: inter64=0 inter32=0 inter16=0 inter8=0 intra32=0 intra16=0 intra8=0 intra4=0 reftype=0
  snapshot f006: 3 venc_ko blocks (pool0 0x73801000 len 0x10000)
src frame 7: srcf=7 off=0 br=2000
frame 7: send=0x0 get=0x0 len=66 coding=1 startqp=0 meanqp=0 picbytes=0 pskip=0 nalus=1 n1:66
  cu: inter64=0 inter32=0 inter16=0 inter8=0 intra32=0 intra16=0 intra8=0 intra4=0 reftype=0
  snapshot f007: 3 venc_ko blocks (pool0 0x73801000 len 0x10000)
src frame 8: srcf=8 off=0 br=2000
frame 8: send=0x0 get=0x0 len=66 coding=1 startqp=0 meanqp=0 picbytes=0 pskip=0 nalus=1 n1:66
  cu: inter64=0 inter32=0 inter16=0 inter8=0 intra32=0 intra16=0 intra8=0 intra4=0 reftype=0
  snapshot f008: 3 venc_ko blocks (pool0 0x73801000 len 0x10000)
src frame 9: srcf=9 off=0 br=2000
frame 9: send=0x0 get=0x0 len=66 coding=1 startqp=0 meanqp=0 picbytes=0 pskip=0 nalus=1 n1:66
  cu: inter64=0 inter32=0 inter16=0 inter8=0 intra32=0 intra16=0 intra8=0 intra4=0 reftype=0
  snapshot f009: 3 venc_ko blocks (pool0 0x73801000 len 0x10000)
src frame 10: srcf=10 off=0 br=2000
frame 10: send=0x0 get=0x0 len=66 coding=1 startqp=0 meanqp=0 picbytes=0 pskip=0 nalus=1 n1:66
  cu: inter64=0 inter32=0 inter16=0 inter8=0 intra32=0 intra16=0 intra8=0 intra4=0 reftype=0
  snapshot f010: 3 venc_ko blocks (pool0 0x73801000 len 0x10000)
src frame 11: srcf=11 off=0 br=2000
frame 11: send=0x0 get=0x0 len=66 coding=1 startqp=0 meanqp=0 picbytes=0 pskip=0 nalus=1 n1:66
  cu: inter64=0 inter32=0 inter16=0 inter8=0 intra32=0 intra16=0 intra8=0 intra4=0 reftype=0
  snapshot f011: 3 venc_ko blocks (pool0 0x73801000 len 0x10000)
src frame 12: srcf=12 off=0 br=2000
frame 12: send=0x0 get=0x0 len=66 coding=1 startqp=0 meanqp=0 picbytes=0 pskip=0 nalus=1 n1:66
  cu: inter64=0 inter32=0 inter16=0 inter8=0 intra32=0 intra16=0 intra8=0 intra4=0 reftype=0
  snapshot f012: 3 venc_ko blocks (pool0 0x73801000 len 0x10000)
src frame 13: srcf=13 off=0 br=2000
frame 13: send=0x0 get=0x0 len=67 coding=1 startqp=0 meanqp=0 picbytes=0 pskip=0 nalus=1 n1:67
  cu: inter64=0 inter32=0 inter16=0 inter8=0 intra32=0 intra16=0 intra8=0 intra4=0 reftype=0
  snapshot f013: 3 venc_ko blocks (pool0 0x73801000 len 0x10000)
src frame 14: srcf=14 off=0 br=2000
frame 14: send=0x0 get=0x0 len=67 coding=1 startqp=0 meanqp=0 picbytes=0 pskip=0 nalus=1 n1:67
  cu: inter64=0 inter32=0 inter16=0 inter8=0 intra32=0 intra16=0 intra8=0 intra4=0 reftype=0
  snapshot f014: 3 venc_ko blocks (pool0 0x73801000 len 0x10000)
src frame 15: srcf=15 off=0 br=2000
frame 15: send=0x0 get=0x0 len=67 coding=1 startqp=0 meanqp=0 picbytes=0 pskip=0 nalus=1 n1:67
  cu: inter64=0 inter32=0 inter16=0 inter8=0 intra32=0 intra16=0 intra8=0 intra4=0 reftype=0
  snapshot f015: 3 venc_ko blocks (pool0 0x73801000 len 0x10000)
src frame 16: srcf=16 off=0 br=2000
frame 16: send=0x0 get=0x0 len=67 coding=1 startqp=0 meanqp=0 picbytes=0 pskip=0 nalus=1 n1:67
  cu: inter64=0 inter32=0 inter16=0 inter8=0 intra32=0 intra16=0 intra8=0 intra4=0 reftype=0
  snapshot f016: 3 venc_ko blocks (pool0 0x73801000 len 0x10000)
src frame 17: srcf=17 off=0 br=2000
frame 17: send=0x0 get=0x0 len=67 coding=1 startqp=0 meanqp=0 picbytes=0 pskip=0 nalus=1 n1:67
  cu: inter64=0 inter32=0 inter16=0 inter8=0 intra32=0 intra16=0 intra8=0 intra4=0 reftype=0
  snapshot f017: 3 venc_ko blocks (pool0 0x73801000 len 0x10000)
src frame 18: srcf=18 off=0 br=2000
frame 18: send=0x0 get=0x0 len=67 coding=1 startqp=0 meanqp=0 picbytes=0 pskip=0 nalus=1 n1:67
  cu: inter64=0 inter32=0 inter16=0 inter8=0 intra32=0 intra16=0 intra8=0 intra4=0 reftype=0
  snapshot f018: 3 venc_ko blocks (pool0 0x73801000 len 0x10000)
src frame 19: srcf=19 off=0 br=2000
frame 19: send=0x0 get=0x0 len=67 coding=1 startqp=0 meanqp=0 picbytes=0 pskip=0 nalus=1 n1:67
  cu: inter64=0 inter32=0 inter16=0 inter8=0 intra32=0 intra16=0 intra8=0 intra4=0 reftype=0
  snapshot f019: 3 venc_ko blocks (pool0 0x73801000 len 0x10000)
src frame 20: srcf=20 off=0 br=2000
frame 20: send=0x0 get=0x0 len=67 coding=1 startqp=0 meanqp=0 picbytes=0 pskip=0 nalus=1 n1:67
  cu: inter64=0 inter32=0 inter16=0 inter8=0 intra32=0 intra16=0 intra8=0 intra4=0 reftype=0
  snapshot f020: 3 venc_ko blocks (pool0 0x73801000 len 0x10000)
src frame 21: srcf=21 off=0 br=2000
frame 21: send=0x0 get=0x0 len=67 coding=1 startqp=0 meanqp=0 picbytes=0 pskip=0 nalus=1 n1:67
  cu: inter64=0 inter32=0 inter16=0 inter8=0 intra32=0 intra16=0 intra8=0 intra4=0 reftype=0
  snapshot f021: 3 venc_ko blocks (pool0 0x73801000 len 0x10000)
src frame 22: srcf=22 off=0 br=2000
frame 22: send=0x0 get=0x0 len=67 coding=1 startqp=0 meanqp=0 picbytes=0 pskip=0 nalus=1 n1:67
  cu: inter64=0 inter32=0 inter16=0 inter8=0 intra32=0 intra16=0 intra8=0 intra4=0 reftype=0
  snapshot f022: 3 venc_ko blocks (pool0 0x73801000 len 0x10000)
src frame 23: srcf=23 off=0 br=2000
frame 23: send=0x0 get=0x0 len=67 coding=1 startqp=0 meanqp=0 picbytes=0 pskip=0 nalus=1 n1:67
  cu: inter64=0 inter32=0 inter16=0 inter8=0 intra32=0 intra16=0 intra8=0 intra4=0 reftype=0
  snapshot f023: 3 venc_ko blocks (pool0 0x73801000 len 0x10000)
src frame 24: srcf=24 off=0 br=2000
frame 24: send=0x0 get=0x0 len=67 coding=1 startqp=0 meanqp=0 picbytes=0 pskip=0 nalus=1 n1:67
  cu: inter64=0 inter32=0 inter16=0 inter8=0 intra32=0 intra16=0 intra8=0 intra4=0 reftype=0
  snapshot f024: 3 venc_ko blocks (pool0 0x73801000 len 0x10000)
src frame 25: srcf=25 off=0 br=2000
frame 25: send=0x0 get=0x0 len=67 coding=1 startqp=0 meanqp=0 picbytes=0 pskip=0 nalus=1 n1:67
  cu: inter64=0 inter32=0 inter16=0 inter8=0 intra32=0 intra16=0 intra8=0 intra4=0 reftype=0
  snapshot f025: 3 venc_ko blocks (pool0 0x73801000 len 0x10000)
src frame 26: srcf=26 off=0 br=2000
frame 26: send=0x0 get=0x0 len=67 coding=1 startqp=0 meanqp=0 picbytes=0 pskip=0 nalus=1 n1:67
  cu: inter64=0 inter32=0 inter16=0 inter8=0 intra32=0 intra16=0 intra8=0 intra4=0 reftype=0
  snapshot f026: 3 venc_ko blocks (pool0 0x73801000 len 0x10000)
src frame 27: srcf=27 off=0 br=2000
frame 27: send=0x0 get=0x0 len=67 coding=1 startqp=0 meanqp=0 picbytes=0 pskip=0 nalus=1 n1:67
  cu: inter64=0 inter32=0 inter16=0 inter8=0 intra32=0 intra16=0 intra8=0 intra4=0 reftype=0
  snapshot f027: 3 venc_ko blocks (pool0 0x73801000 len 0x10000)
src frame 28: srcf=28 off=0 br=2000
frame 28: send=0x0 get=0x0 len=67 coding=1 startqp=0 meanqp=0 picbytes=0 pskip=0 nalus=1 n1:67
  cu: inter64=0 inter32=0 inter16=0 inter8=0 intra32=0 intra16=0 intra8=0 intra4=0 reftype=0
  snapshot f028: 3 venc_ko blocks (pool0 0x73801000 len 0x10000)
src frame 29: srcf=29 off=0 br=2000
frame 29: send=0x0 get=0x0 len=67 coding=1 startqp=0 meanqp=0 picbytes=0 pskip=0 nalus=1 n1:67
  cu: inter64=0 inter32=0 inter16=0 inter8=0 intra32=0 intra16=0 intra8=0 intra4=0 reftype=0
  snapshot f029: 3 venc_ko blocks (pool0 0x73801000 len 0x10000)
src frame 30: srcf=28 off=0 br=2000
frame 30: send=0x0 get=0x0 len=22057 coding=0 startqp=0 meanqp=0 picbytes=0 pskip=0 nalus=4 n32:27 n33:53 n34:12 n19:21965
  cu: inter64=0 inter32=0 inter16=0 inter8=0 intra32=0 intra16=0 intra8=0 intra4=0 reftype=0
  snapshot f030: 3 venc_ko blocks (pool0 0x73801000 len 0x10000)
src frame 31: srcf=27 off=0 br=2000
frame 31: send=0x0 get=0x0 len=918 coding=1 startqp=0 meanqp=0 picbytes=0 pskip=0 nalus=1 n1:918
  cu: inter64=0 inter32=0 inter16=0 inter8=0 intra32=0 intra16=0 intra8=0 intra4=0 reftype=0
  snapshot f031: 3 venc_ko blocks (pool0 0x73801000 len 0x10000)
src frame 32: srcf=26 off=0 br=2000
frame 32: send=0x0 get=0x0 len=276 coding=1 startqp=0 meanqp=0 picbytes=0 pskip=0 nalus=1 n1:276
  cu: inter64=0 inter32=0 inter16=0 inter8=0 intra32=0 intra16=0 intra8=0 intra4=0 reftype=0
  snapshot f032: 3 venc_ko blocks (pool0 0x73801000 len 0x10000)
src frame 33: srcf=25 off=0 br=2000
frame 33: send=0x0 get=0x0 len=210 coding=1 startqp=0 meanqp=0 picbytes=0 pskip=0 nalus=1 n1:210
  cu: inter64=0 inter32=0 inter16=0 inter8=0 intra32=0 intra16=0 intra8=0 intra4=0 reftype=0
  snapshot f033: 3 venc_ko blocks (pool0 0x73801000 len 0x10000)
src frame 34: srcf=24 off=0 br=2000
frame 34: send=0x0 get=0x0 len=181 coding=1 startqp=0 meanqp=0 picbytes=0 pskip=0 nalus=1 n1:181
  cu: inter64=0 inter32=0 inter16=0 inter8=0 intra32=0 intra16=0 intra8=0 intra4=0 reftype=0
  snapshot f034: 3 venc_ko blocks (pool0 0x73801000 len 0x10000)
src frame 35: srcf=23 off=0 br=2000
frame 35: send=0x0 get=0x0 len=160 coding=1 startqp=0 meanqp=0 picbytes=0 pskip=0 nalus=1 n1:160
  cu: inter64=0 inter32=0 inter16=0 inter8=0 intra32=0 intra16=0 intra8=0 intra4=0 reftype=0
  snapshot f035: 3 venc_ko blocks (pool0 0x73801000 len 0x10000)
src frame 36: srcf=22 off=0 br=2000
frame 36: send=0x0 get=0x0 len=127 coding=1 startqp=0 meanqp=0 picbytes=0 pskip=0 nalus=1 n1:127
  cu: inter64=0 inter32=0 inter16=0 inter8=0 intra32=0 intra16=0 intra8=0 intra4=0 reftype=0
  snapshot f036: 3 venc_ko blocks (pool0 0x73801000 len 0x10000)
src frame 37: srcf=21 off=0 br=2000
frame 37: send=0x0 get=0x0 len=112 coding=1 startqp=0 meanqp=0 picbytes=0 pskip=0 nalus=1 n1:112
  cu: inter64=0 inter32=0 inter16=0 inter8=0 intra32=0 intra16=0 intra8=0 intra4=0 reftype=0
  snapshot f037: 3 venc_ko blocks (pool0 0x73801000 len 0x10000)
src frame 38: srcf=20 off=0 br=2000
frame 38: send=0x0 get=0x0 len=95 coding=1 startqp=0 meanqp=0 picbytes=0 pskip=0 nalus=1 n1:95
  cu: inter64=0 inter32=0 inter16=0 inter8=0 intra32=0 intra16=0 intra8=0 intra4=0 reftype=0
  snapshot f038: 3 venc_ko blocks (pool0 0x73801000 len 0x10000)
src frame 39: srcf=19 off=0 br=2000
frame 39: send=0x0 get=0x0 len=79 coding=1 startqp=0 meanqp=0 picbytes=0 pskip=0 nalus=1 n1:79
  cu: inter64=0 inter32=0 inter16=0 inter8=0 intra32=0 intra16=0 intra8=0 intra4=0 reftype=0
  snapshot f039: 3 venc_ko blocks (pool0 0x73801000 len 0x10000)
src frame 40: srcf=18 off=0 br=2000
frame 40: send=0x0 get=0x0 len=79 coding=1 startqp=0 meanqp=0 picbytes=0 pskip=0 nalus=1 n1:79
  cu: inter64=0 inter32=0 inter16=0 inter8=0 intra32=0 intra16=0 intra8=0 intra4=0 reftype=0
  snapshot f040: 3 venc_ko blocks (pool0 0x73801000 len 0x10000)
src frame 41: srcf=17 off=0 br=2000
frame 41: send=0x0 get=0x0 len=79 coding=1 startqp=0 meanqp=0 picbytes=0 pskip=0 nalus=1 n1:79
  cu: inter64=0 inter32=0 inter16=0 inter8=0 intra32=0 intra16=0 intra8=0 intra4=0 reftype=0
  snapshot f041: 3 venc_ko blocks (pool0 0x73801000 len 0x10000)
src frame 42: srcf=16 off=0 br=2000
frame 42: send=0x0 get=0x0 len=79 coding=1 startqp=0 meanqp=0 picbytes=0 pskip=0 nalus=1 n1:79
  cu: inter64=0 inter32=0 inter16=0 inter8=0 intra32=0 intra16=0 intra8=0 intra4=0 reftype=0
  snapshot f042: 3 venc_ko blocks (pool0 0x73801000 len 0x10000)
src frame 43: srcf=15 off=0 br=2000
frame 43: send=0x0 get=0x0 len=79 coding=1 startqp=0 meanqp=0 picbytes=0 pskip=0 nalus=1 n1:79
  cu: inter64=0 inter32=0 inter16=0 inter8=0 intra32=0 intra16=0 intra8=0 intra4=0 reftype=0
  snapshot f043: 3 venc_ko blocks (pool0 0x73801000 len 0x10000)
src frame 44: srcf=14 off=0 br=2000
frame 44: send=0x0 get=0x0 len=79 coding=1 startqp=0 meanqp=0 picbytes=0 pskip=0 nalus=1 n1:79
  cu: inter64=0 inter32=0 inter16=0 inter8=0 intra32=0 intra16=0 intra8=0 intra4=0 reftype=0
  snapshot f044: 3 venc_ko blocks (pool0 0x73801000 len 0x10000)
src frame 45: srcf=13 off=0 br=2000
frame 45: send=0x0 get=0x0 len=79 coding=1 startqp=0 meanqp=0 picbytes=0 pskip=0 nalus=1 n1:79
  cu: inter64=0 inter32=0 inter16=0 inter8=0 intra32=0 intra16=0 intra8=0 intra4=0 reftype=0
  snapshot f045: 3 venc_ko blocks (pool0 0x73801000 len 0x10000)
src frame 46: srcf=12 off=0 br=2000
frame 46: send=0x0 get=0x0 len=79 coding=1 startqp=0 meanqp=0 picbytes=0 pskip=0 nalus=1 n1:79
  cu: inter64=0 inter32=0 inter16=0 inter8=0 intra32=0 intra16=0 intra8=0 intra4=0 reftype=0
  snapshot f046: 3 venc_ko blocks (pool0 0x73801000 len 0x10000)
src frame 47: srcf=11 off=0 br=2000
frame 47: send=0x0 get=0x0 len=79 coding=1 startqp=0 meanqp=0 picbytes=0 pskip=0 nalus=1 n1:79
  cu: inter64=0 inter32=0 inter16=0 inter8=0 intra32=0 intra16=0 intra8=0 intra4=0 reftype=0
  snapshot f047: 3 venc_ko blocks (pool0 0x73801000 len 0x10000)
src frame 48: srcf=10 off=0 br=2000
frame 48: send=0x0 get=0x0 len=79 coding=1 startqp=0 meanqp=0 picbytes=0 pskip=0 nalus=1 n1:79
  cu: inter64=0 inter32=0 inter16=0 inter8=0 intra32=0 intra16=0 intra8=0 intra4=0 reftype=0
  snapshot f048: 3 venc_ko blocks (pool0 0x73801000 len 0x10000)
src frame 49: srcf=9 off=0 br=2000
frame 49: send=0x0 get=0x0 len=79 coding=1 startqp=0 meanqp=0 picbytes=0 pskip=0 nalus=1 n1:79
  cu: inter64=0 inter32=0 inter16=0 inter8=0 intra32=0 intra16=0 intra8=0 intra4=0 reftype=0
  snapshot f049: 3 venc_ko blocks (pool0 0x73801000 len 0x10000)
src frame 50: srcf=8 off=0 br=2000
frame 50: send=0x0 get=0x0 len=79 coding=1 startqp=0 meanqp=0 picbytes=0 pskip=0 nalus=1 n1:79
  cu: inter64=0 inter32=0 inter16=0 inter8=0 intra32=0 intra16=0 intra8=0 intra4=0 reftype=0
  snapshot f050: 3 venc_ko blocks (pool0 0x73801000 len 0x10000)
src frame 51: srcf=7 off=0 br=2000
frame 51: send=0x0 get=0x0 len=79 coding=1 startqp=0 meanqp=0 picbytes=0 pskip=0 nalus=1 n1:79
  cu: inter64=0 inter32=0 inter16=0 inter8=0 intra32=0 intra16=0 intra8=0 intra4=0 reftype=0
  snapshot f051: 3 venc_ko blocks (pool0 0x73801000 len 0x10000)
src frame 52: srcf=6 off=0 br=2000
frame 52: send=0x0 get=0x0 len=79 coding=1 startqp=0 meanqp=0 picbytes=0 pskip=0 nalus=1 n1:79
  cu: inter64=0 inter32=0 inter16=0 inter8=0 intra32=0 intra16=0 intra8=0 intra4=0 reftype=0
  snapshot f052: 3 venc_ko blocks (pool0 0x73801000 len 0x10000)
src frame 53: srcf=5 off=0 br=2000
frame 53: send=0x0 get=0x0 len=79 coding=1 startqp=0 meanqp=0 picbytes=0 pskip=0 nalus=1 n1:79
  cu: inter64=0 inter32=0 inter16=0 inter8=0 intra32=0 intra16=0 intra8=0 intra4=0 reftype=0
  snapshot f053: 3 venc_ko blocks (pool0 0x73801000 len 0x10000)
src frame 54: srcf=4 off=0 br=2000
frame 54: send=0x0 get=0x0 len=79 coding=1 startqp=0 meanqp=0 picbytes=0 pskip=0 nalus=1 n1:79
  cu: inter64=0 inter32=0 inter16=0 inter8=0 intra32=0 intra16=0 intra8=0 intra4=0 reftype=0
  snapshot f054: 3 venc_ko blocks (pool0 0x73801000 len 0x10000)
src frame 55: srcf=3 off=0 br=2000
frame 55: send=0x0 get=0x0 len=79 coding=1 startqp=0 meanqp=0 picbytes=0 pskip=0 nalus=1 n1:79
  cu: inter64=0 inter32=0 inter16=0 inter8=0 intra32=0 intra16=0 intra8=0 intra4=0 reftype=0
  snapshot f055: 3 venc_ko blocks (pool0 0x73801000 len 0x10000)
src frame 56: srcf=2 off=0 br=2000
frame 56: send=0x0 get=0x0 len=79 coding=1 startqp=0 meanqp=0 picbytes=0 pskip=0 nalus=1 n1:79
  cu: inter64=0 inter32=0 inter16=0 inter8=0 intra32=0 intra16=0 intra8=0 intra4=0 reftype=0
  snapshot f056: 3 venc_ko blocks (pool0 0x73801000 len 0x10000)
src frame 57: srcf=1 off=0 br=2000
frame 57: send=0x0 get=0x0 len=79 coding=1 startqp=0 meanqp=0 picbytes=0 pskip=0 nalus=1 n1:79
  cu: inter64=0 inter32=0 inter16=0 inter8=0 intra32=0 intra16=0 intra8=0 intra4=0 reftype=0
  snapshot f057: 3 venc_ko blocks (pool0 0x73801000 len 0x10000)
src frame 58: srcf=0 off=0 br=2000
frame 58: send=0x0 get=0x0 len=79 coding=1 startqp=0 meanqp=0 picbytes=0 pskip=0 nalus=1 n1:79
  cu: inter64=0 inter32=0 inter16=0 inter8=0 intra32=0 intra16=0 intra8=0 intra4=0 reftype=0
  snapshot f058: 3 venc_ko blocks (pool0 0x73801000 len 0x10000)
src frame 59: srcf=1 off=0 br=2000
frame 59: send=0x0 get=0x0 len=79 coding=1 startqp=0 meanqp=0 picbytes=0 pskip=0 nalus=1 n1:79
  cu: inter64=0 inter32=0 inter16=0 inter8=0 intra32=0 intra16=0 intra8=0 intra4=0 reftype=0
  snapshot f059: 3 venc_ko blocks (pool0 0x73801000 len 0x10000)
src frame 60: srcf=2 off=0 br=2000
frame 60: send=0x0 get=0x0 len=22057 coding=0 startqp=0 meanqp=0 picbytes=0 pskip=0 nalus=4 n32:27 n33:53 n34:12 n19:21965
  cu: inter64=0 inter32=0 inter16=0 inter8=0 intra32=0 intra16=0 intra8=0 intra4=0 reftype=0
  snapshot f060: 3 venc_ko blocks (pool0 0x73801000 len 0x10000)
src frame 61: srcf=3 off=0 br=2000
frame 61: send=0x0 get=0x0 len=918 coding=1 startqp=0 meanqp=0 picbytes=0 pskip=0 nalus=1 n1:918
  cu: inter64=0 inter32=0 inter16=0 inter8=0 intra32=0 intra16=0 intra8=0 intra4=0 reftype=0
  snapshot f061: 3 venc_ko blocks (pool0 0x73801000 len 0x10000)
src frame 62: srcf=4 off=0 br=2000
frame 62: send=0x0 get=0x0 len=276 coding=1 startqp=0 meanqp=0 picbytes=0 pskip=0 nalus=1 n1:276
  cu: inter64=0 inter32=0 inter16=0 inter8=0 intra32=0 intra16=0 intra8=0 intra4=0 reftype=0
  snapshot f062: 3 venc_ko blocks (pool0 0x73801000 len 0x10000)
src frame 63: srcf=5 off=0 br=2000
frame 63: send=0x0 get=0x0 len=210 coding=1 startqp=0 meanqp=0 picbytes=0 pskip=0 nalus=1 n1:210
  cu: inter64=0 inter32=0 inter16=0 inter8=0 intra32=0 intra16=0 intra8=0 intra4=0 reftype=0
  snapshot f063: 3 venc_ko blocks (pool0 0x73801000 len 0x10000)
src frame 64: srcf=6 off=0 br=2000
frame 64: send=0x0 get=0x0 len=181 coding=1 startqp=0 meanqp=0 picbytes=0 pskip=0 nalus=1 n1:181
  cu: inter64=0 inter32=0 inter16=0 inter8=0 intra32=0 intra16=0 intra8=0 intra4=0 reftype=0
  snapshot f064: 3 venc_ko blocks (pool0 0x73801000 len 0x10000)
src frame 65: srcf=7 off=0 br=2000
frame 65: send=0x0 get=0x0 len=160 coding=1 startqp=0 meanqp=0 picbytes=0 pskip=0 nalus=1 n1:160
  cu: inter64=0 inter32=0 inter16=0 inter8=0 intra32=0 intra16=0 intra8=0 intra4=0 reftype=0
  snapshot f065: 3 venc_ko blocks (pool0 0x73801000 len 0x10000)
src frame 66: srcf=8 off=0 br=2000
frame 66: send=0x0 get=0x0 len=127 coding=1 startqp=0 meanqp=0 picbytes=0 pskip=0 nalus=1 n1:127
  cu: inter64=0 inter32=0 inter16=0 inter8=0 intra32=0 intra16=0 intra8=0 intra4=0 reftype=0
  snapshot f066: 3 venc_ko blocks (pool0 0x73801000 len 0x10000)
src frame 67: srcf=9 off=0 br=2000
frame 67: send=0x0 get=0x0 len=112 coding=1 startqp=0 meanqp=0 picbytes=0 pskip=0 nalus=1 n1:112
  cu: inter64=0 inter32=0 inter16=0 inter8=0 intra32=0 intra16=0 intra8=0 intra4=0 reftype=0
  snapshot f067: 3 venc_ko blocks (pool0 0x73801000 len 0x10000)
src frame 68: srcf=10 off=0 br=2000
frame 68: send=0x0 get=0x0 len=95 coding=1 startqp=0 meanqp=0 picbytes=0 pskip=0 nalus=1 n1:95
  cu: inter64=0 inter32=0 inter16=0 inter8=0 intra32=0 intra16=0 intra8=0 intra4=0 reftype=0
  snapshot f068: 3 venc_ko blocks (pool0 0x73801000 len 0x10000)
src frame 69: srcf=11 off=0 br=2000
frame 69: send=0x0 get=0x0 len=79 coding=1 startqp=0 meanqp=0 picbytes=0 pskip=0 nalus=1 n1:79
  cu: inter64=0 inter32=0 inter16=0 inter8=0 intra32=0 intra16=0 intra8=0 intra4=0 reftype=0
  snapshot f069: 3 venc_ko blocks (pool0 0x73801000 len 0x10000)
src frame 70: srcf=12 off=0 br=2000
frame 70: send=0x0 get=0x0 len=79 coding=1 startqp=0 meanqp=0 picbytes=0 pskip=0 nalus=1 n1:79
  cu: inter64=0 inter32=0 inter16=0 inter8=0 intra32=0 intra16=0 intra8=0 intra4=0 reftype=0
  snapshot f070: 3 venc_ko blocks (pool0 0x73801000 len 0x10000)
src frame 71: srcf=13 off=0 br=2000
frame 71: send=0x0 get=0x0 len=79 coding=1 startqp=0 meanqp=0 picbytes=0 pskip=0 nalus=1 n1:79
  cu: inter64=0 inter32=0 inter16=0 inter8=0 intra32=0 intra16=0 intra8=0 intra4=0 reftype=0
  snapshot f071: 3 venc_ko blocks (pool0 0x73801000 len 0x10000)
src frame 72: srcf=14 off=0 br=2000
frame 72: send=0x0 get=0x0 len=79 coding=1 startqp=0 meanqp=0 picbytes=0 pskip=0 nalus=1 n1:79
  cu: inter64=0 inter32=0 inter16=0 inter8=0 intra32=0 intra16=0 intra8=0 intra4=0 reftype=0
  snapshot f072: 3 venc_ko blocks (pool0 0x73801000 len 0x10000)
src frame 73: srcf=15 off=0 br=2000
frame 73: send=0x0 get=0x0 len=79 coding=1 startqp=0 meanqp=0 picbytes=0 pskip=0 nalus=1 n1:79
  cu: inter64=0 inter32=0 inter16=0 inter8=0 intra32=0 intra16=0 intra8=0 intra4=0 reftype=0
  snapshot f073: 3 venc_ko blocks (pool0 0x73801000 len 0x10000)
src frame 74: srcf=16 off=0 br=2000
frame 74: send=0x0 get=0x0 len=79 coding=1 startqp=0 meanqp=0 picbytes=0 pskip=0 nalus=1 n1:79
  cu: inter64=0 inter32=0 inter16=0 inter8=0 intra32=0 intra16=0 intra8=0 intra4=0 reftype=0
  snapshot f074: 3 venc_ko blocks (pool0 0x73801000 len 0x10000)
src frame 75: srcf=17 off=0 br=2000
frame 75: send=0x0 get=0x0 len=79 coding=1 startqp=0 meanqp=0 picbytes=0 pskip=0 nalus=1 n1:79
  cu: inter64=0 inter32=0 inter16=0 inter8=0 intra32=0 intra16=0 intra8=0 intra4=0 reftype=0
  snapshot f075: 3 venc_ko blocks (pool0 0x73801000 len 0x10000)
src frame 76: srcf=18 off=0 br=2000
frame 76: send=0x0 get=0x0 len=79 coding=1 startqp=0 meanqp=0 picbytes=0 pskip=0 nalus=1 n1:79
  cu: inter64=0 inter32=0 inter16=0 inter8=0 intra32=0 intra16=0 intra8=0 intra4=0 reftype=0
  snapshot f076: 3 venc_ko blocks (pool0 0x73801000 len 0x10000)
src frame 77: srcf=19 off=0 br=2000
frame 77: send=0x0 get=0x0 len=79 coding=1 startqp=0 meanqp=0 picbytes=0 pskip=0 nalus=1 n1:79
  cu: inter64=0 inter32=0 inter16=0 inter8=0 intra32=0 intra16=0 intra8=0 intra4=0 reftype=0
  snapshot f077: 3 venc_ko blocks (pool0 0x73801000 len 0x10000)
src frame 78: srcf=20 off=0 br=2000
frame 78: send=0x0 get=0x0 len=79 coding=1 startqp=0 meanqp=0 picbytes=0 pskip=0 nalus=1 n1:79
  cu: inter64=0 inter32=0 inter16=0 inter8=0 intra32=0 intra16=0 intra8=0 intra4=0 reftype=0
  snapshot f078: 3 venc_ko blocks (pool0 0x73801000 len 0x10000)
src frame 79: srcf=21 off=0 br=2000
frame 79: send=0x0 get=0x0 len=79 coding=1 startqp=0 meanqp=0 picbytes=0 pskip=0 nalus=1 n1:79
  cu: inter64=0 inter32=0 inter16=0 inter8=0 intra32=0 intra16=0 intra8=0 intra4=0 reftype=0
  snapshot f079: 3 venc_ko blocks (pool0 0x73801000 len 0x10000)
src frame 80: srcf=22 off=0 br=2000
frame 80: send=0x0 get=0x0 len=79 coding=1 startqp=0 meanqp=0 picbytes=0 pskip=0 nalus=1 n1:79
  cu: inter64=0 inter32=0 inter16=0 inter8=0 intra32=0 intra16=0 intra8=0 intra4=0 reftype=0
  snapshot f080: 3 venc_ko blocks (pool0 0x73801000 len 0x10000)
src frame 81: srcf=23 off=0 br=2000
frame 81: send=0x0 get=0x0 len=79 coding=1 startqp=0 meanqp=0 picbytes=0 pskip=0 nalus=1 n1:79
  cu: inter64=0 inter32=0 inter16=0 inter8=0 intra32=0 intra16=0 intra8=0 intra4=0 reftype=0
  snapshot f081: 3 venc_ko blocks (pool0 0x73801000 len 0x10000)
src frame 82: srcf=24 off=0 br=2000
frame 82: send=0x0 get=0x0 len=79 coding=1 startqp=0 meanqp=0 picbytes=0 pskip=0 nalus=1 n1:79
  cu: inter64=0 inter32=0 inter16=0 inter8=0 intra32=0 intra16=0 intra8=0 intra4=0 reftype=0
  snapshot f082: 3 venc_ko blocks (pool0 0x73801000 len 0x10000)
src frame 83: srcf=25 off=0 br=2000
frame 83: send=0x0 get=0x0 len=79 coding=1 startqp=0 meanqp=0 picbytes=0 pskip=0 nalus=1 n1:79
  cu: inter64=0 inter32=0 inter16=0 inter8=0 intra32=0 intra16=0 intra8=0 intra4=0 reftype=0
  snapshot f083: 3 venc_ko blocks (pool0 0x73801000 len 0x10000)
src frame 84: srcf=26 off=0 br=2000
frame 84: send=0x0 get=0x0 len=79 coding=1 startqp=0 meanqp=0 picbytes=0 pskip=0 nalus=1 n1:79
  cu: inter64=0 inter32=0 inter16=0 inter8=0 intra32=0 intra16=0 intra8=0 intra4=0 reftype=0
  snapshot f084: 3 venc_ko blocks (pool0 0x73801000 len 0x10000)
src frame 85: srcf=27 off=0 br=2000
frame 85: send=0x0 get=0x0 len=79 coding=1 startqp=0 meanqp=0 picbytes=0 pskip=0 nalus=1 n1:79
  cu: inter64=0 inter32=0 inter16=0 inter8=0 intra32=0 intra16=0 intra8=0 intra4=0 reftype=0
  snapshot f085: 3 venc_ko blocks (pool0 0x73801000 len 0x10000)
src frame 86: srcf=28 off=0 br=2000
frame 86: send=0x0 get=0x0 len=79 coding=1 startqp=0 meanqp=0 picbytes=0 pskip=0 nalus=1 n1:79
  cu: inter64=0 inter32=0 inter16=0 inter8=0 intra32=0 intra16=0 intra8=0 intra4=0 reftype=0
  snapshot f086: 3 venc_ko blocks (pool0 0x73801000 len 0x10000)
src frame 87: srcf=29 off=0 br=2000
frame 87: send=0x0 get=0x0 len=79 coding=1 startqp=0 meanqp=0 picbytes=0 pskip=0 nalus=1 n1:79
  cu: inter64=0 inter32=0 inter16=0 inter8=0 intra32=0 intra16=0 intra8=0 intra4=0 reftype=0
  snapshot f087: 3 venc_ko blocks (pool0 0x73801000 len 0x10000)
src frame 88: srcf=28 off=0 br=2000
frame 88: send=0x0 get=0x0 len=79 coding=1 startqp=0 meanqp=0 picbytes=0 pskip=0 nalus=1 n1:79
  cu: inter64=0 inter32=0 inter16=0 inter8=0 intra32=0 intra16=0 intra8=0 intra4=0 reftype=0
  snapshot f088: 3 venc_ko blocks (pool0 0x73801000 len 0x10000)
src frame 89: srcf=27 off=0 br=2000
frame 89: send=0x0 get=0x0 len=79 coding=1 startqp=0 meanqp=0 picbytes=0 pskip=0 nalus=1 n1:79
  cu: inter64=0 inter32=0 inter16=0 inter8=0 intra32=0 intra16=0 intra8=0 intra4=0 reftype=0
  snapshot f089: 3 venc_ko blocks (pool0 0x73801000 len 0x10000)
src frame 90: srcf=26 off=0 br=2000
frame 90: send=0x0 get=0x0 len=22057 coding=0 startqp=0 meanqp=0 picbytes=0 pskip=0 nalus=4 n32:27 n33:53 n34:12 n19:21965
  cu: inter64=0 inter32=0 inter16=0 inter8=0 intra32=0 intra16=0 intra8=0 intra4=0 reftype=0
  snapshot f090: 3 venc_ko blocks (pool0 0x73801000 len 0x10000)
src frame 91: srcf=25 off=0 br=2000
frame 91: send=0x0 get=0x0 len=918 coding=1 startqp=0 meanqp=0 picbytes=0 pskip=0 nalus=1 n1:918
  cu: inter64=0 inter32=0 inter16=0 inter8=0 intra32=0 intra16=0 intra8=0 intra4=0 reftype=0
  snapshot f091: 3 venc_ko blocks (pool0 0x73801000 len 0x10000)
src frame 92: srcf=24 off=0 br=2000
frame 92: send=0x0 get=0x0 len=276 coding=1 startqp=0 meanqp=0 picbytes=0 pskip=0 nalus=1 n1:276
  cu: inter64=0 inter32=0 inter16=0 inter8=0 intra32=0 intra16=0 intra8=0 intra4=0 reftype=0
  snapshot f092: 3 venc_ko blocks (pool0 0x73801000 len 0x10000)
src frame 93: srcf=23 off=0 br=2000
frame 93: send=0x0 get=0x0 len=210 coding=1 startqp=0 meanqp=0 picbytes=0 pskip=0 nalus=1 n1:210
  cu: inter64=0 inter32=0 inter16=0 inter8=0 intra32=0 intra16=0 intra8=0 intra4=0 reftype=0
  snapshot f093: 3 venc_ko blocks (pool0 0x73801000 len 0x10000)
src frame 94: srcf=22 off=0 br=2000
frame 94: send=0x0 get=0x0 len=181 coding=1 startqp=0 meanqp=0 picbytes=0 pskip=0 nalus=1 n1:181
  cu: inter64=0 inter32=0 inter16=0 inter8=0 intra32=0 intra16=0 intra8=0 intra4=0 reftype=0
  snapshot f094: 3 venc_ko blocks (pool0 0x73801000 len 0x10000)
src frame 95: srcf=21 off=0 br=2000
frame 95: send=0x0 get=0x0 len=160 coding=1 startqp=0 meanqp=0 picbytes=0 pskip=0 nalus=1 n1:160
  cu: inter64=0 inter32=0 inter16=0 inter8=0 intra32=0 intra16=0 intra8=0 intra4=0 reftype=0
  snapshot f095: 3 venc_ko blocks (pool0 0x73801000 len 0x10000)
src frame 96: srcf=20 off=0 br=2000
frame 96: send=0x0 get=0x0 len=127 coding=1 startqp=0 meanqp=0 picbytes=0 pskip=0 nalus=1 n1:127
  cu: inter64=0 inter32=0 inter16=0 inter8=0 intra32=0 intra16=0 intra8=0 intra4=0 reftype=0
  snapshot f096: 3 venc_ko blocks (pool0 0x73801000 len 0x10000)
src frame 97: srcf=19 off=0 br=2000
frame 97: send=0x0 get=0x0 len=112 coding=1 startqp=0 meanqp=0 picbytes=0 pskip=0 nalus=1 n1:112
  cu: inter64=0 inter32=0 inter16=0 inter8=0 intra32=0 intra16=0 intra8=0 intra4=0 reftype=0
  snapshot f097: 3 venc_ko blocks (pool0 0x73801000 len 0x10000)
src frame 98: srcf=18 off=0 br=2000
frame 98: send=0x0 get=0x0 len=95 coding=1 startqp=0 meanqp=0 picbytes=0 pskip=0 nalus=1 n1:95
  cu: inter64=0 inter32=0 inter16=0 inter8=0 intra32=0 intra16=0 intra8=0 intra4=0 reftype=0
  snapshot f098: 3 venc_ko blocks (pool0 0x73801000 len 0x10000)
src frame 99: srcf=17 off=0 br=2000
frame 99: send=0x0 get=0x0 len=79 coding=1 startqp=0 meanqp=0 picbytes=0 pskip=0 nalus=1 n1:79
  cu: inter64=0 inter32=0 inter16=0 inter8=0 intra32=0 intra16=0 intra8=0 intra4=0 reftype=0
  snapshot f099: 3 venc_ko blocks (pool0 0x73801000 len 0x10000)
src frame 100: srcf=16 off=0 br=2000
frame 100: send=0x0 get=0x0 len=79 coding=1 startqp=0 meanqp=0 picbytes=0 pskip=0 nalus=1 n1:79
  cu: inter64=0 inter32=0 inter16=0 inter8=0 intra32=0 intra16=0 intra8=0 intra4=0 reftype=0
  snapshot f100: 3 venc_ko blocks (pool0 0x73801000 len 0x10000)
src frame 101: srcf=15 off=0 br=2000
frame 101: send=0x0 get=0x0 len=79 coding=1 startqp=0 meanqp=0 picbytes=0 pskip=0 nalus=1 n1:79
  cu: inter64=0 inter32=0 inter16=0 inter8=0 intra32=0 intra16=0 intra8=0 intra4=0 reftype=0
  snapshot f101: 3 venc_ko blocks (pool0 0x73801000 len 0x10000)
src frame 102: srcf=14 off=0 br=2000
frame 102: send=0x0 get=0x0 len=79 coding=1 startqp=0 meanqp=0 picbytes=0 pskip=0 nalus=1 n1:79
  cu: inter64=0 inter32=0 inter16=0 inter8=0 intra32=0 intra16=0 intra8=0 intra4=0 reftype=0
  snapshot f102: 3 venc_ko blocks (pool0 0x73801000 len 0x10000)
src frame 103: srcf=13 off=0 br=2000
frame 103: send=0x0 get=0x0 len=79 coding=1 startqp=0 meanqp=0 picbytes=0 pskip=0 nalus=1 n1:79
  cu: inter64=0 inter32=0 inter16=0 inter8=0 intra32=0 intra16=0 intra8=0 intra4=0 reftype=0
  snapshot f103: 3 venc_ko blocks (pool0 0x73801000 len 0x10000)
src frame 104: srcf=12 off=0 br=2000
frame 104: send=0x0 get=0x0 len=79 coding=1 startqp=0 meanqp=0 picbytes=0 pskip=0 nalus=1 n1:79
  cu: inter64=0 inter32=0 inter16=0 inter8=0 intra32=0 intra16=0 intra8=0 intra4=0 reftype=0
  snapshot f104: 3 venc_ko blocks (pool0 0x73801000 len 0x10000)
src frame 105: srcf=11 off=0 br=2000
frame 105: send=0x0 get=0x0 len=79 coding=1 startqp=0 meanqp=0 picbytes=0 pskip=0 nalus=1 n1:79
  cu: inter64=0 inter32=0 inter16=0 inter8=0 intra32=0 intra16=0 intra8=0 intra4=0 reftype=0
  snapshot f105: 3 venc_ko blocks (pool0 0x73801000 len 0x10000)
src frame 106: srcf=10 off=0 br=2000
frame 106: send=0x0 get=0x0 len=79 coding=1 startqp=0 meanqp=0 picbytes=0 pskip=0 nalus=1 n1:79
  cu: inter64=0 inter32=0 inter16=0 inter8=0 intra32=0 intra16=0 intra8=0 intra4=0 reftype=0
  snapshot f106: 3 venc_ko blocks (pool0 0x73801000 len 0x10000)
src frame 107: srcf=9 off=0 br=2000
frame 107: send=0x0 get=0x0 len=79 coding=1 startqp=0 meanqp=0 picbytes=0 pskip=0 nalus=1 n1:79
  cu: inter64=0 inter32=0 inter16=0 inter8=0 intra32=0 intra16=0 intra8=0 intra4=0 reftype=0
  snapshot f107: 3 venc_ko blocks (pool0 0x73801000 len 0x10000)
src frame 108: srcf=8 off=0 br=2000
frame 108: send=0x0 get=0x0 len=79 coding=1 startqp=0 meanqp=0 picbytes=0 pskip=0 nalus=1 n1:79
  cu: inter64=0 inter32=0 inter16=0 inter8=0 intra32=0 intra16=0 intra8=0 intra4=0 reftype=0
  snapshot f108: 3 venc_ko blocks (pool0 0x73801000 len 0x10000)
src frame 109: srcf=7 off=0 br=2000
frame 109: send=0x0 get=0x0 len=79 coding=1 startqp=0 meanqp=0 picbytes=0 pskip=0 nalus=1 n1:79
  cu: inter64=0 inter32=0 inter16=0 inter8=0 intra32=0 intra16=0 intra8=0 intra4=0 reftype=0
  snapshot f109: 3 venc_ko blocks (pool0 0x73801000 len 0x10000)
src frame 110: srcf=6 off=0 br=2000
frame 110: send=0x0 get=0x0 len=79 coding=1 startqp=0 meanqp=0 picbytes=0 pskip=0 nalus=1 n1:79
  cu: inter64=0 inter32=0 inter16=0 inter8=0 intra32=0 intra16=0 intra8=0 intra4=0 reftype=0
  snapshot f110: 3 venc_ko blocks (pool0 0x73801000 len 0x10000)
src frame 111: srcf=5 off=0 br=2000
frame 111: send=0x0 get=0x0 len=79 coding=1 startqp=0 meanqp=0 picbytes=0 pskip=0 nalus=1 n1:79
  cu: inter64=0 inter32=0 inter16=0 inter8=0 intra32=0 intra16=0 intra8=0 intra4=0 reftype=0
  snapshot f111: 3 venc_ko blocks (pool0 0x73801000 len 0x10000)
src frame 112: srcf=4 off=0 br=2000
frame 112: send=0x0 get=0x0 len=79 coding=1 startqp=0 meanqp=0 picbytes=0 pskip=0 nalus=1 n1:79
  cu: inter64=0 inter32=0 inter16=0 inter8=0 intra32=0 intra16=0 intra8=0 intra4=0 reftype=0
  snapshot f112: 3 venc_ko blocks (pool0 0x73801000 len 0x10000)
src frame 113: srcf=3 off=0 br=2000
frame 113: send=0x0 get=0x0 len=79 coding=1 startqp=0 meanqp=0 picbytes=0 pskip=0 nalus=1 n1:79
  cu: inter64=0 inter32=0 inter16=0 inter8=0 intra32=0 intra16=0 intra8=0 intra4=0 reftype=0
  snapshot f113: 3 venc_ko blocks (pool0 0x73801000 len 0x10000)
src frame 114: srcf=2 off=0 br=2000
frame 114: send=0x0 get=0x0 len=79 coding=1 startqp=0 meanqp=0 picbytes=0 pskip=0 nalus=1 n1:79
  cu: inter64=0 inter32=0 inter16=0 inter8=0 intra32=0 intra16=0 intra8=0 intra4=0 reftype=0
  snapshot f114: 3 venc_ko blocks (pool0 0x73801000 len 0x10000)
src frame 115: srcf=1 off=0 br=2000
frame 115: send=0x0 get=0x0 len=79 coding=1 startqp=0 meanqp=0 picbytes=0 pskip=0 nalus=1 n1:79
  cu: inter64=0 inter32=0 inter16=0 inter8=0 intra32=0 intra16=0 intra8=0 intra4=0 reftype=0
  snapshot f115: 3 venc_ko blocks (pool0 0x73801000 len 0x10000)
src frame 116: srcf=0 off=0 br=2000
frame 116: send=0x0 get=0x0 len=79 coding=1 startqp=0 meanqp=0 picbytes=0 pskip=0 nalus=1 n1:79
  cu: inter64=0 inter32=0 inter16=0 inter8=0 intra32=0 intra16=0 intra8=0 intra4=0 reftype=0
  snapshot f116: 3 venc_ko blocks (pool0 0x73801000 len 0x10000)
src frame 117: srcf=1 off=0 br=2000
frame 117: send=0x0 get=0x0 len=79 coding=1 startqp=0 meanqp=0 picbytes=0 pskip=0 nalus=1 n1:79
  cu: inter64=0 inter32=0 inter16=0 inter8=0 intra32=0 intra16=0 intra8=0 intra4=0 reftype=0
  snapshot f117: 3 venc_ko blocks (pool0 0x73801000 len 0x10000)
src frame 118: srcf=2 off=0 br=2000
frame 118: send=0x0 get=0x0 len=79 coding=1 startqp=0 meanqp=0 picbytes=0 pskip=0 nalus=1 n1:79
  cu: inter64=0 inter32=0 inter16=0 inter8=0 intra32=0 intra16=0 intra8=0 intra4=0 reftype=0
  snapshot f118: 3 venc_ko blocks (pool0 0x73801000 len 0x10000)
src frame 119: srcf=3 off=0 br=2000
frame 119: send=0x0 get=0x0 len=79 coding=1 startqp=0 meanqp=0 picbytes=0 pskip=0 nalus=1 n1:79
  cu: inter64=0 inter32=0 inter16=0 inter8=0 intra32=0 intra16=0 intra8=0 intra4=0 reftype=0
  snapshot f119: 3 venc_ko blocks (pool0 0x73801000 len 0x10000)
src frame 120: srcf=4 off=0 br=2000
frame 120: send=0x0 get=0x0 len=22057 coding=0 startqp=0 meanqp=0 picbytes=0 pskip=0 nalus=4 n32:27 n33:53 n34:12 n19:21965
  cu: inter64=0 inter32=0 inter16=0 inter8=0 intra32=0 intra16=0 intra8=0 intra4=0 reftype=0
  snapshot f120: 3 venc_ko blocks (pool0 0x73801000 len 0x10000)
src frame 121: srcf=5 off=0 br=2000
frame 121: send=0x0 get=0x0 len=918 coding=1 startqp=0 meanqp=0 picbytes=0 pskip=0 nalus=1 n1:918
  cu: inter64=0 inter32=0 inter16=0 inter8=0 intra32=0 intra16=0 intra8=0 intra4=0 reftype=0
  snapshot f121: 3 venc_ko blocks (pool0 0x73801000 len 0x10000)
src frame 122: srcf=6 off=0 br=2000
frame 122: send=0x0 get=0x0 len=276 coding=1 startqp=0 meanqp=0 picbytes=0 pskip=0 nalus=1 n1:276
  cu: inter64=0 inter32=0 inter16=0 inter8=0 intra32=0 intra16=0 intra8=0 intra4=0 reftype=0
  snapshot f122: 3 venc_ko blocks (pool0 0x73801000 len 0x10000)
src frame 123: srcf=7 off=0 br=2000
frame 123: send=0x0 get=0x0 len=210 coding=1 startqp=0 meanqp=0 picbytes=0 pskip=0 nalus=1 n1:210
  cu: inter64=0 inter32=0 inter16=0 inter8=0 intra32=0 intra16=0 intra8=0 intra4=0 reftype=0
  snapshot f123: 3 venc_ko blocks (pool0 0x73801000 len 0x10000)
src frame 124: srcf=8 off=0 br=2000
frame 124: send=0x0 get=0x0 len=181 coding=1 startqp=0 meanqp=0 picbytes=0 pskip=0 nalus=1 n1:181
  cu: inter64=0 inter32=0 inter16=0 inter8=0 intra32=0 intra16=0 intra8=0 intra4=0 reftype=0
  snapshot f124: 3 venc_ko blocks (pool0 0x73801000 len 0x10000)
src frame 125: srcf=9 off=0 br=2000
frame 125: send=0x0 get=0x0 len=160 coding=1 startqp=0 meanqp=0 picbytes=0 pskip=0 nalus=1 n1:160
  cu: inter64=0 inter32=0 inter16=0 inter8=0 intra32=0 intra16=0 intra8=0 intra4=0 reftype=0
  snapshot f125: 3 venc_ko blocks (pool0 0x73801000 len 0x10000)
src frame 126: srcf=10 off=0 br=2000
frame 126: send=0x0 get=0x0 len=127 coding=1 startqp=0 meanqp=0 picbytes=0 pskip=0 nalus=1 n1:127
  cu: inter64=0 inter32=0 inter16=0 inter8=0 intra32=0 intra16=0 intra8=0 intra4=0 reftype=0
  snapshot f126: 3 venc_ko blocks (pool0 0x73801000 len 0x10000)
src frame 127: srcf=11 off=0 br=2000
frame 127: send=0x0 get=0x0 len=112 coding=1 startqp=0 meanqp=0 picbytes=0 pskip=0 nalus=1 n1:112
  cu: inter64=0 inter32=0 inter16=0 inter8=0 intra32=0 intra16=0 intra8=0 intra4=0 reftype=0
  snapshot f127: 3 venc_ko blocks (pool0 0x73801000 len 0x10000)
src frame 128: srcf=12 off=0 br=2000
frame 128: send=0x0 get=0x0 len=95 coding=1 startqp=0 meanqp=0 picbytes=0 pskip=0 nalus=1 n1:95
  cu: inter64=0 inter32=0 inter16=0 inter8=0 intra32=0 intra16=0 intra8=0 intra4=0 reftype=0
  snapshot f128: 3 venc_ko blocks (pool0 0x73801000 len 0x10000)
src frame 129: srcf=13 off=0 br=2000
frame 129: send=0x0 get=0x0 len=79 coding=1 startqp=0 meanqp=0 picbytes=0 pskip=0 nalus=1 n1:79
  cu: inter64=0 inter32=0 inter16=0 inter8=0 intra32=0 intra16=0 intra8=0 intra4=0 reftype=0
  snapshot f129: 3 venc_ko blocks (pool0 0x73801000 len 0x10000)
src frame 130: srcf=14 off=0 br=2000
frame 130: send=0x0 get=0x0 len=79 coding=1 startqp=0 meanqp=0 picbytes=0 pskip=0 nalus=1 n1:79
  cu: inter64=0 inter32=0 inter16=0 inter8=0 intra32=0 intra16=0 intra8=0 intra4=0 reftype=0
  snapshot f130: 3 venc_ko blocks (pool0 0x73801000 len 0x10000)
src frame 131: srcf=15 off=0 br=2000
frame 131: send=0x0 get=0x0 len=79 coding=1 startqp=0 meanqp=0 picbytes=0 pskip=0 nalus=1 n1:79
  cu: inter64=0 inter32=0 inter16=0 inter8=0 intra32=0 intra16=0 intra8=0 intra4=0 reftype=0
  snapshot f131: 3 venc_ko blocks (pool0 0x73801000 len 0x10000)
src frame 132: srcf=16 off=0 br=2000
frame 132: send=0x0 get=0x0 len=79 coding=1 startqp=0 meanqp=0 picbytes=0 pskip=0 nalus=1 n1:79
  cu: inter64=0 inter32=0 inter16=0 inter8=0 intra32=0 intra16=0 intra8=0 intra4=0 reftype=0
  snapshot f132: 3 venc_ko blocks (pool0 0x73801000 len 0x10000)
src frame 133: srcf=17 off=0 br=2000
frame 133: send=0x0 get=0x0 len=79 coding=1 startqp=0 meanqp=0 picbytes=0 pskip=0 nalus=1 n1:79
  cu: inter64=0 inter32=0 inter16=0 inter8=0 intra32=0 intra16=0 intra8=0 intra4=0 reftype=0
  snapshot f133: 3 venc_ko blocks (pool0 0x73801000 len 0x10000)
src frame 134: srcf=18 off=0 br=2000
frame 134: send=0x0 get=0x0 len=79 coding=1 startqp=0 meanqp=0 picbytes=0 pskip=0 nalus=1 n1:79
  cu: inter64=0 inter32=0 inter16=0 inter8=0 intra32=0 intra16=0 intra8=0 intra4=0 reftype=0
  snapshot f134: 3 venc_ko blocks (pool0 0x73801000 len 0x10000)
src frame 135: srcf=19 off=0 br=2000
frame 135: send=0x0 get=0x0 len=79 coding=1 startqp=0 meanqp=0 picbytes=0 pskip=0 nalus=1 n1:79
  cu: inter64=0 inter32=0 inter16=0 inter8=0 intra32=0 intra16=0 intra8=0 intra4=0 reftype=0
  snapshot f135: 3 venc_ko blocks (pool0 0x73801000 len 0x10000)
src frame 136: srcf=20 off=0 br=2000
frame 136: send=0x0 get=0x0 len=79 coding=1 startqp=0 meanqp=0 picbytes=0 pskip=0 nalus=1 n1:79
  cu: inter64=0 inter32=0 inter16=0 inter8=0 intra32=0 intra16=0 intra8=0 intra4=0 reftype=0
  snapshot f136: 3 venc_ko blocks (pool0 0x73801000 len 0x10000)
src frame 137: srcf=21 off=0 br=2000
frame 137: send=0x0 get=0x0 len=79 coding=1 startqp=0 meanqp=0 picbytes=0 pskip=0 nalus=1 n1:79
  cu: inter64=0 inter32=0 inter16=0 inter8=0 intra32=0 intra16=0 intra8=0 intra4=0 reftype=0
  snapshot f137: 3 venc_ko blocks (pool0 0x73801000 len 0x10000)
src frame 138: srcf=22 off=0 br=2000
frame 138: send=0x0 get=0x0 len=79 coding=1 startqp=0 meanqp=0 picbytes=0 pskip=0 nalus=1 n1:79
  cu: inter64=0 inter32=0 inter16=0 inter8=0 intra32=0 intra16=0 intra8=0 intra4=0 reftype=0
  snapshot f138: 3 venc_ko blocks (pool0 0x73801000 len 0x10000)
src frame 139: srcf=23 off=0 br=2000
frame 139: send=0x0 get=0x0 len=79 coding=1 startqp=0 meanqp=0 picbytes=0 pskip=0 nalus=1 n1:79
  cu: inter64=0 inter32=0 inter16=0 inter8=0 intra32=0 intra16=0 intra8=0 intra4=0 reftype=0
  snapshot f139: 3 venc_ko blocks (pool0 0x73801000 len 0x10000)
src frame 140: srcf=24 off=0 br=2000
frame 140: send=0x0 get=0x0 len=79 coding=1 startqp=0 meanqp=0 picbytes=0 pskip=0 nalus=1 n1:79
  cu: inter64=0 inter32=0 inter16=0 inter8=0 intra32=0 intra16=0 intra8=0 intra4=0 reftype=0
  snapshot f140: 3 venc_ko blocks (pool0 0x73801000 len 0x10000)
src frame 141: srcf=25 off=0 br=2000
frame 141: send=0x0 get=0x0 len=79 coding=1 startqp=0 meanqp=0 picbytes=0 pskip=0 nalus=1 n1:79
  cu: inter64=0 inter32=0 inter16=0 inter8=0 intra32=0 intra16=0 intra8=0 intra4=0 reftype=0
  snapshot f141: 3 venc_ko blocks (pool0 0x73801000 len 0x10000)
src frame 142: srcf=26 off=0 br=2000
frame 142: send=0x0 get=0x0 len=79 coding=1 startqp=0 meanqp=0 picbytes=0 pskip=0 nalus=1 n1:79
  cu: inter64=0 inter32=0 inter16=0 inter8=0 intra32=0 intra16=0 intra8=0 intra4=0 reftype=0
  snapshot f142: 3 venc_ko blocks (pool0 0x73801000 len 0x10000)
src frame 143: srcf=27 off=0 br=2000
frame 143: send=0x0 get=0x0 len=79 coding=1 startqp=0 meanqp=0 picbytes=0 pskip=0 nalus=1 n1:79
  cu: inter64=0 inter32=0 inter16=0 inter8=0 intra32=0 intra16=0 intra8=0 intra4=0 reftype=0
  snapshot f143: 3 venc_ko blocks (pool0 0x73801000 len 0x10000)
src frame 144: srcf=28 off=0 br=2000
frame 144: send=0x0 get=0x0 len=79 coding=1 startqp=0 meanqp=0 picbytes=0 pskip=0 nalus=1 n1:79
  cu: inter64=0 inter32=0 inter16=0 inter8=0 intra32=0 intra16=0 intra8=0 intra4=0 reftype=0
  snapshot f144: 3 venc_ko blocks (pool0 0x73801000 len 0x10000)
src frame 145: srcf=29 off=0 br=2000
frame 145: send=0x0 get=0x0 len=79 coding=1 startqp=0 meanqp=0 picbytes=0 pskip=0 nalus=1 n1:79
  cu: inter64=0 inter32=0 inter16=0 inter8=0 intra32=0 intra16=0 intra8=0 intra4=0 reftype=0
  snapshot f145: 3 venc_ko blocks (pool0 0x73801000 len 0x10000)
src frame 146: srcf=28 off=0 br=2000
frame 146: send=0x0 get=0x0 len=79 coding=1 startqp=0 meanqp=0 picbytes=0 pskip=0 nalus=1 n1:79
  cu: inter64=0 inter32=0 inter16=0 inter8=0 intra32=0 intra16=0 intra8=0 intra4=0 reftype=0
  snapshot f146: 3 venc_ko blocks (pool0 0x73801000 len 0x10000)
src frame 147: srcf=27 off=0 br=2000
frame 147: send=0x0 get=0x0 len=79 coding=1 startqp=0 meanqp=0 picbytes=0 pskip=0 nalus=1 n1:79
  cu: inter64=0 inter32=0 inter16=0 inter8=0 intra32=0 intra16=0 intra8=0 intra4=0 reftype=0
  snapshot f147: 3 venc_ko blocks (pool0 0x73801000 len 0x10000)
src frame 148: srcf=26 off=0 br=2000
frame 148: send=0x0 get=0x0 len=79 coding=1 startqp=0 meanqp=0 picbytes=0 pskip=0 nalus=1 n1:79
  cu: inter64=0 inter32=0 inter16=0 inter8=0 intra32=0 intra16=0 intra8=0 intra4=0 reftype=0
  snapshot f148: 3 venc_ko blocks (pool0 0x73801000 len 0x10000)
src frame 149: srcf=25 off=0 br=2000
frame 149: send=0x0 get=0x0 len=79 coding=1 startqp=0 meanqp=0 picbytes=0 pskip=0 nalus=1 n1:79
  cu: inter64=0 inter32=0 inter16=0 inter8=0 intra32=0 intra16=0 intra8=0 intra4=0 reftype=0
  snapshot f149: 3 venc_ko blocks (pool0 0x73801000 len 0x10000)
src frame 150: srcf=24 off=0 br=2000
frame 150: send=0x0 get=0x0 len=22057 coding=0 startqp=0 meanqp=0 picbytes=0 pskip=0 nalus=4 n32:27 n33:53 n34:12 n19:21965
  cu: inter64=0 inter32=0 inter16=0 inter8=0 intra32=0 intra16=0 intra8=0 intra4=0 reftype=0
  snapshot f150: 3 venc_ko blocks (pool0 0x73801000 len 0x10000)
src frame 151: srcf=23 off=0 br=2000
frame 151: send=0x0 get=0x0 len=918 coding=1 startqp=0 meanqp=0 picbytes=0 pskip=0 nalus=1 n1:918
  cu: inter64=0 inter32=0 inter16=0 inter8=0 intra32=0 intra16=0 intra8=0 intra4=0 reftype=0
  snapshot f151: 3 venc_ko blocks (pool0 0x73801000 len 0x10000)
src frame 152: srcf=22 off=0 br=2000
frame 152: send=0x0 get=0x0 len=276 coding=1 startqp=0 meanqp=0 picbytes=0 pskip=0 nalus=1 n1:276
  cu: inter64=0 inter32=0 inter16=0 inter8=0 intra32=0 intra16=0 intra8=0 intra4=0 reftype=0
  snapshot f152: 3 venc_ko blocks (pool0 0x73801000 len 0x10000)
src frame 153: srcf=21 off=0 br=2000
frame 153: send=0x0 get=0x0 len=210 coding=1 startqp=0 meanqp=0 picbytes=0 pskip=0 nalus=1 n1:210
  cu: inter64=0 inter32=0 inter16=0 inter8=0 intra32=0 intra16=0 intra8=0 intra4=0 reftype=0
  snapshot f153: 3 venc_ko blocks (pool0 0x73801000 len 0x10000)
src frame 154: srcf=20 off=0 br=2000
frame 154: send=0x0 get=0x0 len=181 coding=1 startqp=0 meanqp=0 picbytes=0 pskip=0 nalus=1 n1:181
  cu: inter64=0 inter32=0 inter16=0 inter8=0 intra32=0 intra16=0 intra8=0 intra4=0 reftype=0
  snapshot f154: 3 venc_ko blocks (pool0 0x73801000 len 0x10000)
src frame 155: srcf=19 off=0 br=2000
frame 155: send=0x0 get=0x0 len=160 coding=1 startqp=0 meanqp=0 picbytes=0 pskip=0 nalus=1 n1:160
  cu: inter64=0 inter32=0 inter16=0 inter8=0 intra32=0 intra16=0 intra8=0 intra4=0 reftype=0
  snapshot f155: 3 venc_ko blocks (pool0 0x73801000 len 0x10000)
src frame 156: srcf=18 off=0 br=2000
frame 156: send=0x0 get=0x0 len=127 coding=1 startqp=0 meanqp=0 picbytes=0 pskip=0 nalus=1 n1:127
  cu: inter64=0 inter32=0 inter16=0 inter8=0 intra32=0 intra16=0 intra8=0 intra4=0 reftype=0
  snapshot f156: 3 venc_ko blocks (pool0 0x73801000 len 0x10000)
src frame 157: srcf=17 off=0 br=2000
frame 157: send=0x0 get=0x0 len=112 coding=1 startqp=0 meanqp=0 picbytes=0 pskip=0 nalus=1 n1:112
  cu: inter64=0 inter32=0 inter16=0 inter8=0 intra32=0 intra16=0 intra8=0 intra4=0 reftype=0
  snapshot f157: 3 venc_ko blocks (pool0 0x73801000 len 0x10000)
src frame 158: srcf=16 off=0 br=2000
frame 158: send=0x0 get=0x0 len=95 coding=1 startqp=0 meanqp=0 picbytes=0 pskip=0 nalus=1 n1:95
  cu: inter64=0 inter32=0 inter16=0 inter8=0 intra32=0 intra16=0 intra8=0 intra4=0 reftype=0
  snapshot f158: 3 venc_ko blocks (pool0 0x73801000 len 0x10000)
src frame 159: srcf=15 off=0 br=2000
frame 159: send=0x0 get=0x0 len=79 coding=1 startqp=0 meanqp=0 picbytes=0 pskip=0 nalus=1 n1:79
  cu: inter64=0 inter32=0 inter16=0 inter8=0 intra32=0 intra16=0 intra8=0 intra4=0 reftype=0
  snapshot f159: 3 venc_ko blocks (pool0 0x73801000 len 0x10000)
src frame 160: srcf=14 off=0 br=2000
frame 160: send=0x0 get=0x0 len=79 coding=1 startqp=0 meanqp=0 picbytes=0 pskip=0 nalus=1 n1:79
  cu: inter64=0 inter32=0 inter16=0 inter8=0 intra32=0 intra16=0 intra8=0 intra4=0 reftype=0
  snapshot f160: 3 venc_ko blocks (pool0 0x73801000 len 0x10000)
src frame 161: srcf=13 off=0 br=2000
frame 161: send=0x0 get=0x0 len=79 coding=1 startqp=0 meanqp=0 picbytes=0 pskip=0 nalus=1 n1:79
  cu: inter64=0 inter32=0 inter16=0 inter8=0 intra32=0 intra16=0 intra8=0 intra4=0 reftype=0
  snapshot f161: 3 venc_ko blocks (pool0 0x73801000 len 0x10000)
src frame 162: srcf=12 off=0 br=2000
frame 162: send=0x0 get=0x0 len=79 coding=1 startqp=0 meanqp=0 picbytes=0 pskip=0 nalus=1 n1:79
  cu: inter64=0 inter32=0 inter16=0 inter8=0 intra32=0 intra16=0 intra8=0 intra4=0 reftype=0
  snapshot f162: 3 venc_ko blocks (pool0 0x73801000 len 0x10000)
src frame 163: srcf=11 off=0 br=2000
frame 163: send=0x0 get=0x0 len=79 coding=1 startqp=0 meanqp=0 picbytes=0 pskip=0 nalus=1 n1:79
  cu: inter64=0 inter32=0 inter16=0 inter8=0 intra32=0 intra16=0 intra8=0 intra4=0 reftype=0
  snapshot f163: 3 venc_ko blocks (pool0 0x73801000 len 0x10000)
src frame 164: srcf=10 off=0 br=2000
frame 164: send=0x0 get=0x0 len=79 coding=1 startqp=0 meanqp=0 picbytes=0 pskip=0 nalus=1 n1:79
  cu: inter64=0 inter32=0 inter16=0 inter8=0 intra32=0 intra16=0 intra8=0 intra4=0 reftype=0
  snapshot f164: 3 venc_ko blocks (pool0 0x73801000 len 0x10000)
src frame 165: srcf=9 off=0 br=2000
frame 165: send=0x0 get=0x0 len=79 coding=1 startqp=0 meanqp=0 picbytes=0 pskip=0 nalus=1 n1:79
  cu: inter64=0 inter32=0 inter16=0 inter8=0 intra32=0 intra16=0 intra8=0 intra4=0 reftype=0
  snapshot f165: 3 venc_ko blocks (pool0 0x73801000 len 0x10000)
src frame 166: srcf=8 off=0 br=2000
frame 166: send=0x0 get=0x0 len=79 coding=1 startqp=0 meanqp=0 picbytes=0 pskip=0 nalus=1 n1:79
  cu: inter64=0 inter32=0 inter16=0 inter8=0 intra32=0 intra16=0 intra8=0 intra4=0 reftype=0
  snapshot f166: 3 venc_ko blocks (pool0 0x73801000 len 0x10000)
src frame 167: srcf=7 off=0 br=2000
frame 167: send=0x0 get=0x0 len=79 coding=1 startqp=0 meanqp=0 picbytes=0 pskip=0 nalus=1 n1:79
  cu: inter64=0 inter32=0 inter16=0 inter8=0 intra32=0 intra16=0 intra8=0 intra4=0 reftype=0
  snapshot f167: 3 venc_ko blocks (pool0 0x73801000 len 0x10000)
src frame 168: srcf=6 off=0 br=2000
frame 168: send=0x0 get=0x0 len=79 coding=1 startqp=0 meanqp=0 picbytes=0 pskip=0 nalus=1 n1:79
  cu: inter64=0 inter32=0 inter16=0 inter8=0 intra32=0 intra16=0 intra8=0 intra4=0 reftype=0
  snapshot f168: 3 venc_ko blocks (pool0 0x73801000 len 0x10000)
src frame 169: srcf=5 off=0 br=2000
frame 169: send=0x0 get=0x0 len=79 coding=1 startqp=0 meanqp=0 picbytes=0 pskip=0 nalus=1 n1:79
  cu: inter64=0 inter32=0 inter16=0 inter8=0 intra32=0 intra16=0 intra8=0 intra4=0 reftype=0
  snapshot f169: 3 venc_ko blocks (pool0 0x73801000 len 0x10000)
src frame 170: srcf=4 off=0 br=2000
frame 170: send=0x0 get=0x0 len=79 coding=1 startqp=0 meanqp=0 picbytes=0 pskip=0 nalus=1 n1:79
  cu: inter64=0 inter32=0 inter16=0 inter8=0 intra32=0 intra16=0 intra8=0 intra4=0 reftype=0
  snapshot f170: 3 venc_ko blocks (pool0 0x73801000 len 0x10000)
src frame 171: srcf=3 off=0 br=2000
frame 171: send=0x0 get=0x0 len=79 coding=1 startqp=0 meanqp=0 picbytes=0 pskip=0 nalus=1 n1:79
  cu: inter64=0 inter32=0 inter16=0 inter8=0 intra32=0 intra16=0 intra8=0 intra4=0 reftype=0
  snapshot f171: 3 venc_ko blocks (pool0 0x73801000 len 0x10000)
src frame 172: srcf=2 off=0 br=2000
frame 172: send=0x0 get=0x0 len=79 coding=1 startqp=0 meanqp=0 picbytes=0 pskip=0 nalus=1 n1:79
  cu: inter64=0 inter32=0 inter16=0 inter8=0 intra32=0 intra16=0 intra8=0 intra4=0 reftype=0
  snapshot f172: 3 venc_ko blocks (pool0 0x73801000 len 0x10000)
src frame 173: srcf=1 off=0 br=2000
frame 173: send=0x0 get=0x0 len=79 coding=1 startqp=0 meanqp=0 picbytes=0 pskip=0 nalus=1 n1:79
  cu: inter64=0 inter32=0 inter16=0 inter8=0 intra32=0 intra16=0 intra8=0 intra4=0 reftype=0
  snapshot f173: 3 venc_ko blocks (pool0 0x73801000 len 0x10000)
src frame 174: srcf=0 off=0 br=2000
frame 174: send=0x0 get=0x0 len=79 coding=1 startqp=0 meanqp=0 picbytes=0 pskip=0 nalus=1 n1:79
  cu: inter64=0 inter32=0 inter16=0 inter8=0 intra32=0 intra16=0 intra8=0 intra4=0 reftype=0
  snapshot f174: 3 venc_ko blocks (pool0 0x73801000 len 0x10000)
src frame 175: srcf=1 off=0 br=2000
frame 175: send=0x0 get=0x0 len=79 coding=1 startqp=0 meanqp=0 picbytes=0 pskip=0 nalus=1 n1:79
  cu: inter64=0 inter32=0 inter16=0 inter8=0 intra32=0 intra16=0 intra8=0 intra4=0 reftype=0
  snapshot f175: 3 venc_ko blocks (pool0 0x73801000 len 0x10000)
src frame 176: srcf=2 off=0 br=2000
frame 176: send=0x0 get=0x0 len=79 coding=1 startqp=0 meanqp=0 picbytes=0 pskip=0 nalus=1 n1:79
  cu: inter64=0 inter32=0 inter16=0 inter8=0 intra32=0 intra16=0 intra8=0 intra4=0 reftype=0
  snapshot f176: 3 venc_ko blocks (pool0 0x73801000 len 0x10000)
src frame 177: srcf=3 off=0 br=2000
frame 177: send=0x0 get=0x0 len=79 coding=1 startqp=0 meanqp=0 picbytes=0 pskip=0 nalus=1 n1:79
  cu: inter64=0 inter32=0 inter16=0 inter8=0 intra32=0 intra16=0 intra8=0 intra4=0 reftype=0
  snapshot f177: 3 venc_ko blocks (pool0 0x73801000 len 0x10000)
src frame 178: srcf=4 off=0 br=2000
frame 178: send=0x0 get=0x0 len=79 coding=1 startqp=0 meanqp=0 picbytes=0 pskip=0 nalus=1 n1:79
  cu: inter64=0 inter32=0 inter16=0 inter8=0 intra32=0 intra16=0 intra8=0 intra4=0 reftype=0
  snapshot f178: 3 venc_ko blocks (pool0 0x73801000 len 0x10000)
src frame 179: srcf=5 off=0 br=2000
frame 179: send=0x0 get=0x0 len=79 coding=1 startqp=0 meanqp=0 picbytes=0 pskip=0 nalus=1 n1:79
  cu: inter64=0 inter32=0 inter16=0 inter8=0 intra32=0 intra16=0 intra8=0 intra4=0 reftype=0
  snapshot f179: 3 venc_ko blocks (pool0 0x73801000 len 0x10000)
src frame 180: srcf=6 off=0 br=2000
frame 180: send=0x0 get=0x0 len=22057 coding=0 startqp=0 meanqp=0 picbytes=0 pskip=0 nalus=4 n32:27 n33:53 n34:12 n19:21965
  cu: inter64=0 inter32=0 inter16=0 inter8=0 intra32=0 intra16=0 intra8=0 intra4=0 reftype=0
  snapshot f180: 3 venc_ko blocks (pool0 0x73801000 len 0x10000)
src frame 181: srcf=7 off=0 br=2000
frame 181: send=0x0 get=0x0 len=918 coding=1 startqp=0 meanqp=0 picbytes=0 pskip=0 nalus=1 n1:918
  cu: inter64=0 inter32=0 inter16=0 inter8=0 intra32=0 intra16=0 intra8=0 intra4=0 reftype=0
  snapshot f181: 3 venc_ko blocks (pool0 0x73801000 len 0x10000)
src frame 182: srcf=8 off=0 br=2000
frame 182: send=0x0 get=0x0 len=276 coding=1 startqp=0 meanqp=0 picbytes=0 pskip=0 nalus=1 n1:276
  cu: inter64=0 inter32=0 inter16=0 inter8=0 intra32=0 intra16=0 intra8=0 intra4=0 reftype=0
  snapshot f182: 3 venc_ko blocks (pool0 0x73801000 len 0x10000)
src frame 183: srcf=9 off=0 br=2000
frame 183: send=0x0 get=0x0 len=210 coding=1 startqp=0 meanqp=0 picbytes=0 pskip=0 nalus=1 n1:210
  cu: inter64=0 inter32=0 inter16=0 inter8=0 intra32=0 intra16=0 intra8=0 intra4=0 reftype=0
  snapshot f183: 3 venc_ko blocks (pool0 0x73801000 len 0x10000)
src frame 184: srcf=10 off=0 br=2000
frame 184: send=0x0 get=0x0 len=181 coding=1 startqp=0 meanqp=0 picbytes=0 pskip=0 nalus=1 n1:181
  cu: inter64=0 inter32=0 inter16=0 inter8=0 intra32=0 intra16=0 intra8=0 intra4=0 reftype=0
  snapshot f184: 3 venc_ko blocks (pool0 0x73801000 len 0x10000)
src frame 185: srcf=11 off=0 br=2000
frame 185: send=0x0 get=0x0 len=160 coding=1 startqp=0 meanqp=0 picbytes=0 pskip=0 nalus=1 n1:160
  cu: inter64=0 inter32=0 inter16=0 inter8=0 intra32=0 intra16=0 intra8=0 intra4=0 reftype=0
  snapshot f185: 3 venc_ko blocks (pool0 0x73801000 len 0x10000)
src frame 186: srcf=12 off=0 br=2000
frame 186: send=0x0 get=0x0 len=127 coding=1 startqp=0 meanqp=0 picbytes=0 pskip=0 nalus=1 n1:127
  cu: inter64=0 inter32=0 inter16=0 inter8=0 intra32=0 intra16=0 intra8=0 intra4=0 reftype=0
  snapshot f186: 3 venc_ko blocks (pool0 0x73801000 len 0x10000)
src frame 187: srcf=13 off=0 br=2000
frame 187: send=0x0 get=0x0 len=112 coding=1 startqp=0 meanqp=0 picbytes=0 pskip=0 nalus=1 n1:112
  cu: inter64=0 inter32=0 inter16=0 inter8=0 intra32=0 intra16=0 intra8=0 intra4=0 reftype=0
  snapshot f187: 3 venc_ko blocks (pool0 0x73801000 len 0x10000)
src frame 188: srcf=14 off=0 br=2000
frame 188: send=0x0 get=0x0 len=95 coding=1 startqp=0 meanqp=0 picbytes=0 pskip=0 nalus=1 n1:95
  cu: inter64=0 inter32=0 inter16=0 inter8=0 intra32=0 intra16=0 intra8=0 intra4=0 reftype=0
  snapshot f188: 3 venc_ko blocks (pool0 0x73801000 len 0x10000)
src frame 189: srcf=15 off=0 br=2000
frame 189: send=0x0 get=0x0 len=79 coding=1 startqp=0 meanqp=0 picbytes=0 pskip=0 nalus=1 n1:79
  cu: inter64=0 inter32=0 inter16=0 inter8=0 intra32=0 intra16=0 intra8=0 intra4=0 reftype=0
  snapshot f189: 3 venc_ko blocks (pool0 0x73801000 len 0x10000)
src frame 190: srcf=16 off=0 br=2000
frame 190: send=0x0 get=0x0 len=79 coding=1 startqp=0 meanqp=0 picbytes=0 pskip=0 nalus=1 n1:79
  cu: inter64=0 inter32=0 inter16=0 inter8=0 intra32=0 intra16=0 intra8=0 intra4=0 reftype=0
  snapshot f190: 3 venc_ko blocks (pool0 0x73801000 len 0x10000)
src frame 191: srcf=17 off=0 br=2000
frame 191: send=0x0 get=0x0 len=79 coding=1 startqp=0 meanqp=0 picbytes=0 pskip=0 nalus=1 n1:79
  cu: inter64=0 inter32=0 inter16=0 inter8=0 intra32=0 intra16=0 intra8=0 intra4=0 reftype=0
  snapshot f191: 3 venc_ko blocks (pool0 0x73801000 len 0x10000)
src frame 192: srcf=18 off=0 br=2000
frame 192: send=0x0 get=0x0 len=79 coding=1 startqp=0 meanqp=0 picbytes=0 pskip=0 nalus=1 n1:79
  cu: inter64=0 inter32=0 inter16=0 inter8=0 intra32=0 intra16=0 intra8=0 intra4=0 reftype=0
  snapshot f192: 3 venc_ko blocks (pool0 0x73801000 len 0x10000)
src frame 193: srcf=19 off=0 br=2000
frame 193: send=0x0 get=0x0 len=79 coding=1 startqp=0 meanqp=0 picbytes=0 pskip=0 nalus=1 n1:79
  cu: inter64=0 inter32=0 inter16=0 inter8=0 intra32=0 intra16=0 intra8=0 intra4=0 reftype=0
  snapshot f193: 3 venc_ko blocks (pool0 0x73801000 len 0x10000)
src frame 194: srcf=20 off=0 br=2000
frame 194: send=0x0 get=0x0 len=79 coding=1 startqp=0 meanqp=0 picbytes=0 pskip=0 nalus=1 n1:79
  cu: inter64=0 inter32=0 inter16=0 inter8=0 intra32=0 intra16=0 intra8=0 intra4=0 reftype=0
  snapshot f194: 3 venc_ko blocks (pool0 0x73801000 len 0x10000)
src frame 195: srcf=21 off=0 br=2000
frame 195: send=0x0 get=0x0 len=79 coding=1 startqp=0 meanqp=0 picbytes=0 pskip=0 nalus=1 n1:79
  cu: inter64=0 inter32=0 inter16=0 inter8=0 intra32=0 intra16=0 intra8=0 intra4=0 reftype=0
  snapshot f195: 3 venc_ko blocks (pool0 0x73801000 len 0x10000)
src frame 196: srcf=22 off=0 br=2000
frame 196: send=0x0 get=0x0 len=79 coding=1 startqp=0 meanqp=0 picbytes=0 pskip=0 nalus=1 n1:79
  cu: inter64=0 inter32=0 inter16=0 inter8=0 intra32=0 intra16=0 intra8=0 intra4=0 reftype=0
  snapshot f196: 3 venc_ko blocks (pool0 0x73801000 len 0x10000)
src frame 197: srcf=23 off=0 br=2000
frame 197: send=0x0 get=0x0 len=79 coding=1 startqp=0 meanqp=0 picbytes=0 pskip=0 nalus=1 n1:79
  cu: inter64=0 inter32=0 inter16=0 inter8=0 intra32=0 intra16=0 intra8=0 intra4=0 reftype=0
  snapshot f197: 3 venc_ko blocks (pool0 0x73801000 len 0x10000)
src frame 198: srcf=24 off=0 br=2000
frame 198: send=0x0 get=0x0 len=79 coding=1 startqp=0 meanqp=0 picbytes=0 pskip=0 nalus=1 n1:79
  cu: inter64=0 inter32=0 inter16=0 inter8=0 intra32=0 intra16=0 intra8=0 intra4=0 reftype=0
  snapshot f198: 3 venc_ko blocks (pool0 0x73801000 len 0x10000)
src frame 199: srcf=25 off=0 br=2000
frame 199: send=0x0 get=0x0 len=79 coding=1 startqp=0 meanqp=0 picbytes=0 pskip=0 nalus=1 n1:79
  cu: inter64=0 inter32=0 inter16=0 inter8=0 intra32=0 intra16=0 intra8=0 intra4=0 reftype=0
  snapshot f199: 3 venc_ko blocks (pool0 0x73801000 len 0x10000)
src frame 200: srcf=26 off=0 br=2000
frame 200: send=0x0 get=0x0 len=79 coding=1 startqp=0 meanqp=0 picbytes=0 pskip=0 nalus=1 n1:79
  cu: inter64=0 inter32=0 inter16=0 inter8=0 intra32=0 intra16=0 intra8=0 intra4=0 reftype=0
  snapshot f200: 3 venc_ko blocks (pool0 0x73801000 len 0x10000)
src frame 201: srcf=27 off=0 br=2000
frame 201: send=0x0 get=0x0 len=79 coding=1 startqp=0 meanqp=0 picbytes=0 pskip=0 nalus=1 n1:79
  cu: inter64=0 inter32=0 inter16=0 inter8=0 intra32=0 intra16=0 intra8=0 intra4=0 reftype=0
  snapshot f201: 3 venc_ko blocks (pool0 0x73801000 len 0x10000)
src frame 202: srcf=28 off=0 br=2000
frame 202: send=0x0 get=0x0 len=79 coding=1 startqp=0 meanqp=0 picbytes=0 pskip=0 nalus=1 n1:79
  cu: inter64=0 inter32=0 inter16=0 inter8=0 intra32=0 intra16=0 intra8=0 intra4=0 reftype=0
  snapshot f202: 3 venc_ko blocks (pool0 0x73801000 len 0x10000)
src frame 203: srcf=29 off=0 br=2000
frame 203: send=0x0 get=0x0 len=79 coding=1 startqp=0 meanqp=0 picbytes=0 pskip=0 nalus=1 n1:79
  cu: inter64=0 inter32=0 inter16=0 inter8=0 intra32=0 intra16=0 intra8=0 intra4=0 reftype=0
  snapshot f203: 3 venc_ko blocks (pool0 0x73801000 len 0x10000)
src frame 204: srcf=28 off=0 br=2000
frame 204: send=0x0 get=0x0 len=79 coding=1 startqp=0 meanqp=0 picbytes=0 pskip=0 nalus=1 n1:79
  cu: inter64=0 inter32=0 inter16=0 inter8=0 intra32=0 intra16=0 intra8=0 intra4=0 reftype=0
  snapshot f204: 3 venc_ko blocks (pool0 0x73801000 len 0x10000)
src frame 205: srcf=27 off=0 br=2000
frame 205: send=0x0 get=0x0 len=79 coding=1 startqp=0 meanqp=0 picbytes=0 pskip=0 nalus=1 n1:79
  cu: inter64=0 inter32=0 inter16=0 inter8=0 intra32=0 intra16=0 intra8=0 intra4=0 reftype=0
  snapshot f205: 3 venc_ko blocks (pool0 0x73801000 len 0x10000)
src frame 206: srcf=26 off=0 br=2000
frame 206: send=0x0 get=0x0 len=79 coding=1 startqp=0 meanqp=0 picbytes=0 pskip=0 nalus=1 n1:79
  cu: inter64=0 inter32=0 inter16=0 inter8=0 intra32=0 intra16=0 intra8=0 intra4=0 reftype=0
  snapshot f206: 3 venc_ko blocks (pool0 0x73801000 len 0x10000)
src frame 207: srcf=25 off=0 br=2000
frame 207: send=0x0 get=0x0 len=79 coding=1 startqp=0 meanqp=0 picbytes=0 pskip=0 nalus=1 n1:79
  cu: inter64=0 inter32=0 inter16=0 inter8=0 intra32=0 intra16=0 intra8=0 intra4=0 reftype=0
  snapshot f207: 3 venc_ko blocks (pool0 0x73801000 len 0x10000)
src frame 208: srcf=24 off=0 br=2000
frame 208: send=0x0 get=0x0 len=79 coding=1 startqp=0 meanqp=0 picbytes=0 pskip=0 nalus=1 n1:79
  cu: inter64=0 inter32=0 inter16=0 inter8=0 intra32=0 intra16=0 intra8=0 intra4=0 reftype=0
  snapshot f208: 3 venc_ko blocks (pool0 0x73801000 len 0x10000)
src frame 209: srcf=23 off=0 br=2000
frame 209: send=0x0 get=0x0 len=79 coding=1 startqp=0 meanqp=0 picbytes=0 pskip=0 nalus=1 n1:79
  cu: inter64=0 inter32=0 inter16=0 inter8=0 intra32=0 intra16=0 intra8=0 intra4=0 reftype=0
  snapshot f209: 3 venc_ko blocks (pool0 0x73801000 len 0x10000)
src frame 210: srcf=22 off=0 br=2000
frame 210: send=0x0 get=0x0 len=22057 coding=0 startqp=0 meanqp=0 picbytes=0 pskip=0 nalus=4 n32:27 n33:53 n34:12 n19:21965
  cu: inter64=0 inter32=0 inter16=0 inter8=0 intra32=0 intra16=0 intra8=0 intra4=0 reftype=0
  snapshot f210: 3 venc_ko blocks (pool0 0x73801000 len 0x10000)
src frame 211: srcf=21 off=0 br=2000
frame 211: send=0x0 get=0x0 len=918 coding=1 startqp=0 meanqp=0 picbytes=0 pskip=0 nalus=1 n1:918
  cu: inter64=0 inter32=0 inter16=0 inter8=0 intra32=0 intra16=0 intra8=0 intra4=0 reftype=0
  snapshot f211: 3 venc_ko blocks (pool0 0x73801000 len 0x10000)
src frame 212: srcf=20 off=0 br=2000
frame 212: send=0x0 get=0x0 len=276 coding=1 startqp=0 meanqp=0 picbytes=0 pskip=0 nalus=1 n1:276
  cu: inter64=0 inter32=0 inter16=0 inter8=0 intra32=0 intra16=0 intra8=0 intra4=0 reftype=0
  snapshot f212: 3 venc_ko blocks (pool0 0x73801000 len 0x10000)
src frame 213: srcf=19 off=0 br=2000
frame 213: send=0x0 get=0x0 len=210 coding=1 startqp=0 meanqp=0 picbytes=0 pskip=0 nalus=1 n1:210
  cu: inter64=0 inter32=0 inter16=0 inter8=0 intra32=0 intra16=0 intra8=0 intra4=0 reftype=0
  snapshot f213: 3 venc_ko blocks (pool0 0x73801000 len 0x10000)
src frame 214: srcf=18 off=0 br=2000
frame 214: send=0x0 get=0x0 len=181 coding=1 startqp=0 meanqp=0 picbytes=0 pskip=0 nalus=1 n1:181
  cu: inter64=0 inter32=0 inter16=0 inter8=0 intra32=0 intra16=0 intra8=0 intra4=0 reftype=0
  snapshot f214: 3 venc_ko blocks (pool0 0x73801000 len 0x10000)
src frame 215: srcf=17 off=0 br=2000
frame 215: send=0x0 get=0x0 len=160 coding=1 startqp=0 meanqp=0 picbytes=0 pskip=0 nalus=1 n1:160
  cu: inter64=0 inter32=0 inter16=0 inter8=0 intra32=0 intra16=0 intra8=0 intra4=0 reftype=0
  snapshot f215: 3 venc_ko blocks (pool0 0x73801000 len 0x10000)
src frame 216: srcf=16 off=0 br=2000
frame 216: send=0x0 get=0x0 len=127 coding=1 startqp=0 meanqp=0 picbytes=0 pskip=0 nalus=1 n1:127
  cu: inter64=0 inter32=0 inter16=0 inter8=0 intra32=0 intra16=0 intra8=0 intra4=0 reftype=0
  snapshot f216: 3 venc_ko blocks (pool0 0x73801000 len 0x10000)
src frame 217: srcf=15 off=0 br=2000
frame 217: send=0x0 get=0x0 len=112 coding=1 startqp=0 meanqp=0 picbytes=0 pskip=0 nalus=1 n1:112
  cu: inter64=0 inter32=0 inter16=0 inter8=0 intra32=0 intra16=0 intra8=0 intra4=0 reftype=0
  snapshot f217: 3 venc_ko blocks (pool0 0x73801000 len 0x10000)
src frame 218: srcf=14 off=0 br=2000
frame 218: send=0x0 get=0x0 len=95 coding=1 startqp=0 meanqp=0 picbytes=0 pskip=0 nalus=1 n1:95
  cu: inter64=0 inter32=0 inter16=0 inter8=0 intra32=0 intra16=0 intra8=0 intra4=0 reftype=0
  snapshot f218: 3 venc_ko blocks (pool0 0x73801000 len 0x10000)
src frame 219: srcf=13 off=0 br=2000
frame 219: send=0x0 get=0x0 len=79 coding=1 startqp=0 meanqp=0 picbytes=0 pskip=0 nalus=1 n1:79
  cu: inter64=0 inter32=0 inter16=0 inter8=0 intra32=0 intra16=0 intra8=0 intra4=0 reftype=0
  snapshot f219: 3 venc_ko blocks (pool0 0x73801000 len 0x10000)
src frame 220: srcf=12 off=0 br=2000
frame 220: send=0x0 get=0x0 len=79 coding=1 startqp=0 meanqp=0 picbytes=0 pskip=0 nalus=1 n1:79
  cu: inter64=0 inter32=0 inter16=0 inter8=0 intra32=0 intra16=0 intra8=0 intra4=0 reftype=0
  snapshot f220: 3 venc_ko blocks (pool0 0x73801000 len 0x10000)
src frame 221: srcf=11 off=0 br=2000
frame 221: send=0x0 get=0x0 len=79 coding=1 startqp=0 meanqp=0 picbytes=0 pskip=0 nalus=1 n1:79
  cu: inter64=0 inter32=0 inter16=0 inter8=0 intra32=0 intra16=0 intra8=0 intra4=0 reftype=0
  snapshot f221: 3 venc_ko blocks (pool0 0x73801000 len 0x10000)
src frame 222: srcf=10 off=0 br=2000
frame 222: send=0x0 get=0x0 len=79 coding=1 startqp=0 meanqp=0 picbytes=0 pskip=0 nalus=1 n1:79
  cu: inter64=0 inter32=0 inter16=0 inter8=0 intra32=0 intra16=0 intra8=0 intra4=0 reftype=0
  snapshot f222: 3 venc_ko blocks (pool0 0x73801000 len 0x10000)
src frame 223: srcf=9 off=0 br=2000
frame 223: send=0x0 get=0x0 len=79 coding=1 startqp=0 meanqp=0 picbytes=0 pskip=0 nalus=1 n1:79
  cu: inter64=0 inter32=0 inter16=0 inter8=0 intra32=0 intra16=0 intra8=0 intra4=0 reftype=0
  snapshot f223: 3 venc_ko blocks (pool0 0x73801000 len 0x10000)
src frame 224: srcf=8 off=0 br=2000
frame 224: send=0x0 get=0x0 len=79 coding=1 startqp=0 meanqp=0 picbytes=0 pskip=0 nalus=1 n1:79
  cu: inter64=0 inter32=0 inter16=0 inter8=0 intra32=0 intra16=0 intra8=0 intra4=0 reftype=0
  snapshot f224: 3 venc_ko blocks (pool0 0x73801000 len 0x10000)
src frame 225: srcf=7 off=0 br=2000
frame 225: send=0x0 get=0x0 len=79 coding=1 startqp=0 meanqp=0 picbytes=0 pskip=0 nalus=1 n1:79
  cu: inter64=0 inter32=0 inter16=0 inter8=0 intra32=0 intra16=0 intra8=0 intra4=0 reftype=0
  snapshot f225: 3 venc_ko blocks (pool0 0x73801000 len 0x10000)
src frame 226: srcf=6 off=0 br=2000
frame 226: send=0x0 get=0x0 len=79 coding=1 startqp=0 meanqp=0 picbytes=0 pskip=0 nalus=1 n1:79
  cu: inter64=0 inter32=0 inter16=0 inter8=0 intra32=0 intra16=0 intra8=0 intra4=0 reftype=0
  snapshot f226: 3 venc_ko blocks (pool0 0x73801000 len 0x10000)
src frame 227: srcf=5 off=0 br=2000
frame 227: send=0x0 get=0x0 len=79 coding=1 startqp=0 meanqp=0 picbytes=0 pskip=0 nalus=1 n1:79
  cu: inter64=0 inter32=0 inter16=0 inter8=0 intra32=0 intra16=0 intra8=0 intra4=0 reftype=0
  snapshot f227: 3 venc_ko blocks (pool0 0x73801000 len 0x10000)
src frame 228: srcf=4 off=0 br=2000
frame 228: send=0x0 get=0x0 len=79 coding=1 startqp=0 meanqp=0 picbytes=0 pskip=0 nalus=1 n1:79
  cu: inter64=0 inter32=0 inter16=0 inter8=0 intra32=0 intra16=0 intra8=0 intra4=0 reftype=0
  snapshot f228: 3 venc_ko blocks (pool0 0x73801000 len 0x10000)
src frame 229: srcf=3 off=0 br=2000
frame 229: send=0x0 get=0x0 len=79 coding=1 startqp=0 meanqp=0 picbytes=0 pskip=0 nalus=1 n1:79
  cu: inter64=0 inter32=0 inter16=0 inter8=0 intra32=0 intra16=0 intra8=0 intra4=0 reftype=0
  snapshot f229: 3 venc_ko blocks (pool0 0x73801000 len 0x10000)
src frame 230: srcf=2 off=0 br=2000
frame 230: send=0x0 get=0x0 len=79 coding=1 startqp=0 meanqp=0 picbytes=0 pskip=0 nalus=1 n1:79
  cu: inter64=0 inter32=0 inter16=0 inter8=0 intra32=0 intra16=0 intra8=0 intra4=0 reftype=0
  snapshot f230: 3 venc_ko blocks (pool0 0x73801000 len 0x10000)
src frame 231: srcf=1 off=0 br=2000
frame 231: send=0x0 get=0x0 len=79 coding=1 startqp=0 meanqp=0 picbytes=0 pskip=0 nalus=1 n1:79
  cu: inter64=0 inter32=0 inter16=0 inter8=0 intra32=0 intra16=0 intra8=0 intra4=0 reftype=0
  snapshot f231: 3 venc_ko blocks (pool0 0x73801000 len 0x10000)
src frame 232: srcf=0 off=0 br=2000
frame 232: send=0x0 get=0x0 len=79 coding=1 startqp=0 meanqp=0 picbytes=0 pskip=0 nalus=1 n1:79
  cu: inter64=0 inter32=0 inter16=0 inter8=0 intra32=0 intra16=0 intra8=0 intra4=0 reftype=0
  snapshot f232: 3 venc_ko blocks (pool0 0x73801000 len 0x10000)
src frame 233: srcf=1 off=0 br=2000
frame 233: send=0x0 get=0x0 len=79 coding=1 startqp=0 meanqp=0 picbytes=0 pskip=0 nalus=1 n1:79
  cu: inter64=0 inter32=0 inter16=0 inter8=0 intra32=0 intra16=0 intra8=0 intra4=0 reftype=0
  snapshot f233: 3 venc_ko blocks (pool0 0x73801000 len 0x10000)
src frame 234: srcf=2 off=0 br=2000
frame 234: send=0x0 get=0x0 len=79 coding=1 startqp=0 meanqp=0 picbytes=0 pskip=0 nalus=1 n1:79
  cu: inter64=0 inter32=0 inter16=0 inter8=0 intra32=0 intra16=0 intra8=0 intra4=0 reftype=0
  snapshot f234: 3 venc_ko blocks (pool0 0x73801000 len 0x10000)
src frame 235: srcf=3 off=0 br=2000
frame 235: send=0x0 get=0x0 len=79 coding=1 startqp=0 meanqp=0 picbytes=0 pskip=0 nalus=1 n1:79
  cu: inter64=0 inter32=0 inter16=0 inter8=0 intra32=0 intra16=0 intra8=0 intra4=0 reftype=0
  snapshot f235: 3 venc_ko blocks (pool0 0x73801000 len 0x10000)
src frame 236: srcf=4 off=0 br=2000
frame 236: send=0x0 get=0x0 len=79 coding=1 startqp=0 meanqp=0 picbytes=0 pskip=0 nalus=1 n1:79
  cu: inter64=0 inter32=0 inter16=0 inter8=0 intra32=0 intra16=0 intra8=0 intra4=0 reftype=0
  snapshot f236: 3 venc_ko blocks (pool0 0x73801000 len 0x10000)
src frame 237: srcf=5 off=0 br=2000
frame 237: send=0x0 get=0x0 len=79 coding=1 startqp=0 meanqp=0 picbytes=0 pskip=0 nalus=1 n1:79
  cu: inter64=0 inter32=0 inter16=0 inter8=0 intra32=0 intra16=0 intra8=0 intra4=0 reftype=0
  snapshot f237: 3 venc_ko blocks (pool0 0x73801000 len 0x10000)
src frame 238: srcf=6 off=0 br=2000
frame 238: send=0x0 get=0x0 len=79 coding=1 startqp=0 meanqp=0 picbytes=0 pskip=0 nalus=1 n1:79
  cu: inter64=0 inter32=0 inter16=0 inter8=0 intra32=0 intra16=0 intra8=0 intra4=0 reftype=0
  snapshot f238: 3 venc_ko blocks (pool0 0x73801000 len 0x10000)
src frame 239: srcf=7 off=0 br=2000
frame 239: send=0x0 get=0x0 len=79 coding=1 startqp=0 meanqp=0 picbytes=0 pskip=0 nalus=1 n1:79
  cu: inter64=0 inter32=0 inter16=0 inter8=0 intra32=0 intra16=0 intra8=0 intra4=0 reftype=0
  snapshot f239: 3 venc_ko blocks (pool0 0x73801000 len 0x10000)
---- /proc/ax_proc/venc ----
-------- VENC VERSION ------------------------
[Axera version]: ax_venc V3.0.0_20250319114413 Mar 19 2025 11:58:34 JK

-------- MODULE PARAM ------------------------
MaxChnNum   MaxRoiNum   MaxProcNum  
16          8           16          

-------- VENC CHN ATTR 1 ------------------------
ID    Type    wSrc    hSrc    Strd0   Strd1   maxW    maxH    PixFmt  link  InFifoDep    OutFifoDep   InDbgFifoLen InDbgFifoDep StrmBufSize(KB)
7     h265    1920    1080    3840    0       1920    1080    YUYV422 N     2            2            0            4            4114      
-------- VENC CHN ATTR 2 ------------------------
ID    [CropEn StartX  StartY  CropW   CropH]  Rotation  EncW    EncH    FrmSize      PTS          SeqNum       CompMode     CompLevel    PhyAddr0     PhyAddr1     PhyAddr2     
7     N       0       0       0       0       0         1920    1080    4147200      3266666      197          NONE         0            742cb000     0            0            
-------- VENC RC ATTR 1 ------------------------
ID    RcMode    SrcFr   DstFr   Br(kbps)  MinQp   MaxQp   MinIQp  MaxIQp  IQpDelta  IpropMax   IpropMin   StartQp    QpDltRng   DeBrQpDlt  SvcEn   ChgPos  StillPercent MaxStillQp 
7     CBR       60.00   60.00   2000      10      51      10      51      0         40         10         -1         2          0          False   -       -            -          
-------- VENC RC ATTR 2  -----------------------
ID    QMapQpType  QMapUnit    QMapBlkType IQp   PQp   MinQpDelta MaxQpDelta MaxBitRate shtStaTime ltStaTime  ltMinBr  ltMaxBr  Br_ST(kbps)    Br_LT(kbps)    
7     N/A         64x64       N/A         -     -     -          -          -          -          -          -        -        -              -              
-------- VENC GOP ATTR  ------------------------
ID    GopMode   Gop   GopVI 
7     NormalP   30    0     
-------- VENC STATUS 1 -------------------------
ID    RJEn         RJThr(bps)   RJMode       RJEncGaps    SupFrmEn     SupPri       SupThrI      SupThrP      SplitEn      SliceNum     Range(In)    Range(out)   
7     N            0            Normal       0            N            0            500000       500000       N            0            Full         Full         
-------- VENC STATUS 2 -------------------------
ID    ChnStat   FrmRecv   FrmRls    FrmEnc    FrmDrop   FrmDup    EncFail   MissMatch StrmGet   StrmRls   OutFps    RealBr    ReEncCnt  DropCnt   BlkFail   GrpID     PID     TID     ThNum   RefInc    RefDec    Fail1   Fail2   Fail3   Fail4   
7     STARTED   198       197       197       0         0         0         0         197       197       49.51     406.40    0         0         0         -1        130368  130372  1       198       197       0       0       0       0       
-------- VENC HW STATUS  ------------------------
ID    OverFlow     TimeOut      
7     0            0            
-------- VENC ROI INFO  ------------------------
ID    Index        bEnable      bAbsQp       RoiQP        Width        Height       StartX       StartY       
done h265_static2000
rc=0
== h265_static2000: codec=h265 rc=cbr br=2000 fps=60 gop=30 frames=240 total=206762 B achieved=414 kbps
I frames (frame:qp/bytes): 0:35/23659 30:36/22057 60:36/22057 90:36/22057 120:36/22057 150:36/22057 180:36/22057 210:36/22057
first P after each I (frame:qp): 1:38 31:37 61:37 91:37 121:37 151:37 181:37 211:37
per-GOP: gop#: kbps I_qp P_qp[min..max] P_qp_last
  0: 419 kbps I=[35] P=[38..51] last=51 n=30
  1: 413 kbps I=[36] P=[37..46] last=46 n=30
  2: 413 kbps I=[36] P=[37..46] last=46 n=30
  3: 413 kbps I=[36] P=[37..46] last=46 n=30
  4: 413 kbps I=[36] P=[37..46] last=46 n=30
  5: 413 kbps I=[36] P=[37..46] last=46 n=30
  6: 413 kbps I=[36] P=[37..46] last=46 n=30
  7: 413 kbps I=[36] P=[37..46] last=46 n=30
P->P QP step histogram: +0:156 +1:60 +2:8
I->firstP QP delta: +3 +1 +1 +1 +1 +1 +1 +1
sw7 frame-QP == slice QP: 240/240 frames with a program agree; mismatches at []
slot flags: {'': 240}
sw105-107 distinct (I): [('0x0', '0x0', '0x0')]
sw172/173 distinct: [('0x14f', '0x662'), ('0x14f', '0x66a')]
sw6 distinct (I / P): ['0x20000b'] ['0x200003']
=== h265_static8000: codec=h265 rc=cbr br=8000 nframes=240 src=/root/rc65/clips/static.yuyv motion=none
# vdrive tag=h265_static8000 codec=h265 1920x1080 rc=cbr br=8000 fps=60/60 gop=30 gopmode=normalp ltrint=0 ltrqpo=0 iqp=32 pqp=32 profile=0 level=153 tier=0 qp[10..51] iqp[10..51] iqd=0 firstqp=-1 iprop[10..40] idrrange=2 stattime=1 vq=0 ir=0/0 slice=0 debreath=0 scd=-1 rowqpd=-1 vui=-1 move=0 nframes=240
src=/root/rc65/clips/static.yuyv frames=30 loop=pingpong motion=none mstep=4 window=0..-1
AX_SYS_Init rc=0x0
AX_VENC_Init rc=0x0
AX_VENC_CreateChn(7) rc=0x0
StartRecvFrame rc=0x0
AX_POOL_CreatePool id=0x0
blk=0x5e000000 phys=0x742cb000 virt=0xffff85975000
frame: modid=0x11 stride=1920 fmt=0xd
  snapshot pre: 3 venc_ko blocks (pool0 0x73801000 len 0x10000)
src frame 0: srcf=0 off=0 br=8000
frame 0: send=0x0 get=0x0 len=28832 coding=0 startqp=0 meanqp=0 picbytes=0 pskip=0 nalus=4 n32:27 n33:53 n34:12 n19:28740
  cu: inter64=0 inter32=0 inter16=0 inter8=0 intra32=0 intra16=0 intra8=0 intra4=0 reftype=0
  snapshot f000: 3 venc_ko blocks (pool0 0x73801000 len 0x10000)
src frame 1: srcf=1 off=0 br=8000
frame 1: send=0x0 get=0x0 len=4963 coding=1 startqp=0 meanqp=0 picbytes=0 pskip=0 nalus=1 n1:4963
  cu: inter64=0 inter32=0 inter16=0 inter8=0 intra32=0 intra16=0 intra8=0 intra4=0 reftype=0
  snapshot f001: 3 venc_ko blocks (pool0 0x73801000 len 0x10000)
src frame 2: srcf=2 off=0 br=8000
frame 2: send=0x0 get=0x0 len=5203 coding=1 startqp=0 meanqp=0 picbytes=0 pskip=0 nalus=1 n1:5203
  cu: inter64=0 inter32=0 inter16=0 inter8=0 intra32=0 intra16=0 intra8=0 intra4=0 reftype=0
  snapshot f002: 3 venc_ko blocks (pool0 0x73801000 len 0x10000)
src frame 3: srcf=3 off=0 br=8000
frame 3: send=0x0 get=0x0 len=2713 coding=1 startqp=0 meanqp=0 picbytes=0 pskip=0 nalus=1 n1:2713
  cu: inter64=0 inter32=0 inter16=0 inter8=0 intra32=0 intra16=0 intra8=0 intra4=0 reftype=0
  snapshot f003: 3 venc_ko blocks (pool0 0x73801000 len 0x10000)
src frame 4: srcf=4 off=0 br=8000
frame 4: send=0x0 get=0x0 len=3455 coding=1 startqp=0 meanqp=0 picbytes=0 pskip=0 nalus=1 n1:3455
  cu: inter64=0 inter32=0 inter16=0 inter8=0 intra32=0 intra16=0 intra8=0 intra4=0 reftype=0
  snapshot f004: 3 venc_ko blocks (pool0 0x73801000 len 0x10000)
src frame 5: srcf=5 off=0 br=8000
frame 5: send=0x0 get=0x0 len=3664 coding=1 startqp=0 meanqp=0 picbytes=0 pskip=0 nalus=1 n1:3664
  cu: inter64=0 inter32=0 inter16=0 inter8=0 intra32=0 intra16=0 intra8=0 intra4=0 reftype=0
  snapshot f005: 3 venc_ko blocks (pool0 0x73801000 len 0x10000)
src frame 6: srcf=6 off=0 br=8000
frame 6: send=0x0 get=0x0 len=3699 coding=1 startqp=0 meanqp=0 picbytes=0 pskip=0 nalus=1 n1:3699
  cu: inter64=0 inter32=0 inter16=0 inter8=0 intra32=0 intra16=0 intra8=0 intra4=0 reftype=0
  snapshot f006: 3 venc_ko blocks (pool0 0x73801000 len 0x10000)
src frame 7: srcf=7 off=0 br=8000
frame 7: send=0x0 get=0x0 len=4193 coding=1 startqp=0 meanqp=0 picbytes=0 pskip=0 nalus=1 n1:4193
  cu: inter64=0 inter32=0 inter16=0 inter8=0 intra32=0 intra16=0 intra8=0 intra4=0 reftype=0
  snapshot f007: 3 venc_ko blocks (pool0 0x73801000 len 0x10000)
src frame 8: srcf=8 off=0 br=8000
frame 8: send=0x0 get=0x0 len=4053 coding=1 startqp=0 meanqp=0 picbytes=0 pskip=0 nalus=1 n1:4053
  cu: inter64=0 inter32=0 inter16=0 inter8=0 intra32=0 intra16=0 intra8=0 intra4=0 reftype=0
  snapshot f008: 3 venc_ko blocks (pool0 0x73801000 len 0x10000)
src frame 9: srcf=9 off=0 br=8000
frame 9: send=0x0 get=0x0 len=4627 coding=1 startqp=0 meanqp=0 picbytes=0 pskip=0 nalus=1 n1:4627
  cu: inter64=0 inter32=0 inter16=0 inter8=0 intra32=0 intra16=0 intra8=0 intra4=0 reftype=0
  snapshot f009: 3 venc_ko blocks (pool0 0x73801000 len 0x10000)
src frame 10: srcf=10 off=0 br=8000
frame 10: send=0x0 get=0x0 len=4808 coding=1 startqp=0 meanqp=0 picbytes=0 pskip=0 nalus=1 n1:4808
  cu: inter64=0 inter32=0 inter16=0 inter8=0 intra32=0 intra16=0 intra8=0 intra4=0 reftype=0
  snapshot f010: 3 venc_ko blocks (pool0 0x73801000 len 0x10000)
src frame 11: srcf=11 off=0 br=8000
frame 11: send=0x0 get=0x0 len=5151 coding=1 startqp=0 meanqp=0 picbytes=0 pskip=0 nalus=1 n1:5151
  cu: inter64=0 inter32=0 inter16=0 inter8=0 intra32=0 intra16=0 intra8=0 intra4=0 reftype=0
  snapshot f011: 3 venc_ko blocks (pool0 0x73801000 len 0x10000)
src frame 12: srcf=12 off=0 br=8000
frame 12: send=0x0 get=0x0 len=5160 coding=1 startqp=0 meanqp=0 picbytes=0 pskip=0 nalus=1 n1:5160
  cu: inter64=0 inter32=0 inter16=0 inter8=0 intra32=0 intra16=0 intra8=0 intra4=0 reftype=0
  snapshot f012: 3 venc_ko blocks (pool0 0x73801000 len 0x10000)
src frame 13: srcf=13 off=0 br=8000
frame 13: send=0x0 get=0x0 len=5096 coding=1 startqp=0 meanqp=0 picbytes=0 pskip=0 nalus=1 n1:5096
  cu: inter64=0 inter32=0 inter16=0 inter8=0 intra32=0 intra16=0 intra8=0 intra4=0 reftype=0
  snapshot f013: 3 venc_ko blocks (pool0 0x73801000 len 0x10000)
src frame 14: srcf=14 off=0 br=8000
frame 14: send=0x0 get=0x0 len=6199 coding=1 startqp=0 meanqp=0 picbytes=0 pskip=0 nalus=1 n1:6199
  cu: inter64=0 inter32=0 inter16=0 inter8=0 intra32=0 intra16=0 intra8=0 intra4=0 reftype=0
  snapshot f014: 3 venc_ko blocks (pool0 0x73801000 len 0x10000)
src frame 15: srcf=15 off=0 br=8000
frame 15: send=0x0 get=0x0 len=1684 coding=1 startqp=0 meanqp=0 picbytes=0 pskip=0 nalus=1 n1:1684
  cu: inter64=0 inter32=0 inter16=0 inter8=0 intra32=0 intra16=0 intra8=0 intra4=0 reftype=0
  snapshot f015: 3 venc_ko blocks (pool0 0x73801000 len 0x10000)
src frame 16: srcf=16 off=0 br=8000
frame 16: send=0x0 get=0x0 len=1251 coding=1 startqp=0 meanqp=0 picbytes=0 pskip=0 nalus=1 n1:1251
  cu: inter64=0 inter32=0 inter16=0 inter8=0 intra32=0 intra16=0 intra8=0 intra4=0 reftype=0
  snapshot f016: 3 venc_ko blocks (pool0 0x73801000 len 0x10000)
src frame 17: srcf=17 off=0 br=8000
frame 17: send=0x0 get=0x0 len=1140 coding=1 startqp=0 meanqp=0 picbytes=0 pskip=0 nalus=1 n1:1140
  cu: inter64=0 inter32=0 inter16=0 inter8=0 intra32=0 intra16=0 intra8=0 intra4=0 reftype=0
  snapshot f017: 3 venc_ko blocks (pool0 0x73801000 len 0x10000)
src frame 18: srcf=18 off=0 br=8000
frame 18: send=0x0 get=0x0 len=978 coding=1 startqp=0 meanqp=0 picbytes=0 pskip=0 nalus=1 n1:978
  cu: inter64=0 inter32=0 inter16=0 inter8=0 intra32=0 intra16=0 intra8=0 intra4=0 reftype=0
  snapshot f018: 3 venc_ko blocks (pool0 0x73801000 len 0x10000)
src frame 19: srcf=19 off=0 br=8000
frame 19: send=0x0 get=0x0 len=903 coding=1 startqp=0 meanqp=0 picbytes=0 pskip=0 nalus=1 n1:903
  cu: inter64=0 inter32=0 inter16=0 inter8=0 intra32=0 intra16=0 intra8=0 intra4=0 reftype=0
  snapshot f019: 3 venc_ko blocks (pool0 0x73801000 len 0x10000)
src frame 20: srcf=20 off=0 br=8000
frame 20: send=0x0 get=0x0 len=855 coding=1 startqp=0 meanqp=0 picbytes=0 pskip=0 nalus=1 n1:855
  cu: inter64=0 inter32=0 inter16=0 inter8=0 intra32=0 intra16=0 intra8=0 intra4=0 reftype=0
  snapshot f020: 3 venc_ko blocks (pool0 0x73801000 len 0x10000)
src frame 21: srcf=21 off=0 br=8000
frame 21: send=0x0 get=0x0 len=786 coding=1 startqp=0 meanqp=0 picbytes=0 pskip=0 nalus=1 n1:786
  cu: inter64=0 inter32=0 inter16=0 inter8=0 intra32=0 intra16=0 intra8=0 intra4=0 reftype=0
  snapshot f021: 3 venc_ko blocks (pool0 0x73801000 len 0x10000)
src frame 22: srcf=22 off=0 br=8000
frame 22: send=0x0 get=0x0 len=777 coding=1 startqp=0 meanqp=0 picbytes=0 pskip=0 nalus=1 n1:777
  cu: inter64=0 inter32=0 inter16=0 inter8=0 intra32=0 intra16=0 intra8=0 intra4=0 reftype=0
  snapshot f022: 3 venc_ko blocks (pool0 0x73801000 len 0x10000)
src frame 23: srcf=23 off=0 br=8000
frame 23: send=0x0 get=0x0 len=784 coding=1 startqp=0 meanqp=0 picbytes=0 pskip=0 nalus=1 n1:784
  cu: inter64=0 inter32=0 inter16=0 inter8=0 intra32=0 intra16=0 intra8=0 intra4=0 reftype=0
  snapshot f023: 3 venc_ko blocks (pool0 0x73801000 len 0x10000)
src frame 24: srcf=24 off=0 br=8000
frame 24: send=0x0 get=0x0 len=778 coding=1 startqp=0 meanqp=0 picbytes=0 pskip=0 nalus=1 n1:778
  cu: inter64=0 inter32=0 inter16=0 inter8=0 intra32=0 intra16=0 intra8=0 intra4=0 reftype=0
  snapshot f024: 3 venc_ko blocks (pool0 0x73801000 len 0x10000)
src frame 25: srcf=25 off=0 br=8000
frame 25: send=0x0 get=0x0 len=775 coding=1 startqp=0 meanqp=0 picbytes=0 pskip=0 nalus=1 n1:775
  cu: inter64=0 inter32=0 inter16=0 inter8=0 intra32=0 intra16=0 intra8=0 intra4=0 reftype=0
  snapshot f025: 3 venc_ko blocks (pool0 0x73801000 len 0x10000)
src frame 26: srcf=26 off=0 br=8000
frame 26: send=0x0 get=0x0 len=774 coding=1 startqp=0 meanqp=0 picbytes=0 pskip=0 nalus=1 n1:774
  cu: inter64=0 inter32=0 inter16=0 inter8=0 intra32=0 intra16=0 intra8=0 intra4=0 reftype=0
  snapshot f026: 3 venc_ko blocks (pool0 0x73801000 len 0x10000)
src frame 27: srcf=27 off=0 br=8000
frame 27: send=0x0 get=0x0 len=776 coding=1 startqp=0 meanqp=0 picbytes=0 pskip=0 nalus=1 n1:776
  cu: inter64=0 inter32=0 inter16=0 inter8=0 intra32=0 intra16=0 intra8=0 intra4=0 reftype=0
  snapshot f027: 3 venc_ko blocks (pool0 0x73801000 len 0x10000)
src frame 28: srcf=28 off=0 br=8000
frame 28: send=0x0 get=0x0 len=759 coding=1 startqp=0 meanqp=0 picbytes=0 pskip=0 nalus=1 n1:759
  cu: inter64=0 inter32=0 inter16=0 inter8=0 intra32=0 intra16=0 intra8=0 intra4=0 reftype=0
  snapshot f028: 3 venc_ko blocks (pool0 0x73801000 len 0x10000)
src frame 29: srcf=29 off=0 br=8000
frame 29: send=0x0 get=0x0 len=773 coding=1 startqp=0 meanqp=0 picbytes=0 pskip=0 nalus=1 n1:773
  cu: inter64=0 inter32=0 inter16=0 inter8=0 intra32=0 intra16=0 intra8=0 intra4=0 reftype=0
  snapshot f029: 3 venc_ko blocks (pool0 0x73801000 len 0x10000)
src frame 30: srcf=28 off=0 br=8000
frame 30: send=0x0 get=0x0 len=32398 coding=0 startqp=0 meanqp=0 picbytes=0 pskip=0 nalus=4 n32:27 n33:53 n34:12 n19:32306
  cu: inter64=0 inter32=0 inter16=0 inter8=0 intra32=0 intra16=0 intra8=0 intra4=0 reftype=0
  snapshot f030: 3 venc_ko blocks (pool0 0x73801000 len 0x10000)
src frame 31: srcf=27 off=0 br=8000
frame 31: send=0x0 get=0x0 len=5066 coding=1 startqp=0 meanqp=0 picbytes=0 pskip=0 nalus=1 n1:5066
  cu: inter64=0 inter32=0 inter16=0 inter8=0 intra32=0 intra16=0 intra8=0 intra4=0 reftype=0
  snapshot f031: 3 venc_ko blocks (pool0 0x73801000 len 0x10000)
src frame 32: srcf=26 off=0 br=8000
frame 32: send=0x0 get=0x0 len=2460 coding=1 startqp=0 meanqp=0 picbytes=0 pskip=0 nalus=1 n1:2460
  cu: inter64=0 inter32=0 inter16=0 inter8=0 intra32=0 intra16=0 intra8=0 intra4=0 reftype=0
  snapshot f032: 3 venc_ko blocks (pool0 0x73801000 len 0x10000)
src frame 33: srcf=25 off=0 br=8000
frame 33: send=0x0 get=0x0 len=3011 coding=1 startqp=0 meanqp=0 picbytes=0 pskip=0 nalus=1 n1:3011
  cu: inter64=0 inter32=0 inter16=0 inter8=0 intra32=0 intra16=0 intra8=0 intra4=0 reftype=0
  snapshot f033: 3 venc_ko blocks (pool0 0x73801000 len 0x10000)
src frame 34: srcf=24 off=0 br=8000
frame 34: send=0x0 get=0x0 len=3197 coding=1 startqp=0 meanqp=0 picbytes=0 pskip=0 nalus=1 n1:3197
  cu: inter64=0 inter32=0 inter16=0 inter8=0 intra32=0 intra16=0 intra8=0 intra4=0 reftype=0
  snapshot f034: 3 venc_ko blocks (pool0 0x73801000 len 0x10000)
src frame 35: srcf=23 off=0 br=8000
frame 35: send=0x0 get=0x0 len=3428 coding=1 startqp=0 meanqp=0 picbytes=0 pskip=0 nalus=1 n1:3428
  cu: inter64=0 inter32=0 inter16=0 inter8=0 intra32=0 intra16=0 intra8=0 intra4=0 reftype=0
  snapshot f035: 3 venc_ko blocks (pool0 0x73801000 len 0x10000)
src frame 36: srcf=22 off=0 br=8000
frame 36: send=0x0 get=0x0 len=3465 coding=1 startqp=0 meanqp=0 picbytes=0 pskip=0 nalus=1 n1:3465
  cu: inter64=0 inter32=0 inter16=0 inter8=0 intra32=0 intra16=0 intra8=0 intra4=0 reftype=0
  snapshot f036: 3 venc_ko blocks (pool0 0x73801000 len 0x10000)
src frame 37: srcf=21 off=0 br=8000
frame 37: send=0x0 get=0x0 len=4231 coding=1 startqp=0 meanqp=0 picbytes=0 pskip=0 nalus=1 n1:4231
  cu: inter64=0 inter32=0 inter16=0 inter8=0 intra32=0 intra16=0 intra8=0 intra4=0 reftype=0
  snapshot f037: 3 venc_ko blocks (pool0 0x73801000 len 0x10000)
src frame 38: srcf=20 off=0 br=8000
frame 38: send=0x0 get=0x0 len=3953 coding=1 startqp=0 meanqp=0 picbytes=0 pskip=0 nalus=1 n1:3953
  cu: inter64=0 inter32=0 inter16=0 inter8=0 intra32=0 intra16=0 intra8=0 intra4=0 reftype=0
  snapshot f038: 3 venc_ko blocks (pool0 0x73801000 len 0x10000)
src frame 39: srcf=19 off=0 br=8000
frame 39: send=0x0 get=0x0 len=4738 coding=1 startqp=0 meanqp=0 picbytes=0 pskip=0 nalus=1 n1:4738
  cu: inter64=0 inter32=0 inter16=0 inter8=0 intra32=0 intra16=0 intra8=0 intra4=0 reftype=0
  snapshot f039: 3 venc_ko blocks (pool0 0x73801000 len 0x10000)
src frame 40: srcf=18 off=0 br=8000
frame 40: send=0x0 get=0x0 len=5121 coding=1 startqp=0 meanqp=0 picbytes=0 pskip=0 nalus=1 n1:5121
  cu: inter64=0 inter32=0 inter16=0 inter8=0 intra32=0 intra16=0 intra8=0 intra4=0 reftype=0
  snapshot f040: 3 venc_ko blocks (pool0 0x73801000 len 0x10000)
src frame 41: srcf=17 off=0 br=8000
frame 41: send=0x0 get=0x0 len=4883 coding=1 startqp=0 meanqp=0 picbytes=0 pskip=0 nalus=1 n1:4883
  cu: inter64=0 inter32=0 inter16=0 inter8=0 intra32=0 intra16=0 intra8=0 intra4=0 reftype=0
  snapshot f041: 3 venc_ko blocks (pool0 0x73801000 len 0x10000)
src frame 42: srcf=16 off=0 br=8000
frame 42: send=0x0 get=0x0 len=5832 coding=1 startqp=0 meanqp=0 picbytes=0 pskip=0 nalus=1 n1:5832
  cu: inter64=0 inter32=0 inter16=0 inter8=0 intra32=0 intra16=0 intra8=0 intra4=0 reftype=0
  snapshot f042: 3 venc_ko blocks (pool0 0x73801000 len 0x10000)
src frame 43: srcf=15 off=0 br=8000
frame 43: send=0x0 get=0x0 len=6069 coding=1 startqp=0 meanqp=0 picbytes=0 pskip=0 nalus=1 n1:6069
  cu: inter64=0 inter32=0 inter16=0 inter8=0 intra32=0 intra16=0 intra8=0 intra4=0 reftype=0
  snapshot f043: 3 venc_ko blocks (pool0 0x73801000 len 0x10000)
src frame 44: srcf=14 off=0 br=8000
frame 44: send=0x0 get=0x0 len=6275 coding=1 startqp=0 meanqp=0 picbytes=0 pskip=0 nalus=1 n1:6275
  cu: inter64=0 inter32=0 inter16=0 inter8=0 intra32=0 intra16=0 intra8=0 intra4=0 reftype=0
  snapshot f044: 3 venc_ko blocks (pool0 0x73801000 len 0x10000)
src frame 45: srcf=13 off=0 br=8000
frame 45: send=0x0 get=0x0 len=3730 coding=1 startqp=0 meanqp=0 picbytes=0 pskip=0 nalus=1 n1:3730
  cu: inter64=0 inter32=0 inter16=0 inter8=0 intra32=0 intra16=0 intra8=0 intra4=0 reftype=0
  snapshot f045: 3 venc_ko blocks (pool0 0x73801000 len 0x10000)
src frame 46: srcf=12 off=0 br=8000
frame 46: send=0x0 get=0x0 len=1624 coding=1 startqp=0 meanqp=0 picbytes=0 pskip=0 nalus=1 n1:1624
  cu: inter64=0 inter32=0 inter16=0 inter8=0 intra32=0 intra16=0 intra8=0 intra4=0 reftype=0
  snapshot f046: 3 venc_ko blocks (pool0 0x73801000 len 0x10000)
src frame 47: srcf=11 off=0 br=8000
frame 47: send=0x0 get=0x0 len=1346 coding=1 startqp=0 meanqp=0 picbytes=0 pskip=0 nalus=1 n1:1346
  cu: inter64=0 inter32=0 inter16=0 inter8=0 intra32=0 intra16=0 intra8=0 intra4=0 reftype=0
  snapshot f047: 3 venc_ko blocks (pool0 0x73801000 len 0x10000)
src frame 48: srcf=10 off=0 br=8000
frame 48: send=0x0 get=0x0 len=1139 coding=1 startqp=0 meanqp=0 picbytes=0 pskip=0 nalus=1 n1:1139
  cu: inter64=0 inter32=0 inter16=0 inter8=0 intra32=0 intra16=0 intra8=0 intra4=0 reftype=0
  snapshot f048: 3 venc_ko blocks (pool0 0x73801000 len 0x10000)
src frame 49: srcf=9 off=0 br=8000
frame 49: send=0x0 get=0x0 len=1074 coding=1 startqp=0 meanqp=0 picbytes=0 pskip=0 nalus=1 n1:1074
  cu: inter64=0 inter32=0 inter16=0 inter8=0 intra32=0 intra16=0 intra8=0 intra4=0 reftype=0
  snapshot f049: 3 venc_ko blocks (pool0 0x73801000 len 0x10000)
src frame 50: srcf=8 off=0 br=8000
frame 50: send=0x0 get=0x0 len=1020 coding=1 startqp=0 meanqp=0 picbytes=0 pskip=0 nalus=1 n1:1020
  cu: inter64=0 inter32=0 inter16=0 inter8=0 intra32=0 intra16=0 intra8=0 intra4=0 reftype=0
  snapshot f050: 3 venc_ko blocks (pool0 0x73801000 len 0x10000)
src frame 51: srcf=7 off=0 br=8000
frame 51: send=0x0 get=0x0 len=970 coding=1 startqp=0 meanqp=0 picbytes=0 pskip=0 nalus=1 n1:970
  cu: inter64=0 inter32=0 inter16=0 inter8=0 intra32=0 intra16=0 intra8=0 intra4=0 reftype=0
  snapshot f051: 3 venc_ko blocks (pool0 0x73801000 len 0x10000)
src frame 52: srcf=6 off=0 br=8000
frame 52: send=0x0 get=0x0 len=950 coding=1 startqp=0 meanqp=0 picbytes=0 pskip=0 nalus=1 n1:950
  cu: inter64=0 inter32=0 inter16=0 inter8=0 intra32=0 intra16=0 intra8=0 intra4=0 reftype=0
  snapshot f052: 3 venc_ko blocks (pool0 0x73801000 len 0x10000)
src frame 53: srcf=5 off=0 br=8000
frame 53: send=0x0 get=0x0 len=966 coding=1 startqp=0 meanqp=0 picbytes=0 pskip=0 nalus=1 n1:966
  cu: inter64=0 inter32=0 inter16=0 inter8=0 intra32=0 intra16=0 intra8=0 intra4=0 reftype=0
  snapshot f053: 3 venc_ko blocks (pool0 0x73801000 len 0x10000)
src frame 54: srcf=4 off=0 br=8000
frame 54: send=0x0 get=0x0 len=983 coding=1 startqp=0 meanqp=0 picbytes=0 pskip=0 nalus=1 n1:983
  cu: inter64=0 inter32=0 inter16=0 inter8=0 intra32=0 intra16=0 intra8=0 intra4=0 reftype=0
  snapshot f054: 3 venc_ko blocks (pool0 0x73801000 len 0x10000)
src frame 55: srcf=3 off=0 br=8000
frame 55: send=0x0 get=0x0 len=954 coding=1 startqp=0 meanqp=0 picbytes=0 pskip=0 nalus=1 n1:954
  cu: inter64=0 inter32=0 inter16=0 inter8=0 intra32=0 intra16=0 intra8=0 intra4=0 reftype=0
  snapshot f055: 3 venc_ko blocks (pool0 0x73801000 len 0x10000)
src frame 56: srcf=2 off=0 br=8000
frame 56: send=0x0 get=0x0 len=955 coding=1 startqp=0 meanqp=0 picbytes=0 pskip=0 nalus=1 n1:955
  cu: inter64=0 inter32=0 inter16=0 inter8=0 intra32=0 intra16=0 intra8=0 intra4=0 reftype=0
  snapshot f056: 3 venc_ko blocks (pool0 0x73801000 len 0x10000)
src frame 57: srcf=1 off=0 br=8000
frame 57: send=0x0 get=0x0 len=945 coding=1 startqp=0 meanqp=0 picbytes=0 pskip=0 nalus=1 n1:945
  cu: inter64=0 inter32=0 inter16=0 inter8=0 intra32=0 intra16=0 intra8=0 intra4=0 reftype=0
  snapshot f057: 3 venc_ko blocks (pool0 0x73801000 len 0x10000)
src frame 58: srcf=0 off=0 br=8000
frame 58: send=0x0 get=0x0 len=952 coding=1 startqp=0 meanqp=0 picbytes=0 pskip=0 nalus=1 n1:952
  cu: inter64=0 inter32=0 inter16=0 inter8=0 intra32=0 intra16=0 intra8=0 intra4=0 reftype=0
  snapshot f058: 3 venc_ko blocks (pool0 0x73801000 len 0x10000)
src frame 59: srcf=1 off=0 br=8000
frame 59: send=0x0 get=0x0 len=966 coding=1 startqp=0 meanqp=0 picbytes=0 pskip=0 nalus=1 n1:966
  cu: inter64=0 inter32=0 inter16=0 inter8=0 intra32=0 intra16=0 intra8=0 intra4=0 reftype=0
  snapshot f059: 3 venc_ko blocks (pool0 0x73801000 len 0x10000)
src frame 60: srcf=2 off=0 br=8000
frame 60: send=0x0 get=0x0 len=36212 coding=0 startqp=0 meanqp=0 picbytes=0 pskip=0 nalus=4 n32:27 n33:53 n34:12 n19:36120
  cu: inter64=0 inter32=0 inter16=0 inter8=0 intra32=0 intra16=0 intra8=0 intra4=0 reftype=0
  snapshot f060: 3 venc_ko blocks (pool0 0x73801000 len 0x10000)
src frame 61: srcf=3 off=0 br=8000
frame 61: send=0x0 get=0x0 len=4978 coding=1 startqp=0 meanqp=0 picbytes=0 pskip=0 nalus=1 n1:4978
  cu: inter64=0 inter32=0 inter16=0 inter8=0 intra32=0 intra16=0 intra8=0 intra4=0 reftype=0
  snapshot f061: 3 venc_ko blocks (pool0 0x73801000 len 0x10000)
src frame 62: srcf=4 off=0 br=8000
frame 62: send=0x0 get=0x0 len=2613 coding=1 startqp=0 meanqp=0 picbytes=0 pskip=0 nalus=1 n1:2613
  cu: inter64=0 inter32=0 inter16=0 inter8=0 intra32=0 intra16=0 intra8=0 intra4=0 reftype=0
  snapshot f062: 3 venc_ko blocks (pool0 0x73801000 len 0x10000)
src frame 63: srcf=5 off=0 br=8000
frame 63: send=0x0 get=0x0 len=2795 coding=1 startqp=0 meanqp=0 picbytes=0 pskip=0 nalus=1 n1:2795
  cu: inter64=0 inter32=0 inter16=0 inter8=0 intra32=0 intra16=0 intra8=0 intra4=0 reftype=0
  snapshot f063: 3 venc_ko blocks (pool0 0x73801000 len 0x10000)
src frame 64: srcf=6 off=0 br=8000
frame 64: send=0x0 get=0x0 len=3283 coding=1 startqp=0 meanqp=0 picbytes=0 pskip=0 nalus=1 n1:3283
  cu: inter64=0 inter32=0 inter16=0 inter8=0 intra32=0 intra16=0 intra8=0 intra4=0 reftype=0
  snapshot f064: 3 venc_ko blocks (pool0 0x73801000 len 0x10000)
src frame 65: srcf=7 off=0 br=8000
frame 65: send=0x0 get=0x0 len=3391 coding=1 startqp=0 meanqp=0 picbytes=0 pskip=0 nalus=1 n1:3391
  cu: inter64=0 inter32=0 inter16=0 inter8=0 intra32=0 intra16=0 intra8=0 intra4=0 reftype=0
  snapshot f065: 3 venc_ko blocks (pool0 0x73801000 len 0x10000)
src frame 66: srcf=8 off=0 br=8000
frame 66: send=0x0 get=0x0 len=3900 coding=1 startqp=0 meanqp=0 picbytes=0 pskip=0 nalus=1 n1:3900
  cu: inter64=0 inter32=0 inter16=0 inter8=0 intra32=0 intra16=0 intra8=0 intra4=0 reftype=0
  snapshot f066: 3 venc_ko blocks (pool0 0x73801000 len 0x10000)
src frame 67: srcf=9 off=0 br=8000
frame 67: send=0x0 get=0x0 len=4323 coding=1 startqp=0 meanqp=0 picbytes=0 pskip=0 nalus=1 n1:4323
  cu: inter64=0 inter32=0 inter16=0 inter8=0 intra32=0 intra16=0 intra8=0 intra4=0 reftype=0
  snapshot f067: 3 venc_ko blocks (pool0 0x73801000 len 0x10000)
src frame 68: srcf=10 off=0 br=8000
frame 68: send=0x0 get=0x0 len=4707 coding=1 startqp=0 meanqp=0 picbytes=0 pskip=0 nalus=1 n1:4707
  cu: inter64=0 inter32=0 inter16=0 inter8=0 intra32=0 intra16=0 intra8=0 intra4=0 reftype=0
  snapshot f068: 3 venc_ko blocks (pool0 0x73801000 len 0x10000)
src frame 69: srcf=11 off=0 br=8000
frame 69: send=0x0 get=0x0 len=4724 coding=1 startqp=0 meanqp=0 picbytes=0 pskip=0 nalus=1 n1:4724
  cu: inter64=0 inter32=0 inter16=0 inter8=0 intra32=0 intra16=0 intra8=0 intra4=0 reftype=0
  snapshot f069: 3 venc_ko blocks (pool0 0x73801000 len 0x10000)
src frame 70: srcf=12 off=0 br=8000
frame 70: send=0x0 get=0x0 len=5245 coding=1 startqp=0 meanqp=0 picbytes=0 pskip=0 nalus=1 n1:5245
  cu: inter64=0 inter32=0 inter16=0 inter8=0 intra32=0 intra16=0 intra8=0 intra4=0 reftype=0
  snapshot f070: 3 venc_ko blocks (pool0 0x73801000 len 0x10000)
src frame 71: srcf=13 off=0 br=8000
frame 71: send=0x0 get=0x0 len=5783 coding=1 startqp=0 meanqp=0 picbytes=0 pskip=0 nalus=1 n1:5783
  cu: inter64=0 inter32=0 inter16=0 inter8=0 intra32=0 intra16=0 intra8=0 intra4=0 reftype=0
  snapshot f071: 3 venc_ko blocks (pool0 0x73801000 len 0x10000)
src frame 72: srcf=14 off=0 br=8000
frame 72: send=0x0 get=0x0 len=6089 coding=1 startqp=0 meanqp=0 picbytes=0 pskip=0 nalus=1 n1:6089
  cu: inter64=0 inter32=0 inter16=0 inter8=0 intra32=0 intra16=0 intra8=0 intra4=0 reftype=0
  snapshot f072: 3 venc_ko blocks (pool0 0x73801000 len 0x10000)
src frame 73: srcf=15 off=0 br=8000
frame 73: send=0x0 get=0x0 len=3211 coding=1 startqp=0 meanqp=0 picbytes=0 pskip=0 nalus=1 n1:3211
  cu: inter64=0 inter32=0 inter16=0 inter8=0 intra32=0 intra16=0 intra8=0 intra4=0 reftype=0
  snapshot f073: 3 venc_ko blocks (pool0 0x73801000 len 0x10000)
src frame 74: srcf=16 off=0 br=8000
frame 74: send=0x0 get=0x0 len=2902 coding=1 startqp=0 meanqp=0 picbytes=0 pskip=0 nalus=1 n1:2902
  cu: inter64=0 inter32=0 inter16=0 inter8=0 intra32=0 intra16=0 intra8=0 intra4=0 reftype=0
  snapshot f074: 3 venc_ko blocks (pool0 0x73801000 len 0x10000)
src frame 75: srcf=17 off=0 br=8000
frame 75: send=0x0 get=0x0 len=3040 coding=1 startqp=0 meanqp=0 picbytes=0 pskip=0 nalus=1 n1:3040
  cu: inter64=0 inter32=0 inter16=0 inter8=0 intra32=0 intra16=0 intra8=0 intra4=0 reftype=0
  snapshot f075: 3 venc_ko blocks (pool0 0x73801000 len 0x10000)
src frame 76: srcf=18 off=0 br=8000
frame 76: send=0x0 get=0x0 len=1393 coding=1 startqp=0 meanqp=0 picbytes=0 pskip=0 nalus=1 n1:1393
  cu: inter64=0 inter32=0 inter16=0 inter8=0 intra32=0 intra16=0 intra8=0 intra4=0 reftype=0
  snapshot f076: 3 venc_ko blocks (pool0 0x73801000 len 0x10000)
src frame 77: srcf=19 off=0 br=8000
frame 77: send=0x0 get=0x0 len=1176 coding=1 startqp=0 meanqp=0 picbytes=0 pskip=0 nalus=1 n1:1176
  cu: inter64=0 inter32=0 inter16=0 inter8=0 intra32=0 intra16=0 intra8=0 intra4=0 reftype=0
  snapshot f077: 3 venc_ko blocks (pool0 0x73801000 len 0x10000)
src frame 78: srcf=20 off=0 br=8000
frame 78: send=0x0 get=0x0 len=1098 coding=1 startqp=0 meanqp=0 picbytes=0 pskip=0 nalus=1 n1:1098
  cu: inter64=0 inter32=0 inter16=0 inter8=0 intra32=0 intra16=0 intra8=0 intra4=0 reftype=0
  snapshot f078: 3 venc_ko blocks (pool0 0x73801000 len 0x10000)
src frame 79: srcf=21 off=0 br=8000
frame 79: send=0x0 get=0x0 len=1032 coding=1 startqp=0 meanqp=0 picbytes=0 pskip=0 nalus=1 n1:1032
  cu: inter64=0 inter32=0 inter16=0 inter8=0 intra32=0 intra16=0 intra8=0 intra4=0 reftype=0
  snapshot f079: 3 venc_ko blocks (pool0 0x73801000 len 0x10000)
src frame 80: srcf=22 off=0 br=8000
frame 80: send=0x0 get=0x0 len=1001 coding=1 startqp=0 meanqp=0 picbytes=0 pskip=0 nalus=1 n1:1001
  cu: inter64=0 inter32=0 inter16=0 inter8=0 intra32=0 intra16=0 intra8=0 intra4=0 reftype=0
  snapshot f080: 3 venc_ko blocks (pool0 0x73801000 len 0x10000)
src frame 81: srcf=23 off=0 br=8000
frame 81: send=0x0 get=0x0 len=1019 coding=1 startqp=0 meanqp=0 picbytes=0 pskip=0 nalus=1 n1:1019
  cu: inter64=0 inter32=0 inter16=0 inter8=0 intra32=0 intra16=0 intra8=0 intra4=0 reftype=0
  snapshot f081: 3 venc_ko blocks (pool0 0x73801000 len 0x10000)
src frame 82: srcf=24 off=0 br=8000
frame 82: send=0x0 get=0x0 len=1013 coding=1 startqp=0 meanqp=0 picbytes=0 pskip=0 nalus=1 n1:1013
  cu: inter64=0 inter32=0 inter16=0 inter8=0 intra32=0 intra16=0 intra8=0 intra4=0 reftype=0
  snapshot f082: 3 venc_ko blocks (pool0 0x73801000 len 0x10000)
src frame 83: srcf=25 off=0 br=8000
frame 83: send=0x0 get=0x0 len=1005 coding=1 startqp=0 meanqp=0 picbytes=0 pskip=0 nalus=1 n1:1005
  cu: inter64=0 inter32=0 inter16=0 inter8=0 intra32=0 intra16=0 intra8=0 intra4=0 reftype=0
  snapshot f083: 3 venc_ko blocks (pool0 0x73801000 len 0x10000)
src frame 84: srcf=26 off=0 br=8000
frame 84: send=0x0 get=0x0 len=1017 coding=1 startqp=0 meanqp=0 picbytes=0 pskip=0 nalus=1 n1:1017
  cu: inter64=0 inter32=0 inter16=0 inter8=0 intra32=0 intra16=0 intra8=0 intra4=0 reftype=0
  snapshot f084: 3 venc_ko blocks (pool0 0x73801000 len 0x10000)
src frame 85: srcf=27 off=0 br=8000
frame 85: send=0x0 get=0x0 len=983 coding=1 startqp=0 meanqp=0 picbytes=0 pskip=0 nalus=1 n1:983
  cu: inter64=0 inter32=0 inter16=0 inter8=0 intra32=0 intra16=0 intra8=0 intra4=0 reftype=0
  snapshot f085: 3 venc_ko blocks (pool0 0x73801000 len 0x10000)
src frame 86: srcf=28 off=0 br=8000
frame 86: send=0x0 get=0x0 len=980 coding=1 startqp=0 meanqp=0 picbytes=0 pskip=0 nalus=1 n1:980
  cu: inter64=0 inter32=0 inter16=0 inter8=0 intra32=0 intra16=0 intra8=0 intra4=0 reftype=0
  snapshot f086: 3 venc_ko blocks (pool0 0x73801000 len 0x10000)
src frame 87: srcf=29 off=0 br=8000
frame 87: send=0x0 get=0x0 len=973 coding=1 startqp=0 meanqp=0 picbytes=0 pskip=0 nalus=1 n1:973
  cu: inter64=0 inter32=0 inter16=0 inter8=0 intra32=0 intra16=0 intra8=0 intra4=0 reftype=0
  snapshot f087: 3 venc_ko blocks (pool0 0x73801000 len 0x10000)
src frame 88: srcf=28 off=0 br=8000
frame 88: send=0x0 get=0x0 len=974 coding=1 startqp=0 meanqp=0 picbytes=0 pskip=0 nalus=1 n1:974
  cu: inter64=0 inter32=0 inter16=0 inter8=0 intra32=0 intra16=0 intra8=0 intra4=0 reftype=0
  snapshot f088: 3 venc_ko blocks (pool0 0x73801000 len 0x10000)
src frame 89: srcf=27 off=0 br=8000
frame 89: send=0x0 get=0x0 len=973 coding=1 startqp=0 meanqp=0 picbytes=0 pskip=0 nalus=1 n1:973
  cu: inter64=0 inter32=0 inter16=0 inter8=0 intra32=0 intra16=0 intra8=0 intra4=0 reftype=0
  snapshot f089: 3 venc_ko blocks (pool0 0x73801000 len 0x10000)
src frame 90: srcf=26 off=0 br=8000
frame 90: send=0x0 get=0x0 len=39762 coding=0 startqp=0 meanqp=0 picbytes=0 pskip=0 nalus=4 n32:27 n33:53 n34:12 n19:39670
  cu: inter64=0 inter32=0 inter16=0 inter8=0 intra32=0 intra16=0 intra8=0 intra4=0 reftype=0
  snapshot f090: 3 venc_ko blocks (pool0 0x73801000 len 0x10000)
src frame 91: srcf=25 off=0 br=8000
frame 91: send=0x0 get=0x0 len=5197 coding=1 startqp=0 meanqp=0 picbytes=0 pskip=0 nalus=1 n1:5197
  cu: inter64=0 inter32=0 inter16=0 inter8=0 intra32=0 intra16=0 intra8=0 intra4=0 reftype=0
  snapshot f091: 3 venc_ko blocks (pool0 0x73801000 len 0x10000)
src frame 92: srcf=24 off=0 br=8000
frame 92: send=0x0 get=0x0 len=2797 coding=1 startqp=0 meanqp=0 picbytes=0 pskip=0 nalus=1 n1:2797
  cu: inter64=0 inter32=0 inter16=0 inter8=0 intra32=0 intra16=0 intra8=0 intra4=0 reftype=0
  snapshot f092: 3 venc_ko blocks (pool0 0x73801000 len 0x10000)
src frame 93: srcf=23 off=0 br=8000
frame 93: send=0x0 get=0x0 len=3346 coding=1 startqp=0 meanqp=0 picbytes=0 pskip=0 nalus=1 n1:3346
  cu: inter64=0 inter32=0 inter16=0 inter8=0 intra32=0 intra16=0 intra8=0 intra4=0 reftype=0
  snapshot f093: 3 venc_ko blocks (pool0 0x73801000 len 0x10000)
src frame 94: srcf=22 off=0 br=8000
frame 94: send=0x0 get=0x0 len=3434 coding=1 startqp=0 meanqp=0 picbytes=0 pskip=0 nalus=1 n1:3434
  cu: inter64=0 inter32=0 inter16=0 inter8=0 intra32=0 intra16=0 intra8=0 intra4=0 reftype=0
  snapshot f094: 3 venc_ko blocks (pool0 0x73801000 len 0x10000)
src frame 95: srcf=21 off=0 br=8000
frame 95: send=0x0 get=0x0 len=3984 coding=1 startqp=0 meanqp=0 picbytes=0 pskip=0 nalus=1 n1:3984
  cu: inter64=0 inter32=0 inter16=0 inter8=0 intra32=0 intra16=0 intra8=0 intra4=0 reftype=0
  snapshot f095: 3 venc_ko blocks (pool0 0x73801000 len 0x10000)
src frame 96: srcf=20 off=0 br=8000
frame 96: send=0x0 get=0x0 len=4151 coding=1 startqp=0 meanqp=0 picbytes=0 pskip=0 nalus=1 n1:4151
  cu: inter64=0 inter32=0 inter16=0 inter8=0 intra32=0 intra16=0 intra8=0 intra4=0 reftype=0
  snapshot f096: 3 venc_ko blocks (pool0 0x73801000 len 0x10000)
src frame 97: srcf=19 off=0 br=8000
frame 97: send=0x0 get=0x0 len=4575 coding=1 startqp=0 meanqp=0 picbytes=0 pskip=0 nalus=1 n1:4575
  cu: inter64=0 inter32=0 inter16=0 inter8=0 intra32=0 intra16=0 intra8=0 intra4=0 reftype=0
  snapshot f097: 3 venc_ko blocks (pool0 0x73801000 len 0x10000)
src frame 98: srcf=18 off=0 br=8000
frame 98: send=0x0 get=0x0 len=5056 coding=1 startqp=0 meanqp=0 picbytes=0 pskip=0 nalus=1 n1:5056
  cu: inter64=0 inter32=0 inter16=0 inter8=0 intra32=0 intra16=0 intra8=0 intra4=0 reftype=0
  snapshot f098: 3 venc_ko blocks (pool0 0x73801000 len 0x10000)
src frame 99: srcf=17 off=0 br=8000
frame 99: send=0x0 get=0x0 len=5347 coding=1 startqp=0 meanqp=0 picbytes=0 pskip=0 nalus=1 n1:5347
  cu: inter64=0 inter32=0 inter16=0 inter8=0 intra32=0 intra16=0 intra8=0 intra4=0 reftype=0
  snapshot f099: 3 venc_ko blocks (pool0 0x73801000 len 0x10000)
src frame 100: srcf=16 off=0 br=8000
frame 100: send=0x0 get=0x0 len=6023 coding=1 startqp=0 meanqp=0 picbytes=0 pskip=0 nalus=1 n1:6023
  cu: inter64=0 inter32=0 inter16=0 inter8=0 intra32=0 intra16=0 intra8=0 intra4=0 reftype=0
  snapshot f100: 3 venc_ko blocks (pool0 0x73801000 len 0x10000)
src frame 101: srcf=15 off=0 br=8000
frame 101: send=0x0 get=0x0 len=3114 coding=1 startqp=0 meanqp=0 picbytes=0 pskip=0 nalus=1 n1:3114
  cu: inter64=0 inter32=0 inter16=0 inter8=0 intra32=0 intra16=0 intra8=0 intra4=0 reftype=0
  snapshot f101: 3 venc_ko blocks (pool0 0x73801000 len 0x10000)
src frame 102: srcf=14 off=0 br=8000
frame 102: send=0x0 get=0x0 len=3097 coding=1 startqp=0 meanqp=0 picbytes=0 pskip=0 nalus=1 n1:3097
  cu: inter64=0 inter32=0 inter16=0 inter8=0 intra32=0 intra16=0 intra8=0 intra4=0 reftype=0
  snapshot f102: 3 venc_ko blocks (pool0 0x73801000 len 0x10000)
src frame 103: srcf=13 off=0 br=8000
frame 103: send=0x0 get=0x0 len=2860 coding=1 startqp=0 meanqp=0 picbytes=0 pskip=0 nalus=1 n1:2860
  cu: inter64=0 inter32=0 inter16=0 inter8=0 intra32=0 intra16=0 intra8=0 intra4=0 reftype=0
  snapshot f103: 3 venc_ko blocks (pool0 0x73801000 len 0x10000)
src frame 104: srcf=12 off=0 br=8000
frame 104: send=0x0 get=0x0 len=2538 coding=1 startqp=0 meanqp=0 picbytes=0 pskip=0 nalus=1 n1:2538
  cu: inter64=0 inter32=0 inter16=0 inter8=0 intra32=0 intra16=0 intra8=0 intra4=0 reftype=0
  snapshot f104: 3 venc_ko blocks (pool0 0x73801000 len 0x10000)
src frame 105: srcf=11 off=0 br=8000
frame 105: send=0x0 get=0x0 len=2711 coding=1 startqp=0 meanqp=0 picbytes=0 pskip=0 nalus=1 n1:2711
  cu: inter64=0 inter32=0 inter16=0 inter8=0 intra32=0 intra16=0 intra8=0 intra4=0 reftype=0
  snapshot f105: 3 venc_ko blocks (pool0 0x73801000 len 0x10000)
src frame 106: srcf=10 off=0 br=8000
frame 106: send=0x0 get=0x0 len=1396 coding=1 startqp=0 meanqp=0 picbytes=0 pskip=0 nalus=1 n1:1396
  cu: inter64=0 inter32=0 inter16=0 inter8=0 intra32=0 intra16=0 intra8=0 intra4=0 reftype=0
  snapshot f106: 3 venc_ko blocks (pool0 0x73801000 len 0x10000)
src frame 107: srcf=9 off=0 br=8000
frame 107: send=0x0 get=0x0 len=1262 coding=1 startqp=0 meanqp=0 picbytes=0 pskip=0 nalus=1 n1:1262
  cu: inter64=0 inter32=0 inter16=0 inter8=0 intra32=0 intra16=0 intra8=0 intra4=0 reftype=0
  snapshot f107: 3 venc_ko blocks (pool0 0x73801000 len 0x10000)
src frame 108: srcf=8 off=0 br=8000
frame 108: send=0x0 get=0x0 len=1155 coding=1 startqp=0 meanqp=0 picbytes=0 pskip=0 nalus=1 n1:1155
  cu: inter64=0 inter32=0 inter16=0 inter8=0 intra32=0 intra16=0 intra8=0 intra4=0 reftype=0
  snapshot f108: 3 venc_ko blocks (pool0 0x73801000 len 0x10000)
src frame 109: srcf=7 off=0 br=8000
frame 109: send=0x0 get=0x0 len=1154 coding=1 startqp=0 meanqp=0 picbytes=0 pskip=0 nalus=1 n1:1154
  cu: inter64=0 inter32=0 inter16=0 inter8=0 intra32=0 intra16=0 intra8=0 intra4=0 reftype=0
  snapshot f109: 3 venc_ko blocks (pool0 0x73801000 len 0x10000)
src frame 110: srcf=6 off=0 br=8000
frame 110: send=0x0 get=0x0 len=1123 coding=1 startqp=0 meanqp=0 picbytes=0 pskip=0 nalus=1 n1:1123
  cu: inter64=0 inter32=0 inter16=0 inter8=0 intra32=0 intra16=0 intra8=0 intra4=0 reftype=0
  snapshot f110: 3 venc_ko blocks (pool0 0x73801000 len 0x10000)
src frame 111: srcf=5 off=0 br=8000
frame 111: send=0x0 get=0x0 len=1104 coding=1 startqp=0 meanqp=0 picbytes=0 pskip=0 nalus=1 n1:1104
  cu: inter64=0 inter32=0 inter16=0 inter8=0 intra32=0 intra16=0 intra8=0 intra4=0 reftype=0
  snapshot f111: 3 venc_ko blocks (pool0 0x73801000 len 0x10000)
src frame 112: srcf=4 off=0 br=8000
frame 112: send=0x0 get=0x0 len=1073 coding=1 startqp=0 meanqp=0 picbytes=0 pskip=0 nalus=1 n1:1073
  cu: inter64=0 inter32=0 inter16=0 inter8=0 intra32=0 intra16=0 intra8=0 intra4=0 reftype=0
  snapshot f112: 3 venc_ko blocks (pool0 0x73801000 len 0x10000)
src frame 113: srcf=3 off=0 br=8000
frame 113: send=0x0 get=0x0 len=1066 coding=1 startqp=0 meanqp=0 picbytes=0 pskip=0 nalus=1 n1:1066
  cu: inter64=0 inter32=0 inter16=0 inter8=0 intra32=0 intra16=0 intra8=0 intra4=0 reftype=0
  snapshot f113: 3 venc_ko blocks (pool0 0x73801000 len 0x10000)
src frame 114: srcf=2 off=0 br=8000
frame 114: send=0x0 get=0x0 len=1064 coding=1 startqp=0 meanqp=0 picbytes=0 pskip=0 nalus=1 n1:1064
  cu: inter64=0 inter32=0 inter16=0 inter8=0 intra32=0 intra16=0 intra8=0 intra4=0 reftype=0
  snapshot f114: 3 venc_ko blocks (pool0 0x73801000 len 0x10000)
src frame 115: srcf=1 off=0 br=8000
frame 115: send=0x0 get=0x0 len=1064 coding=1 startqp=0 meanqp=0 picbytes=0 pskip=0 nalus=1 n1:1064
  cu: inter64=0 inter32=0 inter16=0 inter8=0 intra32=0 intra16=0 intra8=0 intra4=0 reftype=0
  snapshot f115: 3 venc_ko blocks (pool0 0x73801000 len 0x10000)
src frame 116: srcf=0 off=0 br=8000
frame 116: send=0x0 get=0x0 len=1064 coding=1 startqp=0 meanqp=0 picbytes=0 pskip=0 nalus=1 n1:1064
  cu: inter64=0 inter32=0 inter16=0 inter8=0 intra32=0 intra16=0 intra8=0 intra4=0 reftype=0
  snapshot f116: 3 venc_ko blocks (pool0 0x73801000 len 0x10000)
src frame 117: srcf=1 off=0 br=8000
frame 117: send=0x0 get=0x0 len=1064 coding=1 startqp=0 meanqp=0 picbytes=0 pskip=0 nalus=1 n1:1064
  cu: inter64=0 inter32=0 inter16=0 inter8=0 intra32=0 intra16=0 intra8=0 intra4=0 reftype=0
  snapshot f117: 3 venc_ko blocks (pool0 0x73801000 len 0x10000)
src frame 118: srcf=2 off=0 br=8000
frame 118: send=0x0 get=0x0 len=1064 coding=1 startqp=0 meanqp=0 picbytes=0 pskip=0 nalus=1 n1:1064
  cu: inter64=0 inter32=0 inter16=0 inter8=0 intra32=0 intra16=0 intra8=0 intra4=0 reftype=0
  snapshot f118: 3 venc_ko blocks (pool0 0x73801000 len 0x10000)
src frame 119: srcf=3 off=0 br=8000
frame 119: send=0x0 get=0x0 len=1064 coding=1 startqp=0 meanqp=0 picbytes=0 pskip=0 nalus=1 n1:1064
  cu: inter64=0 inter32=0 inter16=0 inter8=0 intra32=0 intra16=0 intra8=0 intra4=0 reftype=0
  snapshot f119: 3 venc_ko blocks (pool0 0x73801000 len 0x10000)
src frame 120: srcf=4 off=0 br=8000
frame 120: send=0x0 get=0x0 len=43593 coding=0 startqp=0 meanqp=0 picbytes=0 pskip=0 nalus=4 n32:27 n33:53 n34:12 n19:43501
  cu: inter64=0 inter32=0 inter16=0 inter8=0 intra32=0 intra16=0 intra8=0 intra4=0 reftype=0
  snapshot f120: 3 venc_ko blocks (pool0 0x73801000 len 0x10000)
src frame 121: srcf=5 off=0 br=8000
frame 121: send=0x0 get=0x0 len=5553 coding=1 startqp=0 meanqp=0 picbytes=0 pskip=0 nalus=1 n1:5553
  cu: inter64=0 inter32=0 inter16=0 inter8=0 intra32=0 intra16=0 intra8=0 intra4=0 reftype=0
  snapshot f121: 3 venc_ko blocks (pool0 0x73801000 len 0x10000)
src frame 122: srcf=6 off=0 br=8000
frame 122: send=0x0 get=0x0 len=2467 coding=1 startqp=0 meanqp=0 picbytes=0 pskip=0 nalus=1 n1:2467
  cu: inter64=0 inter32=0 inter16=0 inter8=0 intra32=0 intra16=0 intra8=0 intra4=0 reftype=0
  snapshot f122: 3 venc_ko blocks (pool0 0x73801000 len 0x10000)
src frame 123: srcf=7 off=0 br=8000
frame 123: send=0x0 get=0x0 len=3619 coding=1 startqp=0 meanqp=0 picbytes=0 pskip=0 nalus=1 n1:3619
  cu: inter64=0 inter32=0 inter16=0 inter8=0 intra32=0 intra16=0 intra8=0 intra4=0 reftype=0
  snapshot f123: 3 venc_ko blocks (pool0 0x73801000 len 0x10000)
src frame 124: srcf=8 off=0 br=8000
frame 124: send=0x0 get=0x0 len=3833 coding=1 startqp=0 meanqp=0 picbytes=0 pskip=0 nalus=1 n1:3833
  cu: inter64=0 inter32=0 inter16=0 inter8=0 intra32=0 intra16=0 intra8=0 intra4=0 reftype=0
  snapshot f124: 3 venc_ko blocks (pool0 0x73801000 len 0x10000)
src frame 125: srcf=9 off=0 br=8000
frame 125: send=0x0 get=0x0 len=3801 coding=1 startqp=0 meanqp=0 picbytes=0 pskip=0 nalus=1 n1:3801
  cu: inter64=0 inter32=0 inter16=0 inter8=0 intra32=0 intra16=0 intra8=0 intra4=0 reftype=0
  snapshot f125: 3 venc_ko blocks (pool0 0x73801000 len 0x10000)
src frame 126: srcf=10 off=0 br=8000
frame 126: send=0x0 get=0x0 len=4759 coding=1 startqp=0 meanqp=0 picbytes=0 pskip=0 nalus=1 n1:4759
  cu: inter64=0 inter32=0 inter16=0 inter8=0 intra32=0 intra16=0 intra8=0 intra4=0 reftype=0
  snapshot f126: 3 venc_ko blocks (pool0 0x73801000 len 0x10000)
src frame 127: srcf=11 off=0 br=8000
frame 127: send=0x0 get=0x0 len=4531 coding=1 startqp=0 meanqp=0 picbytes=0 pskip=0 nalus=1 n1:4531
  cu: inter64=0 inter32=0 inter16=0 inter8=0 intra32=0 intra16=0 intra8=0 intra4=0 reftype=0
  snapshot f127: 3 venc_ko blocks (pool0 0x73801000 len 0x10000)
src frame 128: srcf=12 off=0 br=8000
frame 128: send=0x0 get=0x0 len=5488 coding=1 startqp=0 meanqp=0 picbytes=0 pskip=0 nalus=1 n1:5488
  cu: inter64=0 inter32=0 inter16=0 inter8=0 intra32=0 intra16=0 intra8=0 intra4=0 reftype=0
  snapshot f128: 3 venc_ko blocks (pool0 0x73801000 len 0x10000)
src frame 129: srcf=13 off=0 br=8000
frame 129: send=0x0 get=0x0 len=3074 coding=1 startqp=0 meanqp=0 picbytes=0 pskip=0 nalus=1 n1:3074
  cu: inter64=0 inter32=0 inter16=0 inter8=0 intra32=0 intra16=0 intra8=0 intra4=0 reftype=0
  snapshot f129: 3 venc_ko blocks (pool0 0x73801000 len 0x10000)
src frame 130: srcf=14 off=0 br=8000
frame 130: send=0x0 get=0x0 len=2502 coding=1 startqp=0 meanqp=0 picbytes=0 pskip=0 nalus=1 n1:2502
  cu: inter64=0 inter32=0 inter16=0 inter8=0 intra32=0 intra16=0 intra8=0 intra4=0 reftype=0
  snapshot f130: 3 venc_ko blocks (pool0 0x73801000 len 0x10000)
src frame 131: srcf=15 off=0 br=8000
frame 131: send=0x0 get=0x0 len=2753 coding=1 startqp=0 meanqp=0 picbytes=0 pskip=0 nalus=1 n1:2753
  cu: inter64=0 inter32=0 inter16=0 inter8=0 intra32=0 intra16=0 intra8=0 intra4=0 reftype=0
  snapshot f131: 3 venc_ko blocks (pool0 0x73801000 len 0x10000)
src frame 132: srcf=16 off=0 br=8000
frame 132: send=0x0 get=0x0 len=2414 coding=1 startqp=0 meanqp=0 picbytes=0 pskip=0 nalus=1 n1:2414
  cu: inter64=0 inter32=0 inter16=0 inter8=0 intra32=0 intra16=0 intra8=0 intra4=0 reftype=0
  snapshot f132: 3 venc_ko blocks (pool0 0x73801000 len 0x10000)
src frame 133: srcf=17 off=0 br=8000
frame 133: send=0x0 get=0x0 len=2289 coding=1 startqp=0 meanqp=0 picbytes=0 pskip=0 nalus=1 n1:2289
  cu: inter64=0 inter32=0 inter16=0 inter8=0 intra32=0 intra16=0 intra8=0 intra4=0 reftype=0
  snapshot f133: 3 venc_ko blocks (pool0 0x73801000 len 0x10000)
src frame 134: srcf=18 off=0 br=8000
frame 134: send=0x0 get=0x0 len=2373 coding=1 startqp=0 meanqp=0 picbytes=0 pskip=0 nalus=1 n1:2373
  cu: inter64=0 inter32=0 inter16=0 inter8=0 intra32=0 intra16=0 intra8=0 intra4=0 reftype=0
  snapshot f134: 3 venc_ko blocks (pool0 0x73801000 len 0x10000)
src frame 135: srcf=19 off=0 br=8000
frame 135: send=0x0 get=0x0 len=1793 coding=1 startqp=0 meanqp=0 picbytes=0 pskip=0 nalus=1 n1:1793
  cu: inter64=0 inter32=0 inter16=0 inter8=0 intra32=0 intra16=0 intra8=0 intra4=0 reftype=0
  snapshot f135: 3 venc_ko blocks (pool0 0x73801000 len 0x10000)
src frame 136: srcf=20 off=0 br=8000
frame 136: send=0x0 get=0x0 len=1296 coding=1 startqp=0 meanqp=0 picbytes=0 pskip=0 nalus=1 n1:1296
  cu: inter64=0 inter32=0 inter16=0 inter8=0 intra32=0 intra16=0 intra8=0 intra4=0 reftype=0
  snapshot f136: 3 venc_ko blocks (pool0 0x73801000 len 0x10000)
src frame 137: srcf=21 off=0 br=8000
frame 137: send=0x0 get=0x0 len=1275 coding=1 startqp=0 meanqp=0 picbytes=0 pskip=0 nalus=1 n1:1275
  cu: inter64=0 inter32=0 inter16=0 inter8=0 intra32=0 intra16=0 intra8=0 intra4=0 reftype=0
  snapshot f137: 3 venc_ko blocks (pool0 0x73801000 len 0x10000)
src frame 138: srcf=22 off=0 br=8000
frame 138: send=0x0 get=0x0 len=1226 coding=1 startqp=0 meanqp=0 picbytes=0 pskip=0 nalus=1 n1:1226
  cu: inter64=0 inter32=0 inter16=0 inter8=0 intra32=0 intra16=0 intra8=0 intra4=0 reftype=0
  snapshot f138: 3 venc_ko blocks (pool0 0x73801000 len 0x10000)
src frame 139: srcf=23 off=0 br=8000
frame 139: send=0x0 get=0x0 len=1186 coding=1 startqp=0 meanqp=0 picbytes=0 pskip=0 nalus=1 n1:1186
  cu: inter64=0 inter32=0 inter16=0 inter8=0 intra32=0 intra16=0 intra8=0 intra4=0 reftype=0
  snapshot f139: 3 venc_ko blocks (pool0 0x73801000 len 0x10000)
src frame 140: srcf=24 off=0 br=8000
frame 140: send=0x0 get=0x0 len=1185 coding=1 startqp=0 meanqp=0 picbytes=0 pskip=0 nalus=1 n1:1185
  cu: inter64=0 inter32=0 inter16=0 inter8=0 intra32=0 intra16=0 intra8=0 intra4=0 reftype=0
  snapshot f140: 3 venc_ko blocks (pool0 0x73801000 len 0x10000)
src frame 141: srcf=25 off=0 br=8000
frame 141: send=0x0 get=0x0 len=1187 coding=1 startqp=0 meanqp=0 picbytes=0 pskip=0 nalus=1 n1:1187
  cu: inter64=0 inter32=0 inter16=0 inter8=0 intra32=0 intra16=0 intra8=0 intra4=0 reftype=0
  snapshot f141: 3 venc_ko blocks (pool0 0x73801000 len 0x10000)
src frame 142: srcf=26 off=0 br=8000
frame 142: send=0x0 get=0x0 len=1194 coding=1 startqp=0 meanqp=0 picbytes=0 pskip=0 nalus=1 n1:1194
  cu: inter64=0 inter32=0 inter16=0 inter8=0 intra32=0 intra16=0 intra8=0 intra4=0 reftype=0
  snapshot f142: 3 venc_ko blocks (pool0 0x73801000 len 0x10000)
src frame 143: srcf=27 off=0 br=8000
frame 143: send=0x0 get=0x0 len=1187 coding=1 startqp=0 meanqp=0 picbytes=0 pskip=0 nalus=1 n1:1187
  cu: inter64=0 inter32=0 inter16=0 inter8=0 intra32=0 intra16=0 intra8=0 intra4=0 reftype=0
  snapshot f143: 3 venc_ko blocks (pool0 0x73801000 len 0x10000)
src frame 144: srcf=28 off=0 br=8000
frame 144: send=0x0 get=0x0 len=1192 coding=1 startqp=0 meanqp=0 picbytes=0 pskip=0 nalus=1 n1:1192
  cu: inter64=0 inter32=0 inter16=0 inter8=0 intra32=0 intra16=0 intra8=0 intra4=0 reftype=0
  snapshot f144: 3 venc_ko blocks (pool0 0x73801000 len 0x10000)
src frame 145: srcf=29 off=0 br=8000
frame 145: send=0x0 get=0x0 len=1185 coding=1 startqp=0 meanqp=0 picbytes=0 pskip=0 nalus=1 n1:1185
  cu: inter64=0 inter32=0 inter16=0 inter8=0 intra32=0 intra16=0 intra8=0 intra4=0 reftype=0
  snapshot f145: 3 venc_ko blocks (pool0 0x73801000 len 0x10000)
src frame 146: srcf=28 off=0 br=8000
frame 146: send=0x0 get=0x0 len=1184 coding=1 startqp=0 meanqp=0 picbytes=0 pskip=0 nalus=1 n1:1184
  cu: inter64=0 inter32=0 inter16=0 inter8=0 intra32=0 intra16=0 intra8=0 intra4=0 reftype=0
  snapshot f146: 3 venc_ko blocks (pool0 0x73801000 len 0x10000)
src frame 147: srcf=27 off=0 br=8000
frame 147: send=0x0 get=0x0 len=1192 coding=1 startqp=0 meanqp=0 picbytes=0 pskip=0 nalus=1 n1:1192
  cu: inter64=0 inter32=0 inter16=0 inter8=0 intra32=0 intra16=0 intra8=0 intra4=0 reftype=0
  snapshot f147: 3 venc_ko blocks (pool0 0x73801000 len 0x10000)
src frame 148: srcf=26 off=0 br=8000
frame 148: send=0x0 get=0x0 len=1186 coding=1 startqp=0 meanqp=0 picbytes=0 pskip=0 nalus=1 n1:1186
  cu: inter64=0 inter32=0 inter16=0 inter8=0 intra32=0 intra16=0 intra8=0 intra4=0 reftype=0
  snapshot f148: 3 venc_ko blocks (pool0 0x73801000 len 0x10000)
src frame 149: srcf=25 off=0 br=8000
frame 149: send=0x0 get=0x0 len=1191 coding=1 startqp=0 meanqp=0 picbytes=0 pskip=0 nalus=1 n1:1191
  cu: inter64=0 inter32=0 inter16=0 inter8=0 intra32=0 intra16=0 intra8=0 intra4=0 reftype=0
  snapshot f149: 3 venc_ko blocks (pool0 0x73801000 len 0x10000)
src frame 150: srcf=24 off=0 br=8000
frame 150: send=0x0 get=0x0 len=48092 coding=0 startqp=0 meanqp=0 picbytes=0 pskip=0 nalus=4 n32:27 n33:53 n34:12 n19:48000
  cu: inter64=0 inter32=0 inter16=0 inter8=0 intra32=0 intra16=0 intra8=0 intra4=0 reftype=0
  snapshot f150: 3 venc_ko blocks (pool0 0x73801000 len 0x10000)
src frame 151: srcf=23 off=0 br=8000
frame 151: send=0x0 get=0x0 len=5998 coding=1 startqp=0 meanqp=0 picbytes=0 pskip=0 nalus=1 n1:5998
  cu: inter64=0 inter32=0 inter16=0 inter8=0 intra32=0 intra16=0 intra8=0 intra4=0 reftype=0
  snapshot f151: 3 venc_ko blocks (pool0 0x73801000 len 0x10000)
src frame 152: srcf=22 off=0 br=8000
frame 152: send=0x0 get=0x0 len=2703 coding=1 startqp=0 meanqp=0 picbytes=0 pskip=0 nalus=1 n1:2703
  cu: inter64=0 inter32=0 inter16=0 inter8=0 intra32=0 intra16=0 intra8=0 intra4=0 reftype=0
  snapshot f152: 3 venc_ko blocks (pool0 0x73801000 len 0x10000)
src frame 153: srcf=21 off=0 br=8000
frame 153: send=0x0 get=0x0 len=3481 coding=1 startqp=0 meanqp=0 picbytes=0 pskip=0 nalus=1 n1:3481
  cu: inter64=0 inter32=0 inter16=0 inter8=0 intra32=0 intra16=0 intra8=0 intra4=0 reftype=0
  snapshot f153: 3 venc_ko blocks (pool0 0x73801000 len 0x10000)
src frame 154: srcf=20 off=0 br=8000
frame 154: send=0x0 get=0x0 len=4012 coding=1 startqp=0 meanqp=0 picbytes=0 pskip=0 nalus=1 n1:4012
  cu: inter64=0 inter32=0 inter16=0 inter8=0 intra32=0 intra16=0 intra8=0 intra4=0 reftype=0
  snapshot f154: 3 venc_ko blocks (pool0 0x73801000 len 0x10000)
src frame 155: srcf=19 off=0 br=8000
frame 155: send=0x0 get=0x0 len=4417 coding=1 startqp=0 meanqp=0 picbytes=0 pskip=0 nalus=1 n1:4417
  cu: inter64=0 inter32=0 inter16=0 inter8=0 intra32=0 intra16=0 intra8=0 intra4=0 reftype=0
  snapshot f155: 3 venc_ko blocks (pool0 0x73801000 len 0x10000)
src frame 156: srcf=18 off=0 br=8000
frame 156: send=0x0 get=0x0 len=4679 coding=1 startqp=0 meanqp=0 picbytes=0 pskip=0 nalus=1 n1:4679
  cu: inter64=0 inter32=0 inter16=0 inter8=0 intra32=0 intra16=0 intra8=0 intra4=0 reftype=0
  snapshot f156: 3 venc_ko blocks (pool0 0x73801000 len 0x10000)
src frame 157: srcf=17 off=0 br=8000
frame 157: send=0x0 get=0x0 len=2808 coding=1 startqp=0 meanqp=0 picbytes=0 pskip=0 nalus=1 n1:2808
  cu: inter64=0 inter32=0 inter16=0 inter8=0 intra32=0 intra16=0 intra8=0 intra4=0 reftype=0
  snapshot f157: 3 venc_ko blocks (pool0 0x73801000 len 0x10000)
src frame 158: srcf=16 off=0 br=8000
frame 158: send=0x0 get=0x0 len=2298 coding=1 startqp=0 meanqp=0 picbytes=0 pskip=0 nalus=1 n1:2298
  cu: inter64=0 inter32=0 inter16=0 inter8=0 intra32=0 intra16=0 intra8=0 intra4=0 reftype=0
  snapshot f158: 3 venc_ko blocks (pool0 0x73801000 len 0x10000)
src frame 159: srcf=15 off=0 br=8000
frame 159: send=0x0 get=0x0 len=2450 coding=1 startqp=0 meanqp=0 picbytes=0 pskip=0 nalus=1 n1:2450
  cu: inter64=0 inter32=0 inter16=0 inter8=0 intra32=0 intra16=0 intra8=0 intra4=0 reftype=0
  snapshot f159: 3 venc_ko blocks (pool0 0x73801000 len 0x10000)
src frame 160: srcf=14 off=0 br=8000
frame 160: send=0x0 get=0x0 len=2421 coding=1 startqp=0 meanqp=0 picbytes=0 pskip=0 nalus=1 n1:2421
  cu: inter64=0 inter32=0 inter16=0 inter8=0 intra32=0 intra16=0 intra8=0 intra4=0 reftype=0
  snapshot f160: 3 venc_ko blocks (pool0 0x73801000 len 0x10000)
src frame 161: srcf=13 off=0 br=8000
frame 161: send=0x0 get=0x0 len=2332 coding=1 startqp=0 meanqp=0 picbytes=0 pskip=0 nalus=1 n1:2332
  cu: inter64=0 inter32=0 inter16=0 inter8=0 intra32=0 intra16=0 intra8=0 intra4=0 reftype=0
  snapshot f161: 3 venc_ko blocks (pool0 0x73801000 len 0x10000)
src frame 162: srcf=12 off=0 br=8000
frame 162: send=0x0 get=0x0 len=2122 coding=1 startqp=0 meanqp=0 picbytes=0 pskip=0 nalus=1 n1:2122
  cu: inter64=0 inter32=0 inter16=0 inter8=0 intra32=0 intra16=0 intra8=0 intra4=0 reftype=0
  snapshot f162: 3 venc_ko blocks (pool0 0x73801000 len 0x10000)
src frame 163: srcf=11 off=0 br=8000
frame 163: send=0x0 get=0x0 len=1910 coding=1 startqp=0 meanqp=0 picbytes=0 pskip=0 nalus=1 n1:1910
  cu: inter64=0 inter32=0 inter16=0 inter8=0 intra32=0 intra16=0 intra8=0 intra4=0 reftype=0
  snapshot f163: 3 venc_ko blocks (pool0 0x73801000 len 0x10000)
src frame 164: srcf=10 off=0 br=8000
frame 164: send=0x0 get=0x0 len=1555 coding=1 startqp=0 meanqp=0 picbytes=0 pskip=0 nalus=1 n1:1555
  cu: inter64=0 inter32=0 inter16=0 inter8=0 intra32=0 intra16=0 intra8=0 intra4=0 reftype=0
  snapshot f164: 3 venc_ko blocks (pool0 0x73801000 len 0x10000)
src frame 165: srcf=9 off=0 br=8000
frame 165: send=0x0 get=0x0 len=1672 coding=1 startqp=0 meanqp=0 picbytes=0 pskip=0 nalus=1 n1:1672
  cu: inter64=0 inter32=0 inter16=0 inter8=0 intra32=0 intra16=0 intra8=0 intra4=0 reftype=0
  snapshot f165: 3 venc_ko blocks (pool0 0x73801000 len 0x10000)
src frame 166: srcf=8 off=0 br=8000
frame 166: send=0x0 get=0x0 len=1221 coding=1 startqp=0 meanqp=0 picbytes=0 pskip=0 nalus=1 n1:1221
  cu: inter64=0 inter32=0 inter16=0 inter8=0 intra32=0 intra16=0 intra8=0 intra4=0 reftype=0
  snapshot f166: 3 venc_ko blocks (pool0 0x73801000 len 0x10000)
src frame 167: srcf=7 off=0 br=8000
frame 167: send=0x0 get=0x0 len=1205 coding=1 startqp=0 meanqp=0 picbytes=0 pskip=0 nalus=1 n1:1205
  cu: inter64=0 inter32=0 inter16=0 inter8=0 intra32=0 intra16=0 intra8=0 intra4=0 reftype=0
  snapshot f167: 3 venc_ko blocks (pool0 0x73801000 len 0x10000)
src frame 168: srcf=6 off=0 br=8000
frame 168: send=0x0 get=0x0 len=1180 coding=1 startqp=0 meanqp=0 picbytes=0 pskip=0 nalus=1 n1:1180
  cu: inter64=0 inter32=0 inter16=0 inter8=0 intra32=0 intra16=0 intra8=0 intra4=0 reftype=0
  snapshot f168: 3 venc_ko blocks (pool0 0x73801000 len 0x10000)
src frame 169: srcf=5 off=0 br=8000
frame 169: send=0x0 get=0x0 len=1174 coding=1 startqp=0 meanqp=0 picbytes=0 pskip=0 nalus=1 n1:1174
  cu: inter64=0 inter32=0 inter16=0 inter8=0 intra32=0 intra16=0 intra8=0 intra4=0 reftype=0
  snapshot f169: 3 venc_ko blocks (pool0 0x73801000 len 0x10000)
src frame 170: srcf=4 off=0 br=8000
frame 170: send=0x0 get=0x0 len=1164 coding=1 startqp=0 meanqp=0 picbytes=0 pskip=0 nalus=1 n1:1164
  cu: inter64=0 inter32=0 inter16=0 inter8=0 intra32=0 intra16=0 intra8=0 intra4=0 reftype=0
  snapshot f170: 3 venc_ko blocks (pool0 0x73801000 len 0x10000)
src frame 171: srcf=3 off=0 br=8000
frame 171: send=0x0 get=0x0 len=1160 coding=1 startqp=0 meanqp=0 picbytes=0 pskip=0 nalus=1 n1:1160
  cu: inter64=0 inter32=0 inter16=0 inter8=0 intra32=0 intra16=0 intra8=0 intra4=0 reftype=0
  snapshot f171: 3 venc_ko blocks (pool0 0x73801000 len 0x10000)
src frame 172: srcf=2 off=0 br=8000
frame 172: send=0x0 get=0x0 len=1160 coding=1 startqp=0 meanqp=0 picbytes=0 pskip=0 nalus=1 n1:1160
  cu: inter64=0 inter32=0 inter16=0 inter8=0 intra32=0 intra16=0 intra8=0 intra4=0 reftype=0
  snapshot f172: 3 venc_ko blocks (pool0 0x73801000 len 0x10000)
src frame 173: srcf=1 off=0 br=8000
frame 173: send=0x0 get=0x0 len=1160 coding=1 startqp=0 meanqp=0 picbytes=0 pskip=0 nalus=1 n1:1160
  cu: inter64=0 inter32=0 inter16=0 inter8=0 intra32=0 intra16=0 intra8=0 intra4=0 reftype=0
  snapshot f173: 3 venc_ko blocks (pool0 0x73801000 len 0x10000)
src frame 174: srcf=0 off=0 br=8000
frame 174: send=0x0 get=0x0 len=1160 coding=1 startqp=0 meanqp=0 picbytes=0 pskip=0 nalus=1 n1:1160
  cu: inter64=0 inter32=0 inter16=0 inter8=0 intra32=0 intra16=0 intra8=0 intra4=0 reftype=0
  snapshot f174: 3 venc_ko blocks (pool0 0x73801000 len 0x10000)
src frame 175: srcf=1 off=0 br=8000
frame 175: send=0x0 get=0x0 len=1160 coding=1 startqp=0 meanqp=0 picbytes=0 pskip=0 nalus=1 n1:1160
  cu: inter64=0 inter32=0 inter16=0 inter8=0 intra32=0 intra16=0 intra8=0 intra4=0 reftype=0
  snapshot f175: 3 venc_ko blocks (pool0 0x73801000 len 0x10000)
src frame 176: srcf=2 off=0 br=8000
frame 176: send=0x0 get=0x0 len=1160 coding=1 startqp=0 meanqp=0 picbytes=0 pskip=0 nalus=1 n1:1160
  cu: inter64=0 inter32=0 inter16=0 inter8=0 intra32=0 intra16=0 intra8=0 intra4=0 reftype=0
  snapshot f176: 3 venc_ko blocks (pool0 0x73801000 len 0x10000)
src frame 177: srcf=3 off=0 br=8000
frame 177: send=0x0 get=0x0 len=1160 coding=1 startqp=0 meanqp=0 picbytes=0 pskip=0 nalus=1 n1:1160
  cu: inter64=0 inter32=0 inter16=0 inter8=0 intra32=0 intra16=0 intra8=0 intra4=0 reftype=0
  snapshot f177: 3 venc_ko blocks (pool0 0x73801000 len 0x10000)
src frame 178: srcf=4 off=0 br=8000
frame 178: send=0x0 get=0x0 len=1160 coding=1 startqp=0 meanqp=0 picbytes=0 pskip=0 nalus=1 n1:1160
  cu: inter64=0 inter32=0 inter16=0 inter8=0 intra32=0 intra16=0 intra8=0 intra4=0 reftype=0
  snapshot f178: 3 venc_ko blocks (pool0 0x73801000 len 0x10000)
src frame 179: srcf=5 off=0 br=8000
frame 179: send=0x0 get=0x0 len=1160 coding=1 startqp=0 meanqp=0 picbytes=0 pskip=0 nalus=1 n1:1160
  cu: inter64=0 inter32=0 inter16=0 inter8=0 intra32=0 intra16=0 intra8=0 intra4=0 reftype=0
  snapshot f179: 3 venc_ko blocks (pool0 0x73801000 len 0x10000)
src frame 180: srcf=6 off=0 br=8000
frame 180: send=0x0 get=0x0 len=52509 coding=0 startqp=0 meanqp=0 picbytes=0 pskip=0 nalus=4 n32:27 n33:53 n34:12 n19:52417
  cu: inter64=0 inter32=0 inter16=0 inter8=0 intra32=0 intra16=0 intra8=0 intra4=0 reftype=0
  snapshot f180: 3 venc_ko blocks (pool0 0x73801000 len 0x10000)
src frame 181: srcf=7 off=0 br=8000
frame 181: send=0x0 get=0x0 len=6936 coding=1 startqp=0 meanqp=0 picbytes=0 pskip=0 nalus=1 n1:6936
  cu: inter64=0 inter32=0 inter16=0 inter8=0 intra32=0 intra16=0 intra8=0 intra4=0 reftype=0
  snapshot f181: 3 venc_ko blocks (pool0 0x73801000 len 0x10000)
src frame 182: srcf=8 off=0 br=8000
frame 182: send=0x0 get=0x0 len=3079 coding=1 startqp=0 meanqp=0 picbytes=0 pskip=0 nalus=1 n1:3079
  cu: inter64=0 inter32=0 inter16=0 inter8=0 intra32=0 intra16=0 intra8=0 intra4=0 reftype=0
  snapshot f182: 3 venc_ko blocks (pool0 0x73801000 len 0x10000)
src frame 183: srcf=9 off=0 br=8000
frame 183: send=0x0 get=0x0 len=4201 coding=1 startqp=0 meanqp=0 picbytes=0 pskip=0 nalus=1 n1:4201
  cu: inter64=0 inter32=0 inter16=0 inter8=0 intra32=0 intra16=0 intra8=0 intra4=0 reftype=0
  snapshot f183: 3 venc_ko blocks (pool0 0x73801000 len 0x10000)
src frame 184: srcf=10 off=0 br=8000
frame 184: send=0x0 get=0x0 len=4497 coding=1 startqp=0 meanqp=0 picbytes=0 pskip=0 nalus=1 n1:4497
  cu: inter64=0 inter32=0 inter16=0 inter8=0 intra32=0 intra16=0 intra8=0 intra4=0 reftype=0
  snapshot f184: 3 venc_ko blocks (pool0 0x73801000 len 0x10000)
src frame 185: srcf=11 off=0 br=8000
frame 185: send=0x0 get=0x0 len=2277 coding=1 startqp=0 meanqp=0 picbytes=0 pskip=0 nalus=1 n1:2277
  cu: inter64=0 inter32=0 inter16=0 inter8=0 intra32=0 intra16=0 intra8=0 intra4=0 reftype=0
  snapshot f185: 3 venc_ko blocks (pool0 0x73801000 len 0x10000)
src frame 186: srcf=12 off=0 br=8000
frame 186: send=0x0 get=0x0 len=2274 coding=1 startqp=0 meanqp=0 picbytes=0 pskip=0 nalus=1 n1:2274
  cu: inter64=0 inter32=0 inter16=0 inter8=0 intra32=0 intra16=0 intra8=0 intra4=0 reftype=0
  snapshot f186: 3 venc_ko blocks (pool0 0x73801000 len 0x10000)
src frame 187: srcf=13 off=0 br=8000
frame 187: send=0x0 get=0x0 len=2159 coding=1 startqp=0 meanqp=0 picbytes=0 pskip=0 nalus=1 n1:2159
  cu: inter64=0 inter32=0 inter16=0 inter8=0 intra32=0 intra16=0 intra8=0 intra4=0 reftype=0
  snapshot f187: 3 venc_ko blocks (pool0 0x73801000 len 0x10000)
src frame 188: srcf=14 off=0 br=8000
frame 188: send=0x0 get=0x0 len=1991 coding=1 startqp=0 meanqp=0 picbytes=0 pskip=0 nalus=1 n1:1991
  cu: inter64=0 inter32=0 inter16=0 inter8=0 intra32=0 intra16=0 intra8=0 intra4=0 reftype=0
  snapshot f188: 3 venc_ko blocks (pool0 0x73801000 len 0x10000)
src frame 189: srcf=15 off=0 br=8000
frame 189: send=0x0 get=0x0 len=2051 coding=1 startqp=0 meanqp=0 picbytes=0 pskip=0 nalus=1 n1:2051
  cu: inter64=0 inter32=0 inter16=0 inter8=0 intra32=0 intra16=0 intra8=0 intra4=0 reftype=0
  snapshot f189: 3 venc_ko blocks (pool0 0x73801000 len 0x10000)
src frame 190: srcf=16 off=0 br=8000
frame 190: send=0x0 get=0x0 len=2108 coding=1 startqp=0 meanqp=0 picbytes=0 pskip=0 nalus=1 n1:2108
  cu: inter64=0 inter32=0 inter16=0 inter8=0 intra32=0 intra16=0 intra8=0 intra4=0 reftype=0
  snapshot f190: 3 venc_ko blocks (pool0 0x73801000 len 0x10000)
src frame 191: srcf=17 off=0 br=8000
frame 191: send=0x0 get=0x0 len=1695 coding=1 startqp=0 meanqp=0 picbytes=0 pskip=0 nalus=1 n1:1695
  cu: inter64=0 inter32=0 inter16=0 inter8=0 intra32=0 intra16=0 intra8=0 intra4=0 reftype=0
  snapshot f191: 3 venc_ko blocks (pool0 0x73801000 len 0x10000)
src frame 192: srcf=18 off=0 br=8000
frame 192: send=0x0 get=0x0 len=1504 coding=1 startqp=0 meanqp=0 picbytes=0 pskip=0 nalus=1 n1:1504
  cu: inter64=0 inter32=0 inter16=0 inter8=0 intra32=0 intra16=0 intra8=0 intra4=0 reftype=0
  snapshot f192: 3 venc_ko blocks (pool0 0x73801000 len 0x10000)
src frame 193: srcf=19 off=0 br=8000
frame 193: send=0x0 get=0x0 len=1485 coding=1 startqp=0 meanqp=0 picbytes=0 pskip=0 nalus=1 n1:1485
  cu: inter64=0 inter32=0 inter16=0 inter8=0 intra32=0 intra16=0 intra8=0 intra4=0 reftype=0
  snapshot f193: 3 venc_ko blocks (pool0 0x73801000 len 0x10000)
src frame 194: srcf=20 off=0 br=8000
frame 194: send=0x0 get=0x0 len=1417 coding=1 startqp=0 meanqp=0 picbytes=0 pskip=0 nalus=1 n1:1417
  cu: inter64=0 inter32=0 inter16=0 inter8=0 intra32=0 intra16=0 intra8=0 intra4=0 reftype=0
  snapshot f194: 3 venc_ko blocks (pool0 0x73801000 len 0x10000)
src frame 195: srcf=21 off=0 br=8000
frame 195: send=0x0 get=0x0 len=1212 coding=1 startqp=0 meanqp=0 picbytes=0 pskip=0 nalus=1 n1:1212
  cu: inter64=0 inter32=0 inter16=0 inter8=0 intra32=0 intra16=0 intra8=0 intra4=0 reftype=0
  snapshot f195: 3 venc_ko blocks (pool0 0x73801000 len 0x10000)
src frame 196: srcf=22 off=0 br=8000
frame 196: send=0x0 get=0x0 len=1201 coding=1 startqp=0 meanqp=0 picbytes=0 pskip=0 nalus=1 n1:1201
  cu: inter64=0 inter32=0 inter16=0 inter8=0 intra32=0 intra16=0 intra8=0 intra4=0 reftype=0
  snapshot f196: 3 venc_ko blocks (pool0 0x73801000 len 0x10000)
src frame 197: srcf=23 off=0 br=8000
frame 197: send=0x0 get=0x0 len=1172 coding=1 startqp=0 meanqp=0 picbytes=0 pskip=0 nalus=1 n1:1172
  cu: inter64=0 inter32=0 inter16=0 inter8=0 intra32=0 intra16=0 intra8=0 intra4=0 reftype=0
  snapshot f197: 3 venc_ko blocks (pool0 0x73801000 len 0x10000)
src frame 198: srcf=24 off=0 br=8000
frame 198: send=0x0 get=0x0 len=1159 coding=1 startqp=0 meanqp=0 picbytes=0 pskip=0 nalus=1 n1:1159
  cu: inter64=0 inter32=0 inter16=0 inter8=0 intra32=0 intra16=0 intra8=0 intra4=0 reftype=0
  snapshot f198: 3 venc_ko blocks (pool0 0x73801000 len 0x10000)
src frame 199: srcf=25 off=0 br=8000
frame 199: send=0x0 get=0x0 len=1159 coding=1 startqp=0 meanqp=0 picbytes=0 pskip=0 nalus=1 n1:1159
  cu: inter64=0 inter32=0 inter16=0 inter8=0 intra32=0 intra16=0 intra8=0 intra4=0 reftype=0
  snapshot f199: 3 venc_ko blocks (pool0 0x73801000 len 0x10000)
src frame 200: srcf=26 off=0 br=8000
frame 200: send=0x0 get=0x0 len=1160 coding=1 startqp=0 meanqp=0 picbytes=0 pskip=0 nalus=1 n1:1160
  cu: inter64=0 inter32=0 inter16=0 inter8=0 intra32=0 intra16=0 intra8=0 intra4=0 reftype=0
  snapshot f200: 3 venc_ko blocks (pool0 0x73801000 len 0x10000)
src frame 201: srcf=27 off=0 br=8000
frame 201: send=0x0 get=0x0 len=1157 coding=1 startqp=0 meanqp=0 picbytes=0 pskip=0 nalus=1 n1:1157
  cu: inter64=0 inter32=0 inter16=0 inter8=0 intra32=0 intra16=0 intra8=0 intra4=0 reftype=0
  snapshot f201: 3 venc_ko blocks (pool0 0x73801000 len 0x10000)
src frame 202: srcf=28 off=0 br=8000
frame 202: send=0x0 get=0x0 len=1156 coding=1 startqp=0 meanqp=0 picbytes=0 pskip=0 nalus=1 n1:1156
  cu: inter64=0 inter32=0 inter16=0 inter8=0 intra32=0 intra16=0 intra8=0 intra4=0 reftype=0
  snapshot f202: 3 venc_ko blocks (pool0 0x73801000 len 0x10000)
src frame 203: srcf=29 off=0 br=8000
frame 203: send=0x0 get=0x0 len=1139 coding=1 startqp=0 meanqp=0 picbytes=0 pskip=0 nalus=1 n1:1139
  cu: inter64=0 inter32=0 inter16=0 inter8=0 intra32=0 intra16=0 intra8=0 intra4=0 reftype=0
  snapshot f203: 3 venc_ko blocks (pool0 0x73801000 len 0x10000)
src frame 204: srcf=28 off=0 br=8000
frame 204: send=0x0 get=0x0 len=1143 coding=1 startqp=0 meanqp=0 picbytes=0 pskip=0 nalus=1 n1:1143
  cu: inter64=0 inter32=0 inter16=0 inter8=0 intra32=0 intra16=0 intra8=0 intra4=0 reftype=0
  snapshot f204: 3 venc_ko blocks (pool0 0x73801000 len 0x10000)
src frame 205: srcf=27 off=0 br=8000
frame 205: send=0x0 get=0x0 len=1142 coding=1 startqp=0 meanqp=0 picbytes=0 pskip=0 nalus=1 n1:1142
  cu: inter64=0 inter32=0 inter16=0 inter8=0 intra32=0 intra16=0 intra8=0 intra4=0 reftype=0
  snapshot f205: 3 venc_ko blocks (pool0 0x73801000 len 0x10000)
src frame 206: srcf=26 off=0 br=8000
frame 206: send=0x0 get=0x0 len=1123 coding=1 startqp=0 meanqp=0 picbytes=0 pskip=0 nalus=1 n1:1123
  cu: inter64=0 inter32=0 inter16=0 inter8=0 intra32=0 intra16=0 intra8=0 intra4=0 reftype=0
  snapshot f206: 3 venc_ko blocks (pool0 0x73801000 len 0x10000)
src frame 207: srcf=25 off=0 br=8000
frame 207: send=0x0 get=0x0 len=1118 coding=1 startqp=0 meanqp=0 picbytes=0 pskip=0 nalus=1 n1:1118
  cu: inter64=0 inter32=0 inter16=0 inter8=0 intra32=0 intra16=0 intra8=0 intra4=0 reftype=0
  snapshot f207: 3 venc_ko blocks (pool0 0x73801000 len 0x10000)
src frame 208: srcf=24 off=0 br=8000
frame 208: send=0x0 get=0x0 len=1114 coding=1 startqp=0 meanqp=0 picbytes=0 pskip=0 nalus=1 n1:1114
  cu: inter64=0 inter32=0 inter16=0 inter8=0 intra32=0 intra16=0 intra8=0 intra4=0 reftype=0
  snapshot f208: 3 venc_ko blocks (pool0 0x73801000 len 0x10000)
src frame 209: srcf=23 off=0 br=8000
frame 209: send=0x0 get=0x0 len=1114 coding=1 startqp=0 meanqp=0 picbytes=0 pskip=0 nalus=1 n1:1114
  cu: inter64=0 inter32=0 inter16=0 inter8=0 intra32=0 intra16=0 intra8=0 intra4=0 reftype=0
  snapshot f209: 3 venc_ko blocks (pool0 0x73801000 len 0x10000)
src frame 210: srcf=22 off=0 br=8000
frame 210: send=0x0 get=0x0 len=57269 coding=0 startqp=0 meanqp=0 picbytes=0 pskip=0 nalus=4 n32:27 n33:53 n34:12 n19:57177
  cu: inter64=0 inter32=0 inter16=0 inter8=0 intra32=0 intra16=0 intra8=0 intra4=0 reftype=0
  snapshot f210: 3 venc_ko blocks (pool0 0x73801000 len 0x10000)
src frame 211: srcf=21 off=0 br=8000
frame 211: send=0x0 get=0x0 len=7497 coding=1 startqp=0 meanqp=0 picbytes=0 pskip=0 nalus=1 n1:7497
  cu: inter64=0 inter32=0 inter16=0 inter8=0 intra32=0 intra16=0 intra8=0 intra4=0 reftype=0
  snapshot f211: 3 venc_ko blocks (pool0 0x73801000 len 0x10000)
src frame 212: srcf=20 off=0 br=8000
frame 212: send=0x0 get=0x0 len=4075 coding=1 startqp=0 meanqp=0 picbytes=0 pskip=0 nalus=1 n1:4075
  cu: inter64=0 inter32=0 inter16=0 inter8=0 intra32=0 intra16=0 intra8=0 intra4=0 reftype=0
  snapshot f212: 3 venc_ko blocks (pool0 0x73801000 len 0x10000)
src frame 213: srcf=19 off=0 br=8000
frame 213: send=0x0 get=0x0 len=1971 coding=1 startqp=0 meanqp=0 picbytes=0 pskip=0 nalus=1 n1:1971
  cu: inter64=0 inter32=0 inter16=0 inter8=0 intra32=0 intra16=0 intra8=0 intra4=0 reftype=0
  snapshot f213: 3 venc_ko blocks (pool0 0x73801000 len 0x10000)
src frame 214: srcf=18 off=0 br=8000
frame 214: send=0x0 get=0x0 len=1817 coding=1 startqp=0 meanqp=0 picbytes=0 pskip=0 nalus=1 n1:1817
  cu: inter64=0 inter32=0 inter16=0 inter8=0 intra32=0 intra16=0 intra8=0 intra4=0 reftype=0
  snapshot f214: 3 venc_ko blocks (pool0 0x73801000 len 0x10000)
src frame 215: srcf=17 off=0 br=8000
frame 215: send=0x0 get=0x0 len=1835 coding=1 startqp=0 meanqp=0 picbytes=0 pskip=0 nalus=1 n1:1835
  cu: inter64=0 inter32=0 inter16=0 inter8=0 intra32=0 intra16=0 intra8=0 intra4=0 reftype=0
  snapshot f215: 3 venc_ko blocks (pool0 0x73801000 len 0x10000)
src frame 216: srcf=16 off=0 br=8000
frame 216: send=0x0 get=0x0 len=1826 coding=1 startqp=0 meanqp=0 picbytes=0 pskip=0 nalus=1 n1:1826
  cu: inter64=0 inter32=0 inter16=0 inter8=0 intra32=0 intra16=0 intra8=0 intra4=0 reftype=0
  snapshot f216: 3 venc_ko blocks (pool0 0x73801000 len 0x10000)
src frame 217: srcf=15 off=0 br=8000
frame 217: send=0x0 get=0x0 len=1826 coding=1 startqp=0 meanqp=0 picbytes=0 pskip=0 nalus=1 n1:1826
  cu: inter64=0 inter32=0 inter16=0 inter8=0 intra32=0 intra16=0 intra8=0 intra4=0 reftype=0
  snapshot f217: 3 venc_ko blocks (pool0 0x73801000 len 0x10000)
src frame 218: srcf=14 off=0 br=8000
frame 218: send=0x0 get=0x0 len=1774 coding=1 startqp=0 meanqp=0 picbytes=0 pskip=0 nalus=1 n1:1774
  cu: inter64=0 inter32=0 inter16=0 inter8=0 intra32=0 intra16=0 intra8=0 intra4=0 reftype=0
  snapshot f218: 3 venc_ko blocks (pool0 0x73801000 len 0x10000)
src frame 219: srcf=13 off=0 br=8000
frame 219: send=0x0 get=0x0 len=1568 coding=1 startqp=0 meanqp=0 picbytes=0 pskip=0 nalus=1 n1:1568
  cu: inter64=0 inter32=0 inter16=0 inter8=0 intra32=0 intra16=0 intra8=0 intra4=0 reftype=0
  snapshot f219: 3 venc_ko blocks (pool0 0x73801000 len 0x10000)
src frame 220: srcf=12 off=0 br=8000
frame 220: send=0x0 get=0x0 len=1526 coding=1 startqp=0 meanqp=0 picbytes=0 pskip=0 nalus=1 n1:1526
  cu: inter64=0 inter32=0 inter16=0 inter8=0 intra32=0 intra16=0 intra8=0 intra4=0 reftype=0
  snapshot f220: 3 venc_ko blocks (pool0 0x73801000 len 0x10000)
src frame 221: srcf=11 off=0 br=8000
frame 221: send=0x0 get=0x0 len=1493 coding=1 startqp=0 meanqp=0 picbytes=0 pskip=0 nalus=1 n1:1493
  cu: inter64=0 inter32=0 inter16=0 inter8=0 intra32=0 intra16=0 intra8=0 intra4=0 reftype=0
  snapshot f221: 3 venc_ko blocks (pool0 0x73801000 len 0x10000)
src frame 222: srcf=10 off=0 br=8000
frame 222: send=0x0 get=0x0 len=1352 coding=1 startqp=0 meanqp=0 picbytes=0 pskip=0 nalus=1 n1:1352
  cu: inter64=0 inter32=0 inter16=0 inter8=0 intra32=0 intra16=0 intra8=0 intra4=0 reftype=0
  snapshot f222: 3 venc_ko blocks (pool0 0x73801000 len 0x10000)
src frame 223: srcf=9 off=0 br=8000
frame 223: send=0x0 get=0x0 len=1135 coding=1 startqp=0 meanqp=0 picbytes=0 pskip=0 nalus=1 n1:1135
  cu: inter64=0 inter32=0 inter16=0 inter8=0 intra32=0 intra16=0 intra8=0 intra4=0 reftype=0
  snapshot f223: 3 venc_ko blocks (pool0 0x73801000 len 0x10000)
src frame 224: srcf=8 off=0 br=8000
frame 224: send=0x0 get=0x0 len=1115 coding=1 startqp=0 meanqp=0 picbytes=0 pskip=0 nalus=1 n1:1115
  cu: inter64=0 inter32=0 inter16=0 inter8=0 intra32=0 intra16=0 intra8=0 intra4=0 reftype=0
  snapshot f224: 3 venc_ko blocks (pool0 0x73801000 len 0x10000)
src frame 225: srcf=7 off=0 br=8000
frame 225: send=0x0 get=0x0 len=1115 coding=1 startqp=0 meanqp=0 picbytes=0 pskip=0 nalus=1 n1:1115
  cu: inter64=0 inter32=0 inter16=0 inter8=0 intra32=0 intra16=0 intra8=0 intra4=0 reftype=0
  snapshot f225: 3 venc_ko blocks (pool0 0x73801000 len 0x10000)
src frame 226: srcf=6 off=0 br=8000
frame 226: send=0x0 get=0x0 len=1115 coding=1 startqp=0 meanqp=0 picbytes=0 pskip=0 nalus=1 n1:1115
  cu: inter64=0 inter32=0 inter16=0 inter8=0 intra32=0 intra16=0 intra8=0 intra4=0 reftype=0
  snapshot f226: 3 venc_ko blocks (pool0 0x73801000 len 0x10000)
src frame 227: srcf=5 off=0 br=8000
frame 227: send=0x0 get=0x0 len=1115 coding=1 startqp=0 meanqp=0 picbytes=0 pskip=0 nalus=1 n1:1115
  cu: inter64=0 inter32=0 inter16=0 inter8=0 intra32=0 intra16=0 intra8=0 intra4=0 reftype=0
  snapshot f227: 3 venc_ko blocks (pool0 0x73801000 len 0x10000)
src frame 228: srcf=4 off=0 br=8000
frame 228: send=0x0 get=0x0 len=1115 coding=1 startqp=0 meanqp=0 picbytes=0 pskip=0 nalus=1 n1:1115
  cu: inter64=0 inter32=0 inter16=0 inter8=0 intra32=0 intra16=0 intra8=0 intra4=0 reftype=0
  snapshot f228: 3 venc_ko blocks (pool0 0x73801000 len 0x10000)
src frame 229: srcf=3 off=0 br=8000
frame 229: send=0x0 get=0x0 len=1115 coding=1 startqp=0 meanqp=0 picbytes=0 pskip=0 nalus=1 n1:1115
  cu: inter64=0 inter32=0 inter16=0 inter8=0 intra32=0 intra16=0 intra8=0 intra4=0 reftype=0
  snapshot f229: 3 venc_ko blocks (pool0 0x73801000 len 0x10000)
src frame 230: srcf=2 off=0 br=8000
frame 230: send=0x0 get=0x0 len=1115 coding=1 startqp=0 meanqp=0 picbytes=0 pskip=0 nalus=1 n1:1115
  cu: inter64=0 inter32=0 inter16=0 inter8=0 intra32=0 intra16=0 intra8=0 intra4=0 reftype=0
  snapshot f230: 3 venc_ko blocks (pool0 0x73801000 len 0x10000)
src frame 231: srcf=1 off=0 br=8000
frame 231: send=0x0 get=0x0 len=1115 coding=1 startqp=0 meanqp=0 picbytes=0 pskip=0 nalus=1 n1:1115
  cu: inter64=0 inter32=0 inter16=0 inter8=0 intra32=0 intra16=0 intra8=0 intra4=0 reftype=0
  snapshot f231: 3 venc_ko blocks (pool0 0x73801000 len 0x10000)
src frame 232: srcf=0 off=0 br=8000
frame 232: send=0x0 get=0x0 len=1115 coding=1 startqp=0 meanqp=0 picbytes=0 pskip=0 nalus=1 n1:1115
  cu: inter64=0 inter32=0 inter16=0 inter8=0 intra32=0 intra16=0 intra8=0 intra4=0 reftype=0
  snapshot f232: 3 venc_ko blocks (pool0 0x73801000 len 0x10000)
src frame 233: srcf=1 off=0 br=8000
frame 233: send=0x0 get=0x0 len=1115 coding=1 startqp=0 meanqp=0 picbytes=0 pskip=0 nalus=1 n1:1115
  cu: inter64=0 inter32=0 inter16=0 inter8=0 intra32=0 intra16=0 intra8=0 intra4=0 reftype=0
  snapshot f233: 3 venc_ko blocks (pool0 0x73801000 len 0x10000)
src frame 234: srcf=2 off=0 br=8000
frame 234: send=0x0 get=0x0 len=1115 coding=1 startqp=0 meanqp=0 picbytes=0 pskip=0 nalus=1 n1:1115
  cu: inter64=0 inter32=0 inter16=0 inter8=0 intra32=0 intra16=0 intra8=0 intra4=0 reftype=0
  snapshot f234: 3 venc_ko blocks (pool0 0x73801000 len 0x10000)
src frame 235: srcf=3 off=0 br=8000
frame 235: send=0x0 get=0x0 len=1115 coding=1 startqp=0 meanqp=0 picbytes=0 pskip=0 nalus=1 n1:1115
  cu: inter64=0 inter32=0 inter16=0 inter8=0 intra32=0 intra16=0 intra8=0 intra4=0 reftype=0
  snapshot f235: 3 venc_ko blocks (pool0 0x73801000 len 0x10000)
src frame 236: srcf=4 off=0 br=8000
frame 236: send=0x0 get=0x0 len=1115 coding=1 startqp=0 meanqp=0 picbytes=0 pskip=0 nalus=1 n1:1115
  cu: inter64=0 inter32=0 inter16=0 inter8=0 intra32=0 intra16=0 intra8=0 intra4=0 reftype=0
  snapshot f236: 3 venc_ko blocks (pool0 0x73801000 len 0x10000)
src frame 237: srcf=5 off=0 br=8000
frame 237: send=0x0 get=0x0 len=1115 coding=1 startqp=0 meanqp=0 picbytes=0 pskip=0 nalus=1 n1:1115
  cu: inter64=0 inter32=0 inter16=0 inter8=0 intra32=0 intra16=0 intra8=0 intra4=0 reftype=0
  snapshot f237: 3 venc_ko blocks (pool0 0x73801000 len 0x10000)
src frame 238: srcf=6 off=0 br=8000
frame 238: send=0x0 get=0x0 len=1115 coding=1 startqp=0 meanqp=0 picbytes=0 pskip=0 nalus=1 n1:1115
  cu: inter64=0 inter32=0 inter16=0 inter8=0 intra32=0 intra16=0 intra8=0 intra4=0 reftype=0
  snapshot f238: 3 venc_ko blocks (pool0 0x73801000 len 0x10000)
src frame 239: srcf=7 off=0 br=8000
frame 239: send=0x0 get=0x0 len=1115 coding=1 startqp=0 meanqp=0 picbytes=0 pskip=0 nalus=1 n1:1115
  cu: inter64=0 inter32=0 inter16=0 inter8=0 intra32=0 intra16=0 intra8=0 intra4=0 reftype=0
  snapshot f239: 3 venc_ko blocks (pool0 0x73801000 len 0x10000)
---- /proc/ax_proc/venc ----
-------- VENC VERSION ------------------------
[Axera version]: ax_venc V3.0.0_20250319114413 Mar 19 2025 11:58:34 JK

-------- MODULE PARAM ------------------------
MaxChnNum   MaxRoiNum   MaxProcNum  
16          8           16          

-------- VENC CHN ATTR 1 ------------------------
ID    Type    wSrc    hSrc    Strd0   Strd1   maxW    maxH    PixFmt  link  InFifoDep    OutFifoDep   InDbgFifoLen InDbgFifoDep StrmBufSize(KB)
7     h265    1920    1080    3840    0       1920    1080    YUYV422 N     2            2            0            4            4114      
-------- VENC CHN ATTR 2 ------------------------
ID    [CropEn StartX  StartY  CropW   CropH]  Rotation  EncW    EncH    FrmSize      PTS          SeqNum       CompMode     CompLevel    PhyAddr0     PhyAddr1     PhyAddr2     
7     N       0       0       0       0       0         1920    1080    4147200      3266666      197          NONE         0            742cb000     0            0            
-------- VENC RC ATTR 1 ------------------------
ID    RcMode    SrcFr   DstFr   Br(kbps)  MinQp   MaxQp   MinIQp  MaxIQp  IQpDelta  IpropMax   IpropMin   StartQp    QpDltRng   DeBrQpDlt  SvcEn   ChgPos  StillPercent MaxStillQp 
7     CBR       60.00   60.00   8000      10      51      10      51      0         40         10         -1         2          0          False   -       -            -          
-------- VENC RC ATTR 2  -----------------------
ID    QMapQpType  QMapUnit    QMapBlkType IQp   PQp   MinQpDelta MaxQpDelta MaxBitRate shtStaTime ltStaTime  ltMinBr  ltMaxBr  Br_ST(kbps)    Br_LT(kbps)    
7     N/A         64x64       N/A         -     -     -          -          -          -          -          -        -        -              -              
-------- VENC GOP ATTR  ------------------------
ID    GopMode   Gop   GopVI 
7     NormalP   30    0     
-------- VENC STATUS 1 -------------------------
ID    RJEn         RJThr(bps)   RJMode       RJEncGaps    SupFrmEn     SupPri       SupThrI      SupThrP      SplitEn      SliceNum     Range(In)    Range(out)   
7     N            0            Normal       0            N            0            500000       500000       N            0            Full         Full         
-------- VENC STATUS 2 -------------------------
ID    ChnStat   FrmRecv   FrmRls    FrmEnc    FrmDrop   FrmDup    EncFail   MissMatch StrmGet   StrmRls   OutFps    RealBr    ReEncCnt  DropCnt   BlkFail   GrpID     PID     TID     ThNum   RefInc    RefDec    Fail1   Fail2   Fail3   Fail4   
7     STARTED   198       197       197       0         0         0         0         197       197       49.50     1643.99   0         0         0         -1        130377  130381  1       198       197       0       0       0       0       
-------- VENC HW STATUS  ------------------------
ID    OverFlow     TimeOut      
7     0            0            
-------- VENC ROI INFO  ------------------------
ID    Index        bEnable      bAbsQp       RoiQP        Width        Height       StartX       StartY       
done h265_static8000
rc=0
== h265_static8000: codec=h265 rc=cbr br=8000 fps=60 gop=30 frames=240 total=877150 B achieved=1754 kbps
I frames (frame:qp/bytes): 0:32/28832 30:30/32398 60:28/36212 90:26/39762 120:24/43593 150:22/48092 180:20/52509 210:18/57269
first P after each I (frame:qp): 1:35 31:33 61:31 91:29 121:27 151:25 181:23 211:21
per-GOP: gop#: kbps I_qp P_qp[min..max] P_qp_last
  0: 1690 kbps I=[32] P=[21..35] last=21 n=30
  1: 1803 kbps I=[30] P=[19..33] last=19 n=30
  2: 1789 kbps I=[28] P=[17..31] last=17 n=30
  3: 1819 kbps I=[26] P=[15..29] last=15 n=30
  4: 1787 kbps I=[24] P=[13..27] last=13 n=30
  5: 1749 kbps I=[22] P=[11..25] last=11 n=30
  6: 1719 kbps I=[20] P=[10..23] last=10 n=30
  7: 1677 kbps I=[18] P=[10..21] last=10 n=30
P->P QP step histogram: -2:1 -1:106 +0:117
I->firstP QP delta: +3 +3 +3 +3 +3 +3 +3 +3
sw7 frame-QP == slice QP: 240/240 frames with a program agree; mismatches at []
slot flags: {'': 240}
sw105-107 distinct (I): [('0x1adb00', '0x1adb00', '0x1adb00'), ('0x2361f8', '0x2361f8', '0x2361f8'), ('0x26ebc4', '0x26ebc4', '0x26ebc4')]
sw172/173 distinct: [('0x14f', '0x662'), ('0x14f', '0x66a')]
sw6 distinct (I / P): ['0x20000b'] ['0x200003']
=== h265_static16000: codec=h265 rc=cbr br=16000 nframes=240 src=/root/rc65/clips/static.yuyv motion=none
# vdrive tag=h265_static16000 codec=h265 1920x1080 rc=cbr br=16000 fps=60/60 gop=30 gopmode=normalp ltrint=0 ltrqpo=0 iqp=32 pqp=32 profile=0 level=153 tier=0 qp[10..51] iqp[10..51] iqd=0 firstqp=-1 iprop[10..40] idrrange=2 stattime=1 vq=0 ir=0/0 slice=0 debreath=0 scd=-1 rowqpd=-1 vui=-1 move=0 nframes=240
src=/root/rc65/clips/static.yuyv frames=30 loop=pingpong motion=none mstep=4 window=0..-1
AX_SYS_Init rc=0x0
AX_VENC_Init rc=0x0
AX_VENC_CreateChn(7) rc=0x0
StartRecvFrame rc=0x0
AX_POOL_CreatePool id=0x0
blk=0x5e000000 phys=0x742cb000 virt=0xffff81c15000
frame: modid=0x11 stride=1920 fmt=0xd
  snapshot pre: 3 venc_ko blocks (pool0 0x73801000 len 0x10000)
src frame 0: srcf=0 off=0 br=16000
frame 0: send=0x0 get=0x0 len=28832 coding=0 startqp=0 meanqp=0 picbytes=0 pskip=0 nalus=4 n32:27 n33:53 n34:11 n19:28741
  cu: inter64=0 inter32=0 inter16=0 inter8=0 intra32=0 intra16=0 intra8=0 intra4=0 reftype=0
  snapshot f000: 3 venc_ko blocks (pool0 0x73801000 len 0x10000)
src frame 1: srcf=1 off=0 br=16000
frame 1: send=0x0 get=0x0 len=4964 coding=1 startqp=0 meanqp=0 picbytes=0 pskip=0 nalus=1 n1:4964
  cu: inter64=0 inter32=0 inter16=0 inter8=0 intra32=0 intra16=0 intra8=0 intra4=0 reftype=0
  snapshot f001: 3 venc_ko blocks (pool0 0x73801000 len 0x10000)
src frame 2: srcf=2 off=0 br=16000
frame 2: send=0x0 get=0x0 len=5203 coding=1 startqp=0 meanqp=0 picbytes=0 pskip=0 nalus=1 n1:5203
  cu: inter64=0 inter32=0 inter16=0 inter8=0 intra32=0 intra16=0 intra8=0 intra4=0 reftype=0
  snapshot f002: 3 venc_ko blocks (pool0 0x73801000 len 0x10000)
src frame 3: srcf=3 off=0 br=16000
frame 3: send=0x0 get=0x0 len=2713 coding=1 startqp=0 meanqp=0 picbytes=0 pskip=0 nalus=1 n1:2713
  cu: inter64=0 inter32=0 inter16=0 inter8=0 intra32=0 intra16=0 intra8=0 intra4=0 reftype=0
  snapshot f003: 3 venc_ko blocks (pool0 0x73801000 len 0x10000)
src frame 4: srcf=4 off=0 br=16000
frame 4: send=0x0 get=0x0 len=3455 coding=1 startqp=0 meanqp=0 picbytes=0 pskip=0 nalus=1 n1:3455
  cu: inter64=0 inter32=0 inter16=0 inter8=0 intra32=0 intra16=0 intra8=0 intra4=0 reftype=0
  snapshot f004: 3 venc_ko blocks (pool0 0x73801000 len 0x10000)
src frame 5: srcf=5 off=0 br=16000
frame 5: send=0x0 get=0x0 len=3664 coding=1 startqp=0 meanqp=0 picbytes=0 pskip=0 nalus=1 n1:3664
  cu: inter64=0 inter32=0 inter16=0 inter8=0 intra32=0 intra16=0 intra8=0 intra4=0 reftype=0
  snapshot f005: 3 venc_ko blocks (pool0 0x73801000 len 0x10000)
src frame 6: srcf=6 off=0 br=16000
frame 6: send=0x0 get=0x0 len=3699 coding=1 startqp=0 meanqp=0 picbytes=0 pskip=0 nalus=1 n1:3699
  cu: inter64=0 inter32=0 inter16=0 inter8=0 intra32=0 intra16=0 intra8=0 intra4=0 reftype=0
  snapshot f006: 3 venc_ko blocks (pool0 0x73801000 len 0x10000)
src frame 7: srcf=7 off=0 br=16000
frame 7: send=0x0 get=0x0 len=4193 coding=1 startqp=0 meanqp=0 picbytes=0 pskip=0 nalus=1 n1:4193
  cu: inter64=0 inter32=0 inter16=0 inter8=0 intra32=0 intra16=0 intra8=0 intra4=0 reftype=0
  snapshot f007: 3 venc_ko blocks (pool0 0x73801000 len 0x10000)
src frame 8: srcf=8 off=0 br=16000
frame 8: send=0x0 get=0x0 len=4053 coding=1 startqp=0 meanqp=0 picbytes=0 pskip=0 nalus=1 n1:4053
  cu: inter64=0 inter32=0 inter16=0 inter8=0 intra32=0 intra16=0 intra8=0 intra4=0 reftype=0
  snapshot f008: 3 venc_ko blocks (pool0 0x73801000 len 0x10000)
src frame 9: srcf=9 off=0 br=16000
frame 9: send=0x0 get=0x0 len=4627 coding=1 startqp=0 meanqp=0 picbytes=0 pskip=0 nalus=1 n1:4627
  cu: inter64=0 inter32=0 inter16=0 inter8=0 intra32=0 intra16=0 intra8=0 intra4=0 reftype=0
  snapshot f009: 3 venc_ko blocks (pool0 0x73801000 len 0x10000)
src frame 10: srcf=10 off=0 br=16000
frame 10: send=0x0 get=0x0 len=4808 coding=1 startqp=0 meanqp=0 picbytes=0 pskip=0 nalus=1 n1:4808
  cu: inter64=0 inter32=0 inter16=0 inter8=0 intra32=0 intra16=0 intra8=0 intra4=0 reftype=0
  snapshot f010: 3 venc_ko blocks (pool0 0x73801000 len 0x10000)
src frame 11: srcf=11 off=0 br=16000
frame 11: send=0x0 get=0x0 len=5150 coding=1 startqp=0 meanqp=0 picbytes=0 pskip=0 nalus=1 n1:5150
  cu: inter64=0 inter32=0 inter16=0 inter8=0 intra32=0 intra16=0 intra8=0 intra4=0 reftype=0
  snapshot f011: 3 venc_ko blocks (pool0 0x73801000 len 0x10000)
src frame 12: srcf=12 off=0 br=16000
frame 12: send=0x0 get=0x0 len=5159 coding=1 startqp=0 meanqp=0 picbytes=0 pskip=0 nalus=1 n1:5159
  cu: inter64=0 inter32=0 inter16=0 inter8=0 intra32=0 intra16=0 intra8=0 intra4=0 reftype=0
  snapshot f012: 3 venc_ko blocks (pool0 0x73801000 len 0x10000)
src frame 13: srcf=13 off=0 br=16000
frame 13: send=0x0 get=0x0 len=5095 coding=1 startqp=0 meanqp=0 picbytes=0 pskip=0 nalus=1 n1:5095
  cu: inter64=0 inter32=0 inter16=0 inter8=0 intra32=0 intra16=0 intra8=0 intra4=0 reftype=0
  snapshot f013: 3 venc_ko blocks (pool0 0x73801000 len 0x10000)
src frame 14: srcf=14 off=0 br=16000
frame 14: send=0x0 get=0x0 len=6198 coding=1 startqp=0 meanqp=0 picbytes=0 pskip=0 nalus=1 n1:6198
  cu: inter64=0 inter32=0 inter16=0 inter8=0 intra32=0 intra16=0 intra8=0 intra4=0 reftype=0
  snapshot f014: 3 venc_ko blocks (pool0 0x73801000 len 0x10000)
src frame 15: srcf=15 off=0 br=16000
frame 15: send=0x0 get=0x0 len=1683 coding=1 startqp=0 meanqp=0 picbytes=0 pskip=0 nalus=1 n1:1683
  cu: inter64=0 inter32=0 inter16=0 inter8=0 intra32=0 intra16=0 intra8=0 intra4=0 reftype=0
  snapshot f015: 3 venc_ko blocks (pool0 0x73801000 len 0x10000)
src frame 16: srcf=16 off=0 br=16000
frame 16: send=0x0 get=0x0 len=1250 coding=1 startqp=0 meanqp=0 picbytes=0 pskip=0 nalus=1 n1:1250
  cu: inter64=0 inter32=0 inter16=0 inter8=0 intra32=0 intra16=0 intra8=0 intra4=0 reftype=0
  snapshot f016: 3 venc_ko blocks (pool0 0x73801000 len 0x10000)
src frame 17: srcf=17 off=0 br=16000
frame 17: send=0x0 get=0x0 len=1139 coding=1 startqp=0 meanqp=0 picbytes=0 pskip=0 nalus=1 n1:1139
  cu: inter64=0 inter32=0 inter16=0 inter8=0 intra32=0 intra16=0 intra8=0 intra4=0 reftype=0
  snapshot f017: 3 venc_ko blocks (pool0 0x73801000 len 0x10000)
src frame 18: srcf=18 off=0 br=16000
frame 18: send=0x0 get=0x0 len=977 coding=1 startqp=0 meanqp=0 picbytes=0 pskip=0 nalus=1 n1:977
  cu: inter64=0 inter32=0 inter16=0 inter8=0 intra32=0 intra16=0 intra8=0 intra4=0 reftype=0
  snapshot f018: 3 venc_ko blocks (pool0 0x73801000 len 0x10000)
src frame 19: srcf=19 off=0 br=16000
frame 19: send=0x0 get=0x0 len=902 coding=1 startqp=0 meanqp=0 picbytes=0 pskip=0 nalus=1 n1:902
  cu: inter64=0 inter32=0 inter16=0 inter8=0 intra32=0 intra16=0 intra8=0 intra4=0 reftype=0
  snapshot f019: 3 venc_ko blocks (pool0 0x73801000 len 0x10000)
src frame 20: srcf=20 off=0 br=16000
frame 20: send=0x0 get=0x0 len=854 coding=1 startqp=0 meanqp=0 picbytes=0 pskip=0 nalus=1 n1:854
  cu: inter64=0 inter32=0 inter16=0 inter8=0 intra32=0 intra16=0 intra8=0 intra4=0 reftype=0
  snapshot f020: 3 venc_ko blocks (pool0 0x73801000 len 0x10000)
src frame 21: srcf=21 off=0 br=16000
frame 21: send=0x0 get=0x0 len=785 coding=1 startqp=0 meanqp=0 picbytes=0 pskip=0 nalus=1 n1:785
  cu: inter64=0 inter32=0 inter16=0 inter8=0 intra32=0 intra16=0 intra8=0 intra4=0 reftype=0
  snapshot f021: 3 venc_ko blocks (pool0 0x73801000 len 0x10000)
src frame 22: srcf=22 off=0 br=16000
frame 22: send=0x0 get=0x0 len=776 coding=1 startqp=0 meanqp=0 picbytes=0 pskip=0 nalus=1 n1:776
  cu: inter64=0 inter32=0 inter16=0 inter8=0 intra32=0 intra16=0 intra8=0 intra4=0 reftype=0
  snapshot f022: 3 venc_ko blocks (pool0 0x73801000 len 0x10000)
src frame 23: srcf=23 off=0 br=16000
frame 23: send=0x0 get=0x0 len=783 coding=1 startqp=0 meanqp=0 picbytes=0 pskip=0 nalus=1 n1:783
  cu: inter64=0 inter32=0 inter16=0 inter8=0 intra32=0 intra16=0 intra8=0 intra4=0 reftype=0
  snapshot f023: 3 venc_ko blocks (pool0 0x73801000 len 0x10000)
src frame 24: srcf=24 off=0 br=16000
frame 24: send=0x0 get=0x0 len=777 coding=1 startqp=0 meanqp=0 picbytes=0 pskip=0 nalus=1 n1:777
  cu: inter64=0 inter32=0 inter16=0 inter8=0 intra32=0 intra16=0 intra8=0 intra4=0 reftype=0
  snapshot f024: 3 venc_ko blocks (pool0 0x73801000 len 0x10000)
src frame 25: srcf=25 off=0 br=16000
frame 25: send=0x0 get=0x0 len=774 coding=1 startqp=0 meanqp=0 picbytes=0 pskip=0 nalus=1 n1:774
  cu: inter64=0 inter32=0 inter16=0 inter8=0 intra32=0 intra16=0 intra8=0 intra4=0 reftype=0
  snapshot f025: 3 venc_ko blocks (pool0 0x73801000 len 0x10000)
src frame 26: srcf=26 off=0 br=16000
frame 26: send=0x0 get=0x0 len=773 coding=1 startqp=0 meanqp=0 picbytes=0 pskip=0 nalus=1 n1:773
  cu: inter64=0 inter32=0 inter16=0 inter8=0 intra32=0 intra16=0 intra8=0 intra4=0 reftype=0
  snapshot f026: 3 venc_ko blocks (pool0 0x73801000 len 0x10000)
src frame 27: srcf=27 off=0 br=16000
frame 27: send=0x0 get=0x0 len=775 coding=1 startqp=0 meanqp=0 picbytes=0 pskip=0 nalus=1 n1:775
  cu: inter64=0 inter32=0 inter16=0 inter8=0 intra32=0 intra16=0 intra8=0 intra4=0 reftype=0
  snapshot f027: 3 venc_ko blocks (pool0 0x73801000 len 0x10000)
src frame 28: srcf=28 off=0 br=16000
frame 28: send=0x0 get=0x0 len=758 coding=1 startqp=0 meanqp=0 picbytes=0 pskip=0 nalus=1 n1:758
  cu: inter64=0 inter32=0 inter16=0 inter8=0 intra32=0 intra16=0 intra8=0 intra4=0 reftype=0
  snapshot f028: 3 venc_ko blocks (pool0 0x73801000 len 0x10000)
src frame 29: srcf=29 off=0 br=16000
frame 29: send=0x0 get=0x0 len=772 coding=1 startqp=0 meanqp=0 picbytes=0 pskip=0 nalus=1 n1:772
  cu: inter64=0 inter32=0 inter16=0 inter8=0 intra32=0 intra16=0 intra8=0 intra4=0 reftype=0
  snapshot f029: 3 venc_ko blocks (pool0 0x73801000 len 0x10000)
src frame 30: srcf=28 off=0 br=16000
frame 30: send=0x0 get=0x0 len=32398 coding=0 startqp=0 meanqp=0 picbytes=0 pskip=0 nalus=4 n32:27 n33:53 n34:11 n19:32307
  cu: inter64=0 inter32=0 inter16=0 inter8=0 intra32=0 intra16=0 intra8=0 intra4=0 reftype=0
  snapshot f030: 3 venc_ko blocks (pool0 0x73801000 len 0x10000)
src frame 31: srcf=27 off=0 br=16000
frame 31: send=0x0 get=0x0 len=5066 coding=1 startqp=0 meanqp=0 picbytes=0 pskip=0 nalus=1 n1:5066
  cu: inter64=0 inter32=0 inter16=0 inter8=0 intra32=0 intra16=0 intra8=0 intra4=0 reftype=0
  snapshot f031: 3 venc_ko blocks (pool0 0x73801000 len 0x10000)
src frame 32: srcf=26 off=0 br=16000
frame 32: send=0x0 get=0x0 len=2456 coding=1 startqp=0 meanqp=0 picbytes=0 pskip=0 nalus=1 n1:2456
  cu: inter64=0 inter32=0 inter16=0 inter8=0 intra32=0 intra16=0 intra8=0 intra4=0 reftype=0
  snapshot f032: 3 venc_ko blocks (pool0 0x73801000 len 0x10000)
src frame 33: srcf=25 off=0 br=16000
frame 33: send=0x0 get=0x0 len=2992 coding=1 startqp=0 meanqp=0 picbytes=0 pskip=0 nalus=1 n1:2992
  cu: inter64=0 inter32=0 inter16=0 inter8=0 intra32=0 intra16=0 intra8=0 intra4=0 reftype=0
  snapshot f033: 3 venc_ko blocks (pool0 0x73801000 len 0x10000)
src frame 34: srcf=24 off=0 br=16000
frame 34: send=0x0 get=0x0 len=3165 coding=1 startqp=0 meanqp=0 picbytes=0 pskip=0 nalus=1 n1:3165
  cu: inter64=0 inter32=0 inter16=0 inter8=0 intra32=0 intra16=0 intra8=0 intra4=0 reftype=0
  snapshot f034: 3 venc_ko blocks (pool0 0x73801000 len 0x10000)
src frame 35: srcf=23 off=0 br=16000
frame 35: send=0x0 get=0x0 len=3418 coding=1 startqp=0 meanqp=0 picbytes=0 pskip=0 nalus=1 n1:3418
  cu: inter64=0 inter32=0 inter16=0 inter8=0 intra32=0 intra16=0 intra8=0 intra4=0 reftype=0
  snapshot f035: 3 venc_ko blocks (pool0 0x73801000 len 0x10000)
src frame 36: srcf=22 off=0 br=16000
frame 36: send=0x0 get=0x0 len=3552 coding=1 startqp=0 meanqp=0 picbytes=0 pskip=0 nalus=1 n1:3552
  cu: inter64=0 inter32=0 inter16=0 inter8=0 intra32=0 intra16=0 intra8=0 intra4=0 reftype=0
  snapshot f036: 3 venc_ko blocks (pool0 0x73801000 len 0x10000)
src frame 37: srcf=21 off=0 br=16000
frame 37: send=0x0 get=0x0 len=3947 coding=1 startqp=0 meanqp=0 picbytes=0 pskip=0 nalus=1 n1:3947
  cu: inter64=0 inter32=0 inter16=0 inter8=0 intra32=0 intra16=0 intra8=0 intra4=0 reftype=0
  snapshot f037: 3 venc_ko blocks (pool0 0x73801000 len 0x10000)
src frame 38: srcf=20 off=0 br=16000
frame 38: send=0x0 get=0x0 len=4149 coding=1 startqp=0 meanqp=0 picbytes=0 pskip=0 nalus=1 n1:4149
  cu: inter64=0 inter32=0 inter16=0 inter8=0 intra32=0 intra16=0 intra8=0 intra4=0 reftype=0
  snapshot f038: 3 venc_ko blocks (pool0 0x73801000 len 0x10000)
src frame 39: srcf=19 off=0 br=16000
frame 39: send=0x0 get=0x0 len=4591 coding=1 startqp=0 meanqp=0 picbytes=0 pskip=0 nalus=1 n1:4591
  cu: inter64=0 inter32=0 inter16=0 inter8=0 intra32=0 intra16=0 intra8=0 intra4=0 reftype=0
  snapshot f039: 3 venc_ko blocks (pool0 0x73801000 len 0x10000)
src frame 40: srcf=18 off=0 br=16000
frame 40: send=0x0 get=0x0 len=4863 coding=1 startqp=0 meanqp=0 picbytes=0 pskip=0 nalus=1 n1:4863
  cu: inter64=0 inter32=0 inter16=0 inter8=0 intra32=0 intra16=0 intra8=0 intra4=0 reftype=0
  snapshot f040: 3 venc_ko blocks (pool0 0x73801000 len 0x10000)
src frame 41: srcf=17 off=0 br=16000
frame 41: send=0x0 get=0x0 len=5142 coding=1 startqp=0 meanqp=0 picbytes=0 pskip=0 nalus=1 n1:5142
  cu: inter64=0 inter32=0 inter16=0 inter8=0 intra32=0 intra16=0 intra8=0 intra4=0 reftype=0
  snapshot f041: 3 venc_ko blocks (pool0 0x73801000 len 0x10000)
src frame 42: srcf=16 off=0 br=16000
frame 42: send=0x0 get=0x0 len=5402 coding=1 startqp=0 meanqp=0 picbytes=0 pskip=0 nalus=1 n1:5402
  cu: inter64=0 inter32=0 inter16=0 inter8=0 intra32=0 intra16=0 intra8=0 intra4=0 reftype=0
  snapshot f042: 3 venc_ko blocks (pool0 0x73801000 len 0x10000)
src frame 43: srcf=15 off=0 br=16000
frame 43: send=0x0 get=0x0 len=5812 coding=1 startqp=0 meanqp=0 picbytes=0 pskip=0 nalus=1 n1:5812
  cu: inter64=0 inter32=0 inter16=0 inter8=0 intra32=0 intra16=0 intra8=0 intra4=0 reftype=0
  snapshot f043: 3 venc_ko blocks (pool0 0x73801000 len 0x10000)
src frame 44: srcf=14 off=0 br=16000
frame 44: send=0x0 get=0x0 len=6457 coding=1 startqp=0 meanqp=0 picbytes=0 pskip=0 nalus=1 n1:6457
  cu: inter64=0 inter32=0 inter16=0 inter8=0 intra32=0 intra16=0 intra8=0 intra4=0 reftype=0
  snapshot f044: 3 venc_ko blocks (pool0 0x73801000 len 0x10000)
src frame 45: srcf=13 off=0 br=16000
frame 45: send=0x0 get=0x0 len=3502 coding=1 startqp=0 meanqp=0 picbytes=0 pskip=0 nalus=1 n1:3502
  cu: inter64=0 inter32=0 inter16=0 inter8=0 intra32=0 intra16=0 intra8=0 intra4=0 reftype=0
  snapshot f045: 3 venc_ko blocks (pool0 0x73801000 len 0x10000)
src frame 46: srcf=12 off=0 br=16000
frame 46: send=0x0 get=0x0 len=1523 coding=1 startqp=0 meanqp=0 picbytes=0 pskip=0 nalus=1 n1:1523
  cu: inter64=0 inter32=0 inter16=0 inter8=0 intra32=0 intra16=0 intra8=0 intra4=0 reftype=0
  snapshot f046: 3 venc_ko blocks (pool0 0x73801000 len 0x10000)
src frame 47: srcf=11 off=0 br=16000
frame 47: send=0x0 get=0x0 len=1230 coding=1 startqp=0 meanqp=0 picbytes=0 pskip=0 nalus=1 n1:1230
  cu: inter64=0 inter32=0 inter16=0 inter8=0 intra32=0 intra16=0 intra8=0 intra4=0 reftype=0
  snapshot f047: 3 venc_ko blocks (pool0 0x73801000 len 0x10000)
src frame 48: srcf=10 off=0 br=16000
frame 48: send=0x0 get=0x0 len=1108 coding=1 startqp=0 meanqp=0 picbytes=0 pskip=0 nalus=1 n1:1108
  cu: inter64=0 inter32=0 inter16=0 inter8=0 intra32=0 intra16=0 intra8=0 intra4=0 reftype=0
  snapshot f048: 3 venc_ko blocks (pool0 0x73801000 len 0x10000)
src frame 49: srcf=9 off=0 br=16000
frame 49: send=0x0 get=0x0 len=1003 coding=1 startqp=0 meanqp=0 picbytes=0 pskip=0 nalus=1 n1:1003
  cu: inter64=0 inter32=0 inter16=0 inter8=0 intra32=0 intra16=0 intra8=0 intra4=0 reftype=0
  snapshot f049: 3 venc_ko blocks (pool0 0x73801000 len 0x10000)
src frame 50: srcf=8 off=0 br=16000
frame 50: send=0x0 get=0x0 len=971 coding=1 startqp=0 meanqp=0 picbytes=0 pskip=0 nalus=1 n1:971
  cu: inter64=0 inter32=0 inter16=0 inter8=0 intra32=0 intra16=0 intra8=0 intra4=0 reftype=0
  snapshot f050: 3 venc_ko blocks (pool0 0x73801000 len 0x10000)
src frame 51: srcf=7 off=0 br=16000
frame 51: send=0x0 get=0x0 len=964 coding=1 startqp=0 meanqp=0 picbytes=0 pskip=0 nalus=1 n1:964
  cu: inter64=0 inter32=0 inter16=0 inter8=0 intra32=0 intra16=0 intra8=0 intra4=0 reftype=0
  snapshot f051: 3 venc_ko blocks (pool0 0x73801000 len 0x10000)
src frame 52: srcf=6 off=0 br=16000
frame 52: send=0x0 get=0x0 len=938 coding=1 startqp=0 meanqp=0 picbytes=0 pskip=0 nalus=1 n1:938
  cu: inter64=0 inter32=0 inter16=0 inter8=0 intra32=0 intra16=0 intra8=0 intra4=0 reftype=0
  snapshot f052: 3 venc_ko blocks (pool0 0x73801000 len 0x10000)
src frame 53: srcf=5 off=0 br=16000
frame 53: send=0x0 get=0x0 len=915 coding=1 startqp=0 meanqp=0 picbytes=0 pskip=0 nalus=1 n1:915
  cu: inter64=0 inter32=0 inter16=0 inter8=0 intra32=0 intra16=0 intra8=0 intra4=0 reftype=0
  snapshot f053: 3 venc_ko blocks (pool0 0x73801000 len 0x10000)
src frame 54: srcf=4 off=0 br=16000
frame 54: send=0x0 get=0x0 len=925 coding=1 startqp=0 meanqp=0 picbytes=0 pskip=0 nalus=1 n1:925
  cu: inter64=0 inter32=0 inter16=0 inter8=0 intra32=0 intra16=0 intra8=0 intra4=0 reftype=0
  snapshot f054: 3 venc_ko blocks (pool0 0x73801000 len 0x10000)
src frame 55: srcf=3 off=0 br=16000
frame 55: send=0x0 get=0x0 len=912 coding=1 startqp=0 meanqp=0 picbytes=0 pskip=0 nalus=1 n1:912
  cu: inter64=0 inter32=0 inter16=0 inter8=0 intra32=0 intra16=0 intra8=0 intra4=0 reftype=0
  snapshot f055: 3 venc_ko blocks (pool0 0x73801000 len 0x10000)
src frame 56: srcf=2 off=0 br=16000
frame 56: send=0x0 get=0x0 len=922 coding=1 startqp=0 meanqp=0 picbytes=0 pskip=0 nalus=1 n1:922
  cu: inter64=0 inter32=0 inter16=0 inter8=0 intra32=0 intra16=0 intra8=0 intra4=0 reftype=0
  snapshot f056: 3 venc_ko blocks (pool0 0x73801000 len 0x10000)
src frame 57: srcf=1 off=0 br=16000
frame 57: send=0x0 get=0x0 len=920 coding=1 startqp=0 meanqp=0 picbytes=0 pskip=0 nalus=1 n1:920
  cu: inter64=0 inter32=0 inter16=0 inter8=0 intra32=0 intra16=0 intra8=0 intra4=0 reftype=0
  snapshot f057: 3 venc_ko blocks (pool0 0x73801000 len 0x10000)
src frame 58: srcf=0 off=0 br=16000
frame 58: send=0x0 get=0x0 len=923 coding=1 startqp=0 meanqp=0 picbytes=0 pskip=0 nalus=1 n1:923
  cu: inter64=0 inter32=0 inter16=0 inter8=0 intra32=0 intra16=0 intra8=0 intra4=0 reftype=0
  snapshot f058: 3 venc_ko blocks (pool0 0x73801000 len 0x10000)
src frame 59: srcf=1 off=0 br=16000
frame 59: send=0x0 get=0x0 len=908 coding=1 startqp=0 meanqp=0 picbytes=0 pskip=0 nalus=1 n1:908
  cu: inter64=0 inter32=0 inter16=0 inter8=0 intra32=0 intra16=0 intra8=0 intra4=0 reftype=0
  snapshot f059: 3 venc_ko blocks (pool0 0x73801000 len 0x10000)
src frame 60: srcf=2 off=0 br=16000
frame 60: send=0x0 get=0x0 len=36210 coding=0 startqp=0 meanqp=0 picbytes=0 pskip=0 nalus=4 n32:27 n33:53 n34:11 n19:36119
  cu: inter64=0 inter32=0 inter16=0 inter8=0 intra32=0 intra16=0 intra8=0 intra4=0 reftype=0
  snapshot f060: 3 venc_ko blocks (pool0 0x73801000 len 0x10000)
src frame 61: srcf=3 off=0 br=16000
frame 61: send=0x0 get=0x0 len=4978 coding=1 startqp=0 meanqp=0 picbytes=0 pskip=0 nalus=1 n1:4978
  cu: inter64=0 inter32=0 inter16=0 inter8=0 intra32=0 intra16=0 intra8=0 intra4=0 reftype=0
  snapshot f061: 3 venc_ko blocks (pool0 0x73801000 len 0x10000)
src frame 62: srcf=4 off=0 br=16000
frame 62: send=0x0 get=0x0 len=2613 coding=1 startqp=0 meanqp=0 picbytes=0 pskip=0 nalus=1 n1:2613
  cu: inter64=0 inter32=0 inter16=0 inter8=0 intra32=0 intra16=0 intra8=0 intra4=0 reftype=0
  snapshot f062: 3 venc_ko blocks (pool0 0x73801000 len 0x10000)
src frame 63: srcf=5 off=0 br=16000
frame 63: send=0x0 get=0x0 len=2795 coding=1 startqp=0 meanqp=0 picbytes=0 pskip=0 nalus=1 n1:2795
  cu: inter64=0 inter32=0 inter16=0 inter8=0 intra32=0 intra16=0 intra8=0 intra4=0 reftype=0
  snapshot f063: 3 venc_ko blocks (pool0 0x73801000 len 0x10000)
src frame 64: srcf=6 off=0 br=16000
frame 64: send=0x0 get=0x0 len=3283 coding=1 startqp=0 meanqp=0 picbytes=0 pskip=0 nalus=1 n1:3283
  cu: inter64=0 inter32=0 inter16=0 inter8=0 intra32=0 intra16=0 intra8=0 intra4=0 reftype=0
  snapshot f064: 3 venc_ko blocks (pool0 0x73801000 len 0x10000)
src frame 65: srcf=7 off=0 br=16000
frame 65: send=0x0 get=0x0 len=3391 coding=1 startqp=0 meanqp=0 picbytes=0 pskip=0 nalus=1 n1:3391
  cu: inter64=0 inter32=0 inter16=0 inter8=0 intra32=0 intra16=0 intra8=0 intra4=0 reftype=0
  snapshot f065: 3 venc_ko blocks (pool0 0x73801000 len 0x10000)
src frame 66: srcf=8 off=0 br=16000
frame 66: send=0x0 get=0x0 len=3900 coding=1 startqp=0 meanqp=0 picbytes=0 pskip=0 nalus=1 n1:3900
  cu: inter64=0 inter32=0 inter16=0 inter8=0 intra32=0 intra16=0 intra8=0 intra4=0 reftype=0
  snapshot f066: 3 venc_ko blocks (pool0 0x73801000 len 0x10000)
src frame 67: srcf=9 off=0 br=16000
frame 67: send=0x0 get=0x0 len=4323 coding=1 startqp=0 meanqp=0 picbytes=0 pskip=0 nalus=1 n1:4323
  cu: inter64=0 inter32=0 inter16=0 inter8=0 intra32=0 intra16=0 intra8=0 intra4=0 reftype=0
  snapshot f067: 3 venc_ko blocks (pool0 0x73801000 len 0x10000)
src frame 68: srcf=10 off=0 br=16000
frame 68: send=0x0 get=0x0 len=4706 coding=1 startqp=0 meanqp=0 picbytes=0 pskip=0 nalus=1 n1:4706
  cu: inter64=0 inter32=0 inter16=0 inter8=0 intra32=0 intra16=0 intra8=0 intra4=0 reftype=0
  snapshot f068: 3 venc_ko blocks (pool0 0x73801000 len 0x10000)
src frame 69: srcf=11 off=0 br=16000
frame 69: send=0x0 get=0x0 len=4723 coding=1 startqp=0 meanqp=0 picbytes=0 pskip=0 nalus=1 n1:4723
  cu: inter64=0 inter32=0 inter16=0 inter8=0 intra32=0 intra16=0 intra8=0 intra4=0 reftype=0
  snapshot f069: 3 venc_ko blocks (pool0 0x73801000 len 0x10000)
src frame 70: srcf=12 off=0 br=16000
frame 70: send=0x0 get=0x0 len=5244 coding=1 startqp=0 meanqp=0 picbytes=0 pskip=0 nalus=1 n1:5244
  cu: inter64=0 inter32=0 inter16=0 inter8=0 intra32=0 intra16=0 intra8=0 intra4=0 reftype=0
  snapshot f070: 3 venc_ko blocks (pool0 0x73801000 len 0x10000)
src frame 71: srcf=13 off=0 br=16000
frame 71: send=0x0 get=0x0 len=5782 coding=1 startqp=0 meanqp=0 picbytes=0 pskip=0 nalus=1 n1:5782
  cu: inter64=0 inter32=0 inter16=0 inter8=0 intra32=0 intra16=0 intra8=0 intra4=0 reftype=0
  snapshot f071: 3 venc_ko blocks (pool0 0x73801000 len 0x10000)
src frame 72: srcf=14 off=0 br=16000
frame 72: send=0x0 get=0x0 len=6088 coding=1 startqp=0 meanqp=0 picbytes=0 pskip=0 nalus=1 n1:6088
  cu: inter64=0 inter32=0 inter16=0 inter8=0 intra32=0 intra16=0 intra8=0 intra4=0 reftype=0
  snapshot f072: 3 venc_ko blocks (pool0 0x73801000 len 0x10000)
src frame 73: srcf=15 off=0 br=16000
frame 73: send=0x0 get=0x0 len=3210 coding=1 startqp=0 meanqp=0 picbytes=0 pskip=0 nalus=1 n1:3210
  cu: inter64=0 inter32=0 inter16=0 inter8=0 intra32=0 intra16=0 intra8=0 intra4=0 reftype=0
  snapshot f073: 3 venc_ko blocks (pool0 0x73801000 len 0x10000)
src frame 74: srcf=16 off=0 br=16000
frame 74: send=0x0 get=0x0 len=2902 coding=1 startqp=0 meanqp=0 picbytes=0 pskip=0 nalus=1 n1:2902
  cu: inter64=0 inter32=0 inter16=0 inter8=0 intra32=0 intra16=0 intra8=0 intra4=0 reftype=0
  snapshot f074: 3 venc_ko blocks (pool0 0x73801000 len 0x10000)
src frame 75: srcf=17 off=0 br=16000
frame 75: send=0x0 get=0x0 len=3040 coding=1 startqp=0 meanqp=0 picbytes=0 pskip=0 nalus=1 n1:3040
  cu: inter64=0 inter32=0 inter16=0 inter8=0 intra32=0 intra16=0 intra8=0 intra4=0 reftype=0
  snapshot f075: 3 venc_ko blocks (pool0 0x73801000 len 0x10000)
src frame 76: srcf=18 off=0 br=16000
frame 76: send=0x0 get=0x0 len=1393 coding=1 startqp=0 meanqp=0 picbytes=0 pskip=0 nalus=1 n1:1393
  cu: inter64=0 inter32=0 inter16=0 inter8=0 intra32=0 intra16=0 intra8=0 intra4=0 reftype=0
  snapshot f076: 3 venc_ko blocks (pool0 0x73801000 len 0x10000)
src frame 77: srcf=19 off=0 br=16000
frame 77: send=0x0 get=0x0 len=1176 coding=1 startqp=0 meanqp=0 picbytes=0 pskip=0 nalus=1 n1:1176
  cu: inter64=0 inter32=0 inter16=0 inter8=0 intra32=0 intra16=0 intra8=0 intra4=0 reftype=0
  snapshot f077: 3 venc_ko blocks (pool0 0x73801000 len 0x10000)
src frame 78: srcf=20 off=0 br=16000
frame 78: send=0x0 get=0x0 len=1098 coding=1 startqp=0 meanqp=0 picbytes=0 pskip=0 nalus=1 n1:1098
  cu: inter64=0 inter32=0 inter16=0 inter8=0 intra32=0 intra16=0 intra8=0 intra4=0 reftype=0
  snapshot f078: 3 venc_ko blocks (pool0 0x73801000 len 0x10000)
src frame 79: srcf=21 off=0 br=16000
frame 79: send=0x0 get=0x0 len=1032 coding=1 startqp=0 meanqp=0 picbytes=0 pskip=0 nalus=1 n1:1032
  cu: inter64=0 inter32=0 inter16=0 inter8=0 intra32=0 intra16=0 intra8=0 intra4=0 reftype=0
  snapshot f079: 3 venc_ko blocks (pool0 0x73801000 len 0x10000)
src frame 80: srcf=22 off=0 br=16000
frame 80: send=0x0 get=0x0 len=1001 coding=1 startqp=0 meanqp=0 picbytes=0 pskip=0 nalus=1 n1:1001
  cu: inter64=0 inter32=0 inter16=0 inter8=0 intra32=0 intra16=0 intra8=0 intra4=0 reftype=0
  snapshot f080: 3 venc_ko blocks (pool0 0x73801000 len 0x10000)
src frame 81: srcf=23 off=0 br=16000
frame 81: send=0x0 get=0x0 len=1019 coding=1 startqp=0 meanqp=0 picbytes=0 pskip=0 nalus=1 n1:1019
  cu: inter64=0 inter32=0 inter16=0 inter8=0 intra32=0 intra16=0 intra8=0 intra4=0 reftype=0
  snapshot f081: 3 venc_ko blocks (pool0 0x73801000 len 0x10000)
src frame 82: srcf=24 off=0 br=16000
frame 82: send=0x0 get=0x0 len=1013 coding=1 startqp=0 meanqp=0 picbytes=0 pskip=0 nalus=1 n1:1013
  cu: inter64=0 inter32=0 inter16=0 inter8=0 intra32=0 intra16=0 intra8=0 intra4=0 reftype=0
  snapshot f082: 3 venc_ko blocks (pool0 0x73801000 len 0x10000)
src frame 83: srcf=25 off=0 br=16000
frame 83: send=0x0 get=0x0 len=1005 coding=1 startqp=0 meanqp=0 picbytes=0 pskip=0 nalus=1 n1:1005
  cu: inter64=0 inter32=0 inter16=0 inter8=0 intra32=0 intra16=0 intra8=0 intra4=0 reftype=0
  snapshot f083: 3 venc_ko blocks (pool0 0x73801000 len 0x10000)
src frame 84: srcf=26 off=0 br=16000
frame 84: send=0x0 get=0x0 len=1017 coding=1 startqp=0 meanqp=0 picbytes=0 pskip=0 nalus=1 n1:1017
  cu: inter64=0 inter32=0 inter16=0 inter8=0 intra32=0 intra16=0 intra8=0 intra4=0 reftype=0
  snapshot f084: 3 venc_ko blocks (pool0 0x73801000 len 0x10000)
src frame 85: srcf=27 off=0 br=16000
frame 85: send=0x0 get=0x0 len=983 coding=1 startqp=0 meanqp=0 picbytes=0 pskip=0 nalus=1 n1:983
  cu: inter64=0 inter32=0 inter16=0 inter8=0 intra32=0 intra16=0 intra8=0 intra4=0 reftype=0
  snapshot f085: 3 venc_ko blocks (pool0 0x73801000 len 0x10000)
src frame 86: srcf=28 off=0 br=16000
frame 86: send=0x0 get=0x0 len=980 coding=1 startqp=0 meanqp=0 picbytes=0 pskip=0 nalus=1 n1:980
  cu: inter64=0 inter32=0 inter16=0 inter8=0 intra32=0 intra16=0 intra8=0 intra4=0 reftype=0
  snapshot f086: 3 venc_ko blocks (pool0 0x73801000 len 0x10000)
src frame 87: srcf=29 off=0 br=16000
frame 87: send=0x0 get=0x0 len=973 coding=1 startqp=0 meanqp=0 picbytes=0 pskip=0 nalus=1 n1:973
  cu: inter64=0 inter32=0 inter16=0 inter8=0 intra32=0 intra16=0 intra8=0 intra4=0 reftype=0
  snapshot f087: 3 venc_ko blocks (pool0 0x73801000 len 0x10000)
src frame 88: srcf=28 off=0 br=16000
frame 88: send=0x0 get=0x0 len=974 coding=1 startqp=0 meanqp=0 picbytes=0 pskip=0 nalus=1 n1:974
  cu: inter64=0 inter32=0 inter16=0 inter8=0 intra32=0 intra16=0 intra8=0 intra4=0 reftype=0
  snapshot f088: 3 venc_ko blocks (pool0 0x73801000 len 0x10000)
src frame 89: srcf=27 off=0 br=16000
frame 89: send=0x0 get=0x0 len=973 coding=1 startqp=0 meanqp=0 picbytes=0 pskip=0 nalus=1 n1:973
  cu: inter64=0 inter32=0 inter16=0 inter8=0 intra32=0 intra16=0 intra8=0 intra4=0 reftype=0
  snapshot f089: 3 venc_ko blocks (pool0 0x73801000 len 0x10000)
src frame 90: srcf=26 off=0 br=16000
frame 90: send=0x0 get=0x0 len=39760 coding=0 startqp=0 meanqp=0 picbytes=0 pskip=0 nalus=4 n32:27 n33:53 n34:11 n19:39669
  cu: inter64=0 inter32=0 inter16=0 inter8=0 intra32=0 intra16=0 intra8=0 intra4=0 reftype=0
  snapshot f090: 3 venc_ko blocks (pool0 0x73801000 len 0x10000)
src frame 91: srcf=25 off=0 br=16000
frame 91: send=0x0 get=0x0 len=5197 coding=1 startqp=0 meanqp=0 picbytes=0 pskip=0 nalus=1 n1:5197
  cu: inter64=0 inter32=0 inter16=0 inter8=0 intra32=0 intra16=0 intra8=0 intra4=0 reftype=0
  snapshot f091: 3 venc_ko blocks (pool0 0x73801000 len 0x10000)
src frame 92: srcf=24 off=0 br=16000
frame 92: send=0x0 get=0x0 len=2782 coding=1 startqp=0 meanqp=0 picbytes=0 pskip=0 nalus=1 n1:2782
  cu: inter64=0 inter32=0 inter16=0 inter8=0 intra32=0 intra16=0 intra8=0 intra4=0 reftype=0
  snapshot f092: 3 venc_ko blocks (pool0 0x73801000 len 0x10000)
src frame 93: srcf=23 off=0 br=16000
frame 93: send=0x0 get=0x0 len=3334 coding=1 startqp=0 meanqp=0 picbytes=0 pskip=0 nalus=1 n1:3334
  cu: inter64=0 inter32=0 inter16=0 inter8=0 intra32=0 intra16=0 intra8=0 intra4=0 reftype=0
  snapshot f093: 3 venc_ko blocks (pool0 0x73801000 len 0x10000)
src frame 94: srcf=22 off=0 br=16000
frame 94: send=0x0 get=0x0 len=3419 coding=1 startqp=0 meanqp=0 picbytes=0 pskip=0 nalus=1 n1:3419
  cu: inter64=0 inter32=0 inter16=0 inter8=0 intra32=0 intra16=0 intra8=0 intra4=0 reftype=0
  snapshot f094: 3 venc_ko blocks (pool0 0x73801000 len 0x10000)
src frame 95: srcf=21 off=0 br=16000
frame 95: send=0x0 get=0x0 len=3938 coding=1 startqp=0 meanqp=0 picbytes=0 pskip=0 nalus=1 n1:3938
  cu: inter64=0 inter32=0 inter16=0 inter8=0 intra32=0 intra16=0 intra8=0 intra4=0 reftype=0
  snapshot f095: 3 venc_ko blocks (pool0 0x73801000 len 0x10000)
src frame 96: srcf=20 off=0 br=16000
frame 96: send=0x0 get=0x0 len=4143 coding=1 startqp=0 meanqp=0 picbytes=0 pskip=0 nalus=1 n1:4143
  cu: inter64=0 inter32=0 inter16=0 inter8=0 intra32=0 intra16=0 intra8=0 intra4=0 reftype=0
  snapshot f096: 3 venc_ko blocks (pool0 0x73801000 len 0x10000)
src frame 97: srcf=19 off=0 br=16000
frame 97: send=0x0 get=0x0 len=4498 coding=1 startqp=0 meanqp=0 picbytes=0 pskip=0 nalus=1 n1:4498
  cu: inter64=0 inter32=0 inter16=0 inter8=0 intra32=0 intra16=0 intra8=0 intra4=0 reftype=0
  snapshot f097: 3 venc_ko blocks (pool0 0x73801000 len 0x10000)
src frame 98: srcf=18 off=0 br=16000
frame 98: send=0x0 get=0x0 len=4914 coding=1 startqp=0 meanqp=0 picbytes=0 pskip=0 nalus=1 n1:4914
  cu: inter64=0 inter32=0 inter16=0 inter8=0 intra32=0 intra16=0 intra8=0 intra4=0 reftype=0
  snapshot f098: 3 venc_ko blocks (pool0 0x73801000 len 0x10000)
src frame 99: srcf=17 off=0 br=16000
frame 99: send=0x0 get=0x0 len=5279 coding=1 startqp=0 meanqp=0 picbytes=0 pskip=0 nalus=1 n1:5279
  cu: inter64=0 inter32=0 inter16=0 inter8=0 intra32=0 intra16=0 intra8=0 intra4=0 reftype=0
  snapshot f099: 3 venc_ko blocks (pool0 0x73801000 len 0x10000)
src frame 100: srcf=16 off=0 br=16000
frame 100: send=0x0 get=0x0 len=6054 coding=1 startqp=0 meanqp=0 picbytes=0 pskip=0 nalus=1 n1:6054
  cu: inter64=0 inter32=0 inter16=0 inter8=0 intra32=0 intra16=0 intra8=0 intra4=0 reftype=0
  snapshot f100: 3 venc_ko blocks (pool0 0x73801000 len 0x10000)
src frame 101: srcf=15 off=0 br=16000
frame 101: send=0x0 get=0x0 len=3119 coding=1 startqp=0 meanqp=0 picbytes=0 pskip=0 nalus=1 n1:3119
  cu: inter64=0 inter32=0 inter16=0 inter8=0 intra32=0 intra16=0 intra8=0 intra4=0 reftype=0
  snapshot f101: 3 venc_ko blocks (pool0 0x73801000 len 0x10000)
src frame 102: srcf=14 off=0 br=16000
frame 102: send=0x0 get=0x0 len=3088 coding=1 startqp=0 meanqp=0 picbytes=0 pskip=0 nalus=1 n1:3088
  cu: inter64=0 inter32=0 inter16=0 inter8=0 intra32=0 intra16=0 intra8=0 intra4=0 reftype=0
  snapshot f102: 3 venc_ko blocks (pool0 0x73801000 len 0x10000)
src frame 103: srcf=13 off=0 br=16000
frame 103: send=0x0 get=0x0 len=2716 coding=1 startqp=0 meanqp=0 picbytes=0 pskip=0 nalus=1 n1:2716
  cu: inter64=0 inter32=0 inter16=0 inter8=0 intra32=0 intra16=0 intra8=0 intra4=0 reftype=0
  snapshot f103: 3 venc_ko blocks (pool0 0x73801000 len 0x10000)
src frame 104: srcf=12 off=0 br=16000
frame 104: send=0x0 get=0x0 len=2573 coding=1 startqp=0 meanqp=0 picbytes=0 pskip=0 nalus=1 n1:2573
  cu: inter64=0 inter32=0 inter16=0 inter8=0 intra32=0 intra16=0 intra8=0 intra4=0 reftype=0
  snapshot f104: 3 venc_ko blocks (pool0 0x73801000 len 0x10000)
src frame 105: srcf=11 off=0 br=16000
frame 105: send=0x0 get=0x0 len=2598 coding=1 startqp=0 meanqp=0 picbytes=0 pskip=0 nalus=1 n1:2598
  cu: inter64=0 inter32=0 inter16=0 inter8=0 intra32=0 intra16=0 intra8=0 intra4=0 reftype=0
  snapshot f105: 3 venc_ko blocks (pool0 0x73801000 len 0x10000)
src frame 106: srcf=10 off=0 br=16000
frame 106: send=0x0 get=0x0 len=1445 coding=1 startqp=0 meanqp=0 picbytes=0 pskip=0 nalus=1 n1:1445
  cu: inter64=0 inter32=0 inter16=0 inter8=0 intra32=0 intra16=0 intra8=0 intra4=0 reftype=0
  snapshot f106: 3 venc_ko blocks (pool0 0x73801000 len 0x10000)
src frame 107: srcf=9 off=0 br=16000
frame 107: send=0x0 get=0x0 len=1237 coding=1 startqp=0 meanqp=0 picbytes=0 pskip=0 nalus=1 n1:1237
  cu: inter64=0 inter32=0 inter16=0 inter8=0 intra32=0 intra16=0 intra8=0 intra4=0 reftype=0
  snapshot f107: 3 venc_ko blocks (pool0 0x73801000 len 0x10000)
src frame 108: srcf=8 off=0 br=16000
frame 108: send=0x0 get=0x0 len=1161 coding=1 startqp=0 meanqp=0 picbytes=0 pskip=0 nalus=1 n1:1161
  cu: inter64=0 inter32=0 inter16=0 inter8=0 intra32=0 intra16=0 intra8=0 intra4=0 reftype=0
  snapshot f108: 3 venc_ko blocks (pool0 0x73801000 len 0x10000)
src frame 109: srcf=7 off=0 br=16000
frame 109: send=0x0 get=0x0 len=1115 coding=1 startqp=0 meanqp=0 picbytes=0 pskip=0 nalus=1 n1:1115
  cu: inter64=0 inter32=0 inter16=0 inter8=0 intra32=0 intra16=0 intra8=0 intra4=0 reftype=0
  snapshot f109: 3 venc_ko blocks (pool0 0x73801000 len 0x10000)
src frame 110: srcf=6 off=0 br=16000
frame 110: send=0x0 get=0x0 len=1109 coding=1 startqp=0 meanqp=0 picbytes=0 pskip=0 nalus=1 n1:1109
  cu: inter64=0 inter32=0 inter16=0 inter8=0 intra32=0 intra16=0 intra8=0 intra4=0 reftype=0
  snapshot f110: 3 venc_ko blocks (pool0 0x73801000 len 0x10000)
src frame 111: srcf=5 off=0 br=16000
frame 111: send=0x0 get=0x0 len=1093 coding=1 startqp=0 meanqp=0 picbytes=0 pskip=0 nalus=1 n1:1093
  cu: inter64=0 inter32=0 inter16=0 inter8=0 intra32=0 intra16=0 intra8=0 intra4=0 reftype=0
  snapshot f111: 3 venc_ko blocks (pool0 0x73801000 len 0x10000)
src frame 112: srcf=4 off=0 br=16000
frame 112: send=0x0 get=0x0 len=1085 coding=1 startqp=0 meanqp=0 picbytes=0 pskip=0 nalus=1 n1:1085
  cu: inter64=0 inter32=0 inter16=0 inter8=0 intra32=0 intra16=0 intra8=0 intra4=0 reftype=0
  snapshot f112: 3 venc_ko blocks (pool0 0x73801000 len 0x10000)
src frame 113: srcf=3 off=0 br=16000
frame 113: send=0x0 get=0x0 len=1086 coding=1 startqp=0 meanqp=0 picbytes=0 pskip=0 nalus=1 n1:1086
  cu: inter64=0 inter32=0 inter16=0 inter8=0 intra32=0 intra16=0 intra8=0 intra4=0 reftype=0
  snapshot f113: 3 venc_ko blocks (pool0 0x73801000 len 0x10000)
src frame 114: srcf=2 off=0 br=16000
frame 114: send=0x0 get=0x0 len=1086 coding=1 startqp=0 meanqp=0 picbytes=0 pskip=0 nalus=1 n1:1086
  cu: inter64=0 inter32=0 inter16=0 inter8=0 intra32=0 intra16=0 intra8=0 intra4=0 reftype=0
  snapshot f114: 3 venc_ko blocks (pool0 0x73801000 len 0x10000)
src frame 115: srcf=1 off=0 br=16000
frame 115: send=0x0 get=0x0 len=1086 coding=1 startqp=0 meanqp=0 picbytes=0 pskip=0 nalus=1 n1:1086
  cu: inter64=0 inter32=0 inter16=0 inter8=0 intra32=0 intra16=0 intra8=0 intra4=0 reftype=0
  snapshot f115: 3 venc_ko blocks (pool0 0x73801000 len 0x10000)
src frame 116: srcf=0 off=0 br=16000
frame 116: send=0x0 get=0x0 len=1085 coding=1 startqp=0 meanqp=0 picbytes=0 pskip=0 nalus=1 n1:1085
  cu: inter64=0 inter32=0 inter16=0 inter8=0 intra32=0 intra16=0 intra8=0 intra4=0 reftype=0
  snapshot f116: 3 venc_ko blocks (pool0 0x73801000 len 0x10000)
src frame 117: srcf=1 off=0 br=16000
frame 117: send=0x0 get=0x0 len=1086 coding=1 startqp=0 meanqp=0 picbytes=0 pskip=0 nalus=1 n1:1086
  cu: inter64=0 inter32=0 inter16=0 inter8=0 intra32=0 intra16=0 intra8=0 intra4=0 reftype=0
  snapshot f117: 3 venc_ko blocks (pool0 0x73801000 len 0x10000)
src frame 118: srcf=2 off=0 br=16000
frame 118: send=0x0 get=0x0 len=1086 coding=1 startqp=0 meanqp=0 picbytes=0 pskip=0 nalus=1 n1:1086
  cu: inter64=0 inter32=0 inter16=0 inter8=0 intra32=0 intra16=0 intra8=0 intra4=0 reftype=0
  snapshot f118: 3 venc_ko blocks (pool0 0x73801000 len 0x10000)
src frame 119: srcf=3 off=0 br=16000
frame 119: send=0x0 get=0x0 len=1086 coding=1 startqp=0 meanqp=0 picbytes=0 pskip=0 nalus=1 n1:1086
  cu: inter64=0 inter32=0 inter16=0 inter8=0 intra32=0 intra16=0 intra8=0 intra4=0 reftype=0
  snapshot f119: 3 venc_ko blocks (pool0 0x73801000 len 0x10000)
src frame 120: srcf=4 off=0 br=16000
frame 120: send=0x0 get=0x0 len=43591 coding=0 startqp=0 meanqp=0 picbytes=0 pskip=0 nalus=4 n32:27 n33:53 n34:11 n19:43500
  cu: inter64=0 inter32=0 inter16=0 inter8=0 intra32=0 intra16=0 intra8=0 intra4=0 reftype=0
  snapshot f120: 3 venc_ko blocks (pool0 0x73801000 len 0x10000)
src frame 121: srcf=5 off=0 br=16000
frame 121: send=0x0 get=0x0 len=5553 coding=1 startqp=0 meanqp=0 picbytes=0 pskip=0 nalus=1 n1:5553
  cu: inter64=0 inter32=0 inter16=0 inter8=0 intra32=0 intra16=0 intra8=0 intra4=0 reftype=0
  snapshot f121: 3 venc_ko blocks (pool0 0x73801000 len 0x10000)
src frame 122: srcf=6 off=0 br=16000
frame 122: send=0x0 get=0x0 len=2467 coding=1 startqp=0 meanqp=0 picbytes=0 pskip=0 nalus=1 n1:2467
  cu: inter64=0 inter32=0 inter16=0 inter8=0 intra32=0 intra16=0 intra8=0 intra4=0 reftype=0
  snapshot f122: 3 venc_ko blocks (pool0 0x73801000 len 0x10000)
src frame 123: srcf=7 off=0 br=16000
frame 123: send=0x0 get=0x0 len=3619 coding=1 startqp=0 meanqp=0 picbytes=0 pskip=0 nalus=1 n1:3619
  cu: inter64=0 inter32=0 inter16=0 inter8=0 intra32=0 intra16=0 intra8=0 intra4=0 reftype=0
  snapshot f123: 3 venc_ko blocks (pool0 0x73801000 len 0x10000)
src frame 124: srcf=8 off=0 br=16000
frame 124: send=0x0 get=0x0 len=3832 coding=1 startqp=0 meanqp=0 picbytes=0 pskip=0 nalus=1 n1:3832
  cu: inter64=0 inter32=0 inter16=0 inter8=0 intra32=0 intra16=0 intra8=0 intra4=0 reftype=0
  snapshot f124: 3 venc_ko blocks (pool0 0x73801000 len 0x10000)
src frame 125: srcf=9 off=0 br=16000
frame 125: send=0x0 get=0x0 len=3800 coding=1 startqp=0 meanqp=0 picbytes=0 pskip=0 nalus=1 n1:3800
  cu: inter64=0 inter32=0 inter16=0 inter8=0 intra32=0 intra16=0 intra8=0 intra4=0 reftype=0
  snapshot f125: 3 venc_ko blocks (pool0 0x73801000 len 0x10000)
src frame 126: srcf=10 off=0 br=16000
frame 126: send=0x0 get=0x0 len=4758 coding=1 startqp=0 meanqp=0 picbytes=0 pskip=0 nalus=1 n1:4758
  cu: inter64=0 inter32=0 inter16=0 inter8=0 intra32=0 intra16=0 intra8=0 intra4=0 reftype=0
  snapshot f126: 3 venc_ko blocks (pool0 0x73801000 len 0x10000)
src frame 127: srcf=11 off=0 br=16000
frame 127: send=0x0 get=0x0 len=4530 coding=1 startqp=0 meanqp=0 picbytes=0 pskip=0 nalus=1 n1:4530
  cu: inter64=0 inter32=0 inter16=0 inter8=0 intra32=0 intra16=0 intra8=0 intra4=0 reftype=0
  snapshot f127: 3 venc_ko blocks (pool0 0x73801000 len 0x10000)
src frame 128: srcf=12 off=0 br=16000
frame 128: send=0x0 get=0x0 len=5487 coding=1 startqp=0 meanqp=0 picbytes=0 pskip=0 nalus=1 n1:5487
  cu: inter64=0 inter32=0 inter16=0 inter8=0 intra32=0 intra16=0 intra8=0 intra4=0 reftype=0
  snapshot f128: 3 venc_ko blocks (pool0 0x73801000 len 0x10000)
src frame 129: srcf=13 off=0 br=16000
frame 129: send=0x0 get=0x0 len=3073 coding=1 startqp=0 meanqp=0 picbytes=0 pskip=0 nalus=1 n1:3073
  cu: inter64=0 inter32=0 inter16=0 inter8=0 intra32=0 intra16=0 intra8=0 intra4=0 reftype=0
  snapshot f129: 3 venc_ko blocks (pool0 0x73801000 len 0x10000)
src frame 130: srcf=14 off=0 br=16000
frame 130: send=0x0 get=0x0 len=2502 coding=1 startqp=0 meanqp=0 picbytes=0 pskip=0 nalus=1 n1:2502
  cu: inter64=0 inter32=0 inter16=0 inter8=0 intra32=0 intra16=0 intra8=0 intra4=0 reftype=0
  snapshot f130: 3 venc_ko blocks (pool0 0x73801000 len 0x10000)
src frame 131: srcf=15 off=0 br=16000
frame 131: send=0x0 get=0x0 len=2753 coding=1 startqp=0 meanqp=0 picbytes=0 pskip=0 nalus=1 n1:2753
  cu: inter64=0 inter32=0 inter16=0 inter8=0 intra32=0 intra16=0 intra8=0 intra4=0 reftype=0
  snapshot f131: 3 venc_ko blocks (pool0 0x73801000 len 0x10000)
src frame 132: srcf=16 off=0 br=16000
frame 132: send=0x0 get=0x0 len=2414 coding=1 startqp=0 meanqp=0 picbytes=0 pskip=0 nalus=1 n1:2414
  cu: inter64=0 inter32=0 inter16=0 inter8=0 intra32=0 intra16=0 intra8=0 intra4=0 reftype=0
  snapshot f132: 3 venc_ko blocks (pool0 0x73801000 len 0x10000)
src frame 133: srcf=17 off=0 br=16000
frame 133: send=0x0 get=0x0 len=2289 coding=1 startqp=0 meanqp=0 picbytes=0 pskip=0 nalus=1 n1:2289
  cu: inter64=0 inter32=0 inter16=0 inter8=0 intra32=0 intra16=0 intra8=0 intra4=0 reftype=0
  snapshot f133: 3 venc_ko blocks (pool0 0x73801000 len 0x10000)
src frame 134: srcf=18 off=0 br=16000
frame 134: send=0x0 get=0x0 len=2373 coding=1 startqp=0 meanqp=0 picbytes=0 pskip=0 nalus=1 n1:2373
  cu: inter64=0 inter32=0 inter16=0 inter8=0 intra32=0 intra16=0 intra8=0 intra4=0 reftype=0
  snapshot f134: 3 venc_ko blocks (pool0 0x73801000 len 0x10000)
src frame 135: srcf=19 off=0 br=16000
frame 135: send=0x0 get=0x0 len=1793 coding=1 startqp=0 meanqp=0 picbytes=0 pskip=0 nalus=1 n1:1793
  cu: inter64=0 inter32=0 inter16=0 inter8=0 intra32=0 intra16=0 intra8=0 intra4=0 reftype=0
  snapshot f135: 3 venc_ko blocks (pool0 0x73801000 len 0x10000)
src frame 136: srcf=20 off=0 br=16000
frame 136: send=0x0 get=0x0 len=1296 coding=1 startqp=0 meanqp=0 picbytes=0 pskip=0 nalus=1 n1:1296
  cu: inter64=0 inter32=0 inter16=0 inter8=0 intra32=0 intra16=0 intra8=0 intra4=0 reftype=0
  snapshot f136: 3 venc_ko blocks (pool0 0x73801000 len 0x10000)
src frame 137: srcf=21 off=0 br=16000
frame 137: send=0x0 get=0x0 len=1275 coding=1 startqp=0 meanqp=0 picbytes=0 pskip=0 nalus=1 n1:1275
  cu: inter64=0 inter32=0 inter16=0 inter8=0 intra32=0 intra16=0 intra8=0 intra4=0 reftype=0
  snapshot f137: 3 venc_ko blocks (pool0 0x73801000 len 0x10000)
src frame 138: srcf=22 off=0 br=16000
frame 138: send=0x0 get=0x0 len=1226 coding=1 startqp=0 meanqp=0 picbytes=0 pskip=0 nalus=1 n1:1226
  cu: inter64=0 inter32=0 inter16=0 inter8=0 intra32=0 intra16=0 intra8=0 intra4=0 reftype=0
  snapshot f138: 3 venc_ko blocks (pool0 0x73801000 len 0x10000)
src frame 139: srcf=23 off=0 br=16000
frame 139: send=0x0 get=0x0 len=1186 coding=1 startqp=0 meanqp=0 picbytes=0 pskip=0 nalus=1 n1:1186
  cu: inter64=0 inter32=0 inter16=0 inter8=0 intra32=0 intra16=0 intra8=0 intra4=0 reftype=0
  snapshot f139: 3 venc_ko blocks (pool0 0x73801000 len 0x10000)
src frame 140: srcf=24 off=0 br=16000
frame 140: send=0x0 get=0x0 len=1185 coding=1 startqp=0 meanqp=0 picbytes=0 pskip=0 nalus=1 n1:1185
  cu: inter64=0 inter32=0 inter16=0 inter8=0 intra32=0 intra16=0 intra8=0 intra4=0 reftype=0
  snapshot f140: 3 venc_ko blocks (pool0 0x73801000 len 0x10000)
src frame 141: srcf=25 off=0 br=16000
frame 141: send=0x0 get=0x0 len=1187 coding=1 startqp=0 meanqp=0 picbytes=0 pskip=0 nalus=1 n1:1187
  cu: inter64=0 inter32=0 inter16=0 inter8=0 intra32=0 intra16=0 intra8=0 intra4=0 reftype=0
  snapshot f141: 3 venc_ko blocks (pool0 0x73801000 len 0x10000)
src frame 142: srcf=26 off=0 br=16000
frame 142: send=0x0 get=0x0 len=1194 coding=1 startqp=0 meanqp=0 picbytes=0 pskip=0 nalus=1 n1:1194
  cu: inter64=0 inter32=0 inter16=0 inter8=0 intra32=0 intra16=0 intra8=0 intra4=0 reftype=0
  snapshot f142: 3 venc_ko blocks (pool0 0x73801000 len 0x10000)
src frame 143: srcf=27 off=0 br=16000
frame 143: send=0x0 get=0x0 len=1187 coding=1 startqp=0 meanqp=0 picbytes=0 pskip=0 nalus=1 n1:1187
  cu: inter64=0 inter32=0 inter16=0 inter8=0 intra32=0 intra16=0 intra8=0 intra4=0 reftype=0
  snapshot f143: 3 venc_ko blocks (pool0 0x73801000 len 0x10000)
src frame 144: srcf=28 off=0 br=16000
frame 144: send=0x0 get=0x0 len=1192 coding=1 startqp=0 meanqp=0 picbytes=0 pskip=0 nalus=1 n1:1192
  cu: inter64=0 inter32=0 inter16=0 inter8=0 intra32=0 intra16=0 intra8=0 intra4=0 reftype=0
  snapshot f144: 3 venc_ko blocks (pool0 0x73801000 len 0x10000)
src frame 145: srcf=29 off=0 br=16000
frame 145: send=0x0 get=0x0 len=1185 coding=1 startqp=0 meanqp=0 picbytes=0 pskip=0 nalus=1 n1:1185
  cu: inter64=0 inter32=0 inter16=0 inter8=0 intra32=0 intra16=0 intra8=0 intra4=0 reftype=0
  snapshot f145: 3 venc_ko blocks (pool0 0x73801000 len 0x10000)
src frame 146: srcf=28 off=0 br=16000
frame 146: send=0x0 get=0x0 len=1184 coding=1 startqp=0 meanqp=0 picbytes=0 pskip=0 nalus=1 n1:1184
  cu: inter64=0 inter32=0 inter16=0 inter8=0 intra32=0 intra16=0 intra8=0 intra4=0 reftype=0
  snapshot f146: 3 venc_ko blocks (pool0 0x73801000 len 0x10000)
src frame 147: srcf=27 off=0 br=16000
frame 147: send=0x0 get=0x0 len=1192 coding=1 startqp=0 meanqp=0 picbytes=0 pskip=0 nalus=1 n1:1192
  cu: inter64=0 inter32=0 inter16=0 inter8=0 intra32=0 intra16=0 intra8=0 intra4=0 reftype=0
  snapshot f147: 3 venc_ko blocks (pool0 0x73801000 len 0x10000)
src frame 148: srcf=26 off=0 br=16000
frame 148: send=0x0 get=0x0 len=1186 coding=1 startqp=0 meanqp=0 picbytes=0 pskip=0 nalus=1 n1:1186
  cu: inter64=0 inter32=0 inter16=0 inter8=0 intra32=0 intra16=0 intra8=0 intra4=0 reftype=0
  snapshot f148: 3 venc_ko blocks (pool0 0x73801000 len 0x10000)
src frame 149: srcf=25 off=0 br=16000
frame 149: send=0x0 get=0x0 len=1191 coding=1 startqp=0 meanqp=0 picbytes=0 pskip=0 nalus=1 n1:1191
  cu: inter64=0 inter32=0 inter16=0 inter8=0 intra32=0 intra16=0 intra8=0 intra4=0 reftype=0
  snapshot f149: 3 venc_ko blocks (pool0 0x73801000 len 0x10000)
src frame 150: srcf=24 off=0 br=16000
frame 150: send=0x0 get=0x0 len=48091 coding=0 startqp=0 meanqp=0 picbytes=0 pskip=0 nalus=4 n32:27 n33:53 n34:11 n19:48000
  cu: inter64=0 inter32=0 inter16=0 inter8=0 intra32=0 intra16=0 intra8=0 intra4=0 reftype=0
  snapshot f150: 3 venc_ko blocks (pool0 0x73801000 len 0x10000)
src frame 151: srcf=23 off=0 br=16000
frame 151: send=0x0 get=0x0 len=5995 coding=1 startqp=0 meanqp=0 picbytes=0 pskip=0 nalus=1 n1:5995
  cu: inter64=0 inter32=0 inter16=0 inter8=0 intra32=0 intra16=0 intra8=0 intra4=0 reftype=0
  snapshot f151: 3 venc_ko blocks (pool0 0x73801000 len 0x10000)
src frame 152: srcf=22 off=0 br=16000
frame 152: send=0x0 get=0x0 len=2708 coding=1 startqp=0 meanqp=0 picbytes=0 pskip=0 nalus=1 n1:2708
  cu: inter64=0 inter32=0 inter16=0 inter8=0 intra32=0 intra16=0 intra8=0 intra4=0 reftype=0
  snapshot f152: 3 venc_ko blocks (pool0 0x73801000 len 0x10000)
src frame 153: srcf=21 off=0 br=16000
frame 153: send=0x0 get=0x0 len=3395 coding=1 startqp=0 meanqp=0 picbytes=0 pskip=0 nalus=1 n1:3395
  cu: inter64=0 inter32=0 inter16=0 inter8=0 intra32=0 intra16=0 intra8=0 intra4=0 reftype=0
  snapshot f153: 3 venc_ko blocks (pool0 0x73801000 len 0x10000)
src frame 154: srcf=20 off=0 br=16000
frame 154: send=0x0 get=0x0 len=3997 coding=1 startqp=0 meanqp=0 picbytes=0 pskip=0 nalus=1 n1:3997
  cu: inter64=0 inter32=0 inter16=0 inter8=0 intra32=0 intra16=0 intra8=0 intra4=0 reftype=0
  snapshot f154: 3 venc_ko blocks (pool0 0x73801000 len 0x10000)
src frame 155: srcf=19 off=0 br=16000
frame 155: send=0x0 get=0x0 len=4453 coding=1 startqp=0 meanqp=0 picbytes=0 pskip=0 nalus=1 n1:4453
  cu: inter64=0 inter32=0 inter16=0 inter8=0 intra32=0 intra16=0 intra8=0 intra4=0 reftype=0
  snapshot f155: 3 venc_ko blocks (pool0 0x73801000 len 0x10000)
src frame 156: srcf=18 off=0 br=16000
frame 156: send=0x0 get=0x0 len=4734 coding=1 startqp=0 meanqp=0 picbytes=0 pskip=0 nalus=1 n1:4734
  cu: inter64=0 inter32=0 inter16=0 inter8=0 intra32=0 intra16=0 intra8=0 intra4=0 reftype=0
  snapshot f156: 3 venc_ko blocks (pool0 0x73801000 len 0x10000)
src frame 157: srcf=17 off=0 br=16000
frame 157: send=0x0 get=0x0 len=2877 coding=1 startqp=0 meanqp=0 picbytes=0 pskip=0 nalus=1 n1:2877
  cu: inter64=0 inter32=0 inter16=0 inter8=0 intra32=0 intra16=0 intra8=0 intra4=0 reftype=0
  snapshot f157: 3 venc_ko blocks (pool0 0x73801000 len 0x10000)
src frame 158: srcf=16 off=0 br=16000
frame 158: send=0x0 get=0x0 len=2279 coding=1 startqp=0 meanqp=0 picbytes=0 pskip=0 nalus=1 n1:2279
  cu: inter64=0 inter32=0 inter16=0 inter8=0 intra32=0 intra16=0 intra8=0 intra4=0 reftype=0
  snapshot f158: 3 venc_ko blocks (pool0 0x73801000 len 0x10000)
src frame 159: srcf=15 off=0 br=16000
frame 159: send=0x0 get=0x0 len=2385 coding=1 startqp=0 meanqp=0 picbytes=0 pskip=0 nalus=1 n1:2385
  cu: inter64=0 inter32=0 inter16=0 inter8=0 intra32=0 intra16=0 intra8=0 intra4=0 reftype=0
  snapshot f159: 3 venc_ko blocks (pool0 0x73801000 len 0x10000)
src frame 160: srcf=14 off=0 br=16000
frame 160: send=0x0 get=0x0 len=2409 coding=1 startqp=0 meanqp=0 picbytes=0 pskip=0 nalus=1 n1:2409
  cu: inter64=0 inter32=0 inter16=0 inter8=0 intra32=0 intra16=0 intra8=0 intra4=0 reftype=0
  snapshot f160: 3 venc_ko blocks (pool0 0x73801000 len 0x10000)
src frame 161: srcf=13 off=0 br=16000
frame 161: send=0x0 get=0x0 len=2568 coding=1 startqp=0 meanqp=0 picbytes=0 pskip=0 nalus=1 n1:2568
  cu: inter64=0 inter32=0 inter16=0 inter8=0 intra32=0 intra16=0 intra8=0 intra4=0 reftype=0
  snapshot f161: 3 venc_ko blocks (pool0 0x73801000 len 0x10000)
src frame 162: srcf=12 off=0 br=16000
frame 162: send=0x0 get=0x0 len=2128 coding=1 startqp=0 meanqp=0 picbytes=0 pskip=0 nalus=1 n1:2128
  cu: inter64=0 inter32=0 inter16=0 inter8=0 intra32=0 intra16=0 intra8=0 intra4=0 reftype=0
  snapshot f162: 3 venc_ko blocks (pool0 0x73801000 len 0x10000)
src frame 163: srcf=11 off=0 br=16000
frame 163: send=0x0 get=0x0 len=1391 coding=1 startqp=0 meanqp=0 picbytes=0 pskip=0 nalus=1 n1:1391
  cu: inter64=0 inter32=0 inter16=0 inter8=0 intra32=0 intra16=0 intra8=0 intra4=0 reftype=0
  snapshot f163: 3 venc_ko blocks (pool0 0x73801000 len 0x10000)
src frame 164: srcf=10 off=0 br=16000
frame 164: send=0x0 get=0x0 len=1249 coding=1 startqp=0 meanqp=0 picbytes=0 pskip=0 nalus=1 n1:1249
  cu: inter64=0 inter32=0 inter16=0 inter8=0 intra32=0 intra16=0 intra8=0 intra4=0 reftype=0
  snapshot f164: 3 venc_ko blocks (pool0 0x73801000 len 0x10000)
src frame 165: srcf=9 off=0 br=16000
frame 165: send=0x0 get=0x0 len=1205 coding=1 startqp=0 meanqp=0 picbytes=0 pskip=0 nalus=1 n1:1205
  cu: inter64=0 inter32=0 inter16=0 inter8=0 intra32=0 intra16=0 intra8=0 intra4=0 reftype=0
  snapshot f165: 3 venc_ko blocks (pool0 0x73801000 len 0x10000)
src frame 166: srcf=8 off=0 br=16000
frame 166: send=0x0 get=0x0 len=1193 coding=1 startqp=0 meanqp=0 picbytes=0 pskip=0 nalus=1 n1:1193
  cu: inter64=0 inter32=0 inter16=0 inter8=0 intra32=0 intra16=0 intra8=0 intra4=0 reftype=0
  snapshot f166: 3 venc_ko blocks (pool0 0x73801000 len 0x10000)
src frame 167: srcf=7 off=0 br=16000
frame 167: send=0x0 get=0x0 len=1179 coding=1 startqp=0 meanqp=0 picbytes=0 pskip=0 nalus=1 n1:1179
  cu: inter64=0 inter32=0 inter16=0 inter8=0 intra32=0 intra16=0 intra8=0 intra4=0 reftype=0
  snapshot f167: 3 venc_ko blocks (pool0 0x73801000 len 0x10000)
src frame 168: srcf=6 off=0 br=16000
frame 168: send=0x0 get=0x0 len=1171 coding=1 startqp=0 meanqp=0 picbytes=0 pskip=0 nalus=1 n1:1171
  cu: inter64=0 inter32=0 inter16=0 inter8=0 intra32=0 intra16=0 intra8=0 intra4=0 reftype=0
  snapshot f168: 3 venc_ko blocks (pool0 0x73801000 len 0x10000)
src frame 169: srcf=5 off=0 br=16000
frame 169: send=0x0 get=0x0 len=1172 coding=1 startqp=0 meanqp=0 picbytes=0 pskip=0 nalus=1 n1:1172
  cu: inter64=0 inter32=0 inter16=0 inter8=0 intra32=0 intra16=0 intra8=0 intra4=0 reftype=0
  snapshot f169: 3 venc_ko blocks (pool0 0x73801000 len 0x10000)
src frame 170: srcf=4 off=0 br=16000
frame 170: send=0x0 get=0x0 len=1173 coding=1 startqp=0 meanqp=0 picbytes=0 pskip=0 nalus=1 n1:1173
  cu: inter64=0 inter32=0 inter16=0 inter8=0 intra32=0 intra16=0 intra8=0 intra4=0 reftype=0
  snapshot f170: 3 venc_ko blocks (pool0 0x73801000 len 0x10000)
src frame 171: srcf=3 off=0 br=16000
frame 171: send=0x0 get=0x0 len=1173 coding=1 startqp=0 meanqp=0 picbytes=0 pskip=0 nalus=1 n1:1173
  cu: inter64=0 inter32=0 inter16=0 inter8=0 intra32=0 intra16=0 intra8=0 intra4=0 reftype=0
  snapshot f171: 3 venc_ko blocks (pool0 0x73801000 len 0x10000)
src frame 172: srcf=2 off=0 br=16000
frame 172: send=0x0 get=0x0 len=1171 coding=1 startqp=0 meanqp=0 picbytes=0 pskip=0 nalus=1 n1:1171
  cu: inter64=0 inter32=0 inter16=0 inter8=0 intra32=0 intra16=0 intra8=0 intra4=0 reftype=0
  snapshot f172: 3 venc_ko blocks (pool0 0x73801000 len 0x10000)
src frame 173: srcf=1 off=0 br=16000
frame 173: send=0x0 get=0x0 len=1172 coding=1 startqp=0 meanqp=0 picbytes=0 pskip=0 nalus=1 n1:1172
  cu: inter64=0 inter32=0 inter16=0 inter8=0 intra32=0 intra16=0 intra8=0 intra4=0 reftype=0
  snapshot f173: 3 venc_ko blocks (pool0 0x73801000 len 0x10000)
src frame 174: srcf=0 off=0 br=16000
frame 174: send=0x0 get=0x0 len=1173 coding=1 startqp=0 meanqp=0 picbytes=0 pskip=0 nalus=1 n1:1173
  cu: inter64=0 inter32=0 inter16=0 inter8=0 intra32=0 intra16=0 intra8=0 intra4=0 reftype=0
  snapshot f174: 3 venc_ko blocks (pool0 0x73801000 len 0x10000)
src frame 175: srcf=1 off=0 br=16000
frame 175: send=0x0 get=0x0 len=1173 coding=1 startqp=0 meanqp=0 picbytes=0 pskip=0 nalus=1 n1:1173
  cu: inter64=0 inter32=0 inter16=0 inter8=0 intra32=0 intra16=0 intra8=0 intra4=0 reftype=0
  snapshot f175: 3 venc_ko blocks (pool0 0x73801000 len 0x10000)
src frame 176: srcf=2 off=0 br=16000
frame 176: send=0x0 get=0x0 len=1171 coding=1 startqp=0 meanqp=0 picbytes=0 pskip=0 nalus=1 n1:1171
  cu: inter64=0 inter32=0 inter16=0 inter8=0 intra32=0 intra16=0 intra8=0 intra4=0 reftype=0
  snapshot f176: 3 venc_ko blocks (pool0 0x73801000 len 0x10000)
src frame 177: srcf=3 off=0 br=16000
frame 177: send=0x0 get=0x0 len=1172 coding=1 startqp=0 meanqp=0 picbytes=0 pskip=0 nalus=1 n1:1172
  cu: inter64=0 inter32=0 inter16=0 inter8=0 intra32=0 intra16=0 intra8=0 intra4=0 reftype=0
  snapshot f177: 3 venc_ko blocks (pool0 0x73801000 len 0x10000)
src frame 178: srcf=4 off=0 br=16000
frame 178: send=0x0 get=0x0 len=1173 coding=1 startqp=0 meanqp=0 picbytes=0 pskip=0 nalus=1 n1:1173
  cu: inter64=0 inter32=0 inter16=0 inter8=0 intra32=0 intra16=0 intra8=0 intra4=0 reftype=0
  snapshot f178: 3 venc_ko blocks (pool0 0x73801000 len 0x10000)
src frame 179: srcf=5 off=0 br=16000
frame 179: send=0x0 get=0x0 len=1173 coding=1 startqp=0 meanqp=0 picbytes=0 pskip=0 nalus=1 n1:1173
  cu: inter64=0 inter32=0 inter16=0 inter8=0 intra32=0 intra16=0 intra8=0 intra4=0 reftype=0
  snapshot f179: 3 venc_ko blocks (pool0 0x73801000 len 0x10000)
src frame 180: srcf=6 off=0 br=16000
frame 180: send=0x0 get=0x0 len=52508 coding=0 startqp=0 meanqp=0 picbytes=0 pskip=0 nalus=4 n32:27 n33:53 n34:11 n19:52417
  cu: inter64=0 inter32=0 inter16=0 inter8=0 intra32=0 intra16=0 intra8=0 intra4=0 reftype=0
  snapshot f180: 3 venc_ko blocks (pool0 0x73801000 len 0x10000)
src frame 181: srcf=7 off=0 br=16000
frame 181: send=0x0 get=0x0 len=6935 coding=1 startqp=0 meanqp=0 picbytes=0 pskip=0 nalus=1 n1:6935
  cu: inter64=0 inter32=0 inter16=0 inter8=0 intra32=0 intra16=0 intra8=0 intra4=0 reftype=0
  snapshot f181: 3 venc_ko blocks (pool0 0x73801000 len 0x10000)
src frame 182: srcf=8 off=0 br=16000
frame 182: send=0x0 get=0x0 len=3078 coding=1 startqp=0 meanqp=0 picbytes=0 pskip=0 nalus=1 n1:3078
  cu: inter64=0 inter32=0 inter16=0 inter8=0 intra32=0 intra16=0 intra8=0 intra4=0 reftype=0
  snapshot f182: 3 venc_ko blocks (pool0 0x73801000 len 0x10000)
src frame 183: srcf=9 off=0 br=16000
frame 183: send=0x0 get=0x0 len=4200 coding=1 startqp=0 meanqp=0 picbytes=0 pskip=0 nalus=1 n1:4200
  cu: inter64=0 inter32=0 inter16=0 inter8=0 intra32=0 intra16=0 intra8=0 intra4=0 reftype=0
  snapshot f183: 3 venc_ko blocks (pool0 0x73801000 len 0x10000)
src frame 184: srcf=10 off=0 br=16000
frame 184: send=0x0 get=0x0 len=4496 coding=1 startqp=0 meanqp=0 picbytes=0 pskip=0 nalus=1 n1:4496
  cu: inter64=0 inter32=0 inter16=0 inter8=0 intra32=0 intra16=0 intra8=0 intra4=0 reftype=0
  snapshot f184: 3 venc_ko blocks (pool0 0x73801000 len 0x10000)
src frame 185: srcf=11 off=0 br=16000
frame 185: send=0x0 get=0x0 len=2276 coding=1 startqp=0 meanqp=0 picbytes=0 pskip=0 nalus=1 n1:2276
  cu: inter64=0 inter32=0 inter16=0 inter8=0 intra32=0 intra16=0 intra8=0 intra4=0 reftype=0
  snapshot f185: 3 venc_ko blocks (pool0 0x73801000 len 0x10000)
src frame 186: srcf=12 off=0 br=16000
frame 186: send=0x0 get=0x0 len=2274 coding=1 startqp=0 meanqp=0 picbytes=0 pskip=0 nalus=1 n1:2274
  cu: inter64=0 inter32=0 inter16=0 inter8=0 intra32=0 intra16=0 intra8=0 intra4=0 reftype=0
  snapshot f186: 3 venc_ko blocks (pool0 0x73801000 len 0x10000)
src frame 187: srcf=13 off=0 br=16000
frame 187: send=0x0 get=0x0 len=2159 coding=1 startqp=0 meanqp=0 picbytes=0 pskip=0 nalus=1 n1:2159
  cu: inter64=0 inter32=0 inter16=0 inter8=0 intra32=0 intra16=0 intra8=0 intra4=0 reftype=0
  snapshot f187: 3 venc_ko blocks (pool0 0x73801000 len 0x10000)
src frame 188: srcf=14 off=0 br=16000
frame 188: send=0x0 get=0x0 len=1991 coding=1 startqp=0 meanqp=0 picbytes=0 pskip=0 nalus=1 n1:1991
  cu: inter64=0 inter32=0 inter16=0 inter8=0 intra32=0 intra16=0 intra8=0 intra4=0 reftype=0
  snapshot f188: 3 venc_ko blocks (pool0 0x73801000 len 0x10000)
src frame 189: srcf=15 off=0 br=16000
frame 189: send=0x0 get=0x0 len=2051 coding=1 startqp=0 meanqp=0 picbytes=0 pskip=0 nalus=1 n1:2051
  cu: inter64=0 inter32=0 inter16=0 inter8=0 intra32=0 intra16=0 intra8=0 intra4=0 reftype=0
  snapshot f189: 3 venc_ko blocks (pool0 0x73801000 len 0x10000)
src frame 190: srcf=16 off=0 br=16000
frame 190: send=0x0 get=0x0 len=2108 coding=1 startqp=0 meanqp=0 picbytes=0 pskip=0 nalus=1 n1:2108
  cu: inter64=0 inter32=0 inter16=0 inter8=0 intra32=0 intra16=0 intra8=0 intra4=0 reftype=0
  snapshot f190: 3 venc_ko blocks (pool0 0x73801000 len 0x10000)
src frame 191: srcf=17 off=0 br=16000
frame 191: send=0x0 get=0x0 len=1695 coding=1 startqp=0 meanqp=0 picbytes=0 pskip=0 nalus=1 n1:1695
  cu: inter64=0 inter32=0 inter16=0 inter8=0 intra32=0 intra16=0 intra8=0 intra4=0 reftype=0
  snapshot f191: 3 venc_ko blocks (pool0 0x73801000 len 0x10000)
src frame 192: srcf=18 off=0 br=16000
frame 192: send=0x0 get=0x0 len=1504 coding=1 startqp=0 meanqp=0 picbytes=0 pskip=0 nalus=1 n1:1504
  cu: inter64=0 inter32=0 inter16=0 inter8=0 intra32=0 intra16=0 intra8=0 intra4=0 reftype=0
  snapshot f192: 3 venc_ko blocks (pool0 0x73801000 len 0x10000)
src frame 193: srcf=19 off=0 br=16000
frame 193: send=0x0 get=0x0 len=1485 coding=1 startqp=0 meanqp=0 picbytes=0 pskip=0 nalus=1 n1:1485
  cu: inter64=0 inter32=0 inter16=0 inter8=0 intra32=0 intra16=0 intra8=0 intra4=0 reftype=0
  snapshot f193: 3 venc_ko blocks (pool0 0x73801000 len 0x10000)
src frame 194: srcf=20 off=0 br=16000
frame 194: send=0x0 get=0x0 len=1417 coding=1 startqp=0 meanqp=0 picbytes=0 pskip=0 nalus=1 n1:1417
  cu: inter64=0 inter32=0 inter16=0 inter8=0 intra32=0 intra16=0 intra8=0 intra4=0 reftype=0
  snapshot f194: 3 venc_ko blocks (pool0 0x73801000 len 0x10000)
src frame 195: srcf=21 off=0 br=16000
frame 195: send=0x0 get=0x0 len=1212 coding=1 startqp=0 meanqp=0 picbytes=0 pskip=0 nalus=1 n1:1212
  cu: inter64=0 inter32=0 inter16=0 inter8=0 intra32=0 intra16=0 intra8=0 intra4=0 reftype=0
  snapshot f195: 3 venc_ko blocks (pool0 0x73801000 len 0x10000)
src frame 196: srcf=22 off=0 br=16000
frame 196: send=0x0 get=0x0 len=1201 coding=1 startqp=0 meanqp=0 picbytes=0 pskip=0 nalus=1 n1:1201
  cu: inter64=0 inter32=0 inter16=0 inter8=0 intra32=0 intra16=0 intra8=0 intra4=0 reftype=0
  snapshot f196: 3 venc_ko blocks (pool0 0x73801000 len 0x10000)
src frame 197: srcf=23 off=0 br=16000
frame 197: send=0x0 get=0x0 len=1172 coding=1 startqp=0 meanqp=0 picbytes=0 pskip=0 nalus=1 n1:1172
  cu: inter64=0 inter32=0 inter16=0 inter8=0 intra32=0 intra16=0 intra8=0 intra4=0 reftype=0
  snapshot f197: 3 venc_ko blocks (pool0 0x73801000 len 0x10000)
src frame 198: srcf=24 off=0 br=16000
frame 198: send=0x0 get=0x0 len=1159 coding=1 startqp=0 meanqp=0 picbytes=0 pskip=0 nalus=1 n1:1159
  cu: inter64=0 inter32=0 inter16=0 inter8=0 intra32=0 intra16=0 intra8=0 intra4=0 reftype=0
  snapshot f198: 3 venc_ko blocks (pool0 0x73801000 len 0x10000)
src frame 199: srcf=25 off=0 br=16000
frame 199: send=0x0 get=0x0 len=1159 coding=1 startqp=0 meanqp=0 picbytes=0 pskip=0 nalus=1 n1:1159
  cu: inter64=0 inter32=0 inter16=0 inter8=0 intra32=0 intra16=0 intra8=0 intra4=0 reftype=0
  snapshot f199: 3 venc_ko blocks (pool0 0x73801000 len 0x10000)
src frame 200: srcf=26 off=0 br=16000
frame 200: send=0x0 get=0x0 len=1160 coding=1 startqp=0 meanqp=0 picbytes=0 pskip=0 nalus=1 n1:1160
  cu: inter64=0 inter32=0 inter16=0 inter8=0 intra32=0 intra16=0 intra8=0 intra4=0 reftype=0
  snapshot f200: 3 venc_ko blocks (pool0 0x73801000 len 0x10000)
src frame 201: srcf=27 off=0 br=16000
frame 201: send=0x0 get=0x0 len=1157 coding=1 startqp=0 meanqp=0 picbytes=0 pskip=0 nalus=1 n1:1157
  cu: inter64=0 inter32=0 inter16=0 inter8=0 intra32=0 intra16=0 intra8=0 intra4=0 reftype=0
  snapshot f201: 3 venc_ko blocks (pool0 0x73801000 len 0x10000)
src frame 202: srcf=28 off=0 br=16000
frame 202: send=0x0 get=0x0 len=1156 coding=1 startqp=0 meanqp=0 picbytes=0 pskip=0 nalus=1 n1:1156
  cu: inter64=0 inter32=0 inter16=0 inter8=0 intra32=0 intra16=0 intra8=0 intra4=0 reftype=0
  snapshot f202: 3 venc_ko blocks (pool0 0x73801000 len 0x10000)
src frame 203: srcf=29 off=0 br=16000
frame 203: send=0x0 get=0x0 len=1139 coding=1 startqp=0 meanqp=0 picbytes=0 pskip=0 nalus=1 n1:1139
  cu: inter64=0 inter32=0 inter16=0 inter8=0 intra32=0 intra16=0 intra8=0 intra4=0 reftype=0
  snapshot f203: 3 venc_ko blocks (pool0 0x73801000 len 0x10000)
src frame 204: srcf=28 off=0 br=16000
frame 204: send=0x0 get=0x0 len=1143 coding=1 startqp=0 meanqp=0 picbytes=0 pskip=0 nalus=1 n1:1143
  cu: inter64=0 inter32=0 inter16=0 inter8=0 intra32=0 intra16=0 intra8=0 intra4=0 reftype=0
  snapshot f204: 3 venc_ko blocks (pool0 0x73801000 len 0x10000)
src frame 205: srcf=27 off=0 br=16000
frame 205: send=0x0 get=0x0 len=1142 coding=1 startqp=0 meanqp=0 picbytes=0 pskip=0 nalus=1 n1:1142
  cu: inter64=0 inter32=0 inter16=0 inter8=0 intra32=0 intra16=0 intra8=0 intra4=0 reftype=0
  snapshot f205: 3 venc_ko blocks (pool0 0x73801000 len 0x10000)
src frame 206: srcf=26 off=0 br=16000
frame 206: send=0x0 get=0x0 len=1123 coding=1 startqp=0 meanqp=0 picbytes=0 pskip=0 nalus=1 n1:1123
  cu: inter64=0 inter32=0 inter16=0 inter8=0 intra32=0 intra16=0 intra8=0 intra4=0 reftype=0
  snapshot f206: 3 venc_ko blocks (pool0 0x73801000 len 0x10000)
src frame 207: srcf=25 off=0 br=16000
frame 207: send=0x0 get=0x0 len=1118 coding=1 startqp=0 meanqp=0 picbytes=0 pskip=0 nalus=1 n1:1118
  cu: inter64=0 inter32=0 inter16=0 inter8=0 intra32=0 intra16=0 intra8=0 intra4=0 reftype=0
  snapshot f207: 3 venc_ko blocks (pool0 0x73801000 len 0x10000)
src frame 208: srcf=24 off=0 br=16000
frame 208: send=0x0 get=0x0 len=1114 coding=1 startqp=0 meanqp=0 picbytes=0 pskip=0 nalus=1 n1:1114
  cu: inter64=0 inter32=0 inter16=0 inter8=0 intra32=0 intra16=0 intra8=0 intra4=0 reftype=0
  snapshot f208: 3 venc_ko blocks (pool0 0x73801000 len 0x10000)
src frame 209: srcf=23 off=0 br=16000
frame 209: send=0x0 get=0x0 len=1114 coding=1 startqp=0 meanqp=0 picbytes=0 pskip=0 nalus=1 n1:1114
  cu: inter64=0 inter32=0 inter16=0 inter8=0 intra32=0 intra16=0 intra8=0 intra4=0 reftype=0
  snapshot f209: 3 venc_ko blocks (pool0 0x73801000 len 0x10000)
src frame 210: srcf=22 off=0 br=16000
frame 210: send=0x0 get=0x0 len=57268 coding=0 startqp=0 meanqp=0 picbytes=0 pskip=0 nalus=4 n32:27 n33:53 n34:11 n19:57177
  cu: inter64=0 inter32=0 inter16=0 inter8=0 intra32=0 intra16=0 intra8=0 intra4=0 reftype=0
  snapshot f210: 3 venc_ko blocks (pool0 0x73801000 len 0x10000)
src frame 211: srcf=21 off=0 br=16000
frame 211: send=0x0 get=0x0 len=7491 coding=1 startqp=0 meanqp=0 picbytes=0 pskip=0 nalus=1 n1:7491
  cu: inter64=0 inter32=0 inter16=0 inter8=0 intra32=0 intra16=0 intra8=0 intra4=0 reftype=0
  snapshot f211: 3 venc_ko blocks (pool0 0x73801000 len 0x10000)
src frame 212: srcf=20 off=0 br=16000
frame 212: send=0x0 get=0x0 len=4064 coding=1 startqp=0 meanqp=0 picbytes=0 pskip=0 nalus=1 n1:4064
  cu: inter64=0 inter32=0 inter16=0 inter8=0 intra32=0 intra16=0 intra8=0 intra4=0 reftype=0
  snapshot f212: 3 venc_ko blocks (pool0 0x73801000 len 0x10000)
src frame 213: srcf=19 off=0 br=16000
frame 213: send=0x0 get=0x0 len=1936 coding=1 startqp=0 meanqp=0 picbytes=0 pskip=0 nalus=1 n1:1936
  cu: inter64=0 inter32=0 inter16=0 inter8=0 intra32=0 intra16=0 intra8=0 intra4=0 reftype=0
  snapshot f213: 3 venc_ko blocks (pool0 0x73801000 len 0x10000)
src frame 214: srcf=18 off=0 br=16000
frame 214: send=0x0 get=0x0 len=1772 coding=1 startqp=0 meanqp=0 picbytes=0 pskip=0 nalus=1 n1:1772
  cu: inter64=0 inter32=0 inter16=0 inter8=0 intra32=0 intra16=0 intra8=0 intra4=0 reftype=0
  snapshot f214: 3 venc_ko blocks (pool0 0x73801000 len 0x10000)
src frame 215: srcf=17 off=0 br=16000
frame 215: send=0x0 get=0x0 len=1792 coding=1 startqp=0 meanqp=0 picbytes=0 pskip=0 nalus=1 n1:1792
  cu: inter64=0 inter32=0 inter16=0 inter8=0 intra32=0 intra16=0 intra8=0 intra4=0 reftype=0
  snapshot f215: 3 venc_ko blocks (pool0 0x73801000 len 0x10000)
src frame 216: srcf=16 off=0 br=16000
frame 216: send=0x0 get=0x0 len=1863 coding=1 startqp=0 meanqp=0 picbytes=0 pskip=0 nalus=1 n1:1863
  cu: inter64=0 inter32=0 inter16=0 inter8=0 intra32=0 intra16=0 intra8=0 intra4=0 reftype=0
  snapshot f216: 3 venc_ko blocks (pool0 0x73801000 len 0x10000)
src frame 217: srcf=15 off=0 br=16000
frame 217: send=0x0 get=0x0 len=1787 coding=1 startqp=0 meanqp=0 picbytes=0 pskip=0 nalus=1 n1:1787
  cu: inter64=0 inter32=0 inter16=0 inter8=0 intra32=0 intra16=0 intra8=0 intra4=0 reftype=0
  snapshot f217: 3 venc_ko blocks (pool0 0x73801000 len 0x10000)
src frame 218: srcf=14 off=0 br=16000
frame 218: send=0x0 get=0x0 len=1742 coding=1 startqp=0 meanqp=0 picbytes=0 pskip=0 nalus=1 n1:1742
  cu: inter64=0 inter32=0 inter16=0 inter8=0 intra32=0 intra16=0 intra8=0 intra4=0 reftype=0
  snapshot f218: 3 venc_ko blocks (pool0 0x73801000 len 0x10000)
src frame 219: srcf=13 off=0 br=16000
frame 219: send=0x0 get=0x0 len=1170 coding=1 startqp=0 meanqp=0 picbytes=0 pskip=0 nalus=1 n1:1170
  cu: inter64=0 inter32=0 inter16=0 inter8=0 intra32=0 intra16=0 intra8=0 intra4=0 reftype=0
  snapshot f219: 3 venc_ko blocks (pool0 0x73801000 len 0x10000)
src frame 220: srcf=12 off=0 br=16000
frame 220: send=0x0 get=0x0 len=1093 coding=1 startqp=0 meanqp=0 picbytes=0 pskip=0 nalus=1 n1:1093
  cu: inter64=0 inter32=0 inter16=0 inter8=0 intra32=0 intra16=0 intra8=0 intra4=0 reftype=0
  snapshot f220: 3 venc_ko blocks (pool0 0x73801000 len 0x10000)
src frame 221: srcf=11 off=0 br=16000
frame 221: send=0x0 get=0x0 len=1066 coding=1 startqp=0 meanqp=0 picbytes=0 pskip=0 nalus=1 n1:1066
  cu: inter64=0 inter32=0 inter16=0 inter8=0 intra32=0 intra16=0 intra8=0 intra4=0 reftype=0
  snapshot f221: 3 venc_ko blocks (pool0 0x73801000 len 0x10000)
src frame 222: srcf=10 off=0 br=16000
frame 222: send=0x0 get=0x0 len=1061 coding=1 startqp=0 meanqp=0 picbytes=0 pskip=0 nalus=1 n1:1061
  cu: inter64=0 inter32=0 inter16=0 inter8=0 intra32=0 intra16=0 intra8=0 intra4=0 reftype=0
  snapshot f222: 3 venc_ko blocks (pool0 0x73801000 len 0x10000)
src frame 223: srcf=9 off=0 br=16000
frame 223: send=0x0 get=0x0 len=1047 coding=1 startqp=0 meanqp=0 picbytes=0 pskip=0 nalus=1 n1:1047
  cu: inter64=0 inter32=0 inter16=0 inter8=0 intra32=0 intra16=0 intra8=0 intra4=0 reftype=0
  snapshot f223: 3 venc_ko blocks (pool0 0x73801000 len 0x10000)
src frame 224: srcf=8 off=0 br=16000
frame 224: send=0x0 get=0x0 len=1043 coding=1 startqp=0 meanqp=0 picbytes=0 pskip=0 nalus=1 n1:1043
  cu: inter64=0 inter32=0 inter16=0 inter8=0 intra32=0 intra16=0 intra8=0 intra4=0 reftype=0
  snapshot f224: 3 venc_ko blocks (pool0 0x73801000 len 0x10000)
src frame 225: srcf=7 off=0 br=16000
frame 225: send=0x0 get=0x0 len=1044 coding=1 startqp=0 meanqp=0 picbytes=0 pskip=0 nalus=1 n1:1044
  cu: inter64=0 inter32=0 inter16=0 inter8=0 intra32=0 intra16=0 intra8=0 intra4=0 reftype=0
  snapshot f225: 3 venc_ko blocks (pool0 0x73801000 len 0x10000)
src frame 226: srcf=6 off=0 br=16000
frame 226: send=0x0 get=0x0 len=1042 coding=1 startqp=0 meanqp=0 picbytes=0 pskip=0 nalus=1 n1:1042
  cu: inter64=0 inter32=0 inter16=0 inter8=0 intra32=0 intra16=0 intra8=0 intra4=0 reftype=0
  snapshot f226: 3 venc_ko blocks (pool0 0x73801000 len 0x10000)
src frame 227: srcf=5 off=0 br=16000
frame 227: send=0x0 get=0x0 len=1043 coding=1 startqp=0 meanqp=0 picbytes=0 pskip=0 nalus=1 n1:1043
  cu: inter64=0 inter32=0 inter16=0 inter8=0 intra32=0 intra16=0 intra8=0 intra4=0 reftype=0
  snapshot f227: 3 venc_ko blocks (pool0 0x73801000 len 0x10000)
src frame 228: srcf=4 off=0 br=16000
frame 228: send=0x0 get=0x0 len=1043 coding=1 startqp=0 meanqp=0 picbytes=0 pskip=0 nalus=1 n1:1043
  cu: inter64=0 inter32=0 inter16=0 inter8=0 intra32=0 intra16=0 intra8=0 intra4=0 reftype=0
  snapshot f228: 3 venc_ko blocks (pool0 0x73801000 len 0x10000)
src frame 229: srcf=3 off=0 br=16000
frame 229: send=0x0 get=0x0 len=1044 coding=1 startqp=0 meanqp=0 picbytes=0 pskip=0 nalus=1 n1:1044
  cu: inter64=0 inter32=0 inter16=0 inter8=0 intra32=0 intra16=0 intra8=0 intra4=0 reftype=0
  snapshot f229: 3 venc_ko blocks (pool0 0x73801000 len 0x10000)
src frame 230: srcf=2 off=0 br=16000
frame 230: send=0x0 get=0x0 len=1042 coding=1 startqp=0 meanqp=0 picbytes=0 pskip=0 nalus=1 n1:1042
  cu: inter64=0 inter32=0 inter16=0 inter8=0 intra32=0 intra16=0 intra8=0 intra4=0 reftype=0
  snapshot f230: 3 venc_ko blocks (pool0 0x73801000 len 0x10000)
src frame 231: srcf=1 off=0 br=16000
frame 231: send=0x0 get=0x0 len=1043 coding=1 startqp=0 meanqp=0 picbytes=0 pskip=0 nalus=1 n1:1043
  cu: inter64=0 inter32=0 inter16=0 inter8=0 intra32=0 intra16=0 intra8=0 intra4=0 reftype=0
  snapshot f231: 3 venc_ko blocks (pool0 0x73801000 len 0x10000)
src frame 232: srcf=0 off=0 br=16000
frame 232: send=0x0 get=0x0 len=1043 coding=1 startqp=0 meanqp=0 picbytes=0 pskip=0 nalus=1 n1:1043
  cu: inter64=0 inter32=0 inter16=0 inter8=0 intra32=0 intra16=0 intra8=0 intra4=0 reftype=0
  snapshot f232: 3 venc_ko blocks (pool0 0x73801000 len 0x10000)
src frame 233: srcf=1 off=0 br=16000
frame 233: send=0x0 get=0x0 len=1044 coding=1 startqp=0 meanqp=0 picbytes=0 pskip=0 nalus=1 n1:1044
  cu: inter64=0 inter32=0 inter16=0 inter8=0 intra32=0 intra16=0 intra8=0 intra4=0 reftype=0
  snapshot f233: 3 venc_ko blocks (pool0 0x73801000 len 0x10000)
src frame 234: srcf=2 off=0 br=16000
frame 234: send=0x0 get=0x0 len=1042 coding=1 startqp=0 meanqp=0 picbytes=0 pskip=0 nalus=1 n1:1042
  cu: inter64=0 inter32=0 inter16=0 inter8=0 intra32=0 intra16=0 intra8=0 intra4=0 reftype=0
  snapshot f234: 3 venc_ko blocks (pool0 0x73801000 len 0x10000)
src frame 235: srcf=3 off=0 br=16000
frame 235: send=0x0 get=0x0 len=1043 coding=1 startqp=0 meanqp=0 picbytes=0 pskip=0 nalus=1 n1:1043
  cu: inter64=0 inter32=0 inter16=0 inter8=0 intra32=0 intra16=0 intra8=0 intra4=0 reftype=0
  snapshot f235: 3 venc_ko blocks (pool0 0x73801000 len 0x10000)
src frame 236: srcf=4 off=0 br=16000
frame 236: send=0x0 get=0x0 len=1043 coding=1 startqp=0 meanqp=0 picbytes=0 pskip=0 nalus=1 n1:1043
  cu: inter64=0 inter32=0 inter16=0 inter8=0 intra32=0 intra16=0 intra8=0 intra4=0 reftype=0
  snapshot f236: 3 venc_ko blocks (pool0 0x73801000 len 0x10000)
src frame 237: srcf=5 off=0 br=16000
frame 237: send=0x0 get=0x0 len=1044 coding=1 startqp=0 meanqp=0 picbytes=0 pskip=0 nalus=1 n1:1044
  cu: inter64=0 inter32=0 inter16=0 inter8=0 intra32=0 intra16=0 intra8=0 intra4=0 reftype=0
  snapshot f237: 3 venc_ko blocks (pool0 0x73801000 len 0x10000)
src frame 238: srcf=6 off=0 br=16000
frame 238: send=0x0 get=0x0 len=1042 coding=1 startqp=0 meanqp=0 picbytes=0 pskip=0 nalus=1 n1:1042
  cu: inter64=0 inter32=0 inter16=0 inter8=0 intra32=0 intra16=0 intra8=0 intra4=0 reftype=0
  snapshot f238: 3 venc_ko blocks (pool0 0x73801000 len 0x10000)
src frame 239: srcf=7 off=0 br=16000
frame 239: send=0x0 get=0x0 len=1043 coding=1 startqp=0 meanqp=0 picbytes=0 pskip=0 nalus=1 n1:1043
  cu: inter64=0 inter32=0 inter16=0 inter8=0 intra32=0 intra16=0 intra8=0 intra4=0 reftype=0
  snapshot f239: 3 venc_ko blocks (pool0 0x73801000 len 0x10000)
---- /proc/ax_proc/venc ----
-------- VENC VERSION ------------------------
[Axera version]: ax_venc V3.0.0_20250319114413 Mar 19 2025 11:58:34 JK

-------- MODULE PARAM ------------------------
MaxChnNum   MaxRoiNum   MaxProcNum  
16          8           16          

-------- VENC CHN ATTR 1 ------------------------
ID    Type    wSrc    hSrc    Strd0   Strd1   maxW    maxH    PixFmt  link  InFifoDep    OutFifoDep   InDbgFifoLen InDbgFifoDep StrmBufSize(KB)
7     h265    1920    1080    3840    0       1920    1080    YUYV422 N     2            2            0            4            4114      
-------- VENC CHN ATTR 2 ------------------------
ID    [CropEn StartX  StartY  CropW   CropH]  Rotation  EncW    EncH    FrmSize      PTS          SeqNum       CompMode     CompLevel    PhyAddr0     PhyAddr1     PhyAddr2     
7     N       0       0       0       0       0         1920    1080    4147200      3266666      197          NONE         0            742cb000     0            0            
-------- VENC RC ATTR 1 ------------------------
ID    RcMode    SrcFr   DstFr   Br(kbps)  MinQp   MaxQp   MinIQp  MaxIQp  IQpDelta  IpropMax   IpropMin   StartQp    QpDltRng   DeBrQpDlt  SvcEn   ChgPos  StillPercent MaxStillQp 
7     CBR       60.00   60.00   16000     10      51      10      51      0         40         10         -1         2          0          False   -       -            -          
-------- VENC RC ATTR 2  -----------------------
ID    QMapQpType  QMapUnit    QMapBlkType IQp   PQp   MinQpDelta MaxQpDelta MaxBitRate shtStaTime ltStaTime  ltMinBr  ltMaxBr  Br_ST(kbps)    Br_LT(kbps)    
7     N/A         64x64       N/A         -     -     -          -          -          -          -          -        -        -              -              
-------- VENC GOP ATTR  ------------------------
ID    GopMode   Gop   GopVI 
7     NormalP   30    0     
-------- VENC STATUS 1 -------------------------
ID    RJEn         RJThr(bps)   RJMode       RJEncGaps    SupFrmEn     SupPri       SupThrI      SupThrP      SplitEn      SliceNum     Range(In)    Range(out)   
7     N            0            Normal       0            N            0            500000       500000       N            0            Full         Full         
-------- VENC STATUS 2 -------------------------
ID    ChnStat   FrmRecv   FrmRls    FrmEnc    FrmDrop   FrmDup    EncFail   MissMatch StrmGet   StrmRls   OutFps    RealBr    ReEncCnt  DropCnt   BlkFail   GrpID     PID     TID     ThNum   RefInc    RefDec    Fail1   Fail2   Fail3   Fail4   
7     STARTED   198       197       197       0         0         0         0         197       197       50.00     1626.16   0         0         0         -1        130387  130391  1       198       197       0       0       0       0       
-------- VENC HW STATUS  ------------------------
ID    OverFlow     TimeOut      
7     0            0            
-------- VENC ROI INFO  ------------------------
ID    Index        bEnable      bAbsQp       RoiQP        Width        Height       StartX       StartY       
done h265_static16000
rc=0
== h265_static16000: codec=h265 rc=cbr br=16000 fps=60 gop=30 frames=240 total=871037 B achieved=1742 kbps
I frames (frame:qp/bytes): 0:32/28832 30:30/32398 60:28/36210 90:26/39760 120:24/43591 150:22/48091 180:20/52508 210:18/57268
first P after each I (frame:qp): 1:35 31:33 61:31 91:29 121:27 151:25 181:23 211:21
per-GOP: gop#: kbps I_qp P_qp[min..max] P_qp_last
  0: 1689 kbps I=[32] P=[21..35] last=21 n=30
  1: 1777 kbps I=[30] P=[19..33] last=19 n=30
  2: 1789 kbps I=[28] P=[17..31] last=17 n=30
  3: 1812 kbps I=[26] P=[15..29] last=15 n=30
  4: 1787 kbps I=[24] P=[13..27] last=13 n=30
  5: 1733 kbps I=[22] P=[14..25] last=14 n=30
  6: 1719 kbps I=[20] P=[10..23] last=10 n=30
  7: 1629 kbps I=[18] P=[14..21] last=14 n=30
P->P QP step histogram: -2:1 -1:99 +0:124
I->firstP QP delta: +3 +3 +3 +3 +3 +3 +3 +3
sw7 frame-QP == slice QP: 240/240 frames with a program agree; mismatches at []
slot flags: {'': 240}
sw105-107 distinct (I): [('0x35b600', '0x35b600', '0x35b600'), ('0x46c3f1', '0x46c3f1', '0x46c3f1'), ('0x4dd789', '0x4dd789', '0x4dd789')]
sw172/173 distinct: [('0x14f', '0x662'), ('0x14f', '0x66a')]
sw6 distinct (I / P): ['0x20000b'] ['0x200003']
