=== h264_chg: codec=h264 rc=cbr br=8000 nframes=270 src=/root/rc65/clips/static.yuyv motion=vscroll mstep=4 chg=60:2000,120:16000
# vdrive tag=h264_chg codec=h264 1920x1080 rc=cbr br=8000 fps=60/60 gop=30 gopmode=normalp ltrint=0 ltrqpo=0 iqp=32 pqp=32 profile=10 level=51 tier=0 qp[10..51] iqp[10..51] iqd=0 firstqp=-1 iprop[10..40] idrrange=2 stattime=1 vq=0 ir=0/0 slice=0 debreath=0 scd=-1 rowqpd=-1 vui=-1 move=0 nframes=270
src=/root/rc65/clips/static.yuyv frames=30 loop=pingpong motion=vscroll mstep=4 window=0..-1
chg plan: frame 60 -> 2000 kbps
chg plan: frame 120 -> 16000 kbps
AX_SYS_Init rc=0x0
AX_VENC_Init rc=0x0
AX_VENC_CreateChn(7) rc=0x0
StartRecvFrame rc=0x0
AX_POOL_CreatePool id=0x0
blk=0x5e000000 phys=0x742d1000 virt=0xffff919c5000
frame: modid=0x11 stride=1920 fmt=0xd
  snapshot pre: 3 venc_ko blocks (pool0 0x73801000 len 0x10000)
src frame 0: srcf=0 off=4 br=8000
frame 0: send=0x0 get=0x0 len=30679 coding=0 startqp=0 meanqp=0 picbytes=0 pskip=0 nalus=3 n7:32 n8:8 n5:30639
  snapshot f000: 3 venc_ko blocks (pool0 0x73801000 len 0x10000)
src frame 1: srcf=1 off=8 br=8000
frame 1: send=0x0 get=0x0 len=6518 coding=1 startqp=0 meanqp=0 picbytes=0 pskip=0 nalus=1 n1:6518
  snapshot f001: 3 venc_ko blocks (pool0 0x73801000 len 0x10000)
src frame 2: srcf=2 off=12 br=8000
frame 2: send=0x0 get=0x0 len=12391 coding=1 startqp=0 meanqp=0 picbytes=0 pskip=0 nalus=1 n1:12391
  snapshot f002: 3 venc_ko blocks (pool0 0x73801000 len 0x10000)
src frame 3: srcf=3 off=16 br=8000
frame 3: send=0x0 get=0x0 len=8612 coding=1 startqp=0 meanqp=0 picbytes=0 pskip=0 nalus=1 n1:8612
  snapshot f003: 3 venc_ko blocks (pool0 0x73801000 len 0x10000)
src frame 4: srcf=4 off=20 br=8000
frame 4: send=0x0 get=0x0 len=8467 coding=1 startqp=0 meanqp=0 picbytes=0 pskip=0 nalus=1 n1:8467
  snapshot f004: 3 venc_ko blocks (pool0 0x73801000 len 0x10000)
src frame 5: srcf=5 off=24 br=8000
frame 5: send=0x0 get=0x0 len=6676 coding=1 startqp=0 meanqp=0 picbytes=0 pskip=0 nalus=1 n1:6676
  snapshot f005: 3 venc_ko blocks (pool0 0x73801000 len 0x10000)
src frame 6: srcf=6 off=28 br=8000
frame 6: send=0x0 get=0x0 len=7182 coding=1 startqp=0 meanqp=0 picbytes=0 pskip=0 nalus=1 n1:7182
  snapshot f006: 3 venc_ko blocks (pool0 0x73801000 len 0x10000)
src frame 7: srcf=7 off=32 br=8000
frame 7: send=0x0 get=0x0 len=7175 coding=1 startqp=0 meanqp=0 picbytes=0 pskip=0 nalus=1 n1:7175
  snapshot f007: 3 venc_ko blocks (pool0 0x73801000 len 0x10000)
src frame 8: srcf=8 off=36 br=8000
frame 8: send=0x0 get=0x0 len=7325 coding=1 startqp=0 meanqp=0 picbytes=0 pskip=0 nalus=1 n1:7325
  snapshot f008: 3 venc_ko blocks (pool0 0x73801000 len 0x10000)
src frame 9: srcf=9 off=40 br=8000
frame 9: send=0x0 get=0x0 len=7294 coding=1 startqp=0 meanqp=0 picbytes=0 pskip=0 nalus=1 n1:7294
  snapshot f009: 3 venc_ko blocks (pool0 0x73801000 len 0x10000)
src frame 10: srcf=10 off=44 br=8000
frame 10: send=0x0 get=0x0 len=7236 coding=1 startqp=0 meanqp=0 picbytes=0 pskip=0 nalus=1 n1:7236
  snapshot f010: 3 venc_ko blocks (pool0 0x73801000 len 0x10000)
src frame 11: srcf=11 off=48 br=8000
frame 11: send=0x0 get=0x0 len=7600 coding=1 startqp=0 meanqp=0 picbytes=0 pskip=0 nalus=1 n1:7600
  snapshot f011: 3 venc_ko blocks (pool0 0x73801000 len 0x10000)
src frame 12: srcf=12 off=52 br=8000
frame 12: send=0x0 get=0x0 len=9051 coding=1 startqp=0 meanqp=0 picbytes=0 pskip=0 nalus=1 n1:9051
  snapshot f012: 3 venc_ko blocks (pool0 0x73801000 len 0x10000)
src frame 13: srcf=13 off=56 br=8000
frame 13: send=0x0 get=0x0 len=9577 coding=1 startqp=0 meanqp=0 picbytes=0 pskip=0 nalus=1 n1:9577
  snapshot f013: 3 venc_ko blocks (pool0 0x73801000 len 0x10000)
src frame 14: srcf=14 off=60 br=8000
frame 14: send=0x0 get=0x0 len=9923 coding=1 startqp=0 meanqp=0 picbytes=0 pskip=0 nalus=1 n1:9923
  snapshot f014: 3 venc_ko blocks (pool0 0x73801000 len 0x10000)
src frame 15: srcf=15 off=64 br=8000
frame 15: send=0x0 get=0x0 len=5557 coding=1 startqp=0 meanqp=0 picbytes=0 pskip=0 nalus=1 n1:5557
  snapshot f015: 3 venc_ko blocks (pool0 0x73801000 len 0x10000)
src frame 16: srcf=16 off=68 br=8000
frame 16: send=0x0 get=0x0 len=4509 coding=1 startqp=0 meanqp=0 picbytes=0 pskip=0 nalus=1 n1:4509
  snapshot f016: 3 venc_ko blocks (pool0 0x73801000 len 0x10000)
src frame 17: srcf=17 off=72 br=8000
frame 17: send=0x0 get=0x0 len=3704 coding=1 startqp=0 meanqp=0 picbytes=0 pskip=0 nalus=1 n1:3704
  snapshot f017: 3 venc_ko blocks (pool0 0x73801000 len 0x10000)
src frame 18: srcf=18 off=76 br=8000
frame 18: send=0x0 get=0x0 len=2529 coding=1 startqp=0 meanqp=0 picbytes=0 pskip=0 nalus=1 n1:2529
  snapshot f018: 3 venc_ko blocks (pool0 0x73801000 len 0x10000)
src frame 19: srcf=19 off=80 br=8000
frame 19: send=0x0 get=0x0 len=2634 coding=1 startqp=0 meanqp=0 picbytes=0 pskip=0 nalus=1 n1:2634
  snapshot f019: 3 venc_ko blocks (pool0 0x73801000 len 0x10000)
src frame 20: srcf=20 off=84 br=8000
frame 20: send=0x0 get=0x0 len=2300 coding=1 startqp=0 meanqp=0 picbytes=0 pskip=0 nalus=1 n1:2300
  snapshot f020: 3 venc_ko blocks (pool0 0x73801000 len 0x10000)
src frame 21: srcf=21 off=88 br=8000
frame 21: send=0x0 get=0x0 len=2421 coding=1 startqp=0 meanqp=0 picbytes=0 pskip=0 nalus=1 n1:2421
  snapshot f021: 3 venc_ko blocks (pool0 0x73801000 len 0x10000)
src frame 22: srcf=22 off=92 br=8000
frame 22: send=0x0 get=0x0 len=3890 coding=1 startqp=0 meanqp=0 picbytes=0 pskip=0 nalus=1 n1:3890
  snapshot f022: 3 venc_ko blocks (pool0 0x73801000 len 0x10000)
src frame 23: srcf=23 off=96 br=8000
frame 23: send=0x0 get=0x0 len=5712 coding=1 startqp=0 meanqp=0 picbytes=0 pskip=0 nalus=1 n1:5712
  snapshot f023: 3 venc_ko blocks (pool0 0x73801000 len 0x10000)
src frame 24: srcf=24 off=100 br=8000
frame 24: send=0x0 get=0x0 len=6722 coding=1 startqp=0 meanqp=0 picbytes=0 pskip=0 nalus=1 n1:6722
  snapshot f024: 3 venc_ko blocks (pool0 0x73801000 len 0x10000)
src frame 25: srcf=25 off=104 br=8000
frame 25: send=0x0 get=0x0 len=2936 coding=1 startqp=0 meanqp=0 picbytes=0 pskip=0 nalus=1 n1:2936
  snapshot f025: 3 venc_ko blocks (pool0 0x73801000 len 0x10000)
src frame 26: srcf=26 off=108 br=8000
frame 26: send=0x0 get=0x0 len=2117 coding=1 startqp=0 meanqp=0 picbytes=0 pskip=0 nalus=1 n1:2117
  snapshot f026: 3 venc_ko blocks (pool0 0x73801000 len 0x10000)
src frame 27: srcf=27 off=112 br=8000
frame 27: send=0x0 get=0x0 len=1994 coding=1 startqp=0 meanqp=0 picbytes=0 pskip=0 nalus=1 n1:1994
  snapshot f027: 3 venc_ko blocks (pool0 0x73801000 len 0x10000)
src frame 28: srcf=28 off=116 br=8000
frame 28: send=0x0 get=0x0 len=1610 coding=1 startqp=0 meanqp=0 picbytes=0 pskip=0 nalus=1 n1:1610
  snapshot f028: 3 venc_ko blocks (pool0 0x73801000 len 0x10000)
src frame 29: srcf=29 off=120 br=8000
frame 29: send=0x0 get=0x0 len=1439 coding=1 startqp=0 meanqp=0 picbytes=0 pskip=0 nalus=1 n1:1439
  snapshot f029: 3 venc_ko blocks (pool0 0x73801000 len 0x10000)
src frame 30: srcf=28 off=124 br=8000
frame 30: send=0x0 get=0x0 len=34191 coding=0 startqp=0 meanqp=0 picbytes=0 pskip=0 nalus=3 n7:32 n8:8 n5:34151
  snapshot f030: 3 venc_ko blocks (pool0 0x73801000 len 0x10000)
src frame 31: srcf=27 off=128 br=8000
frame 31: send=0x0 get=0x0 len=9487 coding=1 startqp=0 meanqp=0 picbytes=0 pskip=0 nalus=1 n1:9487
  snapshot f031: 3 venc_ko blocks (pool0 0x73801000 len 0x10000)
src frame 32: srcf=26 off=132 br=8000
frame 32: send=0x0 get=0x0 len=7513 coding=1 startqp=0 meanqp=0 picbytes=0 pskip=0 nalus=1 n1:7513
  snapshot f032: 3 venc_ko blocks (pool0 0x73801000 len 0x10000)
src frame 33: srcf=25 off=136 br=8000
frame 33: send=0x0 get=0x0 len=8285 coding=1 startqp=0 meanqp=0 picbytes=0 pskip=0 nalus=1 n1:8285
  snapshot f033: 3 venc_ko blocks (pool0 0x73801000 len 0x10000)
src frame 34: srcf=24 off=140 br=8000
frame 34: send=0x0 get=0x0 len=7551 coding=1 startqp=0 meanqp=0 picbytes=0 pskip=0 nalus=1 n1:7551
  snapshot f034: 3 venc_ko blocks (pool0 0x73801000 len 0x10000)
src frame 35: srcf=23 off=144 br=8000
frame 35: send=0x0 get=0x0 len=7483 coding=1 startqp=0 meanqp=0 picbytes=0 pskip=0 nalus=1 n1:7483
  snapshot f035: 3 venc_ko blocks (pool0 0x73801000 len 0x10000)
src frame 36: srcf=22 off=148 br=8000
frame 36: send=0x0 get=0x0 len=6594 coding=1 startqp=0 meanqp=0 picbytes=0 pskip=0 nalus=1 n1:6594
  snapshot f036: 3 venc_ko blocks (pool0 0x73801000 len 0x10000)
src frame 37: srcf=21 off=152 br=8000
frame 37: send=0x0 get=0x0 len=7501 coding=1 startqp=0 meanqp=0 picbytes=0 pskip=0 nalus=1 n1:7501
  snapshot f037: 3 venc_ko blocks (pool0 0x73801000 len 0x10000)
src frame 38: srcf=20 off=156 br=8000
frame 38: send=0x0 get=0x0 len=7373 coding=1 startqp=0 meanqp=0 picbytes=0 pskip=0 nalus=1 n1:7373
  snapshot f038: 3 venc_ko blocks (pool0 0x73801000 len 0x10000)
src frame 39: srcf=19 off=160 br=8000
frame 39: send=0x0 get=0x0 len=7639 coding=1 startqp=0 meanqp=0 picbytes=0 pskip=0 nalus=1 n1:7639
  snapshot f039: 3 venc_ko blocks (pool0 0x73801000 len 0x10000)
src frame 40: srcf=18 off=164 br=8000
frame 40: send=0x0 get=0x0 len=7782 coding=1 startqp=0 meanqp=0 picbytes=0 pskip=0 nalus=1 n1:7782
  snapshot f040: 3 venc_ko blocks (pool0 0x73801000 len 0x10000)
src frame 41: srcf=17 off=168 br=8000
frame 41: send=0x0 get=0x0 len=9453 coding=1 startqp=0 meanqp=0 picbytes=0 pskip=0 nalus=1 n1:9453
  snapshot f041: 3 venc_ko blocks (pool0 0x73801000 len 0x10000)
src frame 42: srcf=16 off=172 br=8000
frame 42: send=0x0 get=0x0 len=10002 coding=1 startqp=0 meanqp=0 picbytes=0 pskip=0 nalus=1 n1:10002
  snapshot f042: 3 venc_ko blocks (pool0 0x73801000 len 0x10000)
src frame 43: srcf=15 off=176 br=8000
frame 43: send=0x0 get=0x0 len=11069 coding=1 startqp=0 meanqp=0 picbytes=0 pskip=0 nalus=1 n1:11069
  snapshot f043: 3 venc_ko blocks (pool0 0x73801000 len 0x10000)
src frame 44: srcf=14 off=180 br=8000
frame 44: send=0x0 get=0x0 len=9881 coding=1 startqp=0 meanqp=0 picbytes=0 pskip=0 nalus=1 n1:9881
  snapshot f044: 3 venc_ko blocks (pool0 0x73801000 len 0x10000)
src frame 45: srcf=13 off=184 br=8000
frame 45: send=0x0 get=0x0 len=5788 coding=1 startqp=0 meanqp=0 picbytes=0 pskip=0 nalus=1 n1:5788
  snapshot f045: 3 venc_ko blocks (pool0 0x73801000 len 0x10000)
src frame 46: srcf=12 off=188 br=8000
frame 46: send=0x0 get=0x0 len=4454 coding=1 startqp=0 meanqp=0 picbytes=0 pskip=0 nalus=1 n1:4454
  snapshot f046: 3 venc_ko blocks (pool0 0x73801000 len 0x10000)
src frame 47: srcf=11 off=192 br=8000
frame 47: send=0x0 get=0x0 len=3703 coding=1 startqp=0 meanqp=0 picbytes=0 pskip=0 nalus=1 n1:3703
  snapshot f047: 3 venc_ko blocks (pool0 0x73801000 len 0x10000)
src frame 48: srcf=10 off=196 br=8000
frame 48: send=0x0 get=0x0 len=2676 coding=1 startqp=0 meanqp=0 picbytes=0 pskip=0 nalus=1 n1:2676
  snapshot f048: 3 venc_ko blocks (pool0 0x73801000 len 0x10000)
src frame 49: srcf=9 off=200 br=8000
frame 49: send=0x0 get=0x0 len=2370 coding=1 startqp=0 meanqp=0 picbytes=0 pskip=0 nalus=1 n1:2370
  snapshot f049: 3 venc_ko blocks (pool0 0x73801000 len 0x10000)
src frame 50: srcf=8 off=204 br=8000
frame 50: send=0x0 get=0x0 len=2514 coding=1 startqp=0 meanqp=0 picbytes=0 pskip=0 nalus=1 n1:2514
  snapshot f050: 3 venc_ko blocks (pool0 0x73801000 len 0x10000)
src frame 51: srcf=7 off=208 br=8000
frame 51: send=0x0 get=0x0 len=2913 coding=1 startqp=0 meanqp=0 picbytes=0 pskip=0 nalus=1 n1:2913
  snapshot f051: 3 venc_ko blocks (pool0 0x73801000 len 0x10000)
src frame 52: srcf=6 off=212 br=8000
frame 52: send=0x0 get=0x0 len=2930 coding=1 startqp=0 meanqp=0 picbytes=0 pskip=0 nalus=1 n1:2930
  snapshot f052: 3 venc_ko blocks (pool0 0x73801000 len 0x10000)
src frame 53: srcf=5 off=216 br=8000
frame 53: send=0x0 get=0x0 len=3081 coding=1 startqp=0 meanqp=0 picbytes=0 pskip=0 nalus=1 n1:3081
  snapshot f053: 3 venc_ko blocks (pool0 0x73801000 len 0x10000)
src frame 54: srcf=4 off=220 br=8000
frame 54: send=0x0 get=0x0 len=2543 coding=1 startqp=0 meanqp=0 picbytes=0 pskip=0 nalus=1 n1:2543
  snapshot f054: 3 venc_ko blocks (pool0 0x73801000 len 0x10000)
src frame 55: srcf=3 off=224 br=8000
frame 55: send=0x0 get=0x0 len=1843 coding=1 startqp=0 meanqp=0 picbytes=0 pskip=0 nalus=1 n1:1843
  snapshot f055: 3 venc_ko blocks (pool0 0x73801000 len 0x10000)
src frame 56: srcf=2 off=228 br=8000
frame 56: send=0x0 get=0x0 len=1782 coding=1 startqp=0 meanqp=0 picbytes=0 pskip=0 nalus=1 n1:1782
  snapshot f056: 3 venc_ko blocks (pool0 0x73801000 len 0x10000)
src frame 57: srcf=1 off=232 br=8000
frame 57: send=0x0 get=0x0 len=1924 coding=1 startqp=0 meanqp=0 picbytes=0 pskip=0 nalus=1 n1:1924
  snapshot f057: 3 venc_ko blocks (pool0 0x73801000 len 0x10000)
src frame 58: srcf=0 off=236 br=8000
frame 58: send=0x0 get=0x0 len=1996 coding=1 startqp=0 meanqp=0 picbytes=0 pskip=0 nalus=1 n1:1996
  snapshot f058: 3 venc_ko blocks (pool0 0x73801000 len 0x10000)
src frame 59: srcf=1 off=240 br=8000
frame 59: send=0x0 get=0x0 len=1934 coding=1 startqp=0 meanqp=0 picbytes=0 pskip=0 nalus=1 n1:1934
  snapshot f059: 3 venc_ko blocks (pool0 0x73801000 len 0x10000)
chg frame=60 br 8000 -> 2000 kbps: GetRcParam=0x0 SetRcParam=0x0 readback=2000 mode=1
src frame 60: srcf=2 off=244 br=2000
frame 60: send=0x0 get=0x0 len=22216 coding=0 startqp=0 meanqp=0 picbytes=0 pskip=0 nalus=3 n7:32 n8:8 n5:22176
  snapshot f060: 3 venc_ko blocks (pool0 0x73801000 len 0x10000)
src frame 61: srcf=3 off=248 br=2000
frame 61: send=0x0 get=0x0 len=3383 coding=1 startqp=0 meanqp=0 picbytes=0 pskip=0 nalus=1 n1:3383
  snapshot f061: 3 venc_ko blocks (pool0 0x73801000 len 0x10000)
src frame 62: srcf=4 off=252 br=2000
frame 62: send=0x0 get=0x0 len=4194 coding=1 startqp=0 meanqp=0 picbytes=0 pskip=0 nalus=1 n1:4194
  snapshot f062: 3 venc_ko blocks (pool0 0x73801000 len 0x10000)
src frame 63: srcf=5 off=256 br=2000
frame 63: send=0x0 get=0x0 len=1924 coding=1 startqp=0 meanqp=0 picbytes=0 pskip=0 nalus=1 n1:1924
  snapshot f063: 3 venc_ko blocks (pool0 0x73801000 len 0x10000)
src frame 64: srcf=6 off=260 br=2000
frame 64: send=0x0 get=0x0 len=3634 coding=1 startqp=0 meanqp=0 picbytes=0 pskip=0 nalus=1 n1:3634
  snapshot f064: 3 venc_ko blocks (pool0 0x73801000 len 0x10000)
src frame 65: srcf=7 off=264 br=2000
frame 65: send=0x0 get=0x0 len=3531 coding=1 startqp=0 meanqp=0 picbytes=0 pskip=0 nalus=1 n1:3531
  snapshot f065: 3 venc_ko blocks (pool0 0x73801000 len 0x10000)
src frame 66: srcf=8 off=268 br=2000
frame 66: send=0x0 get=0x0 len=3740 coding=1 startqp=0 meanqp=0 picbytes=0 pskip=0 nalus=1 n1:3740
  snapshot f066: 3 venc_ko blocks (pool0 0x73801000 len 0x10000)
src frame 67: srcf=9 off=272 br=2000
frame 67: send=0x0 get=0x0 len=3490 coding=1 startqp=0 meanqp=0 picbytes=0 pskip=0 nalus=1 n1:3490
  snapshot f067: 3 venc_ko blocks (pool0 0x73801000 len 0x10000)
src frame 68: srcf=10 off=276 br=2000
frame 68: send=0x0 get=0x0 len=3899 coding=1 startqp=0 meanqp=0 picbytes=0 pskip=0 nalus=1 n1:3899
  snapshot f068: 3 venc_ko blocks (pool0 0x73801000 len 0x10000)
src frame 69: srcf=11 off=280 br=2000
frame 69: send=0x0 get=0x0 len=3722 coding=1 startqp=0 meanqp=0 picbytes=0 pskip=0 nalus=1 n1:3722
  snapshot f069: 3 venc_ko blocks (pool0 0x73801000 len 0x10000)
src frame 70: srcf=12 off=284 br=2000
frame 70: send=0x0 get=0x0 len=3884 coding=1 startqp=0 meanqp=0 picbytes=0 pskip=0 nalus=1 n1:3884
  snapshot f070: 3 venc_ko blocks (pool0 0x73801000 len 0x10000)
src frame 71: srcf=13 off=288 br=2000
frame 71: send=0x0 get=0x0 len=4046 coding=1 startqp=0 meanqp=0 picbytes=0 pskip=0 nalus=1 n1:4046
  snapshot f071: 3 venc_ko blocks (pool0 0x73801000 len 0x10000)
src frame 72: srcf=14 off=292 br=2000
frame 72: send=0x0 get=0x0 len=2597 coding=1 startqp=0 meanqp=0 picbytes=0 pskip=0 nalus=1 n1:2597
  snapshot f072: 3 venc_ko blocks (pool0 0x73801000 len 0x10000)
src frame 73: srcf=15 off=296 br=2000
frame 73: send=0x0 get=0x0 len=4007 coding=1 startqp=0 meanqp=0 picbytes=0 pskip=0 nalus=1 n1:4007
  snapshot f073: 3 venc_ko blocks (pool0 0x73801000 len 0x10000)
src frame 74: srcf=16 off=300 br=2000
frame 74: send=0x0 get=0x0 len=3676 coding=1 startqp=0 meanqp=0 picbytes=0 pskip=0 nalus=1 n1:3676
  snapshot f074: 3 venc_ko blocks (pool0 0x73801000 len 0x10000)
src frame 75: srcf=17 off=304 br=2000
frame 75: send=0x0 get=0x0 len=3785 coding=1 startqp=0 meanqp=0 picbytes=0 pskip=0 nalus=1 n1:3785
  snapshot f075: 3 venc_ko blocks (pool0 0x73801000 len 0x10000)
src frame 76: srcf=18 off=308 br=2000
frame 76: send=0x0 get=0x0 len=3870 coding=1 startqp=0 meanqp=0 picbytes=0 pskip=0 nalus=1 n1:3870
  snapshot f076: 3 venc_ko blocks (pool0 0x73801000 len 0x10000)
src frame 77: srcf=19 off=312 br=2000
frame 77: send=0x0 get=0x0 len=3832 coding=1 startqp=0 meanqp=0 picbytes=0 pskip=0 nalus=1 n1:3832
  snapshot f077: 3 venc_ko blocks (pool0 0x73801000 len 0x10000)
src frame 78: srcf=20 off=316 br=2000
frame 78: send=0x0 get=0x0 len=3343 coding=1 startqp=0 meanqp=0 picbytes=0 pskip=0 nalus=1 n1:3343
  snapshot f078: 3 venc_ko blocks (pool0 0x73801000 len 0x10000)
src frame 79: srcf=21 off=320 br=2000
frame 79: send=0x0 get=0x0 len=4212 coding=1 startqp=0 meanqp=0 picbytes=0 pskip=0 nalus=1 n1:4212
  snapshot f079: 3 venc_ko blocks (pool0 0x73801000 len 0x10000)
src frame 80: srcf=22 off=324 br=2000
frame 80: send=0x0 get=0x0 len=4082 coding=1 startqp=0 meanqp=0 picbytes=0 pskip=0 nalus=1 n1:4082
  snapshot f080: 3 venc_ko blocks (pool0 0x73801000 len 0x10000)
src frame 81: srcf=23 off=328 br=2000
frame 81: send=0x0 get=0x0 len=3407 coding=1 startqp=0 meanqp=0 picbytes=0 pskip=0 nalus=1 n1:3407
  snapshot f081: 3 venc_ko blocks (pool0 0x73801000 len 0x10000)
src frame 82: srcf=24 off=332 br=2000
frame 82: send=0x0 get=0x0 len=4544 coding=1 startqp=0 meanqp=0 picbytes=0 pskip=0 nalus=1 n1:4544
  snapshot f082: 3 venc_ko blocks (pool0 0x73801000 len 0x10000)
src frame 83: srcf=25 off=336 br=2000
frame 83: send=0x0 get=0x0 len=2805 coding=1 startqp=0 meanqp=0 picbytes=0 pskip=0 nalus=1 n1:2805
  snapshot f083: 3 venc_ko blocks (pool0 0x73801000 len 0x10000)
src frame 84: srcf=26 off=340 br=2000
frame 84: send=0x0 get=0x0 len=3661 coding=1 startqp=0 meanqp=0 picbytes=0 pskip=0 nalus=1 n1:3661
  snapshot f084: 3 venc_ko blocks (pool0 0x73801000 len 0x10000)
src frame 85: srcf=27 off=344 br=2000
frame 85: send=0x0 get=0x0 len=3867 coding=1 startqp=0 meanqp=0 picbytes=0 pskip=0 nalus=1 n1:3867
  snapshot f085: 3 venc_ko blocks (pool0 0x73801000 len 0x10000)
src frame 86: srcf=28 off=348 br=2000
frame 86: send=0x0 get=0x0 len=3839 coding=1 startqp=0 meanqp=0 picbytes=0 pskip=0 nalus=1 n1:3839
  snapshot f086: 3 venc_ko blocks (pool0 0x73801000 len 0x10000)
src frame 87: srcf=29 off=352 br=2000
frame 87: send=0x0 get=0x0 len=3599 coding=1 startqp=0 meanqp=0 picbytes=0 pskip=0 nalus=1 n1:3599
  snapshot f087: 3 venc_ko blocks (pool0 0x73801000 len 0x10000)
src frame 88: srcf=28 off=356 br=2000
frame 88: send=0x0 get=0x0 len=3981 coding=1 startqp=0 meanqp=0 picbytes=0 pskip=0 nalus=1 n1:3981
  snapshot f088: 3 venc_ko blocks (pool0 0x73801000 len 0x10000)
src frame 89: srcf=27 off=360 br=2000
frame 89: send=0x0 get=0x0 len=4299 coding=1 startqp=0 meanqp=0 picbytes=0 pskip=0 nalus=1 n1:4299
  snapshot f089: 3 venc_ko blocks (pool0 0x73801000 len 0x10000)
src frame 90: srcf=26 off=364 br=2000
frame 90: send=0x0 get=0x0 len=25942 coding=0 startqp=0 meanqp=0 picbytes=0 pskip=0 nalus=3 n7:32 n8:8 n5:25902
  snapshot f090: 3 venc_ko blocks (pool0 0x73801000 len 0x10000)
src frame 91: srcf=25 off=368 br=2000
frame 91: send=0x0 get=0x0 len=4543 coding=1 startqp=0 meanqp=0 picbytes=0 pskip=0 nalus=1 n1:4543
  snapshot f091: 3 venc_ko blocks (pool0 0x73801000 len 0x10000)
src frame 92: srcf=24 off=372 br=2000
frame 92: send=0x0 get=0x0 len=4629 coding=1 startqp=0 meanqp=0 picbytes=0 pskip=0 nalus=1 n1:4629
  snapshot f092: 3 venc_ko blocks (pool0 0x73801000 len 0x10000)
src frame 93: srcf=23 off=376 br=2000
frame 93: send=0x0 get=0x0 len=3661 coding=1 startqp=0 meanqp=0 picbytes=0 pskip=0 nalus=1 n1:3661
  snapshot f093: 3 venc_ko blocks (pool0 0x73801000 len 0x10000)
src frame 94: srcf=22 off=380 br=2000
frame 94: send=0x0 get=0x0 len=4291 coding=1 startqp=0 meanqp=0 picbytes=0 pskip=0 nalus=1 n1:4291
  snapshot f094: 3 venc_ko blocks (pool0 0x73801000 len 0x10000)
src frame 95: srcf=21 off=384 br=2000
frame 95: send=0x0 get=0x0 len=4134 coding=1 startqp=0 meanqp=0 picbytes=0 pskip=0 nalus=1 n1:4134
  snapshot f095: 3 venc_ko blocks (pool0 0x73801000 len 0x10000)
src frame 96: srcf=20 off=388 br=2000
frame 96: send=0x0 get=0x0 len=4257 coding=1 startqp=0 meanqp=0 picbytes=0 pskip=0 nalus=1 n1:4257
  snapshot f096: 3 venc_ko blocks (pool0 0x73801000 len 0x10000)
src frame 97: srcf=19 off=392 br=2000
frame 97: send=0x0 get=0x0 len=4275 coding=1 startqp=0 meanqp=0 picbytes=0 pskip=0 nalus=1 n1:4275
  snapshot f097: 3 venc_ko blocks (pool0 0x73801000 len 0x10000)
src frame 98: srcf=18 off=396 br=2000
frame 98: send=0x0 get=0x0 len=4374 coding=1 startqp=0 meanqp=0 picbytes=0 pskip=0 nalus=1 n1:4374
  snapshot f098: 3 venc_ko blocks (pool0 0x73801000 len 0x10000)
src frame 99: srcf=17 off=400 br=2000
frame 99: send=0x0 get=0x0 len=4487 coding=1 startqp=0 meanqp=0 picbytes=0 pskip=0 nalus=1 n1:4487
  snapshot f099: 3 venc_ko blocks (pool0 0x73801000 len 0x10000)
src frame 100: srcf=16 off=404 br=2000
frame 100: send=0x0 get=0x0 len=3925 coding=1 startqp=0 meanqp=0 picbytes=0 pskip=0 nalus=1 n1:3925
  snapshot f100: 3 venc_ko blocks (pool0 0x73801000 len 0x10000)
src frame 101: srcf=15 off=408 br=2000
frame 101: send=0x0 get=0x0 len=4856 coding=1 startqp=0 meanqp=0 picbytes=0 pskip=0 nalus=1 n1:4856
  snapshot f101: 3 venc_ko blocks (pool0 0x73801000 len 0x10000)
src frame 102: srcf=14 off=412 br=2000
frame 102: send=0x0 get=0x0 len=4554 coding=1 startqp=0 meanqp=0 picbytes=0 pskip=0 nalus=1 n1:4554
  snapshot f102: 3 venc_ko blocks (pool0 0x73801000 len 0x10000)
src frame 103: srcf=13 off=416 br=2000
frame 103: send=0x0 get=0x0 len=3931 coding=1 startqp=0 meanqp=0 picbytes=0 pskip=0 nalus=1 n1:3931
  snapshot f103: 3 venc_ko blocks (pool0 0x73801000 len 0x10000)
src frame 104: srcf=12 off=420 br=2000
frame 104: send=0x0 get=0x0 len=4245 coding=1 startqp=0 meanqp=0 picbytes=0 pskip=0 nalus=1 n1:4245
  snapshot f104: 3 venc_ko blocks (pool0 0x73801000 len 0x10000)
src frame 105: srcf=11 off=424 br=2000
frame 105: send=0x0 get=0x0 len=4342 coding=1 startqp=0 meanqp=0 picbytes=0 pskip=0 nalus=1 n1:4342
  snapshot f105: 3 venc_ko blocks (pool0 0x73801000 len 0x10000)
src frame 106: srcf=10 off=428 br=2000
frame 106: send=0x0 get=0x0 len=4484 coding=1 startqp=0 meanqp=0 picbytes=0 pskip=0 nalus=1 n1:4484
  snapshot f106: 3 venc_ko blocks (pool0 0x73801000 len 0x10000)
src frame 107: srcf=9 off=432 br=2000
frame 107: send=0x0 get=0x0 len=4673 coding=1 startqp=0 meanqp=0 picbytes=0 pskip=0 nalus=1 n1:4673
  snapshot f107: 3 venc_ko blocks (pool0 0x73801000 len 0x10000)
src frame 108: srcf=8 off=436 br=2000
frame 108: send=0x0 get=0x0 len=4566 coding=1 startqp=0 meanqp=0 picbytes=0 pskip=0 nalus=1 n1:4566
  snapshot f108: 3 venc_ko blocks (pool0 0x73801000 len 0x10000)
src frame 109: srcf=7 off=440 br=2000
frame 109: send=0x0 get=0x0 len=4435 coding=1 startqp=0 meanqp=0 picbytes=0 pskip=0 nalus=1 n1:4435
  snapshot f109: 3 venc_ko blocks (pool0 0x73801000 len 0x10000)
src frame 110: srcf=6 off=444 br=2000
frame 110: send=0x0 get=0x0 len=3605 coding=1 startqp=0 meanqp=0 picbytes=0 pskip=0 nalus=1 n1:3605
  snapshot f110: 3 venc_ko blocks (pool0 0x73801000 len 0x10000)
src frame 111: srcf=5 off=448 br=2000
frame 111: send=0x0 get=0x0 len=5313 coding=1 startqp=0 meanqp=0 picbytes=0 pskip=0 nalus=1 n1:5313
  snapshot f111: 3 venc_ko blocks (pool0 0x73801000 len 0x10000)
src frame 112: srcf=4 off=452 br=2000
frame 112: send=0x0 get=0x0 len=2771 coding=1 startqp=0 meanqp=0 picbytes=0 pskip=0 nalus=1 n1:2771
  snapshot f112: 3 venc_ko blocks (pool0 0x73801000 len 0x10000)
src frame 113: srcf=3 off=456 br=2000
frame 113: send=0x0 get=0x0 len=5032 coding=1 startqp=0 meanqp=0 picbytes=0 pskip=0 nalus=1 n1:5032
  snapshot f113: 3 venc_ko blocks (pool0 0x73801000 len 0x10000)
src frame 114: srcf=2 off=460 br=2000
frame 114: send=0x0 get=0x0 len=2677 coding=1 startqp=0 meanqp=0 picbytes=0 pskip=0 nalus=1 n1:2677
  snapshot f114: 3 venc_ko blocks (pool0 0x73801000 len 0x10000)
src frame 115: srcf=1 off=464 br=2000
frame 115: send=0x0 get=0x0 len=4302 coding=1 startqp=0 meanqp=0 picbytes=0 pskip=0 nalus=1 n1:4302
  snapshot f115: 3 venc_ko blocks (pool0 0x73801000 len 0x10000)
src frame 116: srcf=0 off=468 br=2000
frame 116: send=0x0 get=0x0 len=5275 coding=1 startqp=0 meanqp=0 picbytes=0 pskip=0 nalus=1 n1:5275
  snapshot f116: 3 venc_ko blocks (pool0 0x73801000 len 0x10000)
src frame 117: srcf=1 off=472 br=2000
frame 117: send=0x0 get=0x0 len=5975 coding=1 startqp=0 meanqp=0 picbytes=0 pskip=0 nalus=1 n1:5975
  snapshot f117: 3 venc_ko blocks (pool0 0x73801000 len 0x10000)
src frame 118: srcf=2 off=476 br=2000
frame 118: send=0x0 get=0x0 len=3990 coding=1 startqp=0 meanqp=0 picbytes=0 pskip=0 nalus=1 n1:3990
  snapshot f118: 3 venc_ko blocks (pool0 0x73801000 len 0x10000)
src frame 119: srcf=3 off=480 br=2000
frame 119: send=0x0 get=0x0 len=5684 coding=1 startqp=0 meanqp=0 picbytes=0 pskip=0 nalus=1 n1:5684
  snapshot f119: 3 venc_ko blocks (pool0 0x73801000 len 0x10000)
chg frame=120 br 2000 -> 16000 kbps: GetRcParam=0x0 SetRcParam=0x0 readback=16000 mode=1
src frame 120: srcf=4 off=484 br=16000
frame 120: send=0x0 get=0x0 len=30964 coding=0 startqp=0 meanqp=0 picbytes=0 pskip=0 nalus=3 n7:32 n8:8 n5:30924
  snapshot f120: 3 venc_ko blocks (pool0 0x73801000 len 0x10000)
src frame 121: srcf=5 off=488 br=16000
frame 121: send=0x0 get=0x0 len=9660 coding=1 startqp=0 meanqp=0 picbytes=0 pskip=0 nalus=1 n1:9660
  snapshot f121: 3 venc_ko blocks (pool0 0x73801000 len 0x10000)
src frame 122: srcf=6 off=492 br=16000
frame 122: send=0x0 get=0x0 len=10215 coding=1 startqp=0 meanqp=0 picbytes=0 pskip=0 nalus=1 n1:10215
  snapshot f122: 3 venc_ko blocks (pool0 0x73801000 len 0x10000)
src frame 123: srcf=7 off=496 br=16000
frame 123: send=0x0 get=0x0 len=6798 coding=1 startqp=0 meanqp=0 picbytes=0 pskip=0 nalus=1 n1:6798
  snapshot f123: 3 venc_ko blocks (pool0 0x73801000 len 0x10000)
src frame 124: srcf=8 off=500 br=16000
frame 124: send=0x0 get=0x0 len=6931 coding=1 startqp=0 meanqp=0 picbytes=0 pskip=0 nalus=1 n1:6931
  snapshot f124: 3 venc_ko blocks (pool0 0x73801000 len 0x10000)
src frame 125: srcf=9 off=504 br=16000
frame 125: send=0x0 get=0x0 len=7043 coding=1 startqp=0 meanqp=0 picbytes=0 pskip=0 nalus=1 n1:7043
  snapshot f125: 3 venc_ko blocks (pool0 0x73801000 len 0x10000)
src frame 126: srcf=10 off=508 br=16000
frame 126: send=0x0 get=0x0 len=6556 coding=1 startqp=0 meanqp=0 picbytes=0 pskip=0 nalus=1 n1:6556
  snapshot f126: 3 venc_ko blocks (pool0 0x73801000 len 0x10000)
src frame 127: srcf=11 off=512 br=16000
frame 127: send=0x0 get=0x0 len=6921 coding=1 startqp=0 meanqp=0 picbytes=0 pskip=0 nalus=1 n1:6921
  snapshot f127: 3 venc_ko blocks (pool0 0x73801000 len 0x10000)
src frame 128: srcf=12 off=516 br=16000
frame 128: send=0x0 get=0x0 len=7536 coding=1 startqp=0 meanqp=0 picbytes=0 pskip=0 nalus=1 n1:7536
  snapshot f128: 3 venc_ko blocks (pool0 0x73801000 len 0x10000)
src frame 129: srcf=13 off=520 br=16000
frame 129: send=0x0 get=0x0 len=7671 coding=1 startqp=0 meanqp=0 picbytes=0 pskip=0 nalus=1 n1:7671
  snapshot f129: 3 venc_ko blocks (pool0 0x73801000 len 0x10000)
src frame 130: srcf=14 off=524 br=16000
frame 130: send=0x0 get=0x0 len=6982 coding=1 startqp=0 meanqp=0 picbytes=0 pskip=0 nalus=1 n1:6982
  snapshot f130: 3 venc_ko blocks (pool0 0x73801000 len 0x10000)
src frame 131: srcf=15 off=528 br=16000
frame 131: send=0x0 get=0x0 len=7036 coding=1 startqp=0 meanqp=0 picbytes=0 pskip=0 nalus=1 n1:7036
  snapshot f131: 3 venc_ko blocks (pool0 0x73801000 len 0x10000)
src frame 132: srcf=16 off=532 br=16000
frame 132: send=0x0 get=0x0 len=7918 coding=1 startqp=0 meanqp=0 picbytes=0 pskip=0 nalus=1 n1:7918
  snapshot f132: 3 venc_ko blocks (pool0 0x73801000 len 0x10000)
src frame 133: srcf=17 off=536 br=16000
frame 133: send=0x0 get=0x0 len=8174 coding=1 startqp=0 meanqp=0 picbytes=0 pskip=0 nalus=1 n1:8174
  snapshot f133: 3 venc_ko blocks (pool0 0x73801000 len 0x10000)
src frame 134: srcf=18 off=540 br=16000
frame 134: send=0x0 get=0x0 len=9798 coding=1 startqp=0 meanqp=0 picbytes=0 pskip=0 nalus=1 n1:9798
  snapshot f134: 3 venc_ko blocks (pool0 0x73801000 len 0x10000)
src frame 135: srcf=19 off=544 br=16000
frame 135: send=0x0 get=0x0 len=7242 coding=1 startqp=0 meanqp=0 picbytes=0 pskip=0 nalus=1 n1:7242
  snapshot f135: 3 venc_ko blocks (pool0 0x73801000 len 0x10000)
src frame 136: srcf=20 off=548 br=16000
frame 136: send=0x0 get=0x0 len=6015 coding=1 startqp=0 meanqp=0 picbytes=0 pskip=0 nalus=1 n1:6015
  snapshot f136: 3 venc_ko blocks (pool0 0x73801000 len 0x10000)
src frame 137: srcf=21 off=552 br=16000
frame 137: send=0x0 get=0x0 len=4496 coding=1 startqp=0 meanqp=0 picbytes=0 pskip=0 nalus=1 n1:4496
  snapshot f137: 3 venc_ko blocks (pool0 0x73801000 len 0x10000)
src frame 138: srcf=22 off=556 br=16000
frame 138: send=0x0 get=0x0 len=2672 coding=1 startqp=0 meanqp=0 picbytes=0 pskip=0 nalus=1 n1:2672
  snapshot f138: 3 venc_ko blocks (pool0 0x73801000 len 0x10000)
src frame 139: srcf=23 off=560 br=16000
frame 139: send=0x0 get=0x0 len=2279 coding=1 startqp=0 meanqp=0 picbytes=0 pskip=0 nalus=1 n1:2279
  snapshot f139: 3 venc_ko blocks (pool0 0x73801000 len 0x10000)
src frame 140: srcf=24 off=564 br=16000
frame 140: send=0x0 get=0x0 len=1834 coding=1 startqp=0 meanqp=0 picbytes=0 pskip=0 nalus=1 n1:1834
  snapshot f140: 3 venc_ko blocks (pool0 0x73801000 len 0x10000)
src frame 141: srcf=25 off=568 br=16000
frame 141: send=0x0 get=0x0 len=1960 coding=1 startqp=0 meanqp=0 picbytes=0 pskip=0 nalus=1 n1:1960
  snapshot f141: 3 venc_ko blocks (pool0 0x73801000 len 0x10000)
src frame 142: srcf=26 off=572 br=16000
frame 142: send=0x0 get=0x0 len=1827 coding=1 startqp=0 meanqp=0 picbytes=0 pskip=0 nalus=1 n1:1827
  snapshot f142: 3 venc_ko blocks (pool0 0x73801000 len 0x10000)
src frame 143: srcf=27 off=576 br=16000
frame 143: send=0x0 get=0x0 len=2359 coding=1 startqp=0 meanqp=0 picbytes=0 pskip=0 nalus=1 n1:2359
  snapshot f143: 3 venc_ko blocks (pool0 0x73801000 len 0x10000)
src frame 144: srcf=28 off=580 br=16000
frame 144: send=0x0 get=0x0 len=2669 coding=1 startqp=0 meanqp=0 picbytes=0 pskip=0 nalus=1 n1:2669
  snapshot f144: 3 venc_ko blocks (pool0 0x73801000 len 0x10000)
src frame 145: srcf=29 off=584 br=16000
frame 145: send=0x0 get=0x0 len=2785 coding=1 startqp=0 meanqp=0 picbytes=0 pskip=0 nalus=1 n1:2785
  snapshot f145: 3 venc_ko blocks (pool0 0x73801000 len 0x10000)
src frame 146: srcf=28 off=588 br=16000
frame 146: send=0x0 get=0x0 len=2303 coding=1 startqp=0 meanqp=0 picbytes=0 pskip=0 nalus=1 n1:2303
  snapshot f146: 3 venc_ko blocks (pool0 0x73801000 len 0x10000)
src frame 147: srcf=27 off=592 br=16000
frame 147: send=0x0 get=0x0 len=2470 coding=1 startqp=0 meanqp=0 picbytes=0 pskip=0 nalus=1 n1:2470
  snapshot f147: 3 venc_ko blocks (pool0 0x73801000 len 0x10000)
src frame 148: srcf=26 off=596 br=16000
frame 148: send=0x0 get=0x0 len=2074 coding=1 startqp=0 meanqp=0 picbytes=0 pskip=0 nalus=1 n1:2074
  snapshot f148: 3 venc_ko blocks (pool0 0x73801000 len 0x10000)
src frame 149: srcf=25 off=600 br=16000
frame 149: send=0x0 get=0x0 len=1765 coding=1 startqp=0 meanqp=0 picbytes=0 pskip=0 nalus=1 n1:1765
  snapshot f149: 3 venc_ko blocks (pool0 0x73801000 len 0x10000)
src frame 150: srcf=24 off=604 br=16000
frame 150: send=0x0 get=0x0 len=34365 coding=0 startqp=0 meanqp=0 picbytes=0 pskip=0 nalus=3 n7:32 n8:8 n5:34325
  snapshot f150: 3 venc_ko blocks (pool0 0x73801000 len 0x10000)
src frame 151: srcf=23 off=608 br=16000
frame 151: send=0x0 get=0x0 len=10055 coding=1 startqp=0 meanqp=0 picbytes=0 pskip=0 nalus=1 n1:10055
  snapshot f151: 3 venc_ko blocks (pool0 0x73801000 len 0x10000)
src frame 152: srcf=22 off=612 br=16000
frame 152: send=0x0 get=0x0 len=8079 coding=1 startqp=0 meanqp=0 picbytes=0 pskip=0 nalus=1 n1:8079
  snapshot f152: 3 venc_ko blocks (pool0 0x73801000 len 0x10000)
src frame 153: srcf=21 off=616 br=16000
frame 153: send=0x0 get=0x0 len=8653 coding=1 startqp=0 meanqp=0 picbytes=0 pskip=0 nalus=1 n1:8653
  snapshot f153: 3 venc_ko blocks (pool0 0x73801000 len 0x10000)
src frame 154: srcf=20 off=620 br=16000
frame 154: send=0x0 get=0x0 len=7050 coding=1 startqp=0 meanqp=0 picbytes=0 pskip=0 nalus=1 n1:7050
  snapshot f154: 3 venc_ko blocks (pool0 0x73801000 len 0x10000)
src frame 155: srcf=19 off=624 br=16000
frame 155: send=0x0 get=0x0 len=6967 coding=1 startqp=0 meanqp=0 picbytes=0 pskip=0 nalus=1 n1:6967
  snapshot f155: 3 venc_ko blocks (pool0 0x73801000 len 0x10000)
src frame 156: srcf=18 off=628 br=16000
frame 156: send=0x0 get=0x0 len=7331 coding=1 startqp=0 meanqp=0 picbytes=0 pskip=0 nalus=1 n1:7331
  snapshot f156: 3 venc_ko blocks (pool0 0x73801000 len 0x10000)
src frame 157: srcf=17 off=632 br=16000
frame 157: send=0x0 get=0x0 len=8308 coding=1 startqp=0 meanqp=0 picbytes=0 pskip=0 nalus=1 n1:8308
  snapshot f157: 3 venc_ko blocks (pool0 0x73801000 len 0x10000)
src frame 158: srcf=16 off=636 br=16000
frame 158: send=0x0 get=0x0 len=7166 coding=1 startqp=0 meanqp=0 picbytes=0 pskip=0 nalus=1 n1:7166
  snapshot f158: 3 venc_ko blocks (pool0 0x73801000 len 0x10000)
src frame 159: srcf=15 off=640 br=16000
frame 159: send=0x0 get=0x0 len=7773 coding=1 startqp=0 meanqp=0 picbytes=0 pskip=0 nalus=1 n1:7773
  snapshot f159: 3 venc_ko blocks (pool0 0x73801000 len 0x10000)
src frame 160: srcf=14 off=644 br=16000
frame 160: send=0x0 get=0x0 len=7621 coding=1 startqp=0 meanqp=0 picbytes=0 pskip=0 nalus=1 n1:7621
  snapshot f160: 3 venc_ko blocks (pool0 0x73801000 len 0x10000)
src frame 161: srcf=13 off=648 br=16000
frame 161: send=0x0 get=0x0 len=8263 coding=1 startqp=0 meanqp=0 picbytes=0 pskip=0 nalus=1 n1:8263
  snapshot f161: 3 venc_ko blocks (pool0 0x73801000 len 0x10000)
src frame 162: srcf=12 off=652 br=16000
frame 162: send=0x0 get=0x0 len=7468 coding=1 startqp=0 meanqp=0 picbytes=0 pskip=0 nalus=1 n1:7468
  snapshot f162: 3 venc_ko blocks (pool0 0x73801000 len 0x10000)
src frame 163: srcf=11 off=656 br=16000
frame 163: send=0x0 get=0x0 len=8636 coding=1 startqp=0 meanqp=0 picbytes=0 pskip=0 nalus=1 n1:8636
  snapshot f163: 3 venc_ko blocks (pool0 0x73801000 len 0x10000)
src frame 164: srcf=10 off=660 br=16000
frame 164: send=0x0 get=0x0 len=8725 coding=1 startqp=0 meanqp=0 picbytes=0 pskip=0 nalus=1 n1:8725
  snapshot f164: 3 venc_ko blocks (pool0 0x73801000 len 0x10000)
src frame 165: srcf=9 off=664 br=16000
frame 165: send=0x0 get=0x0 len=6232 coding=1 startqp=0 meanqp=0 picbytes=0 pskip=0 nalus=1 n1:6232
  snapshot f165: 3 venc_ko blocks (pool0 0x73801000 len 0x10000)
src frame 166: srcf=8 off=668 br=16000
frame 166: send=0x0 get=0x0 len=5286 coding=1 startqp=0 meanqp=0 picbytes=0 pskip=0 nalus=1 n1:5286
  snapshot f166: 3 venc_ko blocks (pool0 0x73801000 len 0x10000)
src frame 167: srcf=7 off=672 br=16000
frame 167: send=0x0 get=0x0 len=4288 coding=1 startqp=0 meanqp=0 picbytes=0 pskip=0 nalus=1 n1:4288
  snapshot f167: 3 venc_ko blocks (pool0 0x73801000 len 0x10000)
src frame 168: srcf=6 off=676 br=16000
frame 168: send=0x0 get=0x0 len=2671 coding=1 startqp=0 meanqp=0 picbytes=0 pskip=0 nalus=1 n1:2671
  snapshot f168: 3 venc_ko blocks (pool0 0x73801000 len 0x10000)
src frame 169: srcf=5 off=680 br=16000
frame 169: send=0x0 get=0x0 len=2215 coding=1 startqp=0 meanqp=0 picbytes=0 pskip=0 nalus=1 n1:2215
  snapshot f169: 3 venc_ko blocks (pool0 0x73801000 len 0x10000)
src frame 170: srcf=4 off=684 br=16000
frame 170: send=0x0 get=0x0 len=2044 coding=1 startqp=0 meanqp=0 picbytes=0 pskip=0 nalus=1 n1:2044
  snapshot f170: 3 venc_ko blocks (pool0 0x73801000 len 0x10000)
src frame 171: srcf=3 off=688 br=16000
frame 171: send=0x0 get=0x0 len=1872 coding=1 startqp=0 meanqp=0 picbytes=0 pskip=0 nalus=1 n1:1872
  snapshot f171: 3 venc_ko blocks (pool0 0x73801000 len 0x10000)
src frame 172: srcf=2 off=692 br=16000
frame 172: send=0x0 get=0x0 len=1760 coding=1 startqp=0 meanqp=0 picbytes=0 pskip=0 nalus=1 n1:1760
  snapshot f172: 3 venc_ko blocks (pool0 0x73801000 len 0x10000)
src frame 173: srcf=1 off=696 br=16000
frame 173: send=0x0 get=0x0 len=1946 coding=1 startqp=0 meanqp=0 picbytes=0 pskip=0 nalus=1 n1:1946
  snapshot f173: 3 venc_ko blocks (pool0 0x73801000 len 0x10000)
src frame 174: srcf=0 off=700 br=16000
frame 174: send=0x0 get=0x0 len=2175 coding=1 startqp=0 meanqp=0 picbytes=0 pskip=0 nalus=1 n1:2175
  snapshot f174: 3 venc_ko blocks (pool0 0x73801000 len 0x10000)
src frame 175: srcf=1 off=704 br=16000
frame 175: send=0x0 get=0x0 len=2331 coding=1 startqp=0 meanqp=0 picbytes=0 pskip=0 nalus=1 n1:2331
  snapshot f175: 3 venc_ko blocks (pool0 0x73801000 len 0x10000)
src frame 176: srcf=2 off=708 br=16000
frame 176: send=0x0 get=0x0 len=2346 coding=1 startqp=0 meanqp=0 picbytes=0 pskip=0 nalus=1 n1:2346
  snapshot f176: 3 venc_ko blocks (pool0 0x73801000 len 0x10000)
src frame 177: srcf=3 off=712 br=16000
frame 177: send=0x0 get=0x0 len=1942 coding=1 startqp=0 meanqp=0 picbytes=0 pskip=0 nalus=1 n1:1942
  snapshot f177: 3 venc_ko blocks (pool0 0x73801000 len 0x10000)
src frame 178: srcf=4 off=716 br=16000
frame 178: send=0x0 get=0x0 len=1756 coding=1 startqp=0 meanqp=0 picbytes=0 pskip=0 nalus=1 n1:1756
  snapshot f178: 3 venc_ko blocks (pool0 0x73801000 len 0x10000)
src frame 179: srcf=5 off=720 br=16000
frame 179: send=0x0 get=0x0 len=1667 coding=1 startqp=0 meanqp=0 picbytes=0 pskip=0 nalus=1 n1:1667
  snapshot f179: 3 venc_ko blocks (pool0 0x73801000 len 0x10000)
src frame 180: srcf=6 off=724 br=16000
frame 180: send=0x0 get=0x0 len=38369 coding=0 startqp=0 meanqp=0 picbytes=0 pskip=0 nalus=3 n7:32 n8:8 n5:38329
  snapshot f180: 3 venc_ko blocks (pool0 0x73801000 len 0x10000)
src frame 181: srcf=7 off=728 br=16000
frame 181: send=0x0 get=0x0 len=11701 coding=1 startqp=0 meanqp=0 picbytes=0 pskip=0 nalus=1 n1:11701
  snapshot f181: 3 venc_ko blocks (pool0 0x73801000 len 0x10000)
src frame 182: srcf=8 off=732 br=16000
frame 182: send=0x0 get=0x0 len=6824 coding=1 startqp=0 meanqp=0 picbytes=0 pskip=0 nalus=1 n1:6824
  snapshot f182: 3 venc_ko blocks (pool0 0x73801000 len 0x10000)
src frame 183: srcf=9 off=736 br=16000
frame 183: send=0x0 get=0x0 len=7470 coding=1 startqp=0 meanqp=0 picbytes=0 pskip=0 nalus=1 n1:7470
  snapshot f183: 3 venc_ko blocks (pool0 0x73801000 len 0x10000)
src frame 184: srcf=10 off=740 br=16000
frame 184: send=0x0 get=0x0 len=7428 coding=1 startqp=0 meanqp=0 picbytes=0 pskip=0 nalus=1 n1:7428
  snapshot f184: 3 venc_ko blocks (pool0 0x73801000 len 0x10000)
src frame 185: srcf=11 off=744 br=16000
frame 185: send=0x0 get=0x0 len=8193 coding=1 startqp=0 meanqp=0 picbytes=0 pskip=0 nalus=1 n1:8193
  snapshot f185: 3 venc_ko blocks (pool0 0x73801000 len 0x10000)
src frame 186: srcf=12 off=748 br=16000
frame 186: send=0x0 get=0x0 len=7262 coding=1 startqp=0 meanqp=0 picbytes=0 pskip=0 nalus=1 n1:7262
  snapshot f186: 3 venc_ko blocks (pool0 0x73801000 len 0x10000)
src frame 187: srcf=13 off=752 br=16000
frame 187: send=0x0 get=0x0 len=7631 coding=1 startqp=0 meanqp=0 picbytes=0 pskip=0 nalus=1 n1:7631
  snapshot f187: 3 venc_ko blocks (pool0 0x73801000 len 0x10000)
src frame 188: srcf=14 off=756 br=16000
frame 188: send=0x0 get=0x0 len=7693 coding=1 startqp=0 meanqp=0 picbytes=0 pskip=0 nalus=1 n1:7693
  snapshot f188: 3 venc_ko blocks (pool0 0x73801000 len 0x10000)
src frame 189: srcf=15 off=760 br=16000
frame 189: send=0x0 get=0x0 len=8430 coding=1 startqp=0 meanqp=0 picbytes=0 pskip=0 nalus=1 n1:8430
  snapshot f189: 3 venc_ko blocks (pool0 0x73801000 len 0x10000)
src frame 190: srcf=16 off=764 br=16000
frame 190: send=0x0 get=0x0 len=7536 coding=1 startqp=0 meanqp=0 picbytes=0 pskip=0 nalus=1 n1:7536
  snapshot f190: 3 venc_ko blocks (pool0 0x73801000 len 0x10000)
src frame 191: srcf=17 off=768 br=16000
frame 191: send=0x0 get=0x0 len=8913 coding=1 startqp=0 meanqp=0 picbytes=0 pskip=0 nalus=1 n1:8913
  snapshot f191: 3 venc_ko blocks (pool0 0x73801000 len 0x10000)
src frame 192: srcf=18 off=772 br=16000
frame 192: send=0x0 get=0x0 len=8836 coding=1 startqp=0 meanqp=0 picbytes=0 pskip=0 nalus=1 n1:8836
  snapshot f192: 3 venc_ko blocks (pool0 0x73801000 len 0x10000)
src frame 193: srcf=19 off=776 br=16000
frame 193: send=0x0 get=0x0 len=6147 coding=1 startqp=0 meanqp=0 picbytes=0 pskip=0 nalus=1 n1:6147
  snapshot f193: 3 venc_ko blocks (pool0 0x73801000 len 0x10000)
src frame 194: srcf=20 off=780 br=16000
frame 194: send=0x0 get=0x0 len=5210 coding=1 startqp=0 meanqp=0 picbytes=0 pskip=0 nalus=1 n1:5210
  snapshot f194: 3 venc_ko blocks (pool0 0x73801000 len 0x10000)
src frame 195: srcf=21 off=784 br=16000
frame 195: send=0x0 get=0x0 len=4269 coding=1 startqp=0 meanqp=0 picbytes=0 pskip=0 nalus=1 n1:4269
  snapshot f195: 3 venc_ko blocks (pool0 0x73801000 len 0x10000)
src frame 196: srcf=22 off=788 br=16000
frame 196: send=0x0 get=0x0 len=2491 coding=1 startqp=0 meanqp=0 picbytes=0 pskip=0 nalus=1 n1:2491
  snapshot f196: 3 venc_ko blocks (pool0 0x73801000 len 0x10000)
src frame 197: srcf=23 off=792 br=16000
frame 197: send=0x0 get=0x0 len=2348 coding=1 startqp=0 meanqp=0 picbytes=0 pskip=0 nalus=1 n1:2348
  snapshot f197: 3 venc_ko blocks (pool0 0x73801000 len 0x10000)
src frame 198: srcf=24 off=796 br=16000
frame 198: send=0x0 get=0x0 len=2137 coding=1 startqp=0 meanqp=0 picbytes=0 pskip=0 nalus=1 n1:2137
  snapshot f198: 3 venc_ko blocks (pool0 0x73801000 len 0x10000)
src frame 199: srcf=25 off=800 br=16000
frame 199: send=0x0 get=0x0 len=2059 coding=1 startqp=0 meanqp=0 picbytes=0 pskip=0 nalus=1 n1:2059
  snapshot f199: 3 venc_ko blocks (pool0 0x73801000 len 0x10000)
src frame 200: srcf=26 off=804 br=16000
frame 200: send=0x0 get=0x0 len=1786 coding=1 startqp=0 meanqp=0 picbytes=0 pskip=0 nalus=1 n1:1786
  snapshot f200: 3 venc_ko blocks (pool0 0x73801000 len 0x10000)
src frame 201: srcf=27 off=808 br=16000
frame 201: send=0x0 get=0x0 len=1960 coding=1 startqp=0 meanqp=0 picbytes=0 pskip=0 nalus=1 n1:1960
  snapshot f201: 3 venc_ko blocks (pool0 0x73801000 len 0x10000)
src frame 202: srcf=28 off=812 br=16000
frame 202: send=0x0 get=0x0 len=1911 coding=1 startqp=0 meanqp=0 picbytes=0 pskip=0 nalus=1 n1:1911
  snapshot f202: 3 venc_ko blocks (pool0 0x73801000 len 0x10000)
src frame 203: srcf=29 off=816 br=16000
frame 203: send=0x0 get=0x0 len=2394 coding=1 startqp=0 meanqp=0 picbytes=0 pskip=0 nalus=1 n1:2394
  snapshot f203: 3 venc_ko blocks (pool0 0x73801000 len 0x10000)
src frame 204: srcf=28 off=820 br=16000
frame 204: send=0x0 get=0x0 len=2357 coding=1 startqp=0 meanqp=0 picbytes=0 pskip=0 nalus=1 n1:2357
  snapshot f204: 3 venc_ko blocks (pool0 0x73801000 len 0x10000)
src frame 205: srcf=27 off=824 br=16000
frame 205: send=0x0 get=0x0 len=2142 coding=1 startqp=0 meanqp=0 picbytes=0 pskip=0 nalus=1 n1:2142
  snapshot f205: 3 venc_ko blocks (pool0 0x73801000 len 0x10000)
src frame 206: srcf=26 off=828 br=16000
frame 206: send=0x0 get=0x0 len=1724 coding=1 startqp=0 meanqp=0 picbytes=0 pskip=0 nalus=1 n1:1724
  snapshot f206: 3 venc_ko blocks (pool0 0x73801000 len 0x10000)
src frame 207: srcf=25 off=832 br=16000
frame 207: send=0x0 get=0x0 len=1864 coding=1 startqp=0 meanqp=0 picbytes=0 pskip=0 nalus=1 n1:1864
  snapshot f207: 3 venc_ko blocks (pool0 0x73801000 len 0x10000)
src frame 208: srcf=24 off=836 br=16000
frame 208: send=0x0 get=0x0 len=1749 coding=1 startqp=0 meanqp=0 picbytes=0 pskip=0 nalus=1 n1:1749
  snapshot f208: 3 venc_ko blocks (pool0 0x73801000 len 0x10000)
src frame 209: srcf=23 off=840 br=16000
frame 209: send=0x0 get=0x0 len=1890 coding=1 startqp=0 meanqp=0 picbytes=0 pskip=0 nalus=1 n1:1890
  snapshot f209: 3 venc_ko blocks (pool0 0x73801000 len 0x10000)
src frame 210: srcf=22 off=844 br=16000
frame 210: send=0x0 get=0x0 len=42269 coding=0 startqp=0 meanqp=0 picbytes=0 pskip=0 nalus=3 n7:32 n8:8 n5:42229
  snapshot f210: 3 venc_ko blocks (pool0 0x73801000 len 0x10000)
src frame 211: srcf=21 off=848 br=16000
frame 211: send=0x0 get=0x0 len=10370 coding=1 startqp=0 meanqp=0 picbytes=0 pskip=0 nalus=1 n1:10370
  snapshot f211: 3 venc_ko blocks (pool0 0x73801000 len 0x10000)
src frame 212: srcf=20 off=852 br=16000
frame 212: send=0x0 get=0x0 len=7554 coding=1 startqp=0 meanqp=0 picbytes=0 pskip=0 nalus=1 n1:7554
  snapshot f212: 3 venc_ko blocks (pool0 0x73801000 len 0x10000)
src frame 213: srcf=19 off=856 br=16000
frame 213: send=0x0 get=0x0 len=8410 coding=1 startqp=0 meanqp=0 picbytes=0 pskip=0 nalus=1 n1:8410
  snapshot f213: 3 venc_ko blocks (pool0 0x73801000 len 0x10000)
src frame 214: srcf=18 off=860 br=16000
frame 214: send=0x0 get=0x0 len=7730 coding=1 startqp=0 meanqp=0 picbytes=0 pskip=0 nalus=1 n1:7730
  snapshot f214: 3 venc_ko blocks (pool0 0x73801000 len 0x10000)
src frame 215: srcf=17 off=864 br=16000
frame 215: send=0x0 get=0x0 len=7718 coding=1 startqp=0 meanqp=0 picbytes=0 pskip=0 nalus=1 n1:7718
  snapshot f215: 3 venc_ko blocks (pool0 0x73801000 len 0x10000)
src frame 216: srcf=16 off=868 br=16000
frame 216: send=0x0 get=0x0 len=7755 coding=1 startqp=0 meanqp=0 picbytes=0 pskip=0 nalus=1 n1:7755
  snapshot f216: 3 venc_ko blocks (pool0 0x73801000 len 0x10000)
src frame 217: srcf=15 off=872 br=16000
frame 217: send=0x0 get=0x0 len=8125 coding=1 startqp=0 meanqp=0 picbytes=0 pskip=0 nalus=1 n1:8125
  snapshot f217: 3 venc_ko blocks (pool0 0x73801000 len 0x10000)
src frame 218: srcf=14 off=876 br=16000
frame 218: send=0x0 get=0x0 len=7208 coding=1 startqp=0 meanqp=0 picbytes=0 pskip=0 nalus=1 n1:7208
  snapshot f218: 3 venc_ko blocks (pool0 0x73801000 len 0x10000)
src frame 219: srcf=13 off=880 br=16000
frame 219: send=0x0 get=0x0 len=8414 coding=1 startqp=0 meanqp=0 picbytes=0 pskip=0 nalus=1 n1:8414
  snapshot f219: 3 venc_ko blocks (pool0 0x73801000 len 0x10000)
src frame 220: srcf=12 off=884 br=16000
frame 220: send=0x0 get=0x0 len=8689 coding=1 startqp=0 meanqp=0 picbytes=0 pskip=0 nalus=1 n1:8689
  snapshot f220: 3 venc_ko blocks (pool0 0x73801000 len 0x10000)
src frame 221: srcf=11 off=888 br=16000
frame 221: send=0x0 get=0x0 len=5805 coding=1 startqp=0 meanqp=0 picbytes=0 pskip=0 nalus=1 n1:5805
  snapshot f221: 3 venc_ko blocks (pool0 0x73801000 len 0x10000)
src frame 222: srcf=10 off=892 br=16000
frame 222: send=0x0 get=0x0 len=5413 coding=1 startqp=0 meanqp=0 picbytes=0 pskip=0 nalus=1 n1:5413
  snapshot f222: 3 venc_ko blocks (pool0 0x73801000 len 0x10000)
src frame 223: srcf=9 off=896 br=16000
frame 223: send=0x0 get=0x0 len=4421 coding=1 startqp=0 meanqp=0 picbytes=0 pskip=0 nalus=1 n1:4421
  snapshot f223: 3 venc_ko blocks (pool0 0x73801000 len 0x10000)
src frame 224: srcf=8 off=900 br=16000
frame 224: send=0x0 get=0x0 len=3158 coding=1 startqp=0 meanqp=0 picbytes=0 pskip=0 nalus=1 n1:3158
  snapshot f224: 3 venc_ko blocks (pool0 0x73801000 len 0x10000)
src frame 225: srcf=7 off=904 br=16000
frame 225: send=0x0 get=0x0 len=2441 coding=1 startqp=0 meanqp=0 picbytes=0 pskip=0 nalus=1 n1:2441
  snapshot f225: 3 venc_ko blocks (pool0 0x73801000 len 0x10000)
src frame 226: srcf=6 off=908 br=16000
frame 226: send=0x0 get=0x0 len=2121 coding=1 startqp=0 meanqp=0 picbytes=0 pskip=0 nalus=1 n1:2121
  snapshot f226: 3 venc_ko blocks (pool0 0x73801000 len 0x10000)
src frame 227: srcf=5 off=912 br=16000
frame 227: send=0x0 get=0x0 len=1849 coding=1 startqp=0 meanqp=0 picbytes=0 pskip=0 nalus=1 n1:1849
  snapshot f227: 3 venc_ko blocks (pool0 0x73801000 len 0x10000)
src frame 228: srcf=4 off=916 br=16000
frame 228: send=0x0 get=0x0 len=1680 coding=1 startqp=0 meanqp=0 picbytes=0 pskip=0 nalus=1 n1:1680
  snapshot f228: 3 venc_ko blocks (pool0 0x73801000 len 0x10000)
src frame 229: srcf=3 off=920 br=16000
frame 229: send=0x0 get=0x0 len=1702 coding=1 startqp=0 meanqp=0 picbytes=0 pskip=0 nalus=1 n1:1702
  snapshot f229: 3 venc_ko blocks (pool0 0x73801000 len 0x10000)
src frame 230: srcf=2 off=924 br=16000
frame 230: send=0x0 get=0x0 len=1878 coding=1 startqp=0 meanqp=0 picbytes=0 pskip=0 nalus=1 n1:1878
  snapshot f230: 3 venc_ko blocks (pool0 0x73801000 len 0x10000)
src frame 231: srcf=1 off=928 br=16000
frame 231: send=0x0 get=0x0 len=2143 coding=1 startqp=0 meanqp=0 picbytes=0 pskip=0 nalus=1 n1:2143
  snapshot f231: 3 venc_ko blocks (pool0 0x73801000 len 0x10000)
src frame 232: srcf=0 off=932 br=16000
frame 232: send=0x0 get=0x0 len=2303 coding=1 startqp=0 meanqp=0 picbytes=0 pskip=0 nalus=1 n1:2303
  snapshot f232: 3 venc_ko blocks (pool0 0x73801000 len 0x10000)
src frame 233: srcf=1 off=936 br=16000
frame 233: send=0x0 get=0x0 len=2418 coding=1 startqp=0 meanqp=0 picbytes=0 pskip=0 nalus=1 n1:2418
  snapshot f233: 3 venc_ko blocks (pool0 0x73801000 len 0x10000)
src frame 234: srcf=2 off=940 br=16000
frame 234: send=0x0 get=0x0 len=1841 coding=1 startqp=0 meanqp=0 picbytes=0 pskip=0 nalus=1 n1:1841
  snapshot f234: 3 venc_ko blocks (pool0 0x73801000 len 0x10000)
src frame 235: srcf=3 off=944 br=16000
frame 235: send=0x0 get=0x0 len=1677 coding=1 startqp=0 meanqp=0 picbytes=0 pskip=0 nalus=1 n1:1677
  snapshot f235: 3 venc_ko blocks (pool0 0x73801000 len 0x10000)
src frame 236: srcf=4 off=948 br=16000
frame 236: send=0x0 get=0x0 len=1582 coding=1 startqp=0 meanqp=0 picbytes=0 pskip=0 nalus=1 n1:1582
  snapshot f236: 3 venc_ko blocks (pool0 0x73801000 len 0x10000)
src frame 237: srcf=5 off=952 br=16000
frame 237: send=0x0 get=0x0 len=1547 coding=1 startqp=0 meanqp=0 picbytes=0 pskip=0 nalus=1 n1:1547
  snapshot f237: 3 venc_ko blocks (pool0 0x73801000 len 0x10000)
src frame 238: srcf=6 off=956 br=16000
frame 238: send=0x0 get=0x0 len=1656 coding=1 startqp=0 meanqp=0 picbytes=0 pskip=0 nalus=1 n1:1656
  snapshot f238: 3 venc_ko blocks (pool0 0x73801000 len 0x10000)
src frame 239: srcf=7 off=960 br=16000
frame 239: send=0x0 get=0x0 len=1719 coding=1 startqp=0 meanqp=0 picbytes=0 pskip=0 nalus=1 n1:1719
  snapshot f239: 3 venc_ko blocks (pool0 0x73801000 len 0x10000)
src frame 240: srcf=8 off=964 br=16000
frame 240: send=0x0 get=0x0 len=46727 coding=0 startqp=0 meanqp=0 picbytes=0 pskip=0 nalus=3 n7:32 n8:8 n5:46687
  snapshot f240: 3 venc_ko blocks (pool0 0x73801000 len 0x10000)
src frame 241: srcf=9 off=968 br=16000
frame 241: send=0x0 get=0x0 len=12615 coding=1 startqp=0 meanqp=0 picbytes=0 pskip=0 nalus=1 n1:12615
  snapshot f241: 3 venc_ko blocks (pool0 0x73801000 len 0x10000)
src frame 242: srcf=10 off=972 br=16000
frame 242: send=0x0 get=0x0 len=8553 coding=1 startqp=0 meanqp=0 picbytes=0 pskip=0 nalus=1 n1:8553
  snapshot f242: 3 venc_ko blocks (pool0 0x73801000 len 0x10000)
src frame 243: srcf=11 off=976 br=16000
frame 243: send=0x0 get=0x0 len=8331 coding=1 startqp=0 meanqp=0 picbytes=0 pskip=0 nalus=1 n1:8331
  snapshot f243: 3 venc_ko blocks (pool0 0x73801000 len 0x10000)
src frame 244: srcf=12 off=980 br=16000
frame 244: send=0x0 get=0x0 len=7752 coding=1 startqp=0 meanqp=0 picbytes=0 pskip=0 nalus=1 n1:7752
  snapshot f244: 3 venc_ko blocks (pool0 0x73801000 len 0x10000)
src frame 245: srcf=13 off=984 br=16000
frame 245: send=0x0 get=0x0 len=7861 coding=1 startqp=0 meanqp=0 picbytes=0 pskip=0 nalus=1 n1:7861
  snapshot f245: 3 venc_ko blocks (pool0 0x73801000 len 0x10000)
src frame 246: srcf=14 off=988 br=16000
frame 246: send=0x0 get=0x0 len=7177 coding=1 startqp=0 meanqp=0 picbytes=0 pskip=0 nalus=1 n1:7177
  snapshot f246: 3 venc_ko blocks (pool0 0x73801000 len 0x10000)
src frame 247: srcf=15 off=992 br=16000
frame 247: send=0x0 get=0x0 len=8450 coding=1 startqp=0 meanqp=0 picbytes=0 pskip=0 nalus=1 n1:8450
  snapshot f247: 3 venc_ko blocks (pool0 0x73801000 len 0x10000)
src frame 248: srcf=16 off=996 br=16000
frame 248: send=0x0 get=0x0 len=8968 coding=1 startqp=0 meanqp=0 picbytes=0 pskip=0 nalus=1 n1:8968
  snapshot f248: 3 venc_ko blocks (pool0 0x73801000 len 0x10000)
src frame 249: srcf=17 off=1000 br=16000
frame 249: send=0x0 get=0x0 len=5772 coding=1 startqp=0 meanqp=0 picbytes=0 pskip=0 nalus=1 n1:5772
  snapshot f249: 3 venc_ko blocks (pool0 0x73801000 len 0x10000)
src frame 250: srcf=18 off=1004 br=16000
frame 250: send=0x0 get=0x0 len=4491 coding=1 startqp=0 meanqp=0 picbytes=0 pskip=0 nalus=1 n1:4491
  snapshot f250: 3 venc_ko blocks (pool0 0x73801000 len 0x10000)
src frame 251: srcf=19 off=1008 br=16000
frame 251: send=0x0 get=0x0 len=3918 coding=1 startqp=0 meanqp=0 picbytes=0 pskip=0 nalus=1 n1:3918
  snapshot f251: 3 venc_ko blocks (pool0 0x73801000 len 0x10000)
src frame 252: srcf=20 off=1012 br=16000
frame 252: send=0x0 get=0x0 len=2892 coding=1 startqp=0 meanqp=0 picbytes=0 pskip=0 nalus=1 n1:2892
  snapshot f252: 3 venc_ko blocks (pool0 0x73801000 len 0x10000)
src frame 253: srcf=21 off=1016 br=16000
frame 253: send=0x0 get=0x0 len=2089 coding=1 startqp=0 meanqp=0 picbytes=0 pskip=0 nalus=1 n1:2089
  snapshot f253: 3 venc_ko blocks (pool0 0x73801000 len 0x10000)
src frame 254: srcf=22 off=1020 br=16000
frame 254: send=0x0 get=0x0 len=1781 coding=1 startqp=0 meanqp=0 picbytes=0 pskip=0 nalus=1 n1:1781
  snapshot f254: 3 venc_ko blocks (pool0 0x73801000 len 0x10000)
src frame 255: srcf=23 off=1024 br=16000
frame 255: send=0x0 get=0x0 len=1770 coding=1 startqp=0 meanqp=0 picbytes=0 pskip=0 nalus=1 n1:1770
  snapshot f255: 3 venc_ko blocks (pool0 0x73801000 len 0x10000)
src frame 256: srcf=24 off=1028 br=16000
frame 256: send=0x0 get=0x0 len=1573 coding=1 startqp=0 meanqp=0 picbytes=0 pskip=0 nalus=1 n1:1573
  snapshot f256: 3 venc_ko blocks (pool0 0x73801000 len 0x10000)
src frame 257: srcf=25 off=1032 br=16000
frame 257: send=0x0 get=0x0 len=1492 coding=1 startqp=0 meanqp=0 picbytes=0 pskip=0 nalus=1 n1:1492
  snapshot f257: 3 venc_ko blocks (pool0 0x73801000 len 0x10000)
src frame 258: srcf=26 off=1036 br=16000
frame 258: send=0x0 get=0x0 len=1513 coding=1 startqp=0 meanqp=0 picbytes=0 pskip=0 nalus=1 n1:1513
  snapshot f258: 3 venc_ko blocks (pool0 0x73801000 len 0x10000)
src frame 259: srcf=27 off=1040 br=16000
frame 259: send=0x0 get=0x0 len=1461 coding=1 startqp=0 meanqp=0 picbytes=0 pskip=0 nalus=1 n1:1461
  snapshot f259: 3 venc_ko blocks (pool0 0x73801000 len 0x10000)
src frame 260: srcf=28 off=1044 br=16000
frame 260: send=0x0 get=0x0 len=1977 coding=1 startqp=0 meanqp=0 picbytes=0 pskip=0 nalus=1 n1:1977
  snapshot f260: 3 venc_ko blocks (pool0 0x73801000 len 0x10000)
src frame 261: srcf=29 off=1048 br=16000
frame 261: send=0x0 get=0x0 len=2204 coding=1 startqp=0 meanqp=0 picbytes=0 pskip=0 nalus=1 n1:2204
  snapshot f261: 3 venc_ko blocks (pool0 0x73801000 len 0x10000)
src frame 262: srcf=28 off=1052 br=16000
frame 262: send=0x0 get=0x0 len=1945 coding=1 startqp=0 meanqp=0 picbytes=0 pskip=0 nalus=1 n1:1945
  snapshot f262: 3 venc_ko blocks (pool0 0x73801000 len 0x10000)
src frame 263: srcf=27 off=1056 br=16000
frame 263: send=0x0 get=0x0 len=1839 coding=1 startqp=0 meanqp=0 picbytes=0 pskip=0 nalus=1 n1:1839
  snapshot f263: 3 venc_ko blocks (pool0 0x73801000 len 0x10000)
src frame 264: srcf=26 off=1060 br=16000
frame 264: send=0x0 get=0x0 len=2163 coding=1 startqp=0 meanqp=0 picbytes=0 pskip=0 nalus=1 n1:2163
  snapshot f264: 3 venc_ko blocks (pool0 0x73801000 len 0x10000)
src frame 265: srcf=25 off=1064 br=16000
frame 265: send=0x0 get=0x0 len=2057 coding=1 startqp=0 meanqp=0 picbytes=0 pskip=0 nalus=1 n1:2057
  snapshot f265: 3 venc_ko blocks (pool0 0x73801000 len 0x10000)
src frame 266: srcf=24 off=1068 br=16000
frame 266: send=0x0 get=0x0 len=1416 coding=1 startqp=0 meanqp=0 picbytes=0 pskip=0 nalus=1 n1:1416
  snapshot f266: 3 venc_ko blocks (pool0 0x73801000 len 0x10000)
src frame 267: srcf=23 off=1072 br=16000
frame 267: send=0x0 get=0x0 len=1386 coding=1 startqp=0 meanqp=0 picbytes=0 pskip=0 nalus=1 n1:1386
  snapshot f267: 3 venc_ko blocks (pool0 0x73801000 len 0x10000)
src frame 268: srcf=22 off=1076 br=16000
frame 268: send=0x0 get=0x0 len=1740 coding=1 startqp=0 meanqp=0 picbytes=0 pskip=0 nalus=1 n1:1740
  snapshot f268: 3 venc_ko blocks (pool0 0x73801000 len 0x10000)
src frame 269: srcf=21 off=1080 br=16000
frame 269: send=0x0 get=0x0 len=2102 coding=1 startqp=0 meanqp=0 picbytes=0 pskip=0 nalus=1 n1:2102
  snapshot f269: 3 venc_ko blocks (pool0 0x73801000 len 0x10000)
---- /proc/ax_proc/venc ----
-------- VENC VERSION ------------------------
[Axera version]: ax_venc V3.0.0_20250319114413 Mar 19 2025 11:58:34 JK

-------- MODULE PARAM ------------------------
MaxChnNum   MaxRoiNum   MaxProcNum  
16          8           16          

-------- VENC CHN ATTR 1 ------------------------
ID    Type    wSrc    hSrc    Strd0   Strd1   maxW    maxH    PixFmt  link  InFifoDep    OutFifoDep   InDbgFifoLen InDbgFifoDep StrmBufSize(KB)
7     h264    1920    1080    3840    0       1920    1080    YUYV422 N     2            2            0            4            4114      
-------- VENC CHN ATTR 2 ------------------------
ID    [CropEn StartX  StartY  CropW   CropH]  Rotation  EncW    EncH    FrmSize      PTS          SeqNum       CompMode     CompLevel    PhyAddr0     PhyAddr1     PhyAddr2     
7     N       0       0       0       0       0         1920    1080    4147200      4100000      247          NONE         0            742d1000     0            0            
-------- VENC RC ATTR 1 ------------------------
ID    RcMode    SrcFr   DstFr   Br(kbps)  MinQp   MaxQp   MinIQp  MaxIQp  IQpDelta  IpropMax   IpropMin   StartQp    QpDltRng   DeBrQpDlt  SvcEn   ChgPos  StillPercent MaxStillQp 
7     CBR       60.00   60.00   16000     10      51      10      51      0         40         10         -1         2          0          False   -       -            -          
-------- VENC RC ATTR 2  -----------------------
ID    QMapQpType  QMapUnit    QMapBlkType IQp   PQp   MinQpDelta MaxQpDelta MaxBitRate shtStaTime ltStaTime  ltMinBr  ltMaxBr  Br_ST(kbps)    Br_LT(kbps)    
7     N/A         64x64       N/A         -     -     -          -          -          -          -          -        -        -              -              
-------- VENC GOP ATTR  ------------------------
ID    GopMode   Gop   GopVI 
7     NormalP   30    0     
-------- VENC STATUS 1 -------------------------
ID    RJEn         RJThr(bps)   RJMode       RJEncGaps    SupFrmEn     SupPri       SupThrI      SupThrP      SplitEn      SliceNum     Range(In)    Range(out)   
7     N            0            Normal       0            N            0            500000       500000       N            0            Full         Full         
-------- VENC STATUS 2 -------------------------
ID    ChnStat   FrmRecv   FrmRls    FrmEnc    FrmDrop   FrmDup    EncFail   MissMatch StrmGet   StrmRls   OutFps    RealBr    ReEncCnt  DropCnt   BlkFail   GrpID     PID     TID     ThNum   RefInc    RefDec    Fail1   Fail2   Fail3   Fail4   
7     STARTED   248       247       247       0         0         0         0         247       247       50.00     2375.46   0         0         0         -1        130212  130216  1       248       247       0       0       0       0       
-------- VENC HW STATUS  ------------------------
ID    OverFlow     TimeOut      
7     0            0            
-------- VENC ROI INFO  ------------------------
ID    Index        bEnable      bAbsQp       RoiQP        Width        Height       StartX       StartY       
done h264_chg
rc=0
== h264_chg: codec=h264 rc=cbr br=8000 fps=60 gop=30 frames=270 total=1560611 B achieved=2774 kbps
I frames (frame:qp/bytes): 0:32/30679 30:30/34191 60:37/22216 90:35/25942 120:32/30964 150:30/34365 180:28/38369 210:26/42269 240:24/46727
first P after each I (frame:qp): 1:35 31:33 61:40 91:38 121:35 151:33 181:31 211:29 241:27
per-GOP: gop#: kbps I_qp P_qp[min..max] P_qp_last
  0: 3132 kbps I=[32] P=[21..35] last=21 n=30
  1: 3108 kbps I=[30] P=[19..33] last=19 n=30
  2: 2065 kbps I=[37] P=[31..43] last=31 n=30
  3: 2452 kbps I=[35] P=[27..39] last=27 n=30
  4: 2959 kbps I=[32] P=[21..35] last=21 n=30
  5: 2992 kbps I=[30] P=[19..33] last=19 n=30
  6: 2892 kbps I=[28] P=[17..31] last=17 n=30
  7: 2746 kbps I=[26] P=[15..29] last=15 n=30
  8: 2624 kbps I=[24] P=[13..27] last=13 n=30
P->P QP step histogram: -2:9 -1:111 +0:122 +1:9 +2:1
I->firstP QP delta: +3 +3 +3 +3 +3 +3 +3 +3 +3
sw7 frame-QP == slice QP: 270/270 frames with a program agree; mismatches at []
slot flags: {'': 270}
sw105-107 distinct (I): [('0x1adb00', '0x1adb00', '0x1adb00'), ('0x46c3f1', '0x46c3f1', '0x46c3f1'), ('0x4dd789', '0x4dd789', '0x4dd789'), ('0x8d87e', '0x8d87e', '0x8d87e')]
sw172/173 distinct: [('0x14f', '0x662'), ('0x14f', '0x66a')]
sw6 distinct (I / P): ['0x3'] ['0x3']
mid-stream changes: [{'frame': 60, 'before': 8000, 'to': 2000, 'g': '0', 's': '0', 'rb': 2000}, {'frame': 120, 'before': 2000, 'to': 16000, 'g': '0', 's': '0', 'rb': 16000}]
  segment 0..59: 3120 kbps, qp first=32 last=19 min=19 max=35
  segment 60..119: 2258 kbps, qp first=37 last=27 min=27 max=43
  segment 120..269: 2842 kbps, qp first=32 last=13 min=13 max=35
  around change at 60: 56:P1782/q19 57:P1924/q19 58:P1996/q19 59:P1934/q19 60:I22216/q37 61:P3383/q40 62:P4194/q41 63:P1924/q43 64:P3634/q41 65:P3531/q40 66:P3740/q39 67:P3490/q39 68:P3899/q37 69:P3722/q37 70:P3884/q37 71:P4046/q37 72:P2597/q38 73:P4007/q36 74:P3676/q36 75:P3785/q35
  around change at 120: 116:P5275/q28 117:P5975/q27 118:P3990/q28 119:P5684/q27 120:I30964/q32 121:P9660/q35 122:P10215/q33 123:P6798/q32 124:P6931/q31 125:P7043/q30 126:P6556/q29 127:P6921/q28 128:P7536/q27 129:P7671/q26 130:P6982/q25 131:P7036/q24 132:P7918/q23 133:P8174/q22 134:P9798/q21 135:P7242/q21
=== h264_chg_vbr: codec=h264 rc=vbr br=8000 nframes=270 src=/root/rc65/clips/static.yuyv motion=vscroll mstep=4 chg=60:2000,120:16000
# vdrive tag=h264_chg_vbr codec=h264 1920x1080 rc=vbr br=8000 fps=60/60 gop=30 gopmode=normalp ltrint=0 ltrqpo=0 iqp=32 pqp=32 profile=10 level=51 tier=0 qp[10..51] iqp[10..51] iqd=0 firstqp=-1 iprop[10..40] idrrange=2 stattime=1 vq=0 ir=0/0 slice=0 debreath=0 scd=-1 rowqpd=-1 vui=-1 move=0 nframes=270
src=/root/rc65/clips/static.yuyv frames=30 loop=pingpong motion=vscroll mstep=4 window=0..-1
chg plan: frame 60 -> 2000 kbps
chg plan: frame 120 -> 16000 kbps
AX_SYS_Init rc=0x0
AX_VENC_Init rc=0x0
AX_VENC_CreateChn(7) rc=0x0
StartRecvFrame rc=0x0
AX_POOL_CreatePool id=0x0
blk=0x5e000000 phys=0x742d1000 virt=0xffff83e65000
frame: modid=0x11 stride=1920 fmt=0xd
  snapshot pre: 3 venc_ko blocks (pool0 0x73801000 len 0x10000)
src frame 0: srcf=0 off=4 br=8000
frame 0: send=0x0 get=0x0 len=30428 coding=0 startqp=0 meanqp=0 picbytes=0 pskip=0 nalus=3 n7:32 n8:8 n5:30388
  snapshot f000: 3 venc_ko blocks (pool0 0x73801000 len 0x10000)
src frame 1: srcf=1 off=8 br=8000
frame 1: send=0x0 get=0x0 len=4759 coding=1 startqp=0 meanqp=0 picbytes=0 pskip=0 nalus=1 n1:4759
  snapshot f001: 3 venc_ko blocks (pool0 0x73801000 len 0x10000)
src frame 2: srcf=2 off=12 br=8000
frame 2: send=0x0 get=0x0 len=3156 coding=1 startqp=0 meanqp=0 picbytes=0 pskip=0 nalus=1 n1:3156
  snapshot f002: 3 venc_ko blocks (pool0 0x73801000 len 0x10000)
src frame 3: srcf=3 off=16 br=8000
frame 3: send=0x0 get=0x0 len=4624 coding=1 startqp=0 meanqp=0 picbytes=0 pskip=0 nalus=1 n1:4624
  snapshot f003: 3 venc_ko blocks (pool0 0x73801000 len 0x10000)
src frame 4: srcf=4 off=20 br=8000
frame 4: send=0x0 get=0x0 len=6300 coding=1 startqp=0 meanqp=0 picbytes=0 pskip=0 nalus=1 n1:6300
  snapshot f004: 3 venc_ko blocks (pool0 0x73801000 len 0x10000)
src frame 5: srcf=5 off=24 br=8000
frame 5: send=0x0 get=0x0 len=5789 coding=1 startqp=0 meanqp=0 picbytes=0 pskip=0 nalus=1 n1:5789
  snapshot f005: 3 venc_ko blocks (pool0 0x73801000 len 0x10000)
src frame 6: srcf=6 off=28 br=8000
frame 6: send=0x0 get=0x0 len=6740 coding=1 startqp=0 meanqp=0 picbytes=0 pskip=0 nalus=1 n1:6740
  snapshot f006: 3 venc_ko blocks (pool0 0x73801000 len 0x10000)
src frame 7: srcf=7 off=32 br=8000
frame 7: send=0x0 get=0x0 len=7256 coding=1 startqp=0 meanqp=0 picbytes=0 pskip=0 nalus=1 n1:7256
  snapshot f007: 3 venc_ko blocks (pool0 0x73801000 len 0x10000)
src frame 8: srcf=8 off=36 br=8000
frame 8: send=0x0 get=0x0 len=7205 coding=1 startqp=0 meanqp=0 picbytes=0 pskip=0 nalus=1 n1:7205
  snapshot f008: 3 venc_ko blocks (pool0 0x73801000 len 0x10000)
src frame 9: srcf=9 off=40 br=8000
frame 9: send=0x0 get=0x0 len=7191 coding=1 startqp=0 meanqp=0 picbytes=0 pskip=0 nalus=1 n1:7191
  snapshot f009: 3 venc_ko blocks (pool0 0x73801000 len 0x10000)
src frame 10: srcf=10 off=44 br=8000
frame 10: send=0x0 get=0x0 len=8017 coding=1 startqp=0 meanqp=0 picbytes=0 pskip=0 nalus=1 n1:8017
  snapshot f010: 3 venc_ko blocks (pool0 0x73801000 len 0x10000)
src frame 11: srcf=11 off=48 br=8000
frame 11: send=0x0 get=0x0 len=8585 coding=1 startqp=0 meanqp=0 picbytes=0 pskip=0 nalus=1 n1:8585
  snapshot f011: 3 venc_ko blocks (pool0 0x73801000 len 0x10000)
src frame 12: srcf=12 off=52 br=8000
frame 12: send=0x0 get=0x0 len=9180 coding=1 startqp=0 meanqp=0 picbytes=0 pskip=0 nalus=1 n1:9180
  snapshot f012: 3 venc_ko blocks (pool0 0x73801000 len 0x10000)
src frame 13: srcf=13 off=56 br=8000
frame 13: send=0x0 get=0x0 len=9615 coding=1 startqp=0 meanqp=0 picbytes=0 pskip=0 nalus=1 n1:9615
  snapshot f013: 3 venc_ko blocks (pool0 0x73801000 len 0x10000)
src frame 14: srcf=14 off=60 br=8000
frame 14: send=0x0 get=0x0 len=9701 coding=1 startqp=0 meanqp=0 picbytes=0 pskip=0 nalus=1 n1:9701
  snapshot f014: 3 venc_ko blocks (pool0 0x73801000 len 0x10000)
src frame 15: srcf=15 off=64 br=8000
frame 15: send=0x0 get=0x0 len=8922 coding=1 startqp=0 meanqp=0 picbytes=0 pskip=0 nalus=1 n1:8922
  snapshot f015: 3 venc_ko blocks (pool0 0x73801000 len 0x10000)
src frame 16: srcf=16 off=68 br=8000
frame 16: send=0x0 get=0x0 len=8066 coding=1 startqp=0 meanqp=0 picbytes=0 pskip=0 nalus=1 n1:8066
  snapshot f016: 3 venc_ko blocks (pool0 0x73801000 len 0x10000)
src frame 17: srcf=17 off=72 br=8000
frame 17: send=0x0 get=0x0 len=8136 coding=1 startqp=0 meanqp=0 picbytes=0 pskip=0 nalus=1 n1:8136
  snapshot f017: 3 venc_ko blocks (pool0 0x73801000 len 0x10000)
src frame 18: srcf=18 off=76 br=8000
frame 18: send=0x0 get=0x0 len=8416 coding=1 startqp=0 meanqp=0 picbytes=0 pskip=0 nalus=1 n1:8416
  snapshot f018: 3 venc_ko blocks (pool0 0x73801000 len 0x10000)
src frame 19: srcf=19 off=80 br=8000
frame 19: send=0x0 get=0x0 len=8288 coding=1 startqp=0 meanqp=0 picbytes=0 pskip=0 nalus=1 n1:8288
  snapshot f019: 3 venc_ko blocks (pool0 0x73801000 len 0x10000)
src frame 20: srcf=20 off=84 br=8000
frame 20: send=0x0 get=0x0 len=7941 coding=1 startqp=0 meanqp=0 picbytes=0 pskip=0 nalus=1 n1:7941
  snapshot f020: 3 venc_ko blocks (pool0 0x73801000 len 0x10000)
src frame 21: srcf=21 off=88 br=8000
frame 21: send=0x0 get=0x0 len=8203 coding=1 startqp=0 meanqp=0 picbytes=0 pskip=0 nalus=1 n1:8203
  snapshot f021: 3 venc_ko blocks (pool0 0x73801000 len 0x10000)
src frame 22: srcf=22 off=92 br=8000
frame 22: send=0x0 get=0x0 len=7082 coding=1 startqp=0 meanqp=0 picbytes=0 pskip=0 nalus=1 n1:7082
  snapshot f022: 3 venc_ko blocks (pool0 0x73801000 len 0x10000)
src frame 23: srcf=23 off=96 br=8000
frame 23: send=0x0 get=0x0 len=8317 coding=1 startqp=0 meanqp=0 picbytes=0 pskip=0 nalus=1 n1:8317
  snapshot f023: 3 venc_ko blocks (pool0 0x73801000 len 0x10000)
src frame 24: srcf=24 off=100 br=8000
frame 24: send=0x0 get=0x0 len=8580 coding=1 startqp=0 meanqp=0 picbytes=0 pskip=0 nalus=1 n1:8580
  snapshot f024: 3 venc_ko blocks (pool0 0x73801000 len 0x10000)
src frame 25: srcf=25 off=104 br=8000
frame 25: send=0x0 get=0x0 len=3845 coding=1 startqp=0 meanqp=0 picbytes=0 pskip=0 nalus=1 n1:3845
  snapshot f025: 3 venc_ko blocks (pool0 0x73801000 len 0x10000)
src frame 26: srcf=26 off=108 br=8000
frame 26: send=0x0 get=0x0 len=2689 coding=1 startqp=0 meanqp=0 picbytes=0 pskip=0 nalus=1 n1:2689
  snapshot f026: 3 venc_ko blocks (pool0 0x73801000 len 0x10000)
src frame 27: srcf=27 off=112 br=8000
frame 27: send=0x0 get=0x0 len=2459 coding=1 startqp=0 meanqp=0 picbytes=0 pskip=0 nalus=1 n1:2459
  snapshot f027: 3 venc_ko blocks (pool0 0x73801000 len 0x10000)
src frame 28: srcf=28 off=116 br=8000
frame 28: send=0x0 get=0x0 len=2042 coding=1 startqp=0 meanqp=0 picbytes=0 pskip=0 nalus=1 n1:2042
  snapshot f028: 3 venc_ko blocks (pool0 0x73801000 len 0x10000)
src frame 29: srcf=29 off=120 br=8000
frame 29: send=0x0 get=0x0 len=1749 coding=1 startqp=0 meanqp=0 picbytes=0 pskip=0 nalus=1 n1:1749
  snapshot f029: 3 venc_ko blocks (pool0 0x73801000 len 0x10000)
src frame 30: srcf=28 off=124 br=8000
frame 30: send=0x0 get=0x0 len=74596 coding=0 startqp=0 meanqp=0 picbytes=0 pskip=0 nalus=3 n7:32 n8:8 n5:74556
  snapshot f030: 3 venc_ko blocks (pool0 0x73801000 len 0x10000)
src frame 31: srcf=27 off=128 br=8000
frame 31: send=0x0 get=0x0 len=3447 coding=1 startqp=0 meanqp=0 picbytes=0 pskip=0 nalus=1 n1:3447
  snapshot f031: 3 venc_ko blocks (pool0 0x73801000 len 0x10000)
src frame 32: srcf=26 off=132 br=8000
frame 32: send=0x0 get=0x0 len=4332 coding=1 startqp=0 meanqp=0 picbytes=0 pskip=0 nalus=1 n1:4332
  snapshot f032: 3 venc_ko blocks (pool0 0x73801000 len 0x10000)
src frame 33: srcf=25 off=136 br=8000
frame 33: send=0x0 get=0x0 len=5301 coding=1 startqp=0 meanqp=0 picbytes=0 pskip=0 nalus=1 n1:5301
  snapshot f033: 3 venc_ko blocks (pool0 0x73801000 len 0x10000)
src frame 34: srcf=24 off=140 br=8000
frame 34: send=0x0 get=0x0 len=5025 coding=1 startqp=0 meanqp=0 picbytes=0 pskip=0 nalus=1 n1:5025
  snapshot f034: 3 venc_ko blocks (pool0 0x73801000 len 0x10000)
src frame 35: srcf=23 off=144 br=8000
frame 35: send=0x0 get=0x0 len=4048 coding=1 startqp=0 meanqp=0 picbytes=0 pskip=0 nalus=1 n1:4048
  snapshot f035: 3 venc_ko blocks (pool0 0x73801000 len 0x10000)
src frame 36: srcf=22 off=148 br=8000
frame 36: send=0x0 get=0x0 len=2704 coding=1 startqp=0 meanqp=0 picbytes=0 pskip=0 nalus=1 n1:2704
  snapshot f036: 3 venc_ko blocks (pool0 0x73801000 len 0x10000)
src frame 37: srcf=21 off=152 br=8000
frame 37: send=0x0 get=0x0 len=2349 coding=1 startqp=0 meanqp=0 picbytes=0 pskip=0 nalus=1 n1:2349
  snapshot f037: 3 venc_ko blocks (pool0 0x73801000 len 0x10000)
src frame 38: srcf=20 off=156 br=8000
frame 38: send=0x0 get=0x0 len=1653 coding=1 startqp=0 meanqp=0 picbytes=0 pskip=0 nalus=1 n1:1653
  snapshot f038: 3 venc_ko blocks (pool0 0x73801000 len 0x10000)
src frame 39: srcf=19 off=160 br=8000
frame 39: send=0x0 get=0x0 len=1737 coding=1 startqp=0 meanqp=0 picbytes=0 pskip=0 nalus=1 n1:1737
  snapshot f039: 3 venc_ko blocks (pool0 0x73801000 len 0x10000)
src frame 40: srcf=18 off=164 br=8000
frame 40: send=0x0 get=0x0 len=1848 coding=1 startqp=0 meanqp=0 picbytes=0 pskip=0 nalus=1 n1:1848
  snapshot f040: 3 venc_ko blocks (pool0 0x73801000 len 0x10000)
src frame 41: srcf=17 off=168 br=8000
frame 41: send=0x0 get=0x0 len=2896 coding=1 startqp=0 meanqp=0 picbytes=0 pskip=0 nalus=1 n1:2896
  snapshot f041: 3 venc_ko blocks (pool0 0x73801000 len 0x10000)
src frame 42: srcf=16 off=172 br=8000
frame 42: send=0x0 get=0x0 len=3743 coding=1 startqp=0 meanqp=0 picbytes=0 pskip=0 nalus=1 n1:3743
  snapshot f042: 3 venc_ko blocks (pool0 0x73801000 len 0x10000)
src frame 43: srcf=15 off=176 br=8000
frame 43: send=0x0 get=0x0 len=4091 coding=1 startqp=0 meanqp=0 picbytes=0 pskip=0 nalus=1 n1:4091
  snapshot f043: 3 venc_ko blocks (pool0 0x73801000 len 0x10000)
src frame 44: srcf=14 off=180 br=8000
frame 44: send=0x0 get=0x0 len=2426 coding=1 startqp=0 meanqp=0 picbytes=0 pskip=0 nalus=1 n1:2426
  snapshot f044: 3 venc_ko blocks (pool0 0x73801000 len 0x10000)
src frame 45: srcf=13 off=184 br=8000
frame 45: send=0x0 get=0x0 len=1808 coding=1 startqp=0 meanqp=0 picbytes=0 pskip=0 nalus=1 n1:1808
  snapshot f045: 3 venc_ko blocks (pool0 0x73801000 len 0x10000)
src frame 46: srcf=12 off=188 br=8000
frame 46: send=0x0 get=0x0 len=1537 coding=1 startqp=0 meanqp=0 picbytes=0 pskip=0 nalus=1 n1:1537
  snapshot f046: 3 venc_ko blocks (pool0 0x73801000 len 0x10000)
src frame 47: srcf=11 off=192 br=8000
frame 47: send=0x0 get=0x0 len=1562 coding=1 startqp=0 meanqp=0 picbytes=0 pskip=0 nalus=1 n1:1562
  snapshot f047: 3 venc_ko blocks (pool0 0x73801000 len 0x10000)
src frame 48: srcf=10 off=196 br=8000
frame 48: send=0x0 get=0x0 len=1493 coding=1 startqp=0 meanqp=0 picbytes=0 pskip=0 nalus=1 n1:1493
  snapshot f048: 3 venc_ko blocks (pool0 0x73801000 len 0x10000)
src frame 49: srcf=9 off=200 br=8000
frame 49: send=0x0 get=0x0 len=1622 coding=1 startqp=0 meanqp=0 picbytes=0 pskip=0 nalus=1 n1:1622
  snapshot f049: 3 venc_ko blocks (pool0 0x73801000 len 0x10000)
src frame 50: srcf=8 off=204 br=8000
frame 50: send=0x0 get=0x0 len=1720 coding=1 startqp=0 meanqp=0 picbytes=0 pskip=0 nalus=1 n1:1720
  snapshot f050: 3 venc_ko blocks (pool0 0x73801000 len 0x10000)
src frame 51: srcf=7 off=208 br=8000
frame 51: send=0x0 get=0x0 len=2239 coding=1 startqp=0 meanqp=0 picbytes=0 pskip=0 nalus=1 n1:2239
  snapshot f051: 3 venc_ko blocks (pool0 0x73801000 len 0x10000)
src frame 52: srcf=6 off=212 br=8000
frame 52: send=0x0 get=0x0 len=2429 coding=1 startqp=0 meanqp=0 picbytes=0 pskip=0 nalus=1 n1:2429
  snapshot f052: 3 venc_ko blocks (pool0 0x73801000 len 0x10000)
src frame 53: srcf=5 off=216 br=8000
frame 53: send=0x0 get=0x0 len=2689 coding=1 startqp=0 meanqp=0 picbytes=0 pskip=0 nalus=1 n1:2689
  snapshot f053: 3 venc_ko blocks (pool0 0x73801000 len 0x10000)
src frame 54: srcf=4 off=220 br=8000
frame 54: send=0x0 get=0x0 len=2028 coding=1 startqp=0 meanqp=0 picbytes=0 pskip=0 nalus=1 n1:2028
  snapshot f054: 3 venc_ko blocks (pool0 0x73801000 len 0x10000)
src frame 55: srcf=3 off=224 br=8000
frame 55: send=0x0 get=0x0 len=1479 coding=1 startqp=0 meanqp=0 picbytes=0 pskip=0 nalus=1 n1:1479
  snapshot f055: 3 venc_ko blocks (pool0 0x73801000 len 0x10000)
src frame 56: srcf=2 off=228 br=8000
frame 56: send=0x0 get=0x0 len=1350 coding=1 startqp=0 meanqp=0 picbytes=0 pskip=0 nalus=1 n1:1350
  snapshot f056: 3 venc_ko blocks (pool0 0x73801000 len 0x10000)
src frame 57: srcf=1 off=232 br=8000
frame 57: send=0x0 get=0x0 len=1641 coding=1 startqp=0 meanqp=0 picbytes=0 pskip=0 nalus=1 n1:1641
  snapshot f057: 3 venc_ko blocks (pool0 0x73801000 len 0x10000)
src frame 58: srcf=0 off=236 br=8000
frame 58: send=0x0 get=0x0 len=1585 coding=1 startqp=0 meanqp=0 picbytes=0 pskip=0 nalus=1 n1:1585
  snapshot f058: 3 venc_ko blocks (pool0 0x73801000 len 0x10000)
src frame 59: srcf=1 off=240 br=8000
frame 59: send=0x0 get=0x0 len=1604 coding=1 startqp=0 meanqp=0 picbytes=0 pskip=0 nalus=1 n1:1604
  snapshot f059: 3 venc_ko blocks (pool0 0x73801000 len 0x10000)
chg frame=60 br 8000 -> 2000 kbps: GetRcParam=0x0 SetRcParam=0x0 readback=2000 mode=2
src frame 60: srcf=2 off=244 br=2000
frame 60: send=0x0 get=0x0 len=30749 coding=0 startqp=0 meanqp=0 picbytes=0 pskip=0 nalus=3 n7:32 n8:8 n5:30709
  snapshot f060: 3 venc_ko blocks (pool0 0x73801000 len 0x10000)
src frame 61: srcf=3 off=248 br=2000
frame 61: send=0x0 get=0x0 len=4700 coding=1 startqp=0 meanqp=0 picbytes=0 pskip=0 nalus=1 n1:4700
  snapshot f061: 3 venc_ko blocks (pool0 0x73801000 len 0x10000)
src frame 62: srcf=4 off=252 br=2000
frame 62: send=0x0 get=0x0 len=2332 coding=1 startqp=0 meanqp=0 picbytes=0 pskip=0 nalus=1 n1:2332
  snapshot f062: 3 venc_ko blocks (pool0 0x73801000 len 0x10000)
src frame 63: srcf=5 off=256 br=2000
frame 63: send=0x0 get=0x0 len=2149 coding=1 startqp=0 meanqp=0 picbytes=0 pskip=0 nalus=1 n1:2149
  snapshot f063: 3 venc_ko blocks (pool0 0x73801000 len 0x10000)
src frame 64: srcf=6 off=260 br=2000
frame 64: send=0x0 get=0x0 len=2347 coding=1 startqp=0 meanqp=0 picbytes=0 pskip=0 nalus=1 n1:2347
  snapshot f064: 3 venc_ko blocks (pool0 0x73801000 len 0x10000)
src frame 65: srcf=7 off=264 br=2000
frame 65: send=0x0 get=0x0 len=2526 coding=1 startqp=0 meanqp=0 picbytes=0 pskip=0 nalus=1 n1:2526
  snapshot f065: 3 venc_ko blocks (pool0 0x73801000 len 0x10000)
src frame 66: srcf=8 off=268 br=2000
frame 66: send=0x0 get=0x0 len=2542 coding=1 startqp=0 meanqp=0 picbytes=0 pskip=0 nalus=1 n1:2542
  snapshot f066: 3 venc_ko blocks (pool0 0x73801000 len 0x10000)
src frame 67: srcf=9 off=272 br=2000
frame 67: send=0x0 get=0x0 len=3218 coding=1 startqp=0 meanqp=0 picbytes=0 pskip=0 nalus=1 n1:3218
  snapshot f067: 3 venc_ko blocks (pool0 0x73801000 len 0x10000)
src frame 68: srcf=10 off=276 br=2000
frame 68: send=0x0 get=0x0 len=2571 coding=1 startqp=0 meanqp=0 picbytes=0 pskip=0 nalus=1 n1:2571
  snapshot f068: 3 venc_ko blocks (pool0 0x73801000 len 0x10000)
src frame 69: srcf=11 off=280 br=2000
frame 69: send=0x0 get=0x0 len=3688 coding=1 startqp=0 meanqp=0 picbytes=0 pskip=0 nalus=1 n1:3688
  snapshot f069: 3 venc_ko blocks (pool0 0x73801000 len 0x10000)
src frame 70: srcf=12 off=284 br=2000
frame 70: send=0x0 get=0x0 len=1712 coding=1 startqp=0 meanqp=0 picbytes=0 pskip=0 nalus=1 n1:1712
  snapshot f070: 3 venc_ko blocks (pool0 0x73801000 len 0x10000)
src frame 71: srcf=13 off=288 br=2000
frame 71: send=0x0 get=0x0 len=2313 coding=1 startqp=0 meanqp=0 picbytes=0 pskip=0 nalus=1 n1:2313
  snapshot f071: 3 venc_ko blocks (pool0 0x73801000 len 0x10000)
src frame 72: srcf=14 off=292 br=2000
frame 72: send=0x0 get=0x0 len=2844 coding=1 startqp=0 meanqp=0 picbytes=0 pskip=0 nalus=1 n1:2844
  snapshot f072: 3 venc_ko blocks (pool0 0x73801000 len 0x10000)
src frame 73: srcf=15 off=296 br=2000
frame 73: send=0x0 get=0x0 len=2748 coding=1 startqp=0 meanqp=0 picbytes=0 pskip=0 nalus=1 n1:2748
  snapshot f073: 3 venc_ko blocks (pool0 0x73801000 len 0x10000)
src frame 74: srcf=16 off=300 br=2000
frame 74: send=0x0 get=0x0 len=3793 coding=1 startqp=0 meanqp=0 picbytes=0 pskip=0 nalus=1 n1:3793
  snapshot f074: 3 venc_ko blocks (pool0 0x73801000 len 0x10000)
src frame 75: srcf=17 off=304 br=2000
frame 75: send=0x0 get=0x0 len=1552 coding=1 startqp=0 meanqp=0 picbytes=0 pskip=0 nalus=1 n1:1552
  snapshot f075: 3 venc_ko blocks (pool0 0x73801000 len 0x10000)
src frame 76: srcf=18 off=308 br=2000
frame 76: send=0x0 get=0x0 len=1900 coding=1 startqp=0 meanqp=0 picbytes=0 pskip=0 nalus=1 n1:1900
  snapshot f076: 3 venc_ko blocks (pool0 0x73801000 len 0x10000)
src frame 77: srcf=19 off=312 br=2000
frame 77: send=0x0 get=0x0 len=3237 coding=1 startqp=0 meanqp=0 picbytes=0 pskip=0 nalus=1 n1:3237
  snapshot f077: 3 venc_ko blocks (pool0 0x73801000 len 0x10000)
src frame 78: srcf=20 off=316 br=2000
frame 78: send=0x0 get=0x0 len=2147 coding=1 startqp=0 meanqp=0 picbytes=0 pskip=0 nalus=1 n1:2147
  snapshot f078: 3 venc_ko blocks (pool0 0x73801000 len 0x10000)
src frame 79: srcf=21 off=320 br=2000
frame 79: send=0x0 get=0x0 len=4471 coding=1 startqp=0 meanqp=0 picbytes=0 pskip=0 nalus=1 n1:4471
  snapshot f079: 3 venc_ko blocks (pool0 0x73801000 len 0x10000)
src frame 80: srcf=22 off=324 br=2000
frame 80: send=0x0 get=0x0 len=1800 coding=1 startqp=0 meanqp=0 picbytes=0 pskip=0 nalus=1 n1:1800
  snapshot f080: 3 venc_ko blocks (pool0 0x73801000 len 0x10000)
src frame 81: srcf=23 off=328 br=2000
frame 81: send=0x0 get=0x0 len=2924 coding=1 startqp=0 meanqp=0 picbytes=0 pskip=0 nalus=1 n1:2924
  snapshot f081: 3 venc_ko blocks (pool0 0x73801000 len 0x10000)
src frame 82: srcf=24 off=332 br=2000
frame 82: send=0x0 get=0x0 len=3819 coding=1 startqp=0 meanqp=0 picbytes=0 pskip=0 nalus=1 n1:3819
  snapshot f082: 3 venc_ko blocks (pool0 0x73801000 len 0x10000)
src frame 83: srcf=25 off=336 br=2000
frame 83: send=0x0 get=0x0 len=1566 coding=1 startqp=0 meanqp=0 picbytes=0 pskip=0 nalus=1 n1:1566
  snapshot f083: 3 venc_ko blocks (pool0 0x73801000 len 0x10000)
src frame 84: srcf=26 off=340 br=2000
frame 84: send=0x0 get=0x0 len=2230 coding=1 startqp=0 meanqp=0 picbytes=0 pskip=0 nalus=1 n1:2230
  snapshot f084: 3 venc_ko blocks (pool0 0x73801000 len 0x10000)
src frame 85: srcf=27 off=344 br=2000
frame 85: send=0x0 get=0x0 len=3392 coding=1 startqp=0 meanqp=0 picbytes=0 pskip=0 nalus=1 n1:3392
  snapshot f085: 3 venc_ko blocks (pool0 0x73801000 len 0x10000)
src frame 86: srcf=28 off=348 br=2000
frame 86: send=0x0 get=0x0 len=2037 coding=1 startqp=0 meanqp=0 picbytes=0 pskip=0 nalus=1 n1:2037
  snapshot f086: 3 venc_ko blocks (pool0 0x73801000 len 0x10000)
src frame 87: srcf=29 off=352 br=2000
frame 87: send=0x0 get=0x0 len=4214 coding=1 startqp=0 meanqp=0 picbytes=0 pskip=0 nalus=1 n1:4214
  snapshot f087: 3 venc_ko blocks (pool0 0x73801000 len 0x10000)
src frame 88: srcf=28 off=356 br=2000
frame 88: send=0x0 get=0x0 len=1805 coding=1 startqp=0 meanqp=0 picbytes=0 pskip=0 nalus=1 n1:1805
  snapshot f088: 3 venc_ko blocks (pool0 0x73801000 len 0x10000)
src frame 89: srcf=27 off=360 br=2000
frame 89: send=0x0 get=0x0 len=2460 coding=1 startqp=0 meanqp=0 picbytes=0 pskip=0 nalus=1 n1:2460
  snapshot f089: 3 venc_ko blocks (pool0 0x73801000 len 0x10000)
src frame 90: srcf=26 off=364 br=2000
frame 90: send=0x0 get=0x0 len=39754 coding=0 startqp=0 meanqp=0 picbytes=0 pskip=0 nalus=3 n7:32 n8:8 n5:39714
  snapshot f090: 3 venc_ko blocks (pool0 0x73801000 len 0x10000)
src frame 91: srcf=25 off=368 br=2000
frame 91: send=0x0 get=0x0 len=3805 coding=1 startqp=0 meanqp=0 picbytes=0 pskip=0 nalus=1 n1:3805
  snapshot f091: 3 venc_ko blocks (pool0 0x73801000 len 0x10000)
src frame 92: srcf=24 off=372 br=2000
frame 92: send=0x0 get=0x0 len=2184 coding=1 startqp=0 meanqp=0 picbytes=0 pskip=0 nalus=1 n1:2184
  snapshot f092: 3 venc_ko blocks (pool0 0x73801000 len 0x10000)
src frame 93: srcf=23 off=376 br=2000
frame 93: send=0x0 get=0x0 len=2551 coding=1 startqp=0 meanqp=0 picbytes=0 pskip=0 nalus=1 n1:2551
  snapshot f093: 3 venc_ko blocks (pool0 0x73801000 len 0x10000)
src frame 94: srcf=22 off=380 br=2000
frame 94: send=0x0 get=0x0 len=1734 coding=1 startqp=0 meanqp=0 picbytes=0 pskip=0 nalus=1 n1:1734
  snapshot f094: 3 venc_ko blocks (pool0 0x73801000 len 0x10000)
src frame 95: srcf=21 off=384 br=2000
frame 95: send=0x0 get=0x0 len=1621 coding=1 startqp=0 meanqp=0 picbytes=0 pskip=0 nalus=1 n1:1621
  snapshot f095: 3 venc_ko blocks (pool0 0x73801000 len 0x10000)
src frame 96: srcf=20 off=388 br=2000
frame 96: send=0x0 get=0x0 len=2395 coding=1 startqp=0 meanqp=0 picbytes=0 pskip=0 nalus=1 n1:2395
  snapshot f096: 3 venc_ko blocks (pool0 0x73801000 len 0x10000)
src frame 97: srcf=19 off=392 br=2000
frame 97: send=0x0 get=0x0 len=3349 coding=1 startqp=0 meanqp=0 picbytes=0 pskip=0 nalus=1 n1:3349
  snapshot f097: 3 venc_ko blocks (pool0 0x73801000 len 0x10000)
src frame 98: srcf=18 off=396 br=2000
frame 98: send=0x0 get=0x0 len=1882 coding=1 startqp=0 meanqp=0 picbytes=0 pskip=0 nalus=1 n1:1882
  snapshot f098: 3 venc_ko blocks (pool0 0x73801000 len 0x10000)
src frame 99: srcf=17 off=400 br=2000
frame 99: send=0x0 get=0x0 len=1910 coding=1 startqp=0 meanqp=0 picbytes=0 pskip=0 nalus=1 n1:1910
  snapshot f099: 3 venc_ko blocks (pool0 0x73801000 len 0x10000)
src frame 100: srcf=16 off=404 br=2000
frame 100: send=0x0 get=0x0 len=2481 coding=1 startqp=0 meanqp=0 picbytes=0 pskip=0 nalus=1 n1:2481
  snapshot f100: 3 venc_ko blocks (pool0 0x73801000 len 0x10000)
src frame 101: srcf=15 off=408 br=2000
frame 101: send=0x0 get=0x0 len=3502 coding=1 startqp=0 meanqp=0 picbytes=0 pskip=0 nalus=1 n1:3502
  snapshot f101: 3 venc_ko blocks (pool0 0x73801000 len 0x10000)
src frame 102: srcf=14 off=412 br=2000
frame 102: send=0x0 get=0x0 len=2303 coding=1 startqp=0 meanqp=0 picbytes=0 pskip=0 nalus=1 n1:2303
  snapshot f102: 3 venc_ko blocks (pool0 0x73801000 len 0x10000)
src frame 103: srcf=13 off=416 br=2000
frame 103: send=0x0 get=0x0 len=2454 coding=1 startqp=0 meanqp=0 picbytes=0 pskip=0 nalus=1 n1:2454
  snapshot f103: 3 venc_ko blocks (pool0 0x73801000 len 0x10000)
src frame 104: srcf=12 off=420 br=2000
frame 104: send=0x0 get=0x0 len=2275 coding=1 startqp=0 meanqp=0 picbytes=0 pskip=0 nalus=1 n1:2275
  snapshot f104: 3 venc_ko blocks (pool0 0x73801000 len 0x10000)
src frame 105: srcf=11 off=424 br=2000
frame 105: send=0x0 get=0x0 len=3487 coding=1 startqp=0 meanqp=0 picbytes=0 pskip=0 nalus=1 n1:3487
  snapshot f105: 3 venc_ko blocks (pool0 0x73801000 len 0x10000)
src frame 106: srcf=10 off=428 br=2000
frame 106: send=0x0 get=0x0 len=1849 coding=1 startqp=0 meanqp=0 picbytes=0 pskip=0 nalus=1 n1:1849
  snapshot f106: 3 venc_ko blocks (pool0 0x73801000 len 0x10000)
src frame 107: srcf=9 off=432 br=2000
frame 107: send=0x0 get=0x0 len=2118 coding=1 startqp=0 meanqp=0 picbytes=0 pskip=0 nalus=1 n1:2118
  snapshot f107: 3 venc_ko blocks (pool0 0x73801000 len 0x10000)
src frame 108: srcf=8 off=436 br=2000
frame 108: send=0x0 get=0x0 len=3008 coding=1 startqp=0 meanqp=0 picbytes=0 pskip=0 nalus=1 n1:3008
  snapshot f108: 3 venc_ko blocks (pool0 0x73801000 len 0x10000)
src frame 109: srcf=7 off=440 br=2000
frame 109: send=0x0 get=0x0 len=3159 coding=1 startqp=0 meanqp=0 picbytes=0 pskip=0 nalus=1 n1:3159
  snapshot f109: 3 venc_ko blocks (pool0 0x73801000 len 0x10000)
src frame 110: srcf=6 off=444 br=2000
frame 110: send=0x0 get=0x0 len=3065 coding=1 startqp=0 meanqp=0 picbytes=0 pskip=0 nalus=1 n1:3065
  snapshot f110: 3 venc_ko blocks (pool0 0x73801000 len 0x10000)
src frame 111: srcf=5 off=448 br=2000
frame 111: send=0x0 get=0x0 len=3046 coding=1 startqp=0 meanqp=0 picbytes=0 pskip=0 nalus=1 n1:3046
  snapshot f111: 3 venc_ko blocks (pool0 0x73801000 len 0x10000)
src frame 112: srcf=4 off=452 br=2000
frame 112: send=0x0 get=0x0 len=2505 coding=1 startqp=0 meanqp=0 picbytes=0 pskip=0 nalus=1 n1:2505
  snapshot f112: 3 venc_ko blocks (pool0 0x73801000 len 0x10000)
src frame 113: srcf=3 off=456 br=2000
frame 113: send=0x0 get=0x0 len=4065 coding=1 startqp=0 meanqp=0 picbytes=0 pskip=0 nalus=1 n1:4065
  snapshot f113: 3 venc_ko blocks (pool0 0x73801000 len 0x10000)
src frame 114: srcf=2 off=460 br=2000
frame 114: send=0x0 get=0x0 len=1367 coding=1 startqp=0 meanqp=0 picbytes=0 pskip=0 nalus=1 n1:1367
  snapshot f114: 3 venc_ko blocks (pool0 0x73801000 len 0x10000)
src frame 115: srcf=1 off=464 br=2000
frame 115: send=0x0 get=0x0 len=1589 coding=1 startqp=0 meanqp=0 picbytes=0 pskip=0 nalus=1 n1:1589
  snapshot f115: 3 venc_ko blocks (pool0 0x73801000 len 0x10000)
src frame 116: srcf=0 off=468 br=2000
frame 116: send=0x0 get=0x0 len=2656 coding=1 startqp=0 meanqp=0 picbytes=0 pskip=0 nalus=1 n1:2656
  snapshot f116: 3 venc_ko blocks (pool0 0x73801000 len 0x10000)
src frame 117: srcf=1 off=472 br=2000
frame 117: send=0x0 get=0x0 len=4368 coding=1 startqp=0 meanqp=0 picbytes=0 pskip=0 nalus=1 n1:4368
  snapshot f117: 3 venc_ko blocks (pool0 0x73801000 len 0x10000)
src frame 118: srcf=2 off=476 br=2000
frame 118: send=0x0 get=0x0 len=1941 coding=1 startqp=0 meanqp=0 picbytes=0 pskip=0 nalus=1 n1:1941
  snapshot f118: 3 venc_ko blocks (pool0 0x73801000 len 0x10000)
src frame 119: srcf=3 off=480 br=2000
frame 119: send=0x0 get=0x0 len=2662 coding=1 startqp=0 meanqp=0 picbytes=0 pskip=0 nalus=1 n1:2662
  snapshot f119: 3 venc_ko blocks (pool0 0x73801000 len 0x10000)
chg frame=120 br 2000 -> 16000 kbps: GetRcParam=0x0 SetRcParam=0x0 readback=16000 mode=2
src frame 120: srcf=4 off=484 br=16000
frame 120: send=0x0 get=0x0 len=30742 coding=0 startqp=0 meanqp=0 picbytes=0 pskip=0 nalus=3 n7:32 n8:8 n5:30702
  snapshot f120: 3 venc_ko blocks (pool0 0x73801000 len 0x10000)
src frame 121: srcf=5 off=488 br=16000
frame 121: send=0x0 get=0x0 len=4062 coding=1 startqp=0 meanqp=0 picbytes=0 pskip=0 nalus=1 n1:4062
  snapshot f121: 3 venc_ko blocks (pool0 0x73801000 len 0x10000)
src frame 122: srcf=6 off=492 br=16000
frame 122: send=0x0 get=0x0 len=3629 coding=1 startqp=0 meanqp=0 picbytes=0 pskip=0 nalus=1 n1:3629
  snapshot f122: 3 venc_ko blocks (pool0 0x73801000 len 0x10000)
src frame 123: srcf=7 off=496 br=16000
frame 123: send=0x0 get=0x0 len=4429 coding=1 startqp=0 meanqp=0 picbytes=0 pskip=0 nalus=1 n1:4429
  snapshot f123: 3 venc_ko blocks (pool0 0x73801000 len 0x10000)
src frame 124: srcf=8 off=500 br=16000
frame 124: send=0x0 get=0x0 len=6635 coding=1 startqp=0 meanqp=0 picbytes=0 pskip=0 nalus=1 n1:6635
  snapshot f124: 3 venc_ko blocks (pool0 0x73801000 len 0x10000)
src frame 125: srcf=9 off=504 br=16000
frame 125: send=0x0 get=0x0 len=10379 coding=1 startqp=0 meanqp=0 picbytes=0 pskip=0 nalus=1 n1:10379
  snapshot f125: 3 venc_ko blocks (pool0 0x73801000 len 0x10000)
src frame 126: srcf=10 off=508 br=16000
frame 126: send=0x0 get=0x0 len=10385 coding=1 startqp=0 meanqp=0 picbytes=0 pskip=0 nalus=1 n1:10385
  snapshot f126: 3 venc_ko blocks (pool0 0x73801000 len 0x10000)
src frame 127: srcf=11 off=512 br=16000
frame 127: send=0x0 get=0x0 len=12186 coding=1 startqp=0 meanqp=0 picbytes=0 pskip=0 nalus=1 n1:12186
  snapshot f127: 3 venc_ko blocks (pool0 0x73801000 len 0x10000)
src frame 128: srcf=12 off=516 br=16000
frame 128: send=0x0 get=0x0 len=9331 coding=1 startqp=0 meanqp=0 picbytes=0 pskip=0 nalus=1 n1:9331
  snapshot f128: 3 venc_ko blocks (pool0 0x73801000 len 0x10000)
src frame 129: srcf=13 off=520 br=16000
frame 129: send=0x0 get=0x0 len=9119 coding=1 startqp=0 meanqp=0 picbytes=0 pskip=0 nalus=1 n1:9119
  snapshot f129: 3 venc_ko blocks (pool0 0x73801000 len 0x10000)
src frame 130: srcf=14 off=524 br=16000
frame 130: send=0x0 get=0x0 len=7956 coding=1 startqp=0 meanqp=0 picbytes=0 pskip=0 nalus=1 n1:7956
  snapshot f130: 3 venc_ko blocks (pool0 0x73801000 len 0x10000)
src frame 131: srcf=15 off=528 br=16000
frame 131: send=0x0 get=0x0 len=7937 coding=1 startqp=0 meanqp=0 picbytes=0 pskip=0 nalus=1 n1:7937
  snapshot f131: 3 venc_ko blocks (pool0 0x73801000 len 0x10000)
src frame 132: srcf=16 off=532 br=16000
frame 132: send=0x0 get=0x0 len=7746 coding=1 startqp=0 meanqp=0 picbytes=0 pskip=0 nalus=1 n1:7746
  snapshot f132: 3 venc_ko blocks (pool0 0x73801000 len 0x10000)
src frame 133: srcf=17 off=536 br=16000
frame 133: send=0x0 get=0x0 len=8292 coding=1 startqp=0 meanqp=0 picbytes=0 pskip=0 nalus=1 n1:8292
  snapshot f133: 3 venc_ko blocks (pool0 0x73801000 len 0x10000)
src frame 134: srcf=18 off=540 br=16000
frame 134: send=0x0 get=0x0 len=8732 coding=1 startqp=0 meanqp=0 picbytes=0 pskip=0 nalus=1 n1:8732
  snapshot f134: 3 venc_ko blocks (pool0 0x73801000 len 0x10000)
src frame 135: srcf=19 off=544 br=16000
frame 135: send=0x0 get=0x0 len=9656 coding=1 startqp=0 meanqp=0 picbytes=0 pskip=0 nalus=1 n1:9656
  snapshot f135: 3 venc_ko blocks (pool0 0x73801000 len 0x10000)
src frame 136: srcf=20 off=548 br=16000
frame 136: send=0x0 get=0x0 len=9256 coding=1 startqp=0 meanqp=0 picbytes=0 pskip=0 nalus=1 n1:9256
  snapshot f136: 3 venc_ko blocks (pool0 0x73801000 len 0x10000)
src frame 137: srcf=21 off=552 br=16000
frame 137: send=0x0 get=0x0 len=8385 coding=1 startqp=0 meanqp=0 picbytes=0 pskip=0 nalus=1 n1:8385
  snapshot f137: 3 venc_ko blocks (pool0 0x73801000 len 0x10000)
src frame 138: srcf=22 off=556 br=16000
frame 138: send=0x0 get=0x0 len=5031 coding=1 startqp=0 meanqp=0 picbytes=0 pskip=0 nalus=1 n1:5031
  snapshot f138: 3 venc_ko blocks (pool0 0x73801000 len 0x10000)
src frame 139: srcf=23 off=560 br=16000
frame 139: send=0x0 get=0x0 len=3999 coding=1 startqp=0 meanqp=0 picbytes=0 pskip=0 nalus=1 n1:3999
  snapshot f139: 3 venc_ko blocks (pool0 0x73801000 len 0x10000)
src frame 140: srcf=24 off=564 br=16000
frame 140: send=0x0 get=0x0 len=3278 coding=1 startqp=0 meanqp=0 picbytes=0 pskip=0 nalus=1 n1:3278
  snapshot f140: 3 venc_ko blocks (pool0 0x73801000 len 0x10000)
src frame 141: srcf=25 off=568 br=16000
frame 141: send=0x0 get=0x0 len=2256 coding=1 startqp=0 meanqp=0 picbytes=0 pskip=0 nalus=1 n1:2256
  snapshot f141: 3 venc_ko blocks (pool0 0x73801000 len 0x10000)
src frame 142: srcf=26 off=572 br=16000
frame 142: send=0x0 get=0x0 len=2200 coding=1 startqp=0 meanqp=0 picbytes=0 pskip=0 nalus=1 n1:2200
  snapshot f142: 3 venc_ko blocks (pool0 0x73801000 len 0x10000)
src frame 143: srcf=27 off=576 br=16000
frame 143: send=0x0 get=0x0 len=2860 coding=1 startqp=0 meanqp=0 picbytes=0 pskip=0 nalus=1 n1:2860
  snapshot f143: 3 venc_ko blocks (pool0 0x73801000 len 0x10000)
src frame 144: srcf=28 off=580 br=16000
frame 144: send=0x0 get=0x0 len=3004 coding=1 startqp=0 meanqp=0 picbytes=0 pskip=0 nalus=1 n1:3004
  snapshot f144: 3 venc_ko blocks (pool0 0x73801000 len 0x10000)
src frame 145: srcf=29 off=584 br=16000
frame 145: send=0x0 get=0x0 len=2872 coding=1 startqp=0 meanqp=0 picbytes=0 pskip=0 nalus=1 n1:2872
  snapshot f145: 3 venc_ko blocks (pool0 0x73801000 len 0x10000)
src frame 146: srcf=28 off=588 br=16000
frame 146: send=0x0 get=0x0 len=2578 coding=1 startqp=0 meanqp=0 picbytes=0 pskip=0 nalus=1 n1:2578
  snapshot f146: 3 venc_ko blocks (pool0 0x73801000 len 0x10000)
src frame 147: srcf=27 off=592 br=16000
frame 147: send=0x0 get=0x0 len=2673 coding=1 startqp=0 meanqp=0 picbytes=0 pskip=0 nalus=1 n1:2673
  snapshot f147: 3 venc_ko blocks (pool0 0x73801000 len 0x10000)
src frame 148: srcf=26 off=596 br=16000
frame 148: send=0x0 get=0x0 len=2300 coding=1 startqp=0 meanqp=0 picbytes=0 pskip=0 nalus=1 n1:2300
  snapshot f148: 3 venc_ko blocks (pool0 0x73801000 len 0x10000)
src frame 149: srcf=25 off=600 br=16000
frame 149: send=0x0 get=0x0 len=1811 coding=1 startqp=0 meanqp=0 picbytes=0 pskip=0 nalus=1 n1:1811
  snapshot f149: 3 venc_ko blocks (pool0 0x73801000 len 0x10000)
src frame 150: srcf=24 off=604 br=16000
frame 150: send=0x0 get=0x0 len=77327 coding=0 startqp=0 meanqp=0 picbytes=0 pskip=0 nalus=3 n7:32 n8:8 n5:77287
  snapshot f150: 3 venc_ko blocks (pool0 0x73801000 len 0x10000)
src frame 151: srcf=23 off=608 br=16000
frame 151: send=0x0 get=0x0 len=3351 coding=1 startqp=0 meanqp=0 picbytes=0 pskip=0 nalus=1 n1:3351
  snapshot f151: 3 venc_ko blocks (pool0 0x73801000 len 0x10000)
src frame 152: srcf=22 off=612 br=16000
frame 152: send=0x0 get=0x0 len=4419 coding=1 startqp=0 meanqp=0 picbytes=0 pskip=0 nalus=1 n1:4419
  snapshot f152: 3 venc_ko blocks (pool0 0x73801000 len 0x10000)
src frame 153: srcf=21 off=616 br=16000
frame 153: send=0x0 get=0x0 len=5126 coding=1 startqp=0 meanqp=0 picbytes=0 pskip=0 nalus=1 n1:5126
  snapshot f153: 3 venc_ko blocks (pool0 0x73801000 len 0x10000)
src frame 154: srcf=20 off=620 br=16000
frame 154: send=0x0 get=0x0 len=3544 coding=1 startqp=0 meanqp=0 picbytes=0 pskip=0 nalus=1 n1:3544
  snapshot f154: 3 venc_ko blocks (pool0 0x73801000 len 0x10000)
src frame 155: srcf=19 off=624 br=16000
frame 155: send=0x0 get=0x0 len=2887 coding=1 startqp=0 meanqp=0 picbytes=0 pskip=0 nalus=1 n1:2887
  snapshot f155: 3 venc_ko blocks (pool0 0x73801000 len 0x10000)
src frame 156: srcf=18 off=628 br=16000
frame 156: send=0x0 get=0x0 len=2720 coding=1 startqp=0 meanqp=0 picbytes=0 pskip=0 nalus=1 n1:2720
  snapshot f156: 3 venc_ko blocks (pool0 0x73801000 len 0x10000)
src frame 157: srcf=17 off=632 br=16000
frame 157: send=0x0 get=0x0 len=2387 coding=1 startqp=0 meanqp=0 picbytes=0 pskip=0 nalus=1 n1:2387
  snapshot f157: 3 venc_ko blocks (pool0 0x73801000 len 0x10000)
src frame 158: srcf=16 off=636 br=16000
frame 158: send=0x0 get=0x0 len=1516 coding=1 startqp=0 meanqp=0 picbytes=0 pskip=0 nalus=1 n1:1516
  snapshot f158: 3 venc_ko blocks (pool0 0x73801000 len 0x10000)
src frame 159: srcf=15 off=640 br=16000
frame 159: send=0x0 get=0x0 len=1462 coding=1 startqp=0 meanqp=0 picbytes=0 pskip=0 nalus=1 n1:1462
  snapshot f159: 3 venc_ko blocks (pool0 0x73801000 len 0x10000)
src frame 160: srcf=14 off=644 br=16000
frame 160: send=0x0 get=0x0 len=1424 coding=1 startqp=0 meanqp=0 picbytes=0 pskip=0 nalus=1 n1:1424
  snapshot f160: 3 venc_ko blocks (pool0 0x73801000 len 0x10000)
src frame 161: srcf=13 off=648 br=16000
frame 161: send=0x0 get=0x0 len=1397 coding=1 startqp=0 meanqp=0 picbytes=0 pskip=0 nalus=1 n1:1397
  snapshot f161: 3 venc_ko blocks (pool0 0x73801000 len 0x10000)
src frame 162: srcf=12 off=652 br=16000
frame 162: send=0x0 get=0x0 len=1274 coding=1 startqp=0 meanqp=0 picbytes=0 pskip=0 nalus=1 n1:1274
  snapshot f162: 3 venc_ko blocks (pool0 0x73801000 len 0x10000)
src frame 163: srcf=11 off=656 br=16000
frame 163: send=0x0 get=0x0 len=1328 coding=1 startqp=0 meanqp=0 picbytes=0 pskip=0 nalus=1 n1:1328
  snapshot f163: 3 venc_ko blocks (pool0 0x73801000 len 0x10000)
src frame 164: srcf=10 off=660 br=16000
frame 164: send=0x0 get=0x0 len=1349 coding=1 startqp=0 meanqp=0 picbytes=0 pskip=0 nalus=1 n1:1349
  snapshot f164: 3 venc_ko blocks (pool0 0x73801000 len 0x10000)
src frame 165: srcf=9 off=664 br=16000
frame 165: send=0x0 get=0x0 len=1932 coding=1 startqp=0 meanqp=0 picbytes=0 pskip=0 nalus=1 n1:1932
  snapshot f165: 3 venc_ko blocks (pool0 0x73801000 len 0x10000)
src frame 166: srcf=8 off=668 br=16000
frame 166: send=0x0 get=0x0 len=2257 coding=1 startqp=0 meanqp=0 picbytes=0 pskip=0 nalus=1 n1:2257
  snapshot f166: 3 venc_ko blocks (pool0 0x73801000 len 0x10000)
src frame 167: srcf=7 off=672 br=16000
frame 167: send=0x0 get=0x0 len=2295 coding=1 startqp=0 meanqp=0 picbytes=0 pskip=0 nalus=1 n1:2295
  snapshot f167: 3 venc_ko blocks (pool0 0x73801000 len 0x10000)
src frame 168: srcf=6 off=676 br=16000
frame 168: send=0x0 get=0x0 len=1586 coding=1 startqp=0 meanqp=0 picbytes=0 pskip=0 nalus=1 n1:1586
  snapshot f168: 3 venc_ko blocks (pool0 0x73801000 len 0x10000)
src frame 169: srcf=5 off=680 br=16000
frame 169: send=0x0 get=0x0 len=1414 coding=1 startqp=0 meanqp=0 picbytes=0 pskip=0 nalus=1 n1:1414
  snapshot f169: 3 venc_ko blocks (pool0 0x73801000 len 0x10000)
src frame 170: srcf=4 off=684 br=16000
frame 170: send=0x0 get=0x0 len=1411 coding=1 startqp=0 meanqp=0 picbytes=0 pskip=0 nalus=1 n1:1411
  snapshot f170: 3 venc_ko blocks (pool0 0x73801000 len 0x10000)
src frame 171: srcf=3 off=688 br=16000
frame 171: send=0x0 get=0x0 len=1343 coding=1 startqp=0 meanqp=0 picbytes=0 pskip=0 nalus=1 n1:1343
  snapshot f171: 3 venc_ko blocks (pool0 0x73801000 len 0x10000)
src frame 172: srcf=2 off=692 br=16000
frame 172: send=0x0 get=0x0 len=1330 coding=1 startqp=0 meanqp=0 picbytes=0 pskip=0 nalus=1 n1:1330
  snapshot f172: 3 venc_ko blocks (pool0 0x73801000 len 0x10000)
src frame 173: srcf=1 off=696 br=16000
frame 173: send=0x0 get=0x0 len=1627 coding=1 startqp=0 meanqp=0 picbytes=0 pskip=0 nalus=1 n1:1627
  snapshot f173: 3 venc_ko blocks (pool0 0x73801000 len 0x10000)
src frame 174: srcf=0 off=700 br=16000
frame 174: send=0x0 get=0x0 len=1749 coding=1 startqp=0 meanqp=0 picbytes=0 pskip=0 nalus=1 n1:1749
  snapshot f174: 3 venc_ko blocks (pool0 0x73801000 len 0x10000)
src frame 175: srcf=1 off=704 br=16000
frame 175: send=0x0 get=0x0 len=1946 coding=1 startqp=0 meanqp=0 picbytes=0 pskip=0 nalus=1 n1:1946
  snapshot f175: 3 venc_ko blocks (pool0 0x73801000 len 0x10000)
src frame 176: srcf=2 off=708 br=16000
frame 176: send=0x0 get=0x0 len=1972 coding=1 startqp=0 meanqp=0 picbytes=0 pskip=0 nalus=1 n1:1972
  snapshot f176: 3 venc_ko blocks (pool0 0x73801000 len 0x10000)
src frame 177: srcf=3 off=712 br=16000
frame 177: send=0x0 get=0x0 len=1659 coding=1 startqp=0 meanqp=0 picbytes=0 pskip=0 nalus=1 n1:1659
  snapshot f177: 3 venc_ko blocks (pool0 0x73801000 len 0x10000)
src frame 178: srcf=4 off=716 br=16000
frame 178: send=0x0 get=0x0 len=1473 coding=1 startqp=0 meanqp=0 picbytes=0 pskip=0 nalus=1 n1:1473
  snapshot f178: 3 venc_ko blocks (pool0 0x73801000 len 0x10000)
src frame 179: srcf=5 off=720 br=16000
frame 179: send=0x0 get=0x0 len=1354 coding=1 startqp=0 meanqp=0 picbytes=0 pskip=0 nalus=1 n1:1354
  snapshot f179: 3 venc_ko blocks (pool0 0x73801000 len 0x10000)
src frame 180: srcf=6 off=724 br=16000
frame 180: send=0x0 get=0x0 len=83929 coding=0 startqp=0 meanqp=0 picbytes=0 pskip=0 nalus=3 n7:32 n8:8 n5:83889
  snapshot f180: 3 venc_ko blocks (pool0 0x73801000 len 0x10000)
src frame 181: srcf=7 off=728 br=16000
frame 181: send=0x0 get=0x0 len=2593 coding=1 startqp=0 meanqp=0 picbytes=0 pskip=0 nalus=1 n1:2593
  snapshot f181: 3 venc_ko blocks (pool0 0x73801000 len 0x10000)
src frame 182: srcf=8 off=732 br=16000
frame 182: send=0x0 get=0x0 len=2100 coding=1 startqp=0 meanqp=0 picbytes=0 pskip=0 nalus=1 n1:2100
  snapshot f182: 3 venc_ko blocks (pool0 0x73801000 len 0x10000)
src frame 183: srcf=9 off=736 br=16000
frame 183: send=0x0 get=0x0 len=2218 coding=1 startqp=0 meanqp=0 picbytes=0 pskip=0 nalus=1 n1:2218
  snapshot f183: 3 venc_ko blocks (pool0 0x73801000 len 0x10000)
src frame 184: srcf=10 off=740 br=16000
frame 184: send=0x0 get=0x0 len=2417 coding=1 startqp=0 meanqp=0 picbytes=0 pskip=0 nalus=1 n1:2417
  snapshot f184: 3 venc_ko blocks (pool0 0x73801000 len 0x10000)
src frame 185: srcf=11 off=744 br=16000
frame 185: send=0x0 get=0x0 len=2224 coding=1 startqp=0 meanqp=0 picbytes=0 pskip=0 nalus=1 n1:2224
  snapshot f185: 3 venc_ko blocks (pool0 0x73801000 len 0x10000)
src frame 186: srcf=12 off=748 br=16000
frame 186: send=0x0 get=0x0 len=1911 coding=1 startqp=0 meanqp=0 picbytes=0 pskip=0 nalus=1 n1:1911
  snapshot f186: 3 venc_ko blocks (pool0 0x73801000 len 0x10000)
src frame 187: srcf=13 off=752 br=16000
frame 187: send=0x0 get=0x0 len=1490 coding=1 startqp=0 meanqp=0 picbytes=0 pskip=0 nalus=1 n1:1490
  snapshot f187: 3 venc_ko blocks (pool0 0x73801000 len 0x10000)
src frame 188: srcf=14 off=756 br=16000
frame 188: send=0x0 get=0x0 len=1310 coding=1 startqp=0 meanqp=0 picbytes=0 pskip=0 nalus=1 n1:1310
  snapshot f188: 3 venc_ko blocks (pool0 0x73801000 len 0x10000)
src frame 189: srcf=15 off=760 br=16000
frame 189: send=0x0 get=0x0 len=1128 coding=1 startqp=0 meanqp=0 picbytes=0 pskip=0 nalus=1 n1:1128
  snapshot f189: 3 venc_ko blocks (pool0 0x73801000 len 0x10000)
src frame 190: srcf=16 off=764 br=16000
frame 190: send=0x0 get=0x0 len=1152 coding=1 startqp=0 meanqp=0 picbytes=0 pskip=0 nalus=1 n1:1152
  snapshot f190: 3 venc_ko blocks (pool0 0x73801000 len 0x10000)
src frame 191: srcf=17 off=768 br=16000
frame 191: send=0x0 get=0x0 len=1186 coding=1 startqp=0 meanqp=0 picbytes=0 pskip=0 nalus=1 n1:1186
  snapshot f191: 3 venc_ko blocks (pool0 0x73801000 len 0x10000)
src frame 192: srcf=18 off=772 br=16000
frame 192: send=0x0 get=0x0 len=1354 coding=1 startqp=0 meanqp=0 picbytes=0 pskip=0 nalus=1 n1:1354
  snapshot f192: 3 venc_ko blocks (pool0 0x73801000 len 0x10000)
src frame 193: srcf=19 off=776 br=16000
frame 193: send=0x0 get=0x0 len=1579 coding=1 startqp=0 meanqp=0 picbytes=0 pskip=0 nalus=1 n1:1579
  snapshot f193: 3 venc_ko blocks (pool0 0x73801000 len 0x10000)
src frame 194: srcf=20 off=780 br=16000
frame 194: send=0x0 get=0x0 len=1875 coding=1 startqp=0 meanqp=0 picbytes=0 pskip=0 nalus=1 n1:1875
  snapshot f194: 3 venc_ko blocks (pool0 0x73801000 len 0x10000)
src frame 195: srcf=21 off=784 br=16000
frame 195: send=0x0 get=0x0 len=1854 coding=1 startqp=0 meanqp=0 picbytes=0 pskip=0 nalus=1 n1:1854
  snapshot f195: 3 venc_ko blocks (pool0 0x73801000 len 0x10000)
src frame 196: srcf=22 off=788 br=16000
frame 196: send=0x0 get=0x0 len=1306 coding=1 startqp=0 meanqp=0 picbytes=0 pskip=0 nalus=1 n1:1306
  snapshot f196: 3 venc_ko blocks (pool0 0x73801000 len 0x10000)
src frame 197: srcf=23 off=792 br=16000
frame 197: send=0x0 get=0x0 len=1148 coding=1 startqp=0 meanqp=0 picbytes=0 pskip=0 nalus=1 n1:1148
  snapshot f197: 3 venc_ko blocks (pool0 0x73801000 len 0x10000)
src frame 198: srcf=24 off=796 br=16000
frame 198: send=0x0 get=0x0 len=1140 coding=1 startqp=0 meanqp=0 picbytes=0 pskip=0 nalus=1 n1:1140
  snapshot f198: 3 venc_ko blocks (pool0 0x73801000 len 0x10000)
src frame 199: srcf=25 off=800 br=16000
frame 199: send=0x0 get=0x0 len=1109 coding=1 startqp=0 meanqp=0 picbytes=0 pskip=0 nalus=1 n1:1109
  snapshot f199: 3 venc_ko blocks (pool0 0x73801000 len 0x10000)
src frame 200: srcf=26 off=804 br=16000
frame 200: send=0x0 get=0x0 len=1202 coding=1 startqp=0 meanqp=0 picbytes=0 pskip=0 nalus=1 n1:1202
  snapshot f200: 3 venc_ko blocks (pool0 0x73801000 len 0x10000)
src frame 201: srcf=27 off=808 br=16000
frame 201: send=0x0 get=0x0 len=1234 coding=1 startqp=0 meanqp=0 picbytes=0 pskip=0 nalus=1 n1:1234
  snapshot f201: 3 venc_ko blocks (pool0 0x73801000 len 0x10000)
src frame 202: srcf=28 off=812 br=16000
frame 202: send=0x0 get=0x0 len=1362 coding=1 startqp=0 meanqp=0 picbytes=0 pskip=0 nalus=1 n1:1362
  snapshot f202: 3 venc_ko blocks (pool0 0x73801000 len 0x10000)
src frame 203: srcf=29 off=816 br=16000
frame 203: send=0x0 get=0x0 len=1653 coding=1 startqp=0 meanqp=0 picbytes=0 pskip=0 nalus=1 n1:1653
  snapshot f203: 3 venc_ko blocks (pool0 0x73801000 len 0x10000)
src frame 204: srcf=28 off=820 br=16000
frame 204: send=0x0 get=0x0 len=1818 coding=1 startqp=0 meanqp=0 picbytes=0 pskip=0 nalus=1 n1:1818
  snapshot f204: 3 venc_ko blocks (pool0 0x73801000 len 0x10000)
src frame 205: srcf=27 off=824 br=16000
frame 205: send=0x0 get=0x0 len=1450 coding=1 startqp=0 meanqp=0 picbytes=0 pskip=0 nalus=1 n1:1450
  snapshot f205: 3 venc_ko blocks (pool0 0x73801000 len 0x10000)
src frame 206: srcf=26 off=828 br=16000
frame 206: send=0x0 get=0x0 len=1196 coding=1 startqp=0 meanqp=0 picbytes=0 pskip=0 nalus=1 n1:1196
  snapshot f206: 3 venc_ko blocks (pool0 0x73801000 len 0x10000)
src frame 207: srcf=25 off=832 br=16000
frame 207: send=0x0 get=0x0 len=1182 coding=1 startqp=0 meanqp=0 picbytes=0 pskip=0 nalus=1 n1:1182
  snapshot f207: 3 venc_ko blocks (pool0 0x73801000 len 0x10000)
src frame 208: srcf=24 off=836 br=16000
frame 208: send=0x0 get=0x0 len=1284 coding=1 startqp=0 meanqp=0 picbytes=0 pskip=0 nalus=1 n1:1284
  snapshot f208: 3 venc_ko blocks (pool0 0x73801000 len 0x10000)
src frame 209: srcf=23 off=840 br=16000
frame 209: send=0x0 get=0x0 len=1200 coding=1 startqp=0 meanqp=0 picbytes=0 pskip=0 nalus=1 n1:1200
  snapshot f209: 3 venc_ko blocks (pool0 0x73801000 len 0x10000)
src frame 210: srcf=22 off=844 br=16000
frame 210: send=0x0 get=0x0 len=83275 coding=0 startqp=0 meanqp=0 picbytes=0 pskip=0 nalus=3 n7:32 n8:8 n5:83235
  snapshot f210: 3 venc_ko blocks (pool0 0x73801000 len 0x10000)
src frame 211: srcf=21 off=848 br=16000
frame 211: send=0x0 get=0x0 len=2681 coding=1 startqp=0 meanqp=0 picbytes=0 pskip=0 nalus=1 n1:2681
  snapshot f211: 3 venc_ko blocks (pool0 0x73801000 len 0x10000)
src frame 212: srcf=20 off=852 br=16000
frame 212: send=0x0 get=0x0 len=2275 coding=1 startqp=0 meanqp=0 picbytes=0 pskip=0 nalus=1 n1:2275
  snapshot f212: 3 venc_ko blocks (pool0 0x73801000 len 0x10000)
src frame 213: srcf=19 off=856 br=16000
frame 213: send=0x0 get=0x0 len=2735 coding=1 startqp=0 meanqp=0 picbytes=0 pskip=0 nalus=1 n1:2735
  snapshot f213: 3 venc_ko blocks (pool0 0x73801000 len 0x10000)
src frame 214: srcf=18 off=860 br=16000
frame 214: send=0x0 get=0x0 len=2499 coding=1 startqp=0 meanqp=0 picbytes=0 pskip=0 nalus=1 n1:2499
  snapshot f214: 3 venc_ko blocks (pool0 0x73801000 len 0x10000)
src frame 215: srcf=17 off=864 br=16000
frame 215: send=0x0 get=0x0 len=1943 coding=1 startqp=0 meanqp=0 picbytes=0 pskip=0 nalus=1 n1:1943
  snapshot f215: 3 venc_ko blocks (pool0 0x73801000 len 0x10000)
src frame 216: srcf=16 off=868 br=16000
frame 216: send=0x0 get=0x0 len=1638 coding=1 startqp=0 meanqp=0 picbytes=0 pskip=0 nalus=1 n1:1638
  snapshot f216: 3 venc_ko blocks (pool0 0x73801000 len 0x10000)
src frame 217: srcf=15 off=872 br=16000
frame 217: send=0x0 get=0x0 len=1460 coding=1 startqp=0 meanqp=0 picbytes=0 pskip=0 nalus=1 n1:1460
  snapshot f217: 3 venc_ko blocks (pool0 0x73801000 len 0x10000)
src frame 218: srcf=14 off=876 br=16000
frame 218: send=0x0 get=0x0 len=1211 coding=1 startqp=0 meanqp=0 picbytes=0 pskip=0 nalus=1 n1:1211
  snapshot f218: 3 venc_ko blocks (pool0 0x73801000 len 0x10000)
src frame 219: srcf=13 off=880 br=16000
frame 219: send=0x0 get=0x0 len=1159 coding=1 startqp=0 meanqp=0 picbytes=0 pskip=0 nalus=1 n1:1159
  snapshot f219: 3 venc_ko blocks (pool0 0x73801000 len 0x10000)
src frame 220: srcf=12 off=884 br=16000
frame 220: send=0x0 get=0x0 len=1313 coding=1 startqp=0 meanqp=0 picbytes=0 pskip=0 nalus=1 n1:1313
  snapshot f220: 3 venc_ko blocks (pool0 0x73801000 len 0x10000)
src frame 221: srcf=11 off=888 br=16000
frame 221: send=0x0 get=0x0 len=1607 coding=1 startqp=0 meanqp=0 picbytes=0 pskip=0 nalus=1 n1:1607
  snapshot f221: 3 venc_ko blocks (pool0 0x73801000 len 0x10000)
src frame 222: srcf=10 off=892 br=16000
frame 222: send=0x0 get=0x0 len=2047 coding=1 startqp=0 meanqp=0 picbytes=0 pskip=0 nalus=1 n1:2047
  snapshot f222: 3 venc_ko blocks (pool0 0x73801000 len 0x10000)
src frame 223: srcf=9 off=896 br=16000
frame 223: send=0x0 get=0x0 len=2221 coding=1 startqp=0 meanqp=0 picbytes=0 pskip=0 nalus=1 n1:2221
  snapshot f223: 3 venc_ko blocks (pool0 0x73801000 len 0x10000)
src frame 224: srcf=8 off=900 br=16000
frame 224: send=0x0 get=0x0 len=2058 coding=1 startqp=0 meanqp=0 picbytes=0 pskip=0 nalus=1 n1:2058
  snapshot f224: 3 venc_ko blocks (pool0 0x73801000 len 0x10000)
src frame 225: srcf=7 off=904 br=16000
frame 225: send=0x0 get=0x0 len=1503 coding=1 startqp=0 meanqp=0 picbytes=0 pskip=0 nalus=1 n1:1503
  snapshot f225: 3 venc_ko blocks (pool0 0x73801000 len 0x10000)
src frame 226: srcf=6 off=908 br=16000
frame 226: send=0x0 get=0x0 len=1181 coding=1 startqp=0 meanqp=0 picbytes=0 pskip=0 nalus=1 n1:1181
  snapshot f226: 3 venc_ko blocks (pool0 0x73801000 len 0x10000)
src frame 227: srcf=5 off=912 br=16000
frame 227: send=0x0 get=0x0 len=1142 coding=1 startqp=0 meanqp=0 picbytes=0 pskip=0 nalus=1 n1:1142
  snapshot f227: 3 venc_ko blocks (pool0 0x73801000 len 0x10000)
src frame 228: srcf=4 off=916 br=16000
frame 228: send=0x0 get=0x0 len=1231 coding=1 startqp=0 meanqp=0 picbytes=0 pskip=0 nalus=1 n1:1231
  snapshot f228: 3 venc_ko blocks (pool0 0x73801000 len 0x10000)
src frame 229: srcf=3 off=920 br=16000
frame 229: send=0x0 get=0x0 len=1225 coding=1 startqp=0 meanqp=0 picbytes=0 pskip=0 nalus=1 n1:1225
  snapshot f229: 3 venc_ko blocks (pool0 0x73801000 len 0x10000)
src frame 230: srcf=2 off=924 br=16000
frame 230: send=0x0 get=0x0 len=1304 coding=1 startqp=0 meanqp=0 picbytes=0 pskip=0 nalus=1 n1:1304
  snapshot f230: 3 venc_ko blocks (pool0 0x73801000 len 0x10000)
src frame 231: srcf=1 off=928 br=16000
frame 231: send=0x0 get=0x0 len=1605 coding=1 startqp=0 meanqp=0 picbytes=0 pskip=0 nalus=1 n1:1605
  snapshot f231: 3 venc_ko blocks (pool0 0x73801000 len 0x10000)
src frame 232: srcf=0 off=932 br=16000
frame 232: send=0x0 get=0x0 len=1923 coding=1 startqp=0 meanqp=0 picbytes=0 pskip=0 nalus=1 n1:1923
  snapshot f232: 3 venc_ko blocks (pool0 0x73801000 len 0x10000)
src frame 233: srcf=1 off=936 br=16000
frame 233: send=0x0 get=0x0 len=2060 coding=1 startqp=0 meanqp=0 picbytes=0 pskip=0 nalus=1 n1:2060
  snapshot f233: 3 venc_ko blocks (pool0 0x73801000 len 0x10000)
src frame 234: srcf=2 off=940 br=16000
frame 234: send=0x0 get=0x0 len=1283 coding=1 startqp=0 meanqp=0 picbytes=0 pskip=0 nalus=1 n1:1283
  snapshot f234: 3 venc_ko blocks (pool0 0x73801000 len 0x10000)
src frame 235: srcf=3 off=944 br=16000
frame 235: send=0x0 get=0x0 len=1225 coding=1 startqp=0 meanqp=0 picbytes=0 pskip=0 nalus=1 n1:1225
  snapshot f235: 3 venc_ko blocks (pool0 0x73801000 len 0x10000)
src frame 236: srcf=4 off=948 br=16000
frame 236: send=0x0 get=0x0 len=1241 coding=1 startqp=0 meanqp=0 picbytes=0 pskip=0 nalus=1 n1:1241
  snapshot f236: 3 venc_ko blocks (pool0 0x73801000 len 0x10000)
src frame 237: srcf=5 off=952 br=16000
frame 237: send=0x0 get=0x0 len=1206 coding=1 startqp=0 meanqp=0 picbytes=0 pskip=0 nalus=1 n1:1206
  snapshot f237: 3 venc_ko blocks (pool0 0x73801000 len 0x10000)
src frame 238: srcf=6 off=956 br=16000
frame 238: send=0x0 get=0x0 len=1134 coding=1 startqp=0 meanqp=0 picbytes=0 pskip=0 nalus=1 n1:1134
  snapshot f238: 3 venc_ko blocks (pool0 0x73801000 len 0x10000)
src frame 239: srcf=7 off=960 br=16000
frame 239: send=0x0 get=0x0 len=1250 coding=1 startqp=0 meanqp=0 picbytes=0 pskip=0 nalus=1 n1:1250
  snapshot f239: 3 venc_ko blocks (pool0 0x73801000 len 0x10000)
src frame 240: srcf=8 off=964 br=16000
frame 240: send=0x0 get=0x0 len=84018 coding=0 startqp=0 meanqp=0 picbytes=0 pskip=0 nalus=3 n7:32 n8:8 n5:83978
  snapshot f240: 3 venc_ko blocks (pool0 0x73801000 len 0x10000)
src frame 241: srcf=9 off=968 br=16000
frame 241: send=0x0 get=0x0 len=3564 coding=1 startqp=0 meanqp=0 picbytes=0 pskip=0 nalus=1 n1:3564
  snapshot f241: 3 venc_ko blocks (pool0 0x73801000 len 0x10000)
src frame 242: srcf=10 off=972 br=16000
frame 242: send=0x0 get=0x0 len=3003 coding=1 startqp=0 meanqp=0 picbytes=0 pskip=0 nalus=1 n1:3003
  snapshot f242: 3 venc_ko blocks (pool0 0x73801000 len 0x10000)
src frame 243: srcf=11 off=976 br=16000
frame 243: send=0x0 get=0x0 len=2559 coding=1 startqp=0 meanqp=0 picbytes=0 pskip=0 nalus=1 n1:2559
  snapshot f243: 3 venc_ko blocks (pool0 0x73801000 len 0x10000)
src frame 244: srcf=12 off=980 br=16000
frame 244: send=0x0 get=0x0 len=1806 coding=1 startqp=0 meanqp=0 picbytes=0 pskip=0 nalus=1 n1:1806
  snapshot f244: 3 venc_ko blocks (pool0 0x73801000 len 0x10000)
src frame 245: srcf=13 off=984 br=16000
frame 245: send=0x0 get=0x0 len=1383 coding=1 startqp=0 meanqp=0 picbytes=0 pskip=0 nalus=1 n1:1383
  snapshot f245: 3 venc_ko blocks (pool0 0x73801000 len 0x10000)
src frame 246: srcf=14 off=988 br=16000
frame 246: send=0x0 get=0x0 len=1228 coding=1 startqp=0 meanqp=0 picbytes=0 pskip=0 nalus=1 n1:1228
  snapshot f246: 3 venc_ko blocks (pool0 0x73801000 len 0x10000)
src frame 247: srcf=15 off=992 br=16000
frame 247: send=0x0 get=0x0 len=1247 coding=1 startqp=0 meanqp=0 picbytes=0 pskip=0 nalus=1 n1:1247
  snapshot f247: 3 venc_ko blocks (pool0 0x73801000 len 0x10000)
src frame 248: srcf=16 off=996 br=16000
frame 248: send=0x0 get=0x0 len=1269 coding=1 startqp=0 meanqp=0 picbytes=0 pskip=0 nalus=1 n1:1269
  snapshot f248: 3 venc_ko blocks (pool0 0x73801000 len 0x10000)
src frame 249: srcf=17 off=1000 br=16000
frame 249: send=0x0 get=0x0 len=1301 coding=1 startqp=0 meanqp=0 picbytes=0 pskip=0 nalus=1 n1:1301
  snapshot f249: 3 venc_ko blocks (pool0 0x73801000 len 0x10000)
src frame 250: srcf=18 off=1004 br=16000
frame 250: send=0x0 get=0x0 len=1504 coding=1 startqp=0 meanqp=0 picbytes=0 pskip=0 nalus=1 n1:1504
  snapshot f250: 3 venc_ko blocks (pool0 0x73801000 len 0x10000)
src frame 251: srcf=19 off=1008 br=16000
frame 251: send=0x0 get=0x0 len=1729 coding=1 startqp=0 meanqp=0 picbytes=0 pskip=0 nalus=1 n1:1729
  snapshot f251: 3 venc_ko blocks (pool0 0x73801000 len 0x10000)
src frame 252: srcf=20 off=1012 br=16000
frame 252: send=0x0 get=0x0 len=1713 coding=1 startqp=0 meanqp=0 picbytes=0 pskip=0 nalus=1 n1:1713
  snapshot f252: 3 venc_ko blocks (pool0 0x73801000 len 0x10000)
src frame 253: srcf=21 off=1016 br=16000
frame 253: send=0x0 get=0x0 len=1240 coding=1 startqp=0 meanqp=0 picbytes=0 pskip=0 nalus=1 n1:1240
  snapshot f253: 3 venc_ko blocks (pool0 0x73801000 len 0x10000)
src frame 254: srcf=22 off=1020 br=16000
frame 254: send=0x0 get=0x0 len=1200 coding=1 startqp=0 meanqp=0 picbytes=0 pskip=0 nalus=1 n1:1200
  snapshot f254: 3 venc_ko blocks (pool0 0x73801000 len 0x10000)
src frame 255: srcf=23 off=1024 br=16000
frame 255: send=0x0 get=0x0 len=1099 coding=1 startqp=0 meanqp=0 picbytes=0 pskip=0 nalus=1 n1:1099
  snapshot f255: 3 venc_ko blocks (pool0 0x73801000 len 0x10000)
src frame 256: srcf=24 off=1028 br=16000
frame 256: send=0x0 get=0x0 len=1172 coding=1 startqp=0 meanqp=0 picbytes=0 pskip=0 nalus=1 n1:1172
  snapshot f256: 3 venc_ko blocks (pool0 0x73801000 len 0x10000)
src frame 257: srcf=25 off=1032 br=16000
frame 257: send=0x0 get=0x0 len=1076 coding=1 startqp=0 meanqp=0 picbytes=0 pskip=0 nalus=1 n1:1076
  snapshot f257: 3 venc_ko blocks (pool0 0x73801000 len 0x10000)
src frame 258: srcf=26 off=1036 br=16000
frame 258: send=0x0 get=0x0 len=1146 coding=1 startqp=0 meanqp=0 picbytes=0 pskip=0 nalus=1 n1:1146
  snapshot f258: 3 venc_ko blocks (pool0 0x73801000 len 0x10000)
src frame 259: srcf=27 off=1040 br=16000
frame 259: send=0x0 get=0x0 len=1156 coding=1 startqp=0 meanqp=0 picbytes=0 pskip=0 nalus=1 n1:1156
  snapshot f259: 3 venc_ko blocks (pool0 0x73801000 len 0x10000)
src frame 260: srcf=28 off=1044 br=16000
frame 260: send=0x0 get=0x0 len=1542 coding=1 startqp=0 meanqp=0 picbytes=0 pskip=0 nalus=1 n1:1542
  snapshot f260: 3 venc_ko blocks (pool0 0x73801000 len 0x10000)
src frame 261: srcf=29 off=1048 br=16000
frame 261: send=0x0 get=0x0 len=1767 coding=1 startqp=0 meanqp=0 picbytes=0 pskip=0 nalus=1 n1:1767
  snapshot f261: 3 venc_ko blocks (pool0 0x73801000 len 0x10000)
src frame 262: srcf=28 off=1052 br=16000
frame 262: send=0x0 get=0x0 len=1760 coding=1 startqp=0 meanqp=0 picbytes=0 pskip=0 nalus=1 n1:1760
  snapshot f262: 3 venc_ko blocks (pool0 0x73801000 len 0x10000)
src frame 263: srcf=27 off=1056 br=16000
frame 263: send=0x0 get=0x0 len=1573 coding=1 startqp=0 meanqp=0 picbytes=0 pskip=0 nalus=1 n1:1573
  snapshot f263: 3 venc_ko blocks (pool0 0x73801000 len 0x10000)
src frame 264: srcf=26 off=1060 br=16000
frame 264: send=0x0 get=0x0 len=1768 coding=1 startqp=0 meanqp=0 picbytes=0 pskip=0 nalus=1 n1:1768
  snapshot f264: 3 venc_ko blocks (pool0 0x73801000 len 0x10000)
src frame 265: srcf=25 off=1064 br=16000
frame 265: send=0x0 get=0x0 len=1661 coding=1 startqp=0 meanqp=0 picbytes=0 pskip=0 nalus=1 n1:1661
  snapshot f265: 3 venc_ko blocks (pool0 0x73801000 len 0x10000)
src frame 266: srcf=24 off=1068 br=16000
frame 266: send=0x0 get=0x0 len=1253 coding=1 startqp=0 meanqp=0 picbytes=0 pskip=0 nalus=1 n1:1253
  snapshot f266: 3 venc_ko blocks (pool0 0x73801000 len 0x10000)
src frame 267: srcf=23 off=1072 br=16000
frame 267: send=0x0 get=0x0 len=1142 coding=1 startqp=0 meanqp=0 picbytes=0 pskip=0 nalus=1 n1:1142
  snapshot f267: 3 venc_ko blocks (pool0 0x73801000 len 0x10000)
src frame 268: srcf=22 off=1076 br=16000
frame 268: send=0x0 get=0x0 len=1348 coding=1 startqp=0 meanqp=0 picbytes=0 pskip=0 nalus=1 n1:1348
  snapshot f268: 3 venc_ko blocks (pool0 0x73801000 len 0x10000)
src frame 269: srcf=21 off=1080 br=16000
frame 269: send=0x0 get=0x0 len=1690 coding=1 startqp=0 meanqp=0 picbytes=0 pskip=0 nalus=1 n1:1690
  snapshot f269: 3 venc_ko blocks (pool0 0x73801000 len 0x10000)
---- /proc/ax_proc/venc ----
-------- VENC VERSION ------------------------
[Axera version]: ax_venc V3.0.0_20250319114413 Mar 19 2025 11:58:34 JK

-------- MODULE PARAM ------------------------
MaxChnNum   MaxRoiNum   MaxProcNum  
16          8           16          

-------- VENC CHN ATTR 1 ------------------------
ID    Type    wSrc    hSrc    Strd0   Strd1   maxW    maxH    PixFmt  link  InFifoDep    OutFifoDep   InDbgFifoLen InDbgFifoDep StrmBufSize(KB)
7     h264    1920    1080    3840    0       1920    1080    YUYV422 N     2            2            0            4            4114      
-------- VENC CHN ATTR 2 ------------------------
ID    [CropEn StartX  StartY  CropW   CropH]  Rotation  EncW    EncH    FrmSize      PTS          SeqNum       CompMode     CompLevel    PhyAddr0     PhyAddr1     PhyAddr2     
7     N       0       0       0       0       0         1920    1080    4147200      4100000      247          NONE         0            742d1000     0            0            
-------- VENC RC ATTR 1 ------------------------
ID    RcMode    SrcFr   DstFr   Br(kbps)  MinQp   MaxQp   MinIQp  MaxIQp  IQpDelta  IpropMax   IpropMin   StartQp    QpDltRng   DeBrQpDlt  SvcEn   ChgPos  StillPercent MaxStillQp 
7     VBR       60.00   60.00   16000     10      51      10      51      0         -          -          -1         2          0          False   90      -            -          
-------- VENC RC ATTR 2  -----------------------
ID    QMapQpType  QMapUnit    QMapBlkType IQp   PQp   MinQpDelta MaxQpDelta MaxBitRate shtStaTime ltStaTime  ltMinBr  ltMaxBr  Br_ST(kbps)    Br_LT(kbps)    
7     N/A         64x64       N/A         -     -     -          -          -          -          -          -        -        -              -              
-------- VENC GOP ATTR  ------------------------
ID    GopMode   Gop   GopVI 
7     NormalP   30    0     
-------- VENC STATUS 1 -------------------------
ID    RJEn         RJThr(bps)   RJMode       RJEncGaps    SupFrmEn     SupPri       SupThrI      SupThrP      SplitEn      SliceNum     Range(In)    Range(out)   
7     N            0            Normal       0            N            0            500000       500000       N            0            Full         Full         
-------- VENC STATUS 2 -------------------------
ID    ChnStat   FrmRecv   FrmRls    FrmEnc    FrmDrop   FrmDup    EncFail   MissMatch StrmGet   StrmRls   OutFps    RealBr    ReEncCnt  DropCnt   BlkFail   GrpID     PID     TID     ThNum   RefInc    RefDec    Fail1   Fail2   Fail3   Fail4   
7     STARTED   247       247       247       0         0         0         0         247       247       50.00     1961.39   0         0         0         -1        130230  130234  1       247       247       0       0       0       0       
-------- VENC HW STATUS  ------------------------
ID    OverFlow     TimeOut      
7     0            0            
-------- VENC ROI INFO  ------------------------
ID    Index        bEnable      bAbsQp       RoiQP        Width        Height       StartX       StartY       
done h264_chg_vbr
rc=0
== h264_chg_vbr: codec=h264 rc=vbr br=8000 fps=60 gop=30 frames=270 total=1324868 B achieved=2355 kbps
I frames (frame:qp/bytes): 0:32/30428 30:13/74596 60:32/30749 90:27/39754 120:32/30742 150:12/77327 180:10/83929 210:10/83275 240:10/84018
first P after each I (frame:qp): 1:32 31:12 61:32 91:27 121:32 151:11 181:10 211:10 241:10
per-GOP: gop#: kbps I_qp P_qp[min..max] P_qp_last
  0: 3572 kbps I=[32] P=[10..32] last=10 n=30
  1: 2352 kbps I=[13] P=[10..12] last=10 n=30
  2: 1757 kbps I=[32] P=[25..34] last=26 n=30
  3: 1841 kbps I=[27] P=[21..29] last=22 n=30
  4: 3260 kbps I=[32] P=[10..32] last=10 n=30
  5: 2190 kbps I=[12] P=[10..11] last=10 n=30
  6: 2058 kbps I=[10] P=[10..10] last=10 n=30
  7: 2090 kbps I=[10] P=[10..10] last=10 n=30
  8: 2079 kbps I=[10] P=[10..10] last=10 n=30
P->P QP step histogram: -2:8 -1:66 +0:166 +2:12
I->firstP QP delta: +0 -1 +0 +0 +0 -1 +0 +0 +0
sw7 frame-QP == slice QP: 270/270 frames with a program agree; mismatches at []
slot flags: {'': 270}
sw105-107 distinct (I): [('0x0', '0x0', '0x0')]
sw172/173 distinct: [('0x14f', '0x662'), ('0x14f', '0x66a')]
sw6 distinct (I / P): ['0x3'] ['0x3']
mid-stream changes: [{'frame': 60, 'before': 8000, 'to': 2000, 'g': '0', 's': '0', 'rb': 2000}, {'frame': 120, 'before': 2000, 'to': 16000, 'g': '0', 's': '0', 'rb': 16000}]
  segment 0..59: 2962 kbps, qp first=32 last=10 min=10 max=32
  segment 60..119: 1799 kbps, qp first=32 last=22 min=21 max=34
  segment 120..269: 2335 kbps, qp first=32 last=10 min=10 max=32
  around change at 60: 56:P1350/q10 57:P1641/q10 58:P1585/q10 59:P1604/q10 60:I30749/q32 61:P4700/q32 62:P2332/q34 63:P2149/q33 64:P2347/q32 65:P2526/q31 66:P2542/q30 67:P3218/q29 68:P2571/q29 69:P3688/q28 70:P1712/q30 71:P2313/q29 72:P2844/q28 73:P2748/q28 74:P3793/q27 75:P1552/q29
  around change at 120: 116:P2656/q22 117:P4368/q21 118:P1941/q23 119:P2662/q22 120:I30742/q32 121:P4062/q32 122:P3629/q30 123:P4429/q28 124:P6635/q26 125:P10379/q24 126:P10385/q22 127:P12186/q20 128:P9331/q19 129:P9119/q18 130:P7956/q17 131:P7937/q16 132:P7746/q15 133:P8292/q14 134:P8732/q13 135:P9656/q12
=== h264_chgmid: codec=h264 rc=cbr br=8000 nframes=270 src=/root/rc65/clips/static.yuyv motion=vscroll mstep=4 chg=75:2000,165:16000
# vdrive tag=h264_chgmid codec=h264 1920x1080 rc=cbr br=8000 fps=60/60 gop=30 gopmode=normalp ltrint=0 ltrqpo=0 iqp=32 pqp=32 profile=10 level=51 tier=0 qp[10..51] iqp[10..51] iqd=0 firstqp=-1 iprop[10..40] idrrange=2 stattime=1 vq=0 ir=0/0 slice=0 debreath=0 scd=-1 rowqpd=-1 vui=-1 move=0 nframes=270
src=/root/rc65/clips/static.yuyv frames=30 loop=pingpong motion=vscroll mstep=4 window=0..-1
chg plan: frame 75 -> 2000 kbps
chg plan: frame 165 -> 16000 kbps
AX_SYS_Init rc=0x0
AX_VENC_Init rc=0x0
AX_VENC_CreateChn(7) rc=0x0
StartRecvFrame rc=0x0
AX_POOL_CreatePool id=0x0
blk=0x5e000000 phys=0x742d1000 virt=0xffffb1975000
frame: modid=0x11 stride=1920 fmt=0xd
  snapshot pre: 3 venc_ko blocks (pool0 0x73801000 len 0x10000)
src frame 0: srcf=0 off=4 br=8000
frame 0: send=0x0 get=0x0 len=30679 coding=0 startqp=0 meanqp=0 picbytes=0 pskip=0 nalus=3 n7:32 n8:8 n5:30639
  snapshot f000: 3 venc_ko blocks (pool0 0x73801000 len 0x10000)
src frame 1: srcf=1 off=8 br=8000
frame 1: send=0x0 get=0x0 len=6518 coding=1 startqp=0 meanqp=0 picbytes=0 pskip=0 nalus=1 n1:6518
  snapshot f001: 3 venc_ko blocks (pool0 0x73801000 len 0x10000)
src frame 2: srcf=2 off=12 br=8000
frame 2: send=0x0 get=0x0 len=12391 coding=1 startqp=0 meanqp=0 picbytes=0 pskip=0 nalus=1 n1:12391
  snapshot f002: 3 venc_ko blocks (pool0 0x73801000 len 0x10000)
src frame 3: srcf=3 off=16 br=8000
frame 3: send=0x0 get=0x0 len=8612 coding=1 startqp=0 meanqp=0 picbytes=0 pskip=0 nalus=1 n1:8612
  snapshot f003: 3 venc_ko blocks (pool0 0x73801000 len 0x10000)
src frame 4: srcf=4 off=20 br=8000
frame 4: send=0x0 get=0x0 len=8467 coding=1 startqp=0 meanqp=0 picbytes=0 pskip=0 nalus=1 n1:8467
  snapshot f004: 3 venc_ko blocks (pool0 0x73801000 len 0x10000)
src frame 5: srcf=5 off=24 br=8000
frame 5: send=0x0 get=0x0 len=6676 coding=1 startqp=0 meanqp=0 picbytes=0 pskip=0 nalus=1 n1:6676
  snapshot f005: 3 venc_ko blocks (pool0 0x73801000 len 0x10000)
src frame 6: srcf=6 off=28 br=8000
frame 6: send=0x0 get=0x0 len=7182 coding=1 startqp=0 meanqp=0 picbytes=0 pskip=0 nalus=1 n1:7182
  snapshot f006: 3 venc_ko blocks (pool0 0x73801000 len 0x10000)
src frame 7: srcf=7 off=32 br=8000
frame 7: send=0x0 get=0x0 len=7175 coding=1 startqp=0 meanqp=0 picbytes=0 pskip=0 nalus=1 n1:7175
  snapshot f007: 3 venc_ko blocks (pool0 0x73801000 len 0x10000)
src frame 8: srcf=8 off=36 br=8000
frame 8: send=0x0 get=0x0 len=7325 coding=1 startqp=0 meanqp=0 picbytes=0 pskip=0 nalus=1 n1:7325
  snapshot f008: 3 venc_ko blocks (pool0 0x73801000 len 0x10000)
src frame 9: srcf=9 off=40 br=8000
frame 9: send=0x0 get=0x0 len=7294 coding=1 startqp=0 meanqp=0 picbytes=0 pskip=0 nalus=1 n1:7294
  snapshot f009: 3 venc_ko blocks (pool0 0x73801000 len 0x10000)
src frame 10: srcf=10 off=44 br=8000
frame 10: send=0x0 get=0x0 len=7236 coding=1 startqp=0 meanqp=0 picbytes=0 pskip=0 nalus=1 n1:7236
  snapshot f010: 3 venc_ko blocks (pool0 0x73801000 len 0x10000)
src frame 11: srcf=11 off=48 br=8000
frame 11: send=0x0 get=0x0 len=7600 coding=1 startqp=0 meanqp=0 picbytes=0 pskip=0 nalus=1 n1:7600
  snapshot f011: 3 venc_ko blocks (pool0 0x73801000 len 0x10000)
src frame 12: srcf=12 off=52 br=8000
frame 12: send=0x0 get=0x0 len=9051 coding=1 startqp=0 meanqp=0 picbytes=0 pskip=0 nalus=1 n1:9051
  snapshot f012: 3 venc_ko blocks (pool0 0x73801000 len 0x10000)
src frame 13: srcf=13 off=56 br=8000
frame 13: send=0x0 get=0x0 len=9577 coding=1 startqp=0 meanqp=0 picbytes=0 pskip=0 nalus=1 n1:9577
  snapshot f013: 3 venc_ko blocks (pool0 0x73801000 len 0x10000)
src frame 14: srcf=14 off=60 br=8000
frame 14: send=0x0 get=0x0 len=9923 coding=1 startqp=0 meanqp=0 picbytes=0 pskip=0 nalus=1 n1:9923
  snapshot f014: 3 venc_ko blocks (pool0 0x73801000 len 0x10000)
src frame 15: srcf=15 off=64 br=8000
frame 15: send=0x0 get=0x0 len=5557 coding=1 startqp=0 meanqp=0 picbytes=0 pskip=0 nalus=1 n1:5557
  snapshot f015: 3 venc_ko blocks (pool0 0x73801000 len 0x10000)
src frame 16: srcf=16 off=68 br=8000
frame 16: send=0x0 get=0x0 len=4509 coding=1 startqp=0 meanqp=0 picbytes=0 pskip=0 nalus=1 n1:4509
  snapshot f016: 3 venc_ko blocks (pool0 0x73801000 len 0x10000)
src frame 17: srcf=17 off=72 br=8000
frame 17: send=0x0 get=0x0 len=3704 coding=1 startqp=0 meanqp=0 picbytes=0 pskip=0 nalus=1 n1:3704
  snapshot f017: 3 venc_ko blocks (pool0 0x73801000 len 0x10000)
src frame 18: srcf=18 off=76 br=8000
frame 18: send=0x0 get=0x0 len=2529 coding=1 startqp=0 meanqp=0 picbytes=0 pskip=0 nalus=1 n1:2529
  snapshot f018: 3 venc_ko blocks (pool0 0x73801000 len 0x10000)
src frame 19: srcf=19 off=80 br=8000
frame 19: send=0x0 get=0x0 len=2634 coding=1 startqp=0 meanqp=0 picbytes=0 pskip=0 nalus=1 n1:2634
  snapshot f019: 3 venc_ko blocks (pool0 0x73801000 len 0x10000)
src frame 20: srcf=20 off=84 br=8000
frame 20: send=0x0 get=0x0 len=2300 coding=1 startqp=0 meanqp=0 picbytes=0 pskip=0 nalus=1 n1:2300
  snapshot f020: 3 venc_ko blocks (pool0 0x73801000 len 0x10000)
src frame 21: srcf=21 off=88 br=8000
frame 21: send=0x0 get=0x0 len=2421 coding=1 startqp=0 meanqp=0 picbytes=0 pskip=0 nalus=1 n1:2421
  snapshot f021: 3 venc_ko blocks (pool0 0x73801000 len 0x10000)
src frame 22: srcf=22 off=92 br=8000
frame 22: send=0x0 get=0x0 len=3890 coding=1 startqp=0 meanqp=0 picbytes=0 pskip=0 nalus=1 n1:3890
  snapshot f022: 3 venc_ko blocks (pool0 0x73801000 len 0x10000)
src frame 23: srcf=23 off=96 br=8000
frame 23: send=0x0 get=0x0 len=5712 coding=1 startqp=0 meanqp=0 picbytes=0 pskip=0 nalus=1 n1:5712
  snapshot f023: 3 venc_ko blocks (pool0 0x73801000 len 0x10000)
src frame 24: srcf=24 off=100 br=8000
frame 24: send=0x0 get=0x0 len=6722 coding=1 startqp=0 meanqp=0 picbytes=0 pskip=0 nalus=1 n1:6722
  snapshot f024: 3 venc_ko blocks (pool0 0x73801000 len 0x10000)
src frame 25: srcf=25 off=104 br=8000
frame 25: send=0x0 get=0x0 len=2936 coding=1 startqp=0 meanqp=0 picbytes=0 pskip=0 nalus=1 n1:2936
  snapshot f025: 3 venc_ko blocks (pool0 0x73801000 len 0x10000)
src frame 26: srcf=26 off=108 br=8000
frame 26: send=0x0 get=0x0 len=2117 coding=1 startqp=0 meanqp=0 picbytes=0 pskip=0 nalus=1 n1:2117
  snapshot f026: 3 venc_ko blocks (pool0 0x73801000 len 0x10000)
src frame 27: srcf=27 off=112 br=8000
frame 27: send=0x0 get=0x0 len=1994 coding=1 startqp=0 meanqp=0 picbytes=0 pskip=0 nalus=1 n1:1994
  snapshot f027: 3 venc_ko blocks (pool0 0x73801000 len 0x10000)
src frame 28: srcf=28 off=116 br=8000
frame 28: send=0x0 get=0x0 len=1610 coding=1 startqp=0 meanqp=0 picbytes=0 pskip=0 nalus=1 n1:1610
  snapshot f028: 3 venc_ko blocks (pool0 0x73801000 len 0x10000)
src frame 29: srcf=29 off=120 br=8000
frame 29: send=0x0 get=0x0 len=1439 coding=1 startqp=0 meanqp=0 picbytes=0 pskip=0 nalus=1 n1:1439
  snapshot f029: 3 venc_ko blocks (pool0 0x73801000 len 0x10000)
src frame 30: srcf=28 off=124 br=8000
frame 30: send=0x0 get=0x0 len=34191 coding=0 startqp=0 meanqp=0 picbytes=0 pskip=0 nalus=3 n7:32 n8:8 n5:34151
  snapshot f030: 3 venc_ko blocks (pool0 0x73801000 len 0x10000)
src frame 31: srcf=27 off=128 br=8000
frame 31: send=0x0 get=0x0 len=9487 coding=1 startqp=0 meanqp=0 picbytes=0 pskip=0 nalus=1 n1:9487
  snapshot f031: 3 venc_ko blocks (pool0 0x73801000 len 0x10000)
src frame 32: srcf=26 off=132 br=8000
frame 32: send=0x0 get=0x0 len=7513 coding=1 startqp=0 meanqp=0 picbytes=0 pskip=0 nalus=1 n1:7513
  snapshot f032: 3 venc_ko blocks (pool0 0x73801000 len 0x10000)
src frame 33: srcf=25 off=136 br=8000
frame 33: send=0x0 get=0x0 len=8285 coding=1 startqp=0 meanqp=0 picbytes=0 pskip=0 nalus=1 n1:8285
  snapshot f033: 3 venc_ko blocks (pool0 0x73801000 len 0x10000)
src frame 34: srcf=24 off=140 br=8000
frame 34: send=0x0 get=0x0 len=7551 coding=1 startqp=0 meanqp=0 picbytes=0 pskip=0 nalus=1 n1:7551
  snapshot f034: 3 venc_ko blocks (pool0 0x73801000 len 0x10000)
src frame 35: srcf=23 off=144 br=8000
frame 35: send=0x0 get=0x0 len=7483 coding=1 startqp=0 meanqp=0 picbytes=0 pskip=0 nalus=1 n1:7483
  snapshot f035: 3 venc_ko blocks (pool0 0x73801000 len 0x10000)
src frame 36: srcf=22 off=148 br=8000
frame 36: send=0x0 get=0x0 len=6594 coding=1 startqp=0 meanqp=0 picbytes=0 pskip=0 nalus=1 n1:6594
  snapshot f036: 3 venc_ko blocks (pool0 0x73801000 len 0x10000)
src frame 37: srcf=21 off=152 br=8000
frame 37: send=0x0 get=0x0 len=7501 coding=1 startqp=0 meanqp=0 picbytes=0 pskip=0 nalus=1 n1:7501
  snapshot f037: 3 venc_ko blocks (pool0 0x73801000 len 0x10000)
src frame 38: srcf=20 off=156 br=8000
frame 38: send=0x0 get=0x0 len=7373 coding=1 startqp=0 meanqp=0 picbytes=0 pskip=0 nalus=1 n1:7373
  snapshot f038: 3 venc_ko blocks (pool0 0x73801000 len 0x10000)
src frame 39: srcf=19 off=160 br=8000
frame 39: send=0x0 get=0x0 len=7639 coding=1 startqp=0 meanqp=0 picbytes=0 pskip=0 nalus=1 n1:7639
  snapshot f039: 3 venc_ko blocks (pool0 0x73801000 len 0x10000)
src frame 40: srcf=18 off=164 br=8000
frame 40: send=0x0 get=0x0 len=7782 coding=1 startqp=0 meanqp=0 picbytes=0 pskip=0 nalus=1 n1:7782
  snapshot f040: 3 venc_ko blocks (pool0 0x73801000 len 0x10000)
src frame 41: srcf=17 off=168 br=8000
frame 41: send=0x0 get=0x0 len=9453 coding=1 startqp=0 meanqp=0 picbytes=0 pskip=0 nalus=1 n1:9453
  snapshot f041: 3 venc_ko blocks (pool0 0x73801000 len 0x10000)
src frame 42: srcf=16 off=172 br=8000
frame 42: send=0x0 get=0x0 len=10002 coding=1 startqp=0 meanqp=0 picbytes=0 pskip=0 nalus=1 n1:10002
  snapshot f042: 3 venc_ko blocks (pool0 0x73801000 len 0x10000)
src frame 43: srcf=15 off=176 br=8000
frame 43: send=0x0 get=0x0 len=11069 coding=1 startqp=0 meanqp=0 picbytes=0 pskip=0 nalus=1 n1:11069
  snapshot f043: 3 venc_ko blocks (pool0 0x73801000 len 0x10000)
src frame 44: srcf=14 off=180 br=8000
frame 44: send=0x0 get=0x0 len=9881 coding=1 startqp=0 meanqp=0 picbytes=0 pskip=0 nalus=1 n1:9881
  snapshot f044: 3 venc_ko blocks (pool0 0x73801000 len 0x10000)
src frame 45: srcf=13 off=184 br=8000
frame 45: send=0x0 get=0x0 len=5788 coding=1 startqp=0 meanqp=0 picbytes=0 pskip=0 nalus=1 n1:5788
  snapshot f045: 3 venc_ko blocks (pool0 0x73801000 len 0x10000)
src frame 46: srcf=12 off=188 br=8000
frame 46: send=0x0 get=0x0 len=4454 coding=1 startqp=0 meanqp=0 picbytes=0 pskip=0 nalus=1 n1:4454
  snapshot f046: 3 venc_ko blocks (pool0 0x73801000 len 0x10000)
src frame 47: srcf=11 off=192 br=8000
frame 47: send=0x0 get=0x0 len=3703 coding=1 startqp=0 meanqp=0 picbytes=0 pskip=0 nalus=1 n1:3703
  snapshot f047: 3 venc_ko blocks (pool0 0x73801000 len 0x10000)
src frame 48: srcf=10 off=196 br=8000
frame 48: send=0x0 get=0x0 len=2676 coding=1 startqp=0 meanqp=0 picbytes=0 pskip=0 nalus=1 n1:2676
  snapshot f048: 3 venc_ko blocks (pool0 0x73801000 len 0x10000)
src frame 49: srcf=9 off=200 br=8000
frame 49: send=0x0 get=0x0 len=2370 coding=1 startqp=0 meanqp=0 picbytes=0 pskip=0 nalus=1 n1:2370
  snapshot f049: 3 venc_ko blocks (pool0 0x73801000 len 0x10000)
src frame 50: srcf=8 off=204 br=8000
frame 50: send=0x0 get=0x0 len=2514 coding=1 startqp=0 meanqp=0 picbytes=0 pskip=0 nalus=1 n1:2514
  snapshot f050: 3 venc_ko blocks (pool0 0x73801000 len 0x10000)
src frame 51: srcf=7 off=208 br=8000
frame 51: send=0x0 get=0x0 len=2913 coding=1 startqp=0 meanqp=0 picbytes=0 pskip=0 nalus=1 n1:2913
  snapshot f051: 3 venc_ko blocks (pool0 0x73801000 len 0x10000)
src frame 52: srcf=6 off=212 br=8000
frame 52: send=0x0 get=0x0 len=2930 coding=1 startqp=0 meanqp=0 picbytes=0 pskip=0 nalus=1 n1:2930
  snapshot f052: 3 venc_ko blocks (pool0 0x73801000 len 0x10000)
src frame 53: srcf=5 off=216 br=8000
frame 53: send=0x0 get=0x0 len=3081 coding=1 startqp=0 meanqp=0 picbytes=0 pskip=0 nalus=1 n1:3081
  snapshot f053: 3 venc_ko blocks (pool0 0x73801000 len 0x10000)
src frame 54: srcf=4 off=220 br=8000
frame 54: send=0x0 get=0x0 len=2543 coding=1 startqp=0 meanqp=0 picbytes=0 pskip=0 nalus=1 n1:2543
  snapshot f054: 3 venc_ko blocks (pool0 0x73801000 len 0x10000)
src frame 55: srcf=3 off=224 br=8000
frame 55: send=0x0 get=0x0 len=1843 coding=1 startqp=0 meanqp=0 picbytes=0 pskip=0 nalus=1 n1:1843
  snapshot f055: 3 venc_ko blocks (pool0 0x73801000 len 0x10000)
src frame 56: srcf=2 off=228 br=8000
frame 56: send=0x0 get=0x0 len=1782 coding=1 startqp=0 meanqp=0 picbytes=0 pskip=0 nalus=1 n1:1782
  snapshot f056: 3 venc_ko blocks (pool0 0x73801000 len 0x10000)
src frame 57: srcf=1 off=232 br=8000
frame 57: send=0x0 get=0x0 len=1924 coding=1 startqp=0 meanqp=0 picbytes=0 pskip=0 nalus=1 n1:1924
  snapshot f057: 3 venc_ko blocks (pool0 0x73801000 len 0x10000)
src frame 58: srcf=0 off=236 br=8000
frame 58: send=0x0 get=0x0 len=1996 coding=1 startqp=0 meanqp=0 picbytes=0 pskip=0 nalus=1 n1:1996
  snapshot f058: 3 venc_ko blocks (pool0 0x73801000 len 0x10000)
src frame 59: srcf=1 off=240 br=8000
frame 59: send=0x0 get=0x0 len=1934 coding=1 startqp=0 meanqp=0 picbytes=0 pskip=0 nalus=1 n1:1934
  snapshot f059: 3 venc_ko blocks (pool0 0x73801000 len 0x10000)
src frame 60: srcf=2 off=244 br=8000
frame 60: send=0x0 get=0x0 len=38434 coding=0 startqp=0 meanqp=0 picbytes=0 pskip=0 nalus=3 n7:32 n8:8 n5:38394
  snapshot f060: 3 venc_ko blocks (pool0 0x73801000 len 0x10000)
src frame 61: srcf=3 off=248 br=8000
frame 61: send=0x0 get=0x0 len=10871 coding=1 startqp=0 meanqp=0 picbytes=0 pskip=0 nalus=1 n1:10871
  snapshot f061: 3 venc_ko blocks (pool0 0x73801000 len 0x10000)
src frame 62: srcf=4 off=252 br=8000
frame 62: send=0x0 get=0x0 len=7958 coding=1 startqp=0 meanqp=0 picbytes=0 pskip=0 nalus=1 n1:7958
  snapshot f062: 3 venc_ko blocks (pool0 0x73801000 len 0x10000)
src frame 63: srcf=5 off=256 br=8000
frame 63: send=0x0 get=0x0 len=7841 coding=1 startqp=0 meanqp=0 picbytes=0 pskip=0 nalus=1 n1:7841
  snapshot f063: 3 venc_ko blocks (pool0 0x73801000 len 0x10000)
src frame 64: srcf=6 off=260 br=8000
frame 64: send=0x0 get=0x0 len=7021 coding=1 startqp=0 meanqp=0 picbytes=0 pskip=0 nalus=1 n1:7021
  snapshot f064: 3 venc_ko blocks (pool0 0x73801000 len 0x10000)
src frame 65: srcf=7 off=264 br=8000
frame 65: send=0x0 get=0x0 len=7041 coding=1 startqp=0 meanqp=0 picbytes=0 pskip=0 nalus=1 n1:7041
  snapshot f065: 3 venc_ko blocks (pool0 0x73801000 len 0x10000)
src frame 66: srcf=8 off=268 br=8000
frame 66: send=0x0 get=0x0 len=7048 coding=1 startqp=0 meanqp=0 picbytes=0 pskip=0 nalus=1 n1:7048
  snapshot f066: 3 venc_ko blocks (pool0 0x73801000 len 0x10000)
src frame 67: srcf=9 off=272 br=8000
frame 67: send=0x0 get=0x0 len=7643 coding=1 startqp=0 meanqp=0 picbytes=0 pskip=0 nalus=1 n1:7643
  snapshot f067: 3 venc_ko blocks (pool0 0x73801000 len 0x10000)
src frame 68: srcf=10 off=276 br=8000
frame 68: send=0x0 get=0x0 len=7370 coding=1 startqp=0 meanqp=0 picbytes=0 pskip=0 nalus=1 n1:7370
  snapshot f068: 3 venc_ko blocks (pool0 0x73801000 len 0x10000)
src frame 69: srcf=11 off=280 br=8000
frame 69: send=0x0 get=0x0 len=8450 coding=1 startqp=0 meanqp=0 picbytes=0 pskip=0 nalus=1 n1:8450
  snapshot f069: 3 venc_ko blocks (pool0 0x73801000 len 0x10000)
src frame 70: srcf=12 off=284 br=8000
frame 70: send=0x0 get=0x0 len=8085 coding=1 startqp=0 meanqp=0 picbytes=0 pskip=0 nalus=1 n1:8085
  snapshot f070: 3 venc_ko blocks (pool0 0x73801000 len 0x10000)
src frame 71: srcf=13 off=288 br=8000
frame 71: send=0x0 get=0x0 len=9506 coding=1 startqp=0 meanqp=0 picbytes=0 pskip=0 nalus=1 n1:9506
  snapshot f071: 3 venc_ko blocks (pool0 0x73801000 len 0x10000)
src frame 72: srcf=14 off=292 br=8000
frame 72: send=0x0 get=0x0 len=9600 coding=1 startqp=0 meanqp=0 picbytes=0 pskip=0 nalus=1 n1:9600
  snapshot f072: 3 venc_ko blocks (pool0 0x73801000 len 0x10000)
src frame 73: srcf=15 off=296 br=8000
frame 73: send=0x0 get=0x0 len=6252 coding=1 startqp=0 meanqp=0 picbytes=0 pskip=0 nalus=1 n1:6252
  snapshot f073: 3 venc_ko blocks (pool0 0x73801000 len 0x10000)
src frame 74: srcf=16 off=300 br=8000
frame 74: send=0x0 get=0x0 len=4284 coding=1 startqp=0 meanqp=0 picbytes=0 pskip=0 nalus=1 n1:4284
  snapshot f074: 3 venc_ko blocks (pool0 0x73801000 len 0x10000)
chg frame=75 br 8000 -> 2000 kbps: GetRcParam=0x0 SetRcParam=0x0 readback=2000 mode=1
src frame 75: srcf=17 off=304 br=2000
frame 75: send=0x0 get=0x0 len=3112 coding=1 startqp=0 meanqp=0 picbytes=0 pskip=0 nalus=1 n1:3112
  snapshot f075: 3 venc_ko blocks (pool0 0x73801000 len 0x10000)
src frame 76: srcf=18 off=308 br=2000
frame 76: send=0x0 get=0x0 len=2408 coding=1 startqp=0 meanqp=0 picbytes=0 pskip=0 nalus=1 n1:2408
  snapshot f076: 3 venc_ko blocks (pool0 0x73801000 len 0x10000)
src frame 77: srcf=19 off=312 br=2000
frame 77: send=0x0 get=0x0 len=2463 coding=1 startqp=0 meanqp=0 picbytes=0 pskip=0 nalus=1 n1:2463
  snapshot f077: 3 venc_ko blocks (pool0 0x73801000 len 0x10000)
src frame 78: srcf=20 off=316 br=2000
frame 78: send=0x0 get=0x0 len=2237 coding=1 startqp=0 meanqp=0 picbytes=0 pskip=0 nalus=1 n1:2237
  snapshot f078: 3 venc_ko blocks (pool0 0x73801000 len 0x10000)
src frame 79: srcf=21 off=320 br=2000
frame 79: send=0x0 get=0x0 len=3050 coding=1 startqp=0 meanqp=0 picbytes=0 pskip=0 nalus=1 n1:3050
  snapshot f079: 3 venc_ko blocks (pool0 0x73801000 len 0x10000)
src frame 80: srcf=22 off=324 br=2000
frame 80: send=0x0 get=0x0 len=3158 coding=1 startqp=0 meanqp=0 picbytes=0 pskip=0 nalus=1 n1:3158
  snapshot f080: 3 venc_ko blocks (pool0 0x73801000 len 0x10000)
src frame 81: srcf=23 off=328 br=2000
frame 81: send=0x0 get=0x0 len=4144 coding=1 startqp=0 meanqp=0 picbytes=0 pskip=0 nalus=1 n1:4144
  snapshot f081: 3 venc_ko blocks (pool0 0x73801000 len 0x10000)
src frame 82: srcf=24 off=332 br=2000
frame 82: send=0x0 get=0x0 len=3211 coding=1 startqp=0 meanqp=0 picbytes=0 pskip=0 nalus=1 n1:3211
  snapshot f082: 3 venc_ko blocks (pool0 0x73801000 len 0x10000)
src frame 83: srcf=25 off=336 br=2000
frame 83: send=0x0 get=0x0 len=2276 coding=1 startqp=0 meanqp=0 picbytes=0 pskip=0 nalus=1 n1:2276
  snapshot f083: 3 venc_ko blocks (pool0 0x73801000 len 0x10000)
src frame 84: srcf=26 off=340 br=2000
frame 84: send=0x0 get=0x0 len=1916 coding=1 startqp=0 meanqp=0 picbytes=0 pskip=0 nalus=1 n1:1916
  snapshot f084: 3 venc_ko blocks (pool0 0x73801000 len 0x10000)
src frame 85: srcf=27 off=344 br=2000
frame 85: send=0x0 get=0x0 len=1909 coding=1 startqp=0 meanqp=0 picbytes=0 pskip=0 nalus=1 n1:1909
  snapshot f085: 3 venc_ko blocks (pool0 0x73801000 len 0x10000)
src frame 86: srcf=28 off=348 br=2000
frame 86: send=0x0 get=0x0 len=1706 coding=1 startqp=0 meanqp=0 picbytes=0 pskip=0 nalus=1 n1:1706
  snapshot f086: 3 venc_ko blocks (pool0 0x73801000 len 0x10000)
src frame 87: srcf=29 off=352 br=2000
frame 87: send=0x0 get=0x0 len=2068 coding=1 startqp=0 meanqp=0 picbytes=0 pskip=0 nalus=1 n1:2068
  snapshot f087: 3 venc_ko blocks (pool0 0x73801000 len 0x10000)
src frame 88: srcf=28 off=356 br=2000
frame 88: send=0x0 get=0x0 len=2116 coding=1 startqp=0 meanqp=0 picbytes=0 pskip=0 nalus=1 n1:2116
  snapshot f088: 3 venc_ko blocks (pool0 0x73801000 len 0x10000)
src frame 89: srcf=27 off=360 br=2000
frame 89: send=0x0 get=0x0 len=2713 coding=1 startqp=0 meanqp=0 picbytes=0 pskip=0 nalus=1 n1:2713
  snapshot f089: 3 venc_ko blocks (pool0 0x73801000 len 0x10000)
src frame 90: srcf=26 off=364 br=2000
frame 90: send=0x0 get=0x0 len=22427 coding=0 startqp=0 meanqp=0 picbytes=0 pskip=0 nalus=3 n7:32 n8:8 n5:22387
  snapshot f090: 3 venc_ko blocks (pool0 0x73801000 len 0x10000)
src frame 91: srcf=25 off=368 br=2000
frame 91: send=0x0 get=0x0 len=5351 coding=1 startqp=0 meanqp=0 picbytes=0 pskip=0 nalus=1 n1:5351
  snapshot f091: 3 venc_ko blocks (pool0 0x73801000 len 0x10000)
src frame 92: srcf=24 off=372 br=2000
frame 92: send=0x0 get=0x0 len=5637 coding=1 startqp=0 meanqp=0 picbytes=0 pskip=0 nalus=1 n1:5637
  snapshot f092: 3 venc_ko blocks (pool0 0x73801000 len 0x10000)
src frame 93: srcf=23 off=376 br=2000
frame 93: send=0x0 get=0x0 len=5710 coding=1 startqp=0 meanqp=0 picbytes=0 pskip=0 nalus=1 n1:5710
  snapshot f093: 3 venc_ko blocks (pool0 0x73801000 len 0x10000)
src frame 94: srcf=22 off=380 br=2000
frame 94: send=0x0 get=0x0 len=5704 coding=1 startqp=0 meanqp=0 picbytes=0 pskip=0 nalus=1 n1:5704
  snapshot f094: 3 venc_ko blocks (pool0 0x73801000 len 0x10000)
src frame 95: srcf=21 off=384 br=2000
frame 95: send=0x0 get=0x0 len=5485 coding=1 startqp=0 meanqp=0 picbytes=0 pskip=0 nalus=1 n1:5485
  snapshot f095: 3 venc_ko blocks (pool0 0x73801000 len 0x10000)
src frame 96: srcf=20 off=388 br=2000
frame 96: send=0x0 get=0x0 len=6052 coding=1 startqp=0 meanqp=0 picbytes=0 pskip=0 nalus=1 n1:6052
  snapshot f096: 3 venc_ko blocks (pool0 0x73801000 len 0x10000)
src frame 97: srcf=19 off=392 br=2000
frame 97: send=0x0 get=0x0 len=5844 coding=1 startqp=0 meanqp=0 picbytes=0 pskip=0 nalus=1 n1:5844
  snapshot f097: 3 venc_ko blocks (pool0 0x73801000 len 0x10000)
src frame 98: srcf=18 off=396 br=2000
frame 98: send=0x0 get=0x0 len=5909 coding=1 startqp=0 meanqp=0 picbytes=0 pskip=0 nalus=1 n1:5909
  snapshot f098: 3 venc_ko blocks (pool0 0x73801000 len 0x10000)
src frame 99: srcf=17 off=400 br=2000
frame 99: send=0x0 get=0x0 len=4565 coding=1 startqp=0 meanqp=0 picbytes=0 pskip=0 nalus=1 n1:4565
  snapshot f099: 3 venc_ko blocks (pool0 0x73801000 len 0x10000)
src frame 100: srcf=16 off=404 br=2000
frame 100: send=0x0 get=0x0 len=6162 coding=1 startqp=0 meanqp=0 picbytes=0 pskip=0 nalus=1 n1:6162
  snapshot f100: 3 venc_ko blocks (pool0 0x73801000 len 0x10000)
src frame 101: srcf=15 off=408 br=2000
frame 101: send=0x0 get=0x0 len=5066 coding=1 startqp=0 meanqp=0 picbytes=0 pskip=0 nalus=1 n1:5066
  snapshot f101: 3 venc_ko blocks (pool0 0x73801000 len 0x10000)
src frame 102: srcf=14 off=412 br=2000
frame 102: send=0x0 get=0x0 len=5714 coding=1 startqp=0 meanqp=0 picbytes=0 pskip=0 nalus=1 n1:5714
  snapshot f102: 3 venc_ko blocks (pool0 0x73801000 len 0x10000)
src frame 103: srcf=13 off=416 br=2000
frame 103: send=0x0 get=0x0 len=6555 coding=1 startqp=0 meanqp=0 picbytes=0 pskip=0 nalus=1 n1:6555
  snapshot f103: 3 venc_ko blocks (pool0 0x73801000 len 0x10000)
src frame 104: srcf=12 off=420 br=2000
frame 104: send=0x0 get=0x0 len=4456 coding=1 startqp=0 meanqp=0 picbytes=0 pskip=0 nalus=1 n1:4456
  snapshot f104: 3 venc_ko blocks (pool0 0x73801000 len 0x10000)
src frame 105: srcf=11 off=424 br=2000
frame 105: send=0x0 get=0x0 len=5546 coding=1 startqp=0 meanqp=0 picbytes=0 pskip=0 nalus=1 n1:5546
  snapshot f105: 3 venc_ko blocks (pool0 0x73801000 len 0x10000)
src frame 106: srcf=10 off=428 br=2000
frame 106: send=0x0 get=0x0 len=5997 coding=1 startqp=0 meanqp=0 picbytes=0 pskip=0 nalus=1 n1:5997
  snapshot f106: 3 venc_ko blocks (pool0 0x73801000 len 0x10000)
src frame 107: srcf=9 off=432 br=2000
frame 107: send=0x0 get=0x0 len=6358 coding=1 startqp=0 meanqp=0 picbytes=0 pskip=0 nalus=1 n1:6358
  snapshot f107: 3 venc_ko blocks (pool0 0x73801000 len 0x10000)
src frame 108: srcf=8 off=436 br=2000
frame 108: send=0x0 get=0x0 len=4844 coding=1 startqp=0 meanqp=0 picbytes=0 pskip=0 nalus=1 n1:4844
  snapshot f108: 3 venc_ko blocks (pool0 0x73801000 len 0x10000)
src frame 109: srcf=7 off=440 br=2000
frame 109: send=0x0 get=0x0 len=6460 coding=1 startqp=0 meanqp=0 picbytes=0 pskip=0 nalus=1 n1:6460
  snapshot f109: 3 venc_ko blocks (pool0 0x73801000 len 0x10000)
src frame 110: srcf=6 off=444 br=2000
frame 110: send=0x0 get=0x0 len=4992 coding=1 startqp=0 meanqp=0 picbytes=0 pskip=0 nalus=1 n1:4992
  snapshot f110: 3 venc_ko blocks (pool0 0x73801000 len 0x10000)
src frame 111: srcf=5 off=448 br=2000
frame 111: send=0x0 get=0x0 len=6544 coding=1 startqp=0 meanqp=0 picbytes=0 pskip=0 nalus=1 n1:6544
  snapshot f111: 3 venc_ko blocks (pool0 0x73801000 len 0x10000)
src frame 112: srcf=4 off=452 br=2000
frame 112: send=0x0 get=0x0 len=5171 coding=1 startqp=0 meanqp=0 picbytes=0 pskip=0 nalus=1 n1:5171
  snapshot f112: 3 venc_ko blocks (pool0 0x73801000 len 0x10000)
src frame 113: srcf=3 off=456 br=2000
frame 113: send=0x0 get=0x0 len=5009 coding=1 startqp=0 meanqp=0 picbytes=0 pskip=0 nalus=1 n1:5009
  snapshot f113: 3 venc_ko blocks (pool0 0x73801000 len 0x10000)
src frame 114: srcf=2 off=460 br=2000
frame 114: send=0x0 get=0x0 len=2730 coding=1 startqp=0 meanqp=0 picbytes=0 pskip=0 nalus=1 n1:2730
  snapshot f114: 3 venc_ko blocks (pool0 0x73801000 len 0x10000)
src frame 115: srcf=1 off=464 br=2000
frame 115: send=0x0 get=0x0 len=2254 coding=1 startqp=0 meanqp=0 picbytes=0 pskip=0 nalus=1 n1:2254
  snapshot f115: 3 venc_ko blocks (pool0 0x73801000 len 0x10000)
src frame 116: srcf=0 off=468 br=2000
frame 116: send=0x0 get=0x0 len=2123 coding=1 startqp=0 meanqp=0 picbytes=0 pskip=0 nalus=1 n1:2123
  snapshot f116: 3 venc_ko blocks (pool0 0x73801000 len 0x10000)
src frame 117: srcf=1 off=472 br=2000
frame 117: send=0x0 get=0x0 len=2309 coding=1 startqp=0 meanqp=0 picbytes=0 pskip=0 nalus=1 n1:2309
  snapshot f117: 3 venc_ko blocks (pool0 0x73801000 len 0x10000)
src frame 118: srcf=2 off=476 br=2000
frame 118: send=0x0 get=0x0 len=2235 coding=1 startqp=0 meanqp=0 picbytes=0 pskip=0 nalus=1 n1:2235
  snapshot f118: 3 venc_ko blocks (pool0 0x73801000 len 0x10000)
src frame 119: srcf=3 off=480 br=2000
frame 119: send=0x0 get=0x0 len=2445 coding=1 startqp=0 meanqp=0 picbytes=0 pskip=0 nalus=1 n1:2445
  snapshot f119: 3 venc_ko blocks (pool0 0x73801000 len 0x10000)
src frame 120: srcf=4 off=484 br=2000
frame 120: send=0x0 get=0x0 len=25797 coding=0 startqp=0 meanqp=0 picbytes=0 pskip=0 nalus=3 n7:32 n8:8 n5:25757
  snapshot f120: 3 venc_ko blocks (pool0 0x73801000 len 0x10000)
src frame 121: srcf=5 off=488 br=2000
frame 121: send=0x0 get=0x0 len=3360 coding=1 startqp=0 meanqp=0 picbytes=0 pskip=0 nalus=1 n1:3360
  snapshot f121: 3 venc_ko blocks (pool0 0x73801000 len 0x10000)
src frame 122: srcf=6 off=492 br=2000
frame 122: send=0x0 get=0x0 len=3742 coding=1 startqp=0 meanqp=0 picbytes=0 pskip=0 nalus=1 n1:3742
  snapshot f122: 3 venc_ko blocks (pool0 0x73801000 len 0x10000)
src frame 123: srcf=7 off=496 br=2000
frame 123: send=0x0 get=0x0 len=3598 coding=1 startqp=0 meanqp=0 picbytes=0 pskip=0 nalus=1 n1:3598
  snapshot f123: 3 venc_ko blocks (pool0 0x73801000 len 0x10000)
src frame 124: srcf=8 off=500 br=2000
frame 124: send=0x0 get=0x0 len=3511 coding=1 startqp=0 meanqp=0 picbytes=0 pskip=0 nalus=1 n1:3511
  snapshot f124: 3 venc_ko blocks (pool0 0x73801000 len 0x10000)
src frame 125: srcf=9 off=504 br=2000
frame 125: send=0x0 get=0x0 len=3606 coding=1 startqp=0 meanqp=0 picbytes=0 pskip=0 nalus=1 n1:3606
  snapshot f125: 3 venc_ko blocks (pool0 0x73801000 len 0x10000)
src frame 126: srcf=10 off=508 br=2000
frame 126: send=0x0 get=0x0 len=3041 coding=1 startqp=0 meanqp=0 picbytes=0 pskip=0 nalus=1 n1:3041
  snapshot f126: 3 venc_ko blocks (pool0 0x73801000 len 0x10000)
src frame 127: srcf=11 off=512 br=2000
frame 127: send=0x0 get=0x0 len=3677 coding=1 startqp=0 meanqp=0 picbytes=0 pskip=0 nalus=1 n1:3677
  snapshot f127: 3 venc_ko blocks (pool0 0x73801000 len 0x10000)
src frame 128: srcf=12 off=516 br=2000
frame 128: send=0x0 get=0x0 len=3787 coding=1 startqp=0 meanqp=0 picbytes=0 pskip=0 nalus=1 n1:3787
  snapshot f128: 3 venc_ko blocks (pool0 0x73801000 len 0x10000)
src frame 129: srcf=13 off=520 br=2000
frame 129: send=0x0 get=0x0 len=3626 coding=1 startqp=0 meanqp=0 picbytes=0 pskip=0 nalus=1 n1:3626
  snapshot f129: 3 venc_ko blocks (pool0 0x73801000 len 0x10000)
src frame 130: srcf=14 off=524 br=2000
frame 130: send=0x0 get=0x0 len=3314 coding=1 startqp=0 meanqp=0 picbytes=0 pskip=0 nalus=1 n1:3314
  snapshot f130: 3 venc_ko blocks (pool0 0x73801000 len 0x10000)
src frame 131: srcf=15 off=528 br=2000
frame 131: send=0x0 get=0x0 len=3520 coding=1 startqp=0 meanqp=0 picbytes=0 pskip=0 nalus=1 n1:3520
  snapshot f131: 3 venc_ko blocks (pool0 0x73801000 len 0x10000)
src frame 132: srcf=16 off=532 br=2000
frame 132: send=0x0 get=0x0 len=3632 coding=1 startqp=0 meanqp=0 picbytes=0 pskip=0 nalus=1 n1:3632
  snapshot f132: 3 venc_ko blocks (pool0 0x73801000 len 0x10000)
src frame 133: srcf=17 off=536 br=2000
frame 133: send=0x0 get=0x0 len=3876 coding=1 startqp=0 meanqp=0 picbytes=0 pskip=0 nalus=1 n1:3876
  snapshot f133: 3 venc_ko blocks (pool0 0x73801000 len 0x10000)
src frame 134: srcf=18 off=540 br=2000
frame 134: send=0x0 get=0x0 len=3868 coding=1 startqp=0 meanqp=0 picbytes=0 pskip=0 nalus=1 n1:3868
  snapshot f134: 3 venc_ko blocks (pool0 0x73801000 len 0x10000)
src frame 135: srcf=19 off=544 br=2000
frame 135: send=0x0 get=0x0 len=2641 coding=1 startqp=0 meanqp=0 picbytes=0 pskip=0 nalus=1 n1:2641
  snapshot f135: 3 venc_ko blocks (pool0 0x73801000 len 0x10000)
src frame 136: srcf=20 off=548 br=2000
frame 136: send=0x0 get=0x0 len=4055 coding=1 startqp=0 meanqp=0 picbytes=0 pskip=0 nalus=1 n1:4055
  snapshot f136: 3 venc_ko blocks (pool0 0x73801000 len 0x10000)
src frame 137: srcf=21 off=552 br=2000
frame 137: send=0x0 get=0x0 len=2443 coding=1 startqp=0 meanqp=0 picbytes=0 pskip=0 nalus=1 n1:2443
  snapshot f137: 3 venc_ko blocks (pool0 0x73801000 len 0x10000)
src frame 138: srcf=22 off=556 br=2000
frame 138: send=0x0 get=0x0 len=4008 coding=1 startqp=0 meanqp=0 picbytes=0 pskip=0 nalus=1 n1:4008
  snapshot f138: 3 venc_ko blocks (pool0 0x73801000 len 0x10000)
src frame 139: srcf=23 off=560 br=2000
frame 139: send=0x0 get=0x0 len=2947 coding=1 startqp=0 meanqp=0 picbytes=0 pskip=0 nalus=1 n1:2947
  snapshot f139: 3 venc_ko blocks (pool0 0x73801000 len 0x10000)
src frame 140: srcf=24 off=564 br=2000
frame 140: send=0x0 get=0x0 len=3368 coding=1 startqp=0 meanqp=0 picbytes=0 pskip=0 nalus=1 n1:3368
  snapshot f140: 3 venc_ko blocks (pool0 0x73801000 len 0x10000)
src frame 141: srcf=25 off=568 br=2000
frame 141: send=0x0 get=0x0 len=3612 coding=1 startqp=0 meanqp=0 picbytes=0 pskip=0 nalus=1 n1:3612
  snapshot f141: 3 venc_ko blocks (pool0 0x73801000 len 0x10000)
src frame 142: srcf=26 off=572 br=2000
frame 142: send=0x0 get=0x0 len=3631 coding=1 startqp=0 meanqp=0 picbytes=0 pskip=0 nalus=1 n1:3631
  snapshot f142: 3 venc_ko blocks (pool0 0x73801000 len 0x10000)
src frame 143: srcf=27 off=576 br=2000
frame 143: send=0x0 get=0x0 len=3809 coding=1 startqp=0 meanqp=0 picbytes=0 pskip=0 nalus=1 n1:3809
  snapshot f143: 3 venc_ko blocks (pool0 0x73801000 len 0x10000)
src frame 144: srcf=28 off=580 br=2000
frame 144: send=0x0 get=0x0 len=3793 coding=1 startqp=0 meanqp=0 picbytes=0 pskip=0 nalus=1 n1:3793
  snapshot f144: 3 venc_ko blocks (pool0 0x73801000 len 0x10000)
src frame 145: srcf=29 off=584 br=2000
frame 145: send=0x0 get=0x0 len=3798 coding=1 startqp=0 meanqp=0 picbytes=0 pskip=0 nalus=1 n1:3798
  snapshot f145: 3 venc_ko blocks (pool0 0x73801000 len 0x10000)
src frame 146: srcf=28 off=588 br=2000
frame 146: send=0x0 get=0x0 len=2931 coding=1 startqp=0 meanqp=0 picbytes=0 pskip=0 nalus=1 n1:2931
  snapshot f146: 3 venc_ko blocks (pool0 0x73801000 len 0x10000)
src frame 147: srcf=27 off=592 br=2000
frame 147: send=0x0 get=0x0 len=3985 coding=1 startqp=0 meanqp=0 picbytes=0 pskip=0 nalus=1 n1:3985
  snapshot f147: 3 venc_ko blocks (pool0 0x73801000 len 0x10000)
src frame 148: srcf=26 off=596 br=2000
frame 148: send=0x0 get=0x0 len=2111 coding=1 startqp=0 meanqp=0 picbytes=0 pskip=0 nalus=1 n1:2111
  snapshot f148: 3 venc_ko blocks (pool0 0x73801000 len 0x10000)
src frame 149: srcf=25 off=600 br=2000
frame 149: send=0x0 get=0x0 len=3644 coding=1 startqp=0 meanqp=0 picbytes=0 pskip=0 nalus=1 n1:3644
  snapshot f149: 3 venc_ko blocks (pool0 0x73801000 len 0x10000)
src frame 150: srcf=24 off=604 br=2000
frame 150: send=0x0 get=0x0 len=30788 coding=0 startqp=0 meanqp=0 picbytes=0 pskip=0 nalus=3 n7:32 n8:8 n5:30748
  snapshot f150: 3 venc_ko blocks (pool0 0x73801000 len 0x10000)
src frame 151: srcf=23 off=608 br=2000
frame 151: send=0x0 get=0x0 len=4437 coding=1 startqp=0 meanqp=0 picbytes=0 pskip=0 nalus=1 n1:4437
  snapshot f151: 3 venc_ko blocks (pool0 0x73801000 len 0x10000)
src frame 152: srcf=22 off=612 br=2000
frame 152: send=0x0 get=0x0 len=4771 coding=1 startqp=0 meanqp=0 picbytes=0 pskip=0 nalus=1 n1:4771
  snapshot f152: 3 venc_ko blocks (pool0 0x73801000 len 0x10000)
src frame 153: srcf=21 off=616 br=2000
frame 153: send=0x0 get=0x0 len=4780 coding=1 startqp=0 meanqp=0 picbytes=0 pskip=0 nalus=1 n1:4780
  snapshot f153: 3 venc_ko blocks (pool0 0x73801000 len 0x10000)
src frame 154: srcf=20 off=620 br=2000
frame 154: send=0x0 get=0x0 len=2347 coding=1 startqp=0 meanqp=0 picbytes=0 pskip=0 nalus=1 n1:2347
  snapshot f154: 3 venc_ko blocks (pool0 0x73801000 len 0x10000)
src frame 155: srcf=19 off=624 br=2000
frame 155: send=0x0 get=0x0 len=4092 coding=1 startqp=0 meanqp=0 picbytes=0 pskip=0 nalus=1 n1:4092
  snapshot f155: 3 venc_ko blocks (pool0 0x73801000 len 0x10000)
src frame 156: srcf=18 off=628 br=2000
frame 156: send=0x0 get=0x0 len=4597 coding=1 startqp=0 meanqp=0 picbytes=0 pskip=0 nalus=1 n1:4597
  snapshot f156: 3 venc_ko blocks (pool0 0x73801000 len 0x10000)
src frame 157: srcf=17 off=632 br=2000
frame 157: send=0x0 get=0x0 len=4531 coding=1 startqp=0 meanqp=0 picbytes=0 pskip=0 nalus=1 n1:4531
  snapshot f157: 3 venc_ko blocks (pool0 0x73801000 len 0x10000)
src frame 158: srcf=16 off=636 br=2000
frame 158: send=0x0 get=0x0 len=3591 coding=1 startqp=0 meanqp=0 picbytes=0 pskip=0 nalus=1 n1:3591
  snapshot f158: 3 venc_ko blocks (pool0 0x73801000 len 0x10000)
src frame 159: srcf=15 off=640 br=2000
frame 159: send=0x0 get=0x0 len=4229 coding=1 startqp=0 meanqp=0 picbytes=0 pskip=0 nalus=1 n1:4229
  snapshot f159: 3 venc_ko blocks (pool0 0x73801000 len 0x10000)
src frame 160: srcf=14 off=644 br=2000
frame 160: send=0x0 get=0x0 len=4281 coding=1 startqp=0 meanqp=0 picbytes=0 pskip=0 nalus=1 n1:4281
  snapshot f160: 3 venc_ko blocks (pool0 0x73801000 len 0x10000)
src frame 161: srcf=13 off=648 br=2000
frame 161: send=0x0 get=0x0 len=4317 coding=1 startqp=0 meanqp=0 picbytes=0 pskip=0 nalus=1 n1:4317
  snapshot f161: 3 venc_ko blocks (pool0 0x73801000 len 0x10000)
src frame 162: srcf=12 off=652 br=2000
frame 162: send=0x0 get=0x0 len=4338 coding=1 startqp=0 meanqp=0 picbytes=0 pskip=0 nalus=1 n1:4338
  snapshot f162: 3 venc_ko blocks (pool0 0x73801000 len 0x10000)
src frame 163: srcf=11 off=656 br=2000
frame 163: send=0x0 get=0x0 len=4550 coding=1 startqp=0 meanqp=0 picbytes=0 pskip=0 nalus=1 n1:4550
  snapshot f163: 3 venc_ko blocks (pool0 0x73801000 len 0x10000)
src frame 164: srcf=10 off=660 br=2000
frame 164: send=0x0 get=0x0 len=4418 coding=1 startqp=0 meanqp=0 picbytes=0 pskip=0 nalus=1 n1:4418
  snapshot f164: 3 venc_ko blocks (pool0 0x73801000 len 0x10000)
chg frame=165 br 2000 -> 16000 kbps: GetRcParam=0x0 SetRcParam=0x0 readback=16000 mode=1
src frame 165: srcf=9 off=664 br=16000
frame 165: send=0x0 get=0x0 len=6221 coding=1 startqp=0 meanqp=0 picbytes=0 pskip=0 nalus=1 n1:6221
  snapshot f165: 3 venc_ko blocks (pool0 0x73801000 len 0x10000)
src frame 166: srcf=8 off=668 br=16000
frame 166: send=0x0 get=0x0 len=6634 coding=1 startqp=0 meanqp=0 picbytes=0 pskip=0 nalus=1 n1:6634
  snapshot f166: 3 venc_ko blocks (pool0 0x73801000 len 0x10000)
src frame 167: srcf=7 off=672 br=16000
frame 167: send=0x0 get=0x0 len=7186 coding=1 startqp=0 meanqp=0 picbytes=0 pskip=0 nalus=1 n1:7186
  snapshot f167: 3 venc_ko blocks (pool0 0x73801000 len 0x10000)
src frame 168: srcf=6 off=676 br=16000
frame 168: send=0x0 get=0x0 len=7797 coding=1 startqp=0 meanqp=0 picbytes=0 pskip=0 nalus=1 n1:7797
  snapshot f168: 3 venc_ko blocks (pool0 0x73801000 len 0x10000)
src frame 169: srcf=5 off=680 br=16000
frame 169: send=0x0 get=0x0 len=7779 coding=1 startqp=0 meanqp=0 picbytes=0 pskip=0 nalus=1 n1:7779
  snapshot f169: 3 venc_ko blocks (pool0 0x73801000 len 0x10000)
src frame 170: srcf=4 off=684 br=16000
frame 170: send=0x0 get=0x0 len=7188 coding=1 startqp=0 meanqp=0 picbytes=0 pskip=0 nalus=1 n1:7188
  snapshot f170: 3 venc_ko blocks (pool0 0x73801000 len 0x10000)
src frame 171: srcf=3 off=688 br=16000
frame 171: send=0x0 get=0x0 len=7336 coding=1 startqp=0 meanqp=0 picbytes=0 pskip=0 nalus=1 n1:7336
  snapshot f171: 3 venc_ko blocks (pool0 0x73801000 len 0x10000)
src frame 172: srcf=2 off=692 br=16000
frame 172: send=0x0 get=0x0 len=8119 coding=1 startqp=0 meanqp=0 picbytes=0 pskip=0 nalus=1 n1:8119
  snapshot f172: 3 venc_ko blocks (pool0 0x73801000 len 0x10000)
src frame 173: srcf=1 off=696 br=16000
frame 173: send=0x0 get=0x0 len=8410 coding=1 startqp=0 meanqp=0 picbytes=0 pskip=0 nalus=1 n1:8410
  snapshot f173: 3 venc_ko blocks (pool0 0x73801000 len 0x10000)
src frame 174: srcf=0 off=700 br=16000
frame 174: send=0x0 get=0x0 len=8755 coding=1 startqp=0 meanqp=0 picbytes=0 pskip=0 nalus=1 n1:8755
  snapshot f174: 3 venc_ko blocks (pool0 0x73801000 len 0x10000)
src frame 175: srcf=1 off=704 br=16000
frame 175: send=0x0 get=0x0 len=5773 coding=1 startqp=0 meanqp=0 picbytes=0 pskip=0 nalus=1 n1:5773
  snapshot f175: 3 venc_ko blocks (pool0 0x73801000 len 0x10000)
src frame 176: srcf=2 off=708 br=16000
frame 176: send=0x0 get=0x0 len=4931 coding=1 startqp=0 meanqp=0 picbytes=0 pskip=0 nalus=1 n1:4931
  snapshot f176: 3 venc_ko blocks (pool0 0x73801000 len 0x10000)
src frame 177: srcf=3 off=712 br=16000
frame 177: send=0x0 get=0x0 len=4022 coding=1 startqp=0 meanqp=0 picbytes=0 pskip=0 nalus=1 n1:4022
  snapshot f177: 3 venc_ko blocks (pool0 0x73801000 len 0x10000)
src frame 178: srcf=4 off=716 br=16000
frame 178: send=0x0 get=0x0 len=5202 coding=1 startqp=0 meanqp=0 picbytes=0 pskip=0 nalus=1 n1:5202
  snapshot f178: 3 venc_ko blocks (pool0 0x73801000 len 0x10000)
src frame 179: srcf=5 off=720 br=16000
frame 179: send=0x0 get=0x0 len=3898 coding=1 startqp=0 meanqp=0 picbytes=0 pskip=0 nalus=1 n1:3898
  snapshot f179: 3 venc_ko blocks (pool0 0x73801000 len 0x10000)
src frame 180: srcf=6 off=724 br=16000
frame 180: send=0x0 get=0x0 len=30988 coding=0 startqp=0 meanqp=0 picbytes=0 pskip=0 nalus=3 n7:32 n8:8 n5:30948
  snapshot f180: 3 venc_ko blocks (pool0 0x73801000 len 0x10000)
src frame 181: srcf=7 off=728 br=16000
frame 181: send=0x0 get=0x0 len=12250 coding=1 startqp=0 meanqp=0 picbytes=0 pskip=0 nalus=1 n1:12250
  snapshot f181: 3 venc_ko blocks (pool0 0x73801000 len 0x10000)
src frame 182: srcf=8 off=732 br=16000
frame 182: send=0x0 get=0x0 len=7325 coding=1 startqp=0 meanqp=0 picbytes=0 pskip=0 nalus=1 n1:7325
  snapshot f182: 3 venc_ko blocks (pool0 0x73801000 len 0x10000)
src frame 183: srcf=9 off=736 br=16000
frame 183: send=0x0 get=0x0 len=6543 coding=1 startqp=0 meanqp=0 picbytes=0 pskip=0 nalus=1 n1:6543
  snapshot f183: 3 venc_ko blocks (pool0 0x73801000 len 0x10000)
src frame 184: srcf=10 off=740 br=16000
frame 184: send=0x0 get=0x0 len=7647 coding=1 startqp=0 meanqp=0 picbytes=0 pskip=0 nalus=1 n1:7647
  snapshot f184: 3 venc_ko blocks (pool0 0x73801000 len 0x10000)
src frame 185: srcf=11 off=744 br=16000
frame 185: send=0x0 get=0x0 len=7650 coding=1 startqp=0 meanqp=0 picbytes=0 pskip=0 nalus=1 n1:7650
  snapshot f185: 3 venc_ko blocks (pool0 0x73801000 len 0x10000)
src frame 186: srcf=12 off=748 br=16000
frame 186: send=0x0 get=0x0 len=7013 coding=1 startqp=0 meanqp=0 picbytes=0 pskip=0 nalus=1 n1:7013
  snapshot f186: 3 venc_ko blocks (pool0 0x73801000 len 0x10000)
src frame 187: srcf=13 off=752 br=16000
frame 187: send=0x0 get=0x0 len=6794 coding=1 startqp=0 meanqp=0 picbytes=0 pskip=0 nalus=1 n1:6794
  snapshot f187: 3 venc_ko blocks (pool0 0x73801000 len 0x10000)
src frame 188: srcf=14 off=756 br=16000
frame 188: send=0x0 get=0x0 len=7386 coding=1 startqp=0 meanqp=0 picbytes=0 pskip=0 nalus=1 n1:7386
  snapshot f188: 3 venc_ko blocks (pool0 0x73801000 len 0x10000)
src frame 189: srcf=15 off=760 br=16000
frame 189: send=0x0 get=0x0 len=7721 coding=1 startqp=0 meanqp=0 picbytes=0 pskip=0 nalus=1 n1:7721
  snapshot f189: 3 venc_ko blocks (pool0 0x73801000 len 0x10000)
src frame 190: srcf=16 off=764 br=16000
frame 190: send=0x0 get=0x0 len=7007 coding=1 startqp=0 meanqp=0 picbytes=0 pskip=0 nalus=1 n1:7007
  snapshot f190: 3 venc_ko blocks (pool0 0x73801000 len 0x10000)
src frame 191: srcf=17 off=768 br=16000
frame 191: send=0x0 get=0x0 len=7132 coding=1 startqp=0 meanqp=0 picbytes=0 pskip=0 nalus=1 n1:7132
  snapshot f191: 3 venc_ko blocks (pool0 0x73801000 len 0x10000)
src frame 192: srcf=18 off=772 br=16000
frame 192: send=0x0 get=0x0 len=8134 coding=1 startqp=0 meanqp=0 picbytes=0 pskip=0 nalus=1 n1:8134
  snapshot f192: 3 venc_ko blocks (pool0 0x73801000 len 0x10000)
src frame 193: srcf=19 off=776 br=16000
frame 193: send=0x0 get=0x0 len=8682 coding=1 startqp=0 meanqp=0 picbytes=0 pskip=0 nalus=1 n1:8682
  snapshot f193: 3 venc_ko blocks (pool0 0x73801000 len 0x10000)
src frame 194: srcf=20 off=780 br=16000
frame 194: send=0x0 get=0x0 len=9142 coding=1 startqp=0 meanqp=0 picbytes=0 pskip=0 nalus=1 n1:9142
  snapshot f194: 3 venc_ko blocks (pool0 0x73801000 len 0x10000)
src frame 195: srcf=21 off=784 br=16000
frame 195: send=0x0 get=0x0 len=5682 coding=1 startqp=0 meanqp=0 picbytes=0 pskip=0 nalus=1 n1:5682
  snapshot f195: 3 venc_ko blocks (pool0 0x73801000 len 0x10000)
src frame 196: srcf=22 off=788 br=16000
frame 196: send=0x0 get=0x0 len=4395 coding=1 startqp=0 meanqp=0 picbytes=0 pskip=0 nalus=1 n1:4395
  snapshot f196: 3 venc_ko blocks (pool0 0x73801000 len 0x10000)
src frame 197: srcf=23 off=792 br=16000
frame 197: send=0x0 get=0x0 len=3898 coding=1 startqp=0 meanqp=0 picbytes=0 pskip=0 nalus=1 n1:3898
  snapshot f197: 3 venc_ko blocks (pool0 0x73801000 len 0x10000)
src frame 198: srcf=24 off=796 br=16000
frame 198: send=0x0 get=0x0 len=2071 coding=1 startqp=0 meanqp=0 picbytes=0 pskip=0 nalus=1 n1:2071
  snapshot f198: 3 venc_ko blocks (pool0 0x73801000 len 0x10000)
src frame 199: srcf=25 off=800 br=16000
frame 199: send=0x0 get=0x0 len=2107 coding=1 startqp=0 meanqp=0 picbytes=0 pskip=0 nalus=1 n1:2107
  snapshot f199: 3 venc_ko blocks (pool0 0x73801000 len 0x10000)
src frame 200: srcf=26 off=804 br=16000
frame 200: send=0x0 get=0x0 len=1903 coding=1 startqp=0 meanqp=0 picbytes=0 pskip=0 nalus=1 n1:1903
  snapshot f200: 3 venc_ko blocks (pool0 0x73801000 len 0x10000)
src frame 201: srcf=27 off=808 br=16000
frame 201: send=0x0 get=0x0 len=1987 coding=1 startqp=0 meanqp=0 picbytes=0 pskip=0 nalus=1 n1:1987
  snapshot f201: 3 venc_ko blocks (pool0 0x73801000 len 0x10000)
src frame 202: srcf=28 off=812 br=16000
frame 202: send=0x0 get=0x0 len=1735 coding=1 startqp=0 meanqp=0 picbytes=0 pskip=0 nalus=1 n1:1735
  snapshot f202: 3 venc_ko blocks (pool0 0x73801000 len 0x10000)
src frame 203: srcf=29 off=816 br=16000
frame 203: send=0x0 get=0x0 len=2172 coding=1 startqp=0 meanqp=0 picbytes=0 pskip=0 nalus=1 n1:2172
  snapshot f203: 3 venc_ko blocks (pool0 0x73801000 len 0x10000)
src frame 204: srcf=28 off=820 br=16000
frame 204: send=0x0 get=0x0 len=2153 coding=1 startqp=0 meanqp=0 picbytes=0 pskip=0 nalus=1 n1:2153
  snapshot f204: 3 venc_ko blocks (pool0 0x73801000 len 0x10000)
src frame 205: srcf=27 off=824 br=16000
frame 205: send=0x0 get=0x0 len=1912 coding=1 startqp=0 meanqp=0 picbytes=0 pskip=0 nalus=1 n1:1912
  snapshot f205: 3 venc_ko blocks (pool0 0x73801000 len 0x10000)
src frame 206: srcf=26 off=828 br=16000
frame 206: send=0x0 get=0x0 len=1486 coding=1 startqp=0 meanqp=0 picbytes=0 pskip=0 nalus=1 n1:1486
  snapshot f206: 3 venc_ko blocks (pool0 0x73801000 len 0x10000)
src frame 207: srcf=25 off=832 br=16000
frame 207: send=0x0 get=0x0 len=1592 coding=1 startqp=0 meanqp=0 picbytes=0 pskip=0 nalus=1 n1:1592
  snapshot f207: 3 venc_ko blocks (pool0 0x73801000 len 0x10000)
src frame 208: srcf=24 off=836 br=16000
frame 208: send=0x0 get=0x0 len=1533 coding=1 startqp=0 meanqp=0 picbytes=0 pskip=0 nalus=1 n1:1533
  snapshot f208: 3 venc_ko blocks (pool0 0x73801000 len 0x10000)
src frame 209: srcf=23 off=840 br=16000
frame 209: send=0x0 get=0x0 len=1561 coding=1 startqp=0 meanqp=0 picbytes=0 pskip=0 nalus=1 n1:1561
  snapshot f209: 3 venc_ko blocks (pool0 0x73801000 len 0x10000)
src frame 210: srcf=22 off=844 br=16000
frame 210: send=0x0 get=0x0 len=34235 coding=0 startqp=0 meanqp=0 picbytes=0 pskip=0 nalus=3 n7:32 n8:8 n5:34195
  snapshot f210: 3 venc_ko blocks (pool0 0x73801000 len 0x10000)
src frame 211: srcf=21 off=848 br=16000
frame 211: send=0x0 get=0x0 len=9497 coding=1 startqp=0 meanqp=0 picbytes=0 pskip=0 nalus=1 n1:9497
  snapshot f211: 3 venc_ko blocks (pool0 0x73801000 len 0x10000)
src frame 212: srcf=20 off=852 br=16000
frame 212: send=0x0 get=0x0 len=7398 coding=1 startqp=0 meanqp=0 picbytes=0 pskip=0 nalus=1 n1:7398
  snapshot f212: 3 venc_ko blocks (pool0 0x73801000 len 0x10000)
src frame 213: srcf=19 off=856 br=16000
frame 213: send=0x0 get=0x0 len=7861 coding=1 startqp=0 meanqp=0 picbytes=0 pskip=0 nalus=1 n1:7861
  snapshot f213: 3 venc_ko blocks (pool0 0x73801000 len 0x10000)
src frame 214: srcf=18 off=860 br=16000
frame 214: send=0x0 get=0x0 len=6921 coding=1 startqp=0 meanqp=0 picbytes=0 pskip=0 nalus=1 n1:6921
  snapshot f214: 3 venc_ko blocks (pool0 0x73801000 len 0x10000)
src frame 215: srcf=17 off=864 br=16000
frame 215: send=0x0 get=0x0 len=6998 coding=1 startqp=0 meanqp=0 picbytes=0 pskip=0 nalus=1 n1:6998
  snapshot f215: 3 venc_ko blocks (pool0 0x73801000 len 0x10000)
src frame 216: srcf=16 off=868 br=16000
frame 216: send=0x0 get=0x0 len=7142 coding=1 startqp=0 meanqp=0 picbytes=0 pskip=0 nalus=1 n1:7142
  snapshot f216: 3 venc_ko blocks (pool0 0x73801000 len 0x10000)
src frame 217: srcf=15 off=872 br=16000
frame 217: send=0x0 get=0x0 len=7810 coding=1 startqp=0 meanqp=0 picbytes=0 pskip=0 nalus=1 n1:7810
  snapshot f217: 3 venc_ko blocks (pool0 0x73801000 len 0x10000)
src frame 218: srcf=14 off=876 br=16000
frame 218: send=0x0 get=0x0 len=7042 coding=1 startqp=0 meanqp=0 picbytes=0 pskip=0 nalus=1 n1:7042
  snapshot f218: 3 venc_ko blocks (pool0 0x73801000 len 0x10000)
src frame 219: srcf=13 off=880 br=16000
frame 219: send=0x0 get=0x0 len=7648 coding=1 startqp=0 meanqp=0 picbytes=0 pskip=0 nalus=1 n1:7648
  snapshot f219: 3 venc_ko blocks (pool0 0x73801000 len 0x10000)
src frame 220: srcf=12 off=884 br=16000
frame 220: send=0x0 get=0x0 len=7762 coding=1 startqp=0 meanqp=0 picbytes=0 pskip=0 nalus=1 n1:7762
  snapshot f220: 3 venc_ko blocks (pool0 0x73801000 len 0x10000)
src frame 221: srcf=11 off=888 br=16000
frame 221: send=0x0 get=0x0 len=8657 coding=1 startqp=0 meanqp=0 picbytes=0 pskip=0 nalus=1 n1:8657
  snapshot f221: 3 venc_ko blocks (pool0 0x73801000 len 0x10000)
src frame 222: srcf=10 off=892 br=16000
frame 222: send=0x0 get=0x0 len=8460 coding=1 startqp=0 meanqp=0 picbytes=0 pskip=0 nalus=1 n1:8460
  snapshot f222: 3 venc_ko blocks (pool0 0x73801000 len 0x10000)
src frame 223: srcf=9 off=896 br=16000
frame 223: send=0x0 get=0x0 len=9621 coding=1 startqp=0 meanqp=0 picbytes=0 pskip=0 nalus=1 n1:9621
  snapshot f223: 3 venc_ko blocks (pool0 0x73801000 len 0x10000)
src frame 224: srcf=8 off=900 br=16000
frame 224: send=0x0 get=0x0 len=9739 coding=1 startqp=0 meanqp=0 picbytes=0 pskip=0 nalus=1 n1:9739
  snapshot f224: 3 venc_ko blocks (pool0 0x73801000 len 0x10000)
src frame 225: srcf=7 off=904 br=16000
frame 225: send=0x0 get=0x0 len=6068 coding=1 startqp=0 meanqp=0 picbytes=0 pskip=0 nalus=1 n1:6068
  snapshot f225: 3 venc_ko blocks (pool0 0x73801000 len 0x10000)
src frame 226: srcf=6 off=908 br=16000
frame 226: send=0x0 get=0x0 len=4290 coding=1 startqp=0 meanqp=0 picbytes=0 pskip=0 nalus=1 n1:4290
  snapshot f226: 3 venc_ko blocks (pool0 0x73801000 len 0x10000)
src frame 227: srcf=5 off=912 br=16000
frame 227: send=0x0 get=0x0 len=3238 coding=1 startqp=0 meanqp=0 picbytes=0 pskip=0 nalus=1 n1:3238
  snapshot f227: 3 venc_ko blocks (pool0 0x73801000 len 0x10000)
src frame 228: srcf=4 off=916 br=16000
frame 228: send=0x0 get=0x0 len=2429 coding=1 startqp=0 meanqp=0 picbytes=0 pskip=0 nalus=1 n1:2429
  snapshot f228: 3 venc_ko blocks (pool0 0x73801000 len 0x10000)
src frame 229: srcf=3 off=920 br=16000
frame 229: send=0x0 get=0x0 len=2258 coding=1 startqp=0 meanqp=0 picbytes=0 pskip=0 nalus=1 n1:2258
  snapshot f229: 3 venc_ko blocks (pool0 0x73801000 len 0x10000)
src frame 230: srcf=2 off=924 br=16000
frame 230: send=0x0 get=0x0 len=2148 coding=1 startqp=0 meanqp=0 picbytes=0 pskip=0 nalus=1 n1:2148
  snapshot f230: 3 venc_ko blocks (pool0 0x73801000 len 0x10000)
src frame 231: srcf=1 off=928 br=16000
frame 231: send=0x0 get=0x0 len=2410 coding=1 startqp=0 meanqp=0 picbytes=0 pskip=0 nalus=1 n1:2410
  snapshot f231: 3 venc_ko blocks (pool0 0x73801000 len 0x10000)
src frame 232: srcf=0 off=932 br=16000
frame 232: send=0x0 get=0x0 len=2442 coding=1 startqp=0 meanqp=0 picbytes=0 pskip=0 nalus=1 n1:2442
  snapshot f232: 3 venc_ko blocks (pool0 0x73801000 len 0x10000)
src frame 233: srcf=1 off=936 br=16000
frame 233: send=0x0 get=0x0 len=2647 coding=1 startqp=0 meanqp=0 picbytes=0 pskip=0 nalus=1 n1:2647
  snapshot f233: 3 venc_ko blocks (pool0 0x73801000 len 0x10000)
src frame 234: srcf=2 off=940 br=16000
frame 234: send=0x0 get=0x0 len=1864 coding=1 startqp=0 meanqp=0 picbytes=0 pskip=0 nalus=1 n1:1864
  snapshot f234: 3 venc_ko blocks (pool0 0x73801000 len 0x10000)
src frame 235: srcf=3 off=944 br=16000
frame 235: send=0x0 get=0x0 len=1819 coding=1 startqp=0 meanqp=0 picbytes=0 pskip=0 nalus=1 n1:1819
  snapshot f235: 3 venc_ko blocks (pool0 0x73801000 len 0x10000)
src frame 236: srcf=4 off=948 br=16000
frame 236: send=0x0 get=0x0 len=1702 coding=1 startqp=0 meanqp=0 picbytes=0 pskip=0 nalus=1 n1:1702
  snapshot f236: 3 venc_ko blocks (pool0 0x73801000 len 0x10000)
src frame 237: srcf=5 off=952 br=16000
frame 237: send=0x0 get=0x0 len=1733 coding=1 startqp=0 meanqp=0 picbytes=0 pskip=0 nalus=1 n1:1733
  snapshot f237: 3 venc_ko blocks (pool0 0x73801000 len 0x10000)
src frame 238: srcf=6 off=956 br=16000
frame 238: send=0x0 get=0x0 len=1652 coding=1 startqp=0 meanqp=0 picbytes=0 pskip=0 nalus=1 n1:1652
  snapshot f238: 3 venc_ko blocks (pool0 0x73801000 len 0x10000)
src frame 239: srcf=7 off=960 br=16000
frame 239: send=0x0 get=0x0 len=1811 coding=1 startqp=0 meanqp=0 picbytes=0 pskip=0 nalus=1 n1:1811
  snapshot f239: 3 venc_ko blocks (pool0 0x73801000 len 0x10000)
src frame 240: srcf=8 off=964 br=16000
frame 240: send=0x0 get=0x0 len=38382 coding=0 startqp=0 meanqp=0 picbytes=0 pskip=0 nalus=3 n7:32 n8:8 n5:38342
  snapshot f240: 3 venc_ko blocks (pool0 0x73801000 len 0x10000)
src frame 241: srcf=9 off=968 br=16000
frame 241: send=0x0 get=0x0 len=11956 coding=1 startqp=0 meanqp=0 picbytes=0 pskip=0 nalus=1 n1:11956
  snapshot f241: 3 venc_ko blocks (pool0 0x73801000 len 0x10000)
src frame 242: srcf=10 off=972 br=16000
frame 242: send=0x0 get=0x0 len=7312 coding=1 startqp=0 meanqp=0 picbytes=0 pskip=0 nalus=1 n1:7312
  snapshot f242: 3 venc_ko blocks (pool0 0x73801000 len 0x10000)
src frame 243: srcf=11 off=976 br=16000
frame 243: send=0x0 get=0x0 len=7848 coding=1 startqp=0 meanqp=0 picbytes=0 pskip=0 nalus=1 n1:7848
  snapshot f243: 3 venc_ko blocks (pool0 0x73801000 len 0x10000)
src frame 244: srcf=12 off=980 br=16000
frame 244: send=0x0 get=0x0 len=7090 coding=1 startqp=0 meanqp=0 picbytes=0 pskip=0 nalus=1 n1:7090
  snapshot f244: 3 venc_ko blocks (pool0 0x73801000 len 0x10000)
src frame 245: srcf=13 off=984 br=16000
frame 245: send=0x0 get=0x0 len=7379 coding=1 startqp=0 meanqp=0 picbytes=0 pskip=0 nalus=1 n1:7379
  snapshot f245: 3 venc_ko blocks (pool0 0x73801000 len 0x10000)
src frame 246: srcf=14 off=988 br=16000
frame 246: send=0x0 get=0x0 len=6954 coding=1 startqp=0 meanqp=0 picbytes=0 pskip=0 nalus=1 n1:6954
  snapshot f246: 3 venc_ko blocks (pool0 0x73801000 len 0x10000)
src frame 247: srcf=15 off=992 br=16000
frame 247: send=0x0 get=0x0 len=7384 coding=1 startqp=0 meanqp=0 picbytes=0 pskip=0 nalus=1 n1:7384
  snapshot f247: 3 venc_ko blocks (pool0 0x73801000 len 0x10000)
src frame 248: srcf=16 off=996 br=16000
frame 248: send=0x0 get=0x0 len=7705 coding=1 startqp=0 meanqp=0 picbytes=0 pskip=0 nalus=1 n1:7705
  snapshot f248: 3 venc_ko blocks (pool0 0x73801000 len 0x10000)
src frame 249: srcf=17 off=1000 br=16000
frame 249: send=0x0 get=0x0 len=8565 coding=1 startqp=0 meanqp=0 picbytes=0 pskip=0 nalus=1 n1:8565
  snapshot f249: 3 venc_ko blocks (pool0 0x73801000 len 0x10000)
src frame 250: srcf=18 off=1004 br=16000
frame 250: send=0x0 get=0x0 len=7841 coding=1 startqp=0 meanqp=0 picbytes=0 pskip=0 nalus=1 n1:7841
  snapshot f250: 3 venc_ko blocks (pool0 0x73801000 len 0x10000)
src frame 251: srcf=19 off=1008 br=16000
frame 251: send=0x0 get=0x0 len=9436 coding=1 startqp=0 meanqp=0 picbytes=0 pskip=0 nalus=1 n1:9436
  snapshot f251: 3 venc_ko blocks (pool0 0x73801000 len 0x10000)
src frame 252: srcf=20 off=1012 br=16000
frame 252: send=0x0 get=0x0 len=9144 coding=1 startqp=0 meanqp=0 picbytes=0 pskip=0 nalus=1 n1:9144
  snapshot f252: 3 venc_ko blocks (pool0 0x73801000 len 0x10000)
src frame 253: srcf=21 off=1016 br=16000
frame 253: send=0x0 get=0x0 len=5642 coding=1 startqp=0 meanqp=0 picbytes=0 pskip=0 nalus=1 n1:5642
  snapshot f253: 3 venc_ko blocks (pool0 0x73801000 len 0x10000)
src frame 254: srcf=22 off=1020 br=16000
frame 254: send=0x0 get=0x0 len=4408 coding=1 startqp=0 meanqp=0 picbytes=0 pskip=0 nalus=1 n1:4408
  snapshot f254: 3 venc_ko blocks (pool0 0x73801000 len 0x10000)
src frame 255: srcf=23 off=1024 br=16000
frame 255: send=0x0 get=0x0 len=3591 coding=1 startqp=0 meanqp=0 picbytes=0 pskip=0 nalus=1 n1:3591
  snapshot f255: 3 venc_ko blocks (pool0 0x73801000 len 0x10000)
src frame 256: srcf=24 off=1028 br=16000
frame 256: send=0x0 get=0x0 len=2365 coding=1 startqp=0 meanqp=0 picbytes=0 pskip=0 nalus=1 n1:2365
  snapshot f256: 3 venc_ko blocks (pool0 0x73801000 len 0x10000)
src frame 257: srcf=25 off=1032 br=16000
frame 257: send=0x0 get=0x0 len=2261 coding=1 startqp=0 meanqp=0 picbytes=0 pskip=0 nalus=1 n1:2261
  snapshot f257: 3 venc_ko blocks (pool0 0x73801000 len 0x10000)
src frame 258: srcf=26 off=1036 br=16000
frame 258: send=0x0 get=0x0 len=2181 coding=1 startqp=0 meanqp=0 picbytes=0 pskip=0 nalus=1 n1:2181
  snapshot f258: 3 venc_ko blocks (pool0 0x73801000 len 0x10000)
src frame 259: srcf=27 off=1040 br=16000
frame 259: send=0x0 get=0x0 len=2102 coding=1 startqp=0 meanqp=0 picbytes=0 pskip=0 nalus=1 n1:2102
  snapshot f259: 3 venc_ko blocks (pool0 0x73801000 len 0x10000)
src frame 260: srcf=28 off=1044 br=16000
frame 260: send=0x0 get=0x0 len=2213 coding=1 startqp=0 meanqp=0 picbytes=0 pskip=0 nalus=1 n1:2213
  snapshot f260: 3 venc_ko blocks (pool0 0x73801000 len 0x10000)
src frame 261: srcf=29 off=1048 br=16000
frame 261: send=0x0 get=0x0 len=2603 coding=1 startqp=0 meanqp=0 picbytes=0 pskip=0 nalus=1 n1:2603
  snapshot f261: 3 venc_ko blocks (pool0 0x73801000 len 0x10000)
src frame 262: srcf=28 off=1052 br=16000
frame 262: send=0x0 get=0x0 len=2363 coding=1 startqp=0 meanqp=0 picbytes=0 pskip=0 nalus=1 n1:2363
  snapshot f262: 3 venc_ko blocks (pool0 0x73801000 len 0x10000)
src frame 263: srcf=27 off=1056 br=16000
frame 263: send=0x0 get=0x0 len=2365 coding=1 startqp=0 meanqp=0 picbytes=0 pskip=0 nalus=1 n1:2365
  snapshot f263: 3 venc_ko blocks (pool0 0x73801000 len 0x10000)
src frame 264: srcf=26 off=1060 br=16000
frame 264: send=0x0 get=0x0 len=2340 coding=1 startqp=0 meanqp=0 picbytes=0 pskip=0 nalus=1 n1:2340
  snapshot f264: 3 venc_ko blocks (pool0 0x73801000 len 0x10000)
src frame 265: srcf=25 off=1064 br=16000
frame 265: send=0x0 get=0x0 len=2414 coding=1 startqp=0 meanqp=0 picbytes=0 pskip=0 nalus=1 n1:2414
  snapshot f265: 3 venc_ko blocks (pool0 0x73801000 len 0x10000)
src frame 266: srcf=24 off=1068 br=16000
frame 266: send=0x0 get=0x0 len=1820 coding=1 startqp=0 meanqp=0 picbytes=0 pskip=0 nalus=1 n1:1820
  snapshot f266: 3 venc_ko blocks (pool0 0x73801000 len 0x10000)
src frame 267: srcf=23 off=1072 br=16000
frame 267: send=0x0 get=0x0 len=1819 coding=1 startqp=0 meanqp=0 picbytes=0 pskip=0 nalus=1 n1:1819
  snapshot f267: 3 venc_ko blocks (pool0 0x73801000 len 0x10000)
src frame 268: srcf=22 off=1076 br=16000
frame 268: send=0x0 get=0x0 len=1837 coding=1 startqp=0 meanqp=0 picbytes=0 pskip=0 nalus=1 n1:1837
  snapshot f268: 3 venc_ko blocks (pool0 0x73801000 len 0x10000)
src frame 269: srcf=21 off=1080 br=16000
frame 269: send=0x0 get=0x0 len=2439 coding=1 startqp=0 meanqp=0 picbytes=0 pskip=0 nalus=1 n1:2439
  snapshot f269: 3 venc_ko blocks (pool0 0x73801000 len 0x10000)
---- /proc/ax_proc/venc ----
-------- VENC VERSION ------------------------
[Axera version]: ax_venc V3.0.0_20250319114413 Mar 19 2025 11:58:34 JK

-------- MODULE PARAM ------------------------
MaxChnNum   MaxRoiNum   MaxProcNum  
16          8           16          

-------- VENC CHN ATTR 1 ------------------------
ID    Type    wSrc    hSrc    Strd0   Strd1   maxW    maxH    PixFmt  link  InFifoDep    OutFifoDep   InDbgFifoLen InDbgFifoDep StrmBufSize(KB)
7     h264    1920    1080    3840    0       1920    1080    YUYV422 N     2            2            0            4            4114      
-------- VENC CHN ATTR 2 ------------------------
ID    [CropEn StartX  StartY  CropW   CropH]  Rotation  EncW    EncH    FrmSize      PTS          SeqNum       CompMode     CompLevel    PhyAddr0     PhyAddr1     PhyAddr2     
7     N       0       0       0       0       0         1920    1080    4147200      4100000      247          NONE         0            742d1000     0            0            
-------- VENC RC ATTR 1 ------------------------
ID    RcMode    SrcFr   DstFr   Br(kbps)  MinQp   MaxQp   MinIQp  MaxIQp  IQpDelta  IpropMax   IpropMin   StartQp    QpDltRng   DeBrQpDlt  SvcEn   ChgPos  StillPercent MaxStillQp 
7     CBR       60.00   60.00   16000     10      51      10      51      0         40         10         -1         2          0          False   -       -            -          
-------- VENC RC ATTR 2  -----------------------
ID    QMapQpType  QMapUnit    QMapBlkType IQp   PQp   MinQpDelta MaxQpDelta MaxBitRate shtStaTime ltStaTime  ltMinBr  ltMaxBr  Br_ST(kbps)    Br_LT(kbps)    
7     N/A         64x64       N/A         -     -     -          -          -          -          -          -        -        -              -              
-------- VENC GOP ATTR  ------------------------
ID    GopMode   Gop   GopVI 
7     NormalP   30    0     
-------- VENC STATUS 1 -------------------------
ID    RJEn         RJThr(bps)   RJMode       RJEncGaps    SupFrmEn     SupPri       SupThrI      SupThrP      SplitEn      SliceNum     Range(In)    Range(out)   
7     N            0            Normal       0            N            0            500000       500000       N            0            Full         Full         
-------- VENC STATUS 2 -------------------------
ID    ChnStat   FrmRecv   FrmRls    FrmEnc    FrmDrop   FrmDup    EncFail   MissMatch StrmGet   StrmRls   OutFps    RealBr    ReEncCnt  DropCnt   BlkFail   GrpID     PID     TID     ThNum   RefInc    RefDec    Fail1   Fail2   Fail3   Fail4   
7     STARTED   247       246       246       0         0         0         0         246       246       49.51     2331.03   0         0         0         -1        130264  130268  1       247       246       0       0       0       0       
-------- VENC HW STATUS  ------------------------
ID    OverFlow     TimeOut      
7     0            0            
-------- VENC ROI INFO  ------------------------
ID    Index        bEnable      bAbsQp       RoiQP        Width        Height       StartX       StartY       
done h264_chgmid
rc=0
== h264_chgmid: codec=h264 rc=cbr br=8000 fps=60 gop=30 frames=270 total=1602291 B achieved=2849 kbps
I frames (frame:qp/bytes): 0:32/30679 30:30/34191 60:28/38434 90:37/22427 120:35/25797 150:32/30788 180:32/30988 210:30/34235 240:28/38382
first P after each I (frame:qp): 1:35 31:33 61:31 91:40 121:38 151:35 181:34 211:33 241:31
per-GOP: gop#: kbps I_qp P_qp[min..max] P_qp_last
  0: 3132 kbps I=[32] P=[21..35] last=21 n=30
  1: 3108 kbps I=[30] P=[19..33] last=19 n=30
  2: 2974 kbps I=[28] P=[17..31] last=17 n=30
  3: 2650 kbps I=[37] P=[26..40] last=26 n=30
  4: 2028 kbps I=[35] P=[31..38] last=31 n=30
  5: 3029 kbps I=[32] P=[20..37] last=20 n=30
  6: 2842 kbps I=[32] P=[21..34] last=21 n=30
  7: 2965 kbps I=[30] P=[19..33] last=19 n=30
  8: 2908 kbps I=[28] P=[17..31] last=17 n=30
P->P QP step histogram: -2:7 -1:112 +0:126 +1:7
I->firstP QP delta: +3 +3 +3 +3 +3 +3 +2 +3 +3
sw7 frame-QP == slice QP: 270/270 frames with a program agree; mismatches at []
slot flags: {'': 270}
sw105-107 distinct (I): [('0x1adb00', '0x1adb00', '0x1adb00'), ('0x2361f8', '0x2361f8', '0x2361f8'), ('0x46c3f1', '0x46c3f1', '0x46c3f1'), ('0x4dd789', '0x4dd789', '0x4dd789'), ('0x8d87e', '0x8d87e', '0x8d87e')]
sw172/173 distinct: [('0x14f', '0x662'), ('0x14f', '0x66a')]
sw6 distinct (I / P): ['0x3'] ['0x3']
mid-stream changes: [{'frame': 75, 'before': 8000, 'to': 2000, 'g': '0', 's': '0', 'rb': 2000}, {'frame': 165, 'before': 2000, 'to': 16000, 'g': '0', 's': '0', 'rb': 16000}]
  segment 0..74: 3440 kbps, qp first=32 last=18 min=18 max=35
  segment 75..164: 2245 kbps, qp first=17 last=30 min=17 max=40
  segment 165..269: 2944 kbps, qp first=30 last=17 min=17 max=34
  around change at 75: 71:P9506/q21 72:P9600/q20 73:P6252/q19 74:P4284/q18 75:P3112/q17 76:P2408/q17 77:P2463/q17 78:P2237/q17 79:P3050/q17 80:P3158/q17 81:P4144/q17 82:P3211/q17 83:P2276/q17 84:P1916/q17 85:P1909/q17 86:P1706/q17 87:P2068/q17 88:P2116/q17 89:P2713/q17 90:I22427/q37
  around change at 165: 161:P4317/q31 162:P4338/q30 163:P4550/q30 164:P4418/q30 165:P6221/q30 166:P6634/q29 167:P7186/q28 168:P7797/q27 169:P7779/q26 170:P7188/q25 171:P7336/q24 172:P8119/q23 173:P8410/q22 174:P8755/q21 175:P5773/q21 176:P4931/q21 177:P4022/q21 178:P5202/q20 179:P3898/q20 180:I30988/q32
=== h265_chg: codec=h265 rc=cbr br=8000 nframes=270 src=/root/rc65/clips/static.yuyv motion=vscroll mstep=4 chg=60:2000,120:16000
# vdrive tag=h265_chg codec=h265 1920x1080 rc=cbr br=8000 fps=60/60 gop=30 gopmode=normalp ltrint=0 ltrqpo=0 iqp=32 pqp=32 profile=0 level=153 tier=0 qp[10..51] iqp[10..51] iqd=0 firstqp=-1 iprop[10..40] idrrange=2 stattime=1 vq=0 ir=0/0 slice=0 debreath=0 scd=-1 rowqpd=-1 vui=-1 move=0 nframes=270
src=/root/rc65/clips/static.yuyv frames=30 loop=pingpong motion=vscroll mstep=4 window=0..-1
chg plan: frame 60 -> 2000 kbps
chg plan: frame 120 -> 16000 kbps
AX_SYS_Init rc=0x0
AX_VENC_Init rc=0x0
AX_VENC_CreateChn(7) rc=0x0
StartRecvFrame rc=0x0
AX_POOL_CreatePool id=0x0
blk=0x5e000000 phys=0x742cb000 virt=0xffff83535000
frame: modid=0x11 stride=1920 fmt=0xd
  snapshot pre: 3 venc_ko blocks (pool0 0x73801000 len 0x10000)
src frame 0: srcf=0 off=4 br=8000
frame 0: send=0x0 get=0x0 len=29084 coding=0 startqp=0 meanqp=0 picbytes=0 pskip=0 nalus=4 n32:27 n33:53 n34:12 n19:28992
  cu: inter64=0 inter32=0 inter16=0 inter8=0 intra32=0 intra16=0 intra8=0 intra4=0 reftype=0
  snapshot f000: 3 venc_ko blocks (pool0 0x73801000 len 0x10000)
src frame 1: srcf=1 off=8 br=8000
frame 1: send=0x0 get=0x0 len=4720 coding=1 startqp=0 meanqp=0 picbytes=0 pskip=0 nalus=1 n1:4720
  cu: inter64=0 inter32=0 inter16=0 inter8=0 intra32=0 intra16=0 intra8=0 intra4=0 reftype=0
  snapshot f001: 3 venc_ko blocks (pool0 0x73801000 len 0x10000)
src frame 2: srcf=2 off=12 br=8000
frame 2: send=0x0 get=0x0 len=5946 coding=1 startqp=0 meanqp=0 picbytes=0 pskip=0 nalus=1 n1:5946
  cu: inter64=0 inter32=0 inter16=0 inter8=0 intra32=0 intra16=0 intra8=0 intra4=0 reftype=0
  snapshot f002: 3 venc_ko blocks (pool0 0x73801000 len 0x10000)
src frame 3: srcf=3 off=16 br=8000
frame 3: send=0x0 get=0x0 len=3673 coding=1 startqp=0 meanqp=0 picbytes=0 pskip=0 nalus=1 n1:3673
  cu: inter64=0 inter32=0 inter16=0 inter8=0 intra32=0 intra16=0 intra8=0 intra4=0 reftype=0
  snapshot f003: 3 venc_ko blocks (pool0 0x73801000 len 0x10000)
src frame 4: srcf=4 off=20 br=8000
frame 4: send=0x0 get=0x0 len=3751 coding=1 startqp=0 meanqp=0 picbytes=0 pskip=0 nalus=1 n1:3751
  cu: inter64=0 inter32=0 inter16=0 inter8=0 intra32=0 intra16=0 intra8=0 intra4=0 reftype=0
  snapshot f004: 3 venc_ko blocks (pool0 0x73801000 len 0x10000)
src frame 5: srcf=5 off=24 br=8000
frame 5: send=0x0 get=0x0 len=4211 coding=1 startqp=0 meanqp=0 picbytes=0 pskip=0 nalus=1 n1:4211
  cu: inter64=0 inter32=0 inter16=0 inter8=0 intra32=0 intra16=0 intra8=0 intra4=0 reftype=0
  snapshot f005: 3 venc_ko blocks (pool0 0x73801000 len 0x10000)
src frame 6: srcf=6 off=28 br=8000
frame 6: send=0x0 get=0x0 len=4223 coding=1 startqp=0 meanqp=0 picbytes=0 pskip=0 nalus=1 n1:4223
  cu: inter64=0 inter32=0 inter16=0 inter8=0 intra32=0 intra16=0 intra8=0 intra4=0 reftype=0
  snapshot f006: 3 venc_ko blocks (pool0 0x73801000 len 0x10000)
src frame 7: srcf=7 off=32 br=8000
frame 7: send=0x0 get=0x0 len=3949 coding=1 startqp=0 meanqp=0 picbytes=0 pskip=0 nalus=1 n1:3949
  cu: inter64=0 inter32=0 inter16=0 inter8=0 intra32=0 intra16=0 intra8=0 intra4=0 reftype=0
  snapshot f007: 3 venc_ko blocks (pool0 0x73801000 len 0x10000)
src frame 8: srcf=8 off=36 br=8000
frame 8: send=0x0 get=0x0 len=4082 coding=1 startqp=0 meanqp=0 picbytes=0 pskip=0 nalus=1 n1:4082
  cu: inter64=0 inter32=0 inter16=0 inter8=0 intra32=0 intra16=0 intra8=0 intra4=0 reftype=0
  snapshot f008: 3 venc_ko blocks (pool0 0x73801000 len 0x10000)
src frame 9: srcf=9 off=40 br=8000
frame 9: send=0x0 get=0x0 len=4123 coding=1 startqp=0 meanqp=0 picbytes=0 pskip=0 nalus=1 n1:4123
  cu: inter64=0 inter32=0 inter16=0 inter8=0 intra32=0 intra16=0 intra8=0 intra4=0 reftype=0
  snapshot f009: 3 venc_ko blocks (pool0 0x73801000 len 0x10000)
src frame 10: srcf=10 off=44 br=8000
frame 10: send=0x0 get=0x0 len=3968 coding=1 startqp=0 meanqp=0 picbytes=0 pskip=0 nalus=1 n1:3968
  cu: inter64=0 inter32=0 inter16=0 inter8=0 intra32=0 intra16=0 intra8=0 intra4=0 reftype=0
  snapshot f010: 3 venc_ko blocks (pool0 0x73801000 len 0x10000)
src frame 11: srcf=11 off=48 br=8000
frame 11: send=0x0 get=0x0 len=4997 coding=1 startqp=0 meanqp=0 picbytes=0 pskip=0 nalus=1 n1:4997
  cu: inter64=0 inter32=0 inter16=0 inter8=0 intra32=0 intra16=0 intra8=0 intra4=0 reftype=0
  snapshot f011: 3 venc_ko blocks (pool0 0x73801000 len 0x10000)
src frame 12: srcf=12 off=52 br=8000
frame 12: send=0x0 get=0x0 len=5287 coding=1 startqp=0 meanqp=0 picbytes=0 pskip=0 nalus=1 n1:5287
  cu: inter64=0 inter32=0 inter16=0 inter8=0 intra32=0 intra16=0 intra8=0 intra4=0 reftype=0
  snapshot f012: 3 venc_ko blocks (pool0 0x73801000 len 0x10000)
src frame 13: srcf=13 off=56 br=8000
frame 13: send=0x0 get=0x0 len=5587 coding=1 startqp=0 meanqp=0 picbytes=0 pskip=0 nalus=1 n1:5587
  cu: inter64=0 inter32=0 inter16=0 inter8=0 intra32=0 intra16=0 intra8=0 intra4=0 reftype=0
  snapshot f013: 3 venc_ko blocks (pool0 0x73801000 len 0x10000)
src frame 14: srcf=14 off=60 br=8000
frame 14: send=0x0 get=0x0 len=6911 coding=1 startqp=0 meanqp=0 picbytes=0 pskip=0 nalus=1 n1:6911
  cu: inter64=0 inter32=0 inter16=0 inter8=0 intra32=0 intra16=0 intra8=0 intra4=0 reftype=0
  snapshot f014: 3 venc_ko blocks (pool0 0x73801000 len 0x10000)
src frame 15: srcf=15 off=64 br=8000
frame 15: send=0x0 get=0x0 len=2638 coding=1 startqp=0 meanqp=0 picbytes=0 pskip=0 nalus=1 n1:2638
  cu: inter64=0 inter32=0 inter16=0 inter8=0 intra32=0 intra16=0 intra8=0 intra4=0 reftype=0
  snapshot f015: 3 venc_ko blocks (pool0 0x73801000 len 0x10000)
src frame 16: srcf=16 off=68 br=8000
frame 16: send=0x0 get=0x0 len=2027 coding=1 startqp=0 meanqp=0 picbytes=0 pskip=0 nalus=1 n1:2027
  cu: inter64=0 inter32=0 inter16=0 inter8=0 intra32=0 intra16=0 intra8=0 intra4=0 reftype=0
  snapshot f016: 3 venc_ko blocks (pool0 0x73801000 len 0x10000)
src frame 17: srcf=17 off=72 br=8000
frame 17: send=0x0 get=0x0 len=1674 coding=1 startqp=0 meanqp=0 picbytes=0 pskip=0 nalus=1 n1:1674
  cu: inter64=0 inter32=0 inter16=0 inter8=0 intra32=0 intra16=0 intra8=0 intra4=0 reftype=0
  snapshot f017: 3 venc_ko blocks (pool0 0x73801000 len 0x10000)
src frame 18: srcf=18 off=76 br=8000
frame 18: send=0x0 get=0x0 len=1711 coding=1 startqp=0 meanqp=0 picbytes=0 pskip=0 nalus=1 n1:1711
  cu: inter64=0 inter32=0 inter16=0 inter8=0 intra32=0 intra16=0 intra8=0 intra4=0 reftype=0
  snapshot f018: 3 venc_ko blocks (pool0 0x73801000 len 0x10000)
src frame 19: srcf=19 off=80 br=8000
frame 19: send=0x0 get=0x0 len=1668 coding=1 startqp=0 meanqp=0 picbytes=0 pskip=0 nalus=1 n1:1668
  cu: inter64=0 inter32=0 inter16=0 inter8=0 intra32=0 intra16=0 intra8=0 intra4=0 reftype=0
  snapshot f019: 3 venc_ko blocks (pool0 0x73801000 len 0x10000)
src frame 20: srcf=20 off=84 br=8000
frame 20: send=0x0 get=0x0 len=1265 coding=1 startqp=0 meanqp=0 picbytes=0 pskip=0 nalus=1 n1:1265
  cu: inter64=0 inter32=0 inter16=0 inter8=0 intra32=0 intra16=0 intra8=0 intra4=0 reftype=0
  snapshot f020: 3 venc_ko blocks (pool0 0x73801000 len 0x10000)
src frame 21: srcf=21 off=88 br=8000
frame 21: send=0x0 get=0x0 len=1519 coding=1 startqp=0 meanqp=0 picbytes=0 pskip=0 nalus=1 n1:1519
  cu: inter64=0 inter32=0 inter16=0 inter8=0 intra32=0 intra16=0 intra8=0 intra4=0 reftype=0
  snapshot f021: 3 venc_ko blocks (pool0 0x73801000 len 0x10000)
src frame 22: srcf=22 off=92 br=8000
frame 22: send=0x0 get=0x0 len=2751 coding=1 startqp=0 meanqp=0 picbytes=0 pskip=0 nalus=1 n1:2751
  cu: inter64=0 inter32=0 inter16=0 inter8=0 intra32=0 intra16=0 intra8=0 intra4=0 reftype=0
  snapshot f022: 3 venc_ko blocks (pool0 0x73801000 len 0x10000)
src frame 23: srcf=23 off=96 br=8000
frame 23: send=0x0 get=0x0 len=3709 coding=1 startqp=0 meanqp=0 picbytes=0 pskip=0 nalus=1 n1:3709
  cu: inter64=0 inter32=0 inter16=0 inter8=0 intra32=0 intra16=0 intra8=0 intra4=0 reftype=0
  snapshot f023: 3 venc_ko blocks (pool0 0x73801000 len 0x10000)
src frame 24: srcf=24 off=100 br=8000
frame 24: send=0x0 get=0x0 len=3878 coding=1 startqp=0 meanqp=0 picbytes=0 pskip=0 nalus=1 n1:3878
  cu: inter64=0 inter32=0 inter16=0 inter8=0 intra32=0 intra16=0 intra8=0 intra4=0 reftype=0
  snapshot f024: 3 venc_ko blocks (pool0 0x73801000 len 0x10000)
src frame 25: srcf=25 off=104 br=8000
frame 25: send=0x0 get=0x0 len=1963 coding=1 startqp=0 meanqp=0 picbytes=0 pskip=0 nalus=1 n1:1963
  cu: inter64=0 inter32=0 inter16=0 inter8=0 intra32=0 intra16=0 intra8=0 intra4=0 reftype=0
  snapshot f025: 3 venc_ko blocks (pool0 0x73801000 len 0x10000)
src frame 26: srcf=26 off=108 br=8000
frame 26: send=0x0 get=0x0 len=1347 coding=1 startqp=0 meanqp=0 picbytes=0 pskip=0 nalus=1 n1:1347
  cu: inter64=0 inter32=0 inter16=0 inter8=0 intra32=0 intra16=0 intra8=0 intra4=0 reftype=0
  snapshot f026: 3 venc_ko blocks (pool0 0x73801000 len 0x10000)
src frame 27: srcf=27 off=112 br=8000
frame 27: send=0x0 get=0x0 len=1232 coding=1 startqp=0 meanqp=0 picbytes=0 pskip=0 nalus=1 n1:1232
  cu: inter64=0 inter32=0 inter16=0 inter8=0 intra32=0 intra16=0 intra8=0 intra4=0 reftype=0
  snapshot f027: 3 venc_ko blocks (pool0 0x73801000 len 0x10000)
src frame 28: srcf=28 off=116 br=8000
frame 28: send=0x0 get=0x0 len=1021 coding=1 startqp=0 meanqp=0 picbytes=0 pskip=0 nalus=1 n1:1021
  cu: inter64=0 inter32=0 inter16=0 inter8=0 intra32=0 intra16=0 intra8=0 intra4=0 reftype=0
  snapshot f028: 3 venc_ko blocks (pool0 0x73801000 len 0x10000)
src frame 29: srcf=29 off=120 br=8000
frame 29: send=0x0 get=0x0 len=1691 coding=1 startqp=0 meanqp=0 picbytes=0 pskip=0 nalus=1 n1:1691
  cu: inter64=0 inter32=0 inter16=0 inter8=0 intra32=0 intra16=0 intra8=0 intra4=0 reftype=0
  snapshot f029: 3 venc_ko blocks (pool0 0x73801000 len 0x10000)
src frame 30: srcf=28 off=124 br=8000
frame 30: send=0x0 get=0x0 len=32530 coding=0 startqp=0 meanqp=0 picbytes=0 pskip=0 nalus=4 n32:27 n33:53 n34:12 n19:32438
  cu: inter64=0 inter32=0 inter16=0 inter8=0 intra32=0 intra16=0 intra8=0 intra4=0 reftype=0
  snapshot f030: 3 venc_ko blocks (pool0 0x73801000 len 0x10000)
src frame 31: srcf=27 off=128 br=8000
frame 31: send=0x0 get=0x0 len=5926 coding=1 startqp=0 meanqp=0 picbytes=0 pskip=0 nalus=1 n1:5926
  cu: inter64=0 inter32=0 inter16=0 inter8=0 intra32=0 intra16=0 intra8=0 intra4=0 reftype=0
  snapshot f031: 3 venc_ko blocks (pool0 0x73801000 len 0x10000)
src frame 32: srcf=26 off=132 br=8000
frame 32: send=0x0 get=0x0 len=3584 coding=1 startqp=0 meanqp=0 picbytes=0 pskip=0 nalus=1 n1:3584
  cu: inter64=0 inter32=0 inter16=0 inter8=0 intra32=0 intra16=0 intra8=0 intra4=0 reftype=0
  snapshot f032: 3 venc_ko blocks (pool0 0x73801000 len 0x10000)
src frame 33: srcf=25 off=136 br=8000
frame 33: send=0x0 get=0x0 len=3299 coding=1 startqp=0 meanqp=0 picbytes=0 pskip=0 nalus=1 n1:3299
  cu: inter64=0 inter32=0 inter16=0 inter8=0 intra32=0 intra16=0 intra8=0 intra4=0 reftype=0
  snapshot f033: 3 venc_ko blocks (pool0 0x73801000 len 0x10000)
src frame 34: srcf=24 off=140 br=8000
frame 34: send=0x0 get=0x0 len=4067 coding=1 startqp=0 meanqp=0 picbytes=0 pskip=0 nalus=1 n1:4067
  cu: inter64=0 inter32=0 inter16=0 inter8=0 intra32=0 intra16=0 intra8=0 intra4=0 reftype=0
  snapshot f034: 3 venc_ko blocks (pool0 0x73801000 len 0x10000)
src frame 35: srcf=23 off=144 br=8000
frame 35: send=0x0 get=0x0 len=4303 coding=1 startqp=0 meanqp=0 picbytes=0 pskip=0 nalus=1 n1:4303
  cu: inter64=0 inter32=0 inter16=0 inter8=0 intra32=0 intra16=0 intra8=0 intra4=0 reftype=0
  snapshot f035: 3 venc_ko blocks (pool0 0x73801000 len 0x10000)
src frame 36: srcf=22 off=148 br=8000
frame 36: send=0x0 get=0x0 len=3806 coding=1 startqp=0 meanqp=0 picbytes=0 pskip=0 nalus=1 n1:3806
  cu: inter64=0 inter32=0 inter16=0 inter8=0 intra32=0 intra16=0 intra8=0 intra4=0 reftype=0
  snapshot f036: 3 venc_ko blocks (pool0 0x73801000 len 0x10000)
src frame 37: srcf=21 off=152 br=8000
frame 37: send=0x0 get=0x0 len=3899 coding=1 startqp=0 meanqp=0 picbytes=0 pskip=0 nalus=1 n1:3899
  cu: inter64=0 inter32=0 inter16=0 inter8=0 intra32=0 intra16=0 intra8=0 intra4=0 reftype=0
  snapshot f037: 3 venc_ko blocks (pool0 0x73801000 len 0x10000)
src frame 38: srcf=20 off=156 br=8000
frame 38: send=0x0 get=0x0 len=4509 coding=1 startqp=0 meanqp=0 picbytes=0 pskip=0 nalus=1 n1:4509
  cu: inter64=0 inter32=0 inter16=0 inter8=0 intra32=0 intra16=0 intra8=0 intra4=0 reftype=0
  snapshot f038: 3 venc_ko blocks (pool0 0x73801000 len 0x10000)
src frame 39: srcf=19 off=160 br=8000
frame 39: send=0x0 get=0x0 len=4378 coding=1 startqp=0 meanqp=0 picbytes=0 pskip=0 nalus=1 n1:4378
  cu: inter64=0 inter32=0 inter16=0 inter8=0 intra32=0 intra16=0 intra8=0 intra4=0 reftype=0
  snapshot f039: 3 venc_ko blocks (pool0 0x73801000 len 0x10000)
src frame 40: srcf=18 off=164 br=8000
frame 40: send=0x0 get=0x0 len=4828 coding=1 startqp=0 meanqp=0 picbytes=0 pskip=0 nalus=1 n1:4828
  cu: inter64=0 inter32=0 inter16=0 inter8=0 intra32=0 intra16=0 intra8=0 intra4=0 reftype=0
  snapshot f040: 3 venc_ko blocks (pool0 0x73801000 len 0x10000)
src frame 41: srcf=17 off=168 br=8000
frame 41: send=0x0 get=0x0 len=5416 coding=1 startqp=0 meanqp=0 picbytes=0 pskip=0 nalus=1 n1:5416
  cu: inter64=0 inter32=0 inter16=0 inter8=0 intra32=0 intra16=0 intra8=0 intra4=0 reftype=0
  snapshot f041: 3 venc_ko blocks (pool0 0x73801000 len 0x10000)
src frame 42: srcf=16 off=172 br=8000
frame 42: send=0x0 get=0x0 len=6324 coding=1 startqp=0 meanqp=0 picbytes=0 pskip=0 nalus=1 n1:6324
  cu: inter64=0 inter32=0 inter16=0 inter8=0 intra32=0 intra16=0 intra8=0 intra4=0 reftype=0
  snapshot f042: 3 venc_ko blocks (pool0 0x73801000 len 0x10000)
src frame 43: srcf=15 off=176 br=8000
frame 43: send=0x0 get=0x0 len=7176 coding=1 startqp=0 meanqp=0 picbytes=0 pskip=0 nalus=1 n1:7176
  cu: inter64=0 inter32=0 inter16=0 inter8=0 intra32=0 intra16=0 intra8=0 intra4=0 reftype=0
  snapshot f043: 3 venc_ko blocks (pool0 0x73801000 len 0x10000)
src frame 44: srcf=14 off=180 br=8000
frame 44: send=0x0 get=0x0 len=7122 coding=1 startqp=0 meanqp=0 picbytes=0 pskip=0 nalus=1 n1:7122
  cu: inter64=0 inter32=0 inter16=0 inter8=0 intra32=0 intra16=0 intra8=0 intra4=0 reftype=0
  snapshot f044: 3 venc_ko blocks (pool0 0x73801000 len 0x10000)
src frame 45: srcf=13 off=184 br=8000
frame 45: send=0x0 get=0x0 len=3502 coding=1 startqp=0 meanqp=0 picbytes=0 pskip=0 nalus=1 n1:3502
  cu: inter64=0 inter32=0 inter16=0 inter8=0 intra32=0 intra16=0 intra8=0 intra4=0 reftype=0
  snapshot f045: 3 venc_ko blocks (pool0 0x73801000 len 0x10000)
src frame 46: srcf=12 off=188 br=8000
frame 46: send=0x0 get=0x0 len=2306 coding=1 startqp=0 meanqp=0 picbytes=0 pskip=0 nalus=1 n1:2306
  cu: inter64=0 inter32=0 inter16=0 inter8=0 intra32=0 intra16=0 intra8=0 intra4=0 reftype=0
  snapshot f046: 3 venc_ko blocks (pool0 0x73801000 len 0x10000)
src frame 47: srcf=11 off=192 br=8000
frame 47: send=0x0 get=0x0 len=1989 coding=1 startqp=0 meanqp=0 picbytes=0 pskip=0 nalus=1 n1:1989
  cu: inter64=0 inter32=0 inter16=0 inter8=0 intra32=0 intra16=0 intra8=0 intra4=0 reftype=0
  snapshot f047: 3 venc_ko blocks (pool0 0x73801000 len 0x10000)
src frame 48: srcf=10 off=196 br=8000
frame 48: send=0x0 get=0x0 len=2323 coding=1 startqp=0 meanqp=0 picbytes=0 pskip=0 nalus=1 n1:2323
  cu: inter64=0 inter32=0 inter16=0 inter8=0 intra32=0 intra16=0 intra8=0 intra4=0 reftype=0
  snapshot f048: 3 venc_ko blocks (pool0 0x73801000 len 0x10000)
src frame 49: srcf=9 off=200 br=8000
frame 49: send=0x0 get=0x0 len=1729 coding=1 startqp=0 meanqp=0 picbytes=0 pskip=0 nalus=1 n1:1729
  cu: inter64=0 inter32=0 inter16=0 inter8=0 intra32=0 intra16=0 intra8=0 intra4=0 reftype=0
  snapshot f049: 3 venc_ko blocks (pool0 0x73801000 len 0x10000)
src frame 50: srcf=8 off=204 br=8000
frame 50: send=0x0 get=0x0 len=2037 coding=1 startqp=0 meanqp=0 picbytes=0 pskip=0 nalus=1 n1:2037
  cu: inter64=0 inter32=0 inter16=0 inter8=0 intra32=0 intra16=0 intra8=0 intra4=0 reftype=0
  snapshot f050: 3 venc_ko blocks (pool0 0x73801000 len 0x10000)
src frame 51: srcf=7 off=208 br=8000
frame 51: send=0x0 get=0x0 len=2173 coding=1 startqp=0 meanqp=0 picbytes=0 pskip=0 nalus=1 n1:2173
  cu: inter64=0 inter32=0 inter16=0 inter8=0 intra32=0 intra16=0 intra8=0 intra4=0 reftype=0
  snapshot f051: 3 venc_ko blocks (pool0 0x73801000 len 0x10000)
src frame 52: srcf=6 off=212 br=8000
frame 52: send=0x0 get=0x0 len=2300 coding=1 startqp=0 meanqp=0 picbytes=0 pskip=0 nalus=1 n1:2300
  cu: inter64=0 inter32=0 inter16=0 inter8=0 intra32=0 intra16=0 intra8=0 intra4=0 reftype=0
  snapshot f052: 3 venc_ko blocks (pool0 0x73801000 len 0x10000)
src frame 53: srcf=5 off=216 br=8000
frame 53: send=0x0 get=0x0 len=2001 coding=1 startqp=0 meanqp=0 picbytes=0 pskip=0 nalus=1 n1:2001
  cu: inter64=0 inter32=0 inter16=0 inter8=0 intra32=0 intra16=0 intra8=0 intra4=0 reftype=0
  snapshot f053: 3 venc_ko blocks (pool0 0x73801000 len 0x10000)
src frame 54: srcf=4 off=220 br=8000
frame 54: send=0x0 get=0x0 len=1826 coding=1 startqp=0 meanqp=0 picbytes=0 pskip=0 nalus=1 n1:1826
  cu: inter64=0 inter32=0 inter16=0 inter8=0 intra32=0 intra16=0 intra8=0 intra4=0 reftype=0
  snapshot f054: 3 venc_ko blocks (pool0 0x73801000 len 0x10000)
src frame 55: srcf=3 off=224 br=8000
frame 55: send=0x0 get=0x0 len=1733 coding=1 startqp=0 meanqp=0 picbytes=0 pskip=0 nalus=1 n1:1733
  cu: inter64=0 inter32=0 inter16=0 inter8=0 intra32=0 intra16=0 intra8=0 intra4=0 reftype=0
  snapshot f055: 3 venc_ko blocks (pool0 0x73801000 len 0x10000)
src frame 56: srcf=2 off=228 br=8000
frame 56: send=0x0 get=0x0 len=1374 coding=1 startqp=0 meanqp=0 picbytes=0 pskip=0 nalus=1 n1:1374
  cu: inter64=0 inter32=0 inter16=0 inter8=0 intra32=0 intra16=0 intra8=0 intra4=0 reftype=0
  snapshot f056: 3 venc_ko blocks (pool0 0x73801000 len 0x10000)
src frame 57: srcf=1 off=232 br=8000
frame 57: send=0x0 get=0x0 len=1383 coding=1 startqp=0 meanqp=0 picbytes=0 pskip=0 nalus=1 n1:1383
  cu: inter64=0 inter32=0 inter16=0 inter8=0 intra32=0 intra16=0 intra8=0 intra4=0 reftype=0
  snapshot f057: 3 venc_ko blocks (pool0 0x73801000 len 0x10000)
src frame 58: srcf=0 off=236 br=8000
frame 58: send=0x0 get=0x0 len=1143 coding=1 startqp=0 meanqp=0 picbytes=0 pskip=0 nalus=1 n1:1143
  cu: inter64=0 inter32=0 inter16=0 inter8=0 intra32=0 intra16=0 intra8=0 intra4=0 reftype=0
  snapshot f058: 3 venc_ko blocks (pool0 0x73801000 len 0x10000)
src frame 59: srcf=1 off=240 br=8000
frame 59: send=0x0 get=0x0 len=1161 coding=1 startqp=0 meanqp=0 picbytes=0 pskip=0 nalus=1 n1:1161
  cu: inter64=0 inter32=0 inter16=0 inter8=0 intra32=0 intra16=0 intra8=0 intra4=0 reftype=0
  snapshot f059: 3 venc_ko blocks (pool0 0x73801000 len 0x10000)
chg frame=60 br 8000 -> 2000 kbps: GetRcParam=0x0 SetRcParam=0x0 readback=2000 mode=11
src frame 60: srcf=2 off=244 br=2000
frame 60: send=0x0 get=0x0 len=23869 coding=0 startqp=0 meanqp=0 picbytes=0 pskip=0 nalus=4 n32:27 n33:53 n34:12 n19:23777
  cu: inter64=0 inter32=0 inter16=0 inter8=0 intra32=0 intra16=0 intra8=0 intra4=0 reftype=0
  snapshot f060: 3 venc_ko blocks (pool0 0x73801000 len 0x10000)
src frame 61: srcf=3 off=248 br=2000
frame 61: send=0x0 get=0x0 len=721 coding=1 startqp=0 meanqp=0 picbytes=0 pskip=0 nalus=1 n1:721
  cu: inter64=0 inter32=0 inter16=0 inter8=0 intra32=0 intra16=0 intra8=0 intra4=0 reftype=0
  snapshot f061: 3 venc_ko blocks (pool0 0x73801000 len 0x10000)
src frame 62: srcf=4 off=252 br=2000
frame 62: send=0x0 get=0x0 len=349 coding=1 startqp=0 meanqp=0 picbytes=0 pskip=0 nalus=1 n1:349
  cu: inter64=0 inter32=0 inter16=0 inter8=0 intra32=0 intra16=0 intra8=0 intra4=0 reftype=0
  snapshot f062: 3 venc_ko blocks (pool0 0x73801000 len 0x10000)
src frame 63: srcf=5 off=256 br=2000
frame 63: send=0x0 get=0x0 len=235 coding=1 startqp=0 meanqp=0 picbytes=0 pskip=0 nalus=1 n1:235
  cu: inter64=0 inter32=0 inter16=0 inter8=0 intra32=0 intra16=0 intra8=0 intra4=0 reftype=0
  snapshot f063: 3 venc_ko blocks (pool0 0x73801000 len 0x10000)
src frame 64: srcf=6 off=260 br=2000
frame 64: send=0x0 get=0x0 len=223 coding=1 startqp=0 meanqp=0 picbytes=0 pskip=0 nalus=1 n1:223
  cu: inter64=0 inter32=0 inter16=0 inter8=0 intra32=0 intra16=0 intra8=0 intra4=0 reftype=0
  snapshot f064: 3 venc_ko blocks (pool0 0x73801000 len 0x10000)
src frame 65: srcf=7 off=264 br=2000
frame 65: send=0x0 get=0x0 len=158 coding=1 startqp=0 meanqp=0 picbytes=0 pskip=0 nalus=1 n1:158
  cu: inter64=0 inter32=0 inter16=0 inter8=0 intra32=0 intra16=0 intra8=0 intra4=0 reftype=0
  snapshot f065: 3 venc_ko blocks (pool0 0x73801000 len 0x10000)
src frame 66: srcf=8 off=268 br=2000
frame 66: send=0x0 get=0x0 len=129 coding=1 startqp=0 meanqp=0 picbytes=0 pskip=0 nalus=1 n1:129
  cu: inter64=0 inter32=0 inter16=0 inter8=0 intra32=0 intra16=0 intra8=0 intra4=0 reftype=0
  snapshot f066: 3 venc_ko blocks (pool0 0x73801000 len 0x10000)
src frame 67: srcf=9 off=272 br=2000
frame 67: send=0x0 get=0x0 len=108 coding=1 startqp=0 meanqp=0 picbytes=0 pskip=0 nalus=1 n1:108
  cu: inter64=0 inter32=0 inter16=0 inter8=0 intra32=0 intra16=0 intra8=0 intra4=0 reftype=0
  snapshot f067: 3 venc_ko blocks (pool0 0x73801000 len 0x10000)
src frame 68: srcf=10 off=276 br=2000
frame 68: send=0x0 get=0x0 len=94 coding=1 startqp=0 meanqp=0 picbytes=0 pskip=0 nalus=1 n1:94
  cu: inter64=0 inter32=0 inter16=0 inter8=0 intra32=0 intra16=0 intra8=0 intra4=0 reftype=0
  snapshot f068: 3 venc_ko blocks (pool0 0x73801000 len 0x10000)
src frame 69: srcf=11 off=280 br=2000
frame 69: send=0x0 get=0x0 len=85 coding=1 startqp=0 meanqp=0 picbytes=0 pskip=0 nalus=1 n1:85
  cu: inter64=0 inter32=0 inter16=0 inter8=0 intra32=0 intra16=0 intra8=0 intra4=0 reftype=0
  snapshot f069: 3 venc_ko blocks (pool0 0x73801000 len 0x10000)
src frame 70: srcf=12 off=284 br=2000
frame 70: send=0x0 get=0x0 len=95 coding=1 startqp=0 meanqp=0 picbytes=0 pskip=0 nalus=1 n1:95
  cu: inter64=0 inter32=0 inter16=0 inter8=0 intra32=0 intra16=0 intra8=0 intra4=0 reftype=0
  snapshot f070: 3 venc_ko blocks (pool0 0x73801000 len 0x10000)
src frame 71: srcf=13 off=288 br=2000
frame 71: send=0x0 get=0x0 len=87 coding=1 startqp=0 meanqp=0 picbytes=0 pskip=0 nalus=1 n1:87
  cu: inter64=0 inter32=0 inter16=0 inter8=0 intra32=0 intra16=0 intra8=0 intra4=0 reftype=0
  snapshot f071: 3 venc_ko blocks (pool0 0x73801000 len 0x10000)
src frame 72: srcf=14 off=292 br=2000
frame 72: send=0x0 get=0x0 len=102 coding=1 startqp=0 meanqp=0 picbytes=0 pskip=0 nalus=1 n1:102
  cu: inter64=0 inter32=0 inter16=0 inter8=0 intra32=0 intra16=0 intra8=0 intra4=0 reftype=0
  snapshot f072: 3 venc_ko blocks (pool0 0x73801000 len 0x10000)
src frame 73: srcf=15 off=296 br=2000
frame 73: send=0x0 get=0x0 len=94 coding=1 startqp=0 meanqp=0 picbytes=0 pskip=0 nalus=1 n1:94
  cu: inter64=0 inter32=0 inter16=0 inter8=0 intra32=0 intra16=0 intra8=0 intra4=0 reftype=0
  snapshot f073: 3 venc_ko blocks (pool0 0x73801000 len 0x10000)
src frame 74: srcf=16 off=300 br=2000
frame 74: send=0x0 get=0x0 len=92 coding=1 startqp=0 meanqp=0 picbytes=0 pskip=0 nalus=1 n1:92
  cu: inter64=0 inter32=0 inter16=0 inter8=0 intra32=0 intra16=0 intra8=0 intra4=0 reftype=0
  snapshot f074: 3 venc_ko blocks (pool0 0x73801000 len 0x10000)
src frame 75: srcf=17 off=304 br=2000
frame 75: send=0x0 get=0x0 len=79 coding=1 startqp=0 meanqp=0 picbytes=0 pskip=0 nalus=1 n1:79
  cu: inter64=0 inter32=0 inter16=0 inter8=0 intra32=0 intra16=0 intra8=0 intra4=0 reftype=0
  snapshot f075: 3 venc_ko blocks (pool0 0x73801000 len 0x10000)
src frame 76: srcf=18 off=308 br=2000
frame 76: send=0x0 get=0x0 len=101 coding=1 startqp=0 meanqp=0 picbytes=0 pskip=0 nalus=1 n1:101
  cu: inter64=0 inter32=0 inter16=0 inter8=0 intra32=0 intra16=0 intra8=0 intra4=0 reftype=0
  snapshot f076: 3 venc_ko blocks (pool0 0x73801000 len 0x10000)
src frame 77: srcf=19 off=312 br=2000
frame 77: send=0x0 get=0x0 len=99 coding=1 startqp=0 meanqp=0 picbytes=0 pskip=0 nalus=1 n1:99
  cu: inter64=0 inter32=0 inter16=0 inter8=0 intra32=0 intra16=0 intra8=0 intra4=0 reftype=0
  snapshot f077: 3 venc_ko blocks (pool0 0x73801000 len 0x10000)
src frame 78: srcf=20 off=316 br=2000
frame 78: send=0x0 get=0x0 len=93 coding=1 startqp=0 meanqp=0 picbytes=0 pskip=0 nalus=1 n1:93
  cu: inter64=0 inter32=0 inter16=0 inter8=0 intra32=0 intra16=0 intra8=0 intra4=0 reftype=0
  snapshot f078: 3 venc_ko blocks (pool0 0x73801000 len 0x10000)
src frame 79: srcf=21 off=320 br=2000
frame 79: send=0x0 get=0x0 len=108 coding=1 startqp=0 meanqp=0 picbytes=0 pskip=0 nalus=1 n1:108
  cu: inter64=0 inter32=0 inter16=0 inter8=0 intra32=0 intra16=0 intra8=0 intra4=0 reftype=0
  snapshot f079: 3 venc_ko blocks (pool0 0x73801000 len 0x10000)
src frame 80: srcf=22 off=324 br=2000
frame 80: send=0x0 get=0x0 len=115 coding=1 startqp=0 meanqp=0 picbytes=0 pskip=0 nalus=1 n1:115
  cu: inter64=0 inter32=0 inter16=0 inter8=0 intra32=0 intra16=0 intra8=0 intra4=0 reftype=0
  snapshot f080: 3 venc_ko blocks (pool0 0x73801000 len 0x10000)
src frame 81: srcf=23 off=328 br=2000
frame 81: send=0x0 get=0x0 len=128 coding=1 startqp=0 meanqp=0 picbytes=0 pskip=0 nalus=1 n1:128
  cu: inter64=0 inter32=0 inter16=0 inter8=0 intra32=0 intra16=0 intra8=0 intra4=0 reftype=0
  snapshot f081: 3 venc_ko blocks (pool0 0x73801000 len 0x10000)
src frame 82: srcf=24 off=332 br=2000
frame 82: send=0x0 get=0x0 len=112 coding=1 startqp=0 meanqp=0 picbytes=0 pskip=0 nalus=1 n1:112
  cu: inter64=0 inter32=0 inter16=0 inter8=0 intra32=0 intra16=0 intra8=0 intra4=0 reftype=0
  snapshot f082: 3 venc_ko blocks (pool0 0x73801000 len 0x10000)
src frame 83: srcf=25 off=336 br=2000
frame 83: send=0x0 get=0x0 len=115 coding=1 startqp=0 meanqp=0 picbytes=0 pskip=0 nalus=1 n1:115
  cu: inter64=0 inter32=0 inter16=0 inter8=0 intra32=0 intra16=0 intra8=0 intra4=0 reftype=0
  snapshot f083: 3 venc_ko blocks (pool0 0x73801000 len 0x10000)
src frame 84: srcf=26 off=340 br=2000
frame 84: send=0x0 get=0x0 len=126 coding=1 startqp=0 meanqp=0 picbytes=0 pskip=0 nalus=1 n1:126
  cu: inter64=0 inter32=0 inter16=0 inter8=0 intra32=0 intra16=0 intra8=0 intra4=0 reftype=0
  snapshot f084: 3 venc_ko blocks (pool0 0x73801000 len 0x10000)
src frame 85: srcf=27 off=344 br=2000
frame 85: send=0x0 get=0x0 len=126 coding=1 startqp=0 meanqp=0 picbytes=0 pskip=0 nalus=1 n1:126
  cu: inter64=0 inter32=0 inter16=0 inter8=0 intra32=0 intra16=0 intra8=0 intra4=0 reftype=0
  snapshot f085: 3 venc_ko blocks (pool0 0x73801000 len 0x10000)
src frame 86: srcf=28 off=348 br=2000
frame 86: send=0x0 get=0x0 len=134 coding=1 startqp=0 meanqp=0 picbytes=0 pskip=0 nalus=1 n1:134
  cu: inter64=0 inter32=0 inter16=0 inter8=0 intra32=0 intra16=0 intra8=0 intra4=0 reftype=0
  snapshot f086: 3 venc_ko blocks (pool0 0x73801000 len 0x10000)
src frame 87: srcf=29 off=352 br=2000
frame 87: send=0x0 get=0x0 len=107 coding=1 startqp=0 meanqp=0 picbytes=0 pskip=0 nalus=1 n1:107
  cu: inter64=0 inter32=0 inter16=0 inter8=0 intra32=0 intra16=0 intra8=0 intra4=0 reftype=0
  snapshot f087: 3 venc_ko blocks (pool0 0x73801000 len 0x10000)
src frame 88: srcf=28 off=356 br=2000
frame 88: send=0x0 get=0x0 len=109 coding=1 startqp=0 meanqp=0 picbytes=0 pskip=0 nalus=1 n1:109
  cu: inter64=0 inter32=0 inter16=0 inter8=0 intra32=0 intra16=0 intra8=0 intra4=0 reftype=0
  snapshot f088: 3 venc_ko blocks (pool0 0x73801000 len 0x10000)
src frame 89: srcf=27 off=360 br=2000
frame 89: send=0x0 get=0x0 len=119 coding=1 startqp=0 meanqp=0 picbytes=0 pskip=0 nalus=1 n1:119
  cu: inter64=0 inter32=0 inter16=0 inter8=0 intra32=0 intra16=0 intra8=0 intra4=0 reftype=0
  snapshot f089: 3 venc_ko blocks (pool0 0x73801000 len 0x10000)
src frame 90: srcf=26 off=364 br=2000
frame 90: send=0x0 get=0x0 len=22116 coding=0 startqp=0 meanqp=0 picbytes=0 pskip=0 nalus=4 n32:27 n33:53 n34:12 n19:22024
  cu: inter64=0 inter32=0 inter16=0 inter8=0 intra32=0 intra16=0 intra8=0 intra4=0 reftype=0
  snapshot f090: 3 venc_ko blocks (pool0 0x73801000 len 0x10000)
src frame 91: srcf=25 off=368 br=2000
frame 91: send=0x0 get=0x0 len=1068 coding=1 startqp=0 meanqp=0 picbytes=0 pskip=0 nalus=1 n1:1068
  cu: inter64=0 inter32=0 inter16=0 inter8=0 intra32=0 intra16=0 intra8=0 intra4=0 reftype=0
  snapshot f091: 3 venc_ko blocks (pool0 0x73801000 len 0x10000)
src frame 92: srcf=24 off=372 br=2000
frame 92: send=0x0 get=0x0 len=351 coding=1 startqp=0 meanqp=0 picbytes=0 pskip=0 nalus=1 n1:351
  cu: inter64=0 inter32=0 inter16=0 inter8=0 intra32=0 intra16=0 intra8=0 intra4=0 reftype=0
  snapshot f092: 3 venc_ko blocks (pool0 0x73801000 len 0x10000)
src frame 93: srcf=23 off=376 br=2000
frame 93: send=0x0 get=0x0 len=252 coding=1 startqp=0 meanqp=0 picbytes=0 pskip=0 nalus=1 n1:252
  cu: inter64=0 inter32=0 inter16=0 inter8=0 intra32=0 intra16=0 intra8=0 intra4=0 reftype=0
  snapshot f093: 3 venc_ko blocks (pool0 0x73801000 len 0x10000)
src frame 94: srcf=22 off=380 br=2000
frame 94: send=0x0 get=0x0 len=194 coding=1 startqp=0 meanqp=0 picbytes=0 pskip=0 nalus=1 n1:194
  cu: inter64=0 inter32=0 inter16=0 inter8=0 intra32=0 intra16=0 intra8=0 intra4=0 reftype=0
  snapshot f094: 3 venc_ko blocks (pool0 0x73801000 len 0x10000)
src frame 95: srcf=21 off=384 br=2000
frame 95: send=0x0 get=0x0 len=139 coding=1 startqp=0 meanqp=0 picbytes=0 pskip=0 nalus=1 n1:139
  cu: inter64=0 inter32=0 inter16=0 inter8=0 intra32=0 intra16=0 intra8=0 intra4=0 reftype=0
  snapshot f095: 3 venc_ko blocks (pool0 0x73801000 len 0x10000)
src frame 96: srcf=20 off=388 br=2000
frame 96: send=0x0 get=0x0 len=133 coding=1 startqp=0 meanqp=0 picbytes=0 pskip=0 nalus=1 n1:133
  cu: inter64=0 inter32=0 inter16=0 inter8=0 intra32=0 intra16=0 intra8=0 intra4=0 reftype=0
  snapshot f096: 3 venc_ko blocks (pool0 0x73801000 len 0x10000)
src frame 97: srcf=19 off=392 br=2000
frame 97: send=0x0 get=0x0 len=104 coding=1 startqp=0 meanqp=0 picbytes=0 pskip=0 nalus=1 n1:104
  cu: inter64=0 inter32=0 inter16=0 inter8=0 intra32=0 intra16=0 intra8=0 intra4=0 reftype=0
  snapshot f097: 3 venc_ko blocks (pool0 0x73801000 len 0x10000)
src frame 98: srcf=18 off=396 br=2000
frame 98: send=0x0 get=0x0 len=99 coding=1 startqp=0 meanqp=0 picbytes=0 pskip=0 nalus=1 n1:99
  cu: inter64=0 inter32=0 inter16=0 inter8=0 intra32=0 intra16=0 intra8=0 intra4=0 reftype=0
  snapshot f098: 3 venc_ko blocks (pool0 0x73801000 len 0x10000)
src frame 99: srcf=17 off=400 br=2000
frame 99: send=0x0 get=0x0 len=124 coding=1 startqp=0 meanqp=0 picbytes=0 pskip=0 nalus=1 n1:124
  cu: inter64=0 inter32=0 inter16=0 inter8=0 intra32=0 intra16=0 intra8=0 intra4=0 reftype=0
  snapshot f099: 3 venc_ko blocks (pool0 0x73801000 len 0x10000)
src frame 100: srcf=16 off=404 br=2000
frame 100: send=0x0 get=0x0 len=128 coding=1 startqp=0 meanqp=0 picbytes=0 pskip=0 nalus=1 n1:128
  cu: inter64=0 inter32=0 inter16=0 inter8=0 intra32=0 intra16=0 intra8=0 intra4=0 reftype=0
  snapshot f100: 3 venc_ko blocks (pool0 0x73801000 len 0x10000)
src frame 101: srcf=15 off=408 br=2000
frame 101: send=0x0 get=0x0 len=138 coding=1 startqp=0 meanqp=0 picbytes=0 pskip=0 nalus=1 n1:138
  cu: inter64=0 inter32=0 inter16=0 inter8=0 intra32=0 intra16=0 intra8=0 intra4=0 reftype=0
  snapshot f101: 3 venc_ko blocks (pool0 0x73801000 len 0x10000)
src frame 102: srcf=14 off=412 br=2000
frame 102: send=0x0 get=0x0 len=146 coding=1 startqp=0 meanqp=0 picbytes=0 pskip=0 nalus=1 n1:146
  cu: inter64=0 inter32=0 inter16=0 inter8=0 intra32=0 intra16=0 intra8=0 intra4=0 reftype=0
  snapshot f102: 3 venc_ko blocks (pool0 0x73801000 len 0x10000)
src frame 103: srcf=13 off=416 br=2000
frame 103: send=0x0 get=0x0 len=122 coding=1 startqp=0 meanqp=0 picbytes=0 pskip=0 nalus=1 n1:122
  cu: inter64=0 inter32=0 inter16=0 inter8=0 intra32=0 intra16=0 intra8=0 intra4=0 reftype=0
  snapshot f103: 3 venc_ko blocks (pool0 0x73801000 len 0x10000)
src frame 104: srcf=12 off=420 br=2000
frame 104: send=0x0 get=0x0 len=154 coding=1 startqp=0 meanqp=0 picbytes=0 pskip=0 nalus=1 n1:154
  cu: inter64=0 inter32=0 inter16=0 inter8=0 intra32=0 intra16=0 intra8=0 intra4=0 reftype=0
  snapshot f104: 3 venc_ko blocks (pool0 0x73801000 len 0x10000)
src frame 105: srcf=11 off=424 br=2000
frame 105: send=0x0 get=0x0 len=129 coding=1 startqp=0 meanqp=0 picbytes=0 pskip=0 nalus=1 n1:129
  cu: inter64=0 inter32=0 inter16=0 inter8=0 intra32=0 intra16=0 intra8=0 intra4=0 reftype=0
  snapshot f105: 3 venc_ko blocks (pool0 0x73801000 len 0x10000)
src frame 106: srcf=10 off=428 br=2000
frame 106: send=0x0 get=0x0 len=107 coding=1 startqp=0 meanqp=0 picbytes=0 pskip=0 nalus=1 n1:107
  cu: inter64=0 inter32=0 inter16=0 inter8=0 intra32=0 intra16=0 intra8=0 intra4=0 reftype=0
  snapshot f106: 3 venc_ko blocks (pool0 0x73801000 len 0x10000)
src frame 107: srcf=9 off=432 br=2000
frame 107: send=0x0 get=0x0 len=132 coding=1 startqp=0 meanqp=0 picbytes=0 pskip=0 nalus=1 n1:132
  cu: inter64=0 inter32=0 inter16=0 inter8=0 intra32=0 intra16=0 intra8=0 intra4=0 reftype=0
  snapshot f107: 3 venc_ko blocks (pool0 0x73801000 len 0x10000)
src frame 108: srcf=8 off=436 br=2000
frame 108: send=0x0 get=0x0 len=128 coding=1 startqp=0 meanqp=0 picbytes=0 pskip=0 nalus=1 n1:128
  cu: inter64=0 inter32=0 inter16=0 inter8=0 intra32=0 intra16=0 intra8=0 intra4=0 reftype=0
  snapshot f108: 3 venc_ko blocks (pool0 0x73801000 len 0x10000)
src frame 109: srcf=7 off=440 br=2000
frame 109: send=0x0 get=0x0 len=110 coding=1 startqp=0 meanqp=0 picbytes=0 pskip=0 nalus=1 n1:110
  cu: inter64=0 inter32=0 inter16=0 inter8=0 intra32=0 intra16=0 intra8=0 intra4=0 reftype=0
  snapshot f109: 3 venc_ko blocks (pool0 0x73801000 len 0x10000)
src frame 110: srcf=6 off=444 br=2000
frame 110: send=0x0 get=0x0 len=126 coding=1 startqp=0 meanqp=0 picbytes=0 pskip=0 nalus=1 n1:126
  cu: inter64=0 inter32=0 inter16=0 inter8=0 intra32=0 intra16=0 intra8=0 intra4=0 reftype=0
  snapshot f110: 3 venc_ko blocks (pool0 0x73801000 len 0x10000)
src frame 111: srcf=5 off=448 br=2000
frame 111: send=0x0 get=0x0 len=147 coding=1 startqp=0 meanqp=0 picbytes=0 pskip=0 nalus=1 n1:147
  cu: inter64=0 inter32=0 inter16=0 inter8=0 intra32=0 intra16=0 intra8=0 intra4=0 reftype=0
  snapshot f111: 3 venc_ko blocks (pool0 0x73801000 len 0x10000)
src frame 112: srcf=4 off=452 br=2000
frame 112: send=0x0 get=0x0 len=169 coding=1 startqp=0 meanqp=0 picbytes=0 pskip=0 nalus=1 n1:169
  cu: inter64=0 inter32=0 inter16=0 inter8=0 intra32=0 intra16=0 intra8=0 intra4=0 reftype=0
  snapshot f112: 3 venc_ko blocks (pool0 0x73801000 len 0x10000)
src frame 113: srcf=3 off=456 br=2000
frame 113: send=0x0 get=0x0 len=155 coding=1 startqp=0 meanqp=0 picbytes=0 pskip=0 nalus=1 n1:155
  cu: inter64=0 inter32=0 inter16=0 inter8=0 intra32=0 intra16=0 intra8=0 intra4=0 reftype=0
  snapshot f113: 3 venc_ko blocks (pool0 0x73801000 len 0x10000)
src frame 114: srcf=2 off=460 br=2000
frame 114: send=0x0 get=0x0 len=137 coding=1 startqp=0 meanqp=0 picbytes=0 pskip=0 nalus=1 n1:137
  cu: inter64=0 inter32=0 inter16=0 inter8=0 intra32=0 intra16=0 intra8=0 intra4=0 reftype=0
  snapshot f114: 3 venc_ko blocks (pool0 0x73801000 len 0x10000)
src frame 115: srcf=1 off=464 br=2000
frame 115: send=0x0 get=0x0 len=126 coding=1 startqp=0 meanqp=0 picbytes=0 pskip=0 nalus=1 n1:126
  cu: inter64=0 inter32=0 inter16=0 inter8=0 intra32=0 intra16=0 intra8=0 intra4=0 reftype=0
  snapshot f115: 3 venc_ko blocks (pool0 0x73801000 len 0x10000)
src frame 116: srcf=0 off=468 br=2000
frame 116: send=0x0 get=0x0 len=119 coding=1 startqp=0 meanqp=0 picbytes=0 pskip=0 nalus=1 n1:119
  cu: inter64=0 inter32=0 inter16=0 inter8=0 intra32=0 intra16=0 intra8=0 intra4=0 reftype=0
  snapshot f116: 3 venc_ko blocks (pool0 0x73801000 len 0x10000)
src frame 117: srcf=1 off=472 br=2000
frame 117: send=0x0 get=0x0 len=135 coding=1 startqp=0 meanqp=0 picbytes=0 pskip=0 nalus=1 n1:135
  cu: inter64=0 inter32=0 inter16=0 inter8=0 intra32=0 intra16=0 intra8=0 intra4=0 reftype=0
  snapshot f117: 3 venc_ko blocks (pool0 0x73801000 len 0x10000)
src frame 118: srcf=2 off=476 br=2000
frame 118: send=0x0 get=0x0 len=135 coding=1 startqp=0 meanqp=0 picbytes=0 pskip=0 nalus=1 n1:135
  cu: inter64=0 inter32=0 inter16=0 inter8=0 intra32=0 intra16=0 intra8=0 intra4=0 reftype=0
  snapshot f118: 3 venc_ko blocks (pool0 0x73801000 len 0x10000)
src frame 119: srcf=3 off=480 br=2000
frame 119: send=0x0 get=0x0 len=131 coding=1 startqp=0 meanqp=0 picbytes=0 pskip=0 nalus=1 n1:131
  cu: inter64=0 inter32=0 inter16=0 inter8=0 intra32=0 intra16=0 intra8=0 intra4=0 reftype=0
  snapshot f119: 3 venc_ko blocks (pool0 0x73801000 len 0x10000)
chg frame=120 br 2000 -> 16000 kbps: GetRcParam=0x0 SetRcParam=0x0 readback=16000 mode=11
src frame 120: srcf=4 off=484 br=16000
frame 120: send=0x0 get=0x0 len=29190 coding=0 startqp=0 meanqp=0 picbytes=0 pskip=0 nalus=4 n32:27 n33:53 n34:12 n19:29098
  cu: inter64=0 inter32=0 inter16=0 inter8=0 intra32=0 intra16=0 intra8=0 intra4=0 reftype=0
  snapshot f120: 3 venc_ko blocks (pool0 0x73801000 len 0x10000)
src frame 121: srcf=5 off=488 br=16000
frame 121: send=0x0 get=0x0 len=8736 coding=1 startqp=0 meanqp=0 picbytes=0 pskip=0 nalus=1 n1:8736
  cu: inter64=0 inter32=0 inter16=0 inter8=0 intra32=0 intra16=0 intra8=0 intra4=0 reftype=0
  snapshot f121: 3 venc_ko blocks (pool0 0x73801000 len 0x10000)
src frame 122: srcf=6 off=492 br=16000
frame 122: send=0x0 get=0x0 len=3622 coding=1 startqp=0 meanqp=0 picbytes=0 pskip=0 nalus=1 n1:3622
  cu: inter64=0 inter32=0 inter16=0 inter8=0 intra32=0 intra16=0 intra8=0 intra4=0 reftype=0
  snapshot f122: 3 venc_ko blocks (pool0 0x73801000 len 0x10000)
src frame 123: srcf=7 off=496 br=16000
frame 123: send=0x0 get=0x0 len=3535 coding=1 startqp=0 meanqp=0 picbytes=0 pskip=0 nalus=1 n1:3535
  cu: inter64=0 inter32=0 inter16=0 inter8=0 intra32=0 intra16=0 intra8=0 intra4=0 reftype=0
  snapshot f123: 3 venc_ko blocks (pool0 0x73801000 len 0x10000)
src frame 124: srcf=8 off=500 br=16000
frame 124: send=0x0 get=0x0 len=3613 coding=1 startqp=0 meanqp=0 picbytes=0 pskip=0 nalus=1 n1:3613
  cu: inter64=0 inter32=0 inter16=0 inter8=0 intra32=0 intra16=0 intra8=0 intra4=0 reftype=0
  snapshot f124: 3 venc_ko blocks (pool0 0x73801000 len 0x10000)
src frame 125: srcf=9 off=504 br=16000
frame 125: send=0x0 get=0x0 len=3363 coding=1 startqp=0 meanqp=0 picbytes=0 pskip=0 nalus=1 n1:3363
  cu: inter64=0 inter32=0 inter16=0 inter8=0 intra32=0 intra16=0 intra8=0 intra4=0 reftype=0
  snapshot f125: 3 venc_ko blocks (pool0 0x73801000 len 0x10000)
src frame 126: srcf=10 off=508 br=16000
frame 126: send=0x0 get=0x0 len=4260 coding=1 startqp=0 meanqp=0 picbytes=0 pskip=0 nalus=1 n1:4260
  cu: inter64=0 inter32=0 inter16=0 inter8=0 intra32=0 intra16=0 intra8=0 intra4=0 reftype=0
  snapshot f126: 3 venc_ko blocks (pool0 0x73801000 len 0x10000)
src frame 127: srcf=11 off=512 br=16000
frame 127: send=0x0 get=0x0 len=3974 coding=1 startqp=0 meanqp=0 picbytes=0 pskip=0 nalus=1 n1:3974
  cu: inter64=0 inter32=0 inter16=0 inter8=0 intra32=0 intra16=0 intra8=0 intra4=0 reftype=0
  snapshot f127: 3 venc_ko blocks (pool0 0x73801000 len 0x10000)
src frame 128: srcf=12 off=516 br=16000
frame 128: send=0x0 get=0x0 len=4337 coding=1 startqp=0 meanqp=0 picbytes=0 pskip=0 nalus=1 n1:4337
  cu: inter64=0 inter32=0 inter16=0 inter8=0 intra32=0 intra16=0 intra8=0 intra4=0 reftype=0
  snapshot f128: 3 venc_ko blocks (pool0 0x73801000 len 0x10000)
src frame 129: srcf=13 off=520 br=16000
frame 129: send=0x0 get=0x0 len=4609 coding=1 startqp=0 meanqp=0 picbytes=0 pskip=0 nalus=1 n1:4609
  cu: inter64=0 inter32=0 inter16=0 inter8=0 intra32=0 intra16=0 intra8=0 intra4=0 reftype=0
  snapshot f129: 3 venc_ko blocks (pool0 0x73801000 len 0x10000)
src frame 130: srcf=14 off=524 br=16000
frame 130: send=0x0 get=0x0 len=4509 coding=1 startqp=0 meanqp=0 picbytes=0 pskip=0 nalus=1 n1:4509
  cu: inter64=0 inter32=0 inter16=0 inter8=0 intra32=0 intra16=0 intra8=0 intra4=0 reftype=0
  snapshot f130: 3 venc_ko blocks (pool0 0x73801000 len 0x10000)
src frame 131: srcf=15 off=528 br=16000
frame 131: send=0x0 get=0x0 len=4784 coding=1 startqp=0 meanqp=0 picbytes=0 pskip=0 nalus=1 n1:4784
  cu: inter64=0 inter32=0 inter16=0 inter8=0 intra32=0 intra16=0 intra8=0 intra4=0 reftype=0
  snapshot f131: 3 venc_ko blocks (pool0 0x73801000 len 0x10000)
src frame 132: srcf=16 off=532 br=16000
frame 132: send=0x0 get=0x0 len=5240 coding=1 startqp=0 meanqp=0 picbytes=0 pskip=0 nalus=1 n1:5240
  cu: inter64=0 inter32=0 inter16=0 inter8=0 intra32=0 intra16=0 intra8=0 intra4=0 reftype=0
  snapshot f132: 3 venc_ko blocks (pool0 0x73801000 len 0x10000)
src frame 133: srcf=17 off=536 br=16000
frame 133: send=0x0 get=0x0 len=6090 coding=1 startqp=0 meanqp=0 picbytes=0 pskip=0 nalus=1 n1:6090
  cu: inter64=0 inter32=0 inter16=0 inter8=0 intra32=0 intra16=0 intra8=0 intra4=0 reftype=0
  snapshot f133: 3 venc_ko blocks (pool0 0x73801000 len 0x10000)
src frame 134: srcf=18 off=540 br=16000
frame 134: send=0x0 get=0x0 len=7109 coding=1 startqp=0 meanqp=0 picbytes=0 pskip=0 nalus=1 n1:7109
  cu: inter64=0 inter32=0 inter16=0 inter8=0 intra32=0 intra16=0 intra8=0 intra4=0 reftype=0
  snapshot f134: 3 venc_ko blocks (pool0 0x73801000 len 0x10000)
src frame 135: srcf=19 off=544 br=16000
frame 135: send=0x0 get=0x0 len=3867 coding=1 startqp=0 meanqp=0 picbytes=0 pskip=0 nalus=1 n1:3867
  cu: inter64=0 inter32=0 inter16=0 inter8=0 intra32=0 intra16=0 intra8=0 intra4=0 reftype=0
  snapshot f135: 3 venc_ko blocks (pool0 0x73801000 len 0x10000)
src frame 136: srcf=20 off=548 br=16000
frame 136: send=0x0 get=0x0 len=2998 coding=1 startqp=0 meanqp=0 picbytes=0 pskip=0 nalus=1 n1:2998
  cu: inter64=0 inter32=0 inter16=0 inter8=0 intra32=0 intra16=0 intra8=0 intra4=0 reftype=0
  snapshot f136: 3 venc_ko blocks (pool0 0x73801000 len 0x10000)
src frame 137: srcf=21 off=552 br=16000
frame 137: send=0x0 get=0x0 len=2372 coding=1 startqp=0 meanqp=0 picbytes=0 pskip=0 nalus=1 n1:2372
  cu: inter64=0 inter32=0 inter16=0 inter8=0 intra32=0 intra16=0 intra8=0 intra4=0 reftype=0
  snapshot f137: 3 venc_ko blocks (pool0 0x73801000 len 0x10000)
src frame 138: srcf=22 off=556 br=16000
frame 138: send=0x0 get=0x0 len=1919 coding=1 startqp=0 meanqp=0 picbytes=0 pskip=0 nalus=1 n1:1919
  cu: inter64=0 inter32=0 inter16=0 inter8=0 intra32=0 intra16=0 intra8=0 intra4=0 reftype=0
  snapshot f138: 3 venc_ko blocks (pool0 0x73801000 len 0x10000)
src frame 139: srcf=23 off=560 br=16000
frame 139: send=0x0 get=0x0 len=1824 coding=1 startqp=0 meanqp=0 picbytes=0 pskip=0 nalus=1 n1:1824
  cu: inter64=0 inter32=0 inter16=0 inter8=0 intra32=0 intra16=0 intra8=0 intra4=0 reftype=0
  snapshot f139: 3 venc_ko blocks (pool0 0x73801000 len 0x10000)
src frame 140: srcf=24 off=564 br=16000
frame 140: send=0x0 get=0x0 len=1191 coding=1 startqp=0 meanqp=0 picbytes=0 pskip=0 nalus=1 n1:1191
  cu: inter64=0 inter32=0 inter16=0 inter8=0 intra32=0 intra16=0 intra8=0 intra4=0 reftype=0
  snapshot f140: 3 venc_ko blocks (pool0 0x73801000 len 0x10000)
src frame 141: srcf=25 off=568 br=16000
frame 141: send=0x0 get=0x0 len=1310 coding=1 startqp=0 meanqp=0 picbytes=0 pskip=0 nalus=1 n1:1310
  cu: inter64=0 inter32=0 inter16=0 inter8=0 intra32=0 intra16=0 intra8=0 intra4=0 reftype=0
  snapshot f141: 3 venc_ko blocks (pool0 0x73801000 len 0x10000)
src frame 142: srcf=26 off=572 br=16000
frame 142: send=0x0 get=0x0 len=1497 coding=1 startqp=0 meanqp=0 picbytes=0 pskip=0 nalus=1 n1:1497
  cu: inter64=0 inter32=0 inter16=0 inter8=0 intra32=0 intra16=0 intra8=0 intra4=0 reftype=0
  snapshot f142: 3 venc_ko blocks (pool0 0x73801000 len 0x10000)
src frame 143: srcf=27 off=576 br=16000
frame 143: send=0x0 get=0x0 len=1843 coding=1 startqp=0 meanqp=0 picbytes=0 pskip=0 nalus=1 n1:1843
  cu: inter64=0 inter32=0 inter16=0 inter8=0 intra32=0 intra16=0 intra8=0 intra4=0 reftype=0
  snapshot f143: 3 venc_ko blocks (pool0 0x73801000 len 0x10000)
src frame 144: srcf=28 off=580 br=16000
frame 144: send=0x0 get=0x0 len=1856 coding=1 startqp=0 meanqp=0 picbytes=0 pskip=0 nalus=1 n1:1856
  cu: inter64=0 inter32=0 inter16=0 inter8=0 intra32=0 intra16=0 intra8=0 intra4=0 reftype=0
  snapshot f144: 3 venc_ko blocks (pool0 0x73801000 len 0x10000)
src frame 145: srcf=29 off=584 br=16000
frame 145: send=0x0 get=0x0 len=1788 coding=1 startqp=0 meanqp=0 picbytes=0 pskip=0 nalus=1 n1:1788
  cu: inter64=0 inter32=0 inter16=0 inter8=0 intra32=0 intra16=0 intra8=0 intra4=0 reftype=0
  snapshot f145: 3 venc_ko blocks (pool0 0x73801000 len 0x10000)
src frame 146: srcf=28 off=588 br=16000
frame 146: send=0x0 get=0x0 len=1598 coding=1 startqp=0 meanqp=0 picbytes=0 pskip=0 nalus=1 n1:1598
  cu: inter64=0 inter32=0 inter16=0 inter8=0 intra32=0 intra16=0 intra8=0 intra4=0 reftype=0
  snapshot f146: 3 venc_ko blocks (pool0 0x73801000 len 0x10000)
src frame 147: srcf=27 off=592 br=16000
frame 147: send=0x0 get=0x0 len=1612 coding=1 startqp=0 meanqp=0 picbytes=0 pskip=0 nalus=1 n1:1612
  cu: inter64=0 inter32=0 inter16=0 inter8=0 intra32=0 intra16=0 intra8=0 intra4=0 reftype=0
  snapshot f147: 3 venc_ko blocks (pool0 0x73801000 len 0x10000)
src frame 148: srcf=26 off=596 br=16000
frame 148: send=0x0 get=0x0 len=1507 coding=1 startqp=0 meanqp=0 picbytes=0 pskip=0 nalus=1 n1:1507
  cu: inter64=0 inter32=0 inter16=0 inter8=0 intra32=0 intra16=0 intra8=0 intra4=0 reftype=0
  snapshot f148: 3 venc_ko blocks (pool0 0x73801000 len 0x10000)
src frame 149: srcf=25 off=600 br=16000
frame 149: send=0x0 get=0x0 len=1078 coding=1 startqp=0 meanqp=0 picbytes=0 pskip=0 nalus=1 n1:1078
  cu: inter64=0 inter32=0 inter16=0 inter8=0 intra32=0 intra16=0 intra8=0 intra4=0 reftype=0
  snapshot f149: 3 venc_ko blocks (pool0 0x73801000 len 0x10000)
src frame 150: srcf=24 off=604 br=16000
frame 150: send=0x0 get=0x0 len=32618 coding=0 startqp=0 meanqp=0 picbytes=0 pskip=0 nalus=4 n32:27 n33:53 n34:12 n19:32526
  cu: inter64=0 inter32=0 inter16=0 inter8=0 intra32=0 intra16=0 intra8=0 intra4=0 reftype=0
  snapshot f150: 3 venc_ko blocks (pool0 0x73801000 len 0x10000)
src frame 151: srcf=23 off=608 br=16000
frame 151: send=0x0 get=0x0 len=7003 coding=1 startqp=0 meanqp=0 picbytes=0 pskip=0 nalus=1 n1:7003
  cu: inter64=0 inter32=0 inter16=0 inter8=0 intra32=0 intra16=0 intra8=0 intra4=0 reftype=0
  snapshot f151: 3 venc_ko blocks (pool0 0x73801000 len 0x10000)
src frame 152: srcf=22 off=612 br=16000
frame 152: send=0x0 get=0x0 len=3704 coding=1 startqp=0 meanqp=0 picbytes=0 pskip=0 nalus=1 n1:3704
  cu: inter64=0 inter32=0 inter16=0 inter8=0 intra32=0 intra16=0 intra8=0 intra4=0 reftype=0
  snapshot f152: 3 venc_ko blocks (pool0 0x73801000 len 0x10000)
src frame 153: srcf=21 off=616 br=16000
frame 153: send=0x0 get=0x0 len=3955 coding=1 startqp=0 meanqp=0 picbytes=0 pskip=0 nalus=1 n1:3955
  cu: inter64=0 inter32=0 inter16=0 inter8=0 intra32=0 intra16=0 intra8=0 intra4=0 reftype=0
  snapshot f153: 3 venc_ko blocks (pool0 0x73801000 len 0x10000)
src frame 154: srcf=20 off=620 br=16000
frame 154: send=0x0 get=0x0 len=4672 coding=1 startqp=0 meanqp=0 picbytes=0 pskip=0 nalus=1 n1:4672
  cu: inter64=0 inter32=0 inter16=0 inter8=0 intra32=0 intra16=0 intra8=0 intra4=0 reftype=0
  snapshot f154: 3 venc_ko blocks (pool0 0x73801000 len 0x10000)
src frame 155: srcf=19 off=624 br=16000
frame 155: send=0x0 get=0x0 len=4126 coding=1 startqp=0 meanqp=0 picbytes=0 pskip=0 nalus=1 n1:4126
  cu: inter64=0 inter32=0 inter16=0 inter8=0 intra32=0 intra16=0 intra8=0 intra4=0 reftype=0
  snapshot f155: 3 venc_ko blocks (pool0 0x73801000 len 0x10000)
src frame 156: srcf=18 off=628 br=16000
frame 156: send=0x0 get=0x0 len=4087 coding=1 startqp=0 meanqp=0 picbytes=0 pskip=0 nalus=1 n1:4087
  cu: inter64=0 inter32=0 inter16=0 inter8=0 intra32=0 intra16=0 intra8=0 intra4=0 reftype=0
  snapshot f156: 3 venc_ko blocks (pool0 0x73801000 len 0x10000)
src frame 157: srcf=17 off=632 br=16000
frame 157: send=0x0 get=0x0 len=4434 coding=1 startqp=0 meanqp=0 picbytes=0 pskip=0 nalus=1 n1:4434
  cu: inter64=0 inter32=0 inter16=0 inter8=0 intra32=0 intra16=0 intra8=0 intra4=0 reftype=0
  snapshot f157: 3 venc_ko blocks (pool0 0x73801000 len 0x10000)
src frame 158: srcf=16 off=636 br=16000
frame 158: send=0x0 get=0x0 len=4786 coding=1 startqp=0 meanqp=0 picbytes=0 pskip=0 nalus=1 n1:4786
  cu: inter64=0 inter32=0 inter16=0 inter8=0 intra32=0 intra16=0 intra8=0 intra4=0 reftype=0
  snapshot f158: 3 venc_ko blocks (pool0 0x73801000 len 0x10000)
src frame 159: srcf=15 off=640 br=16000
frame 159: send=0x0 get=0x0 len=4733 coding=1 startqp=0 meanqp=0 picbytes=0 pskip=0 nalus=1 n1:4733
  cu: inter64=0 inter32=0 inter16=0 inter8=0 intra32=0 intra16=0 intra8=0 intra4=0 reftype=0
  snapshot f159: 3 venc_ko blocks (pool0 0x73801000 len 0x10000)
src frame 160: srcf=14 off=644 br=16000
frame 160: send=0x0 get=0x0 len=5117 coding=1 startqp=0 meanqp=0 picbytes=0 pskip=0 nalus=1 n1:5117
  cu: inter64=0 inter32=0 inter16=0 inter8=0 intra32=0 intra16=0 intra8=0 intra4=0 reftype=0
  snapshot f160: 3 venc_ko blocks (pool0 0x73801000 len 0x10000)
src frame 161: srcf=13 off=648 br=16000
frame 161: send=0x0 get=0x0 len=5064 coding=1 startqp=0 meanqp=0 picbytes=0 pskip=0 nalus=1 n1:5064
  cu: inter64=0 inter32=0 inter16=0 inter8=0 intra32=0 intra16=0 intra8=0 intra4=0 reftype=0
  snapshot f161: 3 venc_ko blocks (pool0 0x73801000 len 0x10000)
src frame 162: srcf=12 off=652 br=16000
frame 162: send=0x0 get=0x0 len=5477 coding=1 startqp=0 meanqp=0 picbytes=0 pskip=0 nalus=1 n1:5477
  cu: inter64=0 inter32=0 inter16=0 inter8=0 intra32=0 intra16=0 intra8=0 intra4=0 reftype=0
  snapshot f162: 3 venc_ko blocks (pool0 0x73801000 len 0x10000)
src frame 163: srcf=11 off=656 br=16000
frame 163: send=0x0 get=0x0 len=6167 coding=1 startqp=0 meanqp=0 picbytes=0 pskip=0 nalus=1 n1:6167
  cu: inter64=0 inter32=0 inter16=0 inter8=0 intra32=0 intra16=0 intra8=0 intra4=0 reftype=0
  snapshot f163: 3 venc_ko blocks (pool0 0x73801000 len 0x10000)
src frame 164: srcf=10 off=660 br=16000
frame 164: send=0x0 get=0x0 len=6864 coding=1 startqp=0 meanqp=0 picbytes=0 pskip=0 nalus=1 n1:6864
  cu: inter64=0 inter32=0 inter16=0 inter8=0 intra32=0 intra16=0 intra8=0 intra4=0 reftype=0
  snapshot f164: 3 venc_ko blocks (pool0 0x73801000 len 0x10000)
src frame 165: srcf=9 off=664 br=16000
frame 165: send=0x0 get=0x0 len=3526 coding=1 startqp=0 meanqp=0 picbytes=0 pskip=0 nalus=1 n1:3526
  cu: inter64=0 inter32=0 inter16=0 inter8=0 intra32=0 intra16=0 intra8=0 intra4=0 reftype=0
  snapshot f165: 3 venc_ko blocks (pool0 0x73801000 len 0x10000)
src frame 166: srcf=8 off=668 br=16000
frame 166: send=0x0 get=0x0 len=2762 coding=1 startqp=0 meanqp=0 picbytes=0 pskip=0 nalus=1 n1:2762
  cu: inter64=0 inter32=0 inter16=0 inter8=0 intra32=0 intra16=0 intra8=0 intra4=0 reftype=0
  snapshot f166: 3 venc_ko blocks (pool0 0x73801000 len 0x10000)
src frame 167: srcf=7 off=672 br=16000
frame 167: send=0x0 get=0x0 len=2809 coding=1 startqp=0 meanqp=0 picbytes=0 pskip=0 nalus=1 n1:2809
  cu: inter64=0 inter32=0 inter16=0 inter8=0 intra32=0 intra16=0 intra8=0 intra4=0 reftype=0
  snapshot f167: 3 venc_ko blocks (pool0 0x73801000 len 0x10000)
src frame 168: srcf=6 off=676 br=16000
frame 168: send=0x0 get=0x0 len=1755 coding=1 startqp=0 meanqp=0 picbytes=0 pskip=0 nalus=1 n1:1755
  cu: inter64=0 inter32=0 inter16=0 inter8=0 intra32=0 intra16=0 intra8=0 intra4=0 reftype=0
  snapshot f168: 3 venc_ko blocks (pool0 0x73801000 len 0x10000)
src frame 169: srcf=5 off=680 br=16000
frame 169: send=0x0 get=0x0 len=1690 coding=1 startqp=0 meanqp=0 picbytes=0 pskip=0 nalus=1 n1:1690
  cu: inter64=0 inter32=0 inter16=0 inter8=0 intra32=0 intra16=0 intra8=0 intra4=0 reftype=0
  snapshot f169: 3 venc_ko blocks (pool0 0x73801000 len 0x10000)
src frame 170: srcf=4 off=684 br=16000
frame 170: send=0x0 get=0x0 len=1539 coding=1 startqp=0 meanqp=0 picbytes=0 pskip=0 nalus=1 n1:1539
  cu: inter64=0 inter32=0 inter16=0 inter8=0 intra32=0 intra16=0 intra8=0 intra4=0 reftype=0
  snapshot f170: 3 venc_ko blocks (pool0 0x73801000 len 0x10000)
src frame 171: srcf=3 off=688 br=16000
frame 171: send=0x0 get=0x0 len=1432 coding=1 startqp=0 meanqp=0 picbytes=0 pskip=0 nalus=1 n1:1432
  cu: inter64=0 inter32=0 inter16=0 inter8=0 intra32=0 intra16=0 intra8=0 intra4=0 reftype=0
  snapshot f171: 3 venc_ko blocks (pool0 0x73801000 len 0x10000)
src frame 172: srcf=2 off=692 br=16000
frame 172: send=0x0 get=0x0 len=1378 coding=1 startqp=0 meanqp=0 picbytes=0 pskip=0 nalus=1 n1:1378
  cu: inter64=0 inter32=0 inter16=0 inter8=0 intra32=0 intra16=0 intra8=0 intra4=0 reftype=0
  snapshot f172: 3 venc_ko blocks (pool0 0x73801000 len 0x10000)
src frame 173: srcf=1 off=696 br=16000
frame 173: send=0x0 get=0x0 len=1515 coding=1 startqp=0 meanqp=0 picbytes=0 pskip=0 nalus=1 n1:1515
  cu: inter64=0 inter32=0 inter16=0 inter8=0 intra32=0 intra16=0 intra8=0 intra4=0 reftype=0
  snapshot f173: 3 venc_ko blocks (pool0 0x73801000 len 0x10000)
src frame 174: srcf=0 off=700 br=16000
frame 174: send=0x0 get=0x0 len=1639 coding=1 startqp=0 meanqp=0 picbytes=0 pskip=0 nalus=1 n1:1639
  cu: inter64=0 inter32=0 inter16=0 inter8=0 intra32=0 intra16=0 intra8=0 intra4=0 reftype=0
  snapshot f174: 3 venc_ko blocks (pool0 0x73801000 len 0x10000)
src frame 175: srcf=1 off=704 br=16000
frame 175: send=0x0 get=0x0 len=1707 coding=1 startqp=0 meanqp=0 picbytes=0 pskip=0 nalus=1 n1:1707
  cu: inter64=0 inter32=0 inter16=0 inter8=0 intra32=0 intra16=0 intra8=0 intra4=0 reftype=0
  snapshot f175: 3 venc_ko blocks (pool0 0x73801000 len 0x10000)
src frame 176: srcf=2 off=708 br=16000
frame 176: send=0x0 get=0x0 len=1868 coding=1 startqp=0 meanqp=0 picbytes=0 pskip=0 nalus=1 n1:1868
  cu: inter64=0 inter32=0 inter16=0 inter8=0 intra32=0 intra16=0 intra8=0 intra4=0 reftype=0
  snapshot f176: 3 venc_ko blocks (pool0 0x73801000 len 0x10000)
src frame 177: srcf=3 off=712 br=16000
frame 177: send=0x0 get=0x0 len=1329 coding=1 startqp=0 meanqp=0 picbytes=0 pskip=0 nalus=1 n1:1329
  cu: inter64=0 inter32=0 inter16=0 inter8=0 intra32=0 intra16=0 intra8=0 intra4=0 reftype=0
  snapshot f177: 3 venc_ko blocks (pool0 0x73801000 len 0x10000)
src frame 178: srcf=4 off=716 br=16000
frame 178: send=0x0 get=0x0 len=1271 coding=1 startqp=0 meanqp=0 picbytes=0 pskip=0 nalus=1 n1:1271
  cu: inter64=0 inter32=0 inter16=0 inter8=0 intra32=0 intra16=0 intra8=0 intra4=0 reftype=0
  snapshot f178: 3 venc_ko blocks (pool0 0x73801000 len 0x10000)
src frame 179: srcf=5 off=720 br=16000
frame 179: send=0x0 get=0x0 len=1266 coding=1 startqp=0 meanqp=0 picbytes=0 pskip=0 nalus=1 n1:1266
  cu: inter64=0 inter32=0 inter16=0 inter8=0 intra32=0 intra16=0 intra8=0 intra4=0 reftype=0
  snapshot f179: 3 venc_ko blocks (pool0 0x73801000 len 0x10000)
src frame 180: srcf=6 off=724 br=16000
frame 180: send=0x0 get=0x0 len=36444 coding=0 startqp=0 meanqp=0 picbytes=0 pskip=0 nalus=4 n32:27 n33:53 n34:12 n19:36352
  cu: inter64=0 inter32=0 inter16=0 inter8=0 intra32=0 intra16=0 intra8=0 intra4=0 reftype=0
  snapshot f180: 3 venc_ko blocks (pool0 0x73801000 len 0x10000)
src frame 181: srcf=7 off=728 br=16000
frame 181: send=0x0 get=0x0 len=6887 coding=1 startqp=0 meanqp=0 picbytes=0 pskip=0 nalus=1 n1:6887
  cu: inter64=0 inter32=0 inter16=0 inter8=0 intra32=0 intra16=0 intra8=0 intra4=0 reftype=0
  snapshot f181: 3 venc_ko blocks (pool0 0x73801000 len 0x10000)
src frame 182: srcf=8 off=732 br=16000
frame 182: send=0x0 get=0x0 len=3792 coding=1 startqp=0 meanqp=0 picbytes=0 pskip=0 nalus=1 n1:3792
  cu: inter64=0 inter32=0 inter16=0 inter8=0 intra32=0 intra16=0 intra8=0 intra4=0 reftype=0
  snapshot f182: 3 venc_ko blocks (pool0 0x73801000 len 0x10000)
src frame 183: srcf=9 off=736 br=16000
frame 183: send=0x0 get=0x0 len=3138 coding=1 startqp=0 meanqp=0 picbytes=0 pskip=0 nalus=1 n1:3138
  cu: inter64=0 inter32=0 inter16=0 inter8=0 intra32=0 intra16=0 intra8=0 intra4=0 reftype=0
  snapshot f183: 3 venc_ko blocks (pool0 0x73801000 len 0x10000)
src frame 184: srcf=10 off=740 br=16000
frame 184: send=0x0 get=0x0 len=4268 coding=1 startqp=0 meanqp=0 picbytes=0 pskip=0 nalus=1 n1:4268
  cu: inter64=0 inter32=0 inter16=0 inter8=0 intra32=0 intra16=0 intra8=0 intra4=0 reftype=0
  snapshot f184: 3 venc_ko blocks (pool0 0x73801000 len 0x10000)
src frame 185: srcf=11 off=744 br=16000
frame 185: send=0x0 get=0x0 len=4487 coding=1 startqp=0 meanqp=0 picbytes=0 pskip=0 nalus=1 n1:4487
  cu: inter64=0 inter32=0 inter16=0 inter8=0 intra32=0 intra16=0 intra8=0 intra4=0 reftype=0
  snapshot f185: 3 venc_ko blocks (pool0 0x73801000 len 0x10000)
src frame 186: srcf=12 off=748 br=16000
frame 186: send=0x0 get=0x0 len=4722 coding=1 startqp=0 meanqp=0 picbytes=0 pskip=0 nalus=1 n1:4722
  cu: inter64=0 inter32=0 inter16=0 inter8=0 intra32=0 intra16=0 intra8=0 intra4=0 reftype=0
  snapshot f186: 3 venc_ko blocks (pool0 0x73801000 len 0x10000)
src frame 187: srcf=13 off=752 br=16000
frame 187: send=0x0 get=0x0 len=4766 coding=1 startqp=0 meanqp=0 picbytes=0 pskip=0 nalus=1 n1:4766
  cu: inter64=0 inter32=0 inter16=0 inter8=0 intra32=0 intra16=0 intra8=0 intra4=0 reftype=0
  snapshot f187: 3 venc_ko blocks (pool0 0x73801000 len 0x10000)
src frame 188: srcf=14 off=756 br=16000
frame 188: send=0x0 get=0x0 len=4652 coding=1 startqp=0 meanqp=0 picbytes=0 pskip=0 nalus=1 n1:4652
  cu: inter64=0 inter32=0 inter16=0 inter8=0 intra32=0 intra16=0 intra8=0 intra4=0 reftype=0
  snapshot f188: 3 venc_ko blocks (pool0 0x73801000 len 0x10000)
src frame 189: srcf=15 off=760 br=16000
frame 189: send=0x0 get=0x0 len=5108 coding=1 startqp=0 meanqp=0 picbytes=0 pskip=0 nalus=1 n1:5108
  cu: inter64=0 inter32=0 inter16=0 inter8=0 intra32=0 intra16=0 intra8=0 intra4=0 reftype=0
  snapshot f189: 3 venc_ko blocks (pool0 0x73801000 len 0x10000)
src frame 190: srcf=16 off=764 br=16000
frame 190: send=0x0 get=0x0 len=5947 coding=1 startqp=0 meanqp=0 picbytes=0 pskip=0 nalus=1 n1:5947
  cu: inter64=0 inter32=0 inter16=0 inter8=0 intra32=0 intra16=0 intra8=0 intra4=0 reftype=0
  snapshot f190: 3 venc_ko blocks (pool0 0x73801000 len 0x10000)
src frame 191: srcf=17 off=768 br=16000
frame 191: send=0x0 get=0x0 len=5486 coding=1 startqp=0 meanqp=0 picbytes=0 pskip=0 nalus=1 n1:5486
  cu: inter64=0 inter32=0 inter16=0 inter8=0 intra32=0 intra16=0 intra8=0 intra4=0 reftype=0
  snapshot f191: 3 venc_ko blocks (pool0 0x73801000 len 0x10000)
src frame 192: srcf=18 off=772 br=16000
frame 192: send=0x0 get=0x0 len=6658 coding=1 startqp=0 meanqp=0 picbytes=0 pskip=0 nalus=1 n1:6658
  cu: inter64=0 inter32=0 inter16=0 inter8=0 intra32=0 intra16=0 intra8=0 intra4=0 reftype=0
  snapshot f192: 3 venc_ko blocks (pool0 0x73801000 len 0x10000)
src frame 193: srcf=19 off=776 br=16000
frame 193: send=0x0 get=0x0 len=3428 coding=1 startqp=0 meanqp=0 picbytes=0 pskip=0 nalus=1 n1:3428
  cu: inter64=0 inter32=0 inter16=0 inter8=0 intra32=0 intra16=0 intra8=0 intra4=0 reftype=0
  snapshot f193: 3 venc_ko blocks (pool0 0x73801000 len 0x10000)
src frame 194: srcf=20 off=780 br=16000
frame 194: send=0x0 get=0x0 len=2940 coding=1 startqp=0 meanqp=0 picbytes=0 pskip=0 nalus=1 n1:2940
  cu: inter64=0 inter32=0 inter16=0 inter8=0 intra32=0 intra16=0 intra8=0 intra4=0 reftype=0
  snapshot f194: 3 venc_ko blocks (pool0 0x73801000 len 0x10000)
src frame 195: srcf=21 off=784 br=16000
frame 195: send=0x0 get=0x0 len=2891 coding=1 startqp=0 meanqp=0 picbytes=0 pskip=0 nalus=1 n1:2891
  cu: inter64=0 inter32=0 inter16=0 inter8=0 intra32=0 intra16=0 intra8=0 intra4=0 reftype=0
  snapshot f195: 3 venc_ko blocks (pool0 0x73801000 len 0x10000)
src frame 196: srcf=22 off=788 br=16000
frame 196: send=0x0 get=0x0 len=2334 coding=1 startqp=0 meanqp=0 picbytes=0 pskip=0 nalus=1 n1:2334
  cu: inter64=0 inter32=0 inter16=0 inter8=0 intra32=0 intra16=0 intra8=0 intra4=0 reftype=0
  snapshot f196: 3 venc_ko blocks (pool0 0x73801000 len 0x10000)
src frame 197: srcf=23 off=792 br=16000
frame 197: send=0x0 get=0x0 len=1853 coding=1 startqp=0 meanqp=0 picbytes=0 pskip=0 nalus=1 n1:1853
  cu: inter64=0 inter32=0 inter16=0 inter8=0 intra32=0 intra16=0 intra8=0 intra4=0 reftype=0
  snapshot f197: 3 venc_ko blocks (pool0 0x73801000 len 0x10000)
src frame 198: srcf=24 off=796 br=16000
frame 198: send=0x0 get=0x0 len=1663 coding=1 startqp=0 meanqp=0 picbytes=0 pskip=0 nalus=1 n1:1663
  cu: inter64=0 inter32=0 inter16=0 inter8=0 intra32=0 intra16=0 intra8=0 intra4=0 reftype=0
  snapshot f198: 3 venc_ko blocks (pool0 0x73801000 len 0x10000)
src frame 199: srcf=25 off=800 br=16000
frame 199: send=0x0 get=0x0 len=1844 coding=1 startqp=0 meanqp=0 picbytes=0 pskip=0 nalus=1 n1:1844
  cu: inter64=0 inter32=0 inter16=0 inter8=0 intra32=0 intra16=0 intra8=0 intra4=0 reftype=0
  snapshot f199: 3 venc_ko blocks (pool0 0x73801000 len 0x10000)
src frame 200: srcf=26 off=804 br=16000
frame 200: send=0x0 get=0x0 len=1352 coding=1 startqp=0 meanqp=0 picbytes=0 pskip=0 nalus=1 n1:1352
  cu: inter64=0 inter32=0 inter16=0 inter8=0 intra32=0 intra16=0 intra8=0 intra4=0 reftype=0
  snapshot f200: 3 venc_ko blocks (pool0 0x73801000 len 0x10000)
src frame 201: srcf=27 off=808 br=16000
frame 201: send=0x0 get=0x0 len=1448 coding=1 startqp=0 meanqp=0 picbytes=0 pskip=0 nalus=1 n1:1448
  cu: inter64=0 inter32=0 inter16=0 inter8=0 intra32=0 intra16=0 intra8=0 intra4=0 reftype=0
  snapshot f201: 3 venc_ko blocks (pool0 0x73801000 len 0x10000)
src frame 202: srcf=28 off=812 br=16000
frame 202: send=0x0 get=0x0 len=1531 coding=1 startqp=0 meanqp=0 picbytes=0 pskip=0 nalus=1 n1:1531
  cu: inter64=0 inter32=0 inter16=0 inter8=0 intra32=0 intra16=0 intra8=0 intra4=0 reftype=0
  snapshot f202: 3 venc_ko blocks (pool0 0x73801000 len 0x10000)
src frame 203: srcf=29 off=816 br=16000
frame 203: send=0x0 get=0x0 len=1662 coding=1 startqp=0 meanqp=0 picbytes=0 pskip=0 nalus=1 n1:1662
  cu: inter64=0 inter32=0 inter16=0 inter8=0 intra32=0 intra16=0 intra8=0 intra4=0 reftype=0
  snapshot f203: 3 venc_ko blocks (pool0 0x73801000 len 0x10000)
src frame 204: srcf=28 off=820 br=16000
frame 204: send=0x0 get=0x0 len=1555 coding=1 startqp=0 meanqp=0 picbytes=0 pskip=0 nalus=1 n1:1555
  cu: inter64=0 inter32=0 inter16=0 inter8=0 intra32=0 intra16=0 intra8=0 intra4=0 reftype=0
  snapshot f204: 3 venc_ko blocks (pool0 0x73801000 len 0x10000)
src frame 205: srcf=27 off=824 br=16000
frame 205: send=0x0 get=0x0 len=1352 coding=1 startqp=0 meanqp=0 picbytes=0 pskip=0 nalus=1 n1:1352
  cu: inter64=0 inter32=0 inter16=0 inter8=0 intra32=0 intra16=0 intra8=0 intra4=0 reftype=0
  snapshot f205: 3 venc_ko blocks (pool0 0x73801000 len 0x10000)
src frame 206: srcf=26 off=828 br=16000
frame 206: send=0x0 get=0x0 len=1228 coding=1 startqp=0 meanqp=0 picbytes=0 pskip=0 nalus=1 n1:1228
  cu: inter64=0 inter32=0 inter16=0 inter8=0 intra32=0 intra16=0 intra8=0 intra4=0 reftype=0
  snapshot f206: 3 venc_ko blocks (pool0 0x73801000 len 0x10000)
src frame 207: srcf=25 off=832 br=16000
frame 207: send=0x0 get=0x0 len=1220 coding=1 startqp=0 meanqp=0 picbytes=0 pskip=0 nalus=1 n1:1220
  cu: inter64=0 inter32=0 inter16=0 inter8=0 intra32=0 intra16=0 intra8=0 intra4=0 reftype=0
  snapshot f207: 3 venc_ko blocks (pool0 0x73801000 len 0x10000)
src frame 208: srcf=24 off=836 br=16000
frame 208: send=0x0 get=0x0 len=1240 coding=1 startqp=0 meanqp=0 picbytes=0 pskip=0 nalus=1 n1:1240
  cu: inter64=0 inter32=0 inter16=0 inter8=0 intra32=0 intra16=0 intra8=0 intra4=0 reftype=0
  snapshot f208: 3 venc_ko blocks (pool0 0x73801000 len 0x10000)
src frame 209: srcf=23 off=840 br=16000
frame 209: send=0x0 get=0x0 len=1059 coding=1 startqp=0 meanqp=0 picbytes=0 pskip=0 nalus=1 n1:1059
  cu: inter64=0 inter32=0 inter16=0 inter8=0 intra32=0 intra16=0 intra8=0 intra4=0 reftype=0
  snapshot f209: 3 venc_ko blocks (pool0 0x73801000 len 0x10000)
src frame 210: srcf=22 off=844 br=16000
frame 210: send=0x0 get=0x0 len=40160 coding=0 startqp=0 meanqp=0 picbytes=0 pskip=0 nalus=4 n32:27 n33:53 n34:12 n19:40068
  cu: inter64=0 inter32=0 inter16=0 inter8=0 intra32=0 intra16=0 intra8=0 intra4=0 reftype=0
  snapshot f210: 3 venc_ko blocks (pool0 0x73801000 len 0x10000)
src frame 211: srcf=21 off=848 br=16000
frame 211: send=0x0 get=0x0 len=7104 coding=1 startqp=0 meanqp=0 picbytes=0 pskip=0 nalus=1 n1:7104
  cu: inter64=0 inter32=0 inter16=0 inter8=0 intra32=0 intra16=0 intra8=0 intra4=0 reftype=0
  snapshot f211: 3 venc_ko blocks (pool0 0x73801000 len 0x10000)
src frame 212: srcf=20 off=852 br=16000
frame 212: send=0x0 get=0x0 len=4142 coding=1 startqp=0 meanqp=0 picbytes=0 pskip=0 nalus=1 n1:4142
  cu: inter64=0 inter32=0 inter16=0 inter8=0 intra32=0 intra16=0 intra8=0 intra4=0 reftype=0
  snapshot f212: 3 venc_ko blocks (pool0 0x73801000 len 0x10000)
src frame 213: srcf=19 off=856 br=16000
frame 213: send=0x0 get=0x0 len=3998 coding=1 startqp=0 meanqp=0 picbytes=0 pskip=0 nalus=1 n1:3998
  cu: inter64=0 inter32=0 inter16=0 inter8=0 intra32=0 intra16=0 intra8=0 intra4=0 reftype=0
  snapshot f213: 3 venc_ko blocks (pool0 0x73801000 len 0x10000)
src frame 214: srcf=18 off=860 br=16000
frame 214: send=0x0 get=0x0 len=4535 coding=1 startqp=0 meanqp=0 picbytes=0 pskip=0 nalus=1 n1:4535
  cu: inter64=0 inter32=0 inter16=0 inter8=0 intra32=0 intra16=0 intra8=0 intra4=0 reftype=0
  snapshot f214: 3 venc_ko blocks (pool0 0x73801000 len 0x10000)
src frame 215: srcf=17 off=864 br=16000
frame 215: send=0x0 get=0x0 len=4237 coding=1 startqp=0 meanqp=0 picbytes=0 pskip=0 nalus=1 n1:4237
  cu: inter64=0 inter32=0 inter16=0 inter8=0 intra32=0 intra16=0 intra8=0 intra4=0 reftype=0
  snapshot f215: 3 venc_ko blocks (pool0 0x73801000 len 0x10000)
src frame 216: srcf=16 off=868 br=16000
frame 216: send=0x0 get=0x0 len=4496 coding=1 startqp=0 meanqp=0 picbytes=0 pskip=0 nalus=1 n1:4496
  cu: inter64=0 inter32=0 inter16=0 inter8=0 intra32=0 intra16=0 intra8=0 intra4=0 reftype=0
  snapshot f216: 3 venc_ko blocks (pool0 0x73801000 len 0x10000)
src frame 217: srcf=15 off=872 br=16000
frame 217: send=0x0 get=0x0 len=4698 coding=1 startqp=0 meanqp=0 picbytes=0 pskip=0 nalus=1 n1:4698
  cu: inter64=0 inter32=0 inter16=0 inter8=0 intra32=0 intra16=0 intra8=0 intra4=0 reftype=0
  snapshot f217: 3 venc_ko blocks (pool0 0x73801000 len 0x10000)
src frame 218: srcf=14 off=876 br=16000
frame 218: send=0x0 get=0x0 len=5224 coding=1 startqp=0 meanqp=0 picbytes=0 pskip=0 nalus=1 n1:5224
  cu: inter64=0 inter32=0 inter16=0 inter8=0 intra32=0 intra16=0 intra8=0 intra4=0 reftype=0
  snapshot f218: 3 venc_ko blocks (pool0 0x73801000 len 0x10000)
src frame 219: srcf=13 off=880 br=16000
frame 219: send=0x0 get=0x0 len=5984 coding=1 startqp=0 meanqp=0 picbytes=0 pskip=0 nalus=1 n1:5984
  cu: inter64=0 inter32=0 inter16=0 inter8=0 intra32=0 intra16=0 intra8=0 intra4=0 reftype=0
  snapshot f219: 3 venc_ko blocks (pool0 0x73801000 len 0x10000)
src frame 220: srcf=12 off=884 br=16000
frame 220: send=0x0 get=0x0 len=6101 coding=1 startqp=0 meanqp=0 picbytes=0 pskip=0 nalus=1 n1:6101
  cu: inter64=0 inter32=0 inter16=0 inter8=0 intra32=0 intra16=0 intra8=0 intra4=0 reftype=0
  snapshot f220: 3 venc_ko blocks (pool0 0x73801000 len 0x10000)
src frame 221: srcf=11 off=888 br=16000
frame 221: send=0x0 get=0x0 len=3090 coding=1 startqp=0 meanqp=0 picbytes=0 pskip=0 nalus=1 n1:3090
  cu: inter64=0 inter32=0 inter16=0 inter8=0 intra32=0 intra16=0 intra8=0 intra4=0 reftype=0
  snapshot f221: 3 venc_ko blocks (pool0 0x73801000 len 0x10000)
src frame 222: srcf=10 off=892 br=16000
frame 222: send=0x0 get=0x0 len=3513 coding=1 startqp=0 meanqp=0 picbytes=0 pskip=0 nalus=1 n1:3513
  cu: inter64=0 inter32=0 inter16=0 inter8=0 intra32=0 intra16=0 intra8=0 intra4=0 reftype=0
  snapshot f222: 3 venc_ko blocks (pool0 0x73801000 len 0x10000)
src frame 223: srcf=9 off=896 br=16000
frame 223: send=0x0 get=0x0 len=2873 coding=1 startqp=0 meanqp=0 picbytes=0 pskip=0 nalus=1 n1:2873
  cu: inter64=0 inter32=0 inter16=0 inter8=0 intra32=0 intra16=0 intra8=0 intra4=0 reftype=0
  snapshot f223: 3 venc_ko blocks (pool0 0x73801000 len 0x10000)
src frame 224: srcf=8 off=900 br=16000
frame 224: send=0x0 get=0x0 len=2727 coding=1 startqp=0 meanqp=0 picbytes=0 pskip=0 nalus=1 n1:2727
  cu: inter64=0 inter32=0 inter16=0 inter8=0 intra32=0 intra16=0 intra8=0 intra4=0 reftype=0
  snapshot f224: 3 venc_ko blocks (pool0 0x73801000 len 0x10000)
src frame 225: srcf=7 off=904 br=16000
frame 225: send=0x0 get=0x0 len=1867 coding=1 startqp=0 meanqp=0 picbytes=0 pskip=0 nalus=1 n1:1867
  cu: inter64=0 inter32=0 inter16=0 inter8=0 intra32=0 intra16=0 intra8=0 intra4=0 reftype=0
  snapshot f225: 3 venc_ko blocks (pool0 0x73801000 len 0x10000)
src frame 226: srcf=6 off=908 br=16000
frame 226: send=0x0 get=0x0 len=1582 coding=1 startqp=0 meanqp=0 picbytes=0 pskip=0 nalus=1 n1:1582
  cu: inter64=0 inter32=0 inter16=0 inter8=0 intra32=0 intra16=0 intra8=0 intra4=0 reftype=0
  snapshot f226: 3 venc_ko blocks (pool0 0x73801000 len 0x10000)
src frame 227: srcf=5 off=912 br=16000
frame 227: send=0x0 get=0x0 len=1592 coding=1 startqp=0 meanqp=0 picbytes=0 pskip=0 nalus=1 n1:1592
  cu: inter64=0 inter32=0 inter16=0 inter8=0 intra32=0 intra16=0 intra8=0 intra4=0 reftype=0
  snapshot f227: 3 venc_ko blocks (pool0 0x73801000 len 0x10000)
src frame 228: srcf=4 off=916 br=16000
frame 228: send=0x0 get=0x0 len=1745 coding=1 startqp=0 meanqp=0 picbytes=0 pskip=0 nalus=1 n1:1745
  cu: inter64=0 inter32=0 inter16=0 inter8=0 intra32=0 intra16=0 intra8=0 intra4=0 reftype=0
  snapshot f228: 3 venc_ko blocks (pool0 0x73801000 len 0x10000)
src frame 229: srcf=3 off=920 br=16000
frame 229: send=0x0 get=0x0 len=1512 coding=1 startqp=0 meanqp=0 picbytes=0 pskip=0 nalus=1 n1:1512
  cu: inter64=0 inter32=0 inter16=0 inter8=0 intra32=0 intra16=0 intra8=0 intra4=0 reftype=0
  snapshot f229: 3 venc_ko blocks (pool0 0x73801000 len 0x10000)
src frame 230: srcf=2 off=924 br=16000
frame 230: send=0x0 get=0x0 len=1600 coding=1 startqp=0 meanqp=0 picbytes=0 pskip=0 nalus=1 n1:1600
  cu: inter64=0 inter32=0 inter16=0 inter8=0 intra32=0 intra16=0 intra8=0 intra4=0 reftype=0
  snapshot f230: 3 venc_ko blocks (pool0 0x73801000 len 0x10000)
src frame 231: srcf=1 off=928 br=16000
frame 231: send=0x0 get=0x0 len=1876 coding=1 startqp=0 meanqp=0 picbytes=0 pskip=0 nalus=1 n1:1876
  cu: inter64=0 inter32=0 inter16=0 inter8=0 intra32=0 intra16=0 intra8=0 intra4=0 reftype=0
  snapshot f231: 3 venc_ko blocks (pool0 0x73801000 len 0x10000)
src frame 232: srcf=0 off=932 br=16000
frame 232: send=0x0 get=0x0 len=1552 coding=1 startqp=0 meanqp=0 picbytes=0 pskip=0 nalus=1 n1:1552
  cu: inter64=0 inter32=0 inter16=0 inter8=0 intra32=0 intra16=0 intra8=0 intra4=0 reftype=0
  snapshot f232: 3 venc_ko blocks (pool0 0x73801000 len 0x10000)
src frame 233: srcf=1 off=936 br=16000
frame 233: send=0x0 get=0x0 len=1619 coding=1 startqp=0 meanqp=0 picbytes=0 pskip=0 nalus=1 n1:1619
  cu: inter64=0 inter32=0 inter16=0 inter8=0 intra32=0 intra16=0 intra8=0 intra4=0 reftype=0
  snapshot f233: 3 venc_ko blocks (pool0 0x73801000 len 0x10000)
src frame 234: srcf=2 off=940 br=16000
frame 234: send=0x0 get=0x0 len=1262 coding=1 startqp=0 meanqp=0 picbytes=0 pskip=0 nalus=1 n1:1262
  cu: inter64=0 inter32=0 inter16=0 inter8=0 intra32=0 intra16=0 intra8=0 intra4=0 reftype=0
  snapshot f234: 3 venc_ko blocks (pool0 0x73801000 len 0x10000)
src frame 235: srcf=3 off=944 br=16000
frame 235: send=0x0 get=0x0 len=1087 coding=1 startqp=0 meanqp=0 picbytes=0 pskip=0 nalus=1 n1:1087
  cu: inter64=0 inter32=0 inter16=0 inter8=0 intra32=0 intra16=0 intra8=0 intra4=0 reftype=0
  snapshot f235: 3 venc_ko blocks (pool0 0x73801000 len 0x10000)
src frame 236: srcf=4 off=948 br=16000
frame 236: send=0x0 get=0x0 len=1112 coding=1 startqp=0 meanqp=0 picbytes=0 pskip=0 nalus=1 n1:1112
  cu: inter64=0 inter32=0 inter16=0 inter8=0 intra32=0 intra16=0 intra8=0 intra4=0 reftype=0
  snapshot f236: 3 venc_ko blocks (pool0 0x73801000 len 0x10000)
src frame 237: srcf=5 off=952 br=16000
frame 237: send=0x0 get=0x0 len=997 coding=1 startqp=0 meanqp=0 picbytes=0 pskip=0 nalus=1 n1:997
  cu: inter64=0 inter32=0 inter16=0 inter8=0 intra32=0 intra16=0 intra8=0 intra4=0 reftype=0
  snapshot f237: 3 venc_ko blocks (pool0 0x73801000 len 0x10000)
src frame 238: srcf=6 off=956 br=16000
frame 238: send=0x0 get=0x0 len=1060 coding=1 startqp=0 meanqp=0 picbytes=0 pskip=0 nalus=1 n1:1060
  cu: inter64=0 inter32=0 inter16=0 inter8=0 intra32=0 intra16=0 intra8=0 intra4=0 reftype=0
  snapshot f238: 3 venc_ko blocks (pool0 0x73801000 len 0x10000)
src frame 239: srcf=7 off=960 br=16000
frame 239: send=0x0 get=0x0 len=1182 coding=1 startqp=0 meanqp=0 picbytes=0 pskip=0 nalus=1 n1:1182
  cu: inter64=0 inter32=0 inter16=0 inter8=0 intra32=0 intra16=0 intra8=0 intra4=0 reftype=0
  snapshot f239: 3 venc_ko blocks (pool0 0x73801000 len 0x10000)
src frame 240: srcf=8 off=964 br=16000
frame 240: send=0x0 get=0x0 len=44070 coding=0 startqp=0 meanqp=0 picbytes=0 pskip=0 nalus=4 n32:27 n33:53 n34:12 n19:43978
  cu: inter64=0 inter32=0 inter16=0 inter8=0 intra32=0 intra16=0 intra8=0 intra4=0 reftype=0
  snapshot f240: 3 venc_ko blocks (pool0 0x73801000 len 0x10000)
src frame 241: srcf=9 off=968 br=16000
frame 241: send=0x0 get=0x0 len=6966 coding=1 startqp=0 meanqp=0 picbytes=0 pskip=0 nalus=1 n1:6966
  cu: inter64=0 inter32=0 inter16=0 inter8=0 intra32=0 intra16=0 intra8=0 intra4=0 reftype=0
  snapshot f241: 3 venc_ko blocks (pool0 0x73801000 len 0x10000)
src frame 242: srcf=10 off=972 br=16000
frame 242: send=0x0 get=0x0 len=4521 coding=1 startqp=0 meanqp=0 picbytes=0 pskip=0 nalus=1 n1:4521
  cu: inter64=0 inter32=0 inter16=0 inter8=0 intra32=0 intra16=0 intra8=0 intra4=0 reftype=0
  snapshot f242: 3 venc_ko blocks (pool0 0x73801000 len 0x10000)
src frame 243: srcf=11 off=976 br=16000
frame 243: send=0x0 get=0x0 len=3998 coding=1 startqp=0 meanqp=0 picbytes=0 pskip=0 nalus=1 n1:3998
  cu: inter64=0 inter32=0 inter16=0 inter8=0 intra32=0 intra16=0 intra8=0 intra4=0 reftype=0
  snapshot f243: 3 venc_ko blocks (pool0 0x73801000 len 0x10000)
src frame 244: srcf=12 off=980 br=16000
frame 244: send=0x0 get=0x0 len=4724 coding=1 startqp=0 meanqp=0 picbytes=0 pskip=0 nalus=1 n1:4724
  cu: inter64=0 inter32=0 inter16=0 inter8=0 intra32=0 intra16=0 intra8=0 intra4=0 reftype=0
  snapshot f244: 3 venc_ko blocks (pool0 0x73801000 len 0x10000)
src frame 245: srcf=13 off=984 br=16000
frame 245: send=0x0 get=0x0 len=4430 coding=1 startqp=0 meanqp=0 picbytes=0 pskip=0 nalus=1 n1:4430
  cu: inter64=0 inter32=0 inter16=0 inter8=0 intra32=0 intra16=0 intra8=0 intra4=0 reftype=0
  snapshot f245: 3 venc_ko blocks (pool0 0x73801000 len 0x10000)
src frame 246: srcf=14 off=988 br=16000
frame 246: send=0x0 get=0x0 len=4646 coding=1 startqp=0 meanqp=0 picbytes=0 pskip=0 nalus=1 n1:4646
  cu: inter64=0 inter32=0 inter16=0 inter8=0 intra32=0 intra16=0 intra8=0 intra4=0 reftype=0
  snapshot f246: 3 venc_ko blocks (pool0 0x73801000 len 0x10000)
src frame 247: srcf=15 off=992 br=16000
frame 247: send=0x0 get=0x0 len=5042 coding=1 startqp=0 meanqp=0 picbytes=0 pskip=0 nalus=1 n1:5042
  cu: inter64=0 inter32=0 inter16=0 inter8=0 intra32=0 intra16=0 intra8=0 intra4=0 reftype=0
  snapshot f247: 3 venc_ko blocks (pool0 0x73801000 len 0x10000)
src frame 248: srcf=16 off=996 br=16000
frame 248: send=0x0 get=0x0 len=5501 coding=1 startqp=0 meanqp=0 picbytes=0 pskip=0 nalus=1 n1:5501
  cu: inter64=0 inter32=0 inter16=0 inter8=0 intra32=0 intra16=0 intra8=0 intra4=0 reftype=0
  snapshot f248: 3 venc_ko blocks (pool0 0x73801000 len 0x10000)
src frame 249: srcf=17 off=1000 br=16000
frame 249: send=0x0 get=0x0 len=3312 coding=1 startqp=0 meanqp=0 picbytes=0 pskip=0 nalus=1 n1:3312
  cu: inter64=0 inter32=0 inter16=0 inter8=0 intra32=0 intra16=0 intra8=0 intra4=0 reftype=0
  snapshot f249: 3 venc_ko blocks (pool0 0x73801000 len 0x10000)
src frame 250: srcf=18 off=1004 br=16000
frame 250: send=0x0 get=0x0 len=3004 coding=1 startqp=0 meanqp=0 picbytes=0 pskip=0 nalus=1 n1:3004
  cu: inter64=0 inter32=0 inter16=0 inter8=0 intra32=0 intra16=0 intra8=0 intra4=0 reftype=0
  snapshot f250: 3 venc_ko blocks (pool0 0x73801000 len 0x10000)
src frame 251: srcf=19 off=1008 br=16000
frame 251: send=0x0 get=0x0 len=2703 coding=1 startqp=0 meanqp=0 picbytes=0 pskip=0 nalus=1 n1:2703
  cu: inter64=0 inter32=0 inter16=0 inter8=0 intra32=0 intra16=0 intra8=0 intra4=0 reftype=0
  snapshot f251: 3 venc_ko blocks (pool0 0x73801000 len 0x10000)
src frame 252: srcf=20 off=1012 br=16000
frame 252: send=0x0 get=0x0 len=2333 coding=1 startqp=0 meanqp=0 picbytes=0 pskip=0 nalus=1 n1:2333
  cu: inter64=0 inter32=0 inter16=0 inter8=0 intra32=0 intra16=0 intra8=0 intra4=0 reftype=0
  snapshot f252: 3 venc_ko blocks (pool0 0x73801000 len 0x10000)
src frame 253: srcf=21 off=1016 br=16000
frame 253: send=0x0 get=0x0 len=2237 coding=1 startqp=0 meanqp=0 picbytes=0 pskip=0 nalus=1 n1:2237
  cu: inter64=0 inter32=0 inter16=0 inter8=0 intra32=0 intra16=0 intra8=0 intra4=0 reftype=0
  snapshot f253: 3 venc_ko blocks (pool0 0x73801000 len 0x10000)
src frame 254: srcf=22 off=1020 br=16000
frame 254: send=0x0 get=0x0 len=1988 coding=1 startqp=0 meanqp=0 picbytes=0 pskip=0 nalus=1 n1:1988
  cu: inter64=0 inter32=0 inter16=0 inter8=0 intra32=0 intra16=0 intra8=0 intra4=0 reftype=0
  snapshot f254: 3 venc_ko blocks (pool0 0x73801000 len 0x10000)
src frame 255: srcf=23 off=1024 br=16000
frame 255: send=0x0 get=0x0 len=1886 coding=1 startqp=0 meanqp=0 picbytes=0 pskip=0 nalus=1 n1:1886
  cu: inter64=0 inter32=0 inter16=0 inter8=0 intra32=0 intra16=0 intra8=0 intra4=0 reftype=0
  snapshot f255: 3 venc_ko blocks (pool0 0x73801000 len 0x10000)
src frame 256: srcf=24 off=1028 br=16000
frame 256: send=0x0 get=0x0 len=1766 coding=1 startqp=0 meanqp=0 picbytes=0 pskip=0 nalus=1 n1:1766
  cu: inter64=0 inter32=0 inter16=0 inter8=0 intra32=0 intra16=0 intra8=0 intra4=0 reftype=0
  snapshot f256: 3 venc_ko blocks (pool0 0x73801000 len 0x10000)
src frame 257: srcf=25 off=1032 br=16000
frame 257: send=0x0 get=0x0 len=1297 coding=1 startqp=0 meanqp=0 picbytes=0 pskip=0 nalus=1 n1:1297
  cu: inter64=0 inter32=0 inter16=0 inter8=0 intra32=0 intra16=0 intra8=0 intra4=0 reftype=0
  snapshot f257: 3 venc_ko blocks (pool0 0x73801000 len 0x10000)
src frame 258: srcf=26 off=1036 br=16000
frame 258: send=0x0 get=0x0 len=1503 coding=1 startqp=0 meanqp=0 picbytes=0 pskip=0 nalus=1 n1:1503
  cu: inter64=0 inter32=0 inter16=0 inter8=0 intra32=0 intra16=0 intra8=0 intra4=0 reftype=0
  snapshot f258: 3 venc_ko blocks (pool0 0x73801000 len 0x10000)
src frame 259: srcf=27 off=1040 br=16000
frame 259: send=0x0 get=0x0 len=1415 coding=1 startqp=0 meanqp=0 picbytes=0 pskip=0 nalus=1 n1:1415
  cu: inter64=0 inter32=0 inter16=0 inter8=0 intra32=0 intra16=0 intra8=0 intra4=0 reftype=0
  snapshot f259: 3 venc_ko blocks (pool0 0x73801000 len 0x10000)
src frame 260: srcf=28 off=1044 br=16000
frame 260: send=0x0 get=0x0 len=1664 coding=1 startqp=0 meanqp=0 picbytes=0 pskip=0 nalus=1 n1:1664
  cu: inter64=0 inter32=0 inter16=0 inter8=0 intra32=0 intra16=0 intra8=0 intra4=0 reftype=0
  snapshot f260: 3 venc_ko blocks (pool0 0x73801000 len 0x10000)
src frame 261: srcf=29 off=1048 br=16000
frame 261: send=0x0 get=0x0 len=1733 coding=1 startqp=0 meanqp=0 picbytes=0 pskip=0 nalus=1 n1:1733
  cu: inter64=0 inter32=0 inter16=0 inter8=0 intra32=0 intra16=0 intra8=0 intra4=0 reftype=0
  snapshot f261: 3 venc_ko blocks (pool0 0x73801000 len 0x10000)
src frame 262: srcf=28 off=1052 br=16000
frame 262: send=0x0 get=0x0 len=1573 coding=1 startqp=0 meanqp=0 picbytes=0 pskip=0 nalus=1 n1:1573
  cu: inter64=0 inter32=0 inter16=0 inter8=0 intra32=0 intra16=0 intra8=0 intra4=0 reftype=0
  snapshot f262: 3 venc_ko blocks (pool0 0x73801000 len 0x10000)
src frame 263: srcf=27 off=1056 br=16000
frame 263: send=0x0 get=0x0 len=1724 coding=1 startqp=0 meanqp=0 picbytes=0 pskip=0 nalus=1 n1:1724
  cu: inter64=0 inter32=0 inter16=0 inter8=0 intra32=0 intra16=0 intra8=0 intra4=0 reftype=0
  snapshot f263: 3 venc_ko blocks (pool0 0x73801000 len 0x10000)
src frame 264: srcf=26 off=1060 br=16000
frame 264: send=0x0 get=0x0 len=1487 coding=1 startqp=0 meanqp=0 picbytes=0 pskip=0 nalus=1 n1:1487
  cu: inter64=0 inter32=0 inter16=0 inter8=0 intra32=0 intra16=0 intra8=0 intra4=0 reftype=0
  snapshot f264: 3 venc_ko blocks (pool0 0x73801000 len 0x10000)
src frame 265: srcf=25 off=1064 br=16000
frame 265: send=0x0 get=0x0 len=1349 coding=1 startqp=0 meanqp=0 picbytes=0 pskip=0 nalus=1 n1:1349
  cu: inter64=0 inter32=0 inter16=0 inter8=0 intra32=0 intra16=0 intra8=0 intra4=0 reftype=0
  snapshot f265: 3 venc_ko blocks (pool0 0x73801000 len 0x10000)
src frame 266: srcf=24 off=1068 br=16000
frame 266: send=0x0 get=0x0 len=1068 coding=1 startqp=0 meanqp=0 picbytes=0 pskip=0 nalus=1 n1:1068
  cu: inter64=0 inter32=0 inter16=0 inter8=0 intra32=0 intra16=0 intra8=0 intra4=0 reftype=0
  snapshot f266: 3 venc_ko blocks (pool0 0x73801000 len 0x10000)
src frame 267: srcf=23 off=1072 br=16000
frame 267: send=0x0 get=0x0 len=1050 coding=1 startqp=0 meanqp=0 picbytes=0 pskip=0 nalus=1 n1:1050
  cu: inter64=0 inter32=0 inter16=0 inter8=0 intra32=0 intra16=0 intra8=0 intra4=0 reftype=0
  snapshot f267: 3 venc_ko blocks (pool0 0x73801000 len 0x10000)
src frame 268: srcf=22 off=1076 br=16000
frame 268: send=0x0 get=0x0 len=1083 coding=1 startqp=0 meanqp=0 picbytes=0 pskip=0 nalus=1 n1:1083
  cu: inter64=0 inter32=0 inter16=0 inter8=0 intra32=0 intra16=0 intra8=0 intra4=0 reftype=0
  snapshot f268: 3 venc_ko blocks (pool0 0x73801000 len 0x10000)
src frame 269: srcf=21 off=1080 br=16000
frame 269: send=0x0 get=0x0 len=1437 coding=1 startqp=0 meanqp=0 picbytes=0 pskip=0 nalus=1 n1:1437
  cu: inter64=0 inter32=0 inter16=0 inter8=0 intra32=0 intra16=0 intra8=0 intra4=0 reftype=0
  snapshot f269: 3 venc_ko blocks (pool0 0x73801000 len 0x10000)
---- /proc/ax_proc/venc ----
-------- VENC VERSION ------------------------
[Axera version]: ax_venc V3.0.0_20250319114413 Mar 19 2025 11:58:34 JK

-------- MODULE PARAM ------------------------
MaxChnNum   MaxRoiNum   MaxProcNum  
16          8           16          

-------- VENC CHN ATTR 1 ------------------------
ID    Type    wSrc    hSrc    Strd0   Strd1   maxW    maxH    PixFmt  link  InFifoDep    OutFifoDep   InDbgFifoLen InDbgFifoDep StrmBufSize(KB)
7     h265    1920    1080    3840    0       1920    1080    YUYV422 N     2            2            0            4            4114      
-------- VENC CHN ATTR 2 ------------------------
ID    [CropEn StartX  StartY  CropW   CropH]  Rotation  EncW    EncH    FrmSize      PTS          SeqNum       CompMode     CompLevel    PhyAddr0     PhyAddr1     PhyAddr2     
7     N       0       0       0       0       0         1920    1080    4147200      4100000      247          NONE         0            742cb000     0            0            
-------- VENC RC ATTR 1 ------------------------
ID    RcMode    SrcFr   DstFr   Br(kbps)  MinQp   MaxQp   MinIQp  MaxIQp  IQpDelta  IpropMax   IpropMin   StartQp    QpDltRng   DeBrQpDlt  SvcEn   ChgPos  StillPercent MaxStillQp 
7     CBR       60.00   60.00   16000     10      51      10      51      0         40         10         -1         2          0          False   -       -            -          
-------- VENC RC ATTR 2  -----------------------
ID    QMapQpType  QMapUnit    QMapBlkType IQp   PQp   MinQpDelta MaxQpDelta MaxBitRate shtStaTime ltStaTime  ltMinBr  ltMaxBr  Br_ST(kbps)    Br_LT(kbps)    
7     N/A         64x64       N/A         -     -     -          -          -          -          -          -        -        -              -              
-------- VENC GOP ATTR  ------------------------
ID    GopMode   Gop   GopVI 
7     NormalP   30    0     
-------- VENC STATUS 1 -------------------------
ID    RJEn         RJThr(bps)   RJMode       RJEncGaps    SupFrmEn     SupPri       SupThrI      SupThrP      SplitEn      SliceNum     Range(In)    Range(out)   
7     N            0            Normal       0            N            0            500000       500000       N            0            Full         Full         
-------- VENC STATUS 2 -------------------------
ID    ChnStat   FrmRecv   FrmRls    FrmEnc    FrmDrop   FrmDup    EncFail   MissMatch StrmGet   StrmRls   OutFps    RealBr    ReEncCnt  DropCnt   BlkFail   GrpID     PID     TID     ThNum   RefInc    RefDec    Fail1   Fail2   Fail3   Fail4   
7     STARTED   247       246       246       0         0         0         0         246       246       50.00     1697.94   0         0         0         -1        130273  130278  1       247       246       0       0       0       0       
-------- VENC HW STATUS  ------------------------
ID    OverFlow     TimeOut      
7     0            0            
-------- VENC ROI INFO  ------------------------
ID    Index        bEnable      bAbsQp       RoiQP        Width        Height       StartX       StartY       
done h265_chg
rc=0
== h265_chg: codec=h265 rc=cbr br=8000 fps=60 gop=30 frames=270 total=938635 B achieved=1669 kbps
I frames (frame:qp/bytes): 0:32/29084 30:30/32530 60:35/23869 90:36/22116 120:32/29190 150:30/32618 180:28/36444 210:26/40160 240:24/44070
first P after each I (frame:qp): 1:35 31:33 61:38 91:37 121:34 151:33 181:31 211:29 241:27
per-GOP: gop#: kbps I_qp P_qp[min..max] P_qp_last
  0: 1994 kbps I=[32] P=[21..35] last=21 n=30
  1: 2082 kbps I=[30] P=[19..33] last=19 n=30
  2: 450 kbps I=[35] P=[38..51] last=51 n=30
  3: 436 kbps I=[36] P=[37..46] last=46 n=30
  4: 2004 kbps I=[32] P=[21..34] last=21 n=30
  5: 2085 kbps I=[30] P=[19..33] last=19 n=30
  6: 2031 kbps I=[28] P=[17..31] last=17 n=30
  7: 1992 kbps I=[26] P=[15..29] last=15 n=30
  8: 1944 kbps I=[24] P=[13..27] last=13 n=30
P->P QP step histogram: -2:1 -1:95 +0:136 +1:18 +2:2
I->firstP QP delta: +3 +3 +3 +1 +2 +3 +3 +3 +3
sw7 frame-QP == slice QP: 270/270 frames with a program agree; mismatches at []
slot flags: {'': 270}
sw105-107 distinct (I): [('0x0', '0x0', '0x0'), ('0x1adb00', '0x1adb00', '0x1adb00'), ('0x249f00', '0x249f00', '0x249f00'), ('0x46c3f1', '0x46c3f1', '0x46c3f1'), ('0x4dd789', '0x4dd789', '0x4dd789')]
sw172/173 distinct: [('0x14f', '0x662'), ('0x14f', '0x66a')]
sw6 distinct (I / P): ['0x20000b'] ['0x200003']
mid-stream changes: [{'frame': 60, 'before': 8000, 'to': 2000, 'g': '0', 's': '0', 'rb': 2000}, {'frame': 120, 'before': 2000, 'to': 16000, 'g': '0', 's': '0', 'rb': 16000}]
  segment 0..59: 2038 kbps, qp first=32 last=19 min=19 max=35
  segment 60..119: 443 kbps, qp first=35 last=46 min=35 max=51
  segment 120..269: 2011 kbps, qp first=32 last=13 min=13 max=34
  around change at 60: 56:P1374/q19 57:P1383/q19 58:P1143/q19 59:P1161/q19 60:I23869/q35 61:P721/q38 62:P349/q40 63:P235/q41 64:P223/q42 65:P158/q43 66:P129/q44 67:P108/q45 68:P94/q46 69:P85/q47 70:P95/q48 71:P87/q49 72:P102/q50 73:P94/q51 74:P92/q51 75:P79/q51
  around change at 120: 116:P119/q46 117:P135/q46 118:P135/q46 119:P131/q46 120:I29190/q32 121:P8736/q34 122:P3622/q33 123:P3535/q32 124:P3613/q31 125:P3363/q30 126:P4260/q29 127:P3974/q28 128:P4337/q27 129:P4609/q26 130:P4509/q25 131:P4784/q24 132:P5240/q23 133:P6090/q22 134:P7109/q21 135:P3867/q21
=== h265_chg_vbr: codec=h265 rc=vbr br=8000 nframes=270 src=/root/rc65/clips/static.yuyv motion=vscroll mstep=4 chg=60:2000,120:16000
# vdrive tag=h265_chg_vbr codec=h265 1920x1080 rc=vbr br=8000 fps=60/60 gop=30 gopmode=normalp ltrint=0 ltrqpo=0 iqp=32 pqp=32 profile=0 level=153 tier=0 qp[10..51] iqp[10..51] iqd=0 firstqp=-1 iprop[10..40] idrrange=2 stattime=1 vq=0 ir=0/0 slice=0 debreath=0 scd=-1 rowqpd=-1 vui=-1 move=0 nframes=270
src=/root/rc65/clips/static.yuyv frames=30 loop=pingpong motion=vscroll mstep=4 window=0..-1
chg plan: frame 60 -> 2000 kbps
chg plan: frame 120 -> 16000 kbps
AX_SYS_Init rc=0x0
AX_VENC_Init rc=0x0
AX_VENC_CreateChn(7) rc=0x0
StartRecvFrame rc=0x0
AX_POOL_CreatePool id=0x0
blk=0x5e000000 phys=0x742cb000 virt=0xffff98f75000
frame: modid=0x11 stride=1920 fmt=0xd
  snapshot pre: 3 venc_ko blocks (pool0 0x73801000 len 0x10000)
src frame 0: srcf=0 off=4 br=8000
frame 0: send=0x0 get=0x0 len=28669 coding=0 startqp=0 meanqp=0 picbytes=0 pskip=0 nalus=4 n32:27 n33:53 n34:12 n19:28577
  cu: inter64=0 inter32=0 inter16=0 inter8=0 intra32=0 intra16=0 intra8=0 intra4=0 reftype=0
  snapshot f000: 3 venc_ko blocks (pool0 0x73801000 len 0x10000)
src frame 1: srcf=1 off=8 br=8000
frame 1: send=0x0 get=0x0 len=1467 coding=1 startqp=0 meanqp=0 picbytes=0 pskip=0 nalus=1 n1:1467
  cu: inter64=0 inter32=0 inter16=0 inter8=0 intra32=0 intra16=0 intra8=0 intra4=0 reftype=0
  snapshot f001: 3 venc_ko blocks (pool0 0x73801000 len 0x10000)
src frame 2: srcf=2 off=12 br=8000
frame 2: send=0x0 get=0x0 len=1323 coding=1 startqp=0 meanqp=0 picbytes=0 pskip=0 nalus=1 n1:1323
  cu: inter64=0 inter32=0 inter16=0 inter8=0 intra32=0 intra16=0 intra8=0 intra4=0 reftype=0
  snapshot f002: 3 venc_ko blocks (pool0 0x73801000 len 0x10000)
src frame 3: srcf=3 off=16 br=8000
frame 3: send=0x0 get=0x0 len=2260 coding=1 startqp=0 meanqp=0 picbytes=0 pskip=0 nalus=1 n1:2260
  cu: inter64=0 inter32=0 inter16=0 inter8=0 intra32=0 intra16=0 intra8=0 intra4=0 reftype=0
  snapshot f003: 3 venc_ko blocks (pool0 0x73801000 len 0x10000)
src frame 4: srcf=4 off=20 br=8000
frame 4: send=0x0 get=0x0 len=3689 coding=1 startqp=0 meanqp=0 picbytes=0 pskip=0 nalus=1 n1:3689
  cu: inter64=0 inter32=0 inter16=0 inter8=0 intra32=0 intra16=0 intra8=0 intra4=0 reftype=0
  snapshot f004: 3 venc_ko blocks (pool0 0x73801000 len 0x10000)
src frame 5: srcf=5 off=24 br=8000
frame 5: send=0x0 get=0x0 len=3687 coding=1 startqp=0 meanqp=0 picbytes=0 pskip=0 nalus=1 n1:3687
  cu: inter64=0 inter32=0 inter16=0 inter8=0 intra32=0 intra16=0 intra8=0 intra4=0 reftype=0
  snapshot f005: 3 venc_ko blocks (pool0 0x73801000 len 0x10000)
src frame 6: srcf=6 off=28 br=8000
frame 6: send=0x0 get=0x0 len=3813 coding=1 startqp=0 meanqp=0 picbytes=0 pskip=0 nalus=1 n1:3813
  cu: inter64=0 inter32=0 inter16=0 inter8=0 intra32=0 intra16=0 intra8=0 intra4=0 reftype=0
  snapshot f006: 3 venc_ko blocks (pool0 0x73801000 len 0x10000)
src frame 7: srcf=7 off=32 br=8000
frame 7: send=0x0 get=0x0 len=4006 coding=1 startqp=0 meanqp=0 picbytes=0 pskip=0 nalus=1 n1:4006
  cu: inter64=0 inter32=0 inter16=0 inter8=0 intra32=0 intra16=0 intra8=0 intra4=0 reftype=0
  snapshot f007: 3 venc_ko blocks (pool0 0x73801000 len 0x10000)
src frame 8: srcf=8 off=36 br=8000
frame 8: send=0x0 get=0x0 len=4015 coding=1 startqp=0 meanqp=0 picbytes=0 pskip=0 nalus=1 n1:4015
  cu: inter64=0 inter32=0 inter16=0 inter8=0 intra32=0 intra16=0 intra8=0 intra4=0 reftype=0
  snapshot f008: 3 venc_ko blocks (pool0 0x73801000 len 0x10000)
src frame 9: srcf=9 off=40 br=8000
frame 9: send=0x0 get=0x0 len=4160 coding=1 startqp=0 meanqp=0 picbytes=0 pskip=0 nalus=1 n1:4160
  cu: inter64=0 inter32=0 inter16=0 inter8=0 intra32=0 intra16=0 intra8=0 intra4=0 reftype=0
  snapshot f009: 3 venc_ko blocks (pool0 0x73801000 len 0x10000)
src frame 10: srcf=10 off=44 br=8000
frame 10: send=0x0 get=0x0 len=4470 coding=1 startqp=0 meanqp=0 picbytes=0 pskip=0 nalus=1 n1:4470
  cu: inter64=0 inter32=0 inter16=0 inter8=0 intra32=0 intra16=0 intra8=0 intra4=0 reftype=0
  snapshot f010: 3 venc_ko blocks (pool0 0x73801000 len 0x10000)
src frame 11: srcf=11 off=48 br=8000
frame 11: send=0x0 get=0x0 len=4911 coding=1 startqp=0 meanqp=0 picbytes=0 pskip=0 nalus=1 n1:4911
  cu: inter64=0 inter32=0 inter16=0 inter8=0 intra32=0 intra16=0 intra8=0 intra4=0 reftype=0
  snapshot f011: 3 venc_ko blocks (pool0 0x73801000 len 0x10000)
src frame 12: srcf=12 off=52 br=8000
frame 12: send=0x0 get=0x0 len=5500 coding=1 startqp=0 meanqp=0 picbytes=0 pskip=0 nalus=1 n1:5500
  cu: inter64=0 inter32=0 inter16=0 inter8=0 intra32=0 intra16=0 intra8=0 intra4=0 reftype=0
  snapshot f012: 3 venc_ko blocks (pool0 0x73801000 len 0x10000)
src frame 13: srcf=13 off=56 br=8000
frame 13: send=0x0 get=0x0 len=5472 coding=1 startqp=0 meanqp=0 picbytes=0 pskip=0 nalus=1 n1:5472
  cu: inter64=0 inter32=0 inter16=0 inter8=0 intra32=0 intra16=0 intra8=0 intra4=0 reftype=0
  snapshot f013: 3 venc_ko blocks (pool0 0x73801000 len 0x10000)
src frame 14: srcf=14 off=60 br=8000
frame 14: send=0x0 get=0x0 len=6238 coding=1 startqp=0 meanqp=0 picbytes=0 pskip=0 nalus=1 n1:6238
  cu: inter64=0 inter32=0 inter16=0 inter8=0 intra32=0 intra16=0 intra8=0 intra4=0 reftype=0
  snapshot f014: 3 venc_ko blocks (pool0 0x73801000 len 0x10000)
src frame 15: srcf=15 off=64 br=8000
frame 15: send=0x0 get=0x0 len=5644 coding=1 startqp=0 meanqp=0 picbytes=0 pskip=0 nalus=1 n1:5644
  cu: inter64=0 inter32=0 inter16=0 inter8=0 intra32=0 intra16=0 intra8=0 intra4=0 reftype=0
  snapshot f015: 3 venc_ko blocks (pool0 0x73801000 len 0x10000)
src frame 16: srcf=16 off=68 br=8000
frame 16: send=0x0 get=0x0 len=5809 coding=1 startqp=0 meanqp=0 picbytes=0 pskip=0 nalus=1 n1:5809
  cu: inter64=0 inter32=0 inter16=0 inter8=0 intra32=0 intra16=0 intra8=0 intra4=0 reftype=0
  snapshot f016: 3 venc_ko blocks (pool0 0x73801000 len 0x10000)
src frame 17: srcf=17 off=72 br=8000
frame 17: send=0x0 get=0x0 len=5579 coding=1 startqp=0 meanqp=0 picbytes=0 pskip=0 nalus=1 n1:5579
  cu: inter64=0 inter32=0 inter16=0 inter8=0 intra32=0 intra16=0 intra8=0 intra4=0 reftype=0
  snapshot f017: 3 venc_ko blocks (pool0 0x73801000 len 0x10000)
src frame 18: srcf=18 off=76 br=8000
frame 18: send=0x0 get=0x0 len=5998 coding=1 startqp=0 meanqp=0 picbytes=0 pskip=0 nalus=1 n1:5998
  cu: inter64=0 inter32=0 inter16=0 inter8=0 intra32=0 intra16=0 intra8=0 intra4=0 reftype=0
  snapshot f018: 3 venc_ko blocks (pool0 0x73801000 len 0x10000)
src frame 19: srcf=19 off=80 br=8000
frame 19: send=0x0 get=0x0 len=6151 coding=1 startqp=0 meanqp=0 picbytes=0 pskip=0 nalus=1 n1:6151
  cu: inter64=0 inter32=0 inter16=0 inter8=0 intra32=0 intra16=0 intra8=0 intra4=0 reftype=0
  snapshot f019: 3 venc_ko blocks (pool0 0x73801000 len 0x10000)
src frame 20: srcf=20 off=84 br=8000
frame 20: send=0x0 get=0x0 len=6684 coding=1 startqp=0 meanqp=0 picbytes=0 pskip=0 nalus=1 n1:6684
  cu: inter64=0 inter32=0 inter16=0 inter8=0 intra32=0 intra16=0 intra8=0 intra4=0 reftype=0
  snapshot f020: 3 venc_ko blocks (pool0 0x73801000 len 0x10000)
src frame 21: srcf=21 off=88 br=8000
frame 21: send=0x0 get=0x0 len=7436 coding=1 startqp=0 meanqp=0 picbytes=0 pskip=0 nalus=1 n1:7436
  cu: inter64=0 inter32=0 inter16=0 inter8=0 intra32=0 intra16=0 intra8=0 intra4=0 reftype=0
  snapshot f021: 3 venc_ko blocks (pool0 0x73801000 len 0x10000)
src frame 22: srcf=22 off=92 br=8000
frame 22: send=0x0 get=0x0 len=5528 coding=1 startqp=0 meanqp=0 picbytes=0 pskip=0 nalus=1 n1:5528
  cu: inter64=0 inter32=0 inter16=0 inter8=0 intra32=0 intra16=0 intra8=0 intra4=0 reftype=0
  snapshot f022: 3 venc_ko blocks (pool0 0x73801000 len 0x10000)
src frame 23: srcf=23 off=96 br=8000
frame 23: send=0x0 get=0x0 len=5970 coding=1 startqp=0 meanqp=0 picbytes=0 pskip=0 nalus=1 n1:5970
  cu: inter64=0 inter32=0 inter16=0 inter8=0 intra32=0 intra16=0 intra8=0 intra4=0 reftype=0
  snapshot f023: 3 venc_ko blocks (pool0 0x73801000 len 0x10000)
src frame 24: srcf=24 off=100 br=8000
frame 24: send=0x0 get=0x0 len=5468 coding=1 startqp=0 meanqp=0 picbytes=0 pskip=0 nalus=1 n1:5468
  cu: inter64=0 inter32=0 inter16=0 inter8=0 intra32=0 intra16=0 intra8=0 intra4=0 reftype=0
  snapshot f024: 3 venc_ko blocks (pool0 0x73801000 len 0x10000)
src frame 25: srcf=25 off=104 br=8000
frame 25: send=0x0 get=0x0 len=3542 coding=1 startqp=0 meanqp=0 picbytes=0 pskip=0 nalus=1 n1:3542
  cu: inter64=0 inter32=0 inter16=0 inter8=0 intra32=0 intra16=0 intra8=0 intra4=0 reftype=0
  snapshot f025: 3 venc_ko blocks (pool0 0x73801000 len 0x10000)
src frame 26: srcf=26 off=108 br=8000
frame 26: send=0x0 get=0x0 len=2608 coding=1 startqp=0 meanqp=0 picbytes=0 pskip=0 nalus=1 n1:2608
  cu: inter64=0 inter32=0 inter16=0 inter8=0 intra32=0 intra16=0 intra8=0 intra4=0 reftype=0
  snapshot f026: 3 venc_ko blocks (pool0 0x73801000 len 0x10000)
src frame 27: srcf=27 off=112 br=8000
frame 27: send=0x0 get=0x0 len=2249 coding=1 startqp=0 meanqp=0 picbytes=0 pskip=0 nalus=1 n1:2249
  cu: inter64=0 inter32=0 inter16=0 inter8=0 intra32=0 intra16=0 intra8=0 intra4=0 reftype=0
  snapshot f027: 3 venc_ko blocks (pool0 0x73801000 len 0x10000)
src frame 28: srcf=28 off=116 br=8000
frame 28: send=0x0 get=0x0 len=1912 coding=1 startqp=0 meanqp=0 picbytes=0 pskip=0 nalus=1 n1:1912
  cu: inter64=0 inter32=0 inter16=0 inter8=0 intra32=0 intra16=0 intra8=0 intra4=0 reftype=0
  snapshot f028: 3 venc_ko blocks (pool0 0x73801000 len 0x10000)
src frame 29: srcf=29 off=120 br=8000
frame 29: send=0x0 get=0x0 len=2523 coding=1 startqp=0 meanqp=0 picbytes=0 pskip=0 nalus=1 n1:2523
  cu: inter64=0 inter32=0 inter16=0 inter8=0 intra32=0 intra16=0 intra8=0 intra4=0 reftype=0
  snapshot f029: 3 venc_ko blocks (pool0 0x73801000 len 0x10000)
src frame 30: srcf=28 off=124 br=8000
frame 30: send=0x0 get=0x0 len=68852 coding=0 startqp=0 meanqp=0 picbytes=0 pskip=0 nalus=4 n32:27 n33:53 n34:12 n19:68760
  cu: inter64=0 inter32=0 inter16=0 inter8=0 intra32=0 intra16=0 intra8=0 intra4=0 reftype=0
  snapshot f030: 3 venc_ko blocks (pool0 0x73801000 len 0x10000)
src frame 31: srcf=27 off=128 br=8000
frame 31: send=0x0 get=0x0 len=1756 coding=1 startqp=0 meanqp=0 picbytes=0 pskip=0 nalus=1 n1:1756
  cu: inter64=0 inter32=0 inter16=0 inter8=0 intra32=0 intra16=0 intra8=0 intra4=0 reftype=0
  snapshot f031: 3 venc_ko blocks (pool0 0x73801000 len 0x10000)
src frame 32: srcf=26 off=132 br=8000
frame 32: send=0x0 get=0x0 len=2533 coding=1 startqp=0 meanqp=0 picbytes=0 pskip=0 nalus=1 n1:2533
  cu: inter64=0 inter32=0 inter16=0 inter8=0 intra32=0 intra16=0 intra8=0 intra4=0 reftype=0
  snapshot f032: 3 venc_ko blocks (pool0 0x73801000 len 0x10000)
src frame 33: srcf=25 off=136 br=8000
frame 33: send=0x0 get=0x0 len=3609 coding=1 startqp=0 meanqp=0 picbytes=0 pskip=0 nalus=1 n1:3609
  cu: inter64=0 inter32=0 inter16=0 inter8=0 intra32=0 intra16=0 intra8=0 intra4=0 reftype=0
  snapshot f033: 3 venc_ko blocks (pool0 0x73801000 len 0x10000)
src frame 34: srcf=24 off=140 br=8000
frame 34: send=0x0 get=0x0 len=4131 coding=1 startqp=0 meanqp=0 picbytes=0 pskip=0 nalus=1 n1:4131
  cu: inter64=0 inter32=0 inter16=0 inter8=0 intra32=0 intra16=0 intra8=0 intra4=0 reftype=0
  snapshot f034: 3 venc_ko blocks (pool0 0x73801000 len 0x10000)
src frame 35: srcf=23 off=144 br=8000
frame 35: send=0x0 get=0x0 len=2931 coding=1 startqp=0 meanqp=0 picbytes=0 pskip=0 nalus=1 n1:2931
  cu: inter64=0 inter32=0 inter16=0 inter8=0 intra32=0 intra16=0 intra8=0 intra4=0 reftype=0
  snapshot f035: 3 venc_ko blocks (pool0 0x73801000 len 0x10000)
src frame 36: srcf=22 off=148 br=8000
frame 36: send=0x0 get=0x0 len=1955 coding=1 startqp=0 meanqp=0 picbytes=0 pskip=0 nalus=1 n1:1955
  cu: inter64=0 inter32=0 inter16=0 inter8=0 intra32=0 intra16=0 intra8=0 intra4=0 reftype=0
  snapshot f036: 3 venc_ko blocks (pool0 0x73801000 len 0x10000)
src frame 37: srcf=21 off=152 br=8000
frame 37: send=0x0 get=0x0 len=1983 coding=1 startqp=0 meanqp=0 picbytes=0 pskip=0 nalus=1 n1:1983
  cu: inter64=0 inter32=0 inter16=0 inter8=0 intra32=0 intra16=0 intra8=0 intra4=0 reftype=0
  snapshot f037: 3 venc_ko blocks (pool0 0x73801000 len 0x10000)
src frame 38: srcf=20 off=156 br=8000
frame 38: send=0x0 get=0x0 len=1963 coding=1 startqp=0 meanqp=0 picbytes=0 pskip=0 nalus=1 n1:1963
  cu: inter64=0 inter32=0 inter16=0 inter8=0 intra32=0 intra16=0 intra8=0 intra4=0 reftype=0
  snapshot f038: 3 venc_ko blocks (pool0 0x73801000 len 0x10000)
src frame 39: srcf=19 off=160 br=8000
frame 39: send=0x0 get=0x0 len=1995 coding=1 startqp=0 meanqp=0 picbytes=0 pskip=0 nalus=1 n1:1995
  cu: inter64=0 inter32=0 inter16=0 inter8=0 intra32=0 intra16=0 intra8=0 intra4=0 reftype=0
  snapshot f039: 3 venc_ko blocks (pool0 0x73801000 len 0x10000)
src frame 40: srcf=18 off=164 br=8000
frame 40: send=0x0 get=0x0 len=1954 coding=1 startqp=0 meanqp=0 picbytes=0 pskip=0 nalus=1 n1:1954
  cu: inter64=0 inter32=0 inter16=0 inter8=0 intra32=0 intra16=0 intra8=0 intra4=0 reftype=0
  snapshot f040: 3 venc_ko blocks (pool0 0x73801000 len 0x10000)
src frame 41: srcf=17 off=168 br=8000
frame 41: send=0x0 get=0x0 len=2581 coding=1 startqp=0 meanqp=0 picbytes=0 pskip=0 nalus=1 n1:2581
  cu: inter64=0 inter32=0 inter16=0 inter8=0 intra32=0 intra16=0 intra8=0 intra4=0 reftype=0
  snapshot f041: 3 venc_ko blocks (pool0 0x73801000 len 0x10000)
src frame 42: srcf=16 off=172 br=8000
frame 42: send=0x0 get=0x0 len=2593 coding=1 startqp=0 meanqp=0 picbytes=0 pskip=0 nalus=1 n1:2593
  cu: inter64=0 inter32=0 inter16=0 inter8=0 intra32=0 intra16=0 intra8=0 intra4=0 reftype=0
  snapshot f042: 3 venc_ko blocks (pool0 0x73801000 len 0x10000)
src frame 43: srcf=15 off=176 br=8000
frame 43: send=0x0 get=0x0 len=2832 coding=1 startqp=0 meanqp=0 picbytes=0 pskip=0 nalus=1 n1:2832
  cu: inter64=0 inter32=0 inter16=0 inter8=0 intra32=0 intra16=0 intra8=0 intra4=0 reftype=0
  snapshot f043: 3 venc_ko blocks (pool0 0x73801000 len 0x10000)
src frame 44: srcf=14 off=180 br=8000
frame 44: send=0x0 get=0x0 len=2149 coding=1 startqp=0 meanqp=0 picbytes=0 pskip=0 nalus=1 n1:2149
  cu: inter64=0 inter32=0 inter16=0 inter8=0 intra32=0 intra16=0 intra8=0 intra4=0 reftype=0
  snapshot f044: 3 venc_ko blocks (pool0 0x73801000 len 0x10000)
src frame 45: srcf=13 off=184 br=8000
frame 45: send=0x0 get=0x0 len=1513 coding=1 startqp=0 meanqp=0 picbytes=0 pskip=0 nalus=1 n1:1513
  cu: inter64=0 inter32=0 inter16=0 inter8=0 intra32=0 intra16=0 intra8=0 intra4=0 reftype=0
  snapshot f045: 3 venc_ko blocks (pool0 0x73801000 len 0x10000)
src frame 46: srcf=12 off=188 br=8000
frame 46: send=0x0 get=0x0 len=1411 coding=1 startqp=0 meanqp=0 picbytes=0 pskip=0 nalus=1 n1:1411
  cu: inter64=0 inter32=0 inter16=0 inter8=0 intra32=0 intra16=0 intra8=0 intra4=0 reftype=0
  snapshot f046: 3 venc_ko blocks (pool0 0x73801000 len 0x10000)
src frame 47: srcf=11 off=192 br=8000
frame 47: send=0x0 get=0x0 len=1547 coding=1 startqp=0 meanqp=0 picbytes=0 pskip=0 nalus=1 n1:1547
  cu: inter64=0 inter32=0 inter16=0 inter8=0 intra32=0 intra16=0 intra8=0 intra4=0 reftype=0
  snapshot f047: 3 venc_ko blocks (pool0 0x73801000 len 0x10000)
src frame 48: srcf=10 off=196 br=8000
frame 48: send=0x0 get=0x0 len=1675 coding=1 startqp=0 meanqp=0 picbytes=0 pskip=0 nalus=1 n1:1675
  cu: inter64=0 inter32=0 inter16=0 inter8=0 intra32=0 intra16=0 intra8=0 intra4=0 reftype=0
  snapshot f048: 3 venc_ko blocks (pool0 0x73801000 len 0x10000)
src frame 49: srcf=9 off=200 br=8000
frame 49: send=0x0 get=0x0 len=1424 coding=1 startqp=0 meanqp=0 picbytes=0 pskip=0 nalus=1 n1:1424
  cu: inter64=0 inter32=0 inter16=0 inter8=0 intra32=0 intra16=0 intra8=0 intra4=0 reftype=0
  snapshot f049: 3 venc_ko blocks (pool0 0x73801000 len 0x10000)
src frame 50: srcf=8 off=204 br=8000
frame 50: send=0x0 get=0x0 len=1632 coding=1 startqp=0 meanqp=0 picbytes=0 pskip=0 nalus=1 n1:1632
  cu: inter64=0 inter32=0 inter16=0 inter8=0 intra32=0 intra16=0 intra8=0 intra4=0 reftype=0
  snapshot f050: 3 venc_ko blocks (pool0 0x73801000 len 0x10000)
src frame 51: srcf=7 off=208 br=8000
frame 51: send=0x0 get=0x0 len=2010 coding=1 startqp=0 meanqp=0 picbytes=0 pskip=0 nalus=1 n1:2010
  cu: inter64=0 inter32=0 inter16=0 inter8=0 intra32=0 intra16=0 intra8=0 intra4=0 reftype=0
  snapshot f051: 3 venc_ko blocks (pool0 0x73801000 len 0x10000)
src frame 52: srcf=6 off=212 br=8000
frame 52: send=0x0 get=0x0 len=2048 coding=1 startqp=0 meanqp=0 picbytes=0 pskip=0 nalus=1 n1:2048
  cu: inter64=0 inter32=0 inter16=0 inter8=0 intra32=0 intra16=0 intra8=0 intra4=0 reftype=0
  snapshot f052: 3 venc_ko blocks (pool0 0x73801000 len 0x10000)
src frame 53: srcf=5 off=216 br=8000
frame 53: send=0x0 get=0x0 len=1927 coding=1 startqp=0 meanqp=0 picbytes=0 pskip=0 nalus=1 n1:1927
  cu: inter64=0 inter32=0 inter16=0 inter8=0 intra32=0 intra16=0 intra8=0 intra4=0 reftype=0
  snapshot f053: 3 venc_ko blocks (pool0 0x73801000 len 0x10000)
src frame 54: srcf=4 off=220 br=8000
frame 54: send=0x0 get=0x0 len=1795 coding=1 startqp=0 meanqp=0 picbytes=0 pskip=0 nalus=1 n1:1795
  cu: inter64=0 inter32=0 inter16=0 inter8=0 intra32=0 intra16=0 intra8=0 intra4=0 reftype=0
  snapshot f054: 3 venc_ko blocks (pool0 0x73801000 len 0x10000)
src frame 55: srcf=3 off=224 br=8000
frame 55: send=0x0 get=0x0 len=1674 coding=1 startqp=0 meanqp=0 picbytes=0 pskip=0 nalus=1 n1:1674
  cu: inter64=0 inter32=0 inter16=0 inter8=0 intra32=0 intra16=0 intra8=0 intra4=0 reftype=0
  snapshot f055: 3 venc_ko blocks (pool0 0x73801000 len 0x10000)
src frame 56: srcf=2 off=228 br=8000
frame 56: send=0x0 get=0x0 len=1385 coding=1 startqp=0 meanqp=0 picbytes=0 pskip=0 nalus=1 n1:1385
  cu: inter64=0 inter32=0 inter16=0 inter8=0 intra32=0 intra16=0 intra8=0 intra4=0 reftype=0
  snapshot f056: 3 venc_ko blocks (pool0 0x73801000 len 0x10000)
src frame 57: srcf=1 off=232 br=8000
frame 57: send=0x0 get=0x0 len=1414 coding=1 startqp=0 meanqp=0 picbytes=0 pskip=0 nalus=1 n1:1414
  cu: inter64=0 inter32=0 inter16=0 inter8=0 intra32=0 intra16=0 intra8=0 intra4=0 reftype=0
  snapshot f057: 3 venc_ko blocks (pool0 0x73801000 len 0x10000)
src frame 58: srcf=0 off=236 br=8000
frame 58: send=0x0 get=0x0 len=1234 coding=1 startqp=0 meanqp=0 picbytes=0 pskip=0 nalus=1 n1:1234
  cu: inter64=0 inter32=0 inter16=0 inter8=0 intra32=0 intra16=0 intra8=0 intra4=0 reftype=0
  snapshot f058: 3 venc_ko blocks (pool0 0x73801000 len 0x10000)
src frame 59: srcf=1 off=240 br=8000
frame 59: send=0x0 get=0x0 len=1254 coding=1 startqp=0 meanqp=0 picbytes=0 pskip=0 nalus=1 n1:1254
  cu: inter64=0 inter32=0 inter16=0 inter8=0 intra32=0 intra16=0 intra8=0 intra4=0 reftype=0
  snapshot f059: 3 venc_ko blocks (pool0 0x73801000 len 0x10000)
chg frame=60 br 8000 -> 2000 kbps: GetRcParam=0x0 SetRcParam=0x0 readback=2000 mode=12
src frame 60: srcf=2 off=244 br=2000
frame 60: send=0x0 get=0x0 len=28883 coding=0 startqp=0 meanqp=0 picbytes=0 pskip=0 nalus=4 n32:27 n33:53 n34:12 n19:28791
  cu: inter64=0 inter32=0 inter16=0 inter8=0 intra32=0 intra16=0 intra8=0 intra4=0 reftype=0
  snapshot f060: 3 venc_ko blocks (pool0 0x73801000 len 0x10000)
src frame 61: srcf=3 off=248 br=2000
frame 61: send=0x0 get=0x0 len=1897 coding=1 startqp=0 meanqp=0 picbytes=0 pskip=0 nalus=1 n1:1897
  cu: inter64=0 inter32=0 inter16=0 inter8=0 intra32=0 intra16=0 intra8=0 intra4=0 reftype=0
  snapshot f061: 3 venc_ko blocks (pool0 0x73801000 len 0x10000)
src frame 62: srcf=4 off=252 br=2000
frame 62: send=0x0 get=0x0 len=1332 coding=1 startqp=0 meanqp=0 picbytes=0 pskip=0 nalus=1 n1:1332
  cu: inter64=0 inter32=0 inter16=0 inter8=0 intra32=0 intra16=0 intra8=0 intra4=0 reftype=0
  snapshot f062: 3 venc_ko blocks (pool0 0x73801000 len 0x10000)
src frame 63: srcf=5 off=256 br=2000
frame 63: send=0x0 get=0x0 len=1374 coding=1 startqp=0 meanqp=0 picbytes=0 pskip=0 nalus=1 n1:1374
  cu: inter64=0 inter32=0 inter16=0 inter8=0 intra32=0 intra16=0 intra8=0 intra4=0 reftype=0
  snapshot f063: 3 venc_ko blocks (pool0 0x73801000 len 0x10000)
src frame 64: srcf=6 off=260 br=2000
frame 64: send=0x0 get=0x0 len=1825 coding=1 startqp=0 meanqp=0 picbytes=0 pskip=0 nalus=1 n1:1825
  cu: inter64=0 inter32=0 inter16=0 inter8=0 intra32=0 intra16=0 intra8=0 intra4=0 reftype=0
  snapshot f064: 3 venc_ko blocks (pool0 0x73801000 len 0x10000)
src frame 65: srcf=7 off=264 br=2000
frame 65: send=0x0 get=0x0 len=1908 coding=1 startqp=0 meanqp=0 picbytes=0 pskip=0 nalus=1 n1:1908
  cu: inter64=0 inter32=0 inter16=0 inter8=0 intra32=0 intra16=0 intra8=0 intra4=0 reftype=0
  snapshot f065: 3 venc_ko blocks (pool0 0x73801000 len 0x10000)
src frame 66: srcf=8 off=268 br=2000
frame 66: send=0x0 get=0x0 len=2315 coding=1 startqp=0 meanqp=0 picbytes=0 pskip=0 nalus=1 n1:2315
  cu: inter64=0 inter32=0 inter16=0 inter8=0 intra32=0 intra16=0 intra8=0 intra4=0 reftype=0
  snapshot f066: 3 venc_ko blocks (pool0 0x73801000 len 0x10000)
src frame 67: srcf=9 off=272 br=2000
frame 67: send=0x0 get=0x0 len=3005 coding=1 startqp=0 meanqp=0 picbytes=0 pskip=0 nalus=1 n1:3005
  cu: inter64=0 inter32=0 inter16=0 inter8=0 intra32=0 intra16=0 intra8=0 intra4=0 reftype=0
  snapshot f067: 3 venc_ko blocks (pool0 0x73801000 len 0x10000)
src frame 68: srcf=10 off=276 br=2000
frame 68: send=0x0 get=0x0 len=1426 coding=1 startqp=0 meanqp=0 picbytes=0 pskip=0 nalus=1 n1:1426
  cu: inter64=0 inter32=0 inter16=0 inter8=0 intra32=0 intra16=0 intra8=0 intra4=0 reftype=0
  snapshot f068: 3 venc_ko blocks (pool0 0x73801000 len 0x10000)
src frame 69: srcf=11 off=280 br=2000
frame 69: send=0x0 get=0x0 len=2918 coding=1 startqp=0 meanqp=0 picbytes=0 pskip=0 nalus=1 n1:2918
  cu: inter64=0 inter32=0 inter16=0 inter8=0 intra32=0 intra16=0 intra8=0 intra4=0 reftype=0
  snapshot f069: 3 venc_ko blocks (pool0 0x73801000 len 0x10000)
src frame 70: srcf=12 off=284 br=2000
frame 70: send=0x0 get=0x0 len=3850 coding=1 startqp=0 meanqp=0 picbytes=0 pskip=0 nalus=1 n1:3850
  cu: inter64=0 inter32=0 inter16=0 inter8=0 intra32=0 intra16=0 intra8=0 intra4=0 reftype=0
  snapshot f070: 3 venc_ko blocks (pool0 0x73801000 len 0x10000)
src frame 71: srcf=13 off=288 br=2000
frame 71: send=0x0 get=0x0 len=826 coding=1 startqp=0 meanqp=0 picbytes=0 pskip=0 nalus=1 n1:826
  cu: inter64=0 inter32=0 inter16=0 inter8=0 intra32=0 intra16=0 intra8=0 intra4=0 reftype=0
  snapshot f071: 3 venc_ko blocks (pool0 0x73801000 len 0x10000)
src frame 72: srcf=14 off=292 br=2000
frame 72: send=0x0 get=0x0 len=1126 coding=1 startqp=0 meanqp=0 picbytes=0 pskip=0 nalus=1 n1:1126
  cu: inter64=0 inter32=0 inter16=0 inter8=0 intra32=0 intra16=0 intra8=0 intra4=0 reftype=0
  snapshot f072: 3 venc_ko blocks (pool0 0x73801000 len 0x10000)
src frame 73: srcf=15 off=296 br=2000
frame 73: send=0x0 get=0x0 len=2090 coding=1 startqp=0 meanqp=0 picbytes=0 pskip=0 nalus=1 n1:2090
  cu: inter64=0 inter32=0 inter16=0 inter8=0 intra32=0 intra16=0 intra8=0 intra4=0 reftype=0
  snapshot f073: 3 venc_ko blocks (pool0 0x73801000 len 0x10000)
src frame 74: srcf=16 off=300 br=2000
frame 74: send=0x0 get=0x0 len=3014 coding=1 startqp=0 meanqp=0 picbytes=0 pskip=0 nalus=1 n1:3014
  cu: inter64=0 inter32=0 inter16=0 inter8=0 intra32=0 intra16=0 intra8=0 intra4=0 reftype=0
  snapshot f074: 3 venc_ko blocks (pool0 0x73801000 len 0x10000)
src frame 75: srcf=17 off=304 br=2000
frame 75: send=0x0 get=0x0 len=3530 coding=1 startqp=0 meanqp=0 picbytes=0 pskip=0 nalus=1 n1:3530
  cu: inter64=0 inter32=0 inter16=0 inter8=0 intra32=0 intra16=0 intra8=0 intra4=0 reftype=0
  snapshot f075: 3 venc_ko blocks (pool0 0x73801000 len 0x10000)
src frame 76: srcf=18 off=308 br=2000
frame 76: send=0x0 get=0x0 len=1493 coding=1 startqp=0 meanqp=0 picbytes=0 pskip=0 nalus=1 n1:1493
  cu: inter64=0 inter32=0 inter16=0 inter8=0 intra32=0 intra16=0 intra8=0 intra4=0 reftype=0
  snapshot f076: 3 venc_ko blocks (pool0 0x73801000 len 0x10000)
src frame 77: srcf=19 off=312 br=2000
frame 77: send=0x0 get=0x0 len=3065 coding=1 startqp=0 meanqp=0 picbytes=0 pskip=0 nalus=1 n1:3065
  cu: inter64=0 inter32=0 inter16=0 inter8=0 intra32=0 intra16=0 intra8=0 intra4=0 reftype=0
  snapshot f077: 3 venc_ko blocks (pool0 0x73801000 len 0x10000)
src frame 78: srcf=20 off=316 br=2000
frame 78: send=0x0 get=0x0 len=4529 coding=1 startqp=0 meanqp=0 picbytes=0 pskip=0 nalus=1 n1:4529
  cu: inter64=0 inter32=0 inter16=0 inter8=0 intra32=0 intra16=0 intra8=0 intra4=0 reftype=0
  snapshot f078: 3 venc_ko blocks (pool0 0x73801000 len 0x10000)
src frame 79: srcf=21 off=320 br=2000
frame 79: send=0x0 get=0x0 len=785 coding=1 startqp=0 meanqp=0 picbytes=0 pskip=0 nalus=1 n1:785
  cu: inter64=0 inter32=0 inter16=0 inter8=0 intra32=0 intra16=0 intra8=0 intra4=0 reftype=0
  snapshot f079: 3 venc_ko blocks (pool0 0x73801000 len 0x10000)
src frame 80: srcf=22 off=324 br=2000
frame 80: send=0x0 get=0x0 len=1506 coding=1 startqp=0 meanqp=0 picbytes=0 pskip=0 nalus=1 n1:1506
  cu: inter64=0 inter32=0 inter16=0 inter8=0 intra32=0 intra16=0 intra8=0 intra4=0 reftype=0
  snapshot f080: 3 venc_ko blocks (pool0 0x73801000 len 0x10000)
src frame 81: srcf=23 off=328 br=2000
frame 81: send=0x0 get=0x0 len=2762 coding=1 startqp=0 meanqp=0 picbytes=0 pskip=0 nalus=1 n1:2762
  cu: inter64=0 inter32=0 inter16=0 inter8=0 intra32=0 intra16=0 intra8=0 intra4=0 reftype=0
  snapshot f081: 3 venc_ko blocks (pool0 0x73801000 len 0x10000)
src frame 82: srcf=24 off=332 br=2000
frame 82: send=0x0 get=0x0 len=3970 coding=1 startqp=0 meanqp=0 picbytes=0 pskip=0 nalus=1 n1:3970
  cu: inter64=0 inter32=0 inter16=0 inter8=0 intra32=0 intra16=0 intra8=0 intra4=0 reftype=0
  snapshot f082: 3 venc_ko blocks (pool0 0x73801000 len 0x10000)
src frame 83: srcf=25 off=336 br=2000
frame 83: send=0x0 get=0x0 len=2425 coding=1 startqp=0 meanqp=0 picbytes=0 pskip=0 nalus=1 n1:2425
  cu: inter64=0 inter32=0 inter16=0 inter8=0 intra32=0 intra16=0 intra8=0 intra4=0 reftype=0
  snapshot f083: 3 venc_ko blocks (pool0 0x73801000 len 0x10000)
src frame 84: srcf=26 off=340 br=2000
frame 84: send=0x0 get=0x0 len=4006 coding=1 startqp=0 meanqp=0 picbytes=0 pskip=0 nalus=1 n1:4006
  cu: inter64=0 inter32=0 inter16=0 inter8=0 intra32=0 intra16=0 intra8=0 intra4=0 reftype=0
  snapshot f084: 3 venc_ko blocks (pool0 0x73801000 len 0x10000)
src frame 85: srcf=27 off=344 br=2000
frame 85: send=0x0 get=0x0 len=2218 coding=1 startqp=0 meanqp=0 picbytes=0 pskip=0 nalus=1 n1:2218
  cu: inter64=0 inter32=0 inter16=0 inter8=0 intra32=0 intra16=0 intra8=0 intra4=0 reftype=0
  snapshot f085: 3 venc_ko blocks (pool0 0x73801000 len 0x10000)
src frame 86: srcf=28 off=348 br=2000
frame 86: send=0x0 get=0x0 len=4157 coding=1 startqp=0 meanqp=0 picbytes=0 pskip=0 nalus=1 n1:4157
  cu: inter64=0 inter32=0 inter16=0 inter8=0 intra32=0 intra16=0 intra8=0 intra4=0 reftype=0
  snapshot f086: 3 venc_ko blocks (pool0 0x73801000 len 0x10000)
src frame 87: srcf=29 off=352 br=2000
frame 87: send=0x0 get=0x0 len=1065 coding=1 startqp=0 meanqp=0 picbytes=0 pskip=0 nalus=1 n1:1065
  cu: inter64=0 inter32=0 inter16=0 inter8=0 intra32=0 intra16=0 intra8=0 intra4=0 reftype=0
  snapshot f087: 3 venc_ko blocks (pool0 0x73801000 len 0x10000)
src frame 88: srcf=28 off=356 br=2000
frame 88: send=0x0 get=0x0 len=1309 coding=1 startqp=0 meanqp=0 picbytes=0 pskip=0 nalus=1 n1:1309
  cu: inter64=0 inter32=0 inter16=0 inter8=0 intra32=0 intra16=0 intra8=0 intra4=0 reftype=0
  snapshot f088: 3 venc_ko blocks (pool0 0x73801000 len 0x10000)
src frame 89: srcf=27 off=360 br=2000
frame 89: send=0x0 get=0x0 len=2690 coding=1 startqp=0 meanqp=0 picbytes=0 pskip=0 nalus=1 n1:2690
  cu: inter64=0 inter32=0 inter16=0 inter8=0 intra32=0 intra16=0 intra8=0 intra4=0 reftype=0
  snapshot f089: 3 venc_ko blocks (pool0 0x73801000 len 0x10000)
src frame 90: srcf=26 off=364 br=2000
frame 90: send=0x0 get=0x0 len=52266 coding=0 startqp=0 meanqp=0 picbytes=0 pskip=0 nalus=4 n32:27 n33:53 n34:12 n19:52174
  cu: inter64=0 inter32=0 inter16=0 inter8=0 intra32=0 intra16=0 intra8=0 intra4=0 reftype=0
  snapshot f090: 3 venc_ko blocks (pool0 0x73801000 len 0x10000)
src frame 91: srcf=25 off=368 br=2000
frame 91: send=0x0 get=0x0 len=1388 coding=1 startqp=0 meanqp=0 picbytes=0 pskip=0 nalus=1 n1:1388
  cu: inter64=0 inter32=0 inter16=0 inter8=0 intra32=0 intra16=0 intra8=0 intra4=0 reftype=0
  snapshot f091: 3 venc_ko blocks (pool0 0x73801000 len 0x10000)
src frame 92: srcf=24 off=372 br=2000
frame 92: send=0x0 get=0x0 len=1283 coding=1 startqp=0 meanqp=0 picbytes=0 pskip=0 nalus=1 n1:1283
  cu: inter64=0 inter32=0 inter16=0 inter8=0 intra32=0 intra16=0 intra8=0 intra4=0 reftype=0
  snapshot f092: 3 venc_ko blocks (pool0 0x73801000 len 0x10000)
src frame 93: srcf=23 off=376 br=2000
frame 93: send=0x0 get=0x0 len=1307 coding=1 startqp=0 meanqp=0 picbytes=0 pskip=0 nalus=1 n1:1307
  cu: inter64=0 inter32=0 inter16=0 inter8=0 intra32=0 intra16=0 intra8=0 intra4=0 reftype=0
  snapshot f093: 3 venc_ko blocks (pool0 0x73801000 len 0x10000)
src frame 94: srcf=22 off=380 br=2000
frame 94: send=0x0 get=0x0 len=1632 coding=1 startqp=0 meanqp=0 picbytes=0 pskip=0 nalus=1 n1:1632
  cu: inter64=0 inter32=0 inter16=0 inter8=0 intra32=0 intra16=0 intra8=0 intra4=0 reftype=0
  snapshot f094: 3 venc_ko blocks (pool0 0x73801000 len 0x10000)
src frame 95: srcf=21 off=384 br=2000
frame 95: send=0x0 get=0x0 len=2188 coding=1 startqp=0 meanqp=0 picbytes=0 pskip=0 nalus=1 n1:2188
  cu: inter64=0 inter32=0 inter16=0 inter8=0 intra32=0 intra16=0 intra8=0 intra4=0 reftype=0
  snapshot f095: 3 venc_ko blocks (pool0 0x73801000 len 0x10000)
src frame 96: srcf=20 off=388 br=2000
frame 96: send=0x0 get=0x0 len=3506 coding=1 startqp=0 meanqp=0 picbytes=0 pskip=0 nalus=1 n1:3506
  cu: inter64=0 inter32=0 inter16=0 inter8=0 intra32=0 intra16=0 intra8=0 intra4=0 reftype=0
  snapshot f096: 3 venc_ko blocks (pool0 0x73801000 len 0x10000)
src frame 97: srcf=19 off=392 br=2000
frame 97: send=0x0 get=0x0 len=1057 coding=1 startqp=0 meanqp=0 picbytes=0 pskip=0 nalus=1 n1:1057
  cu: inter64=0 inter32=0 inter16=0 inter8=0 intra32=0 intra16=0 intra8=0 intra4=0 reftype=0
  snapshot f097: 3 venc_ko blocks (pool0 0x73801000 len 0x10000)
src frame 98: srcf=18 off=396 br=2000
frame 98: send=0x0 get=0x0 len=1573 coding=1 startqp=0 meanqp=0 picbytes=0 pskip=0 nalus=1 n1:1573
  cu: inter64=0 inter32=0 inter16=0 inter8=0 intra32=0 intra16=0 intra8=0 intra4=0 reftype=0
  snapshot f098: 3 venc_ko blocks (pool0 0x73801000 len 0x10000)
src frame 99: srcf=17 off=400 br=2000
frame 99: send=0x0 get=0x0 len=2677 coding=1 startqp=0 meanqp=0 picbytes=0 pskip=0 nalus=1 n1:2677
  cu: inter64=0 inter32=0 inter16=0 inter8=0 intra32=0 intra16=0 intra8=0 intra4=0 reftype=0
  snapshot f099: 3 venc_ko blocks (pool0 0x73801000 len 0x10000)
src frame 100: srcf=16 off=404 br=2000
frame 100: send=0x0 get=0x0 len=4007 coding=1 startqp=0 meanqp=0 picbytes=0 pskip=0 nalus=1 n1:4007
  cu: inter64=0 inter32=0 inter16=0 inter8=0 intra32=0 intra16=0 intra8=0 intra4=0 reftype=0
  snapshot f100: 3 venc_ko blocks (pool0 0x73801000 len 0x10000)
src frame 101: srcf=15 off=408 br=2000
frame 101: send=0x0 get=0x0 len=1391 coding=1 startqp=0 meanqp=0 picbytes=0 pskip=0 nalus=1 n1:1391
  cu: inter64=0 inter32=0 inter16=0 inter8=0 intra32=0 intra16=0 intra8=0 intra4=0 reftype=0
  snapshot f101: 3 venc_ko blocks (pool0 0x73801000 len 0x10000)
src frame 102: srcf=14 off=412 br=2000
frame 102: send=0x0 get=0x0 len=1912 coding=1 startqp=0 meanqp=0 picbytes=0 pskip=0 nalus=1 n1:1912
  cu: inter64=0 inter32=0 inter16=0 inter8=0 intra32=0 intra16=0 intra8=0 intra4=0 reftype=0
  snapshot f102: 3 venc_ko blocks (pool0 0x73801000 len 0x10000)
src frame 103: srcf=13 off=416 br=2000
frame 103: send=0x0 get=0x0 len=3203 coding=1 startqp=0 meanqp=0 picbytes=0 pskip=0 nalus=1 n1:3203
  cu: inter64=0 inter32=0 inter16=0 inter8=0 intra32=0 intra16=0 intra8=0 intra4=0 reftype=0
  snapshot f103: 3 venc_ko blocks (pool0 0x73801000 len 0x10000)
src frame 104: srcf=12 off=420 br=2000
frame 104: send=0x0 get=0x0 len=1762 coding=1 startqp=0 meanqp=0 picbytes=0 pskip=0 nalus=1 n1:1762
  cu: inter64=0 inter32=0 inter16=0 inter8=0 intra32=0 intra16=0 intra8=0 intra4=0 reftype=0
  snapshot f104: 3 venc_ko blocks (pool0 0x73801000 len 0x10000)
src frame 105: srcf=11 off=424 br=2000
frame 105: send=0x0 get=0x0 len=3341 coding=1 startqp=0 meanqp=0 picbytes=0 pskip=0 nalus=1 n1:3341
  cu: inter64=0 inter32=0 inter16=0 inter8=0 intra32=0 intra16=0 intra8=0 intra4=0 reftype=0
  snapshot f105: 3 venc_ko blocks (pool0 0x73801000 len 0x10000)
src frame 106: srcf=10 off=428 br=2000
frame 106: send=0x0 get=0x0 len=2176 coding=1 startqp=0 meanqp=0 picbytes=0 pskip=0 nalus=1 n1:2176
  cu: inter64=0 inter32=0 inter16=0 inter8=0 intra32=0 intra16=0 intra8=0 intra4=0 reftype=0
  snapshot f106: 3 venc_ko blocks (pool0 0x73801000 len 0x10000)
src frame 107: srcf=9 off=432 br=2000
frame 107: send=0x0 get=0x0 len=4525 coding=1 startqp=0 meanqp=0 picbytes=0 pskip=0 nalus=1 n1:4525
  cu: inter64=0 inter32=0 inter16=0 inter8=0 intra32=0 intra16=0 intra8=0 intra4=0 reftype=0
  snapshot f107: 3 venc_ko blocks (pool0 0x73801000 len 0x10000)
src frame 108: srcf=8 off=436 br=2000
frame 108: send=0x0 get=0x0 len=1076 coding=1 startqp=0 meanqp=0 picbytes=0 pskip=0 nalus=1 n1:1076
  cu: inter64=0 inter32=0 inter16=0 inter8=0 intra32=0 intra16=0 intra8=0 intra4=0 reftype=0
  snapshot f108: 3 venc_ko blocks (pool0 0x73801000 len 0x10000)
src frame 109: srcf=7 off=440 br=2000
frame 109: send=0x0 get=0x0 len=1587 coding=1 startqp=0 meanqp=0 picbytes=0 pskip=0 nalus=1 n1:1587
  cu: inter64=0 inter32=0 inter16=0 inter8=0 intra32=0 intra16=0 intra8=0 intra4=0 reftype=0
  snapshot f109: 3 venc_ko blocks (pool0 0x73801000 len 0x10000)
src frame 110: srcf=6 off=444 br=2000
frame 110: send=0x0 get=0x0 len=3189 coding=1 startqp=0 meanqp=0 picbytes=0 pskip=0 nalus=1 n1:3189
  cu: inter64=0 inter32=0 inter16=0 inter8=0 intra32=0 intra16=0 intra8=0 intra4=0 reftype=0
  snapshot f110: 3 venc_ko blocks (pool0 0x73801000 len 0x10000)
src frame 111: srcf=5 off=448 br=2000
frame 111: send=0x0 get=0x0 len=2975 coding=1 startqp=0 meanqp=0 picbytes=0 pskip=0 nalus=1 n1:2975
  cu: inter64=0 inter32=0 inter16=0 inter8=0 intra32=0 intra16=0 intra8=0 intra4=0 reftype=0
  snapshot f111: 3 venc_ko blocks (pool0 0x73801000 len 0x10000)
src frame 112: srcf=4 off=452 br=2000
frame 112: send=0x0 get=0x0 len=2796 coding=1 startqp=0 meanqp=0 picbytes=0 pskip=0 nalus=1 n1:2796
  cu: inter64=0 inter32=0 inter16=0 inter8=0 intra32=0 intra16=0 intra8=0 intra4=0 reftype=0
  snapshot f112: 3 venc_ko blocks (pool0 0x73801000 len 0x10000)
src frame 113: srcf=3 off=456 br=2000
frame 113: send=0x0 get=0x0 len=5317 coding=1 startqp=0 meanqp=0 picbytes=0 pskip=0 nalus=1 n1:5317
  cu: inter64=0 inter32=0 inter16=0 inter8=0 intra32=0 intra16=0 intra8=0 intra4=0 reftype=0
  snapshot f113: 3 venc_ko blocks (pool0 0x73801000 len 0x10000)
src frame 114: srcf=2 off=460 br=2000
frame 114: send=0x0 get=0x0 len=1100 coding=1 startqp=0 meanqp=0 picbytes=0 pskip=0 nalus=1 n1:1100
  cu: inter64=0 inter32=0 inter16=0 inter8=0 intra32=0 intra16=0 intra8=0 intra4=0 reftype=0
  snapshot f114: 3 venc_ko blocks (pool0 0x73801000 len 0x10000)
src frame 115: srcf=1 off=464 br=2000
frame 115: send=0x0 get=0x0 len=1383 coding=1 startqp=0 meanqp=0 picbytes=0 pskip=0 nalus=1 n1:1383
  cu: inter64=0 inter32=0 inter16=0 inter8=0 intra32=0 intra16=0 intra8=0 intra4=0 reftype=0
  snapshot f115: 3 venc_ko blocks (pool0 0x73801000 len 0x10000)
src frame 116: srcf=0 off=468 br=2000
frame 116: send=0x0 get=0x0 len=2907 coding=1 startqp=0 meanqp=0 picbytes=0 pskip=0 nalus=1 n1:2907
  cu: inter64=0 inter32=0 inter16=0 inter8=0 intra32=0 intra16=0 intra8=0 intra4=0 reftype=0
  snapshot f116: 3 venc_ko blocks (pool0 0x73801000 len 0x10000)
src frame 117: srcf=1 off=472 br=2000
frame 117: send=0x0 get=0x0 len=4894 coding=1 startqp=0 meanqp=0 picbytes=0 pskip=0 nalus=1 n1:4894
  cu: inter64=0 inter32=0 inter16=0 inter8=0 intra32=0 intra16=0 intra8=0 intra4=0 reftype=0
  snapshot f117: 3 venc_ko blocks (pool0 0x73801000 len 0x10000)
src frame 118: srcf=2 off=476 br=2000
frame 118: send=0x0 get=0x0 len=1698 coding=1 startqp=0 meanqp=0 picbytes=0 pskip=0 nalus=1 n1:1698
  cu: inter64=0 inter32=0 inter16=0 inter8=0 intra32=0 intra16=0 intra8=0 intra4=0 reftype=0
  snapshot f118: 3 venc_ko blocks (pool0 0x73801000 len 0x10000)
src frame 119: srcf=3 off=480 br=2000
frame 119: send=0x0 get=0x0 len=2372 coding=1 startqp=0 meanqp=0 picbytes=0 pskip=0 nalus=1 n1:2372
  cu: inter64=0 inter32=0 inter16=0 inter8=0 intra32=0 intra16=0 intra8=0 intra4=0 reftype=0
  snapshot f119: 3 venc_ko blocks (pool0 0x73801000 len 0x10000)
chg frame=120 br 2000 -> 16000 kbps: GetRcParam=0x0 SetRcParam=0x0 readback=16000 mode=12
src frame 120: srcf=4 off=484 br=16000
frame 120: send=0x0 get=0x0 len=28844 coding=0 startqp=0 meanqp=0 picbytes=0 pskip=0 nalus=4 n32:27 n33:53 n34:12 n19:28752
  cu: inter64=0 inter32=0 inter16=0 inter8=0 intra32=0 intra16=0 intra8=0 intra4=0 reftype=0
  snapshot f120: 3 venc_ko blocks (pool0 0x73801000 len 0x10000)
src frame 121: srcf=5 off=488 br=16000
frame 121: send=0x0 get=0x0 len=2010 coding=1 startqp=0 meanqp=0 picbytes=0 pskip=0 nalus=1 n1:2010
  cu: inter64=0 inter32=0 inter16=0 inter8=0 intra32=0 intra16=0 intra8=0 intra4=0 reftype=0
  snapshot f121: 3 venc_ko blocks (pool0 0x73801000 len 0x10000)
src frame 122: srcf=6 off=492 br=16000
frame 122: send=0x0 get=0x0 len=1473 coding=1 startqp=0 meanqp=0 picbytes=0 pskip=0 nalus=1 n1:1473
  cu: inter64=0 inter32=0 inter16=0 inter8=0 intra32=0 intra16=0 intra8=0 intra4=0 reftype=0
  snapshot f122: 3 venc_ko blocks (pool0 0x73801000 len 0x10000)
src frame 123: srcf=7 off=496 br=16000
frame 123: send=0x0 get=0x0 len=2268 coding=1 startqp=0 meanqp=0 picbytes=0 pskip=0 nalus=1 n1:2268
  cu: inter64=0 inter32=0 inter16=0 inter8=0 intra32=0 intra16=0 intra8=0 intra4=0 reftype=0
  snapshot f123: 3 venc_ko blocks (pool0 0x73801000 len 0x10000)
src frame 124: srcf=8 off=500 br=16000
frame 124: send=0x0 get=0x0 len=4443 coding=1 startqp=0 meanqp=0 picbytes=0 pskip=0 nalus=1 n1:4443
  cu: inter64=0 inter32=0 inter16=0 inter8=0 intra32=0 intra16=0 intra8=0 intra4=0 reftype=0
  snapshot f124: 3 venc_ko blocks (pool0 0x73801000 len 0x10000)
src frame 125: srcf=9 off=504 br=16000
frame 125: send=0x0 get=0x0 len=6281 coding=1 startqp=0 meanqp=0 picbytes=0 pskip=0 nalus=1 n1:6281
  cu: inter64=0 inter32=0 inter16=0 inter8=0 intra32=0 intra16=0 intra8=0 intra4=0 reftype=0
  snapshot f125: 3 venc_ko blocks (pool0 0x73801000 len 0x10000)
src frame 126: srcf=10 off=508 br=16000
frame 126: send=0x0 get=0x0 len=7176 coding=1 startqp=0 meanqp=0 picbytes=0 pskip=0 nalus=1 n1:7176
  cu: inter64=0 inter32=0 inter16=0 inter8=0 intra32=0 intra16=0 intra8=0 intra4=0 reftype=0
  snapshot f126: 3 venc_ko blocks (pool0 0x73801000 len 0x10000)
src frame 127: srcf=11 off=512 br=16000
frame 127: send=0x0 get=0x0 len=7883 coding=1 startqp=0 meanqp=0 picbytes=0 pskip=0 nalus=1 n1:7883
  cu: inter64=0 inter32=0 inter16=0 inter8=0 intra32=0 intra16=0 intra8=0 intra4=0 reftype=0
  snapshot f127: 3 venc_ko blocks (pool0 0x73801000 len 0x10000)
src frame 128: srcf=12 off=516 br=16000
frame 128: send=0x0 get=0x0 len=5600 coding=1 startqp=0 meanqp=0 picbytes=0 pskip=0 nalus=1 n1:5600
  cu: inter64=0 inter32=0 inter16=0 inter8=0 intra32=0 intra16=0 intra8=0 intra4=0 reftype=0
  snapshot f128: 3 venc_ko blocks (pool0 0x73801000 len 0x10000)
src frame 129: srcf=13 off=520 br=16000
frame 129: send=0x0 get=0x0 len=5212 coding=1 startqp=0 meanqp=0 picbytes=0 pskip=0 nalus=1 n1:5212
  cu: inter64=0 inter32=0 inter16=0 inter8=0 intra32=0 intra16=0 intra8=0 intra4=0 reftype=0
  snapshot f129: 3 venc_ko blocks (pool0 0x73801000 len 0x10000)
src frame 130: srcf=14 off=524 br=16000
frame 130: send=0x0 get=0x0 len=5554 coding=1 startqp=0 meanqp=0 picbytes=0 pskip=0 nalus=1 n1:5554
  cu: inter64=0 inter32=0 inter16=0 inter8=0 intra32=0 intra16=0 intra8=0 intra4=0 reftype=0
  snapshot f130: 3 venc_ko blocks (pool0 0x73801000 len 0x10000)
src frame 131: srcf=15 off=528 br=16000
frame 131: send=0x0 get=0x0 len=5378 coding=1 startqp=0 meanqp=0 picbytes=0 pskip=0 nalus=1 n1:5378
  cu: inter64=0 inter32=0 inter16=0 inter8=0 intra32=0 intra16=0 intra8=0 intra4=0 reftype=0
  snapshot f131: 3 venc_ko blocks (pool0 0x73801000 len 0x10000)
src frame 132: srcf=16 off=532 br=16000
frame 132: send=0x0 get=0x0 len=6051 coding=1 startqp=0 meanqp=0 picbytes=0 pskip=0 nalus=1 n1:6051
  cu: inter64=0 inter32=0 inter16=0 inter8=0 intra32=0 intra16=0 intra8=0 intra4=0 reftype=0
  snapshot f132: 3 venc_ko blocks (pool0 0x73801000 len 0x10000)
src frame 133: srcf=17 off=536 br=16000
frame 133: send=0x0 get=0x0 len=6251 coding=1 startqp=0 meanqp=0 picbytes=0 pskip=0 nalus=1 n1:6251
  cu: inter64=0 inter32=0 inter16=0 inter8=0 intra32=0 intra16=0 intra8=0 intra4=0 reftype=0
  snapshot f133: 3 venc_ko blocks (pool0 0x73801000 len 0x10000)
src frame 134: srcf=18 off=540 br=16000
frame 134: send=0x0 get=0x0 len=7261 coding=1 startqp=0 meanqp=0 picbytes=0 pskip=0 nalus=1 n1:7261
  cu: inter64=0 inter32=0 inter16=0 inter8=0 intra32=0 intra16=0 intra8=0 intra4=0 reftype=0
  snapshot f134: 3 venc_ko blocks (pool0 0x73801000 len 0x10000)
src frame 135: srcf=19 off=544 br=16000
frame 135: send=0x0 get=0x0 len=7330 coding=1 startqp=0 meanqp=0 picbytes=0 pskip=0 nalus=1 n1:7330
  cu: inter64=0 inter32=0 inter16=0 inter8=0 intra32=0 intra16=0 intra8=0 intra4=0 reftype=0
  snapshot f135: 3 venc_ko blocks (pool0 0x73801000 len 0x10000)
src frame 136: srcf=20 off=548 br=16000
frame 136: send=0x0 get=0x0 len=7572 coding=1 startqp=0 meanqp=0 picbytes=0 pskip=0 nalus=1 n1:7572
  cu: inter64=0 inter32=0 inter16=0 inter8=0 intra32=0 intra16=0 intra8=0 intra4=0 reftype=0
  snapshot f136: 3 venc_ko blocks (pool0 0x73801000 len 0x10000)
src frame 137: srcf=21 off=552 br=16000
frame 137: send=0x0 get=0x0 len=7175 coding=1 startqp=0 meanqp=0 picbytes=0 pskip=0 nalus=1 n1:7175
  cu: inter64=0 inter32=0 inter16=0 inter8=0 intra32=0 intra16=0 intra8=0 intra4=0 reftype=0
  snapshot f137: 3 venc_ko blocks (pool0 0x73801000 len 0x10000)
src frame 138: srcf=22 off=556 br=16000
frame 138: send=0x0 get=0x0 len=4154 coding=1 startqp=0 meanqp=0 picbytes=0 pskip=0 nalus=1 n1:4154
  cu: inter64=0 inter32=0 inter16=0 inter8=0 intra32=0 intra16=0 intra8=0 intra4=0 reftype=0
  snapshot f138: 3 venc_ko blocks (pool0 0x73801000 len 0x10000)
src frame 139: srcf=23 off=560 br=16000
frame 139: send=0x0 get=0x0 len=3269 coding=1 startqp=0 meanqp=0 picbytes=0 pskip=0 nalus=1 n1:3269
  cu: inter64=0 inter32=0 inter16=0 inter8=0 intra32=0 intra16=0 intra8=0 intra4=0 reftype=0
  snapshot f139: 3 venc_ko blocks (pool0 0x73801000 len 0x10000)
src frame 140: srcf=24 off=564 br=16000
frame 140: send=0x0 get=0x0 len=2650 coding=1 startqp=0 meanqp=0 picbytes=0 pskip=0 nalus=1 n1:2650
  cu: inter64=0 inter32=0 inter16=0 inter8=0 intra32=0 intra16=0 intra8=0 intra4=0 reftype=0
  snapshot f140: 3 venc_ko blocks (pool0 0x73801000 len 0x10000)
src frame 141: srcf=25 off=568 br=16000
frame 141: send=0x0 get=0x0 len=2283 coding=1 startqp=0 meanqp=0 picbytes=0 pskip=0 nalus=1 n1:2283
  cu: inter64=0 inter32=0 inter16=0 inter8=0 intra32=0 intra16=0 intra8=0 intra4=0 reftype=0
  snapshot f141: 3 venc_ko blocks (pool0 0x73801000 len 0x10000)
src frame 142: srcf=26 off=572 br=16000
frame 142: send=0x0 get=0x0 len=2400 coding=1 startqp=0 meanqp=0 picbytes=0 pskip=0 nalus=1 n1:2400
  cu: inter64=0 inter32=0 inter16=0 inter8=0 intra32=0 intra16=0 intra8=0 intra4=0 reftype=0
  snapshot f142: 3 venc_ko blocks (pool0 0x73801000 len 0x10000)
src frame 143: srcf=27 off=576 br=16000
frame 143: send=0x0 get=0x0 len=2731 coding=1 startqp=0 meanqp=0 picbytes=0 pskip=0 nalus=1 n1:2731
  cu: inter64=0 inter32=0 inter16=0 inter8=0 intra32=0 intra16=0 intra8=0 intra4=0 reftype=0
  snapshot f143: 3 venc_ko blocks (pool0 0x73801000 len 0x10000)
src frame 144: srcf=28 off=580 br=16000
frame 144: send=0x0 get=0x0 len=2740 coding=1 startqp=0 meanqp=0 picbytes=0 pskip=0 nalus=1 n1:2740
  cu: inter64=0 inter32=0 inter16=0 inter8=0 intra32=0 intra16=0 intra8=0 intra4=0 reftype=0
  snapshot f144: 3 venc_ko blocks (pool0 0x73801000 len 0x10000)
src frame 145: srcf=29 off=584 br=16000
frame 145: send=0x0 get=0x0 len=2500 coding=1 startqp=0 meanqp=0 picbytes=0 pskip=0 nalus=1 n1:2500
  cu: inter64=0 inter32=0 inter16=0 inter8=0 intra32=0 intra16=0 intra8=0 intra4=0 reftype=0
  snapshot f145: 3 venc_ko blocks (pool0 0x73801000 len 0x10000)
src frame 146: srcf=28 off=588 br=16000
frame 146: send=0x0 get=0x0 len=2251 coding=1 startqp=0 meanqp=0 picbytes=0 pskip=0 nalus=1 n1:2251
  cu: inter64=0 inter32=0 inter16=0 inter8=0 intra32=0 intra16=0 intra8=0 intra4=0 reftype=0
  snapshot f146: 3 venc_ko blocks (pool0 0x73801000 len 0x10000)
src frame 147: srcf=27 off=592 br=16000
frame 147: send=0x0 get=0x0 len=2351 coding=1 startqp=0 meanqp=0 picbytes=0 pskip=0 nalus=1 n1:2351
  cu: inter64=0 inter32=0 inter16=0 inter8=0 intra32=0 intra16=0 intra8=0 intra4=0 reftype=0
  snapshot f147: 3 venc_ko blocks (pool0 0x73801000 len 0x10000)
src frame 148: srcf=26 off=596 br=16000
frame 148: send=0x0 get=0x0 len=2276 coding=1 startqp=0 meanqp=0 picbytes=0 pskip=0 nalus=1 n1:2276
  cu: inter64=0 inter32=0 inter16=0 inter8=0 intra32=0 intra16=0 intra8=0 intra4=0 reftype=0
  snapshot f148: 3 venc_ko blocks (pool0 0x73801000 len 0x10000)
src frame 149: srcf=25 off=600 br=16000
frame 149: send=0x0 get=0x0 len=1807 coding=1 startqp=0 meanqp=0 picbytes=0 pskip=0 nalus=1 n1:1807
  cu: inter64=0 inter32=0 inter16=0 inter8=0 intra32=0 intra16=0 intra8=0 intra4=0 reftype=0
  snapshot f149: 3 venc_ko blocks (pool0 0x73801000 len 0x10000)
src frame 150: srcf=24 off=604 br=16000
frame 150: send=0x0 get=0x0 len=71611 coding=0 startqp=0 meanqp=0 picbytes=0 pskip=0 nalus=4 n32:27 n33:53 n34:12 n19:71519
  cu: inter64=0 inter32=0 inter16=0 inter8=0 intra32=0 intra16=0 intra8=0 intra4=0 reftype=0
  snapshot f150: 3 venc_ko blocks (pool0 0x73801000 len 0x10000)
src frame 151: srcf=23 off=608 br=16000
frame 151: send=0x0 get=0x0 len=2069 coding=1 startqp=0 meanqp=0 picbytes=0 pskip=0 nalus=1 n1:2069
  cu: inter64=0 inter32=0 inter16=0 inter8=0 intra32=0 intra16=0 intra8=0 intra4=0 reftype=0
  snapshot f151: 3 venc_ko blocks (pool0 0x73801000 len 0x10000)
src frame 152: srcf=22 off=612 br=16000
frame 152: send=0x0 get=0x0 len=2928 coding=1 startqp=0 meanqp=0 picbytes=0 pskip=0 nalus=1 n1:2928
  cu: inter64=0 inter32=0 inter16=0 inter8=0 intra32=0 intra16=0 intra8=0 intra4=0 reftype=0
  snapshot f152: 3 venc_ko blocks (pool0 0x73801000 len 0x10000)
src frame 153: srcf=21 off=616 br=16000
frame 153: send=0x0 get=0x0 len=3150 coding=1 startqp=0 meanqp=0 picbytes=0 pskip=0 nalus=1 n1:3150
  cu: inter64=0 inter32=0 inter16=0 inter8=0 intra32=0 intra16=0 intra8=0 intra4=0 reftype=0
  snapshot f153: 3 venc_ko blocks (pool0 0x73801000 len 0x10000)
src frame 154: srcf=20 off=620 br=16000
frame 154: send=0x0 get=0x0 len=2590 coding=1 startqp=0 meanqp=0 picbytes=0 pskip=0 nalus=1 n1:2590
  cu: inter64=0 inter32=0 inter16=0 inter8=0 intra32=0 intra16=0 intra8=0 intra4=0 reftype=0
  snapshot f154: 3 venc_ko blocks (pool0 0x73801000 len 0x10000)
src frame 155: srcf=19 off=624 br=16000
frame 155: send=0x0 get=0x0 len=1964 coding=1 startqp=0 meanqp=0 picbytes=0 pskip=0 nalus=1 n1:1964
  cu: inter64=0 inter32=0 inter16=0 inter8=0 intra32=0 intra16=0 intra8=0 intra4=0 reftype=0
  snapshot f155: 3 venc_ko blocks (pool0 0x73801000 len 0x10000)
src frame 156: srcf=18 off=628 br=16000
frame 156: send=0x0 get=0x0 len=1870 coding=1 startqp=0 meanqp=0 picbytes=0 pskip=0 nalus=1 n1:1870
  cu: inter64=0 inter32=0 inter16=0 inter8=0 intra32=0 intra16=0 intra8=0 intra4=0 reftype=0
  snapshot f156: 3 venc_ko blocks (pool0 0x73801000 len 0x10000)
src frame 157: srcf=17 off=632 br=16000
frame 157: send=0x0 get=0x0 len=1727 coding=1 startqp=0 meanqp=0 picbytes=0 pskip=0 nalus=1 n1:1727
  cu: inter64=0 inter32=0 inter16=0 inter8=0 intra32=0 intra16=0 intra8=0 intra4=0 reftype=0
  snapshot f157: 3 venc_ko blocks (pool0 0x73801000 len 0x10000)
src frame 158: srcf=16 off=636 br=16000
frame 158: send=0x0 get=0x0 len=1534 coding=1 startqp=0 meanqp=0 picbytes=0 pskip=0 nalus=1 n1:1534
  cu: inter64=0 inter32=0 inter16=0 inter8=0 intra32=0 intra16=0 intra8=0 intra4=0 reftype=0
  snapshot f158: 3 venc_ko blocks (pool0 0x73801000 len 0x10000)
src frame 159: srcf=15 off=640 br=16000
frame 159: send=0x0 get=0x0 len=1530 coding=1 startqp=0 meanqp=0 picbytes=0 pskip=0 nalus=1 n1:1530
  cu: inter64=0 inter32=0 inter16=0 inter8=0 intra32=0 intra16=0 intra8=0 intra4=0 reftype=0
  snapshot f159: 3 venc_ko blocks (pool0 0x73801000 len 0x10000)
src frame 160: srcf=14 off=644 br=16000
frame 160: send=0x0 get=0x0 len=1546 coding=1 startqp=0 meanqp=0 picbytes=0 pskip=0 nalus=1 n1:1546
  cu: inter64=0 inter32=0 inter16=0 inter8=0 intra32=0 intra16=0 intra8=0 intra4=0 reftype=0
  snapshot f160: 3 venc_ko blocks (pool0 0x73801000 len 0x10000)
src frame 161: srcf=13 off=648 br=16000
frame 161: send=0x0 get=0x0 len=1329 coding=1 startqp=0 meanqp=0 picbytes=0 pskip=0 nalus=1 n1:1329
  cu: inter64=0 inter32=0 inter16=0 inter8=0 intra32=0 intra16=0 intra8=0 intra4=0 reftype=0
  snapshot f161: 3 venc_ko blocks (pool0 0x73801000 len 0x10000)
src frame 162: srcf=12 off=652 br=16000
frame 162: send=0x0 get=0x0 len=1362 coding=1 startqp=0 meanqp=0 picbytes=0 pskip=0 nalus=1 n1:1362
  cu: inter64=0 inter32=0 inter16=0 inter8=0 intra32=0 intra16=0 intra8=0 intra4=0 reftype=0
  snapshot f162: 3 venc_ko blocks (pool0 0x73801000 len 0x10000)
src frame 163: srcf=11 off=656 br=16000
frame 163: send=0x0 get=0x0 len=1427 coding=1 startqp=0 meanqp=0 picbytes=0 pskip=0 nalus=1 n1:1427
  cu: inter64=0 inter32=0 inter16=0 inter8=0 intra32=0 intra16=0 intra8=0 intra4=0 reftype=0
  snapshot f163: 3 venc_ko blocks (pool0 0x73801000 len 0x10000)
src frame 164: srcf=10 off=660 br=16000
frame 164: send=0x0 get=0x0 len=1438 coding=1 startqp=0 meanqp=0 picbytes=0 pskip=0 nalus=1 n1:1438
  cu: inter64=0 inter32=0 inter16=0 inter8=0 intra32=0 intra16=0 intra8=0 intra4=0 reftype=0
  snapshot f164: 3 venc_ko blocks (pool0 0x73801000 len 0x10000)
src frame 165: srcf=9 off=664 br=16000
frame 165: send=0x0 get=0x0 len=1820 coding=1 startqp=0 meanqp=0 picbytes=0 pskip=0 nalus=1 n1:1820
  cu: inter64=0 inter32=0 inter16=0 inter8=0 intra32=0 intra16=0 intra8=0 intra4=0 reftype=0
  snapshot f165: 3 venc_ko blocks (pool0 0x73801000 len 0x10000)
src frame 166: srcf=8 off=668 br=16000
frame 166: send=0x0 get=0x0 len=1965 coding=1 startqp=0 meanqp=0 picbytes=0 pskip=0 nalus=1 n1:1965
  cu: inter64=0 inter32=0 inter16=0 inter8=0 intra32=0 intra16=0 intra8=0 intra4=0 reftype=0
  snapshot f166: 3 venc_ko blocks (pool0 0x73801000 len 0x10000)
src frame 167: srcf=7 off=672 br=16000
frame 167: send=0x0 get=0x0 len=2023 coding=1 startqp=0 meanqp=0 picbytes=0 pskip=0 nalus=1 n1:2023
  cu: inter64=0 inter32=0 inter16=0 inter8=0 intra32=0 intra16=0 intra8=0 intra4=0 reftype=0
  snapshot f167: 3 venc_ko blocks (pool0 0x73801000 len 0x10000)
src frame 168: srcf=6 off=676 br=16000
frame 168: send=0x0 get=0x0 len=1409 coding=1 startqp=0 meanqp=0 picbytes=0 pskip=0 nalus=1 n1:1409
  cu: inter64=0 inter32=0 inter16=0 inter8=0 intra32=0 intra16=0 intra8=0 intra4=0 reftype=0
  snapshot f168: 3 venc_ko blocks (pool0 0x73801000 len 0x10000)
src frame 169: srcf=5 off=680 br=16000
frame 169: send=0x0 get=0x0 len=1242 coding=1 startqp=0 meanqp=0 picbytes=0 pskip=0 nalus=1 n1:1242
  cu: inter64=0 inter32=0 inter16=0 inter8=0 intra32=0 intra16=0 intra8=0 intra4=0 reftype=0
  snapshot f169: 3 venc_ko blocks (pool0 0x73801000 len 0x10000)
src frame 170: srcf=4 off=684 br=16000
frame 170: send=0x0 get=0x0 len=1231 coding=1 startqp=0 meanqp=0 picbytes=0 pskip=0 nalus=1 n1:1231
  cu: inter64=0 inter32=0 inter16=0 inter8=0 intra32=0 intra16=0 intra8=0 intra4=0 reftype=0
  snapshot f170: 3 venc_ko blocks (pool0 0x73801000 len 0x10000)
src frame 171: srcf=3 off=688 br=16000
frame 171: send=0x0 get=0x0 len=1117 coding=1 startqp=0 meanqp=0 picbytes=0 pskip=0 nalus=1 n1:1117
  cu: inter64=0 inter32=0 inter16=0 inter8=0 intra32=0 intra16=0 intra8=0 intra4=0 reftype=0
  snapshot f171: 3 venc_ko blocks (pool0 0x73801000 len 0x10000)
src frame 172: srcf=2 off=692 br=16000
frame 172: send=0x0 get=0x0 len=1100 coding=1 startqp=0 meanqp=0 picbytes=0 pskip=0 nalus=1 n1:1100
  cu: inter64=0 inter32=0 inter16=0 inter8=0 intra32=0 intra16=0 intra8=0 intra4=0 reftype=0
  snapshot f172: 3 venc_ko blocks (pool0 0x73801000 len 0x10000)
src frame 173: srcf=1 off=696 br=16000
frame 173: send=0x0 get=0x0 len=1209 coding=1 startqp=0 meanqp=0 picbytes=0 pskip=0 nalus=1 n1:1209
  cu: inter64=0 inter32=0 inter16=0 inter8=0 intra32=0 intra16=0 intra8=0 intra4=0 reftype=0
  snapshot f173: 3 venc_ko blocks (pool0 0x73801000 len 0x10000)
src frame 174: srcf=0 off=700 br=16000
frame 174: send=0x0 get=0x0 len=1471 coding=1 startqp=0 meanqp=0 picbytes=0 pskip=0 nalus=1 n1:1471
  cu: inter64=0 inter32=0 inter16=0 inter8=0 intra32=0 intra16=0 intra8=0 intra4=0 reftype=0
  snapshot f174: 3 venc_ko blocks (pool0 0x73801000 len 0x10000)
src frame 175: srcf=1 off=704 br=16000
frame 175: send=0x0 get=0x0 len=1568 coding=1 startqp=0 meanqp=0 picbytes=0 pskip=0 nalus=1 n1:1568
  cu: inter64=0 inter32=0 inter16=0 inter8=0 intra32=0 intra16=0 intra8=0 intra4=0 reftype=0
  snapshot f175: 3 venc_ko blocks (pool0 0x73801000 len 0x10000)
src frame 176: srcf=2 off=708 br=16000
frame 176: send=0x0 get=0x0 len=1537 coding=1 startqp=0 meanqp=0 picbytes=0 pskip=0 nalus=1 n1:1537
  cu: inter64=0 inter32=0 inter16=0 inter8=0 intra32=0 intra16=0 intra8=0 intra4=0 reftype=0
  snapshot f176: 3 venc_ko blocks (pool0 0x73801000 len 0x10000)
src frame 177: srcf=3 off=712 br=16000
frame 177: send=0x0 get=0x0 len=1335 coding=1 startqp=0 meanqp=0 picbytes=0 pskip=0 nalus=1 n1:1335
  cu: inter64=0 inter32=0 inter16=0 inter8=0 intra32=0 intra16=0 intra8=0 intra4=0 reftype=0
  snapshot f177: 3 venc_ko blocks (pool0 0x73801000 len 0x10000)
src frame 178: srcf=4 off=716 br=16000
frame 178: send=0x0 get=0x0 len=1274 coding=1 startqp=0 meanqp=0 picbytes=0 pskip=0 nalus=1 n1:1274
  cu: inter64=0 inter32=0 inter16=0 inter8=0 intra32=0 intra16=0 intra8=0 intra4=0 reftype=0
  snapshot f178: 3 venc_ko blocks (pool0 0x73801000 len 0x10000)
src frame 179: srcf=5 off=720 br=16000
frame 179: send=0x0 get=0x0 len=1306 coding=1 startqp=0 meanqp=0 picbytes=0 pskip=0 nalus=1 n1:1306
  cu: inter64=0 inter32=0 inter16=0 inter8=0 intra32=0 intra16=0 intra8=0 intra4=0 reftype=0
  snapshot f179: 3 venc_ko blocks (pool0 0x73801000 len 0x10000)
src frame 180: srcf=6 off=724 br=16000
frame 180: send=0x0 get=0x0 len=77851 coding=0 startqp=0 meanqp=0 picbytes=0 pskip=0 nalus=4 n32:27 n33:53 n34:12 n19:77759
  cu: inter64=0 inter32=0 inter16=0 inter8=0 intra32=0 intra16=0 intra8=0 intra4=0 reftype=0
  snapshot f180: 3 venc_ko blocks (pool0 0x73801000 len 0x10000)
src frame 181: srcf=7 off=728 br=16000
frame 181: send=0x0 get=0x0 len=1806 coding=1 startqp=0 meanqp=0 picbytes=0 pskip=0 nalus=1 n1:1806
  cu: inter64=0 inter32=0 inter16=0 inter8=0 intra32=0 intra16=0 intra8=0 intra4=0 reftype=0
  snapshot f181: 3 venc_ko blocks (pool0 0x73801000 len 0x10000)
src frame 182: srcf=8 off=732 br=16000
frame 182: send=0x0 get=0x0 len=1568 coding=1 startqp=0 meanqp=0 picbytes=0 pskip=0 nalus=1 n1:1568
  cu: inter64=0 inter32=0 inter16=0 inter8=0 intra32=0 intra16=0 intra8=0 intra4=0 reftype=0
  snapshot f182: 3 venc_ko blocks (pool0 0x73801000 len 0x10000)
src frame 183: srcf=9 off=736 br=16000
frame 183: send=0x0 get=0x0 len=1761 coding=1 startqp=0 meanqp=0 picbytes=0 pskip=0 nalus=1 n1:1761
  cu: inter64=0 inter32=0 inter16=0 inter8=0 intra32=0 intra16=0 intra8=0 intra4=0 reftype=0
  snapshot f183: 3 venc_ko blocks (pool0 0x73801000 len 0x10000)
src frame 184: srcf=10 off=740 br=16000
frame 184: send=0x0 get=0x0 len=1793 coding=1 startqp=0 meanqp=0 picbytes=0 pskip=0 nalus=1 n1:1793
  cu: inter64=0 inter32=0 inter16=0 inter8=0 intra32=0 intra16=0 intra8=0 intra4=0 reftype=0
  snapshot f184: 3 venc_ko blocks (pool0 0x73801000 len 0x10000)
src frame 185: srcf=11 off=744 br=16000
frame 185: send=0x0 get=0x0 len=1835 coding=1 startqp=0 meanqp=0 picbytes=0 pskip=0 nalus=1 n1:1835
  cu: inter64=0 inter32=0 inter16=0 inter8=0 intra32=0 intra16=0 intra8=0 intra4=0 reftype=0
  snapshot f185: 3 venc_ko blocks (pool0 0x73801000 len 0x10000)
src frame 186: srcf=12 off=748 br=16000
frame 186: send=0x0 get=0x0 len=1644 coding=1 startqp=0 meanqp=0 picbytes=0 pskip=0 nalus=1 n1:1644
  cu: inter64=0 inter32=0 inter16=0 inter8=0 intra32=0 intra16=0 intra8=0 intra4=0 reftype=0
  snapshot f186: 3 venc_ko blocks (pool0 0x73801000 len 0x10000)
src frame 187: srcf=13 off=752 br=16000
frame 187: send=0x0 get=0x0 len=1298 coding=1 startqp=0 meanqp=0 picbytes=0 pskip=0 nalus=1 n1:1298
  cu: inter64=0 inter32=0 inter16=0 inter8=0 intra32=0 intra16=0 intra8=0 intra4=0 reftype=0
  snapshot f187: 3 venc_ko blocks (pool0 0x73801000 len 0x10000)
src frame 188: srcf=14 off=756 br=16000
frame 188: send=0x0 get=0x0 len=1124 coding=1 startqp=0 meanqp=0 picbytes=0 pskip=0 nalus=1 n1:1124
  cu: inter64=0 inter32=0 inter16=0 inter8=0 intra32=0 intra16=0 intra8=0 intra4=0 reftype=0
  snapshot f188: 3 venc_ko blocks (pool0 0x73801000 len 0x10000)
src frame 189: srcf=15 off=760 br=16000
frame 189: send=0x0 get=0x0 len=1105 coding=1 startqp=0 meanqp=0 picbytes=0 pskip=0 nalus=1 n1:1105
  cu: inter64=0 inter32=0 inter16=0 inter8=0 intra32=0 intra16=0 intra8=0 intra4=0 reftype=0
  snapshot f189: 3 venc_ko blocks (pool0 0x73801000 len 0x10000)
src frame 190: srcf=16 off=764 br=16000
frame 190: send=0x0 get=0x0 len=1190 coding=1 startqp=0 meanqp=0 picbytes=0 pskip=0 nalus=1 n1:1190
  cu: inter64=0 inter32=0 inter16=0 inter8=0 intra32=0 intra16=0 intra8=0 intra4=0 reftype=0
  snapshot f190: 3 venc_ko blocks (pool0 0x73801000 len 0x10000)
src frame 191: srcf=17 off=768 br=16000
frame 191: send=0x0 get=0x0 len=1299 coding=1 startqp=0 meanqp=0 picbytes=0 pskip=0 nalus=1 n1:1299
  cu: inter64=0 inter32=0 inter16=0 inter8=0 intra32=0 intra16=0 intra8=0 intra4=0 reftype=0
  snapshot f191: 3 venc_ko blocks (pool0 0x73801000 len 0x10000)
src frame 192: srcf=18 off=772 br=16000
frame 192: send=0x0 get=0x0 len=1253 coding=1 startqp=0 meanqp=0 picbytes=0 pskip=0 nalus=1 n1:1253
  cu: inter64=0 inter32=0 inter16=0 inter8=0 intra32=0 intra16=0 intra8=0 intra4=0 reftype=0
  snapshot f192: 3 venc_ko blocks (pool0 0x73801000 len 0x10000)
src frame 193: srcf=19 off=776 br=16000
frame 193: send=0x0 get=0x0 len=1509 coding=1 startqp=0 meanqp=0 picbytes=0 pskip=0 nalus=1 n1:1509
  cu: inter64=0 inter32=0 inter16=0 inter8=0 intra32=0 intra16=0 intra8=0 intra4=0 reftype=0
  snapshot f193: 3 venc_ko blocks (pool0 0x73801000 len 0x10000)
src frame 194: srcf=20 off=780 br=16000
frame 194: send=0x0 get=0x0 len=1658 coding=1 startqp=0 meanqp=0 picbytes=0 pskip=0 nalus=1 n1:1658
  cu: inter64=0 inter32=0 inter16=0 inter8=0 intra32=0 intra16=0 intra8=0 intra4=0 reftype=0
  snapshot f194: 3 venc_ko blocks (pool0 0x73801000 len 0x10000)
src frame 195: srcf=21 off=784 br=16000
frame 195: send=0x0 get=0x0 len=1723 coding=1 startqp=0 meanqp=0 picbytes=0 pskip=0 nalus=1 n1:1723
  cu: inter64=0 inter32=0 inter16=0 inter8=0 intra32=0 intra16=0 intra8=0 intra4=0 reftype=0
  snapshot f195: 3 venc_ko blocks (pool0 0x73801000 len 0x10000)
src frame 196: srcf=22 off=788 br=16000
frame 196: send=0x0 get=0x0 len=1255 coding=1 startqp=0 meanqp=0 picbytes=0 pskip=0 nalus=1 n1:1255
  cu: inter64=0 inter32=0 inter16=0 inter8=0 intra32=0 intra16=0 intra8=0 intra4=0 reftype=0
  snapshot f196: 3 venc_ko blocks (pool0 0x73801000 len 0x10000)
src frame 197: srcf=23 off=792 br=16000
frame 197: send=0x0 get=0x0 len=1211 coding=1 startqp=0 meanqp=0 picbytes=0 pskip=0 nalus=1 n1:1211
  cu: inter64=0 inter32=0 inter16=0 inter8=0 intra32=0 intra16=0 intra8=0 intra4=0 reftype=0
  snapshot f197: 3 venc_ko blocks (pool0 0x73801000 len 0x10000)
src frame 198: srcf=24 off=796 br=16000
frame 198: send=0x0 get=0x0 len=1132 coding=1 startqp=0 meanqp=0 picbytes=0 pskip=0 nalus=1 n1:1132
  cu: inter64=0 inter32=0 inter16=0 inter8=0 intra32=0 intra16=0 intra8=0 intra4=0 reftype=0
  snapshot f198: 3 venc_ko blocks (pool0 0x73801000 len 0x10000)
src frame 199: srcf=25 off=800 br=16000
frame 199: send=0x0 get=0x0 len=1295 coding=1 startqp=0 meanqp=0 picbytes=0 pskip=0 nalus=1 n1:1295
  cu: inter64=0 inter32=0 inter16=0 inter8=0 intra32=0 intra16=0 intra8=0 intra4=0 reftype=0
  snapshot f199: 3 venc_ko blocks (pool0 0x73801000 len 0x10000)
src frame 200: srcf=26 off=804 br=16000
frame 200: send=0x0 get=0x0 len=1018 coding=1 startqp=0 meanqp=0 picbytes=0 pskip=0 nalus=1 n1:1018
  cu: inter64=0 inter32=0 inter16=0 inter8=0 intra32=0 intra16=0 intra8=0 intra4=0 reftype=0
  snapshot f200: 3 venc_ko blocks (pool0 0x73801000 len 0x10000)
src frame 201: srcf=27 off=808 br=16000
frame 201: send=0x0 get=0x0 len=1195 coding=1 startqp=0 meanqp=0 picbytes=0 pskip=0 nalus=1 n1:1195
  cu: inter64=0 inter32=0 inter16=0 inter8=0 intra32=0 intra16=0 intra8=0 intra4=0 reftype=0
  snapshot f201: 3 venc_ko blocks (pool0 0x73801000 len 0x10000)
src frame 202: srcf=28 off=812 br=16000
frame 202: send=0x0 get=0x0 len=1161 coding=1 startqp=0 meanqp=0 picbytes=0 pskip=0 nalus=1 n1:1161
  cu: inter64=0 inter32=0 inter16=0 inter8=0 intra32=0 intra16=0 intra8=0 intra4=0 reftype=0
  snapshot f202: 3 venc_ko blocks (pool0 0x73801000 len 0x10000)
src frame 203: srcf=29 off=816 br=16000
frame 203: send=0x0 get=0x0 len=1468 coding=1 startqp=0 meanqp=0 picbytes=0 pskip=0 nalus=1 n1:1468
  cu: inter64=0 inter32=0 inter16=0 inter8=0 intra32=0 intra16=0 intra8=0 intra4=0 reftype=0
  snapshot f203: 3 venc_ko blocks (pool0 0x73801000 len 0x10000)
src frame 204: srcf=28 off=820 br=16000
frame 204: send=0x0 get=0x0 len=1448 coding=1 startqp=0 meanqp=0 picbytes=0 pskip=0 nalus=1 n1:1448
  cu: inter64=0 inter32=0 inter16=0 inter8=0 intra32=0 intra16=0 intra8=0 intra4=0 reftype=0
  snapshot f204: 3 venc_ko blocks (pool0 0x73801000 len 0x10000)
src frame 205: srcf=27 off=824 br=16000
frame 205: send=0x0 get=0x0 len=1280 coding=1 startqp=0 meanqp=0 picbytes=0 pskip=0 nalus=1 n1:1280
  cu: inter64=0 inter32=0 inter16=0 inter8=0 intra32=0 intra16=0 intra8=0 intra4=0 reftype=0
  snapshot f205: 3 venc_ko blocks (pool0 0x73801000 len 0x10000)
src frame 206: srcf=26 off=828 br=16000
frame 206: send=0x0 get=0x0 len=1132 coding=1 startqp=0 meanqp=0 picbytes=0 pskip=0 nalus=1 n1:1132
  cu: inter64=0 inter32=0 inter16=0 inter8=0 intra32=0 intra16=0 intra8=0 intra4=0 reftype=0
  snapshot f206: 3 venc_ko blocks (pool0 0x73801000 len 0x10000)
src frame 207: srcf=25 off=832 br=16000
frame 207: send=0x0 get=0x0 len=1264 coding=1 startqp=0 meanqp=0 picbytes=0 pskip=0 nalus=1 n1:1264
  cu: inter64=0 inter32=0 inter16=0 inter8=0 intra32=0 intra16=0 intra8=0 intra4=0 reftype=0
  snapshot f207: 3 venc_ko blocks (pool0 0x73801000 len 0x10000)
src frame 208: srcf=24 off=836 br=16000
frame 208: send=0x0 get=0x0 len=1103 coding=1 startqp=0 meanqp=0 picbytes=0 pskip=0 nalus=1 n1:1103
  cu: inter64=0 inter32=0 inter16=0 inter8=0 intra32=0 intra16=0 intra8=0 intra4=0 reftype=0
  snapshot f208: 3 venc_ko blocks (pool0 0x73801000 len 0x10000)
src frame 209: srcf=23 off=840 br=16000
frame 209: send=0x0 get=0x0 len=1135 coding=1 startqp=0 meanqp=0 picbytes=0 pskip=0 nalus=1 n1:1135
  cu: inter64=0 inter32=0 inter16=0 inter8=0 intra32=0 intra16=0 intra8=0 intra4=0 reftype=0
  snapshot f209: 3 venc_ko blocks (pool0 0x73801000 len 0x10000)
src frame 210: srcf=22 off=844 br=16000
frame 210: send=0x0 get=0x0 len=77572 coding=0 startqp=0 meanqp=0 picbytes=0 pskip=0 nalus=4 n32:27 n33:53 n34:12 n19:77480
  cu: inter64=0 inter32=0 inter16=0 inter8=0 intra32=0 intra16=0 intra8=0 intra4=0 reftype=0
  snapshot f210: 3 venc_ko blocks (pool0 0x73801000 len 0x10000)
src frame 211: srcf=21 off=848 br=16000
frame 211: send=0x0 get=0x0 len=1808 coding=1 startqp=0 meanqp=0 picbytes=0 pskip=0 nalus=1 n1:1808
  cu: inter64=0 inter32=0 inter16=0 inter8=0 intra32=0 intra16=0 intra8=0 intra4=0 reftype=0
  snapshot f211: 3 venc_ko blocks (pool0 0x73801000 len 0x10000)
src frame 212: srcf=20 off=852 br=16000
frame 212: send=0x0 get=0x0 len=1669 coding=1 startqp=0 meanqp=0 picbytes=0 pskip=0 nalus=1 n1:1669
  cu: inter64=0 inter32=0 inter16=0 inter8=0 intra32=0 intra16=0 intra8=0 intra4=0 reftype=0
  snapshot f212: 3 venc_ko blocks (pool0 0x73801000 len 0x10000)
src frame 213: srcf=19 off=856 br=16000
frame 213: send=0x0 get=0x0 len=1930 coding=1 startqp=0 meanqp=0 picbytes=0 pskip=0 nalus=1 n1:1930
  cu: inter64=0 inter32=0 inter16=0 inter8=0 intra32=0 intra16=0 intra8=0 intra4=0 reftype=0
  snapshot f213: 3 venc_ko blocks (pool0 0x73801000 len 0x10000)
src frame 214: srcf=18 off=860 br=16000
frame 214: send=0x0 get=0x0 len=1861 coding=1 startqp=0 meanqp=0 picbytes=0 pskip=0 nalus=1 n1:1861
  cu: inter64=0 inter32=0 inter16=0 inter8=0 intra32=0 intra16=0 intra8=0 intra4=0 reftype=0
  snapshot f214: 3 venc_ko blocks (pool0 0x73801000 len 0x10000)
src frame 215: srcf=17 off=864 br=16000
frame 215: send=0x0 get=0x0 len=1820 coding=1 startqp=0 meanqp=0 picbytes=0 pskip=0 nalus=1 n1:1820
  cu: inter64=0 inter32=0 inter16=0 inter8=0 intra32=0 intra16=0 intra8=0 intra4=0 reftype=0
  snapshot f215: 3 venc_ko blocks (pool0 0x73801000 len 0x10000)
src frame 216: srcf=16 off=868 br=16000
frame 216: send=0x0 get=0x0 len=1403 coding=1 startqp=0 meanqp=0 picbytes=0 pskip=0 nalus=1 n1:1403
  cu: inter64=0 inter32=0 inter16=0 inter8=0 intra32=0 intra16=0 intra8=0 intra4=0 reftype=0
  snapshot f216: 3 venc_ko blocks (pool0 0x73801000 len 0x10000)
src frame 217: srcf=15 off=872 br=16000
frame 217: send=0x0 get=0x0 len=1326 coding=1 startqp=0 meanqp=0 picbytes=0 pskip=0 nalus=1 n1:1326
  cu: inter64=0 inter32=0 inter16=0 inter8=0 intra32=0 intra16=0 intra8=0 intra4=0 reftype=0
  snapshot f217: 3 venc_ko blocks (pool0 0x73801000 len 0x10000)
src frame 218: srcf=14 off=876 br=16000
frame 218: send=0x0 get=0x0 len=1134 coding=1 startqp=0 meanqp=0 picbytes=0 pskip=0 nalus=1 n1:1134
  cu: inter64=0 inter32=0 inter16=0 inter8=0 intra32=0 intra16=0 intra8=0 intra4=0 reftype=0
  snapshot f218: 3 venc_ko blocks (pool0 0x73801000 len 0x10000)
src frame 219: srcf=13 off=880 br=16000
frame 219: send=0x0 get=0x0 len=1159 coding=1 startqp=0 meanqp=0 picbytes=0 pskip=0 nalus=1 n1:1159
  cu: inter64=0 inter32=0 inter16=0 inter8=0 intra32=0 intra16=0 intra8=0 intra4=0 reftype=0
  snapshot f219: 3 venc_ko blocks (pool0 0x73801000 len 0x10000)
src frame 220: srcf=12 off=884 br=16000
frame 220: send=0x0 get=0x0 len=1168 coding=1 startqp=0 meanqp=0 picbytes=0 pskip=0 nalus=1 n1:1168
  cu: inter64=0 inter32=0 inter16=0 inter8=0 intra32=0 intra16=0 intra8=0 intra4=0 reftype=0
  snapshot f220: 3 venc_ko blocks (pool0 0x73801000 len 0x10000)
src frame 221: srcf=11 off=888 br=16000
frame 221: send=0x0 get=0x0 len=1424 coding=1 startqp=0 meanqp=0 picbytes=0 pskip=0 nalus=1 n1:1424
  cu: inter64=0 inter32=0 inter16=0 inter8=0 intra32=0 intra16=0 intra8=0 intra4=0 reftype=0
  snapshot f221: 3 venc_ko blocks (pool0 0x73801000 len 0x10000)
src frame 222: srcf=10 off=892 br=16000
frame 222: send=0x0 get=0x0 len=1772 coding=1 startqp=0 meanqp=0 picbytes=0 pskip=0 nalus=1 n1:1772
  cu: inter64=0 inter32=0 inter16=0 inter8=0 intra32=0 intra16=0 intra8=0 intra4=0 reftype=0
  snapshot f222: 3 venc_ko blocks (pool0 0x73801000 len 0x10000)
src frame 223: srcf=9 off=896 br=16000
frame 223: send=0x0 get=0x0 len=1818 coding=1 startqp=0 meanqp=0 picbytes=0 pskip=0 nalus=1 n1:1818
  cu: inter64=0 inter32=0 inter16=0 inter8=0 intra32=0 intra16=0 intra8=0 intra4=0 reftype=0
  snapshot f223: 3 venc_ko blocks (pool0 0x73801000 len 0x10000)
src frame 224: srcf=8 off=900 br=16000
frame 224: send=0x0 get=0x0 len=1617 coding=1 startqp=0 meanqp=0 picbytes=0 pskip=0 nalus=1 n1:1617
  cu: inter64=0 inter32=0 inter16=0 inter8=0 intra32=0 intra16=0 intra8=0 intra4=0 reftype=0
  snapshot f224: 3 venc_ko blocks (pool0 0x73801000 len 0x10000)
src frame 225: srcf=7 off=904 br=16000
frame 225: send=0x0 get=0x0 len=1238 coding=1 startqp=0 meanqp=0 picbytes=0 pskip=0 nalus=1 n1:1238
  cu: inter64=0 inter32=0 inter16=0 inter8=0 intra32=0 intra16=0 intra8=0 intra4=0 reftype=0
  snapshot f225: 3 venc_ko blocks (pool0 0x73801000 len 0x10000)
src frame 226: srcf=6 off=908 br=16000
frame 226: send=0x0 get=0x0 len=1281 coding=1 startqp=0 meanqp=0 picbytes=0 pskip=0 nalus=1 n1:1281
  cu: inter64=0 inter32=0 inter16=0 inter8=0 intra32=0 intra16=0 intra8=0 intra4=0 reftype=0
  snapshot f226: 3 venc_ko blocks (pool0 0x73801000 len 0x10000)
src frame 227: srcf=5 off=912 br=16000
frame 227: send=0x0 get=0x0 len=1335 coding=1 startqp=0 meanqp=0 picbytes=0 pskip=0 nalus=1 n1:1335
  cu: inter64=0 inter32=0 inter16=0 inter8=0 intra32=0 intra16=0 intra8=0 intra4=0 reftype=0
  snapshot f227: 3 venc_ko blocks (pool0 0x73801000 len 0x10000)
src frame 228: srcf=4 off=916 br=16000
frame 228: send=0x0 get=0x0 len=1219 coding=1 startqp=0 meanqp=0 picbytes=0 pskip=0 nalus=1 n1:1219
  cu: inter64=0 inter32=0 inter16=0 inter8=0 intra32=0 intra16=0 intra8=0 intra4=0 reftype=0
  snapshot f228: 3 venc_ko blocks (pool0 0x73801000 len 0x10000)
src frame 229: srcf=3 off=920 br=16000
frame 229: send=0x0 get=0x0 len=1228 coding=1 startqp=0 meanqp=0 picbytes=0 pskip=0 nalus=1 n1:1228
  cu: inter64=0 inter32=0 inter16=0 inter8=0 intra32=0 intra16=0 intra8=0 intra4=0 reftype=0
  snapshot f229: 3 venc_ko blocks (pool0 0x73801000 len 0x10000)
src frame 230: srcf=2 off=924 br=16000
frame 230: send=0x0 get=0x0 len=1191 coding=1 startqp=0 meanqp=0 picbytes=0 pskip=0 nalus=1 n1:1191
  cu: inter64=0 inter32=0 inter16=0 inter8=0 intra32=0 intra16=0 intra8=0 intra4=0 reftype=0
  snapshot f230: 3 venc_ko blocks (pool0 0x73801000 len 0x10000)
src frame 231: srcf=1 off=928 br=16000
frame 231: send=0x0 get=0x0 len=1706 coding=1 startqp=0 meanqp=0 picbytes=0 pskip=0 nalus=1 n1:1706
  cu: inter64=0 inter32=0 inter16=0 inter8=0 intra32=0 intra16=0 intra8=0 intra4=0 reftype=0
  snapshot f231: 3 venc_ko blocks (pool0 0x73801000 len 0x10000)
src frame 232: srcf=0 off=932 br=16000
frame 232: send=0x0 get=0x0 len=1466 coding=1 startqp=0 meanqp=0 picbytes=0 pskip=0 nalus=1 n1:1466
  cu: inter64=0 inter32=0 inter16=0 inter8=0 intra32=0 intra16=0 intra8=0 intra4=0 reftype=0
  snapshot f232: 3 venc_ko blocks (pool0 0x73801000 len 0x10000)
src frame 233: srcf=1 off=936 br=16000
frame 233: send=0x0 get=0x0 len=1513 coding=1 startqp=0 meanqp=0 picbytes=0 pskip=0 nalus=1 n1:1513
  cu: inter64=0 inter32=0 inter16=0 inter8=0 intra32=0 intra16=0 intra8=0 intra4=0 reftype=0
  snapshot f233: 3 venc_ko blocks (pool0 0x73801000 len 0x10000)
src frame 234: srcf=2 off=940 br=16000
frame 234: send=0x0 get=0x0 len=1134 coding=1 startqp=0 meanqp=0 picbytes=0 pskip=0 nalus=1 n1:1134
  cu: inter64=0 inter32=0 inter16=0 inter8=0 intra32=0 intra16=0 intra8=0 intra4=0 reftype=0
  snapshot f234: 3 venc_ko blocks (pool0 0x73801000 len 0x10000)
src frame 235: srcf=3 off=944 br=16000
frame 235: send=0x0 get=0x0 len=1046 coding=1 startqp=0 meanqp=0 picbytes=0 pskip=0 nalus=1 n1:1046
  cu: inter64=0 inter32=0 inter16=0 inter8=0 intra32=0 intra16=0 intra8=0 intra4=0 reftype=0
  snapshot f235: 3 venc_ko blocks (pool0 0x73801000 len 0x10000)
src frame 236: srcf=4 off=948 br=16000
frame 236: send=0x0 get=0x0 len=1088 coding=1 startqp=0 meanqp=0 picbytes=0 pskip=0 nalus=1 n1:1088
  cu: inter64=0 inter32=0 inter16=0 inter8=0 intra32=0 intra16=0 intra8=0 intra4=0 reftype=0
  snapshot f236: 3 venc_ko blocks (pool0 0x73801000 len 0x10000)
src frame 237: srcf=5 off=952 br=16000
frame 237: send=0x0 get=0x0 len=1058 coding=1 startqp=0 meanqp=0 picbytes=0 pskip=0 nalus=1 n1:1058
  cu: inter64=0 inter32=0 inter16=0 inter8=0 intra32=0 intra16=0 intra8=0 intra4=0 reftype=0
  snapshot f237: 3 venc_ko blocks (pool0 0x73801000 len 0x10000)
src frame 238: srcf=6 off=956 br=16000
frame 238: send=0x0 get=0x0 len=1003 coding=1 startqp=0 meanqp=0 picbytes=0 pskip=0 nalus=1 n1:1003
  cu: inter64=0 inter32=0 inter16=0 inter8=0 intra32=0 intra16=0 intra8=0 intra4=0 reftype=0
  snapshot f238: 3 venc_ko blocks (pool0 0x73801000 len 0x10000)
src frame 239: srcf=7 off=960 br=16000
frame 239: send=0x0 get=0x0 len=1205 coding=1 startqp=0 meanqp=0 picbytes=0 pskip=0 nalus=1 n1:1205
  cu: inter64=0 inter32=0 inter16=0 inter8=0 intra32=0 intra16=0 intra8=0 intra4=0 reftype=0
  snapshot f239: 3 venc_ko blocks (pool0 0x73801000 len 0x10000)
src frame 240: srcf=8 off=964 br=16000
frame 240: send=0x0 get=0x0 len=77532 coding=0 startqp=0 meanqp=0 picbytes=0 pskip=0 nalus=4 n32:27 n33:53 n34:12 n19:77440
  cu: inter64=0 inter32=0 inter16=0 inter8=0 intra32=0 intra16=0 intra8=0 intra4=0 reftype=0
  snapshot f240: 3 venc_ko blocks (pool0 0x73801000 len 0x10000)
src frame 241: srcf=9 off=968 br=16000
frame 241: send=0x0 get=0x0 len=2315 coding=1 startqp=0 meanqp=0 picbytes=0 pskip=0 nalus=1 n1:2315
  cu: inter64=0 inter32=0 inter16=0 inter8=0 intra32=0 intra16=0 intra8=0 intra4=0 reftype=0
  snapshot f241: 3 venc_ko blocks (pool0 0x73801000 len 0x10000)
src frame 242: srcf=10 off=972 br=16000
frame 242: send=0x0 get=0x0 len=2027 coding=1 startqp=0 meanqp=0 picbytes=0 pskip=0 nalus=1 n1:2027
  cu: inter64=0 inter32=0 inter16=0 inter8=0 intra32=0 intra16=0 intra8=0 intra4=0 reftype=0
  snapshot f242: 3 venc_ko blocks (pool0 0x73801000 len 0x10000)
src frame 243: srcf=11 off=976 br=16000
frame 243: send=0x0 get=0x0 len=1897 coding=1 startqp=0 meanqp=0 picbytes=0 pskip=0 nalus=1 n1:1897
  cu: inter64=0 inter32=0 inter16=0 inter8=0 intra32=0 intra16=0 intra8=0 intra4=0 reftype=0
  snapshot f243: 3 venc_ko blocks (pool0 0x73801000 len 0x10000)
src frame 244: srcf=12 off=980 br=16000
frame 244: send=0x0 get=0x0 len=1433 coding=1 startqp=0 meanqp=0 picbytes=0 pskip=0 nalus=1 n1:1433
  cu: inter64=0 inter32=0 inter16=0 inter8=0 intra32=0 intra16=0 intra8=0 intra4=0 reftype=0
  snapshot f244: 3 venc_ko blocks (pool0 0x73801000 len 0x10000)
src frame 245: srcf=13 off=984 br=16000
frame 245: send=0x0 get=0x0 len=1407 coding=1 startqp=0 meanqp=0 picbytes=0 pskip=0 nalus=1 n1:1407
  cu: inter64=0 inter32=0 inter16=0 inter8=0 intra32=0 intra16=0 intra8=0 intra4=0 reftype=0
  snapshot f245: 3 venc_ko blocks (pool0 0x73801000 len 0x10000)
src frame 246: srcf=14 off=988 br=16000
frame 246: send=0x0 get=0x0 len=1332 coding=1 startqp=0 meanqp=0 picbytes=0 pskip=0 nalus=1 n1:1332
  cu: inter64=0 inter32=0 inter16=0 inter8=0 intra32=0 intra16=0 intra8=0 intra4=0 reftype=0
  snapshot f246: 3 venc_ko blocks (pool0 0x73801000 len 0x10000)
src frame 247: srcf=15 off=992 br=16000
frame 247: send=0x0 get=0x0 len=1383 coding=1 startqp=0 meanqp=0 picbytes=0 pskip=0 nalus=1 n1:1383
  cu: inter64=0 inter32=0 inter16=0 inter8=0 intra32=0 intra16=0 intra8=0 intra4=0 reftype=0
  snapshot f247: 3 venc_ko blocks (pool0 0x73801000 len 0x10000)
src frame 248: srcf=16 off=996 br=16000
frame 248: send=0x0 get=0x0 len=1137 coding=1 startqp=0 meanqp=0 picbytes=0 pskip=0 nalus=1 n1:1137
  cu: inter64=0 inter32=0 inter16=0 inter8=0 intra32=0 intra16=0 intra8=0 intra4=0 reftype=0
  snapshot f248: 3 venc_ko blocks (pool0 0x73801000 len 0x10000)
src frame 249: srcf=17 off=1000 br=16000
frame 249: send=0x0 get=0x0 len=1466 coding=1 startqp=0 meanqp=0 picbytes=0 pskip=0 nalus=1 n1:1466
  cu: inter64=0 inter32=0 inter16=0 inter8=0 intra32=0 intra16=0 intra8=0 intra4=0 reftype=0
  snapshot f249: 3 venc_ko blocks (pool0 0x73801000 len 0x10000)
src frame 250: srcf=18 off=1004 br=16000
frame 250: send=0x0 get=0x0 len=1318 coding=1 startqp=0 meanqp=0 picbytes=0 pskip=0 nalus=1 n1:1318
  cu: inter64=0 inter32=0 inter16=0 inter8=0 intra32=0 intra16=0 intra8=0 intra4=0 reftype=0
  snapshot f250: 3 venc_ko blocks (pool0 0x73801000 len 0x10000)
src frame 251: srcf=19 off=1008 br=16000
frame 251: send=0x0 get=0x0 len=1533 coding=1 startqp=0 meanqp=0 picbytes=0 pskip=0 nalus=1 n1:1533
  cu: inter64=0 inter32=0 inter16=0 inter8=0 intra32=0 intra16=0 intra8=0 intra4=0 reftype=0
  snapshot f251: 3 venc_ko blocks (pool0 0x73801000 len 0x10000)
src frame 252: srcf=20 off=1012 br=16000
frame 252: send=0x0 get=0x0 len=1355 coding=1 startqp=0 meanqp=0 picbytes=0 pskip=0 nalus=1 n1:1355
  cu: inter64=0 inter32=0 inter16=0 inter8=0 intra32=0 intra16=0 intra8=0 intra4=0 reftype=0
  snapshot f252: 3 venc_ko blocks (pool0 0x73801000 len 0x10000)
src frame 253: srcf=21 off=1016 br=16000
frame 253: send=0x0 get=0x0 len=1190 coding=1 startqp=0 meanqp=0 picbytes=0 pskip=0 nalus=1 n1:1190
  cu: inter64=0 inter32=0 inter16=0 inter8=0 intra32=0 intra16=0 intra8=0 intra4=0 reftype=0
  snapshot f253: 3 venc_ko blocks (pool0 0x73801000 len 0x10000)
src frame 254: srcf=22 off=1020 br=16000
frame 254: send=0x0 get=0x0 len=1058 coding=1 startqp=0 meanqp=0 picbytes=0 pskip=0 nalus=1 n1:1058
  cu: inter64=0 inter32=0 inter16=0 inter8=0 intra32=0 intra16=0 intra8=0 intra4=0 reftype=0
  snapshot f254: 3 venc_ko blocks (pool0 0x73801000 len 0x10000)
src frame 255: srcf=23 off=1024 br=16000
frame 255: send=0x0 get=0x0 len=1211 coding=1 startqp=0 meanqp=0 picbytes=0 pskip=0 nalus=1 n1:1211
  cu: inter64=0 inter32=0 inter16=0 inter8=0 intra32=0 intra16=0 intra8=0 intra4=0 reftype=0
  snapshot f255: 3 venc_ko blocks (pool0 0x73801000 len 0x10000)
src frame 256: srcf=24 off=1028 br=16000
frame 256: send=0x0 get=0x0 len=1180 coding=1 startqp=0 meanqp=0 picbytes=0 pskip=0 nalus=1 n1:1180
  cu: inter64=0 inter32=0 inter16=0 inter8=0 intra32=0 intra16=0 intra8=0 intra4=0 reftype=0
  snapshot f256: 3 venc_ko blocks (pool0 0x73801000 len 0x10000)
src frame 257: srcf=25 off=1032 br=16000
frame 257: send=0x0 get=0x0 len=1111 coding=1 startqp=0 meanqp=0 picbytes=0 pskip=0 nalus=1 n1:1111
  cu: inter64=0 inter32=0 inter16=0 inter8=0 intra32=0 intra16=0 intra8=0 intra4=0 reftype=0
  snapshot f257: 3 venc_ko blocks (pool0 0x73801000 len 0x10000)
src frame 258: srcf=26 off=1036 br=16000
frame 258: send=0x0 get=0x0 len=1256 coding=1 startqp=0 meanqp=0 picbytes=0 pskip=0 nalus=1 n1:1256
  cu: inter64=0 inter32=0 inter16=0 inter8=0 intra32=0 intra16=0 intra8=0 intra4=0 reftype=0
  snapshot f258: 3 venc_ko blocks (pool0 0x73801000 len 0x10000)
src frame 259: srcf=27 off=1040 br=16000
frame 259: send=0x0 get=0x0 len=1296 coding=1 startqp=0 meanqp=0 picbytes=0 pskip=0 nalus=1 n1:1296
  cu: inter64=0 inter32=0 inter16=0 inter8=0 intra32=0 intra16=0 intra8=0 intra4=0 reftype=0
  snapshot f259: 3 venc_ko blocks (pool0 0x73801000 len 0x10000)
src frame 260: srcf=28 off=1044 br=16000
frame 260: send=0x0 get=0x0 len=1398 coding=1 startqp=0 meanqp=0 picbytes=0 pskip=0 nalus=1 n1:1398
  cu: inter64=0 inter32=0 inter16=0 inter8=0 intra32=0 intra16=0 intra8=0 intra4=0 reftype=0
  snapshot f260: 3 venc_ko blocks (pool0 0x73801000 len 0x10000)
src frame 261: srcf=29 off=1048 br=16000
frame 261: send=0x0 get=0x0 len=1634 coding=1 startqp=0 meanqp=0 picbytes=0 pskip=0 nalus=1 n1:1634
  cu: inter64=0 inter32=0 inter16=0 inter8=0 intra32=0 intra16=0 intra8=0 intra4=0 reftype=0
  snapshot f261: 3 venc_ko blocks (pool0 0x73801000 len 0x10000)
src frame 262: srcf=28 off=1052 br=16000
frame 262: send=0x0 get=0x0 len=1477 coding=1 startqp=0 meanqp=0 picbytes=0 pskip=0 nalus=1 n1:1477
  cu: inter64=0 inter32=0 inter16=0 inter8=0 intra32=0 intra16=0 intra8=0 intra4=0 reftype=0
  snapshot f262: 3 venc_ko blocks (pool0 0x73801000 len 0x10000)
src frame 263: srcf=27 off=1056 br=16000
frame 263: send=0x0 get=0x0 len=1656 coding=1 startqp=0 meanqp=0 picbytes=0 pskip=0 nalus=1 n1:1656
  cu: inter64=0 inter32=0 inter16=0 inter8=0 intra32=0 intra16=0 intra8=0 intra4=0 reftype=0
  snapshot f263: 3 venc_ko blocks (pool0 0x73801000 len 0x10000)
src frame 264: srcf=26 off=1060 br=16000
frame 264: send=0x0 get=0x0 len=1375 coding=1 startqp=0 meanqp=0 picbytes=0 pskip=0 nalus=1 n1:1375
  cu: inter64=0 inter32=0 inter16=0 inter8=0 intra32=0 intra16=0 intra8=0 intra4=0 reftype=0
  snapshot f264: 3 venc_ko blocks (pool0 0x73801000 len 0x10000)
src frame 265: srcf=25 off=1064 br=16000
frame 265: send=0x0 get=0x0 len=1518 coding=1 startqp=0 meanqp=0 picbytes=0 pskip=0 nalus=1 n1:1518
  cu: inter64=0 inter32=0 inter16=0 inter8=0 intra32=0 intra16=0 intra8=0 intra4=0 reftype=0
  snapshot f265: 3 venc_ko blocks (pool0 0x73801000 len 0x10000)
src frame 266: srcf=24 off=1068 br=16000
frame 266: send=0x0 get=0x0 len=1106 coding=1 startqp=0 meanqp=0 picbytes=0 pskip=0 nalus=1 n1:1106
  cu: inter64=0 inter32=0 inter16=0 inter8=0 intra32=0 intra16=0 intra8=0 intra4=0 reftype=0
  snapshot f266: 3 venc_ko blocks (pool0 0x73801000 len 0x10000)
src frame 267: srcf=23 off=1072 br=16000
frame 267: send=0x0 get=0x0 len=1180 coding=1 startqp=0 meanqp=0 picbytes=0 pskip=0 nalus=1 n1:1180
  cu: inter64=0 inter32=0 inter16=0 inter8=0 intra32=0 intra16=0 intra8=0 intra4=0 reftype=0
  snapshot f267: 3 venc_ko blocks (pool0 0x73801000 len 0x10000)
src frame 268: srcf=22 off=1076 br=16000
frame 268: send=0x0 get=0x0 len=1113 coding=1 startqp=0 meanqp=0 picbytes=0 pskip=0 nalus=1 n1:1113
  cu: inter64=0 inter32=0 inter16=0 inter8=0 intra32=0 intra16=0 intra8=0 intra4=0 reftype=0
  snapshot f268: 3 venc_ko blocks (pool0 0x73801000 len 0x10000)
src frame 269: srcf=21 off=1080 br=16000
frame 269: send=0x0 get=0x0 len=1508 coding=1 startqp=0 meanqp=0 picbytes=0 pskip=0 nalus=1 n1:1508
  cu: inter64=0 inter32=0 inter16=0 inter8=0 intra32=0 intra16=0 intra8=0 intra4=0 reftype=0
  snapshot f269: 3 venc_ko blocks (pool0 0x73801000 len 0x10000)
---- /proc/ax_proc/venc ----
-------- VENC VERSION ------------------------
[Axera version]: ax_venc V3.0.0_20250319114413 Mar 19 2025 11:58:34 JK

-------- MODULE PARAM ------------------------
MaxChnNum   MaxRoiNum   MaxProcNum  
16          8           16          

-------- VENC CHN ATTR 1 ------------------------
ID    Type    wSrc    hSrc    Strd0   Strd1   maxW    maxH    PixFmt  link  InFifoDep    OutFifoDep   InDbgFifoLen InDbgFifoDep StrmBufSize(KB)
7     h265    1920    1080    3840    0       1920    1080    YUYV422 N     2            2            0            4            4114      
-------- VENC CHN ATTR 2 ------------------------
ID    [CropEn StartX  StartY  CropW   CropH]  Rotation  EncW    EncH    FrmSize      PTS          SeqNum       CompMode     CompLevel    PhyAddr0     PhyAddr1     PhyAddr2     
7     N       0       0       0       0       0         1920    1080    4147200      4100000      247          NONE         0            742cb000     0            0            
-------- VENC RC ATTR 1 ------------------------
ID    RcMode    SrcFr   DstFr   Br(kbps)  MinQp   MaxQp   MinIQp  MaxIQp  IQpDelta  IpropMax   IpropMin   StartQp    QpDltRng   DeBrQpDlt  SvcEn   ChgPos  StillPercent MaxStillQp 
7     VBR       60.00   60.00   16000     10      51      10      51      0         -          -          -1         2          0          False   90      -            -          
-------- VENC RC ATTR 2  -----------------------
ID    QMapQpType  QMapUnit    QMapBlkType IQp   PQp   MinQpDelta MaxQpDelta MaxBitRate shtStaTime ltStaTime  ltMinBr  ltMaxBr  Br_ST(kbps)    Br_LT(kbps)    
7     N/A         64x64       N/A         -     -     -          -          -          -          -          -        -        -              -              
-------- VENC GOP ATTR  ------------------------
ID    GopMode   Gop   GopVI 
7     NormalP   30    0     
-------- VENC STATUS 1 -------------------------
ID    RJEn         RJThr(bps)   RJMode       RJEncGaps    SupFrmEn     SupPri       SupThrI      SupThrP      SplitEn      SliceNum     Range(In)    Range(out)   
7     N            0            Normal       0            N            0            500000       500000       N            0            Full         Full         
-------- VENC STATUS 2 -------------------------
ID    ChnStat   FrmRecv   FrmRls    FrmEnc    FrmDrop   FrmDup    EncFail   MissMatch StrmGet   StrmRls   OutFps    RealBr    ReEncCnt  DropCnt   BlkFail   GrpID     PID     TID     ThNum   RefInc    RefDec    Fail1   Fail2   Fail3   Fail4   
7     STARTED   247       247       247       0         0         0         0         247       247       50.00     1775.82   0         0         0         -1        130283  130287  1       247       247       0       0       0       0       
-------- VENC HW STATUS  ------------------------
ID    OverFlow     TimeOut      
7     0            0            
-------- VENC ROI INFO  ------------------------
ID    Index        bEnable      bAbsQp       RoiQP        Width        Height       StartX       StartY       
done h265_chg_vbr
rc=0
== h265_chg_vbr: codec=h265 rc=vbr br=8000 fps=60 gop=30 frames=270 total=1133292 B achieved=2015 kbps
I frames (frame:qp/bytes): 0:32/28669 30:13/68852 60:32/28883 90:20/52266 120:32/28844 150:12/71611 180:10/77851 210:10/77572 240:10/77532
first P after each I (frame:qp): 1:32 31:12 61:32 91:20 121:32 151:11 181:10 211:10 241:10
per-GOP: gop#: kbps I_qp P_qp[min..max] P_qp_last
  0: 2508 kbps I=[32] P=[10..32] last=10 n=30
  1: 2044 kbps I=[13] P=[10..12] last=10 n=30
  2: 1557 kbps I=[32] P=[17..32] last=17 n=30
  3: 1960 kbps I=[20] P=[10..20] last=11 n=30
  4: 2483 kbps I=[32] P=[10..32] last=10 n=30
  5: 1915 kbps I=[12] P=[10..11] last=10 n=30
  6: 1880 kbps I=[10] P=[10..10] last=10 n=30
  7: 1891 kbps I=[10] P=[10..10] last=10 n=30
  8: 1894 kbps I=[10] P=[10..10] last=10 n=30
P->P QP step histogram: -2:8 -1:71 +0:165 +2:8
I->firstP QP delta: +0 -1 +0 +0 +0 -1 +0 +0 +0
sw7 frame-QP == slice QP: 270/270 frames with a program agree; mismatches at []
slot flags: {'': 270}
sw105-107 distinct (I): [('0x0', '0x0', '0x0')]
sw172/173 distinct: [('0x14f', '0x662'), ('0x14f', '0x66a')]
sw6 distinct (I / P): ['0x20000b'] ['0x200003']
mid-stream changes: [{'frame': 60, 'before': 8000, 'to': 2000, 'g': '0', 's': '0', 'rb': 2000}, {'frame': 120, 'before': 2000, 'to': 16000, 'g': '0', 's': '0', 'rb': 16000}]
  segment 0..59: 2276 kbps, qp first=32 last=10 min=10 max=32
  segment 60..119: 1758 kbps, qp first=32 last=11 min=10 max=32
  segment 120..269: 2013 kbps, qp first=32 last=10 min=10 max=32
  around change at 60: 56:P1385/q10 57:P1414/q10 58:P1234/q10 59:P1254/q10 60:I28883/q32 61:P1897/q32 62:P1332/q31 63:P1374/q30 64:P1825/q29 65:P1908/q28 66:P2315/q27 67:P3005/q26 68:P1426/q26 69:P2918/q25 70:P3850/q24 71:P826/q26 72:P1126/q25 73:P2090/q24 74:P3014/q23 75:P3530/q22
  around change at 120: 116:P2907/q11 117:P4894/q10 118:P1698/q12 119:P2372/q11 120:I28844/q32 121:P2010/q32 122:P1473/q30 123:P2268/q28 124:P4443/q26 125:P6281/q24 126:P7176/q22 127:P7883/q20 128:P5600/q19 129:P5212/q18 130:P5554/q17 131:P5378/q16 132:P6051/q15 133:P6251/q14 134:P7261/q13 135:P7330/q12
=== h265_chgmid: codec=h265 rc=cbr br=8000 nframes=270 src=/root/rc65/clips/static.yuyv motion=vscroll mstep=4 chg=75:2000,165:16000
# vdrive tag=h265_chgmid codec=h265 1920x1080 rc=cbr br=8000 fps=60/60 gop=30 gopmode=normalp ltrint=0 ltrqpo=0 iqp=32 pqp=32 profile=0 level=153 tier=0 qp[10..51] iqp[10..51] iqd=0 firstqp=-1 iprop[10..40] idrrange=2 stattime=1 vq=0 ir=0/0 slice=0 debreath=0 scd=-1 rowqpd=-1 vui=-1 move=0 nframes=270
src=/root/rc65/clips/static.yuyv frames=30 loop=pingpong motion=vscroll mstep=4 window=0..-1
chg plan: frame 75 -> 2000 kbps
chg plan: frame 165 -> 16000 kbps
AX_SYS_Init rc=0x0
AX_VENC_Init rc=0x0
AX_VENC_CreateChn(7) rc=0x0
StartRecvFrame rc=0x0
AX_POOL_CreatePool id=0x0
blk=0x5e000000 phys=0x742cb000 virt=0xffff87a85000
frame: modid=0x11 stride=1920 fmt=0xd
  snapshot pre: 3 venc_ko blocks (pool0 0x73801000 len 0x10000)
src frame 0: srcf=0 off=4 br=8000
frame 0: send=0x0 get=0x0 len=29084 coding=0 startqp=0 meanqp=0 picbytes=0 pskip=0 nalus=4 n32:27 n33:53 n34:12 n19:28992
  cu: inter64=0 inter32=0 inter16=0 inter8=0 intra32=0 intra16=0 intra8=0 intra4=0 reftype=0
  snapshot f000: 3 venc_ko blocks (pool0 0x73801000 len 0x10000)
src frame 1: srcf=1 off=8 br=8000
frame 1: send=0x0 get=0x0 len=4720 coding=1 startqp=0 meanqp=0 picbytes=0 pskip=0 nalus=1 n1:4720
  cu: inter64=0 inter32=0 inter16=0 inter8=0 intra32=0 intra16=0 intra8=0 intra4=0 reftype=0
  snapshot f001: 3 venc_ko blocks (pool0 0x73801000 len 0x10000)
src frame 2: srcf=2 off=12 br=8000
frame 2: send=0x0 get=0x0 len=5946 coding=1 startqp=0 meanqp=0 picbytes=0 pskip=0 nalus=1 n1:5946
  cu: inter64=0 inter32=0 inter16=0 inter8=0 intra32=0 intra16=0 intra8=0 intra4=0 reftype=0
  snapshot f002: 3 venc_ko blocks (pool0 0x73801000 len 0x10000)
src frame 3: srcf=3 off=16 br=8000
frame 3: send=0x0 get=0x0 len=3673 coding=1 startqp=0 meanqp=0 picbytes=0 pskip=0 nalus=1 n1:3673
  cu: inter64=0 inter32=0 inter16=0 inter8=0 intra32=0 intra16=0 intra8=0 intra4=0 reftype=0
  snapshot f003: 3 venc_ko blocks (pool0 0x73801000 len 0x10000)
src frame 4: srcf=4 off=20 br=8000
frame 4: send=0x0 get=0x0 len=3751 coding=1 startqp=0 meanqp=0 picbytes=0 pskip=0 nalus=1 n1:3751
  cu: inter64=0 inter32=0 inter16=0 inter8=0 intra32=0 intra16=0 intra8=0 intra4=0 reftype=0
  snapshot f004: 3 venc_ko blocks (pool0 0x73801000 len 0x10000)
src frame 5: srcf=5 off=24 br=8000
frame 5: send=0x0 get=0x0 len=4211 coding=1 startqp=0 meanqp=0 picbytes=0 pskip=0 nalus=1 n1:4211
  cu: inter64=0 inter32=0 inter16=0 inter8=0 intra32=0 intra16=0 intra8=0 intra4=0 reftype=0
  snapshot f005: 3 venc_ko blocks (pool0 0x73801000 len 0x10000)
src frame 6: srcf=6 off=28 br=8000
frame 6: send=0x0 get=0x0 len=4223 coding=1 startqp=0 meanqp=0 picbytes=0 pskip=0 nalus=1 n1:4223
  cu: inter64=0 inter32=0 inter16=0 inter8=0 intra32=0 intra16=0 intra8=0 intra4=0 reftype=0
  snapshot f006: 3 venc_ko blocks (pool0 0x73801000 len 0x10000)
src frame 7: srcf=7 off=32 br=8000
frame 7: send=0x0 get=0x0 len=3949 coding=1 startqp=0 meanqp=0 picbytes=0 pskip=0 nalus=1 n1:3949
  cu: inter64=0 inter32=0 inter16=0 inter8=0 intra32=0 intra16=0 intra8=0 intra4=0 reftype=0
  snapshot f007: 3 venc_ko blocks (pool0 0x73801000 len 0x10000)
src frame 8: srcf=8 off=36 br=8000
frame 8: send=0x0 get=0x0 len=4082 coding=1 startqp=0 meanqp=0 picbytes=0 pskip=0 nalus=1 n1:4082
  cu: inter64=0 inter32=0 inter16=0 inter8=0 intra32=0 intra16=0 intra8=0 intra4=0 reftype=0
  snapshot f008: 3 venc_ko blocks (pool0 0x73801000 len 0x10000)
src frame 9: srcf=9 off=40 br=8000
frame 9: send=0x0 get=0x0 len=4123 coding=1 startqp=0 meanqp=0 picbytes=0 pskip=0 nalus=1 n1:4123
  cu: inter64=0 inter32=0 inter16=0 inter8=0 intra32=0 intra16=0 intra8=0 intra4=0 reftype=0
  snapshot f009: 3 venc_ko blocks (pool0 0x73801000 len 0x10000)
src frame 10: srcf=10 off=44 br=8000
frame 10: send=0x0 get=0x0 len=3968 coding=1 startqp=0 meanqp=0 picbytes=0 pskip=0 nalus=1 n1:3968
  cu: inter64=0 inter32=0 inter16=0 inter8=0 intra32=0 intra16=0 intra8=0 intra4=0 reftype=0
  snapshot f010: 3 venc_ko blocks (pool0 0x73801000 len 0x10000)
src frame 11: srcf=11 off=48 br=8000
frame 11: send=0x0 get=0x0 len=4997 coding=1 startqp=0 meanqp=0 picbytes=0 pskip=0 nalus=1 n1:4997
  cu: inter64=0 inter32=0 inter16=0 inter8=0 intra32=0 intra16=0 intra8=0 intra4=0 reftype=0
  snapshot f011: 3 venc_ko blocks (pool0 0x73801000 len 0x10000)
src frame 12: srcf=12 off=52 br=8000
frame 12: send=0x0 get=0x0 len=5287 coding=1 startqp=0 meanqp=0 picbytes=0 pskip=0 nalus=1 n1:5287
  cu: inter64=0 inter32=0 inter16=0 inter8=0 intra32=0 intra16=0 intra8=0 intra4=0 reftype=0
  snapshot f012: 3 venc_ko blocks (pool0 0x73801000 len 0x10000)
src frame 13: srcf=13 off=56 br=8000
frame 13: send=0x0 get=0x0 len=5587 coding=1 startqp=0 meanqp=0 picbytes=0 pskip=0 nalus=1 n1:5587
  cu: inter64=0 inter32=0 inter16=0 inter8=0 intra32=0 intra16=0 intra8=0 intra4=0 reftype=0
  snapshot f013: 3 venc_ko blocks (pool0 0x73801000 len 0x10000)
src frame 14: srcf=14 off=60 br=8000
frame 14: send=0x0 get=0x0 len=6911 coding=1 startqp=0 meanqp=0 picbytes=0 pskip=0 nalus=1 n1:6911
  cu: inter64=0 inter32=0 inter16=0 inter8=0 intra32=0 intra16=0 intra8=0 intra4=0 reftype=0
  snapshot f014: 3 venc_ko blocks (pool0 0x73801000 len 0x10000)
src frame 15: srcf=15 off=64 br=8000
frame 15: send=0x0 get=0x0 len=2638 coding=1 startqp=0 meanqp=0 picbytes=0 pskip=0 nalus=1 n1:2638
  cu: inter64=0 inter32=0 inter16=0 inter8=0 intra32=0 intra16=0 intra8=0 intra4=0 reftype=0
  snapshot f015: 3 venc_ko blocks (pool0 0x73801000 len 0x10000)
src frame 16: srcf=16 off=68 br=8000
frame 16: send=0x0 get=0x0 len=2027 coding=1 startqp=0 meanqp=0 picbytes=0 pskip=0 nalus=1 n1:2027
  cu: inter64=0 inter32=0 inter16=0 inter8=0 intra32=0 intra16=0 intra8=0 intra4=0 reftype=0
  snapshot f016: 3 venc_ko blocks (pool0 0x73801000 len 0x10000)
src frame 17: srcf=17 off=72 br=8000
frame 17: send=0x0 get=0x0 len=1674 coding=1 startqp=0 meanqp=0 picbytes=0 pskip=0 nalus=1 n1:1674
  cu: inter64=0 inter32=0 inter16=0 inter8=0 intra32=0 intra16=0 intra8=0 intra4=0 reftype=0
  snapshot f017: 3 venc_ko blocks (pool0 0x73801000 len 0x10000)
src frame 18: srcf=18 off=76 br=8000
frame 18: send=0x0 get=0x0 len=1711 coding=1 startqp=0 meanqp=0 picbytes=0 pskip=0 nalus=1 n1:1711
  cu: inter64=0 inter32=0 inter16=0 inter8=0 intra32=0 intra16=0 intra8=0 intra4=0 reftype=0
  snapshot f018: 3 venc_ko blocks (pool0 0x73801000 len 0x10000)
src frame 19: srcf=19 off=80 br=8000
frame 19: send=0x0 get=0x0 len=1668 coding=1 startqp=0 meanqp=0 picbytes=0 pskip=0 nalus=1 n1:1668
  cu: inter64=0 inter32=0 inter16=0 inter8=0 intra32=0 intra16=0 intra8=0 intra4=0 reftype=0
  snapshot f019: 3 venc_ko blocks (pool0 0x73801000 len 0x10000)
src frame 20: srcf=20 off=84 br=8000
frame 20: send=0x0 get=0x0 len=1265 coding=1 startqp=0 meanqp=0 picbytes=0 pskip=0 nalus=1 n1:1265
  cu: inter64=0 inter32=0 inter16=0 inter8=0 intra32=0 intra16=0 intra8=0 intra4=0 reftype=0
  snapshot f020: 3 venc_ko blocks (pool0 0x73801000 len 0x10000)
src frame 21: srcf=21 off=88 br=8000
frame 21: send=0x0 get=0x0 len=1519 coding=1 startqp=0 meanqp=0 picbytes=0 pskip=0 nalus=1 n1:1519
  cu: inter64=0 inter32=0 inter16=0 inter8=0 intra32=0 intra16=0 intra8=0 intra4=0 reftype=0
  snapshot f021: 3 venc_ko blocks (pool0 0x73801000 len 0x10000)
src frame 22: srcf=22 off=92 br=8000
frame 22: send=0x0 get=0x0 len=2751 coding=1 startqp=0 meanqp=0 picbytes=0 pskip=0 nalus=1 n1:2751
  cu: inter64=0 inter32=0 inter16=0 inter8=0 intra32=0 intra16=0 intra8=0 intra4=0 reftype=0
  snapshot f022: 3 venc_ko blocks (pool0 0x73801000 len 0x10000)
src frame 23: srcf=23 off=96 br=8000
frame 23: send=0x0 get=0x0 len=3709 coding=1 startqp=0 meanqp=0 picbytes=0 pskip=0 nalus=1 n1:3709
  cu: inter64=0 inter32=0 inter16=0 inter8=0 intra32=0 intra16=0 intra8=0 intra4=0 reftype=0
  snapshot f023: 3 venc_ko blocks (pool0 0x73801000 len 0x10000)
src frame 24: srcf=24 off=100 br=8000
frame 24: send=0x0 get=0x0 len=3878 coding=1 startqp=0 meanqp=0 picbytes=0 pskip=0 nalus=1 n1:3878
  cu: inter64=0 inter32=0 inter16=0 inter8=0 intra32=0 intra16=0 intra8=0 intra4=0 reftype=0
  snapshot f024: 3 venc_ko blocks (pool0 0x73801000 len 0x10000)
src frame 25: srcf=25 off=104 br=8000
frame 25: send=0x0 get=0x0 len=1963 coding=1 startqp=0 meanqp=0 picbytes=0 pskip=0 nalus=1 n1:1963
  cu: inter64=0 inter32=0 inter16=0 inter8=0 intra32=0 intra16=0 intra8=0 intra4=0 reftype=0
  snapshot f025: 3 venc_ko blocks (pool0 0x73801000 len 0x10000)
src frame 26: srcf=26 off=108 br=8000
frame 26: send=0x0 get=0x0 len=1347 coding=1 startqp=0 meanqp=0 picbytes=0 pskip=0 nalus=1 n1:1347
  cu: inter64=0 inter32=0 inter16=0 inter8=0 intra32=0 intra16=0 intra8=0 intra4=0 reftype=0
  snapshot f026: 3 venc_ko blocks (pool0 0x73801000 len 0x10000)
src frame 27: srcf=27 off=112 br=8000
frame 27: send=0x0 get=0x0 len=1232 coding=1 startqp=0 meanqp=0 picbytes=0 pskip=0 nalus=1 n1:1232
  cu: inter64=0 inter32=0 inter16=0 inter8=0 intra32=0 intra16=0 intra8=0 intra4=0 reftype=0
  snapshot f027: 3 venc_ko blocks (pool0 0x73801000 len 0x10000)
src frame 28: srcf=28 off=116 br=8000
frame 28: send=0x0 get=0x0 len=1021 coding=1 startqp=0 meanqp=0 picbytes=0 pskip=0 nalus=1 n1:1021
  cu: inter64=0 inter32=0 inter16=0 inter8=0 intra32=0 intra16=0 intra8=0 intra4=0 reftype=0
  snapshot f028: 3 venc_ko blocks (pool0 0x73801000 len 0x10000)
src frame 29: srcf=29 off=120 br=8000
frame 29: send=0x0 get=0x0 len=1691 coding=1 startqp=0 meanqp=0 picbytes=0 pskip=0 nalus=1 n1:1691
  cu: inter64=0 inter32=0 inter16=0 inter8=0 intra32=0 intra16=0 intra8=0 intra4=0 reftype=0
  snapshot f029: 3 venc_ko blocks (pool0 0x73801000 len 0x10000)
src frame 30: srcf=28 off=124 br=8000
frame 30: send=0x0 get=0x0 len=32530 coding=0 startqp=0 meanqp=0 picbytes=0 pskip=0 nalus=4 n32:27 n33:53 n34:12 n19:32438
  cu: inter64=0 inter32=0 inter16=0 inter8=0 intra32=0 intra16=0 intra8=0 intra4=0 reftype=0
  snapshot f030: 3 venc_ko blocks (pool0 0x73801000 len 0x10000)
src frame 31: srcf=27 off=128 br=8000
frame 31: send=0x0 get=0x0 len=5926 coding=1 startqp=0 meanqp=0 picbytes=0 pskip=0 nalus=1 n1:5926
  cu: inter64=0 inter32=0 inter16=0 inter8=0 intra32=0 intra16=0 intra8=0 intra4=0 reftype=0
  snapshot f031: 3 venc_ko blocks (pool0 0x73801000 len 0x10000)
src frame 32: srcf=26 off=132 br=8000
frame 32: send=0x0 get=0x0 len=3584 coding=1 startqp=0 meanqp=0 picbytes=0 pskip=0 nalus=1 n1:3584
  cu: inter64=0 inter32=0 inter16=0 inter8=0 intra32=0 intra16=0 intra8=0 intra4=0 reftype=0
  snapshot f032: 3 venc_ko blocks (pool0 0x73801000 len 0x10000)
src frame 33: srcf=25 off=136 br=8000
frame 33: send=0x0 get=0x0 len=3299 coding=1 startqp=0 meanqp=0 picbytes=0 pskip=0 nalus=1 n1:3299
  cu: inter64=0 inter32=0 inter16=0 inter8=0 intra32=0 intra16=0 intra8=0 intra4=0 reftype=0
  snapshot f033: 3 venc_ko blocks (pool0 0x73801000 len 0x10000)
src frame 34: srcf=24 off=140 br=8000
frame 34: send=0x0 get=0x0 len=4067 coding=1 startqp=0 meanqp=0 picbytes=0 pskip=0 nalus=1 n1:4067
  cu: inter64=0 inter32=0 inter16=0 inter8=0 intra32=0 intra16=0 intra8=0 intra4=0 reftype=0
  snapshot f034: 3 venc_ko blocks (pool0 0x73801000 len 0x10000)
src frame 35: srcf=23 off=144 br=8000
frame 35: send=0x0 get=0x0 len=4303 coding=1 startqp=0 meanqp=0 picbytes=0 pskip=0 nalus=1 n1:4303
  cu: inter64=0 inter32=0 inter16=0 inter8=0 intra32=0 intra16=0 intra8=0 intra4=0 reftype=0
  snapshot f035: 3 venc_ko blocks (pool0 0x73801000 len 0x10000)
src frame 36: srcf=22 off=148 br=8000
frame 36: send=0x0 get=0x0 len=3806 coding=1 startqp=0 meanqp=0 picbytes=0 pskip=0 nalus=1 n1:3806
  cu: inter64=0 inter32=0 inter16=0 inter8=0 intra32=0 intra16=0 intra8=0 intra4=0 reftype=0
  snapshot f036: 3 venc_ko blocks (pool0 0x73801000 len 0x10000)
src frame 37: srcf=21 off=152 br=8000
frame 37: send=0x0 get=0x0 len=3899 coding=1 startqp=0 meanqp=0 picbytes=0 pskip=0 nalus=1 n1:3899
  cu: inter64=0 inter32=0 inter16=0 inter8=0 intra32=0 intra16=0 intra8=0 intra4=0 reftype=0
  snapshot f037: 3 venc_ko blocks (pool0 0x73801000 len 0x10000)
src frame 38: srcf=20 off=156 br=8000
frame 38: send=0x0 get=0x0 len=4509 coding=1 startqp=0 meanqp=0 picbytes=0 pskip=0 nalus=1 n1:4509
  cu: inter64=0 inter32=0 inter16=0 inter8=0 intra32=0 intra16=0 intra8=0 intra4=0 reftype=0
  snapshot f038: 3 venc_ko blocks (pool0 0x73801000 len 0x10000)
src frame 39: srcf=19 off=160 br=8000
frame 39: send=0x0 get=0x0 len=4378 coding=1 startqp=0 meanqp=0 picbytes=0 pskip=0 nalus=1 n1:4378
  cu: inter64=0 inter32=0 inter16=0 inter8=0 intra32=0 intra16=0 intra8=0 intra4=0 reftype=0
  snapshot f039: 3 venc_ko blocks (pool0 0x73801000 len 0x10000)
src frame 40: srcf=18 off=164 br=8000
frame 40: send=0x0 get=0x0 len=4828 coding=1 startqp=0 meanqp=0 picbytes=0 pskip=0 nalus=1 n1:4828
  cu: inter64=0 inter32=0 inter16=0 inter8=0 intra32=0 intra16=0 intra8=0 intra4=0 reftype=0
  snapshot f040: 3 venc_ko blocks (pool0 0x73801000 len 0x10000)
src frame 41: srcf=17 off=168 br=8000
frame 41: send=0x0 get=0x0 len=5416 coding=1 startqp=0 meanqp=0 picbytes=0 pskip=0 nalus=1 n1:5416
  cu: inter64=0 inter32=0 inter16=0 inter8=0 intra32=0 intra16=0 intra8=0 intra4=0 reftype=0
  snapshot f041: 3 venc_ko blocks (pool0 0x73801000 len 0x10000)
src frame 42: srcf=16 off=172 br=8000
frame 42: send=0x0 get=0x0 len=6324 coding=1 startqp=0 meanqp=0 picbytes=0 pskip=0 nalus=1 n1:6324
  cu: inter64=0 inter32=0 inter16=0 inter8=0 intra32=0 intra16=0 intra8=0 intra4=0 reftype=0
  snapshot f042: 3 venc_ko blocks (pool0 0x73801000 len 0x10000)
src frame 43: srcf=15 off=176 br=8000
frame 43: send=0x0 get=0x0 len=7176 coding=1 startqp=0 meanqp=0 picbytes=0 pskip=0 nalus=1 n1:7176
  cu: inter64=0 inter32=0 inter16=0 inter8=0 intra32=0 intra16=0 intra8=0 intra4=0 reftype=0
  snapshot f043: 3 venc_ko blocks (pool0 0x73801000 len 0x10000)
src frame 44: srcf=14 off=180 br=8000
frame 44: send=0x0 get=0x0 len=7122 coding=1 startqp=0 meanqp=0 picbytes=0 pskip=0 nalus=1 n1:7122
  cu: inter64=0 inter32=0 inter16=0 inter8=0 intra32=0 intra16=0 intra8=0 intra4=0 reftype=0
  snapshot f044: 3 venc_ko blocks (pool0 0x73801000 len 0x10000)
src frame 45: srcf=13 off=184 br=8000
frame 45: send=0x0 get=0x0 len=3502 coding=1 startqp=0 meanqp=0 picbytes=0 pskip=0 nalus=1 n1:3502
  cu: inter64=0 inter32=0 inter16=0 inter8=0 intra32=0 intra16=0 intra8=0 intra4=0 reftype=0
  snapshot f045: 3 venc_ko blocks (pool0 0x73801000 len 0x10000)
src frame 46: srcf=12 off=188 br=8000
frame 46: send=0x0 get=0x0 len=2306 coding=1 startqp=0 meanqp=0 picbytes=0 pskip=0 nalus=1 n1:2306
  cu: inter64=0 inter32=0 inter16=0 inter8=0 intra32=0 intra16=0 intra8=0 intra4=0 reftype=0
  snapshot f046: 3 venc_ko blocks (pool0 0x73801000 len 0x10000)
src frame 47: srcf=11 off=192 br=8000
frame 47: send=0x0 get=0x0 len=1989 coding=1 startqp=0 meanqp=0 picbytes=0 pskip=0 nalus=1 n1:1989
  cu: inter64=0 inter32=0 inter16=0 inter8=0 intra32=0 intra16=0 intra8=0 intra4=0 reftype=0
  snapshot f047: 3 venc_ko blocks (pool0 0x73801000 len 0x10000)
src frame 48: srcf=10 off=196 br=8000
frame 48: send=0x0 get=0x0 len=2323 coding=1 startqp=0 meanqp=0 picbytes=0 pskip=0 nalus=1 n1:2323
  cu: inter64=0 inter32=0 inter16=0 inter8=0 intra32=0 intra16=0 intra8=0 intra4=0 reftype=0
  snapshot f048: 3 venc_ko blocks (pool0 0x73801000 len 0x10000)
src frame 49: srcf=9 off=200 br=8000
frame 49: send=0x0 get=0x0 len=1729 coding=1 startqp=0 meanqp=0 picbytes=0 pskip=0 nalus=1 n1:1729
  cu: inter64=0 inter32=0 inter16=0 inter8=0 intra32=0 intra16=0 intra8=0 intra4=0 reftype=0
  snapshot f049: 3 venc_ko blocks (pool0 0x73801000 len 0x10000)
src frame 50: srcf=8 off=204 br=8000
frame 50: send=0x0 get=0x0 len=2037 coding=1 startqp=0 meanqp=0 picbytes=0 pskip=0 nalus=1 n1:2037
  cu: inter64=0 inter32=0 inter16=0 inter8=0 intra32=0 intra16=0 intra8=0 intra4=0 reftype=0
  snapshot f050: 3 venc_ko blocks (pool0 0x73801000 len 0x10000)
src frame 51: srcf=7 off=208 br=8000
frame 51: send=0x0 get=0x0 len=2173 coding=1 startqp=0 meanqp=0 picbytes=0 pskip=0 nalus=1 n1:2173
  cu: inter64=0 inter32=0 inter16=0 inter8=0 intra32=0 intra16=0 intra8=0 intra4=0 reftype=0
  snapshot f051: 3 venc_ko blocks (pool0 0x73801000 len 0x10000)
src frame 52: srcf=6 off=212 br=8000
frame 52: send=0x0 get=0x0 len=2300 coding=1 startqp=0 meanqp=0 picbytes=0 pskip=0 nalus=1 n1:2300
  cu: inter64=0 inter32=0 inter16=0 inter8=0 intra32=0 intra16=0 intra8=0 intra4=0 reftype=0
  snapshot f052: 3 venc_ko blocks (pool0 0x73801000 len 0x10000)
src frame 53: srcf=5 off=216 br=8000
frame 53: send=0x0 get=0x0 len=2001 coding=1 startqp=0 meanqp=0 picbytes=0 pskip=0 nalus=1 n1:2001
  cu: inter64=0 inter32=0 inter16=0 inter8=0 intra32=0 intra16=0 intra8=0 intra4=0 reftype=0
  snapshot f053: 3 venc_ko blocks (pool0 0x73801000 len 0x10000)
src frame 54: srcf=4 off=220 br=8000
frame 54: send=0x0 get=0x0 len=1826 coding=1 startqp=0 meanqp=0 picbytes=0 pskip=0 nalus=1 n1:1826
  cu: inter64=0 inter32=0 inter16=0 inter8=0 intra32=0 intra16=0 intra8=0 intra4=0 reftype=0
  snapshot f054: 3 venc_ko blocks (pool0 0x73801000 len 0x10000)
src frame 55: srcf=3 off=224 br=8000
frame 55: send=0x0 get=0x0 len=1733 coding=1 startqp=0 meanqp=0 picbytes=0 pskip=0 nalus=1 n1:1733
  cu: inter64=0 inter32=0 inter16=0 inter8=0 intra32=0 intra16=0 intra8=0 intra4=0 reftype=0
  snapshot f055: 3 venc_ko blocks (pool0 0x73801000 len 0x10000)
src frame 56: srcf=2 off=228 br=8000
frame 56: send=0x0 get=0x0 len=1374 coding=1 startqp=0 meanqp=0 picbytes=0 pskip=0 nalus=1 n1:1374
  cu: inter64=0 inter32=0 inter16=0 inter8=0 intra32=0 intra16=0 intra8=0 intra4=0 reftype=0
  snapshot f056: 3 venc_ko blocks (pool0 0x73801000 len 0x10000)
src frame 57: srcf=1 off=232 br=8000
frame 57: send=0x0 get=0x0 len=1383 coding=1 startqp=0 meanqp=0 picbytes=0 pskip=0 nalus=1 n1:1383
  cu: inter64=0 inter32=0 inter16=0 inter8=0 intra32=0 intra16=0 intra8=0 intra4=0 reftype=0
  snapshot f057: 3 venc_ko blocks (pool0 0x73801000 len 0x10000)
src frame 58: srcf=0 off=236 br=8000
frame 58: send=0x0 get=0x0 len=1143 coding=1 startqp=0 meanqp=0 picbytes=0 pskip=0 nalus=1 n1:1143
  cu: inter64=0 inter32=0 inter16=0 inter8=0 intra32=0 intra16=0 intra8=0 intra4=0 reftype=0
  snapshot f058: 3 venc_ko blocks (pool0 0x73801000 len 0x10000)
src frame 59: srcf=1 off=240 br=8000
frame 59: send=0x0 get=0x0 len=1161 coding=1 startqp=0 meanqp=0 picbytes=0 pskip=0 nalus=1 n1:1161
  cu: inter64=0 inter32=0 inter16=0 inter8=0 intra32=0 intra16=0 intra8=0 intra4=0 reftype=0
  snapshot f059: 3 venc_ko blocks (pool0 0x73801000 len 0x10000)
src frame 60: srcf=2 off=244 br=8000
frame 60: send=0x0 get=0x0 len=36442 coding=0 startqp=0 meanqp=0 picbytes=0 pskip=0 nalus=4 n32:27 n33:53 n34:12 n19:36350
  cu: inter64=0 inter32=0 inter16=0 inter8=0 intra32=0 intra16=0 intra8=0 intra4=0 reftype=0
  snapshot f060: 3 venc_ko blocks (pool0 0x73801000 len 0x10000)
src frame 61: srcf=3 off=248 br=8000
frame 61: send=0x0 get=0x0 len=6092 coding=1 startqp=0 meanqp=0 picbytes=0 pskip=0 nalus=1 n1:6092
  cu: inter64=0 inter32=0 inter16=0 inter8=0 intra32=0 intra16=0 intra8=0 intra4=0 reftype=0
  snapshot f061: 3 venc_ko blocks (pool0 0x73801000 len 0x10000)
src frame 62: srcf=4 off=252 br=8000
frame 62: send=0x0 get=0x0 len=3864 coding=1 startqp=0 meanqp=0 picbytes=0 pskip=0 nalus=1 n1:3864
  cu: inter64=0 inter32=0 inter16=0 inter8=0 intra32=0 intra16=0 intra8=0 intra4=0 reftype=0
  snapshot f062: 3 venc_ko blocks (pool0 0x73801000 len 0x10000)
src frame 63: srcf=5 off=256 br=8000
frame 63: send=0x0 get=0x0 len=3739 coding=1 startqp=0 meanqp=0 picbytes=0 pskip=0 nalus=1 n1:3739
  cu: inter64=0 inter32=0 inter16=0 inter8=0 intra32=0 intra16=0 intra8=0 intra4=0 reftype=0
  snapshot f063: 3 venc_ko blocks (pool0 0x73801000 len 0x10000)
src frame 64: srcf=6 off=260 br=8000
frame 64: send=0x0 get=0x0 len=4121 coding=1 startqp=0 meanqp=0 picbytes=0 pskip=0 nalus=1 n1:4121
  cu: inter64=0 inter32=0 inter16=0 inter8=0 intra32=0 intra16=0 intra8=0 intra4=0 reftype=0
  snapshot f064: 3 venc_ko blocks (pool0 0x73801000 len 0x10000)
src frame 65: srcf=7 off=264 br=8000
frame 65: send=0x0 get=0x0 len=3945 coding=1 startqp=0 meanqp=0 picbytes=0 pskip=0 nalus=1 n1:3945
  cu: inter64=0 inter32=0 inter16=0 inter8=0 intra32=0 intra16=0 intra8=0 intra4=0 reftype=0
  snapshot f065: 3 venc_ko blocks (pool0 0x73801000 len 0x10000)
src frame 66: srcf=8 off=268 br=8000
frame 66: send=0x0 get=0x0 len=4303 coding=1 startqp=0 meanqp=0 picbytes=0 pskip=0 nalus=1 n1:4303
  cu: inter64=0 inter32=0 inter16=0 inter8=0 intra32=0 intra16=0 intra8=0 intra4=0 reftype=0
  snapshot f066: 3 venc_ko blocks (pool0 0x73801000 len 0x10000)
src frame 67: srcf=9 off=272 br=8000
frame 67: send=0x0 get=0x0 len=4048 coding=1 startqp=0 meanqp=0 picbytes=0 pskip=0 nalus=1 n1:4048
  cu: inter64=0 inter32=0 inter16=0 inter8=0 intra32=0 intra16=0 intra8=0 intra4=0 reftype=0
  snapshot f067: 3 venc_ko blocks (pool0 0x73801000 len 0x10000)
src frame 68: srcf=10 off=276 br=8000
frame 68: send=0x0 get=0x0 len=4805 coding=1 startqp=0 meanqp=0 picbytes=0 pskip=0 nalus=1 n1:4805
  cu: inter64=0 inter32=0 inter16=0 inter8=0 intra32=0 intra16=0 intra8=0 intra4=0 reftype=0
  snapshot f068: 3 venc_ko blocks (pool0 0x73801000 len 0x10000)
src frame 69: srcf=11 off=280 br=8000
frame 69: send=0x0 get=0x0 len=4893 coding=1 startqp=0 meanqp=0 picbytes=0 pskip=0 nalus=1 n1:4893
  cu: inter64=0 inter32=0 inter16=0 inter8=0 intra32=0 intra16=0 intra8=0 intra4=0 reftype=0
  snapshot f069: 3 venc_ko blocks (pool0 0x73801000 len 0x10000)
src frame 70: srcf=12 off=284 br=8000
frame 70: send=0x0 get=0x0 len=5349 coding=1 startqp=0 meanqp=0 picbytes=0 pskip=0 nalus=1 n1:5349
  cu: inter64=0 inter32=0 inter16=0 inter8=0 intra32=0 intra16=0 intra8=0 intra4=0 reftype=0
  snapshot f070: 3 venc_ko blocks (pool0 0x73801000 len 0x10000)
src frame 71: srcf=13 off=288 br=8000
frame 71: send=0x0 get=0x0 len=5875 coding=1 startqp=0 meanqp=0 picbytes=0 pskip=0 nalus=1 n1:5875
  cu: inter64=0 inter32=0 inter16=0 inter8=0 intra32=0 intra16=0 intra8=0 intra4=0 reftype=0
  snapshot f071: 3 venc_ko blocks (pool0 0x73801000 len 0x10000)
src frame 72: srcf=14 off=292 br=8000
frame 72: send=0x0 get=0x0 len=6793 coding=1 startqp=0 meanqp=0 picbytes=0 pskip=0 nalus=1 n1:6793
  cu: inter64=0 inter32=0 inter16=0 inter8=0 intra32=0 intra16=0 intra8=0 intra4=0 reftype=0
  snapshot f072: 3 venc_ko blocks (pool0 0x73801000 len 0x10000)
src frame 73: srcf=15 off=296 br=8000
frame 73: send=0x0 get=0x0 len=3769 coding=1 startqp=0 meanqp=0 picbytes=0 pskip=0 nalus=1 n1:3769
  cu: inter64=0 inter32=0 inter16=0 inter8=0 intra32=0 intra16=0 intra8=0 intra4=0 reftype=0
  snapshot f073: 3 venc_ko blocks (pool0 0x73801000 len 0x10000)
src frame 74: srcf=16 off=300 br=8000
frame 74: send=0x0 get=0x0 len=2738 coding=1 startqp=0 meanqp=0 picbytes=0 pskip=0 nalus=1 n1:2738
  cu: inter64=0 inter32=0 inter16=0 inter8=0 intra32=0 intra16=0 intra8=0 intra4=0 reftype=0
  snapshot f074: 3 venc_ko blocks (pool0 0x73801000 len 0x10000)
chg frame=75 br 8000 -> 2000 kbps: GetRcParam=0x0 SetRcParam=0x0 readback=2000 mode=11
src frame 75: srcf=17 off=304 br=2000
frame 75: send=0x0 get=0x0 len=579 coding=1 startqp=0 meanqp=0 picbytes=0 pskip=0 nalus=1 n1:579
  cu: inter64=0 inter32=0 inter16=0 inter8=0 intra32=0 intra16=0 intra8=0 intra4=0 reftype=0
  snapshot f075: 3 venc_ko blocks (pool0 0x73801000 len 0x10000)
src frame 76: srcf=18 off=308 br=2000
frame 76: send=0x0 get=0x0 len=431 coding=1 startqp=0 meanqp=0 picbytes=0 pskip=0 nalus=1 n1:431
  cu: inter64=0 inter32=0 inter16=0 inter8=0 intra32=0 intra16=0 intra8=0 intra4=0 reftype=0
  snapshot f076: 3 venc_ko blocks (pool0 0x73801000 len 0x10000)
src frame 77: srcf=19 off=312 br=2000
frame 77: send=0x0 get=0x0 len=438 coding=1 startqp=0 meanqp=0 picbytes=0 pskip=0 nalus=1 n1:438
  cu: inter64=0 inter32=0 inter16=0 inter8=0 intra32=0 intra16=0 intra8=0 intra4=0 reftype=0
  snapshot f077: 3 venc_ko blocks (pool0 0x73801000 len 0x10000)
src frame 78: srcf=20 off=316 br=2000
frame 78: send=0x0 get=0x0 len=379 coding=1 startqp=0 meanqp=0 picbytes=0 pskip=0 nalus=1 n1:379
  cu: inter64=0 inter32=0 inter16=0 inter8=0 intra32=0 intra16=0 intra8=0 intra4=0 reftype=0
  snapshot f078: 3 venc_ko blocks (pool0 0x73801000 len 0x10000)
src frame 79: srcf=21 off=320 br=2000
frame 79: send=0x0 get=0x0 len=519 coding=1 startqp=0 meanqp=0 picbytes=0 pskip=0 nalus=1 n1:519
  cu: inter64=0 inter32=0 inter16=0 inter8=0 intra32=0 intra16=0 intra8=0 intra4=0 reftype=0
  snapshot f079: 3 venc_ko blocks (pool0 0x73801000 len 0x10000)
src frame 80: srcf=22 off=324 br=2000
frame 80: send=0x0 get=0x0 len=570 coding=1 startqp=0 meanqp=0 picbytes=0 pskip=0 nalus=1 n1:570
  cu: inter64=0 inter32=0 inter16=0 inter8=0 intra32=0 intra16=0 intra8=0 intra4=0 reftype=0
  snapshot f080: 3 venc_ko blocks (pool0 0x73801000 len 0x10000)
src frame 81: srcf=23 off=328 br=2000
frame 81: send=0x0 get=0x0 len=827 coding=1 startqp=0 meanqp=0 picbytes=0 pskip=0 nalus=1 n1:827
  cu: inter64=0 inter32=0 inter16=0 inter8=0 intra32=0 intra16=0 intra8=0 intra4=0 reftype=0
  snapshot f081: 3 venc_ko blocks (pool0 0x73801000 len 0x10000)
src frame 82: srcf=24 off=332 br=2000
frame 82: send=0x0 get=0x0 len=634 coding=1 startqp=0 meanqp=0 picbytes=0 pskip=0 nalus=1 n1:634
  cu: inter64=0 inter32=0 inter16=0 inter8=0 intra32=0 intra16=0 intra8=0 intra4=0 reftype=0
  snapshot f082: 3 venc_ko blocks (pool0 0x73801000 len 0x10000)
src frame 83: srcf=25 off=336 br=2000
frame 83: send=0x0 get=0x0 len=296 coding=1 startqp=0 meanqp=0 picbytes=0 pskip=0 nalus=1 n1:296
  cu: inter64=0 inter32=0 inter16=0 inter8=0 intra32=0 intra16=0 intra8=0 intra4=0 reftype=0
  snapshot f083: 3 venc_ko blocks (pool0 0x73801000 len 0x10000)
src frame 84: srcf=26 off=340 br=2000
frame 84: send=0x0 get=0x0 len=177 coding=1 startqp=0 meanqp=0 picbytes=0 pskip=0 nalus=1 n1:177
  cu: inter64=0 inter32=0 inter16=0 inter8=0 intra32=0 intra16=0 intra8=0 intra4=0 reftype=0
  snapshot f084: 3 venc_ko blocks (pool0 0x73801000 len 0x10000)
src frame 85: srcf=27 off=344 br=2000
frame 85: send=0x0 get=0x0 len=132 coding=1 startqp=0 meanqp=0 picbytes=0 pskip=0 nalus=1 n1:132
  cu: inter64=0 inter32=0 inter16=0 inter8=0 intra32=0 intra16=0 intra8=0 intra4=0 reftype=0
  snapshot f085: 3 venc_ko blocks (pool0 0x73801000 len 0x10000)
src frame 86: srcf=28 off=348 br=2000
frame 86: send=0x0 get=0x0 len=146 coding=1 startqp=0 meanqp=0 picbytes=0 pskip=0 nalus=1 n1:146
  cu: inter64=0 inter32=0 inter16=0 inter8=0 intra32=0 intra16=0 intra8=0 intra4=0 reftype=0
  snapshot f086: 3 venc_ko blocks (pool0 0x73801000 len 0x10000)
src frame 87: srcf=29 off=352 br=2000
frame 87: send=0x0 get=0x0 len=137 coding=1 startqp=0 meanqp=0 picbytes=0 pskip=0 nalus=1 n1:137
  cu: inter64=0 inter32=0 inter16=0 inter8=0 intra32=0 intra16=0 intra8=0 intra4=0 reftype=0
  snapshot f087: 3 venc_ko blocks (pool0 0x73801000 len 0x10000)
src frame 88: srcf=28 off=356 br=2000
frame 88: send=0x0 get=0x0 len=192 coding=1 startqp=0 meanqp=0 picbytes=0 pskip=0 nalus=1 n1:192
  cu: inter64=0 inter32=0 inter16=0 inter8=0 intra32=0 intra16=0 intra8=0 intra4=0 reftype=0
  snapshot f088: 3 venc_ko blocks (pool0 0x73801000 len 0x10000)
src frame 89: srcf=27 off=360 br=2000
frame 89: send=0x0 get=0x0 len=307 coding=1 startqp=0 meanqp=0 picbytes=0 pskip=0 nalus=1 n1:307
  cu: inter64=0 inter32=0 inter16=0 inter8=0 intra32=0 intra16=0 intra8=0 intra4=0 reftype=0
  snapshot f089: 3 venc_ko blocks (pool0 0x73801000 len 0x10000)
src frame 90: srcf=26 off=364 br=2000
frame 90: send=0x0 get=0x0 len=23900 coding=0 startqp=0 meanqp=0 picbytes=0 pskip=0 nalus=4 n32:27 n33:53 n34:12 n19:23808
  cu: inter64=0 inter32=0 inter16=0 inter8=0 intra32=0 intra16=0 intra8=0 intra4=0 reftype=0
  snapshot f090: 3 venc_ko blocks (pool0 0x73801000 len 0x10000)
src frame 91: srcf=25 off=368 br=2000
frame 91: send=0x0 get=0x0 len=635 coding=1 startqp=0 meanqp=0 picbytes=0 pskip=0 nalus=1 n1:635
  cu: inter64=0 inter32=0 inter16=0 inter8=0 intra32=0 intra16=0 intra8=0 intra4=0 reftype=0
  snapshot f091: 3 venc_ko blocks (pool0 0x73801000 len 0x10000)
src frame 92: srcf=24 off=372 br=2000
frame 92: send=0x0 get=0x0 len=331 coding=1 startqp=0 meanqp=0 picbytes=0 pskip=0 nalus=1 n1:331
  cu: inter64=0 inter32=0 inter16=0 inter8=0 intra32=0 intra16=0 intra8=0 intra4=0 reftype=0
  snapshot f092: 3 venc_ko blocks (pool0 0x73801000 len 0x10000)
src frame 93: srcf=23 off=376 br=2000
frame 93: send=0x0 get=0x0 len=201 coding=1 startqp=0 meanqp=0 picbytes=0 pskip=0 nalus=1 n1:201
  cu: inter64=0 inter32=0 inter16=0 inter8=0 intra32=0 intra16=0 intra8=0 intra4=0 reftype=0
  snapshot f093: 3 venc_ko blocks (pool0 0x73801000 len 0x10000)
src frame 94: srcf=22 off=380 br=2000
frame 94: send=0x0 get=0x0 len=146 coding=1 startqp=0 meanqp=0 picbytes=0 pskip=0 nalus=1 n1:146
  cu: inter64=0 inter32=0 inter16=0 inter8=0 intra32=0 intra16=0 intra8=0 intra4=0 reftype=0
  snapshot f094: 3 venc_ko blocks (pool0 0x73801000 len 0x10000)
src frame 95: srcf=21 off=384 br=2000
frame 95: send=0x0 get=0x0 len=137 coding=1 startqp=0 meanqp=0 picbytes=0 pskip=0 nalus=1 n1:137
  cu: inter64=0 inter32=0 inter16=0 inter8=0 intra32=0 intra16=0 intra8=0 intra4=0 reftype=0
  snapshot f095: 3 venc_ko blocks (pool0 0x73801000 len 0x10000)
src frame 96: srcf=20 off=388 br=2000
frame 96: send=0x0 get=0x0 len=121 coding=1 startqp=0 meanqp=0 picbytes=0 pskip=0 nalus=1 n1:121
  cu: inter64=0 inter32=0 inter16=0 inter8=0 intra32=0 intra16=0 intra8=0 intra4=0 reftype=0
  snapshot f096: 3 venc_ko blocks (pool0 0x73801000 len 0x10000)
src frame 97: srcf=19 off=392 br=2000
frame 97: send=0x0 get=0x0 len=97 coding=1 startqp=0 meanqp=0 picbytes=0 pskip=0 nalus=1 n1:97
  cu: inter64=0 inter32=0 inter16=0 inter8=0 intra32=0 intra16=0 intra8=0 intra4=0 reftype=0
  snapshot f097: 3 venc_ko blocks (pool0 0x73801000 len 0x10000)
src frame 98: srcf=18 off=396 br=2000
frame 98: send=0x0 get=0x0 len=106 coding=1 startqp=0 meanqp=0 picbytes=0 pskip=0 nalus=1 n1:106
  cu: inter64=0 inter32=0 inter16=0 inter8=0 intra32=0 intra16=0 intra8=0 intra4=0 reftype=0
  snapshot f098: 3 venc_ko blocks (pool0 0x73801000 len 0x10000)
src frame 99: srcf=17 off=400 br=2000
frame 99: send=0x0 get=0x0 len=138 coding=1 startqp=0 meanqp=0 picbytes=0 pskip=0 nalus=1 n1:138
  cu: inter64=0 inter32=0 inter16=0 inter8=0 intra32=0 intra16=0 intra8=0 intra4=0 reftype=0
  snapshot f099: 3 venc_ko blocks (pool0 0x73801000 len 0x10000)
src frame 100: srcf=16 off=404 br=2000
frame 100: send=0x0 get=0x0 len=106 coding=1 startqp=0 meanqp=0 picbytes=0 pskip=0 nalus=1 n1:106
  cu: inter64=0 inter32=0 inter16=0 inter8=0 intra32=0 intra16=0 intra8=0 intra4=0 reftype=0
  snapshot f100: 3 venc_ko blocks (pool0 0x73801000 len 0x10000)
src frame 101: srcf=15 off=408 br=2000
frame 101: send=0x0 get=0x0 len=120 coding=1 startqp=0 meanqp=0 picbytes=0 pskip=0 nalus=1 n1:120
  cu: inter64=0 inter32=0 inter16=0 inter8=0 intra32=0 intra16=0 intra8=0 intra4=0 reftype=0
  snapshot f101: 3 venc_ko blocks (pool0 0x73801000 len 0x10000)
src frame 102: srcf=14 off=412 br=2000
frame 102: send=0x0 get=0x0 len=120 coding=1 startqp=0 meanqp=0 picbytes=0 pskip=0 nalus=1 n1:120
  cu: inter64=0 inter32=0 inter16=0 inter8=0 intra32=0 intra16=0 intra8=0 intra4=0 reftype=0
  snapshot f102: 3 venc_ko blocks (pool0 0x73801000 len 0x10000)
src frame 103: srcf=13 off=416 br=2000
frame 103: send=0x0 get=0x0 len=84 coding=1 startqp=0 meanqp=0 picbytes=0 pskip=0 nalus=1 n1:84
  cu: inter64=0 inter32=0 inter16=0 inter8=0 intra32=0 intra16=0 intra8=0 intra4=0 reftype=0
  snapshot f103: 3 venc_ko blocks (pool0 0x73801000 len 0x10000)
src frame 104: srcf=12 off=420 br=2000
frame 104: send=0x0 get=0x0 len=102 coding=1 startqp=0 meanqp=0 picbytes=0 pskip=0 nalus=1 n1:102
  cu: inter64=0 inter32=0 inter16=0 inter8=0 intra32=0 intra16=0 intra8=0 intra4=0 reftype=0
  snapshot f104: 3 venc_ko blocks (pool0 0x73801000 len 0x10000)
src frame 105: srcf=11 off=424 br=2000
frame 105: send=0x0 get=0x0 len=86 coding=1 startqp=0 meanqp=0 picbytes=0 pskip=0 nalus=1 n1:86
  cu: inter64=0 inter32=0 inter16=0 inter8=0 intra32=0 intra16=0 intra8=0 intra4=0 reftype=0
  snapshot f105: 3 venc_ko blocks (pool0 0x73801000 len 0x10000)
src frame 106: srcf=10 off=428 br=2000
frame 106: send=0x0 get=0x0 len=85 coding=1 startqp=0 meanqp=0 picbytes=0 pskip=0 nalus=1 n1:85
  cu: inter64=0 inter32=0 inter16=0 inter8=0 intra32=0 intra16=0 intra8=0 intra4=0 reftype=0
  snapshot f106: 3 venc_ko blocks (pool0 0x73801000 len 0x10000)
src frame 107: srcf=9 off=432 br=2000
frame 107: send=0x0 get=0x0 len=87 coding=1 startqp=0 meanqp=0 picbytes=0 pskip=0 nalus=1 n1:87
  cu: inter64=0 inter32=0 inter16=0 inter8=0 intra32=0 intra16=0 intra8=0 intra4=0 reftype=0
  snapshot f107: 3 venc_ko blocks (pool0 0x73801000 len 0x10000)
src frame 108: srcf=8 off=436 br=2000
frame 108: send=0x0 get=0x0 len=96 coding=1 startqp=0 meanqp=0 picbytes=0 pskip=0 nalus=1 n1:96
  cu: inter64=0 inter32=0 inter16=0 inter8=0 intra32=0 intra16=0 intra8=0 intra4=0 reftype=0
  snapshot f108: 3 venc_ko blocks (pool0 0x73801000 len 0x10000)
src frame 109: srcf=7 off=440 br=2000
frame 109: send=0x0 get=0x0 len=88 coding=1 startqp=0 meanqp=0 picbytes=0 pskip=0 nalus=1 n1:88
  cu: inter64=0 inter32=0 inter16=0 inter8=0 intra32=0 intra16=0 intra8=0 intra4=0 reftype=0
  snapshot f109: 3 venc_ko blocks (pool0 0x73801000 len 0x10000)
src frame 110: srcf=6 off=444 br=2000
frame 110: send=0x0 get=0x0 len=86 coding=1 startqp=0 meanqp=0 picbytes=0 pskip=0 nalus=1 n1:86
  cu: inter64=0 inter32=0 inter16=0 inter8=0 intra32=0 intra16=0 intra8=0 intra4=0 reftype=0
  snapshot f110: 3 venc_ko blocks (pool0 0x73801000 len 0x10000)
src frame 111: srcf=5 off=448 br=2000
frame 111: send=0x0 get=0x0 len=113 coding=1 startqp=0 meanqp=0 picbytes=0 pskip=0 nalus=1 n1:113
  cu: inter64=0 inter32=0 inter16=0 inter8=0 intra32=0 intra16=0 intra8=0 intra4=0 reftype=0
  snapshot f111: 3 venc_ko blocks (pool0 0x73801000 len 0x10000)
src frame 112: srcf=4 off=452 br=2000
frame 112: send=0x0 get=0x0 len=145 coding=1 startqp=0 meanqp=0 picbytes=0 pskip=0 nalus=1 n1:145
  cu: inter64=0 inter32=0 inter16=0 inter8=0 intra32=0 intra16=0 intra8=0 intra4=0 reftype=0
  snapshot f112: 3 venc_ko blocks (pool0 0x73801000 len 0x10000)
src frame 113: srcf=3 off=456 br=2000
frame 113: send=0x0 get=0x0 len=99 coding=1 startqp=0 meanqp=0 picbytes=0 pskip=0 nalus=1 n1:99
  cu: inter64=0 inter32=0 inter16=0 inter8=0 intra32=0 intra16=0 intra8=0 intra4=0 reftype=0
  snapshot f113: 3 venc_ko blocks (pool0 0x73801000 len 0x10000)
src frame 114: srcf=2 off=460 br=2000
frame 114: send=0x0 get=0x0 len=125 coding=1 startqp=0 meanqp=0 picbytes=0 pskip=0 nalus=1 n1:125
  cu: inter64=0 inter32=0 inter16=0 inter8=0 intra32=0 intra16=0 intra8=0 intra4=0 reftype=0
  snapshot f114: 3 venc_ko blocks (pool0 0x73801000 len 0x10000)
src frame 115: srcf=1 off=464 br=2000
frame 115: send=0x0 get=0x0 len=103 coding=1 startqp=0 meanqp=0 picbytes=0 pskip=0 nalus=1 n1:103
  cu: inter64=0 inter32=0 inter16=0 inter8=0 intra32=0 intra16=0 intra8=0 intra4=0 reftype=0
  snapshot f115: 3 venc_ko blocks (pool0 0x73801000 len 0x10000)
src frame 116: srcf=0 off=468 br=2000
frame 116: send=0x0 get=0x0 len=93 coding=1 startqp=0 meanqp=0 picbytes=0 pskip=0 nalus=1 n1:93
  cu: inter64=0 inter32=0 inter16=0 inter8=0 intra32=0 intra16=0 intra8=0 intra4=0 reftype=0
  snapshot f116: 3 venc_ko blocks (pool0 0x73801000 len 0x10000)
src frame 117: srcf=1 off=472 br=2000
frame 117: send=0x0 get=0x0 len=95 coding=1 startqp=0 meanqp=0 picbytes=0 pskip=0 nalus=1 n1:95
  cu: inter64=0 inter32=0 inter16=0 inter8=0 intra32=0 intra16=0 intra8=0 intra4=0 reftype=0
  snapshot f117: 3 venc_ko blocks (pool0 0x73801000 len 0x10000)
src frame 118: srcf=2 off=476 br=2000
frame 118: send=0x0 get=0x0 len=107 coding=1 startqp=0 meanqp=0 picbytes=0 pskip=0 nalus=1 n1:107
  cu: inter64=0 inter32=0 inter16=0 inter8=0 intra32=0 intra16=0 intra8=0 intra4=0 reftype=0
  snapshot f118: 3 venc_ko blocks (pool0 0x73801000 len 0x10000)
src frame 119: srcf=3 off=480 br=2000
frame 119: send=0x0 get=0x0 len=95 coding=1 startqp=0 meanqp=0 picbytes=0 pskip=0 nalus=1 n1:95
  cu: inter64=0 inter32=0 inter16=0 inter8=0 intra32=0 intra16=0 intra8=0 intra4=0 reftype=0
  snapshot f119: 3 venc_ko blocks (pool0 0x73801000 len 0x10000)
src frame 120: srcf=4 off=484 br=2000
frame 120: send=0x0 get=0x0 len=22210 coding=0 startqp=0 meanqp=0 picbytes=0 pskip=0 nalus=4 n32:27 n33:53 n34:12 n19:22118
  cu: inter64=0 inter32=0 inter16=0 inter8=0 intra32=0 intra16=0 intra8=0 intra4=0 reftype=0
  snapshot f120: 3 venc_ko blocks (pool0 0x73801000 len 0x10000)
src frame 121: srcf=5 off=488 br=2000
frame 121: send=0x0 get=0x0 len=992 coding=1 startqp=0 meanqp=0 picbytes=0 pskip=0 nalus=1 n1:992
  cu: inter64=0 inter32=0 inter16=0 inter8=0 intra32=0 intra16=0 intra8=0 intra4=0 reftype=0
  snapshot f121: 3 venc_ko blocks (pool0 0x73801000 len 0x10000)
src frame 122: srcf=6 off=492 br=2000
frame 122: send=0x0 get=0x0 len=375 coding=1 startqp=0 meanqp=0 picbytes=0 pskip=0 nalus=1 n1:375
  cu: inter64=0 inter32=0 inter16=0 inter8=0 intra32=0 intra16=0 intra8=0 intra4=0 reftype=0
  snapshot f122: 3 venc_ko blocks (pool0 0x73801000 len 0x10000)
src frame 123: srcf=7 off=496 br=2000
frame 123: send=0x0 get=0x0 len=162 coding=1 startqp=0 meanqp=0 picbytes=0 pskip=0 nalus=1 n1:162
  cu: inter64=0 inter32=0 inter16=0 inter8=0 intra32=0 intra16=0 intra8=0 intra4=0 reftype=0
  snapshot f123: 3 venc_ko blocks (pool0 0x73801000 len 0x10000)
src frame 124: srcf=8 off=500 br=2000
frame 124: send=0x0 get=0x0 len=136 coding=1 startqp=0 meanqp=0 picbytes=0 pskip=0 nalus=1 n1:136
  cu: inter64=0 inter32=0 inter16=0 inter8=0 intra32=0 intra16=0 intra8=0 intra4=0 reftype=0
  snapshot f124: 3 venc_ko blocks (pool0 0x73801000 len 0x10000)
src frame 125: srcf=9 off=504 br=2000
frame 125: send=0x0 get=0x0 len=120 coding=1 startqp=0 meanqp=0 picbytes=0 pskip=0 nalus=1 n1:120
  cu: inter64=0 inter32=0 inter16=0 inter8=0 intra32=0 intra16=0 intra8=0 intra4=0 reftype=0
  snapshot f125: 3 venc_ko blocks (pool0 0x73801000 len 0x10000)
src frame 126: srcf=10 off=508 br=2000
frame 126: send=0x0 get=0x0 len=100 coding=1 startqp=0 meanqp=0 picbytes=0 pskip=0 nalus=1 n1:100
  cu: inter64=0 inter32=0 inter16=0 inter8=0 intra32=0 intra16=0 intra8=0 intra4=0 reftype=0
  snapshot f126: 3 venc_ko blocks (pool0 0x73801000 len 0x10000)
src frame 127: srcf=11 off=512 br=2000
frame 127: send=0x0 get=0x0 len=121 coding=1 startqp=0 meanqp=0 picbytes=0 pskip=0 nalus=1 n1:121
  cu: inter64=0 inter32=0 inter16=0 inter8=0 intra32=0 intra16=0 intra8=0 intra4=0 reftype=0
  snapshot f127: 3 venc_ko blocks (pool0 0x73801000 len 0x10000)
src frame 128: srcf=12 off=516 br=2000
frame 128: send=0x0 get=0x0 len=97 coding=1 startqp=0 meanqp=0 picbytes=0 pskip=0 nalus=1 n1:97
  cu: inter64=0 inter32=0 inter16=0 inter8=0 intra32=0 intra16=0 intra8=0 intra4=0 reftype=0
  snapshot f128: 3 venc_ko blocks (pool0 0x73801000 len 0x10000)
src frame 129: srcf=13 off=520 br=2000
frame 129: send=0x0 get=0x0 len=118 coding=1 startqp=0 meanqp=0 picbytes=0 pskip=0 nalus=1 n1:118
  cu: inter64=0 inter32=0 inter16=0 inter8=0 intra32=0 intra16=0 intra8=0 intra4=0 reftype=0
  snapshot f129: 3 venc_ko blocks (pool0 0x73801000 len 0x10000)
src frame 130: srcf=14 off=524 br=2000
frame 130: send=0x0 get=0x0 len=103 coding=1 startqp=0 meanqp=0 picbytes=0 pskip=0 nalus=1 n1:103
  cu: inter64=0 inter32=0 inter16=0 inter8=0 intra32=0 intra16=0 intra8=0 intra4=0 reftype=0
  snapshot f130: 3 venc_ko blocks (pool0 0x73801000 len 0x10000)
src frame 131: srcf=15 off=528 br=2000
frame 131: send=0x0 get=0x0 len=101 coding=1 startqp=0 meanqp=0 picbytes=0 pskip=0 nalus=1 n1:101
  cu: inter64=0 inter32=0 inter16=0 inter8=0 intra32=0 intra16=0 intra8=0 intra4=0 reftype=0
  snapshot f131: 3 venc_ko blocks (pool0 0x73801000 len 0x10000)
src frame 132: srcf=16 off=532 br=2000
frame 132: send=0x0 get=0x0 len=94 coding=1 startqp=0 meanqp=0 picbytes=0 pskip=0 nalus=1 n1:94
  cu: inter64=0 inter32=0 inter16=0 inter8=0 intra32=0 intra16=0 intra8=0 intra4=0 reftype=0
  snapshot f132: 3 venc_ko blocks (pool0 0x73801000 len 0x10000)
src frame 133: srcf=17 off=536 br=2000
frame 133: send=0x0 get=0x0 len=112 coding=1 startqp=0 meanqp=0 picbytes=0 pskip=0 nalus=1 n1:112
  cu: inter64=0 inter32=0 inter16=0 inter8=0 intra32=0 intra16=0 intra8=0 intra4=0 reftype=0
  snapshot f133: 3 venc_ko blocks (pool0 0x73801000 len 0x10000)
src frame 134: srcf=18 off=540 br=2000
frame 134: send=0x0 get=0x0 len=145 coding=1 startqp=0 meanqp=0 picbytes=0 pskip=0 nalus=1 n1:145
  cu: inter64=0 inter32=0 inter16=0 inter8=0 intra32=0 intra16=0 intra8=0 intra4=0 reftype=0
  snapshot f134: 3 venc_ko blocks (pool0 0x73801000 len 0x10000)
src frame 135: srcf=19 off=544 br=2000
frame 135: send=0x0 get=0x0 len=160 coding=1 startqp=0 meanqp=0 picbytes=0 pskip=0 nalus=1 n1:160
  cu: inter64=0 inter32=0 inter16=0 inter8=0 intra32=0 intra16=0 intra8=0 intra4=0 reftype=0
  snapshot f135: 3 venc_ko blocks (pool0 0x73801000 len 0x10000)
src frame 136: srcf=20 off=548 br=2000
frame 136: send=0x0 get=0x0 len=158 coding=1 startqp=0 meanqp=0 picbytes=0 pskip=0 nalus=1 n1:158
  cu: inter64=0 inter32=0 inter16=0 inter8=0 intra32=0 intra16=0 intra8=0 intra4=0 reftype=0
  snapshot f136: 3 venc_ko blocks (pool0 0x73801000 len 0x10000)
src frame 137: srcf=21 off=552 br=2000
frame 137: send=0x0 get=0x0 len=152 coding=1 startqp=0 meanqp=0 picbytes=0 pskip=0 nalus=1 n1:152
  cu: inter64=0 inter32=0 inter16=0 inter8=0 intra32=0 intra16=0 intra8=0 intra4=0 reftype=0
  snapshot f137: 3 venc_ko blocks (pool0 0x73801000 len 0x10000)
src frame 138: srcf=22 off=556 br=2000
frame 138: send=0x0 get=0x0 len=108 coding=1 startqp=0 meanqp=0 picbytes=0 pskip=0 nalus=1 n1:108
  cu: inter64=0 inter32=0 inter16=0 inter8=0 intra32=0 intra16=0 intra8=0 intra4=0 reftype=0
  snapshot f138: 3 venc_ko blocks (pool0 0x73801000 len 0x10000)
src frame 139: srcf=23 off=560 br=2000
frame 139: send=0x0 get=0x0 len=107 coding=1 startqp=0 meanqp=0 picbytes=0 pskip=0 nalus=1 n1:107
  cu: inter64=0 inter32=0 inter16=0 inter8=0 intra32=0 intra16=0 intra8=0 intra4=0 reftype=0
  snapshot f139: 3 venc_ko blocks (pool0 0x73801000 len 0x10000)
src frame 140: srcf=24 off=564 br=2000
frame 140: send=0x0 get=0x0 len=97 coding=1 startqp=0 meanqp=0 picbytes=0 pskip=0 nalus=1 n1:97
  cu: inter64=0 inter32=0 inter16=0 inter8=0 intra32=0 intra16=0 intra8=0 intra4=0 reftype=0
  snapshot f140: 3 venc_ko blocks (pool0 0x73801000 len 0x10000)
src frame 141: srcf=25 off=568 br=2000
frame 141: send=0x0 get=0x0 len=104 coding=1 startqp=0 meanqp=0 picbytes=0 pskip=0 nalus=1 n1:104
  cu: inter64=0 inter32=0 inter16=0 inter8=0 intra32=0 intra16=0 intra8=0 intra4=0 reftype=0
  snapshot f141: 3 venc_ko blocks (pool0 0x73801000 len 0x10000)
src frame 142: srcf=26 off=572 br=2000
frame 142: send=0x0 get=0x0 len=108 coding=1 startqp=0 meanqp=0 picbytes=0 pskip=0 nalus=1 n1:108
  cu: inter64=0 inter32=0 inter16=0 inter8=0 intra32=0 intra16=0 intra8=0 intra4=0 reftype=0
  snapshot f142: 3 venc_ko blocks (pool0 0x73801000 len 0x10000)
src frame 143: srcf=27 off=576 br=2000
frame 143: send=0x0 get=0x0 len=125 coding=1 startqp=0 meanqp=0 picbytes=0 pskip=0 nalus=1 n1:125
  cu: inter64=0 inter32=0 inter16=0 inter8=0 intra32=0 intra16=0 intra8=0 intra4=0 reftype=0
  snapshot f143: 3 venc_ko blocks (pool0 0x73801000 len 0x10000)
src frame 144: srcf=28 off=580 br=2000
frame 144: send=0x0 get=0x0 len=149 coding=1 startqp=0 meanqp=0 picbytes=0 pskip=0 nalus=1 n1:149
  cu: inter64=0 inter32=0 inter16=0 inter8=0 intra32=0 intra16=0 intra8=0 intra4=0 reftype=0
  snapshot f144: 3 venc_ko blocks (pool0 0x73801000 len 0x10000)
src frame 145: srcf=29 off=584 br=2000
frame 145: send=0x0 get=0x0 len=146 coding=1 startqp=0 meanqp=0 picbytes=0 pskip=0 nalus=1 n1:146
  cu: inter64=0 inter32=0 inter16=0 inter8=0 intra32=0 intra16=0 intra8=0 intra4=0 reftype=0
  snapshot f145: 3 venc_ko blocks (pool0 0x73801000 len 0x10000)
src frame 146: srcf=28 off=588 br=2000
frame 146: send=0x0 get=0x0 len=149 coding=1 startqp=0 meanqp=0 picbytes=0 pskip=0 nalus=1 n1:149
  cu: inter64=0 inter32=0 inter16=0 inter8=0 intra32=0 intra16=0 intra8=0 intra4=0 reftype=0
  snapshot f146: 3 venc_ko blocks (pool0 0x73801000 len 0x10000)
src frame 147: srcf=27 off=592 br=2000
frame 147: send=0x0 get=0x0 len=118 coding=1 startqp=0 meanqp=0 picbytes=0 pskip=0 nalus=1 n1:118
  cu: inter64=0 inter32=0 inter16=0 inter8=0 intra32=0 intra16=0 intra8=0 intra4=0 reftype=0
  snapshot f147: 3 venc_ko blocks (pool0 0x73801000 len 0x10000)
src frame 148: srcf=26 off=596 br=2000
frame 148: send=0x0 get=0x0 len=122 coding=1 startqp=0 meanqp=0 picbytes=0 pskip=0 nalus=1 n1:122
  cu: inter64=0 inter32=0 inter16=0 inter8=0 intra32=0 intra16=0 intra8=0 intra4=0 reftype=0
  snapshot f148: 3 venc_ko blocks (pool0 0x73801000 len 0x10000)
src frame 149: srcf=25 off=600 br=2000
frame 149: send=0x0 get=0x0 len=152 coding=1 startqp=0 meanqp=0 picbytes=0 pskip=0 nalus=1 n1:152
  cu: inter64=0 inter32=0 inter16=0 inter8=0 intra32=0 intra16=0 intra8=0 intra4=0 reftype=0
  snapshot f149: 3 venc_ko blocks (pool0 0x73801000 len 0x10000)
src frame 150: srcf=24 off=604 br=2000
frame 150: send=0x0 get=0x0 len=22064 coding=0 startqp=0 meanqp=0 picbytes=0 pskip=0 nalus=4 n32:27 n33:53 n34:12 n19:21972
  cu: inter64=0 inter32=0 inter16=0 inter8=0 intra32=0 intra16=0 intra8=0 intra4=0 reftype=0
  snapshot f150: 3 venc_ko blocks (pool0 0x73801000 len 0x10000)
src frame 151: srcf=23 off=608 br=2000
frame 151: send=0x0 get=0x0 len=1043 coding=1 startqp=0 meanqp=0 picbytes=0 pskip=0 nalus=1 n1:1043
  cu: inter64=0 inter32=0 inter16=0 inter8=0 intra32=0 intra16=0 intra8=0 intra4=0 reftype=0
  snapshot f151: 3 venc_ko blocks (pool0 0x73801000 len 0x10000)
src frame 152: srcf=22 off=612 br=2000
frame 152: send=0x0 get=0x0 len=521 coding=1 startqp=0 meanqp=0 picbytes=0 pskip=0 nalus=1 n1:521
  cu: inter64=0 inter32=0 inter16=0 inter8=0 intra32=0 intra16=0 intra8=0 intra4=0 reftype=0
  snapshot f152: 3 venc_ko blocks (pool0 0x73801000 len 0x10000)
src frame 153: srcf=21 off=616 br=2000
frame 153: send=0x0 get=0x0 len=322 coding=1 startqp=0 meanqp=0 picbytes=0 pskip=0 nalus=1 n1:322
  cu: inter64=0 inter32=0 inter16=0 inter8=0 intra32=0 intra16=0 intra8=0 intra4=0 reftype=0
  snapshot f153: 3 venc_ko blocks (pool0 0x73801000 len 0x10000)
src frame 154: srcf=20 off=620 br=2000
frame 154: send=0x0 get=0x0 len=343 coding=1 startqp=0 meanqp=0 picbytes=0 pskip=0 nalus=1 n1:343
  cu: inter64=0 inter32=0 inter16=0 inter8=0 intra32=0 intra16=0 intra8=0 intra4=0 reftype=0
  snapshot f154: 3 venc_ko blocks (pool0 0x73801000 len 0x10000)
src frame 155: srcf=19 off=624 br=2000
frame 155: send=0x0 get=0x0 len=186 coding=1 startqp=0 meanqp=0 picbytes=0 pskip=0 nalus=1 n1:186
  cu: inter64=0 inter32=0 inter16=0 inter8=0 intra32=0 intra16=0 intra8=0 intra4=0 reftype=0
  snapshot f155: 3 venc_ko blocks (pool0 0x73801000 len 0x10000)
src frame 156: srcf=18 off=628 br=2000
frame 156: send=0x0 get=0x0 len=136 coding=1 startqp=0 meanqp=0 picbytes=0 pskip=0 nalus=1 n1:136
  cu: inter64=0 inter32=0 inter16=0 inter8=0 intra32=0 intra16=0 intra8=0 intra4=0 reftype=0
  snapshot f156: 3 venc_ko blocks (pool0 0x73801000 len 0x10000)
src frame 157: srcf=17 off=632 br=2000
frame 157: send=0x0 get=0x0 len=100 coding=1 startqp=0 meanqp=0 picbytes=0 pskip=0 nalus=1 n1:100
  cu: inter64=0 inter32=0 inter16=0 inter8=0 intra32=0 intra16=0 intra8=0 intra4=0 reftype=0
  snapshot f157: 3 venc_ko blocks (pool0 0x73801000 len 0x10000)
src frame 158: srcf=16 off=636 br=2000
frame 158: send=0x0 get=0x0 len=93 coding=1 startqp=0 meanqp=0 picbytes=0 pskip=0 nalus=1 n1:93
  cu: inter64=0 inter32=0 inter16=0 inter8=0 intra32=0 intra16=0 intra8=0 intra4=0 reftype=0
  snapshot f158: 3 venc_ko blocks (pool0 0x73801000 len 0x10000)
src frame 159: srcf=15 off=640 br=2000
frame 159: send=0x0 get=0x0 len=112 coding=1 startqp=0 meanqp=0 picbytes=0 pskip=0 nalus=1 n1:112
  cu: inter64=0 inter32=0 inter16=0 inter8=0 intra32=0 intra16=0 intra8=0 intra4=0 reftype=0
  snapshot f159: 3 venc_ko blocks (pool0 0x73801000 len 0x10000)
src frame 160: srcf=14 off=644 br=2000
frame 160: send=0x0 get=0x0 len=99 coding=1 startqp=0 meanqp=0 picbytes=0 pskip=0 nalus=1 n1:99
  cu: inter64=0 inter32=0 inter16=0 inter8=0 intra32=0 intra16=0 intra8=0 intra4=0 reftype=0
  snapshot f160: 3 venc_ko blocks (pool0 0x73801000 len 0x10000)
src frame 161: srcf=13 off=648 br=2000
frame 161: send=0x0 get=0x0 len=104 coding=1 startqp=0 meanqp=0 picbytes=0 pskip=0 nalus=1 n1:104
  cu: inter64=0 inter32=0 inter16=0 inter8=0 intra32=0 intra16=0 intra8=0 intra4=0 reftype=0
  snapshot f161: 3 venc_ko blocks (pool0 0x73801000 len 0x10000)
src frame 162: srcf=12 off=652 br=2000
frame 162: send=0x0 get=0x0 len=95 coding=1 startqp=0 meanqp=0 picbytes=0 pskip=0 nalus=1 n1:95
  cu: inter64=0 inter32=0 inter16=0 inter8=0 intra32=0 intra16=0 intra8=0 intra4=0 reftype=0
  snapshot f162: 3 venc_ko blocks (pool0 0x73801000 len 0x10000)
src frame 163: srcf=11 off=656 br=2000
frame 163: send=0x0 get=0x0 len=93 coding=1 startqp=0 meanqp=0 picbytes=0 pskip=0 nalus=1 n1:93
  cu: inter64=0 inter32=0 inter16=0 inter8=0 intra32=0 intra16=0 intra8=0 intra4=0 reftype=0
  snapshot f163: 3 venc_ko blocks (pool0 0x73801000 len 0x10000)
src frame 164: srcf=10 off=660 br=2000
frame 164: send=0x0 get=0x0 len=92 coding=1 startqp=0 meanqp=0 picbytes=0 pskip=0 nalus=1 n1:92
  cu: inter64=0 inter32=0 inter16=0 inter8=0 intra32=0 intra16=0 intra8=0 intra4=0 reftype=0
  snapshot f164: 3 venc_ko blocks (pool0 0x73801000 len 0x10000)
chg frame=165 br 2000 -> 16000 kbps: GetRcParam=0x0 SetRcParam=0x0 readback=16000 mode=11
src frame 165: srcf=9 off=664 br=16000
frame 165: send=0x0 get=0x0 len=1061 coding=1 startqp=0 meanqp=0 picbytes=0 pskip=0 nalus=1 n1:1061
  cu: inter64=0 inter32=0 inter16=0 inter8=0 intra32=0 intra16=0 intra8=0 intra4=0 reftype=0
  snapshot f165: 3 venc_ko blocks (pool0 0x73801000 len 0x10000)
src frame 166: srcf=8 off=668 br=16000
frame 166: send=0x0 get=0x0 len=780 coding=1 startqp=0 meanqp=0 picbytes=0 pskip=0 nalus=1 n1:780
  cu: inter64=0 inter32=0 inter16=0 inter8=0 intra32=0 intra16=0 intra8=0 intra4=0 reftype=0
  snapshot f166: 3 venc_ko blocks (pool0 0x73801000 len 0x10000)
src frame 167: srcf=7 off=672 br=16000
frame 167: send=0x0 get=0x0 len=926 coding=1 startqp=0 meanqp=0 picbytes=0 pskip=0 nalus=1 n1:926
  cu: inter64=0 inter32=0 inter16=0 inter8=0 intra32=0 intra16=0 intra8=0 intra4=0 reftype=0
  snapshot f167: 3 venc_ko blocks (pool0 0x73801000 len 0x10000)
src frame 168: srcf=6 off=676 br=16000
frame 168: send=0x0 get=0x0 len=896 coding=1 startqp=0 meanqp=0 picbytes=0 pskip=0 nalus=1 n1:896
  cu: inter64=0 inter32=0 inter16=0 inter8=0 intra32=0 intra16=0 intra8=0 intra4=0 reftype=0
  snapshot f168: 3 venc_ko blocks (pool0 0x73801000 len 0x10000)
src frame 169: srcf=5 off=680 br=16000
frame 169: send=0x0 get=0x0 len=1411 coding=1 startqp=0 meanqp=0 picbytes=0 pskip=0 nalus=1 n1:1411
  cu: inter64=0 inter32=0 inter16=0 inter8=0 intra32=0 intra16=0 intra8=0 intra4=0 reftype=0
  snapshot f169: 3 venc_ko blocks (pool0 0x73801000 len 0x10000)
src frame 170: srcf=4 off=684 br=16000
frame 170: send=0x0 get=0x0 len=1426 coding=1 startqp=0 meanqp=0 picbytes=0 pskip=0 nalus=1 n1:1426
  cu: inter64=0 inter32=0 inter16=0 inter8=0 intra32=0 intra16=0 intra8=0 intra4=0 reftype=0
  snapshot f170: 3 venc_ko blocks (pool0 0x73801000 len 0x10000)
src frame 171: srcf=3 off=688 br=16000
frame 171: send=0x0 get=0x0 len=2293 coding=1 startqp=0 meanqp=0 picbytes=0 pskip=0 nalus=1 n1:2293
  cu: inter64=0 inter32=0 inter16=0 inter8=0 intra32=0 intra16=0 intra8=0 intra4=0 reftype=0
  snapshot f171: 3 venc_ko blocks (pool0 0x73801000 len 0x10000)
src frame 172: srcf=2 off=692 br=16000
frame 172: send=0x0 get=0x0 len=2655 coding=1 startqp=0 meanqp=0 picbytes=0 pskip=0 nalus=1 n1:2655
  cu: inter64=0 inter32=0 inter16=0 inter8=0 intra32=0 intra16=0 intra8=0 intra4=0 reftype=0
  snapshot f172: 3 venc_ko blocks (pool0 0x73801000 len 0x10000)
src frame 173: srcf=1 off=696 br=16000
frame 173: send=0x0 get=0x0 len=3046 coding=1 startqp=0 meanqp=0 picbytes=0 pskip=0 nalus=1 n1:3046
  cu: inter64=0 inter32=0 inter16=0 inter8=0 intra32=0 intra16=0 intra8=0 intra4=0 reftype=0
  snapshot f173: 3 venc_ko blocks (pool0 0x73801000 len 0x10000)
src frame 174: srcf=0 off=700 br=16000
frame 174: send=0x0 get=0x0 len=1416 coding=1 startqp=0 meanqp=0 picbytes=0 pskip=0 nalus=1 n1:1416
  cu: inter64=0 inter32=0 inter16=0 inter8=0 intra32=0 intra16=0 intra8=0 intra4=0 reftype=0
  snapshot f174: 3 venc_ko blocks (pool0 0x73801000 len 0x10000)
src frame 175: srcf=1 off=704 br=16000
frame 175: send=0x0 get=0x0 len=2734 coding=1 startqp=0 meanqp=0 picbytes=0 pskip=0 nalus=1 n1:2734
  cu: inter64=0 inter32=0 inter16=0 inter8=0 intra32=0 intra16=0 intra8=0 intra4=0 reftype=0
  snapshot f175: 3 venc_ko blocks (pool0 0x73801000 len 0x10000)
src frame 176: srcf=2 off=708 br=16000
frame 176: send=0x0 get=0x0 len=3504 coding=1 startqp=0 meanqp=0 picbytes=0 pskip=0 nalus=1 n1:3504
  cu: inter64=0 inter32=0 inter16=0 inter8=0 intra32=0 intra16=0 intra8=0 intra4=0 reftype=0
  snapshot f176: 3 venc_ko blocks (pool0 0x73801000 len 0x10000)
src frame 177: srcf=3 off=712 br=16000
frame 177: send=0x0 get=0x0 len=1339 coding=1 startqp=0 meanqp=0 picbytes=0 pskip=0 nalus=1 n1:1339
  cu: inter64=0 inter32=0 inter16=0 inter8=0 intra32=0 intra16=0 intra8=0 intra4=0 reftype=0
  snapshot f177: 3 venc_ko blocks (pool0 0x73801000 len 0x10000)
src frame 178: srcf=4 off=716 br=16000
frame 178: send=0x0 get=0x0 len=2757 coding=1 startqp=0 meanqp=0 picbytes=0 pskip=0 nalus=1 n1:2757
  cu: inter64=0 inter32=0 inter16=0 inter8=0 intra32=0 intra16=0 intra8=0 intra4=0 reftype=0
  snapshot f178: 3 venc_ko blocks (pool0 0x73801000 len 0x10000)
src frame 179: srcf=5 off=720 br=16000
frame 179: send=0x0 get=0x0 len=3846 coding=1 startqp=0 meanqp=0 picbytes=0 pskip=0 nalus=1 n1:3846
  cu: inter64=0 inter32=0 inter16=0 inter8=0 intra32=0 intra16=0 intra8=0 intra4=0 reftype=0
  snapshot f179: 3 venc_ko blocks (pool0 0x73801000 len 0x10000)
src frame 180: srcf=6 off=724 br=16000
frame 180: send=0x0 get=0x0 len=22477 coding=0 startqp=0 meanqp=0 picbytes=0 pskip=0 nalus=4 n32:27 n33:53 n34:12 n19:22385
  cu: inter64=0 inter32=0 inter16=0 inter8=0 intra32=0 intra16=0 intra8=0 intra4=0 reftype=0
  snapshot f180: 3 venc_ko blocks (pool0 0x73801000 len 0x10000)
src frame 181: srcf=7 off=728 br=16000
frame 181: send=0x0 get=0x0 len=15192 coding=1 startqp=0 meanqp=0 picbytes=0 pskip=0 nalus=1 n1:15192
  cu: inter64=0 inter32=0 inter16=0 inter8=0 intra32=0 intra16=0 intra8=0 intra4=0 reftype=0
  snapshot f181: 3 venc_ko blocks (pool0 0x73801000 len 0x10000)
src frame 182: srcf=8 off=732 br=16000
frame 182: send=0x0 get=0x0 len=5439 coding=1 startqp=0 meanqp=0 picbytes=0 pskip=0 nalus=1 n1:5439
  cu: inter64=0 inter32=0 inter16=0 inter8=0 intra32=0 intra16=0 intra8=0 intra4=0 reftype=0
  snapshot f182: 3 venc_ko blocks (pool0 0x73801000 len 0x10000)
src frame 183: srcf=9 off=736 br=16000
frame 183: send=0x0 get=0x0 len=3531 coding=1 startqp=0 meanqp=0 picbytes=0 pskip=0 nalus=1 n1:3531
  cu: inter64=0 inter32=0 inter16=0 inter8=0 intra32=0 intra16=0 intra8=0 intra4=0 reftype=0
  snapshot f183: 3 venc_ko blocks (pool0 0x73801000 len 0x10000)
src frame 184: srcf=10 off=740 br=16000
frame 184: send=0x0 get=0x0 len=3899 coding=1 startqp=0 meanqp=0 picbytes=0 pskip=0 nalus=1 n1:3899
  cu: inter64=0 inter32=0 inter16=0 inter8=0 intra32=0 intra16=0 intra8=0 intra4=0 reftype=0
  snapshot f184: 3 venc_ko blocks (pool0 0x73801000 len 0x10000)
src frame 185: srcf=11 off=744 br=16000
frame 185: send=0x0 get=0x0 len=3966 coding=1 startqp=0 meanqp=0 picbytes=0 pskip=0 nalus=1 n1:3966
  cu: inter64=0 inter32=0 inter16=0 inter8=0 intra32=0 intra16=0 intra8=0 intra4=0 reftype=0
  snapshot f185: 3 venc_ko blocks (pool0 0x73801000 len 0x10000)
src frame 186: srcf=12 off=748 br=16000
frame 186: send=0x0 get=0x0 len=4656 coding=1 startqp=0 meanqp=0 picbytes=0 pskip=0 nalus=1 n1:4656
  cu: inter64=0 inter32=0 inter16=0 inter8=0 intra32=0 intra16=0 intra8=0 intra4=0 reftype=0
  snapshot f186: 3 venc_ko blocks (pool0 0x73801000 len 0x10000)
src frame 187: srcf=13 off=752 br=16000
frame 187: send=0x0 get=0x0 len=4075 coding=1 startqp=0 meanqp=0 picbytes=0 pskip=0 nalus=1 n1:4075
  cu: inter64=0 inter32=0 inter16=0 inter8=0 intra32=0 intra16=0 intra8=0 intra4=0 reftype=0
  snapshot f187: 3 venc_ko blocks (pool0 0x73801000 len 0x10000)
src frame 188: srcf=14 off=756 br=16000
frame 188: send=0x0 get=0x0 len=4203 coding=1 startqp=0 meanqp=0 picbytes=0 pskip=0 nalus=1 n1:4203
  cu: inter64=0 inter32=0 inter16=0 inter8=0 intra32=0 intra16=0 intra8=0 intra4=0 reftype=0
  snapshot f188: 3 venc_ko blocks (pool0 0x73801000 len 0x10000)
src frame 189: srcf=15 off=760 br=16000
frame 189: send=0x0 get=0x0 len=4408 coding=1 startqp=0 meanqp=0 picbytes=0 pskip=0 nalus=1 n1:4408
  cu: inter64=0 inter32=0 inter16=0 inter8=0 intra32=0 intra16=0 intra8=0 intra4=0 reftype=0
  snapshot f189: 3 venc_ko blocks (pool0 0x73801000 len 0x10000)
src frame 190: srcf=16 off=764 br=16000
frame 190: send=0x0 get=0x0 len=4976 coding=1 startqp=0 meanqp=0 picbytes=0 pskip=0 nalus=1 n1:4976
  cu: inter64=0 inter32=0 inter16=0 inter8=0 intra32=0 intra16=0 intra8=0 intra4=0 reftype=0
  snapshot f190: 3 venc_ko blocks (pool0 0x73801000 len 0x10000)
src frame 191: srcf=17 off=768 br=16000
frame 191: send=0x0 get=0x0 len=4637 coding=1 startqp=0 meanqp=0 picbytes=0 pskip=0 nalus=1 n1:4637
  cu: inter64=0 inter32=0 inter16=0 inter8=0 intra32=0 intra16=0 intra8=0 intra4=0 reftype=0
  snapshot f191: 3 venc_ko blocks (pool0 0x73801000 len 0x10000)
src frame 192: srcf=18 off=772 br=16000
frame 192: send=0x0 get=0x0 len=1972 coding=1 startqp=0 meanqp=0 picbytes=0 pskip=0 nalus=1 n1:1972
  cu: inter64=0 inter32=0 inter16=0 inter8=0 intra32=0 intra16=0 intra8=0 intra4=0 reftype=0
  snapshot f192: 3 venc_ko blocks (pool0 0x73801000 len 0x10000)
src frame 193: srcf=19 off=776 br=16000
frame 193: send=0x0 get=0x0 len=1669 coding=1 startqp=0 meanqp=0 picbytes=0 pskip=0 nalus=1 n1:1669
  cu: inter64=0 inter32=0 inter16=0 inter8=0 intra32=0 intra16=0 intra8=0 intra4=0 reftype=0
  snapshot f193: 3 venc_ko blocks (pool0 0x73801000 len 0x10000)
src frame 194: srcf=20 off=780 br=16000
frame 194: send=0x0 get=0x0 len=1608 coding=1 startqp=0 meanqp=0 picbytes=0 pskip=0 nalus=1 n1:1608
  cu: inter64=0 inter32=0 inter16=0 inter8=0 intra32=0 intra16=0 intra8=0 intra4=0 reftype=0
  snapshot f194: 3 venc_ko blocks (pool0 0x73801000 len 0x10000)
src frame 195: srcf=21 off=784 br=16000
frame 195: send=0x0 get=0x0 len=1461 coding=1 startqp=0 meanqp=0 picbytes=0 pskip=0 nalus=1 n1:1461
  cu: inter64=0 inter32=0 inter16=0 inter8=0 intra32=0 intra16=0 intra8=0 intra4=0 reftype=0
  snapshot f195: 3 venc_ko blocks (pool0 0x73801000 len 0x10000)
src frame 196: srcf=22 off=788 br=16000
frame 196: send=0x0 get=0x0 len=1296 coding=1 startqp=0 meanqp=0 picbytes=0 pskip=0 nalus=1 n1:1296
  cu: inter64=0 inter32=0 inter16=0 inter8=0 intra32=0 intra16=0 intra8=0 intra4=0 reftype=0
  snapshot f196: 3 venc_ko blocks (pool0 0x73801000 len 0x10000)
src frame 197: srcf=23 off=792 br=16000
frame 197: send=0x0 get=0x0 len=953 coding=1 startqp=0 meanqp=0 picbytes=0 pskip=0 nalus=1 n1:953
  cu: inter64=0 inter32=0 inter16=0 inter8=0 intra32=0 intra16=0 intra8=0 intra4=0 reftype=0
  snapshot f197: 3 venc_ko blocks (pool0 0x73801000 len 0x10000)
src frame 198: srcf=24 off=796 br=16000
frame 198: send=0x0 get=0x0 len=753 coding=1 startqp=0 meanqp=0 picbytes=0 pskip=0 nalus=1 n1:753
  cu: inter64=0 inter32=0 inter16=0 inter8=0 intra32=0 intra16=0 intra8=0 intra4=0 reftype=0
  snapshot f198: 3 venc_ko blocks (pool0 0x73801000 len 0x10000)
src frame 199: srcf=25 off=800 br=16000
frame 199: send=0x0 get=0x0 len=757 coding=1 startqp=0 meanqp=0 picbytes=0 pskip=0 nalus=1 n1:757
  cu: inter64=0 inter32=0 inter16=0 inter8=0 intra32=0 intra16=0 intra8=0 intra4=0 reftype=0
  snapshot f199: 3 venc_ko blocks (pool0 0x73801000 len 0x10000)
src frame 200: srcf=26 off=804 br=16000
frame 200: send=0x0 get=0x0 len=637 coding=1 startqp=0 meanqp=0 picbytes=0 pskip=0 nalus=1 n1:637
  cu: inter64=0 inter32=0 inter16=0 inter8=0 intra32=0 intra16=0 intra8=0 intra4=0 reftype=0
  snapshot f200: 3 venc_ko blocks (pool0 0x73801000 len 0x10000)
src frame 201: srcf=27 off=808 br=16000
frame 201: send=0x0 get=0x0 len=698 coding=1 startqp=0 meanqp=0 picbytes=0 pskip=0 nalus=1 n1:698
  cu: inter64=0 inter32=0 inter16=0 inter8=0 intra32=0 intra16=0 intra8=0 intra4=0 reftype=0
  snapshot f201: 3 venc_ko blocks (pool0 0x73801000 len 0x10000)
src frame 202: srcf=28 off=812 br=16000
frame 202: send=0x0 get=0x0 len=717 coding=1 startqp=0 meanqp=0 picbytes=0 pskip=0 nalus=1 n1:717
  cu: inter64=0 inter32=0 inter16=0 inter8=0 intra32=0 intra16=0 intra8=0 intra4=0 reftype=0
  snapshot f202: 3 venc_ko blocks (pool0 0x73801000 len 0x10000)
src frame 203: srcf=29 off=816 br=16000
frame 203: send=0x0 get=0x0 len=877 coding=1 startqp=0 meanqp=0 picbytes=0 pskip=0 nalus=1 n1:877
  cu: inter64=0 inter32=0 inter16=0 inter8=0 intra32=0 intra16=0 intra8=0 intra4=0 reftype=0
  snapshot f203: 3 venc_ko blocks (pool0 0x73801000 len 0x10000)
src frame 204: srcf=28 off=820 br=16000
frame 204: send=0x0 get=0x0 len=763 coding=1 startqp=0 meanqp=0 picbytes=0 pskip=0 nalus=1 n1:763
  cu: inter64=0 inter32=0 inter16=0 inter8=0 intra32=0 intra16=0 intra8=0 intra4=0 reftype=0
  snapshot f204: 3 venc_ko blocks (pool0 0x73801000 len 0x10000)
src frame 205: srcf=27 off=824 br=16000
frame 205: send=0x0 get=0x0 len=648 coding=1 startqp=0 meanqp=0 picbytes=0 pskip=0 nalus=1 n1:648
  cu: inter64=0 inter32=0 inter16=0 inter8=0 intra32=0 intra16=0 intra8=0 intra4=0 reftype=0
  snapshot f205: 3 venc_ko blocks (pool0 0x73801000 len 0x10000)
src frame 206: srcf=26 off=828 br=16000
frame 206: send=0x0 get=0x0 len=529 coding=1 startqp=0 meanqp=0 picbytes=0 pskip=0 nalus=1 n1:529
  cu: inter64=0 inter32=0 inter16=0 inter8=0 intra32=0 intra16=0 intra8=0 intra4=0 reftype=0
  snapshot f206: 3 venc_ko blocks (pool0 0x73801000 len 0x10000)
src frame 207: srcf=25 off=832 br=16000
frame 207: send=0x0 get=0x0 len=461 coding=1 startqp=0 meanqp=0 picbytes=0 pskip=0 nalus=1 n1:461
  cu: inter64=0 inter32=0 inter16=0 inter8=0 intra32=0 intra16=0 intra8=0 intra4=0 reftype=0
  snapshot f207: 3 venc_ko blocks (pool0 0x73801000 len 0x10000)
src frame 208: srcf=24 off=836 br=16000
frame 208: send=0x0 get=0x0 len=458 coding=1 startqp=0 meanqp=0 picbytes=0 pskip=0 nalus=1 n1:458
  cu: inter64=0 inter32=0 inter16=0 inter8=0 intra32=0 intra16=0 intra8=0 intra4=0 reftype=0
  snapshot f208: 3 venc_ko blocks (pool0 0x73801000 len 0x10000)
src frame 209: srcf=23 off=840 br=16000
frame 209: send=0x0 get=0x0 len=454 coding=1 startqp=0 meanqp=0 picbytes=0 pskip=0 nalus=1 n1:454
  cu: inter64=0 inter32=0 inter16=0 inter8=0 intra32=0 intra16=0 intra8=0 intra4=0 reftype=0
  snapshot f209: 3 venc_ko blocks (pool0 0x73801000 len 0x10000)
src frame 210: srcf=22 off=844 br=16000
frame 210: send=0x0 get=0x0 len=30948 coding=0 startqp=0 meanqp=0 picbytes=0 pskip=0 nalus=4 n32:27 n33:53 n34:12 n19:30856
  cu: inter64=0 inter32=0 inter16=0 inter8=0 intra32=0 intra16=0 intra8=0 intra4=0 reftype=0
  snapshot f210: 3 venc_ko blocks (pool0 0x73801000 len 0x10000)
src frame 211: srcf=21 off=848 br=16000
frame 211: send=0x0 get=0x0 len=6748 coding=1 startqp=0 meanqp=0 picbytes=0 pskip=0 nalus=1 n1:6748
  cu: inter64=0 inter32=0 inter16=0 inter8=0 intra32=0 intra16=0 intra8=0 intra4=0 reftype=0
  snapshot f211: 3 venc_ko blocks (pool0 0x73801000 len 0x10000)
src frame 212: srcf=20 off=852 br=16000
frame 212: send=0x0 get=0x0 len=3766 coding=1 startqp=0 meanqp=0 picbytes=0 pskip=0 nalus=1 n1:3766
  cu: inter64=0 inter32=0 inter16=0 inter8=0 intra32=0 intra16=0 intra8=0 intra4=0 reftype=0
  snapshot f212: 3 venc_ko blocks (pool0 0x73801000 len 0x10000)
src frame 213: srcf=19 off=856 br=16000
frame 213: send=0x0 get=0x0 len=3545 coding=1 startqp=0 meanqp=0 picbytes=0 pskip=0 nalus=1 n1:3545
  cu: inter64=0 inter32=0 inter16=0 inter8=0 intra32=0 intra16=0 intra8=0 intra4=0 reftype=0
  snapshot f213: 3 venc_ko blocks (pool0 0x73801000 len 0x10000)
src frame 214: srcf=18 off=860 br=16000
frame 214: send=0x0 get=0x0 len=3874 coding=1 startqp=0 meanqp=0 picbytes=0 pskip=0 nalus=1 n1:3874
  cu: inter64=0 inter32=0 inter16=0 inter8=0 intra32=0 intra16=0 intra8=0 intra4=0 reftype=0
  snapshot f214: 3 venc_ko blocks (pool0 0x73801000 len 0x10000)
src frame 215: srcf=17 off=864 br=16000
frame 215: send=0x0 get=0x0 len=3874 coding=1 startqp=0 meanqp=0 picbytes=0 pskip=0 nalus=1 n1:3874
  cu: inter64=0 inter32=0 inter16=0 inter8=0 intra32=0 intra16=0 intra8=0 intra4=0 reftype=0
  snapshot f215: 3 venc_ko blocks (pool0 0x73801000 len 0x10000)
src frame 216: srcf=16 off=868 br=16000
frame 216: send=0x0 get=0x0 len=3674 coding=1 startqp=0 meanqp=0 picbytes=0 pskip=0 nalus=1 n1:3674
  cu: inter64=0 inter32=0 inter16=0 inter8=0 intra32=0 intra16=0 intra8=0 intra4=0 reftype=0
  snapshot f216: 3 venc_ko blocks (pool0 0x73801000 len 0x10000)
src frame 217: srcf=15 off=872 br=16000
frame 217: send=0x0 get=0x0 len=4009 coding=1 startqp=0 meanqp=0 picbytes=0 pskip=0 nalus=1 n1:4009
  cu: inter64=0 inter32=0 inter16=0 inter8=0 intra32=0 intra16=0 intra8=0 intra4=0 reftype=0
  snapshot f217: 3 venc_ko blocks (pool0 0x73801000 len 0x10000)
src frame 218: srcf=14 off=876 br=16000
frame 218: send=0x0 get=0x0 len=4439 coding=1 startqp=0 meanqp=0 picbytes=0 pskip=0 nalus=1 n1:4439
  cu: inter64=0 inter32=0 inter16=0 inter8=0 intra32=0 intra16=0 intra8=0 intra4=0 reftype=0
  snapshot f218: 3 venc_ko blocks (pool0 0x73801000 len 0x10000)
src frame 219: srcf=13 off=880 br=16000
frame 219: send=0x0 get=0x0 len=4570 coding=1 startqp=0 meanqp=0 picbytes=0 pskip=0 nalus=1 n1:4570
  cu: inter64=0 inter32=0 inter16=0 inter8=0 intra32=0 intra16=0 intra8=0 intra4=0 reftype=0
  snapshot f219: 3 venc_ko blocks (pool0 0x73801000 len 0x10000)
src frame 220: srcf=12 off=884 br=16000
frame 220: send=0x0 get=0x0 len=4649 coding=1 startqp=0 meanqp=0 picbytes=0 pskip=0 nalus=1 n1:4649
  cu: inter64=0 inter32=0 inter16=0 inter8=0 intra32=0 intra16=0 intra8=0 intra4=0 reftype=0
  snapshot f220: 3 venc_ko blocks (pool0 0x73801000 len 0x10000)
src frame 221: srcf=11 off=888 br=16000
frame 221: send=0x0 get=0x0 len=5271 coding=1 startqp=0 meanqp=0 picbytes=0 pskip=0 nalus=1 n1:5271
  cu: inter64=0 inter32=0 inter16=0 inter8=0 intra32=0 intra16=0 intra8=0 intra4=0 reftype=0
  snapshot f221: 3 venc_ko blocks (pool0 0x73801000 len 0x10000)
src frame 222: srcf=10 off=892 br=16000
frame 222: send=0x0 get=0x0 len=5850 coding=1 startqp=0 meanqp=0 picbytes=0 pskip=0 nalus=1 n1:5850
  cu: inter64=0 inter32=0 inter16=0 inter8=0 intra32=0 intra16=0 intra8=0 intra4=0 reftype=0
  snapshot f222: 3 venc_ko blocks (pool0 0x73801000 len 0x10000)
src frame 223: srcf=9 off=896 br=16000
frame 223: send=0x0 get=0x0 len=5751 coding=1 startqp=0 meanqp=0 picbytes=0 pskip=0 nalus=1 n1:5751
  cu: inter64=0 inter32=0 inter16=0 inter8=0 intra32=0 intra16=0 intra8=0 intra4=0 reftype=0
  snapshot f223: 3 venc_ko blocks (pool0 0x73801000 len 0x10000)
src frame 224: srcf=8 off=900 br=16000
frame 224: send=0x0 get=0x0 len=6830 coding=1 startqp=0 meanqp=0 picbytes=0 pskip=0 nalus=1 n1:6830
  cu: inter64=0 inter32=0 inter16=0 inter8=0 intra32=0 intra16=0 intra8=0 intra4=0 reftype=0
  snapshot f224: 3 venc_ko blocks (pool0 0x73801000 len 0x10000)
src frame 225: srcf=7 off=904 br=16000
frame 225: send=0x0 get=0x0 len=6418 coding=1 startqp=0 meanqp=0 picbytes=0 pskip=0 nalus=1 n1:6418
  cu: inter64=0 inter32=0 inter16=0 inter8=0 intra32=0 intra16=0 intra8=0 intra4=0 reftype=0
  snapshot f225: 3 venc_ko blocks (pool0 0x73801000 len 0x10000)
src frame 226: srcf=6 off=908 br=16000
frame 226: send=0x0 get=0x0 len=2874 coding=1 startqp=0 meanqp=0 picbytes=0 pskip=0 nalus=1 n1:2874
  cu: inter64=0 inter32=0 inter16=0 inter8=0 intra32=0 intra16=0 intra8=0 intra4=0 reftype=0
  snapshot f226: 3 venc_ko blocks (pool0 0x73801000 len 0x10000)
src frame 227: srcf=5 off=912 br=16000
frame 227: send=0x0 get=0x0 len=2390 coding=1 startqp=0 meanqp=0 picbytes=0 pskip=0 nalus=1 n1:2390
  cu: inter64=0 inter32=0 inter16=0 inter8=0 intra32=0 intra16=0 intra8=0 intra4=0 reftype=0
  snapshot f227: 3 venc_ko blocks (pool0 0x73801000 len 0x10000)
src frame 228: srcf=4 off=916 br=16000
frame 228: send=0x0 get=0x0 len=2382 coding=1 startqp=0 meanqp=0 picbytes=0 pskip=0 nalus=1 n1:2382
  cu: inter64=0 inter32=0 inter16=0 inter8=0 intra32=0 intra16=0 intra8=0 intra4=0 reftype=0
  snapshot f228: 3 venc_ko blocks (pool0 0x73801000 len 0x10000)
src frame 229: srcf=3 off=920 br=16000
frame 229: send=0x0 get=0x0 len=2021 coding=1 startqp=0 meanqp=0 picbytes=0 pskip=0 nalus=1 n1:2021
  cu: inter64=0 inter32=0 inter16=0 inter8=0 intra32=0 intra16=0 intra8=0 intra4=0 reftype=0
  snapshot f229: 3 venc_ko blocks (pool0 0x73801000 len 0x10000)
src frame 230: srcf=2 off=924 br=16000
frame 230: send=0x0 get=0x0 len=1912 coding=1 startqp=0 meanqp=0 picbytes=0 pskip=0 nalus=1 n1:1912
  cu: inter64=0 inter32=0 inter16=0 inter8=0 intra32=0 intra16=0 intra8=0 intra4=0 reftype=0
  snapshot f230: 3 venc_ko blocks (pool0 0x73801000 len 0x10000)
src frame 231: srcf=1 off=928 br=16000
frame 231: send=0x0 get=0x0 len=2211 coding=1 startqp=0 meanqp=0 picbytes=0 pskip=0 nalus=1 n1:2211
  cu: inter64=0 inter32=0 inter16=0 inter8=0 intra32=0 intra16=0 intra8=0 intra4=0 reftype=0
  snapshot f231: 3 venc_ko blocks (pool0 0x73801000 len 0x10000)
src frame 232: srcf=0 off=932 br=16000
frame 232: send=0x0 get=0x0 len=1735 coding=1 startqp=0 meanqp=0 picbytes=0 pskip=0 nalus=1 n1:1735
  cu: inter64=0 inter32=0 inter16=0 inter8=0 intra32=0 intra16=0 intra8=0 intra4=0 reftype=0
  snapshot f232: 3 venc_ko blocks (pool0 0x73801000 len 0x10000)
src frame 233: srcf=1 off=936 br=16000
frame 233: send=0x0 get=0x0 len=1906 coding=1 startqp=0 meanqp=0 picbytes=0 pskip=0 nalus=1 n1:1906
  cu: inter64=0 inter32=0 inter16=0 inter8=0 intra32=0 intra16=0 intra8=0 intra4=0 reftype=0
  snapshot f233: 3 venc_ko blocks (pool0 0x73801000 len 0x10000)
src frame 234: srcf=2 off=940 br=16000
frame 234: send=0x0 get=0x0 len=1339 coding=1 startqp=0 meanqp=0 picbytes=0 pskip=0 nalus=1 n1:1339
  cu: inter64=0 inter32=0 inter16=0 inter8=0 intra32=0 intra16=0 intra8=0 intra4=0 reftype=0
  snapshot f234: 3 venc_ko blocks (pool0 0x73801000 len 0x10000)
src frame 235: srcf=3 off=944 br=16000
frame 235: send=0x0 get=0x0 len=1287 coding=1 startqp=0 meanqp=0 picbytes=0 pskip=0 nalus=1 n1:1287
  cu: inter64=0 inter32=0 inter16=0 inter8=0 intra32=0 intra16=0 intra8=0 intra4=0 reftype=0
  snapshot f235: 3 venc_ko blocks (pool0 0x73801000 len 0x10000)
src frame 236: srcf=4 off=948 br=16000
frame 236: send=0x0 get=0x0 len=1178 coding=1 startqp=0 meanqp=0 picbytes=0 pskip=0 nalus=1 n1:1178
  cu: inter64=0 inter32=0 inter16=0 inter8=0 intra32=0 intra16=0 intra8=0 intra4=0 reftype=0
  snapshot f236: 3 venc_ko blocks (pool0 0x73801000 len 0x10000)
src frame 237: srcf=5 off=952 br=16000
frame 237: send=0x0 get=0x0 len=1168 coding=1 startqp=0 meanqp=0 picbytes=0 pskip=0 nalus=1 n1:1168
  cu: inter64=0 inter32=0 inter16=0 inter8=0 intra32=0 intra16=0 intra8=0 intra4=0 reftype=0
  snapshot f237: 3 venc_ko blocks (pool0 0x73801000 len 0x10000)
src frame 238: srcf=6 off=956 br=16000
frame 238: send=0x0 get=0x0 len=1274 coding=1 startqp=0 meanqp=0 picbytes=0 pskip=0 nalus=1 n1:1274
  cu: inter64=0 inter32=0 inter16=0 inter8=0 intra32=0 intra16=0 intra8=0 intra4=0 reftype=0
  snapshot f238: 3 venc_ko blocks (pool0 0x73801000 len 0x10000)
src frame 239: srcf=7 off=960 br=16000
frame 239: send=0x0 get=0x0 len=1167 coding=1 startqp=0 meanqp=0 picbytes=0 pskip=0 nalus=1 n1:1167
  cu: inter64=0 inter32=0 inter16=0 inter8=0 intra32=0 intra16=0 intra8=0 intra4=0 reftype=0
  snapshot f239: 3 venc_ko blocks (pool0 0x73801000 len 0x10000)
src frame 240: srcf=8 off=964 br=16000
frame 240: send=0x0 get=0x0 len=34552 coding=0 startqp=0 meanqp=0 picbytes=0 pskip=0 nalus=4 n32:27 n33:53 n34:12 n19:34460
  cu: inter64=0 inter32=0 inter16=0 inter8=0 intra32=0 intra16=0 intra8=0 intra4=0 reftype=0
  snapshot f240: 3 venc_ko blocks (pool0 0x73801000 len 0x10000)
src frame 241: srcf=9 off=968 br=16000
frame 241: send=0x0 get=0x0 len=5621 coding=1 startqp=0 meanqp=0 picbytes=0 pskip=0 nalus=1 n1:5621
  cu: inter64=0 inter32=0 inter16=0 inter8=0 intra32=0 intra16=0 intra8=0 intra4=0 reftype=0
  snapshot f241: 3 venc_ko blocks (pool0 0x73801000 len 0x10000)
src frame 242: srcf=10 off=972 br=16000
frame 242: send=0x0 get=0x0 len=3804 coding=1 startqp=0 meanqp=0 picbytes=0 pskip=0 nalus=1 n1:3804
  cu: inter64=0 inter32=0 inter16=0 inter8=0 intra32=0 intra16=0 intra8=0 intra4=0 reftype=0
  snapshot f242: 3 venc_ko blocks (pool0 0x73801000 len 0x10000)
src frame 243: srcf=11 off=976 br=16000
frame 243: send=0x0 get=0x0 len=3971 coding=1 startqp=0 meanqp=0 picbytes=0 pskip=0 nalus=1 n1:3971
  cu: inter64=0 inter32=0 inter16=0 inter8=0 intra32=0 intra16=0 intra8=0 intra4=0 reftype=0
  snapshot f243: 3 venc_ko blocks (pool0 0x73801000 len 0x10000)
src frame 244: srcf=12 off=980 br=16000
frame 244: send=0x0 get=0x0 len=3691 coding=1 startqp=0 meanqp=0 picbytes=0 pskip=0 nalus=1 n1:3691
  cu: inter64=0 inter32=0 inter16=0 inter8=0 intra32=0 intra16=0 intra8=0 intra4=0 reftype=0
  snapshot f244: 3 venc_ko blocks (pool0 0x73801000 len 0x10000)
src frame 245: srcf=13 off=984 br=16000
frame 245: send=0x0 get=0x0 len=3955 coding=1 startqp=0 meanqp=0 picbytes=0 pskip=0 nalus=1 n1:3955
  cu: inter64=0 inter32=0 inter16=0 inter8=0 intra32=0 intra16=0 intra8=0 intra4=0 reftype=0
  snapshot f245: 3 venc_ko blocks (pool0 0x73801000 len 0x10000)
src frame 246: srcf=14 off=988 br=16000
frame 246: send=0x0 get=0x0 len=3769 coding=1 startqp=0 meanqp=0 picbytes=0 pskip=0 nalus=1 n1:3769
  cu: inter64=0 inter32=0 inter16=0 inter8=0 intra32=0 intra16=0 intra8=0 intra4=0 reftype=0
  snapshot f246: 3 venc_ko blocks (pool0 0x73801000 len 0x10000)
src frame 247: srcf=15 off=992 br=16000
frame 247: send=0x0 get=0x0 len=4033 coding=1 startqp=0 meanqp=0 picbytes=0 pskip=0 nalus=1 n1:4033
  cu: inter64=0 inter32=0 inter16=0 inter8=0 intra32=0 intra16=0 intra8=0 intra4=0 reftype=0
  snapshot f247: 3 venc_ko blocks (pool0 0x73801000 len 0x10000)
src frame 248: srcf=16 off=996 br=16000
frame 248: send=0x0 get=0x0 len=3987 coding=1 startqp=0 meanqp=0 picbytes=0 pskip=0 nalus=1 n1:3987
  cu: inter64=0 inter32=0 inter16=0 inter8=0 intra32=0 intra16=0 intra8=0 intra4=0 reftype=0
  snapshot f248: 3 venc_ko blocks (pool0 0x73801000 len 0x10000)
src frame 249: srcf=17 off=1000 br=16000
frame 249: send=0x0 get=0x0 len=4595 coding=1 startqp=0 meanqp=0 picbytes=0 pskip=0 nalus=1 n1:4595
  cu: inter64=0 inter32=0 inter16=0 inter8=0 intra32=0 intra16=0 intra8=0 intra4=0 reftype=0
  snapshot f249: 3 venc_ko blocks (pool0 0x73801000 len 0x10000)
src frame 250: srcf=18 off=1004 br=16000
frame 250: send=0x0 get=0x0 len=5064 coding=1 startqp=0 meanqp=0 picbytes=0 pskip=0 nalus=1 n1:5064
  cu: inter64=0 inter32=0 inter16=0 inter8=0 intra32=0 intra16=0 intra8=0 intra4=0 reftype=0
  snapshot f250: 3 venc_ko blocks (pool0 0x73801000 len 0x10000)
src frame 251: srcf=19 off=1008 br=16000
frame 251: send=0x0 get=0x0 len=5278 coding=1 startqp=0 meanqp=0 picbytes=0 pskip=0 nalus=1 n1:5278
  cu: inter64=0 inter32=0 inter16=0 inter8=0 intra32=0 intra16=0 intra8=0 intra4=0 reftype=0
  snapshot f251: 3 venc_ko blocks (pool0 0x73801000 len 0x10000)
src frame 252: srcf=20 off=1012 br=16000
frame 252: send=0x0 get=0x0 len=5885 coding=1 startqp=0 meanqp=0 picbytes=0 pskip=0 nalus=1 n1:5885
  cu: inter64=0 inter32=0 inter16=0 inter8=0 intra32=0 intra16=0 intra8=0 intra4=0 reftype=0
  snapshot f252: 3 venc_ko blocks (pool0 0x73801000 len 0x10000)
src frame 253: srcf=21 off=1016 br=16000
frame 253: send=0x0 get=0x0 len=6363 coding=1 startqp=0 meanqp=0 picbytes=0 pskip=0 nalus=1 n1:6363
  cu: inter64=0 inter32=0 inter16=0 inter8=0 intra32=0 intra16=0 intra8=0 intra4=0 reftype=0
  snapshot f253: 3 venc_ko blocks (pool0 0x73801000 len 0x10000)
src frame 254: srcf=22 off=1020 br=16000
frame 254: send=0x0 get=0x0 len=3908 coding=1 startqp=0 meanqp=0 picbytes=0 pskip=0 nalus=1 n1:3908
  cu: inter64=0 inter32=0 inter16=0 inter8=0 intra32=0 intra16=0 intra8=0 intra4=0 reftype=0
  snapshot f254: 3 venc_ko blocks (pool0 0x73801000 len 0x10000)
src frame 255: srcf=23 off=1024 br=16000
frame 255: send=0x0 get=0x0 len=2942 coding=1 startqp=0 meanqp=0 picbytes=0 pskip=0 nalus=1 n1:2942
  cu: inter64=0 inter32=0 inter16=0 inter8=0 intra32=0 intra16=0 intra8=0 intra4=0 reftype=0
  snapshot f255: 3 venc_ko blocks (pool0 0x73801000 len 0x10000)
src frame 256: srcf=24 off=1028 br=16000
frame 256: send=0x0 get=0x0 len=2153 coding=1 startqp=0 meanqp=0 picbytes=0 pskip=0 nalus=1 n1:2153
  cu: inter64=0 inter32=0 inter16=0 inter8=0 intra32=0 intra16=0 intra8=0 intra4=0 reftype=0
  snapshot f256: 3 venc_ko blocks (pool0 0x73801000 len 0x10000)
src frame 257: srcf=25 off=1032 br=16000
frame 257: send=0x0 get=0x0 len=1568 coding=1 startqp=0 meanqp=0 picbytes=0 pskip=0 nalus=1 n1:1568
  cu: inter64=0 inter32=0 inter16=0 inter8=0 intra32=0 intra16=0 intra8=0 intra4=0 reftype=0
  snapshot f257: 3 venc_ko blocks (pool0 0x73801000 len 0x10000)
src frame 258: srcf=26 off=1036 br=16000
frame 258: send=0x0 get=0x0 len=1804 coding=1 startqp=0 meanqp=0 picbytes=0 pskip=0 nalus=1 n1:1804
  cu: inter64=0 inter32=0 inter16=0 inter8=0 intra32=0 intra16=0 intra8=0 intra4=0 reftype=0
  snapshot f258: 3 venc_ko blocks (pool0 0x73801000 len 0x10000)
src frame 259: srcf=27 off=1040 br=16000
frame 259: send=0x0 get=0x0 len=1705 coding=1 startqp=0 meanqp=0 picbytes=0 pskip=0 nalus=1 n1:1705
  cu: inter64=0 inter32=0 inter16=0 inter8=0 intra32=0 intra16=0 intra8=0 intra4=0 reftype=0
  snapshot f259: 3 venc_ko blocks (pool0 0x73801000 len 0x10000)
src frame 260: srcf=28 off=1044 br=16000
frame 260: send=0x0 get=0x0 len=1921 coding=1 startqp=0 meanqp=0 picbytes=0 pskip=0 nalus=1 n1:1921
  cu: inter64=0 inter32=0 inter16=0 inter8=0 intra32=0 intra16=0 intra8=0 intra4=0 reftype=0
  snapshot f260: 3 venc_ko blocks (pool0 0x73801000 len 0x10000)
src frame 261: srcf=29 off=1048 br=16000
frame 261: send=0x0 get=0x0 len=1713 coding=1 startqp=0 meanqp=0 picbytes=0 pskip=0 nalus=1 n1:1713
  cu: inter64=0 inter32=0 inter16=0 inter8=0 intra32=0 intra16=0 intra8=0 intra4=0 reftype=0
  snapshot f261: 3 venc_ko blocks (pool0 0x73801000 len 0x10000)
src frame 262: srcf=28 off=1052 br=16000
frame 262: send=0x0 get=0x0 len=1651 coding=1 startqp=0 meanqp=0 picbytes=0 pskip=0 nalus=1 n1:1651
  cu: inter64=0 inter32=0 inter16=0 inter8=0 intra32=0 intra16=0 intra8=0 intra4=0 reftype=0
  snapshot f262: 3 venc_ko blocks (pool0 0x73801000 len 0x10000)
src frame 263: srcf=27 off=1056 br=16000
frame 263: send=0x0 get=0x0 len=1566 coding=1 startqp=0 meanqp=0 picbytes=0 pskip=0 nalus=1 n1:1566
  cu: inter64=0 inter32=0 inter16=0 inter8=0 intra32=0 intra16=0 intra8=0 intra4=0 reftype=0
  snapshot f263: 3 venc_ko blocks (pool0 0x73801000 len 0x10000)
src frame 264: srcf=26 off=1060 br=16000
frame 264: send=0x0 get=0x0 len=1350 coding=1 startqp=0 meanqp=0 picbytes=0 pskip=0 nalus=1 n1:1350
  cu: inter64=0 inter32=0 inter16=0 inter8=0 intra32=0 intra16=0 intra8=0 intra4=0 reftype=0
  snapshot f264: 3 venc_ko blocks (pool0 0x73801000 len 0x10000)
src frame 265: srcf=25 off=1064 br=16000
frame 265: send=0x0 get=0x0 len=1356 coding=1 startqp=0 meanqp=0 picbytes=0 pskip=0 nalus=1 n1:1356
  cu: inter64=0 inter32=0 inter16=0 inter8=0 intra32=0 intra16=0 intra8=0 intra4=0 reftype=0
  snapshot f265: 3 venc_ko blocks (pool0 0x73801000 len 0x10000)
src frame 266: srcf=24 off=1068 br=16000
frame 266: send=0x0 get=0x0 len=922 coding=1 startqp=0 meanqp=0 picbytes=0 pskip=0 nalus=1 n1:922
  cu: inter64=0 inter32=0 inter16=0 inter8=0 intra32=0 intra16=0 intra8=0 intra4=0 reftype=0
  snapshot f266: 3 venc_ko blocks (pool0 0x73801000 len 0x10000)
src frame 267: srcf=23 off=1072 br=16000
frame 267: send=0x0 get=0x0 len=871 coding=1 startqp=0 meanqp=0 picbytes=0 pskip=0 nalus=1 n1:871
  cu: inter64=0 inter32=0 inter16=0 inter8=0 intra32=0 intra16=0 intra8=0 intra4=0 reftype=0
  snapshot f267: 3 venc_ko blocks (pool0 0x73801000 len 0x10000)
src frame 268: srcf=22 off=1076 br=16000
frame 268: send=0x0 get=0x0 len=832 coding=1 startqp=0 meanqp=0 picbytes=0 pskip=0 nalus=1 n1:832
  cu: inter64=0 inter32=0 inter16=0 inter8=0 intra32=0 intra16=0 intra8=0 intra4=0 reftype=0
  snapshot f268: 3 venc_ko blocks (pool0 0x73801000 len 0x10000)
src frame 269: srcf=21 off=1080 br=16000
frame 269: send=0x0 get=0x0 len=1230 coding=1 startqp=0 meanqp=0 picbytes=0 pskip=0 nalus=1 n1:1230
  cu: inter64=0 inter32=0 inter16=0 inter8=0 intra32=0 intra16=0 intra8=0 intra4=0 reftype=0
  snapshot f269: 3 venc_ko blocks (pool0 0x73801000 len 0x10000)
---- /proc/ax_proc/venc ----
-------- VENC VERSION ------------------------
[Axera version]: ax_venc V3.0.0_20250319114413 Mar 19 2025 11:58:34 JK

-------- MODULE PARAM ------------------------
MaxChnNum   MaxRoiNum   MaxProcNum  
16          8           16          

-------- VENC CHN ATTR 1 ------------------------
ID    Type    wSrc    hSrc    Strd0   Strd1   maxW    maxH    PixFmt  link  InFifoDep    OutFifoDep   InDbgFifoLen InDbgFifoDep StrmBufSize(KB)
7     h265    1920    1080    3840    0       1920    1080    YUYV422 N     2            2            0            4            4114      
-------- VENC CHN ATTR 2 ------------------------
ID    [CropEn StartX  StartY  CropW   CropH]  Rotation  EncW    EncH    FrmSize      PTS          SeqNum       CompMode     CompLevel    PhyAddr0     PhyAddr1     PhyAddr2     
7     N       0       0       0       0       0         1920    1080    4147200      4100000      247          NONE         0            742cb000     0            0            
-------- VENC RC ATTR 1 ------------------------
ID    RcMode    SrcFr   DstFr   Br(kbps)  MinQp   MaxQp   MinIQp  MaxIQp  IQpDelta  IpropMax   IpropMin   StartQp    QpDltRng   DeBrQpDlt  SvcEn   ChgPos  StillPercent MaxStillQp 
7     CBR       60.00   60.00   16000     10      51      10      51      0         40         10         -1         2          0          False   -       -            -          
-------- VENC RC ATTR 2  -----------------------
ID    QMapQpType  QMapUnit    QMapBlkType IQp   PQp   MinQpDelta MaxQpDelta MaxBitRate shtStaTime ltStaTime  ltMinBr  ltMaxBr  Br_ST(kbps)    Br_LT(kbps)    
7     N/A         64x64       N/A         -     -     -          -          -          -          -          -        -        -              -              
-------- VENC GOP ATTR  ------------------------
ID    GopMode   Gop   GopVI 
7     NormalP   30    0     
-------- VENC STATUS 1 -------------------------
ID    RJEn         RJThr(bps)   RJMode       RJEncGaps    SupFrmEn     SupPri       SupThrI      SupThrP      SplitEn      SliceNum     Range(In)    Range(out)   
7     N            0            Normal       0            N            0            500000       500000       N            0            Full         Full         
-------- VENC STATUS 2 -------------------------
ID    ChnStat   FrmRecv   FrmRls    FrmEnc    FrmDrop   FrmDup    EncFail   MissMatch StrmGet   StrmRls   OutFps    RealBr    ReEncCnt  DropCnt   BlkFail   GrpID     PID     TID     ThNum   RefInc    RefDec    Fail1   Fail2   Fail3   Fail4   
7     STARTED   247       247       247       0         0         0         0         247       246       50.00     1577.02   0         0         0         -1        130293  130297  1       247       247       0       0       0       0       
-------- VENC HW STATUS  ------------------------
ID    OverFlow     TimeOut      
7     0            0            
-------- VENC ROI INFO  ------------------------
ID    Index        bEnable      bAbsQp       RoiQP        Width        Height       StartX       StartY       
done h265_chgmid
rc=0
== h265_chgmid: codec=h265 rc=cbr br=8000 fps=60 gop=30 frames=270 total=820864 B achieved=1459 kbps
I frames (frame:qp/bytes): 0:32/29084 30:30/32530 60:28/36442 90:35/23900 120:36/22210 150:36/22064 180:36/22477 210:31/30948 240:29/34552
first P after each I (frame:qp): 1:35 31:33 61:31 91:38 121:37 151:37 181:36 211:34 241:32
per-GOP: gop#: kbps I_qp P_qp[min..max] P_qp_last
  0: 1994 kbps I=[32] P=[21..35] last=21 n=30
  1: 2082 kbps I=[30] P=[19..33] last=19 n=30
  2: 1705 kbps I=[28] P=[17..31] last=28 n=30
  3: 446 kbps I=[35] P=[38..51] last=51 n=30
  4: 431 kbps I=[36] P=[37..46] last=46 n=30
  5: 888 kbps I=[36] P=[34..46] last=34 n=30
  6: 1571 kbps I=[36] P=[25..36] last=25 n=30
  7: 2065 kbps I=[31] P=[20..34] last=20 n=30
  8: 1953 kbps I=[29] P=[18..32] last=18 n=30
P->P QP step histogram: -2:2 -1:89 +0:124 +1:32 +2:5
I->firstP QP delta: +3 +3 +3 +3 +1 +1 +0 +3 +3
sw7 frame-QP == slice QP: 270/270 frames with a program agree; mismatches at []
slot flags: {'': 270}
sw105-107 distinct (I): [('0x0', '0x0', '0x0'), ('0x1adb00', '0x1adb00', '0x1adb00'), ('0x2361f8', '0x2361f8', '0x2361f8'), ('0x271000', '0x271000', '0x271000'), ('0x30d400', '0x30d400', '0x30d400'), ('0x4dd789', '0x4dd789', '0x4dd789')]
sw172/173 distinct: [('0x14f', '0x662'), ('0x14f', '0x66a')]
sw6 distinct (I / P): ['0x20000b'] ['0x200003']
mid-stream changes: [{'frame': 75, 'before': 8000, 'to': 2000, 'g': '0', 's': '0', 'rb': 2000}, {'frame': 165, 'before': 2000, 'to': 16000, 'g': '0', 's': '0', 'rb': 16000}]
  segment 0..74: 2275 kbps, qp first=32 last=18 min=18 max=35
  segment 75..164: 458 kbps, qp first=17 last=46 min=17 max=51
  segment 165..269: 1734 kbps, qp first=46 last=18 min=18 max=46
  around change at 75: 71:P5875/q21 72:P6793/q20 73:P3769/q19 74:P2738/q18 75:P579/q17 76:P431/q18 77:P438/q19 78:P379/q20 79:P519/q21 80:P570/q22 81:P827/q23 82:P634/q24 83:P296/q25 84:P177/q26 85:P132/q27 86:P146/q27 87:P137/q27 88:P192/q27 89:P307/q28 90:I23900/q35
  around change at 165: 161:P104/q46 162:P95/q46 163:P93/q46 164:P92/q46 165:P1061/q46 166:P780/q45 167:P926/q44 168:P896/q43 169:P1411/q42 170:P1426/q41 171:P2293/q40 172:P2655/q39 173:P3046/q38 174:P1416/q38 175:P2734/q37 176:P3504/q36 177:P1339/q36 178:P2757/q35 179:P3846/q34 180:I22477/q36
