# vdrive tag=bg codec=h265 1920x1080 rc=cbr br=8000 fps=60/60 gop=30 gopmode=normalp ltrint=0 ltrqpo=0 iqp=32 pqp=32 profile=0 level=153 tier=0 qp[10..51] iqp[10..51] iqd=0 firstqp=-1 iprop[10..40] idrrange=2 stattime=1 vq=0 ir=0/0 slice=0 debreath=0 scd=-1 rowqpd=-1 vui=-1 move=1 nframes=900
AX_SYS_Init rc=0x0
AX_VENC_Init rc=0x0
AX_VENC_CreateChn(7) rc=0x0
StartRecvFrame rc=0x0
AX_POOL_CreatePool id=0x0
blk=0x5e000000 phys=0x742f6000 virt=0xffffac55c000
frame: modid=0x11 stride=1920 fmt=0xd
  snapshot pre: 3 venc_ko blocks (pool0 0x73801000 len 0x10000)
frame 0: send=0x0 get=0x0 len=17538 coding=0 startqp=0 meanqp=0 picbytes=0 pskip=0 nalus=4 n32:27 n33:53 n34:12 n19:17446
  cu: inter64=0 inter32=0 inter16=0 inter8=0 intra32=0 intra16=0 intra8=0 intra4=0 reftype=0
  snapshot IDR: 3 venc_ko blocks (pool0 0x73801000 len 0x10000)
frame 1: send=0x0 get=0x0 len=13522 coding=1 startqp=0 meanqp=0 picbytes=0 pskip=0 nalus=1 n1:13522
  cu: inter64=0 inter32=0 inter16=0 inter8=0 intra32=0 intra16=0 intra8=0 intra4=0 reftype=0
  snapshot P: 3 venc_ko blocks (pool0 0x73801000 len 0x10000)
frame 2: send=0x0 get=0x0 len=7431 coding=1 startqp=0 meanqp=0 picbytes=0 pskip=0 nalus=1 n1:7431
  cu: inter64=0 inter32=0 inter16=0 inter8=0 intra32=0 intra16=0 intra8=0 intra4=0 reftype=0
frame 3: send=0x0 get=0x0 len=10638 coding=1 startqp=0 meanqp=0 picbytes=0 pskip=0 nalus=1 n1:10638
  cu: inter64=0 inter32=0 inter16=0 inter8=0 intra32=0 intra16=0 intra8=0 intra4=0 reftype=0
frame 4: send=0x0 get=0x0 len=6956 coding=1 startqp=0 meanqp=0 picbytes=0 pskip=0 nalus=1 n1:6956
  cu: inter64=0 inter32=0 inter16=0 inter8=0 intra32=0 intra16=0 intra8=0 intra4=0 reftype=0
frame 5: send=0x0 get=0x0 len=9530 coding=1 startqp=0 meanqp=0 picbytes=0 pskip=0 nalus=1 n1:9530
  cu: inter64=0 inter32=0 inter16=0 inter8=0 intra32=0 intra16=0 intra8=0 intra4=0 reftype=0
frame 6: send=0x0 get=0x0 len=7947 coding=1 startqp=0 meanqp=0 picbytes=0 pskip=0 nalus=1 n1:7947
  cu: inter64=0 inter32=0 inter16=0 inter8=0 intra32=0 intra16=0 intra8=0 intra4=0 reftype=0
frame 7: send=0x0 get=0x0 len=13404 coding=1 startqp=0 meanqp=0 picbytes=0 pskip=0 nalus=1 n1:13404
  cu: inter64=0 inter32=0 inter16=0 inter8=0 intra32=0 intra16=0 intra8=0 intra4=0 reftype=0
frame 8: send=0x0 get=0x0 len=6148 coding=1 startqp=0 meanqp=0 picbytes=0 pskip=0 nalus=1 n1:6148
  cu: inter64=0 inter32=0 inter16=0 inter8=0 intra32=0 intra16=0 intra8=0 intra4=0 reftype=0
frame 9: send=0x0 get=0x0 len=13770 coding=1 startqp=0 meanqp=0 picbytes=0 pskip=0 nalus=1 n1:13770
  cu: inter64=0 inter32=0 inter16=0 inter8=0 intra32=0 intra16=0 intra8=0 intra4=0 reftype=0
frame 10: send=0x0 get=0x0 len=6204 coding=1 startqp=0 meanqp=0 picbytes=0 pskip=0 nalus=1 n1:6204
  cu: inter64=0 inter32=0 inter16=0 inter8=0 intra32=0 intra16=0 intra8=0 intra4=0 reftype=0
frame 11: send=0x0 get=0x0 len=17540 coding=1 startqp=0 meanqp=0 picbytes=0 pskip=0 nalus=1 n1:17540
  cu: inter64=0 inter32=0 inter16=0 inter8=0 intra32=0 intra16=0 intra8=0 intra4=0 reftype=0
frame 12: send=0x0 get=0x0 len=7961 coding=1 startqp=0 meanqp=0 picbytes=0 pskip=0 nalus=1 n1:7961
  cu: inter64=0 inter32=0 inter16=0 inter8=0 intra32=0 intra16=0 intra8=0 intra4=0 reftype=0
frame 13: send=0x0 get=0x0 len=16589 coding=1 startqp=0 meanqp=0 picbytes=0 pskip=0 nalus=1 n1:16589
  cu: inter64=0 inter32=0 inter16=0 inter8=0 intra32=0 intra16=0 intra8=0 intra4=0 reftype=0
frame 14: send=0x0 get=0x0 len=6225 coding=1 startqp=0 meanqp=0 picbytes=0 pskip=0 nalus=1 n1:6225
  cu: inter64=0 inter32=0 inter16=0 inter8=0 intra32=0 intra16=0 intra8=0 intra4=0 reftype=0
frame 15: send=0x0 get=0x0 len=18517 coding=1 startqp=0 meanqp=0 picbytes=0 pskip=0 nalus=1 n1:18517
  cu: inter64=0 inter32=0 inter16=0 inter8=0 intra32=0 intra16=0 intra8=0 intra4=0 reftype=0
frame 16: send=0x0 get=0x0 len=5572 coding=1 startqp=0 meanqp=0 picbytes=0 pskip=0 nalus=1 n1:5572
  cu: inter64=0 inter32=0 inter16=0 inter8=0 intra32=0 intra16=0 intra8=0 intra4=0 reftype=0
frame 17: send=0x0 get=0x0 len=12053 coding=1 startqp=0 meanqp=0 picbytes=0 pskip=0 nalus=1 n1:12053
  cu: inter64=0 inter32=0 inter16=0 inter8=0 intra32=0 intra16=0 intra8=0 intra4=0 reftype=0
frame 18: send=0x0 get=0x0 len=8928 coding=1 startqp=0 meanqp=0 picbytes=0 pskip=0 nalus=1 n1:8928
  cu: inter64=0 inter32=0 inter16=0 inter8=0 intra32=0 intra16=0 intra8=0 intra4=0 reftype=0
frame 19: send=0x0 get=0x0 len=12751 coding=1 startqp=0 meanqp=0 picbytes=0 pskip=0 nalus=1 n1:12751
  cu: inter64=0 inter32=0 inter16=0 inter8=0 intra32=0 intra16=0 intra8=0 intra4=0 reftype=0
frame 20: send=0x0 get=0x0 len=7578 coding=1 startqp=0 meanqp=0 picbytes=0 pskip=0 nalus=1 n1:7578
  cu: inter64=0 inter32=0 inter16=0 inter8=0 intra32=0 intra16=0 intra8=0 intra4=0 reftype=0
frame 21: send=0x0 get=0x0 len=12335 coding=1 startqp=0 meanqp=0 picbytes=0 pskip=0 nalus=1 n1:12335
  cu: inter64=0 inter32=0 inter16=0 inter8=0 intra32=0 intra16=0 intra8=0 intra4=0 reftype=0
frame 22: send=0x0 get=0x0 len=9543 coding=1 startqp=0 meanqp=0 picbytes=0 pskip=0 nalus=1 n1:9543
  cu: inter64=0 inter32=0 inter16=0 inter8=0 intra32=0 intra16=0 intra8=0 intra4=0 reftype=0
frame 23: send=0x0 get=0x0 len=12626 coding=1 startqp=0 meanqp=0 picbytes=0 pskip=0 nalus=1 n1:12626
  cu: inter64=0 inter32=0 inter16=0 inter8=0 intra32=0 intra16=0 intra8=0 intra4=0 reftype=0
frame 24: send=0x0 get=0x0 len=2577 coding=1 startqp=0 meanqp=0 picbytes=0 pskip=0 nalus=1 n1:2577
  cu: inter64=0 inter32=0 inter16=0 inter8=0 intra32=0 intra16=0 intra8=0 intra4=0 reftype=0
frame 25: send=0x0 get=0x0 len=9759 coding=1 startqp=0 meanqp=0 picbytes=0 pskip=0 nalus=1 n1:9759
  cu: inter64=0 inter32=0 inter16=0 inter8=0 intra32=0 intra16=0 intra8=0 intra4=0 reftype=0
frame 26: send=0x0 get=0x0 len=9614 coding=1 startqp=0 meanqp=0 picbytes=0 pskip=0 nalus=1 n1:9614
  cu: inter64=0 inter32=0 inter16=0 inter8=0 intra32=0 intra16=0 intra8=0 intra4=0 reftype=0
frame 27: send=0x0 get=0x0 len=11885 coding=1 startqp=0 meanqp=0 picbytes=0 pskip=0 nalus=1 n1:11885
  cu: inter64=0 inter32=0 inter16=0 inter8=0 intra32=0 intra16=0 intra8=0 intra4=0 reftype=0
frame 28: send=0x0 get=0x0 len=7700 coding=1 startqp=0 meanqp=0 picbytes=0 pskip=0 nalus=1 n1:7700
  cu: inter64=0 inter32=0 inter16=0 inter8=0 intra32=0 intra16=0 intra8=0 intra4=0 reftype=0
frame 29: send=0x0 get=0x0 len=11861 coding=1 startqp=0 meanqp=0 picbytes=0 pskip=0 nalus=1 n1:11861
  cu: inter64=0 inter32=0 inter16=0 inter8=0 intra32=0 intra16=0 intra8=0 intra4=0 reftype=0
frame 30: send=0x0 get=0x0 len=19704 coding=0 startqp=0 meanqp=0 picbytes=0 pskip=0 nalus=4 n32:27 n33:53 n34:12 n19:19612
  cu: inter64=0 inter32=0 inter16=0 inter8=0 intra32=0 intra16=0 intra8=0 intra4=0 reftype=0
frame 31: send=0x0 get=0x0 len=12360 coding=1 startqp=0 meanqp=0 picbytes=0 pskip=0 nalus=1 n1:12360
  cu: inter64=0 inter32=0 inter16=0 inter8=0 intra32=0 intra16=0 intra8=0 intra4=0 reftype=0
frame 32: send=0x0 get=0x0 len=6077 coding=1 startqp=0 meanqp=0 picbytes=0 pskip=0 nalus=1 n1:6077
  cu: inter64=0 inter32=0 inter16=0 inter8=0 intra32=0 intra16=0 intra8=0 intra4=0 reftype=0
frame 33: send=0x0 get=0x0 len=8377 coding=1 startqp=0 meanqp=0 picbytes=0 pskip=0 nalus=1 n1:8377
  cu: inter64=0 inter32=0 inter16=0 inter8=0 intra32=0 intra16=0 intra8=0 intra4=0 reftype=0
frame 34: send=0x0 get=0x0 len=8142 coding=1 startqp=0 meanqp=0 picbytes=0 pskip=0 nalus=1 n1:8142
  cu: inter64=0 inter32=0 inter16=0 inter8=0 intra32=0 intra16=0 intra8=0 intra4=0 reftype=0
frame 35: send=0x0 get=0x0 len=10971 coding=1 startqp=0 meanqp=0 picbytes=0 pskip=0 nalus=1 n1:10971
  cu: inter64=0 inter32=0 inter16=0 inter8=0 intra32=0 intra16=0 intra8=0 intra4=0 reftype=0
frame 36: send=0x0 get=0x0 len=10719 coding=1 startqp=0 meanqp=0 picbytes=0 pskip=0 nalus=1 n1:10719
  cu: inter64=0 inter32=0 inter16=0 inter8=0 intra32=0 intra16=0 intra8=0 intra4=0 reftype=0
frame 37: send=0x0 get=0x0 len=13750 coding=1 startqp=0 meanqp=0 picbytes=0 pskip=0 nalus=1 n1:13750
  cu: inter64=0 inter32=0 inter16=0 inter8=0 intra32=0 intra16=0 intra8=0 intra4=0 reftype=0
frame 38: send=0x0 get=0x0 len=9830 coding=1 startqp=0 meanqp=0 picbytes=0 pskip=0 nalus=1 n1:9830
  cu: inter64=0 inter32=0 inter16=0 inter8=0 intra32=0 intra16=0 intra8=0 intra4=0 reftype=0
frame 39: send=0x0 get=0x0 len=16987 coding=1 startqp=0 meanqp=0 picbytes=0 pskip=0 nalus=1 n1:16987
  cu: inter64=0 inter32=0 inter16=0 inter8=0 intra32=0 intra16=0 intra8=0 intra4=0 reftype=0
frame 40: send=0x0 get=0x0 len=8299 coding=1 startqp=0 meanqp=0 picbytes=0 pskip=0 nalus=1 n1:8299
  cu: inter64=0 inter32=0 inter16=0 inter8=0 intra32=0 intra16=0 intra8=0 intra4=0 reftype=0
frame 41: send=0x0 get=0x0 len=15187 coding=1 startqp=0 meanqp=0 picbytes=0 pskip=0 nalus=1 n1:15187
  cu: inter64=0 inter32=0 inter16=0 inter8=0 intra32=0 intra16=0 intra8=0 intra4=0 reftype=0
frame 42: send=0x0 get=0x0 len=9891 coding=1 startqp=0 meanqp=0 picbytes=0 pskip=0 nalus=1 n1:9891
  cu: inter64=0 inter32=0 inter16=0 inter8=0 intra32=0 intra16=0 intra8=0 intra4=0 reftype=0
frame 43: send=0x0 get=0x0 len=19756 coding=1 startqp=0 meanqp=0 picbytes=0 pskip=0 nalus=1 n1:19756
  cu: inter64=0 inter32=0 inter16=0 inter8=0 intra32=0 intra16=0 intra8=0 intra4=0 reftype=0
frame 44: send=0x0 get=0x0 len=9718 coding=1 startqp=0 meanqp=0 picbytes=0 pskip=0 nalus=1 n1:9718
  cu: inter64=0 inter32=0 inter16=0 inter8=0 intra32=0 intra16=0 intra8=0 intra4=0 reftype=0
frame 45: send=0x0 get=0x0 len=13777 coding=1 startqp=0 meanqp=0 picbytes=0 pskip=0 nalus=1 n1:13777
  cu: inter64=0 inter32=0 inter16=0 inter8=0 intra32=0 intra16=0 intra8=0 intra4=0 reftype=0
frame 46: send=0x0 get=0x0 len=10880 coding=1 startqp=0 meanqp=0 picbytes=0 pskip=0 nalus=1 n1:10880
  cu: inter64=0 inter32=0 inter16=0 inter8=0 intra32=0 intra16=0 intra8=0 intra4=0 reftype=0
frame 47: send=0x0 get=0x0 len=11884 coding=1 startqp=0 meanqp=0 picbytes=0 pskip=0 nalus=1 n1:11884
  cu: inter64=0 inter32=0 inter16=0 inter8=0 intra32=0 intra16=0 intra8=0 intra4=0 reftype=0
frame 48: send=0x0 get=0x0 len=3277 coding=1 startqp=0 meanqp=0 picbytes=0 pskip=0 nalus=1 n1:3277
  cu: inter64=0 inter32=0 inter16=0 inter8=0 intra32=0 intra16=0 intra8=0 intra4=0 reftype=0
frame 49: send=0x0 get=0x0 len=9880 coding=1 startqp=0 meanqp=0 picbytes=0 pskip=0 nalus=1 n1:9880
  cu: inter64=0 inter32=0 inter16=0 inter8=0 intra32=0 intra16=0 intra8=0 intra4=0 reftype=0
frame 50: send=0x0 get=0x0 len=10494 coding=1 startqp=0 meanqp=0 picbytes=0 pskip=0 nalus=1 n1:10494
  cu: inter64=0 inter32=0 inter16=0 inter8=0 intra32=0 intra16=0 intra8=0 intra4=0 reftype=0
frame 51: send=0x0 get=0x0 len=11949 coding=1 startqp=0 meanqp=0 picbytes=0 pskip=0 nalus=1 n1:11949
  cu: inter64=0 inter32=0 inter16=0 inter8=0 intra32=0 intra16=0 intra8=0 intra4=0 reftype=0
frame 52: send=0x0 get=0x0 len=7574 coding=1 startqp=0 meanqp=0 picbytes=0 pskip=0 nalus=1 n1:7574
  cu: inter64=0 inter32=0 inter16=0 inter8=0 intra32=0 intra16=0 intra8=0 intra4=0 reftype=0
frame 53: send=0x0 get=0x0 len=11319 coding=1 startqp=0 meanqp=0 picbytes=0 pskip=0 nalus=1 n1:11319
  cu: inter64=0 inter32=0 inter16=0 inter8=0 intra32=0 intra16=0 intra8=0 intra4=0 reftype=0
frame 54: send=0x0 get=0x0 len=11795 coding=1 startqp=0 meanqp=0 picbytes=0 pskip=0 nalus=1 n1:11795
  cu: inter64=0 inter32=0 inter16=0 inter8=0 intra32=0 intra16=0 intra8=0 intra4=0 reftype=0
frame 55: send=0x0 get=0x0 len=11233 coding=1 startqp=0 meanqp=0 picbytes=0 pskip=0 nalus=1 n1:11233
  cu: inter64=0 inter32=0 inter16=0 inter8=0 intra32=0 intra16=0 intra8=0 intra4=0 reftype=0
frame 56: send=0x0 get=0x0 len=2672 coding=1 startqp=0 meanqp=0 picbytes=0 pskip=0 nalus=1 n1:2672
  cu: inter64=0 inter32=0 inter16=0 inter8=0 intra32=0 intra16=0 intra8=0 intra4=0 reftype=0
frame 57: send=0x0 get=0x0 len=9440 coding=1 startqp=0 meanqp=0 picbytes=0 pskip=0 nalus=1 n1:9440
  cu: inter64=0 inter32=0 inter16=0 inter8=0 intra32=0 intra16=0 intra8=0 intra4=0 reftype=0
frame 58: send=0x0 get=0x0 len=10417 coding=1 startqp=0 meanqp=0 picbytes=0 pskip=0 nalus=1 n1:10417
  cu: inter64=0 inter32=0 inter16=0 inter8=0 intra32=0 intra16=0 intra8=0 intra4=0 reftype=0
frame 59: send=0x0 get=0x0 len=12132 coding=1 startqp=0 meanqp=0 picbytes=0 pskip=0 nalus=1 n1:12132
  cu: inter64=0 inter32=0 inter16=0 inter8=0 intra32=0 intra16=0 intra8=0 intra4=0 reftype=0
frame 60: send=0x0 get=0x0 len=22264 coding=0 startqp=0 meanqp=0 picbytes=0 pskip=0 nalus=4 n32:27 n33:53 n34:12 n19:22172
  cu: inter64=0 inter32=0 inter16=0 inter8=0 intra32=0 intra16=0 intra8=0 intra4=0 reftype=0
frame 61: send=0x0 get=0x0 len=14208 coding=1 startqp=0 meanqp=0 picbytes=0 pskip=0 nalus=1 n1:14208
  cu: inter64=0 inter32=0 inter16=0 inter8=0 intra32=0 intra16=0 intra8=0 intra4=0 reftype=0
frame 62: send=0x0 get=0x0 len=6624 coding=1 startqp=0 meanqp=0 picbytes=0 pskip=0 nalus=1 n1:6624
  cu: inter64=0 inter32=0 inter16=0 inter8=0 intra32=0 intra16=0 intra8=0 intra4=0 reftype=0
frame 63: send=0x0 get=0x0 len=12732 coding=1 startqp=0 meanqp=0 picbytes=0 pskip=0 nalus=1 n1:12732
  cu: inter64=0 inter32=0 inter16=0 inter8=0 intra32=0 intra16=0 intra8=0 intra4=0 reftype=0
frame 64: send=0x0 get=0x0 len=7860 coding=1 startqp=0 meanqp=0 picbytes=0 pskip=0 nalus=1 n1:7860
  cu: inter64=0 inter32=0 inter16=0 inter8=0 intra32=0 intra16=0 intra8=0 intra4=0 reftype=0
frame 65: send=0x0 get=0x0 len=14114 coding=1 startqp=0 meanqp=0 picbytes=0 pskip=0 nalus=1 n1:14114
  cu: inter64=0 inter32=0 inter16=0 inter8=0 intra32=0 intra16=0 intra8=0 intra4=0 reftype=0
frame 66: send=0x0 get=0x0 len=6140 coding=1 startqp=0 meanqp=0 picbytes=0 pskip=0 nalus=1 n1:6140
  cu: inter64=0 inter32=0 inter16=0 inter8=0 intra32=0 intra16=0 intra8=0 intra4=0 reftype=0
frame 67: send=0x0 get=0x0 len=18756 coding=1 startqp=0 meanqp=0 picbytes=0 pskip=0 nalus=1 n1:18756
  cu: inter64=0 inter32=0 inter16=0 inter8=0 intra32=0 intra16=0 intra8=0 intra4=0 reftype=0
frame 68: send=0x0 get=0x0 len=6219 coding=1 startqp=0 meanqp=0 picbytes=0 pskip=0 nalus=1 n1:6219
  cu: inter64=0 inter32=0 inter16=0 inter8=0 intra32=0 intra16=0 intra8=0 intra4=0 reftype=0
frame 69: send=0x0 get=0x0 len=19948 coding=1 startqp=0 meanqp=0 picbytes=0 pskip=0 nalus=1 n1:19948
  cu: inter64=0 inter32=0 inter16=0 inter8=0 intra32=0 intra16=0 intra8=0 intra4=0 reftype=0
frame 70: send=0x0 get=0x0 len=7374 coding=1 startqp=0 meanqp=0 picbytes=0 pskip=0 nalus=1 n1:7374
  cu: inter64=0 inter32=0 inter16=0 inter8=0 intra32=0 intra16=0 intra8=0 intra4=0 reftype=0
frame 71: send=0x0 get=0x0 len=18658 coding=1 startqp=0 meanqp=0 picbytes=0 pskip=0 nalus=1 n1:18658
  cu: inter64=0 inter32=0 inter16=0 inter8=0 intra32=0 intra16=0 intra8=0 intra4=0 reftype=0
frame 72: send=0x0 get=0x0 len=6971 coding=1 startqp=0 meanqp=0 picbytes=0 pskip=0 nalus=1 n1:6971
  cu: inter64=0 inter32=0 inter16=0 inter8=0 intra32=0 intra16=0 intra8=0 intra4=0 reftype=0
frame 73: send=0x0 get=0x0 len=14606 coding=1 startqp=0 meanqp=0 picbytes=0 pskip=0 nalus=1 n1:14606
  cu: inter64=0 inter32=0 inter16=0 inter8=0 intra32=0 intra16=0 intra8=0 intra4=0 reftype=0
frame 74: send=0x0 get=0x0 len=8452 coding=1 startqp=0 meanqp=0 picbytes=0 pskip=0 nalus=1 n1:8452
  cu: inter64=0 inter32=0 inter16=0 inter8=0 intra32=0 intra16=0 intra8=0 intra4=0 reftype=0
frame 75: send=0x0 get=0x0 len=14531 coding=1 startqp=0 meanqp=0 picbytes=0 pskip=0 nalus=1 n1:14531
  cu: inter64=0 inter32=0 inter16=0 inter8=0 intra32=0 intra16=0 intra8=0 intra4=0 reftype=0
frame 76: send=0x0 get=0x0 len=7633 coding=1 startqp=0 meanqp=0 picbytes=0 pskip=0 nalus=1 n1:7633
  cu: inter64=0 inter32=0 inter16=0 inter8=0 intra32=0 intra16=0 intra8=0 intra4=0 reftype=0
frame 77: send=0x0 get=0x0 len=12717 coding=1 startqp=0 meanqp=0 picbytes=0 pskip=0 nalus=1 n1:12717
  cu: inter64=0 inter32=0 inter16=0 inter8=0 intra32=0 intra16=0 intra8=0 intra4=0 reftype=0
frame 78: send=0x0 get=0x0 len=9412 coding=1 startqp=0 meanqp=0 picbytes=0 pskip=0 nalus=1 n1:9412
  cu: inter64=0 inter32=0 inter16=0 inter8=0 intra32=0 intra16=0 intra8=0 intra4=0 reftype=0
frame 79: send=0x0 get=0x0 len=11914 coding=1 startqp=0 meanqp=0 picbytes=0 pskip=0 nalus=1 n1:11914
  cu: inter64=0 inter32=0 inter16=0 inter8=0 intra32=0 intra16=0 intra8=0 intra4=0 reftype=0
frame 80: send=0x0 get=0x0 len=2856 coding=1 startqp=0 meanqp=0 picbytes=0 pskip=0 nalus=1 n1:2856
  cu: inter64=0 inter32=0 inter16=0 inter8=0 intra32=0 intra16=0 intra8=0 intra4=0 reftype=0
frame 81: send=0x0 get=0x0 len=10004 coding=1 startqp=0 meanqp=0 picbytes=0 pskip=0 nalus=1 n1:10004
  cu: inter64=0 inter32=0 inter16=0 inter8=0 intra32=0 intra16=0 intra8=0 intra4=0 reftype=0
frame 82: send=0x0 get=0x0 len=9634 coding=1 startqp=0 meanqp=0 picbytes=0 pskip=0 nalus=1 n1:9634
  cu: inter64=0 inter32=0 inter16=0 inter8=0 intra32=0 intra16=0 intra8=0 intra4=0 reftype=0
frame 83: send=0x0 get=0x0 len=12117 coding=1 startqp=0 meanqp=0 picbytes=0 pskip=0 nalus=1 n1:12117
  cu: inter64=0 inter32=0 inter16=0 inter8=0 intra32=0 intra16=0 intra8=0 intra4=0 reftype=0
frame 84: send=0x0 get=0x0 len=8049 coding=1 startqp=0 meanqp=0 picbytes=0 pskip=0 nalus=1 n1:8049
  cu: inter64=0 inter32=0 inter16=0 inter8=0 intra32=0 intra16=0 intra8=0 intra4=0 reftype=0
frame 85: send=0x0 get=0x0 len=11678 coding=1 startqp=0 meanqp=0 picbytes=0 pskip=0 nalus=1 n1:11678
  cu: inter64=0 inter32=0 inter16=0 inter8=0 intra32=0 intra16=0 intra8=0 intra4=0 reftype=0
frame 86: send=0x0 get=0x0 len=10644 coding=1 startqp=0 meanqp=0 picbytes=0 pskip=0 nalus=1 n1:10644
  cu: inter64=0 inter32=0 inter16=0 inter8=0 intra32=0 intra16=0 intra8=0 intra4=0 reftype=0
frame 87: send=0x0 get=0x0 len=11554 coding=1 startqp=0 meanqp=0 picbytes=0 pskip=0 nalus=1 n1:11554
  cu: inter64=0 inter32=0 inter16=0 inter8=0 intra32=0 intra16=0 intra8=0 intra4=0 reftype=0
frame 88: send=0x0 get=0x0 len=2820 coding=1 startqp=0 meanqp=0 picbytes=0 pskip=0 nalus=1 n1:2820
  cu: inter64=0 inter32=0 inter16=0 inter8=0 intra32=0 intra16=0 intra8=0 intra4=0 reftype=0
frame 89: send=0x0 get=0x0 len=9706 coding=1 startqp=0 meanqp=0 picbytes=0 pskip=0 nalus=1 n1:9706
  cu: inter64=0 inter32=0 inter16=0 inter8=0 intra32=0 intra16=0 intra8=0 intra4=0 reftype=0
frame 90: send=0x0 get=0x0 len=24712 coding=0 startqp=0 meanqp=0 picbytes=0 pskip=0 nalus=4 n32:27 n33:53 n34:12 n19:24620
  cu: inter64=0 inter32=0 inter16=0 inter8=0 intra32=0 intra16=0 intra8=0 intra4=0 reftype=0
frame 91: send=0x0 get=0x0 len=13516 coding=1 startqp=0 meanqp=0 picbytes=0 pskip=0 nalus=1 n1:13516
  cu: inter64=0 inter32=0 inter16=0 inter8=0 intra32=0 intra16=0 intra8=0 intra4=0 reftype=0
frame 92: send=0x0 get=0x0 len=9030 coding=1 startqp=0 meanqp=0 picbytes=0 pskip=0 nalus=1 n1:9030
  cu: inter64=0 inter32=0 inter16=0 inter8=0 intra32=0 intra16=0 intra8=0 intra4=0 reftype=0
frame 93: send=0x0 get=0x0 len=12722 coding=1 startqp=0 meanqp=0 picbytes=0 pskip=0 nalus=1 n1:12722
  cu: inter64=0 inter32=0 inter16=0 inter8=0 intra32=0 intra16=0 intra8=0 intra4=0 reftype=0
frame 94: send=0x0 get=0x0 len=8748 coding=1 startqp=0 meanqp=0 picbytes=0 pskip=0 nalus=1 n1:8748
  cu: inter64=0 inter32=0 inter16=0 inter8=0 intra32=0 intra16=0 intra8=0 intra4=0 reftype=0
frame 95: send=0x0 get=0x0 len=14969 coding=1 startqp=0 meanqp=0 picbytes=0 pskip=0 nalus=1 n1:14969
  cu: inter64=0 inter32=0 inter16=0 inter8=0 intra32=0 intra16=0 intra8=0 intra4=0 reftype=0
frame 96: send=0x0 get=0x0 len=7245 coding=1 startqp=0 meanqp=0 picbytes=0 pskip=0 nalus=1 n1:7245
  cu: inter64=0 inter32=0 inter16=0 inter8=0 intra32=0 intra16=0 intra8=0 intra4=0 reftype=0
frame 97: send=0x0 get=0x0 len=14783 coding=1 startqp=0 meanqp=0 picbytes=0 pskip=0 nalus=1 n1:14783
  cu: inter64=0 inter32=0 inter16=0 inter8=0 intra32=0 intra16=0 intra8=0 intra4=0 reftype=0
frame 98: send=0x0 get=0x0 len=9127 coding=1 startqp=0 meanqp=0 picbytes=0 pskip=0 nalus=1 n1:9127
  cu: inter64=0 inter32=0 inter16=0 inter8=0 intra32=0 intra16=0 intra8=0 intra4=0 reftype=0
frame 99: send=0x0 get=0x0 len=18953 coding=1 startqp=0 meanqp=0 picbytes=0 pskip=0 nalus=1 n1:18953
  cu: inter64=0 inter32=0 inter16=0 inter8=0 intra32=0 intra16=0 intra8=0 intra4=0 reftype=0
frame 100: send=0x0 get=0x0 len=8821 coding=1 startqp=0 meanqp=0 picbytes=0 pskip=0 nalus=1 n1:8821
  cu: inter64=0 inter32=0 inter16=0 inter8=0 intra32=0 intra16=0 intra8=0 intra4=0 reftype=0
frame 101: send=0x0 get=0x0 len=13673 coding=1 startqp=0 meanqp=0 picbytes=0 pskip=0 nalus=1 n1:13673
  cu: inter64=0 inter32=0 inter16=0 inter8=0 intra32=0 intra16=0 intra8=0 intra4=0 reftype=0
frame 102: send=0x0 get=0x0 len=11114 coding=1 startqp=0 meanqp=0 picbytes=0 pskip=0 nalus=1 n1:11114
  cu: inter64=0 inter32=0 inter16=0 inter8=0 intra32=0 intra16=0 intra8=0 intra4=0 reftype=0
frame 103: send=0x0 get=0x0 len=12336 coding=1 startqp=0 meanqp=0 picbytes=0 pskip=0 nalus=1 n1:12336
  cu: inter64=0 inter32=0 inter16=0 inter8=0 intra32=0 intra16=0 intra8=0 intra4=0 reftype=0
frame 104: send=0x0 get=0x0 len=3671 coding=1 startqp=0 meanqp=0 picbytes=0 pskip=0 nalus=1 n1:3671
  cu: inter64=0 inter32=0 inter16=0 inter8=0 intra32=0 intra16=0 intra8=0 intra4=0 reftype=0
frame 105: send=0x0 get=0x0 len=10177 coding=1 startqp=0 meanqp=0 picbytes=0 pskip=0 nalus=1 n1:10177
  cu: inter64=0 inter32=0 inter16=0 inter8=0 intra32=0 intra16=0 intra8=0 intra4=0 reftype=0
frame 106: send=0x0 get=0x0 len=10761 coding=1 startqp=0 meanqp=0 picbytes=0 pskip=0 nalus=1 n1:10761
  cu: inter64=0 inter32=0 inter16=0 inter8=0 intra32=0 intra16=0 intra8=0 intra4=0 reftype=0
frame 107: send=0x0 get=0x0 len=12479 coding=1 startqp=0 meanqp=0 picbytes=0 pskip=0 nalus=1 n1:12479
  cu: inter64=0 inter32=0 inter16=0 inter8=0 intra32=0 intra16=0 intra8=0 intra4=0 reftype=0
frame 108: send=0x0 get=0x0 len=8116 coding=1 startqp=0 meanqp=0 picbytes=0 pskip=0 nalus=1 n1:8116
  cu: inter64=0 inter32=0 inter16=0 inter8=0 intra32=0 intra16=0 intra8=0 intra4=0 reftype=0
frame 109: send=0x0 get=0x0 len=11649 coding=1 startqp=0 meanqp=0 picbytes=0 pskip=0 nalus=1 n1:11649
  cu: inter64=0 inter32=0 inter16=0 inter8=0 intra32=0 intra16=0 intra8=0 intra4=0 reftype=0
frame 110: send=0x0 get=0x0 len=10897 coding=1 startqp=0 meanqp=0 picbytes=0 pskip=0 nalus=1 n1:10897
  cu: inter64=0 inter32=0 inter16=0 inter8=0 intra32=0 intra16=0 intra8=0 intra4=0 reftype=0
frame 111: send=0x0 get=0x0 len=11377 coding=1 startqp=0 meanqp=0 picbytes=0 pskip=0 nalus=1 n1:11377
  cu: inter64=0 inter32=0 inter16=0 inter8=0 intra32=0 intra16=0 intra8=0 intra4=0 reftype=0
frame 112: send=0x0 get=0x0 len=2260 coding=1 startqp=0 meanqp=0 picbytes=0 pskip=0 nalus=1 n1:2260
  cu: inter64=0 inter32=0 inter16=0 inter8=0 intra32=0 intra16=0 intra8=0 intra4=0 reftype=0
frame 113: send=0x0 get=0x0 len=9723 coding=1 startqp=0 meanqp=0 picbytes=0 pskip=0 nalus=1 n1:9723
  cu: inter64=0 inter32=0 inter16=0 inter8=0 intra32=0 intra16=0 intra8=0 intra4=0 reftype=0
frame 114: send=0x0 get=0x0 len=10483 coding=1 startqp=0 meanqp=0 picbytes=0 pskip=0 nalus=1 n1:10483
  cu: inter64=0 inter32=0 inter16=0 inter8=0 intra32=0 intra16=0 intra8=0 intra4=0 reftype=0
frame 115: send=0x0 get=0x0 len=12106 coding=1 startqp=0 meanqp=0 picbytes=0 pskip=0 nalus=1 n1:12106
  cu: inter64=0 inter32=0 inter16=0 inter8=0 intra32=0 intra16=0 intra8=0 intra4=0 reftype=0
frame 116: send=0x0 get=0x0 len=8133 coding=1 startqp=0 meanqp=0 picbytes=0 pskip=0 nalus=1 n1:8133
  cu: inter64=0 inter32=0 inter16=0 inter8=0 intra32=0 intra16=0 intra8=0 intra4=0 reftype=0
frame 117: send=0x0 get=0x0 len=11369 coding=1 startqp=0 meanqp=0 picbytes=0 pskip=0 nalus=1 n1:11369
  cu: inter64=0 inter32=0 inter16=0 inter8=0 intra32=0 intra16=0 intra8=0 intra4=0 reftype=0
frame 118: send=0x0 get=0x0 len=12014 coding=1 startqp=0 meanqp=0 picbytes=0 pskip=0 nalus=1 n1:12014
  cu: inter64=0 inter32=0 inter16=0 inter8=0 intra32=0 intra16=0 intra8=0 intra4=0 reftype=0
frame 119: send=0x0 get=0x0 len=11306 coding=1 startqp=0 meanqp=0 picbytes=0 pskip=0 nalus=1 n1:11306
  cu: inter64=0 inter32=0 inter16=0 inter8=0 intra32=0 intra16=0 intra8=0 intra4=0 reftype=0
frame 120: send=0x0 get=0x0 len=27368 coding=0 startqp=0 meanqp=0 picbytes=0 pskip=0 nalus=4 n32:27 n33:53 n34:12 n19:27276
  cu: inter64=0 inter32=0 inter16=0 inter8=0 intra32=0 intra16=0 intra8=0 intra4=0 reftype=0
frame 121: send=0x0 get=0x0 len=16611 coding=1 startqp=0 meanqp=0 picbytes=0 pskip=0 nalus=1 n1:16611
  cu: inter64=0 inter32=0 inter16=0 inter8=0 intra32=0 intra16=0 intra8=0 intra4=0 reftype=0
frame 122: send=0x0 get=0x0 len=7527 coding=1 startqp=0 meanqp=0 picbytes=0 pskip=0 nalus=1 n1:7527
  cu: inter64=0 inter32=0 inter16=0 inter8=0 intra32=0 intra16=0 intra8=0 intra4=0 reftype=0
frame 123: send=0x0 get=0x0 len=16042 coding=1 startqp=0 meanqp=0 picbytes=0 pskip=0 nalus=1 n1:16042
  cu: inter64=0 inter32=0 inter16=0 inter8=0 intra32=0 intra16=0 intra8=0 intra4=0 reftype=0
frame 124: send=0x0 get=0x0 len=7895 coding=1 startqp=0 meanqp=0 picbytes=0 pskip=0 nalus=1 n1:7895
  cu: inter64=0 inter32=0 inter16=0 inter8=0 intra32=0 intra16=0 intra8=0 intra4=0 reftype=0
frame 125: send=0x0 get=0x0 len=15973 coding=1 startqp=0 meanqp=0 picbytes=0 pskip=0 nalus=1 n1:15973
  cu: inter64=0 inter32=0 inter16=0 inter8=0 intra32=0 intra16=0 intra8=0 intra4=0 reftype=0
frame 126: send=0x0 get=0x0 len=6212 coding=1 startqp=0 meanqp=0 picbytes=0 pskip=0 nalus=1 n1:6212
  cu: inter64=0 inter32=0 inter16=0 inter8=0 intra32=0 intra16=0 intra8=0 intra4=0 reftype=0
frame 127: send=0x0 get=0x0 len=19240 coding=1 startqp=0 meanqp=0 picbytes=0 pskip=0 nalus=1 n1:19240
  cu: inter64=0 inter32=0 inter16=0 inter8=0 intra32=0 intra16=0 intra8=0 intra4=0 reftype=0
frame 128: send=0x0 get=0x0 len=5195 coding=1 startqp=0 meanqp=0 picbytes=0 pskip=0 nalus=1 n1:5195
  cu: inter64=0 inter32=0 inter16=0 inter8=0 intra32=0 intra16=0 intra8=0 intra4=0 reftype=0
frame 129: send=0x0 get=0x0 len=11628 coding=1 startqp=0 meanqp=0 picbytes=0 pskip=0 nalus=1 n1:11628
  cu: inter64=0 inter32=0 inter16=0 inter8=0 intra32=0 intra16=0 intra8=0 intra4=0 reftype=0
frame 130: send=0x0 get=0x0 len=9249 coding=1 startqp=0 meanqp=0 picbytes=0 pskip=0 nalus=1 n1:9249
  cu: inter64=0 inter32=0 inter16=0 inter8=0 intra32=0 intra16=0 intra8=0 intra4=0 reftype=0
frame 131: send=0x0 get=0x0 len=12699 coding=1 startqp=0 meanqp=0 picbytes=0 pskip=0 nalus=1 n1:12699
  cu: inter64=0 inter32=0 inter16=0 inter8=0 intra32=0 intra16=0 intra8=0 intra4=0 reftype=0
frame 132: send=0x0 get=0x0 len=7978 coding=1 startqp=0 meanqp=0 picbytes=0 pskip=0 nalus=1 n1:7978
  cu: inter64=0 inter32=0 inter16=0 inter8=0 intra32=0 intra16=0 intra8=0 intra4=0 reftype=0
frame 133: send=0x0 get=0x0 len=12210 coding=1 startqp=0 meanqp=0 picbytes=0 pskip=0 nalus=1 n1:12210
  cu: inter64=0 inter32=0 inter16=0 inter8=0 intra32=0 intra16=0 intra8=0 intra4=0 reftype=0
frame 134: send=0x0 get=0x0 len=11294 coding=1 startqp=0 meanqp=0 picbytes=0 pskip=0 nalus=1 n1:11294
  cu: inter64=0 inter32=0 inter16=0 inter8=0 intra32=0 intra16=0 intra8=0 intra4=0 reftype=0
frame 135: send=0x0 get=0x0 len=12006 coding=1 startqp=0 meanqp=0 picbytes=0 pskip=0 nalus=1 n1:12006
  cu: inter64=0 inter32=0 inter16=0 inter8=0 intra32=0 intra16=0 intra8=0 intra4=0 reftype=0
frame 136: send=0x0 get=0x0 len=3139 coding=1 startqp=0 meanqp=0 picbytes=0 pskip=0 nalus=1 n1:3139
  cu: inter64=0 inter32=0 inter16=0 inter8=0 intra32=0 intra16=0 intra8=0 intra4=0 reftype=0
frame 137: send=0x0 get=0x0 len=9783 coding=1 startqp=0 meanqp=0 picbytes=0 pskip=0 nalus=1 n1:9783
  cu: inter64=0 inter32=0 inter16=0 inter8=0 intra32=0 intra16=0 intra8=0 intra4=0 reftype=0
frame 138: send=0x0 get=0x0 len=10477 coding=1 startqp=0 meanqp=0 picbytes=0 pskip=0 nalus=1 n1:10477
  cu: inter64=0 inter32=0 inter16=0 inter8=0 intra32=0 intra16=0 intra8=0 intra4=0 reftype=0
frame 139: send=0x0 get=0x0 len=12606 coding=1 startqp=0 meanqp=0 picbytes=0 pskip=0 nalus=1 n1:12606
  cu: inter64=0 inter32=0 inter16=0 inter8=0 intra32=0 intra16=0 intra8=0 intra4=0 reftype=0
frame 140: send=0x0 get=0x0 len=7556 coding=1 startqp=0 meanqp=0 picbytes=0 pskip=0 nalus=1 n1:7556
  cu: inter64=0 inter32=0 inter16=0 inter8=0 intra32=0 intra16=0 intra8=0 intra4=0 reftype=0
frame 141: send=0x0 get=0x0 len=11708 coding=1 startqp=0 meanqp=0 picbytes=0 pskip=0 nalus=1 n1:11708
  cu: inter64=0 inter32=0 inter16=0 inter8=0 intra32=0 intra16=0 intra8=0 intra4=0 reftype=0
frame 142: send=0x0 get=0x0 len=10765 coding=1 startqp=0 meanqp=0 picbytes=0 pskip=0 nalus=1 n1:10765
  cu: inter64=0 inter32=0 inter16=0 inter8=0 intra32=0 intra16=0 intra8=0 intra4=0 reftype=0
frame 143: send=0x0 get=0x0 len=11457 coding=1 startqp=0 meanqp=0 picbytes=0 pskip=0 nalus=1 n1:11457
  cu: inter64=0 inter32=0 inter16=0 inter8=0 intra32=0 intra16=0 intra8=0 intra4=0 reftype=0
frame 144: send=0x0 get=0x0 len=2410 coding=1 startqp=0 meanqp=0 picbytes=0 pskip=0 nalus=1 n1:2410
  cu: inter64=0 inter32=0 inter16=0 inter8=0 intra32=0 intra16=0 intra8=0 intra4=0 reftype=0
frame 145: send=0x0 get=0x0 len=9609 coding=1 startqp=0 meanqp=0 picbytes=0 pskip=0 nalus=1 n1:9609
  cu: inter64=0 inter32=0 inter16=0 inter8=0 intra32=0 intra16=0 intra8=0 intra4=0 reftype=0
frame 146: send=0x0 get=0x0 len=10695 coding=1 startqp=0 meanqp=0 picbytes=0 pskip=0 nalus=1 n1:10695
  cu: inter64=0 inter32=0 inter16=0 inter8=0 intra32=0 intra16=0 intra8=0 intra4=0 reftype=0
frame 147: send=0x0 get=0x0 len=12225 coding=1 startqp=0 meanqp=0 picbytes=0 pskip=0 nalus=1 n1:12225
  cu: inter64=0 inter32=0 inter16=0 inter8=0 intra32=0 intra16=0 intra8=0 intra4=0 reftype=0
frame 148: send=0x0 get=0x0 len=8244 coding=1 startqp=0 meanqp=0 picbytes=0 pskip=0 nalus=1 n1:8244
  cu: inter64=0 inter32=0 inter16=0 inter8=0 intra32=0 intra16=0 intra8=0 intra4=0 reftype=0
frame 149: send=0x0 get=0x0 len=11569 coding=1 startqp=0 meanqp=0 picbytes=0 pskip=0 nalus=1 n1:11569
  cu: inter64=0 inter32=0 inter16=0 inter8=0 intra32=0 intra16=0 intra8=0 intra4=0 reftype=0
frame 150: send=0x0 get=0x0 len=32201 coding=0 startqp=0 meanqp=0 picbytes=0 pskip=0 nalus=4 n32:27 n33:53 n34:12 n19:32109
  cu: inter64=0 inter32=0 inter16=0 inter8=0 intra32=0 intra16=0 intra8=0 intra4=0 reftype=0
frame 151: send=0x0 get=0x0 len=21107 coding=1 startqp=0 meanqp=0 picbytes=0 pskip=0 nalus=1 n1:21107
  cu: inter64=0 inter32=0 inter16=0 inter8=0 intra32=0 intra16=0 intra8=0 intra4=0 reftype=0
frame 152: send=0x0 get=0x0 len=6226 coding=1 startqp=0 meanqp=0 picbytes=0 pskip=0 nalus=1 n1:6226
  cu: inter64=0 inter32=0 inter16=0 inter8=0 intra32=0 intra16=0 intra8=0 intra4=0 reftype=0
frame 153: send=0x0 get=0x0 len=14168 coding=1 startqp=0 meanqp=0 picbytes=0 pskip=0 nalus=1 n1:14168
  cu: inter64=0 inter32=0 inter16=0 inter8=0 intra32=0 intra16=0 intra8=0 intra4=0 reftype=0
frame 154: send=0x0 get=0x0 len=8993 coding=1 startqp=0 meanqp=0 picbytes=0 pskip=0 nalus=1 n1:8993
  cu: inter64=0 inter32=0 inter16=0 inter8=0 intra32=0 intra16=0 intra8=0 intra4=0 reftype=0
frame 155: send=0x0 get=0x0 len=16813 coding=1 startqp=0 meanqp=0 picbytes=0 pskip=0 nalus=1 n1:16813
  cu: inter64=0 inter32=0 inter16=0 inter8=0 intra32=0 intra16=0 intra8=0 intra4=0 reftype=0
frame 156: send=0x0 get=0x0 len=8882 coding=1 startqp=0 meanqp=0 picbytes=0 pskip=0 nalus=1 n1:8882
  cu: inter64=0 inter32=0 inter16=0 inter8=0 intra32=0 intra16=0 intra8=0 intra4=0 reftype=0
frame 157: send=0x0 get=0x0 len=13740 coding=1 startqp=0 meanqp=0 picbytes=0 pskip=0 nalus=1 n1:13740
  cu: inter64=0 inter32=0 inter16=0 inter8=0 intra32=0 intra16=0 intra8=0 intra4=0 reftype=0
frame 158: send=0x0 get=0x0 len=10232 coding=1 startqp=0 meanqp=0 picbytes=0 pskip=0 nalus=1 n1:10232
  cu: inter64=0 inter32=0 inter16=0 inter8=0 intra32=0 intra16=0 intra8=0 intra4=0 reftype=0
frame 159: send=0x0 get=0x0 len=12446 coding=1 startqp=0 meanqp=0 picbytes=0 pskip=0 nalus=1 n1:12446
  cu: inter64=0 inter32=0 inter16=0 inter8=0 intra32=0 intra16=0 intra8=0 intra4=0 reftype=0
frame 160: send=0x0 get=0x0 len=3547 coding=1 startqp=0 meanqp=0 picbytes=0 pskip=0 nalus=1 n1:3547
  cu: inter64=0 inter32=0 inter16=0 inter8=0 intra32=0 intra16=0 intra8=0 intra4=0 reftype=0
frame 161: send=0x0 get=0x0 len=9940 coding=1 startqp=0 meanqp=0 picbytes=0 pskip=0 nalus=1 n1:9940
  cu: inter64=0 inter32=0 inter16=0 inter8=0 intra32=0 intra16=0 intra8=0 intra4=0 reftype=0
frame 162: send=0x0 get=0x0 len=10736 coding=1 startqp=0 meanqp=0 picbytes=0 pskip=0 nalus=1 n1:10736
  cu: inter64=0 inter32=0 inter16=0 inter8=0 intra32=0 intra16=0 intra8=0 intra4=0 reftype=0
frame 163: send=0x0 get=0x0 len=12341 coding=1 startqp=0 meanqp=0 picbytes=0 pskip=0 nalus=1 n1:12341
  cu: inter64=0 inter32=0 inter16=0 inter8=0 intra32=0 intra16=0 intra8=0 intra4=0 reftype=0
frame 164: send=0x0 get=0x0 len=8832 coding=1 startqp=0 meanqp=0 picbytes=0 pskip=0 nalus=1 n1:8832
  cu: inter64=0 inter32=0 inter16=0 inter8=0 intra32=0 intra16=0 intra8=0 intra4=0 reftype=0
frame 165: send=0x0 get=0x0 len=11556 coding=1 startqp=0 meanqp=0 picbytes=0 pskip=0 nalus=1 n1:11556
  cu: inter64=0 inter32=0 inter16=0 inter8=0 intra32=0 intra16=0 intra8=0 intra4=0 reftype=0
frame 166: send=0x0 get=0x0 len=12104 coding=1 startqp=0 meanqp=0 picbytes=0 pskip=0 nalus=1 n1:12104
  cu: inter64=0 inter32=0 inter16=0 inter8=0 intra32=0 intra16=0 intra8=0 intra4=0 reftype=0
frame 167: send=0x0 get=0x0 len=11333 coding=1 startqp=0 meanqp=0 picbytes=0 pskip=0 nalus=1 n1:11333
  cu: inter64=0 inter32=0 inter16=0 inter8=0 intra32=0 intra16=0 intra8=0 intra4=0 reftype=0
frame 168: send=0x0 get=0x0 len=2459 coding=1 startqp=0 meanqp=0 picbytes=0 pskip=0 nalus=1 n1:2459
  cu: inter64=0 inter32=0 inter16=0 inter8=0 intra32=0 intra16=0 intra8=0 intra4=0 reftype=0
frame 169: send=0x0 get=0x0 len=9492 coding=1 startqp=0 meanqp=0 picbytes=0 pskip=0 nalus=1 n1:9492
  cu: inter64=0 inter32=0 inter16=0 inter8=0 intra32=0 intra16=0 intra8=0 intra4=0 reftype=0
frame 170: send=0x0 get=0x0 len=10581 coding=1 startqp=0 meanqp=0 picbytes=0 pskip=0 nalus=1 n1:10581
  cu: inter64=0 inter32=0 inter16=0 inter8=0 intra32=0 intra16=0 intra8=0 intra4=0 reftype=0
frame 171: send=0x0 get=0x0 len=12344 coding=1 startqp=0 meanqp=0 picbytes=0 pskip=0 nalus=1 n1:12344
  cu: inter64=0 inter32=0 inter16=0 inter8=0 intra32=0 intra16=0 intra8=0 intra4=0 reftype=0
frame 172: send=0x0 get=0x0 len=8176 coding=1 startqp=0 meanqp=0 picbytes=0 pskip=0 nalus=1 n1:8176
  cu: inter64=0 inter32=0 inter16=0 inter8=0 intra32=0 intra16=0 intra8=0 intra4=0 reftype=0
frame 173: send=0x0 get=0x0 len=11602 coding=1 startqp=0 meanqp=0 picbytes=0 pskip=0 nalus=1 n1:11602
  cu: inter64=0 inter32=0 inter16=0 inter8=0 intra32=0 intra16=0 intra8=0 intra4=0 reftype=0
frame 174: send=0x0 get=0x0 len=10853 coding=1 startqp=0 meanqp=0 picbytes=0 pskip=0 nalus=1 n1:10853
  cu: inter64=0 inter32=0 inter16=0 inter8=0 intra32=0 intra16=0 intra8=0 intra4=0 reftype=0
frame 175: send=0x0 get=0x0 len=11286 coding=1 startqp=0 meanqp=0 picbytes=0 pskip=0 nalus=1 n1:11286
  cu: inter64=0 inter32=0 inter16=0 inter8=0 intra32=0 intra16=0 intra8=0 intra4=0 reftype=0
frame 176: send=0x0 get=0x0 len=2598 coding=1 startqp=0 meanqp=0 picbytes=0 pskip=0 nalus=1 n1:2598
  cu: inter64=0 inter32=0 inter16=0 inter8=0 intra32=0 intra16=0 intra8=0 intra4=0 reftype=0
frame 177: send=0x0 get=0x0 len=9440 coding=1 startqp=0 meanqp=0 picbytes=0 pskip=0 nalus=1 n1:9440
  cu: inter64=0 inter32=0 inter16=0 inter8=0 intra32=0 intra16=0 intra8=0 intra4=0 reftype=0
frame 178: send=0x0 get=0x0 len=10549 coding=1 startqp=0 meanqp=0 picbytes=0 pskip=0 nalus=1 n1:10549
  cu: inter64=0 inter32=0 inter16=0 inter8=0 intra32=0 intra16=0 intra8=0 intra4=0 reftype=0
frame 179: send=0x0 get=0x0 len=12184 coding=1 startqp=0 meanqp=0 picbytes=0 pskip=0 nalus=1 n1:12184
  cu: inter64=0 inter32=0 inter16=0 inter8=0 intra32=0 intra16=0 intra8=0 intra4=0 reftype=0
frame 180: send=0x0 get=0x0 len=35362 coding=0 startqp=0 meanqp=0 picbytes=0 pskip=0 nalus=4 n32:27 n33:53 n34:12 n19:35270
  cu: inter64=0 inter32=0 inter16=0 inter8=0 intra32=0 intra16=0 intra8=0 intra4=0 reftype=0
frame 181: send=0x0 get=0x0 len=16561 coding=1 startqp=0 meanqp=0 picbytes=0 pskip=0 nalus=1 n1:16561
  cu: inter64=0 inter32=0 inter16=0 inter8=0 intra32=0 intra16=0 intra8=0 intra4=0 reftype=0
frame 182: send=0x0 get=0x0 len=6815 coding=1 startqp=0 meanqp=0 picbytes=0 pskip=0 nalus=1 n1:6815
  cu: inter64=0 inter32=0 inter16=0 inter8=0 intra32=0 intra16=0 intra8=0 intra4=0 reftype=0
frame 183: send=0x0 get=0x0 len=19814 coding=1 startqp=0 meanqp=0 picbytes=0 pskip=0 nalus=1 n1:19814
  cu: inter64=0 inter32=0 inter16=0 inter8=0 intra32=0 intra16=0 intra8=0 intra4=0 reftype=0
frame 184: send=0x0 get=0x0 len=7883 coding=1 startqp=0 meanqp=0 picbytes=0 pskip=0 nalus=1 n1:7883
  cu: inter64=0 inter32=0 inter16=0 inter8=0 intra32=0 intra16=0 intra8=0 intra4=0 reftype=0
frame 185: send=0x0 get=0x0 len=15065 coding=1 startqp=0 meanqp=0 picbytes=0 pskip=0 nalus=1 n1:15065
  cu: inter64=0 inter32=0 inter16=0 inter8=0 intra32=0 intra16=0 intra8=0 intra4=0 reftype=0
frame 186: send=0x0 get=0x0 len=8226 coding=1 startqp=0 meanqp=0 picbytes=0 pskip=0 nalus=1 n1:8226
  cu: inter64=0 inter32=0 inter16=0 inter8=0 intra32=0 intra16=0 intra8=0 intra4=0 reftype=0
frame 187: send=0x0 get=0x0 len=14248 coding=1 startqp=0 meanqp=0 picbytes=0 pskip=0 nalus=1 n1:14248
  cu: inter64=0 inter32=0 inter16=0 inter8=0 intra32=0 intra16=0 intra8=0 intra4=0 reftype=0
frame 188: send=0x0 get=0x0 len=7851 coding=1 startqp=0 meanqp=0 picbytes=0 pskip=0 nalus=1 n1:7851
  cu: inter64=0 inter32=0 inter16=0 inter8=0 intra32=0 intra16=0 intra8=0 intra4=0 reftype=0
frame 189: send=0x0 get=0x0 len=12492 coding=1 startqp=0 meanqp=0 picbytes=0 pskip=0 nalus=1 n1:12492
  cu: inter64=0 inter32=0 inter16=0 inter8=0 intra32=0 intra16=0 intra8=0 intra4=0 reftype=0
frame 190: send=0x0 get=0x0 len=10162 coding=1 startqp=0 meanqp=0 picbytes=0 pskip=0 nalus=1 n1:10162
  cu: inter64=0 inter32=0 inter16=0 inter8=0 intra32=0 intra16=0 intra8=0 intra4=0 reftype=0
frame 191: send=0x0 get=0x0 len=11977 coding=1 startqp=0 meanqp=0 picbytes=0 pskip=0 nalus=1 n1:11977
  cu: inter64=0 inter32=0 inter16=0 inter8=0 intra32=0 intra16=0 intra8=0 intra4=0 reftype=0
frame 192: send=0x0 get=0x0 len=2714 coding=1 startqp=0 meanqp=0 picbytes=0 pskip=0 nalus=1 n1:2714
  cu: inter64=0 inter32=0 inter16=0 inter8=0 intra32=0 intra16=0 intra8=0 intra4=0 reftype=0
frame 193: send=0x0 get=0x0 len=9734 coding=1 startqp=0 meanqp=0 picbytes=0 pskip=0 nalus=1 n1:9734
  cu: inter64=0 inter32=0 inter16=0 inter8=0 intra32=0 intra16=0 intra8=0 intra4=0 reftype=0
frame 194: send=0x0 get=0x0 len=10661 coding=1 startqp=0 meanqp=0 picbytes=0 pskip=0 nalus=1 n1:10661
  cu: inter64=0 inter32=0 inter16=0 inter8=0 intra32=0 intra16=0 intra8=0 intra4=0 reftype=0
frame 195: send=0x0 get=0x0 len=12074 coding=1 startqp=0 meanqp=0 picbytes=0 pskip=0 nalus=1 n1:12074
  cu: inter64=0 inter32=0 inter16=0 inter8=0 intra32=0 intra16=0 intra8=0 intra4=0 reftype=0
frame 196: send=0x0 get=0x0 len=7528 coding=1 startqp=0 meanqp=0 picbytes=0 pskip=0 nalus=1 n1:7528
  cu: inter64=0 inter32=0 inter16=0 inter8=0 intra32=0 intra16=0 intra8=0 intra4=0 reftype=0
frame 197: send=0x0 get=0x0 len=11474 coding=1 startqp=0 meanqp=0 picbytes=0 pskip=0 nalus=1 n1:11474
  cu: inter64=0 inter32=0 inter16=0 inter8=0 intra32=0 intra16=0 intra8=0 intra4=0 reftype=0
frame 198: send=0x0 get=0x0 len=12018 coding=1 startqp=0 meanqp=0 picbytes=0 pskip=0 nalus=1 n1:12018
  cu: inter64=0 inter32=0 inter16=0 inter8=0 intra32=0 intra16=0 intra8=0 intra4=0 reftype=0
frame 199: send=0x0 get=0x0 len=11237 coding=1 startqp=0 meanqp=0 picbytes=0 pskip=0 nalus=1 n1:11237
  cu: inter64=0 inter32=0 inter16=0 inter8=0 intra32=0 intra16=0 intra8=0 intra4=0 reftype=0
frame 200: send=0x0 get=0x0 len=2456 coding=1 startqp=0 meanqp=0 picbytes=0 pskip=0 nalus=1 n1:2456
  cu: inter64=0 inter32=0 inter16=0 inter8=0 intra32=0 intra16=0 intra8=0 intra4=0 reftype=0
frame 201: send=0x0 get=0x0 len=9382 coding=1 startqp=0 meanqp=0 picbytes=0 pskip=0 nalus=1 n1:9382
  cu: inter64=0 inter32=0 inter16=0 inter8=0 intra32=0 intra16=0 intra8=0 intra4=0 reftype=0
frame 202: send=0x0 get=0x0 len=10618 coding=1 startqp=0 meanqp=0 picbytes=0 pskip=0 nalus=1 n1:10618
  cu: inter64=0 inter32=0 inter16=0 inter8=0 intra32=0 intra16=0 intra8=0 intra4=0 reftype=0
frame 203: send=0x0 get=0x0 len=12260 coding=1 startqp=0 meanqp=0 picbytes=0 pskip=0 nalus=1 n1:12260
  cu: inter64=0 inter32=0 inter16=0 inter8=0 intra32=0 intra16=0 intra8=0 intra4=0 reftype=0
frame 204: send=0x0 get=0x0 len=7662 coding=1 startqp=0 meanqp=0 picbytes=0 pskip=0 nalus=1 n1:7662
  cu: inter64=0 inter32=0 inter16=0 inter8=0 intra32=0 intra16=0 intra8=0 intra4=0 reftype=0
frame 205: send=0x0 get=0x0 len=11496 coding=1 startqp=0 meanqp=0 picbytes=0 pskip=0 nalus=1 n1:11496
  cu: inter64=0 inter32=0 inter16=0 inter8=0 intra32=0 intra16=0 intra8=0 intra4=0 reftype=0
frame 206: send=0x0 get=0x0 len=10872 coding=1 startqp=0 meanqp=0 picbytes=0 pskip=0 nalus=1 n1:10872
  cu: inter64=0 inter32=0 inter16=0 inter8=0 intra32=0 intra16=0 intra8=0 intra4=0 reftype=0
frame 207: send=0x0 get=0x0 len=11254 coding=1 startqp=0 meanqp=0 picbytes=0 pskip=0 nalus=1 n1:11254
  cu: inter64=0 inter32=0 inter16=0 inter8=0 intra32=0 intra16=0 intra8=0 intra4=0 reftype=0
frame 208: send=0x0 get=0x0 len=2550 coding=1 startqp=0 meanqp=0 picbytes=0 pskip=0 nalus=1 n1:2550
  cu: inter64=0 inter32=0 inter16=0 inter8=0 intra32=0 intra16=0 intra8=0 intra4=0 reftype=0
frame 209: send=0x0 get=0x0 len=9436 coding=1 startqp=0 meanqp=0 picbytes=0 pskip=0 nalus=1 n1:9436
  cu: inter64=0 inter32=0 inter16=0 inter8=0 intra32=0 intra16=0 intra8=0 intra4=0 reftype=0
frame 210: send=0x0 get=0x0 len=40770 coding=0 startqp=0 meanqp=0 picbytes=0 pskip=0 nalus=4 n32:27 n33:53 n34:12 n19:40678
  cu: inter64=0 inter32=0 inter16=0 inter8=0 intra32=0 intra16=0 intra8=0 intra4=0 reftype=0
frame 211: send=0x0 get=0x0 len=24490 coding=1 startqp=0 meanqp=0 picbytes=0 pskip=0 nalus=1 n1:24490
  cu: inter64=0 inter32=0 inter16=0 inter8=0 intra32=0 intra16=0 intra8=0 intra4=0 reftype=0
frame 212: send=0x0 get=0x0 len=8241 coding=1 startqp=0 meanqp=0 picbytes=0 pskip=0 nalus=1 n1:8241
  cu: inter64=0 inter32=0 inter16=0 inter8=0 intra32=0 intra16=0 intra8=0 intra4=0 reftype=0
frame 213: send=0x0 get=0x0 len=19136 coding=1 startqp=0 meanqp=0 picbytes=0 pskip=0 nalus=1 n1:19136
  cu: inter64=0 inter32=0 inter16=0 inter8=0 intra32=0 intra16=0 intra8=0 intra4=0 reftype=0
frame 214: send=0x0 get=0x0 len=10223 coding=1 startqp=0 meanqp=0 picbytes=0 pskip=0 nalus=1 n1:10223
  cu: inter64=0 inter32=0 inter16=0 inter8=0 intra32=0 intra16=0 intra8=0 intra4=0 reftype=0
frame 215: send=0x0 get=0x0 len=13079 coding=1 startqp=0 meanqp=0 picbytes=0 pskip=0 nalus=1 n1:13079
  cu: inter64=0 inter32=0 inter16=0 inter8=0 intra32=0 intra16=0 intra8=0 intra4=0 reftype=0
frame 216: send=0x0 get=0x0 len=4041 coding=1 startqp=0 meanqp=0 picbytes=0 pskip=0 nalus=1 n1:4041
  cu: inter64=0 inter32=0 inter16=0 inter8=0 intra32=0 intra16=0 intra8=0 intra4=0 reftype=0
frame 217: send=0x0 get=0x0 len=10368 coding=1 startqp=0 meanqp=0 picbytes=0 pskip=0 nalus=1 n1:10368
  cu: inter64=0 inter32=0 inter16=0 inter8=0 intra32=0 intra16=0 intra8=0 intra4=0 reftype=0
frame 218: send=0x0 get=0x0 len=10734 coding=1 startqp=0 meanqp=0 picbytes=0 pskip=0 nalus=1 n1:10734
  cu: inter64=0 inter32=0 inter16=0 inter8=0 intra32=0 intra16=0 intra8=0 intra4=0 reftype=0
frame 219: send=0x0 get=0x0 len=12491 coding=1 startqp=0 meanqp=0 picbytes=0 pskip=0 nalus=1 n1:12491
  cu: inter64=0 inter32=0 inter16=0 inter8=0 intra32=0 intra16=0 intra8=0 intra4=0 reftype=0
frame 220: send=0x0 get=0x0 len=8074 coding=1 startqp=0 meanqp=0 picbytes=0 pskip=0 nalus=1 n1:8074
  cu: inter64=0 inter32=0 inter16=0 inter8=0 intra32=0 intra16=0 intra8=0 intra4=0 reftype=0
frame 221: send=0x0 get=0x0 len=11804 coding=1 startqp=0 meanqp=0 picbytes=0 pskip=0 nalus=1 n1:11804
  cu: inter64=0 inter32=0 inter16=0 inter8=0 intra32=0 intra16=0 intra8=0 intra4=0 reftype=0
frame 222: send=0x0 get=0x0 len=10870 coding=1 startqp=0 meanqp=0 picbytes=0 pskip=0 nalus=1 n1:10870
  cu: inter64=0 inter32=0 inter16=0 inter8=0 intra32=0 intra16=0 intra8=0 intra4=0 reftype=0
frame 223: send=0x0 get=0x0 len=11508 coding=1 startqp=0 meanqp=0 picbytes=0 pskip=0 nalus=1 n1:11508
  cu: inter64=0 inter32=0 inter16=0 inter8=0 intra32=0 intra16=0 intra8=0 intra4=0 reftype=0
frame 224: send=0x0 get=0x0 len=2579 coding=1 startqp=0 meanqp=0 picbytes=0 pskip=0 nalus=1 n1:2579
  cu: inter64=0 inter32=0 inter16=0 inter8=0 intra32=0 intra16=0 intra8=0 intra4=0 reftype=0
frame 225: send=0x0 get=0x0 len=9482 coding=1 startqp=0 meanqp=0 picbytes=0 pskip=0 nalus=1 n1:9482
  cu: inter64=0 inter32=0 inter16=0 inter8=0 intra32=0 intra16=0 intra8=0 intra4=0 reftype=0
frame 226: send=0x0 get=0x0 len=10550 coding=1 startqp=0 meanqp=0 picbytes=0 pskip=0 nalus=1 n1:10550
  cu: inter64=0 inter32=0 inter16=0 inter8=0 intra32=0 intra16=0 intra8=0 intra4=0 reftype=0
frame 227: send=0x0 get=0x0 len=12158 coding=1 startqp=0 meanqp=0 picbytes=0 pskip=0 nalus=1 n1:12158
  cu: inter64=0 inter32=0 inter16=0 inter8=0 intra32=0 intra16=0 intra8=0 intra4=0 reftype=0
frame 228: send=0x0 get=0x0 len=8167 coding=1 startqp=0 meanqp=0 picbytes=0 pskip=0 nalus=1 n1:8167
  cu: inter64=0 inter32=0 inter16=0 inter8=0 intra32=0 intra16=0 intra8=0 intra4=0 reftype=0
frame 229: send=0x0 get=0x0 len=11421 coding=1 startqp=0 meanqp=0 picbytes=0 pskip=0 nalus=1 n1:11421
  cu: inter64=0 inter32=0 inter16=0 inter8=0 intra32=0 intra16=0 intra8=0 intra4=0 reftype=0
frame 230: send=0x0 get=0x0 len=11989 coding=1 startqp=0 meanqp=0 picbytes=0 pskip=0 nalus=1 n1:11989
  cu: inter64=0 inter32=0 inter16=0 inter8=0 intra32=0 intra16=0 intra8=0 intra4=0 reftype=0
frame 231: send=0x0 get=0x0 len=11228 coding=1 startqp=0 meanqp=0 picbytes=0 pskip=0 nalus=1 n1:11228
  cu: inter64=0 inter32=0 inter16=0 inter8=0 intra32=0 intra16=0 intra8=0 intra4=0 reftype=0
frame 232: send=0x0 get=0x0 len=2146 coding=1 startqp=0 meanqp=0 picbytes=0 pskip=0 nalus=1 n1:2146
  cu: inter64=0 inter32=0 inter16=0 inter8=0 intra32=0 intra16=0 intra8=0 intra4=0 reftype=0
frame 233: send=0x0 get=0x0 len=9375 coding=1 startqp=0 meanqp=0 picbytes=0 pskip=0 nalus=1 n1:9375
  cu: inter64=0 inter32=0 inter16=0 inter8=0 intra32=0 intra16=0 intra8=0 intra4=0 reftype=0
frame 234: send=0x0 get=0x0 len=10525 coding=1 startqp=0 meanqp=0 picbytes=0 pskip=0 nalus=1 n1:10525
  cu: inter64=0 inter32=0 inter16=0 inter8=0 intra32=0 intra16=0 intra8=0 intra4=0 reftype=0
frame 235: send=0x0 get=0x0 len=12285 coding=1 startqp=0 meanqp=0 picbytes=0 pskip=0 nalus=1 n1:12285
  cu: inter64=0 inter32=0 inter16=0 inter8=0 intra32=0 intra16=0 intra8=0 intra4=0 reftype=0
frame 236: send=0x0 get=0x0 len=8338 coding=1 startqp=0 meanqp=0 picbytes=0 pskip=0 nalus=1 n1:8338
  cu: inter64=0 inter32=0 inter16=0 inter8=0 intra32=0 intra16=0 intra8=0 intra4=0 reftype=0
frame 237: send=0x0 get=0x0 len=11520 coding=1 startqp=0 meanqp=0 picbytes=0 pskip=0 nalus=1 n1:11520
  cu: inter64=0 inter32=0 inter16=0 inter8=0 intra32=0 intra16=0 intra8=0 intra4=0 reftype=0
frame 238: send=0x0 get=0x0 len=10788 coding=1 startqp=0 meanqp=0 picbytes=0 pskip=0 nalus=1 n1:10788
  cu: inter64=0 inter32=0 inter16=0 inter8=0 intra32=0 intra16=0 intra8=0 intra4=0 reftype=0
frame 239: send=0x0 get=0x0 len=11217 coding=1 startqp=0 meanqp=0 picbytes=0 pskip=0 nalus=1 n1:11217
  cu: inter64=0 inter32=0 inter16=0 inter8=0 intra32=0 intra16=0 intra8=0 intra4=0 reftype=0
frame 240: send=0x0 get=0x0 len=47302 coding=0 startqp=0 meanqp=0 picbytes=0 pskip=0 nalus=4 n32:27 n33:53 n34:12 n19:47210
  cu: inter64=0 inter32=0 inter16=0 inter8=0 intra32=0 intra16=0 intra8=0 intra4=0 reftype=0
frame 241: send=0x0 get=0x0 len=16290 coding=1 startqp=0 meanqp=0 picbytes=0 pskip=0 nalus=1 n1:16290
  cu: inter64=0 inter32=0 inter16=0 inter8=0 intra32=0 intra16=0 intra8=0 intra4=0 reftype=0
frame 242: send=0x0 get=0x0 len=7914 coding=1 startqp=0 meanqp=0 picbytes=0 pskip=0 nalus=1 n1:7914
  cu: inter64=0 inter32=0 inter16=0 inter8=0 intra32=0 intra16=0 intra8=0 intra4=0 reftype=0
frame 243: send=0x0 get=0x0 len=18904 coding=1 startqp=0 meanqp=0 picbytes=0 pskip=0 nalus=1 n1:18904
  cu: inter64=0 inter32=0 inter16=0 inter8=0 intra32=0 intra16=0 intra8=0 intra4=0 reftype=0
frame 244: send=0x0 get=0x0 len=8169 coding=1 startqp=0 meanqp=0 picbytes=0 pskip=0 nalus=1 n1:8169
  cu: inter64=0 inter32=0 inter16=0 inter8=0 intra32=0 intra16=0 intra8=0 intra4=0 reftype=0
frame 245: send=0x0 get=0x0 len=15030 coding=1 startqp=0 meanqp=0 picbytes=0 pskip=0 nalus=1 n1:15030
  cu: inter64=0 inter32=0 inter16=0 inter8=0 intra32=0 intra16=0 intra8=0 intra4=0 reftype=0
frame 246: send=0x0 get=0x0 len=10621 coding=1 startqp=0 meanqp=0 picbytes=0 pskip=0 nalus=1 n1:10621
  cu: inter64=0 inter32=0 inter16=0 inter8=0 intra32=0 intra16=0 intra8=0 intra4=0 reftype=0
frame 247: send=0x0 get=0x0 len=12307 coding=1 startqp=0 meanqp=0 picbytes=0 pskip=0 nalus=1 n1:12307
  cu: inter64=0 inter32=0 inter16=0 inter8=0 intra32=0 intra16=0 intra8=0 intra4=0 reftype=0
frame 248: send=0x0 get=0x0 len=3541 coding=1 startqp=0 meanqp=0 picbytes=0 pskip=0 nalus=1 n1:3541
  cu: inter64=0 inter32=0 inter16=0 inter8=0 intra32=0 intra16=0 intra8=0 intra4=0 reftype=0
frame 249: send=0x0 get=0x0 len=10188 coding=1 startqp=0 meanqp=0 picbytes=0 pskip=0 nalus=1 n1:10188
  cu: inter64=0 inter32=0 inter16=0 inter8=0 intra32=0 intra16=0 intra8=0 intra4=0 reftype=0
frame 250: send=0x0 get=0x0 len=10664 coding=1 startqp=0 meanqp=0 picbytes=0 pskip=0 nalus=1 n1:10664
  cu: inter64=0 inter32=0 inter16=0 inter8=0 intra32=0 intra16=0 intra8=0 intra4=0 reftype=0
frame 251: send=0x0 get=0x0 len=12303 coding=1 startqp=0 meanqp=0 picbytes=0 pskip=0 nalus=1 n1:12303
  cu: inter64=0 inter32=0 inter16=0 inter8=0 intra32=0 intra16=0 intra8=0 intra4=0 reftype=0
frame 252: send=0x0 get=0x0 len=7916 coding=1 startqp=0 meanqp=0 picbytes=0 pskip=0 nalus=1 n1:7916
  cu: inter64=0 inter32=0 inter16=0 inter8=0 intra32=0 intra16=0 intra8=0 intra4=0 reftype=0
frame 253: send=0x0 get=0x0 len=11906 coding=1 startqp=0 meanqp=0 picbytes=0 pskip=0 nalus=1 n1:11906
  cu: inter64=0 inter32=0 inter16=0 inter8=0 intra32=0 intra16=0 intra8=0 intra4=0 reftype=0
frame 254: send=0x0 get=0x0 len=11005 coding=1 startqp=0 meanqp=0 picbytes=0 pskip=0 nalus=1 n1:11005
  cu: inter64=0 inter32=0 inter16=0 inter8=0 intra32=0 intra16=0 intra8=0 intra4=0 reftype=0
frame 255: send=0x0 get=0x0 len=11491 coding=1 startqp=0 meanqp=0 picbytes=0 pskip=0 nalus=1 n1:11491
  cu: inter64=0 inter32=0 inter16=0 inter8=0 intra32=0 intra16=0 intra8=0 intra4=0 reftype=0
frame 256: send=0x0 get=0x0 len=2430 coding=1 startqp=0 meanqp=0 picbytes=0 pskip=0 nalus=1 n1:2430
  cu: inter64=0 inter32=0 inter16=0 inter8=0 intra32=0 intra16=0 intra8=0 intra4=0 reftype=0
frame 257: send=0x0 get=0x0 len=9618 coding=1 startqp=0 meanqp=0 picbytes=0 pskip=0 nalus=1 n1:9618
  cu: inter64=0 inter32=0 inter16=0 inter8=0 intra32=0 intra16=0 intra8=0 intra4=0 reftype=0
frame 258: send=0x0 get=0x0 len=10628 coding=1 startqp=0 meanqp=0 picbytes=0 pskip=0 nalus=1 n1:10628
  cu: inter64=0 inter32=0 inter16=0 inter8=0 intra32=0 intra16=0 intra8=0 intra4=0 reftype=0
frame 259: send=0x0 get=0x0 len=12088 coding=1 startqp=0 meanqp=0 picbytes=0 pskip=0 nalus=1 n1:12088
  cu: inter64=0 inter32=0 inter16=0 inter8=0 intra32=0 intra16=0 intra8=0 intra4=0 reftype=0
frame 260: send=0x0 get=0x0 len=8338 coding=1 startqp=0 meanqp=0 picbytes=0 pskip=0 nalus=1 n1:8338
  cu: inter64=0 inter32=0 inter16=0 inter8=0 intra32=0 intra16=0 intra8=0 intra4=0 reftype=0
frame 261: send=0x0 get=0x0 len=11508 coding=1 startqp=0 meanqp=0 picbytes=0 pskip=0 nalus=1 n1:11508
  cu: inter64=0 inter32=0 inter16=0 inter8=0 intra32=0 intra16=0 intra8=0 intra4=0 reftype=0
frame 262: send=0x0 get=0x0 len=11999 coding=1 startqp=0 meanqp=0 picbytes=0 pskip=0 nalus=1 n1:11999
  cu: inter64=0 inter32=0 inter16=0 inter8=0 intra32=0 intra16=0 intra8=0 intra4=0 reftype=0
frame 263: send=0x0 get=0x0 len=11184 coding=1 startqp=0 meanqp=0 picbytes=0 pskip=0 nalus=1 n1:11184
  cu: inter64=0 inter32=0 inter16=0 inter8=0 intra32=0 intra16=0 intra8=0 intra4=0 reftype=0
frame 264: send=0x0 get=0x0 len=2149 coding=1 startqp=0 meanqp=0 picbytes=0 pskip=0 nalus=1 n1:2149
  cu: inter64=0 inter32=0 inter16=0 inter8=0 intra32=0 intra16=0 intra8=0 intra4=0 reftype=0
frame 265: send=0x0 get=0x0 len=9440 coding=1 startqp=0 meanqp=0 picbytes=0 pskip=0 nalus=1 n1:9440
  cu: inter64=0 inter32=0 inter16=0 inter8=0 intra32=0 intra16=0 intra8=0 intra4=0 reftype=0
frame 266: send=0x0 get=0x0 len=10546 coding=1 startqp=0 meanqp=0 picbytes=0 pskip=0 nalus=1 n1:10546
  cu: inter64=0 inter32=0 inter16=0 inter8=0 intra32=0 intra16=0 intra8=0 intra4=0 reftype=0
frame 267: send=0x0 get=0x0 len=12307 coding=1 startqp=0 meanqp=0 picbytes=0 pskip=0 nalus=1 n1:12307
  cu: inter64=0 inter32=0 inter16=0 inter8=0 intra32=0 intra16=0 intra8=0 intra4=0 reftype=0
frame 268: send=0x0 get=0x0 len=7994 coding=1 startqp=0 meanqp=0 picbytes=0 pskip=0 nalus=1 n1:7994
  cu: inter64=0 inter32=0 inter16=0 inter8=0 intra32=0 intra16=0 intra8=0 intra4=0 reftype=0
frame 269: send=0x0 get=0x0 len=11543 coding=1 startqp=0 meanqp=0 picbytes=0 pskip=0 nalus=1 n1:11543
  cu: inter64=0 inter32=0 inter16=0 inter8=0 intra32=0 intra16=0 intra8=0 intra4=0 reftype=0
frame 270: send=0x0 get=0x0 len=51793 coding=0 startqp=0 meanqp=0 picbytes=0 pskip=0 nalus=4 n32:27 n33:53 n34:12 n19:51701
  cu: inter64=0 inter32=0 inter16=0 inter8=0 intra32=0 intra16=0 intra8=0 intra4=0 reftype=0
frame 271: send=0x0 get=0x0 len=17196 coding=1 startqp=0 meanqp=0 picbytes=0 pskip=0 nalus=1 n1:17196
  cu: inter64=0 inter32=0 inter16=0 inter8=0 intra32=0 intra16=0 intra8=0 intra4=0 reftype=0
frame 272: send=0x0 get=0x0 len=3458 coding=1 startqp=0 meanqp=0 picbytes=0 pskip=0 nalus=1 n1:3458
  cu: inter64=0 inter32=0 inter16=0 inter8=0 intra32=0 intra16=0 intra8=0 intra4=0 reftype=0
frame 273: send=0x0 get=0x0 len=10614 coding=1 startqp=0 meanqp=0 picbytes=0 pskip=0 nalus=1 n1:10614
  cu: inter64=0 inter32=0 inter16=0 inter8=0 intra32=0 intra16=0 intra8=0 intra4=0 reftype=0
frame 274: send=0x0 get=0x0 len=10756 coding=1 startqp=0 meanqp=0 picbytes=0 pskip=0 nalus=1 n1:10756
  cu: inter64=0 inter32=0 inter16=0 inter8=0 intra32=0 intra16=0 intra8=0 intra4=0 reftype=0
frame 275: send=0x0 get=0x0 len=12314 coding=1 startqp=0 meanqp=0 picbytes=0 pskip=0 nalus=1 n1:12314
  cu: inter64=0 inter32=0 inter16=0 inter8=0 intra32=0 intra16=0 intra8=0 intra4=0 reftype=0
frame 276: send=0x0 get=0x0 len=8778 coding=1 startqp=0 meanqp=0 picbytes=0 pskip=0 nalus=1 n1:8778
  cu: inter64=0 inter32=0 inter16=0 inter8=0 intra32=0 intra16=0 intra8=0 intra4=0 reftype=0
frame 277: send=0x0 get=0x0 len=11710 coding=1 startqp=0 meanqp=0 picbytes=0 pskip=0 nalus=1 n1:11710
  cu: inter64=0 inter32=0 inter16=0 inter8=0 intra32=0 intra16=0 intra8=0 intra4=0 reftype=0
frame 278: send=0x0 get=0x0 len=12036 coding=1 startqp=0 meanqp=0 picbytes=0 pskip=0 nalus=1 n1:12036
  cu: inter64=0 inter32=0 inter16=0 inter8=0 intra32=0 intra16=0 intra8=0 intra4=0 reftype=0
frame 279: send=0x0 get=0x0 len=11320 coding=1 startqp=0 meanqp=0 picbytes=0 pskip=0 nalus=1 n1:11320
  cu: inter64=0 inter32=0 inter16=0 inter8=0 intra32=0 intra16=0 intra8=0 intra4=0 reftype=0
frame 280: send=0x0 get=0x0 len=2191 coding=1 startqp=0 meanqp=0 picbytes=0 pskip=0 nalus=1 n1:2191
  cu: inter64=0 inter32=0 inter16=0 inter8=0 intra32=0 intra16=0 intra8=0 intra4=0 reftype=0
frame 281: send=0x0 get=0x0 len=9565 coding=1 startqp=0 meanqp=0 picbytes=0 pskip=0 nalus=1 n1:9565
  cu: inter64=0 inter32=0 inter16=0 inter8=0 intra32=0 intra16=0 intra8=0 intra4=0 reftype=0
frame 282: send=0x0 get=0x0 len=10587 coding=1 startqp=0 meanqp=0 picbytes=0 pskip=0 nalus=1 n1:10587
  cu: inter64=0 inter32=0 inter16=0 inter8=0 intra32=0 intra16=0 intra8=0 intra4=0 reftype=0
frame 283: send=0x0 get=0x0 len=12562 coding=1 startqp=0 meanqp=0 picbytes=0 pskip=0 nalus=1 n1:12562
  cu: inter64=0 inter32=0 inter16=0 inter8=0 intra32=0 intra16=0 intra8=0 intra4=0 reftype=0
frame 284: send=0x0 get=0x0 len=8370 coding=1 startqp=0 meanqp=0 picbytes=0 pskip=0 nalus=1 n1:8370
  cu: inter64=0 inter32=0 inter16=0 inter8=0 intra32=0 intra16=0 intra8=0 intra4=0 reftype=0
frame 285: send=0x0 get=0x0 len=11494 coding=1 startqp=0 meanqp=0 picbytes=0 pskip=0 nalus=1 n1:11494
  cu: inter64=0 inter32=0 inter16=0 inter8=0 intra32=0 intra16=0 intra8=0 intra4=0 reftype=0
frame 286: send=0x0 get=0x0 len=10877 coding=1 startqp=0 meanqp=0 picbytes=0 pskip=0 nalus=1 n1:10877
  cu: inter64=0 inter32=0 inter16=0 inter8=0 intra32=0 intra16=0 intra8=0 intra4=0 reftype=0
frame 287: send=0x0 get=0x0 len=11181 coding=1 startqp=0 meanqp=0 picbytes=0 pskip=0 nalus=1 n1:11181
  cu: inter64=0 inter32=0 inter16=0 inter8=0 intra32=0 intra16=0 intra8=0 intra4=0 reftype=0
frame 288: send=0x0 get=0x0 len=2265 coding=1 startqp=0 meanqp=0 picbytes=0 pskip=0 nalus=1 n1:2265
  cu: inter64=0 inter32=0 inter16=0 inter8=0 intra32=0 intra16=0 intra8=0 intra4=0 reftype=0
frame 289: send=0x0 get=0x0 len=9397 coding=1 startqp=0 meanqp=0 picbytes=0 pskip=0 nalus=1 n1:9397
  cu: inter64=0 inter32=0 inter16=0 inter8=0 intra32=0 intra16=0 intra8=0 intra4=0 reftype=0
frame 290: send=0x0 get=0x0 len=10546 coding=1 startqp=0 meanqp=0 picbytes=0 pskip=0 nalus=1 n1:10546
  cu: inter64=0 inter32=0 inter16=0 inter8=0 intra32=0 intra16=0 intra8=0 intra4=0 reftype=0
frame 291: send=0x0 get=0x0 len=12187 coding=1 startqp=0 meanqp=0 picbytes=0 pskip=0 nalus=1 n1:12187
  cu: inter64=0 inter32=0 inter16=0 inter8=0 intra32=0 intra16=0 intra8=0 intra4=0 reftype=0
frame 292: send=0x0 get=0x0 len=8718 coding=1 startqp=0 meanqp=0 picbytes=0 pskip=0 nalus=1 n1:8718
  cu: inter64=0 inter32=0 inter16=0 inter8=0 intra32=0 intra16=0 intra8=0 intra4=0 reftype=0
frame 293: send=0x0 get=0x0 len=11313 coding=1 startqp=0 meanqp=0 picbytes=0 pskip=0 nalus=1 n1:11313
  cu: inter64=0 inter32=0 inter16=0 inter8=0 intra32=0 intra16=0 intra8=0 intra4=0 reftype=0
frame 294: send=0x0 get=0x0 len=11947 coding=1 startqp=0 meanqp=0 picbytes=0 pskip=0 nalus=1 n1:11947
  cu: inter64=0 inter32=0 inter16=0 inter8=0 intra32=0 intra16=0 intra8=0 intra4=0 reftype=0
frame 295: send=0x0 get=0x0 len=11132 coding=1 startqp=0 meanqp=0 picbytes=0 pskip=0 nalus=1 n1:11132
  cu: inter64=0 inter32=0 inter16=0 inter8=0 intra32=0 intra16=0 intra8=0 intra4=0 reftype=0
frame 296: send=0x0 get=0x0 len=2146 coding=1 startqp=0 meanqp=0 picbytes=0 pskip=0 nalus=1 n1:2146
  cu: inter64=0 inter32=0 inter16=0 inter8=0 intra32=0 intra16=0 intra8=0 intra4=0 reftype=0
frame 297: send=0x0 get=0x0 len=9427 coding=1 startqp=0 meanqp=0 picbytes=0 pskip=0 nalus=1 n1:9427
  cu: inter64=0 inter32=0 inter16=0 inter8=0 intra32=0 intra16=0 intra8=0 intra4=0 reftype=0
frame 298: send=0x0 get=0x0 len=10529 coding=1 startqp=0 meanqp=0 picbytes=0 pskip=0 nalus=1 n1:10529
  cu: inter64=0 inter32=0 inter16=0 inter8=0 intra32=0 intra16=0 intra8=0 intra4=0 reftype=0
frame 299: send=0x0 get=0x0 len=12405 coding=1 startqp=0 meanqp=0 picbytes=0 pskip=0 nalus=1 n1:12405
  cu: inter64=0 inter32=0 inter16=0 inter8=0 intra32=0 intra16=0 intra8=0 intra4=0 reftype=0
frame 300: send=0x0 get=0x0 len=64399 coding=0 startqp=0 meanqp=0 picbytes=0 pskip=0 nalus=4 n32:27 n33:53 n34:12 n19:64307
  cu: inter64=0 inter32=0 inter16=0 inter8=0 intra32=0 intra16=0 intra8=0 intra4=0 reftype=0
frame 301: send=0x0 get=0x0 len=15499 coding=1 startqp=0 meanqp=0 picbytes=0 pskip=0 nalus=1 n1:15499
  cu: inter64=0 inter32=0 inter16=0 inter8=0 intra32=0 intra16=0 intra8=0 intra4=0 reftype=0
frame 302: send=0x0 get=0x0 len=10884 coding=1 startqp=0 meanqp=0 picbytes=0 pskip=0 nalus=1 n1:10884
  cu: inter64=0 inter32=0 inter16=0 inter8=0 intra32=0 intra16=0 intra8=0 intra4=0 reftype=0
frame 303: send=0x0 get=0x0 len=14715 coding=1 startqp=0 meanqp=0 picbytes=0 pskip=0 nalus=1 n1:14715
  cu: inter64=0 inter32=0 inter16=0 inter8=0 intra32=0 intra16=0 intra8=0 intra4=0 reftype=0
frame 304: send=0x0 get=0x0 len=3777 coding=1 startqp=0 meanqp=0 picbytes=0 pskip=0 nalus=1 n1:3777
  cu: inter64=0 inter32=0 inter16=0 inter8=0 intra32=0 intra16=0 intra8=0 intra4=0 reftype=0
frame 305: send=0x0 get=0x0 len=10664 coding=1 startqp=0 meanqp=0 picbytes=0 pskip=0 nalus=1 n1:10664
  cu: inter64=0 inter32=0 inter16=0 inter8=0 intra32=0 intra16=0 intra8=0 intra4=0 reftype=0
frame 306: send=0x0 get=0x0 len=10815 coding=1 startqp=0 meanqp=0 picbytes=0 pskip=0 nalus=1 n1:10815
  cu: inter64=0 inter32=0 inter16=0 inter8=0 intra32=0 intra16=0 intra8=0 intra4=0 reftype=0
frame 307: send=0x0 get=0x0 len=12414 coding=1 startqp=0 meanqp=0 picbytes=0 pskip=0 nalus=1 n1:12414
  cu: inter64=0 inter32=0 inter16=0 inter8=0 intra32=0 intra16=0 intra8=0 intra4=0 reftype=0
frame 308: send=0x0 get=0x0 len=9051 coding=1 startqp=0 meanqp=0 picbytes=0 pskip=0 nalus=1 n1:9051
  cu: inter64=0 inter32=0 inter16=0 inter8=0 intra32=0 intra16=0 intra8=0 intra4=0 reftype=0
frame 309: send=0x0 get=0x0 len=11574 coding=1 startqp=0 meanqp=0 picbytes=0 pskip=0 nalus=1 n1:11574
  cu: inter64=0 inter32=0 inter16=0 inter8=0 intra32=0 intra16=0 intra8=0 intra4=0 reftype=0
frame 310: send=0x0 get=0x0 len=12038 coding=1 startqp=0 meanqp=0 picbytes=0 pskip=0 nalus=1 n1:12038
  cu: inter64=0 inter32=0 inter16=0 inter8=0 intra32=0 intra16=0 intra8=0 intra4=0 reftype=0
frame 311: send=0x0 get=0x0 len=11424 coding=1 startqp=0 meanqp=0 picbytes=0 pskip=0 nalus=1 n1:11424
  cu: inter64=0 inter32=0 inter16=0 inter8=0 intra32=0 intra16=0 intra8=0 intra4=0 reftype=0
frame 312: send=0x0 get=0x0 len=2656 coding=1 startqp=0 meanqp=0 picbytes=0 pskip=0 nalus=1 n1:2656
  cu: inter64=0 inter32=0 inter16=0 inter8=0 intra32=0 intra16=0 intra8=0 intra4=0 reftype=0
frame 313: send=0x0 get=0x0 len=9740 coding=1 startqp=0 meanqp=0 picbytes=0 pskip=0 nalus=1 n1:9740
  cu: inter64=0 inter32=0 inter16=0 inter8=0 intra32=0 intra16=0 intra8=0 intra4=0 reftype=0
frame 314: send=0x0 get=0x0 len=10677 coding=1 startqp=0 meanqp=0 picbytes=0 pskip=0 nalus=1 n1:10677
  cu: inter64=0 inter32=0 inter16=0 inter8=0 intra32=0 intra16=0 intra8=0 intra4=0 reftype=0
frame 315: send=0x0 get=0x0 len=12436 coding=1 startqp=0 meanqp=0 picbytes=0 pskip=0 nalus=1 n1:12436
  cu: inter64=0 inter32=0 inter16=0 inter8=0 intra32=0 intra16=0 intra8=0 intra4=0 reftype=0
frame 316: send=0x0 get=0x0 len=8523 coding=1 startqp=0 meanqp=0 picbytes=0 pskip=0 nalus=1 n1:8523
  cu: inter64=0 inter32=0 inter16=0 inter8=0 intra32=0 intra16=0 intra8=0 intra4=0 reftype=0
frame 317: send=0x0 get=0x0 len=11713 coding=1 startqp=0 meanqp=0 picbytes=0 pskip=0 nalus=1 n1:11713
  cu: inter64=0 inter32=0 inter16=0 inter8=0 intra32=0 intra16=0 intra8=0 intra4=0 reftype=0
frame 318: send=0x0 get=0x0 len=10967 coding=1 startqp=0 meanqp=0 picbytes=0 pskip=0 nalus=1 n1:10967
  cu: inter64=0 inter32=0 inter16=0 inter8=0 intra32=0 intra16=0 intra8=0 intra4=0 reftype=0
frame 319: send=0x0 get=0x0 len=11350 coding=1 startqp=0 meanqp=0 picbytes=0 pskip=0 nalus=1 n1:11350
  cu: inter64=0 inter32=0 inter16=0 inter8=0 intra32=0 intra16=0 intra8=0 intra4=0 reftype=0
frame 320: send=0x0 get=0x0 len=2428 coding=1 startqp=0 meanqp=0 picbytes=0 pskip=0 nalus=1 n1:2428
  cu: inter64=0 inter32=0 inter16=0 inter8=0 intra32=0 intra16=0 intra8=0 intra4=0 reftype=0
frame 321: send=0x0 get=0x0 len=9769 coding=1 startqp=0 meanqp=0 picbytes=0 pskip=0 nalus=1 n1:9769
  cu: inter64=0 inter32=0 inter16=0 inter8=0 intra32=0 intra16=0 intra8=0 intra4=0 reftype=0
frame 322: send=0x0 get=0x0 len=10615 coding=1 startqp=0 meanqp=0 picbytes=0 pskip=0 nalus=1 n1:10615
  cu: inter64=0 inter32=0 inter16=0 inter8=0 intra32=0 intra16=0 intra8=0 intra4=0 reftype=0
frame 323: send=0x0 get=0x0 len=12093 coding=1 startqp=0 meanqp=0 picbytes=0 pskip=0 nalus=1 n1:12093
  cu: inter64=0 inter32=0 inter16=0 inter8=0 intra32=0 intra16=0 intra8=0 intra4=0 reftype=0
frame 324: send=0x0 get=0x0 len=8538 coding=1 startqp=0 meanqp=0 picbytes=0 pskip=0 nalus=1 n1:8538
  cu: inter64=0 inter32=0 inter16=0 inter8=0 intra32=0 intra16=0 intra8=0 intra4=0 reftype=0
frame 325: send=0x0 get=0x0 len=11403 coding=1 startqp=0 meanqp=0 picbytes=0 pskip=0 nalus=1 n1:11403
  cu: inter64=0 inter32=0 inter16=0 inter8=0 intra32=0 intra16=0 intra8=0 intra4=0 reftype=0
frame 326: send=0x0 get=0x0 len=11995 coding=1 startqp=0 meanqp=0 picbytes=0 pskip=0 nalus=1 n1:11995
  cu: inter64=0 inter32=0 inter16=0 inter8=0 intra32=0 intra16=0 intra8=0 intra4=0 reftype=0
frame 327: send=0x0 get=0x0 len=11258 coding=1 startqp=0 meanqp=0 picbytes=0 pskip=0 nalus=1 n1:11258
  cu: inter64=0 inter32=0 inter16=0 inter8=0 intra32=0 intra16=0 intra8=0 intra4=0 reftype=0
frame 328: send=0x0 get=0x0 len=2362 coding=1 startqp=0 meanqp=0 picbytes=0 pskip=0 nalus=1 n1:2362
  cu: inter64=0 inter32=0 inter16=0 inter8=0 intra32=0 intra16=0 intra8=0 intra4=0 reftype=0
frame 329: send=0x0 get=0x0 len=9583 coding=1 startqp=0 meanqp=0 picbytes=0 pskip=0 nalus=1 n1:9583
  cu: inter64=0 inter32=0 inter16=0 inter8=0 intra32=0 intra16=0 intra8=0 intra4=0 reftype=0
frame 330: send=0x0 get=0x0 len=64839 coding=0 startqp=0 meanqp=0 picbytes=0 pskip=0 nalus=4 n32:27 n33:53 n34:12 n19:64747
  cu: inter64=0 inter32=0 inter16=0 inter8=0 intra32=0 intra16=0 intra8=0 intra4=0 reftype=0
frame 331: send=0x0 get=0x0 len=19967 coding=1 startqp=0 meanqp=0 picbytes=0 pskip=0 nalus=1 n1:19967
  cu: inter64=0 inter32=0 inter16=0 inter8=0 intra32=0 intra16=0 intra8=0 intra4=0 reftype=0
frame 332: send=0x0 get=0x0 len=10661 coding=1 startqp=0 meanqp=0 picbytes=0 pskip=0 nalus=1 n1:10661
  cu: inter64=0 inter32=0 inter16=0 inter8=0 intra32=0 intra16=0 intra8=0 intra4=0 reftype=0
frame 333: send=0x0 get=0x0 len=12660 coding=1 startqp=0 meanqp=0 picbytes=0 pskip=0 nalus=1 n1:12660
  cu: inter64=0 inter32=0 inter16=0 inter8=0 intra32=0 intra16=0 intra8=0 intra4=0 reftype=0
frame 334: send=0x0 get=0x0 len=11355 coding=1 startqp=0 meanqp=0 picbytes=0 pskip=0 nalus=1 n1:11355
  cu: inter64=0 inter32=0 inter16=0 inter8=0 intra32=0 intra16=0 intra8=0 intra4=0 reftype=0
frame 335: send=0x0 get=0x0 len=11845 coding=1 startqp=0 meanqp=0 picbytes=0 pskip=0 nalus=1 n1:11845
  cu: inter64=0 inter32=0 inter16=0 inter8=0 intra32=0 intra16=0 intra8=0 intra4=0 reftype=0
frame 336: send=0x0 get=0x0 len=3192 coding=1 startqp=0 meanqp=0 picbytes=0 pskip=0 nalus=1 n1:3192
  cu: inter64=0 inter32=0 inter16=0 inter8=0 intra32=0 intra16=0 intra8=0 intra4=0 reftype=0
frame 337: send=0x0 get=0x0 len=9995 coding=1 startqp=0 meanqp=0 picbytes=0 pskip=0 nalus=1 n1:9995
  cu: inter64=0 inter32=0 inter16=0 inter8=0 intra32=0 intra16=0 intra8=0 intra4=0 reftype=0
frame 338: send=0x0 get=0x0 len=10730 coding=1 startqp=0 meanqp=0 picbytes=0 pskip=0 nalus=1 n1:10730
  cu: inter64=0 inter32=0 inter16=0 inter8=0 intra32=0 intra16=0 intra8=0 intra4=0 reftype=0
frame 339: send=0x0 get=0x0 len=12263 coding=1 startqp=0 meanqp=0 picbytes=0 pskip=0 nalus=1 n1:12263
  cu: inter64=0 inter32=0 inter16=0 inter8=0 intra32=0 intra16=0 intra8=0 intra4=0 reftype=0
frame 340: send=0x0 get=0x0 len=8590 coding=1 startqp=0 meanqp=0 picbytes=0 pskip=0 nalus=1 n1:8590
  cu: inter64=0 inter32=0 inter16=0 inter8=0 intra32=0 intra16=0 intra8=0 intra4=0 reftype=0
frame 341: send=0x0 get=0x0 len=11489 coding=1 startqp=0 meanqp=0 picbytes=0 pskip=0 nalus=1 n1:11489
  cu: inter64=0 inter32=0 inter16=0 inter8=0 intra32=0 intra16=0 intra8=0 intra4=0 reftype=0
frame 342: send=0x0 get=0x0 len=12008 coding=1 startqp=0 meanqp=0 picbytes=0 pskip=0 nalus=1 n1:12008
  cu: inter64=0 inter32=0 inter16=0 inter8=0 intra32=0 intra16=0 intra8=0 intra4=0 reftype=0
frame 343: send=0x0 get=0x0 len=11423 coding=1 startqp=0 meanqp=0 picbytes=0 pskip=0 nalus=1 n1:11423
  cu: inter64=0 inter32=0 inter16=0 inter8=0 intra32=0 intra16=0 intra8=0 intra4=0 reftype=0
frame 344: send=0x0 get=0x0 len=2708 coding=1 startqp=0 meanqp=0 picbytes=0 pskip=0 nalus=1 n1:2708
  cu: inter64=0 inter32=0 inter16=0 inter8=0 intra32=0 intra16=0 intra8=0 intra4=0 reftype=0
frame 345: send=0x0 get=0x0 len=9644 coding=1 startqp=0 meanqp=0 picbytes=0 pskip=0 nalus=1 n1:9644
  cu: inter64=0 inter32=0 inter16=0 inter8=0 intra32=0 intra16=0 intra8=0 intra4=0 reftype=0
frame 346: send=0x0 get=0x0 len=10612 coding=1 startqp=0 meanqp=0 picbytes=0 pskip=0 nalus=1 n1:10612
  cu: inter64=0 inter32=0 inter16=0 inter8=0 intra32=0 intra16=0 intra8=0 intra4=0 reftype=0
frame 347: send=0x0 get=0x0 len=12407 coding=1 startqp=0 meanqp=0 picbytes=0 pskip=0 nalus=1 n1:12407
  cu: inter64=0 inter32=0 inter16=0 inter8=0 intra32=0 intra16=0 intra8=0 intra4=0 reftype=0
frame 348: send=0x0 get=0x0 len=8415 coding=1 startqp=0 meanqp=0 picbytes=0 pskip=0 nalus=1 n1:8415
  cu: inter64=0 inter32=0 inter16=0 inter8=0 intra32=0 intra16=0 intra8=0 intra4=0 reftype=0
frame 349: send=0x0 get=0x0 len=11589 coding=1 startqp=0 meanqp=0 picbytes=0 pskip=0 nalus=1 n1:11589
  cu: inter64=0 inter32=0 inter16=0 inter8=0 intra32=0 intra16=0 intra8=0 intra4=0 reftype=0
frame 350: send=0x0 get=0x0 len=10883 coding=1 startqp=0 meanqp=0 picbytes=0 pskip=0 nalus=1 n1:10883
  cu: inter64=0 inter32=0 inter16=0 inter8=0 intra32=0 intra16=0 intra8=0 intra4=0 reftype=0
frame 351: send=0x0 get=0x0 len=11349 coding=1 startqp=0 meanqp=0 picbytes=0 pskip=0 nalus=1 n1:11349
  cu: inter64=0 inter32=0 inter16=0 inter8=0 intra32=0 intra16=0 intra8=0 intra4=0 reftype=0
frame 352: send=0x0 get=0x0 len=2570 coding=1 startqp=0 meanqp=0 picbytes=0 pskip=0 nalus=1 n1:2570
  cu: inter64=0 inter32=0 inter16=0 inter8=0 intra32=0 intra16=0 intra8=0 intra4=0 reftype=0
frame 353: send=0x0 get=0x0 len=9630 coding=1 startqp=0 meanqp=0 picbytes=0 pskip=0 nalus=1 n1:9630
  cu: inter64=0 inter32=0 inter16=0 inter8=0 intra32=0 intra16=0 intra8=0 intra4=0 reftype=0
frame 354: send=0x0 get=0x0 len=10593 coding=1 startqp=0 meanqp=0 picbytes=0 pskip=0 nalus=1 n1:10593
  cu: inter64=0 inter32=0 inter16=0 inter8=0 intra32=0 intra16=0 intra8=0 intra4=0 reftype=0
frame 355: send=0x0 get=0x0 len=12219 coding=1 startqp=0 meanqp=0 picbytes=0 pskip=0 nalus=1 n1:12219
  cu: inter64=0 inter32=0 inter16=0 inter8=0 intra32=0 intra16=0 intra8=0 intra4=0 reftype=0
frame 356: send=0x0 get=0x0 len=8797 coding=1 startqp=0 meanqp=0 picbytes=0 pskip=0 nalus=1 n1:8797
  cu: inter64=0 inter32=0 inter16=0 inter8=0 intra32=0 intra16=0 intra8=0 intra4=0 reftype=0
frame 357: send=0x0 get=0x0 len=11381 coding=1 startqp=0 meanqp=0 picbytes=0 pskip=0 nalus=1 n1:11381
  cu: inter64=0 inter32=0 inter16=0 inter8=0 intra32=0 intra16=0 intra8=0 intra4=0 reftype=0
frame 358: send=0x0 get=0x0 len=12059 coding=1 startqp=0 meanqp=0 picbytes=0 pskip=0 nalus=1 n1:12059
  cu: inter64=0 inter32=0 inter16=0 inter8=0 intra32=0 intra16=0 intra8=0 intra4=0 reftype=0
frame 359: send=0x0 get=0x0 len=11305 coding=1 startqp=0 meanqp=0 picbytes=0 pskip=0 nalus=1 n1:11305
  cu: inter64=0 inter32=0 inter16=0 inter8=0 intra32=0 intra16=0 intra8=0 intra4=0 reftype=0
frame 360: send=0x0 get=0x0 len=64884 coding=0 startqp=0 meanqp=0 picbytes=0 pskip=0 nalus=4 n32:27 n33:53 n34:12 n19:64792
  cu: inter64=0 inter32=0 inter16=0 inter8=0 intra32=0 intra16=0 intra8=0 intra4=0 reftype=0
frame 361: send=0x0 get=0x0 len=15827 coding=1 startqp=0 meanqp=0 picbytes=0 pskip=0 nalus=1 n1:15827
  cu: inter64=0 inter32=0 inter16=0 inter8=0 intra32=0 intra16=0 intra8=0 intra4=0 reftype=0
frame 362: send=0x0 get=0x0 len=13092 coding=1 startqp=0 meanqp=0 picbytes=0 pskip=0 nalus=1 n1:13092
  cu: inter64=0 inter32=0 inter16=0 inter8=0 intra32=0 intra16=0 intra8=0 intra4=0 reftype=0
frame 363: send=0x0 get=0x0 len=13926 coding=1 startqp=0 meanqp=0 picbytes=0 pskip=0 nalus=1 n1:13926
  cu: inter64=0 inter32=0 inter16=0 inter8=0 intra32=0 intra16=0 intra8=0 intra4=0 reftype=0
frame 364: send=0x0 get=0x0 len=9418 coding=1 startqp=0 meanqp=0 picbytes=0 pskip=0 nalus=1 n1:9418
  cu: inter64=0 inter32=0 inter16=0 inter8=0 intra32=0 intra16=0 intra8=0 intra4=0 reftype=0
frame 365: send=0x0 get=0x0 len=12177 coding=1 startqp=0 meanqp=0 picbytes=0 pskip=0 nalus=1 n1:12177
  cu: inter64=0 inter32=0 inter16=0 inter8=0 intra32=0 intra16=0 intra8=0 intra4=0 reftype=0
frame 366: send=0x0 get=0x0 len=11167 coding=1 startqp=0 meanqp=0 picbytes=0 pskip=0 nalus=1 n1:11167
  cu: inter64=0 inter32=0 inter16=0 inter8=0 intra32=0 intra16=0 intra8=0 intra4=0 reftype=0
frame 367: send=0x0 get=0x0 len=11588 coding=1 startqp=0 meanqp=0 picbytes=0 pskip=0 nalus=1 n1:11588
  cu: inter64=0 inter32=0 inter16=0 inter8=0 intra32=0 intra16=0 intra8=0 intra4=0 reftype=0
frame 368: send=0x0 get=0x0 len=3042 coding=1 startqp=0 meanqp=0 picbytes=0 pskip=0 nalus=1 n1:3042
  cu: inter64=0 inter32=0 inter16=0 inter8=0 intra32=0 intra16=0 intra8=0 intra4=0 reftype=0
frame 369: send=0x0 get=0x0 len=9696 coding=1 startqp=0 meanqp=0 picbytes=0 pskip=0 nalus=1 n1:9696
  cu: inter64=0 inter32=0 inter16=0 inter8=0 intra32=0 intra16=0 intra8=0 intra4=0 reftype=0
frame 370: send=0x0 get=0x0 len=10633 coding=1 startqp=0 meanqp=0 picbytes=0 pskip=0 nalus=1 n1:10633
  cu: inter64=0 inter32=0 inter16=0 inter8=0 intra32=0 intra16=0 intra8=0 intra4=0 reftype=0
frame 371: send=0x0 get=0x0 len=12187 coding=1 startqp=0 meanqp=0 picbytes=0 pskip=0 nalus=1 n1:12187
  cu: inter64=0 inter32=0 inter16=0 inter8=0 intra32=0 intra16=0 intra8=0 intra4=0 reftype=0
frame 372: send=0x0 get=0x0 len=8729 coding=1 startqp=0 meanqp=0 picbytes=0 pskip=0 nalus=1 n1:8729
  cu: inter64=0 inter32=0 inter16=0 inter8=0 intra32=0 intra16=0 intra8=0 intra4=0 reftype=0
frame 373: send=0x0 get=0x0 len=11517 coding=1 startqp=0 meanqp=0 picbytes=0 pskip=0 nalus=1 n1:11517
  cu: inter64=0 inter32=0 inter16=0 inter8=0 intra32=0 intra16=0 intra8=0 intra4=0 reftype=0
frame 374: send=0x0 get=0x0 len=11981 coding=1 startqp=0 meanqp=0 picbytes=0 pskip=0 nalus=1 n1:11981
  cu: inter64=0 inter32=0 inter16=0 inter8=0 intra32=0 intra16=0 intra8=0 intra4=0 reftype=0
frame 375: send=0x0 get=0x0 len=11400 coding=1 startqp=0 meanqp=0 picbytes=0 pskip=0 nalus=1 n1:11400
  cu: inter64=0 inter32=0 inter16=0 inter8=0 intra32=0 intra16=0 intra8=0 intra4=0 reftype=0
frame 376: send=0x0 get=0x0 len=2785 coding=1 startqp=0 meanqp=0 picbytes=0 pskip=0 nalus=1 n1:2785
  cu: inter64=0 inter32=0 inter16=0 inter8=0 intra32=0 intra16=0 intra8=0 intra4=0 reftype=0
frame 377: send=0x0 get=0x0 len=9505 coding=1 startqp=0 meanqp=0 picbytes=0 pskip=0 nalus=1 n1:9505
  cu: inter64=0 inter32=0 inter16=0 inter8=0 intra32=0 intra16=0 intra8=0 intra4=0 reftype=0
frame 378: send=0x0 get=0x0 len=10577 coding=1 startqp=0 meanqp=0 picbytes=0 pskip=0 nalus=1 n1:10577
  cu: inter64=0 inter32=0 inter16=0 inter8=0 intra32=0 intra16=0 intra8=0 intra4=0 reftype=0
frame 379: send=0x0 get=0x0 len=12376 coding=1 startqp=0 meanqp=0 picbytes=0 pskip=0 nalus=1 n1:12376
  cu: inter64=0 inter32=0 inter16=0 inter8=0 intra32=0 intra16=0 intra8=0 intra4=0 reftype=0
frame 380: send=0x0 get=0x0 len=8452 coding=1 startqp=0 meanqp=0 picbytes=0 pskip=0 nalus=1 n1:8452
  cu: inter64=0 inter32=0 inter16=0 inter8=0 intra32=0 intra16=0 intra8=0 intra4=0 reftype=0
frame 381: send=0x0 get=0x0 len=11618 coding=1 startqp=0 meanqp=0 picbytes=0 pskip=0 nalus=1 n1:11618
  cu: inter64=0 inter32=0 inter16=0 inter8=0 intra32=0 intra16=0 intra8=0 intra4=0 reftype=0
frame 382: send=0x0 get=0x0 len=10860 coding=1 startqp=0 meanqp=0 picbytes=0 pskip=0 nalus=1 n1:10860
  cu: inter64=0 inter32=0 inter16=0 inter8=0 intra32=0 intra16=0 intra8=0 intra4=0 reftype=0
frame 383: send=0x0 get=0x0 len=11359 coding=1 startqp=0 meanqp=0 picbytes=0 pskip=0 nalus=1 n1:11359
  cu: inter64=0 inter32=0 inter16=0 inter8=0 intra32=0 intra16=0 intra8=0 intra4=0 reftype=0
frame 384: send=0x0 get=0x0 len=2563 coding=1 startqp=0 meanqp=0 picbytes=0 pskip=0 nalus=1 n1:2563
  cu: inter64=0 inter32=0 inter16=0 inter8=0 intra32=0 intra16=0 intra8=0 intra4=0 reftype=0
frame 385: send=0x0 get=0x0 len=9561 coding=1 startqp=0 meanqp=0 picbytes=0 pskip=0 nalus=1 n1:9561
  cu: inter64=0 inter32=0 inter16=0 inter8=0 intra32=0 intra16=0 intra8=0 intra4=0 reftype=0
frame 386: send=0x0 get=0x0 len=10572 coding=1 startqp=0 meanqp=0 picbytes=0 pskip=0 nalus=1 n1:10572
  cu: inter64=0 inter32=0 inter16=0 inter8=0 intra32=0 intra16=0 intra8=0 intra4=0 reftype=0
frame 387: send=0x0 get=0x0 len=12238 coding=1 startqp=0 meanqp=0 picbytes=0 pskip=0 nalus=1 n1:12238
  cu: inter64=0 inter32=0 inter16=0 inter8=0 intra32=0 intra16=0 intra8=0 intra4=0 reftype=0
frame 388: send=0x0 get=0x0 len=8637 coding=1 startqp=0 meanqp=0 picbytes=0 pskip=0 nalus=1 n1:8637
  cu: inter64=0 inter32=0 inter16=0 inter8=0 intra32=0 intra16=0 intra8=0 intra4=0 reftype=0
frame 389: send=0x0 get=0x0 len=11417 coding=1 startqp=0 meanqp=0 picbytes=0 pskip=0 nalus=1 n1:11417
  cu: inter64=0 inter32=0 inter16=0 inter8=0 intra32=0 intra16=0 intra8=0 intra4=0 reftype=0
frame 390: send=0x0 get=0x0 len=65105 coding=0 startqp=0 meanqp=0 picbytes=0 pskip=0 nalus=4 n32:27 n33:53 n34:12 n19:65013
  cu: inter64=0 inter32=0 inter16=0 inter8=0 intra32=0 intra16=0 intra8=0 intra4=0 reftype=0
frame 391: send=0x0 get=0x0 len=18529 coding=1 startqp=0 meanqp=0 picbytes=0 pskip=0 nalus=1 n1:18529
  cu: inter64=0 inter32=0 inter16=0 inter8=0 intra32=0 intra16=0 intra8=0 intra4=0 reftype=0
frame 392: send=0x0 get=0x0 len=5429 coding=1 startqp=0 meanqp=0 picbytes=0 pskip=0 nalus=1 n1:5429
  cu: inter64=0 inter32=0 inter16=0 inter8=0 intra32=0 intra16=0 intra8=0 intra4=0 reftype=0
frame 393: send=0x0 get=0x0 len=10497 coding=1 startqp=0 meanqp=0 picbytes=0 pskip=0 nalus=1 n1:10497
  cu: inter64=0 inter32=0 inter16=0 inter8=0 intra32=0 intra16=0 intra8=0 intra4=0 reftype=0
frame 394: send=0x0 get=0x0 len=11039 coding=1 startqp=0 meanqp=0 picbytes=0 pskip=0 nalus=1 n1:11039
  cu: inter64=0 inter32=0 inter16=0 inter8=0 intra32=0 intra16=0 intra8=0 intra4=0 reftype=0
frame 395: send=0x0 get=0x0 len=12694 coding=1 startqp=0 meanqp=0 picbytes=0 pskip=0 nalus=1 n1:12694
  cu: inter64=0 inter32=0 inter16=0 inter8=0 intra32=0 intra16=0 intra8=0 intra4=0 reftype=0
frame 396: send=0x0 get=0x0 len=8879 coding=1 startqp=0 meanqp=0 picbytes=0 pskip=0 nalus=1 n1:8879
  cu: inter64=0 inter32=0 inter16=0 inter8=0 intra32=0 intra16=0 intra8=0 intra4=0 reftype=0
frame 397: send=0x0 get=0x0 len=11927 coding=1 startqp=0 meanqp=0 picbytes=0 pskip=0 nalus=1 n1:11927
  cu: inter64=0 inter32=0 inter16=0 inter8=0 intra32=0 intra16=0 intra8=0 intra4=0 reftype=0
frame 398: send=0x0 get=0x0 len=10970 coding=1 startqp=0 meanqp=0 picbytes=0 pskip=0 nalus=1 n1:10970
  cu: inter64=0 inter32=0 inter16=0 inter8=0 intra32=0 intra16=0 intra8=0 intra4=0 reftype=0
frame 399: send=0x0 get=0x0 len=11551 coding=1 startqp=0 meanqp=0 picbytes=0 pskip=0 nalus=1 n1:11551
  cu: inter64=0 inter32=0 inter16=0 inter8=0 intra32=0 intra16=0 intra8=0 intra4=0 reftype=0
frame 400: send=0x0 get=0x0 len=2391 coding=1 startqp=0 meanqp=0 picbytes=0 pskip=0 nalus=1 n1:2391
  cu: inter64=0 inter32=0 inter16=0 inter8=0 intra32=0 intra16=0 intra8=0 intra4=0 reftype=0
frame 401: send=0x0 get=0x0 len=9789 coding=1 startqp=0 meanqp=0 picbytes=0 pskip=0 nalus=1 n1:9789
  cu: inter64=0 inter32=0 inter16=0 inter8=0 intra32=0 intra16=0 intra8=0 intra4=0 reftype=0
frame 402: send=0x0 get=0x0 len=10595 coding=1 startqp=0 meanqp=0 picbytes=0 pskip=0 nalus=1 n1:10595
  cu: inter64=0 inter32=0 inter16=0 inter8=0 intra32=0 intra16=0 intra8=0 intra4=0 reftype=0
frame 403: send=0x0 get=0x0 len=12112 coding=1 startqp=0 meanqp=0 picbytes=0 pskip=0 nalus=1 n1:12112
  cu: inter64=0 inter32=0 inter16=0 inter8=0 intra32=0 intra16=0 intra8=0 intra4=0 reftype=0
frame 404: send=0x0 get=0x0 len=8436 coding=1 startqp=0 meanqp=0 picbytes=0 pskip=0 nalus=1 n1:8436
  cu: inter64=0 inter32=0 inter16=0 inter8=0 intra32=0 intra16=0 intra8=0 intra4=0 reftype=0
frame 405: send=0x0 get=0x0 len=11419 coding=1 startqp=0 meanqp=0 picbytes=0 pskip=0 nalus=1 n1:11419
  cu: inter64=0 inter32=0 inter16=0 inter8=0 intra32=0 intra16=0 intra8=0 intra4=0 reftype=0
frame 406: send=0x0 get=0x0 len=12024 coding=1 startqp=0 meanqp=0 picbytes=0 pskip=0 nalus=1 n1:12024
  cu: inter64=0 inter32=0 inter16=0 inter8=0 intra32=0 intra16=0 intra8=0 intra4=0 reftype=0
frame 407: send=0x0 get=0x0 len=11385 coding=1 startqp=0 meanqp=0 picbytes=0 pskip=0 nalus=1 n1:11385
  cu: inter64=0 inter32=0 inter16=0 inter8=0 intra32=0 intra16=0 intra8=0 intra4=0 reftype=0
frame 408: send=0x0 get=0x0 len=2637 coding=1 startqp=0 meanqp=0 picbytes=0 pskip=0 nalus=1 n1:2637
  cu: inter64=0 inter32=0 inter16=0 inter8=0 intra32=0 intra16=0 intra8=0 intra4=0 reftype=0
frame 409: send=0x0 get=0x0 len=9631 coding=1 startqp=0 meanqp=0 picbytes=0 pskip=0 nalus=1 n1:9631
  cu: inter64=0 inter32=0 inter16=0 inter8=0 intra32=0 intra16=0 intra8=0 intra4=0 reftype=0
frame 410: send=0x0 get=0x0 len=10614 coding=1 startqp=0 meanqp=0 picbytes=0 pskip=0 nalus=1 n1:10614
  cu: inter64=0 inter32=0 inter16=0 inter8=0 intra32=0 intra16=0 intra8=0 intra4=0 reftype=0
frame 411: send=0x0 get=0x0 len=12377 coding=1 startqp=0 meanqp=0 picbytes=0 pskip=0 nalus=1 n1:12377
  cu: inter64=0 inter32=0 inter16=0 inter8=0 intra32=0 intra16=0 intra8=0 intra4=0 reftype=0
frame 412: send=0x0 get=0x0 len=8369 coding=1 startqp=0 meanqp=0 picbytes=0 pskip=0 nalus=1 n1:8369
  cu: inter64=0 inter32=0 inter16=0 inter8=0 intra32=0 intra16=0 intra8=0 intra4=0 reftype=0
frame 413: send=0x0 get=0x0 len=11598 coding=1 startqp=0 meanqp=0 picbytes=0 pskip=0 nalus=1 n1:11598
  cu: inter64=0 inter32=0 inter16=0 inter8=0 intra32=0 intra16=0 intra8=0 intra4=0 reftype=0
frame 414: send=0x0 get=0x0 len=10940 coding=1 startqp=0 meanqp=0 picbytes=0 pskip=0 nalus=1 n1:10940
  cu: inter64=0 inter32=0 inter16=0 inter8=0 intra32=0 intra16=0 intra8=0 intra4=0 reftype=0
frame 415: send=0x0 get=0x0 len=11338 coding=1 startqp=0 meanqp=0 picbytes=0 pskip=0 nalus=1 n1:11338
  cu: inter64=0 inter32=0 inter16=0 inter8=0 intra32=0 intra16=0 intra8=0 intra4=0 reftype=0
frame 416: send=0x0 get=0x0 len=2253 coding=1 startqp=0 meanqp=0 picbytes=0 pskip=0 nalus=1 n1:2253
  cu: inter64=0 inter32=0 inter16=0 inter8=0 intra32=0 intra16=0 intra8=0 intra4=0 reftype=0
frame 417: send=0x0 get=0x0 len=9542 coding=1 startqp=0 meanqp=0 picbytes=0 pskip=0 nalus=1 n1:9542
  cu: inter64=0 inter32=0 inter16=0 inter8=0 intra32=0 intra16=0 intra8=0 intra4=0 reftype=0
frame 418: send=0x0 get=0x0 len=10578 coding=1 startqp=0 meanqp=0 picbytes=0 pskip=0 nalus=1 n1:10578
  cu: inter64=0 inter32=0 inter16=0 inter8=0 intra32=0 intra16=0 intra8=0 intra4=0 reftype=0
frame 419: send=0x0 get=0x0 len=12248 coding=1 startqp=0 meanqp=0 picbytes=0 pskip=0 nalus=1 n1:12248
  cu: inter64=0 inter32=0 inter16=0 inter8=0 intra32=0 intra16=0 intra8=0 intra4=0 reftype=0
frame 420: send=0x0 get=0x0 len=64562 coding=0 startqp=0 meanqp=0 picbytes=0 pskip=0 nalus=4 n32:27 n33:53 n34:12 n19:64470
  cu: inter64=0 inter32=0 inter16=0 inter8=0 intra32=0 intra16=0 intra8=0 intra4=0 reftype=0
frame 421: send=0x0 get=0x0 len=16400 coding=1 startqp=0 meanqp=0 picbytes=0 pskip=0 nalus=1 n1:16400
  cu: inter64=0 inter32=0 inter16=0 inter8=0 intra32=0 intra16=0 intra8=0 intra4=0 reftype=0
frame 422: send=0x0 get=0x0 len=14096 coding=1 startqp=0 meanqp=0 picbytes=0 pskip=0 nalus=1 n1:14096
  cu: inter64=0 inter32=0 inter16=0 inter8=0 intra32=0 intra16=0 intra8=0 intra4=0 reftype=0
frame 423: send=0x0 get=0x0 len=12558 coding=1 startqp=0 meanqp=0 picbytes=0 pskip=0 nalus=1 n1:12558
  cu: inter64=0 inter32=0 inter16=0 inter8=0 intra32=0 intra16=0 intra8=0 intra4=0 reftype=0
frame 424: send=0x0 get=0x0 len=3746 coding=1 startqp=0 meanqp=0 picbytes=0 pskip=0 nalus=1 n1:3746
  cu: inter64=0 inter32=0 inter16=0 inter8=0 intra32=0 intra16=0 intra8=0 intra4=0 reftype=0
frame 425: send=0x0 get=0x0 len=10380 coding=1 startqp=0 meanqp=0 picbytes=0 pskip=0 nalus=1 n1:10380
  cu: inter64=0 inter32=0 inter16=0 inter8=0 intra32=0 intra16=0 intra8=0 intra4=0 reftype=0
frame 426: send=0x0 get=0x0 len=10843 coding=1 startqp=0 meanqp=0 picbytes=0 pskip=0 nalus=1 n1:10843
  cu: inter64=0 inter32=0 inter16=0 inter8=0 intra32=0 intra16=0 intra8=0 intra4=0 reftype=0
frame 427: send=0x0 get=0x0 len=12552 coding=1 startqp=0 meanqp=0 picbytes=0 pskip=0 nalus=1 n1:12552
  cu: inter64=0 inter32=0 inter16=0 inter8=0 intra32=0 intra16=0 intra8=0 intra4=0 reftype=0
frame 428: send=0x0 get=0x0 len=8466 coding=1 startqp=0 meanqp=0 picbytes=0 pskip=0 nalus=1 n1:8466
  cu: inter64=0 inter32=0 inter16=0 inter8=0 intra32=0 intra16=0 intra8=0 intra4=0 reftype=0
frame 429: send=0x0 get=0x0 len=11689 coding=1 startqp=0 meanqp=0 picbytes=0 pskip=0 nalus=1 n1:11689
  cu: inter64=0 inter32=0 inter16=0 inter8=0 intra32=0 intra16=0 intra8=0 intra4=0 reftype=0
frame 430: send=0x0 get=0x0 len=10928 coding=1 startqp=0 meanqp=0 picbytes=0 pskip=0 nalus=1 n1:10928
  cu: inter64=0 inter32=0 inter16=0 inter8=0 intra32=0 intra16=0 intra8=0 intra4=0 reftype=0
frame 431: send=0x0 get=0x0 len=11413 coding=1 startqp=0 meanqp=0 picbytes=0 pskip=0 nalus=1 n1:11413
  cu: inter64=0 inter32=0 inter16=0 inter8=0 intra32=0 intra16=0 intra8=0 intra4=0 reftype=0
frame 432: send=0x0 get=0x0 len=2607 coding=1 startqp=0 meanqp=0 picbytes=0 pskip=0 nalus=1 n1:2607
  cu: inter64=0 inter32=0 inter16=0 inter8=0 intra32=0 intra16=0 intra8=0 intra4=0 reftype=0
frame 433: send=0x0 get=0x0 len=9602 coding=1 startqp=0 meanqp=0 picbytes=0 pskip=0 nalus=1 n1:9602
  cu: inter64=0 inter32=0 inter16=0 inter8=0 intra32=0 intra16=0 intra8=0 intra4=0 reftype=0
frame 434: send=0x0 get=0x0 len=10543 coding=1 startqp=0 meanqp=0 picbytes=0 pskip=0 nalus=1 n1:10543
  cu: inter64=0 inter32=0 inter16=0 inter8=0 intra32=0 intra16=0 intra8=0 intra4=0 reftype=0
frame 435: send=0x0 get=0x0 len=12138 coding=1 startqp=0 meanqp=0 picbytes=0 pskip=0 nalus=1 n1:12138
  cu: inter64=0 inter32=0 inter16=0 inter8=0 intra32=0 intra16=0 intra8=0 intra4=0 reftype=0
frame 436: send=0x0 get=0x0 len=8398 coding=1 startqp=0 meanqp=0 picbytes=0 pskip=0 nalus=1 n1:8398
  cu: inter64=0 inter32=0 inter16=0 inter8=0 intra32=0 intra16=0 intra8=0 intra4=0 reftype=0
frame 437: send=0x0 get=0x0 len=11401 coding=1 startqp=0 meanqp=0 picbytes=0 pskip=0 nalus=1 n1:11401
  cu: inter64=0 inter32=0 inter16=0 inter8=0 intra32=0 intra16=0 intra8=0 intra4=0 reftype=0
frame 438: send=0x0 get=0x0 len=11970 coding=1 startqp=0 meanqp=0 picbytes=0 pskip=0 nalus=1 n1:11970
  cu: inter64=0 inter32=0 inter16=0 inter8=0 intra32=0 intra16=0 intra8=0 intra4=0 reftype=0
frame 439: send=0x0 get=0x0 len=11286 coding=1 startqp=0 meanqp=0 picbytes=0 pskip=0 nalus=1 n1:11286
  cu: inter64=0 inter32=0 inter16=0 inter8=0 intra32=0 intra16=0 intra8=0 intra4=0 reftype=0
frame 440: send=0x0 get=0x0 len=2593 coding=1 startqp=0 meanqp=0 picbytes=0 pskip=0 nalus=1 n1:2593
  cu: inter64=0 inter32=0 inter16=0 inter8=0 intra32=0 intra16=0 intra8=0 intra4=0 reftype=0
frame 441: send=0x0 get=0x0 len=9565 coding=1 startqp=0 meanqp=0 picbytes=0 pskip=0 nalus=1 n1:9565
  cu: inter64=0 inter32=0 inter16=0 inter8=0 intra32=0 intra16=0 intra8=0 intra4=0 reftype=0
frame 442: send=0x0 get=0x0 len=10536 coding=1 startqp=0 meanqp=0 picbytes=0 pskip=0 nalus=1 n1:10536
  cu: inter64=0 inter32=0 inter16=0 inter8=0 intra32=0 intra16=0 intra8=0 intra4=0 reftype=0
frame 443: send=0x0 get=0x0 len=12270 coding=1 startqp=0 meanqp=0 picbytes=0 pskip=0 nalus=1 n1:12270
  cu: inter64=0 inter32=0 inter16=0 inter8=0 intra32=0 intra16=0 intra8=0 intra4=0 reftype=0
frame 444: send=0x0 get=0x0 len=8242 coding=1 startqp=0 meanqp=0 picbytes=0 pskip=0 nalus=1 n1:8242
  cu: inter64=0 inter32=0 inter16=0 inter8=0 intra32=0 intra16=0 intra8=0 intra4=0 reftype=0
frame 445: send=0x0 get=0x0 len=11571 coding=1 startqp=0 meanqp=0 picbytes=0 pskip=0 nalus=1 n1:11571
  cu: inter64=0 inter32=0 inter16=0 inter8=0 intra32=0 intra16=0 intra8=0 intra4=0 reftype=0
frame 446: send=0x0 get=0x0 len=10894 coding=1 startqp=0 meanqp=0 picbytes=0 pskip=0 nalus=1 n1:10894
  cu: inter64=0 inter32=0 inter16=0 inter8=0 intra32=0 intra16=0 intra8=0 intra4=0 reftype=0
frame 447: send=0x0 get=0x0 len=11264 coding=1 startqp=0 meanqp=0 picbytes=0 pskip=0 nalus=1 n1:11264
  cu: inter64=0 inter32=0 inter16=0 inter8=0 intra32=0 intra16=0 intra8=0 intra4=0 reftype=0
frame 448: send=0x0 get=0x0 len=2246 coding=1 startqp=0 meanqp=0 picbytes=0 pskip=0 nalus=1 n1:2246
  cu: inter64=0 inter32=0 inter16=0 inter8=0 intra32=0 intra16=0 intra8=0 intra4=0 reftype=0
frame 449: send=0x0 get=0x0 len=9508 coding=1 startqp=0 meanqp=0 picbytes=0 pskip=0 nalus=1 n1:9508
  cu: inter64=0 inter32=0 inter16=0 inter8=0 intra32=0 intra16=0 intra8=0 intra4=0 reftype=0
frame 450: send=0x0 get=0x0 len=64770 coding=0 startqp=0 meanqp=0 picbytes=0 pskip=0 nalus=4 n32:27 n33:53 n34:12 n19:64678
  cu: inter64=0 inter32=0 inter16=0 inter8=0 intra32=0 intra16=0 intra8=0 intra4=0 reftype=0
frame 451: send=0x0 get=0x0 len=19392 coding=1 startqp=0 meanqp=0 picbytes=0 pskip=0 nalus=1 n1:19392
  cu: inter64=0 inter32=0 inter16=0 inter8=0 intra32=0 intra16=0 intra8=0 intra4=0 reftype=0
frame 452: send=0x0 get=0x0 len=11182 coding=1 startqp=0 meanqp=0 picbytes=0 pskip=0 nalus=1 n1:11182
  cu: inter64=0 inter32=0 inter16=0 inter8=0 intra32=0 intra16=0 intra8=0 intra4=0 reftype=0
frame 453: send=0x0 get=0x0 len=12322 coding=1 startqp=0 meanqp=0 picbytes=0 pskip=0 nalus=1 n1:12322
  cu: inter64=0 inter32=0 inter16=0 inter8=0 intra32=0 intra16=0 intra8=0 intra4=0 reftype=0
frame 454: send=0x0 get=0x0 len=12240 coding=1 startqp=0 meanqp=0 picbytes=0 pskip=0 nalus=1 n1:12240
  cu: inter64=0 inter32=0 inter16=0 inter8=0 intra32=0 intra16=0 intra8=0 intra4=0 reftype=0
frame 455: send=0x0 get=0x0 len=11705 coding=1 startqp=0 meanqp=0 picbytes=0 pskip=0 nalus=1 n1:11705
  cu: inter64=0 inter32=0 inter16=0 inter8=0 intra32=0 intra16=0 intra8=0 intra4=0 reftype=0
frame 456: send=0x0 get=0x0 len=3539 coding=1 startqp=0 meanqp=0 picbytes=0 pskip=0 nalus=1 n1:3539
  cu: inter64=0 inter32=0 inter16=0 inter8=0 intra32=0 intra16=0 intra8=0 intra4=0 reftype=0
frame 457: send=0x0 get=0x0 len=9827 coding=1 startqp=0 meanqp=0 picbytes=0 pskip=0 nalus=1 n1:9827
  cu: inter64=0 inter32=0 inter16=0 inter8=0 intra32=0 intra16=0 intra8=0 intra4=0 reftype=0
frame 458: send=0x0 get=0x0 len=10696 coding=1 startqp=0 meanqp=0 picbytes=0 pskip=0 nalus=1 n1:10696
  cu: inter64=0 inter32=0 inter16=0 inter8=0 intra32=0 intra16=0 intra8=0 intra4=0 reftype=0
frame 459: send=0x0 get=0x0 len=12539 coding=1 startqp=0 meanqp=0 picbytes=0 pskip=0 nalus=1 n1:12539
  cu: inter64=0 inter32=0 inter16=0 inter8=0 intra32=0 intra16=0 intra8=0 intra4=0 reftype=0
frame 460: send=0x0 get=0x0 len=8504 coding=1 startqp=0 meanqp=0 picbytes=0 pskip=0 nalus=1 n1:8504
  cu: inter64=0 inter32=0 inter16=0 inter8=0 intra32=0 intra16=0 intra8=0 intra4=0 reftype=0
frame 461: send=0x0 get=0x0 len=11700 coding=1 startqp=0 meanqp=0 picbytes=0 pskip=0 nalus=1 n1:11700
  cu: inter64=0 inter32=0 inter16=0 inter8=0 intra32=0 intra16=0 intra8=0 intra4=0 reftype=0
frame 462: send=0x0 get=0x0 len=10915 coding=1 startqp=0 meanqp=0 picbytes=0 pskip=0 nalus=1 n1:10915
  cu: inter64=0 inter32=0 inter16=0 inter8=0 intra32=0 intra16=0 intra8=0 intra4=0 reftype=0
frame 463: send=0x0 get=0x0 len=11463 coding=1 startqp=0 meanqp=0 picbytes=0 pskip=0 nalus=1 n1:11463
  cu: inter64=0 inter32=0 inter16=0 inter8=0 intra32=0 intra16=0 intra8=0 intra4=0 reftype=0
frame 464: send=0x0 get=0x0 len=2604 coding=1 startqp=0 meanqp=0 picbytes=0 pskip=0 nalus=1 n1:2604
  cu: inter64=0 inter32=0 inter16=0 inter8=0 intra32=0 intra16=0 intra8=0 intra4=0 reftype=0
frame 465: send=0x0 get=0x0 len=9554 coding=1 startqp=0 meanqp=0 picbytes=0 pskip=0 nalus=1 n1:9554
  cu: inter64=0 inter32=0 inter16=0 inter8=0 intra32=0 intra16=0 intra8=0 intra4=0 reftype=0
frame 466: send=0x0 get=0x0 len=10609 coding=1 startqp=0 meanqp=0 picbytes=0 pskip=0 nalus=1 n1:10609
  cu: inter64=0 inter32=0 inter16=0 inter8=0 intra32=0 intra16=0 intra8=0 intra4=0 reftype=0
frame 467: send=0x0 get=0x0 len=12172 coding=1 startqp=0 meanqp=0 picbytes=0 pskip=0 nalus=1 n1:12172
  cu: inter64=0 inter32=0 inter16=0 inter8=0 intra32=0 intra16=0 intra8=0 intra4=0 reftype=0
frame 468: send=0x0 get=0x0 len=8508 coding=1 startqp=0 meanqp=0 picbytes=0 pskip=0 nalus=1 n1:8508
  cu: inter64=0 inter32=0 inter16=0 inter8=0 intra32=0 intra16=0 intra8=0 intra4=0 reftype=0
frame 469: send=0x0 get=0x0 len=11342 coding=1 startqp=0 meanqp=0 picbytes=0 pskip=0 nalus=1 n1:11342
  cu: inter64=0 inter32=0 inter16=0 inter8=0 intra32=0 intra16=0 intra8=0 intra4=0 reftype=0
frame 470: send=0x0 get=0x0 len=11929 coding=1 startqp=0 meanqp=0 picbytes=0 pskip=0 nalus=1 n1:11929
  cu: inter64=0 inter32=0 inter16=0 inter8=0 intra32=0 intra16=0 intra8=0 intra4=0 reftype=0
frame 471: send=0x0 get=0x0 len=11280 coding=1 startqp=0 meanqp=0 picbytes=0 pskip=0 nalus=1 n1:11280
  cu: inter64=0 inter32=0 inter16=0 inter8=0 intra32=0 intra16=0 intra8=0 intra4=0 reftype=0
frame 472: send=0x0 get=0x0 len=2275 coding=1 startqp=0 meanqp=0 picbytes=0 pskip=0 nalus=1 n1:2275
  cu: inter64=0 inter32=0 inter16=0 inter8=0 intra32=0 intra16=0 intra8=0 intra4=0 reftype=0
frame 473: send=0x0 get=0x0 len=9479 coding=1 startqp=0 meanqp=0 picbytes=0 pskip=0 nalus=1 n1:9479
  cu: inter64=0 inter32=0 inter16=0 inter8=0 intra32=0 intra16=0 intra8=0 intra4=0 reftype=0
frame 474: send=0x0 get=0x0 len=10547 coding=1 startqp=0 meanqp=0 picbytes=0 pskip=0 nalus=1 n1:10547
  cu: inter64=0 inter32=0 inter16=0 inter8=0 intra32=0 intra16=0 intra8=0 intra4=0 reftype=0
frame 475: send=0x0 get=0x0 len=12332 coding=1 startqp=0 meanqp=0 picbytes=0 pskip=0 nalus=1 n1:12332
  cu: inter64=0 inter32=0 inter16=0 inter8=0 intra32=0 intra16=0 intra8=0 intra4=0 reftype=0
frame 476: send=0x0 get=0x0 len=8239 coding=1 startqp=0 meanqp=0 picbytes=0 pskip=0 nalus=1 n1:8239
  cu: inter64=0 inter32=0 inter16=0 inter8=0 intra32=0 intra16=0 intra8=0 intra4=0 reftype=0
frame 477: send=0x0 get=0x0 len=11536 coding=1 startqp=0 meanqp=0 picbytes=0 pskip=0 nalus=1 n1:11536
  cu: inter64=0 inter32=0 inter16=0 inter8=0 intra32=0 intra16=0 intra8=0 intra4=0 reftype=0
frame 478: send=0x0 get=0x0 len=10806 coding=1 startqp=0 meanqp=0 picbytes=0 pskip=0 nalus=1 n1:10806
  cu: inter64=0 inter32=0 inter16=0 inter8=0 intra32=0 intra16=0 intra8=0 intra4=0 reftype=0
frame 479: send=0x0 get=0x0 len=11297 coding=1 startqp=0 meanqp=0 picbytes=0 pskip=0 nalus=1 n1:11297
  cu: inter64=0 inter32=0 inter16=0 inter8=0 intra32=0 intra16=0 intra8=0 intra4=0 reftype=0
frame 480: send=0x0 get=0x0 len=64382 coding=0 startqp=0 meanqp=0 picbytes=0 pskip=0 nalus=4 n32:27 n33:53 n34:12 n19:64290
  cu: inter64=0 inter32=0 inter16=0 inter8=0 intra32=0 intra16=0 intra8=0 intra4=0 reftype=0
frame 481: send=0x0 get=0x0 len=16035 coding=1 startqp=0 meanqp=0 picbytes=0 pskip=0 nalus=1 n1:16035
  cu: inter64=0 inter32=0 inter16=0 inter8=0 intra32=0 intra16=0 intra8=0 intra4=0 reftype=0
frame 482: send=0x0 get=0x0 len=13402 coding=1 startqp=0 meanqp=0 picbytes=0 pskip=0 nalus=1 n1:13402
  cu: inter64=0 inter32=0 inter16=0 inter8=0 intra32=0 intra16=0 intra8=0 intra4=0 reftype=0
frame 483: send=0x0 get=0x0 len=13880 coding=1 startqp=0 meanqp=0 picbytes=0 pskip=0 nalus=1 n1:13880
  cu: inter64=0 inter32=0 inter16=0 inter8=0 intra32=0 intra16=0 intra8=0 intra4=0 reftype=0
frame 484: send=0x0 get=0x0 len=9651 coding=1 startqp=0 meanqp=0 picbytes=0 pskip=0 nalus=1 n1:9651
  cu: inter64=0 inter32=0 inter16=0 inter8=0 intra32=0 intra16=0 intra8=0 intra4=0 reftype=0
frame 485: send=0x0 get=0x0 len=12119 coding=1 startqp=0 meanqp=0 picbytes=0 pskip=0 nalus=1 n1:12119
  cu: inter64=0 inter32=0 inter16=0 inter8=0 intra32=0 intra16=0 intra8=0 intra4=0 reftype=0
frame 486: send=0x0 get=0x0 len=12093 coding=1 startqp=0 meanqp=0 picbytes=0 pskip=0 nalus=1 n1:12093
  cu: inter64=0 inter32=0 inter16=0 inter8=0 intra32=0 intra16=0 intra8=0 intra4=0 reftype=0
frame 487: send=0x0 get=0x0 len=11405 coding=1 startqp=0 meanqp=0 picbytes=0 pskip=0 nalus=1 n1:11405
  cu: inter64=0 inter32=0 inter16=0 inter8=0 intra32=0 intra16=0 intra8=0 intra4=0 reftype=0
frame 488: send=0x0 get=0x0 len=2631 coding=1 startqp=0 meanqp=0 picbytes=0 pskip=0 nalus=1 n1:2631
  cu: inter64=0 inter32=0 inter16=0 inter8=0 intra32=0 intra16=0 intra8=0 intra4=0 reftype=0
frame 489: send=0x0 get=0x0 len=9711 coding=1 startqp=0 meanqp=0 picbytes=0 pskip=0 nalus=1 n1:9711
  cu: inter64=0 inter32=0 inter16=0 inter8=0 intra32=0 intra16=0 intra8=0 intra4=0 reftype=0
frame 490: send=0x0 get=0x0 len=10664 coding=1 startqp=0 meanqp=0 picbytes=0 pskip=0 nalus=1 n1:10664
  cu: inter64=0 inter32=0 inter16=0 inter8=0 intra32=0 intra16=0 intra8=0 intra4=0 reftype=0
frame 491: send=0x0 get=0x0 len=12428 coding=1 startqp=0 meanqp=0 picbytes=0 pskip=0 nalus=1 n1:12428
  cu: inter64=0 inter32=0 inter16=0 inter8=0 intra32=0 intra16=0 intra8=0 intra4=0 reftype=0
frame 492: send=0x0 get=0x0 len=8271 coding=1 startqp=0 meanqp=0 picbytes=0 pskip=0 nalus=1 n1:8271
  cu: inter64=0 inter32=0 inter16=0 inter8=0 intra32=0 intra16=0 intra8=0 intra4=0 reftype=0
frame 493: send=0x0 get=0x0 len=11723 coding=1 startqp=0 meanqp=0 picbytes=0 pskip=0 nalus=1 n1:11723
  cu: inter64=0 inter32=0 inter16=0 inter8=0 intra32=0 intra16=0 intra8=0 intra4=0 reftype=0
frame 494: send=0x0 get=0x0 len=10935 coding=1 startqp=0 meanqp=0 picbytes=0 pskip=0 nalus=1 n1:10935
  cu: inter64=0 inter32=0 inter16=0 inter8=0 intra32=0 intra16=0 intra8=0 intra4=0 reftype=0
frame 495: send=0x0 get=0x0 len=11299 coding=1 startqp=0 meanqp=0 picbytes=0 pskip=0 nalus=1 n1:11299
  cu: inter64=0 inter32=0 inter16=0 inter8=0 intra32=0 intra16=0 intra8=0 intra4=0 reftype=0
frame 496: send=0x0 get=0x0 len=2115 coding=1 startqp=0 meanqp=0 picbytes=0 pskip=0 nalus=1 n1:2115
  cu: inter64=0 inter32=0 inter16=0 inter8=0 intra32=0 intra16=0 intra8=0 intra4=0 reftype=0
frame 497: send=0x0 get=0x0 len=9691 coding=1 startqp=0 meanqp=0 picbytes=0 pskip=0 nalus=1 n1:9691
  cu: inter64=0 inter32=0 inter16=0 inter8=0 intra32=0 intra16=0 intra8=0 intra4=0 reftype=0
frame 498: send=0x0 get=0x0 len=10581 coding=1 startqp=0 meanqp=0 picbytes=0 pskip=0 nalus=1 n1:10581
  cu: inter64=0 inter32=0 inter16=0 inter8=0 intra32=0 intra16=0 intra8=0 intra4=0 reftype=0
frame 499: send=0x0 get=0x0 len=12135 coding=1 startqp=0 meanqp=0 picbytes=0 pskip=0 nalus=1 n1:12135
  cu: inter64=0 inter32=0 inter16=0 inter8=0 intra32=0 intra16=0 intra8=0 intra4=0 reftype=0
frame 500: send=0x0 get=0x0 len=8387 coding=1 startqp=0 meanqp=0 picbytes=0 pskip=0 nalus=1 n1:8387
  cu: inter64=0 inter32=0 inter16=0 inter8=0 intra32=0 intra16=0 intra8=0 intra4=0 reftype=0
frame 501: send=0x0 get=0x0 len=11494 coding=1 startqp=0 meanqp=0 picbytes=0 pskip=0 nalus=1 n1:11494
  cu: inter64=0 inter32=0 inter16=0 inter8=0 intra32=0 intra16=0 intra8=0 intra4=0 reftype=0
frame 502: send=0x0 get=0x0 len=11897 coding=1 startqp=0 meanqp=0 picbytes=0 pskip=0 nalus=1 n1:11897
  cu: inter64=0 inter32=0 inter16=0 inter8=0 intra32=0 intra16=0 intra8=0 intra4=0 reftype=0
frame 503: send=0x0 get=0x0 len=11280 coding=1 startqp=0 meanqp=0 picbytes=0 pskip=0 nalus=1 n1:11280
  cu: inter64=0 inter32=0 inter16=0 inter8=0 intra32=0 intra16=0 intra8=0 intra4=0 reftype=0
frame 504: send=0x0 get=0x0 len=2308 coding=1 startqp=0 meanqp=0 picbytes=0 pskip=0 nalus=1 n1:2308
  cu: inter64=0 inter32=0 inter16=0 inter8=0 intra32=0 intra16=0 intra8=0 intra4=0 reftype=0
frame 505: send=0x0 get=0x0 len=9581 coding=1 startqp=0 meanqp=0 picbytes=0 pskip=0 nalus=1 n1:9581
  cu: inter64=0 inter32=0 inter16=0 inter8=0 intra32=0 intra16=0 intra8=0 intra4=0 reftype=0
frame 506: send=0x0 get=0x0 len=10580 coding=1 startqp=0 meanqp=0 picbytes=0 pskip=0 nalus=1 n1:10580
  cu: inter64=0 inter32=0 inter16=0 inter8=0 intra32=0 intra16=0 intra8=0 intra4=0 reftype=0
frame 507: send=0x0 get=0x0 len=12339 coding=1 startqp=0 meanqp=0 picbytes=0 pskip=0 nalus=1 n1:12339
  cu: inter64=0 inter32=0 inter16=0 inter8=0 intra32=0 intra16=0 intra8=0 intra4=0 reftype=0
frame 508: send=0x0 get=0x0 len=8428 coding=1 startqp=0 meanqp=0 picbytes=0 pskip=0 nalus=1 n1:8428
  cu: inter64=0 inter32=0 inter16=0 inter8=0 intra32=0 intra16=0 intra8=0 intra4=0 reftype=0
frame 509: send=0x0 get=0x0 len=11558 coding=1 startqp=0 meanqp=0 picbytes=0 pskip=0 nalus=1 n1:11558
  cu: inter64=0 inter32=0 inter16=0 inter8=0 intra32=0 intra16=0 intra8=0 intra4=0 reftype=0
frame 510: send=0x0 get=0x0 len=64891 coding=0 startqp=0 meanqp=0 picbytes=0 pskip=0 nalus=4 n32:27 n33:53 n34:12 n19:64799
  cu: inter64=0 inter32=0 inter16=0 inter8=0 intra32=0 intra16=0 intra8=0 intra4=0 reftype=0
frame 511: send=0x0 get=0x0 len=18387 coding=1 startqp=0 meanqp=0 picbytes=0 pskip=0 nalus=1 n1:18387
  cu: inter64=0 inter32=0 inter16=0 inter8=0 intra32=0 intra16=0 intra8=0 intra4=0 reftype=0
frame 512: send=0x0 get=0x0 len=4513 coding=1 startqp=0 meanqp=0 picbytes=0 pskip=0 nalus=1 n1:4513
  cu: inter64=0 inter32=0 inter16=0 inter8=0 intra32=0 intra16=0 intra8=0 intra4=0 reftype=0
frame 513: send=0x0 get=0x0 len=10713 coding=1 startqp=0 meanqp=0 picbytes=0 pskip=0 nalus=1 n1:10713
  cu: inter64=0 inter32=0 inter16=0 inter8=0 intra32=0 intra16=0 intra8=0 intra4=0 reftype=0
frame 514: send=0x0 get=0x0 len=10955 coding=1 startqp=0 meanqp=0 picbytes=0 pskip=0 nalus=1 n1:10955
  cu: inter64=0 inter32=0 inter16=0 inter8=0 intra32=0 intra16=0 intra8=0 intra4=0 reftype=0
frame 515: send=0x0 get=0x0 len=12488 coding=1 startqp=0 meanqp=0 picbytes=0 pskip=0 nalus=1 n1:12488
  cu: inter64=0 inter32=0 inter16=0 inter8=0 intra32=0 intra16=0 intra8=0 intra4=0 reftype=0
frame 516: send=0x0 get=0x0 len=8684 coding=1 startqp=0 meanqp=0 picbytes=0 pskip=0 nalus=1 n1:8684
  cu: inter64=0 inter32=0 inter16=0 inter8=0 intra32=0 intra16=0 intra8=0 intra4=0 reftype=0
frame 517: send=0x0 get=0x0 len=11558 coding=1 startqp=0 meanqp=0 picbytes=0 pskip=0 nalus=1 n1:11558
  cu: inter64=0 inter32=0 inter16=0 inter8=0 intra32=0 intra16=0 intra8=0 intra4=0 reftype=0
frame 518: send=0x0 get=0x0 len=12180 coding=1 startqp=0 meanqp=0 picbytes=0 pskip=0 nalus=1 n1:12180
  cu: inter64=0 inter32=0 inter16=0 inter8=0 intra32=0 intra16=0 intra8=0 intra4=0 reftype=0
frame 519: send=0x0 get=0x0 len=11510 coding=1 startqp=0 meanqp=0 picbytes=0 pskip=0 nalus=1 n1:11510
  cu: inter64=0 inter32=0 inter16=0 inter8=0 intra32=0 intra16=0 intra8=0 intra4=0 reftype=0
frame 520: send=0x0 get=0x0 len=2922 coding=1 startqp=0 meanqp=0 picbytes=0 pskip=0 nalus=1 n1:2922
  cu: inter64=0 inter32=0 inter16=0 inter8=0 intra32=0 intra16=0 intra8=0 intra4=0 reftype=0
frame 521: send=0x0 get=0x0 len=9797 coding=1 startqp=0 meanqp=0 picbytes=0 pskip=0 nalus=1 n1:9797
  cu: inter64=0 inter32=0 inter16=0 inter8=0 intra32=0 intra16=0 intra8=0 intra4=0 reftype=0
frame 522: send=0x0 get=0x0 len=10666 coding=1 startqp=0 meanqp=0 picbytes=0 pskip=0 nalus=1 n1:10666
  cu: inter64=0 inter32=0 inter16=0 inter8=0 intra32=0 intra16=0 intra8=0 intra4=0 reftype=0
frame 523: send=0x0 get=0x0 len=12558 coding=1 startqp=0 meanqp=0 picbytes=0 pskip=0 nalus=1 n1:12558
  cu: inter64=0 inter32=0 inter16=0 inter8=0 intra32=0 intra16=0 intra8=0 intra4=0 reftype=0
frame 524: send=0x0 get=0x0 len=8345 coding=1 startqp=0 meanqp=0 picbytes=0 pskip=0 nalus=1 n1:8345
  cu: inter64=0 inter32=0 inter16=0 inter8=0 intra32=0 intra16=0 intra8=0 intra4=0 reftype=0
frame 525: send=0x0 get=0x0 len=11672 coding=1 startqp=0 meanqp=0 picbytes=0 pskip=0 nalus=1 n1:11672
  cu: inter64=0 inter32=0 inter16=0 inter8=0 intra32=0 intra16=0 intra8=0 intra4=0 reftype=0
frame 526: send=0x0 get=0x0 len=10945 coding=1 startqp=0 meanqp=0 picbytes=0 pskip=0 nalus=1 n1:10945
  cu: inter64=0 inter32=0 inter16=0 inter8=0 intra32=0 intra16=0 intra8=0 intra4=0 reftype=0
frame 527: send=0x0 get=0x0 len=11442 coding=1 startqp=0 meanqp=0 picbytes=0 pskip=0 nalus=1 n1:11442
  cu: inter64=0 inter32=0 inter16=0 inter8=0 intra32=0 intra16=0 intra8=0 intra4=0 reftype=0
frame 528: send=0x0 get=0x0 len=2170 coding=1 startqp=0 meanqp=0 picbytes=0 pskip=0 nalus=1 n1:2170
  cu: inter64=0 inter32=0 inter16=0 inter8=0 intra32=0 intra16=0 intra8=0 intra4=0 reftype=0
frame 529: send=0x0 get=0x0 len=9674 coding=1 startqp=0 meanqp=0 picbytes=0 pskip=0 nalus=1 n1:9674
  cu: inter64=0 inter32=0 inter16=0 inter8=0 intra32=0 intra16=0 intra8=0 intra4=0 reftype=0
frame 530: send=0x0 get=0x0 len=10606 coding=1 startqp=0 meanqp=0 picbytes=0 pskip=0 nalus=1 n1:10606
  cu: inter64=0 inter32=0 inter16=0 inter8=0 intra32=0 intra16=0 intra8=0 intra4=0 reftype=0
frame 531: send=0x0 get=0x0 len=12232 coding=1 startqp=0 meanqp=0 picbytes=0 pskip=0 nalus=1 n1:12232
  cu: inter64=0 inter32=0 inter16=0 inter8=0 intra32=0 intra16=0 intra8=0 intra4=0 reftype=0
frame 532: send=0x0 get=0x0 len=8784 coding=1 startqp=0 meanqp=0 picbytes=0 pskip=0 nalus=1 n1:8784
  cu: inter64=0 inter32=0 inter16=0 inter8=0 intra32=0 intra16=0 intra8=0 intra4=0 reftype=0
frame 533: send=0x0 get=0x0 len=11447 coding=1 startqp=0 meanqp=0 picbytes=0 pskip=0 nalus=1 n1:11447
  cu: inter64=0 inter32=0 inter16=0 inter8=0 intra32=0 intra16=0 intra8=0 intra4=0 reftype=0
frame 534: send=0x0 get=0x0 len=12024 coding=1 startqp=0 meanqp=0 picbytes=0 pskip=0 nalus=1 n1:12024
  cu: inter64=0 inter32=0 inter16=0 inter8=0 intra32=0 intra16=0 intra8=0 intra4=0 reftype=0
frame 535: send=0x0 get=0x0 len=11391 coding=1 startqp=0 meanqp=0 picbytes=0 pskip=0 nalus=1 n1:11391
  cu: inter64=0 inter32=0 inter16=0 inter8=0 intra32=0 intra16=0 intra8=0 intra4=0 reftype=0
frame 536: send=0x0 get=0x0 len=2643 coding=1 startqp=0 meanqp=0 picbytes=0 pskip=0 nalus=1 n1:2643
  cu: inter64=0 inter32=0 inter16=0 inter8=0 intra32=0 intra16=0 intra8=0 intra4=0 reftype=0
frame 537: send=0x0 get=0x0 len=9545 coding=1 startqp=0 meanqp=0 picbytes=0 pskip=0 nalus=1 n1:9545
  cu: inter64=0 inter32=0 inter16=0 inter8=0 intra32=0 intra16=0 intra8=0 intra4=0 reftype=0
frame 538: send=0x0 get=0x0 len=10611 coding=1 startqp=0 meanqp=0 picbytes=0 pskip=0 nalus=1 n1:10611
  cu: inter64=0 inter32=0 inter16=0 inter8=0 intra32=0 intra16=0 intra8=0 intra4=0 reftype=0
frame 539: send=0x0 get=0x0 len=12444 coding=1 startqp=0 meanqp=0 picbytes=0 pskip=0 nalus=1 n1:12444
  cu: inter64=0 inter32=0 inter16=0 inter8=0 intra32=0 intra16=0 intra8=0 intra4=0 reftype=0
frame 540: send=0x0 get=0x0 len=64541 coding=0 startqp=0 meanqp=0 picbytes=0 pskip=0 nalus=4 n32:27 n33:53 n34:12 n19:64449
  cu: inter64=0 inter32=0 inter16=0 inter8=0 intra32=0 intra16=0 intra8=0 intra4=0 reftype=0
frame 541: send=0x0 get=0x0 len=16053 coding=1 startqp=0 meanqp=0 picbytes=0 pskip=0 nalus=1 n1:16053
  cu: inter64=0 inter32=0 inter16=0 inter8=0 intra32=0 intra16=0 intra8=0 intra4=0 reftype=0
frame 542: send=0x0 get=0x0 len=14280 coding=1 startqp=0 meanqp=0 picbytes=0 pskip=0 nalus=1 n1:14280
  cu: inter64=0 inter32=0 inter16=0 inter8=0 intra32=0 intra16=0 intra8=0 intra4=0 reftype=0
frame 543: send=0x0 get=0x0 len=12816 coding=1 startqp=0 meanqp=0 picbytes=0 pskip=0 nalus=1 n1:12816
  cu: inter64=0 inter32=0 inter16=0 inter8=0 intra32=0 intra16=0 intra8=0 intra4=0 reftype=0
frame 544: send=0x0 get=0x0 len=3722 coding=1 startqp=0 meanqp=0 picbytes=0 pskip=0 nalus=1 n1:3722
  cu: inter64=0 inter32=0 inter16=0 inter8=0 intra32=0 intra16=0 intra8=0 intra4=0 reftype=0
frame 545: send=0x0 get=0x0 len=10498 coding=1 startqp=0 meanqp=0 picbytes=0 pskip=0 nalus=1 n1:10498
  cu: inter64=0 inter32=0 inter16=0 inter8=0 intra32=0 intra16=0 intra8=0 intra4=0 reftype=0
frame 546: send=0x0 get=0x0 len=10787 coding=1 startqp=0 meanqp=0 picbytes=0 pskip=0 nalus=1 n1:10787
  cu: inter64=0 inter32=0 inter16=0 inter8=0 intra32=0 intra16=0 intra8=0 intra4=0 reftype=0
frame 547: send=0x0 get=0x0 len=12404 coding=1 startqp=0 meanqp=0 picbytes=0 pskip=0 nalus=1 n1:12404
  cu: inter64=0 inter32=0 inter16=0 inter8=0 intra32=0 intra16=0 intra8=0 intra4=0 reftype=0
frame 548: send=0x0 get=0x0 len=8838 coding=1 startqp=0 meanqp=0 picbytes=0 pskip=0 nalus=1 n1:8838
  cu: inter64=0 inter32=0 inter16=0 inter8=0 intra32=0 intra16=0 intra8=0 intra4=0 reftype=0
frame 549: send=0x0 get=0x0 len=11587 coding=1 startqp=0 meanqp=0 picbytes=0 pskip=0 nalus=1 n1:11587
  cu: inter64=0 inter32=0 inter16=0 inter8=0 intra32=0 intra16=0 intra8=0 intra4=0 reftype=0
frame 550: send=0x0 get=0x0 len=11991 coding=1 startqp=0 meanqp=0 picbytes=0 pskip=0 nalus=1 n1:11991
  cu: inter64=0 inter32=0 inter16=0 inter8=0 intra32=0 intra16=0 intra8=0 intra4=0 reftype=0
frame 551: send=0x0 get=0x0 len=11445 coding=1 startqp=0 meanqp=0 picbytes=0 pskip=0 nalus=1 n1:11445
  cu: inter64=0 inter32=0 inter16=0 inter8=0 intra32=0 intra16=0 intra8=0 intra4=0 reftype=0
frame 552: send=0x0 get=0x0 len=2773 coding=1 startqp=0 meanqp=0 picbytes=0 pskip=0 nalus=1 n1:2773
  cu: inter64=0 inter32=0 inter16=0 inter8=0 intra32=0 intra16=0 intra8=0 intra4=0 reftype=0
frame 553: send=0x0 get=0x0 len=9756 coding=1 startqp=0 meanqp=0 picbytes=0 pskip=0 nalus=1 n1:9756
  cu: inter64=0 inter32=0 inter16=0 inter8=0 intra32=0 intra16=0 intra8=0 intra4=0 reftype=0
frame 554: send=0x0 get=0x0 len=10698 coding=1 startqp=0 meanqp=0 picbytes=0 pskip=0 nalus=1 n1:10698
  cu: inter64=0 inter32=0 inter16=0 inter8=0 intra32=0 intra16=0 intra8=0 intra4=0 reftype=0
frame 555: send=0x0 get=0x0 len=12430 coding=1 startqp=0 meanqp=0 picbytes=0 pskip=0 nalus=1 n1:12430
  cu: inter64=0 inter32=0 inter16=0 inter8=0 intra32=0 intra16=0 intra8=0 intra4=0 reftype=0
frame 556: send=0x0 get=0x0 len=8575 coding=1 startqp=0 meanqp=0 picbytes=0 pskip=0 nalus=1 n1:8575
  cu: inter64=0 inter32=0 inter16=0 inter8=0 intra32=0 intra16=0 intra8=0 intra4=0 reftype=0
frame 557: send=0x0 get=0x0 len=11698 coding=1 startqp=0 meanqp=0 picbytes=0 pskip=0 nalus=1 n1:11698
  cu: inter64=0 inter32=0 inter16=0 inter8=0 intra32=0 intra16=0 intra8=0 intra4=0 reftype=0
frame 558: send=0x0 get=0x0 len=10922 coding=1 startqp=0 meanqp=0 picbytes=0 pskip=0 nalus=1 n1:10922
  cu: inter64=0 inter32=0 inter16=0 inter8=0 intra32=0 intra16=0 intra8=0 intra4=0 reftype=0
frame 559: send=0x0 get=0x0 len=11383 coding=1 startqp=0 meanqp=0 picbytes=0 pskip=0 nalus=1 n1:11383
  cu: inter64=0 inter32=0 inter16=0 inter8=0 intra32=0 intra16=0 intra8=0 intra4=0 reftype=0
frame 560: send=0x0 get=0x0 len=2609 coding=1 startqp=0 meanqp=0 picbytes=0 pskip=0 nalus=1 n1:2609
  cu: inter64=0 inter32=0 inter16=0 inter8=0 intra32=0 intra16=0 intra8=0 intra4=0 reftype=0
frame 561: send=0x0 get=0x0 len=9680 coding=1 startqp=0 meanqp=0 picbytes=0 pskip=0 nalus=1 n1:9680
  cu: inter64=0 inter32=0 inter16=0 inter8=0 intra32=0 intra16=0 intra8=0 intra4=0 reftype=0
frame 562: send=0x0 get=0x0 len=10628 coding=1 startqp=0 meanqp=0 picbytes=0 pskip=0 nalus=1 n1:10628
  cu: inter64=0 inter32=0 inter16=0 inter8=0 intra32=0 intra16=0 intra8=0 intra4=0 reftype=0
frame 563: send=0x0 get=0x0 len=12109 coding=1 startqp=0 meanqp=0 picbytes=0 pskip=0 nalus=1 n1:12109
  cu: inter64=0 inter32=0 inter16=0 inter8=0 intra32=0 intra16=0 intra8=0 intra4=0 reftype=0
frame 564: send=0x0 get=0x0 len=8390 coding=1 startqp=0 meanqp=0 picbytes=0 pskip=0 nalus=1 n1:8390
  cu: inter64=0 inter32=0 inter16=0 inter8=0 intra32=0 intra16=0 intra8=0 intra4=0 reftype=0
frame 565: send=0x0 get=0x0 len=11430 coding=1 startqp=0 meanqp=0 picbytes=0 pskip=0 nalus=1 n1:11430
  cu: inter64=0 inter32=0 inter16=0 inter8=0 intra32=0 intra16=0 intra8=0 intra4=0 reftype=0
frame 566: send=0x0 get=0x0 len=11958 coding=1 startqp=0 meanqp=0 picbytes=0 pskip=0 nalus=1 n1:11958
  cu: inter64=0 inter32=0 inter16=0 inter8=0 intra32=0 intra16=0 intra8=0 intra4=0 reftype=0
frame 567: send=0x0 get=0x0 len=11292 coding=1 startqp=0 meanqp=0 picbytes=0 pskip=0 nalus=1 n1:11292
  cu: inter64=0 inter32=0 inter16=0 inter8=0 intra32=0 intra16=0 intra8=0 intra4=0 reftype=0
frame 568: send=0x0 get=0x0 len=2551 coding=1 startqp=0 meanqp=0 picbytes=0 pskip=0 nalus=1 n1:2551
  cu: inter64=0 inter32=0 inter16=0 inter8=0 intra32=0 intra16=0 intra8=0 intra4=0 reftype=0
frame 569: send=0x0 get=0x0 len=9552 coding=1 startqp=0 meanqp=0 picbytes=0 pskip=0 nalus=1 n1:9552
  cu: inter64=0 inter32=0 inter16=0 inter8=0 intra32=0 intra16=0 intra8=0 intra4=0 reftype=0
frame 570: send=0x0 get=0x0 len=64841 coding=0 startqp=0 meanqp=0 picbytes=0 pskip=0 nalus=4 n32:27 n33:53 n34:12 n19:64749
  cu: inter64=0 inter32=0 inter16=0 inter8=0 intra32=0 intra16=0 intra8=0 intra4=0 reftype=0
frame 571: send=0x0 get=0x0 len=19873 coding=1 startqp=0 meanqp=0 picbytes=0 pskip=0 nalus=1 n1:19873
  cu: inter64=0 inter32=0 inter16=0 inter8=0 intra32=0 intra16=0 intra8=0 intra4=0 reftype=0
frame 572: send=0x0 get=0x0 len=10485 coding=1 startqp=0 meanqp=0 picbytes=0 pskip=0 nalus=1 n1:10485
  cu: inter64=0 inter32=0 inter16=0 inter8=0 intra32=0 intra16=0 intra8=0 intra4=0 reftype=0
frame 573: send=0x0 get=0x0 len=12661 coding=1 startqp=0 meanqp=0 picbytes=0 pskip=0 nalus=1 n1:12661
  cu: inter64=0 inter32=0 inter16=0 inter8=0 intra32=0 intra16=0 intra8=0 intra4=0 reftype=0
frame 574: send=0x0 get=0x0 len=11386 coding=1 startqp=0 meanqp=0 picbytes=0 pskip=0 nalus=1 n1:11386
  cu: inter64=0 inter32=0 inter16=0 inter8=0 intra32=0 intra16=0 intra8=0 intra4=0 reftype=0
frame 575: send=0x0 get=0x0 len=11814 coding=1 startqp=0 meanqp=0 picbytes=0 pskip=0 nalus=1 n1:11814
  cu: inter64=0 inter32=0 inter16=0 inter8=0 intra32=0 intra16=0 intra8=0 intra4=0 reftype=0
frame 576: send=0x0 get=0x0 len=3225 coding=1 startqp=0 meanqp=0 picbytes=0 pskip=0 nalus=1 n1:3225
  cu: inter64=0 inter32=0 inter16=0 inter8=0 intra32=0 intra16=0 intra8=0 intra4=0 reftype=0
frame 577: send=0x0 get=0x0 len=10062 coding=1 startqp=0 meanqp=0 picbytes=0 pskip=0 nalus=1 n1:10062
  cu: inter64=0 inter32=0 inter16=0 inter8=0 intra32=0 intra16=0 intra8=0 intra4=0 reftype=0
frame 578: send=0x0 get=0x0 len=10738 coding=1 startqp=0 meanqp=0 picbytes=0 pskip=0 nalus=1 n1:10738
  cu: inter64=0 inter32=0 inter16=0 inter8=0 intra32=0 intra16=0 intra8=0 intra4=0 reftype=0
frame 579: send=0x0 get=0x0 len=12365 coding=1 startqp=0 meanqp=0 picbytes=0 pskip=0 nalus=1 n1:12365
  cu: inter64=0 inter32=0 inter16=0 inter8=0 intra32=0 intra16=0 intra8=0 intra4=0 reftype=0
frame 580: send=0x0 get=0x0 len=8244 coding=1 startqp=0 meanqp=0 picbytes=0 pskip=0 nalus=1 n1:8244
  cu: inter64=0 inter32=0 inter16=0 inter8=0 intra32=0 intra16=0 intra8=0 intra4=0 reftype=0
frame 581: send=0x0 get=0x0 len=11474 coding=1 startqp=0 meanqp=0 picbytes=0 pskip=0 nalus=1 n1:11474
  cu: inter64=0 inter32=0 inter16=0 inter8=0 intra32=0 intra16=0 intra8=0 intra4=0 reftype=0
frame 582: send=0x0 get=0x0 len=12053 coding=1 startqp=0 meanqp=0 picbytes=0 pskip=0 nalus=1 n1:12053
  cu: inter64=0 inter32=0 inter16=0 inter8=0 intra32=0 intra16=0 intra8=0 intra4=0 reftype=0
frame 583: send=0x0 get=0x0 len=11350 coding=1 startqp=0 meanqp=0 picbytes=0 pskip=0 nalus=1 n1:11350
  cu: inter64=0 inter32=0 inter16=0 inter8=0 intra32=0 intra16=0 intra8=0 intra4=0 reftype=0
frame 584: send=0x0 get=0x0 len=2622 coding=1 startqp=0 meanqp=0 picbytes=0 pskip=0 nalus=1 n1:2622
  cu: inter64=0 inter32=0 inter16=0 inter8=0 intra32=0 intra16=0 intra8=0 intra4=0 reftype=0
frame 585: send=0x0 get=0x0 len=9647 coding=1 startqp=0 meanqp=0 picbytes=0 pskip=0 nalus=1 n1:9647
  cu: inter64=0 inter32=0 inter16=0 inter8=0 intra32=0 intra16=0 intra8=0 intra4=0 reftype=0
frame 586: send=0x0 get=0x0 len=10586 coding=1 startqp=0 meanqp=0 picbytes=0 pskip=0 nalus=1 n1:10586
  cu: inter64=0 inter32=0 inter16=0 inter8=0 intra32=0 intra16=0 intra8=0 intra4=0 reftype=0
frame 587: send=0x0 get=0x0 len=12399 coding=1 startqp=0 meanqp=0 picbytes=0 pskip=0 nalus=1 n1:12399
  cu: inter64=0 inter32=0 inter16=0 inter8=0 intra32=0 intra16=0 intra8=0 intra4=0 reftype=0
frame 588: send=0x0 get=0x0 len=8378 coding=1 startqp=0 meanqp=0 picbytes=0 pskip=0 nalus=1 n1:8378
  cu: inter64=0 inter32=0 inter16=0 inter8=0 intra32=0 intra16=0 intra8=0 intra4=0 reftype=0
frame 589: send=0x0 get=0x0 len=11535 coding=1 startqp=0 meanqp=0 picbytes=0 pskip=0 nalus=1 n1:11535
  cu: inter64=0 inter32=0 inter16=0 inter8=0 intra32=0 intra16=0 intra8=0 intra4=0 reftype=0
frame 590: send=0x0 get=0x0 len=10786 coding=1 startqp=0 meanqp=0 picbytes=0 pskip=0 nalus=1 n1:10786
  cu: inter64=0 inter32=0 inter16=0 inter8=0 intra32=0 intra16=0 intra8=0 intra4=0 reftype=0
frame 591: send=0x0 get=0x0 len=11298 coding=1 startqp=0 meanqp=0 picbytes=0 pskip=0 nalus=1 n1:11298
  cu: inter64=0 inter32=0 inter16=0 inter8=0 intra32=0 intra16=0 intra8=0 intra4=0 reftype=0
frame 592: send=0x0 get=0x0 len=2490 coding=1 startqp=0 meanqp=0 picbytes=0 pskip=0 nalus=1 n1:2490
  cu: inter64=0 inter32=0 inter16=0 inter8=0 intra32=0 intra16=0 intra8=0 intra4=0 reftype=0
frame 593: send=0x0 get=0x0 len=9746 coding=1 startqp=0 meanqp=0 picbytes=0 pskip=0 nalus=1 n1:9746
  cu: inter64=0 inter32=0 inter16=0 inter8=0 intra32=0 intra16=0 intra8=0 intra4=0 reftype=0
frame 594: send=0x0 get=0x0 len=10601 coding=1 startqp=0 meanqp=0 picbytes=0 pskip=0 nalus=1 n1:10601
  cu: inter64=0 inter32=0 inter16=0 inter8=0 intra32=0 intra16=0 intra8=0 intra4=0 reftype=0
frame 595: send=0x0 get=0x0 len=12168 coding=1 startqp=0 meanqp=0 picbytes=0 pskip=0 nalus=1 n1:12168
  cu: inter64=0 inter32=0 inter16=0 inter8=0 intra32=0 intra16=0 intra8=0 intra4=0 reftype=0
frame 596: send=0x0 get=0x0 len=8770 coding=1 startqp=0 meanqp=0 picbytes=0 pskip=0 nalus=1 n1:8770
  cu: inter64=0 inter32=0 inter16=0 inter8=0 intra32=0 intra16=0 intra8=0 intra4=0 reftype=0
frame 597: send=0x0 get=0x0 len=11382 coding=1 startqp=0 meanqp=0 picbytes=0 pskip=0 nalus=1 n1:11382
  cu: inter64=0 inter32=0 inter16=0 inter8=0 intra32=0 intra16=0 intra8=0 intra4=0 reftype=0
frame 598: send=0x0 get=0x0 len=12031 coding=1 startqp=0 meanqp=0 picbytes=0 pskip=0 nalus=1 n1:12031
  cu: inter64=0 inter32=0 inter16=0 inter8=0 intra32=0 intra16=0 intra8=0 intra4=0 reftype=0
frame 599: send=0x0 get=0x0 len=11317 coding=1 startqp=0 meanqp=0 picbytes=0 pskip=0 nalus=1 n1:11317
  cu: inter64=0 inter32=0 inter16=0 inter8=0 intra32=0 intra16=0 intra8=0 intra4=0 reftype=0
frame 600: send=0x0 get=0x0 len=64900 coding=0 startqp=0 meanqp=0 picbytes=0 pskip=0 nalus=4 n32:27 n33:53 n34:12 n19:64808
  cu: inter64=0 inter32=0 inter16=0 inter8=0 intra32=0 intra16=0 intra8=0 intra4=0 reftype=0
frame 601: send=0x0 get=0x0 len=16234 coding=1 startqp=0 meanqp=0 picbytes=0 pskip=0 nalus=1 n1:16234
  cu: inter64=0 inter32=0 inter16=0 inter8=0 intra32=0 intra16=0 intra8=0 intra4=0 reftype=0
frame 602: send=0x0 get=0x0 len=12876 coding=1 startqp=0 meanqp=0 picbytes=0 pskip=0 nalus=1 n1:12876
  cu: inter64=0 inter32=0 inter16=0 inter8=0 intra32=0 intra16=0 intra8=0 intra4=0 reftype=0
frame 603: send=0x0 get=0x0 len=13651 coding=1 startqp=0 meanqp=0 picbytes=0 pskip=0 nalus=1 n1:13651
  cu: inter64=0 inter32=0 inter16=0 inter8=0 intra32=0 intra16=0 intra8=0 intra4=0 reftype=0
frame 604: send=0x0 get=0x0 len=9370 coding=1 startqp=0 meanqp=0 picbytes=0 pskip=0 nalus=1 n1:9370
  cu: inter64=0 inter32=0 inter16=0 inter8=0 intra32=0 intra16=0 intra8=0 intra4=0 reftype=0
frame 605: send=0x0 get=0x0 len=12155 coding=1 startqp=0 meanqp=0 picbytes=0 pskip=0 nalus=1 n1:12155
  cu: inter64=0 inter32=0 inter16=0 inter8=0 intra32=0 intra16=0 intra8=0 intra4=0 reftype=0
frame 606: send=0x0 get=0x0 len=11108 coding=1 startqp=0 meanqp=0 picbytes=0 pskip=0 nalus=1 n1:11108
  cu: inter64=0 inter32=0 inter16=0 inter8=0 intra32=0 intra16=0 intra8=0 intra4=0 reftype=0
frame 607: send=0x0 get=0x0 len=11587 coding=1 startqp=0 meanqp=0 picbytes=0 pskip=0 nalus=1 n1:11587
  cu: inter64=0 inter32=0 inter16=0 inter8=0 intra32=0 intra16=0 intra8=0 intra4=0 reftype=0
frame 608: send=0x0 get=0x0 len=2947 coding=1 startqp=0 meanqp=0 picbytes=0 pskip=0 nalus=1 n1:2947
  cu: inter64=0 inter32=0 inter16=0 inter8=0 intra32=0 intra16=0 intra8=0 intra4=0 reftype=0
frame 609: send=0x0 get=0x0 len=9730 coding=1 startqp=0 meanqp=0 picbytes=0 pskip=0 nalus=1 n1:9730
  cu: inter64=0 inter32=0 inter16=0 inter8=0 intra32=0 intra16=0 intra8=0 intra4=0 reftype=0
frame 610: send=0x0 get=0x0 len=10683 coding=1 startqp=0 meanqp=0 picbytes=0 pskip=0 nalus=1 n1:10683
  cu: inter64=0 inter32=0 inter16=0 inter8=0 intra32=0 intra16=0 intra8=0 intra4=0 reftype=0
frame 611: send=0x0 get=0x0 len=12278 coding=1 startqp=0 meanqp=0 picbytes=0 pskip=0 nalus=1 n1:12278
  cu: inter64=0 inter32=0 inter16=0 inter8=0 intra32=0 intra16=0 intra8=0 intra4=0 reftype=0
frame 612: send=0x0 get=0x0 len=8454 coding=1 startqp=0 meanqp=0 picbytes=0 pskip=0 nalus=1 n1:8454
  cu: inter64=0 inter32=0 inter16=0 inter8=0 intra32=0 intra16=0 intra8=0 intra4=0 reftype=0
frame 613: send=0x0 get=0x0 len=11525 coding=1 startqp=0 meanqp=0 picbytes=0 pskip=0 nalus=1 n1:11525
  cu: inter64=0 inter32=0 inter16=0 inter8=0 intra32=0 intra16=0 intra8=0 intra4=0 reftype=0
frame 614: send=0x0 get=0x0 len=11933 coding=1 startqp=0 meanqp=0 picbytes=0 pskip=0 nalus=1 n1:11933
  cu: inter64=0 inter32=0 inter16=0 inter8=0 intra32=0 intra16=0 intra8=0 intra4=0 reftype=0
frame 615: send=0x0 get=0x0 len=11377 coding=1 startqp=0 meanqp=0 picbytes=0 pskip=0 nalus=1 n1:11377
  cu: inter64=0 inter32=0 inter16=0 inter8=0 intra32=0 intra16=0 intra8=0 intra4=0 reftype=0
frame 616: send=0x0 get=0x0 len=2754 coding=1 startqp=0 meanqp=0 picbytes=0 pskip=0 nalus=1 n1:2754
  cu: inter64=0 inter32=0 inter16=0 inter8=0 intra32=0 intra16=0 intra8=0 intra4=0 reftype=0
frame 617: send=0x0 get=0x0 len=9554 coding=1 startqp=0 meanqp=0 picbytes=0 pskip=0 nalus=1 n1:9554
  cu: inter64=0 inter32=0 inter16=0 inter8=0 intra32=0 intra16=0 intra8=0 intra4=0 reftype=0
frame 618: send=0x0 get=0x0 len=10653 coding=1 startqp=0 meanqp=0 picbytes=0 pskip=0 nalus=1 n1:10653
  cu: inter64=0 inter32=0 inter16=0 inter8=0 intra32=0 intra16=0 intra8=0 intra4=0 reftype=0
frame 619: send=0x0 get=0x0 len=12475 coding=1 startqp=0 meanqp=0 picbytes=0 pskip=0 nalus=1 n1:12475
  cu: inter64=0 inter32=0 inter16=0 inter8=0 intra32=0 intra16=0 intra8=0 intra4=0 reftype=0
frame 620: send=0x0 get=0x0 len=8260 coding=1 startqp=0 meanqp=0 picbytes=0 pskip=0 nalus=1 n1:8260
  cu: inter64=0 inter32=0 inter16=0 inter8=0 intra32=0 intra16=0 intra8=0 intra4=0 reftype=0
frame 621: send=0x0 get=0x0 len=11559 coding=1 startqp=0 meanqp=0 picbytes=0 pskip=0 nalus=1 n1:11559
  cu: inter64=0 inter32=0 inter16=0 inter8=0 intra32=0 intra16=0 intra8=0 intra4=0 reftype=0
frame 622: send=0x0 get=0x0 len=10868 coding=1 startqp=0 meanqp=0 picbytes=0 pskip=0 nalus=1 n1:10868
  cu: inter64=0 inter32=0 inter16=0 inter8=0 intra32=0 intra16=0 intra8=0 intra4=0 reftype=0
frame 623: send=0x0 get=0x0 len=11347 coding=1 startqp=0 meanqp=0 picbytes=0 pskip=0 nalus=1 n1:11347
  cu: inter64=0 inter32=0 inter16=0 inter8=0 intra32=0 intra16=0 intra8=0 intra4=0 reftype=0
frame 624: send=0x0 get=0x0 len=2638 coding=1 startqp=0 meanqp=0 picbytes=0 pskip=0 nalus=1 n1:2638
  cu: inter64=0 inter32=0 inter16=0 inter8=0 intra32=0 intra16=0 intra8=0 intra4=0 reftype=0
frame 625: send=0x0 get=0x0 len=9506 coding=1 startqp=0 meanqp=0 picbytes=0 pskip=0 nalus=1 n1:9506
  cu: inter64=0 inter32=0 inter16=0 inter8=0 intra32=0 intra16=0 intra8=0 intra4=0 reftype=0
frame 626: send=0x0 get=0x0 len=10580 coding=1 startqp=0 meanqp=0 picbytes=0 pskip=0 nalus=1 n1:10580
  cu: inter64=0 inter32=0 inter16=0 inter8=0 intra32=0 intra16=0 intra8=0 intra4=0 reftype=0
frame 627: send=0x0 get=0x0 len=12147 coding=1 startqp=0 meanqp=0 picbytes=0 pskip=0 nalus=1 n1:12147
  cu: inter64=0 inter32=0 inter16=0 inter8=0 intra32=0 intra16=0 intra8=0 intra4=0 reftype=0
frame 628: send=0x0 get=0x0 len=8771 coding=1 startqp=0 meanqp=0 picbytes=0 pskip=0 nalus=1 n1:8771
  cu: inter64=0 inter32=0 inter16=0 inter8=0 intra32=0 intra16=0 intra8=0 intra4=0 reftype=0
frame 629: send=0x0 get=0x0 len=11350 coding=1 startqp=0 meanqp=0 picbytes=0 pskip=0 nalus=1 n1:11350
  cu: inter64=0 inter32=0 inter16=0 inter8=0 intra32=0 intra16=0 intra8=0 intra4=0 reftype=0
frame 630: send=0x0 get=0x0 len=65164 coding=0 startqp=0 meanqp=0 picbytes=0 pskip=0 nalus=4 n32:27 n33:53 n34:12 n19:65072
  cu: inter64=0 inter32=0 inter16=0 inter8=0 intra32=0 intra16=0 intra8=0 intra4=0 reftype=0
frame 631: send=0x0 get=0x0 len=18460 coding=1 startqp=0 meanqp=0 picbytes=0 pskip=0 nalus=1 n1:18460
  cu: inter64=0 inter32=0 inter16=0 inter8=0 intra32=0 intra16=0 intra8=0 intra4=0 reftype=0
frame 632: send=0x0 get=0x0 len=5367 coding=1 startqp=0 meanqp=0 picbytes=0 pskip=0 nalus=1 n1:5367
  cu: inter64=0 inter32=0 inter16=0 inter8=0 intra32=0 intra16=0 intra8=0 intra4=0 reftype=0
frame 633: send=0x0 get=0x0 len=10560 coding=1 startqp=0 meanqp=0 picbytes=0 pskip=0 nalus=1 n1:10560
  cu: inter64=0 inter32=0 inter16=0 inter8=0 intra32=0 intra16=0 intra8=0 intra4=0 reftype=0
frame 634: send=0x0 get=0x0 len=11034 coding=1 startqp=0 meanqp=0 picbytes=0 pskip=0 nalus=1 n1:11034
  cu: inter64=0 inter32=0 inter16=0 inter8=0 intra32=0 intra16=0 intra8=0 intra4=0 reftype=0
frame 635: send=0x0 get=0x0 len=12752 coding=1 startqp=0 meanqp=0 picbytes=0 pskip=0 nalus=1 n1:12752
  cu: inter64=0 inter32=0 inter16=0 inter8=0 intra32=0 intra16=0 intra8=0 intra4=0 reftype=0
frame 636: send=0x0 get=0x0 len=8825 coding=1 startqp=0 meanqp=0 picbytes=0 pskip=0 nalus=1 n1:8825
  cu: inter64=0 inter32=0 inter16=0 inter8=0 intra32=0 intra16=0 intra8=0 intra4=0 reftype=0
frame 637: send=0x0 get=0x0 len=11905 coding=1 startqp=0 meanqp=0 picbytes=0 pskip=0 nalus=1 n1:11905
  cu: inter64=0 inter32=0 inter16=0 inter8=0 intra32=0 intra16=0 intra8=0 intra4=0 reftype=0
frame 638: send=0x0 get=0x0 len=10996 coding=1 startqp=0 meanqp=0 picbytes=0 pskip=0 nalus=1 n1:10996
  cu: inter64=0 inter32=0 inter16=0 inter8=0 intra32=0 intra16=0 intra8=0 intra4=0 reftype=0
frame 639: send=0x0 get=0x0 len=11557 coding=1 startqp=0 meanqp=0 picbytes=0 pskip=0 nalus=1 n1:11557
  cu: inter64=0 inter32=0 inter16=0 inter8=0 intra32=0 intra16=0 intra8=0 intra4=0 reftype=0
frame 640: send=0x0 get=0x0 len=2653 coding=1 startqp=0 meanqp=0 picbytes=0 pskip=0 nalus=1 n1:2653
  cu: inter64=0 inter32=0 inter16=0 inter8=0 intra32=0 intra16=0 intra8=0 intra4=0 reftype=0
frame 641: send=0x0 get=0x0 len=9818 coding=1 startqp=0 meanqp=0 picbytes=0 pskip=0 nalus=1 n1:9818
  cu: inter64=0 inter32=0 inter16=0 inter8=0 intra32=0 intra16=0 intra8=0 intra4=0 reftype=0
frame 642: send=0x0 get=0x0 len=10683 coding=1 startqp=0 meanqp=0 picbytes=0 pskip=0 nalus=1 n1:10683
  cu: inter64=0 inter32=0 inter16=0 inter8=0 intra32=0 intra16=0 intra8=0 intra4=0 reftype=0
frame 643: send=0x0 get=0x0 len=12284 coding=1 startqp=0 meanqp=0 picbytes=0 pskip=0 nalus=1 n1:12284
  cu: inter64=0 inter32=0 inter16=0 inter8=0 intra32=0 intra16=0 intra8=0 intra4=0 reftype=0
frame 644: send=0x0 get=0x0 len=8441 coding=1 startqp=0 meanqp=0 picbytes=0 pskip=0 nalus=1 n1:8441
  cu: inter64=0 inter32=0 inter16=0 inter8=0 intra32=0 intra16=0 intra8=0 intra4=0 reftype=0
frame 645: send=0x0 get=0x0 len=11438 coding=1 startqp=0 meanqp=0 picbytes=0 pskip=0 nalus=1 n1:11438
  cu: inter64=0 inter32=0 inter16=0 inter8=0 intra32=0 intra16=0 intra8=0 intra4=0 reftype=0
frame 646: send=0x0 get=0x0 len=12080 coding=1 startqp=0 meanqp=0 picbytes=0 pskip=0 nalus=1 n1:12080
  cu: inter64=0 inter32=0 inter16=0 inter8=0 intra32=0 intra16=0 intra8=0 intra4=0 reftype=0
frame 647: send=0x0 get=0x0 len=11315 coding=1 startqp=0 meanqp=0 picbytes=0 pskip=0 nalus=1 n1:11315
  cu: inter64=0 inter32=0 inter16=0 inter8=0 intra32=0 intra16=0 intra8=0 intra4=0 reftype=0
frame 648: send=0x0 get=0x0 len=2400 coding=1 startqp=0 meanqp=0 picbytes=0 pskip=0 nalus=1 n1:2400
  cu: inter64=0 inter32=0 inter16=0 inter8=0 intra32=0 intra16=0 intra8=0 intra4=0 reftype=0
frame 649: send=0x0 get=0x0 len=9562 coding=1 startqp=0 meanqp=0 picbytes=0 pskip=0 nalus=1 n1:9562
  cu: inter64=0 inter32=0 inter16=0 inter8=0 intra32=0 intra16=0 intra8=0 intra4=0 reftype=0
frame 650: send=0x0 get=0x0 len=10605 coding=1 startqp=0 meanqp=0 picbytes=0 pskip=0 nalus=1 n1:10605
  cu: inter64=0 inter32=0 inter16=0 inter8=0 intra32=0 intra16=0 intra8=0 intra4=0 reftype=0
frame 651: send=0x0 get=0x0 len=12348 coding=1 startqp=0 meanqp=0 picbytes=0 pskip=0 nalus=1 n1:12348
  cu: inter64=0 inter32=0 inter16=0 inter8=0 intra32=0 intra16=0 intra8=0 intra4=0 reftype=0
frame 652: send=0x0 get=0x0 len=8311 coding=1 startqp=0 meanqp=0 picbytes=0 pskip=0 nalus=1 n1:8311
  cu: inter64=0 inter32=0 inter16=0 inter8=0 intra32=0 intra16=0 intra8=0 intra4=0 reftype=0
frame 653: send=0x0 get=0x0 len=11527 coding=1 startqp=0 meanqp=0 picbytes=0 pskip=0 nalus=1 n1:11527
  cu: inter64=0 inter32=0 inter16=0 inter8=0 intra32=0 intra16=0 intra8=0 intra4=0 reftype=0
frame 654: send=0x0 get=0x0 len=10847 coding=1 startqp=0 meanqp=0 picbytes=0 pskip=0 nalus=1 n1:10847
  cu: inter64=0 inter32=0 inter16=0 inter8=0 intra32=0 intra16=0 intra8=0 intra4=0 reftype=0
frame 655: send=0x0 get=0x0 len=11260 coding=1 startqp=0 meanqp=0 picbytes=0 pskip=0 nalus=1 n1:11260
  cu: inter64=0 inter32=0 inter16=0 inter8=0 intra32=0 intra16=0 intra8=0 intra4=0 reftype=0
frame 656: send=0x0 get=0x0 len=2496 coding=1 startqp=0 meanqp=0 picbytes=0 pskip=0 nalus=1 n1:2496
  cu: inter64=0 inter32=0 inter16=0 inter8=0 intra32=0 intra16=0 intra8=0 intra4=0 reftype=0
frame 657: send=0x0 get=0x0 len=9416 coding=1 startqp=0 meanqp=0 picbytes=0 pskip=0 nalus=1 n1:9416
  cu: inter64=0 inter32=0 inter16=0 inter8=0 intra32=0 intra16=0 intra8=0 intra4=0 reftype=0
frame 658: send=0x0 get=0x0 len=10584 coding=1 startqp=0 meanqp=0 picbytes=0 pskip=0 nalus=1 n1:10584
  cu: inter64=0 inter32=0 inter16=0 inter8=0 intra32=0 intra16=0 intra8=0 intra4=0 reftype=0
frame 659: send=0x0 get=0x0 len=12164 coding=1 startqp=0 meanqp=0 picbytes=0 pskip=0 nalus=1 n1:12164
  cu: inter64=0 inter32=0 inter16=0 inter8=0 intra32=0 intra16=0 intra8=0 intra4=0 reftype=0
frame 660: send=0x0 get=0x0 len=64567 coding=0 startqp=0 meanqp=0 picbytes=0 pskip=0 nalus=4 n32:27 n33:53 n34:12 n19:64475
  cu: inter64=0 inter32=0 inter16=0 inter8=0 intra32=0 intra16=0 intra8=0 intra4=0 reftype=0
frame 661: send=0x0 get=0x0 len=16326 coding=1 startqp=0 meanqp=0 picbytes=0 pskip=0 nalus=1 n1:16326
  cu: inter64=0 inter32=0 inter16=0 inter8=0 intra32=0 intra16=0 intra8=0 intra4=0 reftype=0
frame 662: send=0x0 get=0x0 len=14137 coding=1 startqp=0 meanqp=0 picbytes=0 pskip=0 nalus=1 n1:14137
  cu: inter64=0 inter32=0 inter16=0 inter8=0 intra32=0 intra16=0 intra8=0 intra4=0 reftype=0
frame 663: send=0x0 get=0x0 len=12540 coding=1 startqp=0 meanqp=0 picbytes=0 pskip=0 nalus=1 n1:12540
  cu: inter64=0 inter32=0 inter16=0 inter8=0 intra32=0 intra16=0 intra8=0 intra4=0 reftype=0
frame 664: send=0x0 get=0x0 len=3882 coding=1 startqp=0 meanqp=0 picbytes=0 pskip=0 nalus=1 n1:3882
  cu: inter64=0 inter32=0 inter16=0 inter8=0 intra32=0 intra16=0 intra8=0 intra4=0 reftype=0
frame 665: send=0x0 get=0x0 len=10510 coding=1 startqp=0 meanqp=0 picbytes=0 pskip=0 nalus=1 n1:10510
  cu: inter64=0 inter32=0 inter16=0 inter8=0 intra32=0 intra16=0 intra8=0 intra4=0 reftype=0
frame 666: send=0x0 get=0x0 len=10788 coding=1 startqp=0 meanqp=0 picbytes=0 pskip=0 nalus=1 n1:10788
  cu: inter64=0 inter32=0 inter16=0 inter8=0 intra32=0 intra16=0 intra8=0 intra4=0 reftype=0
frame 667: send=0x0 get=0x0 len=12502 coding=1 startqp=0 meanqp=0 picbytes=0 pskip=0 nalus=1 n1:12502
  cu: inter64=0 inter32=0 inter16=0 inter8=0 intra32=0 intra16=0 intra8=0 intra4=0 reftype=0
frame 668: send=0x0 get=0x0 len=8242 coding=1 startqp=0 meanqp=0 picbytes=0 pskip=0 nalus=1 n1:8242
  cu: inter64=0 inter32=0 inter16=0 inter8=0 intra32=0 intra16=0 intra8=0 intra4=0 reftype=0
frame 669: send=0x0 get=0x0 len=11795 coding=1 startqp=0 meanqp=0 picbytes=0 pskip=0 nalus=1 n1:11795
  cu: inter64=0 inter32=0 inter16=0 inter8=0 intra32=0 intra16=0 intra8=0 intra4=0 reftype=0
frame 670: send=0x0 get=0x0 len=10942 coding=1 startqp=0 meanqp=0 picbytes=0 pskip=0 nalus=1 n1:10942
  cu: inter64=0 inter32=0 inter16=0 inter8=0 intra32=0 intra16=0 intra8=0 intra4=0 reftype=0
frame 671: send=0x0 get=0x0 len=11425 coding=1 startqp=0 meanqp=0 picbytes=0 pskip=0 nalus=1 n1:11425
  cu: inter64=0 inter32=0 inter16=0 inter8=0 intra32=0 intra16=0 intra8=0 intra4=0 reftype=0
frame 672: send=0x0 get=0x0 len=2524 coding=1 startqp=0 meanqp=0 picbytes=0 pskip=0 nalus=1 n1:2524
  cu: inter64=0 inter32=0 inter16=0 inter8=0 intra32=0 intra16=0 intra8=0 intra4=0 reftype=0
frame 673: send=0x0 get=0x0 len=9678 coding=1 startqp=0 meanqp=0 picbytes=0 pskip=0 nalus=1 n1:9678
  cu: inter64=0 inter32=0 inter16=0 inter8=0 intra32=0 intra16=0 intra8=0 intra4=0 reftype=0
frame 674: send=0x0 get=0x0 len=10574 coding=1 startqp=0 meanqp=0 picbytes=0 pskip=0 nalus=1 n1:10574
  cu: inter64=0 inter32=0 inter16=0 inter8=0 intra32=0 intra16=0 intra8=0 intra4=0 reftype=0
frame 675: send=0x0 get=0x0 len=12253 coding=1 startqp=0 meanqp=0 picbytes=0 pskip=0 nalus=1 n1:12253
  cu: inter64=0 inter32=0 inter16=0 inter8=0 intra32=0 intra16=0 intra8=0 intra4=0 reftype=0
frame 676: send=0x0 get=0x0 len=8325 coding=1 startqp=0 meanqp=0 picbytes=0 pskip=0 nalus=1 n1:8325
  cu: inter64=0 inter32=0 inter16=0 inter8=0 intra32=0 intra16=0 intra8=0 intra4=0 reftype=0
frame 677: send=0x0 get=0x0 len=11371 coding=1 startqp=0 meanqp=0 picbytes=0 pskip=0 nalus=1 n1:11371
  cu: inter64=0 inter32=0 inter16=0 inter8=0 intra32=0 intra16=0 intra8=0 intra4=0 reftype=0
frame 678: send=0x0 get=0x0 len=11979 coding=1 startqp=0 meanqp=0 picbytes=0 pskip=0 nalus=1 n1:11979
  cu: inter64=0 inter32=0 inter16=0 inter8=0 intra32=0 intra16=0 intra8=0 intra4=0 reftype=0
frame 679: send=0x0 get=0x0 len=11253 coding=1 startqp=0 meanqp=0 picbytes=0 pskip=0 nalus=1 n1:11253
  cu: inter64=0 inter32=0 inter16=0 inter8=0 intra32=0 intra16=0 intra8=0 intra4=0 reftype=0
frame 680: send=0x0 get=0x0 len=2792 coding=1 startqp=0 meanqp=0 picbytes=0 pskip=0 nalus=1 n1:2792
  cu: inter64=0 inter32=0 inter16=0 inter8=0 intra32=0 intra16=0 intra8=0 intra4=0 reftype=0
frame 681: send=0x0 get=0x0 len=9510 coding=1 startqp=0 meanqp=0 picbytes=0 pskip=0 nalus=1 n1:9510
  cu: inter64=0 inter32=0 inter16=0 inter8=0 intra32=0 intra16=0 intra8=0 intra4=0 reftype=0
frame 682: send=0x0 get=0x0 len=10593 coding=1 startqp=0 meanqp=0 picbytes=0 pskip=0 nalus=1 n1:10593
  cu: inter64=0 inter32=0 inter16=0 inter8=0 intra32=0 intra16=0 intra8=0 intra4=0 reftype=0
frame 683: send=0x0 get=0x0 len=12290 coding=1 startqp=0 meanqp=0 picbytes=0 pskip=0 nalus=1 n1:12290
  cu: inter64=0 inter32=0 inter16=0 inter8=0 intra32=0 intra16=0 intra8=0 intra4=0 reftype=0
frame 684: send=0x0 get=0x0 len=7871 coding=1 startqp=0 meanqp=0 picbytes=0 pskip=0 nalus=1 n1:7871
  cu: inter64=0 inter32=0 inter16=0 inter8=0 intra32=0 intra16=0 intra8=0 intra4=0 reftype=0
frame 685: send=0x0 get=0x0 len=11504 coding=1 startqp=0 meanqp=0 picbytes=0 pskip=0 nalus=1 n1:11504
  cu: inter64=0 inter32=0 inter16=0 inter8=0 intra32=0 intra16=0 intra8=0 intra4=0 reftype=0
frame 686: send=0x0 get=0x0 len=10899 coding=1 startqp=0 meanqp=0 picbytes=0 pskip=0 nalus=1 n1:10899
  cu: inter64=0 inter32=0 inter16=0 inter8=0 intra32=0 intra16=0 intra8=0 intra4=0 reftype=0
frame 687: send=0x0 get=0x0 len=11284 coding=1 startqp=0 meanqp=0 picbytes=0 pskip=0 nalus=1 n1:11284
  cu: inter64=0 inter32=0 inter16=0 inter8=0 intra32=0 intra16=0 intra8=0 intra4=0 reftype=0
frame 688: send=0x0 get=0x0 len=2572 coding=1 startqp=0 meanqp=0 picbytes=0 pskip=0 nalus=1 n1:2572
  cu: inter64=0 inter32=0 inter16=0 inter8=0 intra32=0 intra16=0 intra8=0 intra4=0 reftype=0
frame 689: send=0x0 get=0x0 len=9486 coding=1 startqp=0 meanqp=0 picbytes=0 pskip=0 nalus=1 n1:9486
  cu: inter64=0 inter32=0 inter16=0 inter8=0 intra32=0 intra16=0 intra8=0 intra4=0 reftype=0
frame 690: send=0x0 get=0x0 len=64800 coding=0 startqp=0 meanqp=0 picbytes=0 pskip=0 nalus=4 n32:27 n33:53 n34:12 n19:64708
  cu: inter64=0 inter32=0 inter16=0 inter8=0 intra32=0 intra16=0 intra8=0 intra4=0 reftype=0
frame 691: send=0x0 get=0x0 len=19484 coding=1 startqp=0 meanqp=0 picbytes=0 pskip=0 nalus=1 n1:19484
  cu: inter64=0 inter32=0 inter16=0 inter8=0 intra32=0 intra16=0 intra8=0 intra4=0 reftype=0
frame 692: send=0x0 get=0x0 len=11157 coding=1 startqp=0 meanqp=0 picbytes=0 pskip=0 nalus=1 n1:11157
  cu: inter64=0 inter32=0 inter16=0 inter8=0 intra32=0 intra16=0 intra8=0 intra4=0 reftype=0
frame 693: send=0x0 get=0x0 len=12418 coding=1 startqp=0 meanqp=0 picbytes=0 pskip=0 nalus=1 n1:12418
  cu: inter64=0 inter32=0 inter16=0 inter8=0 intra32=0 intra16=0 intra8=0 intra4=0 reftype=0
frame 694: send=0x0 get=0x0 len=12249 coding=1 startqp=0 meanqp=0 picbytes=0 pskip=0 nalus=1 n1:12249
  cu: inter64=0 inter32=0 inter16=0 inter8=0 intra32=0 intra16=0 intra8=0 intra4=0 reftype=0
frame 695: send=0x0 get=0x0 len=11694 coding=1 startqp=0 meanqp=0 picbytes=0 pskip=0 nalus=1 n1:11694
  cu: inter64=0 inter32=0 inter16=0 inter8=0 intra32=0 intra16=0 intra8=0 intra4=0 reftype=0
frame 696: send=0x0 get=0x0 len=3024 coding=1 startqp=0 meanqp=0 picbytes=0 pskip=0 nalus=1 n1:3024
  cu: inter64=0 inter32=0 inter16=0 inter8=0 intra32=0 intra16=0 intra8=0 intra4=0 reftype=0
frame 697: send=0x0 get=0x0 len=9801 coding=1 startqp=0 meanqp=0 picbytes=0 pskip=0 nalus=1 n1:9801
  cu: inter64=0 inter32=0 inter16=0 inter8=0 intra32=0 intra16=0 intra8=0 intra4=0 reftype=0
frame 698: send=0x0 get=0x0 len=10620 coding=1 startqp=0 meanqp=0 picbytes=0 pskip=0 nalus=1 n1:10620
  cu: inter64=0 inter32=0 inter16=0 inter8=0 intra32=0 intra16=0 intra8=0 intra4=0 reftype=0
frame 699: send=0x0 get=0x0 len=12542 coding=1 startqp=0 meanqp=0 picbytes=0 pskip=0 nalus=1 n1:12542
  cu: inter64=0 inter32=0 inter16=0 inter8=0 intra32=0 intra16=0 intra8=0 intra4=0 reftype=0
frame 700: send=0x0 get=0x0 len=8651 coding=1 startqp=0 meanqp=0 picbytes=0 pskip=0 nalus=1 n1:8651
  cu: inter64=0 inter32=0 inter16=0 inter8=0 intra32=0 intra16=0 intra8=0 intra4=0 reftype=0
frame 701: send=0x0 get=0x0 len=11707 coding=1 startqp=0 meanqp=0 picbytes=0 pskip=0 nalus=1 n1:11707
  cu: inter64=0 inter32=0 inter16=0 inter8=0 intra32=0 intra16=0 intra8=0 intra4=0 reftype=0
frame 702: send=0x0 get=0x0 len=10988 coding=1 startqp=0 meanqp=0 picbytes=0 pskip=0 nalus=1 n1:10988
  cu: inter64=0 inter32=0 inter16=0 inter8=0 intra32=0 intra16=0 intra8=0 intra4=0 reftype=0
frame 703: send=0x0 get=0x0 len=11496 coding=1 startqp=0 meanqp=0 picbytes=0 pskip=0 nalus=1 n1:11496
  cu: inter64=0 inter32=0 inter16=0 inter8=0 intra32=0 intra16=0 intra8=0 intra4=0 reftype=0
frame 704: send=0x0 get=0x0 len=2496 coding=1 startqp=0 meanqp=0 picbytes=0 pskip=0 nalus=1 n1:2496
  cu: inter64=0 inter32=0 inter16=0 inter8=0 intra32=0 intra16=0 intra8=0 intra4=0 reftype=0
frame 705: send=0x0 get=0x0 len=9531 coding=1 startqp=0 meanqp=0 picbytes=0 pskip=0 nalus=1 n1:9531
  cu: inter64=0 inter32=0 inter16=0 inter8=0 intra32=0 intra16=0 intra8=0 intra4=0 reftype=0
frame 706: send=0x0 get=0x0 len=10518 coding=1 startqp=0 meanqp=0 picbytes=0 pskip=0 nalus=1 n1:10518
  cu: inter64=0 inter32=0 inter16=0 inter8=0 intra32=0 intra16=0 intra8=0 intra4=0 reftype=0
frame 707: send=0x0 get=0x0 len=12253 coding=1 startqp=0 meanqp=0 picbytes=0 pskip=0 nalus=1 n1:12253
  cu: inter64=0 inter32=0 inter16=0 inter8=0 intra32=0 intra16=0 intra8=0 intra4=0 reftype=0
frame 708: send=0x0 get=0x0 len=8461 coding=1 startqp=0 meanqp=0 picbytes=0 pskip=0 nalus=1 n1:8461
  cu: inter64=0 inter32=0 inter16=0 inter8=0 intra32=0 intra16=0 intra8=0 intra4=0 reftype=0
frame 709: send=0x0 get=0x0 len=11434 coding=1 startqp=0 meanqp=0 picbytes=0 pskip=0 nalus=1 n1:11434
  cu: inter64=0 inter32=0 inter16=0 inter8=0 intra32=0 intra16=0 intra8=0 intra4=0 reftype=0
frame 710: send=0x0 get=0x0 len=11938 coding=1 startqp=0 meanqp=0 picbytes=0 pskip=0 nalus=1 n1:11938
  cu: inter64=0 inter32=0 inter16=0 inter8=0 intra32=0 intra16=0 intra8=0 intra4=0 reftype=0
frame 711: send=0x0 get=0x0 len=11244 coding=1 startqp=0 meanqp=0 picbytes=0 pskip=0 nalus=1 n1:11244
  cu: inter64=0 inter32=0 inter16=0 inter8=0 intra32=0 intra16=0 intra8=0 intra4=0 reftype=0
frame 712: send=0x0 get=0x0 len=2882 coding=1 startqp=0 meanqp=0 picbytes=0 pskip=0 nalus=1 n1:2882
  cu: inter64=0 inter32=0 inter16=0 inter8=0 intra32=0 intra16=0 intra8=0 intra4=0 reftype=0
frame 713: send=0x0 get=0x0 len=9442 coding=1 startqp=0 meanqp=0 picbytes=0 pskip=0 nalus=1 n1:9442
  cu: inter64=0 inter32=0 inter16=0 inter8=0 intra32=0 intra16=0 intra8=0 intra4=0 reftype=0
frame 714: send=0x0 get=0x0 len=10535 coding=1 startqp=0 meanqp=0 picbytes=0 pskip=0 nalus=1 n1:10535
  cu: inter64=0 inter32=0 inter16=0 inter8=0 intra32=0 intra16=0 intra8=0 intra4=0 reftype=0
frame 715: send=0x0 get=0x0 len=12293 coding=1 startqp=0 meanqp=0 picbytes=0 pskip=0 nalus=1 n1:12293
  cu: inter64=0 inter32=0 inter16=0 inter8=0 intra32=0 intra16=0 intra8=0 intra4=0 reftype=0
frame 716: send=0x0 get=0x0 len=8193 coding=1 startqp=0 meanqp=0 picbytes=0 pskip=0 nalus=1 n1:8193
  cu: inter64=0 inter32=0 inter16=0 inter8=0 intra32=0 intra16=0 intra8=0 intra4=0 reftype=0
frame 717: send=0x0 get=0x0 len=11548 coding=1 startqp=0 meanqp=0 picbytes=0 pskip=0 nalus=1 n1:11548
  cu: inter64=0 inter32=0 inter16=0 inter8=0 intra32=0 intra16=0 intra8=0 intra4=0 reftype=0
frame 718: send=0x0 get=0x0 len=10846 coding=1 startqp=0 meanqp=0 picbytes=0 pskip=0 nalus=1 n1:10846
  cu: inter64=0 inter32=0 inter16=0 inter8=0 intra32=0 intra16=0 intra8=0 intra4=0 reftype=0
frame 719: send=0x0 get=0x0 len=11272 coding=1 startqp=0 meanqp=0 picbytes=0 pskip=0 nalus=1 n1:11272
  cu: inter64=0 inter32=0 inter16=0 inter8=0 intra32=0 intra16=0 intra8=0 intra4=0 reftype=0
frame 720: send=0x0 get=0x0 len=64366 coding=0 startqp=0 meanqp=0 picbytes=0 pskip=0 nalus=4 n32:27 n33:53 n34:12 n19:64274
  cu: inter64=0 inter32=0 inter16=0 inter8=0 intra32=0 intra16=0 intra8=0 intra4=0 reftype=0
frame 721: send=0x0 get=0x0 len=15967 coding=1 startqp=0 meanqp=0 picbytes=0 pskip=0 nalus=1 n1:15967
  cu: inter64=0 inter32=0 inter16=0 inter8=0 intra32=0 intra16=0 intra8=0 intra4=0 reftype=0
frame 722: send=0x0 get=0x0 len=13435 coding=1 startqp=0 meanqp=0 picbytes=0 pskip=0 nalus=1 n1:13435
  cu: inter64=0 inter32=0 inter16=0 inter8=0 intra32=0 intra16=0 intra8=0 intra4=0 reftype=0
frame 723: send=0x0 get=0x0 len=13782 coding=1 startqp=0 meanqp=0 picbytes=0 pskip=0 nalus=1 n1:13782
  cu: inter64=0 inter32=0 inter16=0 inter8=0 intra32=0 intra16=0 intra8=0 intra4=0 reftype=0
frame 724: send=0x0 get=0x0 len=9552 coding=1 startqp=0 meanqp=0 picbytes=0 pskip=0 nalus=1 n1:9552
  cu: inter64=0 inter32=0 inter16=0 inter8=0 intra32=0 intra16=0 intra8=0 intra4=0 reftype=0
frame 725: send=0x0 get=0x0 len=12079 coding=1 startqp=0 meanqp=0 picbytes=0 pskip=0 nalus=1 n1:12079
  cu: inter64=0 inter32=0 inter16=0 inter8=0 intra32=0 intra16=0 intra8=0 intra4=0 reftype=0
frame 726: send=0x0 get=0x0 len=12084 coding=1 startqp=0 meanqp=0 picbytes=0 pskip=0 nalus=1 n1:12084
  cu: inter64=0 inter32=0 inter16=0 inter8=0 intra32=0 intra16=0 intra8=0 intra4=0 reftype=0
frame 727: send=0x0 get=0x0 len=11557 coding=1 startqp=0 meanqp=0 picbytes=0 pskip=0 nalus=1 n1:11557
  cu: inter64=0 inter32=0 inter16=0 inter8=0 intra32=0 intra16=0 intra8=0 intra4=0 reftype=0
frame 728: send=0x0 get=0x0 len=2988 coding=1 startqp=0 meanqp=0 picbytes=0 pskip=0 nalus=1 n1:2988
  cu: inter64=0 inter32=0 inter16=0 inter8=0 intra32=0 intra16=0 intra8=0 intra4=0 reftype=0
frame 729: send=0x0 get=0x0 len=9729 coding=1 startqp=0 meanqp=0 picbytes=0 pskip=0 nalus=1 n1:9729
  cu: inter64=0 inter32=0 inter16=0 inter8=0 intra32=0 intra16=0 intra8=0 intra4=0 reftype=0
frame 730: send=0x0 get=0x0 len=10676 coding=1 startqp=0 meanqp=0 picbytes=0 pskip=0 nalus=1 n1:10676
  cu: inter64=0 inter32=0 inter16=0 inter8=0 intra32=0 intra16=0 intra8=0 intra4=0 reftype=0
frame 731: send=0x0 get=0x0 len=12387 coding=1 startqp=0 meanqp=0 picbytes=0 pskip=0 nalus=1 n1:12387
  cu: inter64=0 inter32=0 inter16=0 inter8=0 intra32=0 intra16=0 intra8=0 intra4=0 reftype=0
frame 732: send=0x0 get=0x0 len=8188 coding=1 startqp=0 meanqp=0 picbytes=0 pskip=0 nalus=1 n1:8188
  cu: inter64=0 inter32=0 inter16=0 inter8=0 intra32=0 intra16=0 intra8=0 intra4=0 reftype=0
frame 733: send=0x0 get=0x0 len=11672 coding=1 startqp=0 meanqp=0 picbytes=0 pskip=0 nalus=1 n1:11672
  cu: inter64=0 inter32=0 inter16=0 inter8=0 intra32=0 intra16=0 intra8=0 intra4=0 reftype=0
frame 734: send=0x0 get=0x0 len=10959 coding=1 startqp=0 meanqp=0 picbytes=0 pskip=0 nalus=1 n1:10959
  cu: inter64=0 inter32=0 inter16=0 inter8=0 intra32=0 intra16=0 intra8=0 intra4=0 reftype=0
frame 735: send=0x0 get=0x0 len=11408 coding=1 startqp=0 meanqp=0 picbytes=0 pskip=0 nalus=1 n1:11408
  cu: inter64=0 inter32=0 inter16=0 inter8=0 intra32=0 intra16=0 intra8=0 intra4=0 reftype=0
frame 736: send=0x0 get=0x0 len=2302 coding=1 startqp=0 meanqp=0 picbytes=0 pskip=0 nalus=1 n1:2302
  cu: inter64=0 inter32=0 inter16=0 inter8=0 intra32=0 intra16=0 intra8=0 intra4=0 reftype=0
frame 737: send=0x0 get=0x0 len=9647 coding=1 startqp=0 meanqp=0 picbytes=0 pskip=0 nalus=1 n1:9647
  cu: inter64=0 inter32=0 inter16=0 inter8=0 intra32=0 intra16=0 intra8=0 intra4=0 reftype=0
frame 738: send=0x0 get=0x0 len=10637 coding=1 startqp=0 meanqp=0 picbytes=0 pskip=0 nalus=1 n1:10637
  cu: inter64=0 inter32=0 inter16=0 inter8=0 intra32=0 intra16=0 intra8=0 intra4=0 reftype=0
frame 739: send=0x0 get=0x0 len=12135 coding=1 startqp=0 meanqp=0 picbytes=0 pskip=0 nalus=1 n1:12135
  cu: inter64=0 inter32=0 inter16=0 inter8=0 intra32=0 intra16=0 intra8=0 intra4=0 reftype=0
frame 740: send=0x0 get=0x0 len=8668 coding=1 startqp=0 meanqp=0 picbytes=0 pskip=0 nalus=1 n1:8668
  cu: inter64=0 inter32=0 inter16=0 inter8=0 intra32=0 intra16=0 intra8=0 intra4=0 reftype=0
frame 741: send=0x0 get=0x0 len=11436 coding=1 startqp=0 meanqp=0 picbytes=0 pskip=0 nalus=1 n1:11436
  cu: inter64=0 inter32=0 inter16=0 inter8=0 intra32=0 intra16=0 intra8=0 intra4=0 reftype=0
frame 742: send=0x0 get=0x0 len=11935 coding=1 startqp=0 meanqp=0 picbytes=0 pskip=0 nalus=1 n1:11935
  cu: inter64=0 inter32=0 inter16=0 inter8=0 intra32=0 intra16=0 intra8=0 intra4=0 reftype=0
frame 743: send=0x0 get=0x0 len=11265 coding=1 startqp=0 meanqp=0 picbytes=0 pskip=0 nalus=1 n1:11265
  cu: inter64=0 inter32=0 inter16=0 inter8=0 intra32=0 intra16=0 intra8=0 intra4=0 reftype=0
frame 744: send=0x0 get=0x0 len=2449 coding=1 startqp=0 meanqp=0 picbytes=0 pskip=0 nalus=1 n1:2449
  cu: inter64=0 inter32=0 inter16=0 inter8=0 intra32=0 intra16=0 intra8=0 intra4=0 reftype=0
frame 745: send=0x0 get=0x0 len=9593 coding=1 startqp=0 meanqp=0 picbytes=0 pskip=0 nalus=1 n1:9593
  cu: inter64=0 inter32=0 inter16=0 inter8=0 intra32=0 intra16=0 intra8=0 intra4=0 reftype=0
frame 746: send=0x0 get=0x0 len=10584 coding=1 startqp=0 meanqp=0 picbytes=0 pskip=0 nalus=1 n1:10584
  cu: inter64=0 inter32=0 inter16=0 inter8=0 intra32=0 intra16=0 intra8=0 intra4=0 reftype=0
frame 747: send=0x0 get=0x0 len=12330 coding=1 startqp=0 meanqp=0 picbytes=0 pskip=0 nalus=1 n1:12330
  cu: inter64=0 inter32=0 inter16=0 inter8=0 intra32=0 intra16=0 intra8=0 intra4=0 reftype=0
frame 748: send=0x0 get=0x0 len=8264 coding=1 startqp=0 meanqp=0 picbytes=0 pskip=0 nalus=1 n1:8264
  cu: inter64=0 inter32=0 inter16=0 inter8=0 intra32=0 intra16=0 intra8=0 intra4=0 reftype=0
frame 749: send=0x0 get=0x0 len=11564 coding=1 startqp=0 meanqp=0 picbytes=0 pskip=0 nalus=1 n1:11564
  cu: inter64=0 inter32=0 inter16=0 inter8=0 intra32=0 intra16=0 intra8=0 intra4=0 reftype=0
frame 750: send=0x0 get=0x0 len=64894 coding=0 startqp=0 meanqp=0 picbytes=0 pskip=0 nalus=4 n32:27 n33:53 n34:12 n19:64802
  cu: inter64=0 inter32=0 inter16=0 inter8=0 intra32=0 intra16=0 intra8=0 intra4=0 reftype=0
frame 751: send=0x0 get=0x0 len=18453 coding=1 startqp=0 meanqp=0 picbytes=0 pskip=0 nalus=1 n1:18453
  cu: inter64=0 inter32=0 inter16=0 inter8=0 intra32=0 intra16=0 intra8=0 intra4=0 reftype=0
frame 752: send=0x0 get=0x0 len=4307 coding=1 startqp=0 meanqp=0 picbytes=0 pskip=0 nalus=1 n1:4307
  cu: inter64=0 inter32=0 inter16=0 inter8=0 intra32=0 intra16=0 intra8=0 intra4=0 reftype=0
frame 753: send=0x0 get=0x0 len=10613 coding=1 startqp=0 meanqp=0 picbytes=0 pskip=0 nalus=1 n1:10613
  cu: inter64=0 inter32=0 inter16=0 inter8=0 intra32=0 intra16=0 intra8=0 intra4=0 reftype=0
frame 754: send=0x0 get=0x0 len=10908 coding=1 startqp=0 meanqp=0 picbytes=0 pskip=0 nalus=1 n1:10908
  cu: inter64=0 inter32=0 inter16=0 inter8=0 intra32=0 intra16=0 intra8=0 intra4=0 reftype=0
frame 755: send=0x0 get=0x0 len=12474 coding=1 startqp=0 meanqp=0 picbytes=0 pskip=0 nalus=1 n1:12474
  cu: inter64=0 inter32=0 inter16=0 inter8=0 intra32=0 intra16=0 intra8=0 intra4=0 reftype=0
frame 756: send=0x0 get=0x0 len=8766 coding=1 startqp=0 meanqp=0 picbytes=0 pskip=0 nalus=1 n1:8766
  cu: inter64=0 inter32=0 inter16=0 inter8=0 intra32=0 intra16=0 intra8=0 intra4=0 reftype=0
frame 757: send=0x0 get=0x0 len=11641 coding=1 startqp=0 meanqp=0 picbytes=0 pskip=0 nalus=1 n1:11641
  cu: inter64=0 inter32=0 inter16=0 inter8=0 intra32=0 intra16=0 intra8=0 intra4=0 reftype=0
frame 758: send=0x0 get=0x0 len=12138 coding=1 startqp=0 meanqp=0 picbytes=0 pskip=0 nalus=1 n1:12138
  cu: inter64=0 inter32=0 inter16=0 inter8=0 intra32=0 intra16=0 intra8=0 intra4=0 reftype=0
frame 759: send=0x0 get=0x0 len=11538 coding=1 startqp=0 meanqp=0 picbytes=0 pskip=0 nalus=1 n1:11538
  cu: inter64=0 inter32=0 inter16=0 inter8=0 intra32=0 intra16=0 intra8=0 intra4=0 reftype=0
frame 760: send=0x0 get=0x0 len=2828 coding=1 startqp=0 meanqp=0 picbytes=0 pskip=0 nalus=1 n1:2828
  cu: inter64=0 inter32=0 inter16=0 inter8=0 intra32=0 intra16=0 intra8=0 intra4=0 reftype=0
frame 761: send=0x0 get=0x0 len=9681 coding=1 startqp=0 meanqp=0 picbytes=0 pskip=0 nalus=1 n1:9681
  cu: inter64=0 inter32=0 inter16=0 inter8=0 intra32=0 intra16=0 intra8=0 intra4=0 reftype=0
frame 762: send=0x0 get=0x0 len=10602 coding=1 startqp=0 meanqp=0 picbytes=0 pskip=0 nalus=1 n1:10602
  cu: inter64=0 inter32=0 inter16=0 inter8=0 intra32=0 intra16=0 intra8=0 intra4=0 reftype=0
frame 763: send=0x0 get=0x0 len=12510 coding=1 startqp=0 meanqp=0 picbytes=0 pskip=0 nalus=1 n1:12510
  cu: inter64=0 inter32=0 inter16=0 inter8=0 intra32=0 intra16=0 intra8=0 intra4=0 reftype=0
frame 764: send=0x0 get=0x0 len=7761 coding=1 startqp=0 meanqp=0 picbytes=0 pskip=0 nalus=1 n1:7761
  cu: inter64=0 inter32=0 inter16=0 inter8=0 intra32=0 intra16=0 intra8=0 intra4=0 reftype=0
frame 765: send=0x0 get=0x0 len=11703 coding=1 startqp=0 meanqp=0 picbytes=0 pskip=0 nalus=1 n1:11703
  cu: inter64=0 inter32=0 inter16=0 inter8=0 intra32=0 intra16=0 intra8=0 intra4=0 reftype=0
frame 766: send=0x0 get=0x0 len=11003 coding=1 startqp=0 meanqp=0 picbytes=0 pskip=0 nalus=1 n1:11003
  cu: inter64=0 inter32=0 inter16=0 inter8=0 intra32=0 intra16=0 intra8=0 intra4=0 reftype=0
frame 767: send=0x0 get=0x0 len=11444 coding=1 startqp=0 meanqp=0 picbytes=0 pskip=0 nalus=1 n1:11444
  cu: inter64=0 inter32=0 inter16=0 inter8=0 intra32=0 intra16=0 intra8=0 intra4=0 reftype=0
frame 768: send=0x0 get=0x0 len=2474 coding=1 startqp=0 meanqp=0 picbytes=0 pskip=0 nalus=1 n1:2474
  cu: inter64=0 inter32=0 inter16=0 inter8=0 intra32=0 intra16=0 intra8=0 intra4=0 reftype=0
frame 769: send=0x0 get=0x0 len=9612 coding=1 startqp=0 meanqp=0 picbytes=0 pskip=0 nalus=1 n1:9612
  cu: inter64=0 inter32=0 inter16=0 inter8=0 intra32=0 intra16=0 intra8=0 intra4=0 reftype=0
frame 770: send=0x0 get=0x0 len=10564 coding=1 startqp=0 meanqp=0 picbytes=0 pskip=0 nalus=1 n1:10564
  cu: inter64=0 inter32=0 inter16=0 inter8=0 intra32=0 intra16=0 intra8=0 intra4=0 reftype=0
frame 771: send=0x0 get=0x0 len=12205 coding=1 startqp=0 meanqp=0 picbytes=0 pskip=0 nalus=1 n1:12205
  cu: inter64=0 inter32=0 inter16=0 inter8=0 intra32=0 intra16=0 intra8=0 intra4=0 reftype=0
frame 772: send=0x0 get=0x0 len=8280 coding=1 startqp=0 meanqp=0 picbytes=0 pskip=0 nalus=1 n1:8280
  cu: inter64=0 inter32=0 inter16=0 inter8=0 intra32=0 intra16=0 intra8=0 intra4=0 reftype=0
frame 773: send=0x0 get=0x0 len=11408 coding=1 startqp=0 meanqp=0 picbytes=0 pskip=0 nalus=1 n1:11408
  cu: inter64=0 inter32=0 inter16=0 inter8=0 intra32=0 intra16=0 intra8=0 intra4=0 reftype=0
frame 774: send=0x0 get=0x0 len=12038 coding=1 startqp=0 meanqp=0 picbytes=0 pskip=0 nalus=1 n1:12038
  cu: inter64=0 inter32=0 inter16=0 inter8=0 intra32=0 intra16=0 intra8=0 intra4=0 reftype=0
frame 775: send=0x0 get=0x0 len=11269 coding=1 startqp=0 meanqp=0 picbytes=0 pskip=0 nalus=1 n1:11269
  cu: inter64=0 inter32=0 inter16=0 inter8=0 intra32=0 intra16=0 intra8=0 intra4=0 reftype=0
frame 776: send=0x0 get=0x0 len=2409 coding=1 startqp=0 meanqp=0 picbytes=0 pskip=0 nalus=1 n1:2409
  cu: inter64=0 inter32=0 inter16=0 inter8=0 intra32=0 intra16=0 intra8=0 intra4=0 reftype=0
frame 777: send=0x0 get=0x0 len=9559 coding=1 startqp=0 meanqp=0 picbytes=0 pskip=0 nalus=1 n1:9559
  cu: inter64=0 inter32=0 inter16=0 inter8=0 intra32=0 intra16=0 intra8=0 intra4=0 reftype=0
frame 778: send=0x0 get=0x0 len=10597 coding=1 startqp=0 meanqp=0 picbytes=0 pskip=0 nalus=1 n1:10597
  cu: inter64=0 inter32=0 inter16=0 inter8=0 intra32=0 intra16=0 intra8=0 intra4=0 reftype=0
frame 779: send=0x0 get=0x0 len=12417 coding=1 startqp=0 meanqp=0 picbytes=0 pskip=0 nalus=1 n1:12417
  cu: inter64=0 inter32=0 inter16=0 inter8=0 intra32=0 intra16=0 intra8=0 intra4=0 reftype=0
frame 780: send=0x0 get=0x0 len=64541 coding=0 startqp=0 meanqp=0 picbytes=0 pskip=0 nalus=4 n32:27 n33:53 n34:12 n19:64449
  cu: inter64=0 inter32=0 inter16=0 inter8=0 intra32=0 intra16=0 intra8=0 intra4=0 reftype=0
frame 781: send=0x0 get=0x0 len=16396 coding=1 startqp=0 meanqp=0 picbytes=0 pskip=0 nalus=1 n1:16396
  cu: inter64=0 inter32=0 inter16=0 inter8=0 intra32=0 intra16=0 intra8=0 intra4=0 reftype=0
frame 782: send=0x0 get=0x0 len=13898 coding=1 startqp=0 meanqp=0 picbytes=0 pskip=0 nalus=1 n1:13898
  cu: inter64=0 inter32=0 inter16=0 inter8=0 intra32=0 intra16=0 intra8=0 intra4=0 reftype=0
frame 783: send=0x0 get=0x0 len=12622 coding=1 startqp=0 meanqp=0 picbytes=0 pskip=0 nalus=1 n1:12622
  cu: inter64=0 inter32=0 inter16=0 inter8=0 intra32=0 intra16=0 intra8=0 intra4=0 reftype=0
frame 784: send=0x0 get=0x0 len=3585 coding=1 startqp=0 meanqp=0 picbytes=0 pskip=0 nalus=1 n1:3585
  cu: inter64=0 inter32=0 inter16=0 inter8=0 intra32=0 intra16=0 intra8=0 intra4=0 reftype=0
frame 785: send=0x0 get=0x0 len=10630 coding=1 startqp=0 meanqp=0 picbytes=0 pskip=0 nalus=1 n1:10630
  cu: inter64=0 inter32=0 inter16=0 inter8=0 intra32=0 intra16=0 intra8=0 intra4=0 reftype=0
frame 786: send=0x0 get=0x0 len=10759 coding=1 startqp=0 meanqp=0 picbytes=0 pskip=0 nalus=1 n1:10759
  cu: inter64=0 inter32=0 inter16=0 inter8=0 intra32=0 intra16=0 intra8=0 intra4=0 reftype=0
frame 787: send=0x0 get=0x0 len=12419 coding=1 startqp=0 meanqp=0 picbytes=0 pskip=0 nalus=1 n1:12419
  cu: inter64=0 inter32=0 inter16=0 inter8=0 intra32=0 intra16=0 intra8=0 intra4=0 reftype=0
frame 788: send=0x0 get=0x0 len=8711 coding=1 startqp=0 meanqp=0 picbytes=0 pskip=0 nalus=1 n1:8711
  cu: inter64=0 inter32=0 inter16=0 inter8=0 intra32=0 intra16=0 intra8=0 intra4=0 reftype=0
frame 789: send=0x0 get=0x0 len=11547 coding=1 startqp=0 meanqp=0 picbytes=0 pskip=0 nalus=1 n1:11547
  cu: inter64=0 inter32=0 inter16=0 inter8=0 intra32=0 intra16=0 intra8=0 intra4=0 reftype=0
frame 790: send=0x0 get=0x0 len=12034 coding=1 startqp=0 meanqp=0 picbytes=0 pskip=0 nalus=1 n1:12034
  cu: inter64=0 inter32=0 inter16=0 inter8=0 intra32=0 intra16=0 intra8=0 intra4=0 reftype=0
frame 791: send=0x0 get=0x0 len=11480 coding=1 startqp=0 meanqp=0 picbytes=0 pskip=0 nalus=1 n1:11480
  cu: inter64=0 inter32=0 inter16=0 inter8=0 intra32=0 intra16=0 intra8=0 intra4=0 reftype=0
frame 792: send=0x0 get=0x0 len=2620 coding=1 startqp=0 meanqp=0 picbytes=0 pskip=0 nalus=1 n1:2620
  cu: inter64=0 inter32=0 inter16=0 inter8=0 intra32=0 intra16=0 intra8=0 intra4=0 reftype=0
frame 793: send=0x0 get=0x0 len=9756 coding=1 startqp=0 meanqp=0 picbytes=0 pskip=0 nalus=1 n1:9756
  cu: inter64=0 inter32=0 inter16=0 inter8=0 intra32=0 intra16=0 intra8=0 intra4=0 reftype=0
frame 794: send=0x0 get=0x0 len=10673 coding=1 startqp=0 meanqp=0 picbytes=0 pskip=0 nalus=1 n1:10673
  cu: inter64=0 inter32=0 inter16=0 inter8=0 intra32=0 intra16=0 intra8=0 intra4=0 reftype=0
frame 795: send=0x0 get=0x0 len=12435 coding=1 startqp=0 meanqp=0 picbytes=0 pskip=0 nalus=1 n1:12435
  cu: inter64=0 inter32=0 inter16=0 inter8=0 intra32=0 intra16=0 intra8=0 intra4=0 reftype=0
frame 796: send=0x0 get=0x0 len=8522 coding=1 startqp=0 meanqp=0 picbytes=0 pskip=0 nalus=1 n1:8522
  cu: inter64=0 inter32=0 inter16=0 inter8=0 intra32=0 intra16=0 intra8=0 intra4=0 reftype=0
frame 797: send=0x0 get=0x0 len=11677 coding=1 startqp=0 meanqp=0 picbytes=0 pskip=0 nalus=1 n1:11677
  cu: inter64=0 inter32=0 inter16=0 inter8=0 intra32=0 intra16=0 intra8=0 intra4=0 reftype=0
frame 798: send=0x0 get=0x0 len=10976 coding=1 startqp=0 meanqp=0 picbytes=0 pskip=0 nalus=1 n1:10976
  cu: inter64=0 inter32=0 inter16=0 inter8=0 intra32=0 intra16=0 intra8=0 intra4=0 reftype=0
frame 799: send=0x0 get=0x0 len=11353 coding=1 startqp=0 meanqp=0 picbytes=0 pskip=0 nalus=1 n1:11353
  cu: inter64=0 inter32=0 inter16=0 inter8=0 intra32=0 intra16=0 intra8=0 intra4=0 reftype=0
frame 800: send=0x0 get=0x0 len=2524 coding=1 startqp=0 meanqp=0 picbytes=0 pskip=0 nalus=1 n1:2524
  cu: inter64=0 inter32=0 inter16=0 inter8=0 intra32=0 intra16=0 intra8=0 intra4=0 reftype=0
frame 801: send=0x0 get=0x0 len=9728 coding=1 startqp=0 meanqp=0 picbytes=0 pskip=0 nalus=1 n1:9728
  cu: inter64=0 inter32=0 inter16=0 inter8=0 intra32=0 intra16=0 intra8=0 intra4=0 reftype=0
frame 802: send=0x0 get=0x0 len=10606 coding=1 startqp=0 meanqp=0 picbytes=0 pskip=0 nalus=1 n1:10606
  cu: inter64=0 inter32=0 inter16=0 inter8=0 intra32=0 intra16=0 intra8=0 intra4=0 reftype=0
frame 803: send=0x0 get=0x0 len=12166 coding=1 startqp=0 meanqp=0 picbytes=0 pskip=0 nalus=1 n1:12166
  cu: inter64=0 inter32=0 inter16=0 inter8=0 intra32=0 intra16=0 intra8=0 intra4=0 reftype=0
frame 804: send=0x0 get=0x0 len=8765 coding=1 startqp=0 meanqp=0 picbytes=0 pskip=0 nalus=1 n1:8765
  cu: inter64=0 inter32=0 inter16=0 inter8=0 intra32=0 intra16=0 intra8=0 intra4=0 reftype=0
frame 805: send=0x0 get=0x0 len=11368 coding=1 startqp=0 meanqp=0 picbytes=0 pskip=0 nalus=1 n1:11368
  cu: inter64=0 inter32=0 inter16=0 inter8=0 intra32=0 intra16=0 intra8=0 intra4=0 reftype=0
frame 806: send=0x0 get=0x0 len=12025 coding=1 startqp=0 meanqp=0 picbytes=0 pskip=0 nalus=1 n1:12025
  cu: inter64=0 inter32=0 inter16=0 inter8=0 intra32=0 intra16=0 intra8=0 intra4=0 reftype=0
frame 807: send=0x0 get=0x0 len=11290 coding=1 startqp=0 meanqp=0 picbytes=0 pskip=0 nalus=1 n1:11290
  cu: inter64=0 inter32=0 inter16=0 inter8=0 intra32=0 intra16=0 intra8=0 intra4=0 reftype=0
frame 808: send=0x0 get=0x0 len=2796 coding=1 startqp=0 meanqp=0 picbytes=0 pskip=0 nalus=1 n1:2796
  cu: inter64=0 inter32=0 inter16=0 inter8=0 intra32=0 intra16=0 intra8=0 intra4=0 reftype=0
frame 809: send=0x0 get=0x0 len=9539 coding=1 startqp=0 meanqp=0 picbytes=0 pskip=0 nalus=1 n1:9539
  cu: inter64=0 inter32=0 inter16=0 inter8=0 intra32=0 intra16=0 intra8=0 intra4=0 reftype=0
frame 810: send=0x0 get=0x0 len=64839 coding=0 startqp=0 meanqp=0 picbytes=0 pskip=0 nalus=4 n32:27 n33:53 n34:12 n19:64747
  cu: inter64=0 inter32=0 inter16=0 inter8=0 intra32=0 intra16=0 intra8=0 intra4=0 reftype=0
frame 811: send=0x0 get=0x0 len=19961 coding=1 startqp=0 meanqp=0 picbytes=0 pskip=0 nalus=1 n1:19961
  cu: inter64=0 inter32=0 inter16=0 inter8=0 intra32=0 intra16=0 intra8=0 intra4=0 reftype=0
frame 812: send=0x0 get=0x0 len=10735 coding=1 startqp=0 meanqp=0 picbytes=0 pskip=0 nalus=1 n1:10735
  cu: inter64=0 inter32=0 inter16=0 inter8=0 intra32=0 intra16=0 intra8=0 intra4=0 reftype=0
frame 813: send=0x0 get=0x0 len=12585 coding=1 startqp=0 meanqp=0 picbytes=0 pskip=0 nalus=1 n1:12585
  cu: inter64=0 inter32=0 inter16=0 inter8=0 intra32=0 intra16=0 intra8=0 intra4=0 reftype=0
frame 814: send=0x0 get=0x0 len=11324 coding=1 startqp=0 meanqp=0 picbytes=0 pskip=0 nalus=1 n1:11324
  cu: inter64=0 inter32=0 inter16=0 inter8=0 intra32=0 intra16=0 intra8=0 intra4=0 reftype=0
frame 815: send=0x0 get=0x0 len=11828 coding=1 startqp=0 meanqp=0 picbytes=0 pskip=0 nalus=1 n1:11828
  cu: inter64=0 inter32=0 inter16=0 inter8=0 intra32=0 intra16=0 intra8=0 intra4=0 reftype=0
frame 816: send=0x0 get=0x0 len=3179 coding=1 startqp=0 meanqp=0 picbytes=0 pskip=0 nalus=1 n1:3179
  cu: inter64=0 inter32=0 inter16=0 inter8=0 intra32=0 intra16=0 intra8=0 intra4=0 reftype=0
frame 817: send=0x0 get=0x0 len=9958 coding=1 startqp=0 meanqp=0 picbytes=0 pskip=0 nalus=1 n1:9958
  cu: inter64=0 inter32=0 inter16=0 inter8=0 intra32=0 intra16=0 intra8=0 intra4=0 reftype=0
frame 818: send=0x0 get=0x0 len=10730 coding=1 startqp=0 meanqp=0 picbytes=0 pskip=0 nalus=1 n1:10730
  cu: inter64=0 inter32=0 inter16=0 inter8=0 intra32=0 intra16=0 intra8=0 intra4=0 reftype=0
frame 819: send=0x0 get=0x0 len=12287 coding=1 startqp=0 meanqp=0 picbytes=0 pskip=0 nalus=1 n1:12287
  cu: inter64=0 inter32=0 inter16=0 inter8=0 intra32=0 intra16=0 intra8=0 intra4=0 reftype=0
frame 820: send=0x0 get=0x0 len=8643 coding=1 startqp=0 meanqp=0 picbytes=0 pskip=0 nalus=1 n1:8643
  cu: inter64=0 inter32=0 inter16=0 inter8=0 intra32=0 intra16=0 intra8=0 intra4=0 reftype=0
frame 821: send=0x0 get=0x0 len=11429 coding=1 startqp=0 meanqp=0 picbytes=0 pskip=0 nalus=1 n1:11429
  cu: inter64=0 inter32=0 inter16=0 inter8=0 intra32=0 intra16=0 intra8=0 intra4=0 reftype=0
frame 822: send=0x0 get=0x0 len=12015 coding=1 startqp=0 meanqp=0 picbytes=0 pskip=0 nalus=1 n1:12015
  cu: inter64=0 inter32=0 inter16=0 inter8=0 intra32=0 intra16=0 intra8=0 intra4=0 reftype=0
frame 823: send=0x0 get=0x0 len=11401 coding=1 startqp=0 meanqp=0 picbytes=0 pskip=0 nalus=1 n1:11401
  cu: inter64=0 inter32=0 inter16=0 inter8=0 intra32=0 intra16=0 intra8=0 intra4=0 reftype=0
frame 824: send=0x0 get=0x0 len=2641 coding=1 startqp=0 meanqp=0 picbytes=0 pskip=0 nalus=1 n1:2641
  cu: inter64=0 inter32=0 inter16=0 inter8=0 intra32=0 intra16=0 intra8=0 intra4=0 reftype=0
frame 825: send=0x0 get=0x0 len=9611 coding=1 startqp=0 meanqp=0 picbytes=0 pskip=0 nalus=1 n1:9611
  cu: inter64=0 inter32=0 inter16=0 inter8=0 intra32=0 intra16=0 intra8=0 intra4=0 reftype=0
frame 826: send=0x0 get=0x0 len=10571 coding=1 startqp=0 meanqp=0 picbytes=0 pskip=0 nalus=1 n1:10571
  cu: inter64=0 inter32=0 inter16=0 inter8=0 intra32=0 intra16=0 intra8=0 intra4=0 reftype=0
frame 827: send=0x0 get=0x0 len=12394 coding=1 startqp=0 meanqp=0 picbytes=0 pskip=0 nalus=1 n1:12394
  cu: inter64=0 inter32=0 inter16=0 inter8=0 intra32=0 intra16=0 intra8=0 intra4=0 reftype=0
frame 828: send=0x0 get=0x0 len=8239 coding=1 startqp=0 meanqp=0 picbytes=0 pskip=0 nalus=1 n1:8239
  cu: inter64=0 inter32=0 inter16=0 inter8=0 intra32=0 intra16=0 intra8=0 intra4=0 reftype=0
frame 829: send=0x0 get=0x0 len=11601 coding=1 startqp=0 meanqp=0 picbytes=0 pskip=0 nalus=1 n1:11601
  cu: inter64=0 inter32=0 inter16=0 inter8=0 intra32=0 intra16=0 intra8=0 intra4=0 reftype=0
frame 830: send=0x0 get=0x0 len=10886 coding=1 startqp=0 meanqp=0 picbytes=0 pskip=0 nalus=1 n1:10886
  cu: inter64=0 inter32=0 inter16=0 inter8=0 intra32=0 intra16=0 intra8=0 intra4=0 reftype=0
frame 831: send=0x0 get=0x0 len=11348 coding=1 startqp=0 meanqp=0 picbytes=0 pskip=0 nalus=1 n1:11348
  cu: inter64=0 inter32=0 inter16=0 inter8=0 intra32=0 intra16=0 intra8=0 intra4=0 reftype=0
frame 832: send=0x0 get=0x0 len=2640 coding=1 startqp=0 meanqp=0 picbytes=0 pskip=0 nalus=1 n1:2640
  cu: inter64=0 inter32=0 inter16=0 inter8=0 intra32=0 intra16=0 intra8=0 intra4=0 reftype=0
frame 833: send=0x0 get=0x0 len=9603 coding=1 startqp=0 meanqp=0 picbytes=0 pskip=0 nalus=1 n1:9603
  cu: inter64=0 inter32=0 inter16=0 inter8=0 intra32=0 intra16=0 intra8=0 intra4=0 reftype=0
frame 834: send=0x0 get=0x0 len=10602 coding=1 startqp=0 meanqp=0 picbytes=0 pskip=0 nalus=1 n1:10602
  cu: inter64=0 inter32=0 inter16=0 inter8=0 intra32=0 intra16=0 intra8=0 intra4=0 reftype=0
frame 835: send=0x0 get=0x0 len=12201 coding=1 startqp=0 meanqp=0 picbytes=0 pskip=0 nalus=1 n1:12201
  cu: inter64=0 inter32=0 inter16=0 inter8=0 intra32=0 intra16=0 intra8=0 intra4=0 reftype=0
frame 836: send=0x0 get=0x0 len=8694 coding=1 startqp=0 meanqp=0 picbytes=0 pskip=0 nalus=1 n1:8694
  cu: inter64=0 inter32=0 inter16=0 inter8=0 intra32=0 intra16=0 intra8=0 intra4=0 reftype=0
frame 837: send=0x0 get=0x0 len=11391 coding=1 startqp=0 meanqp=0 picbytes=0 pskip=0 nalus=1 n1:11391
  cu: inter64=0 inter32=0 inter16=0 inter8=0 intra32=0 intra16=0 intra8=0 intra4=0 reftype=0
frame 838: send=0x0 get=0x0 len=12058 coding=1 startqp=0 meanqp=0 picbytes=0 pskip=0 nalus=1 n1:12058
  cu: inter64=0 inter32=0 inter16=0 inter8=0 intra32=0 intra16=0 intra8=0 intra4=0 reftype=0
frame 839: send=0x0 get=0x0 len=11324 coding=1 startqp=0 meanqp=0 picbytes=0 pskip=0 nalus=1 n1:11324
  cu: inter64=0 inter32=0 inter16=0 inter8=0 intra32=0 intra16=0 intra8=0 intra4=0 reftype=0
frame 840: send=0x0 get=0x0 len=64884 coding=0 startqp=0 meanqp=0 picbytes=0 pskip=0 nalus=4 n32:27 n33:53 n34:12 n19:64792
  cu: inter64=0 inter32=0 inter16=0 inter8=0 intra32=0 intra16=0 intra8=0 intra4=0 reftype=0
frame 841: send=0x0 get=0x0 len=15857 coding=1 startqp=0 meanqp=0 picbytes=0 pskip=0 nalus=1 n1:15857
  cu: inter64=0 inter32=0 inter16=0 inter8=0 intra32=0 intra16=0 intra8=0 intra4=0 reftype=0
frame 842: send=0x0 get=0x0 len=13127 coding=1 startqp=0 meanqp=0 picbytes=0 pskip=0 nalus=1 n1:13127
  cu: inter64=0 inter32=0 inter16=0 inter8=0 intra32=0 intra16=0 intra8=0 intra4=0 reftype=0
frame 843: send=0x0 get=0x0 len=13920 coding=1 startqp=0 meanqp=0 picbytes=0 pskip=0 nalus=1 n1:13920
  cu: inter64=0 inter32=0 inter16=0 inter8=0 intra32=0 intra16=0 intra8=0 intra4=0 reftype=0
frame 844: send=0x0 get=0x0 len=9423 coding=1 startqp=0 meanqp=0 picbytes=0 pskip=0 nalus=1 n1:9423
  cu: inter64=0 inter32=0 inter16=0 inter8=0 intra32=0 intra16=0 intra8=0 intra4=0 reftype=0
frame 845: send=0x0 get=0x0 len=12193 coding=1 startqp=0 meanqp=0 picbytes=0 pskip=0 nalus=1 n1:12193
  cu: inter64=0 inter32=0 inter16=0 inter8=0 intra32=0 intra16=0 intra8=0 intra4=0 reftype=0
frame 846: send=0x0 get=0x0 len=11172 coding=1 startqp=0 meanqp=0 picbytes=0 pskip=0 nalus=1 n1:11172
  cu: inter64=0 inter32=0 inter16=0 inter8=0 intra32=0 intra16=0 intra8=0 intra4=0 reftype=0
frame 847: send=0x0 get=0x0 len=11576 coding=1 startqp=0 meanqp=0 picbytes=0 pskip=0 nalus=1 n1:11576
  cu: inter64=0 inter32=0 inter16=0 inter8=0 intra32=0 intra16=0 intra8=0 intra4=0 reftype=0
frame 848: send=0x0 get=0x0 len=3037 coding=1 startqp=0 meanqp=0 picbytes=0 pskip=0 nalus=1 n1:3037
  cu: inter64=0 inter32=0 inter16=0 inter8=0 intra32=0 intra16=0 intra8=0 intra4=0 reftype=0
frame 849: send=0x0 get=0x0 len=9672 coding=1 startqp=0 meanqp=0 picbytes=0 pskip=0 nalus=1 n1:9672
  cu: inter64=0 inter32=0 inter16=0 inter8=0 intra32=0 intra16=0 intra8=0 intra4=0 reftype=0
frame 850: send=0x0 get=0x0 len=10637 coding=1 startqp=0 meanqp=0 picbytes=0 pskip=0 nalus=1 n1:10637
  cu: inter64=0 inter32=0 inter16=0 inter8=0 intra32=0 intra16=0 intra8=0 intra4=0 reftype=0
frame 851: send=0x0 get=0x0 len=12180 coding=1 startqp=0 meanqp=0 picbytes=0 pskip=0 nalus=1 n1:12180
  cu: inter64=0 inter32=0 inter16=0 inter8=0 intra32=0 intra16=0 intra8=0 intra4=0 reftype=0
frame 852: send=0x0 get=0x0 len=8735 coding=1 startqp=0 meanqp=0 picbytes=0 pskip=0 nalus=1 n1:8735
  cu: inter64=0 inter32=0 inter16=0 inter8=0 intra32=0 intra16=0 intra8=0 intra4=0 reftype=0
frame 853: send=0x0 get=0x0 len=11519 coding=1 startqp=0 meanqp=0 picbytes=0 pskip=0 nalus=1 n1:11519
  cu: inter64=0 inter32=0 inter16=0 inter8=0 intra32=0 intra16=0 intra8=0 intra4=0 reftype=0
frame 854: send=0x0 get=0x0 len=11989 coding=1 startqp=0 meanqp=0 picbytes=0 pskip=0 nalus=1 n1:11989
  cu: inter64=0 inter32=0 inter16=0 inter8=0 intra32=0 intra16=0 intra8=0 intra4=0 reftype=0
frame 855: send=0x0 get=0x0 len=11401 coding=1 startqp=0 meanqp=0 picbytes=0 pskip=0 nalus=1 n1:11401
  cu: inter64=0 inter32=0 inter16=0 inter8=0 intra32=0 intra16=0 intra8=0 intra4=0 reftype=0
frame 856: send=0x0 get=0x0 len=2766 coding=1 startqp=0 meanqp=0 picbytes=0 pskip=0 nalus=1 n1:2766
  cu: inter64=0 inter32=0 inter16=0 inter8=0 intra32=0 intra16=0 intra8=0 intra4=0 reftype=0
frame 857: send=0x0 get=0x0 len=9519 coding=1 startqp=0 meanqp=0 picbytes=0 pskip=0 nalus=1 n1:9519
  cu: inter64=0 inter32=0 inter16=0 inter8=0 intra32=0 intra16=0 intra8=0 intra4=0 reftype=0
frame 858: send=0x0 get=0x0 len=10580 coding=1 startqp=0 meanqp=0 picbytes=0 pskip=0 nalus=1 n1:10580
  cu: inter64=0 inter32=0 inter16=0 inter8=0 intra32=0 intra16=0 intra8=0 intra4=0 reftype=0
frame 859: send=0x0 get=0x0 len=12368 coding=1 startqp=0 meanqp=0 picbytes=0 pskip=0 nalus=1 n1:12368
  cu: inter64=0 inter32=0 inter16=0 inter8=0 intra32=0 intra16=0 intra8=0 intra4=0 reftype=0
frame 860: send=0x0 get=0x0 len=8424 coding=1 startqp=0 meanqp=0 picbytes=0 pskip=0 nalus=1 n1:8424
  cu: inter64=0 inter32=0 inter16=0 inter8=0 intra32=0 intra16=0 intra8=0 intra4=0 reftype=0
frame 861: send=0x0 get=0x0 len=11613 coding=1 startqp=0 meanqp=0 picbytes=0 pskip=0 nalus=1 n1:11613
  cu: inter64=0 inter32=0 inter16=0 inter8=0 intra32=0 intra16=0 intra8=0 intra4=0 reftype=0
frame 862: send=0x0 get=0x0 len=10860 coding=1 startqp=0 meanqp=0 picbytes=0 pskip=0 nalus=1 n1:10860
  cu: inter64=0 inter32=0 inter16=0 inter8=0 intra32=0 intra16=0 intra8=0 intra4=0 reftype=0
frame 863: send=0x0 get=0x0 len=11354 coding=1 startqp=0 meanqp=0 picbytes=0 pskip=0 nalus=1 n1:11354
  cu: inter64=0 inter32=0 inter16=0 inter8=0 intra32=0 intra16=0 intra8=0 intra4=0 reftype=0
frame 864: send=0x0 get=0x0 len=2585 coding=1 startqp=0 meanqp=0 picbytes=0 pskip=0 nalus=1 n1:2585
  cu: inter64=0 inter32=0 inter16=0 inter8=0 intra32=0 intra16=0 intra8=0 intra4=0 reftype=0
frame 865: send=0x0 get=0x0 len=9584 coding=1 startqp=0 meanqp=0 picbytes=0 pskip=0 nalus=1 n1:9584
  cu: inter64=0 inter32=0 inter16=0 inter8=0 intra32=0 intra16=0 intra8=0 intra4=0 reftype=0
frame 866: send=0x0 get=0x0 len=10587 coding=1 startqp=0 meanqp=0 picbytes=0 pskip=0 nalus=1 n1:10587
  cu: inter64=0 inter32=0 inter16=0 inter8=0 intra32=0 intra16=0 intra8=0 intra4=0 reftype=0
frame 867: send=0x0 get=0x0 len=12276 coding=1 startqp=0 meanqp=0 picbytes=0 pskip=0 nalus=1 n1:12276
  cu: inter64=0 inter32=0 inter16=0 inter8=0 intra32=0 intra16=0 intra8=0 intra4=0 reftype=0
frame 868: send=0x0 get=0x0 len=8670 coding=1 startqp=0 meanqp=0 picbytes=0 pskip=0 nalus=1 n1:8670
  cu: inter64=0 inter32=0 inter16=0 inter8=0 intra32=0 intra16=0 intra8=0 intra4=0 reftype=0
frame 869: send=0x0 get=0x0 len=11422 coding=1 startqp=0 meanqp=0 picbytes=0 pskip=0 nalus=1 n1:11422
  cu: inter64=0 inter32=0 inter16=0 inter8=0 intra32=0 intra16=0 intra8=0 intra4=0 reftype=0
frame 870: send=0x0 get=0x0 len=65105 coding=0 startqp=0 meanqp=0 picbytes=0 pskip=0 nalus=4 n32:27 n33:53 n34:12 n19:65013
  cu: inter64=0 inter32=0 inter16=0 inter8=0 intra32=0 intra16=0 intra8=0 intra4=0 reftype=0
frame 871: send=0x0 get=0x0 len=18529 coding=1 startqp=0 meanqp=0 picbytes=0 pskip=0 nalus=1 n1:18529
  cu: inter64=0 inter32=0 inter16=0 inter8=0 intra32=0 intra16=0 intra8=0 intra4=0 reftype=0
frame 872: send=0x0 get=0x0 len=5429 coding=1 startqp=0 meanqp=0 picbytes=0 pskip=0 nalus=1 n1:5429
  cu: inter64=0 inter32=0 inter16=0 inter8=0 intra32=0 intra16=0 intra8=0 intra4=0 reftype=0
frame 873: send=0x0 get=0x0 len=10497 coding=1 startqp=0 meanqp=0 picbytes=0 pskip=0 nalus=1 n1:10497
  cu: inter64=0 inter32=0 inter16=0 inter8=0 intra32=0 intra16=0 intra8=0 intra4=0 reftype=0
frame 874: send=0x0 get=0x0 len=11039 coding=1 startqp=0 meanqp=0 picbytes=0 pskip=0 nalus=1 n1:11039
  cu: inter64=0 inter32=0 inter16=0 inter8=0 intra32=0 intra16=0 intra8=0 intra4=0 reftype=0
frame 875: send=0x0 get=0x0 len=12694 coding=1 startqp=0 meanqp=0 picbytes=0 pskip=0 nalus=1 n1:12694
  cu: inter64=0 inter32=0 inter16=0 inter8=0 intra32=0 intra16=0 intra8=0 intra4=0 reftype=0
frame 876: send=0x0 get=0x0 len=8879 coding=1 startqp=0 meanqp=0 picbytes=0 pskip=0 nalus=1 n1:8879
  cu: inter64=0 inter32=0 inter16=0 inter8=0 intra32=0 intra16=0 intra8=0 intra4=0 reftype=0
frame 877: send=0x0 get=0x0 len=11927 coding=1 startqp=0 meanqp=0 picbytes=0 pskip=0 nalus=1 n1:11927
  cu: inter64=0 inter32=0 inter16=0 inter8=0 intra32=0 intra16=0 intra8=0 intra4=0 reftype=0
frame 878: send=0x0 get=0x0 len=10970 coding=1 startqp=0 meanqp=0 picbytes=0 pskip=0 nalus=1 n1:10970
  cu: inter64=0 inter32=0 inter16=0 inter8=0 intra32=0 intra16=0 intra8=0 intra4=0 reftype=0
frame 879: send=0x0 get=0x0 len=11551 coding=1 startqp=0 meanqp=0 picbytes=0 pskip=0 nalus=1 n1:11551
  cu: inter64=0 inter32=0 inter16=0 inter8=0 intra32=0 intra16=0 intra8=0 intra4=0 reftype=0
frame 880: send=0x0 get=0x0 len=2391 coding=1 startqp=0 meanqp=0 picbytes=0 pskip=0 nalus=1 n1:2391
  cu: inter64=0 inter32=0 inter16=0 inter8=0 intra32=0 intra16=0 intra8=0 intra4=0 reftype=0
frame 881: send=0x0 get=0x0 len=9789 coding=1 startqp=0 meanqp=0 picbytes=0 pskip=0 nalus=1 n1:9789
  cu: inter64=0 inter32=0 inter16=0 inter8=0 intra32=0 intra16=0 intra8=0 intra4=0 reftype=0
frame 882: send=0x0 get=0x0 len=10595 coding=1 startqp=0 meanqp=0 picbytes=0 pskip=0 nalus=1 n1:10595
  cu: inter64=0 inter32=0 inter16=0 inter8=0 intra32=0 intra16=0 intra8=0 intra4=0 reftype=0
frame 883: send=0x0 get=0x0 len=12112 coding=1 startqp=0 meanqp=0 picbytes=0 pskip=0 nalus=1 n1:12112
  cu: inter64=0 inter32=0 inter16=0 inter8=0 intra32=0 intra16=0 intra8=0 intra4=0 reftype=0
frame 884: send=0x0 get=0x0 len=8436 coding=1 startqp=0 meanqp=0 picbytes=0 pskip=0 nalus=1 n1:8436
  cu: inter64=0 inter32=0 inter16=0 inter8=0 intra32=0 intra16=0 intra8=0 intra4=0 reftype=0
frame 885: send=0x0 get=0x0 len=11419 coding=1 startqp=0 meanqp=0 picbytes=0 pskip=0 nalus=1 n1:11419
  cu: inter64=0 inter32=0 inter16=0 inter8=0 intra32=0 intra16=0 intra8=0 intra4=0 reftype=0
frame 886: send=0x0 get=0x0 len=12024 coding=1 startqp=0 meanqp=0 picbytes=0 pskip=0 nalus=1 n1:12024
  cu: inter64=0 inter32=0 inter16=0 inter8=0 intra32=0 intra16=0 intra8=0 intra4=0 reftype=0
frame 887: send=0x0 get=0x0 len=11385 coding=1 startqp=0 meanqp=0 picbytes=0 pskip=0 nalus=1 n1:11385
  cu: inter64=0 inter32=0 inter16=0 inter8=0 intra32=0 intra16=0 intra8=0 intra4=0 reftype=0
frame 888: send=0x0 get=0x0 len=2637 coding=1 startqp=0 meanqp=0 picbytes=0 pskip=0 nalus=1 n1:2637
  cu: inter64=0 inter32=0 inter16=0 inter8=0 intra32=0 intra16=0 intra8=0 intra4=0 reftype=0
frame 889: send=0x0 get=0x0 len=9631 coding=1 startqp=0 meanqp=0 picbytes=0 pskip=0 nalus=1 n1:9631
  cu: inter64=0 inter32=0 inter16=0 inter8=0 intra32=0 intra16=0 intra8=0 intra4=0 reftype=0
frame 890: send=0x0 get=0x0 len=10614 coding=1 startqp=0 meanqp=0 picbytes=0 pskip=0 nalus=1 n1:10614
  cu: inter64=0 inter32=0 inter16=0 inter8=0 intra32=0 intra16=0 intra8=0 intra4=0 reftype=0
frame 891: send=0x0 get=0x0 len=12377 coding=1 startqp=0 meanqp=0 picbytes=0 pskip=0 nalus=1 n1:12377
  cu: inter64=0 inter32=0 inter16=0 inter8=0 intra32=0 intra16=0 intra8=0 intra4=0 reftype=0
frame 892: send=0x0 get=0x0 len=8369 coding=1 startqp=0 meanqp=0 picbytes=0 pskip=0 nalus=1 n1:8369
  cu: inter64=0 inter32=0 inter16=0 inter8=0 intra32=0 intra16=0 intra8=0 intra4=0 reftype=0
frame 893: send=0x0 get=0x0 len=11598 coding=1 startqp=0 meanqp=0 picbytes=0 pskip=0 nalus=1 n1:11598
  cu: inter64=0 inter32=0 inter16=0 inter8=0 intra32=0 intra16=0 intra8=0 intra4=0 reftype=0
frame 894: send=0x0 get=0x0 len=10940 coding=1 startqp=0 meanqp=0 picbytes=0 pskip=0 nalus=1 n1:10940
  cu: inter64=0 inter32=0 inter16=0 inter8=0 intra32=0 intra16=0 intra8=0 intra4=0 reftype=0
frame 895: send=0x0 get=0x0 len=11338 coding=1 startqp=0 meanqp=0 picbytes=0 pskip=0 nalus=1 n1:11338
  cu: inter64=0 inter32=0 inter16=0 inter8=0 intra32=0 intra16=0 intra8=0 intra4=0 reftype=0
frame 896: send=0x0 get=0x0 len=2253 coding=1 startqp=0 meanqp=0 picbytes=0 pskip=0 nalus=1 n1:2253
  cu: inter64=0 inter32=0 inter16=0 inter8=0 intra32=0 intra16=0 intra8=0 intra4=0 reftype=0
frame 897: send=0x0 get=0x0 len=9542 coding=1 startqp=0 meanqp=0 picbytes=0 pskip=0 nalus=1 n1:9542
  cu: inter64=0 inter32=0 inter16=0 inter8=0 intra32=0 intra16=0 intra8=0 intra4=0 reftype=0
frame 898: send=0x0 get=0x0 len=10578 coding=1 startqp=0 meanqp=0 picbytes=0 pskip=0 nalus=1 n1:10578
  cu: inter64=0 inter32=0 inter16=0 inter8=0 intra32=0 intra16=0 intra8=0 intra4=0 reftype=0
frame 899: send=0x0 get=0x0 len=12248 coding=1 startqp=0 meanqp=0 picbytes=0 pskip=0 nalus=1 n1:12248
  cu: inter64=0 inter32=0 inter16=0 inter8=0 intra32=0 intra16=0 intra8=0 intra4=0 reftype=0
---- /proc/ax_proc/venc ----
-------- VENC VERSION ------------------------
[Axera version]: ax_venc V3.0.0_20250319114413 Mar 19 2025 11:58:34 JK

-------- MODULE PARAM ------------------------
MaxChnNum   MaxRoiNum   MaxProcNum  
16          8           16          

-------- VENC CHN ATTR 1 ------------------------
ID    Type    wSrc    hSrc    Strd0   Strd1   maxW    maxH    PixFmt  link  InFifoDep    OutFifoDep   InDbgFifoLen InDbgFifoDep StrmBufSize(KB)
7     h265    1920    1080    3840    0       1920    1080    YUYV422 N     2            2            0            4            4114      
-------- VENC CHN ATTR 2 ------------------------
ID    [CropEn StartX  StartY  CropW   CropH]  Rotation  EncW    EncH    FrmSize      PTS          SeqNum       CompMode     CompLevel    PhyAddr0     PhyAddr1     PhyAddr2     
7     N       0       0       0       0       0         1920    1080    4147200      14850000     892          NONE         0            742f6000     0            0            
-------- VENC RC ATTR 1 ------------------------
ID    RcMode    SrcFr   DstFr   Br(kbps)  MinQp   MaxQp   MinIQp  MaxIQp  IQpDelta  IpropMax   IpropMin   StartQp    QpDltRng   DeBrQpDlt  SvcEn   ChgPos  StillPercent MaxStillQp 
7     CBR       60.00   60.00   8000      10      51      10      51      0         40         10         -1         2          0          False   -       -            -          
-------- VENC RC ATTR 2  -----------------------
ID    QMapQpType  QMapUnit    QMapBlkType IQp   PQp   MinQpDelta MaxQpDelta MaxBitRate shtStaTime ltStaTime  ltMinBr  ltMaxBr  Br_ST(kbps)    Br_LT(kbps)    
7     N/A         64x64       N/A         -     -     -          -          -          -          -          -        -        -              -              
-------- VENC GOP ATTR  ------------------------
ID    GopMode   Gop   GopVI 
7     NormalP   30    0     
-------- VENC STATUS 1 -------------------------
ID    RJEn         RJThr(bps)   RJMode       RJEncGaps    SupFrmEn     SupPri       SupThrI      SupThrP      SplitEn      SliceNum     Range(In)    Range(out)   
7     N            0            Normal       0            N            0            500000       500000       N            0            Full         Full         
-------- VENC STATUS 2 -------------------------
ID    ChnStat   FrmRecv   FrmRls    FrmEnc    FrmDrop   FrmDup    EncFail   MissMatch StrmGet   StrmRls   OutFps    RealBr    ReEncCnt  DropCnt   BlkFail   GrpID     PID     TID     ThNum   RefInc    RefDec    Fail1   Fail2   Fail3   Fail4   
7     STARTED   892       891       891       0         0         0         0         891       891       16.67     1256.43   0         0         0         -1        6034    6039    1       892       891       0       0       0       0       
-------- VENC HW STATUS  ------------------------
ID    OverFlow     TimeOut      
7     0            0            
-------- VENC ROI INFO  ------------------------
ID    Index        bEnable      bAbsQp       RoiQP        Width        Height       StartX       StartY       
done bg
