[openvenc] up: hwid=0x43421500 3840x2160 framebuf 0x73800000+0x3b35000 fixed-QP32 gop=50 qlty-req=8000 (ignored)
[openvenc] up: hwid=0x43421500 3840x2160 framebuf 0x73800000+0x3b35000 fixed-QP32 gop=50 qlty-req=8000 (ignored)
[openvenc] MJPEG up: 3840x2160 from-source soft-JPEG q=80
[openvenc] MJPEG up: 1920x1080 from-source soft-JPEG q=80
[openvenc] MJPEG up: 1920x1080 from-source soft-JPEG q=80
[openvenc] up: hwid=0x43421500 1920x1080 framebuf 0x77335000+0xef8000 rc=legacy QP32 gop=30 qlty-req=8000 (ignored)
[openvenc] MJPEG up: 1920x1080 from-source soft-JPEG q=80
[openvenc] MJPEG up: 1920x1080 from-source soft-JPEG q=80
[openvenc] MJPEG up: 1920x1080 from-source soft-JPEG q=80
[openvenc] MJPEG up: 1920x1080 from-source soft-JPEG q=80
[openvenc] MJPEG up: 1920x1080 from-source soft-JPEG q=80
[openvenc] MJPEG up: 1920x1080 from-source soft-JPEG q=80
[openvenc] MJPEG up: 1920x1080 from-source soft-JPEG q=80
[openvenc] up: hwid=0x43421500 1920x1080 framebuf 0x77335000+0xef8000 rc=legacy QP32 gop=50 qlty-req=8000 (ignored)
[openvenc] up: hwid=0x43421500 1920x1080 framebuf 0x77335000+0xef8000 rc=legacy QP32 gop=50 qlty-req=8000 (ignored)
[openvenc] up: hwid=0x43421500 1920x1080 framebuf 0x77335000+0xef8000 rc=legacy QP32 gop=50 qlty-req=8000 (ignored)
[openvenc] up: hwid=0x43421500 3840x2160 framebuf 0x77335000+0x3b37000 rc=legacy QP32 gop=50 qlty-req=8000 (ignored)
[openvenc] up: hwid=0x43421500 3840x2160 framebuf 0x77335000+0x3b37000 rc=legacy QP32 gop=50 qlty-req=8000 (ignored)
[openvenc] up: hwid=0x43421500 1280x720 framebuf 0x77335000+0x70e000 rc=legacy QP32 gop=50 qlty-req=8000 (ignored)
[openvenc] up: hwid=0x43421500 1280x720 framebuf 0x77335000+0x70e000 rc=legacy QP32 gop=50 qlty-req=8000 (ignored)
[openvenc] up: hwid=0x43421500 1920x1080 framebuf 0x77335000+0xef8000 rc=legacy QP32 gop=50 qlty-req=8000 (ignored)
[openvenc] MJPEG up: 1920x1080 from-source soft-JPEG q=80
[openvenc] MJPEG up: 1920x1080 from-source soft-JPEG q=80
[openvenc] MJPEG up: 3840x2160 from-source soft-JPEG q=80
[openvenc] MJPEG up: 3840x2160 from-source soft-JPEG q=80
[openvenc] MJPEG up: 1920x1080 from-source soft-JPEG q=80
[openvenc] MJPEG up: 1920x1080 from-source soft-JPEG q=80
[openvenc] MJPEG up: 1920x1080 from-source soft-JPEG q=80
[openvenc] MJPEG up: 1920x1080 from-source soft-JPEG q=80
[openvenc] MJPEG up: 1920x1080 from-source soft-JPEG q=80
[openvenc] up: hwid=0x43421500 H.265 1920x1080 framebuf 0x73800000+0xef8000 rc=fixqp QP32 gop=30 qlty-req=8000 (ignored)
[openvenc] up: hwid=0x43421500 H.264 1920x1080 framebuf 0x73800000+0xef8000 rc=legacy QP32 gop=30 qlty-req=8000 (ignored)
[openvenc] up: hwid=0x43421500 H.264 1920x1080 framebuf 0x73800000+0xef8000 rc=legacy QP32 gop=30 qlty-req=8000 (ignored)
[openvenc] up: hwid=0x43421500 H.264 1920x1080 framebuf 0x73800000+0xef8000 rc=legacy QP32 gop=50 qlty-req=8000 (ignored)
[openvenc] up: hwid=0x43421500 H.264 1920x1080 framebuf 0x73800000+0xef8000 rc=legacy QP32 gop=50 qlty-req=8000 (ignored)
[openvenc] up: hwid=0x43421500 H.264 1920x1080 framebuf 0x73800000+0xef8000 rc=cbr program=fixqp QP32 gop=30
[openvenc] rc: 8000 kbps @ 59 fps, seed QP 32 (bpp 0.0654)
[openvenc][rc] f=0 IDR qp=32 bytes=32434 avg=15309 kbps
[openvenc][rc] f=1 P qp=35 bytes=586 avg=7793 kbps
[openvenc][rc] f=2 P qp=33 bytes=929 avg=5341 kbps
[openvenc][rc] f=3 P qp=32 bytes=1045 avg=4129 kbps
[openvenc][rc] f=4 P qp=31 bytes=1449 avg=3440 kbps
[openvenc][rc] f=5 P qp=30 bytes=2435 avg=3058 kbps
[openvenc][rc] f=6 P qp=29 bytes=4961 avg=2956 kbps
[openvenc][rc] f=7 P qp=28 bytes=6251 avg=2955 kbps
[openvenc][rc] f=8 P qp=27 bytes=5527 avg=2917 kbps
[openvenc][rc] f=9 P qp=26 bytes=6032 avg=2910 kbps
[openvenc][rc] f=10 P qp=25 bytes=7107 avg=2950 kbps
[openvenc][rc] f=11 P qp=24 bytes=5662 avg=2927 kbps
[openvenc][rc] f=12 P qp=23 bytes=8122 avg=2997 kbps
[openvenc][rc] f=13 P qp=22 bytes=7316 avg=3029 kbps
[openvenc][rc] f=14 P qp=21 bytes=6863 avg=3043 kbps
[openvenc][rc] f=15 P qp=21 bytes=1975 avg=2911 kbps
[openvenc][rc] f=16 P qp=21 bytes=1277 avg=2776 kbps
[openvenc][rc] f=17 P qp=21 bytes=1030 avg=2648 kbps
[openvenc][rc] f=18 P qp=21 bytes=961 avg=2533 kbps
[openvenc][rc] f=19 P qp=21 bytes=957 avg=2429 kbps
[openvenc][rc] f=20 P qp=21 bytes=949 avg=2335 kbps
[openvenc][rc] f=21 P qp=21 bytes=959 avg=2249 kbps
[openvenc][rc] f=22 P qp=21 bytes=938 avg=2170 kbps
[openvenc][rc] f=23 P qp=21 bytes=948 avg=2099 kbps
[openvenc][rc] f=24 P qp=21 bytes=938 avg=2032 kbps
[openvenc][rc] f=25 P qp=21 bytes=939 avg=1971 kbps
[openvenc][rc] f=26 P qp=21 bytes=937 avg=1915 kbps
[openvenc][rc] f=27 P qp=21 bytes=935 avg=1862 kbps
[openvenc][rc] f=28 P qp=21 bytes=940 avg=1813 kbps
[openvenc][rc] f=29 P qp=21 bytes=940 avg=1768 kbps
[openvenc][rc] f=30 IDR qp=30 bytes=36251 avg=2262 kbps
[openvenc][rc] f=31 P qp=33 bytes=740 avg=2203 kbps
[openvenc][rc] f=32 P qp=32 bytes=585 avg=2144 kbps
[openvenc][rc] f=33 P qp=31 bytes=896 avg=2094 kbps
[openvenc][rc] f=34 P qp=30 bytes=1030 avg=2048 kbps
[openvenc][rc] f=35 P qp=29 bytes=1305 avg=2008 kbps
[openvenc][rc] f=36 P qp=28 bytes=2791 avg=1989 kbps
[openvenc][rc] f=37 P qp=27 bytes=5261 avg=2002 kbps
[openvenc][rc] f=38 P qp=26 bytes=5769 avg=2021 kbps
[openvenc][rc] f=39 P qp=25 bytes=7094 avg=2054 kbps
[openvenc][rc] f=40 P qp=24 bytes=5657 avg=2069 kbps
[openvenc][rc] f=41 P qp=23 bytes=7845 avg=2108 kbps
[openvenc][rc] f=42 P qp=22 bytes=7240 avg=2138 kbps
[openvenc][rc] f=43 P qp=21 bytes=6763 avg=2162 kbps
[openvenc][rc] f=44 P qp=20 bytes=6862 avg=2186 kbps
[openvenc][rc] f=45 P qp=19 bytes=8094 avg=2222 kbps
[openvenc][rc] f=46 P qp=19 bytes=2242 avg=2197 kbps
[openvenc][rc] f=47 P qp=19 bytes=1575 avg=2167 kbps
[openvenc][rc] f=48 P qp=19 bytes=1230 avg=2134 kbps
[openvenc][rc] f=49 P qp=19 bytes=1176 avg=2103 kbps
[openvenc][rc] f=50 P qp=19 bytes=1146 avg=2072 kbps
[openvenc][rc] f=51 P qp=19 bytes=1207 avg=2043 kbps
[openvenc][rc] f=52 P qp=19 bytes=1114 avg=2015 kbps
[openvenc][rc] f=53 P qp=19 bytes=1050 avg=1986 kbps
[openvenc][rc] f=54 P qp=19 bytes=1066 avg=1959 kbps
[openvenc][rc] f=55 P qp=19 bytes=1054 avg=1933 kbps
[openvenc][rc] f=56 P qp=19 bytes=1047 avg=1908 kbps
[openvenc][rc] f=57 P qp=19 bytes=1065 avg=1884 kbps
[openvenc][rc] f=58 P qp=19 bytes=1047 avg=1860 kbps
[openvenc][rc] f=59 P qp=19 bytes=1030 avg=1837 kbps
[openvenc][rc] f=60 IDR qp=28 bytes=40221 avg=2119 kbps
[openvenc][rc] f=61 P qp=31 bytes=822 avg=2091 kbps
[openvenc][rc] f=62 P qp=30 bytes=709 avg=2063 kbps
[openvenc][rc] f=63 P qp=29 bytes=994 avg=2038 kbps
[openvenc][rc] f=64 P qp=28 bytes=1227 avg=2015 kbps
[openvenc][rc] f=65 P qp=27 bytes=1534 avg=1996 kbps
[openvenc][rc] f=66 P qp=26 bytes=2418 avg=1983 kbps
[openvenc][rc] f=67 P qp=25 bytes=5550 avg=1992 kbps
[openvenc][rc] f=68 P qp=24 bytes=4973 avg=1998 kbps
[openvenc][rc] f=69 P qp=23 bytes=7582 avg=2020 kbps
[openvenc][rc] f=70 P qp=22 bytes=6852 avg=2037 kbps
[openvenc][rc] f=71 P qp=21 bytes=6475 avg=2051 kbps
[openvenc][rc] f=72 P qp=20 bytes=6409 avg=2065 kbps
[openvenc][rc] f=73 P qp=19 bytes=7842 avg=2087 kbps
[openvenc][rc] f=74 P qp=18 bytes=6691 avg=2101 kbps
[openvenc][rc] f=75 P qp=17 bytes=9063 avg=2130 kbps
[openvenc][rc] f=76 P qp=17 bytes=2962 avg=2120 kbps
[openvenc][rc] f=77 P qp=17 bytes=1546 avg=2102 kbps
[openvenc][rc] f=78 P qp=17 bytes=1316 avg=2084 kbps
[openvenc][rc] f=79 P qp=17 bytes=1229 avg=2065 kbps
[openvenc][rc] f=80 P qp=17 bytes=1204 avg=2046 kbps
[openvenc][rc] f=81 P qp=17 bytes=1163 avg=2028 kbps
[openvenc][rc] f=82 P qp=17 bytes=1168 avg=2010 kbps
[openvenc][rc] f=83 P qp=17 bytes=1136 avg=1993 kbps
[openvenc][rc] f=84 P qp=17 bytes=1166 avg=1976 kbps
[openvenc][rc] f=85 P qp=17 bytes=1162 avg=1959 kbps
[openvenc][rc] f=86 P qp=17 bytes=1161 avg=1943 kbps
[openvenc][rc] f=87 P qp=17 bytes=1159 avg=1927 kbps
[openvenc][rc] f=88 P qp=17 bytes=1148 avg=1912 kbps
[openvenc][rc] f=89 P qp=17 bytes=1152 avg=1896 kbps
[openvenc][rc] f=90 IDR qp=26 bytes=44056 avg=2104 kbps
[openvenc][rc] f=91 P qp=29 bytes=1044 avg=2087 kbps
[openvenc][rc] f=92 P qp=28 bytes=992 avg=2069 kbps
[openvenc][rc] f=93 P qp=27 bytes=1065 avg=2053 kbps
[openvenc][rc] f=94 P qp=26 bytes=1276 avg=2037 kbps
[openvenc][rc] f=95 P qp=25 bytes=1932 avg=2026 kbps
[openvenc][rc] f=96 P qp=24 bytes=2880 avg=2019 kbps
[openvenc][rc] f=97 P qp=23 bytes=6230 avg=2028 kbps
[openvenc][rc] f=98 P qp=22 bytes=6755 avg=2040 kbps
[openvenc][rc] f=99 P qp=21 bytes=6493 avg=2050 kbps
[openvenc][rc] f=100 P qp=20 bytes=6532 avg=2060 kbps
[openvenc][rc] f=101 P qp=19 bytes=8120 avg=2078 kbps
[openvenc][rc] f=102 P qp=18 bytes=6605 avg=2088 kbps
[openvenc][rc] f=103 P qp=17 bytes=9283 avg=2110 kbps
[openvenc][rc] f=104 P qp=16 bytes=8052 avg=2126 kbps
[openvenc][rc] f=105 P qp=16 bytes=3183 avg=2120 kbps
[openvenc][rc] f=106 P qp=16 bytes=1582 avg=2107 kbps
[openvenc][rc] f=107 P qp=16 bytes=1435 avg=2094 kbps
[openvenc][rc] f=108 P qp=16 bytes=1402 avg=2081 kbps
[openvenc][rc] f=109 P qp=16 bytes=1395 avg=2068 kbps
[openvenc][rc] f=110 P qp=16 bytes=1347 avg=2055 kbps
[openvenc][rc] f=111 P qp=16 bytes=1316 avg=2042 kbps
[openvenc][rc] f=112 P qp=16 bytes=1301 avg=2030 kbps
[openvenc][rc] f=113 P qp=16 bytes=1304 avg=2017 kbps
[openvenc][rc] f=114 P qp=16 bytes=1299 avg=2005 kbps
[openvenc][rc] f=115 P qp=16 bytes=1292 avg=1993 kbps
[openvenc][rc] f=116 P qp=16 bytes=1287 avg=1981 kbps
[openvenc][rc] f=117 P qp=16 bytes=1271 avg=1969 kbps
[openvenc][rc] f=118 P qp=16 bytes=1277 avg=1958 kbps
[openvenc][rc] f=119 P qp=16 bytes=1275 avg=1947 kbps
[openvenc][rc] f=120 IDR qp=24 bytes=48786 avg=2121 kbps
[openvenc][rc] f=121 P qp=27 bytes=1257 avg=2108 kbps
[openvenc][rc] f=122 P qp=26 bytes=1090 avg=2095 kbps
[openvenc][rc] f=123 P qp=25 bytes=1055 avg=2082 kbps
[openvenc][rc] f=124 P qp=24 bytes=1192 avg=2070 kbps
[openvenc][rc] f=125 P qp=23 bytes=1878 avg=2061 kbps
[openvenc][rc] f=126 P qp=22 bytes=3882 avg=2059 kbps
[openvenc][rc] f=127 P qp=21 bytes=5783 avg=2064 kbps
[openvenc][rc] f=128 P qp=20 bytes=6364 avg=2072 kbps
[openvenc][rc] f=129 P qp=19 bytes=7500 avg=2083 kbps
[openvenc][rc] f=130 P qp=18 bytes=6129 avg=2089 kbps
[openvenc][rc] f=131 P qp=17 bytes=8414 avg=2103 kbps
[openvenc][rc] f=132 P qp=16 bytes=7645 avg=2115 kbps
[openvenc][rc] f=133 P qp=16 bytes=2663 avg=2108 kbps
[openvenc][rc] f=134 P qp=16 bytes=1336 avg=2097 kbps
[openvenc][rc] f=135 P qp=16 bytes=1109 avg=2086 kbps
[openvenc][rc] f=136 P qp=16 bytes=1063 avg=2074 kbps
[openvenc][rc] f=137 P qp=16 bytes=1038 avg=2063 kbps
[openvenc][rc] f=138 P qp=16 bytes=1046 avg=2051 kbps
[openvenc][rc] f=139 P qp=16 bytes=1048 avg=2040 kbps
[openvenc][rc] f=140 P qp=16 bytes=1041 avg=2029 kbps
[openvenc][rc] f=141 P qp=16 bytes=1052 avg=2018 kbps
[openvenc][rc] f=142 P qp=16 bytes=1046 avg=2008 kbps
[openvenc][rc] f=143 P qp=16 bytes=1049 avg=1997 kbps
[openvenc][rc] f=144 P qp=16 bytes=1032 avg=1987 kbps
[openvenc][rc] f=145 P qp=16 bytes=1030 avg=1977 kbps
[openvenc][rc] f=146 P qp=16 bytes=1045 avg=1967 kbps
[openvenc][rc] f=147 P qp=16 bytes=1027 avg=1957 kbps
[openvenc][rc] f=148 P qp=16 bytes=1031 avg=1947 kbps
[openvenc][rc] f=149 P qp=16 bytes=1035 avg=1937 kbps
[openvenc][rc] f=150 IDR qp=22 bytes=53668 avg=2092 kbps
[openvenc][rc] f=151 P qp=25 bytes=1567 avg=2083 kbps
[openvenc][rc] f=152 P qp=24 bytes=1377 avg=2074 kbps
[openvenc][rc] f=153 P qp=23 bytes=1431 avg=2065 kbps
[openvenc][rc] f=154 P qp=22 bytes=1445 avg=2056 kbps
[openvenc][rc] f=155 P qp=21 bytes=1994 avg=2048 kbps
[openvenc][rc] f=156 P qp=20 bytes=3068 avg=2045 kbps
[openvenc][rc] f=157 P qp=19 bytes=6688 avg=2052 kbps
[openvenc][rc] f=158 P qp=18 bytes=5998 avg=2057 kbps
[openvenc][rc] f=159 P qp=17 bytes=8639 avg=2069 kbps
[openvenc][rc] f=160 P qp=16 bytes=7838 avg=2079 kbps
[openvenc][rc] f=161 P qp=16 bytes=2589 avg=2074 kbps
[openvenc][rc] f=162 P qp=16 bytes=1465 avg=2066 kbps
[openvenc][rc] f=163 P qp=16 bytes=1307 avg=2057 kbps
[openvenc][rc] f=164 P qp=16 bytes=1270 avg=2048 kbps
[openvenc][rc] f=165 P qp=16 bytes=1229 avg=2039 kbps
[openvenc][rc] f=166 P qp=16 bytes=1226 avg=2030 kbps
[openvenc][rc] f=167 P qp=16 bytes=1214 avg=2022 kbps
[openvenc][rc] f=168 P qp=16 bytes=1223 avg=2013 kbps
[openvenc][rc] f=169 P qp=16 bytes=1218 avg=2005 kbps
[openvenc][rc] f=170 P qp=16 bytes=1224 avg=1996 kbps
[openvenc][rc] f=171 P qp=16 bytes=1213 avg=1988 kbps
[openvenc][rc] f=172 P qp=16 bytes=1201 avg=1980 kbps
[openvenc][rc] f=173 P qp=16 bytes=1197 avg=1972 kbps
[openvenc][rc] f=174 P qp=16 bytes=1195 avg=1964 kbps
[openvenc][rc] f=175 P qp=16 bytes=1198 avg=1956 kbps
[openvenc][rc] f=176 P qp=16 bytes=1199 avg=1948 kbps
[openvenc][rc] f=177 P qp=16 bytes=1193 avg=1940 kbps
[openvenc][rc] f=178 P qp=16 bytes=1200 avg=1932 kbps
[openvenc][rc] f=179 P qp=16 bytes=1193 avg=1925 kbps
[openvenc][rc] f=180 IDR qp=20 bytes=58136 avg=2066 kbps
[openvenc][rc] f=181 P qp=23 bytes=1661 avg=2059 kbps
[openvenc][rc] f=182 P qp=22 bytes=1421 avg=2051 kbps
[openvenc][rc] f=183 P qp=21 bytes=1410 avg=2044 kbps
[openvenc][rc] f=184 P qp=20 bytes=1478 avg=2036 kbps
[openvenc][rc] f=185 P qp=19 bytes=2509 avg=2032 kbps
[openvenc][rc] f=186 P qp=18 bytes=3832 avg=2031 kbps
[openvenc][rc] f=187 P qp=17 bytes=7334 avg=2038 kbps
[openvenc][rc] f=188 P qp=16 bytes=7093 avg=2045 kbps
[openvenc][rc] f=189 P qp=16 bytes=2365 avg=2040 kbps
[openvenc][rc] f=190 P qp=16 bytes=1359 avg=2033 kbps
[openvenc][rc] f=191 P qp=16 bytes=1166 avg=2025 kbps
[openvenc][rc] f=192 P qp=16 bytes=1114 avg=2017 kbps
[openvenc][rc] f=193 P qp=16 bytes=1121 avg=2010 kbps
[openvenc][rc] f=194 P qp=16 bytes=1105 avg=2002 kbps
[openvenc][rc] f=195 P qp=16 bytes=1081 avg=1994 kbps
[openvenc][rc] f=196 P qp=16 bytes=1069 avg=1987 kbps
[openvenc][rc] f=197 P qp=16 bytes=1071 avg=1979 kbps
[openvenc][rc] f=198 P qp=16 bytes=1051 avg=1972 kbps
[openvenc][rc] f=199 P qp=16 bytes=1050 avg=1965 kbps
[openvenc][rc] f=200 P qp=16 bytes=1044 avg=1957 kbps
[openvenc][rc] f=201 P qp=16 bytes=1048 avg=1950 kbps
[openvenc][rc] f=202 P qp=16 bytes=1045 avg=1943 kbps
[openvenc][rc] f=203 P qp=16 bytes=1049 avg=1936 kbps
[openvenc][rc] f=204 P qp=16 bytes=1043 avg=1929 kbps
[openvenc][rc] f=205 P qp=16 bytes=1050 avg=1922 kbps
[openvenc][rc] f=206 P qp=16 bytes=1044 avg=1915 kbps
[openvenc][rc] f=207 P qp=16 bytes=1048 avg=1908 kbps
[openvenc][rc] f=208 P qp=16 bytes=1045 avg=1901 kbps
[openvenc][rc] f=209 P qp=16 bytes=1049 avg=1895 kbps
[openvenc][rc] f=210 IDR qp=18 bytes=63521 avg=2028 kbps
[openvenc][rc] f=211 P qp=21 bytes=1607 avg=2022 kbps
[openvenc][rc] f=212 P qp=20 bytes=1237 avg=2015 kbps
[openvenc][rc] f=213 P qp=19 bytes=1466 avg=2009 kbps
[openvenc][rc] f=214 P qp=18 bytes=1706 avg=2003 kbps
[openvenc][rc] f=215 P qp=17 bytes=2905 avg=2000 kbps
[openvenc][rc] f=216 P qp=16 bytes=4690 avg=2001 kbps
[openvenc][rc] f=217 P qp=16 bytes=1730 avg=1996 kbps
[openvenc][rc] f=218 P qp=16 bytes=1070 avg=1989 kbps
[openvenc][rc] f=219 P qp=16 bytes=936 avg=1982 kbps
[openvenc][rc] f=220 P qp=16 bytes=912 avg=1975 kbps
[openvenc][rc] f=221 P qp=16 bytes=911 avg=1968 kbps
[openvenc][rc] f=222 P qp=16 bytes=910 avg=1961 kbps
[openvenc][rc] f=223 P qp=16 bytes=918 avg=1954 kbps
[openvenc][rc] f=224 P qp=16 bytes=908 avg=1947 kbps
[openvenc][rc] f=225 P qp=16 bytes=923 avg=1941 kbps
[openvenc][rc] f=226 P qp=16 bytes=913 avg=1934 kbps
[openvenc][rc] f=227 P qp=16 bytes=921 avg=1928 kbps
[openvenc][rc] f=228 P qp=16 bytes=908 avg=1921 kbps
[openvenc][rc] f=229 P qp=16 bytes=894 avg=1914 kbps
[openvenc][rc] f=230 P qp=16 bytes=904 avg=1908 kbps
[openvenc][rc] f=231 P qp=16 bytes=905 avg=1902 kbps
[openvenc][rc] f=232 P qp=16 bytes=912 avg=1895 kbps
[openvenc][rc] f=233 P qp=16 bytes=903 avg=1889 kbps
[openvenc][rc] f=234 P qp=16 bytes=897 avg=1883 kbps
[openvenc][rc] f=235 P qp=16 bytes=897 avg=1877 kbps
[openvenc][rc] f=236 P qp=16 bytes=895 avg=1870 kbps
[openvenc][rc] f=237 P qp=16 bytes=895 avg=1864 kbps
[openvenc][rc] f=238 P qp=16 bytes=889 avg=1858 kbps
[openvenc][rc] f=239 P qp=16 bytes=892 avg=1852 kbps
[openvenc][rc] f=240 IDR qp=16 bytes=69464 avg=1981 kbps
[openvenc][rc] f=241 P qp=19 bytes=1918 avg=1976 kbps
[openvenc][rc] f=242 P qp=18 bytes=1329 avg=1971 kbps
[openvenc][rc] f=243 P qp=17 bytes=1793 avg=1966 kbps
[openvenc][rc] f=244 P qp=16 bytes=1934 avg=1962 kbps
[openvenc][rc] f=245 P qp=16 bytes=928 avg=1956 kbps
[openvenc][rc] f=246 P qp=16 bytes=816 avg=1949 kbps
[openvenc][rc] f=247 P qp=16 bytes=751 avg=1943 kbps
[openvenc][rc] f=248 P qp=16 bytes=738 avg=1936 kbps
[openvenc][rc] f=249 P qp=16 bytes=724 avg=1930 kbps
[openvenc][rc] f=250 P qp=16 bytes=731 avg=1924 kbps
[openvenc][rc] f=251 P qp=16 bytes=712 avg=1917 kbps
[openvenc][rc] f=252 P qp=16 bytes=705 avg=1911 kbps
[openvenc][rc] f=253 P qp=16 bytes=713 avg=1905 kbps
[openvenc][rc] f=254 P qp=16 bytes=717 avg=1899 kbps
[openvenc][rc] f=255 P qp=16 bytes=713 avg=1893 kbps
[openvenc][rc] f=256 P qp=16 bytes=717 avg=1887 kbps
[openvenc][rc] f=257 P qp=16 bytes=714 avg=1881 kbps
[openvenc][rc] f=258 P qp=16 bytes=716 avg=1875 kbps
[openvenc][rc] f=259 P qp=16 bytes=702 avg=1869 kbps
[openvenc][rc] f=260 P qp=16 bytes=717 avg=1863 kbps
[openvenc][rc] f=261 P qp=16 bytes=713 avg=1857 kbps
[openvenc][rc] f=262 P qp=16 bytes=717 avg=1851 kbps
[openvenc][rc] f=263 P qp=16 bytes=714 avg=1846 kbps
[openvenc][rc] f=264 P qp=16 bytes=716 avg=1840 kbps
[openvenc][rc] f=265 P qp=16 bytes=712 avg=1834 kbps
[openvenc][rc] f=266 P qp=16 bytes=705 avg=1829 kbps
[openvenc][rc] f=267 P qp=16 bytes=702 avg=1823 kbps
[openvenc][rc] f=268 P qp=16 bytes=705 avg=1818 kbps
[openvenc][rc] f=269 P qp=16 bytes=702 avg=1812 kbps
[openvenc][rc] f=270 IDR qp=16 bytes=69464 avg=1926 kbps
[openvenc][rc] f=271 P qp=19 bytes=1918 avg=1923 kbps
[openvenc][rc] f=272 P qp=18 bytes=1329 avg=1918 kbps
[openvenc][rc] f=273 P qp=17 bytes=1793 avg=1914 kbps
[openvenc][rc] f=274 P qp=16 bytes=1934 avg=1910 kbps
[openvenc][rc] f=275 P qp=16 bytes=928 avg=1905 kbps
[openvenc][rc] f=276 P qp=16 bytes=816 avg=1899 kbps
[openvenc][rc] f=277 P qp=16 bytes=751 avg=1894 kbps
[openvenc][rc] f=278 P qp=16 bytes=738 avg=1888 kbps
[openvenc][rc] f=279 P qp=16 bytes=724 avg=1883 kbps
[openvenc][rc] f=280 P qp=16 bytes=731 avg=1877 kbps
[openvenc][rc] f=281 P qp=16 bytes=712 avg=1872 kbps
[openvenc][rc] f=282 P qp=16 bytes=705 avg=1866 kbps
[openvenc][rc] f=283 P qp=16 bytes=713 avg=1861 kbps
[openvenc][rc] f=284 P qp=16 bytes=717 avg=1856 kbps
[openvenc][rc] f=285 P qp=16 bytes=713 avg=1850 kbps
[openvenc][rc] f=286 P qp=16 bytes=717 avg=1845 kbps
[openvenc][rc] f=287 P qp=16 bytes=714 avg=1840 kbps
[openvenc][rc] f=288 P qp=16 bytes=716 avg=1835 kbps
[openvenc][rc] f=289 P qp=16 bytes=702 avg=1830 kbps
[openvenc][rc] f=290 P qp=16 bytes=717 avg=1824 kbps
[openvenc][rc] f=291 P qp=16 bytes=713 avg=1819 kbps
[openvenc][rc] f=292 P qp=16 bytes=717 avg=1814 kbps
[openvenc][rc] f=293 P qp=16 bytes=714 avg=1809 kbps
[openvenc][rc] f=294 P qp=16 bytes=716 avg=1804 kbps
[openvenc][rc] f=295 P qp=16 bytes=712 avg=1799 kbps
[openvenc][rc] f=296 P qp=16 bytes=705 avg=1794 kbps
[openvenc][rc] f=297 P qp=16 bytes=702 avg=1789 kbps
[openvenc][rc] f=298 P qp=16 bytes=705 avg=1785 kbps
[openvenc][rc] f=299 P qp=16 bytes=702 avg=1780 kbps
[openvenc][rc] f=300 IDR qp=16 bytes=69464 avg=1883 kbps
[openvenc][rc] f=301 P qp=19 bytes=1918 avg=1879 kbps
[openvenc][rc] f=302 P qp=18 bytes=1329 avg=1875 kbps
[openvenc][rc] f=303 P qp=17 bytes=1793 avg=1872 kbps
[openvenc][rc] f=304 P qp=16 bytes=1934 avg=1869 kbps
[openvenc][rc] f=305 P qp=16 bytes=928 avg=1864 kbps
[openvenc][rc] f=306 P qp=16 bytes=816 avg=1859 kbps
[openvenc][rc] f=307 P qp=16 bytes=751 avg=1854 kbps
[openvenc][rc] f=308 P qp=16 bytes=738 avg=1850 kbps
[openvenc][rc] f=309 P qp=16 bytes=724 avg=1845 kbps
[openvenc][rc] f=310 P qp=16 bytes=731 avg=1840 kbps
[openvenc][rc] f=311 P qp=16 bytes=712 avg=1835 kbps
[openvenc][rc] f=312 P qp=16 bytes=705 avg=1830 kbps
[openvenc][rc] f=313 P qp=16 bytes=713 avg=1825 kbps
[openvenc][rc] f=314 P qp=16 bytes=717 avg=1821 kbps
[openvenc][rc] f=315 P qp=16 bytes=713 avg=1816 kbps
[openvenc][rc] f=316 P qp=16 bytes=717 avg=1811 kbps
[openvenc][rc] f=317 P qp=16 bytes=714 avg=1807 kbps
[openvenc][rc] f=318 P qp=16 bytes=716 avg=1802 kbps
[openvenc][rc] f=319 P qp=16 bytes=702 avg=1798 kbps
[openvenc][rc] f=320 P qp=16 bytes=717 avg=1793 kbps
[openvenc][rc] f=321 P qp=16 bytes=713 avg=1789 kbps
[openvenc][rc] f=322 P qp=16 bytes=717 avg=1784 kbps
[openvenc][rc] f=323 P qp=16 bytes=714 avg=1780 kbps
[openvenc][rc] f=324 P qp=16 bytes=716 avg=1775 kbps
[openvenc][rc] f=325 P qp=16 bytes=712 avg=1771 kbps
[openvenc][rc] f=326 P qp=16 bytes=705 avg=1766 kbps
[openvenc][rc] f=327 P qp=16 bytes=702 avg=1762 kbps
[openvenc][rc] f=328 P qp=16 bytes=705 avg=1758 kbps
[openvenc][rc] f=329 P qp=16 bytes=702 avg=1753 kbps
[openvenc][rc] f=330 IDR qp=16 bytes=69464 avg=1847 kbps
[openvenc][rc] f=331 P qp=19 bytes=1918 avg=1844 kbps
[openvenc][rc] f=332 P qp=18 bytes=1329 avg=1841 kbps
[openvenc][rc] f=333 P qp=17 bytes=1793 avg=1838 kbps
[openvenc][rc] f=334 P qp=16 bytes=1934 avg=1835 kbps
[openvenc][rc] f=335 P qp=16 bytes=928 avg=1831 kbps
[openvenc][rc] f=336 P qp=16 bytes=816 avg=1826 kbps
[openvenc][rc] f=337 P qp=16 bytes=751 avg=1822 kbps
[openvenc][rc] f=338 P qp=16 bytes=738 avg=1818 kbps
[openvenc][rc] f=339 P qp=16 bytes=724 avg=1813 kbps
[openvenc][rc] f=340 P qp=16 bytes=731 avg=1809 kbps
[openvenc][rc] f=341 P qp=16 bytes=712 avg=1805 kbps
[openvenc][rc] f=342 P qp=16 bytes=705 avg=1800 kbps
[openvenc][rc] f=343 P qp=16 bytes=713 avg=1796 kbps
[openvenc][rc] f=344 P qp=16 bytes=717 avg=1792 kbps
[openvenc][rc] f=345 P qp=16 bytes=713 avg=1788 kbps
[openvenc][rc] f=346 P qp=16 bytes=717 avg=1784 kbps
[openvenc][rc] f=347 P qp=16 bytes=714 avg=1779 kbps
[openvenc][rc] f=348 P qp=16 bytes=716 avg=1775 kbps
[openvenc][rc] f=349 P qp=16 bytes=702 avg=1771 kbps
[openvenc][rc] f=350 P qp=16 bytes=717 avg=1767 kbps
[openvenc][rc] f=351 P qp=16 bytes=713 avg=1763 kbps
[openvenc][rc] f=352 P qp=16 bytes=717 avg=1759 kbps
[openvenc][rc] f=353 P qp=16 bytes=714 avg=1755 kbps
[openvenc][rc] f=354 P qp=16 bytes=716 avg=1751 kbps
[openvenc][rc] f=355 P qp=16 bytes=712 avg=1747 kbps
[openvenc][rc] f=356 P qp=16 bytes=705 avg=1743 kbps
[openvenc][rc] f=357 P qp=16 bytes=702 avg=1739 kbps
[openvenc][rc] f=358 P qp=16 bytes=705 avg=1735 kbps
[openvenc][rc] f=359 P qp=16 bytes=702 avg=1731 kbps
[openvenc][rc] f=360 IDR qp=16 bytes=69464 avg=1817 kbps
[openvenc][rc] f=361 P qp=19 bytes=1918 avg=1815 kbps
[openvenc][rc] f=362 P qp=18 bytes=1329 avg=1811 kbps
[openvenc][rc] f=363 P qp=17 bytes=1793 avg=1809 kbps
[openvenc][rc] f=364 P qp=16 bytes=1934 avg=1806 kbps
[openvenc][rc] f=365 P qp=16 bytes=928 avg=1803 kbps
[openvenc][rc] f=366 P qp=16 bytes=816 avg=1799 kbps
[openvenc][rc] f=367 P qp=16 bytes=751 avg=1795 kbps
[openvenc][rc] f=368 P qp=16 bytes=738 avg=1791 kbps
[openvenc][rc] f=369 P qp=16 bytes=724 avg=1787 kbps
[openvenc][rc] f=370 P qp=16 bytes=731 avg=1783 kbps
[openvenc][rc] f=371 P qp=16 bytes=712 avg=1779 kbps
[openvenc][rc] f=372 P qp=16 bytes=705 avg=1775 kbps
[openvenc][rc] f=373 P qp=16 bytes=713 avg=1772 kbps
[openvenc][rc] f=374 P qp=16 bytes=717 avg=1768 kbps
[openvenc][rc] f=375 P qp=16 bytes=713 avg=1764 kbps
[openvenc][rc] f=376 P qp=16 bytes=717 avg=1760 kbps
[openvenc][rc] f=377 P qp=16 bytes=714 avg=1756 kbps
[openvenc][rc] f=378 P qp=16 bytes=716 avg=1753 kbps
[openvenc][rc] f=379 P qp=16 bytes=702 avg=1749 kbps
[openvenc][rc] f=380 P qp=16 bytes=717 avg=1745 kbps
[openvenc][rc] f=381 P qp=16 bytes=713 avg=1741 kbps
[openvenc][rc] f=382 P qp=16 bytes=717 avg=1738 kbps
[openvenc][rc] f=383 P qp=16 bytes=714 avg=1734 kbps
[openvenc][rc] f=384 P qp=16 bytes=716 avg=1731 kbps
[openvenc][rc] f=385 P qp=16 bytes=712 avg=1727 kbps
[openvenc][rc] f=386 P qp=16 bytes=705 avg=1723 kbps
[openvenc][rc] f=387 P qp=16 bytes=702 avg=1720 kbps
[openvenc][rc] f=388 P qp=16 bytes=705 avg=1716 kbps
[openvenc][rc] f=389 P qp=16 bytes=702 avg=1713 kbps
[openvenc][rc] f=390 IDR qp=16 bytes=69464 avg=1792 kbps
[openvenc][rc] f=391 P qp=19 bytes=1918 avg=1790 kbps
[openvenc][rc] f=392 P qp=18 bytes=1329 avg=1787 kbps
[openvenc][rc] f=393 P qp=17 bytes=1793 avg=1784 kbps
[openvenc][rc] f=394 P qp=16 bytes=1934 avg=1782 kbps
[openvenc][rc] f=395 P qp=16 bytes=928 avg=1779 kbps
[openvenc][rc] f=396 P qp=16 bytes=816 avg=1775 kbps
[openvenc][rc] f=397 P qp=16 bytes=751 avg=1772 kbps
[openvenc][rc] f=398 P qp=16 bytes=738 avg=1768 kbps
[openvenc][rc] f=399 P qp=16 bytes=724 avg=1765 kbps
[openvenc][rc] f=400 P qp=16 bytes=731 avg=1761 kbps
[openvenc][rc] f=401 P qp=16 bytes=712 avg=1758 kbps
[openvenc][rc] f=402 P qp=16 bytes=705 avg=1754 kbps
[openvenc][rc] f=403 P qp=16 bytes=713 avg=1751 kbps
[openvenc][rc] f=404 P qp=16 bytes=717 avg=1747 kbps
[openvenc][rc] f=405 P qp=16 bytes=713 avg=1744 kbps
[openvenc][rc] f=406 P qp=16 bytes=717 avg=1740 kbps
[openvenc][rc] f=407 P qp=16 bytes=714 avg=1737 kbps
[openvenc][rc] f=408 P qp=16 bytes=716 avg=1733 kbps
[openvenc][rc] f=409 P qp=16 bytes=702 avg=1730 kbps
[openvenc][rc] f=410 P qp=16 bytes=717 avg=1726 kbps
[openvenc][rc] f=411 P qp=16 bytes=713 avg=1723 kbps
[openvenc][rc] f=412 P qp=16 bytes=717 avg=1720 kbps
[openvenc][rc] f=413 P qp=16 bytes=714 avg=1716 kbps
[openvenc][rc] f=414 P qp=16 bytes=716 avg=1713 kbps
[openvenc][rc] f=415 P qp=16 bytes=712 avg=1710 kbps
[openvenc][rc] f=416 P qp=16 bytes=705 avg=1706 kbps
[openvenc][rc] f=417 P qp=16 bytes=702 avg=1703 kbps
[openvenc][rc] f=418 P qp=16 bytes=705 avg=1700 kbps
[openvenc][rc] f=419 P qp=16 bytes=702 avg=1697 kbps
[openvenc][rc] f=420 IDR qp=16 bytes=69464 avg=1770 kbps
[openvenc][rc] f=421 P qp=19 bytes=1918 avg=1768 kbps
[openvenc][rc] f=422 P qp=18 bytes=1329 avg=1766 kbps
[openvenc][rc] f=423 P qp=17 bytes=1793 avg=1764 kbps
[openvenc][rc] f=424 P qp=16 bytes=1934 avg=1762 kbps
[openvenc][rc] f=425 P qp=16 bytes=928 avg=1758 kbps
[openvenc][rc] f=426 P qp=16 bytes=816 avg=1755 kbps
[openvenc][rc] f=427 P qp=16 bytes=751 avg=1752 kbps
[openvenc][rc] f=428 P qp=16 bytes=738 avg=1749 kbps
[openvenc][rc] f=429 P qp=16 bytes=724 avg=1745 kbps
[openvenc][rc] f=430 P qp=16 bytes=731 avg=1742 kbps
[openvenc][rc] f=431 P qp=16 bytes=712 avg=1739 kbps
[openvenc][rc] f=432 P qp=16 bytes=705 avg=1736 kbps
[openvenc][rc] f=433 P qp=16 bytes=713 avg=1732 kbps
[openvenc][rc] f=434 P qp=16 bytes=717 avg=1729 kbps
[openvenc][rc] f=435 P qp=16 bytes=713 avg=1726 kbps
[openvenc][rc] f=436 P qp=16 bytes=717 avg=1723 kbps
[openvenc][rc] f=437 P qp=16 bytes=714 avg=1720 kbps
[openvenc][rc] f=438 P qp=16 bytes=716 avg=1717 kbps
[openvenc][rc] f=439 P qp=16 bytes=702 avg=1713 kbps
[openvenc][rc] f=440 P qp=16 bytes=717 avg=1710 kbps
[openvenc][rc] f=441 P qp=16 bytes=713 avg=1707 kbps
[openvenc][rc] f=442 P qp=16 bytes=717 avg=1704 kbps
[openvenc][rc] f=443 P qp=16 bytes=714 avg=1701 kbps
[openvenc][rc] f=444 P qp=16 bytes=716 avg=1698 kbps
[openvenc][rc] f=445 P qp=16 bytes=712 avg=1695 kbps
[openvenc][rc] f=446 P qp=16 bytes=705 avg=1692 kbps
[openvenc][rc] f=447 P qp=16 bytes=702 avg=1689 kbps
[openvenc][rc] f=448 P qp=16 bytes=705 avg=1686 kbps
[openvenc][rc] f=449 P qp=16 bytes=702 avg=1683 kbps
[openvenc][rc] f=450 IDR qp=16 bytes=69464 avg=1752 kbps
[openvenc][rc] f=451 P qp=19 bytes=1918 avg=1750 kbps
[openvenc][rc] f=452 P qp=18 bytes=1329 avg=1747 kbps
[openvenc][rc] f=453 P qp=17 bytes=1793 avg=1745 kbps
[openvenc][rc] f=454 P qp=16 bytes=1934 avg=1744 kbps
[openvenc][rc] f=455 P qp=16 bytes=928 avg=1741 kbps
[openvenc][rc] f=456 P qp=16 bytes=816 avg=1738 kbps
[openvenc][rc] f=457 P qp=16 bytes=751 avg=1735 kbps
[openvenc][rc] f=458 P qp=16 bytes=738 avg=1732 kbps
[openvenc][rc] f=459 P qp=16 bytes=724 avg=1729 kbps
[openvenc][rc] f=460 P qp=16 bytes=731 avg=1726 kbps
[openvenc][rc] f=461 P qp=16 bytes=712 avg=1723 kbps
[openvenc][rc] f=462 P qp=16 bytes=705 avg=1720 kbps
[openvenc][rc] f=463 P qp=16 bytes=713 avg=1717 kbps
[openvenc][rc] f=464 P qp=16 bytes=717 avg=1714 kbps
[openvenc][rc] f=465 P qp=16 bytes=713 avg=1711 kbps
[openvenc][rc] f=466 P qp=16 bytes=717 avg=1708 kbps
[openvenc][rc] f=467 P qp=16 bytes=714 avg=1705 kbps
[openvenc][rc] f=468 P qp=16 bytes=716 avg=1702 kbps
[openvenc][rc] f=469 P qp=16 bytes=702 avg=1699 kbps
[openvenc][rc] f=470 P qp=16 bytes=717 avg=1696 kbps
[openvenc][rc] f=471 P qp=16 bytes=713 avg=1693 kbps
[openvenc][rc] f=472 P qp=16 bytes=717 avg=1690 kbps
[openvenc][rc] f=473 P qp=16 bytes=714 avg=1688 kbps
[openvenc][rc] f=474 P qp=16 bytes=716 avg=1685 kbps
[openvenc][rc] f=475 P qp=16 bytes=712 avg=1682 kbps
[openvenc][rc] f=476 P qp=16 bytes=705 avg=1679 kbps
[openvenc][rc] f=477 P qp=16 bytes=702 avg=1676 kbps
[openvenc][rc] f=478 P qp=16 bytes=705 avg=1673 kbps
[openvenc][rc] f=479 P qp=16 bytes=702 avg=1671 kbps
[openvenc][rc] f=480 IDR qp=16 bytes=69464 avg=1735 kbps
[openvenc][rc] f=481 P qp=19 bytes=1918 avg=1734 kbps
[openvenc][rc] f=482 P qp=18 bytes=1329 avg=1731 kbps
[openvenc][rc] f=483 P qp=17 bytes=1793 avg=1730 kbps
[openvenc][rc] f=484 P qp=16 bytes=1934 avg=1728 kbps
[openvenc][rc] f=485 P qp=16 bytes=928 avg=1725 kbps
[openvenc][rc] f=486 P qp=16 bytes=816 avg=1722 kbps
[openvenc][rc] f=487 P qp=16 bytes=751 avg=1720 kbps
[openvenc][rc] f=488 P qp=16 bytes=738 avg=1717 kbps
[openvenc][rc] f=489 P qp=16 bytes=724 avg=1714 kbps
[openvenc][rc] f=490 P qp=16 bytes=731 avg=1711 kbps
[openvenc][rc] f=491 P qp=16 bytes=712 avg=1708 kbps
[openvenc][rc] f=492 P qp=16 bytes=705 avg=1706 kbps
[openvenc][rc] f=493 P qp=16 bytes=713 avg=1703 kbps
[openvenc][rc] f=494 P qp=16 bytes=717 avg=1700 kbps
[openvenc][rc] f=495 P qp=16 bytes=713 avg=1697 kbps
[openvenc][rc] f=496 P qp=16 bytes=717 avg=1695 kbps
[openvenc][rc] f=497 P qp=16 bytes=714 avg=1692 kbps
[openvenc][rc] f=498 P qp=16 bytes=716 avg=1689 kbps
[openvenc][rc] f=499 P qp=16 bytes=702 avg=1686 kbps
[openvenc][rc] f=500 P qp=16 bytes=717 avg=1684 kbps
[openvenc][rc] f=501 P qp=16 bytes=713 avg=1681 kbps
[openvenc][rc] f=502 P qp=16 bytes=717 avg=1678 kbps
[openvenc][rc] f=503 P qp=16 bytes=714 avg=1676 kbps
[openvenc][rc] f=504 P qp=16 bytes=716 avg=1673 kbps
[openvenc][rc] f=505 P qp=16 bytes=712 avg=1670 kbps
[openvenc][rc] f=506 P qp=16 bytes=705 avg=1668 kbps
[openvenc][rc] f=507 P qp=16 bytes=702 avg=1665 kbps
[openvenc][rc] f=508 P qp=16 bytes=705 avg=1663 kbps
[openvenc][rc] f=509 P qp=16 bytes=702 avg=1660 kbps
[openvenc][rc] f=510 IDR qp=16 bytes=69464 avg=1721 kbps
[openvenc][rc] f=511 P qp=19 bytes=1918 avg=1719 kbps
[openvenc][rc] f=512 P qp=18 bytes=1329 avg=1717 kbps
[openvenc][rc] f=513 P qp=17 bytes=1793 avg=1715 kbps
[openvenc][rc] f=514 P qp=16 bytes=1934 avg=1714 kbps
[openvenc][rc] f=515 P qp=16 bytes=928 avg=1711 kbps
[openvenc][rc] f=516 P qp=16 bytes=816 avg=1709 kbps
[openvenc][rc] f=517 P qp=16 bytes=751 avg=1706 kbps
[openvenc][rc] f=518 P qp=16 bytes=738 avg=1704 kbps
[openvenc][rc] f=519 P qp=16 bytes=724 avg=1701 kbps
[openvenc][rc] f=520 P qp=16 bytes=731 avg=1698 kbps
[openvenc][rc] f=521 P qp=16 bytes=712 avg=1696 kbps
[openvenc][rc] f=522 P qp=16 bytes=705 avg=1693 kbps
[openvenc][rc] f=523 P qp=16 bytes=713 avg=1691 kbps
[openvenc][rc] f=524 P qp=16 bytes=717 avg=1688 kbps
[openvenc][rc] f=525 P qp=16 bytes=713 avg=1685 kbps
[openvenc][rc] f=526 P qp=16 bytes=717 avg=1683 kbps
[openvenc][rc] f=527 P qp=16 bytes=714 avg=1680 kbps
[openvenc][rc] f=528 P qp=16 bytes=716 avg=1678 kbps
[openvenc][rc] f=529 P qp=16 bytes=702 avg=1675 kbps
[openvenc][rc] f=530 P qp=16 bytes=717 avg=1673 kbps
[openvenc][rc] f=531 P qp=16 bytes=713 avg=1670 kbps
[openvenc][rc] f=532 P qp=16 bytes=717 avg=1668 kbps
[openvenc][rc] f=533 P qp=16 bytes=714 avg=1665 kbps
[openvenc][rc] f=534 P qp=16 bytes=716 avg=1663 kbps
[openvenc][rc] f=535 P qp=16 bytes=712 avg=1660 kbps
[openvenc][rc] f=536 P qp=16 bytes=705 avg=1658 kbps
[openvenc][rc] f=537 P qp=16 bytes=702 avg=1655 kbps
[openvenc][rc] f=538 P qp=16 bytes=705 avg=1653 kbps
[openvenc][rc] f=539 P qp=16 bytes=702 avg=1650 kbps
[openvenc][rc] f=540 IDR qp=16 bytes=69464 avg=1708 kbps
[openvenc][rc] f=541 P qp=19 bytes=1918 avg=1707 kbps
[openvenc][rc] f=542 P qp=18 bytes=1329 avg=1705 kbps
[openvenc][rc] f=543 P qp=17 bytes=1793 avg=1703 kbps
[openvenc][rc] f=544 P qp=16 bytes=1934 avg=1702 kbps
[openvenc][rc] f=545 P qp=16 bytes=928 avg=1699 kbps
[openvenc][rc] f=546 P qp=16 bytes=816 avg=1697 kbps
[openvenc][rc] f=547 P qp=16 bytes=751 avg=1694 kbps
[openvenc][rc] f=548 P qp=16 bytes=738 avg=1692 kbps
[openvenc][rc] f=549 P qp=16 bytes=724 avg=1689 kbps
[openvenc][rc] f=550 P qp=16 bytes=731 avg=1687 kbps
[openvenc][rc] f=551 P qp=16 bytes=712 avg=1685 kbps
[openvenc][rc] f=552 P qp=16 bytes=705 avg=1682 kbps
[openvenc][rc] f=553 P qp=16 bytes=713 avg=1680 kbps
[openvenc][rc] f=554 P qp=16 bytes=717 avg=1677 kbps
[openvenc][rc] f=555 P qp=16 bytes=713 avg=1675 kbps
[openvenc][rc] f=556 P qp=16 bytes=717 avg=1672 kbps
[openvenc][rc] f=557 P qp=16 bytes=714 avg=1670 kbps
[openvenc][rc] f=558 P qp=16 bytes=716 avg=1668 kbps
[openvenc][rc] f=559 P qp=16 bytes=702 avg=1665 kbps
[openvenc][rc] f=560 P qp=16 bytes=717 avg=1663 kbps
[openvenc][rc] f=561 P qp=16 bytes=713 avg=1661 kbps
[openvenc][rc] f=562 P qp=16 bytes=717 avg=1658 kbps
[openvenc][rc] retarget 2000 kbps @ 59 fps
[openvenc][rc] f=563 P qp=16 bytes=714 avg=1656 kbps
[openvenc][rc] f=564 P qp=16 bytes=716 avg=1654 kbps
[openvenc][rc] f=565 P qp=16 bytes=712 avg=1651 kbps
[openvenc][rc] f=566 P qp=16 bytes=705 avg=1649 kbps
[openvenc][rc] f=567 P qp=16 bytes=702 avg=1647 kbps
[openvenc][rc] f=568 P qp=16 bytes=705 avg=1644 kbps
[openvenc][rc] f=569 P qp=16 bytes=702 avg=1642 kbps
[openvenc][rc] f=570 IDR qp=37 bytes=24101 avg=1659 kbps
[openvenc][rc] f=571 P qp=40 bytes=776 avg=1657 kbps
[openvenc][rc] f=572 P qp=39 bytes=743 avg=1654 kbps
[openvenc][rc] f=573 P qp=38 bytes=796 avg=1652 kbps
[openvenc][rc] f=574 P qp=37 bytes=1057 avg=1650 kbps
[openvenc][rc] f=575 P qp=36 bytes=1226 avg=1648 kbps
[openvenc][rc] f=576 P qp=35 bytes=1886 avg=1647 kbps
[openvenc][rc] f=577 P qp=34 bytes=5031 avg=1648 kbps
[openvenc][rc] f=578 P qp=34 bytes=1234 avg=1647 kbps
[openvenc][rc] f=579 P qp=33 bytes=4708 avg=1647 kbps
[openvenc][rc] f=580 P qp=32 bytes=5265 avg=1649 kbps
[openvenc][rc] f=581 P qp=32 bytes=1568 avg=1647 kbps
[openvenc][rc] f=582 P qp=31 bytes=6442 avg=1650 kbps
[openvenc][rc] f=583 P qp=31 bytes=1643 avg=1648 kbps
[openvenc][rc] f=584 P qp=30 bytes=4801 avg=1649 kbps
[openvenc][rc] f=585 P qp=28 bytes=10275 avg=1655 kbps
[openvenc][rc] f=586 P qp=30 bytes=967 avg=1653 kbps
[openvenc][rc] f=587 P qp=29 bytes=1155 avg=1651 kbps
[openvenc][rc] f=588 P qp=28 bytes=1853 avg=1650 kbps
[openvenc][rc] f=589 P qp=27 bytes=5325 avg=1651 kbps
[openvenc][rc] f=590 P qp=26 bytes=6144 avg=1653 kbps
[openvenc][rc] f=591 P qp=26 bytes=1822 avg=1652 kbps
[openvenc][rc] f=592 P qp=26 bytes=1176 avg=1650 kbps
[openvenc][rc] f=593 P qp=26 bytes=1080 avg=1648 kbps
[openvenc][rc] f=594 P qp=26 bytes=1055 avg=1646 kbps
[openvenc][rc] f=595 P qp=26 bytes=1085 avg=1644 kbps
[openvenc][rc] f=596 P qp=26 bytes=1026 avg=1642 kbps
[openvenc][rc] f=597 P qp=26 bytes=999 avg=1640 kbps
[openvenc][rc] f=598 P qp=26 bytes=978 avg=1638 kbps
[openvenc][rc] f=599 P qp=26 bytes=1001 avg=1636 kbps
[openvenc][rc] f=600 IDR qp=35 bytes=27038 avg=1655 kbps
[openvenc][rc] f=601 P qp=38 bytes=768 avg=1653 kbps
[openvenc][rc] f=602 P qp=37 bytes=753 avg=1651 kbps
[openvenc][rc] f=603 P qp=36 bytes=866 avg=1649 kbps
[openvenc][rc] f=604 P qp=35 bytes=1020 avg=1647 kbps
[openvenc][rc] f=605 P qp=34 bytes=1231 avg=1645 kbps
[openvenc][rc] f=606 P qp=33 bytes=2439 avg=1644 kbps
[openvenc][rc] f=607 P qp=32 bytes=5218 avg=1645 kbps
[openvenc][rc] f=608 P qp=34 bytes=705 avg=1643 kbps
[openvenc][rc] f=609 P qp=33 bytes=923 avg=1641 kbps
[openvenc][rc] f=610 P qp=32 bytes=1436 avg=1640 kbps
[openvenc][rc] f=611 P qp=31 bytes=5860 avg=1641 kbps
[openvenc][rc] f=612 P qp=31 bytes=1540 avg=1640 kbps
[openvenc][rc] f=613 P qp=30 bytes=4830 avg=1641 kbps
[openvenc][rc] f=614 P qp=30 bytes=1443 avg=1639 kbps
[openvenc][rc] f=615 P qp=29 bytes=5805 avg=1641 kbps
[openvenc][rc] f=616 P qp=29 bytes=1559 avg=1640 kbps
[openvenc][rc] f=617 P qp=28 bytes=6258 avg=1642 kbps
[openvenc][rc] f=618 P qp=28 bytes=1753 avg=1641 kbps
[openvenc][rc] f=619 P qp=27 bytes=5728 avg=1642 kbps
[openvenc][rc] f=620 P qp=27 bytes=1809 avg=1641 kbps
[openvenc][rc] f=621 P qp=26 bytes=5864 avg=1643 kbps
[openvenc][rc] f=622 P qp=26 bytes=1832 avg=1642 kbps
[openvenc][rc] f=623 P qp=25 bytes=7182 avg=1644 kbps
[openvenc][rc] f=624 P qp=25 bytes=1914 avg=1643 kbps
[openvenc][rc] f=625 P qp=24 bytes=5309 avg=1645 kbps
[openvenc][rc] f=626 P qp=24 bytes=1802 avg=1643 kbps
[openvenc][rc] f=627 P qp=24 bytes=1309 avg=1642 kbps
[openvenc][rc] f=628 P qp=24 bytes=1176 avg=1640 kbps
[openvenc][rc] f=629 P qp=24 bytes=1209 avg=1638 kbps
[openvenc][rc] f=630 IDR qp=33 bytes=30598 avg=1659 kbps
[openvenc][rc] f=631 P qp=36 bytes=701 avg=1656 kbps
[openvenc][rc] f=632 P qp=35 bytes=684 avg=1654 kbps
[openvenc][rc] f=633 P qp=34 bytes=745 avg=1652 kbps
[openvenc][rc] f=634 P qp=33 bytes=1076 avg=1651 kbps
[openvenc][rc] f=635 P qp=32 bytes=1231 avg=1649 kbps
[openvenc][rc] f=636 P qp=31 bytes=2940 avg=1648 kbps
[openvenc][rc] f=637 P qp=30 bytes=4643 avg=1649 kbps
[openvenc][rc] f=638 P qp=30 bytes=1254 avg=1648 kbps
[openvenc][rc] f=639 P qp=29 bytes=5325 avg=1649 kbps
[openvenc][rc] f=640 P qp=29 bytes=1316 avg=1647 kbps
[openvenc][rc] f=641 P qp=28 bytes=6284 avg=1649 kbps
[openvenc][rc] f=642 P qp=28 bytes=1619 avg=1648 kbps
[openvenc][rc] f=643 P qp=27 bytes=5430 avg=1649 kbps
[openvenc][rc] f=644 P qp=27 bytes=1618 avg=1648 kbps
[openvenc][rc] f=645 P qp=26 bytes=5736 avg=1650 kbps
[openvenc][rc] f=646 P qp=26 bytes=1841 avg=1649 kbps
[openvenc][rc] f=647 P qp=25 bytes=6913 avg=1651 kbps
[openvenc][rc] f=648 P qp=25 bytes=2124 avg=1650 kbps
[openvenc][rc] f=649 P qp=24 bytes=5535 avg=1652 kbps
[openvenc][rc] f=650 P qp=23 bytes=8501 avg=1655 kbps
[openvenc][rc] f=651 P qp=25 bytes=1009 avg=1653 kbps
[openvenc][rc] f=652 P qp=24 bytes=1228 avg=1652 kbps
[openvenc][rc] f=653 P qp=23 bytes=2186 avg=1651 kbps
[openvenc][rc] f=654 P qp=22 bytes=6652 avg=1653 kbps
[openvenc][rc] f=655 P qp=22 bytes=1929 avg=1652 kbps
[openvenc][rc] f=656 P qp=22 bytes=1176 avg=1650 kbps
[openvenc][rc] f=657 P qp=22 bytes=1101 avg=1648 kbps
[openvenc][rc] f=658 P qp=22 bytes=1036 avg=1647 kbps
[openvenc][rc] f=659 P qp=22 bytes=1013 avg=1645 kbps
[openvenc][rc] f=660 IDR qp=31 bytes=34851 avg=1667 kbps
[openvenc][rc] f=661 P qp=34 bytes=692 avg=1665 kbps
[openvenc][rc] f=662 P qp=33 bytes=829 avg=1663 kbps
[openvenc][rc] f=663 P qp=32 bytes=922 avg=1662 kbps
[openvenc][rc] f=664 P qp=31 bytes=1101 avg=1660 kbps
[openvenc][rc] f=665 P qp=30 bytes=1356 avg=1658 kbps
[openvenc][rc] f=666 P qp=29 bytes=1931 avg=1657 kbps
[openvenc][rc] f=667 P qp=28 bytes=4991 avg=1658 kbps
[openvenc][rc] f=668 P qp=28 bytes=1662 avg=1657 kbps
[openvenc][rc] f=669 P qp=27 bytes=5326 avg=1658 kbps
[openvenc][rc] f=670 P qp=27 bytes=1592 avg=1657 kbps
[openvenc][rc] f=671 P qp=26 bytes=5992 avg=1659 kbps
[openvenc][rc] f=672 P qp=26 bytes=1681 avg=1657 kbps
[openvenc][rc] f=673 P qp=25 bytes=6797 avg=1660 kbps
[openvenc][rc] f=674 P qp=25 bytes=1729 avg=1658 kbps
[openvenc][rc] f=675 P qp=24 bytes=5121 avg=1659 kbps
[openvenc][rc] f=676 P qp=24 bytes=1768 avg=1658 kbps
[openvenc][rc] f=677 P qp=23 bytes=7110 avg=1661 kbps
[openvenc][rc] f=678 P qp=23 bytes=2141 avg=1660 kbps
[openvenc][rc] f=679 P qp=22 bytes=7251 avg=1662 kbps
[openvenc][rc] f=680 P qp=22 bytes=2057 avg=1661 kbps
[openvenc][rc] f=681 P qp=21 bytes=6461 avg=1663 kbps
[openvenc][rc] f=682 P qp=21 bytes=1901 avg=1662 kbps
[openvenc][rc] f=683 P qp=20 bytes=6154 avg=1664 kbps
[openvenc][rc] f=684 P qp=20 bytes=1872 avg=1663 kbps
[openvenc][rc] f=685 P qp=20 bytes=1320 avg=1661 kbps
[openvenc][rc] f=686 P qp=20 bytes=1136 avg=1660 kbps
[openvenc][rc] f=687 P qp=20 bytes=1061 avg=1658 kbps
[openvenc][rc] f=688 P qp=20 bytes=1025 avg=1656 kbps
[openvenc][rc] f=689 P qp=20 bytes=1044 avg=1655 kbps
[openvenc][rc] f=690 IDR qp=29 bytes=37990 avg=1678 kbps
[openvenc][rc] f=691 P qp=32 bytes=720 avg=1676 kbps
[openvenc][rc] f=692 P qp=31 bytes=820 avg=1675 kbps
[openvenc][rc] f=693 P qp=30 bytes=1028 avg=1673 kbps
[openvenc][rc] f=694 P qp=29 bytes=1010 avg=1671 kbps
[openvenc][rc] f=695 P qp=28 bytes=1605 avg=1670 kbps
[openvenc][rc] f=696 P qp=27 bytes=2788 avg=1669 kbps
[openvenc][rc] f=697 P qp=25 bytes=9679 avg=1673 kbps
[openvenc][rc] f=698 P qp=25 bytes=1937 avg=1672 kbps
[openvenc][rc] f=699 P qp=24 bytes=4865 avg=1673 kbps
[openvenc][rc] f=700 P qp=24 bytes=1634 avg=1672 kbps
[openvenc][rc] f=701 P qp=23 bytes=7564 avg=1675 kbps
[openvenc][rc] f=702 P qp=23 bytes=1914 avg=1674 kbps
[openvenc][rc] f=703 P qp=22 bytes=6614 avg=1676 kbps
[openvenc][rc] f=704 P qp=22 bytes=2023 avg=1675 kbps
[openvenc][rc] f=705 P qp=21 bytes=6205 avg=1676 kbps
[openvenc][rc] f=706 P qp=21 bytes=2094 avg=1675 kbps
[openvenc][rc] f=707 P qp=20 bytes=6388 avg=1677 kbps
[openvenc][rc] f=708 P qp=20 bytes=1867 avg=1676 kbps
[openvenc][rc] f=709 P qp=19 bytes=7596 avg=1679 kbps
[openvenc][rc] f=710 P qp=19 bytes=2489 avg=1678 kbps
[openvenc][rc] f=711 P qp=18 bytes=6062 avg=1680 kbps
[openvenc][rc] f=712 P qp=20 bytes=849 avg=1678 kbps
[openvenc][rc] f=713 P qp=19 bytes=1183 avg=1676 kbps
[openvenc][rc] f=714 P qp=18 bytes=1910 avg=1675 kbps
[openvenc][rc] f=715 P qp=18 bytes=1123 avg=1674 kbps
[openvenc][rc] f=716 P qp=18 bytes=1004 avg=1672 kbps
[openvenc][rc] f=717 P qp=18 bytes=933 avg=1670 kbps
[openvenc][rc] f=718 P qp=18 bytes=985 avg=1669 kbps
[openvenc][rc] f=719 P qp=18 bytes=922 avg=1667 kbps
[openvenc][rc] f=720 IDR qp=27 bytes=42090 avg=1692 kbps
[openvenc][rc] f=721 P qp=30 bytes=828 avg=1690 kbps
[openvenc][rc] f=722 P qp=29 bytes=1045 avg=1689 kbps
[openvenc][rc] f=723 P qp=28 bytes=1054 avg=1687 kbps
[openvenc][rc] f=724 P qp=27 bytes=1445 avg=1686 kbps
[openvenc][rc] f=725 P qp=26 bytes=1465 avg=1684 kbps
[openvenc][rc] f=726 P qp=25 bytes=3692 avg=1684 kbps
[openvenc][rc] f=727 P qp=25 bytes=1411 avg=1683 kbps
[openvenc][rc] f=728 P qp=24 bytes=4815 avg=1684 kbps
[openvenc][rc] f=729 P qp=24 bytes=1666 avg=1683 kbps
[openvenc][rc] f=730 P qp=23 bytes=7270 avg=1685 kbps
[openvenc][rc] f=731 P qp=23 bytes=1899 avg=1684 kbps
[openvenc][rc] f=732 P qp=22 bytes=6396 avg=1686 kbps
[openvenc][rc] f=733 P qp=22 bytes=1807 avg=1685 kbps
[openvenc][rc] f=734 P qp=21 bytes=6022 avg=1686 kbps
[openvenc][rc] f=735 P qp=21 bytes=1839 avg=1685 kbps
[openvenc][rc] f=736 P qp=20 bytes=6154 avg=1687 kbps
[openvenc][rc] f=737 P qp=20 bytes=2046 avg=1686 kbps
[openvenc][rc] f=738 P qp=18 bytes=10720 avg=1690 kbps
[openvenc][rc] f=739 P qp=18 bytes=2734 avg=1690 kbps
[openvenc][rc] f=740 P qp=18 bytes=1412 avg=1688 kbps
[openvenc][rc] f=741 P qp=17 bytes=8566 avg=1692 kbps
[openvenc][rc] f=742 P qp=17 bytes=2714 avg=1691 kbps
[openvenc][rc] f=743 P qp=17 bytes=1367 avg=1690 kbps
[openvenc][rc] f=744 P qp=16 bytes=6907 avg=1692 kbps
[openvenc][rc] f=745 P qp=16 bytes=2377 avg=1691 kbps
[openvenc][rc] f=746 P qp=16 bytes=1326 avg=1690 kbps
[openvenc][rc] f=747 P qp=16 bytes=1209 avg=1688 kbps
[openvenc][rc] f=748 P qp=16 bytes=1166 avg=1687 kbps
[openvenc][rc] f=749 P qp=16 bytes=1139 avg=1685 kbps
[openvenc][rc] f=750 IDR qp=25 bytes=46848 avg=1712 kbps
[openvenc][rc] f=751 P qp=28 bytes=860 avg=1710 kbps
[openvenc][rc] f=752 P qp=27 bytes=778 avg=1709 kbps
[openvenc][rc] f=753 P qp=26 bytes=806 avg=1707 kbps
[openvenc][rc] f=754 P qp=25 bytes=1135 avg=1705 kbps
[openvenc][rc] f=755 P qp=24 bytes=1306 avg=1704 kbps
[openvenc][rc] f=756 P qp=23 bytes=2920 avg=1703 kbps
[openvenc][rc] f=757 P qp=23 bytes=1248 avg=1702 kbps
[openvenc][rc] f=758 P qp=22 bytes=6045 avg=1704 kbps
[openvenc][rc] f=759 P qp=22 bytes=1770 avg=1702 kbps
[openvenc][rc] f=760 P qp=21 bytes=6160 avg=1704 kbps
[openvenc][rc] f=761 P qp=21 bytes=1820 avg=1703 kbps
[openvenc][rc] f=762 P qp=20 bytes=5918 avg=1704 kbps
[openvenc][rc] f=763 P qp=20 bytes=1814 avg=1703 kbps
[openvenc][rc] f=764 P qp=18 bytes=10776 avg=1708 kbps
[openvenc][rc] f=765 P qp=18 bytes=2618 avg=1707 kbps
[openvenc][rc] f=766 P qp=20 bytes=917 avg=1705 kbps
[openvenc][rc] f=767 P qp=19 bytes=1185 avg=1704 kbps
[openvenc][rc] f=768 P qp=18 bytes=1450 avg=1703 kbps
[openvenc][rc] f=769 P qp=16 bytes=12453 avg=1708 kbps
[openvenc][rc] f=770 P qp=16 bytes=3454 avg=1708 kbps
[openvenc][rc] f=771 P qp=18 bytes=951 avg=1706 kbps
[openvenc][rc] f=772 P qp=19 bytes=640 avg=1704 kbps
[openvenc][rc] f=773 P qp=17 bytes=1187 avg=1703 kbps
[openvenc][rc] f=774 P qp=19 bytes=591 avg=1701 kbps
[openvenc][rc] f=775 P qp=17 bytes=1068 avg=1700 kbps
[openvenc][rc] f=776 P qp=19 bytes=499 avg=1698 kbps
[openvenc][rc] f=777 P qp=18 bytes=559 avg=1696 kbps
[openvenc][rc] f=778 P qp=17 bytes=925 avg=1694 kbps
[openvenc][rc] f=779 P qp=17 bytes=908 avg=1693 kbps
[openvenc][rc] f=780 IDR qp=23 bytes=50868 avg=1721 kbps
[openvenc][rc] f=781 P qp=26 bytes=1222 avg=1720 kbps
[openvenc][rc] f=782 P qp=25 bytes=1176 avg=1718 kbps
[openvenc][rc] f=783 P qp=24 bytes=1440 avg=1717 kbps
[openvenc][rc] f=784 P qp=23 bytes=1569 avg=1716 kbps
[openvenc][rc] f=785 P qp=22 bytes=1910 avg=1715 kbps
[openvenc][rc] f=786 P qp=20 bytes=6906 avg=1717 kbps
[openvenc][rc] f=787 P qp=20 bytes=2128 avg=1716 kbps
[openvenc][rc] f=788 P qp=18 bytes=9957 avg=1719 kbps
[openvenc][rc] f=789 P qp=18 bytes=2271 avg=1719 kbps
[openvenc][rc] f=790 P qp=17 bytes=8197 avg=1721 kbps
[openvenc][rc] f=791 P qp=17 bytes=2592 avg=1721 kbps
[openvenc][rc] f=792 P qp=18 bytes=931 avg=1719 kbps
[openvenc][rc] f=793 P qp=17 bytes=1306 avg=1718 kbps
[openvenc][rc] f=794 P qp=16 bytes=6940 avg=1720 kbps
[openvenc][rc] f=795 P qp=16 bytes=2417 avg=1719 kbps
[openvenc][rc] f=796 P qp=16 bytes=1341 avg=1718 kbps
[openvenc][rc] f=797 P qp=16 bytes=1049 avg=1716 kbps
[openvenc][rc] f=798 P qp=16 bytes=1055 avg=1714 kbps
[openvenc][rc] f=799 P qp=16 bytes=1024 avg=1713 kbps
[openvenc][rc] f=800 P qp=16 bytes=1025 avg=1711 kbps
[openvenc][rc] f=801 P qp=16 bytes=1030 avg=1710 kbps
[openvenc][rc] f=802 P qp=16 bytes=1033 avg=1708 kbps
[openvenc][rc] f=803 P qp=16 bytes=1035 avg=1707 kbps
[openvenc][rc] f=804 P qp=16 bytes=1028 avg=1705 kbps
[openvenc][rc] f=805 P qp=16 bytes=1018 avg=1704 kbps
[openvenc][rc] f=806 P qp=16 bytes=1012 avg=1702 kbps
[openvenc][rc] f=807 P qp=16 bytes=1006 avg=1701 kbps
[openvenc][rc] f=808 P qp=16 bytes=1012 avg=1699 kbps
[openvenc][rc] f=809 P qp=16 bytes=1016 avg=1698 kbps
[openvenc][rc] f=810 IDR qp=21 bytes=55802 avg=1728 kbps
[openvenc][rc] f=811 P qp=24 bytes=1543 avg=1727 kbps
[openvenc][rc] f=812 P qp=23 bytes=1211 avg=1725 kbps
[openvenc][rc] f=813 P qp=22 bytes=1301 avg=1724 kbps
[openvenc][rc] f=814 P qp=21 bytes=1380 avg=1723 kbps
[openvenc][rc] f=815 P qp=20 bytes=2064 avg=1722 kbps
[openvenc][rc] f=816 P qp=19 bytes=4299 avg=1722 kbps
[openvenc][rc] f=817 P qp=21 bytes=803 avg=1721 kbps
[openvenc][rc] f=818 P qp=20 bytes=999 avg=1719 kbps
[openvenc][rc] f=819 P qp=19 bytes=1449 avg=1718 kbps
[openvenc][rc] f=820 P qp=18 bytes=5289 avg=1719 kbps
[openvenc][rc] f=821 P qp=18 bytes=1561 avg=1718 kbps
[openvenc][rc] f=822 P qp=17 bytes=8080 avg=1720 kbps
[openvenc][rc] f=823 P qp=17 bytes=2430 avg=1719 kbps
[openvenc][rc] f=824 P qp=16 bytes=6813 avg=1721 kbps
[openvenc][rc] f=825 P qp=16 bytes=2286 avg=1720 kbps
[openvenc][rc] f=826 P qp=16 bytes=1450 avg=1719 kbps
[openvenc][rc] f=827 P qp=16 bytes=1069 avg=1718 kbps
[openvenc][rc] f=828 P qp=16 bytes=998 avg=1716 kbps
[openvenc][rc] f=829 P qp=16 bytes=964 avg=1715 kbps
[openvenc][rc] f=830 P qp=16 bytes=907 avg=1713 kbps
[openvenc][rc] f=831 P qp=16 bytes=904 avg=1712 kbps
[openvenc][rc] f=832 P qp=16 bytes=898 avg=1710 kbps
[openvenc][rc] f=833 P qp=16 bytes=917 avg=1709 kbps
[openvenc][rc] f=834 P qp=16 bytes=901 avg=1707 kbps
[openvenc][rc] f=835 P qp=16 bytes=897 avg=1705 kbps
[openvenc][rc] f=836 P qp=16 bytes=900 avg=1704 kbps
[openvenc][rc] f=837 P qp=16 bytes=890 avg=1702 kbps
[openvenc][rc] f=838 P qp=16 bytes=896 avg=1701 kbps
[openvenc][rc] f=839 P qp=16 bytes=893 avg=1699 kbps
[openvenc][rc] f=840 IDR qp=19 bytes=61512 avg=1732 kbps
[openvenc][rc] f=841 P qp=22 bytes=1661 avg=1731 kbps
[openvenc][rc] f=842 P qp=20 bytes=1517 avg=1730 kbps
[openvenc][rc] f=843 P qp=19 bytes=1596 avg=1728 kbps
[openvenc][rc] f=844 P qp=18 bytes=2024 avg=1727 kbps
[openvenc][rc] f=845 P qp=17 bytes=4242 avg=1728 kbps
[openvenc][rc] f=846 P qp=19 bytes=805 avg=1726 kbps
[openvenc][rc] f=847 P qp=18 bytes=880 avg=1725 kbps
[openvenc][rc] f=848 P qp=17 bytes=1581 avg=1724 kbps
[openvenc][rc] f=849 P qp=16 bytes=5735 avg=1725 kbps
[openvenc][rc] f=850 P qp=16 bytes=2230 avg=1724 kbps
[openvenc][rc] f=851 P qp=16 bytes=1105 avg=1722 kbps
[openvenc][rc] f=852 P qp=16 bytes=1013 avg=1721 kbps
[openvenc][rc] f=853 P qp=16 bytes=1018 avg=1720 kbps
[openvenc][rc] f=854 P qp=16 bytes=984 avg=1718 kbps
[openvenc][rc] f=855 P qp=16 bytes=997 avg=1717 kbps
[openvenc][rc] f=856 P qp=16 bytes=983 avg=1715 kbps
[openvenc][rc] f=857 P qp=16 bytes=984 avg=1714 kbps
[openvenc][rc] f=858 P qp=16 bytes=994 avg=1712 kbps
[openvenc][rc] f=859 P qp=16 bytes=995 avg=1711 kbps
[openvenc][rc] f=860 P qp=16 bytes=985 avg=1709 kbps
[openvenc][rc] f=861 P qp=16 bytes=978 avg=1708 kbps
[openvenc][rc] f=862 P qp=16 bytes=970 avg=1706 kbps
[openvenc][rc] f=863 P qp=16 bytes=970 avg=1705 kbps
[openvenc][rc] f=864 P qp=16 bytes=976 avg=1704 kbps
[openvenc][rc] f=865 P qp=16 bytes=974 avg=1702 kbps
[openvenc][rc] f=866 P qp=16 bytes=983 avg=1701 kbps
[openvenc][rc] f=867 P qp=16 bytes=981 avg=1699 kbps
[openvenc][rc] f=868 P qp=16 bytes=980 avg=1698 kbps
[openvenc][rc] f=869 P qp=16 bytes=975 avg=1696 kbps
[openvenc][rc] f=870 IDR qp=17 bytes=66368 avg=1730 kbps
[openvenc][rc] f=871 P qp=20 bytes=1600 avg=1729 kbps
[openvenc][rc] f=872 P qp=19 bytes=1410 avg=1728 kbps
[openvenc][rc] f=873 P qp=18 bytes=1475 avg=1727 kbps
[openvenc][rc] f=874 P qp=17 bytes=2009 avg=1726 kbps
[openvenc][rc] f=875 P qp=16 bytes=2768 avg=1726 kbps
[openvenc][rc] f=876 P qp=16 bytes=1419 avg=1724 kbps
[openvenc][rc] f=877 P qp=16 bytes=940 avg=1723 kbps
[openvenc][rc] f=878 P qp=16 bytes=919 avg=1721 kbps
[openvenc][rc] f=879 P qp=16 bytes=889 avg=1720 kbps
[openvenc][rc] f=880 P qp=16 bytes=877 avg=1718 kbps
[openvenc][rc] f=881 P qp=16 bytes=870 avg=1717 kbps
[openvenc][rc] f=882 P qp=16 bytes=852 avg=1716 kbps
[openvenc][rc] f=883 P qp=16 bytes=850 avg=1714 kbps
[openvenc][rc] f=884 P qp=16 bytes=852 avg=1713 kbps
[openvenc][rc] f=885 P qp=16 bytes=850 avg=1711 kbps
[openvenc][rc] f=886 P qp=16 bytes=852 avg=1710 kbps
[openvenc][rc] f=887 P qp=16 bytes=850 avg=1708 kbps
[openvenc][rc] f=888 P qp=16 bytes=852 avg=1707 kbps
[openvenc][rc] f=889 P qp=16 bytes=850 avg=1705 kbps
[openvenc][rc] f=890 P qp=16 bytes=852 avg=1704 kbps
[openvenc][rc] f=891 P qp=16 bytes=850 avg=1702 kbps
[openvenc][rc] f=892 P qp=16 bytes=852 avg=1701 kbps
[openvenc][rc] f=893 P qp=16 bytes=850 avg=1699 kbps
[openvenc][rc] f=894 P qp=16 bytes=852 avg=1698 kbps
[openvenc][rc] f=895 P qp=16 bytes=850 avg=1696 kbps
[openvenc][rc] f=896 P qp=16 bytes=852 avg=1695 kbps
[openvenc][rc] f=897 P qp=16 bytes=850 avg=1694 kbps
[openvenc][rc] f=898 P qp=16 bytes=852 avg=1692 kbps
[openvenc][rc] f=899 P qp=16 bytes=850 avg=1691 kbps
[openvenc][rc] f=900 IDR qp=16 bytes=69464 avg=1725 kbps
[openvenc][rc] f=901 P qp=19 bytes=1918 avg=1724 kbps
[openvenc][rc] f=902 P qp=19 bytes=953 avg=1723 kbps
[openvenc][rc] f=903 P qp=18 bytes=1036 avg=1722 kbps
[openvenc][rc] f=904 P qp=17 bytes=1806 avg=1721 kbps
[openvenc][rc] f=905 P qp=16 bytes=2061 avg=1720 kbps
[openvenc][rc] f=906 P qp=16 bytes=976 avg=1718 kbps
[openvenc][rc] f=907 P qp=16 bytes=877 avg=1717 kbps
[openvenc][rc] f=908 P qp=16 bytes=822 avg=1715 kbps
[openvenc][rc] f=909 P qp=16 bytes=817 avg=1714 kbps
[openvenc][rc] f=910 P qp=16 bytes=809 avg=1713 kbps
[openvenc][rc] f=911 P qp=16 bytes=790 avg=1711 kbps
[openvenc][rc] f=912 P qp=16 bytes=765 avg=1710 kbps
[openvenc][rc] f=913 P qp=16 bytes=766 avg=1708 kbps
[openvenc][rc] f=914 P qp=16 bytes=766 avg=1707 kbps
[openvenc][rc] f=915 P qp=16 bytes=753 avg=1705 kbps
[openvenc][rc] f=916 P qp=16 bytes=766 avg=1704 kbps
[openvenc][rc] f=917 P qp=16 bytes=765 avg=1702 kbps
[openvenc][rc] f=918 P qp=16 bytes=767 avg=1701 kbps
[openvenc][rc] f=919 P qp=16 bytes=763 avg=1699 kbps
[openvenc][rc] f=920 P qp=16 bytes=764 avg=1698 kbps
[openvenc][rc] f=921 P qp=16 bytes=763 avg=1696 kbps
[openvenc][rc] f=922 P qp=16 bytes=766 avg=1695 kbps
[openvenc][rc] f=923 P qp=16 bytes=765 avg=1694 kbps
[openvenc][rc] f=924 P qp=16 bytes=754 avg=1692 kbps
[openvenc][rc] f=925 P qp=16 bytes=753 avg=1691 kbps
[openvenc][rc] f=926 P qp=16 bytes=754 avg=1689 kbps
[openvenc][rc] f=927 P qp=16 bytes=753 avg=1688 kbps
[openvenc][rc] f=928 P qp=16 bytes=754 avg=1686 kbps
[openvenc][rc] f=929 P qp=16 bytes=753 avg=1685 kbps
[openvenc][rc] f=930 IDR qp=16 bytes=69464 avg=1718 kbps
[openvenc][rc] f=931 P qp=19 bytes=1918 avg=1717 kbps
[openvenc][rc] f=932 P qp=18 bytes=1329 avg=1716 kbps
[openvenc][rc] f=933 P qp=17 bytes=1793 avg=1715 kbps
[openvenc][rc] f=934 P qp=16 bytes=1934 avg=1714 kbps
[openvenc][rc] f=935 P qp=16 bytes=928 avg=1713 kbps
[openvenc][rc] f=936 P qp=16 bytes=816 avg=1712 kbps
[openvenc][rc] f=937 P qp=16 bytes=751 avg=1710 kbps
[openvenc][rc] f=938 P qp=16 bytes=738 avg=1709 kbps
[openvenc][rc] f=939 P qp=16 bytes=724 avg=1707 kbps
[openvenc][rc] f=940 P qp=16 bytes=731 avg=1706 kbps
[openvenc][rc] f=941 P qp=16 bytes=712 avg=1704 kbps
[openvenc][rc] f=942 P qp=16 bytes=705 avg=1703 kbps
[openvenc][rc] f=943 P qp=16 bytes=713 avg=1702 kbps
[openvenc][rc] f=944 P qp=16 bytes=717 avg=1700 kbps
[openvenc][rc] f=945 P qp=16 bytes=713 avg=1699 kbps
[openvenc][rc] f=946 P qp=16 bytes=717 avg=1697 kbps
[openvenc][rc] f=947 P qp=16 bytes=714 avg=1696 kbps
[openvenc][rc] f=948 P qp=16 bytes=716 avg=1694 kbps
[openvenc][rc] f=949 P qp=16 bytes=702 avg=1693 kbps
[openvenc][rc] f=950 P qp=16 bytes=717 avg=1691 kbps
[openvenc][rc] f=951 P qp=16 bytes=713 avg=1690 kbps
[openvenc][rc] f=952 P qp=16 bytes=717 avg=1689 kbps
[openvenc][rc] f=953 P qp=16 bytes=714 avg=1687 kbps
[openvenc][rc] f=954 P qp=16 bytes=716 avg=1686 kbps
[openvenc][rc] f=955 P qp=16 bytes=712 avg=1684 kbps
[openvenc][rc] f=956 P qp=16 bytes=705 avg=1683 kbps
[openvenc][rc] f=957 P qp=16 bytes=702 avg=1682 kbps
[openvenc][rc] f=958 P qp=16 bytes=705 avg=1680 kbps
[openvenc][rc] f=959 P qp=16 bytes=702 avg=1679 kbps
[openvenc][rc] f=960 IDR qp=16 bytes=69464 avg=1711 kbps
[openvenc][rc] f=961 P qp=19 bytes=1918 avg=1710 kbps
[openvenc][rc] f=962 P qp=19 bytes=953 avg=1709 kbps
[openvenc][rc] f=963 P qp=18 bytes=1036 avg=1708 kbps
[openvenc][rc] f=964 P qp=17 bytes=1806 avg=1707 kbps
[openvenc][rc] f=965 P qp=16 bytes=2061 avg=1706 kbps
[openvenc][rc] f=966 P qp=16 bytes=976 avg=1705 kbps
[openvenc][rc] f=967 P qp=16 bytes=877 avg=1703 kbps
[openvenc][rc] f=968 P qp=16 bytes=822 avg=1702 kbps
[openvenc][rc] f=969 P qp=16 bytes=817 avg=1701 kbps
[openvenc][rc] f=970 P qp=16 bytes=809 avg=1699 kbps
[openvenc][rc] f=971 P qp=16 bytes=790 avg=1698 kbps
[openvenc][rc] f=972 P qp=16 bytes=765 avg=1697 kbps
[openvenc][rc] f=973 P qp=16 bytes=766 avg=1695 kbps
[openvenc][rc] f=974 P qp=16 bytes=766 avg=1694 kbps
[openvenc][rc] f=975 P qp=16 bytes=753 avg=1693 kbps
[openvenc][rc] f=976 P qp=16 bytes=766 avg=1691 kbps
[openvenc][rc] f=977 P qp=16 bytes=765 avg=1690 kbps
[openvenc][rc] f=978 P qp=16 bytes=767 avg=1688 kbps
[openvenc][rc] f=979 P qp=16 bytes=763 avg=1687 kbps
[openvenc][rc] f=980 P qp=16 bytes=764 avg=1686 kbps
[openvenc][rc] f=981 P qp=16 bytes=763 avg=1684 kbps
[openvenc][rc] f=982 P qp=16 bytes=766 avg=1683 kbps
[openvenc][rc] f=983 P qp=16 bytes=765 avg=1682 kbps
[openvenc][rc] f=984 P qp=16 bytes=754 avg=1680 kbps
[openvenc][rc] f=985 P qp=16 bytes=753 avg=1679 kbps
[openvenc][rc] f=986 P qp=16 bytes=754 avg=1678 kbps
[openvenc][rc] f=987 P qp=16 bytes=753 avg=1676 kbps
[openvenc][rc] f=988 P qp=16 bytes=754 avg=1675 kbps
[openvenc][rc] f=989 P qp=16 bytes=753 avg=1674 kbps
[openvenc][rc] f=990 IDR qp=16 bytes=69464 avg=1705 kbps
[openvenc][rc] f=991 P qp=19 bytes=1918 avg=1704 kbps
[openvenc][rc] f=992 P qp=18 bytes=1329 avg=1703 kbps
[openvenc][rc] f=993 P qp=17 bytes=1793 avg=1702 kbps
[openvenc][rc] f=994 P qp=16 bytes=1934 avg=1702 kbps
[openvenc][rc] f=995 P qp=16 bytes=928 avg=1700 kbps
[openvenc][rc] f=996 P qp=16 bytes=816 avg=1699 kbps
[openvenc][rc] f=997 P qp=16 bytes=751 avg=1698 kbps
[openvenc][rc] f=998 P qp=16 bytes=738 avg=1696 kbps
[openvenc][rc] f=999 P qp=16 bytes=724 avg=1695 kbps
[openvenc][rc] f=1000 P qp=16 bytes=731 avg=1694 kbps
[openvenc][rc] f=1001 P qp=16 bytes=712 avg=1692 kbps
[openvenc][rc] f=1002 P qp=16 bytes=705 avg=1691 kbps
[openvenc][rc] f=1003 P qp=16 bytes=713 avg=1689 kbps
[openvenc][rc] f=1004 P qp=16 bytes=717 avg=1688 kbps
[openvenc][rc] f=1005 P qp=16 bytes=713 avg=1687 kbps
[openvenc][rc] f=1006 P qp=16 bytes=717 avg=1685 kbps
[openvenc][rc] f=1007 P qp=16 bytes=714 avg=1684 kbps
[openvenc][rc] f=1008 P qp=16 bytes=716 avg=1683 kbps
[openvenc][rc] f=1009 P qp=16 bytes=702 avg=1681 kbps
[openvenc][rc] f=1010 P qp=16 bytes=717 avg=1680 kbps
[openvenc][rc] f=1011 P qp=16 bytes=713 avg=1679 kbps
[openvenc][rc] f=1012 P qp=16 bytes=717 avg=1677 kbps
[openvenc][rc] f=1013 P qp=16 bytes=714 avg=1676 kbps
[openvenc][rc] f=1014 P qp=16 bytes=716 avg=1675 kbps
[openvenc][rc] f=1015 P qp=16 bytes=712 avg=1674 kbps
[openvenc][rc] f=1016 P qp=16 bytes=705 avg=1672 kbps
[openvenc][rc] f=1017 P qp=16 bytes=702 avg=1671 kbps
[openvenc][rc] f=1018 P qp=16 bytes=705 avg=1670 kbps
[openvenc][rc] f=1019 P qp=16 bytes=702 avg=1668 kbps
[openvenc][rc] f=1020 IDR qp=16 bytes=69464 avg=1699 kbps
[openvenc][rc] f=1021 P qp=19 bytes=1918 avg=1698 kbps
[openvenc][rc] f=1022 P qp=19 bytes=953 avg=1697 kbps
[openvenc][rc] f=1023 P qp=18 bytes=1036 avg=1696 kbps
[openvenc][rc] f=1024 P qp=17 bytes=1806 avg=1695 kbps
[openvenc][rc] f=1025 P qp=16 bytes=2061 avg=1694 kbps
[openvenc][rc] f=1026 P qp=16 bytes=976 avg=1693 kbps
[openvenc][rc] f=1027 P qp=16 bytes=877 avg=1692 kbps
[openvenc][rc] f=1028 P qp=16 bytes=822 avg=1690 kbps
[openvenc][rc] f=1029 P qp=16 bytes=817 avg=1689 kbps
[openvenc][rc] f=1030 P qp=16 bytes=809 avg=1688 kbps
[openvenc][rc] f=1031 P qp=16 bytes=790 avg=1687 kbps
[openvenc][rc] f=1032 P qp=16 bytes=765 avg=1685 kbps
[openvenc][rc] f=1033 P qp=16 bytes=766 avg=1684 kbps
[openvenc][rc] f=1034 P qp=16 bytes=766 avg=1683 kbps
[openvenc][rc] f=1035 P qp=16 bytes=753 avg=1681 kbps
[openvenc][rc] f=1036 P qp=16 bytes=766 avg=1680 kbps
[openvenc][rc] f=1037 P qp=16 bytes=765 avg=1679 kbps
[openvenc][rc] f=1038 P qp=16 bytes=767 avg=1678 kbps
[openvenc][rc] f=1039 P qp=16 bytes=763 avg=1676 kbps
[openvenc][rc] f=1040 P qp=16 bytes=764 avg=1675 kbps
[openvenc][rc] f=1041 P qp=16 bytes=763 avg=1674 kbps
[openvenc][rc] f=1042 P qp=16 bytes=766 avg=1673 kbps
[openvenc][rc] f=1043 P qp=16 bytes=765 avg=1671 kbps
[openvenc][rc] f=1044 P qp=16 bytes=754 avg=1670 kbps
[openvenc][rc] f=1045 P qp=16 bytes=753 avg=1669 kbps
[openvenc][rc] f=1046 P qp=16 bytes=754 avg=1668 kbps
[openvenc][rc] f=1047 P qp=16 bytes=753 avg=1666 kbps
[openvenc][rc] f=1048 P qp=16 bytes=754 avg=1665 kbps
[openvenc][rc] f=1049 P qp=16 bytes=753 avg=1664 kbps
[openvenc][rc] f=1050 IDR qp=16 bytes=69464 avg=1693 kbps
[openvenc][rc] f=1051 P qp=19 bytes=1918 avg=1693 kbps
[openvenc][rc] f=1052 P qp=18 bytes=1329 avg=1692 kbps
[openvenc][rc] f=1053 P qp=17 bytes=1793 avg=1691 kbps
[openvenc][rc] f=1054 P qp=16 bytes=1934 avg=1690 kbps
[openvenc][rc] f=1055 P qp=16 bytes=928 avg=1689 kbps
[openvenc][rc] f=1056 P qp=16 bytes=816 avg=1688 kbps
[openvenc][rc] f=1057 P qp=16 bytes=751 avg=1686 kbps
[openvenc][rc] f=1058 P qp=16 bytes=738 avg=1685 kbps
[openvenc][rc] f=1059 P qp=16 bytes=724 avg=1684 kbps
[openvenc][rc] f=1060 P qp=16 bytes=731 avg=1683 kbps
[openvenc][rc] f=1061 P qp=16 bytes=712 avg=1681 kbps
[openvenc][rc] f=1062 P qp=16 bytes=705 avg=1680 kbps
[openvenc][rc] f=1063 P qp=16 bytes=713 avg=1679 kbps
[openvenc][rc] f=1064 P qp=16 bytes=717 avg=1678 kbps
[openvenc][rc] f=1065 P qp=16 bytes=713 avg=1676 kbps
[openvenc][rc] f=1066 P qp=16 bytes=717 avg=1675 kbps
[openvenc][rc] f=1067 P qp=16 bytes=714 avg=1674 kbps
[openvenc][rc] f=1068 P qp=16 bytes=716 avg=1673 kbps
[openvenc][rc] f=1069 P qp=16 bytes=702 avg=1671 kbps
[openvenc][rc] f=1070 P qp=16 bytes=717 avg=1670 kbps
[openvenc][rc] f=1071 P qp=16 bytes=713 avg=1669 kbps
[openvenc][rc] f=1072 P qp=16 bytes=717 avg=1668 kbps
[openvenc][rc] f=1073 P qp=16 bytes=714 avg=1666 kbps
[openvenc][rc] f=1074 P qp=16 bytes=716 avg=1665 kbps
[openvenc][rc] f=1075 P qp=16 bytes=712 avg=1664 kbps
[openvenc][rc] f=1076 P qp=16 bytes=705 avg=1663 kbps
[openvenc][rc] f=1077 P qp=16 bytes=702 avg=1661 kbps
[openvenc][rc] f=1078 P qp=16 bytes=705 avg=1660 kbps
[openvenc][rc] f=1079 P qp=16 bytes=702 avg=1659 kbps
[openvenc][rc] f=1080 IDR qp=16 bytes=69464 avg=1688 kbps
[openvenc][rc] f=1081 P qp=19 bytes=1918 avg=1687 kbps
[openvenc][rc] f=1082 P qp=19 bytes=953 avg=1686 kbps
[openvenc][rc] f=1083 P qp=18 bytes=1036 avg=1685 kbps
[openvenc][rc] f=1084 P qp=17 bytes=1806 avg=1684 kbps
[openvenc][rc] f=1085 P qp=16 bytes=2061 avg=1683 kbps
[openvenc][rc] f=1086 P qp=16 bytes=976 avg=1682 kbps
[openvenc][rc] f=1087 P qp=16 bytes=877 avg=1681 kbps
[openvenc][rc] f=1088 P qp=16 bytes=822 avg=1680 kbps
[openvenc][rc] f=1089 P qp=16 bytes=817 avg=1679 kbps
[openvenc][rc] f=1090 P qp=16 bytes=809 avg=1677 kbps
[openvenc][rc] f=1091 P qp=16 bytes=790 avg=1676 kbps
[openvenc][rc] f=1092 P qp=16 bytes=765 avg=1675 kbps
[openvenc][rc] f=1093 P qp=16 bytes=766 avg=1674 kbps
[openvenc][rc] f=1094 P qp=16 bytes=766 avg=1673 kbps
[openvenc][rc] f=1095 P qp=16 bytes=753 avg=1671 kbps
[openvenc][rc] f=1096 P qp=16 bytes=766 avg=1670 kbps
[openvenc][rc] f=1097 P qp=16 bytes=765 avg=1669 kbps
[openvenc][rc] f=1098 P qp=16 bytes=767 avg=1668 kbps
[openvenc][rc] f=1099 P qp=16 bytes=763 avg=1667 kbps
[openvenc][rc] f=1100 P qp=16 bytes=764 avg=1665 kbps
[openvenc][rc] f=1101 P qp=16 bytes=763 avg=1664 kbps
[openvenc][rc] f=1102 P qp=16 bytes=766 avg=1663 kbps
[openvenc][rc] f=1103 P qp=16 bytes=765 avg=1662 kbps
[openvenc][rc] f=1104 P qp=16 bytes=754 avg=1661 kbps
[openvenc][rc] f=1105 P qp=16 bytes=753 avg=1660 kbps
[openvenc][rc] f=1106 P qp=16 bytes=754 avg=1658 kbps
[openvenc][rc] f=1107 P qp=16 bytes=753 avg=1657 kbps
[openvenc][rc] f=1108 P qp=16 bytes=754 avg=1656 kbps
[openvenc][rc] f=1109 P qp=16 bytes=753 avg=1655 kbps
[openvenc][rc] f=1110 IDR qp=16 bytes=69464 avg=1683 kbps
[openvenc][rc] f=1111 P qp=19 bytes=1918 avg=1682 kbps
[openvenc][rc] f=1112 P qp=18 bytes=1329 avg=1681 kbps
[openvenc][rc] f=1113 P qp=17 bytes=1793 avg=1681 kbps
[openvenc][rc] f=1114 P qp=16 bytes=1934 avg=1680 kbps
[openvenc][rc] f=1115 P qp=16 bytes=928 avg=1679 kbps
[openvenc][rc] f=1116 P qp=16 bytes=816 avg=1678 kbps
[openvenc][rc] f=1117 P qp=16 bytes=751 avg=1676 kbps
[openvenc][rc] f=1118 P qp=16 bytes=738 avg=1675 kbps
[openvenc][rc] f=1119 P qp=16 bytes=724 avg=1674 kbps
[openvenc][rc] f=1120 P qp=16 bytes=731 avg=1673 kbps
[openvenc][rc] f=1121 P qp=16 bytes=712 avg=1672 kbps
[openvenc][rc] f=1122 P qp=16 bytes=705 avg=1670 kbps
[openvenc][rc] f=1123 P qp=16 bytes=713 avg=1669 kbps
[openvenc][rc] f=1124 P qp=16 bytes=717 avg=1668 kbps
[openvenc][rc] f=1125 P qp=16 bytes=713 avg=1667 kbps
[openvenc][rc] retarget 16000 kbps @ 59 fps
[openvenc][rc] f=1126 P qp=16 bytes=717 avg=1666 kbps
[openvenc][rc] f=1127 P qp=16 bytes=714 avg=1665 kbps
[openvenc][rc] f=1128 P qp=16 bytes=716 avg=1663 kbps
[openvenc][rc] f=1129 P qp=16 bytes=702 avg=1662 kbps
[openvenc][rc] f=1130 P qp=16 bytes=717 avg=1661 kbps
[openvenc][rc] f=1131 P qp=16 bytes=713 avg=1660 kbps
[openvenc][rc] f=1132 P qp=16 bytes=717 avg=1659 kbps
[openvenc][rc] f=1133 P qp=16 bytes=714 avg=1657 kbps
[openvenc][rc] f=1134 P qp=16 bytes=716 avg=1656 kbps
[openvenc][rc] f=1135 P qp=16 bytes=712 avg=1655 kbps
[openvenc][rc] f=1136 P qp=16 bytes=705 avg=1654 kbps
[openvenc][rc] f=1137 P qp=16 bytes=702 avg=1653 kbps
[openvenc][rc] f=1138 P qp=16 bytes=705 avg=1652 kbps
[openvenc][rc] f=1139 P qp=16 bytes=702 avg=1651 kbps
[openvenc][rc] f=1140 IDR qp=32 bytes=32434 avg=1662 kbps
[openvenc][rc] f=1141 P qp=35 bytes=586 avg=1661 kbps
[openvenc][rc] f=1142 P qp=34 bytes=667 avg=1660 kbps
[openvenc][rc] f=1143 P qp=33 bytes=876 avg=1659 kbps
[openvenc][rc] f=1144 P qp=32 bytes=1046 avg=1658 kbps
[openvenc][rc] f=1145 P qp=31 bytes=1369 avg=1657 kbps
[openvenc][rc] f=1146 P qp=30 bytes=2437 avg=1657 kbps
[openvenc][rc] f=1147 P qp=29 bytes=4934 avg=1657 kbps
[openvenc][rc] f=1148 P qp=28 bytes=6220 avg=1658 kbps
[openvenc][rc] f=1149 P qp=27 bytes=5535 avg=1659 kbps
[openvenc][rc] f=1150 P qp=26 bytes=5948 avg=1660 kbps
[openvenc][rc] f=1151 P qp=25 bytes=6996 avg=1662 kbps
[openvenc][rc] f=1152 P qp=24 bytes=5520 avg=1662 kbps
[openvenc][rc] f=1153 P qp=23 bytes=8062 avg=1664 kbps
[openvenc][rc] f=1154 P qp=22 bytes=7334 avg=1666 kbps
[openvenc][rc] f=1155 P qp=21 bytes=6893 avg=1667 kbps
[openvenc][rc] f=1156 P qp=21 bytes=2010 avg=1667 kbps
[openvenc][rc] f=1157 P qp=21 bytes=1210 avg=1666 kbps
[openvenc][rc] f=1158 P qp=21 bytes=1046 avg=1665 kbps
[openvenc][rc] f=1159 P qp=21 bytes=996 avg=1664 kbps
[openvenc][rc] f=1160 P qp=21 bytes=998 avg=1663 kbps
[openvenc][rc] f=1161 P qp=21 bytes=950 avg=1662 kbps
[openvenc][rc] f=1162 P qp=21 bytes=951 avg=1661 kbps
[openvenc][rc] f=1163 P qp=21 bytes=920 avg=1659 kbps
[openvenc][rc] f=1164 P qp=21 bytes=920 avg=1658 kbps
[openvenc][rc] f=1165 P qp=21 bytes=938 avg=1657 kbps
[openvenc][rc] f=1166 P qp=21 bytes=913 avg=1656 kbps
[openvenc][rc] f=1167 P qp=21 bytes=907 avg=1655 kbps
[openvenc][rc] f=1168 P qp=21 bytes=939 avg=1654 kbps
[openvenc][rc] f=1169 P qp=21 bytes=909 avg=1653 kbps
[openvenc][rc] f=1170 IDR qp=30 bytes=36251 avg=1666 kbps
[openvenc][rc] f=1171 P qp=33 bytes=740 avg=1665 kbps
[openvenc][rc] f=1172 P qp=32 bytes=585 avg=1664 kbps
[openvenc][rc] f=1173 P qp=31 bytes=896 avg=1663 kbps
[openvenc][rc] f=1174 P qp=30 bytes=1030 avg=1662 kbps
[openvenc][rc] f=1175 P qp=29 bytes=1305 avg=1661 kbps
[openvenc][rc] f=1176 P qp=28 bytes=2791 avg=1661 kbps
[openvenc][rc] f=1177 P qp=27 bytes=5261 avg=1662 kbps
[openvenc][rc] f=1178 P qp=26 bytes=5769 avg=1662 kbps
[openvenc][rc] f=1179 P qp=25 bytes=7094 avg=1664 kbps
[openvenc][rc] f=1180 P qp=24 bytes=5657 avg=1665 kbps
[openvenc][rc] f=1181 P qp=23 bytes=7845 avg=1666 kbps
[openvenc][rc] f=1182 P qp=22 bytes=7240 avg=1668 kbps
[openvenc][rc] f=1183 P qp=21 bytes=6763 avg=1669 kbps
[openvenc][rc] f=1184 P qp=20 bytes=6862 avg=1671 kbps
[openvenc][rc] f=1185 P qp=19 bytes=8094 avg=1672 kbps
[openvenc][rc] f=1186 P qp=19 bytes=2242 avg=1672 kbps
[openvenc][rc] f=1187 P qp=19 bytes=1575 avg=1671 kbps
[openvenc][rc] f=1188 P qp=19 bytes=1230 avg=1670 kbps
[openvenc][rc] f=1189 P qp=19 bytes=1176 avg=1669 kbps
[openvenc][rc] f=1190 P qp=19 bytes=1146 avg=1668 kbps
[openvenc][rc] f=1191 P qp=19 bytes=1207 avg=1667 kbps
[openvenc][rc] f=1192 P qp=19 bytes=1114 avg=1666 kbps
[openvenc][rc] f=1193 P qp=19 bytes=1050 avg=1665 kbps
[openvenc][rc] f=1194 P qp=19 bytes=1066 avg=1664 kbps
[openvenc][rc] f=1195 P qp=19 bytes=1054 avg=1663 kbps
[openvenc][rc] f=1196 P qp=19 bytes=1047 avg=1662 kbps
[openvenc][rc] f=1197 P qp=19 bytes=1065 avg=1661 kbps
[openvenc][rc] f=1198 P qp=19 bytes=1047 avg=1661 kbps
[openvenc][rc] f=1199 P qp=19 bytes=1030 avg=1660 kbps
[openvenc][rc] f=1200 IDR qp=28 bytes=40221 avg=1674 kbps
[openvenc][rc] f=1201 P qp=31 bytes=822 avg=1673 kbps
[openvenc][rc] f=1202 P qp=30 bytes=709 avg=1672 kbps
[openvenc][rc] f=1203 P qp=29 bytes=994 avg=1671 kbps
[openvenc][rc] f=1204 P qp=28 bytes=1227 avg=1670 kbps
[openvenc][rc] f=1205 P qp=27 bytes=1534 avg=1669 kbps
[openvenc][rc] f=1206 P qp=26 bytes=2418 avg=1669 kbps
[openvenc][rc] f=1207 P qp=25 bytes=5550 avg=1669 kbps
[openvenc][rc] f=1208 P qp=24 bytes=4973 avg=1670 kbps
[openvenc][rc] f=1209 P qp=23 bytes=7582 avg=1672 kbps
[openvenc][rc] f=1210 P qp=22 bytes=6852 avg=1673 kbps
[openvenc][rc] f=1211 P qp=21 bytes=6475 avg=1674 kbps
[openvenc][rc] f=1212 P qp=20 bytes=6409 avg=1675 kbps
[openvenc][rc] f=1213 P qp=19 bytes=7842 avg=1677 kbps
[openvenc][rc] f=1214 P qp=18 bytes=6691 avg=1678 kbps
[openvenc][rc] f=1215 P qp=17 bytes=9063 avg=1680 kbps
[openvenc][rc] f=1216 P qp=17 bytes=2962 avg=1680 kbps
[openvenc][rc] f=1217 P qp=17 bytes=1546 avg=1679 kbps
[openvenc][rc] f=1218 P qp=17 bytes=1316 avg=1678 kbps
[openvenc][rc] f=1219 P qp=17 bytes=1229 avg=1677 kbps
[openvenc][rc] f=1220 P qp=17 bytes=1204 avg=1676 kbps
[openvenc][rc] f=1221 P qp=17 bytes=1163 avg=1676 kbps
[openvenc][rc] f=1222 P qp=17 bytes=1168 avg=1675 kbps
[openvenc][rc] f=1223 P qp=17 bytes=1136 avg=1674 kbps
[openvenc][rc] f=1224 P qp=17 bytes=1166 avg=1673 kbps
[openvenc][rc] f=1225 P qp=17 bytes=1162 avg=1672 kbps
[openvenc][rc] f=1226 P qp=17 bytes=1161 avg=1671 kbps
[openvenc][rc] f=1227 P qp=17 bytes=1159 avg=1670 kbps
[openvenc][rc] f=1228 P qp=17 bytes=1148 avg=1669 kbps
[openvenc][rc] f=1229 P qp=17 bytes=1152 avg=1668 kbps
[openvenc][rc] f=1230 IDR qp=26 bytes=44056 avg=1684 kbps
[openvenc][rc] f=1231 P qp=29 bytes=1044 avg=1683 kbps
[openvenc][rc] f=1232 P qp=28 bytes=992 avg=1682 kbps
[openvenc][rc] f=1233 P qp=27 bytes=1065 avg=1681 kbps
[openvenc][rc] f=1234 P qp=26 bytes=1276 avg=1680 kbps
[openvenc][rc] f=1235 P qp=25 bytes=1932 avg=1679 kbps
[openvenc][rc] f=1236 P qp=24 bytes=2880 avg=1679 kbps
[openvenc][rc] f=1237 P qp=23 bytes=6230 avg=1680 kbps
[openvenc][rc] f=1238 P qp=22 bytes=6755 avg=1681 kbps
[openvenc][rc] f=1239 P qp=21 bytes=6493 avg=1682 kbps
[openvenc][rc] f=1240 P qp=20 bytes=6532 avg=1684 kbps
[openvenc][rc] f=1241 P qp=19 bytes=8120 avg=1685 kbps
[openvenc][rc] f=1242 P qp=18 bytes=6605 avg=1686 kbps
[openvenc][rc] f=1243 P qp=17 bytes=9283 avg=1689 kbps
[openvenc][rc] f=1244 P qp=16 bytes=8052 avg=1690 kbps
[openvenc][rc] f=1245 P qp=16 bytes=3183 avg=1690 kbps
[openvenc][rc] f=1246 P qp=16 bytes=1582 avg=1689 kbps
[openvenc][rc] f=1247 P qp=16 bytes=1435 avg=1689 kbps
[openvenc][rc] f=1248 P qp=16 bytes=1402 avg=1688 kbps
[openvenc][rc] f=1249 P qp=16 bytes=1395 avg=1687 kbps
[openvenc][rc] f=1250 P qp=16 bytes=1347 avg=1686 kbps
[openvenc][rc] f=1251 P qp=16 bytes=1316 avg=1685 kbps
[openvenc][rc] f=1252 P qp=16 bytes=1301 avg=1684 kbps
[openvenc][rc] f=1253 P qp=16 bytes=1304 avg=1684 kbps
[openvenc][rc] f=1254 P qp=16 bytes=1299 avg=1683 kbps
[openvenc][rc] f=1255 P qp=16 bytes=1292 avg=1682 kbps
[openvenc][rc] f=1256 P qp=16 bytes=1287 avg=1681 kbps
[openvenc][rc] f=1257 P qp=16 bytes=1271 avg=1680 kbps
[openvenc][rc] f=1258 P qp=16 bytes=1277 avg=1679 kbps
[openvenc][rc] f=1259 P qp=16 bytes=1275 avg=1678 kbps
[openvenc][rc] f=1260 IDR qp=24 bytes=48786 avg=1695 kbps
[openvenc][rc] f=1261 P qp=27 bytes=1257 avg=1694 kbps
[openvenc][rc] f=1262 P qp=26 bytes=1090 avg=1694 kbps
[openvenc][rc] f=1263 P qp=25 bytes=1055 avg=1693 kbps
[openvenc][rc] f=1264 P qp=24 bytes=1192 avg=1692 kbps
[openvenc][rc] f=1265 P qp=23 bytes=1878 avg=1691 kbps
[openvenc][rc] f=1266 P qp=22 bytes=3882 avg=1691 kbps
[openvenc][rc] f=1267 P qp=21 bytes=5783 avg=1692 kbps
[openvenc][rc] f=1268 P qp=20 bytes=6364 avg=1693 kbps
[openvenc][rc] f=1269 P qp=19 bytes=7500 avg=1694 kbps
[openvenc][rc] f=1270 P qp=18 bytes=6129 avg=1695 kbps
[openvenc][rc] f=1271 P qp=17 bytes=8414 avg=1697 kbps
[openvenc][rc] f=1272 P qp=16 bytes=7645 avg=1699 kbps
[openvenc][rc] f=1273 P qp=16 bytes=2663 avg=1698 kbps
[openvenc][rc] f=1274 P qp=16 bytes=1336 avg=1698 kbps
[openvenc][rc] f=1275 P qp=16 bytes=1109 avg=1697 kbps
[openvenc][rc] f=1276 P qp=16 bytes=1063 avg=1696 kbps
[openvenc][rc] f=1277 P qp=16 bytes=1038 avg=1695 kbps
[openvenc][rc] f=1278 P qp=16 bytes=1046 avg=1694 kbps
[openvenc][rc] f=1279 P qp=16 bytes=1048 avg=1693 kbps
[openvenc][rc] f=1280 P qp=16 bytes=1041 avg=1692 kbps
[openvenc][rc] f=1281 P qp=16 bytes=1052 avg=1691 kbps
[openvenc][rc] f=1282 P qp=16 bytes=1046 avg=1690 kbps
[openvenc][rc] f=1283 P qp=16 bytes=1049 avg=1689 kbps
[openvenc][rc] f=1284 P qp=16 bytes=1032 avg=1688 kbps
[openvenc][rc] f=1285 P qp=16 bytes=1030 avg=1687 kbps
[openvenc][rc] f=1286 P qp=16 bytes=1045 avg=1686 kbps
[openvenc][rc] f=1287 P qp=16 bytes=1027 avg=1685 kbps
[openvenc][rc] f=1288 P qp=16 bytes=1031 avg=1684 kbps
[openvenc][rc] f=1289 P qp=16 bytes=1035 avg=1684 kbps
[openvenc][rc] f=1290 IDR qp=22 bytes=53668 avg=1702 kbps
[openvenc][rc] f=1291 P qp=25 bytes=1567 avg=1701 kbps
[openvenc][rc] f=1292 P qp=24 bytes=1377 avg=1700 kbps
[openvenc][rc] f=1293 P qp=23 bytes=1431 avg=1699 kbps
[openvenc][rc] f=1294 P qp=22 bytes=1445 avg=1699 kbps
[openvenc][rc] f=1295 P qp=21 bytes=1994 avg=1698 kbps
[openvenc][rc] f=1296 P qp=20 bytes=3068 avg=1698 kbps
[openvenc][rc] f=1297 P qp=19 bytes=6688 avg=1699 kbps
[openvenc][rc] f=1298 P qp=18 bytes=5998 avg=1700 kbps
[openvenc][rc] f=1299 P qp=17 bytes=8639 avg=1702 kbps
[openvenc][rc] f=1300 P qp=16 bytes=7838 avg=1703 kbps
[openvenc][rc] f=1301 P qp=16 bytes=2589 avg=1703 kbps
[openvenc][rc] f=1302 P qp=16 bytes=1465 avg=1702 kbps
[openvenc][rc] f=1303 P qp=16 bytes=1307 avg=1701 kbps
[openvenc][rc] f=1304 P qp=16 bytes=1270 avg=1700 kbps
[openvenc][rc] f=1305 P qp=16 bytes=1229 avg=1700 kbps
[openvenc][rc] f=1306 P qp=16 bytes=1226 avg=1699 kbps
[openvenc][rc] f=1307 P qp=16 bytes=1214 avg=1698 kbps
[openvenc][rc] f=1308 P qp=16 bytes=1223 avg=1697 kbps
[openvenc][rc] f=1309 P qp=16 bytes=1218 avg=1696 kbps
[openvenc][rc] f=1310 P qp=16 bytes=1224 avg=1695 kbps
[openvenc][rc] f=1311 P qp=16 bytes=1213 avg=1694 kbps
[openvenc][rc] f=1312 P qp=16 bytes=1201 avg=1694 kbps
[openvenc][rc] f=1313 P qp=16 bytes=1197 avg=1693 kbps
[openvenc][rc] f=1314 P qp=16 bytes=1195 avg=1692 kbps
[openvenc][rc] f=1315 P qp=16 bytes=1198 avg=1691 kbps
[openvenc][rc] f=1316 P qp=16 bytes=1199 avg=1690 kbps
[openvenc][rc] f=1317 P qp=16 bytes=1193 avg=1689 kbps
[openvenc][rc] f=1318 P qp=16 bytes=1200 avg=1688 kbps
[openvenc][rc] f=1319 P qp=16 bytes=1193 avg=1688 kbps
[openvenc][rc] f=1320 IDR qp=20 bytes=58136 avg=1707 kbps
[openvenc][rc] f=1321 P qp=23 bytes=1661 avg=1706 kbps
[openvenc][rc] f=1322 P qp=22 bytes=1421 avg=1706 kbps
[openvenc][rc] f=1323 P qp=21 bytes=1410 avg=1705 kbps
[openvenc][rc] f=1324 P qp=20 bytes=1478 avg=1704 kbps
[openvenc][rc] f=1325 P qp=19 bytes=2509 avg=1704 kbps
[openvenc][rc] f=1326 P qp=18 bytes=3832 avg=1704 kbps
[openvenc][rc] f=1327 P qp=17 bytes=7334 avg=1705 kbps
[openvenc][rc] f=1328 P qp=16 bytes=7093 avg=1706 kbps
[openvenc][rc] f=1329 P qp=16 bytes=2365 avg=1706 kbps
[openvenc][rc] f=1330 P qp=16 bytes=1359 avg=1705 kbps
[openvenc][rc] f=1331 P qp=16 bytes=1166 avg=1704 kbps
[openvenc][rc] f=1332 P qp=16 bytes=1114 avg=1703 kbps
[openvenc][rc] f=1333 P qp=16 bytes=1121 avg=1702 kbps
[openvenc][rc] f=1334 P qp=16 bytes=1105 avg=1702 kbps
[openvenc][rc] f=1335 P qp=16 bytes=1081 avg=1701 kbps
[openvenc][rc] f=1336 P qp=16 bytes=1069 avg=1700 kbps
[openvenc][rc] f=1337 P qp=16 bytes=1071 avg=1699 kbps
[openvenc][rc] f=1338 P qp=16 bytes=1051 avg=1698 kbps
[openvenc][rc] f=1339 P qp=16 bytes=1050 avg=1697 kbps
[openvenc][rc] f=1340 P qp=16 bytes=1044 avg=1696 kbps
[openvenc][rc] f=1341 P qp=16 bytes=1048 avg=1695 kbps
[openvenc][rc] f=1342 P qp=16 bytes=1045 avg=1694 kbps
[openvenc][rc] f=1343 P qp=16 bytes=1049 avg=1694 kbps
[openvenc][rc] f=1344 P qp=16 bytes=1043 avg=1693 kbps
[openvenc][rc] f=1345 P qp=16 bytes=1050 avg=1692 kbps
[openvenc][rc] f=1346 P qp=16 bytes=1044 avg=1691 kbps
[openvenc][rc] f=1347 P qp=16 bytes=1048 avg=1690 kbps
[openvenc][rc] f=1348 P qp=16 bytes=1045 avg=1689 kbps
[openvenc][rc] f=1349 P qp=16 bytes=1049 avg=1688 kbps
[openvenc][rc] f=1350 IDR qp=18 bytes=63521 avg=1709 kbps
[openvenc][rc] f=1351 P qp=21 bytes=1607 avg=1708 kbps
[openvenc][rc] f=1352 P qp=20 bytes=1237 avg=1708 kbps
[openvenc][rc] f=1353 P qp=19 bytes=1466 avg=1707 kbps
[openvenc][rc] f=1354 P qp=18 bytes=1706 avg=1706 kbps
[openvenc][rc] f=1355 P qp=17 bytes=2905 avg=1706 kbps
[openvenc][rc] f=1356 P qp=16 bytes=4690 avg=1706 kbps
[openvenc][rc] f=1357 P qp=16 bytes=1730 avg=1706 kbps
[openvenc][rc] f=1358 P qp=16 bytes=1070 avg=1705 kbps
[openvenc][rc] f=1359 P qp=16 bytes=936 avg=1704 kbps
[openvenc][rc] f=1360 P qp=16 bytes=912 avg=1703 kbps
[openvenc][rc] f=1361 P qp=16 bytes=911 avg=1702 kbps
[openvenc][rc] f=1362 P qp=16 bytes=910 avg=1701 kbps
[openvenc][rc] f=1363 P qp=16 bytes=918 avg=1700 kbps
[openvenc][rc] f=1364 P qp=16 bytes=908 avg=1699 kbps
[openvenc][rc] f=1365 P qp=16 bytes=923 avg=1698 kbps
[openvenc][rc] f=1366 P qp=16 bytes=913 avg=1697 kbps
[openvenc][rc] f=1367 P qp=16 bytes=921 avg=1696 kbps
[openvenc][rc] f=1368 P qp=16 bytes=908 avg=1695 kbps
[openvenc][rc] f=1369 P qp=16 bytes=894 avg=1695 kbps
[openvenc][rc] f=1370 P qp=16 bytes=904 avg=1694 kbps
[openvenc][rc] f=1371 P qp=16 bytes=905 avg=1693 kbps
[openvenc][rc] f=1372 P qp=16 bytes=912 avg=1692 kbps
[openvenc][rc] f=1373 P qp=16 bytes=903 avg=1691 kbps
[openvenc][rc] f=1374 P qp=16 bytes=897 avg=1690 kbps
[openvenc][rc] f=1375 P qp=16 bytes=897 avg=1689 kbps
[openvenc][rc] f=1376 P qp=16 bytes=895 avg=1688 kbps
[openvenc][rc] f=1377 P qp=16 bytes=895 avg=1687 kbps
[openvenc][rc] f=1378 P qp=16 bytes=889 avg=1686 kbps
[openvenc][rc] f=1379 P qp=16 bytes=892 avg=1685 kbps
[openvenc][rc] f=1380 IDR qp=16 bytes=69464 avg=1708 kbps
[openvenc][rc] f=1381 P qp=19 bytes=1918 avg=1707 kbps
[openvenc][rc] f=1382 P qp=18 bytes=1329 avg=1706 kbps
[openvenc][rc] f=1383 P qp=17 bytes=1793 avg=1706 kbps
[openvenc][rc] f=1384 P qp=16 bytes=1934 avg=1705 kbps
[openvenc][rc] f=1385 P qp=16 bytes=928 avg=1704 kbps
[openvenc][rc] f=1386 P qp=16 bytes=816 avg=1703 kbps
[openvenc][rc] f=1387 P qp=16 bytes=751 avg=1702 kbps
[openvenc][rc] f=1388 P qp=16 bytes=738 avg=1701 kbps
[openvenc][rc] f=1389 P qp=16 bytes=724 avg=1701 kbps
[openvenc][rc] f=1390 P qp=16 bytes=731 avg=1700 kbps
[openvenc][rc] f=1391 P qp=16 bytes=712 avg=1699 kbps
[openvenc][rc] f=1392 P qp=16 bytes=705 avg=1698 kbps
[openvenc][rc] f=1393 P qp=16 bytes=713 avg=1697 kbps
[openvenc][rc] f=1394 P qp=16 bytes=717 avg=1696 kbps
[openvenc][rc] f=1395 P qp=16 bytes=713 avg=1695 kbps
[openvenc][rc] f=1396 P qp=16 bytes=717 avg=1694 kbps
[openvenc][rc] f=1397 P qp=16 bytes=714 avg=1693 kbps
[openvenc][rc] f=1398 P qp=16 bytes=716 avg=1692 kbps
[openvenc][rc] f=1399 P qp=16 bytes=702 avg=1691 kbps
[openvenc][rc] f=1400 P qp=16 bytes=717 avg=1690 kbps
[openvenc][rc] f=1401 P qp=16 bytes=713 avg=1689 kbps
[openvenc][rc] f=1402 P qp=16 bytes=717 avg=1688 kbps
[openvenc][rc] f=1403 P qp=16 bytes=714 avg=1687 kbps
[openvenc][rc] f=1404 P qp=16 bytes=716 avg=1686 kbps
[openvenc][rc] f=1405 P qp=16 bytes=712 avg=1685 kbps
[openvenc][rc] f=1406 P qp=16 bytes=705 avg=1684 kbps
[openvenc][rc] f=1407 P qp=16 bytes=702 avg=1683 kbps
[openvenc][rc] f=1408 P qp=16 bytes=705 avg=1682 kbps
[openvenc][rc] f=1409 P qp=16 bytes=702 avg=1681 kbps
[openvenc][rc] f=1410 IDR qp=16 bytes=69464 avg=1703 kbps
[openvenc][rc] f=1411 P qp=19 bytes=1918 avg=1703 kbps
[openvenc][rc] f=1412 P qp=18 bytes=1329 avg=1702 kbps
[openvenc][rc] f=1413 P qp=17 bytes=1793 avg=1701 kbps
[openvenc][rc] f=1414 P qp=16 bytes=1934 avg=1701 kbps
[openvenc][rc] f=1415 P qp=16 bytes=928 avg=1700 kbps
[openvenc][rc] f=1416 P qp=16 bytes=816 avg=1699 kbps
[openvenc][rc] f=1417 P qp=16 bytes=751 avg=1698 kbps
[openvenc][rc] f=1418 P qp=16 bytes=738 avg=1697 kbps
[openvenc][rc] f=1419 P qp=16 bytes=724 avg=1696 kbps
[openvenc][rc] f=1420 P qp=16 bytes=731 avg=1695 kbps
[openvenc][rc] f=1421 P qp=16 bytes=712 avg=1694 kbps
[openvenc][rc] f=1422 P qp=16 bytes=705 avg=1693 kbps
[openvenc][rc] f=1423 P qp=16 bytes=713 avg=1692 kbps
[openvenc][rc] f=1424 P qp=16 bytes=717 avg=1691 kbps
[openvenc][rc] f=1425 P qp=16 bytes=713 avg=1690 kbps
[openvenc][rc] f=1426 P qp=16 bytes=717 avg=1689 kbps
[openvenc][rc] f=1427 P qp=16 bytes=714 avg=1688 kbps
[openvenc][rc] f=1428 P qp=16 bytes=716 avg=1687 kbps
[openvenc][rc] f=1429 P qp=16 bytes=702 avg=1687 kbps
[openvenc][rc] f=1430 P qp=16 bytes=717 avg=1686 kbps
[openvenc][rc] f=1431 P qp=16 bytes=713 avg=1685 kbps
[openvenc][rc] f=1432 P qp=16 bytes=717 avg=1684 kbps
[openvenc][rc] f=1433 P qp=16 bytes=714 avg=1683 kbps
[openvenc][rc] f=1434 P qp=16 bytes=716 avg=1682 kbps
[openvenc][rc] f=1435 P qp=16 bytes=712 avg=1681 kbps
[openvenc][rc] f=1436 P qp=16 bytes=705 avg=1680 kbps
[openvenc][rc] f=1437 P qp=16 bytes=702 avg=1679 kbps
[openvenc][rc] f=1438 P qp=16 bytes=705 avg=1678 kbps
[openvenc][rc] f=1439 P qp=16 bytes=702 avg=1677 kbps
[openvenc][rc] f=1440 IDR qp=16 bytes=69464 avg=1699 kbps
[openvenc][rc] f=1441 P qp=19 bytes=1918 avg=1698 kbps
[openvenc][rc] f=1442 P qp=18 bytes=1329 avg=1697 kbps
[openvenc][rc] f=1443 P qp=17 bytes=1793 avg=1697 kbps
[openvenc][rc] f=1444 P qp=16 bytes=1934 avg=1696 kbps
[openvenc][rc] f=1445 P qp=16 bytes=928 avg=1695 kbps
[openvenc][rc] f=1446 P qp=16 bytes=816 avg=1695 kbps
[openvenc][rc] f=1447 P qp=16 bytes=751 avg=1694 kbps
[openvenc][rc] f=1448 P qp=16 bytes=738 avg=1693 kbps
[openvenc][rc] f=1449 P qp=16 bytes=724 avg=1692 kbps
[openvenc][rc] f=1450 P qp=16 bytes=731 avg=1691 kbps
[openvenc][rc] f=1451 P qp=16 bytes=712 avg=1690 kbps
[openvenc][rc] f=1452 P qp=16 bytes=705 avg=1689 kbps
[openvenc][rc] f=1453 P qp=16 bytes=713 avg=1688 kbps
[openvenc][rc] f=1454 P qp=16 bytes=717 avg=1687 kbps
[openvenc][rc] f=1455 P qp=16 bytes=713 avg=1686 kbps
[openvenc][rc] f=1456 P qp=16 bytes=717 avg=1685 kbps
[openvenc][rc] f=1457 P qp=16 bytes=714 avg=1684 kbps
[openvenc][rc] f=1458 P qp=16 bytes=716 avg=1683 kbps
[openvenc][rc] f=1459 P qp=16 bytes=702 avg=1682 kbps
[openvenc][rc] f=1460 P qp=16 bytes=717 avg=1682 kbps
[openvenc][rc] f=1461 P qp=16 bytes=713 avg=1681 kbps
[openvenc][rc] f=1462 P qp=16 bytes=717 avg=1680 kbps
[openvenc][rc] f=1463 P qp=16 bytes=714 avg=1679 kbps
[openvenc][rc] f=1464 P qp=16 bytes=716 avg=1678 kbps
[openvenc][rc] f=1465 P qp=16 bytes=712 avg=1677 kbps
[openvenc][rc] f=1466 P qp=16 bytes=705 avg=1676 kbps
[openvenc][rc] f=1467 P qp=16 bytes=702 avg=1675 kbps
[openvenc][rc] f=1468 P qp=16 bytes=705 avg=1674 kbps
[openvenc][rc] f=1469 P qp=16 bytes=702 avg=1673 kbps
[openvenc][rc] f=1470 IDR qp=16 bytes=69464 avg=1694 kbps
[openvenc][rc] f=1471 P qp=19 bytes=1918 avg=1694 kbps
[openvenc][rc] f=1472 P qp=18 bytes=1329 avg=1693 kbps
[openvenc][rc] f=1473 P qp=17 bytes=1793 avg=1693 kbps
[openvenc][rc] f=1474 P qp=16 bytes=1934 avg=1692 kbps
[openvenc][rc] f=1475 P qp=16 bytes=928 avg=1691 kbps
[openvenc][rc] f=1476 P qp=16 bytes=816 avg=1690 kbps
[openvenc][rc] f=1477 P qp=16 bytes=751 avg=1689 kbps
[openvenc][rc] f=1478 P qp=16 bytes=738 avg=1689 kbps
[openvenc][rc] f=1479 P qp=16 bytes=724 avg=1688 kbps
[openvenc][rc] f=1480 P qp=16 bytes=731 avg=1687 kbps
[openvenc][rc] f=1481 P qp=16 bytes=712 avg=1686 kbps
[openvenc][rc] f=1482 P qp=16 bytes=705 avg=1685 kbps
[openvenc][rc] f=1483 P qp=16 bytes=713 avg=1684 kbps
[openvenc][rc] f=1484 P qp=16 bytes=717 avg=1683 kbps
[openvenc][rc] f=1485 P qp=16 bytes=713 avg=1682 kbps
[openvenc][rc] f=1486 P qp=16 bytes=717 avg=1681 kbps
[openvenc][rc] f=1487 P qp=16 bytes=714 avg=1680 kbps
[openvenc][rc] f=1488 P qp=16 bytes=716 avg=1679 kbps
[openvenc][rc] f=1489 P qp=16 bytes=702 avg=1679 kbps
[openvenc][rc] f=1490 P qp=16 bytes=717 avg=1678 kbps
[openvenc][rc] f=1491 P qp=16 bytes=713 avg=1677 kbps
[openvenc][rc] f=1492 P qp=16 bytes=717 avg=1676 kbps
[openvenc][rc] f=1493 P qp=16 bytes=714 avg=1675 kbps
[openvenc][rc] f=1494 P qp=16 bytes=716 avg=1674 kbps
[openvenc][rc] f=1495 P qp=16 bytes=712 avg=1673 kbps
[openvenc][rc] f=1496 P qp=16 bytes=705 avg=1672 kbps
[openvenc][rc] f=1497 P qp=16 bytes=702 avg=1671 kbps
[openvenc][rc] f=1498 P qp=16 bytes=705 avg=1671 kbps
[openvenc][rc] f=1499 P qp=16 bytes=702 avg=1670 kbps
[openvenc][rc] f=1500 IDR qp=16 bytes=69464 avg=1690 kbps
[openvenc][rc] f=1501 P qp=19 bytes=1918 avg=1690 kbps
[openvenc][rc] f=1502 P qp=18 bytes=1329 avg=1689 kbps
[openvenc][rc] f=1503 P qp=17 bytes=1793 avg=1689 kbps
[openvenc][rc] f=1504 P qp=16 bytes=1934 avg=1688 kbps
[openvenc][rc] f=1505 P qp=16 bytes=928 avg=1687 kbps
[openvenc][rc] f=1506 P qp=16 bytes=816 avg=1686 kbps
[openvenc][rc] f=1507 P qp=16 bytes=751 avg=1685 kbps
[openvenc][rc] f=1508 P qp=16 bytes=738 avg=1685 kbps
[openvenc][rc] f=1509 P qp=16 bytes=724 avg=1684 kbps
[openvenc][rc] f=1510 P qp=16 bytes=731 avg=1683 kbps
[openvenc][rc] f=1511 P qp=16 bytes=712 avg=1682 kbps
[openvenc][rc] f=1512 P qp=16 bytes=705 avg=1681 kbps
[openvenc][rc] f=1513 P qp=16 bytes=713 avg=1680 kbps
[openvenc][rc] f=1514 P qp=16 bytes=717 avg=1679 kbps
[openvenc][rc] f=1515 P qp=16 bytes=713 avg=1678 kbps
[openvenc][rc] f=1516 P qp=16 bytes=717 avg=1677 kbps
[openvenc][rc] f=1517 P qp=16 bytes=714 avg=1677 kbps
[openvenc][rc] f=1518 P qp=16 bytes=716 avg=1676 kbps
[openvenc][rc] f=1519 P qp=16 bytes=702 avg=1675 kbps
[openvenc][rc] f=1520 P qp=16 bytes=717 avg=1674 kbps
[openvenc][rc] f=1521 P qp=16 bytes=713 avg=1673 kbps
[openvenc][rc] f=1522 P qp=16 bytes=717 avg=1672 kbps
[openvenc][rc] f=1523 P qp=16 bytes=714 avg=1671 kbps
[openvenc][rc] f=1524 P qp=16 bytes=716 avg=1670 kbps
[openvenc][rc] f=1525 P qp=16 bytes=712 avg=1670 kbps
[openvenc][rc] f=1526 P qp=16 bytes=705 avg=1669 kbps
[openvenc][rc] f=1527 P qp=16 bytes=702 avg=1668 kbps
[openvenc][rc] f=1528 P qp=16 bytes=705 avg=1667 kbps
[openvenc][rc] f=1529 P qp=16 bytes=702 avg=1666 kbps
[openvenc][rc] f=1530 IDR qp=16 bytes=69464 avg=1686 kbps
[openvenc][rc] f=1531 P qp=19 bytes=1918 avg=1686 kbps
[openvenc][rc] f=1532 P qp=18 bytes=1329 avg=1685 kbps
[openvenc][rc] f=1533 P qp=17 bytes=1793 avg=1685 kbps
[openvenc][rc] f=1534 P qp=16 bytes=1934 avg=1684 kbps
[openvenc][rc] f=1535 P qp=16 bytes=928 avg=1683 kbps
[openvenc][rc] f=1536 P qp=16 bytes=816 avg=1683 kbps
[openvenc][rc] f=1537 P qp=16 bytes=751 avg=1682 kbps
[openvenc][rc] f=1538 P qp=16 bytes=738 avg=1681 kbps
[openvenc][rc] f=1539 P qp=16 bytes=724 avg=1680 kbps
[openvenc][rc] f=1540 P qp=16 bytes=731 avg=1679 kbps
[openvenc][rc] f=1541 P qp=16 bytes=712 avg=1678 kbps
[openvenc][rc] f=1542 P qp=16 bytes=705 avg=1677 kbps
[openvenc][rc] f=1543 P qp=16 bytes=713 avg=1676 kbps
[openvenc][rc] f=1544 P qp=16 bytes=717 avg=1676 kbps
[openvenc][rc] f=1545 P qp=16 bytes=713 avg=1675 kbps
[openvenc][rc] f=1546 P qp=16 bytes=717 avg=1674 kbps
[openvenc][rc] f=1547 P qp=16 bytes=714 avg=1673 kbps
[openvenc][rc] f=1548 P qp=16 bytes=716 avg=1672 kbps
[openvenc][rc] f=1549 P qp=16 bytes=702 avg=1671 kbps
[openvenc][rc] f=1550 P qp=16 bytes=717 avg=1670 kbps
[openvenc][rc] f=1551 P qp=16 bytes=713 avg=1670 kbps
[openvenc][rc] f=1552 P qp=16 bytes=717 avg=1669 kbps
[openvenc][rc] f=1553 P qp=16 bytes=714 avg=1668 kbps
[openvenc][rc] f=1554 P qp=16 bytes=716 avg=1667 kbps
[openvenc][rc] f=1555 P qp=16 bytes=712 avg=1666 kbps
[openvenc][rc] f=1556 P qp=16 bytes=705 avg=1665 kbps
[openvenc][rc] f=1557 P qp=16 bytes=702 avg=1664 kbps
[openvenc][rc] f=1558 P qp=16 bytes=705 avg=1664 kbps
[openvenc][rc] f=1559 P qp=16 bytes=702 avg=1663 kbps
[openvenc][rc] f=1560 IDR qp=16 bytes=69464 avg=1683 kbps
[openvenc][rc] f=1561 P qp=19 bytes=1918 avg=1682 kbps
[openvenc][rc] f=1562 P qp=18 bytes=1329 avg=1681 kbps
[openvenc][rc] f=1563 P qp=17 bytes=1793 avg=1681 kbps
[openvenc][rc] f=1564 P qp=16 bytes=1934 avg=1680 kbps
[openvenc][rc] f=1565 P qp=16 bytes=928 avg=1680 kbps
[openvenc][rc] f=1566 P qp=16 bytes=816 avg=1679 kbps
[openvenc][rc] f=1567 P qp=16 bytes=751 avg=1678 kbps
[openvenc][rc] f=1568 P qp=16 bytes=738 avg=1677 kbps
[openvenc][rc] f=1569 P qp=16 bytes=724 avg=1676 kbps
[openvenc][rc] f=1570 P qp=16 bytes=731 avg=1675 kbps
[openvenc][rc] f=1571 P qp=16 bytes=712 avg=1675 kbps
[openvenc][rc] f=1572 P qp=16 bytes=705 avg=1674 kbps
[openvenc][rc] f=1573 P qp=16 bytes=713 avg=1673 kbps
[openvenc][rc] f=1574 P qp=16 bytes=717 avg=1672 kbps
[openvenc][rc] f=1575 P qp=16 bytes=713 avg=1671 kbps
[openvenc][rc] f=1576 P qp=16 bytes=717 avg=1670 kbps
[openvenc][rc] f=1577 P qp=16 bytes=714 avg=1669 kbps
[openvenc][rc] f=1578 P qp=16 bytes=716 avg=1669 kbps
[openvenc][rc] f=1579 P qp=16 bytes=702 avg=1668 kbps
[openvenc][rc] f=1580 P qp=16 bytes=717 avg=1667 kbps
[openvenc][rc] f=1581 P qp=16 bytes=713 avg=1666 kbps
[openvenc][rc] f=1582 P qp=16 bytes=717 avg=1665 kbps
[openvenc][rc] f=1583 P qp=16 bytes=714 avg=1664 kbps
[openvenc][rc] f=1584 P qp=16 bytes=716 avg=1664 kbps
[openvenc][rc] f=1585 P qp=16 bytes=712 avg=1663 kbps
[openvenc][rc] f=1586 P qp=16 bytes=705 avg=1662 kbps
[openvenc][rc] f=1587 P qp=16 bytes=702 avg=1661 kbps
[openvenc][rc] f=1588 P qp=16 bytes=705 avg=1660 kbps
[openvenc][rc] f=1589 P qp=16 bytes=702 avg=1659 kbps
[openvenc][rc] f=1590 IDR qp=16 bytes=69464 avg=1679 kbps
[openvenc][rc] f=1591 P qp=19 bytes=1918 avg=1678 kbps
[openvenc][rc] f=1592 P qp=18 bytes=1329 avg=1678 kbps
[openvenc][rc] f=1593 P qp=17 bytes=1793 avg=1677 kbps
[openvenc][rc] f=1594 P qp=16 bytes=1934 avg=1677 kbps
[openvenc][rc] f=1595 P qp=16 bytes=928 avg=1676 kbps
[openvenc][rc] f=1596 P qp=16 bytes=816 avg=1675 kbps
[openvenc][rc] f=1597 P qp=16 bytes=751 avg=1674 kbps
[openvenc][rc] f=1598 P qp=16 bytes=738 avg=1674 kbps
[openvenc][rc] f=1599 P qp=16 bytes=724 avg=1673 kbps
[openvenc][rc] f=1600 P qp=16 bytes=731 avg=1672 kbps
[openvenc][rc] f=1601 P qp=16 bytes=712 avg=1671 kbps
[openvenc][rc] f=1602 P qp=16 bytes=705 avg=1670 kbps
[openvenc][rc] f=1603 P qp=16 bytes=713 avg=1669 kbps
[openvenc][rc] f=1604 P qp=16 bytes=717 avg=1669 kbps
[openvenc][rc] f=1605 P qp=16 bytes=713 avg=1668 kbps
[openvenc][rc] f=1606 P qp=16 bytes=717 avg=1667 kbps
[openvenc][rc] f=1607 P qp=16 bytes=714 avg=1666 kbps
[openvenc][rc] f=1608 P qp=16 bytes=716 avg=1665 kbps
[openvenc][rc] f=1609 P qp=16 bytes=702 avg=1664 kbps
[openvenc][rc] f=1610 P qp=16 bytes=717 avg=1664 kbps
[openvenc][rc] f=1611 P qp=16 bytes=713 avg=1663 kbps
[openvenc][rc] f=1612 P qp=16 bytes=717 avg=1662 kbps
[openvenc][rc] f=1613 P qp=16 bytes=714 avg=1661 kbps
[openvenc][rc] f=1614 P qp=16 bytes=716 avg=1660 kbps
[openvenc][rc] f=1615 P qp=16 bytes=712 avg=1660 kbps
[openvenc][rc] f=1616 P qp=16 bytes=705 avg=1659 kbps
[openvenc][rc] f=1617 P qp=16 bytes=702 avg=1658 kbps
[openvenc][rc] f=1618 P qp=16 bytes=705 avg=1657 kbps
[openvenc][rc] f=1619 P qp=16 bytes=702 avg=1656 kbps
[openvenc][rc] f=1620 IDR qp=16 bytes=69464 avg=1675 kbps
[openvenc][rc] f=1621 P qp=19 bytes=1918 avg=1675 kbps
[openvenc][rc] f=1622 P qp=18 bytes=1329 avg=1674 kbps
[openvenc][rc] f=1623 P qp=17 bytes=1793 avg=1674 kbps
[openvenc][rc] f=1624 P qp=16 bytes=1934 avg=1673 kbps
[openvenc][rc] f=1625 P qp=16 bytes=928 avg=1673 kbps
[openvenc][rc] f=1626 P qp=16 bytes=816 avg=1672 kbps
[openvenc][rc] f=1627 P qp=16 bytes=751 avg=1671 kbps
[openvenc][rc] f=1628 P qp=16 bytes=738 avg=1670 kbps
[openvenc][rc] f=1629 P qp=16 bytes=724 avg=1669 kbps
[openvenc][rc] f=1630 P qp=16 bytes=731 avg=1669 kbps
[openvenc][rc] f=1631 P qp=16 bytes=712 avg=1668 kbps
[openvenc][rc] f=1632 P qp=16 bytes=705 avg=1667 kbps
[openvenc][rc] f=1633 P qp=16 bytes=713 avg=1666 kbps
[openvenc][rc] f=1634 P qp=16 bytes=717 avg=1665 kbps
[openvenc][rc] f=1635 P qp=16 bytes=713 avg=1664 kbps
[openvenc][rc] f=1636 P qp=16 bytes=717 avg=1664 kbps
[openvenc][rc] f=1637 P qp=16 bytes=714 avg=1663 kbps
[openvenc][rc] f=1638 P qp=16 bytes=716 avg=1662 kbps
[openvenc][rc] f=1639 P qp=16 bytes=702 avg=1661 kbps
[openvenc][rc] f=1640 P qp=16 bytes=717 avg=1660 kbps
[openvenc][rc] f=1641 P qp=16 bytes=713 avg=1660 kbps
[openvenc][rc] f=1642 P qp=16 bytes=717 avg=1659 kbps
[openvenc][rc] f=1643 P qp=16 bytes=714 avg=1658 kbps
[openvenc][rc] f=1644 P qp=16 bytes=716 avg=1657 kbps
[openvenc][rc] f=1645 P qp=16 bytes=712 avg=1656 kbps
[openvenc][rc] f=1646 P qp=16 bytes=705 avg=1656 kbps
[openvenc][rc] f=1647 P qp=16 bytes=702 avg=1655 kbps
[openvenc][rc] f=1648 P qp=16 bytes=705 avg=1654 kbps
[openvenc][rc] f=1649 P qp=16 bytes=702 avg=1653 kbps
[openvenc][rc] f=1650 IDR qp=16 bytes=69464 avg=1672 kbps
[openvenc][rc] f=1651 P qp=19 bytes=1918 avg=1672 kbps
[openvenc][rc] f=1652 P qp=18 bytes=1329 avg=1671 kbps
[openvenc][rc] f=1653 P qp=17 bytes=1793 avg=1670 kbps
[openvenc][rc] f=1654 P qp=16 bytes=1934 avg=1670 kbps
[openvenc][rc] f=1655 P qp=16 bytes=928 avg=1669 kbps
[openvenc][rc] f=1656 P qp=16 bytes=816 avg=1668 kbps
[openvenc][rc] f=1657 P qp=16 bytes=751 avg=1668 kbps
[openvenc][rc] f=1658 P qp=16 bytes=738 avg=1667 kbps
[openvenc][rc] f=1659 P qp=16 bytes=724 avg=1666 kbps
[openvenc][rc] f=1660 P qp=16 bytes=731 avg=1665 kbps
[openvenc][rc] f=1661 P qp=16 bytes=712 avg=1665 kbps
[openvenc][rc] f=1662 P qp=16 bytes=705 avg=1664 kbps
[openvenc][rc] f=1663 P qp=16 bytes=713 avg=1663 kbps
[openvenc][rc] f=1664 P qp=16 bytes=717 avg=1662 kbps
[openvenc][rc] f=1665 P qp=16 bytes=713 avg=1661 kbps
[openvenc][rc] f=1666 P qp=16 bytes=717 avg=1661 kbps
[openvenc][rc] f=1667 P qp=16 bytes=714 avg=1660 kbps
[openvenc][rc] f=1668 P qp=16 bytes=716 avg=1659 kbps
[openvenc][rc] f=1669 P qp=16 bytes=702 avg=1658 kbps
[openvenc][rc] f=1670 P qp=16 bytes=717 avg=1657 kbps
[openvenc][rc] f=1671 P qp=16 bytes=713 avg=1657 kbps
[openvenc][rc] f=1672 P qp=16 bytes=717 avg=1656 kbps
[openvenc][rc] f=1673 P qp=16 bytes=714 avg=1655 kbps
[openvenc][rc] f=1674 P qp=16 bytes=716 avg=1654 kbps
[openvenc][rc] f=1675 P qp=16 bytes=712 avg=1653 kbps
[openvenc][rc] f=1676 P qp=16 bytes=705 avg=1653 kbps
[openvenc][rc] f=1677 P qp=16 bytes=702 avg=1652 kbps
[openvenc][rc] f=1678 P qp=16 bytes=705 avg=1651 kbps
[openvenc][rc] f=1679 P qp=16 bytes=702 avg=1650 kbps
[openvenc][rc] f=1680 IDR qp=16 bytes=69464 avg=1669 kbps
[openvenc][rc] f=1681 P qp=19 bytes=1918 avg=1668 kbps
[openvenc][rc] f=1682 P qp=18 bytes=1329 avg=1668 kbps
[openvenc][rc] f=1683 P qp=17 bytes=1793 avg=1667 kbps
[openvenc][rc] f=1684 P qp=16 bytes=1934 avg=1667 kbps
[openvenc][rc] f=1685 P qp=16 bytes=928 avg=1666 kbps
[openvenc][rc] f=1686 P qp=16 bytes=816 avg=1665 kbps
[openvenc][rc] f=1687 P qp=16 bytes=751 avg=1665 kbps
[openvenc][rc] f=1688 P qp=16 bytes=738 avg=1664 kbps
[openvenc][rc] retarget 8000 kbps @ 59 fps
[openvenc][rc] f=1689 P qp=16 bytes=724 avg=1663 kbps
[openvenc][rc] f=1690 P qp=16 bytes=731 avg=1662 kbps
[openvenc][rc] f=1691 P qp=16 bytes=712 avg=1661 kbps
[openvenc][rc] f=1692 P qp=16 bytes=705 avg=1661 kbps
[openvenc][rc] f=1693 P qp=16 bytes=713 avg=1660 kbps
[openvenc][rc] f=1694 P qp=16 bytes=717 avg=1659 kbps
[openvenc][rc] f=1695 P qp=16 bytes=713 avg=1658 kbps
[openvenc][rc] f=1696 P qp=16 bytes=717 avg=1657 kbps
[openvenc][rc] f=1697 P qp=16 bytes=714 avg=1657 kbps
[openvenc][rc] f=1698 P qp=16 bytes=716 avg=1656 kbps
[openvenc][rc] f=1699 P qp=16 bytes=702 avg=1655 kbps
[openvenc][rc] f=1700 P qp=16 bytes=717 avg=1654 kbps
[openvenc][rc] f=1701 P qp=16 bytes=713 avg=1654 kbps
[openvenc][rc] f=1702 P qp=16 bytes=717 avg=1653 kbps
[openvenc][rc] f=1703 P qp=16 bytes=714 avg=1652 kbps
[openvenc][rc] f=1704 P qp=16 bytes=716 avg=1651 kbps
[openvenc][rc] f=1705 P qp=16 bytes=712 avg=1651 kbps
[openvenc][rc] f=1706 P qp=16 bytes=705 avg=1650 kbps
[openvenc][rc] f=1707 P qp=16 bytes=702 avg=1649 kbps
[openvenc][rc] f=1708 P qp=16 bytes=705 avg=1648 kbps
[openvenc][rc] f=1709 P qp=16 bytes=702 avg=1647 kbps
[openvenc][rc] f=1710 IDR qp=32 bytes=32434 avg=1655 kbps
[openvenc][rc] f=1711 P qp=35 bytes=586 avg=1655 kbps
[openvenc][rc] f=1712 P qp=34 bytes=667 avg=1654 kbps
[openvenc][rc] f=1713 P qp=33 bytes=876 avg=1653 kbps
[openvenc][rc] f=1714 P qp=32 bytes=1046 avg=1652 kbps
[openvenc][rc] f=1715 P qp=31 bytes=1369 avg=1652 kbps
[openvenc][rc] f=1716 P qp=30 bytes=2437 avg=1652 kbps
[openvenc][rc] f=1717 P qp=29 bytes=4934 avg=1652 kbps
[openvenc][rc] f=1718 P qp=28 bytes=6220 avg=1653 kbps
[openvenc][rc] f=1719 P qp=27 bytes=5535 avg=1653 kbps
[openvenc][rc] f=1720 P qp=26 bytes=5948 avg=1654 kbps
[openvenc][rc] f=1721 P qp=25 bytes=6996 avg=1655 kbps
[openvenc][rc] f=1722 P qp=24 bytes=5520 avg=1655 kbps
[openvenc][rc] f=1723 P qp=23 bytes=8062 avg=1657 kbps
[openvenc][rc] f=1724 P qp=22 bytes=7334 avg=1658 kbps
[openvenc][rc] f=1725 P qp=21 bytes=6893 avg=1659 kbps
[openvenc][rc] f=1726 P qp=21 bytes=2010 avg=1658 kbps
[openvenc][rc] f=1727 P qp=21 bytes=1210 avg=1658 kbps
[openvenc][rc] f=1728 P qp=21 bytes=1046 avg=1657 kbps
[openvenc][rc] f=1729 P qp=21 bytes=996 avg=1656 kbps
[openvenc][rc] f=1730 P qp=21 bytes=998 avg=1656 kbps
[openvenc][rc] f=1731 P qp=21 bytes=950 avg=1655 kbps
[openvenc][rc] f=1732 P qp=21 bytes=951 avg=1654 kbps
[openvenc][rc] f=1733 P qp=21 bytes=920 avg=1653 kbps
[openvenc][rc] f=1734 P qp=21 bytes=920 avg=1653 kbps
[openvenc][rc] f=1735 P qp=21 bytes=938 avg=1652 kbps
[openvenc][rc] f=1736 P qp=21 bytes=913 avg=1651 kbps
[openvenc][rc] f=1737 P qp=21 bytes=907 avg=1651 kbps
[openvenc][rc] f=1738 P qp=21 bytes=939 avg=1650 kbps
[openvenc][rc] f=1739 P qp=21 bytes=909 avg=1649 kbps
[openvenc][rc] f=1740 IDR qp=30 bytes=36251 avg=1658 kbps
[openvenc][rc] f=1741 P qp=33 bytes=740 avg=1657 kbps
[openvenc][rc] f=1742 P qp=32 bytes=585 avg=1657 kbps
[openvenc][rc] f=1743 P qp=31 bytes=896 avg=1656 kbps
[openvenc][rc] f=1744 P qp=30 bytes=1030 avg=1655 kbps
[openvenc][rc] f=1745 P qp=29 bytes=1305 avg=1655 kbps
[openvenc][rc] f=1746 P qp=28 bytes=2791 avg=1654 kbps
[openvenc][rc] f=1747 P qp=27 bytes=5261 avg=1655 kbps
[openvenc][rc] f=1748 P qp=26 bytes=5769 avg=1656 kbps
[openvenc][rc] f=1749 P qp=25 bytes=7094 avg=1656 kbps
[openvenc][rc] f=1750 P qp=24 bytes=5657 avg=1657 kbps
[openvenc][rc] f=1751 P qp=23 bytes=7845 avg=1658 kbps
[openvenc][rc] f=1752 P qp=22 bytes=7240 avg=1659 kbps
[openvenc][rc] f=1753 P qp=21 bytes=6763 avg=1660 kbps
[openvenc][rc] f=1754 P qp=20 bytes=6862 avg=1661 kbps
[openvenc][rc] f=1755 P qp=19 bytes=8094 avg=1662 kbps
[openvenc][rc] f=1756 P qp=19 bytes=2242 avg=1662 kbps
[openvenc][rc] f=1757 P qp=19 bytes=1575 avg=1661 kbps
[openvenc][rc] f=1758 P qp=19 bytes=1230 avg=1661 kbps
[openvenc][rc] f=1759 P qp=19 bytes=1176 avg=1660 kbps
[openvenc][rc] f=1760 P qp=19 bytes=1146 avg=1660 kbps
[openvenc][rc] f=1761 P qp=19 bytes=1207 avg=1659 kbps
[openvenc][rc] f=1762 P qp=19 bytes=1114 avg=1658 kbps
[openvenc][rc] f=1763 P qp=19 bytes=1050 avg=1658 kbps
[openvenc][rc] f=1764 P qp=19 bytes=1066 avg=1657 kbps
[openvenc][rc] f=1765 P qp=19 bytes=1054 avg=1656 kbps
[openvenc][rc] f=1766 P qp=19 bytes=1047 avg=1656 kbps
[openvenc][rc] f=1767 P qp=19 bytes=1065 avg=1655 kbps
[openvenc][rc] f=1768 P qp=19 bytes=1047 avg=1654 kbps
[openvenc][rc] f=1769 P qp=19 bytes=1030 avg=1654 kbps
[openvenc][rc] f=1770 IDR qp=28 bytes=40221 avg=1663 kbps
[openvenc][rc] f=1771 P qp=31 bytes=822 avg=1663 kbps
[openvenc][rc] f=1772 P qp=30 bytes=709 avg=1662 kbps
[openvenc][rc] f=1773 P qp=29 bytes=994 avg=1661 kbps
[openvenc][rc] f=1774 P qp=28 bytes=1227 avg=1661 kbps
[openvenc][rc] f=1775 P qp=27 bytes=1534 avg=1660 kbps
[openvenc][rc] f=1776 P qp=26 bytes=2418 avg=1660 kbps
[openvenc][rc] f=1777 P qp=25 bytes=5550 avg=1660 kbps
[openvenc][rc] f=1778 P qp=24 bytes=4973 avg=1661 kbps
[openvenc][rc] f=1779 P qp=23 bytes=7582 avg=1662 kbps
[openvenc][rc] f=1780 P qp=22 bytes=6852 avg=1663 kbps
[openvenc][rc] f=1781 P qp=21 bytes=6475 avg=1664 kbps
[openvenc][rc] f=1782 P qp=20 bytes=6409 avg=1664 kbps
[openvenc][rc] f=1783 P qp=19 bytes=7842 avg=1665 kbps
[openvenc][rc] f=1784 P qp=18 bytes=6691 avg=1666 kbps
[openvenc][rc] f=1785 P qp=17 bytes=9063 avg=1668 kbps
[openvenc][rc] f=1786 P qp=17 bytes=2962 avg=1668 kbps
[openvenc][rc] f=1787 P qp=17 bytes=1546 avg=1667 kbps
[openvenc][rc] f=1788 P qp=17 bytes=1316 avg=1666 kbps
[openvenc][rc] f=1789 P qp=17 bytes=1229 avg=1666 kbps
[openvenc][rc] f=1790 P qp=17 bytes=1204 avg=1665 kbps
[openvenc][rc] f=1791 P qp=17 bytes=1163 avg=1665 kbps
[openvenc][rc] f=1792 P qp=17 bytes=1168 avg=1664 kbps
[openvenc][rc] f=1793 P qp=17 bytes=1136 avg=1663 kbps
[openvenc][rc] f=1794 P qp=17 bytes=1166 avg=1663 kbps
[openvenc][rc] f=1795 P qp=17 bytes=1162 avg=1662 kbps
[openvenc][rc] f=1796 P qp=17 bytes=1161 avg=1662 kbps
[openvenc][rc] f=1797 P qp=17 bytes=1159 avg=1661 kbps
[openvenc][rc] f=1798 P qp=17 bytes=1148 avg=1660 kbps
[openvenc][rc] f=1799 P qp=17 bytes=1152 avg=1660 kbps
[openvenc][rc] f=1800 IDR qp=26 bytes=44056 avg=1670 kbps
[openvenc][rc] f=1801 P qp=29 bytes=1044 avg=1670 kbps
[openvenc][rc] f=1802 P qp=28 bytes=992 avg=1669 kbps
[openvenc][rc] f=1803 P qp=27 bytes=1065 avg=1668 kbps
[openvenc][rc] f=1804 P qp=26 bytes=1276 avg=1668 kbps
[openvenc][rc] f=1805 P qp=25 bytes=1932 avg=1667 kbps
[openvenc][rc] f=1806 P qp=24 bytes=2880 avg=1667 kbps
[openvenc][rc] f=1807 P qp=23 bytes=6230 avg=1668 kbps
[openvenc][rc] f=1808 P qp=22 bytes=6755 avg=1669 kbps
[openvenc][rc] f=1809 P qp=21 bytes=6493 avg=1669 kbps
[openvenc][rc] f=1810 P qp=20 bytes=6532 avg=1670 kbps
[openvenc][rc] f=1811 P qp=19 bytes=8120 avg=1671 kbps
[openvenc][rc] f=1812 P qp=18 bytes=6605 avg=1672 kbps
[openvenc][rc] f=1813 P qp=17 bytes=9283 avg=1674 kbps
[openvenc][rc] f=1814 P qp=16 bytes=8052 avg=1675 kbps
[openvenc][rc] f=1815 P qp=16 bytes=3183 avg=1675 kbps
[openvenc][rc] f=1816 P qp=16 bytes=1582 avg=1674 kbps
[openvenc][rc] f=1817 P qp=16 bytes=1435 avg=1674 kbps
[openvenc][rc] f=1818 P qp=16 bytes=1402 avg=1673 kbps
[openvenc][rc] f=1819 P qp=16 bytes=1395 avg=1673 kbps
[openvenc][rc] f=1820 P qp=16 bytes=1347 avg=1672 kbps
[openvenc][rc] f=1821 P qp=16 bytes=1316 avg=1671 kbps
[openvenc][rc] f=1822 P qp=16 bytes=1301 avg=1671 kbps
[openvenc][rc] f=1823 P qp=16 bytes=1304 avg=1670 kbps
[openvenc][rc] f=1824 P qp=16 bytes=1299 avg=1670 kbps
[openvenc][rc] f=1825 P qp=16 bytes=1292 avg=1669 kbps
[openvenc][rc] f=1826 P qp=16 bytes=1287 avg=1669 kbps
[openvenc][rc] f=1827 P qp=16 bytes=1271 avg=1668 kbps
[openvenc][rc] f=1828 P qp=16 bytes=1277 avg=1667 kbps
[openvenc][rc] f=1829 P qp=16 bytes=1275 avg=1667 kbps
[openvenc][rc] f=1830 IDR qp=24 bytes=48786 avg=1678 kbps
[openvenc][rc] f=1831 P qp=27 bytes=1257 avg=1678 kbps
[openvenc][rc] f=1832 P qp=26 bytes=1090 avg=1677 kbps
[openvenc][rc] f=1833 P qp=25 bytes=1055 avg=1677 kbps
[openvenc][rc] f=1834 P qp=24 bytes=1192 avg=1676 kbps
[openvenc][rc] f=1835 P qp=23 bytes=1878 avg=1676 kbps
[openvenc][rc] f=1836 P qp=22 bytes=3882 avg=1676 kbps
[openvenc][rc] f=1837 P qp=21 bytes=5783 avg=1676 kbps
[openvenc][rc] f=1838 P qp=20 bytes=6364 avg=1677 kbps
[openvenc][rc] f=1839 P qp=19 bytes=7500 avg=1678 kbps
[openvenc][rc] f=1840 P qp=18 bytes=6129 avg=1679 kbps
[openvenc][rc] f=1841 P qp=17 bytes=8414 avg=1680 kbps
[openvenc][rc] f=1842 P qp=16 bytes=7645 avg=1681 kbps
[openvenc][rc] f=1843 P qp=16 bytes=2663 avg=1681 kbps
[openvenc][rc] f=1844 P qp=16 bytes=1336 avg=1680 kbps
[openvenc][rc] f=1845 P qp=16 bytes=1109 avg=1680 kbps
[openvenc][rc] f=1846 P qp=16 bytes=1063 avg=1679 kbps
[openvenc][rc] f=1847 P qp=16 bytes=1038 avg=1678 kbps
[openvenc][rc] f=1848 P qp=16 bytes=1046 avg=1678 kbps
[openvenc][rc] f=1849 P qp=16 bytes=1048 avg=1677 kbps
[openvenc][rc] f=1850 P qp=16 bytes=1041 avg=1676 kbps
[openvenc][rc] f=1851 P qp=16 bytes=1052 avg=1676 kbps
[openvenc][rc] f=1852 P qp=16 bytes=1046 avg=1675 kbps
[openvenc][rc] f=1853 P qp=16 bytes=1049 avg=1674 kbps
[openvenc][rc] f=1854 P qp=16 bytes=1032 avg=1674 kbps
[openvenc][rc] f=1855 P qp=16 bytes=1030 avg=1673 kbps
[openvenc][rc] f=1856 P qp=16 bytes=1045 avg=1672 kbps
[openvenc][rc] f=1857 P qp=16 bytes=1027 avg=1672 kbps
[openvenc][rc] f=1858 P qp=16 bytes=1031 avg=1671 kbps
[openvenc][rc] f=1859 P qp=16 bytes=1035 avg=1671 kbps
[openvenc][rc] f=1860 IDR qp=22 bytes=53668 avg=1683 kbps
[openvenc][rc] f=1861 P qp=25 bytes=1567 avg=1683 kbps
[openvenc][rc] f=1862 P qp=24 bytes=1377 avg=1682 kbps
[openvenc][rc] f=1863 P qp=23 bytes=1431 avg=1682 kbps
[openvenc][rc] f=1864 P qp=22 bytes=1445 avg=1681 kbps
[openvenc][rc] f=1865 P qp=21 bytes=1994 avg=1681 kbps
[openvenc][rc] f=1866 P qp=20 bytes=3068 avg=1681 kbps
[openvenc][rc] f=1867 P qp=19 bytes=6688 avg=1681 kbps
[openvenc][rc] f=1868 P qp=18 bytes=5998 avg=1682 kbps
[openvenc][rc] f=1869 P qp=17 bytes=8639 avg=1683 kbps
[openvenc][rc] f=1870 P qp=16 bytes=7838 avg=1684 kbps
[openvenc][rc] f=1871 P qp=16 bytes=2589 avg=1684 kbps
[openvenc][rc] f=1872 P qp=16 bytes=1465 avg=1684 kbps
[openvenc][rc] f=1873 P qp=16 bytes=1307 avg=1683 kbps
[openvenc][rc] f=1874 P qp=16 bytes=1270 avg=1682 kbps
[openvenc][rc] f=1875 P qp=16 bytes=1229 avg=1682 kbps
[openvenc][rc] f=1876 P qp=16 bytes=1226 avg=1681 kbps
[openvenc][rc] f=1877 P qp=16 bytes=1214 avg=1681 kbps
[openvenc][rc] f=1878 P qp=16 bytes=1223 avg=1680 kbps
[openvenc][rc] f=1879 P qp=16 bytes=1218 avg=1680 kbps
[openvenc][rc] f=1880 P qp=16 bytes=1224 avg=1679 kbps
[openvenc][rc] f=1881 P qp=16 bytes=1213 avg=1678 kbps
[openvenc][rc] f=1882 P qp=16 bytes=1201 avg=1678 kbps
[openvenc][rc] f=1883 P qp=16 bytes=1197 avg=1677 kbps
[openvenc][rc] f=1884 P qp=16 bytes=1195 avg=1677 kbps
[openvenc][rc] f=1885 P qp=16 bytes=1198 avg=1676 kbps
[openvenc][rc] f=1886 P qp=16 bytes=1199 avg=1675 kbps
[openvenc][rc] f=1887 P qp=16 bytes=1193 avg=1675 kbps
[openvenc][rc] f=1888 P qp=16 bytes=1200 avg=1674 kbps
[openvenc][rc] f=1889 P qp=16 bytes=1193 avg=1674 kbps
[openvenc][rc] f=1890 IDR qp=20 bytes=58136 avg=1687 kbps
[openvenc][rc] f=1891 P qp=23 bytes=1661 avg=1687 kbps
[openvenc][rc] f=1892 P qp=22 bytes=1421 avg=1686 kbps
[openvenc][rc] f=1893 P qp=21 bytes=1410 avg=1686 kbps
[openvenc][rc] f=1894 P qp=20 bytes=1478 avg=1685 kbps
[openvenc][rc] f=1895 P qp=19 bytes=2509 avg=1685 kbps
[openvenc][rc] f=1896 P qp=18 bytes=3832 avg=1685 kbps
[openvenc][rc] f=1897 P qp=17 bytes=7334 avg=1686 kbps
[openvenc][rc] f=1898 P qp=16 bytes=7093 avg=1687 kbps
[openvenc][rc] f=1899 P qp=16 bytes=2365 avg=1686 kbps
[openvenc][rc] f=1900 P qp=16 bytes=1359 avg=1686 kbps
[openvenc][rc] f=1901 P qp=16 bytes=1166 avg=1685 kbps
[openvenc][rc] f=1902 P qp=16 bytes=1114 avg=1685 kbps
[openvenc][rc] f=1903 P qp=16 bytes=1121 avg=1684 kbps
[openvenc][rc] f=1904 P qp=16 bytes=1105 avg=1684 kbps
[openvenc][rc] f=1905 P qp=16 bytes=1081 avg=1683 kbps
[openvenc][rc] f=1906 P qp=16 bytes=1069 avg=1682 kbps
[openvenc][rc] f=1907 P qp=16 bytes=1071 avg=1682 kbps
[openvenc][rc] f=1908 P qp=16 bytes=1051 avg=1681 kbps
[openvenc][rc] f=1909 P qp=16 bytes=1050 avg=1680 kbps
[openvenc][rc] f=1910 P qp=16 bytes=1044 avg=1680 kbps
[openvenc][rc] f=1911 P qp=16 bytes=1048 avg=1679 kbps
[openvenc][rc] f=1912 P qp=16 bytes=1045 avg=1679 kbps
[openvenc][rc] f=1913 P qp=16 bytes=1049 avg=1678 kbps
[openvenc][rc] f=1914 P qp=16 bytes=1043 avg=1677 kbps
[openvenc][rc] f=1915 P qp=16 bytes=1050 avg=1677 kbps
[openvenc][rc] f=1916 P qp=16 bytes=1044 avg=1676 kbps
[openvenc][rc] f=1917 P qp=16 bytes=1048 avg=1675 kbps
[openvenc][rc] f=1918 P qp=16 bytes=1045 avg=1675 kbps
[openvenc][rc] f=1919 P qp=16 bytes=1049 avg=1674 kbps
[openvenc][rc] f=1920 IDR qp=18 bytes=63521 avg=1689 kbps
[openvenc][rc] f=1921 P qp=21 bytes=1607 avg=1688 kbps
[openvenc][rc] f=1922 P qp=20 bytes=1237 avg=1688 kbps
[openvenc][rc] f=1923 P qp=19 bytes=1466 avg=1687 kbps
[openvenc][rc] f=1924 P qp=18 bytes=1706 avg=1687 kbps
[openvenc][rc] f=1925 P qp=17 bytes=2905 avg=1687 kbps
[openvenc][rc] f=1926 P qp=16 bytes=4690 avg=1687 kbps
[openvenc][rc] f=1927 P qp=16 bytes=1730 avg=1687 kbps
[openvenc][rc] f=1928 P qp=16 bytes=1070 avg=1686 kbps
[openvenc][rc] f=1929 P qp=16 bytes=936 avg=1685 kbps
[openvenc][rc] f=1930 P qp=16 bytes=912 avg=1685 kbps
[openvenc][rc] f=1931 P qp=16 bytes=911 avg=1684 kbps
[openvenc][rc] f=1932 P qp=16 bytes=910 avg=1683 kbps
[openvenc][rc] f=1933 P qp=16 bytes=918 avg=1683 kbps
[openvenc][rc] f=1934 P qp=16 bytes=908 avg=1682 kbps
[openvenc][rc] f=1935 P qp=16 bytes=923 avg=1681 kbps
[openvenc][rc] f=1936 P qp=16 bytes=913 avg=1681 kbps
[openvenc][rc] f=1937 P qp=16 bytes=921 avg=1680 kbps
[openvenc][rc] f=1938 P qp=16 bytes=908 avg=1680 kbps
[openvenc][rc] f=1939 P qp=16 bytes=894 avg=1679 kbps
[openvenc][rc] f=1940 P qp=16 bytes=904 avg=1678 kbps
[openvenc][rc] f=1941 P qp=16 bytes=905 avg=1678 kbps
[openvenc][rc] f=1942 P qp=16 bytes=912 avg=1677 kbps
[openvenc][rc] f=1943 P qp=16 bytes=903 avg=1676 kbps
[openvenc][rc] f=1944 P qp=16 bytes=897 avg=1676 kbps
[openvenc][rc] f=1945 P qp=16 bytes=897 avg=1675 kbps
[openvenc][rc] f=1946 P qp=16 bytes=895 avg=1674 kbps
[openvenc][rc] f=1947 P qp=16 bytes=895 avg=1674 kbps
[openvenc][rc] f=1948 P qp=16 bytes=889 avg=1673 kbps
[openvenc][rc] f=1949 P qp=16 bytes=892 avg=1672 kbps
[openvenc][rc] f=1950 IDR qp=16 bytes=69464 avg=1688 kbps
[openvenc][rc] f=1951 P qp=19 bytes=1918 avg=1688 kbps
[openvenc][rc] f=1952 P qp=18 bytes=1329 avg=1687 kbps
[openvenc][rc] f=1953 P qp=17 bytes=1793 avg=1687 kbps
[openvenc][rc] f=1954 P qp=16 bytes=1934 avg=1687 kbps
[openvenc][rc] f=1955 P qp=16 bytes=928 avg=1686 kbps
[openvenc][rc] f=1956 P qp=16 bytes=816 avg=1685 kbps
[openvenc][rc] f=1957 P qp=16 bytes=751 avg=1685 kbps
[openvenc][rc] f=1958 P qp=16 bytes=738 avg=1684 kbps
[openvenc][rc] f=1959 P qp=16 bytes=724 avg=1683 kbps
[openvenc][rc] f=1960 P qp=16 bytes=731 avg=1683 kbps
[openvenc][rc] f=1961 P qp=16 bytes=712 avg=1682 kbps
[openvenc][rc] f=1962 P qp=16 bytes=705 avg=1681 kbps
[openvenc][rc] f=1963 P qp=16 bytes=713 avg=1681 kbps
[openvenc][rc] f=1964 P qp=16 bytes=717 avg=1680 kbps
[openvenc][rc] f=1965 P qp=16 bytes=713 avg=1679 kbps
[openvenc][rc] f=1966 P qp=16 bytes=717 avg=1678 kbps
[openvenc][rc] f=1967 P qp=16 bytes=714 avg=1678 kbps
[openvenc][rc] f=1968 P qp=16 bytes=716 avg=1677 kbps
[openvenc][rc] f=1969 P qp=16 bytes=702 avg=1676 kbps
[openvenc][rc] f=1970 P qp=16 bytes=717 avg=1676 kbps
[openvenc][rc] f=1971 P qp=16 bytes=713 avg=1675 kbps
[openvenc][rc] f=1972 P qp=16 bytes=717 avg=1674 kbps
[openvenc][rc] f=1973 P qp=16 bytes=714 avg=1674 kbps
[openvenc][rc] f=1974 P qp=16 bytes=716 avg=1673 kbps
[openvenc][rc] f=1975 P qp=16 bytes=712 avg=1672 kbps
[openvenc][rc] f=1976 P qp=16 bytes=705 avg=1672 kbps
[openvenc][rc] retarget 2000 kbps @ 59 fps
[openvenc][rc] f=1977 P qp=16 bytes=702 avg=1671 kbps
[openvenc][rc] f=1978 P qp=16 bytes=705 avg=1670 kbps
[openvenc][rc] f=1979 P qp=16 bytes=702 avg=1670 kbps
[openvenc][rc] f=1980 IDR qp=37 bytes=24101 avg=1675 kbps
[openvenc][rc] f=1981 P qp=40 bytes=776 avg=1674 kbps
[openvenc][rc] f=1982 P qp=39 bytes=743 avg=1673 kbps
[openvenc][rc] f=1983 P qp=38 bytes=796 avg=1673 kbps
[openvenc][rc] f=1984 P qp=37 bytes=1057 avg=1672 kbps
[openvenc][rc] f=1985 P qp=36 bytes=1226 avg=1671 kbps
[openvenc][rc] f=1986 P qp=35 bytes=1886 avg=1671 kbps
[openvenc][rc] f=1987 P qp=34 bytes=5031 avg=1671 kbps
[openvenc][rc] f=1988 P qp=34 bytes=1234 avg=1671 kbps
[openvenc][rc] f=1989 P qp=33 bytes=4708 avg=1671 kbps
[openvenc][rc] f=1990 P qp=33 bytes=1403 avg=1671 kbps
[openvenc][rc] f=1991 P qp=32 bytes=5150 avg=1671 kbps
[openvenc][rc] f=1992 P qp=32 bytes=1658 avg=1671 kbps
[openvenc][rc] f=1993 P qp=31 bytes=6321 avg=1671 kbps
[openvenc][rc] f=1994 P qp=31 bytes=1601 avg=1671 kbps
[openvenc][rc] f=1995 P qp=30 bytes=4685 avg=1671 kbps
[openvenc][rc] f=1996 P qp=30 bytes=1540 avg=1671 kbps
[openvenc][rc] f=1997 P qp=29 bytes=5958 avg=1671 kbps
[openvenc][rc] f=1998 P qp=29 bytes=1697 avg=1671 kbps
[openvenc][rc] f=1999 P qp=28 bytes=6578 avg=1671 kbps
[openvenc][rc] f=2000 P qp=28 bytes=1618 avg=1671 kbps
[openvenc][rc] f=2001 P qp=27 bytes=5721 avg=1671 kbps
[openvenc][rc] f=2002 P qp=27 bytes=1728 avg=1671 kbps
[openvenc][rc] f=2003 P qp=26 bytes=5847 avg=1672 kbps
[openvenc][rc] f=2004 P qp=26 bytes=1719 avg=1671 kbps
[openvenc][rc] f=2005 P qp=26 bytes=1045 avg=1671 kbps
[openvenc][rc] f=2006 P qp=26 bytes=1001 avg=1670 kbps
[openvenc][rc] f=2007 P qp=26 bytes=1006 avg=1669 kbps
[openvenc][rc] f=2008 P qp=26 bytes=980 avg=1669 kbps
[openvenc][rc] f=2009 P qp=26 bytes=977 avg=1668 kbps
[openvenc][rc] f=2010 IDR qp=35 bytes=27038 avg=1674 kbps
[openvenc][rc] f=2011 P qp=38 bytes=768 avg=1673 kbps
[openvenc][rc] f=2012 P qp=37 bytes=753 avg=1672 kbps
[openvenc][rc] f=2013 P qp=36 bytes=866 avg=1672 kbps
[openvenc][rc] f=2014 P qp=35 bytes=1020 avg=1671 kbps
[openvenc][rc] f=2015 P qp=34 bytes=1231 avg=1671 kbps
[openvenc][rc] f=2016 P qp=33 bytes=2439 avg=1670 kbps
[openvenc][rc] f=2017 P qp=32 bytes=5218 avg=1671 kbps
[openvenc][rc] f=2018 P qp=32 bytes=1380 avg=1670 kbps
[openvenc][rc] f=2019 P qp=31 bytes=5899 avg=1671 kbps
[openvenc][rc] f=2020 P qp=31 bytes=1488 avg=1670 kbps
[openvenc][rc] f=2021 P qp=30 bytes=4807 avg=1671 kbps
[openvenc][rc] f=2022 P qp=29 bytes=5907 avg=1671 kbps
[openvenc][rc] f=2023 P qp=29 bytes=1648 avg=1671 kbps
[openvenc][rc] f=2024 P qp=28 bytes=6242 avg=1671 kbps
[openvenc][rc] f=2025 P qp=28 bytes=1689 avg=1671 kbps
[openvenc][rc] f=2026 P qp=27 bytes=5668 avg=1671 kbps
[openvenc][rc] f=2027 P qp=26 bytes=6333 avg=1672 kbps
[openvenc][rc] f=2028 P qp=26 bytes=1734 avg=1672 kbps
[openvenc][rc] f=2029 P qp=25 bytes=7243 avg=1673 kbps
[openvenc][rc] f=2030 P qp=25 bytes=1963 avg=1672 kbps
[openvenc][rc] f=2031 P qp=24 bytes=5327 avg=1673 kbps
[openvenc][rc] f=2032 P qp=24 bytes=1813 avg=1672 kbps
[openvenc][rc] f=2033 P qp=24 bytes=1217 avg=1672 kbps
[openvenc][rc] f=2034 P qp=24 bytes=1133 avg=1671 kbps
[openvenc][rc] f=2035 P qp=24 bytes=1109 avg=1671 kbps
[openvenc][rc] f=2036 P qp=24 bytes=1092 avg=1670 kbps
[openvenc][rc] f=2037 P qp=24 bytes=1079 avg=1669 kbps
[openvenc][rc] f=2038 P qp=24 bytes=1085 avg=1669 kbps
[openvenc][rc] f=2039 P qp=24 bytes=1113 avg=1668 kbps
[openvenc][rc] f=2040 IDR qp=33 bytes=30598 avg=1675 kbps
[openvenc][rc] f=2041 P qp=36 bytes=701 avg=1674 kbps
[openvenc][rc] f=2042 P qp=35 bytes=684 avg=1673 kbps
[openvenc][rc] f=2043 P qp=34 bytes=745 avg=1673 kbps
[openvenc][rc] f=2044 P qp=33 bytes=1076 avg=1672 kbps
[openvenc][rc] f=2045 P qp=32 bytes=1231 avg=1671 kbps
[openvenc][rc] f=2046 P qp=31 bytes=2940 avg=1671 kbps
[openvenc][rc] f=2047 P qp=29 bytes=8034 avg=1672 kbps
[openvenc][rc] f=2048 P qp=29 bytes=1558 avg=1672 kbps
[openvenc][rc] f=2049 P qp=28 bytes=6015 avg=1672 kbps
[openvenc][rc] f=2050 P qp=28 bytes=1700 avg=1672 kbps
[openvenc][rc] f=2051 P qp=27 bytes=5467 avg=1672 kbps
[openvenc][rc] f=2052 P qp=27 bytes=1697 avg=1672 kbps
[openvenc][rc] f=2053 P qp=26 bytes=5622 avg=1673 kbps
[openvenc][rc] f=2054 P qp=26 bytes=1790 avg=1672 kbps
[openvenc][rc] f=2055 P qp=25 bytes=6904 avg=1673 kbps
[openvenc][rc] f=2056 P qp=25 bytes=2102 avg=1673 kbps
[openvenc][rc] f=2057 P qp=24 bytes=5433 avg=1673 kbps
[openvenc][rc] f=2058 P qp=24 bytes=1922 avg=1673 kbps
[openvenc][rc] f=2059 P qp=23 bytes=8174 avg=1674 kbps
[openvenc][rc] f=2060 P qp=23 bytes=2015 avg=1673 kbps
[openvenc][rc] f=2061 P qp=22 bytes=6697 avg=1674 kbps
[openvenc][rc] f=2062 P qp=22 bytes=2024 avg=1674 kbps
[openvenc][rc] f=2063 P qp=22 bytes=1298 avg=1673 kbps
[openvenc][rc] f=2064 P qp=22 bytes=1110 avg=1673 kbps
[openvenc][rc] f=2065 P qp=22 bytes=1089 avg=1672 kbps
[openvenc][rc] f=2066 P qp=22 bytes=1061 avg=1671 kbps
[openvenc][rc] f=2067 P qp=22 bytes=1028 avg=1671 kbps
[openvenc][rc] f=2068 P qp=22 bytes=1031 avg=1670 kbps
[openvenc][rc] f=2069 P qp=22 bytes=1029 avg=1670 kbps
[openvenc][rc] f=2070 IDR qp=31 bytes=34851 avg=1677 kbps
[openvenc][rc] f=2071 P qp=34 bytes=692 avg=1676 kbps
[openvenc][rc] f=2072 P qp=33 bytes=829 avg=1676 kbps
[openvenc][rc] f=2073 P qp=32 bytes=922 avg=1675 kbps
[openvenc][rc] f=2074 P qp=31 bytes=1101 avg=1674 kbps
[openvenc][rc] f=2075 P qp=30 bytes=1356 avg=1674 kbps
[openvenc][rc] f=2076 P qp=29 bytes=1931 avg=1674 kbps
[openvenc][rc] f=2077 P qp=28 bytes=4991 avg=1674 kbps
[openvenc][rc] f=2078 P qp=28 bytes=1662 avg=1674 kbps
[openvenc][rc] f=2079 P qp=27 bytes=5326 avg=1674 kbps
[openvenc][rc] f=2080 P qp=27 bytes=1592 avg=1673 kbps
[openvenc][rc] f=2081 P qp=26 bytes=5992 avg=1674 kbps
[openvenc][rc] f=2082 P qp=26 bytes=1681 avg=1674 kbps
[openvenc][rc] f=2083 P qp=25 bytes=6797 avg=1674 kbps
[openvenc][rc] f=2084 P qp=25 bytes=1729 avg=1674 kbps
[openvenc][rc] f=2085 P qp=24 bytes=5121 avg=1674 kbps
[openvenc][rc] f=2086 P qp=24 bytes=1768 avg=1674 kbps
[openvenc][rc] f=2087 P qp=23 bytes=7110 avg=1675 kbps
[openvenc][rc] f=2088 P qp=23 bytes=2141 avg=1674 kbps
[openvenc][rc] f=2089 P qp=22 bytes=7251 avg=1675 kbps
[openvenc][rc] f=2090 P qp=22 bytes=2057 avg=1675 kbps
[openvenc][rc] f=2091 P qp=21 bytes=6461 avg=1676 kbps
[openvenc][rc] f=2092 P qp=21 bytes=1901 avg=1675 kbps
[openvenc][rc] f=2093 P qp=20 bytes=6154 avg=1676 kbps
[openvenc][rc] f=2094 P qp=20 bytes=1872 avg=1675 kbps
[openvenc][rc] f=2095 P qp=20 bytes=1320 avg=1675 kbps
[openvenc][rc] f=2096 P qp=20 bytes=1136 avg=1674 kbps
[openvenc][rc] f=2097 P qp=20 bytes=1061 avg=1674 kbps
[openvenc][rc] f=2098 P qp=20 bytes=1025 avg=1673 kbps
[openvenc][rc] f=2099 P qp=20 bytes=1044 avg=1673 kbps
[openvenc][rc] f=2100 IDR qp=29 bytes=37990 avg=1680 kbps
[openvenc][rc] f=2101 P qp=32 bytes=720 avg=1680 kbps
[openvenc][rc] f=2102 P qp=31 bytes=820 avg=1679 kbps
[openvenc][rc] f=2103 P qp=30 bytes=1028 avg=1679 kbps
[openvenc][rc] f=2104 P qp=29 bytes=1010 avg=1678 kbps
[openvenc][rc] f=2105 P qp=28 bytes=1605 avg=1678 kbps
[openvenc][rc] f=2106 P qp=27 bytes=2788 avg=1677 kbps
[openvenc][rc] f=2107 P qp=26 bytes=5243 avg=1678 kbps
[openvenc][rc] f=2108 P qp=28 bytes=758 avg=1677 kbps
[openvenc][rc] f=2109 P qp=27 bytes=892 avg=1677 kbps
[openvenc][rc] f=2110 P qp=26 bytes=1511 avg=1676 kbps
[openvenc][rc] f=2111 P qp=25 bytes=6375 avg=1677 kbps
[openvenc][rc] f=2112 P qp=25 bytes=1585 avg=1676 kbps
[openvenc][rc] f=2113 P qp=24 bytes=5088 avg=1677 kbps
[openvenc][rc] f=2114 P qp=24 bytes=1684 avg=1676 kbps
[openvenc][rc] f=2115 P qp=23 bytes=7684 avg=1677 kbps
[openvenc][rc] f=2116 P qp=23 bytes=2121 avg=1677 kbps
[openvenc][rc] f=2117 P qp=22 bytes=6560 avg=1677 kbps
[openvenc][rc] f=2118 P qp=22 bytes=2134 avg=1677 kbps
[openvenc][rc] f=2119 P qp=21 bytes=6442 avg=1678 kbps
[openvenc][rc] f=2120 P qp=21 bytes=2173 avg=1677 kbps
[openvenc][rc] f=2121 P qp=20 bytes=6469 avg=1678 kbps
[openvenc][rc] f=2122 P qp=20 bytes=1988 avg=1678 kbps
[openvenc][rc] f=2123 P qp=19 bytes=7833 avg=1679 kbps
[openvenc][rc] f=2124 P qp=19 bytes=2515 avg=1679 kbps
[openvenc][rc] f=2125 P qp=18 bytes=5999 avg=1679 kbps
[openvenc][rc] f=2126 P qp=20 bytes=898 avg=1678 kbps
[openvenc][rc] f=2127 P qp=19 bytes=1270 avg=1678 kbps
[openvenc][rc] f=2128 P qp=18 bytes=1765 avg=1678 kbps
[openvenc][rc] f=2129 P qp=18 bytes=1111 avg=1677 kbps
[openvenc][rc] f=2130 IDR qp=27 bytes=42090 avg=1686 kbps
[openvenc][rc] f=2131 P qp=30 bytes=828 avg=1685 kbps
[openvenc][rc] f=2132 P qp=29 bytes=1045 avg=1684 kbps
[openvenc][rc] f=2133 P qp=28 bytes=1054 avg=1684 kbps
[openvenc][rc] f=2134 P qp=27 bytes=1445 avg=1683 kbps
[openvenc][rc] f=2135 P qp=26 bytes=1465 avg=1683 kbps
[openvenc][rc] f=2136 P qp=25 bytes=3692 avg=1683 kbps
[openvenc][rc] f=2137 P qp=25 bytes=1411 avg=1682 kbps
[openvenc][rc] f=2138 P qp=24 bytes=4815 avg=1683 kbps
[openvenc][rc] f=2139 P qp=24 bytes=1666 avg=1682 kbps
[openvenc][rc] f=2140 P qp=23 bytes=7270 avg=1683 kbps
[openvenc][rc] f=2141 P qp=23 bytes=1899 avg=1683 kbps
[openvenc][rc] f=2142 P qp=22 bytes=6396 avg=1683 kbps
[openvenc][rc] f=2143 P qp=22 bytes=1807 avg=1683 kbps
[openvenc][rc] f=2144 P qp=21 bytes=6022 avg=1684 kbps
[openvenc][rc] f=2145 P qp=21 bytes=1839 avg=1683 kbps
[openvenc][rc] f=2146 P qp=20 bytes=6154 avg=1684 kbps
[openvenc][rc] f=2147 P qp=20 bytes=2046 avg=1683 kbps
[openvenc][rc] f=2148 P qp=18 bytes=10720 avg=1685 kbps
[openvenc][rc] f=2149 P qp=18 bytes=2734 avg=1685 kbps
[openvenc][rc] f=2150 P qp=19 bytes=1134 avg=1684 kbps
[openvenc][rc] f=2151 P qp=18 bytes=1485 avg=1684 kbps
[openvenc][rc] f=2152 P qp=17 bytes=8581 avg=1685 kbps
[openvenc][rc] f=2153 P qp=17 bytes=2742 avg=1685 kbps
[openvenc][rc] f=2154 P qp=19 bytes=866 avg=1684 kbps
[openvenc][rc] f=2155 P qp=18 bytes=1024 avg=1684 kbps
[openvenc][rc] f=2156 P qp=16 bytes=7188 avg=1684 kbps
[openvenc][rc] f=2157 P qp=16 bytes=2548 avg=1684 kbps
[openvenc][rc] f=2158 P qp=18 bytes=868 avg=1684 kbps
[openvenc][rc] f=2159 P qp=20 bytes=506 avg=1683 kbps
[openvenc][rc] f=2160 IDR qp=25 bytes=46848 avg=1692 kbps
[openvenc][rc] f=2161 P qp=28 bytes=860 avg=1692 kbps
[openvenc][rc] f=2162 P qp=27 bytes=778 avg=1691 kbps
[openvenc][rc] f=2163 P qp=26 bytes=806 avg=1691 kbps
[openvenc][rc] f=2164 P qp=25 bytes=1135 avg=1690 kbps
[openvenc][rc] f=2165 P qp=24 bytes=1306 avg=1689 kbps
[openvenc][rc] f=2166 P qp=23 bytes=2920 avg=1689 kbps
[openvenc][rc] f=2167 P qp=23 bytes=1248 avg=1689 kbps
[openvenc][rc] f=2168 P qp=22 bytes=6045 avg=1689 kbps
[openvenc][rc] f=2169 P qp=22 bytes=1770 avg=1689 kbps
[openvenc][rc] f=2170 P qp=21 bytes=6160 avg=1690 kbps
[openvenc][rc] f=2171 P qp=21 bytes=1820 avg=1689 kbps
[openvenc][rc] f=2172 P qp=20 bytes=5918 avg=1690 kbps
[openvenc][rc] f=2173 P qp=20 bytes=1814 avg=1689 kbps
[openvenc][rc] f=2174 P qp=19 bytes=7472 avg=1690 kbps
[openvenc][rc] f=2175 P qp=19 bytes=2276 avg=1690 kbps
[openvenc][rc] f=2176 P qp=18 bytes=6133 avg=1690 kbps
[openvenc][rc] f=2177 P qp=18 bytes=2006 avg=1690 kbps
[openvenc][rc] f=2178 P qp=16 bytes=12836 avg=1692 kbps
[openvenc][rc] f=2179 P qp=16 bytes=3516 avg=1692 kbps
[openvenc][rc] f=2180 P qp=18 bytes=844 avg=1691 kbps
[openvenc][rc] f=2181 P qp=17 bytes=1291 avg=1691 kbps
[openvenc][rc] f=2182 P qp=16 bytes=1634 avg=1691 kbps
[openvenc][rc] f=2183 P qp=16 bytes=1153 avg=1690 kbps
[openvenc][rc] f=2184 P qp=16 bytes=1121 avg=1689 kbps
[openvenc][rc] f=2185 P qp=16 bytes=1115 avg=1689 kbps
[openvenc][rc] f=2186 P qp=16 bytes=1090 avg=1688 kbps
[openvenc][rc] f=2187 P qp=16 bytes=1100 avg=1688 kbps
[openvenc][rc] f=2188 P qp=16 bytes=1080 avg=1687 kbps
[openvenc][rc] f=2189 P qp=16 bytes=1069 avg=1687 kbps
[openvenc][rc] f=2190 IDR qp=23 bytes=50868 avg=1697 kbps
[openvenc][rc] f=2191 P qp=26 bytes=1222 avg=1696 kbps
[openvenc][rc] f=2192 P qp=25 bytes=1176 avg=1696 kbps
[openvenc][rc] f=2193 P qp=24 bytes=1440 avg=1695 kbps
[openvenc][rc] f=2194 P qp=23 bytes=1569 avg=1695 kbps
[openvenc][rc] f=2195 P qp=22 bytes=1910 avg=1695 kbps
[openvenc][rc] f=2196 P qp=20 bytes=6906 avg=1695 kbps
[openvenc][rc] f=2197 P qp=20 bytes=2128 avg=1695 kbps
[openvenc][rc] f=2198 P qp=18 bytes=9957 avg=1696 kbps
[openvenc][rc] f=2199 P qp=18 bytes=2271 avg=1696 kbps
[openvenc][rc] f=2200 P qp=18 bytes=1099 avg=1696 kbps
[openvenc][rc] f=2201 P qp=17 bytes=8125 avg=1697 kbps
[openvenc][rc] f=2202 P qp=17 bytes=2561 avg=1696 kbps
[openvenc][rc] f=2203 P qp=19 bytes=766 avg=1696 kbps
[openvenc][rc] f=2204 P qp=18 bytes=868 avg=1695 kbps
[openvenc][rc] f=2205 P qp=17 bytes=1330 avg=1695 kbps
[openvenc][rc] f=2206 P qp=16 bytes=6894 avg=1695 kbps
[openvenc][rc] f=2207 P qp=16 bytes=2235 avg=1695 kbps
[openvenc][rc] f=2208 P qp=18 bytes=700 avg=1695 kbps
[openvenc][rc] f=2209 P qp=17 bytes=793 avg=1694 kbps
[openvenc][rc] f=2210 P qp=16 bytes=1142 avg=1693 kbps
[openvenc][rc] f=2211 P qp=16 bytes=943 avg=1693 kbps
[openvenc][rc] f=2212 P qp=16 bytes=921 avg=1692 kbps
[openvenc][rc] f=2213 P qp=16 bytes=911 avg=1692 kbps
[openvenc][rc] f=2214 P qp=16 bytes=932 avg=1691 kbps
[openvenc][rc] f=2215 P qp=16 bytes=882 avg=1691 kbps
[openvenc][rc] f=2216 P qp=16 bytes=860 avg=1690 kbps
[openvenc][rc] f=2217 P qp=16 bytes=846 avg=1689 kbps
[openvenc][rc] f=2218 P qp=16 bytes=856 avg=1689 kbps
[openvenc][rc] f=2219 P qp=16 bytes=847 avg=1688 kbps
[openvenc][rc] f=2220 IDR qp=21 bytes=55802 avg=1699 kbps
[openvenc][rc] f=2221 P qp=24 bytes=1543 avg=1699 kbps
[openvenc][rc] f=2222 P qp=23 bytes=1211 avg=1698 kbps
[openvenc][rc] f=2223 P qp=22 bytes=1301 avg=1698 kbps
[openvenc][rc] f=2224 P qp=21 bytes=1380 avg=1697 kbps
[openvenc][rc] f=2225 P qp=20 bytes=2064 avg=1697 kbps
[openvenc][rc] f=2226 P qp=18 bytes=7504 avg=1698 kbps
[openvenc][rc] f=2227 P qp=18 bytes=2072 avg=1698 kbps
[openvenc][rc] f=2228 P qp=16 bytes=12407 avg=1699 kbps
[openvenc][rc] f=2229 P qp=16 bytes=3235 avg=1699 kbps
[openvenc][rc] f=2230 P qp=18 bytes=858 avg=1699 kbps
[openvenc][rc] f=2231 P qp=17 bytes=1059 avg=1698 kbps
[openvenc][rc] f=2232 P qp=16 bytes=1452 avg=1698 kbps
[openvenc][rc] f=2233 P qp=16 bytes=994 avg=1697 kbps
[openvenc][rc] f=2234 P qp=16 bytes=961 avg=1697 kbps
[openvenc][rc] f=2235 P qp=16 bytes=941 avg=1696 kbps
[openvenc][rc] f=2236 P qp=16 bytes=957 avg=1696 kbps
[openvenc][rc] f=2237 P qp=16 bytes=944 avg=1695 kbps
[openvenc][rc] f=2238 P qp=16 bytes=907 avg=1694 kbps
[openvenc][rc] f=2239 P qp=16 bytes=896 avg=1694 kbps
[openvenc][rc] f=2240 P qp=16 bytes=902 avg=1693 kbps
[openvenc][rc] f=2241 P qp=16 bytes=894 avg=1693 kbps
[openvenc][rc] f=2242 P qp=16 bytes=894 avg=1692 kbps
[openvenc][rc] f=2243 P qp=16 bytes=887 avg=1692 kbps
[openvenc][rc] f=2244 P qp=16 bytes=889 avg=1691 kbps
[openvenc][rc] f=2245 P qp=16 bytes=890 avg=1691 kbps
[openvenc][rc] f=2246 P qp=16 bytes=886 avg=1690 kbps
[openvenc][rc] f=2247 P qp=16 bytes=876 avg=1689 kbps
[openvenc][rc] f=2248 P qp=16 bytes=876 avg=1689 kbps
[openvenc][rc] f=2249 P qp=16 bytes=876 avg=1688 kbps
[openvenc][rc] f=2250 IDR qp=19 bytes=61512 avg=1700 kbps
[openvenc][rc] f=2251 P qp=22 bytes=1661 avg=1700 kbps
[openvenc][rc] f=2252 P qp=21 bytes=1088 avg=1699 kbps
[openvenc][rc] f=2253 P qp=20 bytes=1207 avg=1699 kbps
[openvenc][rc] f=2254 P qp=19 bytes=1487 avg=1699 kbps
[openvenc][rc] f=2255 P qp=18 bytes=2077 avg=1698 kbps
[openvenc][rc] f=2256 P qp=17 bytes=4250 avg=1698 kbps
