[openvenc] up: hwid=0x43421500 3840x2160 framebuf 0x73800000+0x3b35000 fixed-QP32 gop=50 qlty-req=8000 (ignored)
[openvenc] up: hwid=0x43421500 3840x2160 framebuf 0x73800000+0x3b35000 fixed-QP32 gop=50 qlty-req=8000 (ignored)
[openvenc] MJPEG up: 3840x2160 from-source soft-JPEG q=80
[openvenc] MJPEG up: 1920x1080 from-source soft-JPEG q=80
[openvenc] MJPEG up: 1920x1080 from-source soft-JPEG q=80
[openvenc] up: hwid=0x43421500 1920x1080 framebuf 0x77335000+0xef8000 rc=legacy QP32 gop=30 qlty-req=8000 (ignored)
[openvenc] MJPEG up: 1920x1080 from-source soft-JPEG q=80
[openvenc] MJPEG up: 1920x1080 from-source soft-JPEG q=80
[openvenc] MJPEG up: 1920x1080 from-source soft-JPEG q=80
[openvenc] MJPEG up: 1920x1080 from-source soft-JPEG q=80
[openvenc] MJPEG up: 1920x1080 from-source soft-JPEG q=80
[openvenc] MJPEG up: 1920x1080 from-source soft-JPEG q=80
[openvenc] MJPEG up: 1920x1080 from-source soft-JPEG q=80
[openvenc] up: hwid=0x43421500 1920x1080 framebuf 0x77335000+0xef8000 rc=legacy QP32 gop=50 qlty-req=8000 (ignored)
[openvenc] up: hwid=0x43421500 1920x1080 framebuf 0x77335000+0xef8000 rc=legacy QP32 gop=50 qlty-req=8000 (ignored)
[openvenc] up: hwid=0x43421500 1920x1080 framebuf 0x77335000+0xef8000 rc=legacy QP32 gop=50 qlty-req=8000 (ignored)
[openvenc] up: hwid=0x43421500 3840x2160 framebuf 0x77335000+0x3b37000 rc=legacy QP32 gop=50 qlty-req=8000 (ignored)
[openvenc] up: hwid=0x43421500 3840x2160 framebuf 0x77335000+0x3b37000 rc=legacy QP32 gop=50 qlty-req=8000 (ignored)
[openvenc] up: hwid=0x43421500 1280x720 framebuf 0x77335000+0x70e000 rc=legacy QP32 gop=50 qlty-req=8000 (ignored)
[openvenc] up: hwid=0x43421500 1280x720 framebuf 0x77335000+0x70e000 rc=legacy QP32 gop=50 qlty-req=8000 (ignored)
[openvenc] up: hwid=0x43421500 1920x1080 framebuf 0x77335000+0xef8000 rc=legacy QP32 gop=50 qlty-req=8000 (ignored)
[openvenc] MJPEG up: 1920x1080 from-source soft-JPEG q=80
[openvenc] MJPEG up: 1920x1080 from-source soft-JPEG q=80
[openvenc] MJPEG up: 3840x2160 from-source soft-JPEG q=80
[openvenc] MJPEG up: 3840x2160 from-source soft-JPEG q=80
[openvenc] MJPEG up: 1920x1080 from-source soft-JPEG q=80
[openvenc] MJPEG up: 1920x1080 from-source soft-JPEG q=80
[openvenc] MJPEG up: 1920x1080 from-source soft-JPEG q=80
[openvenc] MJPEG up: 1920x1080 from-source soft-JPEG q=80
[openvenc] MJPEG up: 1920x1080 from-source soft-JPEG q=80
[openvenc] up: hwid=0x43421500 H.265 1920x1080 framebuf 0x73800000+0xef8000 rc=fixqp QP32 gop=30 qlty-req=8000 (ignored)
[openvenc] up: hwid=0x43421500 H.264 1920x1080 framebuf 0x73800000+0xef8000 rc=legacy QP32 gop=30 qlty-req=8000 (ignored)
[openvenc] up: hwid=0x43421500 H.264 1920x1080 framebuf 0x73800000+0xef8000 rc=legacy QP32 gop=30 qlty-req=8000 (ignored)
[openvenc] up: hwid=0x43421500 H.264 1920x1080 framebuf 0x73800000+0xef8000 rc=legacy QP32 gop=50 qlty-req=8000 (ignored)
[openvenc] up: hwid=0x43421500 H.264 1920x1080 framebuf 0x73800000+0xef8000 rc=legacy QP32 gop=50 qlty-req=8000 (ignored)
[openvenc] up: hwid=0x43421500 H.264 1920x1080 framebuf 0x73800000+0xef8000 rc=cbr program=fixqp QP32 gop=30
[openvenc] rc: 8000 kbps @ 59 fps, seed QP 32 (bpp 0.0654)
[openvenc][rc] f=0 IDR qp=32 bytes=32434 avg=15309 kbps
[openvenc][rc] f=1 P qp=35 bytes=586 avg=7793 kbps
[openvenc][rc] f=2 P qp=33 bytes=929 avg=5341 kbps
[openvenc][rc] f=3 P qp=32 bytes=1045 avg=4129 kbps
[openvenc][rc] f=4 P qp=31 bytes=1449 avg=3440 kbps
[openvenc][rc] f=5 P qp=30 bytes=2435 avg=3058 kbps
[openvenc][rc] f=6 P qp=29 bytes=4961 avg=2956 kbps
[openvenc][rc] f=7 P qp=28 bytes=6251 avg=2955 kbps
[openvenc][rc] f=8 P qp=27 bytes=5527 avg=2917 kbps
[openvenc][rc] f=9 P qp=26 bytes=6032 avg=2910 kbps
[openvenc][rc] f=10 P qp=25 bytes=7107 avg=2950 kbps
[openvenc][rc] f=11 P qp=24 bytes=5662 avg=2927 kbps
[openvenc][rc] f=12 P qp=23 bytes=8122 avg=2997 kbps
[openvenc][rc] f=13 P qp=22 bytes=7316 avg=3029 kbps
[openvenc][rc] f=14 P qp=21 bytes=6863 avg=3043 kbps
[openvenc][rc] f=15 P qp=21 bytes=1975 avg=2911 kbps
[openvenc][rc] f=16 P qp=21 bytes=1277 avg=2776 kbps
[openvenc][rc] f=17 P qp=21 bytes=1030 avg=2648 kbps
[openvenc][rc] f=18 P qp=21 bytes=961 avg=2533 kbps
[openvenc][rc] f=19 P qp=21 bytes=957 avg=2429 kbps
[openvenc][rc] f=20 P qp=21 bytes=949 avg=2335 kbps
[openvenc][rc] f=21 P qp=21 bytes=959 avg=2249 kbps
[openvenc][rc] f=22 P qp=21 bytes=938 avg=2170 kbps
[openvenc][rc] f=23 P qp=21 bytes=948 avg=2099 kbps
[openvenc][rc] f=24 P qp=21 bytes=938 avg=2032 kbps
[openvenc][rc] f=25 P qp=21 bytes=939 avg=1971 kbps
[openvenc][rc] f=26 P qp=21 bytes=937 avg=1915 kbps
[openvenc][rc] f=27 P qp=21 bytes=935 avg=1862 kbps
[openvenc][rc] f=28 P qp=21 bytes=940 avg=1813 kbps
[openvenc][rc] f=29 P qp=21 bytes=940 avg=1768 kbps
[openvenc][rc] f=30 IDR qp=30 bytes=36251 avg=2262 kbps
[openvenc][rc] f=31 P qp=33 bytes=740 avg=2203 kbps
[openvenc][rc] f=32 P qp=32 bytes=585 avg=2144 kbps
[openvenc][rc] f=33 P qp=31 bytes=896 avg=2094 kbps
[openvenc][rc] f=34 P qp=30 bytes=1030 avg=2048 kbps
[openvenc][rc] f=35 P qp=29 bytes=1305 avg=2008 kbps
[openvenc][rc] f=36 P qp=28 bytes=2791 avg=1989 kbps
[openvenc][rc] f=37 P qp=27 bytes=5261 avg=2002 kbps
[openvenc][rc] f=38 P qp=26 bytes=5769 avg=2021 kbps
[openvenc][rc] f=39 P qp=25 bytes=7094 avg=2054 kbps
[openvenc][rc] f=40 P qp=24 bytes=5657 avg=2069 kbps
[openvenc][rc] f=41 P qp=23 bytes=7845 avg=2108 kbps
[openvenc][rc] f=42 P qp=22 bytes=7240 avg=2138 kbps
[openvenc][rc] f=43 P qp=21 bytes=6763 avg=2162 kbps
[openvenc][rc] f=44 P qp=20 bytes=6862 avg=2186 kbps
[openvenc][rc] f=45 P qp=19 bytes=8094 avg=2222 kbps
[openvenc][rc] f=46 P qp=19 bytes=2242 avg=2197 kbps
[openvenc][rc] f=47 P qp=19 bytes=1575 avg=2167 kbps
[openvenc][rc] f=48 P qp=19 bytes=1230 avg=2134 kbps
[openvenc][rc] f=49 P qp=19 bytes=1176 avg=2103 kbps
[openvenc][rc] f=50 P qp=19 bytes=1146 avg=2072 kbps
[openvenc][rc] f=51 P qp=19 bytes=1207 avg=2043 kbps
[openvenc][rc] f=52 P qp=19 bytes=1114 avg=2015 kbps
[openvenc][rc] f=53 P qp=19 bytes=1050 avg=1986 kbps
[openvenc][rc] f=54 P qp=19 bytes=1066 avg=1959 kbps
[openvenc][rc] f=55 P qp=19 bytes=1054 avg=1933 kbps
[openvenc][rc] f=56 P qp=19 bytes=1047 avg=1908 kbps
[openvenc][rc] f=57 P qp=19 bytes=1065 avg=1884 kbps
[openvenc][rc] f=58 P qp=19 bytes=1047 avg=1860 kbps
[openvenc][rc] f=59 P qp=19 bytes=1030 avg=1837 kbps
[openvenc][rc] f=60 IDR qp=28 bytes=40221 avg=2119 kbps
[openvenc][rc] f=61 P qp=31 bytes=822 avg=2091 kbps
[openvenc][rc] f=62 P qp=30 bytes=709 avg=2063 kbps
[openvenc][rc] f=63 P qp=29 bytes=994 avg=2038 kbps
[openvenc][rc] f=64 P qp=28 bytes=1227 avg=2015 kbps
[openvenc][rc] f=65 P qp=27 bytes=1534 avg=1996 kbps
[openvenc][rc] f=66 P qp=26 bytes=2418 avg=1983 kbps
[openvenc][rc] f=67 P qp=25 bytes=5550 avg=1992 kbps
[openvenc][rc] f=68 P qp=24 bytes=4973 avg=1998 kbps
[openvenc][rc] f=69 P qp=23 bytes=7582 avg=2020 kbps
[openvenc][rc] f=70 P qp=22 bytes=6852 avg=2037 kbps
[openvenc][rc] f=71 P qp=21 bytes=6475 avg=2051 kbps
[openvenc][rc] f=72 P qp=20 bytes=6409 avg=2065 kbps
[openvenc][rc] f=73 P qp=19 bytes=7842 avg=2087 kbps
[openvenc][rc] f=74 P qp=18 bytes=6691 avg=2101 kbps
[openvenc][rc] f=75 P qp=17 bytes=9063 avg=2130 kbps
[openvenc][rc] f=76 P qp=17 bytes=2962 avg=2120 kbps
[openvenc][rc] f=77 P qp=17 bytes=1546 avg=2102 kbps
[openvenc][rc] f=78 P qp=17 bytes=1316 avg=2084 kbps
[openvenc][rc] f=79 P qp=17 bytes=1229 avg=2065 kbps
[openvenc][rc] f=80 P qp=17 bytes=1204 avg=2046 kbps
[openvenc][rc] f=81 P qp=17 bytes=1163 avg=2028 kbps
[openvenc][rc] f=82 P qp=17 bytes=1168 avg=2010 kbps
[openvenc][rc] f=83 P qp=17 bytes=1136 avg=1993 kbps
[openvenc][rc] f=84 P qp=17 bytes=1166 avg=1976 kbps
[openvenc][rc] f=85 P qp=17 bytes=1162 avg=1959 kbps
[openvenc][rc] f=86 P qp=17 bytes=1161 avg=1943 kbps
[openvenc][rc] f=87 P qp=17 bytes=1159 avg=1927 kbps
[openvenc][rc] f=88 P qp=17 bytes=1148 avg=1912 kbps
[openvenc][rc] f=89 P qp=17 bytes=1152 avg=1896 kbps
[openvenc][rc] f=90 IDR qp=26 bytes=44056 avg=2104 kbps
[openvenc][rc] f=91 P qp=29 bytes=1044 avg=2087 kbps
[openvenc][rc] f=92 P qp=28 bytes=992 avg=2069 kbps
[openvenc][rc] f=93 P qp=27 bytes=1065 avg=2053 kbps
[openvenc][rc] f=94 P qp=26 bytes=1276 avg=2037 kbps
[openvenc][rc] f=95 P qp=25 bytes=1932 avg=2026 kbps
[openvenc][rc] f=96 P qp=24 bytes=2880 avg=2019 kbps
[openvenc][rc] f=97 P qp=23 bytes=6230 avg=2028 kbps
[openvenc][rc] f=98 P qp=22 bytes=6755 avg=2040 kbps
[openvenc][rc] f=99 P qp=21 bytes=6493 avg=2050 kbps
[openvenc][rc] f=100 P qp=20 bytes=6532 avg=2060 kbps
[openvenc][rc] f=101 P qp=19 bytes=8120 avg=2078 kbps
[openvenc][rc] f=102 P qp=18 bytes=6605 avg=2088 kbps
[openvenc][rc] f=103 P qp=17 bytes=9283 avg=2110 kbps
[openvenc][rc] f=104 P qp=16 bytes=8052 avg=2126 kbps
[openvenc][rc] f=105 P qp=16 bytes=3183 avg=2120 kbps
[openvenc][rc] f=106 P qp=16 bytes=1582 avg=2107 kbps
[openvenc][rc] f=107 P qp=16 bytes=1435 avg=2094 kbps
[openvenc][rc] f=108 P qp=16 bytes=1402 avg=2081 kbps
[openvenc][rc] f=109 P qp=16 bytes=1395 avg=2068 kbps
[openvenc][rc] f=110 P qp=16 bytes=1347 avg=2055 kbps
[openvenc][rc] f=111 P qp=16 bytes=1316 avg=2042 kbps
[openvenc][rc] f=112 P qp=16 bytes=1301 avg=2030 kbps
[openvenc][rc] f=113 P qp=16 bytes=1304 avg=2017 kbps
[openvenc][rc] f=114 P qp=16 bytes=1299 avg=2005 kbps
[openvenc][rc] f=115 P qp=16 bytes=1292 avg=1993 kbps
[openvenc][rc] f=116 P qp=16 bytes=1287 avg=1981 kbps
[openvenc][rc] f=117 P qp=16 bytes=1271 avg=1969 kbps
[openvenc][rc] f=118 P qp=16 bytes=1277 avg=1958 kbps
[openvenc][rc] f=119 P qp=16 bytes=1275 avg=1947 kbps
[openvenc][rc] f=120 IDR qp=24 bytes=48786 avg=2121 kbps
[openvenc][rc] f=121 P qp=27 bytes=1257 avg=2108 kbps
[openvenc][rc] f=122 P qp=26 bytes=1090 avg=2095 kbps
[openvenc][rc] f=123 P qp=25 bytes=1055 avg=2082 kbps
[openvenc][rc] f=124 P qp=24 bytes=1192 avg=2070 kbps
[openvenc][rc] f=125 P qp=23 bytes=1878 avg=2061 kbps
[openvenc][rc] f=126 P qp=22 bytes=3882 avg=2059 kbps
[openvenc][rc] f=127 P qp=21 bytes=5783 avg=2064 kbps
[openvenc][rc] f=128 P qp=20 bytes=6364 avg=2072 kbps
[openvenc][rc] f=129 P qp=19 bytes=7500 avg=2083 kbps
[openvenc][rc] f=130 P qp=18 bytes=6129 avg=2089 kbps
[openvenc][rc] f=131 P qp=17 bytes=8414 avg=2103 kbps
[openvenc][rc] f=132 P qp=16 bytes=7645 avg=2115 kbps
[openvenc][rc] f=133 P qp=16 bytes=2663 avg=2108 kbps
[openvenc][rc] f=134 P qp=16 bytes=1336 avg=2097 kbps
[openvenc][rc] f=135 P qp=16 bytes=1109 avg=2086 kbps
[openvenc][rc] f=136 P qp=16 bytes=1063 avg=2074 kbps
[openvenc][rc] f=137 P qp=16 bytes=1038 avg=2063 kbps
[openvenc][rc] f=138 P qp=16 bytes=1046 avg=2051 kbps
[openvenc][rc] f=139 P qp=16 bytes=1048 avg=2040 kbps
[openvenc][rc] f=140 P qp=16 bytes=1041 avg=2029 kbps
[openvenc][rc] f=141 P qp=16 bytes=1052 avg=2018 kbps
[openvenc][rc] f=142 P qp=16 bytes=1046 avg=2008 kbps
[openvenc][rc] f=143 P qp=16 bytes=1049 avg=1997 kbps
[openvenc][rc] f=144 P qp=16 bytes=1032 avg=1987 kbps
[openvenc][rc] f=145 P qp=16 bytes=1030 avg=1977 kbps
[openvenc][rc] f=146 P qp=16 bytes=1045 avg=1967 kbps
[openvenc][rc] f=147 P qp=16 bytes=1027 avg=1957 kbps
[openvenc][rc] f=148 P qp=16 bytes=1031 avg=1947 kbps
[openvenc][rc] f=149 P qp=16 bytes=1035 avg=1937 kbps
[openvenc][rc] f=150 IDR qp=22 bytes=53668 avg=2092 kbps
[openvenc][rc] f=151 P qp=25 bytes=1567 avg=2083 kbps
[openvenc][rc] f=152 P qp=24 bytes=1377 avg=2074 kbps
[openvenc][rc] f=153 P qp=23 bytes=1431 avg=2065 kbps
[openvenc][rc] f=154 P qp=22 bytes=1445 avg=2056 kbps
[openvenc][rc] f=155 P qp=21 bytes=1994 avg=2048 kbps
[openvenc][rc] f=156 P qp=20 bytes=3068 avg=2045 kbps
[openvenc][rc] f=157 P qp=19 bytes=6688 avg=2052 kbps
[openvenc][rc] f=158 P qp=18 bytes=5998 avg=2057 kbps
[openvenc][rc] f=159 P qp=17 bytes=8639 avg=2069 kbps
[openvenc][rc] f=160 P qp=16 bytes=7838 avg=2079 kbps
[openvenc][rc] f=161 P qp=16 bytes=2589 avg=2074 kbps
[openvenc][rc] f=162 P qp=16 bytes=1465 avg=2066 kbps
[openvenc][rc] f=163 P qp=16 bytes=1307 avg=2057 kbps
[openvenc][rc] f=164 P qp=16 bytes=1270 avg=2048 kbps
[openvenc][rc] f=165 P qp=16 bytes=1229 avg=2039 kbps
[openvenc][rc] f=166 P qp=16 bytes=1226 avg=2030 kbps
[openvenc][rc] f=167 P qp=16 bytes=1214 avg=2022 kbps
[openvenc][rc] f=168 P qp=16 bytes=1223 avg=2013 kbps
[openvenc][rc] f=169 P qp=16 bytes=1218 avg=2005 kbps
[openvenc][rc] f=170 P qp=16 bytes=1224 avg=1996 kbps
[openvenc][rc] f=171 P qp=16 bytes=1213 avg=1988 kbps
[openvenc][rc] f=172 P qp=16 bytes=1201 avg=1980 kbps
[openvenc][rc] f=173 P qp=16 bytes=1197 avg=1972 kbps
[openvenc][rc] f=174 P qp=16 bytes=1195 avg=1964 kbps
[openvenc][rc] f=175 P qp=16 bytes=1198 avg=1956 kbps
[openvenc][rc] f=176 P qp=16 bytes=1199 avg=1948 kbps
[openvenc][rc] f=177 P qp=16 bytes=1193 avg=1940 kbps
[openvenc][rc] f=178 P qp=16 bytes=1200 avg=1932 kbps
[openvenc][rc] f=179 P qp=16 bytes=1193 avg=1925 kbps
[openvenc][rc] f=180 IDR qp=20 bytes=58136 avg=2066 kbps
[openvenc][rc] f=181 P qp=23 bytes=1661 avg=2059 kbps
[openvenc][rc] f=182 P qp=22 bytes=1421 avg=2051 kbps
[openvenc][rc] f=183 P qp=21 bytes=1410 avg=2044 kbps
[openvenc][rc] f=184 P qp=20 bytes=1478 avg=2036 kbps
[openvenc][rc] f=185 P qp=19 bytes=2509 avg=2032 kbps
[openvenc][rc] f=186 P qp=18 bytes=3832 avg=2031 kbps
[openvenc][rc] f=187 P qp=17 bytes=7334 avg=2038 kbps
[openvenc][rc] f=188 P qp=16 bytes=7093 avg=2045 kbps
[openvenc][rc] f=189 P qp=16 bytes=2365 avg=2040 kbps
[openvenc][rc] f=190 P qp=16 bytes=1359 avg=2033 kbps
[openvenc][rc] f=191 P qp=16 bytes=1166 avg=2025 kbps
[openvenc][rc] f=192 P qp=16 bytes=1114 avg=2017 kbps
[openvenc][rc] f=193 P qp=16 bytes=1121 avg=2010 kbps
[openvenc][rc] f=194 P qp=16 bytes=1105 avg=2002 kbps
[openvenc][rc] f=195 P qp=16 bytes=1081 avg=1994 kbps
[openvenc][rc] f=196 P qp=16 bytes=1069 avg=1987 kbps
[openvenc][rc] f=197 P qp=16 bytes=1071 avg=1979 kbps
[openvenc][rc] f=198 P qp=16 bytes=1051 avg=1972 kbps
[openvenc][rc] f=199 P qp=16 bytes=1050 avg=1965 kbps
[openvenc][rc] f=200 P qp=16 bytes=1044 avg=1957 kbps
[openvenc][rc] f=201 P qp=16 bytes=1048 avg=1950 kbps
[openvenc][rc] f=202 P qp=16 bytes=1045 avg=1943 kbps
[openvenc][rc] f=203 P qp=16 bytes=1049 avg=1936 kbps
[openvenc][rc] f=204 P qp=16 bytes=1043 avg=1929 kbps
[openvenc][rc] f=205 P qp=16 bytes=1050 avg=1922 kbps
[openvenc][rc] f=206 P qp=16 bytes=1044 avg=1915 kbps
[openvenc][rc] f=207 P qp=16 bytes=1048 avg=1908 kbps
[openvenc][rc] f=208 P qp=16 bytes=1045 avg=1901 kbps
[openvenc][rc] f=209 P qp=16 bytes=1049 avg=1895 kbps
[openvenc][rc] f=210 IDR qp=18 bytes=63521 avg=2028 kbps
[openvenc][rc] f=211 P qp=21 bytes=1607 avg=2022 kbps
[openvenc][rc] f=212 P qp=20 bytes=1237 avg=2015 kbps
[openvenc][rc] f=213 P qp=19 bytes=1466 avg=2009 kbps
[openvenc][rc] f=214 P qp=18 bytes=1706 avg=2003 kbps
[openvenc][rc] f=215 P qp=17 bytes=2905 avg=2000 kbps
[openvenc][rc] f=216 P qp=16 bytes=4690 avg=2001 kbps
[openvenc][rc] f=217 P qp=16 bytes=1730 avg=1996 kbps
[openvenc][rc] f=218 P qp=16 bytes=1070 avg=1989 kbps
[openvenc][rc] f=219 P qp=16 bytes=936 avg=1982 kbps
[openvenc][rc] f=220 P qp=16 bytes=912 avg=1975 kbps
[openvenc][rc] f=221 P qp=16 bytes=911 avg=1968 kbps
[openvenc][rc] f=222 P qp=16 bytes=910 avg=1961 kbps
[openvenc][rc] f=223 P qp=16 bytes=918 avg=1954 kbps
[openvenc][rc] f=224 P qp=16 bytes=908 avg=1947 kbps
[openvenc][rc] f=225 P qp=16 bytes=923 avg=1941 kbps
[openvenc][rc] f=226 P qp=16 bytes=913 avg=1934 kbps
[openvenc][rc] f=227 P qp=16 bytes=921 avg=1928 kbps
[openvenc][rc] f=228 P qp=16 bytes=908 avg=1921 kbps
[openvenc][rc] f=229 P qp=16 bytes=894 avg=1914 kbps
[openvenc][rc] f=230 P qp=16 bytes=904 avg=1908 kbps
[openvenc][rc] f=231 P qp=16 bytes=905 avg=1902 kbps
[openvenc][rc] f=232 P qp=16 bytes=912 avg=1895 kbps
[openvenc][rc] f=233 P qp=16 bytes=903 avg=1889 kbps
[openvenc][rc] f=234 P qp=16 bytes=897 avg=1883 kbps
[openvenc][rc] f=235 P qp=16 bytes=897 avg=1877 kbps
[openvenc][rc] f=236 P qp=16 bytes=895 avg=1870 kbps
[openvenc][rc] f=237 P qp=16 bytes=895 avg=1864 kbps
[openvenc][rc] f=238 P qp=16 bytes=889 avg=1858 kbps
[openvenc][rc] f=239 P qp=16 bytes=892 avg=1852 kbps
[openvenc][rc] f=240 IDR qp=16 bytes=69464 avg=1981 kbps
[openvenc][rc] f=241 P qp=19 bytes=1918 avg=1976 kbps
[openvenc][rc] f=242 P qp=18 bytes=1329 avg=1971 kbps
[openvenc][rc] f=243 P qp=17 bytes=1793 avg=1966 kbps
[openvenc][rc] f=244 P qp=16 bytes=1934 avg=1962 kbps
[openvenc][rc] f=245 P qp=16 bytes=928 avg=1956 kbps
[openvenc][rc] f=246 P qp=16 bytes=816 avg=1949 kbps
[openvenc][rc] f=247 P qp=16 bytes=751 avg=1943 kbps
[openvenc][rc] f=248 P qp=16 bytes=738 avg=1936 kbps
[openvenc][rc] f=249 P qp=16 bytes=724 avg=1930 kbps
[openvenc][rc] f=250 P qp=16 bytes=731 avg=1924 kbps
[openvenc][rc] f=251 P qp=16 bytes=712 avg=1917 kbps
[openvenc][rc] f=252 P qp=16 bytes=705 avg=1911 kbps
[openvenc][rc] f=253 P qp=16 bytes=713 avg=1905 kbps
[openvenc][rc] f=254 P qp=16 bytes=717 avg=1899 kbps
[openvenc][rc] f=255 P qp=16 bytes=713 avg=1893 kbps
[openvenc][rc] f=256 P qp=16 bytes=717 avg=1887 kbps
[openvenc][rc] f=257 P qp=16 bytes=714 avg=1881 kbps
[openvenc][rc] f=258 P qp=16 bytes=716 avg=1875 kbps
[openvenc][rc] f=259 P qp=16 bytes=702 avg=1869 kbps
[openvenc][rc] f=260 P qp=16 bytes=717 avg=1863 kbps
[openvenc][rc] f=261 P qp=16 bytes=713 avg=1857 kbps
[openvenc][rc] f=262 P qp=16 bytes=717 avg=1851 kbps
[openvenc][rc] f=263 P qp=16 bytes=714 avg=1846 kbps
[openvenc][rc] f=264 P qp=16 bytes=716 avg=1840 kbps
[openvenc][rc] f=265 P qp=16 bytes=712 avg=1834 kbps
[openvenc][rc] f=266 P qp=16 bytes=705 avg=1829 kbps
[openvenc][rc] f=267 P qp=16 bytes=702 avg=1823 kbps
[openvenc][rc] f=268 P qp=16 bytes=705 avg=1818 kbps
[openvenc][rc] f=269 P qp=16 bytes=702 avg=1812 kbps
[openvenc][rc] f=270 IDR qp=16 bytes=69464 avg=1926 kbps
[openvenc][rc] f=271 P qp=19 bytes=1918 avg=1923 kbps
[openvenc][rc] f=272 P qp=18 bytes=1329 avg=1918 kbps
[openvenc][rc] f=273 P qp=17 bytes=1793 avg=1914 kbps
[openvenc][rc] f=274 P qp=16 bytes=1934 avg=1910 kbps
[openvenc][rc] f=275 P qp=16 bytes=928 avg=1905 kbps
[openvenc][rc] f=276 P qp=16 bytes=816 avg=1899 kbps
[openvenc][rc] f=277 P qp=16 bytes=751 avg=1894 kbps
[openvenc][rc] f=278 P qp=16 bytes=738 avg=1888 kbps
[openvenc][rc] f=279 P qp=16 bytes=724 avg=1883 kbps
[openvenc][rc] f=280 P qp=16 bytes=731 avg=1877 kbps
[openvenc][rc] f=281 P qp=16 bytes=712 avg=1872 kbps
[openvenc][rc] f=282 P qp=16 bytes=705 avg=1866 kbps
[openvenc][rc] f=283 P qp=16 bytes=713 avg=1861 kbps
[openvenc][rc] f=284 P qp=16 bytes=717 avg=1856 kbps
[openvenc][rc] f=285 P qp=16 bytes=713 avg=1850 kbps
[openvenc][rc] f=286 P qp=16 bytes=717 avg=1845 kbps
[openvenc][rc] f=287 P qp=16 bytes=714 avg=1840 kbps
[openvenc][rc] f=288 P qp=16 bytes=716 avg=1835 kbps
[openvenc][rc] f=289 P qp=16 bytes=702 avg=1830 kbps
[openvenc][rc] f=290 P qp=16 bytes=717 avg=1824 kbps
[openvenc][rc] f=291 P qp=16 bytes=713 avg=1819 kbps
[openvenc][rc] f=292 P qp=16 bytes=717 avg=1814 kbps
[openvenc][rc] f=293 P qp=16 bytes=714 avg=1809 kbps
[openvenc][rc] f=294 P qp=16 bytes=716 avg=1804 kbps
[openvenc][rc] f=295 P qp=16 bytes=712 avg=1799 kbps
[openvenc][rc] f=296 P qp=16 bytes=705 avg=1794 kbps
[openvenc][rc] f=297 P qp=16 bytes=702 avg=1789 kbps
[openvenc][rc] f=298 P qp=16 bytes=705 avg=1785 kbps
[openvenc][rc] f=299 P qp=16 bytes=702 avg=1780 kbps
[openvenc][rc] f=300 IDR qp=16 bytes=69464 avg=1883 kbps
[openvenc][rc] f=301 P qp=19 bytes=1918 avg=1879 kbps
[openvenc][rc] f=302 P qp=18 bytes=1329 avg=1875 kbps
[openvenc][rc] f=303 P qp=17 bytes=1793 avg=1872 kbps
[openvenc][rc] f=304 P qp=16 bytes=1934 avg=1869 kbps
[openvenc][rc] f=305 P qp=16 bytes=928 avg=1864 kbps
[openvenc][rc] f=306 P qp=16 bytes=816 avg=1859 kbps
[openvenc][rc] f=307 P qp=16 bytes=751 avg=1854 kbps
[openvenc][rc] f=308 P qp=16 bytes=738 avg=1850 kbps
[openvenc][rc] f=309 P qp=16 bytes=724 avg=1845 kbps
[openvenc][rc] f=310 P qp=16 bytes=731 avg=1840 kbps
[openvenc][rc] f=311 P qp=16 bytes=712 avg=1835 kbps
[openvenc][rc] f=312 P qp=16 bytes=705 avg=1830 kbps
[openvenc][rc] f=313 P qp=16 bytes=713 avg=1825 kbps
[openvenc][rc] f=314 P qp=16 bytes=717 avg=1821 kbps
[openvenc][rc] f=315 P qp=16 bytes=713 avg=1816 kbps
[openvenc][rc] f=316 P qp=16 bytes=717 avg=1811 kbps
[openvenc][rc] f=317 P qp=16 bytes=714 avg=1807 kbps
[openvenc][rc] f=318 P qp=16 bytes=716 avg=1802 kbps
[openvenc][rc] f=319 P qp=16 bytes=702 avg=1798 kbps
[openvenc][rc] f=320 P qp=16 bytes=717 avg=1793 kbps
[openvenc][rc] f=321 P qp=16 bytes=713 avg=1789 kbps
[openvenc][rc] f=322 P qp=16 bytes=717 avg=1784 kbps
[openvenc][rc] f=323 P qp=16 bytes=714 avg=1780 kbps
[openvenc][rc] f=324 P qp=16 bytes=716 avg=1775 kbps
[openvenc][rc] f=325 P qp=16 bytes=712 avg=1771 kbps
[openvenc][rc] f=326 P qp=16 bytes=705 avg=1766 kbps
[openvenc][rc] f=327 P qp=16 bytes=702 avg=1762 kbps
[openvenc][rc] f=328 P qp=16 bytes=705 avg=1758 kbps
[openvenc][rc] f=329 P qp=16 bytes=702 avg=1753 kbps
[openvenc][rc] f=330 IDR qp=16 bytes=69464 avg=1847 kbps
[openvenc][rc] f=331 P qp=19 bytes=1918 avg=1844 kbps
[openvenc][rc] f=332 P qp=18 bytes=1329 avg=1841 kbps
[openvenc][rc] f=333 P qp=17 bytes=1793 avg=1838 kbps
[openvenc][rc] f=334 P qp=16 bytes=1934 avg=1835 kbps
[openvenc][rc] f=335 P qp=16 bytes=928 avg=1831 kbps
[openvenc][rc] f=336 P qp=16 bytes=816 avg=1826 kbps
[openvenc][rc] f=337 P qp=16 bytes=751 avg=1822 kbps
[openvenc][rc] f=338 P qp=16 bytes=738 avg=1818 kbps
[openvenc][rc] f=339 P qp=16 bytes=724 avg=1813 kbps
[openvenc][rc] f=340 P qp=16 bytes=731 avg=1809 kbps
[openvenc][rc] f=341 P qp=16 bytes=712 avg=1805 kbps
[openvenc][rc] f=342 P qp=16 bytes=705 avg=1800 kbps
[openvenc][rc] f=343 P qp=16 bytes=713 avg=1796 kbps
[openvenc][rc] f=344 P qp=16 bytes=717 avg=1792 kbps
[openvenc][rc] f=345 P qp=16 bytes=713 avg=1788 kbps
[openvenc][rc] f=346 P qp=16 bytes=717 avg=1784 kbps
[openvenc][rc] f=347 P qp=16 bytes=714 avg=1779 kbps
[openvenc][rc] f=348 P qp=16 bytes=716 avg=1775 kbps
[openvenc][rc] f=349 P qp=16 bytes=702 avg=1771 kbps
[openvenc][rc] f=350 P qp=16 bytes=717 avg=1767 kbps
[openvenc][rc] f=351 P qp=16 bytes=713 avg=1763 kbps
[openvenc][rc] f=352 P qp=16 bytes=717 avg=1759 kbps
[openvenc][rc] f=353 P qp=16 bytes=714 avg=1755 kbps
[openvenc][rc] f=354 P qp=16 bytes=716 avg=1751 kbps
[openvenc][rc] f=355 P qp=16 bytes=712 avg=1747 kbps
[openvenc][rc] f=356 P qp=16 bytes=705 avg=1743 kbps
[openvenc][rc] f=357 P qp=16 bytes=702 avg=1739 kbps
[openvenc][rc] f=358 P qp=16 bytes=705 avg=1735 kbps
[openvenc][rc] f=359 P qp=16 bytes=702 avg=1731 kbps
[openvenc][rc] f=360 IDR qp=16 bytes=69464 avg=1817 kbps
[openvenc][rc] f=361 P qp=19 bytes=1918 avg=1815 kbps
[openvenc][rc] f=362 P qp=18 bytes=1329 avg=1811 kbps
[openvenc][rc] f=363 P qp=17 bytes=1793 avg=1809 kbps
[openvenc][rc] f=364 P qp=16 bytes=1934 avg=1806 kbps
[openvenc][rc] f=365 P qp=16 bytes=928 avg=1803 kbps
[openvenc][rc] f=366 P qp=16 bytes=816 avg=1799 kbps
[openvenc][rc] f=367 P qp=16 bytes=751 avg=1795 kbps
[openvenc][rc] f=368 P qp=16 bytes=738 avg=1791 kbps
[openvenc][rc] f=369 P qp=16 bytes=724 avg=1787 kbps
[openvenc][rc] f=370 P qp=16 bytes=731 avg=1783 kbps
[openvenc][rc] f=371 P qp=16 bytes=712 avg=1779 kbps
[openvenc][rc] f=372 P qp=16 bytes=705 avg=1775 kbps
[openvenc][rc] f=373 P qp=16 bytes=713 avg=1772 kbps
[openvenc][rc] f=374 P qp=16 bytes=717 avg=1768 kbps
[openvenc][rc] f=375 P qp=16 bytes=713 avg=1764 kbps
[openvenc][rc] f=376 P qp=16 bytes=717 avg=1760 kbps
[openvenc][rc] f=377 P qp=16 bytes=714 avg=1756 kbps
[openvenc][rc] f=378 P qp=16 bytes=716 avg=1753 kbps
[openvenc][rc] f=379 P qp=16 bytes=702 avg=1749 kbps
[openvenc][rc] f=380 P qp=16 bytes=717 avg=1745 kbps
[openvenc][rc] f=381 P qp=16 bytes=713 avg=1741 kbps
[openvenc][rc] f=382 P qp=16 bytes=717 avg=1738 kbps
[openvenc][rc] f=383 P qp=16 bytes=714 avg=1734 kbps
[openvenc][rc] f=384 P qp=16 bytes=716 avg=1731 kbps
[openvenc][rc] f=385 P qp=16 bytes=712 avg=1727 kbps
[openvenc][rc] f=386 P qp=16 bytes=705 avg=1723 kbps
[openvenc][rc] f=387 P qp=16 bytes=702 avg=1720 kbps
[openvenc][rc] f=388 P qp=16 bytes=705 avg=1716 kbps
[openvenc][rc] f=389 P qp=16 bytes=702 avg=1713 kbps
[openvenc][rc] f=390 IDR qp=16 bytes=69464 avg=1792 kbps
[openvenc][rc] f=391 P qp=19 bytes=1918 avg=1790 kbps
[openvenc][rc] f=392 P qp=18 bytes=1329 avg=1787 kbps
[openvenc][rc] f=393 P qp=17 bytes=1793 avg=1784 kbps
[openvenc][rc] f=394 P qp=16 bytes=1934 avg=1782 kbps
[openvenc][rc] f=395 P qp=16 bytes=928 avg=1779 kbps
[openvenc][rc] f=396 P qp=16 bytes=816 avg=1775 kbps
[openvenc][rc] f=397 P qp=16 bytes=751 avg=1772 kbps
[openvenc][rc] f=398 P qp=16 bytes=738 avg=1768 kbps
[openvenc][rc] f=399 P qp=16 bytes=724 avg=1765 kbps
[openvenc][rc] f=400 P qp=16 bytes=731 avg=1761 kbps
[openvenc][rc] f=401 P qp=16 bytes=712 avg=1758 kbps
[openvenc][rc] f=402 P qp=16 bytes=705 avg=1754 kbps
[openvenc][rc] f=403 P qp=16 bytes=713 avg=1751 kbps
[openvenc][rc] f=404 P qp=16 bytes=717 avg=1747 kbps
[openvenc][rc] f=405 P qp=16 bytes=713 avg=1744 kbps
[openvenc][rc] f=406 P qp=16 bytes=717 avg=1740 kbps
[openvenc][rc] f=407 P qp=16 bytes=714 avg=1737 kbps
[openvenc][rc] f=408 P qp=16 bytes=716 avg=1733 kbps
[openvenc][rc] f=409 P qp=16 bytes=702 avg=1730 kbps
[openvenc][rc] f=410 P qp=16 bytes=717 avg=1726 kbps
[openvenc][rc] f=411 P qp=16 bytes=713 avg=1723 kbps
[openvenc][rc] f=412 P qp=16 bytes=717 avg=1720 kbps
[openvenc][rc] f=413 P qp=16 bytes=714 avg=1716 kbps
[openvenc][rc] f=414 P qp=16 bytes=716 avg=1713 kbps
[openvenc][rc] f=415 P qp=16 bytes=712 avg=1710 kbps
[openvenc][rc] f=416 P qp=16 bytes=705 avg=1706 kbps
[openvenc][rc] f=417 P qp=16 bytes=702 avg=1703 kbps
[openvenc][rc] f=418 P qp=16 bytes=705 avg=1700 kbps
[openvenc][rc] f=419 P qp=16 bytes=702 avg=1697 kbps
[openvenc][rc] f=420 IDR qp=16 bytes=69464 avg=1770 kbps
[openvenc][rc] f=421 P qp=19 bytes=1918 avg=1768 kbps
[openvenc][rc] f=422 P qp=18 bytes=1329 avg=1766 kbps
[openvenc][rc] f=423 P qp=17 bytes=1793 avg=1764 kbps
[openvenc][rc] f=424 P qp=16 bytes=1934 avg=1762 kbps
[openvenc][rc] f=425 P qp=16 bytes=928 avg=1758 kbps
[openvenc][rc] f=426 P qp=16 bytes=816 avg=1755 kbps
[openvenc][rc] f=427 P qp=16 bytes=751 avg=1752 kbps
[openvenc][rc] f=428 P qp=16 bytes=738 avg=1749 kbps
[openvenc][rc] f=429 P qp=16 bytes=724 avg=1745 kbps
[openvenc][rc] f=430 P qp=16 bytes=731 avg=1742 kbps
[openvenc][rc] f=431 P qp=16 bytes=712 avg=1739 kbps
[openvenc][rc] f=432 P qp=16 bytes=705 avg=1736 kbps
[openvenc][rc] f=433 P qp=16 bytes=713 avg=1732 kbps
[openvenc][rc] f=434 P qp=16 bytes=717 avg=1729 kbps
[openvenc][rc] f=435 P qp=16 bytes=713 avg=1726 kbps
[openvenc][rc] f=436 P qp=16 bytes=717 avg=1723 kbps
[openvenc][rc] f=437 P qp=16 bytes=714 avg=1720 kbps
[openvenc][rc] f=438 P qp=16 bytes=716 avg=1717 kbps
[openvenc][rc] f=439 P qp=16 bytes=702 avg=1713 kbps
[openvenc][rc] f=440 P qp=16 bytes=717 avg=1710 kbps
[openvenc][rc] f=441 P qp=16 bytes=713 avg=1707 kbps
[openvenc][rc] f=442 P qp=16 bytes=717 avg=1704 kbps
[openvenc][rc] f=443 P qp=16 bytes=714 avg=1701 kbps
[openvenc][rc] f=444 P qp=16 bytes=716 avg=1698 kbps
[openvenc][rc] f=445 P qp=16 bytes=712 avg=1695 kbps
[openvenc][rc] f=446 P qp=16 bytes=705 avg=1692 kbps
[openvenc][rc] f=447 P qp=16 bytes=702 avg=1689 kbps
[openvenc][rc] f=448 P qp=16 bytes=705 avg=1686 kbps
[openvenc][rc] f=449 P qp=16 bytes=702 avg=1683 kbps
[openvenc][rc] f=450 IDR qp=16 bytes=69464 avg=1752 kbps
[openvenc][rc] f=451 P qp=19 bytes=1918 avg=1750 kbps
[openvenc][rc] f=452 P qp=18 bytes=1329 avg=1747 kbps
[openvenc][rc] f=453 P qp=17 bytes=1793 avg=1745 kbps
[openvenc][rc] f=454 P qp=16 bytes=1934 avg=1744 kbps
[openvenc][rc] f=455 P qp=16 bytes=928 avg=1741 kbps
[openvenc][rc] f=456 P qp=16 bytes=816 avg=1738 kbps
[openvenc][rc] f=457 P qp=16 bytes=751 avg=1735 kbps
[openvenc][rc] f=458 P qp=16 bytes=738 avg=1732 kbps
[openvenc][rc] f=459 P qp=16 bytes=724 avg=1729 kbps
[openvenc][rc] f=460 P qp=16 bytes=731 avg=1726 kbps
[openvenc][rc] f=461 P qp=16 bytes=712 avg=1723 kbps
[openvenc][rc] f=462 P qp=16 bytes=705 avg=1720 kbps
[openvenc][rc] f=463 P qp=16 bytes=713 avg=1717 kbps
[openvenc][rc] f=464 P qp=16 bytes=717 avg=1714 kbps
[openvenc][rc] f=465 P qp=16 bytes=713 avg=1711 kbps
[openvenc][rc] f=466 P qp=16 bytes=717 avg=1708 kbps
[openvenc][rc] f=467 P qp=16 bytes=714 avg=1705 kbps
[openvenc][rc] f=468 P qp=16 bytes=716 avg=1702 kbps
[openvenc][rc] f=469 P qp=16 bytes=702 avg=1699 kbps
[openvenc][rc] f=470 P qp=16 bytes=717 avg=1696 kbps
[openvenc][rc] f=471 P qp=16 bytes=713 avg=1693 kbps
[openvenc][rc] f=472 P qp=16 bytes=717 avg=1690 kbps
[openvenc][rc] f=473 P qp=16 bytes=714 avg=1688 kbps
[openvenc][rc] f=474 P qp=16 bytes=716 avg=1685 kbps
[openvenc][rc] f=475 P qp=16 bytes=712 avg=1682 kbps
[openvenc][rc] f=476 P qp=16 bytes=705 avg=1679 kbps
[openvenc][rc] f=477 P qp=16 bytes=702 avg=1676 kbps
[openvenc][rc] f=478 P qp=16 bytes=705 avg=1673 kbps
[openvenc][rc] f=479 P qp=16 bytes=702 avg=1671 kbps
[openvenc][rc] f=480 IDR qp=16 bytes=69464 avg=1735 kbps
[openvenc][rc] f=481 P qp=19 bytes=1918 avg=1734 kbps
[openvenc][rc] f=482 P qp=18 bytes=1329 avg=1731 kbps
[openvenc][rc] f=483 P qp=17 bytes=1793 avg=1730 kbps
[openvenc][rc] f=484 P qp=16 bytes=1934 avg=1728 kbps
[openvenc][rc] f=485 P qp=16 bytes=928 avg=1725 kbps
[openvenc][rc] f=486 P qp=16 bytes=816 avg=1722 kbps
[openvenc][rc] f=487 P qp=16 bytes=751 avg=1720 kbps
[openvenc][rc] f=488 P qp=16 bytes=738 avg=1717 kbps
[openvenc][rc] f=489 P qp=16 bytes=724 avg=1714 kbps
[openvenc][rc] f=490 P qp=16 bytes=731 avg=1711 kbps
[openvenc][rc] f=491 P qp=16 bytes=712 avg=1708 kbps
[openvenc][rc] f=492 P qp=16 bytes=705 avg=1706 kbps
[openvenc][rc] f=493 P qp=16 bytes=713 avg=1703 kbps
[openvenc][rc] f=494 P qp=16 bytes=717 avg=1700 kbps
[openvenc][rc] f=495 P qp=16 bytes=713 avg=1697 kbps
[openvenc][rc] f=496 P qp=16 bytes=717 avg=1695 kbps
[openvenc][rc] f=497 P qp=16 bytes=714 avg=1692 kbps
[openvenc][rc] f=498 P qp=16 bytes=716 avg=1689 kbps
[openvenc][rc] f=499 P qp=16 bytes=702 avg=1686 kbps
[openvenc][rc] f=500 P qp=16 bytes=717 avg=1684 kbps
[openvenc][rc] f=501 P qp=16 bytes=713 avg=1681 kbps
[openvenc][rc] f=502 P qp=16 bytes=717 avg=1678 kbps
[openvenc][rc] f=503 P qp=16 bytes=714 avg=1676 kbps
[openvenc][rc] f=504 P qp=16 bytes=716 avg=1673 kbps
[openvenc][rc] f=505 P qp=16 bytes=712 avg=1670 kbps
[openvenc][rc] f=506 P qp=16 bytes=705 avg=1668 kbps
[openvenc][rc] f=507 P qp=16 bytes=702 avg=1665 kbps
[openvenc][rc] f=508 P qp=16 bytes=705 avg=1663 kbps
[openvenc][rc] f=509 P qp=16 bytes=702 avg=1660 kbps
[openvenc][rc] f=510 IDR qp=16 bytes=69464 avg=1721 kbps
[openvenc][rc] f=511 P qp=19 bytes=1918 avg=1719 kbps
[openvenc][rc] f=512 P qp=18 bytes=1329 avg=1717 kbps
[openvenc][rc] f=513 P qp=17 bytes=1793 avg=1715 kbps
[openvenc][rc] f=514 P qp=16 bytes=1934 avg=1714 kbps
[openvenc][rc] f=515 P qp=16 bytes=928 avg=1711 kbps
[openvenc][rc] f=516 P qp=16 bytes=816 avg=1709 kbps
[openvenc][rc] f=517 P qp=16 bytes=751 avg=1706 kbps
[openvenc][rc] f=518 P qp=16 bytes=738 avg=1704 kbps
[openvenc][rc] f=519 P qp=16 bytes=724 avg=1701 kbps
[openvenc][rc] f=520 P qp=16 bytes=731 avg=1698 kbps
[openvenc][rc] f=521 P qp=16 bytes=712 avg=1696 kbps
[openvenc][rc] f=522 P qp=16 bytes=705 avg=1693 kbps
[openvenc][rc] f=523 P qp=16 bytes=713 avg=1691 kbps
[openvenc][rc] f=524 P qp=16 bytes=717 avg=1688 kbps
[openvenc][rc] f=525 P qp=16 bytes=713 avg=1685 kbps
[openvenc][rc] f=526 P qp=16 bytes=717 avg=1683 kbps
[openvenc][rc] f=527 P qp=16 bytes=714 avg=1680 kbps
[openvenc][rc] f=528 P qp=16 bytes=716 avg=1678 kbps
[openvenc][rc] f=529 P qp=16 bytes=702 avg=1675 kbps
[openvenc][rc] f=530 P qp=16 bytes=717 avg=1673 kbps
[openvenc][rc] f=531 P qp=16 bytes=713 avg=1670 kbps
[openvenc][rc] f=532 P qp=16 bytes=717 avg=1668 kbps
[openvenc][rc] f=533 P qp=16 bytes=714 avg=1665 kbps
[openvenc][rc] f=534 P qp=16 bytes=716 avg=1663 kbps
[openvenc][rc] f=535 P qp=16 bytes=712 avg=1660 kbps
[openvenc][rc] f=536 P qp=16 bytes=705 avg=1658 kbps
[openvenc][rc] f=537 P qp=16 bytes=702 avg=1655 kbps
[openvenc][rc] f=538 P qp=16 bytes=705 avg=1653 kbps
[openvenc][rc] f=539 P qp=16 bytes=702 avg=1650 kbps
[openvenc][rc] f=540 IDR qp=16 bytes=69464 avg=1708 kbps
[openvenc][rc] f=541 P qp=19 bytes=1918 avg=1707 kbps
[openvenc][rc] f=542 P qp=18 bytes=1329 avg=1705 kbps
[openvenc][rc] f=543 P qp=17 bytes=1793 avg=1703 kbps
[openvenc][rc] f=544 P qp=16 bytes=1934 avg=1702 kbps
[openvenc][rc] f=545 P qp=16 bytes=928 avg=1699 kbps
[openvenc][rc] f=546 P qp=16 bytes=816 avg=1697 kbps
[openvenc][rc] f=547 P qp=16 bytes=751 avg=1694 kbps
[openvenc][rc] f=548 P qp=16 bytes=738 avg=1692 kbps
[openvenc][rc] f=549 P qp=16 bytes=724 avg=1689 kbps
[openvenc][rc] f=550 P qp=16 bytes=731 avg=1687 kbps
[openvenc][rc] f=551 P qp=16 bytes=712 avg=1685 kbps
[openvenc][rc] f=552 P qp=16 bytes=705 avg=1682 kbps
[openvenc][rc] f=553 P qp=16 bytes=713 avg=1680 kbps
[openvenc][rc] f=554 P qp=16 bytes=717 avg=1677 kbps
[openvenc][rc] f=555 P qp=16 bytes=713 avg=1675 kbps
[openvenc][rc] f=556 P qp=16 bytes=717 avg=1672 kbps
[openvenc][rc] f=557 P qp=16 bytes=714 avg=1670 kbps
[openvenc][rc] f=558 P qp=16 bytes=716 avg=1668 kbps
[openvenc][rc] f=559 P qp=16 bytes=702 avg=1665 kbps
[openvenc][rc] f=560 P qp=16 bytes=717 avg=1663 kbps
[openvenc][rc] f=561 P qp=16 bytes=713 avg=1661 kbps
[openvenc][rc] f=562 P qp=16 bytes=717 avg=1658 kbps
[openvenc][rc] retarget 2000 kbps @ 59 fps
[openvenc][rc] f=563 P qp=16 bytes=714 avg=1656 kbps
[openvenc][rc] f=564 P qp=16 bytes=716 avg=1654 kbps
[openvenc][rc] f=565 P qp=16 bytes=712 avg=1651 kbps
[openvenc][rc] f=566 P qp=16 bytes=705 avg=1649 kbps
[openvenc][rc] f=567 P qp=16 bytes=702 avg=1647 kbps
[openvenc][rc] f=568 P qp=16 bytes=705 avg=1644 kbps
[openvenc][rc] f=569 P qp=16 bytes=702 avg=1642 kbps
[openvenc][rc] f=570 IDR qp=37 bytes=24101 avg=1659 kbps
[openvenc][rc] f=571 P qp=40 bytes=776 avg=1657 kbps
[openvenc][rc] f=572 P qp=39 bytes=743 avg=1654 kbps
[openvenc][rc] f=573 P qp=38 bytes=796 avg=1652 kbps
[openvenc][rc] f=574 P qp=37 bytes=1057 avg=1650 kbps
[openvenc][rc] f=575 P qp=36 bytes=1226 avg=1648 kbps
[openvenc][rc] f=576 P qp=35 bytes=1886 avg=1647 kbps
[openvenc][rc] f=577 P qp=34 bytes=5031 avg=1648 kbps
[openvenc][rc] f=578 P qp=34 bytes=1234 avg=1647 kbps
[openvenc][rc] f=579 P qp=33 bytes=4708 avg=1647 kbps
[openvenc][rc] f=580 P qp=32 bytes=5265 avg=1649 kbps
[openvenc][rc] f=581 P qp=32 bytes=1568 avg=1647 kbps
[openvenc][rc] f=582 P qp=31 bytes=6442 avg=1650 kbps
[openvenc][rc] f=583 P qp=31 bytes=1643 avg=1648 kbps
[openvenc][rc] f=584 P qp=30 bytes=4801 avg=1649 kbps
[openvenc][rc] f=585 P qp=28 bytes=10275 avg=1655 kbps
[openvenc][rc] f=586 P qp=30 bytes=967 avg=1653 kbps
[openvenc][rc] f=587 P qp=29 bytes=1155 avg=1651 kbps
[openvenc][rc] f=588 P qp=28 bytes=1853 avg=1650 kbps
[openvenc][rc] f=589 P qp=27 bytes=5325 avg=1651 kbps
[openvenc][rc] f=590 P qp=26 bytes=6144 avg=1653 kbps
[openvenc][rc] f=591 P qp=26 bytes=1822 avg=1652 kbps
[openvenc][rc] f=592 P qp=26 bytes=1176 avg=1650 kbps
[openvenc][rc] f=593 P qp=26 bytes=1080 avg=1648 kbps
[openvenc][rc] f=594 P qp=26 bytes=1055 avg=1646 kbps
[openvenc][rc] f=595 P qp=26 bytes=1085 avg=1644 kbps
[openvenc][rc] f=596 P qp=26 bytes=1026 avg=1642 kbps
[openvenc][rc] f=597 P qp=26 bytes=999 avg=1640 kbps
[openvenc][rc] f=598 P qp=26 bytes=978 avg=1638 kbps
[openvenc][rc] f=599 P qp=26 bytes=1001 avg=1636 kbps
[openvenc][rc] f=600 IDR qp=35 bytes=27038 avg=1655 kbps
[openvenc][rc] f=601 P qp=38 bytes=768 avg=1653 kbps
[openvenc][rc] f=602 P qp=37 bytes=753 avg=1651 kbps
[openvenc][rc] f=603 P qp=36 bytes=866 avg=1649 kbps
[openvenc][rc] f=604 P qp=35 bytes=1020 avg=1647 kbps
[openvenc][rc] f=605 P qp=34 bytes=1231 avg=1645 kbps
[openvenc][rc] f=606 P qp=33 bytes=2439 avg=1644 kbps
[openvenc][rc] f=607 P qp=32 bytes=5218 avg=1645 kbps
[openvenc][rc] f=608 P qp=34 bytes=705 avg=1643 kbps
[openvenc][rc] f=609 P qp=33 bytes=923 avg=1641 kbps
[openvenc][rc] f=610 P qp=32 bytes=1436 avg=1640 kbps
[openvenc][rc] f=611 P qp=31 bytes=5860 avg=1641 kbps
[openvenc][rc] f=612 P qp=31 bytes=1540 avg=1640 kbps
[openvenc][rc] f=613 P qp=30 bytes=4830 avg=1641 kbps
[openvenc][rc] f=614 P qp=30 bytes=1443 avg=1639 kbps
[openvenc][rc] f=615 P qp=29 bytes=5805 avg=1641 kbps
[openvenc][rc] f=616 P qp=29 bytes=1559 avg=1640 kbps
[openvenc][rc] f=617 P qp=28 bytes=6258 avg=1642 kbps
[openvenc][rc] f=618 P qp=28 bytes=1753 avg=1641 kbps
[openvenc][rc] f=619 P qp=27 bytes=5728 avg=1642 kbps
[openvenc][rc] f=620 P qp=27 bytes=1809 avg=1641 kbps
[openvenc][rc] f=621 P qp=26 bytes=5864 avg=1643 kbps
[openvenc][rc] f=622 P qp=26 bytes=1832 avg=1642 kbps
[openvenc][rc] f=623 P qp=25 bytes=7182 avg=1644 kbps
[openvenc][rc] f=624 P qp=25 bytes=1914 avg=1643 kbps
[openvenc][rc] f=625 P qp=24 bytes=5309 avg=1645 kbps
[openvenc][rc] f=626 P qp=24 bytes=1802 avg=1643 kbps
[openvenc][rc] f=627 P qp=24 bytes=1309 avg=1642 kbps
[openvenc][rc] f=628 P qp=24 bytes=1176 avg=1640 kbps
[openvenc][rc] f=629 P qp=24 bytes=1209 avg=1638 kbps
[openvenc][rc] f=630 IDR qp=33 bytes=30598 avg=1659 kbps
[openvenc][rc] f=631 P qp=36 bytes=701 avg=1656 kbps
[openvenc][rc] f=632 P qp=35 bytes=684 avg=1654 kbps
[openvenc][rc] f=633 P qp=34 bytes=745 avg=1652 kbps
[openvenc][rc] f=634 P qp=33 bytes=1076 avg=1651 kbps
[openvenc][rc] f=635 P qp=32 bytes=1231 avg=1649 kbps
[openvenc][rc] f=636 P qp=31 bytes=2940 avg=1648 kbps
[openvenc][rc] f=637 P qp=30 bytes=4643 avg=1649 kbps
[openvenc][rc] f=638 P qp=30 bytes=1254 avg=1648 kbps
[openvenc][rc] f=639 P qp=29 bytes=5325 avg=1649 kbps
[openvenc][rc] f=640 P qp=29 bytes=1316 avg=1647 kbps
[openvenc][rc] f=641 P qp=28 bytes=6284 avg=1649 kbps
[openvenc][rc] f=642 P qp=28 bytes=1619 avg=1648 kbps
[openvenc][rc] f=643 P qp=27 bytes=5430 avg=1649 kbps
[openvenc][rc] f=644 P qp=27 bytes=1618 avg=1648 kbps
[openvenc][rc] f=645 P qp=26 bytes=5736 avg=1650 kbps
[openvenc][rc] f=646 P qp=26 bytes=1841 avg=1649 kbps
[openvenc][rc] f=647 P qp=25 bytes=6913 avg=1651 kbps
[openvenc][rc] f=648 P qp=25 bytes=2124 avg=1650 kbps
[openvenc][rc] f=649 P qp=24 bytes=5535 avg=1652 kbps
[openvenc][rc] f=650 P qp=23 bytes=8501 avg=1655 kbps
[openvenc][rc] f=651 P qp=25 bytes=1009 avg=1653 kbps
[openvenc][rc] f=652 P qp=24 bytes=1228 avg=1652 kbps
[openvenc][rc] f=653 P qp=23 bytes=2186 avg=1651 kbps
[openvenc][rc] f=654 P qp=22 bytes=6652 avg=1653 kbps
[openvenc][rc] f=655 P qp=22 bytes=1929 avg=1652 kbps
[openvenc][rc] f=656 P qp=22 bytes=1176 avg=1650 kbps
[openvenc][rc] f=657 P qp=22 bytes=1101 avg=1648 kbps
[openvenc][rc] f=658 P qp=22 bytes=1036 avg=1647 kbps
[openvenc][rc] f=659 P qp=22 bytes=1013 avg=1645 kbps
[openvenc][rc] f=660 IDR qp=31 bytes=34851 avg=1667 kbps
[openvenc][rc] f=661 P qp=34 bytes=692 avg=1665 kbps
[openvenc][rc] f=662 P qp=33 bytes=829 avg=1663 kbps
[openvenc][rc] f=663 P qp=32 bytes=922 avg=1662 kbps
[openvenc][rc] f=664 P qp=31 bytes=1101 avg=1660 kbps
[openvenc][rc] f=665 P qp=30 bytes=1356 avg=1658 kbps
[openvenc][rc] f=666 P qp=29 bytes=1931 avg=1657 kbps
[openvenc][rc] f=667 P qp=28 bytes=4991 avg=1658 kbps
[openvenc][rc] f=668 P qp=28 bytes=1662 avg=1657 kbps
[openvenc][rc] f=669 P qp=27 bytes=5326 avg=1658 kbps
[openvenc][rc] f=670 P qp=27 bytes=1592 avg=1657 kbps
[openvenc][rc] f=671 P qp=26 bytes=5992 avg=1659 kbps
[openvenc][rc] f=672 P qp=26 bytes=1681 avg=1657 kbps
[openvenc][rc] f=673 P qp=25 bytes=6797 avg=1660 kbps
[openvenc][rc] f=674 P qp=25 bytes=1729 avg=1658 kbps
[openvenc][rc] f=675 P qp=24 bytes=5121 avg=1659 kbps
[openvenc][rc] f=676 P qp=24 bytes=1768 avg=1658 kbps
[openvenc][rc] f=677 P qp=23 bytes=7110 avg=1661 kbps
[openvenc][rc] f=678 P qp=23 bytes=2141 avg=1660 kbps
[openvenc][rc] f=679 P qp=22 bytes=7251 avg=1662 kbps
[openvenc][rc] f=680 P qp=22 bytes=2057 avg=1661 kbps
[openvenc][rc] f=681 P qp=21 bytes=6461 avg=1663 kbps
[openvenc][rc] f=682 P qp=21 bytes=1901 avg=1662 kbps
[openvenc][rc] f=683 P qp=20 bytes=6154 avg=1664 kbps
[openvenc][rc] f=684 P qp=20 bytes=1872 avg=1663 kbps
[openvenc][rc] f=685 P qp=20 bytes=1320 avg=1661 kbps
[openvenc][rc] f=686 P qp=20 bytes=1136 avg=1660 kbps
[openvenc][rc] f=687 P qp=20 bytes=1061 avg=1658 kbps
[openvenc][rc] f=688 P qp=20 bytes=1025 avg=1656 kbps
[openvenc][rc] f=689 P qp=20 bytes=1044 avg=1655 kbps
[openvenc][rc] f=690 IDR qp=29 bytes=37990 avg=1678 kbps
[openvenc][rc] f=691 P qp=32 bytes=720 avg=1676 kbps
[openvenc][rc] f=692 P qp=31 bytes=820 avg=1675 kbps
[openvenc][rc] f=693 P qp=30 bytes=1028 avg=1673 kbps
[openvenc][rc] f=694 P qp=29 bytes=1010 avg=1671 kbps
[openvenc][rc] f=695 P qp=28 bytes=1605 avg=1670 kbps
[openvenc][rc] f=696 P qp=27 bytes=2788 avg=1669 kbps
[openvenc][rc] f=697 P qp=25 bytes=9679 avg=1673 kbps
[openvenc][rc] f=698 P qp=25 bytes=1937 avg=1672 kbps
[openvenc][rc] f=699 P qp=24 bytes=4865 avg=1673 kbps
[openvenc][rc] f=700 P qp=24 bytes=1634 avg=1672 kbps
[openvenc][rc] f=701 P qp=23 bytes=7564 avg=1675 kbps
[openvenc][rc] f=702 P qp=23 bytes=1914 avg=1674 kbps
[openvenc][rc] f=703 P qp=22 bytes=6614 avg=1676 kbps
[openvenc][rc] f=704 P qp=22 bytes=2023 avg=1675 kbps
[openvenc][rc] f=705 P qp=21 bytes=6205 avg=1676 kbps
[openvenc][rc] f=706 P qp=21 bytes=2094 avg=1675 kbps
[openvenc][rc] f=707 P qp=20 bytes=6388 avg=1677 kbps
[openvenc][rc] f=708 P qp=20 bytes=1867 avg=1676 kbps
[openvenc][rc] f=709 P qp=19 bytes=7596 avg=1679 kbps
[openvenc][rc] f=710 P qp=19 bytes=2489 avg=1678 kbps
[openvenc][rc] f=711 P qp=18 bytes=6062 avg=1680 kbps
[openvenc][rc] f=712 P qp=20 bytes=849 avg=1678 kbps
[openvenc][rc] f=713 P qp=19 bytes=1183 avg=1676 kbps
[openvenc][rc] f=714 P qp=18 bytes=1910 avg=1675 kbps
[openvenc][rc] f=715 P qp=18 bytes=1123 avg=1674 kbps
[openvenc][rc] f=716 P qp=18 bytes=1004 avg=1672 kbps
[openvenc][rc] f=717 P qp=18 bytes=933 avg=1670 kbps
[openvenc][rc] f=718 P qp=18 bytes=985 avg=1669 kbps
[openvenc][rc] f=719 P qp=18 bytes=922 avg=1667 kbps
[openvenc][rc] f=720 IDR qp=27 bytes=42090 avg=1692 kbps
[openvenc][rc] f=721 P qp=30 bytes=828 avg=1690 kbps
[openvenc][rc] f=722 P qp=29 bytes=1045 avg=1689 kbps
[openvenc][rc] f=723 P qp=28 bytes=1054 avg=1687 kbps
[openvenc][rc] f=724 P qp=27 bytes=1445 avg=1686 kbps
[openvenc][rc] f=725 P qp=26 bytes=1465 avg=1684 kbps
[openvenc][rc] f=726 P qp=25 bytes=3692 avg=1684 kbps
[openvenc][rc] f=727 P qp=25 bytes=1411 avg=1683 kbps
[openvenc][rc] f=728 P qp=24 bytes=4815 avg=1684 kbps
[openvenc][rc] f=729 P qp=24 bytes=1666 avg=1683 kbps
[openvenc][rc] f=730 P qp=23 bytes=7270 avg=1685 kbps
[openvenc][rc] f=731 P qp=23 bytes=1899 avg=1684 kbps
[openvenc][rc] f=732 P qp=22 bytes=6396 avg=1686 kbps
[openvenc][rc] f=733 P qp=22 bytes=1807 avg=1685 kbps
[openvenc][rc] f=734 P qp=21 bytes=6022 avg=1686 kbps
[openvenc][rc] f=735 P qp=21 bytes=1839 avg=1685 kbps
[openvenc][rc] f=736 P qp=20 bytes=6154 avg=1687 kbps
[openvenc][rc] f=737 P qp=20 bytes=2046 avg=1686 kbps
[openvenc][rc] f=738 P qp=18 bytes=10720 avg=1690 kbps
[openvenc][rc] f=739 P qp=18 bytes=2734 avg=1690 kbps
[openvenc][rc] f=740 P qp=18 bytes=1412 avg=1688 kbps
[openvenc][rc] f=741 P qp=17 bytes=8566 avg=1692 kbps
[openvenc][rc] f=742 P qp=17 bytes=2714 avg=1691 kbps
[openvenc][rc] f=743 P qp=17 bytes=1367 avg=1690 kbps
[openvenc][rc] f=744 P qp=16 bytes=6907 avg=1692 kbps
[openvenc][rc] f=745 P qp=16 bytes=2377 avg=1691 kbps
[openvenc][rc] f=746 P qp=16 bytes=1326 avg=1690 kbps
[openvenc][rc] f=747 P qp=16 bytes=1209 avg=1688 kbps
[openvenc][rc] f=748 P qp=16 bytes=1166 avg=1687 kbps
[openvenc][rc] f=749 P qp=16 bytes=1139 avg=1685 kbps
[openvenc][rc] f=750 IDR qp=25 bytes=46848 avg=1712 kbps
[openvenc][rc] f=751 P qp=28 bytes=860 avg=1710 kbps
[openvenc][rc] f=752 P qp=27 bytes=778 avg=1709 kbps
[openvenc][rc] f=753 P qp=26 bytes=806 avg=1707 kbps
[openvenc][rc] f=754 P qp=25 bytes=1135 avg=1705 kbps
[openvenc][rc] f=755 P qp=24 bytes=1306 avg=1704 kbps
[openvenc][rc] f=756 P qp=23 bytes=2920 avg=1703 kbps
[openvenc][rc] f=757 P qp=23 bytes=1248 avg=1702 kbps
[openvenc][rc] f=758 P qp=22 bytes=6045 avg=1704 kbps
[openvenc][rc] f=759 P qp=22 bytes=1770 avg=1702 kbps
[openvenc][rc] f=760 P qp=21 bytes=6160 avg=1704 kbps
[openvenc][rc] f=761 P qp=21 bytes=1820 avg=1703 kbps
[openvenc][rc] f=762 P qp=20 bytes=5918 avg=1704 kbps
[openvenc][rc] f=763 P qp=20 bytes=1814 avg=1703 kbps
[openvenc][rc] f=764 P qp=18 bytes=10776 avg=1708 kbps
[openvenc][rc] f=765 P qp=18 bytes=2618 avg=1707 kbps
[openvenc][rc] f=766 P qp=20 bytes=917 avg=1705 kbps
[openvenc][rc] f=767 P qp=19 bytes=1185 avg=1704 kbps
[openvenc][rc] f=768 P qp=18 bytes=1450 avg=1703 kbps
[openvenc][rc] f=769 P qp=16 bytes=12453 avg=1708 kbps
[openvenc][rc] f=770 P qp=16 bytes=3454 avg=1708 kbps
[openvenc][rc] f=771 P qp=18 bytes=951 avg=1706 kbps
[openvenc][rc] f=772 P qp=19 bytes=640 avg=1704 kbps
[openvenc][rc] f=773 P qp=17 bytes=1187 avg=1703 kbps
[openvenc][rc] f=774 P qp=19 bytes=591 avg=1701 kbps
[openvenc][rc] f=775 P qp=17 bytes=1068 avg=1700 kbps
[openvenc][rc] f=776 P qp=19 bytes=499 avg=1698 kbps
[openvenc][rc] f=777 P qp=18 bytes=559 avg=1696 kbps
[openvenc][rc] f=778 P qp=17 bytes=925 avg=1694 kbps
[openvenc][rc] f=779 P qp=17 bytes=908 avg=1693 kbps
[openvenc][rc] f=780 IDR qp=23 bytes=50868 avg=1721 kbps
[openvenc][rc] f=781 P qp=26 bytes=1222 avg=1720 kbps
[openvenc][rc] f=782 P qp=25 bytes=1176 avg=1718 kbps
[openvenc][rc] f=783 P qp=24 bytes=1440 avg=1717 kbps
[openvenc][rc] f=784 P qp=23 bytes=1569 avg=1716 kbps
[openvenc][rc] f=785 P qp=22 bytes=1910 avg=1715 kbps
[openvenc][rc] f=786 P qp=20 bytes=6906 avg=1717 kbps
[openvenc][rc] f=787 P qp=20 bytes=2128 avg=1716 kbps
[openvenc][rc] f=788 P qp=18 bytes=9957 avg=1719 kbps
[openvenc][rc] f=789 P qp=18 bytes=2271 avg=1719 kbps
[openvenc][rc] f=790 P qp=17 bytes=8197 avg=1721 kbps
[openvenc][rc] f=791 P qp=17 bytes=2592 avg=1721 kbps
[openvenc][rc] f=792 P qp=18 bytes=931 avg=1719 kbps
[openvenc][rc] f=793 P qp=17 bytes=1306 avg=1718 kbps
[openvenc][rc] f=794 P qp=16 bytes=6940 avg=1720 kbps
[openvenc][rc] f=795 P qp=16 bytes=2417 avg=1719 kbps
[openvenc][rc] f=796 P qp=16 bytes=1341 avg=1718 kbps
[openvenc][rc] f=797 P qp=16 bytes=1049 avg=1716 kbps
[openvenc][rc] f=798 P qp=16 bytes=1055 avg=1714 kbps
[openvenc][rc] f=799 P qp=16 bytes=1024 avg=1713 kbps
[openvenc][rc] f=800 P qp=16 bytes=1025 avg=1711 kbps
[openvenc][rc] f=801 P qp=16 bytes=1030 avg=1710 kbps
[openvenc][rc] f=802 P qp=16 bytes=1033 avg=1708 kbps
[openvenc][rc] f=803 P qp=16 bytes=1035 avg=1707 kbps
[openvenc][rc] f=804 P qp=16 bytes=1028 avg=1705 kbps
[openvenc][rc] f=805 P qp=16 bytes=1018 avg=1704 kbps
[openvenc][rc] f=806 P qp=16 bytes=1012 avg=1702 kbps
[openvenc][rc] f=807 P qp=16 bytes=1006 avg=1701 kbps
[openvenc][rc] f=808 P qp=16 bytes=1012 avg=1699 kbps
[openvenc][rc] f=809 P qp=16 bytes=1016 avg=1698 kbps
[openvenc][rc] f=810 IDR qp=21 bytes=55802 avg=1728 kbps
[openvenc][rc] f=811 P qp=24 bytes=1543 avg=1727 kbps
[openvenc][rc] f=812 P qp=23 bytes=1211 avg=1725 kbps
[openvenc][rc] f=813 P qp=22 bytes=1301 avg=1724 kbps
[openvenc][rc] f=814 P qp=21 bytes=1380 avg=1723 kbps
[openvenc][rc] f=815 P qp=20 bytes=2064 avg=1722 kbps
[openvenc][rc] f=816 P qp=19 bytes=4299 avg=1722 kbps
[openvenc][rc] f=817 P qp=21 bytes=803 avg=1721 kbps
[openvenc][rc] f=818 P qp=20 bytes=999 avg=1719 kbps
[openvenc][rc] f=819 P qp=19 bytes=1449 avg=1718 kbps
[openvenc][rc] f=820 P qp=18 bytes=5289 avg=1719 kbps
[openvenc][rc] f=821 P qp=18 bytes=1561 avg=1718 kbps
[openvenc][rc] f=822 P qp=17 bytes=8080 avg=1720 kbps
[openvenc][rc] f=823 P qp=17 bytes=2430 avg=1719 kbps
[openvenc][rc] f=824 P qp=16 bytes=6813 avg=1721 kbps
[openvenc][rc] f=825 P qp=16 bytes=2286 avg=1720 kbps
[openvenc][rc] f=826 P qp=16 bytes=1450 avg=1719 kbps
[openvenc][rc] f=827 P qp=16 bytes=1069 avg=1718 kbps
[openvenc][rc] f=828 P qp=16 bytes=998 avg=1716 kbps
[openvenc][rc] f=829 P qp=16 bytes=964 avg=1715 kbps
[openvenc][rc] f=830 P qp=16 bytes=907 avg=1713 kbps
[openvenc][rc] f=831 P qp=16 bytes=904 avg=1712 kbps
[openvenc][rc] f=832 P qp=16 bytes=898 avg=1710 kbps
[openvenc][rc] f=833 P qp=16 bytes=917 avg=1709 kbps
[openvenc][rc] f=834 P qp=16 bytes=901 avg=1707 kbps
[openvenc][rc] f=835 P qp=16 bytes=897 avg=1705 kbps
[openvenc][rc] f=836 P qp=16 bytes=900 avg=1704 kbps
[openvenc][rc] f=837 P qp=16 bytes=890 avg=1702 kbps
[openvenc][rc] f=838 P qp=16 bytes=896 avg=1701 kbps
[openvenc][rc] f=839 P qp=16 bytes=893 avg=1699 kbps
[openvenc][rc] f=840 IDR qp=19 bytes=61512 avg=1732 kbps
[openvenc][rc] f=841 P qp=22 bytes=1661 avg=1731 kbps
[openvenc][rc] f=842 P qp=20 bytes=1517 avg=1730 kbps
[openvenc][rc] f=843 P qp=19 bytes=1596 avg=1728 kbps
[openvenc][rc] f=844 P qp=18 bytes=2024 avg=1727 kbps
[openvenc][rc] f=845 P qp=17 bytes=4242 avg=1728 kbps
[openvenc][rc] f=846 P qp=19 bytes=805 avg=1726 kbps
[openvenc][rc] f=847 P qp=18 bytes=880 avg=1725 kbps
[openvenc][rc] f=848 P qp=17 bytes=1581 avg=1724 kbps
[openvenc][rc] f=849 P qp=16 bytes=5735 avg=1725 kbps
[openvenc][rc] f=850 P qp=16 bytes=2230 avg=1724 kbps
[openvenc][rc] f=851 P qp=16 bytes=1105 avg=1722 kbps
[openvenc][rc] f=852 P qp=16 bytes=1013 avg=1721 kbps
[openvenc][rc] f=853 P qp=16 bytes=1018 avg=1720 kbps
[openvenc][rc] f=854 P qp=16 bytes=984 avg=1718 kbps
[openvenc][rc] f=855 P qp=16 bytes=997 avg=1717 kbps
[openvenc][rc] f=856 P qp=16 bytes=983 avg=1715 kbps
[openvenc][rc] f=857 P qp=16 bytes=984 avg=1714 kbps
[openvenc][rc] f=858 P qp=16 bytes=994 avg=1712 kbps
[openvenc][rc] f=859 P qp=16 bytes=995 avg=1711 kbps
[openvenc][rc] f=860 P qp=16 bytes=985 avg=1709 kbps
[openvenc][rc] f=861 P qp=16 bytes=978 avg=1708 kbps
[openvenc][rc] f=862 P qp=16 bytes=970 avg=1706 kbps
[openvenc][rc] f=863 P qp=16 bytes=970 avg=1705 kbps
[openvenc][rc] f=864 P qp=16 bytes=976 avg=1704 kbps
[openvenc][rc] f=865 P qp=16 bytes=974 avg=1702 kbps
[openvenc][rc] f=866 P qp=16 bytes=983 avg=1701 kbps
[openvenc][rc] f=867 P qp=16 bytes=981 avg=1699 kbps
[openvenc][rc] f=868 P qp=16 bytes=980 avg=1698 kbps
[openvenc][rc] f=869 P qp=16 bytes=975 avg=1696 kbps
[openvenc][rc] f=870 IDR qp=17 bytes=66368 avg=1730 kbps
[openvenc][rc] f=871 P qp=20 bytes=1600 avg=1729 kbps
[openvenc][rc] f=872 P qp=19 bytes=1410 avg=1728 kbps
[openvenc][rc] f=873 P qp=18 bytes=1475 avg=1727 kbps
[openvenc][rc] f=874 P qp=17 bytes=2009 avg=1726 kbps
[openvenc][rc] f=875 P qp=16 bytes=2768 avg=1726 kbps
[openvenc][rc] f=876 P qp=16 bytes=1419 avg=1724 kbps
[openvenc][rc] f=877 P qp=16 bytes=940 avg=1723 kbps
[openvenc][rc] f=878 P qp=16 bytes=919 avg=1721 kbps
[openvenc][rc] f=879 P qp=16 bytes=889 avg=1720 kbps
[openvenc][rc] f=880 P qp=16 bytes=877 avg=1718 kbps
[openvenc][rc] f=881 P qp=16 bytes=870 avg=1717 kbps
[openvenc][rc] f=882 P qp=16 bytes=852 avg=1716 kbps
[openvenc][rc] f=883 P qp=16 bytes=850 avg=1714 kbps
[openvenc][rc] f=884 P qp=16 bytes=852 avg=1713 kbps
[openvenc][rc] f=885 P qp=16 bytes=850 avg=1711 kbps
[openvenc][rc] f=886 P qp=16 bytes=852 avg=1710 kbps
[openvenc][rc] f=887 P qp=16 bytes=850 avg=1708 kbps
[openvenc][rc] f=888 P qp=16 bytes=852 avg=1707 kbps
[openvenc][rc] f=889 P qp=16 bytes=850 avg=1705 kbps
[openvenc][rc] f=890 P qp=16 bytes=852 avg=1704 kbps
[openvenc][rc] f=891 P qp=16 bytes=850 avg=1702 kbps
[openvenc][rc] f=892 P qp=16 bytes=852 avg=1701 kbps
[openvenc][rc] f=893 P qp=16 bytes=850 avg=1699 kbps
[openvenc][rc] f=894 P qp=16 bytes=852 avg=1698 kbps
[openvenc][rc] f=895 P qp=16 bytes=850 avg=1696 kbps
[openvenc][rc] f=896 P qp=16 bytes=852 avg=1695 kbps
[openvenc][rc] f=897 P qp=16 bytes=850 avg=1694 kbps
[openvenc][rc] f=898 P qp=16 bytes=852 avg=1692 kbps
[openvenc][rc] f=899 P qp=16 bytes=850 avg=1691 kbps
[openvenc][rc] f=900 IDR qp=16 bytes=69464 avg=1725 kbps
[openvenc][rc] f=901 P qp=19 bytes=1918 avg=1724 kbps
[openvenc][rc] f=902 P qp=19 bytes=953 avg=1723 kbps
[openvenc][rc] f=903 P qp=18 bytes=1036 avg=1722 kbps
[openvenc][rc] f=904 P qp=17 bytes=1806 avg=1721 kbps
[openvenc][rc] f=905 P qp=16 bytes=2061 avg=1720 kbps
[openvenc][rc] f=906 P qp=16 bytes=976 avg=1718 kbps
[openvenc][rc] f=907 P qp=16 bytes=877 avg=1717 kbps
[openvenc][rc] f=908 P qp=16 bytes=822 avg=1715 kbps
[openvenc][rc] f=909 P qp=16 bytes=817 avg=1714 kbps
[openvenc][rc] f=910 P qp=16 bytes=809 avg=1713 kbps
[openvenc][rc] f=911 P qp=16 bytes=790 avg=1711 kbps
[openvenc][rc] f=912 P qp=16 bytes=765 avg=1710 kbps
[openvenc][rc] f=913 P qp=16 bytes=766 avg=1708 kbps
[openvenc][rc] f=914 P qp=16 bytes=766 avg=1707 kbps
[openvenc][rc] f=915 P qp=16 bytes=753 avg=1705 kbps
[openvenc][rc] f=916 P qp=16 bytes=766 avg=1704 kbps
[openvenc][rc] f=917 P qp=16 bytes=765 avg=1702 kbps
[openvenc][rc] f=918 P qp=16 bytes=767 avg=1701 kbps
[openvenc][rc] f=919 P qp=16 bytes=763 avg=1699 kbps
[openvenc][rc] f=920 P qp=16 bytes=764 avg=1698 kbps
[openvenc][rc] f=921 P qp=16 bytes=763 avg=1696 kbps
[openvenc][rc] f=922 P qp=16 bytes=766 avg=1695 kbps
[openvenc][rc] f=923 P qp=16 bytes=765 avg=1694 kbps
[openvenc][rc] f=924 P qp=16 bytes=754 avg=1692 kbps
[openvenc][rc] f=925 P qp=16 bytes=753 avg=1691 kbps
[openvenc][rc] f=926 P qp=16 bytes=754 avg=1689 kbps
[openvenc][rc] f=927 P qp=16 bytes=753 avg=1688 kbps
[openvenc][rc] f=928 P qp=16 bytes=754 avg=1686 kbps
[openvenc][rc] f=929 P qp=16 bytes=753 avg=1685 kbps
[openvenc][rc] f=930 IDR qp=16 bytes=69464 avg=1718 kbps
[openvenc][rc] f=931 P qp=19 bytes=1918 avg=1717 kbps
[openvenc][rc] f=932 P qp=18 bytes=1329 avg=1716 kbps
[openvenc][rc] f=933 P qp=17 bytes=1793 avg=1715 kbps
[openvenc][rc] f=934 P qp=16 bytes=1934 avg=1714 kbps
[openvenc][rc] f=935 P qp=16 bytes=928 avg=1713 kbps
[openvenc][rc] f=936 P qp=16 bytes=816 avg=1712 kbps
[openvenc][rc] f=937 P qp=16 bytes=751 avg=1710 kbps
[openvenc][rc] f=938 P qp=16 bytes=738 avg=1709 kbps
[openvenc][rc] f=939 P qp=16 bytes=724 avg=1707 kbps
[openvenc][rc] f=940 P qp=16 bytes=731 avg=1706 kbps
[openvenc][rc] f=941 P qp=16 bytes=712 avg=1704 kbps
[openvenc][rc] f=942 P qp=16 bytes=705 avg=1703 kbps
[openvenc][rc] f=943 P qp=16 bytes=713 avg=1702 kbps
[openvenc][rc] f=944 P qp=16 bytes=717 avg=1700 kbps
[openvenc][rc] f=945 P qp=16 bytes=713 avg=1699 kbps
[openvenc][rc] f=946 P qp=16 bytes=717 avg=1697 kbps
[openvenc][rc] f=947 P qp=16 bytes=714 avg=1696 kbps
[openvenc][rc] f=948 P qp=16 bytes=716 avg=1694 kbps
[openvenc][rc] f=949 P qp=16 bytes=702 avg=1693 kbps
[openvenc][rc] f=950 P qp=16 bytes=717 avg=1691 kbps
[openvenc][rc] f=951 P qp=16 bytes=713 avg=1690 kbps
[openvenc][rc] f=952 P qp=16 bytes=717 avg=1689 kbps
[openvenc][rc] f=953 P qp=16 bytes=714 avg=1687 kbps
[openvenc][rc] f=954 P qp=16 bytes=716 avg=1686 kbps
[openvenc][rc] f=955 P qp=16 bytes=712 avg=1684 kbps
[openvenc][rc] f=956 P qp=16 bytes=705 avg=1683 kbps
[openvenc][rc] f=957 P qp=16 bytes=702 avg=1682 kbps
[openvenc][rc] f=958 P qp=16 bytes=705 avg=1680 kbps
[openvenc][rc] f=959 P qp=16 bytes=702 avg=1679 kbps
[openvenc][rc] f=960 IDR qp=16 bytes=69464 avg=1711 kbps
[openvenc][rc] f=961 P qp=19 bytes=1918 avg=1710 kbps
[openvenc][rc] f=962 P qp=19 bytes=953 avg=1709 kbps
[openvenc][rc] f=963 P qp=18 bytes=1036 avg=1708 kbps
[openvenc][rc] f=964 P qp=17 bytes=1806 avg=1707 kbps
[openvenc][rc] f=965 P qp=16 bytes=2061 avg=1706 kbps
[openvenc][rc] f=966 P qp=16 bytes=976 avg=1705 kbps
[openvenc][rc] f=967 P qp=16 bytes=877 avg=1703 kbps
[openvenc][rc] f=968 P qp=16 bytes=822 avg=1702 kbps
[openvenc][rc] f=969 P qp=16 bytes=817 avg=1701 kbps
[openvenc][rc] f=970 P qp=16 bytes=809 avg=1699 kbps
[openvenc][rc] f=971 P qp=16 bytes=790 avg=1698 kbps
[openvenc][rc] f=972 P qp=16 bytes=765 avg=1697 kbps
[openvenc][rc] f=973 P qp=16 bytes=766 avg=1695 kbps
[openvenc][rc] f=974 P qp=16 bytes=766 avg=1694 kbps
[openvenc][rc] f=975 P qp=16 bytes=753 avg=1693 kbps
[openvenc][rc] f=976 P qp=16 bytes=766 avg=1691 kbps
[openvenc][rc] f=977 P qp=16 bytes=765 avg=1690 kbps
[openvenc][rc] f=978 P qp=16 bytes=767 avg=1688 kbps
[openvenc][rc] f=979 P qp=16 bytes=763 avg=1687 kbps
[openvenc][rc] f=980 P qp=16 bytes=764 avg=1686 kbps
[openvenc][rc] f=981 P qp=16 bytes=763 avg=1684 kbps
[openvenc][rc] f=982 P qp=16 bytes=766 avg=1683 kbps
[openvenc][rc] f=983 P qp=16 bytes=765 avg=1682 kbps
[openvenc][rc] f=984 P qp=16 bytes=754 avg=1680 kbps
[openvenc][rc] f=985 P qp=16 bytes=753 avg=1679 kbps
[openvenc][rc] f=986 P qp=16 bytes=754 avg=1678 kbps
[openvenc][rc] f=987 P qp=16 bytes=753 avg=1676 kbps
[openvenc][rc] f=988 P qp=16 bytes=754 avg=1675 kbps
[openvenc][rc] f=989 P qp=16 bytes=753 avg=1674 kbps
[openvenc][rc] f=990 IDR qp=16 bytes=69464 avg=1705 kbps
[openvenc][rc] f=991 P qp=19 bytes=1918 avg=1704 kbps
[openvenc][rc] f=992 P qp=18 bytes=1329 avg=1703 kbps
[openvenc][rc] f=993 P qp=17 bytes=1793 avg=1702 kbps
[openvenc][rc] f=994 P qp=16 bytes=1934 avg=1702 kbps
[openvenc][rc] f=995 P qp=16 bytes=928 avg=1700 kbps
[openvenc][rc] f=996 P qp=16 bytes=816 avg=1699 kbps
[openvenc][rc] f=997 P qp=16 bytes=751 avg=1698 kbps
[openvenc][rc] f=998 P qp=16 bytes=738 avg=1696 kbps
[openvenc][rc] f=999 P qp=16 bytes=724 avg=1695 kbps
[openvenc][rc] f=1000 P qp=16 bytes=731 avg=1694 kbps
[openvenc][rc] f=1001 P qp=16 bytes=712 avg=1692 kbps
[openvenc][rc] f=1002 P qp=16 bytes=705 avg=1691 kbps
[openvenc][rc] f=1003 P qp=16 bytes=713 avg=1689 kbps
[openvenc][rc] f=1004 P qp=16 bytes=717 avg=1688 kbps
[openvenc][rc] f=1005 P qp=16 bytes=713 avg=1687 kbps
[openvenc][rc] f=1006 P qp=16 bytes=717 avg=1685 kbps
[openvenc][rc] f=1007 P qp=16 bytes=714 avg=1684 kbps
[openvenc][rc] f=1008 P qp=16 bytes=716 avg=1683 kbps
[openvenc][rc] f=1009 P qp=16 bytes=702 avg=1681 kbps
[openvenc][rc] f=1010 P qp=16 bytes=717 avg=1680 kbps
[openvenc][rc] f=1011 P qp=16 bytes=713 avg=1679 kbps
[openvenc][rc] f=1012 P qp=16 bytes=717 avg=1677 kbps
[openvenc][rc] f=1013 P qp=16 bytes=714 avg=1676 kbps
[openvenc][rc] f=1014 P qp=16 bytes=716 avg=1675 kbps
[openvenc][rc] f=1015 P qp=16 bytes=712 avg=1674 kbps
[openvenc][rc] f=1016 P qp=16 bytes=705 avg=1672 kbps
[openvenc][rc] f=1017 P qp=16 bytes=702 avg=1671 kbps
[openvenc][rc] f=1018 P qp=16 bytes=705 avg=1670 kbps
[openvenc][rc] f=1019 P qp=16 bytes=702 avg=1668 kbps
[openvenc][rc] f=1020 IDR qp=16 bytes=69464 avg=1699 kbps
[openvenc][rc] f=1021 P qp=19 bytes=1918 avg=1698 kbps
[openvenc][rc] f=1022 P qp=19 bytes=953 avg=1697 kbps
[openvenc][rc] f=1023 P qp=18 bytes=1036 avg=1696 kbps
[openvenc][rc] f=1024 P qp=17 bytes=1806 avg=1695 kbps
[openvenc][rc] f=1025 P qp=16 bytes=2061 avg=1694 kbps
[openvenc][rc] f=1026 P qp=16 bytes=976 avg=1693 kbps
[openvenc][rc] f=1027 P qp=16 bytes=877 avg=1692 kbps
[openvenc][rc] f=1028 P qp=16 bytes=822 avg=1690 kbps
[openvenc][rc] f=1029 P qp=16 bytes=817 avg=1689 kbps
[openvenc][rc] f=1030 P qp=16 bytes=809 avg=1688 kbps
[openvenc][rc] f=1031 P qp=16 bytes=790 avg=1687 kbps
[openvenc][rc] f=1032 P qp=16 bytes=765 avg=1685 kbps
[openvenc][rc] f=1033 P qp=16 bytes=766 avg=1684 kbps
[openvenc][rc] f=1034 P qp=16 bytes=766 avg=1683 kbps
[openvenc][rc] f=1035 P qp=16 bytes=753 avg=1681 kbps
[openvenc][rc] f=1036 P qp=16 bytes=766 avg=1680 kbps
[openvenc][rc] f=1037 P qp=16 bytes=765 avg=1679 kbps
[openvenc][rc] f=1038 P qp=16 bytes=767 avg=1678 kbps
[openvenc][rc] f=1039 P qp=16 bytes=763 avg=1676 kbps
[openvenc][rc] f=1040 P qp=16 bytes=764 avg=1675 kbps
[openvenc][rc] f=1041 P qp=16 bytes=763 avg=1674 kbps
[openvenc][rc] f=1042 P qp=16 bytes=766 avg=1673 kbps
[openvenc][rc] f=1043 P qp=16 bytes=765 avg=1671 kbps
[openvenc][rc] f=1044 P qp=16 bytes=754 avg=1670 kbps
[openvenc][rc] f=1045 P qp=16 bytes=753 avg=1669 kbps
[openvenc][rc] f=1046 P qp=16 bytes=754 avg=1668 kbps
[openvenc][rc] f=1047 P qp=16 bytes=753 avg=1666 kbps
[openvenc][rc] f=1048 P qp=16 bytes=754 avg=1665 kbps
[openvenc][rc] f=1049 P qp=16 bytes=753 avg=1664 kbps
[openvenc][rc] f=1050 IDR qp=16 bytes=69464 avg=1693 kbps
[openvenc][rc] f=1051 P qp=19 bytes=1918 avg=1693 kbps
[openvenc][rc] f=1052 P qp=18 bytes=1329 avg=1692 kbps
[openvenc][rc] f=1053 P qp=17 bytes=1793 avg=1691 kbps
[openvenc][rc] f=1054 P qp=16 bytes=1934 avg=1690 kbps
[openvenc][rc] f=1055 P qp=16 bytes=928 avg=1689 kbps
[openvenc][rc] f=1056 P qp=16 bytes=816 avg=1688 kbps
[openvenc][rc] f=1057 P qp=16 bytes=751 avg=1686 kbps
[openvenc][rc] f=1058 P qp=16 bytes=738 avg=1685 kbps
[openvenc][rc] f=1059 P qp=16 bytes=724 avg=1684 kbps
[openvenc][rc] f=1060 P qp=16 bytes=731 avg=1683 kbps
[openvenc][rc] f=1061 P qp=16 bytes=712 avg=1681 kbps
[openvenc][rc] f=1062 P qp=16 bytes=705 avg=1680 kbps
[openvenc][rc] f=1063 P qp=16 bytes=713 avg=1679 kbps
[openvenc][rc] f=1064 P qp=16 bytes=717 avg=1678 kbps
[openvenc][rc] f=1065 P qp=16 bytes=713 avg=1676 kbps
[openvenc][rc] f=1066 P qp=16 bytes=717 avg=1675 kbps
[openvenc][rc] f=1067 P qp=16 bytes=714 avg=1674 kbps
[openvenc][rc] f=1068 P qp=16 bytes=716 avg=1673 kbps
[openvenc][rc] f=1069 P qp=16 bytes=702 avg=1671 kbps
[openvenc][rc] f=1070 P qp=16 bytes=717 avg=1670 kbps
[openvenc][rc] f=1071 P qp=16 bytes=713 avg=1669 kbps
[openvenc][rc] f=1072 P qp=16 bytes=717 avg=1668 kbps
[openvenc][rc] f=1073 P qp=16 bytes=714 avg=1666 kbps
[openvenc][rc] f=1074 P qp=16 bytes=716 avg=1665 kbps
[openvenc][rc] f=1075 P qp=16 bytes=712 avg=1664 kbps
[openvenc][rc] f=1076 P qp=16 bytes=705 avg=1663 kbps
[openvenc][rc] f=1077 P qp=16 bytes=702 avg=1661 kbps
[openvenc][rc] f=1078 P qp=16 bytes=705 avg=1660 kbps
[openvenc][rc] f=1079 P qp=16 bytes=702 avg=1659 kbps
[openvenc][rc] f=1080 IDR qp=16 bytes=69464 avg=1688 kbps
[openvenc][rc] f=1081 P qp=19 bytes=1918 avg=1687 kbps
[openvenc][rc] f=1082 P qp=19 bytes=953 avg=1686 kbps
[openvenc][rc] f=1083 P qp=18 bytes=1036 avg=1685 kbps
[openvenc][rc] f=1084 P qp=17 bytes=1806 avg=1684 kbps
[openvenc][rc] f=1085 P qp=16 bytes=2061 avg=1683 kbps
[openvenc][rc] f=1086 P qp=16 bytes=976 avg=1682 kbps
[openvenc][rc] f=1087 P qp=16 bytes=877 avg=1681 kbps
[openvenc][rc] f=1088 P qp=16 bytes=822 avg=1680 kbps
[openvenc][rc] f=1089 P qp=16 bytes=817 avg=1679 kbps
[openvenc][rc] f=1090 P qp=16 bytes=809 avg=1677 kbps
[openvenc][rc] f=1091 P qp=16 bytes=790 avg=1676 kbps
[openvenc][rc] f=1092 P qp=16 bytes=765 avg=1675 kbps
[openvenc][rc] f=1093 P qp=16 bytes=766 avg=1674 kbps
[openvenc][rc] f=1094 P qp=16 bytes=766 avg=1673 kbps
[openvenc][rc] f=1095 P qp=16 bytes=753 avg=1671 kbps
[openvenc][rc] f=1096 P qp=16 bytes=766 avg=1670 kbps
[openvenc][rc] f=1097 P qp=16 bytes=765 avg=1669 kbps
[openvenc][rc] f=1098 P qp=16 bytes=767 avg=1668 kbps
[openvenc][rc] f=1099 P qp=16 bytes=763 avg=1667 kbps
[openvenc][rc] f=1100 P qp=16 bytes=764 avg=1665 kbps
[openvenc][rc] f=1101 P qp=16 bytes=763 avg=1664 kbps
[openvenc][rc] f=1102 P qp=16 bytes=766 avg=1663 kbps
[openvenc][rc] f=1103 P qp=16 bytes=765 avg=1662 kbps
[openvenc][rc] f=1104 P qp=16 bytes=754 avg=1661 kbps
[openvenc][rc] f=1105 P qp=16 bytes=753 avg=1660 kbps
[openvenc][rc] f=1106 P qp=16 bytes=754 avg=1658 kbps
[openvenc][rc] f=1107 P qp=16 bytes=753 avg=1657 kbps
[openvenc][rc] f=1108 P qp=16 bytes=754 avg=1656 kbps
[openvenc][rc] f=1109 P qp=16 bytes=753 avg=1655 kbps
[openvenc][rc] f=1110 IDR qp=16 bytes=69464 avg=1683 kbps
[openvenc][rc] f=1111 P qp=19 bytes=1918 avg=1682 kbps
[openvenc][rc] f=1112 P qp=18 bytes=1329 avg=1681 kbps
[openvenc][rc] f=1113 P qp=17 bytes=1793 avg=1681 kbps
[openvenc][rc] f=1114 P qp=16 bytes=1934 avg=1680 kbps
[openvenc][rc] f=1115 P qp=16 bytes=928 avg=1679 kbps
[openvenc][rc] f=1116 P qp=16 bytes=816 avg=1678 kbps
[openvenc][rc] f=1117 P qp=16 bytes=751 avg=1676 kbps
[openvenc][rc] f=1118 P qp=16 bytes=738 avg=1675 kbps
[openvenc][rc] f=1119 P qp=16 bytes=724 avg=1674 kbps
[openvenc][rc] f=1120 P qp=16 bytes=731 avg=1673 kbps
[openvenc][rc] f=1121 P qp=16 bytes=712 avg=1672 kbps
[openvenc][rc] f=1122 P qp=16 bytes=705 avg=1670 kbps
[openvenc][rc] f=1123 P qp=16 bytes=713 avg=1669 kbps
[openvenc][rc] f=1124 P qp=16 bytes=717 avg=1668 kbps
[openvenc][rc] f=1125 P qp=16 bytes=713 avg=1667 kbps
[openvenc][rc] retarget 16000 kbps @ 59 fps
[openvenc][rc] f=1126 P qp=16 bytes=717 avg=1666 kbps
[openvenc][rc] f=1127 P qp=16 bytes=714 avg=1665 kbps
[openvenc][rc] f=1128 P qp=16 bytes=716 avg=1663 kbps
[openvenc][rc] f=1129 P qp=16 bytes=702 avg=1662 kbps
[openvenc][rc] f=1130 P qp=16 bytes=717 avg=1661 kbps
[openvenc][rc] f=1131 P qp=16 bytes=713 avg=1660 kbps
[openvenc][rc] f=1132 P qp=16 bytes=717 avg=1659 kbps
[openvenc][rc] f=1133 P qp=16 bytes=714 avg=1657 kbps
[openvenc][rc] f=1134 P qp=16 bytes=716 avg=1656 kbps
[openvenc][rc] f=1135 P qp=16 bytes=712 avg=1655 kbps
[openvenc][rc] f=1136 P qp=16 bytes=705 avg=1654 kbps
[openvenc][rc] f=1137 P qp=16 bytes=702 avg=1653 kbps
[openvenc][rc] f=1138 P qp=16 bytes=705 avg=1652 kbps
[openvenc][rc] f=1139 P qp=16 bytes=702 avg=1651 kbps
[openvenc][rc] f=1140 IDR qp=32 bytes=32434 avg=1662 kbps
[openvenc][rc] f=1141 P qp=35 bytes=586 avg=1661 kbps
[openvenc][rc] f=1142 P qp=34 bytes=667 avg=1660 kbps
[openvenc][rc] f=1143 P qp=33 bytes=876 avg=1659 kbps
[openvenc][rc] f=1144 P qp=32 bytes=1046 avg=1658 kbps
[openvenc][rc] f=1145 P qp=31 bytes=1369 avg=1657 kbps
[openvenc][rc] f=1146 P qp=30 bytes=2437 avg=1657 kbps
[openvenc][rc] f=1147 P qp=29 bytes=4934 avg=1657 kbps
[openvenc][rc] f=1148 P qp=28 bytes=6220 avg=1658 kbps
[openvenc][rc] f=1149 P qp=27 bytes=5535 avg=1659 kbps
[openvenc][rc] f=1150 P qp=26 bytes=5948 avg=1660 kbps
[openvenc][rc] f=1151 P qp=25 bytes=6996 avg=1662 kbps
[openvenc][rc] f=1152 P qp=24 bytes=5520 avg=1662 kbps
[openvenc][rc] f=1153 P qp=23 bytes=8062 avg=1664 kbps
[openvenc][rc] f=1154 P qp=22 bytes=7334 avg=1666 kbps
[openvenc][rc] f=1155 P qp=21 bytes=6893 avg=1667 kbps
[openvenc][rc] f=1156 P qp=21 bytes=2010 avg=1667 kbps
[openvenc][rc] f=1157 P qp=21 bytes=1210 avg=1666 kbps
[openvenc][rc] f=1158 P qp=21 bytes=1046 avg=1665 kbps
[openvenc][rc] f=1159 P qp=21 bytes=996 avg=1664 kbps
[openvenc][rc] f=1160 P qp=21 bytes=998 avg=1663 kbps
[openvenc][rc] f=1161 P qp=21 bytes=950 avg=1662 kbps
[openvenc][rc] f=1162 P qp=21 bytes=951 avg=1661 kbps
[openvenc][rc] f=1163 P qp=21 bytes=920 avg=1659 kbps
[openvenc][rc] f=1164 P qp=21 bytes=920 avg=1658 kbps
[openvenc][rc] f=1165 P qp=21 bytes=938 avg=1657 kbps
[openvenc][rc] f=1166 P qp=21 bytes=913 avg=1656 kbps
[openvenc][rc] f=1167 P qp=21 bytes=907 avg=1655 kbps
[openvenc][rc] f=1168 P qp=21 bytes=939 avg=1654 kbps
[openvenc][rc] f=1169 P qp=21 bytes=909 avg=1653 kbps
[openvenc][rc] f=1170 IDR qp=30 bytes=36251 avg=1666 kbps
[openvenc][rc] f=1171 P qp=33 bytes=740 avg=1665 kbps
[openvenc][rc] f=1172 P qp=32 bytes=585 avg=1664 kbps
[openvenc][rc] f=1173 P qp=31 bytes=896 avg=1663 kbps
[openvenc][rc] f=1174 P qp=30 bytes=1030 avg=1662 kbps
[openvenc][rc] f=1175 P qp=29 bytes=1305 avg=1661 kbps
[openvenc][rc] f=1176 P qp=28 bytes=2791 avg=1661 kbps
[openvenc][rc] f=1177 P qp=27 bytes=5261 avg=1662 kbps
[openvenc][rc] f=1178 P qp=26 bytes=5769 avg=1662 kbps
[openvenc][rc] f=1179 P qp=25 bytes=7094 avg=1664 kbps
[openvenc][rc] f=1180 P qp=24 bytes=5657 avg=1665 kbps
[openvenc][rc] f=1181 P qp=23 bytes=7845 avg=1666 kbps
[openvenc][rc] f=1182 P qp=22 bytes=7240 avg=1668 kbps
[openvenc][rc] f=1183 P qp=21 bytes=6763 avg=1669 kbps
[openvenc][rc] f=1184 P qp=20 bytes=6862 avg=1671 kbps
[openvenc][rc] f=1185 P qp=19 bytes=8094 avg=1672 kbps
[openvenc][rc] f=1186 P qp=19 bytes=2242 avg=1672 kbps
[openvenc][rc] f=1187 P qp=19 bytes=1575 avg=1671 kbps
[openvenc][rc] f=1188 P qp=19 bytes=1230 avg=1670 kbps
[openvenc][rc] f=1189 P qp=19 bytes=1176 avg=1669 kbps
[openvenc][rc] f=1190 P qp=19 bytes=1146 avg=1668 kbps
[openvenc][rc] f=1191 P qp=19 bytes=1207 avg=1667 kbps
[openvenc][rc] f=1192 P qp=19 bytes=1114 avg=1666 kbps
[openvenc][rc] f=1193 P qp=19 bytes=1050 avg=1665 kbps
[openvenc][rc] f=1194 P qp=19 bytes=1066 avg=1664 kbps
[openvenc][rc] f=1195 P qp=19 bytes=1054 avg=1663 kbps
[openvenc][rc] f=1196 P qp=19 bytes=1047 avg=1662 kbps
[openvenc][rc] f=1197 P qp=19 bytes=1065 avg=1661 kbps
[openvenc][rc] f=1198 P qp=19 bytes=1047 avg=1661 kbps
[openvenc][rc] f=1199 P qp=19 bytes=1030 avg=1660 kbps
[openvenc][rc] f=1200 IDR qp=28 bytes=40221 avg=1674 kbps
[openvenc][rc] f=1201 P qp=31 bytes=822 avg=1673 kbps
[openvenc][rc] f=1202 P qp=30 bytes=709 avg=1672 kbps
[openvenc][rc] f=1203 P qp=29 bytes=994 avg=1671 kbps
[openvenc][rc] f=1204 P qp=28 bytes=1227 avg=1670 kbps
[openvenc][rc] f=1205 P qp=27 bytes=1534 avg=1669 kbps
[openvenc][rc] f=1206 P qp=26 bytes=2418 avg=1669 kbps
[openvenc][rc] f=1207 P qp=25 bytes=5550 avg=1669 kbps
[openvenc][rc] f=1208 P qp=24 bytes=4973 avg=1670 kbps
[openvenc][rc] f=1209 P qp=23 bytes=7582 avg=1672 kbps
[openvenc][rc] f=1210 P qp=22 bytes=6852 avg=1673 kbps
[openvenc][rc] f=1211 P qp=21 bytes=6475 avg=1674 kbps
[openvenc][rc] f=1212 P qp=20 bytes=6409 avg=1675 kbps
[openvenc][rc] f=1213 P qp=19 bytes=7842 avg=1677 kbps
[openvenc][rc] f=1214 P qp=18 bytes=6691 avg=1678 kbps
[openvenc][rc] f=1215 P qp=17 bytes=9063 avg=1680 kbps
[openvenc][rc] f=1216 P qp=17 bytes=2962 avg=1680 kbps
[openvenc][rc] f=1217 P qp=17 bytes=1546 avg=1679 kbps
[openvenc][rc] f=1218 P qp=17 bytes=1316 avg=1678 kbps
[openvenc][rc] f=1219 P qp=17 bytes=1229 avg=1677 kbps
[openvenc][rc] f=1220 P qp=17 bytes=1204 avg=1676 kbps
[openvenc][rc] f=1221 P qp=17 bytes=1163 avg=1676 kbps
[openvenc][rc] f=1222 P qp=17 bytes=1168 avg=1675 kbps
[openvenc][rc] f=1223 P qp=17 bytes=1136 avg=1674 kbps
[openvenc][rc] f=1224 P qp=17 bytes=1166 avg=1673 kbps
[openvenc][rc] f=1225 P qp=17 bytes=1162 avg=1672 kbps
[openvenc][rc] f=1226 P qp=17 bytes=1161 avg=1671 kbps
[openvenc][rc] f=1227 P qp=17 bytes=1159 avg=1670 kbps
[openvenc][rc] f=1228 P qp=17 bytes=1148 avg=1669 kbps
[openvenc][rc] f=1229 P qp=17 bytes=1152 avg=1668 kbps
[openvenc][rc] f=1230 IDR qp=26 bytes=44056 avg=1684 kbps
[openvenc][rc] f=1231 P qp=29 bytes=1044 avg=1683 kbps
[openvenc][rc] f=1232 P qp=28 bytes=992 avg=1682 kbps
[openvenc][rc] f=1233 P qp=27 bytes=1065 avg=1681 kbps
[openvenc][rc] f=1234 P qp=26 bytes=1276 avg=1680 kbps
[openvenc][rc] f=1235 P qp=25 bytes=1932 avg=1679 kbps
[openvenc][rc] f=1236 P qp=24 bytes=2880 avg=1679 kbps
[openvenc][rc] f=1237 P qp=23 bytes=6230 avg=1680 kbps
[openvenc][rc] f=1238 P qp=22 bytes=6755 avg=1681 kbps
[openvenc][rc] f=1239 P qp=21 bytes=6493 avg=1682 kbps
[openvenc][rc] f=1240 P qp=20 bytes=6532 avg=1684 kbps
[openvenc][rc] f=1241 P qp=19 bytes=8120 avg=1685 kbps
[openvenc][rc] f=1242 P qp=18 bytes=6605 avg=1686 kbps
[openvenc][rc] f=1243 P qp=17 bytes=9283 avg=1689 kbps
[openvenc][rc] f=1244 P qp=16 bytes=8052 avg=1690 kbps
[openvenc][rc] f=1245 P qp=16 bytes=3183 avg=1690 kbps
[openvenc][rc] f=1246 P qp=16 bytes=1582 avg=1689 kbps
[openvenc][rc] f=1247 P qp=16 bytes=1435 avg=1689 kbps
[openvenc][rc] f=1248 P qp=16 bytes=1402 avg=1688 kbps
[openvenc][rc] f=1249 P qp=16 bytes=1395 avg=1687 kbps
[openvenc][rc] f=1250 P qp=16 bytes=1347 avg=1686 kbps
[openvenc][rc] f=1251 P qp=16 bytes=1316 avg=1685 kbps
[openvenc][rc] f=1252 P qp=16 bytes=1301 avg=1684 kbps
[openvenc][rc] f=1253 P qp=16 bytes=1304 avg=1684 kbps
[openvenc][rc] f=1254 P qp=16 bytes=1299 avg=1683 kbps
[openvenc][rc] f=1255 P qp=16 bytes=1292 avg=1682 kbps
[openvenc][rc] f=1256 P qp=16 bytes=1287 avg=1681 kbps
[openvenc][rc] f=1257 P qp=16 bytes=1271 avg=1680 kbps
[openvenc][rc] f=1258 P qp=16 bytes=1277 avg=1679 kbps
[openvenc][rc] f=1259 P qp=16 bytes=1275 avg=1678 kbps
[openvenc][rc] f=1260 IDR qp=24 bytes=48786 avg=1695 kbps
[openvenc][rc] f=1261 P qp=27 bytes=1257 avg=1694 kbps
[openvenc][rc] f=1262 P qp=26 bytes=1090 avg=1694 kbps
[openvenc][rc] f=1263 P qp=25 bytes=1055 avg=1693 kbps
[openvenc][rc] f=1264 P qp=24 bytes=1192 avg=1692 kbps
[openvenc][rc] f=1265 P qp=23 bytes=1878 avg=1691 kbps
[openvenc][rc] f=1266 P qp=22 bytes=3882 avg=1691 kbps
[openvenc][rc] f=1267 P qp=21 bytes=5783 avg=1692 kbps
[openvenc][rc] f=1268 P qp=20 bytes=6364 avg=1693 kbps
[openvenc][rc] f=1269 P qp=19 bytes=7500 avg=1694 kbps
[openvenc][rc] f=1270 P qp=18 bytes=6129 avg=1695 kbps
[openvenc][rc] f=1271 P qp=17 bytes=8414 avg=1697 kbps
[openvenc][rc] f=1272 P qp=16 bytes=7645 avg=1699 kbps
[openvenc][rc] f=1273 P qp=16 bytes=2663 avg=1698 kbps
[openvenc][rc] f=1274 P qp=16 bytes=1336 avg=1698 kbps
[openvenc][rc] f=1275 P qp=16 bytes=1109 avg=1697 kbps
[openvenc][rc] f=1276 P qp=16 bytes=1063 avg=1696 kbps
[openvenc][rc] f=1277 P qp=16 bytes=1038 avg=1695 kbps
[openvenc][rc] f=1278 P qp=16 bytes=1046 avg=1694 kbps
[openvenc][rc] f=1279 P qp=16 bytes=1048 avg=1693 kbps
[openvenc][rc] f=1280 P qp=16 bytes=1041 avg=1692 kbps
[openvenc][rc] f=1281 P qp=16 bytes=1052 avg=1691 kbps
[openvenc][rc] f=1282 P qp=16 bytes=1046 avg=1690 kbps
[openvenc][rc] f=1283 P qp=16 bytes=1049 avg=1689 kbps
[openvenc][rc] f=1284 P qp=16 bytes=1032 avg=1688 kbps
[openvenc][rc] f=1285 P qp=16 bytes=1030 avg=1687 kbps
[openvenc][rc] f=1286 P qp=16 bytes=1045 avg=1686 kbps
[openvenc][rc] f=1287 P qp=16 bytes=1027 avg=1685 kbps
[openvenc][rc] f=1288 P qp=16 bytes=1031 avg=1684 kbps
[openvenc][rc] f=1289 P qp=16 bytes=1035 avg=1684 kbps
[openvenc][rc] f=1290 IDR qp=22 bytes=53668 avg=1702 kbps
[openvenc][rc] f=1291 P qp=25 bytes=1567 avg=1701 kbps
[openvenc][rc] f=1292 P qp=24 bytes=1377 avg=1700 kbps
[openvenc][rc] f=1293 P qp=23 bytes=1431 avg=1699 kbps
[openvenc][rc] f=1294 P qp=22 bytes=1445 avg=1699 kbps
[openvenc][rc] f=1295 P qp=21 bytes=1994 avg=1698 kbps
[openvenc][rc] f=1296 P qp=20 bytes=3068 avg=1698 kbps
[openvenc][rc] f=1297 P qp=19 bytes=6688 avg=1699 kbps
[openvenc][rc] f=1298 P qp=18 bytes=5998 avg=1700 kbps
[openvenc][rc] f=1299 P qp=17 bytes=8639 avg=1702 kbps
[openvenc][rc] f=1300 P qp=16 bytes=7838 avg=1703 kbps
[openvenc][rc] f=1301 P qp=16 bytes=2589 avg=1703 kbps
[openvenc][rc] f=1302 P qp=16 bytes=1465 avg=1702 kbps
[openvenc][rc] f=1303 P qp=16 bytes=1307 avg=1701 kbps
[openvenc][rc] f=1304 P qp=16 bytes=1270 avg=1700 kbps
[openvenc][rc] f=1305 P qp=16 bytes=1229 avg=1700 kbps
[openvenc][rc] f=1306 P qp=16 bytes=1226 avg=1699 kbps
[openvenc][rc] f=1307 P qp=16 bytes=1214 avg=1698 kbps
[openvenc][rc] f=1308 P qp=16 bytes=1223 avg=1697 kbps
[openvenc][rc] f=1309 P qp=16 bytes=1218 avg=1696 kbps
[openvenc][rc] f=1310 P qp=16 bytes=1224 avg=1695 kbps
[openvenc][rc] f=1311 P qp=16 bytes=1213 avg=1694 kbps
[openvenc][rc] f=1312 P qp=16 bytes=1201 avg=1694 kbps
[openvenc][rc] f=1313 P qp=16 bytes=1197 avg=1693 kbps
[openvenc][rc] f=1314 P qp=16 bytes=1195 avg=1692 kbps
[openvenc][rc] f=1315 P qp=16 bytes=1198 avg=1691 kbps
[openvenc][rc] f=1316 P qp=16 bytes=1199 avg=1690 kbps
[openvenc][rc] f=1317 P qp=16 bytes=1193 avg=1689 kbps
[openvenc][rc] f=1318 P qp=16 bytes=1200 avg=1688 kbps
[openvenc][rc] f=1319 P qp=16 bytes=1193 avg=1688 kbps
[openvenc][rc] f=1320 IDR qp=20 bytes=58136 avg=1707 kbps
[openvenc][rc] f=1321 P qp=23 bytes=1661 avg=1706 kbps
[openvenc][rc] f=1322 P qp=22 bytes=1421 avg=1706 kbps
[openvenc][rc] f=1323 P qp=21 bytes=1410 avg=1705 kbps
[openvenc][rc] f=1324 P qp=20 bytes=1478 avg=1704 kbps
[openvenc][rc] f=1325 P qp=19 bytes=2509 avg=1704 kbps
[openvenc][rc] f=1326 P qp=18 bytes=3832 avg=1704 kbps
[openvenc][rc] f=1327 P qp=17 bytes=7334 avg=1705 kbps
[openvenc][rc] f=1328 P qp=16 bytes=7093 avg=1706 kbps
[openvenc][rc] f=1329 P qp=16 bytes=2365 avg=1706 kbps
[openvenc][rc] f=1330 P qp=16 bytes=1359 avg=1705 kbps
[openvenc][rc] f=1331 P qp=16 bytes=1166 avg=1704 kbps
[openvenc][rc] f=1332 P qp=16 bytes=1114 avg=1703 kbps
[openvenc][rc] f=1333 P qp=16 bytes=1121 avg=1702 kbps
[openvenc][rc] f=1334 P qp=16 bytes=1105 avg=1702 kbps
[openvenc][rc] f=1335 P qp=16 bytes=1081 avg=1701 kbps
[openvenc][rc] f=1336 P qp=16 bytes=1069 avg=1700 kbps
[openvenc][rc] f=1337 P qp=16 bytes=1071 avg=1699 kbps
[openvenc][rc] f=1338 P qp=16 bytes=1051 avg=1698 kbps
[openvenc][rc] f=1339 P qp=16 bytes=1050 avg=1697 kbps
[openvenc][rc] f=1340 P qp=16 bytes=1044 avg=1696 kbps
[openvenc][rc] f=1341 P qp=16 bytes=1048 avg=1695 kbps
[openvenc][rc] f=1342 P qp=16 bytes=1045 avg=1694 kbps
[openvenc][rc] f=1343 P qp=16 bytes=1049 avg=1694 kbps
[openvenc][rc] f=1344 P qp=16 bytes=1043 avg=1693 kbps
[openvenc][rc] f=1345 P qp=16 bytes=1050 avg=1692 kbps
[openvenc][rc] f=1346 P qp=16 bytes=1044 avg=1691 kbps
[openvenc][rc] f=1347 P qp=16 bytes=1048 avg=1690 kbps
[openvenc][rc] f=1348 P qp=16 bytes=1045 avg=1689 kbps
[openvenc][rc] f=1349 P qp=16 bytes=1049 avg=1688 kbps
[openvenc][rc] f=1350 IDR qp=18 bytes=63521 avg=1709 kbps
[openvenc][rc] f=1351 P qp=21 bytes=1607 avg=1708 kbps
[openvenc][rc] f=1352 P qp=20 bytes=1237 avg=1708 kbps
[openvenc][rc] f=1353 P qp=19 bytes=1466 avg=1707 kbps
[openvenc][rc] f=1354 P qp=18 bytes=1706 avg=1706 kbps
[openvenc][rc] f=1355 P qp=17 bytes=2905 avg=1706 kbps
[openvenc][rc] f=1356 P qp=16 bytes=4690 avg=1706 kbps
[openvenc][rc] f=1357 P qp=16 bytes=1730 avg=1706 kbps
[openvenc][rc] f=1358 P qp=16 bytes=1070 avg=1705 kbps
[openvenc][rc] f=1359 P qp=16 bytes=936 avg=1704 kbps
[openvenc][rc] f=1360 P qp=16 bytes=912 avg=1703 kbps
[openvenc][rc] f=1361 P qp=16 bytes=911 avg=1702 kbps
[openvenc][rc] f=1362 P qp=16 bytes=910 avg=1701 kbps
[openvenc][rc] f=1363 P qp=16 bytes=918 avg=1700 kbps
[openvenc][rc] f=1364 P qp=16 bytes=908 avg=1699 kbps
[openvenc][rc] f=1365 P qp=16 bytes=923 avg=1698 kbps
[openvenc][rc] f=1366 P qp=16 bytes=913 avg=1697 kbps
[openvenc][rc] f=1367 P qp=16 bytes=921 avg=1696 kbps
[openvenc][rc] f=1368 P qp=16 bytes=908 avg=1695 kbps
[openvenc][rc] f=1369 P qp=16 bytes=894 avg=1695 kbps
[openvenc][rc] f=1370 P qp=16 bytes=904 avg=1694 kbps
[openvenc][rc] f=1371 P qp=16 bytes=905 avg=1693 kbps
[openvenc][rc] f=1372 P qp=16 bytes=912 avg=1692 kbps
[openvenc][rc] f=1373 P qp=16 bytes=903 avg=1691 kbps
[openvenc][rc] f=1374 P qp=16 bytes=897 avg=1690 kbps
[openvenc][rc] f=1375 P qp=16 bytes=897 avg=1689 kbps
[openvenc][rc] f=1376 P qp=16 bytes=895 avg=1688 kbps
[openvenc][rc] f=1377 P qp=16 bytes=895 avg=1687 kbps
[openvenc][rc] f=1378 P qp=16 bytes=889 avg=1686 kbps
[openvenc][rc] f=1379 P qp=16 bytes=892 avg=1685 kbps
[openvenc][rc] f=1380 IDR qp=16 bytes=69464 avg=1708 kbps
[openvenc][rc] f=1381 P qp=19 bytes=1918 avg=1707 kbps
[openvenc][rc] f=1382 P qp=18 bytes=1329 avg=1706 kbps
[openvenc][rc] f=1383 P qp=17 bytes=1793 avg=1706 kbps
[openvenc][rc] f=1384 P qp=16 bytes=1934 avg=1705 kbps
[openvenc][rc] f=1385 P qp=16 bytes=928 avg=1704 kbps
[openvenc][rc] f=1386 P qp=16 bytes=816 avg=1703 kbps
[openvenc][rc] f=1387 P qp=16 bytes=751 avg=1702 kbps
[openvenc][rc] f=1388 P qp=16 bytes=738 avg=1701 kbps
[openvenc][rc] f=1389 P qp=16 bytes=724 avg=1701 kbps
[openvenc][rc] f=1390 P qp=16 bytes=731 avg=1700 kbps
[openvenc][rc] f=1391 P qp=16 bytes=712 avg=1699 kbps
[openvenc][rc] f=1392 P qp=16 bytes=705 avg=1698 kbps
[openvenc][rc] f=1393 P qp=16 bytes=713 avg=1697 kbps
[openvenc][rc] f=1394 P qp=16 bytes=717 avg=1696 kbps
[openvenc][rc] f=1395 P qp=16 bytes=713 avg=1695 kbps
[openvenc][rc] f=1396 P qp=16 bytes=717 avg=1694 kbps
[openvenc][rc] f=1397 P qp=16 bytes=714 avg=1693 kbps
[openvenc][rc] f=1398 P qp=16 bytes=716 avg=1692 kbps
[openvenc][rc] f=1399 P qp=16 bytes=702 avg=1691 kbps
[openvenc][rc] f=1400 P qp=16 bytes=717 avg=1690 kbps
[openvenc][rc] f=1401 P qp=16 bytes=713 avg=1689 kbps
[openvenc][rc] f=1402 P qp=16 bytes=717 avg=1688 kbps
[openvenc][rc] f=1403 P qp=16 bytes=714 avg=1687 kbps
[openvenc][rc] f=1404 P qp=16 bytes=716 avg=1686 kbps
[openvenc][rc] f=1405 P qp=16 bytes=712 avg=1685 kbps
[openvenc][rc] f=1406 P qp=16 bytes=705 avg=1684 kbps
[openvenc][rc] f=1407 P qp=16 bytes=702 avg=1683 kbps
[openvenc][rc] f=1408 P qp=16 bytes=705 avg=1682 kbps
[openvenc][rc] f=1409 P qp=16 bytes=702 avg=1681 kbps
[openvenc][rc] f=1410 IDR qp=16 bytes=69464 avg=1703 kbps
[openvenc][rc] f=1411 P qp=19 bytes=1918 avg=1703 kbps
[openvenc][rc] f=1412 P qp=18 bytes=1329 avg=1702 kbps
[openvenc][rc] f=1413 P qp=17 bytes=1793 avg=1701 kbps
[openvenc][rc] f=1414 P qp=16 bytes=1934 avg=1701 kbps
[openvenc][rc] f=1415 P qp=16 bytes=928 avg=1700 kbps
[openvenc][rc] f=1416 P qp=16 bytes=816 avg=1699 kbps
[openvenc][rc] f=1417 P qp=16 bytes=751 avg=1698 kbps
[openvenc][rc] f=1418 P qp=16 bytes=738 avg=1697 kbps
[openvenc][rc] f=1419 P qp=16 bytes=724 avg=1696 kbps
[openvenc][rc] f=1420 P qp=16 bytes=731 avg=1695 kbps
[openvenc][rc] f=1421 P qp=16 bytes=712 avg=1694 kbps
[openvenc][rc] f=1422 P qp=16 bytes=705 avg=1693 kbps
[openvenc][rc] f=1423 P qp=16 bytes=713 avg=1692 kbps
[openvenc][rc] f=1424 P qp=16 bytes=717 avg=1691 kbps
[openvenc][rc] f=1425 P qp=16 bytes=713 avg=1690 kbps
[openvenc][rc] f=1426 P qp=16 bytes=717 avg=1689 kbps
[openvenc][rc] f=1427 P qp=16 bytes=714 avg=1688 kbps
[openvenc][rc] f=1428 P qp=16 bytes=716 avg=1687 kbps
[openvenc][rc] f=1429 P qp=16 bytes=702 avg=1687 kbps
[openvenc][rc] f=1430 P qp=16 bytes=717 avg=1686 kbps
[openvenc][rc] f=1431 P qp=16 bytes=713 avg=1685 kbps
[openvenc][rc] f=1432 P qp=16 bytes=717 avg=1684 kbps
[openvenc][rc] f=1433 P qp=16 bytes=714 avg=1683 kbps
[openvenc][rc] f=1434 P qp=16 bytes=716 avg=1682 kbps
[openvenc][rc] f=1435 P qp=16 bytes=712 avg=1681 kbps
[openvenc][rc] f=1436 P qp=16 bytes=705 avg=1680 kbps
[openvenc][rc] f=1437 P qp=16 bytes=702 avg=1679 kbps
[openvenc][rc] f=1438 P qp=16 bytes=705 avg=1678 kbps
[openvenc][rc] f=1439 P qp=16 bytes=702 avg=1677 kbps
[openvenc][rc] f=1440 IDR qp=16 bytes=69464 avg=1699 kbps
[openvenc][rc] f=1441 P qp=19 bytes=1918 avg=1698 kbps
[openvenc][rc] f=1442 P qp=18 bytes=1329 avg=1697 kbps
[openvenc][rc] f=1443 P qp=17 bytes=1793 avg=1697 kbps
[openvenc][rc] f=1444 P qp=16 bytes=1934 avg=1696 kbps
[openvenc][rc] f=1445 P qp=16 bytes=928 avg=1695 kbps
[openvenc][rc] f=1446 P qp=16 bytes=816 avg=1695 kbps
[openvenc][rc] f=1447 P qp=16 bytes=751 avg=1694 kbps
[openvenc][rc] f=1448 P qp=16 bytes=738 avg=1693 kbps
[openvenc][rc] f=1449 P qp=16 bytes=724 avg=1692 kbps
[openvenc][rc] f=1450 P qp=16 bytes=731 avg=1691 kbps
[openvenc][rc] f=1451 P qp=16 bytes=712 avg=1690 kbps
[openvenc][rc] f=1452 P qp=16 bytes=705 avg=1689 kbps
[openvenc][rc] f=1453 P qp=16 bytes=713 avg=1688 kbps
[openvenc][rc] f=1454 P qp=16 bytes=717 avg=1687 kbps
[openvenc][rc] f=1455 P qp=16 bytes=713 avg=1686 kbps
[openvenc][rc] f=1456 P qp=16 bytes=717 avg=1685 kbps
[openvenc][rc] f=1457 P qp=16 bytes=714 avg=1684 kbps
[openvenc][rc] f=1458 P qp=16 bytes=716 avg=1683 kbps
[openvenc][rc] f=1459 P qp=16 bytes=702 avg=1682 kbps
[openvenc][rc] f=1460 P qp=16 bytes=717 avg=1682 kbps
[openvenc][rc] f=1461 P qp=16 bytes=713 avg=1681 kbps
[openvenc][rc] f=1462 P qp=16 bytes=717 avg=1680 kbps
[openvenc][rc] f=1463 P qp=16 bytes=714 avg=1679 kbps
[openvenc][rc] f=1464 P qp=16 bytes=716 avg=1678 kbps
[openvenc][rc] f=1465 P qp=16 bytes=712 avg=1677 kbps
[openvenc][rc] f=1466 P qp=16 bytes=705 avg=1676 kbps
[openvenc][rc] f=1467 P qp=16 bytes=702 avg=1675 kbps
[openvenc][rc] f=1468 P qp=16 bytes=705 avg=1674 kbps
[openvenc][rc] f=1469 P qp=16 bytes=702 avg=1673 kbps
[openvenc][rc] f=1470 IDR qp=16 bytes=69464 avg=1694 kbps
[openvenc][rc] f=1471 P qp=19 bytes=1918 avg=1694 kbps
[openvenc][rc] f=1472 P qp=18 bytes=1329 avg=1693 kbps
[openvenc][rc] f=1473 P qp=17 bytes=1793 avg=1693 kbps
[openvenc][rc] f=1474 P qp=16 bytes=1934 avg=1692 kbps
[openvenc][rc] f=1475 P qp=16 bytes=928 avg=1691 kbps
[openvenc][rc] f=1476 P qp=16 bytes=816 avg=1690 kbps
[openvenc][rc] f=1477 P qp=16 bytes=751 avg=1689 kbps
[openvenc][rc] f=1478 P qp=16 bytes=738 avg=1689 kbps
[openvenc][rc] f=1479 P qp=16 bytes=724 avg=1688 kbps
[openvenc][rc] f=1480 P qp=16 bytes=731 avg=1687 kbps
[openvenc][rc] f=1481 P qp=16 bytes=712 avg=1686 kbps
[openvenc][rc] f=1482 P qp=16 bytes=705 avg=1685 kbps
[openvenc][rc] f=1483 P qp=16 bytes=713 avg=1684 kbps
[openvenc][rc] f=1484 P qp=16 bytes=717 avg=1683 kbps
[openvenc][rc] f=1485 P qp=16 bytes=713 avg=1682 kbps
[openvenc][rc] f=1486 P qp=16 bytes=717 avg=1681 kbps
[openvenc][rc] f=1487 P qp=16 bytes=714 avg=1680 kbps
[openvenc][rc] f=1488 P qp=16 bytes=716 avg=1679 kbps
[openvenc][rc] f=1489 P qp=16 bytes=702 avg=1679 kbps
[openvenc][rc] f=1490 P qp=16 bytes=717 avg=1678 kbps
[openvenc][rc] f=1491 P qp=16 bytes=713 avg=1677 kbps
[openvenc][rc] f=1492 P qp=16 bytes=717 avg=1676 kbps
[openvenc][rc] f=1493 P qp=16 bytes=714 avg=1675 kbps
[openvenc][rc] f=1494 P qp=16 bytes=716 avg=1674 kbps
[openvenc][rc] f=1495 P qp=16 bytes=712 avg=1673 kbps
[openvenc][rc] f=1496 P qp=16 bytes=705 avg=1672 kbps
[openvenc][rc] f=1497 P qp=16 bytes=702 avg=1671 kbps
[openvenc][rc] f=1498 P qp=16 bytes=705 avg=1671 kbps
[openvenc][rc] f=1499 P qp=16 bytes=702 avg=1670 kbps
[openvenc][rc] f=1500 IDR qp=16 bytes=69464 avg=1690 kbps
[openvenc][rc] f=1501 P qp=19 bytes=1918 avg=1690 kbps
[openvenc][rc] f=1502 P qp=18 bytes=1329 avg=1689 kbps
[openvenc][rc] f=1503 P qp=17 bytes=1793 avg=1689 kbps
[openvenc][rc] f=1504 P qp=16 bytes=1934 avg=1688 kbps
[openvenc][rc] f=1505 P qp=16 bytes=928 avg=1687 kbps
[openvenc][rc] f=1506 P qp=16 bytes=816 avg=1686 kbps
[openvenc][rc] f=1507 P qp=16 bytes=751 avg=1685 kbps
[openvenc][rc] f=1508 P qp=16 bytes=738 avg=1685 kbps
[openvenc][rc] f=1509 P qp=16 bytes=724 avg=1684 kbps
[openvenc][rc] f=1510 P qp=16 bytes=731 avg=1683 kbps
[openvenc][rc] f=1511 P qp=16 bytes=712 avg=1682 kbps
[openvenc][rc] f=1512 P qp=16 bytes=705 avg=1681 kbps
[openvenc][rc] f=1513 P qp=16 bytes=713 avg=1680 kbps
[openvenc][rc] f=1514 P qp=16 bytes=717 avg=1679 kbps
[openvenc][rc] f=1515 P qp=16 bytes=713 avg=1678 kbps
[openvenc][rc] f=1516 P qp=16 bytes=717 avg=1677 kbps
[openvenc][rc] f=1517 P qp=16 bytes=714 avg=1677 kbps
[openvenc][rc] f=1518 P qp=16 bytes=716 avg=1676 kbps
[openvenc][rc] f=1519 P qp=16 bytes=702 avg=1675 kbps
[openvenc][rc] f=1520 P qp=16 bytes=717 avg=1674 kbps
[openvenc][rc] f=1521 P qp=16 bytes=713 avg=1673 kbps
[openvenc][rc] f=1522 P qp=16 bytes=717 avg=1672 kbps
[openvenc][rc] f=1523 P qp=16 bytes=714 avg=1671 kbps
[openvenc][rc] f=1524 P qp=16 bytes=716 avg=1670 kbps
[openvenc][rc] f=1525 P qp=16 bytes=712 avg=1670 kbps
[openvenc][rc] f=1526 P qp=16 bytes=705 avg=1669 kbps
[openvenc][rc] f=1527 P qp=16 bytes=702 avg=1668 kbps
[openvenc][rc] f=1528 P qp=16 bytes=705 avg=1667 kbps
[openvenc][rc] f=1529 P qp=16 bytes=702 avg=1666 kbps
[openvenc][rc] f=1530 IDR qp=16 bytes=69464 avg=1686 kbps
[openvenc][rc] f=1531 P qp=19 bytes=1918 avg=1686 kbps
[openvenc][rc] f=1532 P qp=18 bytes=1329 avg=1685 kbps
[openvenc][rc] f=1533 P qp=17 bytes=1793 avg=1685 kbps
[openvenc][rc] f=1534 P qp=16 bytes=1934 avg=1684 kbps
[openvenc][rc] f=1535 P qp=16 bytes=928 avg=1683 kbps
[openvenc][rc] f=1536 P qp=16 bytes=816 avg=1683 kbps
[openvenc][rc] f=1537 P qp=16 bytes=751 avg=1682 kbps
[openvenc][rc] f=1538 P qp=16 bytes=738 avg=1681 kbps
[openvenc][rc] f=1539 P qp=16 bytes=724 avg=1680 kbps
[openvenc][rc] f=1540 P qp=16 bytes=731 avg=1679 kbps
[openvenc][rc] f=1541 P qp=16 bytes=712 avg=1678 kbps
[openvenc][rc] f=1542 P qp=16 bytes=705 avg=1677 kbps
[openvenc][rc] f=1543 P qp=16 bytes=713 avg=1676 kbps
[openvenc][rc] f=1544 P qp=16 bytes=717 avg=1676 kbps
[openvenc][rc] f=1545 P qp=16 bytes=713 avg=1675 kbps
[openvenc][rc] f=1546 P qp=16 bytes=717 avg=1674 kbps
[openvenc][rc] f=1547 P qp=16 bytes=714 avg=1673 kbps
[openvenc][rc] f=1548 P qp=16 bytes=716 avg=1672 kbps
[openvenc][rc] f=1549 P qp=16 bytes=702 avg=1671 kbps
[openvenc][rc] f=1550 P qp=16 bytes=717 avg=1670 kbps
[openvenc][rc] f=1551 P qp=16 bytes=713 avg=1670 kbps
[openvenc][rc] f=1552 P qp=16 bytes=717 avg=1669 kbps
[openvenc][rc] f=1553 P qp=16 bytes=714 avg=1668 kbps
[openvenc][rc] f=1554 P qp=16 bytes=716 avg=1667 kbps
[openvenc][rc] f=1555 P qp=16 bytes=712 avg=1666 kbps
[openvenc][rc] f=1556 P qp=16 bytes=705 avg=1665 kbps
[openvenc][rc] f=1557 P qp=16 bytes=702 avg=1664 kbps
[openvenc][rc] f=1558 P qp=16 bytes=705 avg=1664 kbps
[openvenc][rc] f=1559 P qp=16 bytes=702 avg=1663 kbps
[openvenc][rc] f=1560 IDR qp=16 bytes=69464 avg=1683 kbps
[openvenc][rc] f=1561 P qp=19 bytes=1918 avg=1682 kbps
[openvenc][rc] f=1562 P qp=18 bytes=1329 avg=1681 kbps
[openvenc][rc] f=1563 P qp=17 bytes=1793 avg=1681 kbps
[openvenc][rc] f=1564 P qp=16 bytes=1934 avg=1680 kbps
[openvenc][rc] f=1565 P qp=16 bytes=928 avg=1680 kbps
[openvenc][rc] f=1566 P qp=16 bytes=816 avg=1679 kbps
[openvenc][rc] f=1567 P qp=16 bytes=751 avg=1678 kbps
[openvenc][rc] f=1568 P qp=16 bytes=738 avg=1677 kbps
[openvenc][rc] f=1569 P qp=16 bytes=724 avg=1676 kbps
[openvenc][rc] f=1570 P qp=16 bytes=731 avg=1675 kbps
[openvenc][rc] f=1571 P qp=16 bytes=712 avg=1675 kbps
[openvenc][rc] f=1572 P qp=16 bytes=705 avg=1674 kbps
[openvenc][rc] f=1573 P qp=16 bytes=713 avg=1673 kbps
[openvenc][rc] f=1574 P qp=16 bytes=717 avg=1672 kbps
[openvenc][rc] f=1575 P qp=16 bytes=713 avg=1671 kbps
[openvenc][rc] f=1576 P qp=16 bytes=717 avg=1670 kbps
[openvenc][rc] f=1577 P qp=16 bytes=714 avg=1669 kbps
[openvenc][rc] f=1578 P qp=16 bytes=716 avg=1669 kbps
[openvenc][rc] f=1579 P qp=16 bytes=702 avg=1668 kbps
[openvenc][rc] f=1580 P qp=16 bytes=717 avg=1667 kbps
[openvenc][rc] f=1581 P qp=16 bytes=713 avg=1666 kbps
[openvenc][rc] f=1582 P qp=16 bytes=717 avg=1665 kbps
[openvenc][rc] f=1583 P qp=16 bytes=714 avg=1664 kbps
[openvenc][rc] f=1584 P qp=16 bytes=716 avg=1664 kbps
[openvenc][rc] f=1585 P qp=16 bytes=712 avg=1663 kbps
[openvenc][rc] f=1586 P qp=16 bytes=705 avg=1662 kbps
[openvenc][rc] f=1587 P qp=16 bytes=702 avg=1661 kbps
[openvenc][rc] f=1588 P qp=16 bytes=705 avg=1660 kbps
[openvenc][rc] f=1589 P qp=16 bytes=702 avg=1659 kbps
[openvenc][rc] f=1590 IDR qp=16 bytes=69464 avg=1679 kbps
[openvenc][rc] f=1591 P qp=19 bytes=1918 avg=1678 kbps
[openvenc][rc] f=1592 P qp=18 bytes=1329 avg=1678 kbps
[openvenc][rc] f=1593 P qp=17 bytes=1793 avg=1677 kbps
[openvenc][rc] f=1594 P qp=16 bytes=1934 avg=1677 kbps
[openvenc][rc] f=1595 P qp=16 bytes=928 avg=1676 kbps
[openvenc][rc] f=1596 P qp=16 bytes=816 avg=1675 kbps
[openvenc][rc] f=1597 P qp=16 bytes=751 avg=1674 kbps
[openvenc][rc] f=1598 P qp=16 bytes=738 avg=1674 kbps
[openvenc][rc] f=1599 P qp=16 bytes=724 avg=1673 kbps
[openvenc][rc] f=1600 P qp=16 bytes=731 avg=1672 kbps
[openvenc][rc] f=1601 P qp=16 bytes=712 avg=1671 kbps
[openvenc][rc] f=1602 P qp=16 bytes=705 avg=1670 kbps
[openvenc][rc] f=1603 P qp=16 bytes=713 avg=1669 kbps
[openvenc][rc] f=1604 P qp=16 bytes=717 avg=1669 kbps
[openvenc][rc] f=1605 P qp=16 bytes=713 avg=1668 kbps
[openvenc][rc] f=1606 P qp=16 bytes=717 avg=1667 kbps
[openvenc][rc] f=1607 P qp=16 bytes=714 avg=1666 kbps
[openvenc][rc] f=1608 P qp=16 bytes=716 avg=1665 kbps
[openvenc][rc] f=1609 P qp=16 bytes=702 avg=1664 kbps
[openvenc][rc] f=1610 P qp=16 bytes=717 avg=1664 kbps
[openvenc][rc] f=1611 P qp=16 bytes=713 avg=1663 kbps
[openvenc][rc] f=1612 P qp=16 bytes=717 avg=1662 kbps
[openvenc][rc] f=1613 P qp=16 bytes=714 avg=1661 kbps
[openvenc][rc] f=1614 P qp=16 bytes=716 avg=1660 kbps
[openvenc][rc] f=1615 P qp=16 bytes=712 avg=1660 kbps
[openvenc][rc] f=1616 P qp=16 bytes=705 avg=1659 kbps
[openvenc][rc] f=1617 P qp=16 bytes=702 avg=1658 kbps
[openvenc][rc] f=1618 P qp=16 bytes=705 avg=1657 kbps
[openvenc][rc] f=1619 P qp=16 bytes=702 avg=1656 kbps
[openvenc][rc] f=1620 IDR qp=16 bytes=69464 avg=1675 kbps
[openvenc][rc] f=1621 P qp=19 bytes=1918 avg=1675 kbps
[openvenc][rc] f=1622 P qp=18 bytes=1329 avg=1674 kbps
[openvenc][rc] f=1623 P qp=17 bytes=1793 avg=1674 kbps
[openvenc][rc] f=1624 P qp=16 bytes=1934 avg=1673 kbps
[openvenc][rc] f=1625 P qp=16 bytes=928 avg=1673 kbps
[openvenc][rc] f=1626 P qp=16 bytes=816 avg=1672 kbps
[openvenc][rc] f=1627 P qp=16 bytes=751 avg=1671 kbps
[openvenc][rc] f=1628 P qp=16 bytes=738 avg=1670 kbps
[openvenc][rc] f=1629 P qp=16 bytes=724 avg=1669 kbps
[openvenc][rc] f=1630 P qp=16 bytes=731 avg=1669 kbps
[openvenc][rc] f=1631 P qp=16 bytes=712 avg=1668 kbps
[openvenc][rc] f=1632 P qp=16 bytes=705 avg=1667 kbps
[openvenc][rc] f=1633 P qp=16 bytes=713 avg=1666 kbps
[openvenc][rc] f=1634 P qp=16 bytes=717 avg=1665 kbps
[openvenc][rc] f=1635 P qp=16 bytes=713 avg=1664 kbps
[openvenc][rc] f=1636 P qp=16 bytes=717 avg=1664 kbps
[openvenc][rc] f=1637 P qp=16 bytes=714 avg=1663 kbps
[openvenc][rc] f=1638 P qp=16 bytes=716 avg=1662 kbps
[openvenc][rc] f=1639 P qp=16 bytes=702 avg=1661 kbps
[openvenc][rc] f=1640 P qp=16 bytes=717 avg=1660 kbps
[openvenc][rc] f=1641 P qp=16 bytes=713 avg=1660 kbps
[openvenc][rc] f=1642 P qp=16 bytes=717 avg=1659 kbps
[openvenc][rc] f=1643 P qp=16 bytes=714 avg=1658 kbps
[openvenc][rc] f=1644 P qp=16 bytes=716 avg=1657 kbps
[openvenc][rc] f=1645 P qp=16 bytes=712 avg=1656 kbps
[openvenc][rc] f=1646 P qp=16 bytes=705 avg=1656 kbps
[openvenc][rc] f=1647 P qp=16 bytes=702 avg=1655 kbps
[openvenc][rc] f=1648 P qp=16 bytes=705 avg=1654 kbps
[openvenc][rc] f=1649 P qp=16 bytes=702 avg=1653 kbps
[openvenc][rc] f=1650 IDR qp=16 bytes=69464 avg=1672 kbps
[openvenc][rc] f=1651 P qp=19 bytes=1918 avg=1672 kbps
[openvenc][rc] f=1652 P qp=18 bytes=1329 avg=1671 kbps
[openvenc][rc] f=1653 P qp=17 bytes=1793 avg=1670 kbps
[openvenc][rc] f=1654 P qp=16 bytes=1934 avg=1670 kbps
[openvenc][rc] f=1655 P qp=16 bytes=928 avg=1669 kbps
[openvenc][rc] f=1656 P qp=16 bytes=816 avg=1668 kbps
[openvenc][rc] f=1657 P qp=16 bytes=751 avg=1668 kbps
[openvenc][rc] f=1658 P qp=16 bytes=738 avg=1667 kbps
[openvenc][rc] f=1659 P qp=16 bytes=724 avg=1666 kbps
[openvenc][rc] f=1660 P qp=16 bytes=731 avg=1665 kbps
[openvenc][rc] f=1661 P qp=16 bytes=712 avg=1665 kbps
[openvenc][rc] f=1662 P qp=16 bytes=705 avg=1664 kbps
[openvenc][rc] f=1663 P qp=16 bytes=713 avg=1663 kbps
[openvenc][rc] f=1664 P qp=16 bytes=717 avg=1662 kbps
[openvenc][rc] f=1665 P qp=16 bytes=713 avg=1661 kbps
[openvenc][rc] f=1666 P qp=16 bytes=717 avg=1661 kbps
[openvenc][rc] f=1667 P qp=16 bytes=714 avg=1660 kbps
[openvenc][rc] f=1668 P qp=16 bytes=716 avg=1659 kbps
[openvenc][rc] f=1669 P qp=16 bytes=702 avg=1658 kbps
[openvenc][rc] f=1670 P qp=16 bytes=717 avg=1657 kbps
[openvenc][rc] f=1671 P qp=16 bytes=713 avg=1657 kbps
[openvenc][rc] f=1672 P qp=16 bytes=717 avg=1656 kbps
[openvenc][rc] f=1673 P qp=16 bytes=714 avg=1655 kbps
[openvenc][rc] f=1674 P qp=16 bytes=716 avg=1654 kbps
[openvenc][rc] f=1675 P qp=16 bytes=712 avg=1653 kbps
[openvenc][rc] f=1676 P qp=16 bytes=705 avg=1653 kbps
[openvenc][rc] f=1677 P qp=16 bytes=702 avg=1652 kbps
[openvenc][rc] f=1678 P qp=16 bytes=705 avg=1651 kbps
[openvenc][rc] f=1679 P qp=16 bytes=702 avg=1650 kbps
[openvenc][rc] f=1680 IDR qp=16 bytes=69464 avg=1669 kbps
[openvenc][rc] f=1681 P qp=19 bytes=1918 avg=1668 kbps
[openvenc][rc] f=1682 P qp=18 bytes=1329 avg=1668 kbps
[openvenc][rc] f=1683 P qp=17 bytes=1793 avg=1667 kbps
[openvenc][rc] f=1684 P qp=16 bytes=1934 avg=1667 kbps
[openvenc][rc] f=1685 P qp=16 bytes=928 avg=1666 kbps
[openvenc][rc] f=1686 P qp=16 bytes=816 avg=1665 kbps
[openvenc][rc] f=1687 P qp=16 bytes=751 avg=1665 kbps
[openvenc][rc] f=1688 P qp=16 bytes=738 avg=1664 kbps
[openvenc][rc] retarget 8000 kbps @ 59 fps
[openvenc][rc] f=1689 P qp=16 bytes=724 avg=1663 kbps
[openvenc][rc] f=1690 P qp=16 bytes=731 avg=1662 kbps
[openvenc][rc] f=1691 P qp=16 bytes=712 avg=1661 kbps
[openvenc][rc] f=1692 P qp=16 bytes=705 avg=1661 kbps
[openvenc][rc] f=1693 P qp=16 bytes=713 avg=1660 kbps
[openvenc][rc] f=1694 P qp=16 bytes=717 avg=1659 kbps
[openvenc][rc] f=1695 P qp=16 bytes=713 avg=1658 kbps
[openvenc][rc] f=1696 P qp=16 bytes=717 avg=1657 kbps
[openvenc][rc] f=1697 P qp=16 bytes=714 avg=1657 kbps
[openvenc][rc] f=1698 P qp=16 bytes=716 avg=1656 kbps
[openvenc][rc] f=1699 P qp=16 bytes=702 avg=1655 kbps
[openvenc][rc] f=1700 P qp=16 bytes=717 avg=1654 kbps
[openvenc][rc] f=1701 P qp=16 bytes=713 avg=1654 kbps
[openvenc][rc] f=1702 P qp=16 bytes=717 avg=1653 kbps
[openvenc][rc] f=1703 P qp=16 bytes=714 avg=1652 kbps
[openvenc][rc] f=1704 P qp=16 bytes=716 avg=1651 kbps
[openvenc][rc] f=1705 P qp=16 bytes=712 avg=1651 kbps
[openvenc][rc] f=1706 P qp=16 bytes=705 avg=1650 kbps
[openvenc][rc] f=1707 P qp=16 bytes=702 avg=1649 kbps
[openvenc][rc] f=1708 P qp=16 bytes=705 avg=1648 kbps
[openvenc][rc] f=1709 P qp=16 bytes=702 avg=1647 kbps
[openvenc][rc] f=1710 IDR qp=32 bytes=32434 avg=1655 kbps
[openvenc][rc] f=1711 P qp=35 bytes=586 avg=1655 kbps
[openvenc][rc] f=1712 P qp=34 bytes=667 avg=1654 kbps
[openvenc][rc] f=1713 P qp=33 bytes=876 avg=1653 kbps
[openvenc][rc] f=1714 P qp=32 bytes=1046 avg=1652 kbps
[openvenc][rc] f=1715 P qp=31 bytes=1369 avg=1652 kbps
[openvenc][rc] f=1716 P qp=30 bytes=2437 avg=1652 kbps
[openvenc][rc] f=1717 P qp=29 bytes=4934 avg=1652 kbps
[openvenc][rc] f=1718 P qp=28 bytes=6220 avg=1653 kbps
[openvenc][rc] f=1719 P qp=27 bytes=5535 avg=1653 kbps
[openvenc][rc] f=1720 P qp=26 bytes=5948 avg=1654 kbps
[openvenc][rc] f=1721 P qp=25 bytes=6996 avg=1655 kbps
[openvenc][rc] f=1722 P qp=24 bytes=5520 avg=1655 kbps
[openvenc][rc] f=1723 P qp=23 bytes=8062 avg=1657 kbps
[openvenc][rc] f=1724 P qp=22 bytes=7334 avg=1658 kbps
[openvenc][rc] f=1725 P qp=21 bytes=6893 avg=1659 kbps
[openvenc][rc] f=1726 P qp=21 bytes=2010 avg=1658 kbps
[openvenc][rc] f=1727 P qp=21 bytes=1210 avg=1658 kbps
[openvenc][rc] f=1728 P qp=21 bytes=1046 avg=1657 kbps
[openvenc][rc] f=1729 P qp=21 bytes=996 avg=1656 kbps
[openvenc][rc] f=1730 P qp=21 bytes=998 avg=1656 kbps
[openvenc][rc] f=1731 P qp=21 bytes=950 avg=1655 kbps
[openvenc][rc] f=1732 P qp=21 bytes=951 avg=1654 kbps
[openvenc][rc] f=1733 P qp=21 bytes=920 avg=1653 kbps
[openvenc][rc] f=1734 P qp=21 bytes=920 avg=1653 kbps
[openvenc][rc] f=1735 P qp=21 bytes=938 avg=1652 kbps
[openvenc][rc] f=1736 P qp=21 bytes=913 avg=1651 kbps
[openvenc][rc] f=1737 P qp=21 bytes=907 avg=1651 kbps
[openvenc][rc] f=1738 P qp=21 bytes=939 avg=1650 kbps
[openvenc][rc] f=1739 P qp=21 bytes=909 avg=1649 kbps
[openvenc][rc] f=1740 IDR qp=30 bytes=36251 avg=1658 kbps
[openvenc][rc] f=1741 P qp=33 bytes=740 avg=1657 kbps
[openvenc][rc] f=1742 P qp=32 bytes=585 avg=1657 kbps
[openvenc][rc] f=1743 P qp=31 bytes=896 avg=1656 kbps
[openvenc][rc] f=1744 P qp=30 bytes=1030 avg=1655 kbps
[openvenc][rc] f=1745 P qp=29 bytes=1305 avg=1655 kbps
[openvenc][rc] f=1746 P qp=28 bytes=2791 avg=1654 kbps
[openvenc][rc] f=1747 P qp=27 bytes=5261 avg=1655 kbps
[openvenc][rc] f=1748 P qp=26 bytes=5769 avg=1656 kbps
[openvenc][rc] f=1749 P qp=25 bytes=7094 avg=1656 kbps
[openvenc][rc] f=1750 P qp=24 bytes=5657 avg=1657 kbps
[openvenc][rc] f=1751 P qp=23 bytes=7845 avg=1658 kbps
[openvenc][rc] f=1752 P qp=22 bytes=7240 avg=1659 kbps
[openvenc][rc] f=1753 P qp=21 bytes=6763 avg=1660 kbps
[openvenc][rc] f=1754 P qp=20 bytes=6862 avg=1661 kbps
[openvenc][rc] f=1755 P qp=19 bytes=8094 avg=1662 kbps
[openvenc][rc] f=1756 P qp=19 bytes=2242 avg=1662 kbps
[openvenc][rc] f=1757 P qp=19 bytes=1575 avg=1661 kbps
[openvenc][rc] f=1758 P qp=19 bytes=1230 avg=1661 kbps
[openvenc][rc] f=1759 P qp=19 bytes=1176 avg=1660 kbps
[openvenc][rc] f=1760 P qp=19 bytes=1146 avg=1660 kbps
[openvenc][rc] f=1761 P qp=19 bytes=1207 avg=1659 kbps
[openvenc][rc] f=1762 P qp=19 bytes=1114 avg=1658 kbps
[openvenc][rc] f=1763 P qp=19 bytes=1050 avg=1658 kbps
[openvenc][rc] f=1764 P qp=19 bytes=1066 avg=1657 kbps
[openvenc][rc] f=1765 P qp=19 bytes=1054 avg=1656 kbps
[openvenc][rc] f=1766 P qp=19 bytes=1047 avg=1656 kbps
[openvenc][rc] f=1767 P qp=19 bytes=1065 avg=1655 kbps
[openvenc][rc] f=1768 P qp=19 bytes=1047 avg=1654 kbps
[openvenc][rc] f=1769 P qp=19 bytes=1030 avg=1654 kbps
[openvenc][rc] f=1770 IDR qp=28 bytes=40221 avg=1663 kbps
[openvenc][rc] f=1771 P qp=31 bytes=822 avg=1663 kbps
[openvenc][rc] f=1772 P qp=30 bytes=709 avg=1662 kbps
[openvenc][rc] f=1773 P qp=29 bytes=994 avg=1661 kbps
[openvenc][rc] f=1774 P qp=28 bytes=1227 avg=1661 kbps
[openvenc][rc] f=1775 P qp=27 bytes=1534 avg=1660 kbps
[openvenc][rc] f=1776 P qp=26 bytes=2418 avg=1660 kbps
[openvenc][rc] f=1777 P qp=25 bytes=5550 avg=1660 kbps
[openvenc][rc] f=1778 P qp=24 bytes=4973 avg=1661 kbps
[openvenc][rc] f=1779 P qp=23 bytes=7582 avg=1662 kbps
[openvenc][rc] f=1780 P qp=22 bytes=6852 avg=1663 kbps
[openvenc][rc] f=1781 P qp=21 bytes=6475 avg=1664 kbps
[openvenc][rc] f=1782 P qp=20 bytes=6409 avg=1664 kbps
[openvenc][rc] f=1783 P qp=19 bytes=7842 avg=1665 kbps
[openvenc][rc] f=1784 P qp=18 bytes=6691 avg=1666 kbps
[openvenc][rc] f=1785 P qp=17 bytes=9063 avg=1668 kbps
[openvenc][rc] f=1786 P qp=17 bytes=2962 avg=1668 kbps
[openvenc][rc] f=1787 P qp=17 bytes=1546 avg=1667 kbps
[openvenc][rc] f=1788 P qp=17 bytes=1316 avg=1666 kbps
[openvenc][rc] f=1789 P qp=17 bytes=1229 avg=1666 kbps
[openvenc][rc] f=1790 P qp=17 bytes=1204 avg=1665 kbps
[openvenc][rc] f=1791 P qp=17 bytes=1163 avg=1665 kbps
[openvenc][rc] f=1792 P qp=17 bytes=1168 avg=1664 kbps
[openvenc][rc] f=1793 P qp=17 bytes=1136 avg=1663 kbps
[openvenc][rc] f=1794 P qp=17 bytes=1166 avg=1663 kbps
[openvenc][rc] f=1795 P qp=17 bytes=1162 avg=1662 kbps
[openvenc][rc] f=1796 P qp=17 bytes=1161 avg=1662 kbps
[openvenc][rc] f=1797 P qp=17 bytes=1159 avg=1661 kbps
[openvenc][rc] f=1798 P qp=17 bytes=1148 avg=1660 kbps
[openvenc][rc] f=1799 P qp=17 bytes=1152 avg=1660 kbps
[openvenc][rc] f=1800 IDR qp=26 bytes=44056 avg=1670 kbps
[openvenc][rc] f=1801 P qp=29 bytes=1044 avg=1670 kbps
[openvenc][rc] f=1802 P qp=28 bytes=992 avg=1669 kbps
[openvenc][rc] f=1803 P qp=27 bytes=1065 avg=1668 kbps
[openvenc][rc] f=1804 P qp=26 bytes=1276 avg=1668 kbps
[openvenc][rc] f=1805 P qp=25 bytes=1932 avg=1667 kbps
[openvenc][rc] f=1806 P qp=24 bytes=2880 avg=1667 kbps
[openvenc][rc] f=1807 P qp=23 bytes=6230 avg=1668 kbps
[openvenc][rc] f=1808 P qp=22 bytes=6755 avg=1669 kbps
[openvenc][rc] f=1809 P qp=21 bytes=6493 avg=1669 kbps
[openvenc][rc] f=1810 P qp=20 bytes=6532 avg=1670 kbps
[openvenc][rc] f=1811 P qp=19 bytes=8120 avg=1671 kbps
[openvenc][rc] f=1812 P qp=18 bytes=6605 avg=1672 kbps
[openvenc][rc] f=1813 P qp=17 bytes=9283 avg=1674 kbps
[openvenc][rc] f=1814 P qp=16 bytes=8052 avg=1675 kbps
[openvenc][rc] f=1815 P qp=16 bytes=3183 avg=1675 kbps
[openvenc][rc] f=1816 P qp=16 bytes=1582 avg=1674 kbps
[openvenc][rc] f=1817 P qp=16 bytes=1435 avg=1674 kbps
[openvenc][rc] f=1818 P qp=16 bytes=1402 avg=1673 kbps
[openvenc][rc] f=1819 P qp=16 bytes=1395 avg=1673 kbps
[openvenc][rc] f=1820 P qp=16 bytes=1347 avg=1672 kbps
[openvenc][rc] f=1821 P qp=16 bytes=1316 avg=1671 kbps
[openvenc][rc] f=1822 P qp=16 bytes=1301 avg=1671 kbps
[openvenc][rc] f=1823 P qp=16 bytes=1304 avg=1670 kbps
[openvenc][rc] f=1824 P qp=16 bytes=1299 avg=1670 kbps
[openvenc][rc] f=1825 P qp=16 bytes=1292 avg=1669 kbps
[openvenc][rc] f=1826 P qp=16 bytes=1287 avg=1669 kbps
[openvenc][rc] f=1827 P qp=16 bytes=1271 avg=1668 kbps
[openvenc][rc] f=1828 P qp=16 bytes=1277 avg=1667 kbps
[openvenc][rc] f=1829 P qp=16 bytes=1275 avg=1667 kbps
[openvenc][rc] f=1830 IDR qp=24 bytes=48786 avg=1678 kbps
[openvenc][rc] f=1831 P qp=27 bytes=1257 avg=1678 kbps
[openvenc][rc] f=1832 P qp=26 bytes=1090 avg=1677 kbps
[openvenc][rc] f=1833 P qp=25 bytes=1055 avg=1677 kbps
[openvenc][rc] f=1834 P qp=24 bytes=1192 avg=1676 kbps
[openvenc][rc] f=1835 P qp=23 bytes=1878 avg=1676 kbps
[openvenc][rc] f=1836 P qp=22 bytes=3882 avg=1676 kbps
[openvenc][rc] f=1837 P qp=21 bytes=5783 avg=1676 kbps
[openvenc][rc] f=1838 P qp=20 bytes=6364 avg=1677 kbps
[openvenc][rc] f=1839 P qp=19 bytes=7500 avg=1678 kbps
[openvenc][rc] f=1840 P qp=18 bytes=6129 avg=1679 kbps
[openvenc][rc] f=1841 P qp=17 bytes=8414 avg=1680 kbps
[openvenc][rc] f=1842 P qp=16 bytes=7645 avg=1681 kbps
[openvenc][rc] f=1843 P qp=16 bytes=2663 avg=1681 kbps
[openvenc][rc] f=1844 P qp=16 bytes=1336 avg=1680 kbps
[openvenc][rc] f=1845 P qp=16 bytes=1109 avg=1680 kbps
[openvenc][rc] f=1846 P qp=16 bytes=1063 avg=1679 kbps
[openvenc][rc] f=1847 P qp=16 bytes=1038 avg=1678 kbps
[openvenc][rc] f=1848 P qp=16 bytes=1046 avg=1678 kbps
[openvenc][rc] f=1849 P qp=16 bytes=1048 avg=1677 kbps
[openvenc][rc] f=1850 P qp=16 bytes=1041 avg=1676 kbps
[openvenc][rc] f=1851 P qp=16 bytes=1052 avg=1676 kbps
[openvenc][rc] f=1852 P qp=16 bytes=1046 avg=1675 kbps
[openvenc][rc] f=1853 P qp=16 bytes=1049 avg=1674 kbps
[openvenc][rc] f=1854 P qp=16 bytes=1032 avg=1674 kbps
[openvenc][rc] f=1855 P qp=16 bytes=1030 avg=1673 kbps
[openvenc][rc] f=1856 P qp=16 bytes=1045 avg=1672 kbps
[openvenc][rc] f=1857 P qp=16 bytes=1027 avg=1672 kbps
[openvenc][rc] f=1858 P qp=16 bytes=1031 avg=1671 kbps
[openvenc][rc] f=1859 P qp=16 bytes=1035 avg=1671 kbps
[openvenc][rc] f=1860 IDR qp=22 bytes=53668 avg=1683 kbps
[openvenc][rc] f=1861 P qp=25 bytes=1567 avg=1683 kbps
[openvenc][rc] f=1862 P qp=24 bytes=1377 avg=1682 kbps
[openvenc][rc] f=1863 P qp=23 bytes=1431 avg=1682 kbps
[openvenc][rc] f=1864 P qp=22 bytes=1445 avg=1681 kbps
[openvenc][rc] f=1865 P qp=21 bytes=1994 avg=1681 kbps
[openvenc][rc] f=1866 P qp=20 bytes=3068 avg=1681 kbps
[openvenc][rc] f=1867 P qp=19 bytes=6688 avg=1681 kbps
[openvenc][rc] f=1868 P qp=18 bytes=5998 avg=1682 kbps
[openvenc][rc] f=1869 P qp=17 bytes=8639 avg=1683 kbps
[openvenc][rc] f=1870 P qp=16 bytes=7838 avg=1684 kbps
[openvenc][rc] f=1871 P qp=16 bytes=2589 avg=1684 kbps
[openvenc][rc] f=1872 P qp=16 bytes=1465 avg=1684 kbps
[openvenc][rc] f=1873 P qp=16 bytes=1307 avg=1683 kbps
[openvenc][rc] f=1874 P qp=16 bytes=1270 avg=1682 kbps
[openvenc][rc] f=1875 P qp=16 bytes=1229 avg=1682 kbps
[openvenc][rc] f=1876 P qp=16 bytes=1226 avg=1681 kbps
[openvenc][rc] f=1877 P qp=16 bytes=1214 avg=1681 kbps
[openvenc][rc] f=1878 P qp=16 bytes=1223 avg=1680 kbps
[openvenc][rc] f=1879 P qp=16 bytes=1218 avg=1680 kbps
[openvenc][rc] f=1880 P qp=16 bytes=1224 avg=1679 kbps
[openvenc][rc] f=1881 P qp=16 bytes=1213 avg=1678 kbps
[openvenc][rc] f=1882 P qp=16 bytes=1201 avg=1678 kbps
[openvenc][rc] f=1883 P qp=16 bytes=1197 avg=1677 kbps
[openvenc][rc] f=1884 P qp=16 bytes=1195 avg=1677 kbps
[openvenc][rc] f=1885 P qp=16 bytes=1198 avg=1676 kbps
[openvenc][rc] f=1886 P qp=16 bytes=1199 avg=1675 kbps
[openvenc][rc] f=1887 P qp=16 bytes=1193 avg=1675 kbps
[openvenc][rc] f=1888 P qp=16 bytes=1200 avg=1674 kbps
[openvenc][rc] f=1889 P qp=16 bytes=1193 avg=1674 kbps
[openvenc][rc] f=1890 IDR qp=20 bytes=58136 avg=1687 kbps
[openvenc][rc] f=1891 P qp=23 bytes=1661 avg=1687 kbps
[openvenc][rc] f=1892 P qp=22 bytes=1421 avg=1686 kbps
[openvenc][rc] f=1893 P qp=21 bytes=1410 avg=1686 kbps
[openvenc][rc] f=1894 P qp=20 bytes=1478 avg=1685 kbps
[openvenc][rc] f=1895 P qp=19 bytes=2509 avg=1685 kbps
[openvenc][rc] f=1896 P qp=18 bytes=3832 avg=1685 kbps
[openvenc][rc] f=1897 P qp=17 bytes=7334 avg=1686 kbps
[openvenc][rc] f=1898 P qp=16 bytes=7093 avg=1687 kbps
[openvenc][rc] f=1899 P qp=16 bytes=2365 avg=1686 kbps
[openvenc][rc] f=1900 P qp=16 bytes=1359 avg=1686 kbps
[openvenc][rc] f=1901 P qp=16 bytes=1166 avg=1685 kbps
[openvenc][rc] f=1902 P qp=16 bytes=1114 avg=1685 kbps
[openvenc][rc] f=1903 P qp=16 bytes=1121 avg=1684 kbps
[openvenc][rc] f=1904 P qp=16 bytes=1105 avg=1684 kbps
[openvenc][rc] f=1905 P qp=16 bytes=1081 avg=1683 kbps
[openvenc][rc] f=1906 P qp=16 bytes=1069 avg=1682 kbps
[openvenc][rc] f=1907 P qp=16 bytes=1071 avg=1682 kbps
[openvenc][rc] f=1908 P qp=16 bytes=1051 avg=1681 kbps
[openvenc][rc] f=1909 P qp=16 bytes=1050 avg=1680 kbps
[openvenc][rc] f=1910 P qp=16 bytes=1044 avg=1680 kbps
[openvenc][rc] f=1911 P qp=16 bytes=1048 avg=1679 kbps
[openvenc][rc] f=1912 P qp=16 bytes=1045 avg=1679 kbps
[openvenc][rc] f=1913 P qp=16 bytes=1049 avg=1678 kbps
[openvenc][rc] f=1914 P qp=16 bytes=1043 avg=1677 kbps
[openvenc][rc] f=1915 P qp=16 bytes=1050 avg=1677 kbps
[openvenc][rc] f=1916 P qp=16 bytes=1044 avg=1676 kbps
[openvenc][rc] f=1917 P qp=16 bytes=1048 avg=1675 kbps
[openvenc][rc] f=1918 P qp=16 bytes=1045 avg=1675 kbps
[openvenc][rc] f=1919 P qp=16 bytes=1049 avg=1674 kbps
[openvenc][rc] f=1920 IDR qp=18 bytes=63521 avg=1689 kbps
[openvenc][rc] f=1921 P qp=21 bytes=1607 avg=1688 kbps
[openvenc][rc] f=1922 P qp=20 bytes=1237 avg=1688 kbps
[openvenc][rc] f=1923 P qp=19 bytes=1466 avg=1687 kbps
[openvenc][rc] f=1924 P qp=18 bytes=1706 avg=1687 kbps
[openvenc][rc] f=1925 P qp=17 bytes=2905 avg=1687 kbps
[openvenc][rc] f=1926 P qp=16 bytes=4690 avg=1687 kbps
[openvenc][rc] f=1927 P qp=16 bytes=1730 avg=1687 kbps
[openvenc][rc] f=1928 P qp=16 bytes=1070 avg=1686 kbps
[openvenc][rc] f=1929 P qp=16 bytes=936 avg=1685 kbps
[openvenc][rc] f=1930 P qp=16 bytes=912 avg=1685 kbps
[openvenc][rc] f=1931 P qp=16 bytes=911 avg=1684 kbps
[openvenc][rc] f=1932 P qp=16 bytes=910 avg=1683 kbps
[openvenc][rc] f=1933 P qp=16 bytes=918 avg=1683 kbps
[openvenc][rc] f=1934 P qp=16 bytes=908 avg=1682 kbps
[openvenc][rc] f=1935 P qp=16 bytes=923 avg=1681 kbps
[openvenc][rc] f=1936 P qp=16 bytes=913 avg=1681 kbps
[openvenc][rc] f=1937 P qp=16 bytes=921 avg=1680 kbps
[openvenc][rc] f=1938 P qp=16 bytes=908 avg=1680 kbps
[openvenc][rc] f=1939 P qp=16 bytes=894 avg=1679 kbps
[openvenc][rc] f=1940 P qp=16 bytes=904 avg=1678 kbps
[openvenc][rc] f=1941 P qp=16 bytes=905 avg=1678 kbps
[openvenc][rc] f=1942 P qp=16 bytes=912 avg=1677 kbps
[openvenc][rc] f=1943 P qp=16 bytes=903 avg=1676 kbps
[openvenc][rc] f=1944 P qp=16 bytes=897 avg=1676 kbps
[openvenc][rc] f=1945 P qp=16 bytes=897 avg=1675 kbps
[openvenc][rc] f=1946 P qp=16 bytes=895 avg=1674 kbps
[openvenc][rc] f=1947 P qp=16 bytes=895 avg=1674 kbps
[openvenc][rc] f=1948 P qp=16 bytes=889 avg=1673 kbps
[openvenc][rc] f=1949 P qp=16 bytes=892 avg=1672 kbps
[openvenc][rc] f=1950 IDR qp=16 bytes=69464 avg=1688 kbps
[openvenc][rc] f=1951 P qp=19 bytes=1918 avg=1688 kbps
[openvenc][rc] f=1952 P qp=18 bytes=1329 avg=1687 kbps
[openvenc][rc] f=1953 P qp=17 bytes=1793 avg=1687 kbps
[openvenc][rc] f=1954 P qp=16 bytes=1934 avg=1687 kbps
[openvenc][rc] f=1955 P qp=16 bytes=928 avg=1686 kbps
[openvenc][rc] f=1956 P qp=16 bytes=816 avg=1685 kbps
[openvenc][rc] f=1957 P qp=16 bytes=751 avg=1685 kbps
[openvenc][rc] f=1958 P qp=16 bytes=738 avg=1684 kbps
[openvenc][rc] f=1959 P qp=16 bytes=724 avg=1683 kbps
[openvenc][rc] f=1960 P qp=16 bytes=731 avg=1683 kbps
[openvenc][rc] f=1961 P qp=16 bytes=712 avg=1682 kbps
[openvenc][rc] f=1962 P qp=16 bytes=705 avg=1681 kbps
[openvenc][rc] f=1963 P qp=16 bytes=713 avg=1681 kbps
[openvenc][rc] f=1964 P qp=16 bytes=717 avg=1680 kbps
[openvenc][rc] f=1965 P qp=16 bytes=713 avg=1679 kbps
[openvenc][rc] f=1966 P qp=16 bytes=717 avg=1678 kbps
[openvenc][rc] f=1967 P qp=16 bytes=714 avg=1678 kbps
[openvenc][rc] f=1968 P qp=16 bytes=716 avg=1677 kbps
[openvenc][rc] f=1969 P qp=16 bytes=702 avg=1676 kbps
[openvenc][rc] f=1970 P qp=16 bytes=717 avg=1676 kbps
[openvenc][rc] f=1971 P qp=16 bytes=713 avg=1675 kbps
[openvenc][rc] f=1972 P qp=16 bytes=717 avg=1674 kbps
[openvenc][rc] f=1973 P qp=16 bytes=714 avg=1674 kbps
[openvenc][rc] f=1974 P qp=16 bytes=716 avg=1673 kbps
[openvenc][rc] f=1975 P qp=16 bytes=712 avg=1672 kbps
[openvenc][rc] f=1976 P qp=16 bytes=705 avg=1672 kbps
[openvenc][rc] retarget 2000 kbps @ 59 fps
[openvenc][rc] f=1977 P qp=16 bytes=702 avg=1671 kbps
[openvenc][rc] f=1978 P qp=16 bytes=705 avg=1670 kbps
[openvenc][rc] f=1979 P qp=16 bytes=702 avg=1670 kbps
[openvenc][rc] f=1980 IDR qp=37 bytes=24101 avg=1675 kbps
[openvenc][rc] f=1981 P qp=40 bytes=776 avg=1674 kbps
[openvenc][rc] f=1982 P qp=39 bytes=743 avg=1673 kbps
[openvenc][rc] f=1983 P qp=38 bytes=796 avg=1673 kbps
[openvenc][rc] f=1984 P qp=37 bytes=1057 avg=1672 kbps
[openvenc][rc] f=1985 P qp=36 bytes=1226 avg=1671 kbps
[openvenc][rc] f=1986 P qp=35 bytes=1886 avg=1671 kbps
[openvenc][rc] f=1987 P qp=34 bytes=5031 avg=1671 kbps
[openvenc][rc] f=1988 P qp=34 bytes=1234 avg=1671 kbps
[openvenc][rc] f=1989 P qp=33 bytes=4708 avg=1671 kbps
[openvenc][rc] f=1990 P qp=33 bytes=1403 avg=1671 kbps
[openvenc][rc] f=1991 P qp=32 bytes=5150 avg=1671 kbps
[openvenc][rc] f=1992 P qp=32 bytes=1658 avg=1671 kbps
[openvenc][rc] f=1993 P qp=31 bytes=6321 avg=1671 kbps
[openvenc][rc] f=1994 P qp=31 bytes=1601 avg=1671 kbps
[openvenc][rc] f=1995 P qp=30 bytes=4685 avg=1671 kbps
[openvenc][rc] f=1996 P qp=30 bytes=1540 avg=1671 kbps
[openvenc][rc] f=1997 P qp=29 bytes=5958 avg=1671 kbps
[openvenc][rc] f=1998 P qp=29 bytes=1697 avg=1671 kbps
[openvenc][rc] f=1999 P qp=28 bytes=6578 avg=1671 kbps
[openvenc][rc] f=2000 P qp=28 bytes=1618 avg=1671 kbps
[openvenc][rc] f=2001 P qp=27 bytes=5721 avg=1671 kbps
[openvenc][rc] f=2002 P qp=27 bytes=1728 avg=1671 kbps
[openvenc][rc] f=2003 P qp=26 bytes=5847 avg=1672 kbps
[openvenc][rc] f=2004 P qp=26 bytes=1719 avg=1671 kbps
[openvenc][rc] f=2005 P qp=26 bytes=1045 avg=1671 kbps
[openvenc][rc] f=2006 P qp=26 bytes=1001 avg=1670 kbps
[openvenc][rc] f=2007 P qp=26 bytes=1006 avg=1669 kbps
[openvenc][rc] f=2008 P qp=26 bytes=980 avg=1669 kbps
[openvenc][rc] f=2009 P qp=26 bytes=977 avg=1668 kbps
[openvenc][rc] f=2010 IDR qp=35 bytes=27038 avg=1674 kbps
[openvenc][rc] f=2011 P qp=38 bytes=768 avg=1673 kbps
[openvenc][rc] f=2012 P qp=37 bytes=753 avg=1672 kbps
[openvenc][rc] f=2013 P qp=36 bytes=866 avg=1672 kbps
[openvenc][rc] f=2014 P qp=35 bytes=1020 avg=1671 kbps
[openvenc][rc] f=2015 P qp=34 bytes=1231 avg=1671 kbps
[openvenc][rc] f=2016 P qp=33 bytes=2439 avg=1670 kbps
[openvenc][rc] f=2017 P qp=32 bytes=5218 avg=1671 kbps
[openvenc][rc] f=2018 P qp=32 bytes=1380 avg=1670 kbps
[openvenc][rc] f=2019 P qp=31 bytes=5899 avg=1671 kbps
[openvenc][rc] f=2020 P qp=31 bytes=1488 avg=1670 kbps
[openvenc][rc] f=2021 P qp=30 bytes=4807 avg=1671 kbps
[openvenc][rc] f=2022 P qp=29 bytes=5907 avg=1671 kbps
[openvenc][rc] f=2023 P qp=29 bytes=1648 avg=1671 kbps
[openvenc][rc] f=2024 P qp=28 bytes=6242 avg=1671 kbps
[openvenc][rc] f=2025 P qp=28 bytes=1689 avg=1671 kbps
[openvenc][rc] f=2026 P qp=27 bytes=5668 avg=1671 kbps
[openvenc][rc] f=2027 P qp=26 bytes=6333 avg=1672 kbps
[openvenc][rc] f=2028 P qp=26 bytes=1734 avg=1672 kbps
[openvenc][rc] f=2029 P qp=25 bytes=7243 avg=1673 kbps
[openvenc][rc] f=2030 P qp=25 bytes=1963 avg=1672 kbps
[openvenc][rc] f=2031 P qp=24 bytes=5327 avg=1673 kbps
[openvenc][rc] f=2032 P qp=24 bytes=1813 avg=1672 kbps
[openvenc][rc] f=2033 P qp=24 bytes=1217 avg=1672 kbps
[openvenc][rc] f=2034 P qp=24 bytes=1133 avg=1671 kbps
[openvenc][rc] f=2035 P qp=24 bytes=1109 avg=1671 kbps
[openvenc][rc] f=2036 P qp=24 bytes=1092 avg=1670 kbps
[openvenc][rc] f=2037 P qp=24 bytes=1079 avg=1669 kbps
[openvenc][rc] f=2038 P qp=24 bytes=1085 avg=1669 kbps
[openvenc][rc] f=2039 P qp=24 bytes=1113 avg=1668 kbps
[openvenc][rc] f=2040 IDR qp=33 bytes=30598 avg=1675 kbps
[openvenc][rc] f=2041 P qp=36 bytes=701 avg=1674 kbps
[openvenc][rc] f=2042 P qp=35 bytes=684 avg=1673 kbps
[openvenc][rc] f=2043 P qp=34 bytes=745 avg=1673 kbps
[openvenc][rc] f=2044 P qp=33 bytes=1076 avg=1672 kbps
[openvenc][rc] f=2045 P qp=32 bytes=1231 avg=1671 kbps
[openvenc][rc] f=2046 P qp=31 bytes=2940 avg=1671 kbps
[openvenc][rc] f=2047 P qp=29 bytes=8034 avg=1672 kbps
[openvenc][rc] f=2048 P qp=29 bytes=1558 avg=1672 kbps
[openvenc][rc] f=2049 P qp=28 bytes=6015 avg=1672 kbps
[openvenc][rc] f=2050 P qp=28 bytes=1700 avg=1672 kbps
[openvenc][rc] f=2051 P qp=27 bytes=5467 avg=1672 kbps
[openvenc][rc] f=2052 P qp=27 bytes=1697 avg=1672 kbps
[openvenc][rc] f=2053 P qp=26 bytes=5622 avg=1673 kbps
[openvenc][rc] f=2054 P qp=26 bytes=1790 avg=1672 kbps
[openvenc][rc] f=2055 P qp=25 bytes=6904 avg=1673 kbps
[openvenc][rc] f=2056 P qp=25 bytes=2102 avg=1673 kbps
[openvenc][rc] f=2057 P qp=24 bytes=5433 avg=1673 kbps
[openvenc][rc] f=2058 P qp=24 bytes=1922 avg=1673 kbps
[openvenc][rc] f=2059 P qp=23 bytes=8174 avg=1674 kbps
[openvenc][rc] f=2060 P qp=23 bytes=2015 avg=1673 kbps
[openvenc][rc] f=2061 P qp=22 bytes=6697 avg=1674 kbps
[openvenc][rc] f=2062 P qp=22 bytes=2024 avg=1674 kbps
[openvenc][rc] f=2063 P qp=22 bytes=1298 avg=1673 kbps
[openvenc][rc] f=2064 P qp=22 bytes=1110 avg=1673 kbps
[openvenc][rc] f=2065 P qp=22 bytes=1089 avg=1672 kbps
[openvenc][rc] f=2066 P qp=22 bytes=1061 avg=1671 kbps
[openvenc][rc] f=2067 P qp=22 bytes=1028 avg=1671 kbps
[openvenc][rc] f=2068 P qp=22 bytes=1031 avg=1670 kbps
[openvenc][rc] f=2069 P qp=22 bytes=1029 avg=1670 kbps
[openvenc][rc] f=2070 IDR qp=31 bytes=34851 avg=1677 kbps
[openvenc][rc] f=2071 P qp=34 bytes=692 avg=1676 kbps
[openvenc][rc] f=2072 P qp=33 bytes=829 avg=1676 kbps
[openvenc][rc] f=2073 P qp=32 bytes=922 avg=1675 kbps
[openvenc][rc] f=2074 P qp=31 bytes=1101 avg=1674 kbps
[openvenc][rc] f=2075 P qp=30 bytes=1356 avg=1674 kbps
[openvenc][rc] f=2076 P qp=29 bytes=1931 avg=1674 kbps
[openvenc][rc] f=2077 P qp=28 bytes=4991 avg=1674 kbps
[openvenc][rc] f=2078 P qp=28 bytes=1662 avg=1674 kbps
[openvenc][rc] f=2079 P qp=27 bytes=5326 avg=1674 kbps
[openvenc][rc] f=2080 P qp=27 bytes=1592 avg=1673 kbps
[openvenc][rc] f=2081 P qp=26 bytes=5992 avg=1674 kbps
[openvenc][rc] f=2082 P qp=26 bytes=1681 avg=1674 kbps
[openvenc][rc] f=2083 P qp=25 bytes=6797 avg=1674 kbps
[openvenc][rc] f=2084 P qp=25 bytes=1729 avg=1674 kbps
[openvenc][rc] f=2085 P qp=24 bytes=5121 avg=1674 kbps
[openvenc][rc] f=2086 P qp=24 bytes=1768 avg=1674 kbps
[openvenc][rc] f=2087 P qp=23 bytes=7110 avg=1675 kbps
[openvenc][rc] f=2088 P qp=23 bytes=2141 avg=1674 kbps
[openvenc][rc] f=2089 P qp=22 bytes=7251 avg=1675 kbps
[openvenc][rc] f=2090 P qp=22 bytes=2057 avg=1675 kbps
[openvenc][rc] f=2091 P qp=21 bytes=6461 avg=1676 kbps
[openvenc][rc] f=2092 P qp=21 bytes=1901 avg=1675 kbps
[openvenc][rc] f=2093 P qp=20 bytes=6154 avg=1676 kbps
[openvenc][rc] f=2094 P qp=20 bytes=1872 avg=1675 kbps
[openvenc][rc] f=2095 P qp=20 bytes=1320 avg=1675 kbps
[openvenc][rc] f=2096 P qp=20 bytes=1136 avg=1674 kbps
[openvenc][rc] f=2097 P qp=20 bytes=1061 avg=1674 kbps
[openvenc][rc] f=2098 P qp=20 bytes=1025 avg=1673 kbps
[openvenc][rc] f=2099 P qp=20 bytes=1044 avg=1673 kbps
[openvenc][rc] f=2100 IDR qp=29 bytes=37990 avg=1680 kbps
[openvenc][rc] f=2101 P qp=32 bytes=720 avg=1680 kbps
[openvenc][rc] f=2102 P qp=31 bytes=820 avg=1679 kbps
[openvenc][rc] f=2103 P qp=30 bytes=1028 avg=1679 kbps
[openvenc][rc] f=2104 P qp=29 bytes=1010 avg=1678 kbps
[openvenc][rc] f=2105 P qp=28 bytes=1605 avg=1678 kbps
[openvenc][rc] f=2106 P qp=27 bytes=2788 avg=1677 kbps
[openvenc][rc] f=2107 P qp=26 bytes=5243 avg=1678 kbps
[openvenc][rc] f=2108 P qp=28 bytes=758 avg=1677 kbps
[openvenc][rc] f=2109 P qp=27 bytes=892 avg=1677 kbps
[openvenc][rc] f=2110 P qp=26 bytes=1511 avg=1676 kbps
[openvenc][rc] f=2111 P qp=25 bytes=6375 avg=1677 kbps
[openvenc][rc] f=2112 P qp=25 bytes=1585 avg=1676 kbps
[openvenc][rc] f=2113 P qp=24 bytes=5088 avg=1677 kbps
[openvenc][rc] f=2114 P qp=24 bytes=1684 avg=1676 kbps
[openvenc][rc] f=2115 P qp=23 bytes=7684 avg=1677 kbps
[openvenc][rc] f=2116 P qp=23 bytes=2121 avg=1677 kbps
[openvenc][rc] f=2117 P qp=22 bytes=6560 avg=1677 kbps
[openvenc][rc] f=2118 P qp=22 bytes=2134 avg=1677 kbps
[openvenc][rc] f=2119 P qp=21 bytes=6442 avg=1678 kbps
[openvenc][rc] f=2120 P qp=21 bytes=2173 avg=1677 kbps
[openvenc][rc] f=2121 P qp=20 bytes=6469 avg=1678 kbps
[openvenc][rc] f=2122 P qp=20 bytes=1988 avg=1678 kbps
[openvenc][rc] f=2123 P qp=19 bytes=7833 avg=1679 kbps
[openvenc][rc] f=2124 P qp=19 bytes=2515 avg=1679 kbps
[openvenc][rc] f=2125 P qp=18 bytes=5999 avg=1679 kbps
[openvenc][rc] f=2126 P qp=20 bytes=898 avg=1678 kbps
[openvenc][rc] f=2127 P qp=19 bytes=1270 avg=1678 kbps
[openvenc][rc] f=2128 P qp=18 bytes=1765 avg=1678 kbps
[openvenc][rc] f=2129 P qp=18 bytes=1111 avg=1677 kbps
[openvenc][rc] f=2130 IDR qp=27 bytes=42090 avg=1686 kbps
[openvenc][rc] f=2131 P qp=30 bytes=828 avg=1685 kbps
[openvenc][rc] f=2132 P qp=29 bytes=1045 avg=1684 kbps
[openvenc][rc] f=2133 P qp=28 bytes=1054 avg=1684 kbps
[openvenc][rc] f=2134 P qp=27 bytes=1445 avg=1683 kbps
[openvenc][rc] f=2135 P qp=26 bytes=1465 avg=1683 kbps
[openvenc][rc] f=2136 P qp=25 bytes=3692 avg=1683 kbps
[openvenc][rc] f=2137 P qp=25 bytes=1411 avg=1682 kbps
[openvenc][rc] f=2138 P qp=24 bytes=4815 avg=1683 kbps
[openvenc][rc] f=2139 P qp=24 bytes=1666 avg=1682 kbps
[openvenc][rc] f=2140 P qp=23 bytes=7270 avg=1683 kbps
[openvenc][rc] f=2141 P qp=23 bytes=1899 avg=1683 kbps
[openvenc][rc] f=2142 P qp=22 bytes=6396 avg=1683 kbps
[openvenc][rc] f=2143 P qp=22 bytes=1807 avg=1683 kbps
[openvenc][rc] f=2144 P qp=21 bytes=6022 avg=1684 kbps
[openvenc][rc] f=2145 P qp=21 bytes=1839 avg=1683 kbps
[openvenc][rc] f=2146 P qp=20 bytes=6154 avg=1684 kbps
[openvenc][rc] f=2147 P qp=20 bytes=2046 avg=1683 kbps
[openvenc][rc] f=2148 P qp=18 bytes=10720 avg=1685 kbps
[openvenc][rc] f=2149 P qp=18 bytes=2734 avg=1685 kbps
[openvenc][rc] f=2150 P qp=19 bytes=1134 avg=1684 kbps
[openvenc][rc] f=2151 P qp=18 bytes=1485 avg=1684 kbps
[openvenc][rc] f=2152 P qp=17 bytes=8581 avg=1685 kbps
[openvenc][rc] f=2153 P qp=17 bytes=2742 avg=1685 kbps
[openvenc][rc] f=2154 P qp=19 bytes=866 avg=1684 kbps
[openvenc][rc] f=2155 P qp=18 bytes=1024 avg=1684 kbps
[openvenc][rc] f=2156 P qp=16 bytes=7188 avg=1684 kbps
[openvenc][rc] f=2157 P qp=16 bytes=2548 avg=1684 kbps
[openvenc][rc] f=2158 P qp=18 bytes=868 avg=1684 kbps
[openvenc][rc] f=2159 P qp=20 bytes=506 avg=1683 kbps
[openvenc][rc] f=2160 IDR qp=25 bytes=46848 avg=1692 kbps
[openvenc][rc] f=2161 P qp=28 bytes=860 avg=1692 kbps
[openvenc][rc] f=2162 P qp=27 bytes=778 avg=1691 kbps
[openvenc][rc] f=2163 P qp=26 bytes=806 avg=1691 kbps
[openvenc][rc] f=2164 P qp=25 bytes=1135 avg=1690 kbps
[openvenc][rc] f=2165 P qp=24 bytes=1306 avg=1689 kbps
[openvenc][rc] f=2166 P qp=23 bytes=2920 avg=1689 kbps
[openvenc][rc] f=2167 P qp=23 bytes=1248 avg=1689 kbps
[openvenc][rc] f=2168 P qp=22 bytes=6045 avg=1689 kbps
[openvenc][rc] f=2169 P qp=22 bytes=1770 avg=1689 kbps
[openvenc][rc] f=2170 P qp=21 bytes=6160 avg=1690 kbps
[openvenc][rc] f=2171 P qp=21 bytes=1820 avg=1689 kbps
[openvenc][rc] f=2172 P qp=20 bytes=5918 avg=1690 kbps
[openvenc][rc] f=2173 P qp=20 bytes=1814 avg=1689 kbps
[openvenc][rc] f=2174 P qp=19 bytes=7472 avg=1690 kbps
[openvenc][rc] f=2175 P qp=19 bytes=2276 avg=1690 kbps
[openvenc][rc] f=2176 P qp=18 bytes=6133 avg=1690 kbps
[openvenc][rc] f=2177 P qp=18 bytes=2006 avg=1690 kbps
[openvenc][rc] f=2178 P qp=16 bytes=12836 avg=1692 kbps
[openvenc][rc] f=2179 P qp=16 bytes=3516 avg=1692 kbps
[openvenc][rc] f=2180 P qp=18 bytes=844 avg=1691 kbps
[openvenc][rc] f=2181 P qp=17 bytes=1291 avg=1691 kbps
[openvenc][rc] f=2182 P qp=16 bytes=1634 avg=1691 kbps
[openvenc][rc] f=2183 P qp=16 bytes=1153 avg=1690 kbps
[openvenc][rc] f=2184 P qp=16 bytes=1121 avg=1689 kbps
[openvenc][rc] f=2185 P qp=16 bytes=1115 avg=1689 kbps
[openvenc][rc] f=2186 P qp=16 bytes=1090 avg=1688 kbps
[openvenc][rc] f=2187 P qp=16 bytes=1100 avg=1688 kbps
[openvenc][rc] f=2188 P qp=16 bytes=1080 avg=1687 kbps
[openvenc][rc] f=2189 P qp=16 bytes=1069 avg=1687 kbps
[openvenc][rc] f=2190 IDR qp=23 bytes=50868 avg=1697 kbps
[openvenc][rc] f=2191 P qp=26 bytes=1222 avg=1696 kbps
[openvenc][rc] f=2192 P qp=25 bytes=1176 avg=1696 kbps
[openvenc][rc] f=2193 P qp=24 bytes=1440 avg=1695 kbps
[openvenc][rc] f=2194 P qp=23 bytes=1569 avg=1695 kbps
[openvenc][rc] f=2195 P qp=22 bytes=1910 avg=1695 kbps
[openvenc][rc] f=2196 P qp=20 bytes=6906 avg=1695 kbps
[openvenc][rc] f=2197 P qp=20 bytes=2128 avg=1695 kbps
[openvenc][rc] f=2198 P qp=18 bytes=9957 avg=1696 kbps
[openvenc][rc] f=2199 P qp=18 bytes=2271 avg=1696 kbps
[openvenc][rc] f=2200 P qp=18 bytes=1099 avg=1696 kbps
[openvenc][rc] f=2201 P qp=17 bytes=8125 avg=1697 kbps
[openvenc][rc] f=2202 P qp=17 bytes=2561 avg=1696 kbps
[openvenc][rc] f=2203 P qp=19 bytes=766 avg=1696 kbps
[openvenc][rc] f=2204 P qp=18 bytes=868 avg=1695 kbps
[openvenc][rc] f=2205 P qp=17 bytes=1330 avg=1695 kbps
[openvenc][rc] f=2206 P qp=16 bytes=6894 avg=1695 kbps
[openvenc][rc] f=2207 P qp=16 bytes=2235 avg=1695 kbps
[openvenc][rc] f=2208 P qp=18 bytes=700 avg=1695 kbps
[openvenc][rc] f=2209 P qp=17 bytes=793 avg=1694 kbps
[openvenc][rc] f=2210 P qp=16 bytes=1142 avg=1693 kbps
[openvenc][rc] f=2211 P qp=16 bytes=943 avg=1693 kbps
[openvenc][rc] f=2212 P qp=16 bytes=921 avg=1692 kbps
[openvenc][rc] f=2213 P qp=16 bytes=911 avg=1692 kbps
[openvenc][rc] f=2214 P qp=16 bytes=932 avg=1691 kbps
[openvenc][rc] f=2215 P qp=16 bytes=882 avg=1691 kbps
[openvenc][rc] f=2216 P qp=16 bytes=860 avg=1690 kbps
[openvenc][rc] f=2217 P qp=16 bytes=846 avg=1689 kbps
[openvenc][rc] f=2218 P qp=16 bytes=856 avg=1689 kbps
[openvenc][rc] f=2219 P qp=16 bytes=847 avg=1688 kbps
[openvenc][rc] f=2220 IDR qp=21 bytes=55802 avg=1699 kbps
[openvenc][rc] f=2221 P qp=24 bytes=1543 avg=1699 kbps
[openvenc][rc] f=2222 P qp=23 bytes=1211 avg=1698 kbps
[openvenc][rc] f=2223 P qp=22 bytes=1301 avg=1698 kbps
[openvenc][rc] f=2224 P qp=21 bytes=1380 avg=1697 kbps
[openvenc][rc] f=2225 P qp=20 bytes=2064 avg=1697 kbps
[openvenc][rc] f=2226 P qp=18 bytes=7504 avg=1698 kbps
[openvenc][rc] f=2227 P qp=18 bytes=2072 avg=1698 kbps
[openvenc][rc] f=2228 P qp=16 bytes=12407 avg=1699 kbps
[openvenc][rc] f=2229 P qp=16 bytes=3235 avg=1699 kbps
[openvenc][rc] f=2230 P qp=18 bytes=858 avg=1699 kbps
[openvenc][rc] f=2231 P qp=17 bytes=1059 avg=1698 kbps
[openvenc][rc] f=2232 P qp=16 bytes=1452 avg=1698 kbps
[openvenc][rc] f=2233 P qp=16 bytes=994 avg=1697 kbps
[openvenc][rc] f=2234 P qp=16 bytes=961 avg=1697 kbps
[openvenc][rc] f=2235 P qp=16 bytes=941 avg=1696 kbps
[openvenc][rc] f=2236 P qp=16 bytes=957 avg=1696 kbps
[openvenc][rc] f=2237 P qp=16 bytes=944 avg=1695 kbps
[openvenc][rc] f=2238 P qp=16 bytes=907 avg=1694 kbps
[openvenc][rc] f=2239 P qp=16 bytes=896 avg=1694 kbps
[openvenc][rc] f=2240 P qp=16 bytes=902 avg=1693 kbps
[openvenc][rc] f=2241 P qp=16 bytes=894 avg=1693 kbps
[openvenc][rc] f=2242 P qp=16 bytes=894 avg=1692 kbps
[openvenc][rc] f=2243 P qp=16 bytes=887 avg=1692 kbps
[openvenc][rc] f=2244 P qp=16 bytes=889 avg=1691 kbps
[openvenc][rc] f=2245 P qp=16 bytes=890 avg=1691 kbps
[openvenc][rc] f=2246 P qp=16 bytes=886 avg=1690 kbps
[openvenc][rc] f=2247 P qp=16 bytes=876 avg=1689 kbps
[openvenc][rc] f=2248 P qp=16 bytes=876 avg=1689 kbps
[openvenc][rc] f=2249 P qp=16 bytes=876 avg=1688 kbps
[openvenc][rc] f=2250 IDR qp=19 bytes=61512 avg=1700 kbps
[openvenc][rc] f=2251 P qp=22 bytes=1661 avg=1700 kbps
[openvenc][rc] f=2252 P qp=21 bytes=1088 avg=1699 kbps
[openvenc][rc] f=2253 P qp=20 bytes=1207 avg=1699 kbps
[openvenc][rc] f=2254 P qp=19 bytes=1487 avg=1699 kbps
[openvenc][rc] f=2255 P qp=18 bytes=2077 avg=1698 kbps
[openvenc][rc] f=2256 P qp=17 bytes=4250 avg=1698 kbps
[openvenc] up: hwid=0x43421500 H.264 1920x1080 framebuf 0x73800000+0xef8000 rc=vbr program=fixqp QP32 gop=50
[openvenc] rc: 8000 kbps @ 59 fps, seed QP 32 (bpp 0.0654)
[openvenc][rc] f=0 IDR qp=32 bytes=32434 avg=15309 kbps
[openvenc][rc] f=1 P qp=32 bytes=1237 avg=7946 kbps
[openvenc][rc] f=2 P qp=31 bytes=1423 avg=5521 kbps
[openvenc][rc] f=3 P qp=30 bytes=2474 avg=4433 kbps
[openvenc][rc] f=4 P qp=29 bytes=4974 avg=4016 kbps
[openvenc][rc] f=5 P qp=28 bytes=6187 avg=3833 kbps
[openvenc][rc] f=6 P qp=27 bytes=5518 avg=3658 kbps
[openvenc][rc] f=7 P qp=26 bytes=5985 avg=3554 kbps
[openvenc][rc] f=8 P qp=25 bytes=7144 avg=3533 kbps
[openvenc][rc] f=9 P qp=24 bytes=5525 avg=3441 kbps
[openvenc][rc] f=10 P qp=23 bytes=8264 avg=3483 kbps
[openvenc][rc] f=11 P qp=22 bytes=7230 avg=3477 kbps
[openvenc][rc] f=12 P qp=21 bytes=6977 avg=3463 kbps
[openvenc][rc] f=13 P qp=20 bytes=6754 avg=3443 kbps
[openvenc][rc] f=14 P qp=19 bytes=7763 avg=3458 kbps
[openvenc][rc] f=15 P qp=18 bytes=6378 avg=3430 kbps
[openvenc][rc] f=16 P qp=17 bytes=8744 avg=3471 kbps
[openvenc][rc] f=17 P qp=16 bytes=7877 avg=3485 kbps
[openvenc][rc] f=18 P qp=16 bytes=2813 avg=3371 kbps
[openvenc][rc] f=19 P qp=16 bytes=1584 avg=3240 kbps
[openvenc][rc] f=20 P qp=16 bytes=1299 avg=3115 kbps
[openvenc][rc] f=21 P qp=16 bytes=1298 avg=3001 kbps
[openvenc][rc] f=22 P qp=16 bytes=1246 avg=2896 kbps
[openvenc][rc] f=23 P qp=16 bytes=1232 avg=2800 kbps
[openvenc][rc] f=24 P qp=16 bytes=1234 avg=2711 kbps
[openvenc][rc] f=25 P qp=16 bytes=1192 avg=2628 kbps
[openvenc][rc] f=26 P qp=16 bytes=1205 avg=2552 kbps
[openvenc][rc] f=27 P qp=16 bytes=1213 avg=2481 kbps
[openvenc][rc] f=28 P qp=16 bytes=1205 avg=2415 kbps
[openvenc][rc] f=29 P qp=16 bytes=1212 avg=2354 kbps
[openvenc][rc] f=30 P qp=16 bytes=1218 avg=2297 kbps
[openvenc][rc] f=31 P qp=16 bytes=1199 avg=2243 kbps
[openvenc][rc] f=32 P qp=16 bytes=1202 avg=2192 kbps
[openvenc][rc] f=33 P qp=16 bytes=1189 avg=2144 kbps
[openvenc][rc] f=34 P qp=16 bytes=1206 avg=2099 kbps
[openvenc][rc] f=35 P qp=16 bytes=1195 avg=2056 kbps
[openvenc][rc] f=36 P qp=16 bytes=1220 avg=2016 kbps
[openvenc][rc] f=37 P qp=16 bytes=1197 avg=1978 kbps
[openvenc][rc] f=38 P qp=16 bytes=1194 avg=1942 kbps
[openvenc][rc] f=39 P qp=16 bytes=1187 avg=1907 kbps
[openvenc][rc] f=40 P qp=16 bytes=1187 avg=1874 kbps
[openvenc][rc] f=41 P qp=16 bytes=1187 avg=1843 kbps
[openvenc][rc] f=42 P qp=16 bytes=1187 avg=1813 kbps
[openvenc][rc] f=43 P qp=16 bytes=1187 avg=1785 kbps
[openvenc][rc] f=44 P qp=16 bytes=1187 avg=1758 kbps
[openvenc][rc] f=45 P qp=16 bytes=1187 avg=1732 kbps
[openvenc][rc] f=46 P qp=16 bytes=1187 avg=1707 kbps
[openvenc][rc] f=47 P qp=16 bytes=1187 avg=1683 kbps
[openvenc][rc] f=48 P qp=16 bytes=1187 avg=1660 kbps
[openvenc][rc] f=49 P qp=16 bytes=1187 avg=1638 kbps
[openvenc][rc] f=50 IDR qp=17 bytes=66368 avg=2220 kbps
[openvenc][rc] f=51 P qp=17 bytes=2992 avg=2204 kbps
[openvenc][rc] f=52 P qp=16 bytes=3066 avg=2190 kbps
[openvenc][rc] f=53 P qp=16 bytes=1424 avg=2162 kbps
[openvenc][rc] f=54 P qp=16 bytes=1124 avg=2132 kbps
[openvenc][rc] f=55 P qp=16 bytes=1084 avg=2103 kbps
[openvenc][rc] f=56 P qp=16 bytes=1083 avg=2075 kbps
[openvenc][rc] f=57 P qp=16 bytes=1047 avg=2048 kbps
[openvenc][rc] f=58 P qp=16 bytes=1043 avg=2022 kbps
[openvenc][rc] f=59 P qp=16 bytes=1037 avg=1996 kbps
[openvenc][rc] f=60 P qp=16 bytes=1042 avg=1972 kbps
[openvenc][rc] f=61 P qp=16 bytes=1042 avg=1948 kbps
[openvenc][rc] f=62 P qp=16 bytes=1032 avg=1925 kbps
[openvenc][rc] f=63 P qp=16 bytes=1026 avg=1902 kbps
[openvenc][rc] f=64 P qp=16 bytes=1031 avg=1880 kbps
[openvenc][rc] f=65 P qp=16 bytes=1030 avg=1859 kbps
[openvenc][rc] f=66 P qp=16 bytes=1032 avg=1839 kbps
[openvenc][rc] f=67 P qp=16 bytes=1026 avg=1819 kbps
[openvenc][rc] f=68 P qp=16 bytes=1031 avg=1799 kbps
[openvenc][rc] f=69 P qp=16 bytes=1030 avg=1781 kbps
[openvenc][rc] f=70 P qp=16 bytes=1032 avg=1762 kbps
[openvenc][rc] f=71 P qp=16 bytes=1026 avg=1745 kbps
[openvenc][rc] f=72 P qp=16 bytes=1031 avg=1728 kbps
[openvenc][rc] f=73 P qp=16 bytes=1030 avg=1711 kbps
[openvenc][rc] f=74 P qp=16 bytes=1032 avg=1694 kbps
[openvenc][rc] f=75 P qp=16 bytes=1026 avg=1678 kbps
[openvenc][rc] f=76 P qp=16 bytes=1031 avg=1663 kbps
[openvenc][rc] f=77 P qp=16 bytes=1030 avg=1648 kbps
[openvenc][rc] f=78 P qp=16 bytes=1032 avg=1633 kbps
[openvenc][rc] f=79 P qp=16 bytes=1026 avg=1619 kbps
[openvenc][rc] f=80 P qp=16 bytes=1031 avg=1605 kbps
[openvenc][rc] f=81 P qp=16 bytes=1030 avg=1591 kbps
[openvenc][rc] f=82 P qp=16 bytes=1032 avg=1578 kbps
[openvenc][rc] f=83 P qp=16 bytes=1026 avg=1565 kbps
[openvenc][rc] f=84 P qp=16 bytes=1031 avg=1552 kbps
[openvenc][rc] f=85 P qp=16 bytes=1030 avg=1540 kbps
[openvenc][rc] f=86 P qp=16 bytes=1032 avg=1528 kbps
[openvenc][rc] f=87 P qp=16 bytes=1026 avg=1516 kbps
[openvenc][rc] f=88 P qp=16 bytes=1031 avg=1504 kbps
[openvenc][rc] f=89 P qp=16 bytes=1030 avg=1493 kbps
[openvenc][rc] f=90 P qp=16 bytes=1032 avg=1482 kbps
[openvenc][rc] f=91 P qp=16 bytes=1026 avg=1471 kbps
[openvenc][rc] f=92 P qp=16 bytes=1031 avg=1461 kbps
[openvenc][rc] f=93 P qp=16 bytes=1030 avg=1450 kbps
[openvenc][rc] f=94 P qp=16 bytes=1032 avg=1440 kbps
[openvenc][rc] f=95 P qp=16 bytes=1026 avg=1430 kbps
[openvenc][rc] f=96 P qp=16 bytes=1031 avg=1420 kbps
[openvenc][rc] f=97 P qp=16 bytes=1030 avg=1411 kbps
[openvenc][rc] f=98 P qp=16 bytes=1032 avg=1401 kbps
[openvenc][rc] f=99 P qp=16 bytes=1026 avg=1392 kbps
[openvenc][rc] f=100 IDR qp=17 bytes=66368 avg=1689 kbps
[openvenc][rc] f=101 P qp=17 bytes=2992 avg=1686 kbps
[openvenc][rc] f=102 P qp=16 bytes=3066 avg=1684 kbps
[openvenc][rc] f=103 P qp=16 bytes=1424 avg=1674 kbps
[openvenc][rc] f=104 P qp=16 bytes=1124 avg=1663 kbps
[openvenc][rc] f=105 P qp=16 bytes=1084 avg=1652 kbps
[openvenc][rc] f=106 P qp=16 bytes=1083 avg=1642 kbps
[openvenc][rc] f=107 P qp=16 bytes=1047 avg=1631 kbps
[openvenc][rc] f=108 P qp=16 bytes=1043 avg=1620 kbps
[openvenc][rc] f=109 P qp=16 bytes=1037 avg=1610 kbps
[openvenc][rc] f=110 P qp=16 bytes=1042 avg=1600 kbps
[openvenc][rc] f=111 P qp=16 bytes=1042 avg=1590 kbps
[openvenc][rc] f=112 P qp=16 bytes=1032 avg=1580 kbps
[openvenc][rc] f=113 P qp=16 bytes=1026 avg=1571 kbps
[openvenc][rc] f=114 P qp=16 bytes=1031 avg=1561 kbps
[openvenc][rc] f=115 P qp=16 bytes=1030 avg=1552 kbps
[openvenc][rc] f=116 P qp=16 bytes=1032 avg=1543 kbps
[openvenc][rc] f=117 P qp=16 bytes=1026 avg=1534 kbps
[openvenc][rc] f=118 P qp=16 bytes=1031 avg=1525 kbps
[openvenc][rc] f=119 P qp=16 bytes=1030 avg=1517 kbps
[openvenc][rc] f=120 P qp=16 bytes=1032 avg=1508 kbps
[openvenc][rc] f=121 P qp=16 bytes=1026 avg=1500 kbps
[openvenc][rc] f=122 P qp=16 bytes=1031 avg=1491 kbps
[openvenc][rc] f=123 P qp=16 bytes=1030 avg=1483 kbps
[openvenc][rc] f=124 P qp=16 bytes=1032 avg=1475 kbps
[openvenc][rc] f=125 P qp=16 bytes=1026 avg=1467 kbps
[openvenc][rc] f=126 P qp=16 bytes=1031 avg=1460 kbps
[openvenc][rc] f=127 P qp=16 bytes=1030 avg=1452 kbps
[openvenc][rc] f=128 P qp=16 bytes=1032 avg=1445 kbps
[openvenc][rc] f=129 P qp=16 bytes=1026 avg=1437 kbps
[openvenc][rc] f=130 P qp=16 bytes=1031 avg=1430 kbps
[openvenc][rc] f=131 P qp=16 bytes=1030 avg=1423 kbps
[openvenc][rc] f=132 P qp=16 bytes=1032 avg=1416 kbps
[openvenc][rc] f=133 P qp=16 bytes=1026 avg=1409 kbps
[openvenc][rc] f=134 P qp=16 bytes=1031 avg=1402 kbps
[openvenc][rc] f=135 P qp=16 bytes=1030 avg=1395 kbps
[openvenc][rc] f=136 P qp=16 bytes=1032 avg=1389 kbps
[openvenc][rc] f=137 P qp=16 bytes=1026 avg=1382 kbps
[openvenc][rc] f=138 P qp=16 bytes=1031 avg=1376 kbps
[openvenc][rc] f=139 P qp=16 bytes=1030 avg=1369 kbps
[openvenc][rc] f=140 P qp=16 bytes=1032 avg=1363 kbps
[openvenc][rc] f=141 P qp=16 bytes=1026 avg=1357 kbps
[openvenc][rc] f=142 P qp=16 bytes=1850 avg=1354 kbps
[openvenc][rc] f=143 P qp=16 bytes=1190 avg=1348 kbps
[openvenc][rc] f=144 P qp=16 bytes=1077 avg=1342 kbps
[openvenc][rc] f=145 P qp=16 bytes=1117 avg=1337 kbps
[openvenc][rc] f=146 P qp=16 bytes=1141 avg=1331 kbps
[openvenc][rc] f=147 P qp=16 bytes=1072 avg=1326 kbps
[openvenc][rc] f=148 P qp=16 bytes=1189 avg=1321 kbps
[openvenc][rc] f=149 P qp=16 bytes=1250 avg=1316 kbps
[openvenc][rc] f=150 IDR qp=17 bytes=66463 avg=1515 kbps
[openvenc][rc] f=151 P qp=17 bytes=3024 avg=1514 kbps
[openvenc][rc] f=152 P qp=16 bytes=3100 avg=1514 kbps
[openvenc][rc] f=153 P qp=16 bytes=1425 avg=1508 kbps
[openvenc][rc] f=154 P qp=16 bytes=1124 avg=1502 kbps
[openvenc][rc] f=155 P qp=16 bytes=1084 avg=1496 kbps
[openvenc][rc] f=156 P qp=16 bytes=1084 avg=1489 kbps
[openvenc][rc] f=157 P qp=16 bytes=1047 avg=1483 kbps
[openvenc][rc] f=158 P qp=16 bytes=1043 avg=1477 kbps
[openvenc][rc] f=159 P qp=16 bytes=1037 avg=1471 kbps
[openvenc][rc] f=160 P qp=16 bytes=1042 avg=1465 kbps
[openvenc][rc] f=161 P qp=16 bytes=1042 avg=1459 kbps
[openvenc][rc] f=162 P qp=16 bytes=1032 avg=1453 kbps
[openvenc][rc] f=163 P qp=16 bytes=1026 avg=1447 kbps
[openvenc][rc] f=164 P qp=16 bytes=1031 avg=1441 kbps
[openvenc][rc] f=165 P qp=16 bytes=1030 avg=1435 kbps
[openvenc][rc] f=166 P qp=16 bytes=1032 avg=1429 kbps
[openvenc][rc] f=167 P qp=16 bytes=1026 avg=1424 kbps
[openvenc][rc] f=168 P qp=16 bytes=1031 avg=1418 kbps
[openvenc][rc] f=169 P qp=16 bytes=1030 avg=1413 kbps
[openvenc][rc] f=170 P qp=16 bytes=1032 avg=1407 kbps
[openvenc][rc] f=171 P qp=16 bytes=1026 avg=1402 kbps
[openvenc][rc] f=172 P qp=16 bytes=1031 avg=1397 kbps
[openvenc][rc] f=173 P qp=16 bytes=1030 avg=1392 kbps
[openvenc][rc] f=174 P qp=16 bytes=1032 avg=1386 kbps
[openvenc][rc] f=175 P qp=16 bytes=1026 avg=1381 kbps
[openvenc][rc] f=176 P qp=16 bytes=1031 avg=1376 kbps
[openvenc][rc] f=177 P qp=16 bytes=1030 avg=1371 kbps
[openvenc][rc] f=178 P qp=16 bytes=1032 avg=1366 kbps
[openvenc][rc] f=179 P qp=16 bytes=1026 avg=1361 kbps
[openvenc][rc] f=180 P qp=16 bytes=1088 avg=1357 kbps
[openvenc][rc] f=181 P qp=16 bytes=1469 avg=1353 kbps
[openvenc][rc] f=182 P qp=16 bytes=2077 avg=1351 kbps
[openvenc][rc] f=183 P qp=16 bytes=1568 avg=1348 kbps
[openvenc][rc] f=184 P qp=16 bytes=1993 avg=1345 kbps
[openvenc][rc] f=185 P qp=16 bytes=1499 avg=1342 kbps
[openvenc][rc] f=186 P qp=16 bytes=1335 avg=1338 kbps
[openvenc][rc] f=187 P qp=16 bytes=1611 avg=1335 kbps
[openvenc][rc] f=188 P qp=16 bytes=1728 avg=1332 kbps
[openvenc][rc] f=189 P qp=16 bytes=1876 avg=1330 kbps
[openvenc][rc] f=190 P qp=16 bytes=1661 avg=1327 kbps
[openvenc][rc] f=191 P qp=16 bytes=1586 avg=1324 kbps
[openvenc][rc] f=192 P qp=16 bytes=1050 avg=1320 kbps
[openvenc][rc] f=193 P qp=16 bytes=1030 avg=1316 kbps
[openvenc][rc] f=194 P qp=16 bytes=1031 avg=1311 kbps
[openvenc][rc] f=195 P qp=16 bytes=1027 avg=1307 kbps
[openvenc][rc] f=196 P qp=16 bytes=1030 avg=1303 kbps
[openvenc][rc] f=197 P qp=16 bytes=1030 avg=1299 kbps
[openvenc][rc] f=198 P qp=16 bytes=1031 avg=1295 kbps
[openvenc][rc] f=199 P qp=16 bytes=1027 avg=1291 kbps
[openvenc][rc] f=200 IDR qp=17 bytes=66598 avg=1441 kbps
[openvenc][rc] f=201 P qp=17 bytes=3029 avg=1441 kbps
[openvenc][rc] f=202 P qp=16 bytes=3097 avg=1441 kbps
[openvenc][rc] f=203 P qp=16 bytes=1442 avg=1437 kbps
[openvenc][rc] f=204 P qp=16 bytes=1138 avg=1433 kbps
[openvenc][rc] f=205 P qp=16 bytes=1099 avg=1428 kbps
[openvenc][rc] f=206 P qp=16 bytes=1098 avg=1424 kbps
[openvenc][rc] f=207 P qp=16 bytes=1062 avg=1419 kbps
[openvenc][rc] f=208 P qp=16 bytes=1058 avg=1415 kbps
[openvenc][rc] f=209 P qp=16 bytes=1052 avg=1411 kbps
[openvenc][rc] f=210 P qp=16 bytes=1058 avg=1406 kbps
[openvenc][rc] f=211 P qp=16 bytes=1057 avg=1402 kbps
[openvenc][rc] f=212 P qp=16 bytes=1047 avg=1398 kbps
[openvenc][rc] f=213 P qp=16 bytes=1041 avg=1393 kbps
[openvenc][rc] f=214 P qp=16 bytes=1046 avg=1389 kbps
[openvenc][rc] f=215 P qp=16 bytes=1045 avg=1385 kbps
[openvenc][rc] f=216 P qp=16 bytes=1047 avg=1381 kbps
[openvenc][rc] f=217 P qp=16 bytes=1041 avg=1377 kbps
[openvenc][rc] f=218 P qp=16 bytes=1046 avg=1373 kbps
[openvenc][rc] f=219 P qp=16 bytes=1045 avg=1369 kbps
[openvenc][rc] f=220 P qp=16 bytes=1047 avg=1365 kbps
[openvenc][rc] f=221 P qp=16 bytes=1041 avg=1361 kbps
[openvenc][rc] f=222 P qp=16 bytes=1046 avg=1357 kbps
[openvenc][rc] f=223 P qp=16 bytes=1045 avg=1353 kbps
[openvenc][rc] f=224 P qp=16 bytes=1047 avg=1349 kbps
[openvenc][rc] f=225 P qp=16 bytes=1041 avg=1346 kbps
[openvenc][rc] f=226 P qp=16 bytes=1046 avg=1342 kbps
[openvenc][rc] f=227 P qp=16 bytes=1045 avg=1338 kbps
[openvenc][rc] f=228 P qp=16 bytes=1047 avg=1334 kbps
[openvenc][rc] f=229 P qp=16 bytes=1041 avg=1331 kbps
[openvenc][rc] f=230 P qp=16 bytes=1046 avg=1327 kbps
[openvenc][rc] f=231 P qp=16 bytes=1045 avg=1324 kbps
[openvenc][rc] f=232 P qp=16 bytes=1047 avg=1320 kbps
[openvenc][rc] f=233 P qp=16 bytes=1041 avg=1317 kbps
[openvenc][rc] f=234 P qp=16 bytes=1046 avg=1313 kbps
[openvenc][rc] f=235 P qp=16 bytes=1045 avg=1310 kbps
[openvenc][rc] f=236 P qp=16 bytes=1047 avg=1306 kbps
[openvenc][rc] f=237 P qp=16 bytes=1041 avg=1303 kbps
[openvenc][rc] f=238 P qp=16 bytes=1046 avg=1299 kbps
[openvenc][rc] f=239 P qp=16 bytes=1045 avg=1296 kbps
[openvenc][rc] f=240 P qp=16 bytes=1047 avg=1293 kbps
[openvenc][rc] f=241 P qp=16 bytes=1041 avg=1289 kbps
[openvenc][rc] f=242 P qp=16 bytes=1046 avg=1286 kbps
[openvenc][rc] f=243 P qp=16 bytes=1045 avg=1283 kbps
[openvenc][rc] f=244 P qp=16 bytes=1047 avg=1280 kbps
[openvenc][rc] f=245 P qp=16 bytes=1041 avg=1276 kbps
[openvenc][rc] f=246 P qp=16 bytes=1046 avg=1273 kbps
[openvenc][rc] f=247 P qp=16 bytes=1045 avg=1270 kbps
[openvenc][rc] f=248 P qp=16 bytes=1047 avg=1267 kbps
[openvenc][rc] f=249 P qp=16 bytes=1041 avg=1264 kbps
[openvenc][rc] f=250 IDR qp=17 bytes=66598 avg=1384 kbps
[openvenc][rc] f=251 P qp=17 bytes=3029 avg=1384 kbps
[openvenc][rc] f=252 P qp=16 bytes=3097 avg=1384 kbps
[openvenc][rc] f=253 P qp=16 bytes=1442 avg=1382 kbps
[openvenc][rc] f=254 P qp=16 bytes=1138 avg=1378 kbps
[openvenc][rc] f=255 P qp=16 bytes=1099 avg=1375 kbps
[openvenc][rc] f=256 P qp=16 bytes=1098 avg=1372 kbps
[openvenc][rc] f=257 P qp=16 bytes=1062 avg=1368 kbps
[openvenc][rc] f=258 P qp=16 bytes=1058 avg=1365 kbps
[openvenc][rc] f=259 P qp=16 bytes=1052 avg=1362 kbps
[openvenc][rc] f=260 P qp=16 bytes=1058 avg=1358 kbps
[openvenc][rc] f=261 P qp=16 bytes=1057 avg=1355 kbps
[openvenc][rc] f=262 P qp=16 bytes=1047 avg=1352 kbps
[openvenc][rc] f=263 P qp=16 bytes=1041 avg=1349 kbps
[openvenc][rc] f=264 P qp=16 bytes=1046 avg=1345 kbps
[openvenc][rc] f=265 P qp=16 bytes=1045 avg=1342 kbps
[openvenc][rc] f=266 P qp=16 bytes=1047 avg=1339 kbps
[openvenc][rc] f=267 P qp=16 bytes=1041 avg=1336 kbps
[openvenc][rc] f=268 P qp=16 bytes=1046 avg=1333 kbps
[openvenc][rc] f=269 P qp=16 bytes=1045 avg=1330 kbps
[openvenc][rc] f=270 P qp=16 bytes=1047 avg=1326 kbps
[openvenc][rc] f=271 P qp=16 bytes=1041 avg=1323 kbps
[openvenc][rc] f=272 P qp=16 bytes=1046 avg=1320 kbps
[openvenc][rc] f=273 P qp=16 bytes=1045 avg=1317 kbps
[openvenc][rc] f=274 P qp=16 bytes=1047 avg=1314 kbps
[openvenc][rc] f=275 P qp=16 bytes=1041 avg=1311 kbps
[openvenc][rc] f=276 P qp=16 bytes=1046 avg=1308 kbps
[openvenc][rc] f=277 P qp=16 bytes=1045 avg=1305 kbps
[openvenc][rc] f=278 P qp=16 bytes=1047 avg=1303 kbps
[openvenc][rc] f=279 P qp=16 bytes=1041 avg=1300 kbps
[openvenc][rc] f=280 P qp=16 bytes=1046 avg=1297 kbps
[openvenc][rc] f=281 P qp=16 bytes=1045 avg=1294 kbps
[openvenc][rc] f=282 P qp=16 bytes=1047 avg=1291 kbps
[openvenc][rc] f=283 P qp=16 bytes=1041 avg=1288 kbps
[openvenc][rc] f=284 P qp=16 bytes=1046 avg=1286 kbps
[openvenc][rc] f=285 P qp=16 bytes=1045 avg=1283 kbps
[openvenc][rc] f=286 P qp=16 bytes=1047 avg=1280 kbps
[openvenc][rc] f=287 P qp=16 bytes=1041 avg=1277 kbps
[openvenc][rc] f=288 P qp=16 bytes=1046 avg=1275 kbps
[openvenc][rc] f=289 P qp=16 bytes=1045 avg=1272 kbps
[openvenc][rc] f=290 P qp=16 bytes=1047 avg=1269 kbps
[openvenc][rc] f=291 P qp=16 bytes=1041 avg=1267 kbps
[openvenc][rc] f=292 P qp=16 bytes=1046 avg=1264 kbps
[openvenc][rc] f=293 P qp=16 bytes=1045 avg=1261 kbps
[openvenc][rc] f=294 P qp=16 bytes=1047 avg=1259 kbps
[openvenc][rc] f=295 P qp=16 bytes=1041 avg=1256 kbps
[openvenc][rc] f=296 P qp=16 bytes=1046 avg=1253 kbps
[openvenc][rc] f=297 P qp=16 bytes=1518 avg=1252 kbps
[openvenc][rc] f=298 P qp=16 bytes=1501 avg=1250 kbps
[openvenc][rc] f=299 P qp=16 bytes=1508 avg=1248 kbps
[openvenc][rc] f=300 IDR qp=17 bytes=66485 avg=1348 kbps
[openvenc][rc] f=301 P qp=17 bytes=3443 avg=1349 kbps
[openvenc][rc] f=302 P qp=16 bytes=3432 avg=1350 kbps
[openvenc][rc] f=303 P qp=16 bytes=1911 avg=1349 kbps
[openvenc][rc] f=304 P qp=16 bytes=1601 avg=1347 kbps
[openvenc][rc] f=305 P qp=16 bytes=1558 avg=1345 kbps
[openvenc][rc] f=306 P qp=16 bytes=1574 avg=1343 kbps
[openvenc][rc] f=307 P qp=16 bytes=1491 avg=1341 kbps
[openvenc][rc] f=308 P qp=16 bytes=1120 avg=1338 kbps
[openvenc][rc] f=309 P qp=16 bytes=1191 avg=1335 kbps
[openvenc][rc] f=310 P qp=16 bytes=1076 avg=1333 kbps
[openvenc][rc] f=311 P qp=16 bytes=1059 avg=1330 kbps
[openvenc][rc] f=312 P qp=16 bytes=1074 avg=1327 kbps
[openvenc][rc] f=313 P qp=16 bytes=1063 avg=1325 kbps
[openvenc][rc] f=314 P qp=16 bytes=1043 avg=1322 kbps
[openvenc][rc] f=315 P qp=16 bytes=1044 avg=1320 kbps
[openvenc][rc] f=316 P qp=16 bytes=1058 avg=1317 kbps
[openvenc][rc] f=317 P qp=16 bytes=1038 avg=1314 kbps
[openvenc][rc] f=318 P qp=16 bytes=1113 avg=1312 kbps
[openvenc][rc] f=319 P qp=16 bytes=1037 avg=1309 kbps
[openvenc][rc] f=320 P qp=16 bytes=1049 avg=1307 kbps
[openvenc][rc] f=321 P qp=16 bytes=1035 avg=1304 kbps
[openvenc][rc] f=322 P qp=16 bytes=1034 avg=1302 kbps
[openvenc][rc] f=323 P qp=16 bytes=1030 avg=1299 kbps
[openvenc][rc] f=324 P qp=16 bytes=1063 avg=1297 kbps
[openvenc][rc] f=325 P qp=16 bytes=1154 avg=1294 kbps
[openvenc][rc] f=326 P qp=16 bytes=1080 avg=1292 kbps
[openvenc][rc] f=327 P qp=16 bytes=1048 avg=1290 kbps
[openvenc][rc] f=328 P qp=16 bytes=1054 avg=1287 kbps
[openvenc][rc] f=329 P qp=16 bytes=1373 avg=1285 kbps
[openvenc][rc] f=330 P qp=16 bytes=1478 avg=1283 kbps
[openvenc][rc] f=331 P qp=16 bytes=1468 avg=1282 kbps
[openvenc][rc] f=332 P qp=16 bytes=1497 avg=1280 kbps
[openvenc][rc] f=333 P qp=16 bytes=1482 avg=1278 kbps
[openvenc][rc] f=334 P qp=16 bytes=1134 avg=1276 kbps
[openvenc][rc] f=335 P qp=16 bytes=1054 avg=1274 kbps
[openvenc][rc] f=336 P qp=16 bytes=1169 avg=1272 kbps
[openvenc][rc] f=337 P qp=16 bytes=1496 avg=1270 kbps
[openvenc][rc] f=338 P qp=16 bytes=1457 avg=1268 kbps
[openvenc][rc] f=339 P qp=16 bytes=1453 avg=1266 kbps
[openvenc][rc] f=340 P qp=16 bytes=1461 avg=1265 kbps
[openvenc][rc] f=341 P qp=16 bytes=1454 avg=1263 kbps
[openvenc][rc] f=342 P qp=16 bytes=1484 avg=1261 kbps
[openvenc][rc] f=343 P qp=16 bytes=1415 avg=1260 kbps
[openvenc][rc] f=344 P qp=16 bytes=1310 avg=1258 kbps
[openvenc][rc] f=345 P qp=16 bytes=1957 avg=1257 kbps
[openvenc][rc] f=346 P qp=16 bytes=2057 avg=1256 kbps
[openvenc][rc] f=347 P qp=16 bytes=1843 avg=1255 kbps
[openvenc][rc] f=348 P qp=16 bytes=1504 avg=1253 kbps
[openvenc][rc] f=349 P qp=16 bytes=1460 avg=1252 kbps
[openvenc][rc] f=350 IDR qp=17 bytes=66492 avg=1338 kbps
[openvenc][rc] f=351 P qp=17 bytes=3097 avg=1338 kbps
[openvenc][rc] f=352 P qp=16 bytes=3106 avg=1338 kbps
[openvenc][rc] f=353 P qp=16 bytes=1453 avg=1337 kbps
[openvenc][rc] f=354 P qp=16 bytes=1555 avg=1335 kbps
[openvenc][rc] f=355 P qp=16 bytes=1528 avg=1333 kbps
[openvenc][rc] f=356 P qp=16 bytes=1502 avg=1331 kbps
[openvenc][rc] f=357 P qp=16 bytes=1477 avg=1330 kbps
[openvenc][rc] f=358 P qp=16 bytes=1523 avg=1328 kbps
[openvenc][rc] f=359 P qp=16 bytes=1207 avg=1326 kbps
[openvenc][rc] f=360 P qp=16 bytes=1202 avg=1324 kbps
[openvenc][rc] f=361 P qp=16 bytes=1127 avg=1321 kbps
[openvenc][rc] f=362 P qp=16 bytes=1039 avg=1319 kbps
[openvenc][rc] f=363 P qp=16 bytes=1019 avg=1317 kbps
[openvenc][rc] f=364 P qp=16 bytes=1065 avg=1315 kbps
[openvenc][rc] f=365 P qp=16 bytes=1127 avg=1313 kbps
[openvenc][rc] f=366 P qp=16 bytes=1057 avg=1310 kbps
[openvenc][rc] f=367 P qp=16 bytes=1093 avg=1308 kbps
[openvenc][rc] f=368 P qp=16 bytes=1035 avg=1306 kbps
[openvenc][rc] f=369 P qp=16 bytes=1039 avg=1304 kbps
[openvenc][rc] f=370 P qp=16 bytes=1041 avg=1302 kbps
[openvenc][rc] f=371 P qp=16 bytes=1033 avg=1299 kbps
[openvenc][rc] f=372 P qp=16 bytes=1030 avg=1297 kbps
[openvenc][rc] f=373 P qp=16 bytes=1034 avg=1295 kbps
[openvenc][rc] f=374 P qp=16 bytes=1050 avg=1293 kbps
[openvenc][rc] f=375 P qp=16 bytes=1209 avg=1291 kbps
[openvenc][rc] f=376 P qp=16 bytes=1157 avg=1289 kbps
[openvenc][rc] f=377 P qp=16 bytes=1093 avg=1287 kbps
[openvenc][rc] f=378 P qp=16 bytes=1269 avg=1285 kbps
[openvenc][rc] f=379 P qp=16 bytes=1302 avg=1283 kbps
[openvenc][rc] f=380 P qp=16 bytes=1069 avg=1281 kbps
[openvenc][rc] f=381 P qp=16 bytes=1091 avg=1279 kbps
[openvenc][rc] f=382 P qp=16 bytes=1051 avg=1277 kbps
[openvenc][rc] f=383 P qp=16 bytes=1039 avg=1275 kbps
[openvenc][rc] f=384 P qp=16 bytes=1049 avg=1273 kbps
[openvenc][rc] f=385 P qp=16 bytes=1045 avg=1271 kbps
[openvenc][rc] f=386 P qp=16 bytes=1047 avg=1269 kbps
[openvenc][rc] f=387 P qp=16 bytes=1047 avg=1267 kbps
[openvenc][rc] f=388 P qp=16 bytes=1043 avg=1265 kbps
[openvenc][rc] f=389 P qp=16 bytes=1099 avg=1263 kbps
[openvenc][rc] f=390 P qp=16 bytes=1124 avg=1261 kbps
[openvenc][rc] f=391 P qp=16 bytes=1086 avg=1259 kbps
[openvenc][rc] f=392 P qp=16 bytes=1050 avg=1258 kbps
[openvenc][rc] f=393 P qp=16 bytes=1045 avg=1256 kbps
[openvenc][rc] f=394 P qp=16 bytes=1038 avg=1254 kbps
[openvenc][rc] f=395 P qp=16 bytes=1046 avg=1252 kbps
[openvenc][rc] f=396 P qp=16 bytes=1045 avg=1250 kbps
[openvenc][rc] f=397 P qp=16 bytes=1052 avg=1248 kbps
[openvenc][rc] f=398 P qp=16 bytes=1059 avg=1246 kbps
[openvenc][rc] f=399 P qp=16 bytes=1081 avg=1244 kbps
[openvenc][rc] f=400 IDR qp=17 bytes=66504 avg=1319 kbps
[openvenc][rc] f=401 P qp=17 bytes=3019 avg=1320 kbps
[openvenc][rc] f=402 P qp=16 bytes=3125 avg=1320 kbps
[openvenc][rc] f=403 P qp=16 bytes=1456 avg=1318 kbps
[openvenc][rc] f=404 P qp=16 bytes=1174 avg=1317 kbps
[openvenc][rc] f=405 P qp=16 bytes=1135 avg=1315 kbps
[openvenc][rc] f=406 P qp=16 bytes=1117 avg=1313 kbps
[openvenc][rc] f=407 P qp=16 bytes=1062 avg=1311 kbps
[openvenc][rc] f=408 P qp=16 bytes=1058 avg=1309 kbps
[openvenc][rc] f=409 P qp=16 bytes=1132 avg=1307 kbps
[openvenc][rc] f=410 P qp=16 bytes=1125 avg=1305 kbps
[openvenc][rc] f=411 P qp=16 bytes=1055 avg=1303 kbps
[openvenc][rc] f=412 P qp=16 bytes=1132 avg=1301 kbps
[openvenc][rc] f=413 P qp=16 bytes=1045 avg=1299 kbps
[openvenc][rc] f=414 P qp=16 bytes=1056 avg=1297 kbps
[openvenc][rc] f=415 P qp=16 bytes=1045 avg=1295 kbps
[openvenc][rc] f=416 P qp=16 bytes=1040 avg=1293 kbps
[openvenc][rc] f=417 P qp=16 bytes=1039 avg=1291 kbps
[openvenc][rc] f=418 P qp=16 bytes=1032 avg=1290 kbps
[openvenc][rc] f=419 P qp=16 bytes=1057 avg=1288 kbps
[openvenc][rc] f=420 P qp=16 bytes=1174 avg=1286 kbps
[openvenc][rc] f=421 P qp=16 bytes=1385 avg=1284 kbps
[openvenc][rc] f=422 P qp=16 bytes=1397 avg=1283 kbps
[openvenc][rc] f=423 P qp=16 bytes=1390 avg=1281 kbps
[openvenc][rc] f=424 P qp=16 bytes=1134 avg=1280 kbps
[openvenc][rc] f=425 P qp=16 bytes=1194 avg=1278 kbps
[openvenc][rc] f=426 P qp=16 bytes=1200 avg=1276 kbps
[openvenc][rc] f=427 P qp=16 bytes=1252 avg=1275 kbps
[openvenc][rc] f=428 P qp=16 bytes=1228 avg=1273 kbps
[openvenc][rc] f=429 P qp=16 bytes=1466 avg=1272 kbps
[openvenc][rc] f=430 P qp=16 bytes=1447 avg=1270 kbps
[openvenc][rc] f=431 P qp=16 bytes=1452 avg=1269 kbps
[openvenc][rc] f=432 P qp=16 bytes=1500 avg=1268 kbps
[openvenc][rc] f=433 P qp=16 bytes=1467 avg=1266 kbps
[openvenc][rc] f=434 P qp=16 bytes=1449 avg=1265 kbps
[openvenc][rc] f=435 P qp=16 bytes=1466 avg=1264 kbps
[openvenc][rc] f=436 P qp=16 bytes=1468 avg=1262 kbps
[openvenc][rc] f=437 P qp=16 bytes=1483 avg=1261 kbps
[openvenc][rc] f=438 P qp=16 bytes=1478 avg=1260 kbps
[openvenc][rc] f=439 P qp=16 bytes=1480 avg=1259 kbps
[openvenc][rc] f=440 P qp=16 bytes=1489 avg=1257 kbps
[openvenc][rc] f=441 P qp=16 bytes=1491 avg=1256 kbps
[openvenc][rc] f=442 P qp=16 bytes=1568 avg=1255 kbps
[openvenc][rc] f=443 P qp=16 bytes=1630 avg=1254 kbps
[openvenc][rc] f=444 P qp=16 bytes=1846 avg=1253 kbps
[openvenc][rc] f=445 P qp=16 bytes=1868 avg=1252 kbps
[openvenc][rc] f=446 P qp=16 bytes=1797 avg=1251 kbps
[openvenc][rc] f=447 P qp=16 bytes=1651 avg=1250 kbps
[openvenc][rc] f=448 P qp=16 bytes=1583 avg=1249 kbps
[openvenc][rc] f=449 P qp=16 bytes=1777 avg=1248 kbps
[openvenc][rc] f=450 IDR qp=17 bytes=66785 avg=1315 kbps
[openvenc][rc] f=451 P qp=17 bytes=4463 avg=1317 kbps
[openvenc][rc] f=452 P qp=16 bytes=4366 avg=1319 kbps
[openvenc][rc] f=453 P qp=16 bytes=3652 avg=1320 kbps
[openvenc][rc] f=454 P qp=16 bytes=3241 avg=1320 kbps
[openvenc][rc] f=455 P qp=16 bytes=3443 avg=1321 kbps
[openvenc][rc] f=456 P qp=16 bytes=2620 avg=1321 kbps
[openvenc][rc] f=457 P qp=16 bytes=2466 avg=1320 kbps
[openvenc][rc] f=458 P qp=16 bytes=1967 avg=1319 kbps
[openvenc][rc] f=459 P qp=16 bytes=1855 avg=1318 kbps
[openvenc][rc] f=460 P qp=16 bytes=1826 avg=1317 kbps
[openvenc][rc] f=461 P qp=16 bytes=1868 avg=1316 kbps
[openvenc][rc] f=462 P qp=16 bytes=1627 avg=1315 kbps
[openvenc][rc] f=463 P qp=16 bytes=1699 avg=1314 kbps
[openvenc][rc] f=464 P qp=16 bytes=1624 avg=1313 kbps
[openvenc][rc] f=465 P qp=16 bytes=1743 avg=1312 kbps
[openvenc][rc] f=466 P qp=16 bytes=1515 avg=1311 kbps
[openvenc][rc] f=467 P qp=16 bytes=1482 avg=1309 kbps
[openvenc][rc] f=468 P qp=16 bytes=1507 avg=1308 kbps
[openvenc][rc] f=469 P qp=16 bytes=1489 avg=1307 kbps
[openvenc][rc] f=470 P qp=16 bytes=1531 avg=1306 kbps
[openvenc][rc] f=471 P qp=16 bytes=1577 avg=1304 kbps
[openvenc][rc] f=472 P qp=16 bytes=1481 avg=1303 kbps
[openvenc][rc] f=473 P qp=16 bytes=1498 avg=1302 kbps
[openvenc][rc] f=474 P qp=16 bytes=1407 avg=1300 kbps
[openvenc][rc] f=475 P qp=16 bytes=1064 avg=1299 kbps
[openvenc][rc] f=476 P qp=16 bytes=1061 avg=1297 kbps
[openvenc][rc] f=477 P qp=16 bytes=1060 avg=1295 kbps
[openvenc][rc] f=478 P qp=16 bytes=1463 avg=1294 kbps
[openvenc][rc] f=479 P qp=16 bytes=1461 avg=1293 kbps
[openvenc][rc] f=480 P qp=16 bytes=1448 avg=1292 kbps
[openvenc][rc] f=481 P qp=16 bytes=1436 avg=1290 kbps
[openvenc][rc] f=482 P qp=16 bytes=1493 avg=1289 kbps
[openvenc][rc] f=483 P qp=16 bytes=1462 avg=1288 kbps
[openvenc][rc] f=484 P qp=16 bytes=1475 avg=1287 kbps
[openvenc][rc] f=485 P qp=16 bytes=1484 avg=1286 kbps
[openvenc][rc] f=486 P qp=16 bytes=1249 avg=1284 kbps
[openvenc][rc] f=487 P qp=16 bytes=1041 avg=1282 kbps
[openvenc][rc] f=488 P qp=16 bytes=1504 avg=1281 kbps
[openvenc][rc] f=489 P qp=16 bytes=1465 avg=1280 kbps
[openvenc][rc] f=490 P qp=16 bytes=1620 avg=1279 kbps
[openvenc][rc] f=491 P qp=16 bytes=1775 avg=1278 kbps
[openvenc][rc] f=492 P qp=16 bytes=1671 avg=1277 kbps
[openvenc][rc] f=493 P qp=16 bytes=1468 avg=1276 kbps
[openvenc][rc] f=494 P qp=16 bytes=1437 avg=1275 kbps
[openvenc][rc] f=495 P qp=16 bytes=1382 avg=1274 kbps
[openvenc][rc] f=496 P qp=16 bytes=1146 avg=1272 kbps
[openvenc][rc] f=497 P qp=16 bytes=1059 avg=1270 kbps
[openvenc][rc] f=498 P qp=16 bytes=1043 avg=1269 kbps
[openvenc][rc] f=499 P qp=16 bytes=1441 avg=1268 kbps
[openvenc][rc] f=500 IDR qp=17 bytes=66467 avg=1328 kbps
[openvenc][rc] f=501 P qp=17 bytes=3022 avg=1328 kbps
[openvenc][rc] f=502 P qp=16 bytes=3288 avg=1328 kbps
[openvenc][rc] f=503 P qp=16 bytes=1553 avg=1327 kbps
[openvenc][rc] f=504 P qp=16 bytes=1252 avg=1326 kbps
[openvenc][rc] f=505 P qp=16 bytes=1141 avg=1324 kbps
[openvenc][rc] f=506 P qp=16 bytes=1185 avg=1323 kbps
[openvenc][rc] f=507 P qp=16 bytes=1468 avg=1322 kbps
[openvenc][rc] f=508 P qp=16 bytes=1502 avg=1320 kbps
[openvenc][rc] f=509 P qp=16 bytes=1496 avg=1319 kbps
[openvenc][rc] f=510 P qp=16 bytes=1488 avg=1318 kbps
[openvenc][rc] f=511 P qp=16 bytes=1492 avg=1317 kbps
[openvenc][rc] f=512 P qp=16 bytes=1453 avg=1315 kbps
[openvenc][rc] f=513 P qp=16 bytes=1317 avg=1314 kbps
[openvenc][rc] f=514 P qp=16 bytes=1358 avg=1313 kbps
[openvenc][rc] f=515 P qp=16 bytes=1122 avg=1311 kbps
[openvenc][rc] f=516 P qp=16 bytes=1064 avg=1310 kbps
[openvenc][rc] f=517 P qp=16 bytes=1049 avg=1308 kbps
[openvenc][rc] f=518 P qp=16 bytes=1045 avg=1307 kbps
[openvenc][rc] f=519 P qp=16 bytes=1054 avg=1305 kbps
[openvenc][rc] f=520 P qp=16 bytes=1090 avg=1304 kbps
[openvenc][rc] f=521 P qp=16 bytes=1071 avg=1302 kbps
[openvenc][rc] f=522 P qp=16 bytes=1491 avg=1301 kbps
[openvenc][rc] f=523 P qp=16 bytes=1451 avg=1300 kbps
[openvenc][rc] f=524 P qp=16 bytes=1468 avg=1299 kbps
[openvenc][rc] f=525 P qp=16 bytes=1458 avg=1297 kbps
[openvenc][rc] f=526 P qp=16 bytes=1454 avg=1296 kbps
[openvenc][rc] f=527 P qp=16 bytes=1407 avg=1295 kbps
[openvenc][rc] f=528 P qp=16 bytes=1454 avg=1294 kbps
[openvenc][rc] f=529 P qp=16 bytes=1384 avg=1293 kbps
[openvenc][rc] f=530 P qp=16 bytes=1056 avg=1291 kbps
[openvenc][rc] f=531 P qp=16 bytes=1056 avg=1290 kbps
[openvenc][rc] f=532 P qp=16 bytes=1301 avg=1288 kbps
[openvenc][rc] f=533 P qp=16 bytes=1018 avg=1287 kbps
[openvenc][rc] f=534 P qp=16 bytes=1014 avg=1285 kbps
[openvenc][rc] f=535 P qp=16 bytes=1021 avg=1284 kbps
[openvenc][rc] f=536 P qp=16 bytes=1065 avg=1282 kbps
[openvenc][rc] f=537 P qp=16 bytes=1014 avg=1281 kbps
[openvenc][rc] f=538 P qp=16 bytes=1092 avg=1280 kbps
[openvenc][rc] f=539 P qp=16 bytes=1038 avg=1278 kbps
[openvenc][rc] f=540 P qp=16 bytes=998 avg=1277 kbps
[openvenc][rc] f=541 P qp=16 bytes=989 avg=1275 kbps
[openvenc][rc] f=542 P qp=16 bytes=1287 avg=1274 kbps
[openvenc][rc] f=543 P qp=16 bytes=1373 avg=1273 kbps
[openvenc][rc] f=544 P qp=16 bytes=1399 avg=1272 kbps
[openvenc][rc] f=545 P qp=16 bytes=1453 avg=1270 kbps
[openvenc][rc] f=546 P qp=16 bytes=1395 avg=1269 kbps
[openvenc][rc] f=547 P qp=16 bytes=1113 avg=1268 kbps
[openvenc][rc] f=548 P qp=16 bytes=1121 avg=1267 kbps
[openvenc][rc] f=549 P qp=16 bytes=995 avg=1265 kbps
[openvenc][rc] f=550 IDR qp=17 bytes=66500 avg=1320 kbps
[openvenc][rc] f=551 P qp=17 bytes=3050 avg=1320 kbps
[openvenc][rc] f=552 P qp=16 bytes=3099 avg=1320 kbps
[openvenc][rc] f=553 P qp=16 bytes=1464 avg=1319 kbps
[openvenc][rc] f=554 P qp=16 bytes=1240 avg=1318 kbps
[openvenc][rc] f=555 P qp=16 bytes=1136 avg=1316 kbps
[openvenc][rc] f=556 P qp=16 bytes=1525 avg=1315 kbps
[openvenc][rc] f=557 P qp=16 bytes=1484 avg=1314 kbps
[openvenc][rc] f=558 P qp=16 bytes=1502 avg=1313 kbps
[openvenc][rc] f=559 P qp=16 bytes=1484 avg=1312 kbps
[openvenc][rc] f=560 P qp=16 bytes=1497 avg=1311 kbps
[openvenc][rc] f=561 P qp=16 bytes=1456 avg=1310 kbps
[openvenc][rc] f=562 P qp=16 bytes=1491 avg=1309 kbps
[openvenc][rc] f=563 P qp=16 bytes=1454 avg=1308 kbps
[openvenc][rc] f=564 P qp=16 bytes=1405 avg=1307 kbps
[openvenc][rc] f=565 P qp=16 bytes=1376 avg=1305 kbps
[openvenc][rc] f=566 P qp=16 bytes=1368 avg=1304 kbps
[openvenc][rc] f=567 P qp=16 bytes=1451 avg=1303 kbps
[openvenc][rc] f=568 P qp=16 bytes=1784 avg=1302 kbps
[openvenc][rc] f=569 P qp=16 bytes=2862 avg=1302 kbps
[openvenc][rc] f=570 P qp=16 bytes=2327 avg=1302 kbps
[openvenc][rc] f=571 P qp=16 bytes=1370 avg=1301 kbps
[openvenc][rc] f=572 P qp=16 bytes=1239 avg=1300 kbps
[openvenc][rc] f=573 P qp=16 bytes=2512 avg=1300 kbps
[openvenc][rc] f=574 P qp=16 bytes=2557 avg=1299 kbps
[openvenc][rc] f=575 P qp=16 bytes=2009 avg=1299 kbps
[openvenc][rc] f=576 P qp=16 bytes=2873 avg=1299 kbps
[openvenc][rc] f=577 P qp=16 bytes=2700 avg=1299 kbps
[openvenc][rc] f=578 P qp=16 bytes=2513 avg=1299 kbps
[openvenc][rc] f=579 P qp=16 bytes=1066 avg=1297 kbps
[openvenc][rc] f=580 P qp=16 bytes=945 avg=1296 kbps
[openvenc][rc] f=581 P qp=16 bytes=936 avg=1294 kbps
[openvenc][rc] f=582 P qp=16 bytes=2006 avg=1294 kbps
[openvenc][rc] f=583 P qp=16 bytes=2976 avg=1294 kbps
[openvenc][rc] f=584 P qp=16 bytes=1891 avg=1293 kbps
[openvenc][rc] f=585 P qp=16 bytes=2826 avg=1293 kbps
[openvenc][rc] f=586 P qp=16 bytes=1709 avg=1292 kbps
[openvenc][rc] f=587 P qp=16 bytes=1033 avg=1291 kbps
[openvenc][rc] f=588 P qp=16 bytes=1279 avg=1290 kbps
[openvenc][rc] f=589 P qp=16 bytes=1429 avg=1289 kbps
[openvenc][rc] f=590 P qp=16 bytes=1589 avg=1288 kbps
[openvenc][rc] f=591 P qp=16 bytes=2723 avg=1288 kbps
[openvenc][rc] f=592 P qp=16 bytes=1405 avg=1287 kbps
[openvenc][rc] f=593 P qp=16 bytes=1393 avg=1286 kbps
[openvenc][rc] f=594 P qp=16 bytes=1400 avg=1285 kbps
[openvenc][rc] f=595 P qp=16 bytes=1381 avg=1284 kbps
[openvenc][rc] f=596 P qp=16 bytes=1385 avg=1283 kbps
[openvenc][rc] f=597 P qp=16 bytes=1356 avg=1282 kbps
[openvenc][rc] f=598 P qp=16 bytes=1300 avg=1281 kbps
[openvenc][rc] f=599 P qp=16 bytes=1454 avg=1280 kbps
[openvenc][rc] f=600 IDR qp=17 bytes=66457 avg=1330 kbps
[openvenc][rc] f=601 P qp=17 bytes=3720 avg=1330 kbps
[openvenc][rc] f=602 P qp=16 bytes=3905 avg=1331 kbps
[openvenc][rc] f=603 P qp=16 bytes=1898 avg=1330 kbps
[openvenc][rc] f=604 P qp=16 bytes=1777 avg=1330 kbps
[openvenc][rc] f=605 P qp=16 bytes=1549 avg=1329 kbps
[openvenc][rc] f=606 P qp=16 bytes=1896 avg=1328 kbps
[openvenc][rc] f=607 P qp=16 bytes=1834 avg=1327 kbps
[openvenc][rc] f=608 P qp=16 bytes=1696 avg=1326 kbps
[openvenc][rc] f=609 P qp=16 bytes=1512 avg=1325 kbps
[openvenc][rc] f=610 P qp=16 bytes=1707 avg=1324 kbps
[openvenc][rc] f=611 P qp=16 bytes=1699 avg=1324 kbps
[openvenc][rc] f=612 P qp=16 bytes=1742 avg=1323 kbps
[openvenc][rc] f=613 P qp=16 bytes=1714 avg=1322 kbps
[openvenc][rc] f=614 P qp=16 bytes=1675 avg=1321 kbps
[openvenc][rc] f=615 P qp=16 bytes=1461 avg=1320 kbps
[openvenc][rc] f=616 P qp=16 bytes=1309 avg=1319 kbps
[openvenc][rc] f=617 P qp=16 bytes=1269 avg=1318 kbps
[openvenc][rc] f=618 P qp=16 bytes=1286 avg=1317 kbps
[openvenc][rc] f=619 P qp=16 bytes=1215 avg=1315 kbps
[openvenc][rc] f=620 P qp=16 bytes=1500 avg=1314 kbps
[openvenc][rc] f=621 P qp=16 bytes=1454 avg=1313 kbps
[openvenc][rc] f=622 P qp=16 bytes=1475 avg=1312 kbps
[openvenc][rc] f=623 P qp=16 bytes=1451 avg=1311 kbps
[openvenc][rc] f=624 P qp=16 bytes=1496 avg=1310 kbps
[openvenc][rc] f=625 P qp=16 bytes=1453 avg=1309 kbps
[openvenc][rc] f=626 P qp=16 bytes=1467 avg=1308 kbps
[openvenc][rc] f=627 P qp=16 bytes=1494 avg=1307 kbps
[openvenc][rc] f=628 P qp=16 bytes=1439 avg=1306 kbps
[openvenc][rc] f=629 P qp=16 bytes=1151 avg=1305 kbps
[openvenc][rc] f=630 P qp=16 bytes=1038 avg=1304 kbps
[openvenc][rc] f=631 P qp=16 bytes=1031 avg=1303 kbps
[openvenc][rc] f=632 P qp=16 bytes=1031 avg=1301 kbps
[openvenc][rc] f=633 P qp=16 bytes=1478 avg=1300 kbps
[openvenc][rc] f=634 P qp=16 bytes=1460 avg=1299 kbps
[openvenc][rc] f=635 P qp=16 bytes=1490 avg=1299 kbps
[openvenc][rc] f=636 P qp=16 bytes=1458 avg=1298 kbps
[openvenc][rc] f=637 P qp=16 bytes=1429 avg=1297 kbps
[openvenc][rc] f=638 P qp=16 bytes=1478 avg=1296 kbps
[openvenc][rc] f=639 P qp=16 bytes=1476 avg=1295 kbps
[openvenc][rc] f=640 P qp=16 bytes=1425 avg=1294 kbps
[openvenc][rc] f=641 P qp=16 bytes=1071 avg=1293 kbps
[openvenc][rc] f=642 P qp=16 bytes=1472 avg=1292 kbps
[openvenc][rc] f=643 P qp=16 bytes=1472 avg=1291 kbps
[openvenc][rc] f=644 P qp=16 bytes=1493 avg=1290 kbps
[openvenc][rc] f=645 P qp=16 bytes=1471 avg=1289 kbps
[openvenc][rc] f=646 P qp=16 bytes=1678 avg=1288 kbps
[openvenc][rc] f=647 P qp=16 bytes=1794 avg=1287 kbps
[openvenc][rc] f=648 P qp=16 bytes=1764 avg=1287 kbps
[openvenc][rc] f=649 P qp=16 bytes=1256 avg=1286 kbps
[openvenc][rc] f=650 IDR qp=17 bytes=66572 avg=1332 kbps
[openvenc][rc] f=651 P qp=17 bytes=3798 avg=1333 kbps
[openvenc][rc] f=652 P qp=16 bytes=4104 avg=1334 kbps
[openvenc][rc] f=653 P qp=16 bytes=2245 avg=1333 kbps
[openvenc][rc] f=654 P qp=16 bytes=1701 avg=1332 kbps
[openvenc][rc] f=655 P qp=16 bytes=1605 avg=1331 kbps
[openvenc][rc] f=656 P qp=16 bytes=1158 avg=1330 kbps
[openvenc][rc] f=657 P qp=16 bytes=1496 avg=1329 kbps
[openvenc][rc] f=658 P qp=16 bytes=1513 avg=1328 kbps
[openvenc][rc] f=659 P qp=16 bytes=1462 avg=1327 kbps
[openvenc][rc] f=660 P qp=16 bytes=1484 avg=1326 kbps
[openvenc][rc] f=661 P qp=16 bytes=1487 avg=1326 kbps
[openvenc][rc] f=662 P qp=16 bytes=1500 avg=1325 kbps
[openvenc][rc] f=663 P qp=16 bytes=1449 avg=1324 kbps
[openvenc][rc] f=664 P qp=16 bytes=1480 avg=1323 kbps
[openvenc][rc] f=665 P qp=16 bytes=1100 avg=1321 kbps
[openvenc][rc] f=666 P qp=16 bytes=1425 avg=1321 kbps
[openvenc][rc] f=667 P qp=16 bytes=1472 avg=1320 kbps
[openvenc][rc] f=668 P qp=16 bytes=1599 avg=1319 kbps
[openvenc][rc] f=669 P qp=16 bytes=1864 avg=1318 kbps
[openvenc][rc] f=670 P qp=16 bytes=1946 avg=1317 kbps
[openvenc][rc] f=671 P qp=16 bytes=1794 avg=1317 kbps
[openvenc][rc] f=672 P qp=16 bytes=1387 avg=1316 kbps
[openvenc][rc] f=673 P qp=16 bytes=1709 avg=1315 kbps
[openvenc][rc] f=674 P qp=16 bytes=1215 avg=1314 kbps
[openvenc][rc] f=675 P qp=16 bytes=1074 avg=1313 kbps
[openvenc][rc] f=676 P qp=16 bytes=1109 avg=1312 kbps
[openvenc][rc] f=677 P qp=16 bytes=1193 avg=1310 kbps
[openvenc][rc] f=678 P qp=16 bytes=1308 avg=1309 kbps
[openvenc][rc] f=679 P qp=16 bytes=1257 avg=1308 kbps
[openvenc][rc] f=680 P qp=16 bytes=1344 avg=1307 kbps
[openvenc][rc] f=681 P qp=16 bytes=1291 avg=1306 kbps
[openvenc][rc] f=682 P qp=16 bytes=1270 avg=1305 kbps
[openvenc][rc] f=683 P qp=16 bytes=1538 avg=1305 kbps
[openvenc][rc] f=684 P qp=16 bytes=1503 avg=1304 kbps
[openvenc][rc] f=685 P qp=16 bytes=1861 avg=1303 kbps
[openvenc][rc] f=686 P qp=16 bytes=1447 avg=1302 kbps
[openvenc][rc] f=687 P qp=16 bytes=1386 avg=1301 kbps
[openvenc][rc] f=688 P qp=16 bytes=1265 avg=1300 kbps
[openvenc][rc] f=689 P qp=16 bytes=1189 avg=1299 kbps
[openvenc][rc] f=690 P qp=16 bytes=1026 avg=1298 kbps
[openvenc][rc] f=691 P qp=16 bytes=1542 avg=1297 kbps
[openvenc][rc] f=692 P qp=16 bytes=1500 avg=1296 kbps
[openvenc][rc] f=693 P qp=16 bytes=1789 avg=1296 kbps
[openvenc][rc] f=694 P qp=16 bytes=1510 avg=1295 kbps
[openvenc][rc] f=695 P qp=16 bytes=1636 avg=1294 kbps
[openvenc][rc] f=696 P qp=16 bytes=1735 avg=1293 kbps
[openvenc][rc] f=697 P qp=16 bytes=1516 avg=1292 kbps
[openvenc][rc] f=698 P qp=16 bytes=1268 avg=1291 kbps
[openvenc][rc] f=699 P qp=16 bytes=1390 avg=1291 kbps
[openvenc][rc] f=700 IDR qp=17 bytes=66730 avg=1334 kbps
[openvenc][rc] f=701 P qp=17 bytes=3337 avg=1334 kbps
[openvenc][rc] f=702 P qp=16 bytes=3505 avg=1334 kbps
[openvenc][rc] f=703 P qp=16 bytes=1728 avg=1334 kbps
[openvenc][rc] f=704 P qp=16 bytes=2183 avg=1333 kbps
[openvenc][rc] f=705 P qp=16 bytes=1889 avg=1333 kbps
[openvenc][rc] f=706 P qp=16 bytes=2461 avg=1332 kbps
[openvenc][rc] f=707 P qp=16 bytes=2271 avg=1332 kbps
[openvenc][rc] f=708 P qp=16 bytes=2046 avg=1332 kbps
[openvenc][rc] f=709 P qp=16 bytes=1813 avg=1331 kbps
[openvenc][rc] f=710 P qp=16 bytes=2187 avg=1330 kbps
[openvenc][rc] f=711 P qp=16 bytes=2149 avg=1330 kbps
[openvenc][rc] f=712 P qp=16 bytes=1752 avg=1329 kbps
[openvenc][rc] f=713 P qp=16 bytes=1677 avg=1329 kbps
[openvenc][rc] f=714 P qp=16 bytes=2021 avg=1328 kbps
[openvenc][rc] f=715 P qp=16 bytes=1595 avg=1327 kbps
[openvenc][rc] f=716 P qp=16 bytes=1665 avg=1326 kbps
[openvenc][rc] f=717 P qp=16 bytes=1988 avg=1326 kbps
[openvenc][rc] f=718 P qp=16 bytes=1599 avg=1325 kbps
[openvenc][rc] f=719 P qp=16 bytes=1601 avg=1324 kbps
[openvenc][rc] f=720 P qp=16 bytes=1291 avg=1323 kbps
[openvenc][rc] f=721 P qp=16 bytes=1689 avg=1323 kbps
[openvenc][rc] f=722 P qp=16 bytes=1850 avg=1322 kbps
[openvenc][rc] f=723 P qp=16 bytes=2022 avg=1321 kbps
[openvenc][rc] f=724 P qp=16 bytes=2517 avg=1321 kbps
[openvenc][rc] f=725 P qp=16 bytes=2095 avg=1321 kbps
[openvenc][rc] f=726 P qp=16 bytes=2048 avg=1320 kbps
[openvenc][rc] f=727 P qp=16 bytes=2225 avg=1320 kbps
[openvenc][rc] f=728 P qp=16 bytes=2493 avg=1320 kbps
[openvenc][rc] f=729 P qp=16 bytes=1901 avg=1319 kbps
[openvenc][rc] f=730 P qp=16 bytes=2535 avg=1319 kbps
[openvenc][rc] f=731 P qp=16 bytes=2048 avg=1319 kbps
[openvenc][rc] f=732 P qp=16 bytes=2792 avg=1319 kbps
[openvenc][rc] f=733 P qp=16 bytes=2706 avg=1319 kbps
[openvenc][rc] f=734 P qp=16 bytes=2828 avg=1319 kbps
[openvenc][rc] f=735 P qp=16 bytes=2373 avg=1318 kbps
[openvenc][rc] f=736 P qp=16 bytes=2002 avg=1318 kbps
[openvenc][rc] f=737 P qp=16 bytes=1653 avg=1317 kbps
[openvenc][rc] f=738 P qp=16 bytes=1485 avg=1316 kbps
[openvenc][rc] f=739 P qp=16 bytes=1502 avg=1315 kbps
[openvenc][rc] f=740 P qp=16 bytes=1583 avg=1315 kbps
[openvenc][rc] f=741 P qp=16 bytes=2532 avg=1314 kbps
[openvenc][rc] f=742 P qp=16 bytes=2537 avg=1314 kbps
[openvenc][rc] f=743 P qp=16 bytes=2474 avg=1314 kbps
[openvenc][rc] f=744 P qp=16 bytes=2696 avg=1314 kbps
[openvenc][rc] f=745 P qp=16 bytes=2088 avg=1314 kbps
[openvenc][rc] f=746 P qp=16 bytes=2077 avg=1313 kbps
[openvenc][rc] f=747 P qp=16 bytes=1731 avg=1312 kbps
[openvenc][rc] f=748 P qp=16 bytes=1552 avg=1312 kbps
[openvenc][rc] f=749 P qp=16 bytes=1527 avg=1311 kbps
[openvenc][rc] f=750 IDR qp=17 bytes=66467 avg=1351 kbps
[openvenc][rc] f=751 P qp=17 bytes=3393 avg=1351 kbps
[openvenc][rc] f=752 P qp=16 bytes=3132 avg=1351 kbps
[openvenc][rc] f=753 P qp=16 bytes=1658 avg=1351 kbps
[openvenc][rc] f=754 P qp=16 bytes=1284 avg=1350 kbps
[openvenc][rc] f=755 P qp=16 bytes=1231 avg=1349 kbps
[openvenc][rc] f=756 P qp=16 bytes=1178 avg=1348 kbps
[openvenc][rc] f=757 P qp=16 bytes=1086 avg=1347 kbps
[openvenc][rc] f=758 P qp=16 bytes=1066 avg=1345 kbps
[openvenc][rc] f=759 P qp=16 bytes=1076 avg=1344 kbps
[openvenc][rc] f=760 P qp=16 bytes=1072 avg=1343 kbps
[openvenc][rc] f=761 P qp=16 bytes=1195 avg=1342 kbps
[openvenc][rc] f=762 P qp=16 bytes=1091 avg=1341 kbps
[openvenc][rc] f=763 P qp=16 bytes=1091 avg=1340 kbps
[openvenc][rc] f=764 P qp=16 bytes=1263 avg=1339 kbps
[openvenc][rc] f=765 P qp=16 bytes=1186 avg=1338 kbps
[openvenc][rc] f=766 P qp=16 bytes=1142 avg=1337 kbps
[openvenc][rc] f=767 P qp=16 bytes=1102 avg=1336 kbps
[openvenc][rc] f=768 P qp=16 bytes=1140 avg=1335 kbps
[openvenc][rc] f=769 P qp=16 bytes=1507 avg=1334 kbps
[openvenc][rc] f=770 P qp=16 bytes=1513 avg=1333 kbps
[openvenc][rc] f=771 P qp=16 bytes=1476 avg=1332 kbps
[openvenc][rc] f=772 P qp=16 bytes=1416 avg=1332 kbps
[openvenc][rc] f=773 P qp=16 bytes=1464 avg=1331 kbps
[openvenc][rc] f=774 P qp=16 bytes=1496 avg=1330 kbps
[openvenc][rc] f=775 P qp=16 bytes=1107 avg=1329 kbps
[openvenc][rc] f=776 P qp=16 bytes=1065 avg=1328 kbps
[openvenc][rc] f=777 P qp=16 bytes=1056 avg=1327 kbps
[openvenc][rc] f=778 P qp=16 bytes=1052 avg=1326 kbps
[openvenc][rc] f=779 P qp=16 bytes=1060 avg=1325 kbps
[openvenc][rc] f=780 P qp=16 bytes=1472 avg=1324 kbps
[openvenc][rc] f=781 P qp=16 bytes=1462 avg=1323 kbps
[openvenc][rc] f=782 P qp=16 bytes=1514 avg=1322 kbps
[openvenc][rc] f=783 P qp=16 bytes=1517 avg=1322 kbps
[openvenc][rc] f=784 P qp=16 bytes=1439 avg=1321 kbps
[openvenc][rc] f=785 P qp=16 bytes=1080 avg=1320 kbps
[openvenc][rc] f=786 P qp=16 bytes=1387 avg=1319 kbps
[openvenc][rc] f=787 P qp=16 bytes=1469 avg=1318 kbps
[openvenc][rc] f=788 P qp=16 bytes=1493 avg=1317 kbps
[openvenc][rc] f=789 P qp=16 bytes=1488 avg=1316 kbps
[openvenc][rc] f=790 P qp=16 bytes=1521 avg=1316 kbps
[openvenc][rc] f=791 P qp=16 bytes=1498 avg=1315 kbps
[openvenc][rc] f=792 P qp=16 bytes=1132 avg=1314 kbps
[openvenc][rc] f=793 P qp=16 bytes=1044 avg=1313 kbps
[openvenc][rc] f=794 P qp=16 bytes=1438 avg=1312 kbps
[openvenc][rc] f=795 P qp=16 bytes=1448 avg=1311 kbps
[openvenc][rc] f=796 P qp=16 bytes=1485 avg=1311 kbps
[openvenc][rc] f=797 P qp=16 bytes=1475 avg=1310 kbps
[openvenc][rc] f=798 P qp=16 bytes=1440 avg=1309 kbps
[openvenc][rc] f=799 P qp=16 bytes=1092 avg=1308 kbps
[openvenc][rc] f=800 IDR qp=17 bytes=66495 avg=1346 kbps
[openvenc][rc] f=801 P qp=17 bytes=3391 avg=1346 kbps
[openvenc][rc] f=802 P qp=16 bytes=3465 avg=1346 kbps
[openvenc][rc] f=803 P qp=16 bytes=1749 avg=1346 kbps
[openvenc][rc] f=804 P qp=16 bytes=1173 avg=1345 kbps
[openvenc][rc] f=805 P qp=16 bytes=1216 avg=1344 kbps
[openvenc][rc] f=806 P qp=16 bytes=1112 avg=1343 kbps
[openvenc][rc] f=807 P qp=16 bytes=1074 avg=1342 kbps
[openvenc][rc] f=808 P qp=16 bytes=1072 avg=1341 kbps
[openvenc][rc] f=809 P qp=16 bytes=1077 avg=1340 kbps
[openvenc][rc] f=810 P qp=16 bytes=1105 avg=1339 kbps
[openvenc][rc] f=811 P qp=16 bytes=1122 avg=1338 kbps
[openvenc][rc] f=812 P qp=16 bytes=1182 avg=1337 kbps
[openvenc][rc] f=813 P qp=16 bytes=1303 avg=1336 kbps
[openvenc][rc] f=814 P qp=16 bytes=1240 avg=1335 kbps
[openvenc][rc] f=815 P qp=16 bytes=1122 avg=1334 kbps
[openvenc][rc] f=816 P qp=16 bytes=1215 avg=1333 kbps
[openvenc][rc] f=817 P qp=16 bytes=1162 avg=1332 kbps
[openvenc][rc] f=818 P qp=16 bytes=1134 avg=1331 kbps
[openvenc][rc] f=819 P qp=16 bytes=1073 avg=1330 kbps
[openvenc][rc] f=820 P qp=16 bytes=1086 avg=1329 kbps
[openvenc][rc] f=821 P qp=16 bytes=1188 avg=1328 kbps
[openvenc][rc] f=822 P qp=16 bytes=1242 avg=1327 kbps
[openvenc][rc] f=823 P qp=16 bytes=1156 avg=1326 kbps
[openvenc][rc] f=824 P qp=16 bytes=1104 avg=1325 kbps
[openvenc][rc] f=825 P qp=16 bytes=1073 avg=1324 kbps
[openvenc][rc] f=826 P qp=16 bytes=1065 avg=1323 kbps
[openvenc][rc] f=827 P qp=16 bytes=1060 avg=1322 kbps
[openvenc][rc] f=828 P qp=16 bytes=1122 avg=1321 kbps
[openvenc][rc] f=829 P qp=16 bytes=1224 avg=1320 kbps
[openvenc][rc] f=830 P qp=16 bytes=1217 avg=1319 kbps
[openvenc][rc] f=831 P qp=16 bytes=1414 avg=1319 kbps
[openvenc][rc] f=832 P qp=16 bytes=1440 avg=1318 kbps
[openvenc][rc] f=833 P qp=16 bytes=1503 avg=1317 kbps
[openvenc][rc] f=834 P qp=16 bytes=1504 avg=1316 kbps
[openvenc][rc] f=835 P qp=16 bytes=1514 avg=1316 kbps
[openvenc][rc] f=836 P qp=16 bytes=1419 avg=1315 kbps
[openvenc][rc] f=837 P qp=16 bytes=1092 avg=1314 kbps
[openvenc][rc] f=838 P qp=16 bytes=1091 avg=1313 kbps
[openvenc][rc] f=839 P qp=16 bytes=1230 avg=1312 kbps
[openvenc][rc] f=840 P qp=16 bytes=1082 avg=1311 kbps
[openvenc][rc] f=841 P qp=16 bytes=1068 avg=1310 kbps
[openvenc][rc] f=842 P qp=16 bytes=1061 avg=1309 kbps
[openvenc][rc] f=843 P qp=16 bytes=1058 avg=1308 kbps
[openvenc][rc] f=844 P qp=16 bytes=1133 avg=1307 kbps
[openvenc][rc] f=845 P qp=16 bytes=1076 avg=1306 kbps
[openvenc][rc] f=846 P qp=16 bytes=1447 avg=1306 kbps
[openvenc][rc] f=847 P qp=16 bytes=1484 avg=1305 kbps
[openvenc][rc] f=848 P qp=16 bytes=1441 avg=1304 kbps
[openvenc][rc] f=849 P qp=16 bytes=1464 avg=1304 kbps
[openvenc][rc] f=850 IDR qp=17 bytes=66493 avg=1339 kbps
[openvenc][rc] f=851 P qp=17 bytes=3426 avg=1339 kbps
[openvenc][rc] f=852 P qp=16 bytes=3429 avg=1340 kbps
[openvenc][rc] f=853 P qp=16 bytes=1575 avg=1339 kbps
[openvenc][rc] f=854 P qp=16 bytes=1353 avg=1338 kbps
[openvenc][rc] f=855 P qp=16 bytes=1215 avg=1337 kbps
[openvenc][rc] f=856 P qp=16 bytes=1213 avg=1336 kbps
[openvenc][rc] f=857 P qp=16 bytes=1375 avg=1335 kbps
[openvenc][rc] f=858 P qp=16 bytes=1481 avg=1335 kbps
[openvenc][rc] f=859 P qp=16 bytes=1521 avg=1334 kbps
[openvenc][rc] f=860 P qp=16 bytes=1511 avg=1333 kbps
[openvenc][rc] f=861 P qp=16 bytes=1491 avg=1333 kbps
[openvenc][rc] f=862 P qp=16 bytes=1537 avg=1332 kbps
[openvenc][rc] f=863 P qp=16 bytes=1457 avg=1331 kbps
[openvenc][rc] f=864 P qp=16 bytes=1523 avg=1330 kbps
[openvenc][rc] f=865 P qp=16 bytes=1471 avg=1330 kbps
[openvenc][rc] f=866 P qp=16 bytes=1453 avg=1329 kbps
[openvenc][rc] f=867 P qp=16 bytes=1451 avg=1328 kbps
[openvenc][rc] f=868 P qp=16 bytes=1495 avg=1327 kbps
[openvenc][rc] f=869 P qp=16 bytes=1539 avg=1327 kbps
[openvenc][rc] f=870 P qp=16 bytes=1477 avg=1326 kbps
[openvenc][rc] f=871 P qp=16 bytes=1317 avg=1325 kbps
[openvenc][rc] f=872 P qp=16 bytes=1291 avg=1324 kbps
[openvenc][rc] f=873 P qp=16 bytes=1769 avg=1324 kbps
[openvenc][rc] f=874 P qp=16 bytes=1763 avg=1323 kbps
[openvenc][rc] f=875 P qp=16 bytes=1909 avg=1323 kbps
[openvenc][rc] f=876 P qp=16 bytes=1713 avg=1322 kbps
[openvenc][rc] f=877 P qp=16 bytes=2255 avg=1322 kbps
[openvenc][rc] f=878 P qp=16 bytes=1765 avg=1321 kbps
[openvenc][rc] f=879 P qp=16 bytes=1613 avg=1321 kbps
[openvenc][rc] f=880 P qp=16 bytes=1843 avg=1320 kbps
[openvenc][rc] f=881 P qp=16 bytes=2412 avg=1320 kbps
[openvenc][rc] f=882 P qp=16 bytes=1733 avg=1319 kbps
[openvenc][rc] f=883 P qp=16 bytes=1660 avg=1319 kbps
[openvenc][rc] f=884 P qp=16 bytes=2075 avg=1318 kbps
[openvenc][rc] f=885 P qp=16 bytes=2303 avg=1318 kbps
[openvenc][rc] f=886 P qp=16 bytes=2019 avg=1318 kbps
[openvenc][rc] f=887 P qp=16 bytes=1608 avg=1317 kbps
[openvenc][rc] f=888 P qp=16 bytes=1648 avg=1317 kbps
[openvenc][rc] f=889 P qp=16 bytes=1244 avg=1316 kbps
[openvenc][rc] f=890 P qp=16 bytes=1180 avg=1315 kbps
[openvenc][rc] f=891 P qp=16 bytes=1043 avg=1314 kbps
[openvenc][rc] f=892 P qp=16 bytes=1095 avg=1313 kbps
[openvenc][rc] f=893 P qp=16 bytes=1033 avg=1312 kbps
[openvenc][rc] f=894 P qp=16 bytes=1031 avg=1311 kbps
[openvenc][rc] f=895 P qp=16 bytes=1124 avg=1310 kbps
[openvenc][rc] f=896 P qp=16 bytes=1176 avg=1310 kbps
[openvenc][rc] f=897 P qp=16 bytes=2521 avg=1309 kbps
[openvenc][rc] f=898 P qp=16 bytes=1445 avg=1309 kbps
[openvenc][rc] f=899 P qp=16 bytes=1299 avg=1308 kbps
[openvenc][rc] f=900 IDR qp=17 bytes=66646 avg=1341 kbps
[openvenc][rc] f=901 P qp=17 bytes=4563 avg=1342 kbps
[openvenc][rc] f=902 P qp=16 bytes=3323 avg=1343 kbps
[openvenc][rc] f=903 P qp=16 bytes=4269 avg=1343 kbps
[openvenc][rc] f=904 P qp=16 bytes=1816 avg=1343 kbps
[openvenc][rc] f=905 P qp=16 bytes=3750 avg=1343 kbps
[openvenc][rc] f=906 P qp=16 bytes=2804 avg=1343 kbps
[openvenc][rc] f=907 P qp=16 bytes=2030 avg=1343 kbps
[openvenc][rc] f=908 P qp=16 bytes=3128 avg=1343 kbps
[openvenc][rc] f=909 P qp=16 bytes=2834 avg=1343 kbps
[openvenc][rc] f=910 P qp=16 bytes=3297 avg=1343 kbps
[openvenc][rc] f=911 P qp=16 bytes=4251 avg=1344 kbps
[openvenc][rc] f=912 P qp=16 bytes=2956 avg=1344 kbps
[openvenc][rc] f=913 P qp=16 bytes=2110 avg=1344 kbps
[openvenc][rc] f=914 P qp=16 bytes=2948 avg=1344 kbps
[openvenc][rc] f=915 P qp=16 bytes=1343 avg=1343 kbps
[openvenc][rc] f=916 P qp=16 bytes=1248 avg=1342 kbps
[openvenc][rc] f=917 P qp=16 bytes=3704 avg=1342 kbps
[openvenc][rc] f=918 P qp=16 bytes=2158 avg=1342 kbps
[openvenc][rc] f=919 P qp=16 bytes=1177 avg=1341 kbps
[openvenc][rc] f=920 P qp=16 bytes=1333 avg=1340 kbps
[openvenc][rc] f=921 P qp=16 bytes=1536 avg=1340 kbps
[openvenc][rc] f=922 P qp=16 bytes=1686 avg=1339 kbps
[openvenc][rc] f=923 P qp=16 bytes=1675 avg=1339 kbps
[openvenc][rc] f=924 P qp=16 bytes=1671 avg=1338 kbps
[openvenc][rc] f=925 P qp=16 bytes=1656 avg=1337 kbps
[openvenc][rc] f=926 P qp=16 bytes=1648 avg=1337 kbps
[openvenc][rc] f=927 P qp=16 bytes=1246 avg=1336 kbps
[openvenc][rc] f=928 P qp=16 bytes=1288 avg=1335 kbps
[openvenc][rc] f=929 P qp=16 bytes=1191 avg=1334 kbps
[openvenc][rc] f=930 P qp=16 bytes=1005 avg=1333 kbps
[openvenc][rc] f=931 P qp=16 bytes=985 avg=1333 kbps
[openvenc][rc] f=932 P qp=16 bytes=984 avg=1332 kbps
[openvenc][rc] f=933 P qp=16 bytes=980 avg=1331 kbps
[openvenc][rc] f=934 P qp=16 bytes=980 avg=1330 kbps
[openvenc][rc] f=935 P qp=16 bytes=980 avg=1329 kbps
[openvenc][rc] f=936 P qp=16 bytes=980 avg=1328 kbps
[openvenc][rc] f=937 P qp=16 bytes=980 avg=1327 kbps
[openvenc][rc] f=938 P qp=16 bytes=980 avg=1326 kbps
[openvenc][rc] f=939 P qp=16 bytes=980 avg=1325 kbps
[openvenc][rc] f=940 P qp=16 bytes=980 avg=1324 kbps
[openvenc][rc] f=941 P qp=16 bytes=980 avg=1323 kbps
[openvenc][rc] f=942 P qp=16 bytes=980 avg=1322 kbps
[openvenc][rc] f=943 P qp=16 bytes=980 avg=1321 kbps
[openvenc][rc] f=944 P qp=16 bytes=980 avg=1321 kbps
[openvenc][rc] f=945 P qp=16 bytes=980 avg=1320 kbps
[openvenc][rc] f=946 P qp=16 bytes=980 avg=1319 kbps
[openvenc][rc] f=947 P qp=16 bytes=980 avg=1318 kbps
[openvenc][rc] f=948 P qp=16 bytes=980 avg=1317 kbps
[openvenc][rc] f=949 P qp=16 bytes=980 avg=1316 kbps
[openvenc][rc] f=950 IDR qp=17 bytes=66475 avg=1348 kbps
[openvenc][rc] f=951 P qp=17 bytes=3012 avg=1348 kbps
[openvenc][rc] f=952 P qp=16 bytes=3069 avg=1348 kbps
[openvenc][rc] f=953 P qp=16 bytes=1430 avg=1347 kbps
[openvenc][rc] f=954 P qp=16 bytes=1130 avg=1346 kbps
[openvenc][rc] f=955 P qp=16 bytes=1090 avg=1345 kbps
[openvenc][rc] f=956 P qp=16 bytes=1090 avg=1345 kbps
[openvenc][rc] f=957 P qp=16 bytes=1053 avg=1344 kbps
[openvenc][rc] f=958 P qp=16 bytes=1049 avg=1343 kbps
[openvenc][rc] f=959 P qp=16 bytes=1079 avg=1342 kbps
[openvenc][rc] f=960 P qp=16 bytes=1065 avg=1341 kbps
[openvenc][rc] f=961 P qp=16 bytes=1062 avg=1340 kbps
[openvenc][rc] f=962 P qp=16 bytes=1152 avg=1339 kbps
[openvenc][rc] f=963 P qp=16 bytes=1081 avg=1338 kbps
[openvenc][rc] f=964 P qp=16 bytes=1071 avg=1338 kbps
[openvenc][rc] f=965 P qp=16 bytes=1489 avg=1337 kbps
[openvenc][rc] f=966 P qp=16 bytes=1378 avg=1336 kbps
[openvenc][rc] f=967 P qp=16 bytes=1461 avg=1336 kbps
[openvenc][rc] f=968 P qp=16 bytes=1201 avg=1335 kbps
[openvenc][rc] f=969 P qp=16 bytes=2773 avg=1335 kbps
[openvenc][rc] f=970 P qp=16 bytes=1432 avg=1334 kbps
[openvenc][rc] f=971 P qp=16 bytes=1324 avg=1333 kbps
[openvenc][rc] f=972 P qp=16 bytes=1686 avg=1333 kbps
[openvenc][rc] f=973 P qp=16 bytes=1771 avg=1332 kbps
[openvenc][rc] f=974 P qp=16 bytes=1496 avg=1332 kbps
[openvenc][rc] f=975 P qp=16 bytes=1072 avg=1331 kbps
[openvenc][rc] f=976 P qp=16 bytes=1044 avg=1330 kbps
[openvenc][rc] f=977 P qp=16 bytes=1043 avg=1329 kbps
[openvenc][rc] f=978 P qp=16 bytes=1045 avg=1328 kbps
[openvenc][rc] f=979 P qp=16 bytes=1039 avg=1327 kbps
[openvenc][rc] f=980 P qp=16 bytes=1430 avg=1327 kbps
[openvenc][rc] f=981 P qp=16 bytes=1389 avg=1326 kbps
[openvenc][rc] f=982 P qp=16 bytes=1059 avg=1325 kbps
[openvenc][rc] f=983 P qp=16 bytes=1037 avg=1324 kbps
[openvenc][rc] f=984 P qp=16 bytes=1042 avg=1323 kbps
[openvenc][rc] f=985 P qp=16 bytes=1041 avg=1323 kbps
[openvenc][rc] f=986 P qp=16 bytes=1043 avg=1322 kbps
[openvenc][rc] f=987 P qp=16 bytes=1037 avg=1321 kbps
[openvenc][rc] f=988 P qp=16 bytes=1042 avg=1320 kbps
[openvenc][rc] f=989 P qp=16 bytes=1041 avg=1319 kbps
[openvenc][rc] f=990 P qp=16 bytes=1043 avg=1318 kbps
[openvenc][rc] f=991 P qp=16 bytes=1037 avg=1318 kbps
[openvenc][rc] f=992 P qp=16 bytes=1042 avg=1317 kbps
[openvenc][rc] f=993 P qp=16 bytes=1041 avg=1316 kbps
[openvenc][rc] f=994 P qp=16 bytes=1043 avg=1315 kbps
[openvenc][rc] f=995 P qp=16 bytes=1738 avg=1315 kbps
[openvenc][rc] f=996 P qp=16 bytes=2026 avg=1314 kbps
[openvenc][rc] f=997 P qp=16 bytes=1922 avg=1314 kbps
[openvenc][rc] f=998 P qp=16 bytes=1793 avg=1313 kbps
[openvenc][rc] f=999 P qp=16 bytes=4088 avg=1314 kbps
[openvenc][rc] f=1000 IDR qp=17 bytes=66654 avg=1344 kbps
[openvenc][rc] f=1001 P qp=17 bytes=3451 avg=1344 kbps
[openvenc][rc] f=1002 P qp=16 bytes=3545 avg=1345 kbps
[openvenc][rc] f=1003 P qp=16 bytes=1697 avg=1344 kbps
[openvenc][rc] f=1004 P qp=16 bytes=1226 avg=1343 kbps
[openvenc][rc] f=1005 P qp=16 bytes=1184 avg=1343 kbps
[openvenc][rc] f=1006 P qp=16 bytes=1196 avg=1342 kbps
[openvenc][rc] f=1007 P qp=16 bytes=1145 avg=1341 kbps
[openvenc][rc] f=1008 P qp=16 bytes=1160 avg=1340 kbps
[openvenc][rc] f=1009 P qp=16 bytes=1148 avg=1340 kbps
[openvenc][rc] f=1010 P qp=16 bytes=1124 avg=1339 kbps
[openvenc][rc] f=1011 P qp=16 bytes=1117 avg=1338 kbps
[openvenc][rc] f=1012 P qp=16 bytes=1082 avg=1337 kbps
[openvenc][rc] f=1013 P qp=16 bytes=1060 avg=1336 kbps
[openvenc][rc] f=1014 P qp=16 bytes=1070 avg=1335 kbps
[openvenc][rc] f=1015 P qp=16 bytes=1074 avg=1335 kbps
[openvenc][rc] f=1016 P qp=16 bytes=1316 avg=1334 kbps
[openvenc][rc] f=1017 P qp=16 bytes=1516 avg=1333 kbps
[openvenc][rc] f=1018 P qp=16 bytes=1506 avg=1333 kbps
[openvenc][rc] f=1019 P qp=16 bytes=1488 avg=1332 kbps
[openvenc][rc] f=1020 P qp=16 bytes=1120 avg=1331 kbps
[openvenc][rc] f=1021 P qp=16 bytes=1280 avg=1331 kbps
[openvenc][rc] f=1022 P qp=16 bytes=1289 avg=1330 kbps
[openvenc][rc] f=1023 P qp=16 bytes=1606 avg=1329 kbps
[openvenc][rc] f=1024 P qp=16 bytes=1657 avg=1329 kbps
[openvenc][rc] f=1025 P qp=16 bytes=1747 avg=1328 kbps
[openvenc][rc] f=1026 P qp=16 bytes=1691 avg=1328 kbps
[openvenc][rc] f=1027 P qp=16 bytes=1699 avg=1327 kbps
[openvenc][rc] f=1028 P qp=16 bytes=1756 avg=1327 kbps
[openvenc][rc] f=1029 P qp=16 bytes=1948 avg=1326 kbps
[openvenc][rc] f=1030 P qp=16 bytes=1645 avg=1326 kbps
[openvenc][rc] f=1031 P qp=16 bytes=1945 avg=1325 kbps
[openvenc][rc] f=1032 P qp=16 bytes=1733 avg=1325 kbps
[openvenc][rc] f=1033 P qp=16 bytes=1683 avg=1324 kbps
[openvenc][rc] f=1034 P qp=16 bytes=2317 avg=1324 kbps
[openvenc][rc] f=1035 P qp=16 bytes=1539 avg=1324 kbps
[openvenc][rc] f=1036 P qp=16 bytes=1983 avg=1323 kbps
[openvenc][rc] f=1037 P qp=16 bytes=2041 avg=1323 kbps
[openvenc][rc] f=1038 P qp=16 bytes=1805 avg=1322 kbps
[openvenc][rc] f=1039 P qp=16 bytes=1577 avg=1322 kbps
[openvenc][rc] f=1040 P qp=16 bytes=1662 avg=1321 kbps
[openvenc][rc] f=1041 P qp=16 bytes=1488 avg=1321 kbps
[openvenc][rc] f=1042 P qp=16 bytes=1485 avg=1320 kbps
[openvenc][rc] f=1043 P qp=16 bytes=1473 avg=1320 kbps
[openvenc][rc] f=1044 P qp=16 bytes=1071 avg=1319 kbps
[openvenc][rc] f=1045 P qp=16 bytes=1216 avg=1318 kbps
[openvenc][rc] f=1046 P qp=16 bytes=1354 avg=1317 kbps
[openvenc][rc] f=1047 P qp=16 bytes=1132 avg=1317 kbps
[openvenc][rc] f=1048 P qp=16 bytes=1144 avg=1316 kbps
[openvenc][rc] f=1049 P qp=16 bytes=1197 avg=1315 kbps
[openvenc][rc] f=1050 IDR qp=17 bytes=66574 avg=1344 kbps
[openvenc][rc] f=1051 P qp=17 bytes=3542 avg=1344 kbps
[openvenc][rc] f=1052 P qp=16 bytes=3366 avg=1344 kbps
[openvenc][rc] f=1053 P qp=16 bytes=2070 avg=1344 kbps
[openvenc][rc] f=1054 P qp=16 bytes=1922 avg=1344 kbps
[openvenc][rc] f=1055 P qp=16 bytes=1845 avg=1343 kbps
[openvenc][rc] f=1056 P qp=16 bytes=1518 avg=1343 kbps
[openvenc][rc] f=1057 P qp=16 bytes=1471 avg=1342 kbps
[openvenc][rc] f=1058 P qp=16 bytes=1513 avg=1341 kbps
[openvenc][rc] f=1059 P qp=16 bytes=1408 avg=1341 kbps
[openvenc][rc] f=1060 P qp=16 bytes=1090 avg=1340 kbps
[openvenc][rc] f=1061 P qp=16 bytes=1078 avg=1339 kbps
[openvenc][rc] f=1062 P qp=16 bytes=1440 avg=1339 kbps
[openvenc][rc] f=1063 P qp=16 bytes=1487 avg=1338 kbps
[openvenc][rc] f=1064 P qp=16 bytes=1454 avg=1337 kbps
[openvenc][rc] f=1065 P qp=16 bytes=1450 avg=1337 kbps
[openvenc][rc] f=1066 P qp=16 bytes=1508 avg=1336 kbps
[openvenc][rc] f=1067 P qp=16 bytes=1446 avg=1336 kbps
[openvenc][rc] f=1068 P qp=16 bytes=1714 avg=1335 kbps
[openvenc][rc] f=1069 P qp=16 bytes=1754 avg=1335 kbps
[openvenc][rc] f=1070 P qp=16 bytes=2035 avg=1334 kbps
[openvenc][rc] f=1071 P qp=16 bytes=2406 avg=1334 kbps
[openvenc][rc] f=1072 P qp=16 bytes=2027 avg=1334 kbps
[openvenc][rc] f=1073 P qp=16 bytes=2003 avg=1333 kbps
[openvenc][rc] f=1074 P qp=16 bytes=2360 avg=1333 kbps
[openvenc][rc] f=1075 P qp=16 bytes=2063 avg=1333 kbps
[openvenc][rc] f=1076 P qp=16 bytes=1664 avg=1332 kbps
[openvenc][rc] f=1077 P qp=16 bytes=1230 avg=1332 kbps
[openvenc][rc] f=1078 P qp=16 bytes=1054 avg=1331 kbps
[openvenc][rc] f=1079 P qp=16 bytes=1037 avg=1330 kbps
[openvenc][rc] f=1080 P qp=16 bytes=1037 avg=1329 kbps
[openvenc][rc] f=1081 P qp=16 bytes=1052 avg=1329 kbps
[openvenc][rc] f=1082 P qp=16 bytes=1085 avg=1328 kbps
[openvenc][rc] f=1083 P qp=16 bytes=1034 avg=1327 kbps
[openvenc][rc] f=1084 P qp=16 bytes=1026 avg=1326 kbps
[openvenc][rc] f=1085 P qp=16 bytes=1027 avg=1325 kbps
[openvenc][rc] f=1086 P qp=16 bytes=1028 avg=1325 kbps
[openvenc][rc] f=1087 P qp=16 bytes=1023 avg=1324 kbps
[openvenc][rc] f=1088 P qp=16 bytes=1026 avg=1323 kbps
[openvenc][rc] f=1089 P qp=16 bytes=1027 avg=1322 kbps
[openvenc][rc] f=1090 P qp=16 bytes=1028 avg=1322 kbps
[openvenc][rc] f=1091 P qp=16 bytes=1023 avg=1321 kbps
[openvenc][rc] f=1092 P qp=16 bytes=1026 avg=1320 kbps
[openvenc][rc] f=1093 P qp=16 bytes=1027 avg=1319 kbps
[openvenc][rc] f=1094 P qp=16 bytes=1028 avg=1319 kbps
[openvenc][rc] f=1095 P qp=16 bytes=1023 avg=1318 kbps
[openvenc][rc] f=1096 P qp=16 bytes=1026 avg=1317 kbps
[openvenc][rc] f=1097 P qp=16 bytes=1027 avg=1316 kbps
[openvenc][rc] f=1098 P qp=16 bytes=1088 avg=1316 kbps
[openvenc][rc] f=1099 P qp=16 bytes=1051 avg=1315 kbps
[openvenc][rc] f=1100 IDR qp=17 bytes=66486 avg=1342 kbps
[openvenc][rc] f=1101 P qp=17 bytes=3442 avg=1342 kbps
[openvenc][rc] f=1102 P qp=16 bytes=3489 avg=1343 kbps
[openvenc][rc] f=1103 P qp=16 bytes=1532 avg=1342 kbps
[openvenc][rc] f=1104 P qp=16 bytes=1141 avg=1341 kbps
[openvenc][rc] f=1105 P qp=16 bytes=1076 avg=1341 kbps
[openvenc][rc] f=1106 P qp=16 bytes=1076 avg=1340 kbps
[openvenc][rc] f=1107 P qp=16 bytes=1039 avg=1339 kbps
[openvenc][rc] f=1108 P qp=16 bytes=1036 avg=1338 kbps
[openvenc][rc] f=1109 P qp=16 bytes=1029 avg=1338 kbps
[openvenc][rc] f=1110 P qp=16 bytes=1035 avg=1337 kbps
[openvenc][rc] f=1111 P qp=16 bytes=1034 avg=1336 kbps
[openvenc][rc] f=1112 P qp=16 bytes=1024 avg=1335 kbps
[openvenc][rc] f=1113 P qp=16 bytes=1019 avg=1335 kbps
[openvenc][rc] f=1114 P qp=16 bytes=1023 avg=1334 kbps
[openvenc][rc] f=1115 P qp=16 bytes=1022 avg=1333 kbps
[openvenc][rc] f=1116 P qp=16 bytes=1024 avg=1332 kbps
[openvenc][rc] f=1117 P qp=16 bytes=1019 avg=1331 kbps
[openvenc][rc] f=1118 P qp=16 bytes=1023 avg=1331 kbps
[openvenc][rc] f=1119 P qp=16 bytes=1036 avg=1330 kbps
[openvenc][rc] f=1120 P qp=16 bytes=1024 avg=1329 kbps
[openvenc][rc] f=1121 P qp=16 bytes=1044 avg=1328 kbps
[openvenc][rc] f=1122 P qp=16 bytes=1461 avg=1328 kbps
[openvenc][rc] f=1123 P qp=16 bytes=1504 avg=1327 kbps
[openvenc][rc] f=1124 P qp=16 bytes=1501 avg=1327 kbps
[openvenc][rc] f=1125 P qp=16 bytes=1484 avg=1326 kbps
[openvenc][rc] f=1126 P qp=16 bytes=1440 avg=1326 kbps
[openvenc][rc] f=1127 P qp=16 bytes=1084 avg=1325 kbps
[openvenc][rc] f=1128 P qp=16 bytes=1441 avg=1324 kbps
[openvenc][rc] f=1129 P qp=16 bytes=1496 avg=1324 kbps
[openvenc][rc] f=1130 P qp=16 bytes=1514 avg=1323 kbps
[openvenc][rc] f=1131 P qp=16 bytes=1514 avg=1323 kbps
[openvenc][rc] f=1132 P qp=16 bytes=1472 avg=1322 kbps
[openvenc][rc] f=1133 P qp=16 bytes=1443 avg=1322 kbps
[openvenc][rc] f=1134 P qp=16 bytes=1491 avg=1321 kbps
[openvenc][rc] f=1135 P qp=16 bytes=1454 avg=1321 kbps
[openvenc][rc] f=1136 P qp=16 bytes=1440 avg=1320 kbps
[openvenc][rc] f=1137 P qp=16 bytes=1439 avg=1319 kbps
[openvenc][rc] f=1138 P qp=16 bytes=1502 avg=1319 kbps
[openvenc][rc] f=1139 P qp=16 bytes=1115 avg=1318 kbps
[openvenc][rc] f=1140 P qp=16 bytes=1148 avg=1317 kbps
[openvenc][rc] f=1141 P qp=16 bytes=1113 avg=1317 kbps
[openvenc][rc] f=1142 P qp=16 bytes=1471 avg=1316 kbps
[openvenc][rc] f=1143 P qp=16 bytes=1576 avg=1316 kbps
[openvenc][rc] f=1144 P qp=16 bytes=1788 avg=1315 kbps
[openvenc][rc] f=1145 P qp=16 bytes=1850 avg=1315 kbps
[openvenc][rc] f=1146 P qp=16 bytes=1863 avg=1315 kbps
[openvenc][rc] f=1147 P qp=16 bytes=1496 avg=1314 kbps
[openvenc][rc] f=1148 P qp=16 bytes=1526 avg=1314 kbps
[openvenc][rc] f=1149 P qp=16 bytes=1439 avg=1313 kbps
[openvenc][rc] f=1150 IDR qp=17 bytes=66462 avg=1339 kbps
[openvenc][rc] f=1151 P qp=17 bytes=3054 avg=1339 kbps
[openvenc][rc] f=1152 P qp=16 bytes=3505 avg=1339 kbps
[openvenc][rc] f=1153 P qp=16 bytes=1882 avg=1339 kbps
[openvenc][rc] f=1154 P qp=16 bytes=1546 avg=1339 kbps
[openvenc][rc] f=1155 P qp=16 bytes=1551 avg=1338 kbps
[openvenc][rc] f=1156 P qp=16 bytes=1575 avg=1337 kbps
[openvenc][rc] f=1157 P qp=16 bytes=1531 avg=1337 kbps
[openvenc][rc] f=1158 P qp=16 bytes=1481 avg=1336 kbps
[openvenc][rc] f=1159 P qp=16 bytes=1482 avg=1336 kbps
[openvenc][rc] f=1160 P qp=16 bytes=1216 avg=1335 kbps
[openvenc][rc] f=1161 P qp=16 bytes=1203 avg=1335 kbps
[openvenc][rc] f=1162 P qp=16 bytes=1604 avg=1334 kbps
[openvenc][rc] f=1163 P qp=16 bytes=1837 avg=1334 kbps
[openvenc][rc] f=1164 P qp=16 bytes=1681 avg=1333 kbps
[openvenc][rc] f=1165 P qp=16 bytes=1490 avg=1333 kbps
[openvenc][rc] f=1166 P qp=16 bytes=1428 avg=1332 kbps
[openvenc][rc] f=1167 P qp=16 bytes=1473 avg=1332 kbps
[openvenc][rc] f=1168 P qp=16 bytes=1459 avg=1331 kbps
[openvenc][rc] f=1169 P qp=16 bytes=1413 avg=1330 kbps
[openvenc][rc] f=1170 P qp=16 bytes=1060 avg=1330 kbps
[openvenc][rc] f=1171 P qp=16 bytes=1108 avg=1329 kbps
[openvenc][rc] f=1172 P qp=16 bytes=1470 avg=1328 kbps
[openvenc][rc] f=1173 P qp=16 bytes=1479 avg=1328 kbps
[openvenc][rc] f=1174 P qp=16 bytes=1497 avg=1327 kbps
[openvenc][rc] f=1175 P qp=16 bytes=1000 avg=1327 kbps
[openvenc][rc] f=1176 P qp=16 bytes=1150 avg=1326 kbps
[openvenc][rc] f=1177 P qp=16 bytes=1179 avg=1325 kbps
[openvenc][rc] f=1178 P qp=16 bytes=995 avg=1325 kbps
[openvenc][rc] f=1179 P qp=16 bytes=1038 avg=1324 kbps
[openvenc][rc] f=1180 P qp=16 bytes=1003 avg=1323 kbps
[openvenc][rc] f=1181 P qp=16 bytes=2850 avg=1323 kbps
[openvenc][rc] f=1182 P qp=16 bytes=1616 avg=1323 kbps
[openvenc][rc] f=1183 P qp=16 bytes=4186 avg=1323 kbps
[openvenc][rc] f=1184 P qp=16 bytes=1207 avg=1323 kbps
[openvenc][rc] f=1185 P qp=16 bytes=2209 avg=1322 kbps
[openvenc][rc] f=1186 P qp=16 bytes=1054 avg=1322 kbps
[openvenc][rc] f=1187 P qp=16 bytes=1200 avg=1321 kbps
[openvenc][rc] f=1188 P qp=16 bytes=1280 avg=1320 kbps
[openvenc][rc] f=1189 P qp=16 bytes=1433 avg=1320 kbps
[openvenc][rc] f=1190 P qp=16 bytes=1449 avg=1319 kbps
[openvenc][rc] f=1191 P qp=16 bytes=1455 avg=1319 kbps
[openvenc][rc] f=1192 P qp=16 bytes=1450 avg=1318 kbps
[openvenc][rc] f=1193 P qp=16 bytes=1525 avg=1318 kbps
[openvenc][rc] f=1194 P qp=16 bytes=1419 avg=1317 kbps
[openvenc][rc] f=1195 P qp=16 bytes=1453 avg=1317 kbps
[openvenc][rc] f=1196 P qp=16 bytes=1465 avg=1316 kbps
[openvenc][rc] f=1197 P qp=16 bytes=1432 avg=1316 kbps
[openvenc][rc] f=1198 P qp=16 bytes=1417 avg=1315 kbps
[openvenc][rc] f=1199 P qp=16 bytes=1094 avg=1315 kbps
[openvenc][rc] f=1200 IDR qp=17 bytes=66493 avg=1340 kbps
[openvenc][rc] f=1201 P qp=17 bytes=3001 avg=1340 kbps
[openvenc][rc] f=1202 P qp=16 bytes=3107 avg=1340 kbps
[openvenc][rc] f=1203 P qp=16 bytes=1800 avg=1339 kbps
[openvenc][rc] f=1204 P qp=16 bytes=1569 avg=1339 kbps
[openvenc][rc] f=1205 P qp=16 bytes=1534 avg=1338 kbps
[openvenc][rc] f=1206 P qp=16 bytes=1532 avg=1338 kbps
[openvenc][rc] f=1207 P qp=16 bytes=1523 avg=1337 kbps
[openvenc][rc] f=1208 P qp=16 bytes=1563 avg=1337 kbps
[openvenc][rc] f=1209 P qp=16 bytes=1514 avg=1336 kbps
[openvenc][rc] f=1210 P qp=16 bytes=1499 avg=1336 kbps
[openvenc][rc] f=1211 P qp=16 bytes=1486 avg=1335 kbps
[openvenc][rc] f=1212 P qp=16 bytes=1196 avg=1335 kbps
[openvenc][rc] f=1213 P qp=16 bytes=1499 avg=1334 kbps
[openvenc][rc] f=1214 P qp=16 bytes=1506 avg=1334 kbps
[openvenc][rc] f=1215 P qp=16 bytes=1478 avg=1333 kbps
[openvenc][rc] f=1216 P qp=16 bytes=1459 avg=1333 kbps
[openvenc][rc] f=1217 P qp=16 bytes=1497 avg=1332 kbps
[openvenc][rc] f=1218 P qp=16 bytes=1474 avg=1331 kbps
[openvenc][rc] f=1219 P qp=16 bytes=1480 avg=1331 kbps
[openvenc][rc] f=1220 P qp=16 bytes=1511 avg=1330 kbps
[openvenc][rc] f=1221 P qp=16 bytes=1501 avg=1330 kbps
[openvenc][rc] f=1222 P qp=16 bytes=1516 avg=1329 kbps
[openvenc][rc] f=1223 P qp=16 bytes=1506 avg=1329 kbps
[openvenc][rc] f=1224 P qp=16 bytes=1463 avg=1328 kbps
[openvenc][rc] f=1225 P qp=16 bytes=1350 avg=1328 kbps
[openvenc][rc] f=1226 P qp=16 bytes=1526 avg=1327 kbps
[openvenc][rc] f=1227 P qp=16 bytes=1879 avg=1327 kbps
[openvenc][rc] f=1228 P qp=16 bytes=1397 avg=1326 kbps
[openvenc][rc] f=1229 P qp=16 bytes=1073 avg=1326 kbps
[openvenc][rc] f=1230 P qp=16 bytes=1463 avg=1325 kbps
[openvenc][rc] f=1231 P qp=16 bytes=1421 avg=1325 kbps
[openvenc][rc] f=1232 P qp=16 bytes=1232 avg=1324 kbps
[openvenc][rc] f=1233 P qp=16 bytes=1123 avg=1323 kbps
[openvenc][rc] f=1234 P qp=16 bytes=1006 avg=1323 kbps
[openvenc][rc] f=1235 P qp=16 bytes=1010 avg=1322 kbps
[openvenc][rc] f=1236 P qp=16 bytes=1080 avg=1321 kbps
[openvenc][rc] f=1237 P qp=16 bytes=1097 avg=1321 kbps
[openvenc][rc] f=1238 P qp=16 bytes=1463 avg=1320 kbps
[openvenc][rc] f=1239 P qp=16 bytes=1450 avg=1320 kbps
[openvenc][rc] f=1240 P qp=16 bytes=1419 avg=1319 kbps
[openvenc][rc] f=1241 P qp=16 bytes=1407 avg=1319 kbps
[openvenc][rc] f=1242 P qp=16 bytes=1958 avg=1318 kbps
[openvenc][rc] f=1243 P qp=16 bytes=2188 avg=1318 kbps
[openvenc][rc] f=1244 P qp=16 bytes=2043 avg=1318 kbps
[openvenc][rc] f=1245 P qp=16 bytes=2012 avg=1318 kbps
[openvenc][rc] f=1246 P qp=16 bytes=1949 avg=1317 kbps
[openvenc][rc] f=1247 P qp=16 bytes=1868 avg=1317 kbps
[openvenc][rc] f=1248 P qp=16 bytes=1876 avg=1317 kbps
[openvenc][rc] f=1249 P qp=16 bytes=1506 avg=1316 kbps
[openvenc][rc] f=1250 IDR qp=17 bytes=66506 avg=1340 kbps
[openvenc][rc] f=1251 P qp=17 bytes=3454 avg=1340 kbps
[openvenc][rc] f=1252 P qp=16 bytes=3474 avg=1341 kbps
[openvenc][rc] f=1253 P qp=16 bytes=1887 avg=1340 kbps
[openvenc][rc] f=1254 P qp=16 bytes=1584 avg=1340 kbps
[openvenc][rc] f=1255 P qp=16 bytes=1510 avg=1339 kbps
[openvenc][rc] f=1256 P qp=16 bytes=1273 avg=1339 kbps
[openvenc][rc] f=1257 P qp=16 bytes=1087 avg=1338 kbps
[openvenc][rc] f=1258 P qp=16 bytes=1083 avg=1337 kbps
[openvenc][rc] f=1259 P qp=16 bytes=1247 avg=1337 kbps
[openvenc][rc] f=1260 P qp=16 bytes=1072 avg=1336 kbps
[openvenc][rc] f=1261 P qp=16 bytes=1152 avg=1336 kbps
[openvenc][rc] f=1262 P qp=16 bytes=1059 avg=1335 kbps
[openvenc][rc] f=1263 P qp=16 bytes=1050 avg=1334 kbps
[openvenc][rc] f=1264 P qp=16 bytes=1057 avg=1334 kbps
[openvenc][rc] f=1265 P qp=16 bytes=1037 avg=1333 kbps
[openvenc][rc] f=1266 P qp=16 bytes=1039 avg=1332 kbps
[openvenc][rc] f=1267 P qp=16 bytes=1033 avg=1332 kbps
[openvenc][rc] f=1268 P qp=16 bytes=1038 avg=1331 kbps
[openvenc][rc] f=1269 P qp=16 bytes=1037 avg=1330 kbps
[openvenc][rc] f=1270 P qp=16 bytes=1039 avg=1330 kbps
[openvenc][rc] f=1271 P qp=16 bytes=1033 avg=1329 kbps
[openvenc][rc] f=1272 P qp=16 bytes=1038 avg=1328 kbps
[openvenc][rc] f=1273 P qp=16 bytes=1037 avg=1328 kbps
[openvenc][rc] f=1274 P qp=16 bytes=1039 avg=1327 kbps
[openvenc][rc] f=1275 P qp=16 bytes=1033 avg=1326 kbps
[openvenc][rc] f=1276 P qp=16 bytes=1038 avg=1326 kbps
[openvenc][rc] f=1277 P qp=16 bytes=1037 avg=1325 kbps
[openvenc][rc] f=1278 P qp=16 bytes=1039 avg=1324 kbps
[openvenc][rc] f=1279 P qp=16 bytes=1033 avg=1324 kbps
[openvenc][rc] f=1280 P qp=16 bytes=1038 avg=1323 kbps
[openvenc][rc] f=1281 P qp=16 bytes=1037 avg=1322 kbps
[openvenc][rc] f=1282 P qp=16 bytes=1039 avg=1322 kbps
[openvenc][rc] f=1283 P qp=16 bytes=1033 avg=1321 kbps
[openvenc][rc] f=1284 P qp=16 bytes=1038 avg=1320 kbps
[openvenc][rc] f=1285 P qp=16 bytes=1037 avg=1320 kbps
[openvenc][rc] f=1286 P qp=16 bytes=1039 avg=1319 kbps
[openvenc][rc] f=1287 P qp=16 bytes=1033 avg=1318 kbps
[openvenc][rc] f=1288 P qp=16 bytes=1038 avg=1318 kbps
[openvenc][rc] f=1289 P qp=16 bytes=1037 avg=1317 kbps
[openvenc][rc] f=1290 P qp=16 bytes=1039 avg=1317 kbps
[openvenc][rc] f=1291 P qp=16 bytes=1033 avg=1316 kbps
[openvenc][rc] f=1292 P qp=16 bytes=1038 avg=1315 kbps
[openvenc][rc] f=1293 P qp=16 bytes=1037 avg=1315 kbps
[openvenc][rc] f=1294 P qp=16 bytes=1039 avg=1314 kbps
[openvenc][rc] f=1295 P qp=16 bytes=1033 avg=1313 kbps
[openvenc][rc] f=1296 P qp=16 bytes=1038 avg=1313 kbps
[openvenc][rc] f=1297 P qp=16 bytes=1037 avg=1312 kbps
[openvenc][rc] f=1298 P qp=16 bytes=1039 avg=1311 kbps
[openvenc][rc] f=1299 P qp=16 bytes=1033 avg=1311 kbps
[openvenc][rc] f=1300 IDR qp=17 bytes=66475 avg=1334 kbps
[openvenc][rc] f=1301 P qp=17 bytes=3059 avg=1334 kbps
[openvenc][rc] f=1302 P qp=16 bytes=3076 avg=1334 kbps
[openvenc][rc] f=1303 P qp=16 bytes=1430 avg=1334 kbps
[openvenc][rc] f=1304 P qp=16 bytes=1127 avg=1333 kbps
[openvenc][rc] f=1305 P qp=16 bytes=1087 avg=1332 kbps
[openvenc][rc] f=1306 P qp=16 bytes=1086 avg=1332 kbps
[openvenc][rc] f=1307 P qp=16 bytes=1050 avg=1331 kbps
[openvenc][rc] f=1308 P qp=16 bytes=1046 avg=1330 kbps
[openvenc][rc] f=1309 P qp=16 bytes=1040 avg=1330 kbps
[openvenc][rc] f=1310 P qp=16 bytes=1045 avg=1329 kbps
[openvenc][rc] f=1311 P qp=16 bytes=1045 avg=1329 kbps
[openvenc][rc] f=1312 P qp=16 bytes=1035 avg=1328 kbps
[openvenc][rc] f=1313 P qp=16 bytes=1029 avg=1327 kbps
[openvenc][rc] f=1314 P qp=16 bytes=1034 avg=1327 kbps
[openvenc][rc] f=1315 P qp=16 bytes=1033 avg=1326 kbps
[openvenc][rc] f=1316 P qp=16 bytes=1035 avg=1325 kbps
[openvenc][rc] f=1317 P qp=16 bytes=1029 avg=1325 kbps
[openvenc][rc] f=1318 P qp=16 bytes=1034 avg=1324 kbps
[openvenc][rc] f=1319 P qp=16 bytes=1033 avg=1323 kbps
[openvenc][rc] f=1320 P qp=16 bytes=1035 avg=1323 kbps
[openvenc][rc] f=1321 P qp=16 bytes=1029 avg=1322 kbps
[openvenc][rc] f=1322 P qp=16 bytes=1034 avg=1322 kbps
[openvenc][rc] f=1323 P qp=16 bytes=1033 avg=1321 kbps
[openvenc][rc] f=1324 P qp=16 bytes=1035 avg=1320 kbps
[openvenc][rc] f=1325 P qp=16 bytes=1029 avg=1320 kbps
[openvenc][rc] f=1326 P qp=16 bytes=1034 avg=1319 kbps
[openvenc][rc] f=1327 P qp=16 bytes=1033 avg=1318 kbps
[openvenc][rc] f=1328 P qp=16 bytes=1035 avg=1318 kbps
[openvenc][rc] f=1329 P qp=16 bytes=1029 avg=1317 kbps
[openvenc][rc] f=1330 P qp=16 bytes=1034 avg=1317 kbps
[openvenc][rc] f=1331 P qp=16 bytes=1063 avg=1316 kbps
[openvenc][rc] f=1332 P qp=16 bytes=1055 avg=1315 kbps
[openvenc][rc] f=1333 P qp=16 bytes=1051 avg=1315 kbps
[openvenc][rc] f=1334 P qp=16 bytes=1054 avg=1314 kbps
[openvenc][rc] f=1335 P qp=16 bytes=1035 avg=1313 kbps
[openvenc][rc] f=1336 P qp=16 bytes=1051 avg=1313 kbps
[openvenc][rc] f=1337 P qp=16 bytes=1041 avg=1312 kbps
[openvenc][rc] f=1338 P qp=16 bytes=1051 avg=1312 kbps
[openvenc][rc] f=1339 P qp=16 bytes=1058 avg=1311 kbps
[openvenc][rc] f=1340 P qp=16 bytes=1048 avg=1310 kbps
[openvenc][rc] f=1341 P qp=16 bytes=1053 avg=1310 kbps
[openvenc][rc] f=1342 P qp=16 bytes=1038 avg=1309 kbps
[openvenc][rc] f=1343 P qp=16 bytes=1056 avg=1309 kbps
[openvenc][rc] f=1344 P qp=16 bytes=1039 avg=1308 kbps
[openvenc][rc] f=1345 P qp=16 bytes=1044 avg=1307 kbps
[openvenc][rc] f=1346 P qp=16 bytes=1060 avg=1307 kbps
[openvenc][rc] f=1347 P qp=16 bytes=1054 avg=1306 kbps
[openvenc][rc] f=1348 P qp=16 bytes=1048 avg=1306 kbps
[openvenc][rc] f=1349 P qp=16 bytes=1093 avg=1305 kbps
[openvenc][rc] f=1350 IDR qp=17 bytes=66454 avg=1327 kbps
[openvenc][rc] f=1351 P qp=17 bytes=3039 avg=1327 kbps
[openvenc][rc] f=1352 P qp=16 bytes=3087 avg=1327 kbps
[openvenc][rc] f=1353 P qp=16 bytes=1466 avg=1327 kbps
[openvenc][rc] f=1354 P qp=16 bytes=1150 avg=1326 kbps
[openvenc][rc] f=1355 P qp=16 bytes=1104 avg=1326 kbps
[openvenc][rc] f=1356 P qp=16 bytes=1101 avg=1325 kbps
[openvenc][rc] f=1357 P qp=16 bytes=1072 avg=1325 kbps
[openvenc][rc] f=1358 P qp=16 bytes=1067 avg=1324 kbps
[openvenc][rc] f=1359 P qp=16 bytes=1061 avg=1323 kbps
[openvenc][rc] f=1360 P qp=16 bytes=1074 avg=1323 kbps
[openvenc][rc] f=1361 P qp=16 bytes=1066 avg=1322 kbps
[openvenc][rc] f=1362 P qp=16 bytes=1058 avg=1322 kbps
[openvenc][rc] f=1363 P qp=16 bytes=1043 avg=1321 kbps
[openvenc][rc] f=1364 P qp=16 bytes=1060 avg=1320 kbps
[openvenc][rc] f=1365 P qp=16 bytes=1046 avg=1320 kbps
[openvenc][rc] f=1366 P qp=16 bytes=1056 avg=1319 kbps
[openvenc][rc] f=1367 P qp=16 bytes=1056 avg=1319 kbps
[openvenc][rc] f=1368 P qp=16 bytes=1050 avg=1318 kbps
[openvenc][rc] f=1369 P qp=16 bytes=1059 avg=1317 kbps
[openvenc][rc] f=1370 P qp=16 bytes=1060 avg=1317 kbps
[openvenc][rc] f=1371 P qp=16 bytes=1054 avg=1316 kbps
[openvenc][rc] f=1372 P qp=16 bytes=1052 avg=1316 kbps
[openvenc][rc] f=1373 P qp=16 bytes=1046 avg=1315 kbps
[openvenc][rc] f=1374 P qp=16 bytes=1048 avg=1314 kbps
[openvenc][rc] f=1375 P qp=16 bytes=1036 avg=1314 kbps
[openvenc][rc] f=1376 P qp=16 bytes=1041 avg=1313 kbps
[openvenc][rc] f=1377 P qp=16 bytes=1040 avg=1313 kbps
[openvenc][rc] f=1378 P qp=16 bytes=1042 avg=1312 kbps
[openvenc][rc] f=1379 P qp=16 bytes=1036 avg=1311 kbps
[openvenc][rc] f=1380 P qp=16 bytes=1041 avg=1311 kbps
[openvenc][rc] f=1381 P qp=16 bytes=1040 avg=1310 kbps
[openvenc][rc] f=1382 P qp=16 bytes=1042 avg=1310 kbps
[openvenc][rc] f=1383 P qp=16 bytes=1036 avg=1309 kbps
[openvenc][rc] f=1384 P qp=16 bytes=1041 avg=1308 kbps
[openvenc][rc] f=1385 P qp=16 bytes=1040 avg=1308 kbps
[openvenc][rc] f=1386 P qp=16 bytes=1042 avg=1307 kbps
[openvenc][rc] f=1387 P qp=16 bytes=1036 avg=1307 kbps
[openvenc][rc] f=1388 P qp=16 bytes=1041 avg=1306 kbps
[openvenc][rc] f=1389 P qp=16 bytes=1040 avg=1305 kbps
[openvenc][rc] f=1390 P qp=16 bytes=1042 avg=1305 kbps
[openvenc][rc] f=1391 P qp=16 bytes=1036 avg=1304 kbps
[openvenc][rc] f=1392 P qp=16 bytes=1041 avg=1304 kbps
[openvenc][rc] f=1393 P qp=16 bytes=1040 avg=1303 kbps
[openvenc][rc] f=1394 P qp=16 bytes=1042 avg=1303 kbps
[openvenc][rc] f=1395 P qp=16 bytes=1036 avg=1302 kbps
[openvenc][rc] f=1396 P qp=16 bytes=1041 avg=1301 kbps
[openvenc][rc] f=1397 P qp=16 bytes=1040 avg=1301 kbps
[openvenc][rc] f=1398 P qp=16 bytes=1042 avg=1300 kbps
[openvenc][rc] f=1399 P qp=16 bytes=1036 avg=1300 kbps
[openvenc][rc] f=1400 IDR qp=17 bytes=66446 avg=1321 kbps
[openvenc][rc] f=1401 P qp=17 bytes=3012 avg=1321 kbps
[openvenc][rc] f=1402 P qp=16 bytes=3084 avg=1321 kbps
[openvenc][rc] f=1403 P qp=16 bytes=1436 avg=1321 kbps
[openvenc][rc] f=1404 P qp=16 bytes=1132 avg=1320 kbps
[openvenc][rc] f=1405 P qp=16 bytes=1127 avg=1320 kbps
[openvenc][rc] f=1406 P qp=16 bytes=1115 avg=1319 kbps
[openvenc][rc] f=1407 P qp=16 bytes=1128 avg=1319 kbps
[openvenc][rc] f=1408 P qp=16 bytes=1495 avg=1318 kbps
[openvenc][rc] f=1409 P qp=16 bytes=1488 avg=1318 kbps
[openvenc][rc] f=1410 P qp=16 bytes=1519 avg=1317 kbps
[openvenc][rc] f=1411 P qp=16 bytes=1484 avg=1317 kbps
[openvenc][rc] f=1412 P qp=16 bytes=1425 avg=1316 kbps
[openvenc][rc] f=1413 P qp=16 bytes=1346 avg=1316 kbps
[openvenc][rc] f=1414 P qp=16 bytes=1198 avg=1315 kbps
[openvenc][rc] f=1415 P qp=16 bytes=1093 avg=1315 kbps
[openvenc][rc] f=1416 P qp=16 bytes=1079 avg=1314 kbps
[openvenc][rc] f=1417 P qp=16 bytes=1048 avg=1314 kbps
[openvenc][rc] f=1418 P qp=16 bytes=1069 avg=1313 kbps
[openvenc][rc] f=1419 P qp=16 bytes=1113 avg=1313 kbps
[openvenc][rc] f=1420 P qp=16 bytes=1067 avg=1312 kbps
[openvenc][rc] f=1421 P qp=16 bytes=1506 avg=1312 kbps
[openvenc][rc] f=1422 P qp=16 bytes=1475 avg=1311 kbps
[openvenc][rc] f=1423 P qp=16 bytes=1494 avg=1311 kbps
[openvenc][rc] f=1424 P qp=16 bytes=1487 avg=1310 kbps
[openvenc][rc] f=1425 P qp=16 bytes=1500 avg=1310 kbps
[openvenc][rc] f=1426 P qp=16 bytes=1510 avg=1309 kbps
[openvenc][rc] f=1427 P qp=16 bytes=1519 avg=1309 kbps
[openvenc][rc] f=1428 P qp=16 bytes=1477 avg=1309 kbps
[openvenc][rc] f=1429 P qp=16 bytes=1521 avg=1308 kbps
[openvenc][rc] f=1430 P qp=16 bytes=1513 avg=1308 kbps
[openvenc][rc] f=1431 P qp=16 bytes=1486 avg=1307 kbps
[openvenc][rc] f=1432 P qp=16 bytes=1473 avg=1307 kbps
[openvenc][rc] f=1433 P qp=16 bytes=1513 avg=1306 kbps
[openvenc][rc] f=1434 P qp=16 bytes=1478 avg=1306 kbps
[openvenc][rc] f=1435 P qp=16 bytes=1108 avg=1306 kbps
[openvenc][rc] f=1436 P qp=16 bytes=1090 avg=1305 kbps
[openvenc][rc] f=1437 P qp=16 bytes=1151 avg=1304 kbps
[openvenc][rc] f=1438 P qp=16 bytes=1664 avg=1304 kbps
[openvenc][rc] f=1439 P qp=16 bytes=2136 avg=1304 kbps
[openvenc][rc] f=1440 P qp=16 bytes=1386 avg=1303 kbps
[openvenc][rc] f=1441 P qp=16 bytes=1991 avg=1303 kbps
[openvenc][rc] f=1442 P qp=16 bytes=1467 avg=1303 kbps
[openvenc][rc] f=1443 P qp=16 bytes=1710 avg=1302 kbps
[openvenc][rc] f=1444 P qp=16 bytes=1526 avg=1302 kbps
[openvenc][rc] f=1445 P qp=16 bytes=1466 avg=1302 kbps
[openvenc][rc] f=1446 P qp=16 bytes=1196 avg=1301 kbps
[openvenc][rc] f=1447 P qp=16 bytes=1050 avg=1301 kbps
[openvenc][rc] f=1448 P qp=16 bytes=1040 avg=1300 kbps
[openvenc][rc] f=1449 P qp=16 bytes=1067 avg=1299 kbps
[openvenc][rc] f=1450 IDR qp=17 bytes=66446 avg=1320 kbps
[openvenc][rc] f=1451 P qp=17 bytes=3031 avg=1320 kbps
[openvenc][rc] f=1452 P qp=16 bytes=3222 avg=1320 kbps
[openvenc][rc] f=1453 P qp=16 bytes=1812 avg=1320 kbps
[openvenc][rc] f=1454 P qp=16 bytes=1602 avg=1320 kbps
[openvenc][rc] f=1455 P qp=16 bytes=2232 avg=1319 kbps
[openvenc][rc] f=1456 P qp=16 bytes=2077 avg=1319 kbps
[openvenc][rc] f=1457 P qp=16 bytes=1609 avg=1319 kbps
[openvenc][rc] f=1458 P qp=16 bytes=1513 avg=1318 kbps
[openvenc][rc] f=1459 P qp=16 bytes=1479 avg=1318 kbps
[openvenc][rc] f=1460 P qp=16 bytes=1523 avg=1318 kbps
[openvenc][rc] f=1461 P qp=16 bytes=1419 avg=1317 kbps
[openvenc][rc] f=1462 P qp=16 bytes=1495 avg=1317 kbps
[openvenc][rc] f=1463 P qp=16 bytes=1096 avg=1316 kbps
[openvenc][rc] f=1464 P qp=16 bytes=1142 avg=1316 kbps
[openvenc][rc] f=1465 P qp=16 bytes=1220 avg=1315 kbps
[openvenc][rc] f=1466 P qp=16 bytes=1065 avg=1315 kbps
[openvenc][rc] f=1467 P qp=16 bytes=1494 avg=1314 kbps
[openvenc][rc] f=1468 P qp=16 bytes=1512 avg=1314 kbps
[openvenc][rc] f=1469 P qp=16 bytes=1488 avg=1313 kbps
[openvenc][rc] f=1470 P qp=16 bytes=1443 avg=1313 kbps
[openvenc][rc] f=1471 P qp=16 bytes=1496 avg=1312 kbps
[openvenc][rc] f=1472 P qp=16 bytes=1460 avg=1312 kbps
[openvenc][rc] f=1473 P qp=16 bytes=1487 avg=1312 kbps
[openvenc][rc] f=1474 P qp=16 bytes=1525 avg=1311 kbps
[openvenc][rc] f=1475 P qp=16 bytes=1433 avg=1311 kbps
[openvenc][rc] f=1476 P qp=16 bytes=1212 avg=1310 kbps
[openvenc][rc] f=1477 P qp=16 bytes=1618 avg=1310 kbps
[openvenc][rc] f=1478 P qp=16 bytes=1783 avg=1310 kbps
[openvenc][rc] f=1479 P qp=16 bytes=1728 avg=1309 kbps
[openvenc][rc] f=1480 P qp=16 bytes=2150 avg=1309 kbps
[openvenc][rc] f=1481 P qp=16 bytes=1925 avg=1309 kbps
[openvenc][rc] f=1482 P qp=16 bytes=2078 avg=1309 kbps
[openvenc][rc] f=1483 P qp=16 bytes=2006 avg=1308 kbps
[openvenc][rc] f=1484 P qp=16 bytes=1490 avg=1308 kbps
[openvenc][rc] f=1485 P qp=16 bytes=1308 avg=1307 kbps
[openvenc][rc] f=1486 P qp=16 bytes=1094 avg=1307 kbps
[openvenc][rc] f=1487 P qp=16 bytes=1134 avg=1306 kbps
[openvenc][rc] f=1488 P qp=16 bytes=1063 avg=1306 kbps
[openvenc][rc] f=1489 P qp=16 bytes=1092 avg=1305 kbps
[openvenc][rc] f=1490 P qp=16 bytes=1487 avg=1305 kbps
[openvenc][rc] f=1491 P qp=16 bytes=1488 avg=1305 kbps
[openvenc][rc] f=1492 P qp=16 bytes=1514 avg=1304 kbps
[openvenc][rc] f=1493 P qp=16 bytes=1474 avg=1304 kbps
[openvenc][rc] f=1494 P qp=16 bytes=1483 avg=1303 kbps
[openvenc][rc] f=1495 P qp=16 bytes=1459 avg=1303 kbps
[openvenc][rc] f=1496 P qp=16 bytes=1483 avg=1303 kbps
[openvenc][rc] f=1497 P qp=16 bytes=1486 avg=1302 kbps
[openvenc][rc] f=1498 P qp=16 bytes=1131 avg=1302 kbps
[openvenc][rc] f=1499 P qp=16 bytes=1237 avg=1301 kbps
[openvenc][rc] f=1500 IDR qp=17 bytes=66742 avg=1321 kbps
[openvenc][rc] f=1501 P qp=17 bytes=3480 avg=1321 kbps
[openvenc][rc] f=1502 P qp=16 bytes=3967 avg=1322 kbps
[openvenc][rc] f=1503 P qp=16 bytes=2110 avg=1322 kbps
[openvenc][rc] f=1504 P qp=16 bytes=2156 avg=1321 kbps
[openvenc][rc] f=1505 P qp=16 bytes=1936 avg=1321 kbps
[openvenc][rc] f=1506 P qp=16 bytes=1980 avg=1321 kbps
[openvenc][rc] f=1507 P qp=16 bytes=1713 avg=1321 kbps
[openvenc][rc] f=1508 P qp=16 bytes=1456 avg=1320 kbps
[openvenc][rc] f=1509 P qp=16 bytes=1453 avg=1320 kbps
[openvenc][rc] f=1510 P qp=16 bytes=1441 avg=1319 kbps
[openvenc][rc] f=1511 P qp=16 bytes=1240 avg=1319 kbps
[openvenc][rc] f=1512 P qp=16 bytes=1093 avg=1318 kbps
[openvenc][rc] f=1513 P qp=16 bytes=1230 avg=1318 kbps
[openvenc][rc] f=1514 P qp=16 bytes=1109 avg=1317 kbps
[openvenc][rc] f=1515 P qp=16 bytes=1448 avg=1317 kbps
[openvenc][rc] f=1516 P qp=16 bytes=1430 avg=1316 kbps
[openvenc][rc] f=1517 P qp=16 bytes=1451 avg=1316 kbps
[openvenc][rc] f=1518 P qp=16 bytes=1441 avg=1316 kbps
[openvenc][rc] f=1519 P qp=16 bytes=1489 avg=1315 kbps
[openvenc][rc] f=1520 P qp=16 bytes=1442 avg=1315 kbps
[openvenc][rc] f=1521 P qp=16 bytes=1363 avg=1314 kbps
[openvenc][rc] f=1522 P qp=16 bytes=1415 avg=1314 kbps
[openvenc][rc] f=1523 P qp=16 bytes=1089 avg=1313 kbps
[openvenc][rc] f=1524 P qp=16 bytes=1383 avg=1313 kbps
[openvenc][rc] f=1525 P qp=16 bytes=1202 avg=1312 kbps
[openvenc][rc] f=1526 P qp=16 bytes=1209 avg=1312 kbps
[openvenc][rc] f=1527 P qp=16 bytes=1421 avg=1312 kbps
[openvenc][rc] f=1528 P qp=16 bytes=1466 avg=1311 kbps
[openvenc][rc] f=1529 P qp=16 bytes=1421 avg=1311 kbps
[openvenc][rc] f=1530 P qp=16 bytes=1494 avg=1310 kbps
[openvenc][rc] f=1531 P qp=16 bytes=1520 avg=1310 kbps
[openvenc][rc] f=1532 P qp=16 bytes=1456 avg=1310 kbps
[openvenc][rc] f=1533 P qp=16 bytes=1462 avg=1309 kbps
[openvenc][rc] f=1534 P qp=16 bytes=1577 avg=1309 kbps
[openvenc][rc] f=1535 P qp=16 bytes=1490 avg=1308 kbps
[openvenc][rc] f=1536 P qp=16 bytes=1820 avg=1308 kbps
[openvenc][rc] f=1537 P qp=16 bytes=2173 avg=1308 kbps
[openvenc][rc] f=1538 P qp=16 bytes=1724 avg=1308 kbps
[openvenc][rc] f=1539 P qp=16 bytes=1746 avg=1307 kbps
[openvenc][rc] f=1540 P qp=16 bytes=1819 avg=1307 kbps
[openvenc][rc] f=1541 P qp=16 bytes=1511 avg=1307 kbps
[openvenc][rc] f=1542 P qp=16 bytes=1436 avg=1306 kbps
[openvenc][rc] f=1543 P qp=16 bytes=1423 avg=1306 kbps
[openvenc][rc] f=1544 P qp=16 bytes=1042 avg=1305 kbps
[openvenc][rc] f=1545 P qp=16 bytes=1114 avg=1305 kbps
[openvenc][rc] f=1546 P qp=16 bytes=1804 avg=1304 kbps
[openvenc][rc] f=1547 P qp=16 bytes=1878 avg=1304 kbps
[openvenc][rc] f=1548 P qp=16 bytes=1966 avg=1304 kbps
[openvenc][rc] f=1549 P qp=16 bytes=1908 avg=1304 kbps
[openvenc][rc] f=1550 IDR qp=17 bytes=66488 avg=1323 kbps
[openvenc][rc] f=1551 P qp=17 bytes=3757 avg=1323 kbps
[openvenc][rc] f=1552 P qp=16 bytes=3559 avg=1324 kbps
[openvenc][rc] f=1553 P qp=16 bytes=1917 avg=1323 kbps
[openvenc][rc] f=1554 P qp=16 bytes=1610 avg=1323 kbps
[openvenc][rc] f=1555 P qp=16 bytes=1296 avg=1323 kbps
[openvenc][rc] f=1556 P qp=16 bytes=1373 avg=1322 kbps
[openvenc][rc] f=1557 P qp=16 bytes=1396 avg=1322 kbps
[openvenc][rc] f=1558 P qp=16 bytes=1498 avg=1321 kbps
[openvenc][rc] f=1559 P qp=16 bytes=1378 avg=1321 kbps
[openvenc][rc] f=1560 P qp=16 bytes=1444 avg=1320 kbps
[openvenc][rc] f=1561 P qp=16 bytes=1422 avg=1320 kbps
[openvenc][rc] f=1562 P qp=16 bytes=1351 avg=1320 kbps
[openvenc][rc] f=1563 P qp=16 bytes=1374 avg=1319 kbps
[openvenc][rc] f=1564 P qp=16 bytes=1384 avg=1319 kbps
[openvenc][rc] f=1565 P qp=16 bytes=1145 avg=1318 kbps
[openvenc][rc] f=1566 P qp=16 bytes=980 avg=1318 kbps
[openvenc][rc] f=1567 P qp=16 bytes=1240 avg=1317 kbps
[openvenc][rc] f=1568 P qp=16 bytes=1328 avg=1317 kbps
[openvenc][rc] f=1569 P qp=16 bytes=1322 avg=1316 kbps
[openvenc][rc] f=1570 P qp=16 bytes=1376 avg=1316 kbps
[openvenc][rc] f=1571 P qp=16 bytes=1320 avg=1315 kbps
[openvenc][rc] f=1572 P qp=16 bytes=1363 avg=1315 kbps
[openvenc][rc] f=1573 P qp=16 bytes=1418 avg=1315 kbps
[openvenc][rc] f=1574 P qp=16 bytes=1349 avg=1314 kbps
[openvenc][rc] f=1575 P qp=16 bytes=1297 avg=1314 kbps
[openvenc][rc] f=1576 P qp=16 bytes=939 avg=1313 kbps
[openvenc][rc] f=1577 P qp=16 bytes=947 avg=1313 kbps
[openvenc][rc] f=1578 P qp=16 bytes=1293 avg=1312 kbps
[openvenc][rc] f=1579 P qp=16 bytes=1948 avg=1312 kbps
[openvenc][rc] f=1580 P qp=16 bytes=1753 avg=1312 kbps
[openvenc][rc] f=1581 P qp=16 bytes=1460 avg=1311 kbps
[openvenc][rc] f=1582 P qp=16 bytes=1377 avg=1311 kbps
[openvenc][rc] f=1583 P qp=16 bytes=1293 avg=1310 kbps
[openvenc][rc] f=1584 P qp=16 bytes=1304 avg=1310 kbps
[openvenc][rc] f=1585 P qp=16 bytes=1341 avg=1310 kbps
[openvenc][rc] f=1586 P qp=16 bytes=1348 avg=1309 kbps
[openvenc][rc] f=1587 P qp=16 bytes=1958 avg=1309 kbps
[openvenc][rc] f=1588 P qp=16 bytes=1819 avg=1309 kbps
[openvenc][rc] f=1589 P qp=16 bytes=1481 avg=1308 kbps
[openvenc][rc] f=1590 P qp=16 bytes=1693 avg=1308 kbps
[openvenc][rc] f=1591 P qp=16 bytes=1522 avg=1307 kbps
[openvenc][rc] f=1592 P qp=16 bytes=1307 avg=1307 kbps
[openvenc][rc] f=1593 P qp=16 bytes=1302 avg=1307 kbps
[openvenc][rc] f=1594 P qp=16 bytes=1305 avg=1306 kbps
[openvenc][rc] f=1595 P qp=16 bytes=1310 avg=1306 kbps
[openvenc][rc] f=1596 P qp=16 bytes=1315 avg=1305 kbps
[openvenc][rc] f=1597 P qp=16 bytes=1275 avg=1305 kbps
[openvenc][rc] f=1598 P qp=16 bytes=1309 avg=1304 kbps
[openvenc][rc] f=1599 P qp=16 bytes=928 avg=1304 kbps
[openvenc][rc] f=1600 IDR qp=17 bytes=66415 avg=1323 kbps
[openvenc][rc] f=1601 P qp=17 bytes=3310 avg=1323 kbps
[openvenc][rc] f=1602 P qp=16 bytes=3297 avg=1323 kbps
[openvenc][rc] f=1603 P qp=16 bytes=1704 avg=1323 kbps
[openvenc][rc] f=1604 P qp=16 bytes=1458 avg=1322 kbps
[openvenc][rc] f=1605 P qp=16 bytes=1449 avg=1322 kbps
[openvenc][rc] f=1606 P qp=16 bytes=1390 avg=1321 kbps
[openvenc][rc] f=1607 P qp=16 bytes=1393 avg=1321 kbps
[openvenc][rc] f=1608 P qp=16 bytes=944 avg=1320 kbps
[openvenc][rc] f=1609 P qp=16 bytes=1098 avg=1320 kbps
[openvenc][rc] f=1610 P qp=16 bytes=1064 avg=1319 kbps
[openvenc][rc] f=1611 P qp=16 bytes=928 avg=1319 kbps
[openvenc][rc] f=1612 P qp=16 bytes=978 avg=1318 kbps
[openvenc][rc] f=1613 P qp=16 bytes=1345 avg=1318 kbps
[openvenc][rc] f=1614 P qp=16 bytes=1336 avg=1318 kbps
[openvenc][rc] f=1615 P qp=16 bytes=1325 avg=1317 kbps
[openvenc][rc] f=1616 P qp=16 bytes=1314 avg=1317 kbps
[openvenc][rc] f=1617 P qp=16 bytes=1336 avg=1316 kbps
[openvenc][rc] f=1618 P qp=16 bytes=1330 avg=1316 kbps
[openvenc][rc] f=1619 P qp=16 bytes=1354 avg=1315 kbps
[openvenc][rc] f=1620 P qp=16 bytes=1376 avg=1315 kbps
[openvenc][rc] f=1621 P qp=16 bytes=1366 avg=1315 kbps
[openvenc][rc] f=1622 P qp=16 bytes=1314 avg=1314 kbps
[openvenc][rc] f=1623 P qp=16 bytes=1357 avg=1314 kbps
[openvenc][rc] f=1624 P qp=16 bytes=1107 avg=1313 kbps
[openvenc][rc] f=1625 P qp=16 bytes=885 avg=1313 kbps
[openvenc][rc] f=1626 P qp=16 bytes=881 avg=1312 kbps
[openvenc][rc] f=1627 P qp=16 bytes=879 avg=1312 kbps
[openvenc][rc] f=1628 P qp=16 bytes=882 avg=1311 kbps
[openvenc][rc] f=1629 P qp=16 bytes=875 avg=1311 kbps
[openvenc][rc] f=1630 P qp=16 bytes=881 avg=1310 kbps
[openvenc][rc] f=1631 P qp=16 bytes=1346 avg=1310 kbps
[openvenc][rc] f=1632 P qp=16 bytes=1338 avg=1309 kbps
[openvenc][rc] f=1633 P qp=16 bytes=1323 avg=1309 kbps
[openvenc][rc] f=1634 P qp=16 bytes=1348 avg=1308 kbps
[openvenc][rc] f=1635 P qp=16 bytes=1339 avg=1308 kbps
[openvenc][rc] f=1636 P qp=16 bytes=1321 avg=1307 kbps
[openvenc][rc] f=1637 P qp=16 bytes=1327 avg=1307 kbps
[openvenc][rc] f=1638 P qp=16 bytes=1346 avg=1307 kbps
[openvenc][rc] f=1639 P qp=16 bytes=1307 avg=1306 kbps
[openvenc][rc] f=1640 P qp=16 bytes=1084 avg=1306 kbps
[openvenc][rc] f=1641 P qp=16 bytes=1133 avg=1305 kbps
[openvenc][rc] f=1642 P qp=16 bytes=1263 avg=1305 kbps
[openvenc][rc] f=1643 P qp=16 bytes=1380 avg=1304 kbps
[openvenc][rc] f=1644 P qp=16 bytes=1337 avg=1304 kbps
[openvenc][rc] f=1645 P qp=16 bytes=1331 avg=1304 kbps
[openvenc][rc] f=1646 P qp=16 bytes=1329 avg=1303 kbps
[openvenc][rc] f=1647 P qp=16 bytes=1338 avg=1303 kbps
[openvenc][rc] f=1648 P qp=16 bytes=1347 avg=1302 kbps
[openvenc][rc] f=1649 P qp=16 bytes=1308 avg=1302 kbps
[openvenc][rc] f=1650 IDR qp=17 bytes=66486 avg=1320 kbps
[openvenc][rc] f=1651 P qp=17 bytes=3398 avg=1320 kbps
[openvenc][rc] f=1652 P qp=16 bytes=3445 avg=1321 kbps
[openvenc][rc] f=1653 P qp=16 bytes=1778 avg=1320 kbps
[openvenc][rc] f=1654 P qp=16 bytes=1559 avg=1320 kbps
[openvenc][rc] f=1655 P qp=16 bytes=1506 avg=1320 kbps
[openvenc][rc] f=1656 P qp=16 bytes=1513 avg=1319 kbps
[openvenc][rc] f=1657 P qp=16 bytes=1438 avg=1319 kbps
[openvenc][rc] f=1658 P qp=16 bytes=1489 avg=1318 kbps
[openvenc][rc] f=1659 P qp=16 bytes=1738 avg=1318 kbps
[openvenc][rc] f=1660 P qp=16 bytes=1736 avg=1318 kbps
[openvenc][rc] f=1661 P qp=16 bytes=1671 avg=1318 kbps
[openvenc][rc] f=1662 P qp=16 bytes=1797 avg=1317 kbps
[openvenc][rc] f=1663 P qp=16 bytes=1500 avg=1317 kbps
[openvenc][rc] f=1664 P qp=16 bytes=1731 avg=1317 kbps
[openvenc][rc] f=1665 P qp=16 bytes=1915 avg=1316 kbps
[openvenc][rc] f=1666 P qp=16 bytes=1777 avg=1316 kbps
[openvenc][rc] f=1667 P qp=16 bytes=2156 avg=1316 kbps
[openvenc][rc] f=1668 P qp=16 bytes=1941 avg=1316 kbps
[openvenc][rc] f=1669 P qp=16 bytes=1651 avg=1315 kbps
[openvenc][rc] f=1670 P qp=16 bytes=1228 avg=1315 kbps
[openvenc][rc] f=1671 P qp=16 bytes=1478 avg=1314 kbps
[openvenc][rc] f=1672 P qp=16 bytes=1447 avg=1314 kbps
[openvenc][rc] f=1673 P qp=16 bytes=1495 avg=1314 kbps
[openvenc][rc] f=1674 P qp=16 bytes=2403 avg=1314 kbps
[openvenc][rc] f=1675 P qp=16 bytes=2030 avg=1313 kbps
[openvenc][rc] f=1676 P qp=16 bytes=2121 avg=1313 kbps
[openvenc][rc] f=1677 P qp=16 bytes=1817 avg=1313 kbps
[openvenc][rc] f=1678 P qp=16 bytes=1897 avg=1313 kbps
[openvenc][rc] f=1679 P qp=16 bytes=1974 avg=1312 kbps
[openvenc][rc] f=1680 P qp=16 bytes=1920 avg=1312 kbps
[openvenc][rc] f=1681 P qp=16 bytes=2671 avg=1312 kbps
[openvenc][rc] f=1682 P qp=16 bytes=1909 avg=1312 kbps
[openvenc][rc] f=1683 P qp=16 bytes=2402 avg=1312 kbps
[openvenc][rc] f=1684 P qp=16 bytes=2086 avg=1312 kbps
[openvenc][rc] f=1685 P qp=16 bytes=1639 avg=1311 kbps
[openvenc][rc] f=1686 P qp=16 bytes=1458 avg=1311 kbps
[openvenc][rc] f=1687 P qp=16 bytes=1701 avg=1311 kbps
[openvenc][rc] f=1688 P qp=16 bytes=1915 avg=1310 kbps
[openvenc][rc] f=1689 P qp=16 bytes=1863 avg=1310 kbps
[openvenc][rc] f=1690 P qp=16 bytes=1903 avg=1310 kbps
[openvenc][rc] f=1691 P qp=16 bytes=1766 avg=1310 kbps
[openvenc][rc] f=1692 P qp=16 bytes=1291 avg=1309 kbps
[openvenc][rc] f=1693 P qp=16 bytes=1344 avg=1309 kbps
[openvenc][rc] f=1694 P qp=16 bytes=1328 avg=1308 kbps
[openvenc][rc] f=1695 P qp=16 bytes=1492 avg=1308 kbps
[openvenc][rc] f=1696 P qp=16 bytes=1780 avg=1308 kbps
[openvenc][rc] f=1697 P qp=16 bytes=1924 avg=1308 kbps
[openvenc][rc] f=1698 P qp=16 bytes=1858 avg=1307 kbps
[openvenc][rc] f=1699 P qp=16 bytes=1479 avg=1307 kbps
[openvenc][rc] f=1700 IDR qp=17 bytes=66603 avg=1325 kbps
[openvenc][rc] f=1701 P qp=17 bytes=3696 avg=1325 kbps
[openvenc][rc] f=1702 P qp=16 bytes=3660 avg=1325 kbps
[openvenc][rc] f=1703 P qp=16 bytes=2333 avg=1325 kbps
[openvenc][rc] f=1704 P qp=16 bytes=1746 avg=1325 kbps
[openvenc][rc] f=1705 P qp=16 bytes=1643 avg=1324 kbps
[openvenc][rc] f=1706 P qp=16 bytes=1162 avg=1324 kbps
[openvenc][rc] f=1707 P qp=16 bytes=1089 avg=1323 kbps
[openvenc][rc] f=1708 P qp=16 bytes=1276 avg=1323 kbps
[openvenc][rc] f=1709 P qp=16 bytes=1491 avg=1323 kbps
[openvenc][rc] f=1710 P qp=16 bytes=1482 avg=1322 kbps
[openvenc][rc] f=1711 P qp=16 bytes=1518 avg=1322 kbps
[openvenc][rc] f=1712 P qp=16 bytes=1382 avg=1322 kbps
[openvenc][rc] f=1713 P qp=16 bytes=1408 avg=1321 kbps
[openvenc][rc] f=1714 P qp=16 bytes=1746 avg=1321 kbps
[openvenc][rc] f=1715 P qp=16 bytes=1395 avg=1321 kbps
[openvenc][rc] f=1716 P qp=16 bytes=1193 avg=1320 kbps
[openvenc][rc] f=1717 P qp=16 bytes=1044 avg=1320 kbps
[openvenc][rc] f=1718 P qp=16 bytes=1026 avg=1319 kbps
[openvenc][rc] f=1719 P qp=16 bytes=1514 avg=1319 kbps
[openvenc][rc] f=1720 P qp=16 bytes=1758 avg=1319 kbps
[openvenc][rc] f=1721 P qp=16 bytes=2773 avg=1318 kbps
[openvenc][rc] f=1722 P qp=16 bytes=4366 avg=1319 kbps
[openvenc][rc] f=1723 P qp=16 bytes=2770 avg=1319 kbps
[openvenc][rc] f=1724 P qp=16 bytes=3068 avg=1319 kbps
[openvenc][rc] f=1725 P qp=16 bytes=4114 avg=1319 kbps
[openvenc][rc] f=1726 P qp=16 bytes=3908 avg=1320 kbps
[openvenc][rc] f=1727 P qp=16 bytes=2685 avg=1320 kbps
[openvenc][rc] f=1728 P qp=16 bytes=3070 avg=1320 kbps
[openvenc][rc] f=1729 P qp=16 bytes=3975 avg=1320 kbps
[openvenc][rc] f=1730 P qp=16 bytes=2671 avg=1320 kbps
[openvenc][rc] f=1731 P qp=16 bytes=2917 avg=1320 kbps
[openvenc][rc] f=1732 P qp=16 bytes=1950 avg=1320 kbps
[openvenc][rc] f=1733 P qp=16 bytes=1715 avg=1319 kbps
[openvenc][rc] f=1734 P qp=16 bytes=1799 avg=1319 kbps
[openvenc][rc] f=1735 P qp=16 bytes=4069 avg=1320 kbps
[openvenc][rc] f=1736 P qp=16 bytes=3752 avg=1320 kbps
[openvenc][rc] f=1737 P qp=16 bytes=3785 avg=1320 kbps
[openvenc][rc] f=1738 P qp=16 bytes=1825 avg=1320 kbps
[openvenc][rc] f=1739 P qp=16 bytes=2709 avg=1320 kbps
[openvenc][rc] f=1740 P qp=16 bytes=1679 avg=1320 kbps
[openvenc][rc] f=1741 P qp=16 bytes=3188 avg=1320 kbps
[openvenc][rc] f=1742 P qp=16 bytes=1203 avg=1319 kbps
[openvenc][rc] f=1743 P qp=16 bytes=4219 avg=1320 kbps
[openvenc][rc] f=1744 P qp=16 bytes=1045 avg=1319 kbps
[openvenc][rc] f=1745 P qp=16 bytes=1180 avg=1319 kbps
[openvenc][rc] f=1746 P qp=16 bytes=842 avg=1318 kbps
[openvenc][rc] f=1747 P qp=16 bytes=1828 avg=1318 kbps
[openvenc][rc] f=1748 P qp=16 bytes=4183 avg=1318 kbps
[openvenc][rc] f=1749 P qp=16 bytes=2803 avg=1318 kbps
[openvenc][rc] f=1750 IDR qp=17 bytes=66809 avg=1336 kbps
[openvenc][rc] f=1751 P qp=17 bytes=5592 avg=1336 kbps
[openvenc][rc] f=1752 P qp=16 bytes=4513 avg=1337 kbps
[openvenc][rc] f=1753 P qp=16 bytes=3450 avg=1337 kbps
[openvenc][rc] f=1754 P qp=16 bytes=2604 avg=1337 kbps
[openvenc][rc] f=1755 P qp=16 bytes=2849 avg=1337 kbps
[openvenc][rc] f=1756 P qp=16 bytes=2736 avg=1337 kbps
[openvenc][rc] f=1757 P qp=16 bytes=1446 avg=1336 kbps
[openvenc][rc] f=1758 P qp=16 bytes=2277 avg=1336 kbps
[openvenc][rc] f=1759 P qp=16 bytes=3212 avg=1336 kbps
[openvenc][rc] f=1760 P qp=16 bytes=1521 avg=1336 kbps
[openvenc][rc] f=1761 P qp=16 bytes=1637 avg=1336 kbps
[openvenc][rc] f=1762 P qp=16 bytes=3247 avg=1336 kbps
[openvenc][rc] f=1763 P qp=16 bytes=3241 avg=1336 kbps
[openvenc][rc] f=1764 P qp=16 bytes=3813 avg=1336 kbps
[openvenc][rc] f=1765 P qp=16 bytes=3648 avg=1336 kbps
[openvenc][rc] f=1766 P qp=16 bytes=3882 avg=1337 kbps
[openvenc][rc] f=1767 P qp=16 bytes=4073 avg=1337 kbps
[openvenc][rc] f=1768 P qp=16 bytes=3843 avg=1337 kbps
[openvenc][rc] f=1769 P qp=16 bytes=2680 avg=1337 kbps
[openvenc][rc] f=1770 P qp=16 bytes=3085 avg=1337 kbps
[openvenc][rc] f=1771 P qp=16 bytes=1281 avg=1337 kbps
[openvenc][rc] f=1772 P qp=16 bytes=958 avg=1336 kbps
[openvenc][rc] f=1773 P qp=16 bytes=1578 avg=1336 kbps
[openvenc][rc] f=1774 P qp=16 bytes=1891 avg=1336 kbps
[openvenc][rc] f=1775 P qp=16 bytes=2942 avg=1336 kbps
[openvenc][rc] f=1776 P qp=16 bytes=2865 avg=1336 kbps
[openvenc][rc] f=1777 P qp=16 bytes=3574 avg=1336 kbps
[openvenc][rc] f=1778 P qp=16 bytes=3857 avg=1336 kbps
[openvenc][rc] f=1779 P qp=16 bytes=2322 avg=1336 kbps
[openvenc][rc] f=1780 P qp=16 bytes=1432 avg=1336 kbps
[openvenc][rc] f=1781 P qp=16 bytes=1002 avg=1335 kbps
[openvenc][rc] f=1782 P qp=16 bytes=982 avg=1335 kbps
[openvenc][rc] f=1783 P qp=16 bytes=974 avg=1334 kbps
[openvenc][rc] f=1784 P qp=16 bytes=1344 avg=1334 kbps
[openvenc][rc] f=1785 P qp=16 bytes=979 avg=1333 kbps
[openvenc][rc] f=1786 P qp=16 bytes=6494 avg=1334 kbps
[openvenc][rc] f=1787 P qp=16 bytes=1850 avg=1334 kbps
[openvenc][rc] f=1788 P qp=16 bytes=31304 avg=1342 kbps
[openvenc][rc] f=1789 P qp=18 bytes=26842 avg=1348 kbps
[openvenc][rc] f=1790 P qp=20 bytes=1056 avg=1348 kbps
[openvenc][rc] f=1791 P qp=19 bytes=27293 avg=1354 kbps
[openvenc][rc] f=1792 P qp=19 bytes=27710 avg=1361 kbps
[openvenc][rc] f=1793 P qp=21 bytes=1345 avg=1360 kbps
[openvenc][rc] f=1794 P qp=20 bytes=25799 avg=1366 kbps
[openvenc][rc] f=1795 P qp=20 bytes=1281 avg=1366 kbps
[openvenc][rc] f=1796 P qp=19 bytes=25203 avg=1372 kbps
[openvenc][rc] f=1797 P qp=19 bytes=1821 avg=1371 kbps
[openvenc][rc] f=1798 P qp=18 bytes=26715 avg=1378 kbps
[openvenc][rc] f=1799 P qp=18 bytes=3575 avg=1378 kbps
[openvenc][rc] f=1800 IDR qp=19 bytes=62112 avg=1393 kbps
[openvenc][rc] f=1801 P qp=19 bytes=5926 avg=1394 kbps
[openvenc][rc] f=1802 P qp=18 bytes=4493 avg=1394 kbps
[openvenc][rc] f=1803 P qp=17 bytes=4859 avg=1395 kbps
[openvenc][rc] f=1804 P qp=16 bytes=31240 avg=1402 kbps
[openvenc][rc] f=1805 P qp=16 bytes=4554 avg=1403 kbps
[openvenc][rc] f=1806 P qp=16 bytes=30605 avg=1410 kbps
[openvenc][rc] f=1807 P qp=18 bytes=28343 avg=1417 kbps
[openvenc][rc] f=1808 P qp=20 bytes=24691 avg=1422 kbps
[openvenc][rc] f=1809 P qp=22 bytes=23280 avg=1428 kbps
[openvenc][rc] f=1810 P qp=24 bytes=20651 avg=1432 kbps
[openvenc][rc] f=1811 P qp=26 bytes=12700 avg=1435 kbps
[openvenc][rc] f=1812 P qp=25 bytes=2319 avg=1434 kbps
[openvenc][rc] f=1813 P qp=24 bytes=2756 avg=1434 kbps
[openvenc][rc] f=1814 P qp=23 bytes=5991 avg=1435 kbps
[openvenc][rc] f=1815 P qp=22 bytes=4169 avg=1435 kbps
[openvenc][rc] f=1816 P qp=21 bytes=5124 avg=1436 kbps
[openvenc][rc] f=1817 P qp=20 bytes=4665 avg=1436 kbps
[openvenc][rc] f=1818 P qp=19 bytes=5602 avg=1437 kbps
[openvenc][rc] f=1819 P qp=18 bytes=3450 avg=1437 kbps
[openvenc][rc] f=1820 P qp=17 bytes=4235 avg=1437 kbps
[openvenc][rc] f=1821 P qp=16 bytes=30558 avg=1445 kbps
[openvenc][rc] f=1822 P qp=16 bytes=28969 avg=1451 kbps
[openvenc][rc] f=1823 P qp=18 bytes=24815 avg=1457 kbps
[openvenc][rc] f=1824 P qp=20 bytes=1062 avg=1456 kbps
[openvenc][rc] f=1825 P qp=19 bytes=25373 avg=1462 kbps
[openvenc][rc] f=1826 P qp=19 bytes=27898 avg=1469 kbps
[openvenc][rc] f=1827 P qp=21 bytes=1042 avg=1468 kbps
[openvenc][rc] f=1828 P qp=20 bytes=24733 avg=1474 kbps
[openvenc][rc] f=1829 P qp=20 bytes=1163 avg=1473 kbps
[openvenc][rc] f=1830 P qp=19 bytes=25364 avg=1479 kbps
[openvenc][rc] f=1831 P qp=19 bytes=25163 avg=1485 kbps
[openvenc][rc] f=1832 P qp=21 bytes=3049 avg=1484 kbps
[openvenc][rc] f=1833 P qp=20 bytes=2838 avg=1484 kbps
[openvenc][rc] f=1834 P qp=19 bytes=2843 avg=1484 kbps
[openvenc][rc] f=1835 P qp=18 bytes=3837 avg=1485 kbps
[openvenc][rc] f=1836 P qp=17 bytes=2595 avg=1484 kbps
[openvenc][rc] f=1837 P qp=16 bytes=2935 avg=1484 kbps
[openvenc][rc] f=1838 P qp=16 bytes=1311 avg=1484 kbps
[openvenc][rc] f=1839 P qp=16 bytes=814 avg=1483 kbps
[openvenc][rc] f=1840 P qp=16 bytes=771 avg=1483 kbps
[openvenc][rc] f=1841 P qp=16 bytes=763 avg=1482 kbps
[openvenc][rc] f=1842 P qp=16 bytes=771 avg=1481 kbps
[openvenc][rc] f=1843 P qp=16 bytes=1112 avg=1481 kbps
[openvenc][rc] f=1844 P qp=16 bytes=29643 avg=1488 kbps
[openvenc][rc] f=1845 P qp=18 bytes=25684 avg=1493 kbps
[openvenc][rc] f=1846 P qp=20 bytes=1160 avg=1493 kbps
[openvenc][rc] f=1847 P qp=19 bytes=26714 avg=1499 kbps
[openvenc][rc] f=1848 P qp=19 bytes=26396 avg=1505 kbps
[openvenc][rc] f=1849 P qp=21 bytes=23341 avg=1510 kbps
[openvenc][rc] f=1850 IDR qp=22 bytes=54972 avg=1523 kbps
[openvenc][rc] f=1851 P qp=22 bytes=5561 avg=1524 kbps
[openvenc][rc] f=1852 P qp=21 bytes=3482 avg=1524 kbps
[openvenc][rc] f=1853 P qp=20 bytes=5970 avg=1525 kbps
[openvenc][rc] f=1854 P qp=19 bytes=8716 avg=1526 kbps
[openvenc][rc] f=1855 P qp=18 bytes=9100 avg=1527 kbps
[openvenc][rc] f=1856 P qp=17 bytes=8724 avg=1529 kbps
[openvenc][rc] f=1857 P qp=16 bytes=8850 avg=1530 kbps
[openvenc][rc] f=1858 P qp=16 bytes=2829 avg=1530 kbps
[openvenc][rc] f=1859 P qp=16 bytes=1474 avg=1530 kbps
[openvenc][rc] f=1860 P qp=16 bytes=1507 avg=1529 kbps
[openvenc][rc] f=1861 P qp=16 bytes=1046 avg=1529 kbps
[openvenc][rc] f=1862 P qp=16 bytes=1028 avg=1528 kbps
[openvenc][rc] f=1863 P qp=16 bytes=996 avg=1528 kbps
[openvenc][rc] f=1864 P qp=16 bytes=986 avg=1527 kbps
[openvenc][rc] f=1865 P qp=16 bytes=984 avg=1526 kbps
[openvenc][rc] f=1866 P qp=16 bytes=1693 avg=1526 kbps
[openvenc][rc] f=1867 P qp=16 bytes=1651 avg=1526 kbps
[openvenc][rc] f=1868 P qp=16 bytes=1260 avg=1525 kbps
[openvenc][rc] f=1869 P qp=16 bytes=986 avg=1525 kbps
[openvenc][rc] f=1870 P qp=16 bytes=1673 avg=1524 kbps
[openvenc][rc] f=1871 P qp=16 bytes=1773 avg=1524 kbps
[openvenc][rc] f=1872 P qp=16 bytes=1394 avg=1523 kbps
[openvenc][rc] f=1873 P qp=16 bytes=941 avg=1523 kbps
[openvenc][rc] f=1874 P qp=16 bytes=935 avg=1522 kbps
[openvenc][rc] f=1875 P qp=16 bytes=935 avg=1522 kbps
[openvenc][rc] f=1876 P qp=16 bytes=935 avg=1521 kbps
[openvenc][rc] f=1877 P qp=16 bytes=931 avg=1521 kbps
[openvenc][rc] f=1878 P qp=16 bytes=941 avg=1520 kbps
[openvenc][rc] f=1879 P qp=16 bytes=937 avg=1519 kbps
[openvenc][rc] f=1880 P qp=16 bytes=942 avg=1519 kbps
[openvenc][rc] f=1881 P qp=16 bytes=934 avg=1518 kbps
[openvenc][rc] f=1882 P qp=16 bytes=939 avg=1518 kbps
[openvenc][rc] f=1883 P qp=16 bytes=1225 avg=1517 kbps
[openvenc][rc] f=1884 P qp=16 bytes=1476 avg=1517 kbps
[openvenc][rc] f=1885 P qp=16 bytes=29120 avg=1523 kbps
[openvenc][rc] f=1886 P qp=18 bytes=1107 avg=1523 kbps
[openvenc][rc] f=1887 P qp=17 bytes=30001 avg=1529 kbps
[openvenc][rc] f=1888 P qp=17 bytes=1864 avg=1529 kbps
[openvenc][rc] f=1889 P qp=16 bytes=30394 avg=1536 kbps
[openvenc][rc] f=1890 P qp=16 bytes=30115 avg=1543 kbps
[openvenc][rc] f=1891 P qp=18 bytes=28079 avg=1549 kbps
[openvenc][rc] f=1892 P qp=20 bytes=25360 avg=1554 kbps
[openvenc][rc] f=1893 P qp=22 bytes=22960 avg=1559 kbps
[openvenc][rc] f=1894 P qp=24 bytes=20878 avg=1563 kbps
[openvenc][rc] f=1895 P qp=26 bytes=18267 avg=1567 kbps
[openvenc][rc] f=1896 P qp=28 bytes=2760 avg=1567 kbps
[openvenc][rc] f=1897 P qp=27 bytes=2181 avg=1567 kbps
[openvenc][rc] f=1898 P qp=26 bytes=2160 avg=1566 kbps
[openvenc][rc] f=1899 P qp=25 bytes=2438 avg=1566 kbps
[openvenc][rc] f=1900 IDR qp=26 bytes=44784 avg=1577 kbps
[openvenc][rc] f=1901 P qp=26 bytes=1975 avg=1576 kbps
[openvenc][rc] f=1902 P qp=25 bytes=2062 avg=1576 kbps
[openvenc][rc] f=1903 P qp=24 bytes=3039 avg=1576 kbps
[openvenc][rc] f=1904 P qp=23 bytes=6486 avg=1577 kbps
[openvenc][rc] f=1905 P qp=22 bytes=6825 avg=1577 kbps
[openvenc][rc] f=1906 P qp=21 bytes=6813 avg=1578 kbps
[openvenc][rc] f=1907 P qp=20 bytes=6769 avg=1579 kbps
[openvenc][rc] f=1908 P qp=19 bytes=8382 avg=1580 kbps
[openvenc][rc] f=1909 P qp=18 bytes=8838 avg=1582 kbps
[openvenc][rc] f=1910 P qp=17 bytes=33992 avg=1589 kbps
[openvenc][rc] f=1911 P qp=17 bytes=28973 avg=1596 kbps
[openvenc][rc] f=1912 P qp=19 bytes=1098 avg=1595 kbps
[openvenc][rc] f=1913 P qp=18 bytes=26677 avg=1601 kbps
[openvenc][rc] f=1914 P qp=18 bytes=1704 avg=1600 kbps
[openvenc][rc] f=1915 P qp=17 bytes=30358 avg=1607 kbps
[openvenc][rc] f=1916 P qp=17 bytes=29090 avg=1613 kbps
[openvenc][rc] f=1917 P qp=19 bytes=18126 avg=1617 kbps
[openvenc][rc] f=1918 P qp=21 bytes=5222 avg=1617 kbps
[openvenc][rc] f=1919 P qp=20 bytes=4055 avg=1618 kbps
[openvenc][rc] f=1920 P qp=19 bytes=4043 avg=1618 kbps
[openvenc][rc] f=1921 P qp=18 bytes=3526 avg=1618 kbps
[openvenc][rc] f=1922 P qp=17 bytes=6449 avg=1619 kbps
[openvenc][rc] f=1923 P qp=16 bytes=7831 avg=1620 kbps
[openvenc][rc] f=1924 P qp=16 bytes=2924 avg=1619 kbps
[openvenc][rc] f=1925 P qp=16 bytes=1561 avg=1619 kbps
[openvenc][rc] f=1926 P qp=16 bytes=1217 avg=1618 kbps
[openvenc][rc] f=1927 P qp=16 bytes=1131 avg=1618 kbps
[openvenc][rc] f=1928 P qp=16 bytes=1114 avg=1617 kbps
[openvenc][rc] f=1929 P qp=16 bytes=1132 avg=1617 kbps
[openvenc][rc] f=1930 P qp=16 bytes=1113 avg=1616 kbps
[openvenc][rc] f=1931 P qp=16 bytes=1088 avg=1616 kbps
[openvenc][rc] f=1932 P qp=16 bytes=1098 avg=1615 kbps
[openvenc][rc] f=1933 P qp=16 bytes=1101 avg=1615 kbps
[openvenc][rc] f=1934 P qp=16 bytes=1104 avg=1614 kbps
[openvenc][rc] f=1935 P qp=16 bytes=1096 avg=1613 kbps
[openvenc][rc] f=1936 P qp=16 bytes=1106 avg=1613 kbps
[openvenc][rc] f=1937 P qp=16 bytes=4133 avg=1613 kbps
[openvenc][rc] f=1938 P qp=16 bytes=1915 avg=1613 kbps
[openvenc][rc] f=1939 P qp=16 bytes=3675 avg=1613 kbps
[openvenc][rc] f=1940 P qp=16 bytes=4376 avg=1613 kbps
[openvenc][rc] f=1941 P qp=16 bytes=1303 avg=1612 kbps
[openvenc][rc] f=1942 P qp=16 bytes=1021 avg=1612 kbps
[openvenc][rc] f=1943 P qp=16 bytes=979 avg=1611 kbps
[openvenc][rc] f=1944 P qp=16 bytes=981 avg=1611 kbps
[openvenc][rc] f=1945 P qp=16 bytes=986 avg=1610 kbps
[openvenc][rc] f=1946 P qp=16 bytes=983 avg=1609 kbps
[openvenc][rc] f=1947 P qp=16 bytes=983 avg=1609 kbps
[openvenc][rc] f=1948 P qp=16 bytes=977 avg=1608 kbps
[openvenc][rc] f=1949 P qp=16 bytes=1206 avg=1608 kbps
[openvenc][rc] f=1950 IDR qp=17 bytes=66725 avg=1623 kbps
[openvenc][rc] f=1951 P qp=17 bytes=3657 avg=1623 kbps
[openvenc][rc] f=1952 P qp=16 bytes=3627 avg=1623 kbps
[openvenc][rc] f=1953 P qp=16 bytes=7743 avg=1624 kbps
[openvenc][rc] f=1954 P qp=16 bytes=31364 avg=1631 kbps
[openvenc][rc] f=1955 P qp=18 bytes=28293 avg=1637 kbps
[openvenc][rc] f=1956 P qp=20 bytes=25162 avg=1642 kbps
[openvenc][rc] f=1957 P qp=22 bytes=23921 avg=1647 kbps
[openvenc][rc] f=1958 P qp=24 bytes=646 avg=1646 kbps
[openvenc][rc] f=1959 P qp=23 bytes=21053 avg=1651 kbps
[openvenc][rc] f=1960 P qp=23 bytes=23085 avg=1655 kbps
[openvenc][rc] f=1961 P qp=25 bytes=696 avg=1655 kbps
[openvenc][rc] f=1962 P qp=24 bytes=20578 avg=1659 kbps
[openvenc][rc] f=1963 P qp=24 bytes=20053 avg=1663 kbps
[openvenc][rc] f=1964 P qp=26 bytes=18271 avg=1666 kbps
[openvenc][rc] f=1965 P qp=28 bytes=16088 avg=1669 kbps
[openvenc][rc] f=1966 P qp=30 bytes=914 avg=1669 kbps
[openvenc][rc] f=1967 P qp=29 bytes=1306 avg=1668 kbps
[openvenc][rc] f=1968 P qp=28 bytes=1489 avg=1668 kbps
[openvenc][rc] f=1969 P qp=27 bytes=1075 avg=1667 kbps
[openvenc][rc] f=1970 P qp=26 bytes=1196 avg=1667 kbps
[openvenc][rc] f=1971 P qp=25 bytes=1860 avg=1666 kbps
[openvenc][rc] f=1972 P qp=24 bytes=3823 avg=1666 kbps
[openvenc][rc] f=1973 P qp=23 bytes=2137 avg=1666 kbps
[openvenc][rc] f=1974 P qp=22 bytes=23377 avg=1671 kbps
[openvenc][rc] f=1975 P qp=22 bytes=1112 avg=1670 kbps
[openvenc][rc] f=1976 P qp=21 bytes=24846 avg=1675 kbps
[openvenc][rc] f=1977 P qp=21 bytes=2337 avg=1675 kbps
[openvenc][rc] f=1978 P qp=20 bytes=26654 avg=1680 kbps
[openvenc][rc] f=1979 P qp=20 bytes=25250 avg=1686 kbps
[openvenc][rc] f=1980 P qp=22 bytes=24107 avg=1690 kbps
[openvenc][rc] f=1981 P qp=24 bytes=19825 avg=1694 kbps
[openvenc][rc] f=1982 P qp=26 bytes=17721 avg=1698 kbps
[openvenc][rc] f=1983 P qp=28 bytes=16441 avg=1701 kbps
[openvenc][rc] f=1984 P qp=30 bytes=433 avg=1700 kbps
[openvenc][rc] f=1985 P qp=29 bytes=3722 avg=1700 kbps
[openvenc][rc] f=1986 P qp=28 bytes=2545 avg=1700 kbps
[openvenc][rc] f=1987 P qp=27 bytes=3121 avg=1700 kbps
[openvenc][rc] f=1988 P qp=26 bytes=2783 avg=1699 kbps
[openvenc][rc] f=1989 P qp=25 bytes=3037 avg=1699 kbps
[openvenc][rc] f=1990 P qp=24 bytes=1794 avg=1699 kbps
[openvenc][rc] f=1991 P qp=23 bytes=2471 avg=1699 kbps
[openvenc][rc] f=1992 P qp=22 bytes=5661 avg=1699 kbps
[openvenc][rc] f=1993 P qp=21 bytes=24745 avg=1704 kbps
[openvenc][rc] f=1994 P qp=21 bytes=1429 avg=1704 kbps
[openvenc][rc] f=1995 P qp=20 bytes=25702 avg=1709 kbps
[openvenc][rc] f=1996 P qp=20 bytes=1488 avg=1708 kbps
[openvenc][rc] f=1997 P qp=19 bytes=26497 avg=1714 kbps
[openvenc][rc] f=1998 P qp=19 bytes=27259 avg=1719 kbps
[openvenc][rc] f=1999 P qp=21 bytes=25290 avg=1724 kbps
[openvenc][rc] f=2000 IDR qp=22 bytes=55075 avg=1737 kbps
[openvenc][rc] f=2001 P qp=22 bytes=23993 avg=1741 kbps
[openvenc][rc] f=2002 P qp=24 bytes=21250 avg=1745 kbps
[openvenc][rc] f=2003 P qp=26 bytes=20440 avg=1749 kbps
[openvenc][rc] f=2004 P qp=28 bytes=17426 avg=1753 kbps
[openvenc][rc] f=2005 P qp=30 bytes=2111 avg=1752 kbps
[openvenc][rc] f=2006 P qp=29 bytes=16261 avg=1755 kbps
[openvenc][rc] f=2007 P qp=29 bytes=1521 avg=1755 kbps
[openvenc][rc] f=2008 P qp=28 bytes=3087 avg=1755 kbps
[openvenc][rc] f=2009 P qp=27 bytes=2966 avg=1754 kbps
[openvenc][rc] f=2010 P qp=26 bytes=3166 avg=1754 kbps
[openvenc][rc] f=2011 P qp=25 bytes=3488 avg=1754 kbps
[openvenc][rc] f=2012 P qp=24 bytes=3565 avg=1754 kbps
[openvenc][rc] f=2013 P qp=23 bytes=4953 avg=1754 kbps
[openvenc][rc] f=2014 P qp=22 bytes=23334 avg=1759 kbps
[openvenc][rc] f=2015 P qp=22 bytes=1573 avg=1759 kbps
[openvenc][rc] f=2016 P qp=21 bytes=25800 avg=1764 kbps
[openvenc][rc] f=2017 P qp=21 bytes=1828 avg=1763 kbps
[openvenc][rc] f=2018 P qp=20 bytes=25687 avg=1768 kbps
[openvenc][rc] f=2019 P qp=20 bytes=2216 avg=1768 kbps
[openvenc][rc] f=2020 P qp=19 bytes=29097 avg=1774 kbps
[openvenc][rc] f=2021 P qp=19 bytes=3823 avg=1774 kbps
[openvenc][rc] f=2022 P qp=18 bytes=31219 avg=1780 kbps
[openvenc][rc] f=2023 P qp=18 bytes=27491 avg=1786 kbps
[openvenc][rc] f=2024 P qp=20 bytes=23699 avg=1791 kbps
[openvenc][rc] f=2025 P qp=22 bytes=22716 avg=1795 kbps
[openvenc][rc] f=2026 P qp=24 bytes=2712 avg=1795 kbps
[openvenc][rc] f=2027 P qp=23 bytes=2875 avg=1794 kbps
[openvenc][rc] f=2028 P qp=22 bytes=2904 avg=1794 kbps
[openvenc][rc] f=2029 P qp=21 bytes=3799 avg=1794 kbps
[openvenc][rc] f=2030 P qp=20 bytes=3681 avg=1794 kbps
[openvenc][rc] f=2031 P qp=19 bytes=3056 avg=1794 kbps
[openvenc][rc] f=2032 P qp=18 bytes=3911 avg=1794 kbps
[openvenc][rc] f=2033 P qp=17 bytes=7870 avg=1795 kbps
[openvenc][rc] f=2034 P qp=16 bytes=7522 avg=1796 kbps
[openvenc][rc] f=2035 P qp=16 bytes=2430 avg=1796 kbps
[openvenc][rc] f=2036 P qp=16 bytes=1321 avg=1795 kbps
[openvenc][rc] f=2037 P qp=16 bytes=1078 avg=1794 kbps
[openvenc][rc] f=2038 P qp=16 bytes=1025 avg=1794 kbps
[openvenc][rc] f=2039 P qp=16 bytes=997 avg=1793 kbps
[openvenc][rc] f=2040 P qp=16 bytes=1020 avg=1792 kbps
[openvenc][rc] f=2041 P qp=16 bytes=1045 avg=1792 kbps
[openvenc][rc] f=2042 P qp=16 bytes=1019 avg=1791 kbps
[openvenc][rc] f=2043 P qp=16 bytes=5438 avg=1792 kbps
[openvenc][rc] f=2044 P qp=16 bytes=3905 avg=1792 kbps
[openvenc][rc] f=2045 P qp=16 bytes=4262 avg=1792 kbps
[openvenc][rc] f=2046 P qp=16 bytes=1502 avg=1791 kbps
[openvenc][rc] f=2047 P qp=16 bytes=1142 avg=1791 kbps
[openvenc][rc] f=2048 P qp=16 bytes=1046 avg=1790 kbps
[openvenc][rc] f=2049 P qp=16 bytes=1045 avg=1789 kbps
[openvenc][rc] f=2050 IDR qp=17 bytes=66927 avg=1804 kbps
[openvenc][rc] f=2051 P qp=17 bytes=3046 avg=1804 kbps
[openvenc][rc] f=2052 P qp=16 bytes=3133 avg=1803 kbps
[openvenc][rc] f=2053 P qp=16 bytes=1476 avg=1803 kbps
[openvenc][rc] f=2054 P qp=16 bytes=1169 avg=1802 kbps
[openvenc][rc] f=2055 P qp=16 bytes=1097 avg=1802 kbps
[openvenc][rc] f=2056 P qp=16 bytes=1086 avg=1801 kbps
[openvenc][rc] f=2057 P qp=16 bytes=1050 avg=1800 kbps
[openvenc][rc] f=2058 P qp=16 bytes=1046 avg=1800 kbps
[openvenc][rc] f=2059 P qp=16 bytes=1040 avg=1799 kbps
[openvenc][rc] f=2060 P qp=16 bytes=1045 avg=1799 kbps
[openvenc][rc] f=2061 P qp=16 bytes=1045 avg=1798 kbps
[openvenc][rc] f=2062 P qp=16 bytes=1035 avg=1797 kbps
[openvenc][rc] f=2063 P qp=16 bytes=1575 avg=1797 kbps
[openvenc][rc] f=2064 P qp=16 bytes=1594 avg=1796 kbps
[openvenc][rc] f=2065 P qp=16 bytes=5562 avg=1797 kbps
[openvenc][rc] f=2066 P qp=16 bytes=31329 avg=1803 kbps
[openvenc][rc] f=2067 P qp=18 bytes=1950 avg=1802 kbps
[openvenc][rc] f=2068 P qp=17 bytes=28775 avg=1808 kbps
[openvenc][rc] f=2069 P qp=17 bytes=28369 avg=1814 kbps
[openvenc][rc] f=2070 P qp=19 bytes=25972 avg=1819 kbps
[openvenc][rc] f=2071 P qp=21 bytes=25286 avg=1824 kbps
[openvenc][rc] f=2072 P qp=23 bytes=22312 avg=1828 kbps
[openvenc][rc] f=2073 P qp=25 bytes=553 avg=1827 kbps
[openvenc][rc] f=2074 P qp=24 bytes=21449 avg=1831 kbps
[openvenc][rc] f=2075 P qp=24 bytes=20450 avg=1835 kbps
[openvenc][rc] f=2076 P qp=26 bytes=17341 avg=1838 kbps
[openvenc][rc] f=2077 P qp=28 bytes=17204 avg=1841 kbps
[openvenc][rc] f=2078 P qp=30 bytes=7911 avg=1842 kbps
[openvenc][rc] f=2079 P qp=29 bytes=3079 avg=1842 kbps
[openvenc][rc] f=2080 P qp=28 bytes=2868 avg=1841 kbps
[openvenc][rc] f=2081 P qp=27 bytes=2745 avg=1841 kbps
[openvenc][rc] f=2082 P qp=26 bytes=2660 avg=1841 kbps
[openvenc][rc] f=2083 P qp=25 bytes=2157 avg=1841 kbps
[openvenc][rc] f=2084 P qp=24 bytes=1897 avg=1840 kbps
[openvenc][rc] f=2085 P qp=23 bytes=2581 avg=1840 kbps
[openvenc][rc] f=2086 P qp=22 bytes=4995 avg=1840 kbps
[openvenc][rc] f=2087 P qp=21 bytes=2255 avg=1840 kbps
[openvenc][rc] f=2088 P qp=20 bytes=4793 avg=1840 kbps
[openvenc][rc] f=2089 P qp=19 bytes=27878 avg=1845 kbps
[openvenc][rc] f=2090 P qp=19 bytes=1792 avg=1845 kbps
[openvenc][rc] f=2091 P qp=18 bytes=26338 avg=1850 kbps
[openvenc][rc] f=2092 P qp=18 bytes=26148 avg=1855 kbps
[openvenc][rc] f=2093 P qp=20 bytes=26213 avg=1860 kbps
[openvenc][rc] f=2094 P qp=22 bytes=1075 avg=1859 kbps
[openvenc][rc] f=2095 P qp=21 bytes=25076 avg=1864 kbps
[openvenc][rc] f=2096 P qp=21 bytes=24000 avg=1869 kbps
[openvenc][rc] f=2097 P qp=23 bytes=23018 avg=1873 kbps
[openvenc][rc] f=2098 P qp=25 bytes=20119 avg=1876 kbps
[openvenc][rc] f=2099 P qp=27 bytes=2164 avg=1876 kbps
[openvenc][rc] f=2100 IDR qp=28 bytes=41473 avg=1884 kbps
[openvenc][rc] f=2101 P qp=28 bytes=2100 avg=1884 kbps
[openvenc][rc] f=2102 P qp=27 bytes=18564 avg=1887 kbps
[openvenc][rc] f=2103 P qp=27 bytes=1430 avg=1887 kbps
[openvenc][rc] f=2104 P qp=26 bytes=3831 avg=1887 kbps
[openvenc][rc] f=2105 P qp=25 bytes=5736 avg=1887 kbps
[openvenc][rc] f=2106 P qp=24 bytes=5678 avg=1887 kbps
[openvenc][rc] f=2107 P qp=23 bytes=8677 avg=1889 kbps
[openvenc][rc] f=2108 P qp=22 bytes=6616 avg=1889 kbps
[openvenc][rc] f=2109 P qp=21 bytes=5801 avg=1890 kbps
[openvenc][rc] f=2110 P qp=20 bytes=7472 avg=1890 kbps
[openvenc][rc] f=2111 P qp=19 bytes=9579 avg=1892 kbps
[openvenc][rc] f=2112 P qp=18 bytes=30199 avg=1897 kbps
[openvenc][rc] f=2113 P qp=18 bytes=3680 avg=1897 kbps
[openvenc][rc] f=2114 P qp=17 bytes=33303 avg=1904 kbps
[openvenc][rc] f=2115 P qp=17 bytes=29609 avg=1910 kbps
[openvenc][rc] f=2116 P qp=19 bytes=28148 avg=1915 kbps
[openvenc][rc] f=2117 P qp=21 bytes=25232 avg=1920 kbps
[openvenc][rc] f=2118 P qp=23 bytes=22665 avg=1924 kbps
[openvenc][rc] f=2119 P qp=25 bytes=19017 avg=1927 kbps
[openvenc][rc] f=2120 P qp=27 bytes=17454 avg=1930 kbps
[openvenc][rc] f=2121 P qp=29 bytes=17094 avg=1933 kbps
[openvenc][rc] f=2122 P qp=31 bytes=14945 avg=1935 kbps
[openvenc][rc] f=2123 P qp=33 bytes=1395 avg=1935 kbps
[openvenc][rc] f=2124 P qp=32 bytes=1485 avg=1934 kbps
[openvenc][rc] f=2125 P qp=31 bytes=1124 avg=1934 kbps
[openvenc][rc] f=2126 P qp=30 bytes=1563 avg=1933 kbps
[openvenc][rc] f=2127 P qp=29 bytes=2515 avg=1933 kbps
[openvenc][rc] f=2128 P qp=28 bytes=2688 avg=1932 kbps
[openvenc][rc] f=2129 P qp=27 bytes=1882 avg=1932 kbps
[openvenc][rc] f=2130 P qp=26 bytes=1817 avg=1931 kbps
[openvenc][rc] f=2131 P qp=25 bytes=2453 avg=1931 kbps
[openvenc][rc] f=2132 P qp=24 bytes=2172 avg=1931 kbps
[openvenc][rc] f=2133 P qp=23 bytes=4972 avg=1931 kbps
[openvenc][rc] f=2134 P qp=22 bytes=2545 avg=1930 kbps
[openvenc][rc] f=2135 P qp=21 bytes=24848 avg=1935 kbps
[openvenc][rc] f=2136 P qp=21 bytes=24901 avg=1940 kbps
[openvenc][rc] f=2137 P qp=23 bytes=874 avg=1939 kbps
[openvenc][rc] f=2138 P qp=22 bytes=23592 avg=1943 kbps
[openvenc][rc] f=2139 P qp=22 bytes=1077 avg=1942 kbps
[openvenc][rc] f=2140 P qp=21 bytes=23930 avg=1947 kbps
[openvenc][rc] f=2141 P qp=21 bytes=1235 avg=1946 kbps
[openvenc][rc] f=2142 P qp=20 bytes=25155 avg=1951 kbps
[openvenc][rc] f=2143 P qp=20 bytes=1432 avg=1950 kbps
[openvenc][rc] f=2144 P qp=19 bytes=25057 avg=1955 kbps
[openvenc][rc] f=2145 P qp=19 bytes=1737 avg=1954 kbps
[openvenc][rc] f=2146 P qp=18 bytes=6608 avg=1955 kbps
[openvenc][rc] f=2147 P qp=17 bytes=29602 avg=1960 kbps
[openvenc][rc] f=2148 P qp=17 bytes=21640 avg=1964 kbps
[openvenc][rc] f=2149 P qp=19 bytes=2422 avg=1964 kbps
[openvenc][rc] f=2150 IDR qp=20 bytes=60317 avg=1976 kbps
[openvenc][rc] f=2151 P qp=20 bytes=5897 avg=1977 kbps
[openvenc][rc] f=2152 P qp=19 bytes=5407 avg=1977 kbps
[openvenc][rc] f=2153 P qp=18 bytes=6353 avg=1977 kbps
[openvenc][rc] f=2154 P qp=17 bytes=7623 avg=1978 kbps
[openvenc][rc] f=2155 P qp=16 bytes=6737 avg=1979 kbps
[openvenc][rc] f=2156 P qp=16 bytes=6747 avg=1979 kbps
[openvenc][rc] f=2157 P qp=16 bytes=31537 avg=1985 kbps
[openvenc][rc] f=2158 P qp=18 bytes=2155 avg=1985 kbps
[openvenc][rc] f=2159 P qp=17 bytes=29457 avg=1990 kbps
[openvenc][rc] f=2160 P qp=17 bytes=29398 avg=1996 kbps
[openvenc][rc] f=2161 P qp=19 bytes=1034 avg=1995 kbps
[openvenc][rc] f=2162 P qp=18 bytes=28233 avg=2000 kbps
[openvenc][rc] f=2163 P qp=18 bytes=28106 avg=2006 kbps
[openvenc][rc] f=2164 P qp=20 bytes=24971 avg=2010 kbps
[openvenc][rc] f=2165 P qp=22 bytes=899 avg=2009 kbps
[openvenc][rc] f=2166 P qp=21 bytes=23783 avg=2014 kbps
[openvenc][rc] f=2167 P qp=21 bytes=23584 avg=2018 kbps
[openvenc][rc] f=2168 P qp=23 bytes=21392 avg=2021 kbps
[openvenc][rc] f=2169 P qp=25 bytes=20724 avg=2025 kbps
[openvenc][rc] f=2170 P qp=27 bytes=555 avg=2024 kbps
[openvenc][rc] f=2171 P qp=26 bytes=19003 avg=2027 kbps
[openvenc][rc] f=2172 P qp=26 bytes=729 avg=2027 kbps
[openvenc][rc] f=2173 P qp=25 bytes=3301 avg=2026 kbps
[openvenc][rc] f=2174 P qp=24 bytes=3868 avg=2026 kbps
[openvenc][rc] f=2175 P qp=23 bytes=1815 avg=2026 kbps
[openvenc][rc] f=2176 P qp=22 bytes=3250 avg=2026 kbps
[openvenc][rc] f=2177 P qp=21 bytes=2434 avg=2025 kbps
[openvenc][rc] f=2178 P qp=20 bytes=2309 avg=2025 kbps
[openvenc][rc] f=2179 P qp=19 bytes=25591 avg=2029 kbps
[openvenc][rc] f=2180 P qp=19 bytes=1361 avg=2029 kbps
[openvenc][rc] f=2181 P qp=18 bytes=26241 avg=2034 kbps
[openvenc][rc] f=2182 P qp=18 bytes=1291 avg=2033 kbps
[openvenc][rc] f=2183 P qp=17 bytes=28979 avg=2038 kbps
[openvenc][rc] f=2184 P qp=17 bytes=30013 avg=2044 kbps
[openvenc][rc] f=2185 P qp=19 bytes=25810 avg=2048 kbps
[openvenc][rc] f=2186 P qp=21 bytes=23746 avg=2053 kbps
[openvenc][rc] f=2187 P qp=23 bytes=21793 avg=2056 kbps
[openvenc][rc] f=2188 P qp=25 bytes=20258 avg=2060 kbps
[openvenc][rc] f=2189 P qp=27 bytes=18810 avg=2063 kbps
[openvenc][rc] f=2190 P qp=29 bytes=16103 avg=2065 kbps
[openvenc][rc] f=2191 P qp=31 bytes=13947 avg=2067 kbps
[openvenc][rc] f=2192 P qp=31 bytes=14580 avg=2070 kbps
[openvenc][rc] f=2193 P qp=33 bytes=12723 avg=2071 kbps
[openvenc][rc] f=2194 P qp=32 bytes=13745 avg=2073 kbps
[openvenc][rc] f=2195 P qp=32 bytes=6343 avg=2074 kbps
[openvenc][rc] f=2196 P qp=31 bytes=14349 avg=2076 kbps
[openvenc][rc] f=2197 P qp=33 bytes=1313 avg=2075 kbps
[openvenc][rc] f=2198 P qp=32 bytes=1406 avg=2075 kbps
[openvenc][rc] f=2199 P qp=31 bytes=962 avg=2074 kbps
[openvenc][rc] f=2200 IDR qp=32 bytes=32609 avg=2080 kbps
[openvenc][rc] f=2201 P qp=32 bytes=1297 avg=2079 kbps
[openvenc][rc] f=2202 P qp=31 bytes=1643 avg=2079 kbps
[openvenc][rc] f=2203 P qp=30 bytes=2522 avg=2078 kbps
[openvenc][rc] f=2204 P qp=29 bytes=6656 avg=2079 kbps
[openvenc][rc] f=2205 P qp=28 bytes=21310 avg=2082 kbps
[openvenc][rc] f=2206 P qp=28 bytes=17975 avg=2085 kbps
[openvenc][rc] f=2207 P qp=30 bytes=15424 avg=2088 kbps
[openvenc][rc] f=2208 P qp=32 bytes=13765 avg=2090 kbps
[openvenc][rc] f=2209 P qp=32 bytes=13746 avg=2092 kbps
[openvenc][rc] f=2210 P qp=32 bytes=14327 avg=2094 kbps
[openvenc][rc] f=2211 P qp=34 bytes=547 avg=2093 kbps
[openvenc][rc] f=2212 P qp=33 bytes=13917 avg=2095 kbps
[openvenc][rc] f=2213 P qp=33 bytes=835 avg=2094 kbps
[openvenc][rc] f=2214 P qp=32 bytes=14108 avg=2096 kbps
[openvenc][rc] f=2215 P qp=32 bytes=13859 avg=2098 kbps
[openvenc][rc] f=2216 P qp=32 bytes=13586 avg=2100 kbps
[openvenc][rc] f=2217 P qp=32 bytes=13267 avg=2102 kbps
[openvenc][rc] f=2218 P qp=32 bytes=14530 avg=2104 kbps
[openvenc][rc] f=2219 P qp=34 bytes=1809 avg=2104 kbps
[openvenc][rc] f=2220 P qp=33 bytes=1690 avg=2103 kbps
[openvenc][rc] f=2221 P qp=32 bytes=2977 avg=2103 kbps
[openvenc][rc] f=2222 P qp=31 bytes=1882 avg=2102 kbps
[openvenc][rc] f=2223 P qp=30 bytes=2572 avg=2102 kbps
[openvenc][rc] f=2224 P qp=29 bytes=2054 avg=2101 kbps
[openvenc][rc] f=2225 P qp=28 bytes=3762 avg=2101 kbps
[openvenc][rc] f=2226 P qp=27 bytes=8227 avg=2102 kbps
[openvenc][rc] f=2227 P qp=26 bytes=22339 avg=2106 kbps
[openvenc][rc] f=2228 P qp=26 bytes=3291 avg=2106 kbps
[openvenc][rc] f=2229 P qp=25 bytes=24035 avg=2110 kbps
[openvenc][rc] f=2230 P qp=25 bytes=3220 avg=2109 kbps
[openvenc][rc] f=2231 P qp=24 bytes=22593 avg=2113 kbps
[openvenc][rc] f=2232 P qp=24 bytes=22041 avg=2117 kbps
[openvenc][rc] f=2233 P qp=26 bytes=19963 avg=2120 kbps
[openvenc][rc] f=2234 P qp=28 bytes=17923 avg=2123 kbps
[openvenc][rc] f=2235 P qp=30 bytes=15910 avg=2125 kbps
[openvenc][rc] f=2236 P qp=32 bytes=13998 avg=2127 kbps
[openvenc][rc] f=2237 P qp=32 bytes=13971 avg=2129 kbps
[openvenc][rc] f=2238 P qp=32 bytes=7845 avg=2130 kbps
[openvenc][rc] f=2239 P qp=31 bytes=3209 avg=2130 kbps
[openvenc][rc] f=2240 P qp=30 bytes=3505 avg=2130 kbps
[openvenc][rc] f=2241 P qp=29 bytes=3202 avg=2129 kbps
[openvenc][rc] f=2242 P qp=28 bytes=2994 avg=2129 kbps
[openvenc][rc] f=2243 P qp=27 bytes=2134 avg=2129 kbps
[openvenc][rc] f=2244 P qp=26 bytes=2581 avg=2128 kbps
[openvenc][rc] f=2245 P qp=25 bytes=3325 avg=2128 kbps
[openvenc][rc] f=2246 P qp=24 bytes=3986 avg=2128 kbps
[openvenc][rc] f=2247 P qp=23 bytes=7966 avg=2129 kbps
[openvenc][rc] f=2248 P qp=22 bytes=7319 avg=2129 kbps
[openvenc][rc] f=2249 P qp=21 bytes=6962 avg=2130 kbps
[openvenc][rc] f=2250 IDR qp=22 bytes=55283 avg=2140 kbps
[openvenc][rc] f=2251 P qp=22 bytes=2411 avg=2140 kbps
[openvenc][rc] f=2252 P qp=21 bytes=2392 avg=2139 kbps
[openvenc][rc] f=2253 P qp=20 bytes=3158 avg=2139 kbps
[openvenc][rc] f=2254 P qp=19 bytes=6953 avg=2140 kbps
[openvenc][rc] f=2255 P qp=18 bytes=6127 avg=2140 kbps
[openvenc][rc] f=2256 P qp=17 bytes=9074 avg=2141 kbps
[openvenc][rc] f=2257 P qp=16 bytes=8146 avg=2142 kbps
[openvenc][rc] f=2258 P qp=16 bytes=3050 avg=2141 kbps
[openvenc][rc] f=2259 P qp=16 bytes=6322 avg=2142 kbps
[openvenc][rc] f=2260 P qp=16 bytes=30707 avg=2147 kbps
[openvenc][rc] f=2261 P qp=18 bytes=28465 avg=2152 kbps
[openvenc][rc] f=2262 P qp=20 bytes=1275 avg=2152 kbps
[openvenc][rc] f=2263 P qp=19 bytes=27750 avg=2156 kbps
[openvenc][rc] f=2264 P qp=19 bytes=27033 avg=2161 kbps
[openvenc][rc] f=2265 P qp=21 bytes=1103 avg=2160 kbps
[openvenc][rc] f=2266 P qp=20 bytes=23983 avg=2164 kbps
[openvenc][rc] f=2267 P qp=20 bytes=25239 avg=2169 kbps
[openvenc][rc] f=2268 P qp=22 bytes=24124 avg=2173 kbps
[openvenc][rc] f=2269 P qp=24 bytes=16328 avg=2175 kbps
[openvenc][rc] f=2270 P qp=26 bytes=742 avg=2174 kbps
[openvenc][rc] f=2271 P qp=25 bytes=21342 avg=2178 kbps
[openvenc][rc] f=2272 P qp=25 bytes=943 avg=2177 kbps
[openvenc][rc] f=2273 P qp=24 bytes=21302 avg=2181 kbps
[openvenc][rc] f=2274 P qp=24 bytes=1199 avg=2180 kbps
[openvenc][rc] f=2275 P qp=23 bytes=3090 avg=2179 kbps
[openvenc][rc] f=2276 P qp=22 bytes=3176 avg=2179 kbps
[openvenc][rc] f=2277 P qp=21 bytes=2671 avg=2179 kbps
[openvenc][rc] f=2278 P qp=20 bytes=2707 avg=2178 kbps
[openvenc][rc] f=2279 P qp=19 bytes=3173 avg=2178 kbps
[openvenc][rc] f=2280 P qp=18 bytes=3020 avg=2178 kbps
[openvenc][rc] f=2281 P qp=17 bytes=4128 avg=2178 kbps
[openvenc][rc] f=2282 P qp=16 bytes=4068 avg=2178 kbps
[openvenc][rc] f=2283 P qp=16 bytes=1948 avg=2177 kbps
[openvenc][rc] f=2284 P qp=16 bytes=1544 avg=2176 kbps
[openvenc][rc] f=2285 P qp=16 bytes=29869 avg=2182 kbps
[openvenc][rc] f=2286 P qp=18 bytes=1446 avg=2181 kbps
[openvenc][rc] f=2287 P qp=17 bytes=28811 avg=2186 kbps
[openvenc][rc] f=2288 P qp=17 bytes=2165 avg=2185 kbps
[openvenc][rc] f=2289 P qp=16 bytes=31361 avg=2191 kbps
[openvenc][rc] f=2290 P qp=16 bytes=2311 avg=2190 kbps
[openvenc][rc] f=2291 P qp=16 bytes=30613 avg=2196 kbps
[openvenc][rc] f=2292 P qp=18 bytes=1156 avg=2195 kbps
[openvenc][rc] f=2293 P qp=17 bytes=5108 avg=2195 kbps
[openvenc][rc] f=2294 P qp=16 bytes=4240 avg=2195 kbps
[openvenc][rc] f=2295 P qp=16 bytes=4641 avg=2195 kbps
[openvenc][rc] f=2296 P qp=16 bytes=4779 avg=2195 kbps
[openvenc][rc] f=2297 P qp=16 bytes=2527 avg=2195 kbps
[openvenc][rc] f=2298 P qp=16 bytes=3544 avg=2194 kbps
[openvenc][rc] f=2299 P qp=16 bytes=1507 avg=2194 kbps
[openvenc][rc] f=2300 IDR qp=17 bytes=66541 avg=2206 kbps
[openvenc][rc] f=2301 P qp=17 bytes=2967 avg=2206 kbps
[openvenc][rc] f=2302 P qp=16 bytes=3400 avg=2206 kbps
[openvenc][rc] f=2303 P qp=16 bytes=2002 avg=2205 kbps
[openvenc][rc] f=2304 P qp=16 bytes=1529 avg=2205 kbps
[openvenc][rc] f=2305 P qp=16 bytes=5826 avg=2205 kbps
[openvenc][rc] f=2306 P qp=16 bytes=1902 avg=2204 kbps
[openvenc][rc] f=2307 P qp=16 bytes=30117 avg=2210 kbps
[openvenc][rc] f=2308 P qp=18 bytes=1257 avg=2209 kbps
[openvenc][rc] f=2309 P qp=17 bytes=27981 avg=2214 kbps
[openvenc][rc] f=2310 P qp=17 bytes=1877 avg=2213 kbps
[openvenc][rc] f=2311 P qp=16 bytes=29415 avg=2218 kbps
[openvenc][rc] f=2312 P qp=16 bytes=31257 avg=2224 kbps
[openvenc][rc] f=2313 P qp=18 bytes=1091 avg=2223 kbps
[openvenc][rc] f=2314 P qp=17 bytes=28212 avg=2228 kbps
[openvenc][rc] f=2315 P qp=17 bytes=2239 avg=2227 kbps
[openvenc][rc] f=2316 P qp=16 bytes=29487 avg=2232 kbps
[openvenc][rc] f=2317 P qp=16 bytes=1678 avg=2231 kbps
[openvenc][rc] f=2318 P qp=16 bytes=6673 avg=2232 kbps
[openvenc][rc] f=2319 P qp=16 bytes=4042 avg=2232 kbps
[openvenc][rc] f=2320 P qp=16 bytes=2756 avg=2231 kbps
[openvenc][rc] f=2321 P qp=16 bytes=2513 avg=2231 kbps
[openvenc][rc] f=2322 P qp=16 bytes=1396 avg=2230 kbps
[openvenc][rc] f=2323 P qp=16 bytes=838 avg=2229 kbps
[openvenc][rc] f=2324 P qp=16 bytes=804 avg=2229 kbps
[openvenc][rc] f=2325 P qp=16 bytes=800 avg=2228 kbps
[openvenc][rc] f=2326 P qp=16 bytes=795 avg=2227 kbps
[openvenc][rc] f=2327 P qp=16 bytes=784 avg=2226 kbps
[openvenc][rc] f=2328 P qp=16 bytes=774 avg=2225 kbps
[openvenc][rc] f=2329 P qp=16 bytes=774 avg=2225 kbps
[openvenc][rc] f=2330 P qp=16 bytes=29771 avg=2230 kbps
[openvenc][rc] f=2331 P qp=18 bytes=26924 avg=2234 kbps
[openvenc][rc] f=2332 P qp=20 bytes=627 avg=2233 kbps
[openvenc][rc] f=2333 P qp=19 bytes=26570 avg=2238 kbps
[openvenc][rc] f=2334 P qp=19 bytes=1448 avg=2237 kbps
[openvenc][rc] f=2335 P qp=18 bytes=27529 avg=2242 kbps
[openvenc][rc] f=2336 P qp=18 bytes=26883 avg=2246 kbps
[openvenc][rc] f=2337 P qp=20 bytes=25923 avg=2250 kbps
[openvenc][rc] f=2338 P qp=22 bytes=6372 avg=2251 kbps
[openvenc][rc] f=2339 P qp=21 bytes=3822 avg=2251 kbps
[openvenc][rc] f=2340 P qp=20 bytes=3256 avg=2250 kbps
[openvenc][rc] f=2341 P qp=19 bytes=3320 avg=2250 kbps
[openvenc][rc] f=2342 P qp=18 bytes=1978 avg=2249 kbps
[openvenc][rc] f=2343 P qp=17 bytes=2869 avg=2249 kbps
[openvenc][rc] f=2344 P qp=16 bytes=3026 avg=2249 kbps
[openvenc][rc] f=2345 P qp=16 bytes=1218 avg=2248 kbps
[openvenc][rc] f=2346 P qp=16 bytes=867 avg=2247 kbps
[openvenc][rc] f=2347 P qp=16 bytes=849 avg=2246 kbps
[openvenc][rc] f=2348 P qp=16 bytes=838 avg=2246 kbps
[openvenc][rc] f=2349 P qp=16 bytes=839 avg=2245 kbps
[openvenc][rc] f=2350 IDR qp=17 bytes=66946 avg=2257 kbps
[openvenc][rc] f=2351 P qp=17 bytes=3067 avg=2257 kbps
[openvenc][rc] f=2352 P qp=16 bytes=3132 avg=2257 kbps
[openvenc][rc] f=2353 P qp=16 bytes=1477 avg=2256 kbps
[openvenc][rc] f=2354 P qp=16 bytes=1556 avg=2255 kbps
[openvenc][rc] f=2355 P qp=16 bytes=1126 avg=2255 kbps
[openvenc][rc] f=2356 P qp=16 bytes=1531 avg=2254 kbps
[openvenc][rc] f=2357 P qp=16 bytes=1096 avg=2253 kbps
[openvenc][rc] f=2358 P qp=16 bytes=1072 avg=2253 kbps
[openvenc][rc] f=2359 P qp=16 bytes=1387 avg=2252 kbps
[openvenc][rc] f=2360 P qp=16 bytes=1074 avg=2251 kbps
[openvenc][rc] f=2361 P qp=16 bytes=1071 avg=2250 kbps
[openvenc][rc] f=2362 P qp=16 bytes=1061 avg=2250 kbps
[openvenc][rc] f=2363 P qp=16 bytes=1055 avg=2249 kbps
[openvenc][rc] f=2364 P qp=16 bytes=1060 avg=2248 kbps
[openvenc][rc] f=2365 P qp=16 bytes=1059 avg=2247 kbps
[openvenc][rc] f=2366 P qp=16 bytes=1061 avg=2247 kbps
[openvenc][rc] f=2367 P qp=16 bytes=1055 avg=2246 kbps
[openvenc][rc] f=2368 P qp=16 bytes=1060 avg=2245 kbps
[openvenc][rc] f=2369 P qp=16 bytes=1059 avg=2244 kbps
[openvenc][rc] f=2370 P qp=16 bytes=1061 avg=2244 kbps
[openvenc][rc] f=2371 P qp=16 bytes=1357 avg=2243 kbps
[openvenc][rc] f=2372 P qp=16 bytes=1925 avg=2242 kbps
[openvenc][rc] f=2373 P qp=16 bytes=1836 avg=2242 kbps
[openvenc][rc] f=2374 P qp=16 bytes=4286 avg=2242 kbps
[openvenc][rc] f=2375 P qp=16 bytes=2851 avg=2241 kbps
[openvenc][rc] f=2376 P qp=16 bytes=3140 avg=2241 kbps
[openvenc][rc] f=2377 P qp=16 bytes=2626 avg=2241 kbps
[openvenc][rc] f=2378 P qp=16 bytes=2971 avg=2240 kbps
[openvenc][rc] f=2379 P qp=16 bytes=4065 avg=2240 kbps
[openvenc][rc] f=2380 P qp=16 bytes=2630 avg=2240 kbps
[openvenc][rc] f=2381 P qp=16 bytes=1217 avg=2239 kbps
[openvenc][rc] f=2382 P qp=16 bytes=1379 avg=2238 kbps
[openvenc][rc] f=2383 P qp=16 bytes=963 avg=2238 kbps
[openvenc][rc] f=2384 P qp=16 bytes=1098 avg=2237 kbps
[openvenc][rc] f=2385 P qp=16 bytes=1242 avg=2236 kbps
[openvenc][rc] f=2386 P qp=16 bytes=1345 avg=2236 kbps
[openvenc][rc] f=2387 P qp=16 bytes=1278 avg=2235 kbps
[openvenc][rc] f=2388 P qp=16 bytes=1771 avg=2234 kbps
[openvenc][rc] f=2389 P qp=16 bytes=1695 avg=2234 kbps
[openvenc][rc] f=2390 P qp=16 bytes=1601 avg=2233 kbps
[openvenc][rc] f=2391 P qp=16 bytes=1505 avg=2232 kbps
[openvenc][rc] f=2392 P qp=16 bytes=1429 avg=2232 kbps
[openvenc][rc] f=2393 P qp=16 bytes=1320 avg=2231 kbps
[openvenc][rc] f=2394 P qp=16 bytes=1330 avg=2230 kbps
[openvenc][rc] f=2395 P qp=16 bytes=1270 avg=2230 kbps
[openvenc][rc] f=2396 P qp=16 bytes=1295 avg=2229 kbps
[openvenc][rc] f=2397 P qp=16 bytes=1017 avg=2228 kbps
[openvenc][rc] f=2398 P qp=16 bytes=1003 avg=2228 kbps
[openvenc][rc] f=2399 P qp=16 bytes=1293 avg=2227 kbps
[openvenc][rc] f=2400 IDR qp=17 bytes=66494 avg=2239 kbps
[openvenc][rc] f=2401 P qp=17 bytes=3423 avg=2239 kbps
[openvenc][rc] f=2402 P qp=16 bytes=3421 avg=2239 kbps
[openvenc][rc] f=2403 P qp=16 bytes=1737 avg=2238 kbps
[openvenc][rc] f=2404 P qp=16 bytes=1533 avg=2237 kbps
[openvenc][rc] f=2405 P qp=16 bytes=1444 avg=2237 kbps
[openvenc][rc] f=2406 P qp=16 bytes=1209 avg=2236 kbps
[openvenc][rc] f=2407 P qp=16 bytes=1172 avg=2235 kbps
[openvenc][rc] f=2408 P qp=16 bytes=1399 avg=2235 kbps
[openvenc][rc] f=2409 P qp=16 bytes=1429 avg=2234 kbps
[openvenc][rc] f=2410 P qp=16 bytes=1466 avg=2233 kbps
[openvenc][rc] f=2411 P qp=16 bytes=1468 avg=2233 kbps
[openvenc][rc] f=2412 P qp=16 bytes=1402 avg=2232 kbps
[openvenc][rc] f=2413 P qp=16 bytes=1399 avg=2231 kbps
[openvenc][rc] f=2414 P qp=16 bytes=1391 avg=2231 kbps
[openvenc][rc] f=2415 P qp=16 bytes=1034 avg=2230 kbps
[openvenc][rc] f=2416 P qp=16 bytes=1171 avg=2229 kbps
[openvenc][rc] f=2417 P qp=16 bytes=1853 avg=2229 kbps
[openvenc][rc] f=2418 P qp=16 bytes=1475 avg=2228 kbps
[openvenc][rc] f=2419 P qp=16 bytes=2653 avg=2228 kbps
[openvenc][rc] f=2420 P qp=16 bytes=2331 avg=2227 kbps
[openvenc][rc] f=2421 P qp=16 bytes=1405 avg=2227 kbps
[openvenc][rc] f=2422 P qp=16 bytes=1437 avg=2226 kbps
[openvenc][rc] f=2423 P qp=16 bytes=1435 avg=2225 kbps
[openvenc][rc] f=2424 P qp=16 bytes=1429 avg=2225 kbps
[openvenc][rc] f=2425 P qp=16 bytes=1258 avg=2224 kbps
[openvenc][rc] f=2426 P qp=16 bytes=994 avg=2223 kbps
[openvenc][rc] f=2427 P qp=16 bytes=1023 avg=2223 kbps
[openvenc][rc] f=2428 P qp=16 bytes=1388 avg=2222 kbps
[openvenc][rc] f=2429 P qp=16 bytes=1417 avg=2221 kbps
[openvenc][rc] f=2430 P qp=16 bytes=1644 avg=2221 kbps
[openvenc][rc] f=2431 P qp=16 bytes=1396 avg=2220 kbps
[openvenc][rc] f=2432 P qp=16 bytes=1366 avg=2219 kbps
[openvenc][rc] f=2433 P qp=16 bytes=1391 avg=2219 kbps
[openvenc][rc] f=2434 P qp=16 bytes=1360 avg=2218 kbps
[openvenc][rc] f=2435 P qp=16 bytes=1417 avg=2218 kbps
[openvenc][rc] f=2436 P qp=16 bytes=1112 avg=2217 kbps
[openvenc][rc] f=2437 P qp=16 bytes=956 avg=2216 kbps
[openvenc][rc] f=2438 P qp=16 bytes=1046 avg=2215 kbps
[openvenc][rc] f=2439 P qp=16 bytes=1398 avg=2215 kbps
[openvenc][rc] f=2440 P qp=16 bytes=1504 avg=2214 kbps
[openvenc][rc] f=2441 P qp=16 bytes=1349 avg=2214 kbps
[openvenc][rc] f=2442 P qp=16 bytes=1585 avg=2213 kbps
[openvenc][rc] f=2443 P qp=16 bytes=1704 avg=2212 kbps
[openvenc][rc] f=2444 P qp=16 bytes=2934 avg=2212 kbps
[openvenc][rc] f=2445 P qp=16 bytes=2005 avg=2211 kbps
[openvenc][rc] f=2446 P qp=16 bytes=4254 avg=2211 kbps
[openvenc][rc] f=2447 P qp=16 bytes=3030 avg=2211 kbps
[openvenc][rc] f=2448 P qp=16 bytes=1929 avg=2211 kbps
[openvenc][rc] f=2449 P qp=16 bytes=2937 avg=2210 kbps
[openvenc][rc] f=2450 IDR qp=17 bytes=66434 avg=2222 kbps
[openvenc][rc] f=2451 P qp=17 bytes=3961 avg=2222 kbps
[openvenc][rc] f=2452 P qp=16 bytes=4668 avg=2222 kbps
[openvenc][rc] f=2453 P qp=16 bytes=2557 avg=2222 kbps
[openvenc][rc] f=2454 P qp=16 bytes=1287 avg=2221 kbps
[openvenc][rc] f=2455 P qp=16 bytes=1935 avg=2220 kbps
[openvenc][rc] f=2456 P qp=16 bytes=1785 avg=2220 kbps
[openvenc][rc] f=2457 P qp=16 bytes=1369 avg=2219 kbps
[openvenc][rc] f=2458 P qp=16 bytes=1317 avg=2219 kbps
[openvenc][rc] f=2459 P qp=16 bytes=1079 avg=2218 kbps
[openvenc][rc] f=2460 P qp=16 bytes=925 avg=2217 kbps
[openvenc][rc] f=2461 P qp=16 bytes=947 avg=2216 kbps
[openvenc][rc] f=2462 P qp=16 bytes=938 avg=2216 kbps
[openvenc][rc] f=2463 P qp=16 bytes=927 avg=2215 kbps
[openvenc][rc] f=2464 P qp=16 bytes=944 avg=2214 kbps
[openvenc][rc] f=2465 P qp=16 bytes=1140 avg=2214 kbps
[openvenc][rc] f=2466 P qp=16 bytes=1204 avg=2213 kbps
[openvenc][rc] f=2467 P qp=16 bytes=1021 avg=2212 kbps
[openvenc][rc] f=2468 P qp=16 bytes=1054 avg=2211 kbps
[openvenc][rc] f=2469 P qp=16 bytes=1060 avg=2211 kbps
[openvenc][rc] f=2470 P qp=16 bytes=1095 avg=2210 kbps
[openvenc][rc] f=2471 P qp=16 bytes=948 avg=2209 kbps
[openvenc][rc] f=2472 P qp=16 bytes=938 avg=2209 kbps
[openvenc][rc] f=2473 P qp=16 bytes=944 avg=2208 kbps
[openvenc][rc] f=2474 P qp=16 bytes=983 avg=2207 kbps
[openvenc][rc] f=2475 P qp=16 bytes=933 avg=2207 kbps
[openvenc][rc] f=2476 P qp=16 bytes=926 avg=2206 kbps
[openvenc][rc] f=2477 P qp=16 bytes=932 avg=2205 kbps
[openvenc][rc] f=2478 P qp=16 bytes=930 avg=2204 kbps
[openvenc][rc] f=2479 P qp=16 bytes=930 avg=2204 kbps
[openvenc][rc] f=2480 P qp=16 bytes=919 avg=2203 kbps
[openvenc][rc] f=2481 P qp=16 bytes=935 avg=2202 kbps
[openvenc][rc] f=2482 P qp=16 bytes=920 avg=2202 kbps
[openvenc][rc] f=2483 P qp=16 bytes=915 avg=2201 kbps
[openvenc][rc] f=2484 P qp=16 bytes=919 avg=2200 kbps
[openvenc][rc] f=2485 P qp=16 bytes=919 avg=2199 kbps
[openvenc][rc] f=2486 P qp=16 bytes=935 avg=2199 kbps
[openvenc][rc] f=2487 P qp=16 bytes=934 avg=2198 kbps
[openvenc][rc] f=2488 P qp=16 bytes=939 avg=2197 kbps
[openvenc][rc] f=2489 P qp=16 bytes=933 avg=2197 kbps
[openvenc][rc] f=2490 P qp=16 bytes=933 avg=2196 kbps
[openvenc][rc] f=2491 P qp=16 bytes=995 avg=2195 kbps
[openvenc][rc] f=2492 P qp=16 bytes=965 avg=2194 kbps
[openvenc][rc] f=2493 P qp=16 bytes=999 avg=2194 kbps
[openvenc][rc] f=2494 P qp=16 bytes=924 avg=2193 kbps
[openvenc][rc] f=2495 P qp=16 bytes=919 avg=2192 kbps
[openvenc][rc] f=2496 P qp=16 bytes=946 avg=2192 kbps
[openvenc][rc] f=2497 P qp=16 bytes=923 avg=2191 kbps
[openvenc][rc] f=2498 P qp=16 bytes=924 avg=2190 kbps
[openvenc][rc] f=2499 P qp=16 bytes=919 avg=2190 kbps
[openvenc][rc] f=2500 IDR qp=17 bytes=66412 avg=2201 kbps
[openvenc][rc] f=2501 P qp=17 bytes=3007 avg=2201 kbps
[openvenc][rc] f=2502 P qp=16 bytes=3110 avg=2201 kbps
[openvenc][rc] f=2503 P qp=16 bytes=1413 avg=2200 kbps
[openvenc][rc] f=2504 P qp=16 bytes=1140 avg=2199 kbps
[openvenc][rc] f=2505 P qp=16 bytes=1042 avg=2199 kbps
[openvenc][rc] f=2506 P qp=16 bytes=999 avg=2198 kbps
[openvenc][rc] f=2507 P qp=16 bytes=1063 avg=2197 kbps
[openvenc][rc] f=2508 P qp=16 bytes=1509 avg=2197 kbps
[openvenc][rc] f=2509 P qp=16 bytes=1187 avg=2196 kbps
[openvenc][rc] f=2510 P qp=16 bytes=1032 avg=2195 kbps
[openvenc][rc] f=2511 P qp=16 bytes=1006 avg=2195 kbps
[openvenc][rc] f=2512 P qp=16 bytes=995 avg=2194 kbps
[openvenc][rc] f=2513 P qp=16 bytes=990 avg=2193 kbps
[openvenc][rc] f=2514 P qp=16 bytes=994 avg=2193 kbps
[openvenc][rc] f=2515 P qp=16 bytes=994 avg=2192 kbps
[openvenc][rc] f=2516 P qp=16 bytes=995 avg=2191 kbps
[openvenc][rc] f=2517 P qp=16 bytes=1015 avg=2191 kbps
[openvenc][rc] f=2518 P qp=16 bytes=994 avg=2190 kbps
[openvenc][rc] f=2519 P qp=16 bytes=995 avg=2189 kbps
[openvenc][rc] f=2520 P qp=16 bytes=995 avg=2189 kbps
[openvenc][rc] f=2521 P qp=16 bytes=1013 avg=2188 kbps
[openvenc][rc] f=2522 P qp=16 bytes=1024 avg=2187 kbps
[openvenc][rc] f=2523 P qp=16 bytes=995 avg=2187 kbps
[openvenc][rc] f=2524 P qp=16 bytes=996 avg=2186 kbps
[openvenc][rc] f=2525 P qp=16 bytes=991 avg=2185 kbps
[openvenc][rc] f=2526 P qp=16 bytes=995 avg=2184 kbps
[openvenc][rc] f=2527 P qp=16 bytes=995 avg=2184 kbps
[openvenc][rc] f=2528 P qp=16 bytes=996 avg=2183 kbps
[openvenc][rc] f=2529 P qp=16 bytes=991 avg=2182 kbps
[openvenc][rc] f=2530 P qp=16 bytes=995 avg=2182 kbps
[openvenc][rc] f=2531 P qp=16 bytes=995 avg=2181 kbps
[openvenc][rc] f=2532 P qp=16 bytes=996 avg=2180 kbps
[openvenc][rc] f=2533 P qp=16 bytes=991 avg=2180 kbps
[openvenc][rc] f=2534 P qp=16 bytes=995 avg=2179 kbps
[openvenc][rc] f=2535 P qp=16 bytes=1697 avg=2179 kbps
[openvenc][rc] f=2536 P qp=16 bytes=964 avg=2178 kbps
[openvenc][rc] f=2537 P qp=16 bytes=942 avg=2177 kbps
[openvenc][rc] f=2538 P qp=16 bytes=946 avg=2176 kbps
[openvenc][rc] f=2539 P qp=16 bytes=946 avg=2176 kbps
[openvenc][rc] f=2540 P qp=16 bytes=947 avg=2175 kbps
[openvenc][rc] f=2541 P qp=16 bytes=967 avg=2174 kbps
[openvenc][rc] f=2542 P qp=16 bytes=3586 avg=2174 kbps
[openvenc][rc] f=2543 P qp=16 bytes=3763 avg=2174 kbps
[openvenc][rc] f=2544 P qp=16 bytes=3349 avg=2174 kbps
[openvenc][rc] f=2545 P qp=16 bytes=30223 avg=2179 kbps
[openvenc][rc] f=2546 P qp=18 bytes=26935 avg=2183 kbps
[openvenc][rc] f=2547 P qp=20 bytes=26912 avg=2187 kbps
[openvenc][rc] f=2548 P qp=22 bytes=23610 avg=2190 kbps
[openvenc][rc] f=2549 P qp=24 bytes=1027 avg=2190 kbps
[openvenc][rc] f=2550 IDR qp=25 bytes=48246 avg=2198 kbps
[openvenc][rc] f=2551 P qp=25 bytes=19801 avg=2201 kbps
[openvenc][rc] f=2552 P qp=27 bytes=17787 avg=2203 kbps
[openvenc][rc] f=2553 P qp=29 bytes=17353 avg=2205 kbps
[openvenc][rc] f=2554 P qp=31 bytes=15507 avg=2207 kbps
[openvenc][rc] f=2555 P qp=33 bytes=12620 avg=2209 kbps
[openvenc][rc] f=2556 P qp=32 bytes=13858 avg=2211 kbps
[openvenc][rc] f=2557 P qp=32 bytes=14054 avg=2212 kbps
[openvenc][rc] f=2558 P qp=32 bytes=13298 avg=2214 kbps
[openvenc][rc] f=2559 P qp=32 bytes=14210 avg=2216 kbps
[openvenc][rc] f=2560 P qp=32 bytes=13748 avg=2217 kbps
[openvenc][rc] f=2561 P qp=32 bytes=1605 avg=2217 kbps
[openvenc][rc] f=2562 P qp=31 bytes=1464 avg=2216 kbps
[openvenc][rc] f=2563 P qp=30 bytes=1525 avg=2216 kbps
[openvenc][rc] f=2564 P qp=29 bytes=2173 avg=2215 kbps
[openvenc][rc] f=2565 P qp=28 bytes=2335 avg=2215 kbps
[openvenc][rc] f=2566 P qp=27 bytes=18222 avg=2217 kbps
[openvenc][rc] f=2567 P qp=27 bytes=18443 avg=2220 kbps
[openvenc][rc] f=2568 P qp=29 bytes=17449 avg=2222 kbps
[openvenc][rc] f=2569 P qp=31 bytes=15159 avg=2224 kbps
[openvenc][rc] f=2570 P qp=33 bytes=12679 avg=2225 kbps
[openvenc][rc] f=2571 P qp=32 bytes=14766 avg=2227 kbps
[openvenc][rc] f=2572 P qp=34 bytes=12660 avg=2229 kbps
[openvenc][rc] f=2573 P qp=33 bytes=13319 avg=2230 kbps
[openvenc][rc] f=2574 P qp=33 bytes=12933 avg=2232 kbps
[openvenc][rc] f=2575 P qp=33 bytes=1707 avg=2231 kbps
[openvenc][rc] f=2576 P qp=32 bytes=1759 avg=2231 kbps
[openvenc][rc] f=2577 P qp=31 bytes=2165 avg=2230 kbps
[openvenc][rc] f=2578 P qp=30 bytes=1826 avg=2230 kbps
[openvenc][rc] f=2579 P qp=29 bytes=16747 avg=2232 kbps
[openvenc][rc] f=2580 P qp=29 bytes=16270 avg=2234 kbps
[openvenc][rc] f=2581 P qp=31 bytes=14832 avg=2236 kbps
[openvenc][rc] f=2582 P qp=33 bytes=13422 avg=2237 kbps
[openvenc][rc] f=2583 P qp=33 bytes=13587 avg=2239 kbps
[openvenc][rc] f=2584 P qp=33 bytes=13240 avg=2241 kbps
[openvenc][rc] f=2585 P qp=33 bytes=6307 avg=2241 kbps
[openvenc][rc] f=2586 P qp=32 bytes=3277 avg=2241 kbps
[openvenc][rc] f=2587 P qp=31 bytes=2685 avg=2240 kbps
[openvenc][rc] f=2588 P qp=30 bytes=1946 avg=2240 kbps
[openvenc][rc] f=2589 P qp=29 bytes=16850 avg=2242 kbps
[openvenc][rc] f=2590 P qp=29 bytes=16510 avg=2244 kbps
[openvenc][rc] f=2591 P qp=31 bytes=14940 avg=2246 kbps
[openvenc][rc] f=2592 P qp=33 bytes=13055 avg=2247 kbps
[openvenc][rc] f=2593 P qp=33 bytes=12404 avg=2249 kbps
[openvenc][rc] f=2594 P qp=32 bytes=13141 avg=2250 kbps
[openvenc][rc] f=2595 P qp=32 bytes=643 avg=2250 kbps
[openvenc][rc] f=2596 P qp=31 bytes=15573 avg=2252 kbps
[openvenc][rc] f=2597 P qp=31 bytes=1769 avg=2251 kbps
[openvenc][rc] f=2598 P qp=30 bytes=15966 avg=2253 kbps
[openvenc][rc] f=2599 P qp=30 bytes=15889 avg=2255 kbps
[openvenc][rc] f=2600 IDR qp=31 bytes=36105 avg=2261 kbps
[openvenc][rc] f=2601 P qp=31 bytes=15706 avg=2263 kbps
[openvenc][rc] f=2602 P qp=33 bytes=12861 avg=2264 kbps
[openvenc][rc] f=2603 P qp=32 bytes=13800 avg=2266 kbps
[openvenc][rc] f=2604 P qp=32 bytes=14880 avg=2268 kbps
[openvenc][rc] f=2605 P qp=34 bytes=866 avg=2267 kbps
[openvenc][rc] f=2606 P qp=33 bytes=968 avg=2266 kbps
[openvenc][rc] f=2607 P qp=32 bytes=1506 avg=2266 kbps
[openvenc][rc] f=2608 P qp=31 bytes=15265 avg=2268 kbps
[openvenc][rc] f=2609 P qp=31 bytes=14871 avg=2269 kbps
[openvenc][rc] f=2610 P qp=33 bytes=13371 avg=2271 kbps
[openvenc][rc] f=2611 P qp=33 bytes=12914 avg=2272 kbps
[openvenc][rc] f=2612 P qp=33 bytes=12888 avg=2274 kbps
[openvenc][rc] f=2613 P qp=33 bytes=1916 avg=2273 kbps
[openvenc][rc] f=2614 P qp=32 bytes=2139 avg=2273 kbps
[openvenc][rc] f=2615 P qp=31 bytes=15792 avg=2275 kbps
[openvenc][rc] f=2616 P qp=31 bytes=15393 avg=2277 kbps
[openvenc][rc] f=2617 P qp=33 bytes=13176 avg=2278 kbps
[openvenc][rc] f=2618 P qp=33 bytes=12820 avg=2280 kbps
[openvenc][rc] f=2619 P qp=32 bytes=13951 avg=2281 kbps
[openvenc][rc] f=2620 P qp=32 bytes=13499 avg=2283 kbps
[openvenc][rc] f=2621 P qp=32 bytes=13007 avg=2284 kbps
[openvenc][rc] f=2622 P qp=32 bytes=1064 avg=2284 kbps
[openvenc][rc] f=2623 P qp=31 bytes=15662 avg=2286 kbps
[openvenc][rc] f=2624 P qp=31 bytes=15338 avg=2287 kbps
[openvenc][rc] f=2625 P qp=33 bytes=12737 avg=2289 kbps
[openvenc][rc] f=2626 P qp=32 bytes=14005 avg=2291 kbps
[openvenc][rc] f=2627 P qp=32 bytes=13746 avg=2292 kbps
[openvenc][rc] f=2628 P qp=32 bytes=14104 avg=2294 kbps
[openvenc][rc] f=2629 P qp=32 bytes=14391 avg=2295 kbps
[openvenc][rc] f=2630 P qp=34 bytes=1412 avg=2295 kbps
[openvenc][rc] f=2631 P qp=33 bytes=953 avg=2294 kbps
[openvenc][rc] f=2632 P qp=32 bytes=13740 avg=2296 kbps
[openvenc][rc] f=2633 P qp=32 bytes=14738 avg=2298 kbps
[openvenc][rc] f=2634 P qp=34 bytes=12284 avg=2299 kbps
[openvenc][rc] f=2635 P qp=33 bytes=13423 avg=2300 kbps
[openvenc][rc] f=2636 P qp=33 bytes=13434 avg=2302 kbps
[openvenc][rc] f=2637 P qp=33 bytes=13291 avg=2303 kbps
[openvenc][rc] f=2638 P qp=33 bytes=1585 avg=2303 kbps
[openvenc][rc] f=2639 P qp=32 bytes=1964 avg=2302 kbps
[openvenc][rc] f=2640 P qp=31 bytes=15309 avg=2304 kbps
[openvenc][rc] f=2641 P qp=31 bytes=14986 avg=2306 kbps
[openvenc][rc] f=2642 P qp=33 bytes=12875 avg=2307 kbps
[openvenc][rc] f=2643 P qp=32 bytes=14503 avg=2309 kbps
[openvenc][rc] f=2644 P qp=34 bytes=12093 avg=2310 kbps
[openvenc][rc] f=2645 P qp=33 bytes=1972 avg=2310 kbps
[openvenc][rc] f=2646 P qp=32 bytes=2018 avg=2309 kbps
[openvenc][rc] f=2647 P qp=31 bytes=2825 avg=2309 kbps
[openvenc][rc] f=2648 P qp=30 bytes=16591 avg=2311 kbps
[openvenc][rc] f=2649 P qp=30 bytes=16429 avg=2313 kbps
[openvenc][rc] f=2650 IDR qp=31 bytes=36208 avg=2319 kbps
[openvenc][rc] f=2651 P qp=31 bytes=15484 avg=2321 kbps
[openvenc][rc] f=2652 P qp=33 bytes=12530 avg=2322 kbps
[openvenc][rc] f=2653 P qp=32 bytes=2253 avg=2321 kbps
[openvenc][rc] f=2654 P qp=31 bytes=2365 avg=2321 kbps
[openvenc][rc] f=2655 P qp=30 bytes=1899 avg=2320 kbps
[openvenc][rc] f=2656 P qp=29 bytes=2787 avg=2320 kbps
[openvenc][rc] f=2657 P qp=28 bytes=5425 avg=2320 kbps
[openvenc][rc] f=2658 P qp=27 bytes=5110 avg=2320 kbps
[openvenc][rc] f=2659 P qp=26 bytes=22061 avg=2323 kbps
[openvenc][rc] f=2660 P qp=26 bytes=19381 avg=2326 kbps
[openvenc][rc] f=2661 P qp=28 bytes=16505 avg=2328 kbps
[openvenc][rc] f=2662 P qp=30 bytes=16220 avg=2330 kbps
[openvenc][rc] f=2663 P qp=32 bytes=14585 avg=2332 kbps
[openvenc][rc] f=2664 P qp=34 bytes=12407 avg=2333 kbps
[openvenc][rc] f=2665 P qp=33 bytes=12831 avg=2334 kbps
[openvenc][rc] f=2666 P qp=32 bytes=1823 avg=2334 kbps
[openvenc][rc] f=2667 P qp=31 bytes=14709 avg=2335 kbps
[openvenc][rc] f=2668 P qp=31 bytes=14453 avg=2337 kbps
[openvenc][rc] f=2669 P qp=33 bytes=578 avg=2336 kbps
[openvenc][rc] f=2670 P qp=32 bytes=589 avg=2336 kbps
[openvenc][rc] f=2671 P qp=31 bytes=804 avg=2335 kbps
[openvenc][rc] f=2672 P qp=30 bytes=1170 avg=2334 kbps
[openvenc][rc] f=2673 P qp=29 bytes=1573 avg=2334 kbps
[openvenc][rc] f=2674 P qp=28 bytes=2907 avg=2333 kbps
[openvenc][rc] f=2675 P qp=27 bytes=3258 avg=2333 kbps
[openvenc][rc] f=2676 P qp=26 bytes=19801 avg=2336 kbps
[openvenc][rc] f=2677 P qp=26 bytes=18900 avg=2338 kbps
[openvenc][rc] f=2678 P qp=28 bytes=18469 avg=2340 kbps
[openvenc][rc] f=2679 P qp=30 bytes=1203 avg=2340 kbps
[openvenc][rc] f=2680 P qp=29 bytes=16830 avg=2342 kbps
[openvenc][rc] f=2681 P qp=29 bytes=17180 avg=2344 kbps
[openvenc][rc] f=2682 P qp=31 bytes=15680 avg=2346 kbps
[openvenc][rc] f=2683 P qp=33 bytes=13290 avg=2347 kbps
[openvenc][rc] f=2684 P qp=33 bytes=13419 avg=2349 kbps
[openvenc][rc] f=2685 P qp=33 bytes=12799 avg=2350 kbps
[openvenc][rc] f=2686 P qp=32 bytes=14594 avg=2352 kbps
[openvenc][rc] f=2687 P qp=34 bytes=12357 avg=2353 kbps
[openvenc][rc] f=2688 P qp=33 bytes=13734 avg=2355 kbps
[openvenc][rc] f=2689 P qp=33 bytes=13150 avg=2356 kbps
[openvenc][rc] f=2690 P qp=33 bytes=1558 avg=2356 kbps
[openvenc][rc] f=2691 P qp=32 bytes=1311 avg=2355 kbps
[openvenc][rc] f=2692 P qp=31 bytes=1758 avg=2354 kbps
[openvenc][rc] f=2693 P qp=30 bytes=1691 avg=2354 kbps
[openvenc][rc] f=2694 P qp=29 bytes=2122 avg=2353 kbps
[openvenc][rc] f=2695 P qp=28 bytes=2577 avg=2353 kbps
[openvenc][rc] f=2696 P qp=27 bytes=2712 avg=2352 kbps
[openvenc][rc] f=2697 P qp=26 bytes=4310 avg=2352 kbps
[openvenc][rc] f=2698 P qp=25 bytes=6761 avg=2353 kbps
[openvenc][rc] f=2699 P qp=24 bytes=5575 avg=2353 kbps
[openvenc][rc] f=2700 IDR qp=25 bytes=46832 avg=2360 kbps
[openvenc][rc] f=2701 P qp=25 bytes=1995 avg=2360 kbps
[openvenc][rc] f=2702 P qp=24 bytes=1832 avg=2359 kbps
[openvenc][rc] f=2703 P qp=23 bytes=3582 avg=2359 kbps
[openvenc][rc] f=2704 P qp=22 bytes=25458 avg=2362 kbps
[openvenc][rc] f=2705 P qp=22 bytes=23687 avg=2366 kbps
[openvenc][rc] f=2706 P qp=24 bytes=22276 avg=2369 kbps
[openvenc][rc] f=2707 P qp=26 bytes=19022 avg=2371 kbps
[openvenc][rc] f=2708 P qp=28 bytes=16319 avg=2373 kbps
[openvenc] up: hwid=0x43421500 H.265 1920x1080 framebuf 0x73800000+0xef8000 rc=vbr program=fixqp QP32 gop=50
[openvenc] rc: 8000 kbps @ 59 fps, seed QP 32 (bpp 0.0654)
[openvenc][rc] f=0 IDR qp=32 bytes=32337 avg=15263 kbps
[openvenc][rc] f=1 P qp=32 bytes=13976 avg=10930 kbps
[openvenc][rc] f=2 P qp=32 bytes=12574 avg=9265 kbps
[openvenc][rc] f=3 P qp=31 bytes=13655 avg=8560 kbps
[openvenc][rc] f=4 P qp=31 bytes=774 avg=6921 kbps
[openvenc][rc] f=5 P qp=30 bytes=981 avg=5845 kbps
[openvenc][rc] f=6 P qp=29 bytes=1823 avg=5133 kbps
[openvenc][rc] f=7 P qp=28 bytes=2565 avg=4642 kbps
[openvenc][rc] f=8 P qp=27 bytes=3061 avg=4287 kbps
[openvenc][rc] f=9 P qp=26 bytes=3274 avg=4013 kbps
[openvenc][rc] f=10 P qp=25 bytes=3852 avg=3813 kbps
[openvenc][rc] f=11 P qp=24 bytes=3688 avg=3641 kbps
[openvenc][rc] f=12 P qp=23 bytes=4169 avg=3512 kbps
[openvenc][rc] f=13 P qp=22 bytes=4366 avg=3408 kbps
[openvenc][rc] f=14 P qp=21 bytes=4645 avg=3327 kbps
[openvenc][rc] f=15 P qp=20 bytes=4568 avg=3254 kbps
[openvenc][rc] f=16 P qp=19 bytes=4862 avg=3198 kbps
[openvenc][rc] f=17 P qp=18 bytes=5511 avg=3165 kbps
[openvenc][rc] f=18 P qp=17 bytes=5096 avg=3125 kbps
[openvenc][rc] f=19 P qp=16 bytes=5535 avg=3099 kbps
[openvenc][rc] f=20 P qp=16 bytes=1354 avg=2982 kbps
[openvenc][rc] f=21 P qp=16 bytes=1014 avg=2868 kbps
[openvenc][rc] f=22 P qp=16 bytes=729 avg=2758 kbps
[openvenc][rc] f=23 P qp=16 bytes=706 avg=2657 kbps
[openvenc][rc] f=24 P qp=16 bytes=611 avg=2563 kbps
[openvenc][rc] f=25 P qp=16 bytes=580 avg=2474 kbps
[openvenc][rc] f=26 P qp=16 bytes=559 avg=2393 kbps
[openvenc][rc] f=27 P qp=16 bytes=564 avg=2317 kbps
[openvenc][rc] f=28 P qp=16 bytes=545 avg=2246 kbps
[openvenc][rc] f=29 P qp=16 bytes=527 avg=2179 kbps
[openvenc][rc] f=30 P qp=16 bytes=534 avg=2117 kbps
[openvenc][rc] f=31 P qp=16 bytes=530 avg=2059 kbps
[openvenc][rc] f=32 P qp=16 bytes=526 avg=2004 kbps
[openvenc][rc] f=33 P qp=16 bytes=520 avg=1952 kbps
[openvenc][rc] f=34 P qp=16 bytes=519 avg=1903 kbps
[openvenc][rc] f=35 P qp=16 bytes=533 avg=1857 kbps
[openvenc][rc] f=36 P qp=16 bytes=516 avg=1814 kbps
[openvenc][rc] f=37 P qp=16 bytes=525 avg=1773 kbps
[openvenc][rc] f=38 P qp=16 bytes=517 avg=1733 kbps
[openvenc][rc] f=39 P qp=16 bytes=531 avg=1696 kbps
[openvenc][rc] f=40 P qp=16 bytes=526 avg=1661 kbps
[openvenc][rc] f=41 P qp=16 bytes=525 avg=1627 kbps
[openvenc][rc] f=42 P qp=16 bytes=524 avg=1595 kbps
[openvenc][rc] f=43 P qp=16 bytes=524 avg=1565 kbps
[openvenc][rc] f=44 P qp=16 bytes=522 avg=1535 kbps
[openvenc][rc] f=45 P qp=16 bytes=521 avg=1507 kbps
[openvenc][rc] f=46 P qp=16 bytes=527 avg=1480 kbps
[openvenc][rc] f=47 P qp=16 bytes=530 avg=1455 kbps
[openvenc][rc] f=48 P qp=16 bytes=511 avg=1430 kbps
[openvenc][rc] f=49 P qp=16 bytes=514 avg=1406 kbps
[openvenc][rc] f=50 IDR qp=17 bytes=63495 avg=1966 kbps
[openvenc][rc] f=51 P qp=17 bytes=770 avg=1936 kbps
[openvenc][rc] f=52 P qp=16 bytes=1027 avg=1908 kbps
[openvenc][rc] f=53 P qp=16 bytes=723 avg=1879 kbps
[openvenc][rc] f=54 P qp=16 bytes=622 avg=1850 kbps
[openvenc][rc] f=55 P qp=16 bytes=525 avg=1822 kbps
[openvenc][rc] f=56 P qp=16 bytes=450 avg=1794 kbps
[openvenc][rc] f=57 P qp=16 bytes=422 avg=1766 kbps
[openvenc][rc] f=58 P qp=16 bytes=411 avg=1739 kbps
[openvenc][rc] f=59 P qp=16 bytes=412 avg=1714 kbps
[openvenc][rc] f=60 P qp=16 bytes=414 avg=1689 kbps
[openvenc][rc] f=61 P qp=16 bytes=413 avg=1665 kbps
[openvenc][rc] f=62 P qp=16 bytes=408 avg=1641 kbps
[openvenc][rc] f=63 P qp=16 bytes=409 avg=1619 kbps
[openvenc][rc] f=64 P qp=16 bytes=414 avg=1597 kbps
[openvenc][rc] f=65 P qp=16 bytes=413 avg=1576 kbps
[openvenc][rc] f=66 P qp=16 bytes=414 avg=1555 kbps
[openvenc][rc] f=67 P qp=16 bytes=409 avg=1535 kbps
[openvenc][rc] f=68 P qp=16 bytes=413 avg=1515 kbps
[openvenc][rc] f=69 P qp=16 bytes=414 avg=1497 kbps
[openvenc][rc] f=70 P qp=16 bytes=409 avg=1478 kbps
[openvenc][rc] f=71 P qp=16 bytes=409 avg=1460 kbps
[openvenc][rc] f=72 P qp=16 bytes=413 avg=1443 kbps
[openvenc][rc] f=73 P qp=16 bytes=413 avg=1426 kbps
[openvenc][rc] f=74 P qp=16 bytes=409 avg=1410 kbps
[openvenc][rc] f=75 P qp=16 bytes=409 avg=1394 kbps
[openvenc][rc] f=76 P qp=16 bytes=413 avg=1378 kbps
[openvenc][rc] f=77 P qp=16 bytes=415 avg=1363 kbps
[openvenc][rc] f=78 P qp=16 bytes=409 avg=1348 kbps
[openvenc][rc] f=79 P qp=16 bytes=408 avg=1334 kbps
[openvenc][rc] f=80 P qp=16 bytes=414 avg=1320 kbps
[openvenc][rc] f=81 P qp=16 bytes=414 avg=1306 kbps
[openvenc][rc] f=82 P qp=16 bytes=410 avg=1293 kbps
[openvenc][rc] f=83 P qp=16 bytes=408 avg=1279 kbps
[openvenc][rc] f=84 P qp=16 bytes=412 avg=1267 kbps
[openvenc][rc] f=85 P qp=16 bytes=414 avg=1254 kbps
[openvenc][rc] f=86 P qp=16 bytes=409 avg=1242 kbps
[openvenc][rc] f=87 P qp=16 bytes=409 avg=1230 kbps
[openvenc][rc] f=88 P qp=16 bytes=414 avg=1219 kbps
[openvenc][rc] f=89 P qp=16 bytes=414 avg=1207 kbps
[openvenc][rc] f=90 P qp=16 bytes=408 avg=1196 kbps
[openvenc][rc] f=91 P qp=16 bytes=409 avg=1185 kbps
[openvenc][rc] f=92 P qp=16 bytes=414 avg=1174 kbps
[openvenc][rc] f=93 P qp=16 bytes=414 avg=1164 kbps
[openvenc][rc] f=94 P qp=16 bytes=408 avg=1154 kbps
[openvenc][rc] f=95 P qp=16 bytes=408 avg=1144 kbps
[openvenc][rc] f=96 P qp=16 bytes=414 avg=1134 kbps
[openvenc][rc] f=97 P qp=16 bytes=414 avg=1124 kbps
[openvenc][rc] f=98 P qp=16 bytes=408 avg=1115 kbps
[openvenc][rc] f=99 P qp=16 bytes=414 avg=1106 kbps
[openvenc][rc] f=100 IDR qp=17 bytes=63495 avg=1392 kbps
[openvenc][rc] f=101 P qp=17 bytes=770 avg=1382 kbps
[openvenc][rc] f=102 P qp=16 bytes=1027 avg=1373 kbps
[openvenc][rc] f=103 P qp=16 bytes=723 avg=1363 kbps
[openvenc][rc] f=104 P qp=16 bytes=622 avg=1353 kbps
[openvenc][rc] f=105 P qp=16 bytes=525 avg=1342 kbps
[openvenc][rc] f=106 P qp=16 bytes=450 avg=1332 kbps
[openvenc][rc] f=107 P qp=16 bytes=422 avg=1321 kbps
[openvenc][rc] f=108 P qp=16 bytes=411 avg=1311 kbps
[openvenc][rc] f=109 P qp=16 bytes=412 avg=1301 kbps
[openvenc][rc] f=110 P qp=16 bytes=414 avg=1291 kbps
[openvenc][rc] f=111 P qp=16 bytes=413 avg=1281 kbps
[openvenc][rc] f=112 P qp=16 bytes=408 avg=1271 kbps
[openvenc][rc] f=113 P qp=16 bytes=409 avg=1262 kbps
[openvenc][rc] f=114 P qp=16 bytes=414 avg=1253 kbps
[openvenc][rc] f=115 P qp=16 bytes=413 avg=1244 kbps
[openvenc][rc] f=116 P qp=16 bytes=414 avg=1235 kbps
[openvenc][rc] f=117 P qp=16 bytes=409 avg=1226 kbps
[openvenc][rc] f=118 P qp=16 bytes=413 avg=1217 kbps
[openvenc][rc] f=119 P qp=16 bytes=414 avg=1209 kbps
[openvenc][rc] f=120 P qp=16 bytes=409 avg=1200 kbps
[openvenc][rc] f=121 P qp=16 bytes=409 avg=1192 kbps
[openvenc][rc] f=122 P qp=16 bytes=413 avg=1184 kbps
[openvenc][rc] f=123 P qp=16 bytes=413 avg=1176 kbps
[openvenc][rc] f=124 P qp=16 bytes=409 avg=1168 kbps
[openvenc][rc] f=125 P qp=16 bytes=409 avg=1160 kbps
[openvenc][rc] f=126 P qp=16 bytes=413 avg=1153 kbps
[openvenc][rc] f=127 P qp=16 bytes=415 avg=1145 kbps
[openvenc][rc] f=128 P qp=16 bytes=409 avg=1138 kbps
[openvenc][rc] f=129 P qp=16 bytes=408 avg=1131 kbps
[openvenc][rc] f=130 P qp=16 bytes=414 avg=1123 kbps
[openvenc][rc] f=131 P qp=16 bytes=414 avg=1116 kbps
[openvenc][rc] f=132 P qp=16 bytes=410 avg=1109 kbps
[openvenc][rc] f=133 P qp=16 bytes=408 avg=1103 kbps
[openvenc][rc] f=134 P qp=16 bytes=412 avg=1096 kbps
[openvenc][rc] f=135 P qp=16 bytes=414 avg=1089 kbps
[openvenc][rc] f=136 P qp=16 bytes=409 avg=1083 kbps
[openvenc][rc] f=137 P qp=16 bytes=409 avg=1076 kbps
[openvenc][rc] f=138 P qp=16 bytes=414 avg=1070 kbps
[openvenc][rc] f=139 P qp=16 bytes=414 avg=1064 kbps
[openvenc][rc] f=140 P qp=16 bytes=408 avg=1057 kbps
[openvenc][rc] f=141 P qp=16 bytes=409 avg=1051 kbps
[openvenc][rc] f=142 P qp=16 bytes=414 avg=1045 kbps
[openvenc][rc] f=143 P qp=16 bytes=414 avg=1040 kbps
[openvenc][rc] f=144 P qp=16 bytes=408 avg=1034 kbps
[openvenc][rc] f=145 P qp=16 bytes=408 avg=1028 kbps
[openvenc][rc] f=146 P qp=16 bytes=414 avg=1022 kbps
[openvenc][rc] f=147 P qp=16 bytes=414 avg=1017 kbps
[openvenc][rc] f=148 P qp=16 bytes=408 avg=1011 kbps
[openvenc][rc] f=149 P qp=16 bytes=414 avg=1006 kbps
[openvenc][rc] f=150 IDR qp=17 bytes=63495 avg=1198 kbps
[openvenc][rc] f=151 P qp=17 bytes=770 avg=1192 kbps
[openvenc][rc] f=152 P qp=16 bytes=1027 avg=1187 kbps
[openvenc][rc] f=153 P qp=16 bytes=723 avg=1182 kbps
[openvenc][rc] f=154 P qp=16 bytes=622 avg=1176 kbps
[openvenc][rc] f=155 P qp=16 bytes=525 avg=1170 kbps
[openvenc][rc] f=156 P qp=16 bytes=450 avg=1164 kbps
[openvenc][rc] f=157 P qp=16 bytes=422 avg=1158 kbps
[openvenc][rc] f=158 P qp=16 bytes=411 avg=1152 kbps
[openvenc][rc] f=159 P qp=16 bytes=412 avg=1146 kbps
[openvenc][rc] f=160 P qp=16 bytes=414 avg=1140 kbps
[openvenc][rc] f=161 P qp=16 bytes=413 avg=1134 kbps
[openvenc][rc] f=162 P qp=16 bytes=408 avg=1128 kbps
[openvenc][rc] f=163 P qp=16 bytes=409 avg=1123 kbps
[openvenc][rc] f=164 P qp=16 bytes=414 avg=1117 kbps
[openvenc][rc] f=165 P qp=16 bytes=413 avg=1112 kbps
[openvenc][rc] f=166 P qp=16 bytes=414 avg=1106 kbps
[openvenc][rc] f=167 P qp=16 bytes=409 avg=1101 kbps
[openvenc][rc] f=168 P qp=16 bytes=413 avg=1095 kbps
[openvenc][rc] f=169 P qp=16 bytes=414 avg=1090 kbps
[openvenc][rc] f=170 P qp=16 bytes=409 avg=1085 kbps
[openvenc][rc] f=171 P qp=16 bytes=409 avg=1080 kbps
[openvenc][rc] f=172 P qp=16 bytes=413 avg=1074 kbps
[openvenc][rc] f=173 P qp=16 bytes=413 avg=1069 kbps
[openvenc][rc] f=174 P qp=16 bytes=409 avg=1064 kbps
[openvenc][rc] f=175 P qp=16 bytes=409 avg=1059 kbps
[openvenc][rc] f=176 P qp=16 bytes=413 avg=1055 kbps
[openvenc][rc] f=177 P qp=16 bytes=415 avg=1050 kbps
[openvenc][rc] f=178 P qp=16 bytes=409 avg=1045 kbps
[openvenc][rc] f=179 P qp=16 bytes=408 avg=1040 kbps
[openvenc][rc] f=180 P qp=16 bytes=414 avg=1036 kbps
[openvenc][rc] f=181 P qp=16 bytes=414 avg=1031 kbps
[openvenc][rc] f=182 P qp=16 bytes=410 avg=1026 kbps
[openvenc][rc] f=183 P qp=16 bytes=408 avg=1022 kbps
[openvenc][rc] f=184 P qp=16 bytes=412 avg=1017 kbps
[openvenc][rc] f=185 P qp=16 bytes=414 avg=1013 kbps
[openvenc][rc] f=186 P qp=16 bytes=409 avg=1009 kbps
[openvenc][rc] f=187 P qp=16 bytes=409 avg=1004 kbps
[openvenc][rc] f=188 P qp=16 bytes=414 avg=1000 kbps
[openvenc][rc] f=189 P qp=16 bytes=414 avg=996 kbps
[openvenc][rc] f=190 P qp=16 bytes=408 avg=991 kbps
[openvenc][rc] f=191 P qp=16 bytes=409 avg=987 kbps
[openvenc][rc] f=192 P qp=16 bytes=414 avg=983 kbps
[openvenc][rc] f=193 P qp=16 bytes=414 avg=979 kbps
[openvenc][rc] f=194 P qp=16 bytes=408 avg=975 kbps
[openvenc][rc] f=195 P qp=16 bytes=408 avg=971 kbps
[openvenc][rc] f=196 P qp=16 bytes=414 avg=967 kbps
[openvenc][rc] f=197 P qp=16 bytes=414 avg=963 kbps
[openvenc][rc] f=198 P qp=16 bytes=408 avg=959 kbps
[openvenc][rc] f=199 P qp=16 bytes=414 avg=956 kbps
[openvenc][rc] f=200 IDR qp=17 bytes=63495 avg=1100 kbps
[openvenc][rc] f=201 P qp=17 bytes=770 avg=1096 kbps
[openvenc][rc] f=202 P qp=16 bytes=1027 avg=1093 kbps
[openvenc][rc] f=203 P qp=16 bytes=723 avg=1090 kbps
[openvenc][rc] f=204 P qp=16 bytes=622 avg=1086 kbps
[openvenc][rc] f=205 P qp=16 bytes=525 avg=1082 kbps
[openvenc][rc] f=206 P qp=16 bytes=450 avg=1077 kbps
[openvenc][rc] f=207 P qp=16 bytes=422 avg=1073 kbps
[openvenc][rc] f=208 P qp=16 bytes=411 avg=1069 kbps
[openvenc][rc] f=209 P qp=16 bytes=412 avg=1065 kbps
[openvenc][rc] f=210 P qp=16 bytes=414 avg=1061 kbps
[openvenc][rc] f=211 P qp=16 bytes=413 avg=1057 kbps
[openvenc][rc] f=212 P qp=16 bytes=408 avg=1053 kbps
[openvenc][rc] f=213 P qp=16 bytes=409 avg=1049 kbps
[openvenc][rc] f=214 P qp=16 bytes=414 avg=1045 kbps
[openvenc][rc] f=215 P qp=16 bytes=413 avg=1041 kbps
[openvenc][rc] f=216 P qp=16 bytes=414 avg=1037 kbps
[openvenc][rc] f=217 P qp=16 bytes=409 avg=1033 kbps
[openvenc][rc] f=218 P qp=16 bytes=413 avg=1029 kbps
[openvenc][rc] f=219 P qp=16 bytes=414 avg=1025 kbps
[openvenc][rc] f=220 P qp=16 bytes=409 avg=1022 kbps
[openvenc][rc] f=221 P qp=16 bytes=409 avg=1018 kbps
[openvenc][rc] f=222 P qp=16 bytes=413 avg=1014 kbps
[openvenc][rc] f=223 P qp=16 bytes=413 avg=1010 kbps
[openvenc][rc] f=224 P qp=16 bytes=409 avg=1007 kbps
[openvenc][rc] f=225 P qp=16 bytes=409 avg=1003 kbps
[openvenc][rc] f=226 P qp=16 bytes=413 avg=1000 kbps
[openvenc][rc] f=227 P qp=16 bytes=415 avg=996 kbps
[openvenc][rc] f=228 P qp=16 bytes=409 avg=993 kbps
[openvenc][rc] f=229 P qp=16 bytes=408 avg=989 kbps
[openvenc][rc] f=230 P qp=16 bytes=414 avg=986 kbps
[openvenc][rc] f=231 P qp=16 bytes=414 avg=982 kbps
[openvenc][rc] f=232 P qp=16 bytes=410 avg=979 kbps
[openvenc][rc] f=233 P qp=16 bytes=408 avg=976 kbps
[openvenc][rc] f=234 P qp=16 bytes=412 avg=972 kbps
[openvenc][rc] f=235 P qp=16 bytes=414 avg=969 kbps
[openvenc][rc] f=236 P qp=16 bytes=409 avg=966 kbps
[openvenc][rc] f=237 P qp=16 bytes=409 avg=962 kbps
[openvenc][rc] f=238 P qp=16 bytes=414 avg=959 kbps
[openvenc][rc] f=239 P qp=16 bytes=414 avg=956 kbps
[openvenc][rc] f=240 P qp=16 bytes=408 avg=953 kbps
[openvenc][rc] f=241 P qp=16 bytes=409 avg=950 kbps
[openvenc][rc] f=242 P qp=16 bytes=414 avg=947 kbps
[openvenc][rc] f=243 P qp=16 bytes=414 avg=944 kbps
[openvenc][rc] f=244 P qp=16 bytes=408 avg=940 kbps
[openvenc][rc] f=245 P qp=16 bytes=408 avg=937 kbps
[openvenc][rc] f=246 P qp=16 bytes=414 avg=934 kbps
[openvenc][rc] f=247 P qp=16 bytes=414 avg=931 kbps
[openvenc][rc] f=248 P qp=16 bytes=408 avg=928 kbps
[openvenc][rc] f=249 P qp=16 bytes=414 avg=926 kbps
[openvenc][rc] f=250 IDR qp=17 bytes=63495 avg=1041 kbps
[openvenc][rc] f=251 P qp=17 bytes=770 avg=1039 kbps
[openvenc][rc] f=252 P qp=16 bytes=1027 avg=1036 kbps
[openvenc][rc] f=253 P qp=16 bytes=723 avg=1034 kbps
[openvenc][rc] f=254 P qp=16 bytes=622 avg=1031 kbps
[openvenc][rc] f=255 P qp=16 bytes=525 avg=1028 kbps
[openvenc][rc] f=256 P qp=16 bytes=450 avg=1025 kbps
[openvenc][rc] f=257 P qp=16 bytes=422 avg=1021 kbps
[openvenc][rc] f=258 P qp=16 bytes=411 avg=1018 kbps
[openvenc][rc] f=259 P qp=16 bytes=412 avg=1015 kbps
[openvenc][rc] f=260 P qp=16 bytes=414 avg=1012 kbps
[openvenc][rc] f=261 P qp=16 bytes=413 avg=1009 kbps
[openvenc][rc] f=262 P qp=16 bytes=408 avg=1006 kbps
[openvenc][rc] f=263 P qp=16 bytes=409 avg=1003 kbps
[openvenc][rc] f=264 P qp=16 bytes=414 avg=999 kbps
[openvenc][rc] f=265 P qp=16 bytes=413 avg=996 kbps
[openvenc][rc] f=266 P qp=16 bytes=414 avg=993 kbps
[openvenc][rc] f=267 P qp=16 bytes=409 avg=990 kbps
[openvenc][rc] f=268 P qp=16 bytes=413 avg=988 kbps
[openvenc][rc] f=269 P qp=16 bytes=414 avg=985 kbps
[openvenc][rc] f=270 P qp=16 bytes=409 avg=982 kbps
[openvenc][rc] f=271 P qp=16 bytes=409 avg=979 kbps
[openvenc][rc] f=272 P qp=16 bytes=413 avg=976 kbps
[openvenc][rc] f=273 P qp=16 bytes=413 avg=973 kbps
[openvenc][rc] f=274 P qp=16 bytes=409 avg=970 kbps
[openvenc][rc] f=275 P qp=16 bytes=409 avg=967 kbps
[openvenc][rc] f=276 P qp=16 bytes=413 avg=965 kbps
[openvenc][rc] f=277 P qp=16 bytes=415 avg=962 kbps
[openvenc][rc] f=278 P qp=16 bytes=409 avg=959 kbps
[openvenc][rc] f=279 P qp=16 bytes=408 avg=956 kbps
[openvenc][rc] f=280 P qp=16 bytes=414 avg=954 kbps
[openvenc][rc] f=281 P qp=16 bytes=414 avg=951 kbps
[openvenc][rc] f=282 P qp=16 bytes=410 avg=948 kbps
[openvenc][rc] f=283 P qp=16 bytes=408 avg=946 kbps
[openvenc][rc] f=284 P qp=16 bytes=412 avg=943 kbps
[openvenc][rc] f=285 P qp=16 bytes=414 avg=940 kbps
[openvenc][rc] f=286 P qp=16 bytes=409 avg=938 kbps
[openvenc][rc] f=287 P qp=16 bytes=409 avg=935 kbps
[openvenc][rc] f=288 P qp=16 bytes=414 avg=933 kbps
[openvenc][rc] f=289 P qp=16 bytes=414 avg=930 kbps
[openvenc][rc] f=290 P qp=16 bytes=408 avg=928 kbps
[openvenc][rc] f=291 P qp=16 bytes=409 avg=925 kbps
[openvenc][rc] f=292 P qp=16 bytes=414 avg=923 kbps
[openvenc][rc] f=293 P qp=16 bytes=414 avg=920 kbps
[openvenc][rc] f=294 P qp=16 bytes=408 avg=918 kbps
[openvenc][rc] f=295 P qp=16 bytes=408 avg=915 kbps
[openvenc][rc] f=296 P qp=16 bytes=414 avg=913 kbps
[openvenc][rc] f=297 P qp=16 bytes=414 avg=910 kbps
[openvenc][rc] f=298 P qp=16 bytes=408 avg=908 kbps
[openvenc][rc] f=299 P qp=16 bytes=414 avg=906 kbps
[openvenc][rc] f=300 IDR qp=17 bytes=63495 avg=1002 kbps
[openvenc][rc] f=301 P qp=17 bytes=770 avg=1000 kbps
[openvenc][rc] f=302 P qp=16 bytes=1027 avg=998 kbps
[openvenc][rc] f=303 P qp=16 bytes=723 avg=996 kbps
[openvenc][rc] f=304 P qp=16 bytes=622 avg=994 kbps
[openvenc][rc] f=305 P qp=16 bytes=525 avg=991 kbps
[openvenc][rc] f=306 P qp=16 bytes=450 avg=989 kbps
[openvenc][rc] f=307 P qp=16 bytes=422 avg=986 kbps
[openvenc][rc] f=308 P qp=16 bytes=411 avg=984 kbps
[openvenc][rc] f=309 P qp=16 bytes=412 avg=981 kbps
[openvenc][rc] f=310 P qp=16 bytes=414 avg=979 kbps
[openvenc][rc] f=311 P qp=16 bytes=413 avg=976 kbps
[openvenc][rc] f=312 P qp=16 bytes=408 avg=974 kbps
[openvenc][rc] f=313 P qp=16 bytes=409 avg=971 kbps
[openvenc][rc] f=314 P qp=16 bytes=414 avg=969 kbps
[openvenc][rc] f=315 P qp=16 bytes=413 avg=966 kbps
[openvenc][rc] f=316 P qp=16 bytes=414 avg=964 kbps
[openvenc][rc] f=317 P qp=16 bytes=409 avg=961 kbps
[openvenc][rc] f=318 P qp=16 bytes=413 avg=959 kbps
[openvenc][rc] f=319 P qp=16 bytes=414 avg=957 kbps
[openvenc][rc] f=320 P qp=16 bytes=409 avg=954 kbps
[openvenc][rc] f=321 P qp=16 bytes=409 avg=952 kbps
[openvenc][rc] f=322 P qp=16 bytes=413 avg=949 kbps
[openvenc][rc] f=323 P qp=16 bytes=413 avg=947 kbps
[openvenc][rc] f=324 P qp=16 bytes=409 avg=945 kbps
[openvenc][rc] f=325 P qp=16 bytes=409 avg=943 kbps
[openvenc][rc] f=326 P qp=16 bytes=413 avg=940 kbps
[openvenc][rc] f=327 P qp=16 bytes=415 avg=938 kbps
[openvenc][rc] f=328 P qp=16 bytes=409 avg=936 kbps
[openvenc][rc] f=329 P qp=16 bytes=408 avg=933 kbps
[openvenc][rc] f=330 P qp=16 bytes=414 avg=931 kbps
[openvenc][rc] f=331 P qp=16 bytes=414 avg=929 kbps
[openvenc][rc] f=332 P qp=16 bytes=410 avg=927 kbps
[openvenc][rc] f=333 P qp=16 bytes=408 avg=925 kbps
[openvenc][rc] f=334 P qp=16 bytes=412 avg=922 kbps
[openvenc][rc] f=335 P qp=16 bytes=414 avg=920 kbps
[openvenc][rc] f=336 P qp=16 bytes=409 avg=918 kbps
[openvenc][rc] f=337 P qp=16 bytes=409 avg=916 kbps
[openvenc][rc] f=338 P qp=16 bytes=414 avg=914 kbps
[openvenc][rc] f=339 P qp=16 bytes=414 avg=912 kbps
[openvenc][rc] f=340 P qp=16 bytes=408 avg=910 kbps
[openvenc][rc] f=341 P qp=16 bytes=558 avg=908 kbps
[openvenc][rc] f=342 P qp=16 bytes=422 avg=906 kbps
[openvenc][rc] f=343 P qp=16 bytes=643 avg=904 kbps
[openvenc][rc] f=344 P qp=16 bytes=796 avg=902 kbps
[openvenc][rc] f=345 P qp=16 bytes=640 avg=901 kbps
[openvenc][rc] f=346 P qp=16 bytes=449 avg=899 kbps
[openvenc][rc] f=347 P qp=16 bytes=455 avg=897 kbps
[openvenc][rc] f=348 P qp=16 bytes=424 avg=895 kbps
[openvenc][rc] f=349 P qp=16 bytes=425 avg=893 kbps
[openvenc][rc] f=350 IDR qp=17 bytes=63597 avg=976 kbps
[openvenc][rc] f=351 P qp=17 bytes=916 avg=974 kbps
[openvenc][rc] f=352 P qp=16 bytes=1107 avg=973 kbps
[openvenc][rc] f=353 P qp=16 bytes=1017 avg=971 kbps
[openvenc][rc] f=354 P qp=16 bytes=986 avg=970 kbps
[openvenc][rc] f=355 P qp=16 bytes=863 avg=968 kbps
[openvenc][rc] f=356 P qp=16 bytes=2122 avg=969 kbps
[openvenc][rc] f=357 P qp=16 bytes=1996 avg=968 kbps
[openvenc][rc] f=358 P qp=16 bytes=2297 avg=969 kbps
[openvenc][rc] f=359 P qp=16 bytes=552 avg=967 kbps
[openvenc][rc] f=360 P qp=16 bytes=479 avg=965 kbps
[openvenc][rc] f=361 P qp=16 bytes=438 avg=963 kbps
[openvenc][rc] f=362 P qp=16 bytes=424 avg=961 kbps
[openvenc][rc] f=363 P qp=16 bytes=401 avg=958 kbps
[openvenc][rc] f=364 P qp=16 bytes=402 avg=956 kbps
[openvenc][rc] f=365 P qp=16 bytes=402 avg=954 kbps
[openvenc][rc] f=366 P qp=16 bytes=403 avg=952 kbps
[openvenc][rc] f=367 P qp=16 bytes=398 avg=950 kbps
[openvenc][rc] f=368 P qp=16 bytes=401 avg=948 kbps
[openvenc][rc] f=369 P qp=16 bytes=402 avg=946 kbps
[openvenc][rc] f=370 P qp=16 bytes=398 avg=944 kbps
[openvenc][rc] f=371 P qp=16 bytes=398 avg=942 kbps
[openvenc][rc] f=372 P qp=16 bytes=401 avg=940 kbps
[openvenc][rc] f=373 P qp=16 bytes=401 avg=938 kbps
[openvenc][rc] f=374 P qp=16 bytes=398 avg=936 kbps
[openvenc][rc] f=375 P qp=16 bytes=398 avg=934 kbps
[openvenc][rc] f=376 P qp=16 bytes=402 avg=932 kbps
[openvenc][rc] f=377 P qp=16 bytes=403 avg=930 kbps
[openvenc][rc] f=378 P qp=16 bytes=398 avg=928 kbps
[openvenc][rc] f=379 P qp=16 bytes=397 avg=926 kbps
[openvenc][rc] f=380 P qp=16 bytes=402 avg=924 kbps
[openvenc][rc] f=381 P qp=16 bytes=402 avg=922 kbps
[openvenc][rc] f=382 P qp=16 bytes=398 avg=920 kbps
[openvenc][rc] f=383 P qp=16 bytes=397 avg=918 kbps
[openvenc][rc] f=384 P qp=16 bytes=401 avg=916 kbps
[openvenc][rc] f=385 P qp=16 bytes=402 avg=915 kbps
[openvenc][rc] f=386 P qp=16 bytes=398 avg=913 kbps
[openvenc][rc] f=387 P qp=16 bytes=397 avg=911 kbps
[openvenc][rc] f=388 P qp=16 bytes=403 avg=909 kbps
[openvenc][rc] f=389 P qp=16 bytes=402 avg=907 kbps
[openvenc][rc] f=390 P qp=16 bytes=397 avg=905 kbps
[openvenc][rc] f=391 P qp=16 bytes=398 avg=903 kbps
[openvenc][rc] f=392 P qp=16 bytes=402 avg=902 kbps
[openvenc][rc] f=393 P qp=16 bytes=402 avg=900 kbps
[openvenc][rc] f=394 P qp=16 bytes=397 avg=898 kbps
[openvenc][rc] f=395 P qp=16 bytes=396 avg=896 kbps
[openvenc][rc] f=396 P qp=16 bytes=402 avg=894 kbps
[openvenc][rc] f=397 P qp=16 bytes=402 avg=893 kbps
[openvenc][rc] f=398 P qp=16 bytes=397 avg=891 kbps
[openvenc][rc] f=399 P qp=16 bytes=403 avg=889 kbps
[openvenc][rc] f=400 IDR qp=17 bytes=63727 avg=962 kbps
[openvenc][rc] f=401 P qp=17 bytes=781 avg=961 kbps
[openvenc][rc] f=402 P qp=16 bytes=1040 avg=959 kbps
[openvenc][rc] f=403 P qp=16 bytes=709 avg=958 kbps
[openvenc][rc] f=404 P qp=16 bytes=553 avg=956 kbps
[openvenc][rc] f=405 P qp=16 bytes=513 avg=954 kbps
[openvenc][rc] f=406 P qp=16 bytes=446 avg=953 kbps
[openvenc][rc] f=407 P qp=16 bytes=426 avg=951 kbps
[openvenc][rc] f=408 P qp=16 bytes=419 avg=949 kbps
[openvenc][rc] f=409 P qp=16 bytes=417 avg=947 kbps
[openvenc][rc] f=410 P qp=16 bytes=416 avg=945 kbps
[openvenc][rc] f=411 P qp=16 bytes=418 avg=943 kbps
[openvenc][rc] f=412 P qp=16 bytes=417 avg=942 kbps
[openvenc][rc] f=413 P qp=16 bytes=416 avg=940 kbps
[openvenc][rc] f=414 P qp=16 bytes=418 avg=938 kbps
[openvenc][rc] f=415 P qp=16 bytes=417 avg=936 kbps
[openvenc][rc] f=416 P qp=16 bytes=415 avg=934 kbps
[openvenc][rc] f=417 P qp=16 bytes=418 avg=933 kbps
[openvenc][rc] f=418 P qp=16 bytes=416 avg=931 kbps
[openvenc][rc] f=419 P qp=16 bytes=416 avg=929 kbps
[openvenc][rc] f=420 P qp=16 bytes=419 avg=927 kbps
[openvenc][rc] f=421 P qp=16 bytes=416 avg=926 kbps
[openvenc][rc] f=422 P qp=16 bytes=417 avg=924 kbps
[openvenc][rc] f=423 P qp=16 bytes=418 avg=922 kbps
[openvenc][rc] f=424 P qp=16 bytes=418 avg=921 kbps
[openvenc][rc] f=425 P qp=16 bytes=414 avg=919 kbps
[openvenc] up: hwid=0x43421500 H.264 1920x1080 framebuf 0x73800000+0xef8000 rc=vbr program=fixqp QP32 gop=50
[openvenc] rc: 8000 kbps @ 59 fps, seed QP 32 (bpp 0.0654)
[openvenc][rc] f=0 IDR qp=32 bytes=32519 avg=15349 kbps
[openvenc][rc] f=1 P qp=32 bytes=1230 avg=7965 kbps
[openvenc][rc] f=2 P qp=31 bytes=1388 avg=5528 kbps
[openvenc][rc] f=3 P qp=30 bytes=2498 avg=4441 kbps
[openvenc][rc] f=4 P qp=29 bytes=4941 avg=4019 kbps
[openvenc][rc] f=5 P qp=28 bytes=6288 avg=3844 kbps
[openvenc][rc] f=6 P qp=27 bytes=5560 avg=3670 kbps
[openvenc][rc] f=7 P qp=26 bytes=6050 avg=3568 kbps
[openvenc][rc] f=8 P qp=25 bytes=7176 avg=3548 kbps
[openvenc][rc] f=9 P qp=24 bytes=5575 avg=3456 kbps
[openvenc][rc] f=10 P qp=23 bytes=7963 avg=3484 kbps
[openvenc][rc] f=11 P qp=22 bytes=7317 avg=3481 kbps
[openvenc][rc] f=12 P qp=21 bytes=6974 avg=3467 kbps
[openvenc][rc] f=13 P qp=20 bytes=6891 avg=3451 kbps
[openvenc][rc] f=14 P qp=19 bytes=9438 avg=3518 kbps
[openvenc][rc] f=15 P qp=18 bytes=9010 avg=3564 kbps
[openvenc][rc] f=16 P qp=17 bytes=10627 avg=3650 kbps
[openvenc][rc] f=17 P qp=16 bytes=8498 avg=3670 kbps
[openvenc][rc] f=18 P qp=16 bytes=3191 avg=3556 kbps
[openvenc][rc] f=19 P qp=16 bytes=2055 avg=3426 kbps
[openvenc][rc] f=20 P qp=16 bytes=1819 avg=3304 kbps
[openvenc][rc] f=21 P qp=16 bytes=1784 avg=3192 kbps
[openvenc][rc] f=22 P qp=16 bytes=1678 avg=3088 kbps
[openvenc][rc] f=23 P qp=16 bytes=1605 avg=2991 kbps
[openvenc][rc] f=24 P qp=16 bytes=1339 avg=2896 kbps
[openvenc][rc] f=25 P qp=16 bytes=1236 avg=2807 kbps
[openvenc][rc] f=26 P qp=16 bytes=1303 avg=2726 kbps
[openvenc][rc] f=27 P qp=16 bytes=1238 avg=2650 kbps
[openvenc][rc] f=28 P qp=16 bytes=1224 avg=2578 kbps
[openvenc][rc] f=29 P qp=16 bytes=1194 avg=2511 kbps
[openvenc][rc] f=30 P qp=16 bytes=1170 avg=2448 kbps
[openvenc][rc] f=31 P qp=16 bytes=1175 avg=2389 kbps
[openvenc][rc] f=32 P qp=16 bytes=1174 avg=2333 kbps
[openvenc][rc] f=33 P qp=16 bytes=1166 avg=2281 kbps
[openvenc][rc] f=34 P qp=16 bytes=1171 avg=2231 kbps
[openvenc][rc] f=35 P qp=16 bytes=1160 avg=2185 kbps
[openvenc][rc] f=36 P qp=16 bytes=1152 avg=2140 kbps
[openvenc][rc] f=37 P qp=16 bytes=1152 avg=2098 kbps
[openvenc][rc] f=38 P qp=16 bytes=1152 avg=2058 kbps
[openvenc][rc] f=39 P qp=16 bytes=1152 avg=2021 kbps
[openvenc][rc] f=40 P qp=16 bytes=1152 avg=1985 kbps
[openvenc][rc] f=41 P qp=16 bytes=1152 avg=1950 kbps
[openvenc][rc] f=42 P qp=16 bytes=1152 avg=1918 kbps
[openvenc][rc] f=43 P qp=16 bytes=1152 avg=1886 kbps
[openvenc][rc] f=44 P qp=16 bytes=1166 avg=1857 kbps
[openvenc][rc] f=45 P qp=16 bytes=1225 avg=1829 kbps
[openvenc][rc] f=46 P qp=16 bytes=1179 avg=1802 kbps
[openvenc][rc] f=47 P qp=16 bytes=1193 avg=1776 kbps
[openvenc][rc] f=48 P qp=16 bytes=1260 avg=1752 kbps
[openvenc][rc] f=49 P qp=16 bytes=1307 avg=1729 kbps
[openvenc][rc] f=50 IDR qp=17 bytes=66487 avg=2311 kbps
[openvenc][rc] f=51 P qp=17 bytes=3391 avg=2297 kbps
[openvenc][rc] f=52 P qp=16 bytes=3126 avg=2281 kbps
[openvenc][rc] f=53 P qp=16 bytes=1573 avg=2253 kbps
[openvenc][rc] f=54 P qp=16 bytes=1283 avg=2223 kbps
[openvenc][rc] f=55 P qp=16 bytes=1395 avg=2195 kbps
[openvenc][rc] f=56 P qp=16 bytes=1176 avg=2166 kbps
[openvenc][rc] f=57 P qp=16 bytes=1127 avg=2138 kbps
[openvenc][rc] f=58 P qp=16 bytes=1078 avg=2110 kbps
[openvenc][rc] f=59 P qp=16 bytes=1093 avg=2084 kbps
[openvenc][rc] f=60 P qp=16 bytes=1078 avg=2058 kbps
[openvenc][rc] f=61 P qp=16 bytes=1089 avg=2033 kbps
[openvenc][rc] f=62 P qp=16 bytes=1521 avg=2012 kbps
[openvenc][rc] f=63 P qp=16 bytes=2654 avg=2000 kbps
[openvenc][rc] f=64 P qp=16 bytes=1521 avg=1981 kbps
[openvenc][rc] f=65 P qp=16 bytes=2135 avg=1966 kbps
[openvenc][rc] f=66 P qp=16 bytes=1526 avg=1947 kbps
[openvenc][rc] f=67 P qp=16 bytes=1706 avg=1931 kbps
[openvenc][rc] f=68 P qp=16 bytes=1590 avg=1913 kbps
[openvenc][rc] f=69 P qp=16 bytes=1426 avg=1896 kbps
[openvenc][rc] f=70 P qp=16 bytes=1378 avg=1878 kbps
[openvenc][rc] f=71 P qp=16 bytes=855 avg=1858 kbps
[openvenc][rc] f=72 P qp=16 bytes=814 avg=1838 kbps
[openvenc][rc] f=73 P qp=16 bytes=813 avg=1818 kbps
[openvenc][rc] f=74 P qp=16 bytes=814 avg=1799 kbps
[openvenc][rc] f=75 P qp=16 bytes=809 avg=1780 kbps
[openvenc][rc] f=76 P qp=16 bytes=814 avg=1762 kbps
[openvenc][rc] f=77 P qp=16 bytes=813 avg=1744 kbps
[openvenc][rc] f=78 P qp=16 bytes=814 avg=1727 kbps
[openvenc][rc] f=79 P qp=16 bytes=809 avg=1710 kbps
[openvenc][rc] f=80 P qp=16 bytes=814 avg=1694 kbps
[openvenc][rc] f=81 P qp=16 bytes=813 avg=1678 kbps
[openvenc][rc] f=82 P qp=16 bytes=814 avg=1662 kbps
[openvenc][rc] f=83 P qp=16 bytes=809 avg=1647 kbps
[openvenc][rc] f=84 P qp=16 bytes=814 avg=1632 kbps
[openvenc][rc] f=85 P qp=16 bytes=813 avg=1618 kbps
[openvenc][rc] f=86 P qp=16 bytes=814 avg=1604 kbps
[openvenc][rc] f=87 P qp=16 bytes=809 avg=1590 kbps
[openvenc][rc] f=88 P qp=16 bytes=814 avg=1576 kbps
[openvenc][rc] f=89 P qp=16 bytes=813 avg=1563 kbps
[openvenc][rc] f=90 P qp=16 bytes=814 avg=1550 kbps
[openvenc][rc] f=91 P qp=16 bytes=809 avg=1537 kbps
[openvenc][rc] f=92 P qp=16 bytes=814 avg=1525 kbps
[openvenc][rc] f=93 P qp=16 bytes=813 avg=1513 kbps
[openvenc][rc] f=94 P qp=16 bytes=814 avg=1501 kbps
[openvenc][rc] f=95 P qp=16 bytes=809 avg=1489 kbps
[openvenc][rc] f=96 P qp=16 bytes=814 avg=1478 kbps
[openvenc][rc] f=97 P qp=16 bytes=813 avg=1467 kbps
[openvenc][rc] f=98 P qp=16 bytes=814 avg=1456 kbps
[openvenc][rc] f=99 P qp=16 bytes=809 avg=1445 kbps
[openvenc][rc] f=100 IDR qp=17 bytes=66351 avg=1741 kbps
[openvenc][rc] f=101 P qp=17 bytes=3005 avg=1738 kbps
[openvenc][rc] f=102 P qp=16 bytes=3064 avg=1735 kbps
[openvenc][rc] f=103 P qp=16 bytes=1426 avg=1725 kbps
[openvenc][rc] f=104 P qp=16 bytes=1125 avg=1713 kbps
[openvenc][rc] f=105 P qp=16 bytes=1086 avg=1702 kbps
[openvenc][rc] f=106 P qp=16 bytes=1085 avg=1691 kbps
[openvenc][rc] f=107 P qp=16 bytes=1048 avg=1680 kbps
[openvenc][rc] f=108 P qp=16 bytes=1045 avg=1669 kbps
[openvenc][rc] f=109 P qp=16 bytes=1039 avg=1658 kbps
[openvenc][rc] f=110 P qp=16 bytes=1044 avg=1648 kbps
[openvenc][rc] f=111 P qp=16 bytes=1044 avg=1637 kbps
[openvenc][rc] f=112 P qp=16 bytes=1033 avg=1627 kbps
[openvenc][rc] f=113 P qp=16 bytes=1028 avg=1617 kbps
[openvenc][rc] f=114 P qp=16 bytes=1033 avg=1607 kbps
[openvenc][rc] f=115 P qp=16 bytes=1032 avg=1598 kbps
[openvenc][rc] f=116 P qp=16 bytes=1033 avg=1588 kbps
[openvenc][rc] f=117 P qp=16 bytes=1028 avg=1579 kbps
[openvenc][rc] f=118 P qp=16 bytes=1033 avg=1570 kbps
[openvenc][rc] f=119 P qp=16 bytes=1032 avg=1561 kbps
[openvenc][rc] f=120 P qp=16 bytes=1033 avg=1552 kbps
[openvenc][rc] f=121 P qp=16 bytes=1028 avg=1543 kbps
[openvenc][rc] f=122 P qp=16 bytes=1033 avg=1534 kbps
[openvenc][rc] f=123 P qp=16 bytes=1032 avg=1526 kbps
[openvenc][rc] f=124 P qp=16 bytes=1033 avg=1518 kbps
[openvenc][rc] f=125 P qp=16 bytes=1028 avg=1509 kbps
[openvenc][rc] f=126 P qp=16 bytes=1033 avg=1501 kbps
[openvenc][rc] f=127 P qp=16 bytes=1032 avg=1493 kbps
[openvenc][rc] f=128 P qp=16 bytes=1033 avg=1486 kbps
[openvenc][rc] f=129 P qp=16 bytes=1028 avg=1478 kbps
[openvenc][rc] f=130 P qp=16 bytes=1033 avg=1470 kbps
[openvenc][rc] f=131 P qp=16 bytes=1032 avg=1463 kbps
[openvenc][rc] f=132 P qp=16 bytes=1033 avg=1456 kbps
[openvenc][rc] f=133 P qp=16 bytes=1028 avg=1448 kbps
[openvenc][rc] f=134 P qp=16 bytes=1033 avg=1441 kbps
[openvenc][rc] f=135 P qp=16 bytes=1032 avg=1434 kbps
[openvenc][rc] f=136 P qp=16 bytes=1033 avg=1427 kbps
[openvenc][rc] f=137 P qp=16 bytes=1789 avg=1423 kbps
[openvenc][rc] f=138 P qp=16 bytes=1369 avg=1417 kbps
[openvenc][rc] f=139 P qp=16 bytes=1297 avg=1412 kbps
[openvenc][rc] f=140 P qp=16 bytes=1236 avg=1406 kbps
[openvenc][rc] f=141 P qp=16 bytes=1240 avg=1400 kbps
[openvenc][rc] f=142 P qp=16 bytes=1237 avg=1394 kbps
[openvenc][rc] f=143 P qp=16 bytes=1257 avg=1389 kbps
[openvenc][rc] f=144 P qp=16 bytes=1249 avg=1383 kbps
[openvenc][rc] f=145 P qp=16 bytes=1228 avg=1378 kbps
[openvenc][rc] f=146 P qp=16 bytes=1197 avg=1372 kbps
[openvenc][rc] f=147 P qp=16 bytes=1157 avg=1367 kbps
[openvenc][rc] f=148 P qp=16 bytes=1126 avg=1361 kbps
[openvenc][rc] f=149 P qp=16 bytes=1117 avg=1356 kbps
[openvenc][rc] f=150 IDR qp=17 bytes=66502 avg=1554 kbps
[openvenc][rc] f=151 P qp=17 bytes=2996 avg=1553 kbps
[openvenc][rc] f=152 P qp=16 bytes=3076 avg=1553 kbps
[openvenc][rc] f=153 P qp=16 bytes=1425 avg=1547 kbps
[openvenc][rc] f=154 P qp=16 bytes=1362 avg=1541 kbps
[openvenc][rc] f=155 P qp=16 bytes=1230 avg=1535 kbps
[openvenc][rc] f=156 P qp=16 bytes=1097 avg=1529 kbps
[openvenc][rc] f=157 P qp=16 bytes=1053 avg=1522 kbps
[openvenc][rc] f=158 P qp=16 bytes=1048 avg=1516 kbps
[openvenc][rc] f=159 P qp=16 bytes=1044 avg=1509 kbps
[openvenc][rc] f=160 P qp=16 bytes=1047 avg=1503 kbps
[openvenc][rc] f=161 P qp=16 bytes=1048 avg=1497 kbps
[openvenc][rc] f=162 P qp=16 bytes=1036 avg=1491 kbps
[openvenc][rc] f=163 P qp=16 bytes=1032 avg=1484 kbps
[openvenc][rc] f=164 P qp=16 bytes=1036 avg=1478 kbps
[openvenc][rc] f=165 P qp=16 bytes=1036 avg=1472 kbps
[openvenc][rc] f=166 P qp=16 bytes=1036 avg=1467 kbps
[openvenc][rc] f=167 P qp=16 bytes=1032 avg=1461 kbps
[openvenc][rc] f=168 P qp=16 bytes=1036 avg=1455 kbps
[openvenc][rc] f=169 P qp=16 bytes=1036 avg=1449 kbps
[openvenc][rc] f=170 P qp=16 bytes=1036 avg=1444 kbps
[openvenc][rc] f=171 P qp=16 bytes=1032 avg=1438 kbps
[openvenc][rc] f=172 P qp=16 bytes=1036 avg=1433 kbps
[openvenc][rc] f=173 P qp=16 bytes=1036 avg=1427 kbps
[openvenc][rc] f=174 P qp=16 bytes=1036 avg=1422 kbps
[openvenc][rc] f=175 P qp=16 bytes=1032 avg=1417 kbps
[openvenc][rc] f=176 P qp=16 bytes=1036 avg=1411 kbps
[openvenc][rc] f=177 P qp=16 bytes=1036 avg=1406 kbps
[openvenc][rc] f=178 P qp=16 bytes=1036 avg=1401 kbps
[openvenc][rc] f=179 P qp=16 bytes=1032 avg=1396 kbps
[openvenc][rc] f=180 P qp=16 bytes=1036 avg=1391 kbps
[openvenc][rc] f=181 P qp=16 bytes=1036 avg=1386 kbps
[openvenc][rc] f=182 P qp=16 bytes=1036 avg=1381 kbps
[openvenc][rc] f=183 P qp=16 bytes=1032 avg=1376 kbps
[openvenc][rc] f=184 P qp=16 bytes=1036 avg=1371 kbps
[openvenc][rc] f=185 P qp=16 bytes=1036 avg=1367 kbps
[openvenc][rc] f=186 P qp=16 bytes=1036 avg=1362 kbps
[openvenc][rc] f=187 P qp=16 bytes=1032 avg=1357 kbps
[openvenc][rc] f=188 P qp=16 bytes=1036 avg=1353 kbps
[openvenc][rc] f=189 P qp=16 bytes=1036 avg=1348 kbps
[openvenc][rc] f=190 P qp=16 bytes=1036 avg=1344 kbps
[openvenc][rc] f=191 P qp=16 bytes=1032 avg=1339 kbps
[openvenc][rc] f=192 P qp=16 bytes=1036 avg=1335 kbps
[openvenc][rc] f=193 P qp=16 bytes=1036 avg=1330 kbps
[openvenc][rc] f=194 P qp=16 bytes=1036 avg=1326 kbps
[openvenc][rc] f=195 P qp=16 bytes=1032 avg=1322 kbps
[openvenc][rc] f=196 P qp=16 bytes=1036 avg=1318 kbps
[openvenc][rc] f=197 P qp=16 bytes=1036 avg=1313 kbps
[openvenc][rc] f=198 P qp=16 bytes=1036 avg=1309 kbps
[openvenc][rc] f=199 P qp=16 bytes=1032 avg=1305 kbps
[openvenc][rc] f=200 IDR qp=17 bytes=66422 avg=1455 kbps
[openvenc][rc] f=201 P qp=17 bytes=2997 avg=1454 kbps
[openvenc][rc] f=202 P qp=16 bytes=3065 avg=1454 kbps
[openvenc][rc] f=203 P qp=16 bytes=1426 avg=1451 kbps
[openvenc][rc] f=204 P qp=16 bytes=1125 avg=1446 kbps
[openvenc][rc] f=205 P qp=16 bytes=1086 avg=1442 kbps
[openvenc][rc] f=206 P qp=16 bytes=1085 avg=1437 kbps
[openvenc][rc] f=207 P qp=16 bytes=1048 avg=1433 kbps
[openvenc][rc] f=208 P qp=16 bytes=1045 avg=1428 kbps
[openvenc][rc] f=209 P qp=16 bytes=1039 avg=1424 kbps
[openvenc][rc] f=210 P qp=16 bytes=1043 avg=1419 kbps
[openvenc][rc] f=211 P qp=16 bytes=1044 avg=1415 kbps
[openvenc][rc] f=212 P qp=16 bytes=1033 avg=1410 kbps
[openvenc][rc] f=213 P qp=16 bytes=1028 avg=1406 kbps
[openvenc][rc] f=214 P qp=16 bytes=1033 avg=1402 kbps
[openvenc][rc] f=215 P qp=16 bytes=1032 avg=1398 kbps
[openvenc][rc] f=216 P qp=16 bytes=1033 avg=1393 kbps
[openvenc][rc] f=217 P qp=16 bytes=1028 avg=1389 kbps
[openvenc][rc] f=218 P qp=16 bytes=1033 avg=1385 kbps
[openvenc][rc] f=219 P qp=16 bytes=1032 avg=1381 kbps
[openvenc][rc] f=220 P qp=16 bytes=1033 avg=1377 kbps
[openvenc][rc] f=221 P qp=16 bytes=1028 avg=1373 kbps
[openvenc][rc] f=222 P qp=16 bytes=1033 avg=1369 kbps
[openvenc][rc] f=223 P qp=16 bytes=1032 avg=1365 kbps
[openvenc][rc] f=224 P qp=16 bytes=1033 avg=1361 kbps
[openvenc][rc] f=225 P qp=16 bytes=1028 avg=1357 kbps
[openvenc][rc] f=226 P qp=16 bytes=1033 avg=1353 kbps
[openvenc][rc] f=227 P qp=16 bytes=1032 avg=1350 kbps
[openvenc][rc] f=228 P qp=16 bytes=1033 avg=1346 kbps
[openvenc][rc] f=229 P qp=16 bytes=1028 avg=1342 kbps
[openvenc][rc] f=230 P qp=16 bytes=1033 avg=1338 kbps
[openvenc][rc] f=231 P qp=16 bytes=1032 avg=1335 kbps
[openvenc][rc] f=232 P qp=16 bytes=1033 avg=1331 kbps
[openvenc][rc] f=233 P qp=16 bytes=1028 avg=1328 kbps
[openvenc][rc] f=234 P qp=16 bytes=1033 avg=1324 kbps
[openvenc][rc] f=235 P qp=16 bytes=1032 avg=1320 kbps
[openvenc][rc] f=236 P qp=16 bytes=1033 avg=1317 kbps
[openvenc][rc] f=237 P qp=16 bytes=1028 avg=1313 kbps
[openvenc][rc] f=238 P qp=16 bytes=1033 avg=1310 kbps
[openvenc][rc] f=239 P qp=16 bytes=1032 avg=1307 kbps
[openvenc][rc] f=240 P qp=16 bytes=1033 avg=1303 kbps
[openvenc][rc] f=241 P qp=16 bytes=1028 avg=1300 kbps
[openvenc][rc] f=242 P qp=16 bytes=1033 avg=1296 kbps
[openvenc][rc] f=243 P qp=16 bytes=1032 avg=1293 kbps
[openvenc][rc] f=244 P qp=16 bytes=1033 avg=1290 kbps
[openvenc][rc] f=245 P qp=16 bytes=1028 avg=1287 kbps
[openvenc][rc] f=246 P qp=16 bytes=1033 avg=1283 kbps
[openvenc][rc] f=247 P qp=16 bytes=1032 avg=1280 kbps
[openvenc][rc] f=248 P qp=16 bytes=1033 avg=1277 kbps
[openvenc][rc] f=249 P qp=16 bytes=1028 avg=1274 kbps
[openvenc][rc] f=250 IDR qp=17 bytes=66422 avg=1394 kbps
[openvenc][rc] f=251 P qp=17 bytes=2997 avg=1394 kbps
[openvenc][rc] f=252 P qp=16 bytes=3065 avg=1394 kbps
[openvenc][rc] f=253 P qp=16 bytes=1426 avg=1391 kbps
[openvenc][rc] f=254 P qp=16 bytes=1125 avg=1388 kbps
[openvenc][rc] f=255 P qp=16 bytes=1086 avg=1384 kbps
[openvenc][rc] f=256 P qp=16 bytes=1085 avg=1381 kbps
[openvenc][rc] f=257 P qp=16 bytes=1048 avg=1377 kbps
[openvenc][rc] f=258 P qp=16 bytes=1045 avg=1374 kbps
[openvenc][rc] f=259 P qp=16 bytes=1039 avg=1371 kbps
[openvenc][rc] f=260 P qp=16 bytes=1043 avg=1367 kbps
[openvenc][rc] f=261 P qp=16 bytes=1044 avg=1364 kbps
[openvenc][rc] f=262 P qp=16 bytes=1033 avg=1361 kbps
[openvenc][rc] f=263 P qp=16 bytes=1028 avg=1357 kbps
[openvenc][rc] f=264 P qp=16 bytes=1033 avg=1354 kbps
[openvenc][rc] f=265 P qp=16 bytes=1032 avg=1351 kbps
[openvenc][rc] f=266 P qp=16 bytes=1033 avg=1347 kbps
[openvenc][rc] f=267 P qp=16 bytes=1028 avg=1344 kbps
[openvenc][rc] f=268 P qp=16 bytes=1033 avg=1341 kbps
[openvenc][rc] f=269 P qp=16 bytes=1032 avg=1338 kbps
[openvenc][rc] f=270 P qp=16 bytes=1033 avg=1335 kbps
[openvenc][rc] f=271 P qp=16 bytes=1028 avg=1332 kbps
[openvenc][rc] f=272 P qp=16 bytes=1033 avg=1329 kbps
[openvenc][rc] f=273 P qp=16 bytes=1032 avg=1325 kbps
[openvenc][rc] f=274 P qp=16 bytes=1033 avg=1322 kbps
[openvenc][rc] f=275 P qp=16 bytes=1028 avg=1319 kbps
[openvenc][rc] f=276 P qp=16 bytes=1033 avg=1316 kbps
[openvenc][rc] f=277 P qp=16 bytes=1032 avg=1313 kbps
[openvenc][rc] f=278 P qp=16 bytes=1033 avg=1310 kbps
[openvenc][rc] f=279 P qp=16 bytes=1028 avg=1308 kbps
[openvenc][rc] f=280 P qp=16 bytes=1033 avg=1305 kbps
[openvenc][rc] f=281 P qp=16 bytes=1032 avg=1302 kbps
[openvenc][rc] f=282 P qp=16 bytes=1033 avg=1299 kbps
[openvenc][rc] f=283 P qp=16 bytes=1028 avg=1296 kbps
[openvenc][rc] f=284 P qp=16 bytes=1033 avg=1293 kbps
[openvenc][rc] f=285 P qp=16 bytes=1032 avg=1290 kbps
[openvenc][rc] f=286 P qp=16 bytes=1033 avg=1288 kbps
[openvenc][rc] f=287 P qp=16 bytes=1028 avg=1285 kbps
[openvenc][rc] f=288 P qp=16 bytes=1033 avg=1282 kbps
[openvenc][rc] f=289 P qp=16 bytes=1032 avg=1279 kbps
[openvenc][rc] f=290 P qp=16 bytes=1033 avg=1277 kbps
[openvenc][rc] f=291 P qp=16 bytes=1028 avg=1274 kbps
[openvenc][rc] f=292 P qp=16 bytes=1033 avg=1271 kbps
[openvenc][rc] f=293 P qp=16 bytes=1032 avg=1268 kbps
[openvenc][rc] f=294 P qp=16 bytes=1033 avg=1266 kbps
[openvenc][rc] f=295 P qp=16 bytes=1028 avg=1263 kbps
[openvenc][rc] f=296 P qp=16 bytes=1033 avg=1261 kbps
[openvenc][rc] f=297 P qp=16 bytes=1032 avg=1258 kbps
[openvenc][rc] f=298 P qp=16 bytes=1033 avg=1255 kbps
[openvenc][rc] f=299 P qp=16 bytes=1028 avg=1253 kbps
[openvenc][rc] f=300 IDR qp=17 bytes=66422 avg=1353 kbps
[openvenc][rc] f=301 P qp=17 bytes=2997 avg=1353 kbps
[openvenc][rc] f=302 P qp=16 bytes=3065 avg=1353 kbps
[openvenc][rc] f=303 P qp=16 bytes=1426 avg=1351 kbps
[openvenc][rc] f=304 P qp=16 bytes=1125 avg=1348 kbps
[openvenc][rc] f=305 P qp=16 bytes=1086 avg=1346 kbps
[openvenc][rc] f=306 P qp=16 bytes=1085 avg=1343 kbps
[openvenc][rc] f=307 P qp=16 bytes=1048 avg=1340 kbps
[openvenc][rc] f=308 P qp=16 bytes=1045 avg=1337 kbps
[openvenc][rc] f=309 P qp=16 bytes=1039 avg=1335 kbps
[openvenc][rc] f=310 P qp=16 bytes=1043 avg=1332 kbps
[openvenc][rc] f=311 P qp=16 bytes=1044 avg=1329 kbps
[openvenc][rc] f=312 P qp=16 bytes=1033 avg=1327 kbps
[openvenc][rc] f=313 P qp=16 bytes=1028 avg=1324 kbps
[openvenc][rc] f=314 P qp=16 bytes=1033 avg=1321 kbps
[openvenc][rc] f=315 P qp=16 bytes=1032 avg=1319 kbps
[openvenc][rc] f=316 P qp=16 bytes=1033 avg=1316 kbps
[openvenc][rc] f=317 P qp=16 bytes=1028 avg=1313 kbps
[openvenc][rc] f=318 P qp=16 bytes=1033 avg=1311 kbps
[openvenc][rc] f=319 P qp=16 bytes=1032 avg=1308 kbps
[openvenc][rc] f=320 P qp=16 bytes=1033 avg=1306 kbps
[openvenc][rc] f=321 P qp=16 bytes=1028 avg=1303 kbps
[openvenc][rc] f=322 P qp=16 bytes=1033 avg=1301 kbps
[openvenc][rc] f=323 P qp=16 bytes=1032 avg=1298 kbps
[openvenc][rc] f=324 P qp=16 bytes=1033 avg=1296 kbps
[openvenc][rc] f=325 P qp=16 bytes=1028 avg=1293 kbps
[openvenc][rc] f=326 P qp=16 bytes=1033 avg=1291 kbps
[openvenc][rc] f=327 P qp=16 bytes=1032 avg=1288 kbps
[openvenc][rc] f=328 P qp=16 bytes=1033 avg=1286 kbps
[openvenc][rc] f=329 P qp=16 bytes=1028 avg=1283 kbps
[openvenc][rc] f=330 P qp=16 bytes=1033 avg=1281 kbps
[openvenc][rc] f=331 P qp=16 bytes=1032 avg=1279 kbps
[openvenc][rc] f=332 P qp=16 bytes=1033 avg=1276 kbps
[openvenc][rc] f=333 P qp=16 bytes=1028 avg=1274 kbps
[openvenc][rc] f=334 P qp=16 bytes=1033 avg=1271 kbps
[openvenc][rc] f=335 P qp=16 bytes=1032 avg=1269 kbps
[openvenc][rc] f=336 P qp=16 bytes=1033 avg=1267 kbps
[openvenc][rc] f=337 P qp=16 bytes=1028 avg=1265 kbps
[openvenc][rc] f=338 P qp=16 bytes=1033 avg=1262 kbps
[openvenc][rc] f=339 P qp=16 bytes=1032 avg=1260 kbps
[openvenc][rc] f=340 P qp=16 bytes=1033 avg=1258 kbps
[openvenc][rc] f=341 P qp=16 bytes=1028 avg=1255 kbps
[openvenc][rc] f=342 P qp=16 bytes=1033 avg=1253 kbps
[openvenc][rc] f=343 P qp=16 bytes=1032 avg=1251 kbps
[openvenc][rc] f=344 P qp=16 bytes=1033 avg=1249 kbps
[openvenc][rc] f=345 P qp=16 bytes=1028 avg=1247 kbps
[openvenc][rc] f=346 P qp=16 bytes=1033 avg=1244 kbps
[openvenc][rc] f=347 P qp=16 bytes=1032 avg=1242 kbps
[openvenc][rc] f=348 P qp=16 bytes=1033 avg=1240 kbps
[openvenc][rc] f=349 P qp=16 bytes=1028 avg=1238 kbps
[openvenc][rc] f=350 IDR qp=17 bytes=66422 avg=1324 kbps
[openvenc][rc] f=351 P qp=17 bytes=2997 avg=1324 kbps
[openvenc][rc] f=352 P qp=16 bytes=3065 avg=1324 kbps
[openvenc][rc] f=353 P qp=16 bytes=1426 avg=1322 kbps
[openvenc][rc] f=354 P qp=16 bytes=1125 avg=1320 kbps
[openvenc][rc] f=355 P qp=16 bytes=1086 avg=1318 kbps
[openvenc][rc] f=356 P qp=16 bytes=1085 avg=1316 kbps
[openvenc][rc] f=357 P qp=16 bytes=1048 avg=1313 kbps
[openvenc][rc] f=358 P qp=16 bytes=1045 avg=1311 kbps
[openvenc][rc] f=359 P qp=16 bytes=1039 avg=1309 kbps
[openvenc][rc] f=360 P qp=16 bytes=1043 avg=1307 kbps
[openvenc][rc] f=361 P qp=16 bytes=1044 avg=1304 kbps
[openvenc][rc] f=362 P qp=16 bytes=1033 avg=1302 kbps
[openvenc][rc] f=363 P qp=16 bytes=1028 avg=1300 kbps
[openvenc][rc] f=364 P qp=16 bytes=1033 avg=1298 kbps
[openvenc][rc] f=365 P qp=16 bytes=1032 avg=1295 kbps
[openvenc][rc] f=366 P qp=16 bytes=1033 avg=1293 kbps
[openvenc][rc] f=367 P qp=16 bytes=1028 avg=1291 kbps
[openvenc][rc] f=368 P qp=16 bytes=1033 avg=1289 kbps
[openvenc][rc] f=369 P qp=16 bytes=1032 avg=1287 kbps
[openvenc][rc] f=370 P qp=16 bytes=1033 avg=1284 kbps
[openvenc][rc] f=371 P qp=16 bytes=1028 avg=1282 kbps
[openvenc][rc] f=372 P qp=16 bytes=1033 avg=1280 kbps
[openvenc][rc] f=373 P qp=16 bytes=1032 avg=1278 kbps
[openvenc][rc] f=374 P qp=16 bytes=1033 avg=1276 kbps
[openvenc][rc] f=375 P qp=16 bytes=1028 avg=1274 kbps
[openvenc][rc] f=376 P qp=16 bytes=1033 avg=1272 kbps
[openvenc][rc] f=377 P qp=16 bytes=1032 avg=1270 kbps
[openvenc][rc] f=378 P qp=16 bytes=1033 avg=1268 kbps
[openvenc][rc] f=379 P qp=16 bytes=1028 avg=1266 kbps
[openvenc][rc] f=380 P qp=16 bytes=1033 avg=1264 kbps
[openvenc][rc] f=381 P qp=16 bytes=1032 avg=1261 kbps
[openvenc][rc] f=382 P qp=16 bytes=1033 avg=1259 kbps
[openvenc][rc] f=383 P qp=16 bytes=1028 avg=1257 kbps
[openvenc][rc] f=384 P qp=16 bytes=1033 avg=1255 kbps
[openvenc][rc] f=385 P qp=16 bytes=1032 avg=1253 kbps
[openvenc][rc] f=386 P qp=16 bytes=1033 avg=1251 kbps
[openvenc][rc] f=387 P qp=16 bytes=1028 avg=1250 kbps
[openvenc][rc] f=388 P qp=16 bytes=1033 avg=1248 kbps
[openvenc][rc] f=389 P qp=16 bytes=1032 avg=1246 kbps
[openvenc][rc] f=390 P qp=16 bytes=1033 avg=1244 kbps
[openvenc][rc] f=391 P qp=16 bytes=1028 avg=1242 kbps
[openvenc][rc] f=392 P qp=16 bytes=1033 avg=1240 kbps
[openvenc][rc] f=393 P qp=16 bytes=1032 avg=1238 kbps
[openvenc][rc] f=394 P qp=16 bytes=1033 avg=1236 kbps
[openvenc][rc] f=395 P qp=16 bytes=1028 avg=1234 kbps
[openvenc][rc] f=396 P qp=16 bytes=1033 avg=1232 kbps
[openvenc][rc] f=397 P qp=16 bytes=1032 avg=1230 kbps
[openvenc][rc] f=398 P qp=16 bytes=1033 avg=1228 kbps
[openvenc][rc] f=399 P qp=16 bytes=1028 avg=1227 kbps
[openvenc][rc] f=400 IDR qp=17 bytes=66422 avg=1302 kbps
[openvenc][rc] f=401 P qp=17 bytes=2997 avg=1302 kbps
[openvenc][rc] f=402 P qp=16 bytes=3065 avg=1302 kbps
[openvenc][rc] f=403 P qp=16 bytes=1426 avg=1301 kbps
[openvenc][rc] f=404 P qp=16 bytes=1125 avg=1299 kbps
[openvenc][rc] f=405 P qp=16 bytes=1086 avg=1297 kbps
[openvenc][rc] f=406 P qp=16 bytes=1085 avg=1295 kbps
[openvenc][rc] f=407 P qp=16 bytes=1048 avg=1293 kbps
[openvenc][rc] f=408 P qp=16 bytes=1045 avg=1291 kbps
[openvenc][rc] f=409 P qp=16 bytes=1039 avg=1289 kbps
[openvenc][rc] f=410 P qp=16 bytes=1043 avg=1287 kbps
[openvenc][rc] f=411 P qp=16 bytes=1044 avg=1285 kbps
[openvenc][rc] f=412 P qp=16 bytes=1033 avg=1283 kbps
[openvenc][rc] f=413 P qp=16 bytes=1028 avg=1281 kbps
[openvenc][rc] f=414 P qp=16 bytes=1033 avg=1280 kbps
[openvenc][rc] f=415 P qp=16 bytes=1032 avg=1278 kbps
[openvenc][rc] f=416 P qp=16 bytes=1033 avg=1276 kbps
[openvenc][rc] f=417 P qp=16 bytes=1028 avg=1274 kbps
[openvenc][rc] f=418 P qp=16 bytes=1033 avg=1272 kbps
[openvenc][rc] f=419 P qp=16 bytes=1032 avg=1270 kbps
[openvenc][rc] f=420 P qp=16 bytes=1033 avg=1268 kbps
[openvenc][rc] f=421 P qp=16 bytes=1028 avg=1266 kbps
[openvenc][rc] f=422 P qp=16 bytes=1033 avg=1265 kbps
[openvenc][rc] f=423 P qp=16 bytes=1032 avg=1263 kbps
[openvenc][rc] f=424 P qp=16 bytes=1033 avg=1261 kbps
[openvenc][rc] f=425 P qp=16 bytes=1028 avg=1259 kbps
[openvenc][rc] f=426 P qp=16 bytes=1033 avg=1257 kbps
[openvenc][rc] f=427 P qp=16 bytes=1032 avg=1255 kbps
[openvenc][rc] f=428 P qp=16 bytes=1033 avg=1254 kbps
[openvenc][rc] f=429 P qp=16 bytes=1028 avg=1252 kbps
[openvenc][rc] f=430 P qp=16 bytes=1033 avg=1250 kbps
[openvenc][rc] f=431 P qp=16 bytes=1032 avg=1248 kbps
[openvenc][rc] f=432 P qp=16 bytes=1033 avg=1247 kbps
[openvenc][rc] f=433 P qp=16 bytes=1028 avg=1245 kbps
[openvenc][rc] f=434 P qp=16 bytes=1033 avg=1243 kbps
[openvenc][rc] f=435 P qp=16 bytes=1032 avg=1241 kbps
[openvenc][rc] f=436 P qp=16 bytes=1033 avg=1240 kbps
[openvenc][rc] f=437 P qp=16 bytes=1028 avg=1238 kbps
[openvenc][rc] f=438 P qp=16 bytes=1033 avg=1236 kbps
[openvenc][rc] f=439 P qp=16 bytes=1032 avg=1235 kbps
[openvenc][rc] f=440 P qp=16 bytes=1033 avg=1233 kbps
[openvenc][rc] f=441 P qp=16 bytes=1028 avg=1231 kbps
[openvenc][rc] f=442 P qp=16 bytes=1033 avg=1229 kbps
[openvenc][rc] f=443 P qp=16 bytes=1032 avg=1228 kbps
[openvenc][rc] f=444 P qp=16 bytes=1033 avg=1226 kbps
[openvenc][rc] f=445 P qp=16 bytes=1028 avg=1224 kbps
[openvenc][rc] f=446 P qp=16 bytes=1033 avg=1223 kbps
[openvenc][rc] f=447 P qp=16 bytes=1032 avg=1221 kbps
[openvenc][rc] f=448 P qp=16 bytes=1033 avg=1220 kbps
[openvenc][rc] f=449 P qp=16 bytes=1028 avg=1218 kbps
[openvenc][rc] f=450 IDR qp=17 bytes=66422 avg=1285 kbps
[openvenc][rc] f=451 P qp=17 bytes=2997 avg=1285 kbps
[openvenc][rc] f=452 P qp=16 bytes=3065 avg=1285 kbps
[openvenc][rc] f=453 P qp=16 bytes=1426 avg=1284 kbps
[openvenc][rc] f=454 P qp=16 bytes=1125 avg=1282 kbps
[openvenc][rc] f=455 P qp=16 bytes=1086 avg=1281 kbps
[openvenc][rc] f=456 P qp=16 bytes=1085 avg=1279 kbps
[openvenc][rc] f=457 P qp=16 bytes=1048 avg=1277 kbps
[openvenc][rc] f=458 P qp=16 bytes=1045 avg=1276 kbps
[openvenc][rc] f=459 P qp=16 bytes=1039 avg=1274 kbps
[openvenc][rc] f=460 P qp=16 bytes=1043 avg=1272 kbps
[openvenc][rc] f=461 P qp=16 bytes=1044 avg=1270 kbps
[openvenc][rc] f=462 P qp=16 bytes=1033 avg=1269 kbps
[openvenc][rc] f=463 P qp=16 bytes=1028 avg=1267 kbps
[openvenc][rc] f=464 P qp=16 bytes=1033 avg=1265 kbps
[openvenc][rc] f=465 P qp=16 bytes=1032 avg=1264 kbps
[openvenc][rc] f=466 P qp=16 bytes=1033 avg=1262 kbps
[openvenc][rc] f=467 P qp=16 bytes=1028 avg=1260 kbps
[openvenc][rc] f=468 P qp=16 bytes=1033 avg=1259 kbps
[openvenc][rc] f=469 P qp=16 bytes=1032 avg=1257 kbps
[openvenc][rc] f=470 P qp=16 bytes=1033 avg=1256 kbps
[openvenc][rc] f=471 P qp=16 bytes=1028 avg=1254 kbps
[openvenc][rc] f=472 P qp=16 bytes=1033 avg=1252 kbps
[openvenc][rc] f=473 P qp=16 bytes=1032 avg=1251 kbps
[openvenc][rc] f=474 P qp=16 bytes=1033 avg=1249 kbps
[openvenc][rc] f=475 P qp=16 bytes=1028 avg=1247 kbps
[openvenc][rc] f=476 P qp=16 bytes=1033 avg=1246 kbps
[openvenc][rc] f=477 P qp=16 bytes=1032 avg=1244 kbps
[openvenc][rc] f=478 P qp=16 bytes=1033 avg=1243 kbps
[openvenc][rc] f=479 P qp=16 bytes=1028 avg=1241 kbps
[openvenc][rc] f=480 P qp=16 bytes=1033 avg=1240 kbps
[openvenc][rc] f=481 P qp=16 bytes=1032 avg=1238 kbps
[openvenc][rc] f=482 P qp=16 bytes=1033 avg=1236 kbps
[openvenc][rc] f=483 P qp=16 bytes=1028 avg=1235 kbps
[openvenc][rc] f=484 P qp=16 bytes=1033 avg=1233 kbps
[openvenc][rc] f=485 P qp=16 bytes=1032 avg=1232 kbps
[openvenc][rc] f=486 P qp=16 bytes=1033 avg=1230 kbps
[openvenc][rc] f=487 P qp=16 bytes=1028 avg=1229 kbps
[openvenc][rc] f=488 P qp=16 bytes=1033 avg=1227 kbps
[openvenc][rc] f=489 P qp=16 bytes=1032 avg=1226 kbps
[openvenc][rc] f=490 P qp=16 bytes=1033 avg=1224 kbps
[openvenc][rc] f=491 P qp=16 bytes=1028 avg=1223 kbps
[openvenc][rc] f=492 P qp=16 bytes=1033 avg=1221 kbps
[openvenc][rc] f=493 P qp=16 bytes=1032 avg=1220 kbps
[openvenc][rc] f=494 P qp=16 bytes=1033 avg=1218 kbps
[openvenc][rc] f=495 P qp=16 bytes=1028 avg=1217 kbps
[openvenc][rc] f=496 P qp=16 bytes=1033 avg=1215 kbps
[openvenc][rc] f=497 P qp=16 bytes=1032 avg=1214 kbps
[openvenc][rc] f=498 P qp=16 bytes=1033 avg=1212 kbps
[openvenc][rc] f=499 P qp=16 bytes=1028 avg=1211 kbps
[openvenc][rc] f=500 IDR qp=17 bytes=66422 avg=1271 kbps
[openvenc][rc] f=501 P qp=17 bytes=2997 avg=1271 kbps
[openvenc][rc] f=502 P qp=16 bytes=3065 avg=1272 kbps
[openvenc][rc] f=503 P qp=16 bytes=1426 avg=1271 kbps
[openvenc][rc] f=504 P qp=16 bytes=1125 avg=1269 kbps
[openvenc][rc] f=505 P qp=16 bytes=1086 avg=1268 kbps
[openvenc][rc] f=506 P qp=16 bytes=1085 avg=1266 kbps
[openvenc][rc] f=507 P qp=16 bytes=1048 avg=1265 kbps
[openvenc][rc] f=508 P qp=16 bytes=1045 avg=1263 kbps
[openvenc][rc] f=509 P qp=16 bytes=1039 avg=1262 kbps
[openvenc][rc] f=510 P qp=16 bytes=1043 avg=1260 kbps
[openvenc][rc] f=511 P qp=16 bytes=1044 avg=1259 kbps
[openvenc][rc] f=512 P qp=16 bytes=1033 avg=1257 kbps
[openvenc][rc] f=513 P qp=16 bytes=1028 avg=1256 kbps
[openvenc][rc] f=514 P qp=16 bytes=1033 avg=1254 kbps
[openvenc][rc] f=515 P qp=16 bytes=1032 avg=1253 kbps
[openvenc][rc] f=516 P qp=16 bytes=1033 avg=1251 kbps
[openvenc][rc] f=517 P qp=16 bytes=1028 avg=1250 kbps
[openvenc][rc] f=518 P qp=16 bytes=1033 avg=1248 kbps
[openvenc][rc] f=519 P qp=16 bytes=1032 avg=1247 kbps
[openvenc][rc] f=520 P qp=16 bytes=1033 avg=1245 kbps
[openvenc][rc] f=521 P qp=16 bytes=1028 avg=1244 kbps
[openvenc][rc] f=522 P qp=16 bytes=1033 avg=1242 kbps
[openvenc][rc] f=523 P qp=16 bytes=1032 avg=1241 kbps
[openvenc][rc] f=524 P qp=16 bytes=1033 avg=1239 kbps
[openvenc][rc] f=525 P qp=16 bytes=1028 avg=1238 kbps
[openvenc][rc] f=526 P qp=16 bytes=1033 avg=1237 kbps
[openvenc][rc] f=527 P qp=16 bytes=1032 avg=1235 kbps
[openvenc][rc] f=528 P qp=16 bytes=1033 avg=1234 kbps
[openvenc][rc] f=529 P qp=16 bytes=1028 avg=1232 kbps
[openvenc][rc] f=530 P qp=16 bytes=1033 avg=1231 kbps
[openvenc][rc] f=531 P qp=16 bytes=1032 avg=1230 kbps
[openvenc][rc] f=532 P qp=16 bytes=1033 avg=1228 kbps
[openvenc][rc] f=533 P qp=16 bytes=1028 avg=1227 kbps
[openvenc][rc] f=534 P qp=16 bytes=1033 avg=1225 kbps
[openvenc][rc] f=535 P qp=16 bytes=1032 avg=1224 kbps
[openvenc][rc] f=536 P qp=16 bytes=1033 avg=1223 kbps
[openvenc][rc] f=537 P qp=16 bytes=1028 avg=1221 kbps
[openvenc][rc] f=538 P qp=16 bytes=1033 avg=1220 kbps
[openvenc][rc] f=539 P qp=16 bytes=1032 avg=1219 kbps
[openvenc][rc] f=540 P qp=16 bytes=1033 avg=1217 kbps
[openvenc][rc] f=541 P qp=16 bytes=1028 avg=1216 kbps
[openvenc][rc] f=542 P qp=16 bytes=1033 avg=1214 kbps
[openvenc][rc] f=543 P qp=16 bytes=1032 avg=1213 kbps
[openvenc][rc] f=544 P qp=16 bytes=1033 avg=1212 kbps
[openvenc][rc] f=545 P qp=16 bytes=1028 avg=1210 kbps
[openvenc][rc] f=546 P qp=16 bytes=1033 avg=1209 kbps
[openvenc][rc] f=547 P qp=16 bytes=1032 avg=1208 kbps
[openvenc][rc] f=548 P qp=16 bytes=1033 avg=1207 kbps
[openvenc][rc] f=549 P qp=16 bytes=1028 avg=1205 kbps
[openvenc][rc] f=550 IDR qp=17 bytes=66422 avg=1260 kbps
[openvenc][rc] f=551 P qp=17 bytes=2997 avg=1260 kbps
[openvenc][rc] f=552 P qp=16 bytes=3065 avg=1261 kbps
[openvenc][rc] f=553 P qp=16 bytes=1426 avg=1259 kbps
[openvenc][rc] f=554 P qp=16 bytes=1125 avg=1258 kbps
[openvenc][rc] f=555 P qp=16 bytes=1086 avg=1257 kbps
[openvenc][rc] f=556 P qp=16 bytes=1085 avg=1255 kbps
[openvenc][rc] f=557 P qp=16 bytes=1048 avg=1254 kbps
[openvenc][rc] f=558 P qp=16 bytes=1045 avg=1253 kbps
[openvenc][rc] f=559 P qp=16 bytes=1039 avg=1251 kbps
[openvenc][rc] f=560 P qp=16 bytes=1043 avg=1250 kbps
[openvenc][rc] f=561 P qp=16 bytes=1044 avg=1249 kbps
[openvenc][rc] f=562 P qp=16 bytes=1033 avg=1247 kbps
[openvenc][rc] f=563 P qp=16 bytes=1028 avg=1246 kbps
[openvenc][rc] f=564 P qp=16 bytes=1033 avg=1245 kbps
[openvenc][rc] f=565 P qp=16 bytes=1032 avg=1243 kbps
[openvenc][rc] f=566 P qp=16 bytes=1033 avg=1242 kbps
[openvenc][rc] f=567 P qp=16 bytes=1028 avg=1241 kbps
[openvenc][rc] f=568 P qp=16 bytes=1033 avg=1239 kbps
[openvenc][rc] f=569 P qp=16 bytes=1032 avg=1238 kbps
[openvenc][rc] f=570 P qp=16 bytes=1033 avg=1237 kbps
[openvenc][rc] f=571 P qp=16 bytes=1028 avg=1235 kbps
[openvenc][rc] f=572 P qp=16 bytes=1033 avg=1234 kbps
[openvenc][rc] f=573 P qp=16 bytes=1032 avg=1233 kbps
[openvenc][rc] f=574 P qp=16 bytes=1033 avg=1231 kbps
[openvenc][rc] f=575 P qp=16 bytes=1028 avg=1230 kbps
[openvenc][rc] f=576 P qp=16 bytes=1033 avg=1229 kbps
[openvenc][rc] f=577 P qp=16 bytes=1032 avg=1228 kbps
[openvenc][rc] f=578 P qp=16 bytes=1033 avg=1226 kbps
[openvenc][rc] f=579 P qp=16 bytes=1028 avg=1225 kbps
[openvenc][rc] f=580 P qp=16 bytes=1033 avg=1224 kbps
[openvenc][rc] f=581 P qp=16 bytes=1032 avg=1223 kbps
[openvenc][rc] f=582 P qp=16 bytes=1033 avg=1221 kbps
[openvenc][rc] f=583 P qp=16 bytes=1028 avg=1220 kbps
[openvenc][rc] f=584 P qp=16 bytes=1033 avg=1219 kbps
[openvenc][rc] f=585 P qp=16 bytes=1032 avg=1217 kbps
[openvenc][rc] f=586 P qp=16 bytes=1033 avg=1216 kbps
[openvenc][rc] f=587 P qp=16 bytes=1028 avg=1215 kbps
[openvenc][rc] f=588 P qp=16 bytes=1033 avg=1214 kbps
[openvenc][rc] f=589 P qp=16 bytes=1032 avg=1213 kbps
[openvenc][rc] f=590 P qp=16 bytes=1033 avg=1211 kbps
[openvenc][rc] f=591 P qp=16 bytes=1028 avg=1210 kbps
[openvenc][rc] f=592 P qp=16 bytes=1033 avg=1209 kbps
[openvenc][rc] f=593 P qp=16 bytes=1032 avg=1208 kbps
[openvenc][rc] f=594 P qp=16 bytes=1033 avg=1206 kbps
[openvenc][rc] f=595 P qp=16 bytes=1028 avg=1205 kbps
[openvenc][rc] f=596 P qp=16 bytes=1033 avg=1204 kbps
[openvenc][rc] f=597 P qp=16 bytes=1032 avg=1203 kbps
[openvenc][rc] f=598 P qp=16 bytes=1033 avg=1202 kbps
[openvenc][rc] f=599 P qp=16 bytes=1028 avg=1200 kbps
[openvenc][rc] f=600 IDR qp=17 bytes=66422 avg=1251 kbps
[openvenc][rc] f=601 P qp=17 bytes=2997 avg=1251 kbps
[openvenc][rc] f=602 P qp=16 bytes=3065 avg=1251 kbps
[openvenc][rc] f=603 P qp=16 bytes=1426 avg=1250 kbps
[openvenc][rc] f=604 P qp=16 bytes=1125 avg=1249 kbps
[openvenc][rc] f=605 P qp=16 bytes=1086 avg=1248 kbps
[openvenc][rc] f=606 P qp=16 bytes=1085 avg=1247 kbps
[openvenc][rc] f=607 P qp=16 bytes=1048 avg=1245 kbps
[openvenc][rc] f=608 P qp=16 bytes=1045 avg=1244 kbps
[openvenc][rc] f=609 P qp=16 bytes=1039 avg=1243 kbps
[openvenc][rc] f=610 P qp=16 bytes=1043 avg=1242 kbps
[openvenc][rc] f=611 P qp=16 bytes=1044 avg=1240 kbps
[openvenc][rc] f=612 P qp=16 bytes=1033 avg=1239 kbps
[openvenc][rc] f=613 P qp=16 bytes=1028 avg=1238 kbps
[openvenc][rc] f=614 P qp=16 bytes=1033 avg=1237 kbps
[openvenc][rc] retarget 2000 kbps @ 59 fps
[openvenc][rc] f=615 P qp=16 bytes=1032 avg=1236 kbps
[openvenc][rc] f=616 P qp=16 bytes=1033 avg=1234 kbps
[openvenc][rc] f=617 P qp=16 bytes=1028 avg=1233 kbps
[openvenc][rc] f=618 P qp=16 bytes=1033 avg=1232 kbps
[openvenc][rc] f=619 P qp=16 bytes=1032 avg=1231 kbps
[openvenc][rc] f=620 P qp=16 bytes=1033 avg=1230 kbps
[openvenc][rc] f=621 P qp=16 bytes=1028 avg=1228 kbps
[openvenc][rc] f=622 P qp=16 bytes=1033 avg=1227 kbps
[openvenc][rc] f=623 P qp=16 bytes=1032 avg=1226 kbps
[openvenc][rc] f=624 P qp=16 bytes=1033 avg=1225 kbps
[openvenc][rc] f=625 P qp=16 bytes=1028 avg=1224 kbps
[openvenc][rc] f=626 P qp=16 bytes=1033 avg=1222 kbps
[openvenc][rc] f=627 P qp=16 bytes=1032 avg=1221 kbps
[openvenc][rc] f=628 P qp=16 bytes=1033 avg=1220 kbps
[openvenc][rc] f=629 P qp=16 bytes=1028 avg=1219 kbps
[openvenc][rc] f=630 P qp=16 bytes=1033 avg=1218 kbps
[openvenc][rc] f=631 P qp=16 bytes=1032 avg=1217 kbps
[openvenc][rc] f=632 P qp=16 bytes=1033 avg=1215 kbps
[openvenc][rc] f=633 P qp=16 bytes=1028 avg=1214 kbps
[openvenc][rc] f=634 P qp=16 bytes=1033 avg=1213 kbps
[openvenc][rc] f=635 P qp=16 bytes=1032 avg=1212 kbps
[openvenc][rc] f=636 P qp=16 bytes=1033 avg=1211 kbps
[openvenc][rc] f=637 P qp=16 bytes=1028 avg=1210 kbps
[openvenc][rc] f=638 P qp=16 bytes=1033 avg=1209 kbps
[openvenc][rc] f=639 P qp=16 bytes=1032 avg=1208 kbps
[openvenc][rc] f=640 P qp=16 bytes=1033 avg=1206 kbps
[openvenc][rc] f=641 P qp=16 bytes=1028 avg=1205 kbps
[openvenc][rc] f=642 P qp=16 bytes=1033 avg=1204 kbps
[openvenc][rc] f=643 P qp=16 bytes=1032 avg=1203 kbps
[openvenc][rc] f=644 P qp=16 bytes=1033 avg=1202 kbps
[openvenc][rc] f=645 P qp=16 bytes=1028 avg=1201 kbps
[openvenc][rc] f=646 P qp=16 bytes=1033 avg=1200 kbps
[openvenc][rc] f=647 P qp=16 bytes=1032 avg=1199 kbps
[openvenc][rc] f=648 P qp=16 bytes=1033 avg=1198 kbps
[openvenc][rc] f=649 P qp=16 bytes=1028 avg=1196 kbps
[openvenc][rc] f=650 IDR qp=32 bytes=32457 avg=1218 kbps
[openvenc][rc] f=651 P qp=32 bytes=1232 avg=1217 kbps
[openvenc][rc] f=652 P qp=31 bytes=1545 avg=1216 kbps
[openvenc][rc] f=653 P qp=30 bytes=2408 avg=1216 kbps
[openvenc][rc] f=654 P qp=29 bytes=5018 avg=1218 kbps
[openvenc][rc] f=655 P qp=31 bytes=672 avg=1217 kbps
[openvenc][rc] f=656 P qp=30 bytes=835 avg=1215 kbps
[openvenc][rc] f=657 P qp=29 bytes=1484 avg=1215 kbps
[openvenc][rc] f=658 P qp=28 bytes=5906 avg=1217 kbps
[openvenc][rc] f=659 P qp=28 bytes=1345 avg=1216 kbps
[openvenc][rc] f=660 P qp=27 bytes=5331 avg=1218 kbps
[openvenc][rc] f=661 P qp=27 bytes=1482 avg=1217 kbps
[openvenc][rc] f=662 P qp=26 bytes=5648 avg=1219 kbps
[openvenc][rc] f=663 P qp=26 bytes=1570 avg=1219 kbps
[openvenc][rc] f=664 P qp=25 bytes=6824 avg=1222 kbps
[openvenc][rc] f=665 P qp=25 bytes=1770 avg=1221 kbps
[openvenc][rc] f=666 P qp=24 bytes=5106 avg=1223 kbps
[openvenc][rc] f=667 P qp=24 bytes=1633 avg=1222 kbps
[openvenc][rc] f=668 P qp=23 bytes=7758 avg=1226 kbps
[openvenc][rc] f=669 P qp=23 bytes=1991 avg=1226 kbps
[openvenc][rc] f=670 P qp=22 bytes=6791 avg=1228 kbps
[openvenc][rc] f=671 P qp=22 bytes=1843 avg=1228 kbps
[openvenc][rc] f=672 P qp=21 bytes=6399 avg=1231 kbps
[openvenc][rc] f=673 P qp=21 bytes=1854 avg=1230 kbps
[openvenc][rc] f=674 P qp=20 bytes=6369 avg=1233 kbps
[openvenc][rc] f=675 P qp=20 bytes=1831 avg=1232 kbps
[openvenc][rc] f=676 P qp=19 bytes=7449 avg=1236 kbps
[openvenc][rc] f=677 P qp=19 bytes=2209 avg=1235 kbps
[openvenc][rc] f=678 P qp=18 bytes=5783 avg=1237 kbps
[openvenc][rc] f=679 P qp=18 bytes=1712 avg=1237 kbps
[openvenc][rc] f=680 P qp=17 bytes=8167 avg=1241 kbps
[openvenc][rc] f=681 P qp=17 bytes=2549 avg=1241 kbps
[openvenc][rc] f=682 P qp=16 bytes=7105 avg=1244 kbps
[openvenc][rc] f=683 P qp=16 bytes=2416 avg=1244 kbps
[openvenc][rc] f=684 P qp=16 bytes=1406 avg=1243 kbps
[openvenc][rc] f=685 P qp=16 bytes=1206 avg=1242 kbps
[openvenc][rc] f=686 P qp=16 bytes=1160 avg=1241 kbps
[openvenc][rc] f=687 P qp=16 bytes=1128 avg=1240 kbps
[openvenc][rc] f=688 P qp=16 bytes=1136 avg=1239 kbps
[openvenc][rc] f=689 P qp=16 bytes=1142 avg=1238 kbps
[openvenc][rc] f=690 P qp=16 bytes=1139 avg=1237 kbps
[openvenc][rc] f=691 P qp=16 bytes=1129 avg=1236 kbps
[openvenc][rc] f=692 P qp=16 bytes=1144 avg=1235 kbps
[openvenc][rc] f=693 P qp=16 bytes=1140 avg=1234 kbps
[openvenc][rc] f=694 P qp=16 bytes=1139 avg=1233 kbps
[openvenc] up: hwid=0x43421500 H.265 1920x1080 framebuf 0x73800000+0xef8000 rc=vbr program=fixqp QP36 gop=50
[openvenc] rc: 2000 kbps @ 59 fps, seed QP 36 (bpp 0.0163)
[openvenc][rc] f=0 IDR qp=36 bytes=25382 avg=11980 kbps
[openvenc][rc] f=1 P qp=36 bytes=632 avg=6139 kbps
[openvenc][rc] f=2 P qp=35 bytes=667 avg=4198 kbps
[openvenc][rc] f=3 P qp=34 bytes=717 avg=3233 kbps
[openvenc][rc] f=4 P qp=33 bytes=1142 avg=2694 kbps
[openvenc][rc] f=5 P qp=32 bytes=1962 avg=2399 kbps
[openvenc][rc] f=6 P qp=31 bytes=3188 avg=2272 kbps
[openvenc][rc] f=7 P qp=30 bytes=3263 avg=2180 kbps
[openvenc][rc] f=8 P qp=30 bytes=731 avg=1976 kbps
[openvenc][rc] f=9 P qp=29 bytes=2493 avg=1896 kbps
[openvenc][rc] f=10 P qp=28 bytes=3861 avg=1890 kbps
[openvenc][rc] f=11 P qp=30 bytes=271 avg=1743 kbps
[openvenc][rc] f=12 P qp=29 bytes=404 avg=1623 kbps
[openvenc][rc] f=13 P qp=28 bytes=714 avg=1532 kbps
[openvenc][rc] f=14 P qp=27 bytes=2722 avg=1515 kbps
[openvenc][rc] f=15 P qp=26 bytes=3747 avg=1531 kbps
[openvenc][rc] f=16 P qp=28 bytes=236 avg=1447 kbps
[openvenc][rc] f=17 P qp=27 bytes=367 avg=1377 kbps
[openvenc][rc] f=18 P qp=26 bytes=724 avg=1322 kbps
[openvenc][rc] f=19 P qp=25 bytes=3144 avg=1330 kbps
[openvenc][rc] f=20 P qp=24 bytes=4493 avg=1368 kbps
[openvenc][rc] f=21 P qp=26 bytes=294 avg=1312 kbps
[openvenc][rc] f=22 P qp=25 bytes=359 avg=1262 kbps
[openvenc][rc] f=23 P qp=24 bytes=745 avg=1224 kbps
[openvenc][rc] f=24 P qp=23 bytes=3369 avg=1239 kbps
[openvenc][rc] f=25 P qp=23 bytes=756 avg=1205 kbps
[openvenc][rc] f=26 P qp=22 bytes=4257 avg=1235 kbps
[openvenc][rc] f=27 P qp=22 bytes=891 avg=1206 kbps
[openvenc][rc] f=28 P qp=21 bytes=3959 avg=1229 kbps
[openvenc][rc] f=29 P qp=21 bytes=746 avg=1199 kbps
[openvenc][rc] f=30 P qp=20 bytes=4159 avg=1224 kbps
[openvenc][rc] f=31 P qp=20 bytes=933 avg=1200 kbps
[openvenc][rc] f=32 P qp=19 bytes=5026 avg=1235 kbps
[openvenc][rc] f=33 P qp=19 bytes=901 avg=1211 kbps
[openvenc][rc] f=34 P qp=18 bytes=5064 avg=1245 kbps
[openvenc][rc] f=35 P qp=18 bytes=1014 avg=1224 kbps
[openvenc][rc] f=36 P qp=17 bytes=5095 avg=1256 kbps
[openvenc][rc] f=37 P qp=17 bytes=1127 avg=1237 kbps
[openvenc][rc] f=38 P qp=16 bytes=5097 avg=1267 kbps
[openvenc][rc] f=39 P qp=16 bytes=1410 avg=1252 kbps
[openvenc][rc] f=40 P qp=16 bytes=945 avg=1232 kbps
[openvenc][rc] f=41 P qp=16 bytes=781 avg=1211 kbps
[openvenc][rc] f=42 P qp=16 bytes=788 avg=1192 kbps
[openvenc][rc] f=43 P qp=16 bytes=746 avg=1173 kbps
[openvenc][rc] f=44 P qp=16 bytes=690 avg=1154 kbps
[openvenc][rc] f=45 P qp=16 bytes=703 avg=1136 kbps
[openvenc][rc] f=46 P qp=16 bytes=681 avg=1119 kbps
[openvenc][rc] f=47 P qp=16 bytes=708 avg=1102 kbps
[openvenc][rc] f=48 P qp=16 bytes=691 avg=1087 kbps
[openvenc][rc] f=49 P qp=16 bytes=667 avg=1071 kbps
[openvenc][rc] f=50 IDR qp=17 bytes=63547 avg=1638 kbps
[openvenc][rc] f=51 P qp=17 bytes=764 avg=1614 kbps
[openvenc][rc] f=52 P qp=16 bytes=1016 avg=1592 kbps
[openvenc][rc] f=53 P qp=16 bytes=708 avg=1569 kbps
[openvenc][rc] f=54 P qp=16 bytes=620 avg=1546 kbps
[openvenc][rc] f=55 P qp=16 bytes=501 avg=1522 kbps
[openvenc][rc] f=56 P qp=16 bytes=430 avg=1499 kbps
[openvenc][rc] f=57 P qp=16 bytes=415 avg=1477 kbps
[openvenc][rc] f=58 P qp=16 bytes=409 avg=1455 kbps
[openvenc][rc] f=59 P qp=16 bytes=409 avg=1434 kbps
[openvenc][rc] f=60 P qp=16 bytes=414 avg=1414 kbps
[openvenc][rc] f=61 P qp=16 bytes=412 avg=1394 kbps
[openvenc][rc] f=62 P qp=16 bytes=407 avg=1375 kbps
[openvenc][rc] f=63 P qp=16 bytes=409 avg=1356 kbps
[openvenc][rc] f=64 P qp=16 bytes=413 avg=1339 kbps
[openvenc][rc] f=65 P qp=16 bytes=413 avg=1321 kbps
[openvenc][rc] f=66 P qp=16 bytes=414 avg=1304 kbps
[openvenc][rc] f=67 P qp=16 bytes=409 avg=1288 kbps
[openvenc][rc] f=68 P qp=16 bytes=412 avg=1272 kbps
[openvenc][rc] f=69 P qp=16 bytes=414 avg=1257 kbps
[openvenc][rc] f=70 P qp=16 bytes=409 avg=1242 kbps
[openvenc][rc] f=71 P qp=16 bytes=409 avg=1227 kbps
[openvenc][rc] f=72 P qp=16 bytes=412 avg=1213 kbps
[openvenc][rc] f=73 P qp=16 bytes=412 avg=1199 kbps
[openvenc][rc] f=74 P qp=16 bytes=409 avg=1186 kbps
[openvenc][rc] f=75 P qp=16 bytes=409 avg=1173 kbps
[openvenc][rc] f=76 P qp=16 bytes=413 avg=1160 kbps
[openvenc][rc] f=77 P qp=16 bytes=414 avg=1148 kbps
[openvenc][rc] f=78 P qp=16 bytes=409 avg=1136 kbps
[openvenc][rc] f=79 P qp=16 bytes=408 avg=1124 kbps
[openvenc][rc] f=80 P qp=16 bytes=413 avg=1112 kbps
[openvenc][rc] f=81 P qp=16 bytes=414 avg=1101 kbps
[openvenc][rc] f=82 P qp=16 bytes=409 avg=1090 kbps
[openvenc][rc] f=83 P qp=16 bytes=408 avg=1080 kbps
[openvenc][rc] f=84 P qp=16 bytes=412 avg=1069 kbps
[openvenc][rc] f=85 P qp=16 bytes=413 avg=1059 kbps
[openvenc][rc] f=86 P qp=16 bytes=409 avg=1049 kbps
[openvenc][rc] f=87 P qp=16 bytes=408 avg=1039 kbps
[openvenc][rc] f=88 P qp=16 bytes=414 avg=1030 kbps
[openvenc][rc] f=89 P qp=16 bytes=414 avg=1021 kbps
[openvenc][rc] f=90 P qp=16 bytes=408 avg=1012 kbps
[openvenc][rc] f=91 P qp=16 bytes=409 avg=1003 kbps
[openvenc][rc] f=92 P qp=16 bytes=413 avg=994 kbps
[openvenc][rc] f=93 P qp=16 bytes=414 avg=985 kbps
[openvenc][rc] f=94 P qp=16 bytes=408 avg=977 kbps
[openvenc][rc] f=95 P qp=16 bytes=408 avg=969 kbps
[openvenc][rc] f=96 P qp=16 bytes=413 avg=961 kbps
[openvenc][rc] f=97 P qp=16 bytes=414 avg=953 kbps
[openvenc][rc] f=98 P qp=16 bytes=408 avg=945 kbps
[openvenc][rc] f=99 P qp=16 bytes=414 avg=938 kbps
[openvenc][rc] f=100 IDR qp=17 bytes=63547 avg=1226 kbps
[openvenc][rc] f=101 P qp=17 bytes=764 avg=1217 kbps
[openvenc][rc] f=102 P qp=16 bytes=1016 avg=1210 kbps
[openvenc][rc] f=103 P qp=16 bytes=708 avg=1202 kbps
[openvenc][rc] f=104 P qp=16 bytes=620 avg=1193 kbps
[openvenc][rc] f=105 P qp=16 bytes=501 avg=1184 kbps
[openvenc][rc] f=106 P qp=16 bytes=430 avg=1175 kbps
[openvenc][rc] f=107 P qp=16 bytes=415 avg=1166 kbps
[openvenc][rc] f=108 P qp=16 bytes=409 avg=1157 kbps
[openvenc][rc] f=109 P qp=16 bytes=409 avg=1148 kbps
[openvenc][rc] f=110 P qp=16 bytes=414 avg=1139 kbps
[openvenc][rc] f=111 P qp=16 bytes=412 avg=1131 kbps
[openvenc][rc] f=112 P qp=16 bytes=407 avg=1123 kbps
[openvenc][rc] f=113 P qp=16 bytes=409 avg=1115 kbps
[openvenc][rc] f=114 P qp=16 bytes=413 avg=1107 kbps
[openvenc][rc] f=115 P qp=16 bytes=413 avg=1099 kbps
[openvenc][rc] f=116 P qp=16 bytes=414 avg=1091 kbps
[openvenc][rc] f=117 P qp=16 bytes=409 avg=1083 kbps
[openvenc][rc] f=118 P qp=16 bytes=412 avg=1076 kbps
[openvenc][rc] f=119 P qp=16 bytes=414 avg=1069 kbps
[openvenc][rc] f=120 P qp=16 bytes=409 avg=1061 kbps
[openvenc][rc] f=121 P qp=16 bytes=409 avg=1054 kbps
[openvenc][rc] f=122 P qp=16 bytes=412 avg=1047 kbps
[openvenc][rc] f=123 P qp=16 bytes=412 avg=1040 kbps
[openvenc][rc] f=124 P qp=16 bytes=409 avg=1034 kbps
[openvenc][rc] f=125 P qp=16 bytes=409 avg=1027 kbps
[openvenc][rc] f=126 P qp=16 bytes=413 avg=1020 kbps
[openvenc][rc] f=127 P qp=16 bytes=414 avg=1014 kbps
[openvenc][rc] f=128 P qp=16 bytes=409 avg=1008 kbps
[openvenc][rc] f=129 P qp=16 bytes=408 avg=1001 kbps
[openvenc][rc] f=130 P qp=16 bytes=413 avg=995 kbps
[openvenc][rc] f=131 P qp=16 bytes=414 avg=989 kbps
[openvenc][rc] f=132 P qp=16 bytes=409 avg=983 kbps
[openvenc][rc] f=133 P qp=16 bytes=408 avg=977 kbps
[openvenc][rc] f=134 P qp=16 bytes=412 avg=971 kbps
[openvenc][rc] f=135 P qp=16 bytes=413 avg=966 kbps
[openvenc][rc] f=136 P qp=16 bytes=409 avg=960 kbps
[openvenc][rc] f=137 P qp=16 bytes=408 avg=954 kbps
[openvenc][rc] f=138 P qp=16 bytes=414 avg=949 kbps
[openvenc][rc] f=139 P qp=16 bytes=414 avg=944 kbps
[openvenc][rc] f=140 P qp=16 bytes=408 avg=938 kbps
[openvenc][rc] f=141 P qp=16 bytes=409 avg=933 kbps
[openvenc][rc] f=142 P qp=16 bytes=413 avg=928 kbps
[openvenc][rc] f=143 P qp=16 bytes=414 avg=923 kbps
[openvenc][rc] f=144 P qp=16 bytes=408 avg=918 kbps
[openvenc][rc] f=145 P qp=16 bytes=408 avg=913 kbps
[openvenc][rc] f=146 P qp=16 bytes=413 avg=908 kbps
[openvenc][rc] f=147 P qp=16 bytes=414 avg=903 kbps
[openvenc][rc] f=148 P qp=16 bytes=408 avg=898 kbps
[openvenc][rc] f=149 P qp=16 bytes=414 avg=894 kbps
[openvenc][rc] f=150 IDR qp=17 bytes=63547 avg=1086 kbps
[openvenc][rc] f=151 P qp=17 bytes=764 avg=1082 kbps
[openvenc][rc] f=152 P qp=16 bytes=1016 avg=1078 kbps
[openvenc][rc] f=153 P qp=16 bytes=708 avg=1073 kbps
[openvenc][rc] f=154 P qp=16 bytes=620 avg=1068 kbps
[openvenc][rc] f=155 P qp=16 bytes=501 avg=1062 kbps
[openvenc][rc] f=156 P qp=16 bytes=430 avg=1057 kbps
[openvenc][rc] f=157 P qp=16 bytes=415 avg=1052 kbps
[openvenc][rc] f=158 P qp=16 bytes=409 avg=1046 kbps
[openvenc][rc] f=159 P qp=16 bytes=409 avg=1041 kbps
[openvenc][rc] f=160 P qp=16 bytes=414 avg=1036 kbps
[openvenc][rc] f=161 P qp=16 bytes=412 avg=1030 kbps
[openvenc][rc] f=162 P qp=16 bytes=407 avg=1025 kbps
[openvenc][rc] f=163 P qp=16 bytes=409 avg=1020 kbps
[openvenc][rc] f=164 P qp=16 bytes=413 avg=1015 kbps
[openvenc][rc] f=165 P qp=16 bytes=413 avg=1010 kbps
[openvenc][rc] f=166 P qp=16 bytes=414 avg=1005 kbps
[openvenc][rc] f=167 P qp=16 bytes=409 avg=1000 kbps
[openvenc][rc] f=168 P qp=16 bytes=412 avg=996 kbps
[openvenc][rc] f=169 P qp=16 bytes=414 avg=991 kbps
[openvenc][rc] f=170 P qp=16 bytes=409 avg=986 kbps
[openvenc][rc] f=171 P qp=16 bytes=409 avg=982 kbps
[openvenc][rc] f=172 P qp=16 bytes=412 avg=977 kbps
[openvenc][rc] f=173 P qp=16 bytes=412 avg=973 kbps
[openvenc][rc] f=174 P qp=16 bytes=409 avg=968 kbps
[openvenc][rc] f=175 P qp=16 bytes=409 avg=964 kbps
[openvenc][rc] f=176 P qp=16 bytes=413 avg=959 kbps
[openvenc][rc] f=177 P qp=16 bytes=414 avg=955 kbps
[openvenc][rc] f=178 P qp=16 bytes=409 avg=951 kbps
[openvenc][rc] f=179 P qp=16 bytes=408 avg=947 kbps
[openvenc][rc] f=180 P qp=16 bytes=413 avg=943 kbps
[openvenc][rc] f=181 P qp=16 bytes=414 avg=938 kbps
[openvenc][rc] f=182 P qp=16 bytes=409 avg=934 kbps
[openvenc][rc] f=183 P qp=16 bytes=408 avg=930 kbps
[openvenc][rc] f=184 P qp=16 bytes=412 avg=926 kbps
[openvenc][rc] f=185 P qp=16 bytes=413 avg=922 kbps
[openvenc][rc] f=186 P qp=16 bytes=409 avg=919 kbps
[openvenc][rc] f=187 P qp=16 bytes=408 avg=915 kbps
[openvenc][rc] f=188 P qp=16 bytes=414 avg=911 kbps
[openvenc][rc] f=189 P qp=16 bytes=414 avg=907 kbps
[openvenc][rc] f=190 P qp=16 bytes=408 avg=903 kbps
[openvenc][rc] f=191 P qp=16 bytes=409 avg=900 kbps
[openvenc][rc] f=192 P qp=16 bytes=413 avg=896 kbps
[openvenc][rc] f=193 P qp=16 bytes=414 avg=892 kbps
[openvenc][rc] f=194 P qp=16 bytes=408 avg=889 kbps
[openvenc][rc] f=195 P qp=16 bytes=408 avg=885 kbps
[openvenc][rc] f=196 P qp=16 bytes=413 avg=882 kbps
[openvenc][rc] f=197 P qp=16 bytes=414 avg=878 kbps
[openvenc][rc] f=198 P qp=16 bytes=408 avg=875 kbps
[openvenc][rc] f=199 P qp=16 bytes=414 avg=871 kbps
[openvenc][rc] f=200 IDR qp=17 bytes=63547 avg=1016 kbps
[openvenc][rc] f=201 P qp=17 bytes=764 avg=1013 kbps
[openvenc][rc] f=202 P qp=16 bytes=1016 avg=1010 kbps
[openvenc][rc] f=203 P qp=16 bytes=708 avg=1007 kbps
[openvenc][rc] f=204 P qp=16 bytes=620 avg=1004 kbps
[openvenc][rc] f=205 P qp=16 bytes=501 avg=1000 kbps
[openvenc][rc] f=206 P qp=16 bytes=430 avg=996 kbps
[openvenc][rc] f=207 P qp=16 bytes=415 avg=992 kbps
[openvenc][rc] f=208 P qp=16 bytes=409 avg=988 kbps
[openvenc][rc] f=209 P qp=16 bytes=409 avg=985 kbps
[openvenc][rc] f=210 P qp=16 bytes=414 avg=981 kbps
[openvenc][rc] f=211 P qp=16 bytes=412 avg=977 kbps
[openvenc][rc] f=212 P qp=16 bytes=407 avg=973 kbps
[openvenc][rc] f=213 P qp=16 bytes=409 avg=970 kbps
[openvenc][rc] f=214 P qp=16 bytes=413 avg=966 kbps
[openvenc][rc] f=215 P qp=16 bytes=413 avg=963 kbps
[openvenc][rc] f=216 P qp=16 bytes=414 avg=959 kbps
[openvenc][rc] f=217 P qp=16 bytes=409 avg=956 kbps
[openvenc][rc] f=218 P qp=16 bytes=412 avg=952 kbps
[openvenc][rc] f=219 P qp=16 bytes=414 avg=949 kbps
[openvenc][rc] f=220 P qp=16 bytes=409 avg=945 kbps
[openvenc][rc] f=221 P qp=16 bytes=409 avg=942 kbps
[openvenc][rc] f=222 P qp=16 bytes=412 avg=939 kbps
[openvenc][rc] f=223 P qp=16 bytes=412 avg=935 kbps
[openvenc][rc] f=224 P qp=16 bytes=409 avg=932 kbps
[openvenc][rc] f=225 P qp=16 bytes=409 avg=929 kbps
[openvenc][rc] f=226 P qp=16 bytes=413 avg=925 kbps
[openvenc][rc] f=227 P qp=16 bytes=414 avg=922 kbps
[openvenc][rc] f=228 P qp=16 bytes=409 avg=919 kbps
[openvenc][rc] f=229 P qp=16 bytes=408 avg=916 kbps
[openvenc][rc] f=230 P qp=16 bytes=413 avg=913 kbps
[openvenc][rc] f=231 P qp=16 bytes=414 avg=910 kbps
[openvenc][rc] f=232 P qp=16 bytes=409 avg=907 kbps
[openvenc][rc] f=233 P qp=16 bytes=408 avg=904 kbps
[openvenc][rc] f=234 P qp=16 bytes=412 avg=901 kbps
[openvenc][rc] f=235 P qp=16 bytes=413 avg=898 kbps
[openvenc][rc] f=236 P qp=16 bytes=409 avg=895 kbps
[openvenc][rc] f=237 P qp=16 bytes=408 avg=892 kbps
[openvenc][rc] f=238 P qp=16 bytes=414 avg=889 kbps
[openvenc][rc] f=239 P qp=16 bytes=414 avg=886 kbps
[openvenc][rc] f=240 P qp=16 bytes=408 avg=883 kbps
[openvenc][rc] f=241 P qp=16 bytes=409 avg=880 kbps
[openvenc][rc] f=242 P qp=16 bytes=413 avg=877 kbps
[openvenc][rc] f=243 P qp=16 bytes=414 avg=874 kbps
[openvenc][rc] f=244 P qp=16 bytes=408 avg=872 kbps
[openvenc][rc] f=245 P qp=16 bytes=408 avg=869 kbps
[openvenc][rc] f=246 P qp=16 bytes=413 avg=866 kbps
[openvenc][rc] f=247 P qp=16 bytes=414 avg=863 kbps
[openvenc][rc] f=248 P qp=16 bytes=408 avg=861 kbps
[openvenc][rc] f=249 P qp=16 bytes=414 avg=858 kbps
[openvenc][rc] f=250 IDR qp=17 bytes=63547 avg=974 kbps
[openvenc][rc] f=251 P qp=17 bytes=764 avg=972 kbps
[openvenc][rc] f=252 P qp=16 bytes=1016 avg=970 kbps
[openvenc][rc] f=253 P qp=16 bytes=708 avg=967 kbps
[openvenc][rc] f=254 P qp=16 bytes=620 avg=965 kbps
[openvenc][rc] f=255 P qp=16 bytes=501 avg=962 kbps
[openvenc][rc] f=256 P qp=16 bytes=430 avg=959 kbps
[openvenc][rc] f=257 P qp=16 bytes=415 avg=956 kbps
[openvenc][rc] f=258 P qp=16 bytes=409 avg=953 kbps
[openvenc][rc] f=259 P qp=16 bytes=409 avg=950 kbps
[openvenc][rc] f=260 P qp=16 bytes=414 avg=947 kbps
[openvenc][rc] f=261 P qp=16 bytes=412 avg=944 kbps
[openvenc][rc] f=262 P qp=16 bytes=407 avg=941 kbps
[openvenc][rc] f=263 P qp=16 bytes=409 avg=939 kbps
[openvenc][rc] f=264 P qp=16 bytes=413 avg=936 kbps
[openvenc][rc] f=265 P qp=16 bytes=413 avg=933 kbps
[openvenc][rc] f=266 P qp=16 bytes=414 avg=930 kbps
[openvenc][rc] f=267 P qp=16 bytes=409 avg=927 kbps
[openvenc][rc] f=268 P qp=16 bytes=412 avg=925 kbps
[openvenc][rc] f=269 P qp=16 bytes=414 avg=922 kbps
[openvenc][rc] f=270 P qp=16 bytes=409 avg=919 kbps
[openvenc][rc] f=271 P qp=16 bytes=409 avg=917 kbps
[openvenc][rc] f=272 P qp=16 bytes=412 avg=914 kbps
[openvenc][rc] f=273 P qp=16 bytes=412 avg=911 kbps
[openvenc][rc] f=274 P qp=16 bytes=409 avg=909 kbps
[openvenc][rc] f=275 P qp=16 bytes=409 avg=906 kbps
[openvenc][rc] f=276 P qp=16 bytes=413 avg=904 kbps
[openvenc][rc] f=277 P qp=16 bytes=829 avg=902 kbps
[openvenc][rc] f=278 P qp=16 bytes=429 avg=899 kbps
[openvenc][rc] f=279 P qp=16 bytes=927 avg=898 kbps
[openvenc][rc] f=280 P qp=16 bytes=687 avg=896 kbps
[openvenc][rc] f=281 P qp=16 bytes=614 avg=893 kbps
[openvenc][rc] f=282 P qp=16 bytes=937 avg=892 kbps
[openvenc][rc] f=283 P qp=16 bytes=874 avg=890 kbps
[openvenc][rc] f=284 P qp=16 bytes=1267 avg=889 kbps
[openvenc][rc] f=285 P qp=16 bytes=1084 avg=888 kbps
[openvenc][rc] f=286 P qp=16 bytes=904 avg=886 kbps
[openvenc][rc] f=287 P qp=16 bytes=704 avg=884 kbps
[openvenc][rc] f=288 P qp=16 bytes=729 avg=882 kbps
[openvenc][rc] f=289 P qp=16 bytes=1008 avg=881 kbps
[openvenc][rc] f=290 P qp=16 bytes=960 avg=880 kbps
[openvenc][rc] f=291 P qp=16 bytes=1000 avg=878 kbps
[openvenc][rc] f=292 P qp=16 bytes=924 avg=877 kbps
[openvenc][rc] f=293 P qp=16 bytes=985 avg=875 kbps
[openvenc][rc] f=294 P qp=16 bytes=1046 avg=874 kbps
[openvenc][rc] f=295 P qp=16 bytes=522 avg=872 kbps
[openvenc][rc] f=296 P qp=16 bytes=549 avg=870 kbps
[openvenc][rc] f=297 P qp=16 bytes=509 avg=868 kbps
[openvenc][rc] f=298 P qp=16 bytes=454 avg=865 kbps
[openvenc][rc] f=299 P qp=16 bytes=420 avg=863 kbps
[openvenc][rc] f=300 IDR qp=17 bytes=63771 avg=960 kbps
[openvenc][rc] f=301 P qp=17 bytes=743 avg=958 kbps
[openvenc][rc] f=302 P qp=16 bytes=952 avg=957 kbps
[openvenc][rc] f=303 P qp=16 bytes=658 avg=955 kbps
[openvenc][rc] f=304 P qp=16 bytes=566 avg=952 kbps
[openvenc][rc] f=305 P qp=16 bytes=473 avg=950 kbps
[openvenc][rc] f=306 P qp=16 bytes=490 avg=948 kbps
[openvenc][rc] f=307 P qp=16 bytes=374 avg=945 kbps
[openvenc][rc] f=308 P qp=16 bytes=367 avg=943 kbps
[openvenc][rc] f=309 P qp=16 bytes=364 avg=940 kbps
[openvenc][rc] f=310 P qp=16 bytes=362 avg=938 kbps
[openvenc][rc] f=311 P qp=16 bytes=362 avg=935 kbps
[openvenc][rc] f=312 P qp=16 bytes=362 avg=933 kbps
[openvenc][rc] f=313 P qp=16 bytes=362 avg=930 kbps
[openvenc][rc] f=314 P qp=16 bytes=362 avg=928 kbps
[openvenc][rc] f=315 P qp=16 bytes=362 avg=926 kbps
[openvenc][rc] f=316 P qp=16 bytes=362 avg=923 kbps
[openvenc][rc] f=317 P qp=16 bytes=362 avg=921 kbps
[openvenc][rc] f=318 P qp=16 bytes=362 avg=918 kbps
[openvenc][rc] f=319 P qp=16 bytes=362 avg=916 kbps
[openvenc][rc] f=320 P qp=16 bytes=362 avg=914 kbps
[openvenc][rc] f=321 P qp=16 bytes=362 avg=911 kbps
[openvenc][rc] f=322 P qp=16 bytes=362 avg=909 kbps
[openvenc][rc] f=323 P qp=16 bytes=362 avg=907 kbps
[openvenc][rc] f=324 P qp=16 bytes=362 avg=905 kbps
[openvenc][rc] f=325 P qp=16 bytes=362 avg=902 kbps
[openvenc][rc] f=326 P qp=16 bytes=362 avg=900 kbps
[openvenc][rc] f=327 P qp=16 bytes=362 avg=898 kbps
[openvenc][rc] f=328 P qp=16 bytes=362 avg=896 kbps
[openvenc][rc] f=329 P qp=16 bytes=362 avg=893 kbps
[openvenc][rc] f=330 P qp=16 bytes=362 avg=891 kbps
[openvenc][rc] f=331 P qp=16 bytes=362 avg=889 kbps
[openvenc][rc] f=332 P qp=16 bytes=362 avg=887 kbps
[openvenc][rc] f=333 P qp=16 bytes=362 avg=885 kbps
[openvenc][rc] f=334 P qp=16 bytes=362 avg=883 kbps
[openvenc][rc] f=335 P qp=16 bytes=362 avg=881 kbps
[openvenc][rc] f=336 P qp=16 bytes=362 avg=878 kbps
[openvenc][rc] f=337 P qp=16 bytes=362 avg=876 kbps
[openvenc][rc] f=338 P qp=16 bytes=362 avg=874 kbps
[openvenc][rc] f=339 P qp=16 bytes=362 avg=872 kbps
[openvenc][rc] f=340 P qp=16 bytes=362 avg=870 kbps
[openvenc][rc] f=341 P qp=16 bytes=362 avg=868 kbps
[openvenc][rc] f=342 P qp=16 bytes=362 avg=866 kbps
[openvenc][rc] f=343 P qp=16 bytes=362 avg=864 kbps
[openvenc][rc] f=344 P qp=16 bytes=362 avg=862 kbps
[openvenc][rc] f=345 P qp=16 bytes=440 avg=860 kbps
[openvenc][rc] f=346 P qp=16 bytes=389 avg=858 kbps
[openvenc][rc] f=347 P qp=16 bytes=443 avg=856 kbps
[openvenc][rc] f=348 P qp=16 bytes=766 avg=855 kbps
[openvenc][rc] f=349 P qp=16 bytes=1048 avg=854 kbps
[openvenc][rc] f=350 IDR qp=17 bytes=63550 avg=937 kbps
[openvenc][rc] f=351 P qp=17 bytes=1479 avg=936 kbps
[openvenc][rc] f=352 P qp=16 bytes=1662 avg=936 kbps
[openvenc][rc] f=353 P qp=16 bytes=1236 avg=935 kbps
[openvenc][rc] f=354 P qp=16 bytes=1046 avg=934 kbps
[openvenc][rc] f=355 P qp=16 bytes=949 avg=932 kbps
[openvenc][rc] f=356 P qp=16 bytes=681 avg=931 kbps
[openvenc][rc] f=357 P qp=16 bytes=662 avg=929 kbps
[openvenc][rc] f=358 P qp=16 bytes=602 avg=927 kbps
[openvenc][rc] f=359 P qp=16 bytes=521 avg=925 kbps
[openvenc][rc] f=360 P qp=16 bytes=432 avg=923 kbps
[openvenc][rc] f=361 P qp=16 bytes=411 avg=921 kbps
[openvenc][rc] f=362 P qp=16 bytes=388 avg=919 kbps
[openvenc][rc] f=363 P qp=16 bytes=389 avg=917 kbps
[openvenc][rc] f=364 P qp=16 bytes=386 avg=915 kbps
[openvenc][rc] f=365 P qp=16 bytes=386 avg=913 kbps
[openvenc][rc] f=366 P qp=16 bytes=386 avg=911 kbps
[openvenc][rc] f=367 P qp=16 bytes=386 avg=909 kbps
[openvenc][rc] f=368 P qp=16 bytes=386 avg=907 kbps
[openvenc][rc] f=369 P qp=16 bytes=386 avg=905 kbps
[openvenc][rc] f=370 P qp=16 bytes=386 avg=903 kbps
[openvenc][rc] f=371 P qp=16 bytes=386 avg=901 kbps
[openvenc][rc] f=372 P qp=16 bytes=386 avg=899 kbps
[openvenc][rc] f=373 P qp=16 bytes=386 avg=897 kbps
[openvenc][rc] f=374 P qp=16 bytes=386 avg=895 kbps
[openvenc][rc] f=375 P qp=16 bytes=386 avg=894 kbps
[openvenc][rc] f=376 P qp=16 bytes=386 avg=892 kbps
[openvenc][rc] f=377 P qp=16 bytes=988 avg=891 kbps
[openvenc][rc] f=378 P qp=16 bytes=1185 avg=890 kbps
[openvenc][rc] f=379 P qp=16 bytes=995 avg=889 kbps
[openvenc][rc] f=380 P qp=16 bytes=1124 avg=888 kbps
[openvenc][rc] f=381 P qp=16 bytes=2138 avg=888 kbps
[openvenc][rc] f=382 P qp=16 bytes=2101 avg=888 kbps
[openvenc][rc] f=383 P qp=16 bytes=2431 avg=889 kbps
[openvenc][rc] f=384 P qp=16 bytes=2649 avg=890 kbps
[openvenc][rc] f=385 P qp=16 bytes=2787 avg=891 kbps
[openvenc][rc] f=386 P qp=16 bytes=582 avg=889 kbps
[openvenc][rc] f=387 P qp=16 bytes=477 avg=888 kbps
[openvenc][rc] f=388 P qp=16 bytes=444 avg=886 kbps
[openvenc][rc] f=389 P qp=16 bytes=436 avg=884 kbps
[openvenc][rc] f=390 P qp=16 bytes=430 avg=882 kbps
[openvenc][rc] f=391 P qp=16 bytes=432 avg=881 kbps
[openvenc][rc] f=392 P qp=16 bytes=409 avg=879 kbps
[openvenc][rc] f=393 P qp=16 bytes=400 avg=877 kbps
[openvenc][rc] f=394 P qp=16 bytes=398 avg=875 kbps
[openvenc][rc] f=395 P qp=16 bytes=398 avg=874 kbps
[openvenc][rc] f=396 P qp=16 bytes=396 avg=872 kbps
[openvenc][rc] f=397 P qp=16 bytes=396 avg=870 kbps
[openvenc][rc] f=398 P qp=16 bytes=396 avg=869 kbps
[openvenc][rc] f=399 P qp=16 bytes=396 avg=867 kbps
[openvenc][rc] f=400 IDR qp=17 bytes=64047 avg=940 kbps
[openvenc][rc] f=401 P qp=17 bytes=810 avg=939 kbps
[openvenc][rc] f=402 P qp=16 bytes=1047 avg=938 kbps
[openvenc][rc] f=403 P qp=16 bytes=734 avg=936 kbps
[openvenc][rc] f=404 P qp=16 bytes=586 avg=934 kbps
[openvenc][rc] f=405 P qp=16 bytes=500 avg=933 kbps
[openvenc][rc] f=406 P qp=16 bytes=446 avg=931 kbps
[openvenc][rc] f=407 P qp=16 bytes=426 avg=929 kbps
[openvenc][rc] f=408 P qp=16 bytes=414 avg=927 kbps
[openvenc][rc] f=409 P qp=16 bytes=410 avg=926 kbps
[openvenc][rc] f=410 P qp=16 bytes=415 avg=924 kbps
[openvenc][rc] f=411 P qp=16 bytes=414 avg=922 kbps
[openvenc][rc] f=412 P qp=16 bytes=409 avg=920 kbps
[openvenc][rc] f=413 P qp=16 bytes=410 avg=919 kbps
[openvenc][rc] f=414 P qp=16 bytes=415 avg=917 kbps
[openvenc][rc] f=415 P qp=16 bytes=414 avg=915 kbps
[openvenc][rc] f=416 P qp=16 bytes=415 avg=913 kbps
[openvenc][rc] f=417 P qp=16 bytes=411 avg=912 kbps
[openvenc][rc] f=418 P qp=16 bytes=414 avg=910 kbps
[openvenc][rc] f=419 P qp=16 bytes=415 avg=908 kbps
[openvenc][rc] f=420 P qp=16 bytes=410 avg=907 kbps
[openvenc][rc] f=421 P qp=16 bytes=411 avg=905 kbps
[openvenc][rc] f=422 P qp=16 bytes=414 avg=903 kbps
[openvenc][rc] f=423 P qp=16 bytes=414 avg=901 kbps
[openvenc][rc] f=424 P qp=16 bytes=410 avg=900 kbps
[openvenc][rc] f=425 P qp=16 bytes=411 avg=898 kbps
[openvenc][rc] f=426 P qp=16 bytes=414 avg=897 kbps
[openvenc][rc] f=427 P qp=16 bytes=416 avg=895 kbps
[openvenc][rc] f=428 P qp=16 bytes=410 avg=893 kbps
[openvenc][rc] f=429 P qp=16 bytes=409 avg=892 kbps
[openvenc][rc] f=430 P qp=16 bytes=415 avg=890 kbps
[openvenc][rc] f=431 P qp=16 bytes=415 avg=888 kbps
[openvenc][rc] f=432 P qp=16 bytes=411 avg=887 kbps
[openvenc][rc] f=433 P qp=16 bytes=409 avg=885 kbps
[openvenc][rc] f=434 P qp=16 bytes=413 avg=884 kbps
[openvenc][rc] f=435 P qp=16 bytes=415 avg=882 kbps
[openvenc][rc] f=436 P qp=16 bytes=410 avg=880 kbps
[openvenc][rc] f=437 P qp=16 bytes=410 avg=879 kbps
[openvenc][rc] f=438 P qp=16 bytes=415 avg=877 kbps
[openvenc][rc] f=439 P qp=16 bytes=415 avg=876 kbps
[openvenc][rc] f=440 P qp=16 bytes=409 avg=874 kbps
[openvenc][rc] f=441 P qp=16 bytes=411 avg=873 kbps
[openvenc][rc] f=442 P qp=16 bytes=415 avg=871 kbps
[openvenc][rc] f=443 P qp=16 bytes=415 avg=870 kbps
[openvenc][rc] f=444 P qp=16 bytes=409 avg=868 kbps
[openvenc][rc] f=445 P qp=16 bytes=409 avg=867 kbps
[openvenc][rc] f=446 P qp=16 bytes=415 avg=865 kbps
[openvenc][rc] f=447 P qp=16 bytes=415 avg=864 kbps
[openvenc][rc] f=448 P qp=16 bytes=409 avg=862 kbps
[openvenc][rc] f=449 P qp=16 bytes=416 avg=861 kbps
[openvenc][rc] f=450 IDR qp=17 bytes=64047 avg=926 kbps
[openvenc][rc] f=451 P qp=17 bytes=810 avg=925 kbps
[openvenc][rc] f=452 P qp=16 bytes=1047 avg=924 kbps
[openvenc][rc] f=453 P qp=16 bytes=734 avg=922 kbps
[openvenc][rc] f=454 P qp=16 bytes=586 avg=921 kbps
[openvenc][rc] f=455 P qp=16 bytes=500 avg=919 kbps
[openvenc][rc] f=456 P qp=16 bytes=446 avg=918 kbps
[openvenc][rc] f=457 P qp=16 bytes=426 avg=916 kbps
[openvenc][rc] f=458 P qp=16 bytes=414 avg=915 kbps
[openvenc][rc] f=459 P qp=16 bytes=410 avg=913 kbps
[openvenc][rc] f=460 P qp=16 bytes=415 avg=912 kbps
[openvenc][rc] f=461 P qp=16 bytes=414 avg=910 kbps
[openvenc][rc] f=462 P qp=16 bytes=409 avg=909 kbps
[openvenc][rc] f=463 P qp=16 bytes=410 avg=907 kbps
[openvenc][rc] f=464 P qp=16 bytes=415 avg=905 kbps
[openvenc][rc] f=465 P qp=16 bytes=414 avg=904 kbps
[openvenc][rc] f=466 P qp=16 bytes=415 avg=902 kbps
[openvenc][rc] f=467 P qp=16 bytes=411 avg=901 kbps
[openvenc][rc] f=468 P qp=16 bytes=414 avg=899 kbps
[openvenc][rc] f=469 P qp=16 bytes=415 avg=898 kbps
[openvenc][rc] f=470 P qp=16 bytes=410 avg=896 kbps
[openvenc][rc] f=471 P qp=16 bytes=411 avg=895 kbps
[openvenc][rc] f=472 P qp=16 bytes=414 avg=893 kbps
[openvenc][rc] f=473 P qp=16 bytes=414 avg=892 kbps
[openvenc][rc] f=474 P qp=16 bytes=410 avg=890 kbps
[openvenc][rc] f=475 P qp=16 bytes=411 avg=889 kbps
[openvenc][rc] f=476 P qp=16 bytes=414 avg=888 kbps
[openvenc][rc] f=477 P qp=16 bytes=416 avg=886 kbps
[openvenc][rc] f=478 P qp=16 bytes=410 avg=885 kbps
[openvenc][rc] f=479 P qp=16 bytes=409 avg=883 kbps
[openvenc][rc] f=480 P qp=16 bytes=415 avg=882 kbps
[openvenc][rc] f=481 P qp=16 bytes=415 avg=880 kbps
[openvenc][rc] f=482 P qp=16 bytes=411 avg=879 kbps
[openvenc][rc] f=483 P qp=16 bytes=409 avg=878 kbps
[openvenc][rc] f=484 P qp=16 bytes=413 avg=876 kbps
[openvenc][rc] f=485 P qp=16 bytes=415 avg=875 kbps
[openvenc][rc] f=486 P qp=16 bytes=410 avg=873 kbps
[openvenc][rc] f=487 P qp=16 bytes=410 avg=872 kbps
[openvenc][rc] f=488 P qp=16 bytes=415 avg=871 kbps
[openvenc][rc] f=489 P qp=16 bytes=415 avg=869 kbps
[openvenc][rc] f=490 P qp=16 bytes=409 avg=868 kbps
[openvenc][rc] f=491 P qp=16 bytes=411 avg=866 kbps
[openvenc][rc] f=492 P qp=16 bytes=415 avg=865 kbps
[openvenc][rc] f=493 P qp=16 bytes=415 avg=864 kbps
[openvenc][rc] f=494 P qp=16 bytes=409 avg=862 kbps
[openvenc][rc] f=495 P qp=16 bytes=409 avg=861 kbps
[openvenc][rc] f=496 P qp=16 bytes=415 avg=860 kbps
[openvenc][rc] f=497 P qp=16 bytes=415 avg=858 kbps
[openvenc][rc] f=498 P qp=16 bytes=409 avg=857 kbps
[openvenc][rc] f=499 P qp=16 bytes=416 avg=856 kbps
[openvenc][rc] f=500 IDR qp=17 bytes=64047 avg=914 kbps
[openvenc][rc] f=501 P qp=17 bytes=810 avg=913 kbps
[openvenc][rc] f=502 P qp=16 bytes=1047 avg=912 kbps
[openvenc][rc] f=503 P qp=16 bytes=734 avg=911 kbps
[openvenc][rc] f=504 P qp=16 bytes=586 avg=910 kbps
[openvenc][rc] f=505 P qp=16 bytes=500 avg=909 kbps
[openvenc][rc] f=506 P qp=16 bytes=446 avg=907 kbps
[openvenc][rc] f=507 P qp=16 bytes=426 avg=906 kbps
[openvenc][rc] f=508 P qp=16 bytes=414 avg=905 kbps
[openvenc][rc] f=509 P qp=16 bytes=410 avg=903 kbps
[openvenc][rc] f=510 P qp=16 bytes=415 avg=902 kbps
[openvenc][rc] f=511 P qp=16 bytes=414 avg=900 kbps
[openvenc][rc] f=512 P qp=16 bytes=409 avg=899 kbps
[openvenc][rc] f=513 P qp=16 bytes=410 avg=898 kbps
[openvenc][rc] f=514 P qp=16 bytes=415 avg=896 kbps
[openvenc][rc] f=515 P qp=16 bytes=414 avg=895 kbps
[openvenc][rc] f=516 P qp=16 bytes=415 avg=894 kbps
[openvenc][rc] f=517 P qp=16 bytes=411 avg=892 kbps
[openvenc][rc] f=518 P qp=16 bytes=414 avg=891 kbps
[openvenc][rc] f=519 P qp=16 bytes=415 avg=890 kbps
[openvenc][rc] f=520 P qp=16 bytes=410 avg=888 kbps
[openvenc][rc] f=521 P qp=16 bytes=411 avg=887 kbps
[openvenc][rc] f=522 P qp=16 bytes=414 avg=886 kbps
[openvenc][rc] f=523 P qp=16 bytes=414 avg=884 kbps
[openvenc][rc] f=524 P qp=16 bytes=410 avg=883 kbps
[openvenc][rc] f=525 P qp=16 bytes=411 avg=882 kbps
[openvenc][rc] f=526 P qp=16 bytes=414 avg=880 kbps
[openvenc][rc] f=527 P qp=16 bytes=416 avg=879 kbps
[openvenc][rc] f=528 P qp=16 bytes=410 avg=878 kbps
[openvenc][rc] f=529 P qp=16 bytes=409 avg=876 kbps
[openvenc][rc] f=530 P qp=16 bytes=415 avg=875 kbps
[openvenc][rc] f=531 P qp=16 bytes=415 avg=874 kbps
[openvenc][rc] f=532 P qp=16 bytes=411 avg=873 kbps
[openvenc][rc] f=533 P qp=16 bytes=409 avg=871 kbps
[openvenc][rc] f=534 P qp=16 bytes=413 avg=870 kbps
[openvenc][rc] f=535 P qp=16 bytes=415 avg=869 kbps
[openvenc][rc] f=536 P qp=16 bytes=410 avg=868 kbps
[openvenc][rc] f=537 P qp=16 bytes=410 avg=866 kbps
[openvenc][rc] f=538 P qp=16 bytes=415 avg=865 kbps
[openvenc][rc] f=539 P qp=16 bytes=415 avg=864 kbps
[openvenc][rc] f=540 P qp=16 bytes=409 avg=863 kbps
[openvenc][rc] f=541 P qp=16 bytes=411 avg=861 kbps
[openvenc][rc] f=542 P qp=16 bytes=415 avg=860 kbps
[openvenc][rc] f=543 P qp=16 bytes=415 avg=859 kbps
[openvenc][rc] f=544 P qp=16 bytes=409 avg=858 kbps
[openvenc][rc] f=545 P qp=16 bytes=409 avg=856 kbps
[openvenc][rc] f=546 P qp=16 bytes=415 avg=855 kbps
[openvenc][rc] f=547 P qp=16 bytes=415 avg=854 kbps
[openvenc][rc] f=548 P qp=16 bytes=409 avg=853 kbps
[openvenc][rc] f=549 P qp=16 bytes=416 avg=852 kbps
[openvenc][rc] f=550 IDR qp=17 bytes=64047 avg=905 kbps
[openvenc][rc] f=551 P qp=17 bytes=810 avg=904 kbps
[openvenc][rc] f=552 P qp=16 bytes=1047 avg=903 kbps
[openvenc][rc] f=553 P qp=16 bytes=734 avg=902 kbps
[openvenc][rc] f=554 P qp=16 bytes=586 avg=901 kbps
[openvenc][rc] f=555 P qp=16 bytes=500 avg=900 kbps
[openvenc][rc] f=556 P qp=16 bytes=446 avg=899 kbps
[openvenc][rc] f=557 P qp=16 bytes=426 avg=897 kbps
[openvenc][rc] f=558 P qp=16 bytes=414 avg=896 kbps
[openvenc][rc] f=559 P qp=16 bytes=410 avg=895 kbps
[openvenc][rc] f=560 P qp=16 bytes=415 avg=894 kbps
[openvenc][rc] f=561 P qp=16 bytes=414 avg=892 kbps
[openvenc][rc] f=562 P qp=16 bytes=409 avg=891 kbps
[openvenc][rc] f=563 P qp=16 bytes=410 avg=890 kbps
[openvenc][rc] f=564 P qp=16 bytes=415 avg=889 kbps
[openvenc][rc] f=565 P qp=16 bytes=414 avg=888 kbps
[openvenc][rc] f=566 P qp=16 bytes=415 avg=886 kbps
[openvenc][rc] f=567 P qp=16 bytes=411 avg=885 kbps
[openvenc][rc] f=568 P qp=16 bytes=414 avg=884 kbps
[openvenc][rc] f=569 P qp=16 bytes=415 avg=883 kbps
[openvenc][rc] f=570 P qp=16 bytes=410 avg=881 kbps
[openvenc][rc] f=571 P qp=16 bytes=411 avg=880 kbps
[openvenc][rc] f=572 P qp=16 bytes=414 avg=879 kbps
[openvenc][rc] f=573 P qp=16 bytes=414 avg=878 kbps
[openvenc][rc] f=574 P qp=16 bytes=410 avg=877 kbps
[openvenc][rc] f=575 P qp=16 bytes=411 avg=875 kbps
[openvenc][rc] f=576 P qp=16 bytes=414 avg=874 kbps
[openvenc][rc] f=577 P qp=16 bytes=416 avg=873 kbps
[openvenc][rc] f=578 P qp=16 bytes=410 avg=872 kbps
[openvenc][rc] f=579 P qp=16 bytes=409 avg=871 kbps
[openvenc][rc] f=580 P qp=16 bytes=415 avg=870 kbps
[openvenc][rc] f=581 P qp=16 bytes=415 avg=868 kbps
[openvenc][rc] f=582 P qp=16 bytes=411 avg=867 kbps
[openvenc][rc] f=583 P qp=16 bytes=409 avg=866 kbps
[openvenc][rc] f=584 P qp=16 bytes=413 avg=865 kbps
[openvenc][rc] f=585 P qp=16 bytes=415 avg=864 kbps
[openvenc][rc] f=586 P qp=16 bytes=410 avg=863 kbps
[openvenc][rc] f=587 P qp=16 bytes=410 avg=862 kbps
[openvenc][rc] f=588 P qp=16 bytes=415 avg=860 kbps
[openvenc][rc] f=589 P qp=16 bytes=415 avg=859 kbps
[openvenc][rc] f=590 P qp=16 bytes=409 avg=858 kbps
[openvenc][rc] f=591 P qp=16 bytes=411 avg=857 kbps
[openvenc][rc] f=592 P qp=16 bytes=415 avg=856 kbps
[openvenc][rc] f=593 P qp=16 bytes=415 avg=855 kbps
[openvenc][rc] f=594 P qp=16 bytes=409 avg=854 kbps
[openvenc][rc] f=595 P qp=16 bytes=409 avg=853 kbps
[openvenc][rc] f=596 P qp=16 bytes=415 avg=852 kbps
[openvenc][rc] f=597 P qp=16 bytes=415 avg=850 kbps
[openvenc][rc] f=598 P qp=16 bytes=409 avg=849 kbps
[openvenc][rc] f=599 P qp=16 bytes=416 avg=848 kbps
[openvenc][rc] f=600 IDR qp=17 bytes=64047 avg=897 kbps
[openvenc] up: hwid=0x43421500 H.265 1920x1080 framebuf 0x73800000+0xef8000 rc=cbr program=fixqp QP32 gop=50
[openvenc] rc: 8000 kbps @ 59 fps, seed QP 32 (bpp 0.0654)
[openvenc][rc] f=0 IDR qp=32 bytes=32136 avg=15168 kbps
[openvenc][rc] f=1 P qp=35 bytes=252 avg=7644 kbps
[openvenc][rc] f=2 P qp=33 bytes=393 avg=5158 kbps
[openvenc][rc] f=3 P qp=32 bytes=901 avg=3974 kbps
[openvenc][rc] f=4 P qp=31 bytes=668 avg=3243 kbps
[openvenc][rc] f=5 P qp=30 bytes=741 avg=2760 kbps
[openvenc][rc] f=6 P qp=29 bytes=1094 avg=2440 kbps
[openvenc][rc] f=7 P qp=28 bytes=2025 avg=2254 kbps
[openvenc][rc] f=8 P qp=27 bytes=2939 avg=2158 kbps
[openvenc][rc] f=9 P qp=26 bytes=2941 avg=2081 kbps
[openvenc][rc] f=10 P qp=25 bytes=3795 avg=2055 kbps
[openvenc][rc] f=11 P qp=24 bytes=3672 avg=2028 kbps
[openvenc][rc] f=12 P qp=23 bytes=3906 avg=2014 kbps
[openvenc][rc] f=13 P qp=22 bytes=4324 avg=2016 kbps
[openvenc][rc] f=14 P qp=21 bytes=4540 avg=2024 kbps
[openvenc][rc] f=15 P qp=21 bytes=1134 avg=1931 kbps
[openvenc][rc] f=16 P qp=21 bytes=695 avg=1837 kbps
[openvenc][rc] f=17 P qp=21 bytes=598 avg=1750 kbps
[openvenc][rc] f=18 P qp=21 bytes=442 avg=1669 kbps
[openvenc][rc] f=19 P qp=21 bytes=403 avg=1595 kbps
[openvenc][rc] f=20 P qp=21 bytes=348 avg=1527 kbps
[openvenc][rc] f=21 P qp=21 bytes=304 avg=1464 kbps
[openvenc][rc] f=22 P qp=21 bytes=262 avg=1406 kbps
[openvenc][rc] f=23 P qp=21 bytes=259 avg=1353 kbps
[openvenc][rc] f=24 P qp=21 bytes=251 avg=1303 kbps
[openvenc][rc] f=25 P qp=21 bytes=247 avg=1258 kbps
[openvenc][rc] f=26 P qp=21 bytes=253 avg=1215 kbps
[openvenc][rc] f=27 P qp=21 bytes=243 avg=1176 kbps
[openvenc][rc] f=28 P qp=21 bytes=246 avg=1140 kbps
[openvenc][rc] f=29 P qp=21 bytes=243 avg=1105 kbps
[openvenc][rc] f=30 P qp=21 bytes=243 avg=1073 kbps
[openvenc][rc] f=31 P qp=21 bytes=253 avg=1044 kbps
[openvenc][rc] f=32 P qp=21 bytes=245 avg=1015 kbps
[openvenc][rc] f=33 P qp=21 bytes=240 avg=989 kbps
[openvenc][rc] f=34 P qp=21 bytes=249 avg=964 kbps
[openvenc][rc] f=35 P qp=21 bytes=246 avg=940 kbps
[openvenc][rc] f=36 P qp=21 bytes=242 avg=918 kbps
[openvenc][rc] f=37 P qp=21 bytes=241 avg=897 kbps
[openvenc][rc] f=38 P qp=21 bytes=244 avg=877 kbps
[openvenc][rc] f=39 P qp=21 bytes=242 avg=858 kbps
[openvenc][rc] f=40 P qp=21 bytes=237 avg=840 kbps
[openvenc][rc] f=41 P qp=21 bytes=240 avg=822 kbps
[openvenc][rc] f=42 P qp=21 bytes=241 avg=806 kbps
[openvenc][rc] f=43 P qp=21 bytes=239 avg=790 kbps
[openvenc][rc] f=44 P qp=21 bytes=241 avg=775 kbps
[openvenc][rc] f=45 P qp=21 bytes=240 avg=761 kbps
[openvenc][rc] f=46 P qp=21 bytes=240 avg=747 kbps
[openvenc][rc] f=47 P qp=21 bytes=235 avg=734 kbps
[openvenc][rc] f=48 P qp=21 bytes=242 avg=721 kbps
[openvenc][rc] f=49 P qp=21 bytes=239 avg=709 kbps
[openvenc][rc] f=50 IDR qp=30 bytes=35840 avg=1027 kbps
[openvenc][rc] f=51 P qp=33 bytes=215 avg=1009 kbps
[openvenc][rc] f=52 P qp=32 bytes=232 avg=992 kbps
[openvenc][rc] f=53 P qp=31 bytes=279 avg=976 kbps
[openvenc][rc] f=54 P qp=30 bytes=389 avg=962 kbps
[openvenc][rc] f=55 P qp=29 bytes=392 avg=948 kbps
[openvenc][rc] f=56 P qp=28 bytes=644 avg=936 kbps
[openvenc][rc] f=57 P qp=27 bytes=977 avg=928 kbps
[openvenc][rc] f=58 P qp=26 bytes=1847 avg=927 kbps
[openvenc][rc] f=59 P qp=25 bytes=2915 avg=935 kbps
[openvenc][rc] f=60 P qp=24 bytes=3343 avg=945 kbps
[openvenc][rc] f=61 P qp=23 bytes=3523 avg=957 kbps
[openvenc][rc] f=62 P qp=22 bytes=4209 avg=973 kbps
[openvenc][rc] f=63 P qp=21 bytes=4091 avg=988 kbps
[openvenc][rc] f=64 P qp=20 bytes=4288 avg=1004 kbps
[openvenc][rc] f=65 P qp=19 bytes=4978 avg=1024 kbps
[openvenc][rc] f=66 P qp=19 bytes=969 avg=1016 kbps
[openvenc][rc] f=67 P qp=19 bytes=775 avg=1006 kbps
[openvenc][rc] f=68 P qp=19 bytes=545 avg=996 kbps
[openvenc][rc] f=69 P qp=19 bytes=478 avg=985 kbps
[openvenc][rc] f=70 P qp=19 bytes=367 avg=973 kbps
[openvenc][rc] f=71 P qp=19 bytes=350 avg=962 kbps
[openvenc][rc] f=72 P qp=19 bytes=306 avg=951 kbps
[openvenc][rc] f=73 P qp=19 bytes=310 avg=940 kbps
[openvenc][rc] f=74 P qp=19 bytes=288 avg=929 kbps
[openvenc][rc] f=75 P qp=19 bytes=300 avg=919 kbps
[openvenc][rc] f=76 P qp=19 bytes=294 avg=909 kbps
[openvenc][rc] f=77 P qp=19 bytes=299 avg=899 kbps
[openvenc][rc] f=78 P qp=19 bytes=296 avg=889 kbps
[openvenc][rc] f=79 P qp=19 bytes=300 avg=880 kbps
[openvenc][rc] f=80 P qp=19 bytes=293 avg=871 kbps
[openvenc][rc] f=81 P qp=19 bytes=293 avg=862 kbps
[openvenc][rc] f=82 P qp=19 bytes=294 avg=853 kbps
[openvenc][rc] f=83 P qp=19 bytes=300 avg=845 kbps
[openvenc][rc] f=84 P qp=19 bytes=293 avg=836 kbps
[openvenc][rc] f=85 P qp=19 bytes=293 avg=828 kbps
[openvenc][rc] f=86 P qp=19 bytes=295 avg=820 kbps
[openvenc][rc] f=87 P qp=19 bytes=295 avg=813 kbps
[openvenc][rc] f=88 P qp=19 bytes=298 avg=805 kbps
[openvenc][rc] f=89 P qp=19 bytes=283 avg=798 kbps
[openvenc][rc] f=90 P qp=19 bytes=295 avg=790 kbps
[openvenc][rc] f=91 P qp=19 bytes=299 avg=783 kbps
[openvenc][rc] f=92 P qp=19 bytes=295 avg=776 kbps
[openvenc][rc] f=93 P qp=19 bytes=297 avg=770 kbps
[openvenc][rc] f=94 P qp=19 bytes=289 avg=763 kbps
[openvenc][rc] f=95 P qp=19 bytes=302 avg=756 kbps
[openvenc][rc] f=96 P qp=19 bytes=297 avg=750 kbps
[openvenc][rc] f=97 P qp=19 bytes=291 avg=744 kbps
[openvenc][rc] f=98 P qp=19 bytes=293 avg=738 kbps
[openvenc][rc] f=99 P qp=19 bytes=302 avg=732 kbps
[openvenc][rc] f=100 IDR qp=28 bytes=39409 avg=909 kbps
[openvenc][rc] f=101 P qp=31 bytes=207 avg=901 kbps
[openvenc][rc] f=102 P qp=30 bytes=252 avg=893 kbps
[openvenc][rc] f=103 P qp=29 bytes=271 avg=886 kbps
[openvenc][rc] f=104 P qp=28 bytes=349 avg=879 kbps
[openvenc][rc] f=105 P qp=27 bytes=496 avg=873 kbps
[openvenc][rc] f=106 P qp=26 bytes=671 avg=868 kbps
[openvenc][rc] f=107 P qp=25 bytes=1027 avg=864 kbps
[openvenc][rc] f=108 P qp=24 bytes=1861 avg=864 kbps
[openvenc][rc] f=109 P qp=23 bytes=3386 avg=871 kbps
[openvenc][rc] f=110 P qp=22 bytes=3211 avg=877 kbps
[openvenc][rc] f=111 P qp=21 bytes=4469 avg=888 kbps
[openvenc][rc] f=112 P qp=20 bytes=4068 avg=897 kbps
[openvenc][rc] f=113 P qp=19 bytes=4827 avg=909 kbps
[openvenc][rc] f=114 P qp=18 bytes=4953 avg=921 kbps
[openvenc][rc] f=115 P qp=17 bytes=5127 avg=934 kbps
[openvenc][rc] f=116 P qp=17 bytes=1196 avg=931 kbps
[openvenc][rc] f=117 P qp=17 bytes=798 avg=926 kbps
[openvenc][rc] f=118 P qp=17 bytes=598 avg=921 kbps
[openvenc][rc] f=119 P qp=17 bytes=593 avg=916 kbps
[openvenc][rc] f=120 P qp=17 bytes=488 avg=910 kbps
[openvenc][rc] f=121 P qp=17 bytes=475 avg=904 kbps
[openvenc][rc] f=122 P qp=17 bytes=465 avg=899 kbps
[openvenc][rc] f=123 P qp=17 bytes=438 avg=893 kbps
[openvenc][rc] f=124 P qp=17 bytes=438 avg=888 kbps
[openvenc][rc] f=125 P qp=17 bytes=439 avg=882 kbps
[openvenc][rc] f=126 P qp=17 bytes=446 avg=877 kbps
[openvenc][rc] f=127 P qp=17 bytes=440 avg=872 kbps
[openvenc][rc] f=128 P qp=17 bytes=448 avg=867 kbps
[openvenc][rc] f=129 P qp=17 bytes=450 avg=862 kbps
[openvenc][rc] f=130 P qp=17 bytes=449 avg=857 kbps
[openvenc][rc] f=131 P qp=17 bytes=443 avg=852 kbps
[openvenc][rc] f=132 P qp=17 bytes=438 avg=847 kbps
[openvenc][rc] f=133 P qp=17 bytes=450 avg=842 kbps
[openvenc][rc] f=134 P qp=17 bytes=444 avg=838 kbps
[openvenc][rc] f=135 P qp=17 bytes=450 avg=833 kbps
[openvenc][rc] f=136 P qp=17 bytes=435 avg=828 kbps
[openvenc][rc] f=137 P qp=17 bytes=443 avg=824 kbps
[openvenc][rc] f=138 P qp=17 bytes=440 avg=819 kbps
[openvenc][rc] f=139 P qp=17 bytes=446 avg=815 kbps
[openvenc][rc] f=140 P qp=17 bytes=438 avg=811 kbps
[openvenc][rc] f=141 P qp=17 bytes=453 avg=807 kbps
[openvenc][rc] f=142 P qp=17 bytes=445 avg=802 kbps
[openvenc][rc] f=143 P qp=17 bytes=440 avg=798 kbps
[openvenc][rc] f=144 P qp=17 bytes=435 avg=794 kbps
[openvenc][rc] f=145 P qp=17 bytes=444 avg=790 kbps
[openvenc][rc] f=146 P qp=17 bytes=442 avg=786 kbps
[openvenc][rc] f=147 P qp=17 bytes=440 avg=782 kbps
[openvenc][rc] f=148 P qp=17 bytes=436 avg=778 kbps
[openvenc][rc] f=149 P qp=17 bytes=436 avg=775 kbps
[openvenc][rc] f=150 IDR qp=26 bytes=43231 avg=905 kbps
[openvenc][rc] f=151 P qp=29 bytes=251 avg=899 kbps
[openvenc][rc] f=152 P qp=28 bytes=238 avg=894 kbps
[openvenc][rc] f=153 P qp=27 bytes=332 avg=890 kbps
[openvenc][rc] f=154 P qp=26 bytes=446 avg=885 kbps
[openvenc][rc] f=155 P qp=25 bytes=690 avg=882 kbps
[openvenc][rc] f=156 P qp=24 bytes=890 avg=879 kbps
[openvenc][rc] f=157 P qp=23 bytes=1427 avg=877 kbps
[openvenc][rc] f=158 P qp=22 bytes=2602 avg=880 kbps
[openvenc][rc] f=159 P qp=21 bytes=3720 avg=885 kbps
[openvenc][rc] f=160 P qp=20 bytes=3499 avg=890 kbps
[openvenc][rc] f=161 P qp=19 bytes=4642 avg=898 kbps
[openvenc][rc] f=162 P qp=18 bytes=4943 avg=907 kbps
[openvenc][rc] f=163 P qp=17 bytes=4777 avg=915 kbps
[openvenc][rc] f=164 P qp=16 bytes=5298 avg=924 kbps
[openvenc][rc] f=165 P qp=16 bytes=1353 avg=923 kbps
[openvenc][rc] f=166 P qp=16 bytes=886 avg=920 kbps
[openvenc][rc] f=167 P qp=16 bytes=681 avg=916 kbps
[openvenc][rc] f=168 P qp=16 bytes=622 avg=912 kbps
[openvenc][rc] f=169 P qp=16 bytes=568 avg=909 kbps
[openvenc][rc] f=170 P qp=16 bytes=532 avg=905 kbps
[openvenc][rc] f=171 P qp=16 bytes=531 avg=901 kbps
[openvenc][rc] f=172 P qp=16 bytes=527 avg=897 kbps
[openvenc][rc] f=173 P qp=16 bytes=529 avg=894 kbps
[openvenc][rc] f=174 P qp=16 bytes=528 avg=890 kbps
[openvenc][rc] f=175 P qp=16 bytes=527 avg=886 kbps
[openvenc][rc] f=176 P qp=16 bytes=523 avg=883 kbps
[openvenc][rc] f=177 P qp=16 bytes=524 avg=879 kbps
[openvenc][rc] f=178 P qp=16 bytes=531 avg=875 kbps
[openvenc][rc] f=179 P qp=16 bytes=524 avg=872 kbps
[openvenc][rc] f=180 P qp=16 bytes=530 avg=869 kbps
[openvenc][rc] f=181 P qp=16 bytes=531 avg=865 kbps
[openvenc][rc] f=182 P qp=16 bytes=527 avg=862 kbps
[openvenc][rc] f=183 P qp=16 bytes=521 avg=858 kbps
[openvenc][rc] f=184 P qp=16 bytes=531 avg=855 kbps
[openvenc][rc] f=185 P qp=16 bytes=527 avg=852 kbps
[openvenc][rc] f=186 P qp=16 bytes=527 avg=849 kbps
[openvenc][rc] f=187 P qp=16 bytes=531 avg=846 kbps
[openvenc][rc] f=188 P qp=16 bytes=534 avg=842 kbps
[openvenc][rc] f=189 P qp=16 bytes=538 avg=839 kbps
[openvenc][rc] f=190 P qp=16 bytes=528 avg=836 kbps
[openvenc][rc] f=191 P qp=16 bytes=528 avg=833 kbps
[openvenc][rc] f=192 P qp=16 bytes=544 avg=830 kbps
[openvenc][rc] f=193 P qp=16 bytes=533 avg=827 kbps
[openvenc][rc] f=194 P qp=16 bytes=540 avg=824 kbps
[openvenc][rc] f=195 P qp=16 bytes=533 avg=821 kbps
[openvenc][rc] f=196 P qp=16 bytes=532 avg=818 kbps
[openvenc][rc] f=197 P qp=16 bytes=525 avg=816 kbps
[openvenc][rc] f=198 P qp=16 bytes=533 avg=813 kbps
[openvenc][rc] f=199 P qp=16 bytes=525 avg=810 kbps
[openvenc][rc] f=200 IDR qp=24 bytes=47785 avg=918 kbps
[openvenc][rc] f=201 P qp=27 bytes=276 avg=914 kbps
[openvenc][rc] f=202 P qp=26 bytes=270 avg=910 kbps
[openvenc][rc] f=203 P qp=25 bytes=328 avg=907 kbps
[openvenc][rc] f=204 P qp=24 bytes=447 avg=903 kbps
[openvenc][rc] f=205 P qp=23 bytes=532 avg=900 kbps
[openvenc][rc] f=206 P qp=22 bytes=678 avg=897 kbps
[openvenc][rc] f=207 P qp=21 bytes=1318 avg=896 kbps
[openvenc][rc] f=208 P qp=20 bytes=2315 avg=897 kbps
[openvenc][rc] f=209 P qp=19 bytes=3546 avg=901 kbps
[openvenc][rc] f=210 P qp=18 bytes=4295 avg=906 kbps
[openvenc][rc] f=211 P qp=17 bytes=4612 avg=912 kbps
[openvenc][rc] f=212 P qp=16 bytes=4626 avg=918 kbps
[openvenc][rc] f=213 P qp=16 bytes=1182 avg=916 kbps
[openvenc][rc] f=214 P qp=16 bytes=777 avg=914 kbps
[openvenc][rc] f=215 P qp=16 bytes=598 avg=911 kbps
[openvenc][rc] f=216 P qp=16 bytes=520 avg=908 kbps
[openvenc][rc] f=217 P qp=16 bytes=478 avg=904 kbps
[openvenc][rc] f=218 P qp=16 bytes=455 avg=901 kbps
[openvenc][rc] f=219 P qp=16 bytes=447 avg=898 kbps
[openvenc][rc] f=220 P qp=16 bytes=448 avg=895 kbps
[openvenc][rc] f=221 P qp=16 bytes=442 avg=892 kbps
[openvenc][rc] f=222 P qp=16 bytes=448 avg=889 kbps
[openvenc][rc] f=223 P qp=16 bytes=442 avg=886 kbps
[openvenc][rc] f=224 P qp=16 bytes=448 avg=883 kbps
[openvenc][rc] f=225 P qp=16 bytes=442 avg=880 kbps
[openvenc][rc] f=226 P qp=16 bytes=448 avg=877 kbps
[openvenc][rc] f=227 P qp=16 bytes=442 avg=874 kbps
[openvenc][rc] f=228 P qp=16 bytes=448 avg=871 kbps
[openvenc][rc] f=229 P qp=16 bytes=442 avg=868 kbps
[openvenc][rc] f=230 P qp=16 bytes=448 avg=865 kbps
[openvenc][rc] f=231 P qp=16 bytes=442 avg=863 kbps
[openvenc][rc] f=232 P qp=16 bytes=448 avg=860 kbps
[openvenc][rc] f=233 P qp=16 bytes=442 avg=857 kbps
[openvenc][rc] f=234 P qp=16 bytes=448 avg=854 kbps
[openvenc][rc] f=235 P qp=16 bytes=442 avg=852 kbps
[openvenc][rc] f=236 P qp=16 bytes=448 avg=849 kbps
[openvenc][rc] f=237 P qp=16 bytes=442 avg=846 kbps
[openvenc][rc] f=238 P qp=16 bytes=448 avg=843 kbps
[openvenc][rc] f=239 P qp=16 bytes=442 avg=841 kbps
[openvenc][rc] f=240 P qp=16 bytes=448 avg=838 kbps
[openvenc][rc] f=241 P qp=16 bytes=442 avg=836 kbps
[openvenc][rc] f=242 P qp=16 bytes=448 avg=833 kbps
[openvenc][rc] f=243 P qp=16 bytes=442 avg=831 kbps
[openvenc][rc] f=244 P qp=16 bytes=448 avg=828 kbps
[openvenc][rc] f=245 P qp=16 bytes=442 avg=825 kbps
[openvenc][rc] f=246 P qp=16 bytes=448 avg=823 kbps
[openvenc][rc] f=247 P qp=16 bytes=442 avg=820 kbps
[openvenc][rc] f=248 P qp=16 bytes=448 avg=818 kbps
[openvenc][rc] f=249 P qp=16 bytes=442 avg=816 kbps
[openvenc][rc] f=250 IDR qp=22 bytes=51816 avg=910 kbps
[openvenc][rc] f=251 P qp=25 bytes=319 avg=907 kbps
[openvenc][rc] f=252 P qp=24 bytes=281 avg=904 kbps
[openvenc][rc] f=253 P qp=23 bytes=327 avg=901 kbps
[openvenc][rc] f=254 P qp=22 bytes=473 avg=898 kbps
[openvenc][rc] f=255 P qp=21 bytes=664 avg=896 kbps
[openvenc][rc] f=256 P qp=20 bytes=895 avg=894 kbps
[openvenc][rc] f=257 P qp=19 bytes=1480 avg=893 kbps
[openvenc][rc] f=258 P qp=18 bytes=3325 avg=896 kbps
[openvenc][rc] f=259 P qp=17 bytes=3996 avg=900 kbps
[openvenc][rc] f=260 P qp=16 bytes=4333 avg=904 kbps
[openvenc][rc] f=261 P qp=16 bytes=996 avg=902 kbps
[openvenc][rc] f=262 P qp=16 bytes=710 avg=900 kbps
[openvenc][rc] f=263 P qp=16 bytes=521 avg=898 kbps
[openvenc][rc] f=264 P qp=16 bytes=483 avg=895 kbps
[openvenc][rc] f=265 P qp=16 bytes=468 avg=893 kbps
[openvenc][rc] f=266 P qp=16 bytes=445 avg=890 kbps
[openvenc][rc] f=267 P qp=16 bytes=443 avg=888 kbps
[openvenc][rc] f=268 P qp=16 bytes=443 avg=885 kbps
[openvenc][rc] f=269 P qp=16 bytes=443 avg=883 kbps
[openvenc][rc] f=270 P qp=16 bytes=443 avg=880 kbps
[openvenc][rc] f=271 P qp=16 bytes=443 avg=878 kbps
[openvenc][rc] f=272 P qp=16 bytes=443 avg=875 kbps
[openvenc][rc] f=273 P qp=16 bytes=443 avg=873 kbps
[openvenc][rc] f=274 P qp=16 bytes=443 avg=870 kbps
[openvenc][rc] f=275 P qp=16 bytes=443 avg=868 kbps
[openvenc][rc] f=276 P qp=16 bytes=443 avg=866 kbps
[openvenc][rc] f=277 P qp=16 bytes=443 avg=863 kbps
[openvenc][rc] f=278 P qp=16 bytes=443 avg=861 kbps
[openvenc][rc] f=279 P qp=16 bytes=443 avg=859 kbps
[openvenc][rc] f=280 P qp=16 bytes=443 avg=856 kbps
[openvenc][rc] f=281 P qp=16 bytes=443 avg=854 kbps
[openvenc][rc] f=282 P qp=16 bytes=443 avg=852 kbps
[openvenc][rc] f=283 P qp=16 bytes=443 avg=849 kbps
[openvenc][rc] f=284 P qp=16 bytes=443 avg=847 kbps
[openvenc][rc] f=285 P qp=16 bytes=443 avg=845 kbps
[openvenc][rc] f=286 P qp=16 bytes=443 avg=843 kbps
[openvenc][rc] f=287 P qp=16 bytes=443 avg=840 kbps
[openvenc][rc] f=288 P qp=16 bytes=443 avg=838 kbps
[openvenc][rc] f=289 P qp=16 bytes=443 avg=836 kbps
[openvenc][rc] f=290 P qp=16 bytes=443 avg=834 kbps
[openvenc][rc] f=291 P qp=16 bytes=443 avg=832 kbps
[openvenc][rc] f=292 P qp=16 bytes=443 avg=830 kbps
[openvenc][rc] f=293 P qp=16 bytes=443 avg=828 kbps
[openvenc][rc] f=294 P qp=16 bytes=443 avg=825 kbps
[openvenc][rc] f=295 P qp=16 bytes=443 avg=823 kbps
[openvenc][rc] f=296 P qp=16 bytes=443 avg=821 kbps
[openvenc][rc] f=297 P qp=16 bytes=443 avg=819 kbps
[openvenc][rc] f=298 P qp=16 bytes=443 avg=817 kbps
[openvenc][rc] f=299 P qp=16 bytes=443 avg=815 kbps
[openvenc][rc] f=300 IDR qp=20 bytes=56363 avg=901 kbps
[openvenc] up: hwid=0x43421500 H.264 1920x1080 framebuf 0x73800000+0xef8000 rc=cbr program=fixqp QP32 gop=50
[openvenc] rc: 8000 kbps @ 59 fps, seed QP 32 (bpp 0.0654)
[openvenc][rc] f=0 IDR qp=32 bytes=32483 avg=15332 kbps
[openvenc][rc] f=1 P qp=35 bytes=610 avg=7810 kbps
[openvenc][rc] f=2 P qp=33 bytes=948 avg=5356 kbps
[openvenc][rc] f=3 P qp=32 bytes=1062 avg=4142 kbps
[openvenc][rc] f=4 P qp=31 bytes=1477 avg=3453 kbps
[openvenc][rc] f=5 P qp=30 bytes=2441 avg=3070 kbps
[openvenc][rc] f=6 P qp=29 bytes=4969 avg=2966 kbps
[openvenc][rc] f=7 P qp=28 bytes=6408 avg=2973 kbps
[openvenc][rc] f=8 P qp=27 bytes=5535 avg=2933 kbps
[openvenc][rc] f=9 P qp=26 bytes=6031 avg=2925 kbps
[openvenc][rc] f=10 P qp=25 bytes=7165 avg=2966 kbps
[openvenc][rc] f=11 P qp=24 bytes=5702 avg=2943 kbps
[openvenc][rc] f=12 P qp=23 bytes=8146 avg=3013 kbps
[openvenc][rc] f=13 P qp=22 bytes=7356 avg=3046 kbps
[openvenc][rc] f=14 P qp=21 bytes=6894 avg=3059 kbps
[openvenc][rc] f=15 P qp=21 bytes=2008 avg=2927 kbps
[openvenc][rc] f=16 P qp=21 bytes=1223 avg=2789 kbps
[openvenc][rc] f=17 P qp=21 bytes=989 avg=2660 kbps
[openvenc][rc] f=18 P qp=21 bytes=916 avg=2543 kbps
[openvenc][rc] f=19 P qp=21 bytes=919 avg=2437 kbps
[openvenc][rc] f=20 P qp=21 bytes=902 avg=2342 kbps
[openvenc][rc] f=21 P qp=21 bytes=903 avg=2255 kbps
[openvenc][rc] f=22 P qp=21 bytes=903 avg=2175 kbps
[openvenc][rc] f=23 P qp=21 bytes=898 avg=2102 kbps
[openvenc][rc] f=24 P qp=21 bytes=896 avg=2035 kbps
[openvenc][rc] f=25 P qp=21 bytes=890 avg=1973 kbps
[openvenc][rc] f=26 P qp=21 bytes=887 avg=1915 kbps
[openvenc][rc] f=27 P qp=21 bytes=891 avg=1862 kbps
[openvenc][rc] f=28 P qp=21 bytes=887 avg=1812 kbps
[openvenc][rc] f=29 P qp=21 bytes=891 avg=1766 kbps
[openvenc][rc] f=30 P qp=21 bytes=888 avg=1722 kbps
[openvenc][rc] f=31 P qp=21 bytes=890 avg=1682 kbps
[openvenc][rc] f=32 P qp=21 bytes=887 avg=1643 kbps
[openvenc][rc] f=33 P qp=21 bytes=891 avg=1607 kbps
[openvenc][rc] f=34 P qp=21 bytes=887 avg=1573 kbps
[openvenc][rc] f=35 P qp=21 bytes=891 avg=1541 kbps
[openvenc][rc] f=36 P qp=21 bytes=888 avg=1511 kbps
[openvenc][rc] f=37 P qp=21 bytes=890 avg=1482 kbps
[openvenc][rc] f=38 P qp=21 bytes=887 avg=1455 kbps
[openvenc][rc] f=39 P qp=21 bytes=891 avg=1429 kbps
[openvenc][rc] f=40 P qp=21 bytes=887 avg=1405 kbps
[openvenc][rc] f=41 P qp=21 bytes=891 avg=1381 kbps
[openvenc][rc] f=42 P qp=21 bytes=888 avg=1359 kbps
[openvenc][rc] f=43 P qp=21 bytes=890 avg=1337 kbps
[openvenc][rc] f=44 P qp=21 bytes=887 avg=1317 kbps
[openvenc][rc] f=45 P qp=21 bytes=891 avg=1298 kbps
[openvenc][rc] f=46 P qp=21 bytes=887 avg=1279 kbps
[openvenc][rc] f=47 P qp=21 bytes=891 avg=1261 kbps
[openvenc][rc] f=48 P qp=21 bytes=888 avg=1244 kbps
[openvenc][rc] f=49 P qp=21 bytes=890 avg=1227 kbps
[openvenc][rc] f=50 IDR qp=30 bytes=36303 avg=1539 kbps
[openvenc][rc] f=51 P qp=33 bytes=751 avg=1516 kbps
[openvenc][rc] f=52 P qp=32 bytes=589 avg=1493 kbps
[openvenc][rc] f=53 P qp=31 bytes=907 avg=1473 kbps
[openvenc][rc] f=54 P qp=30 bytes=1036 avg=1455 kbps
[openvenc][rc] f=55 P qp=29 bytes=1309 avg=1440 kbps
[openvenc][rc] f=56 P qp=28 bytes=2821 avg=1439 kbps
[openvenc][rc] f=57 P qp=27 bytes=5293 avg=1457 kbps
[openvenc][rc] f=58 P qp=26 bytes=5773 avg=1478 kbps
[openvenc][rc] f=59 P qp=25 bytes=7121 avg=1510 kbps
[openvenc][rc] f=60 P qp=24 bytes=5654 avg=1529 kbps
[openvenc][rc] f=61 P qp=23 bytes=8000 avg=1565 kbps
[openvenc][rc] f=62 P qp=22 bytes=7308 avg=1595 kbps
[openvenc][rc] f=63 P qp=21 bytes=6779 avg=1620 kbps
[openvenc][rc] f=64 P qp=20 bytes=6872 avg=1645 kbps
[openvenc][rc] f=65 P qp=19 bytes=8162 avg=1678 kbps
[openvenc][rc] f=66 P qp=19 bytes=2200 avg=1669 kbps
[openvenc][rc] f=67 P qp=19 bytes=1554 avg=1655 kbps
[openvenc][rc] f=68 P qp=19 bytes=1196 avg=1639 kbps
[openvenc][rc] f=69 P qp=19 bytes=1140 avg=1624 kbps
[openvenc][rc] f=70 P qp=19 bytes=1110 avg=1608 kbps
[openvenc][rc] f=71 P qp=19 bytes=1175 avg=1593 kbps
[openvenc][rc] f=72 P qp=19 bytes=1085 avg=1579 kbps
[openvenc][rc] f=73 P qp=19 bytes=1024 avg=1564 kbps
[openvenc][rc] f=74 P qp=19 bytes=1032 avg=1549 kbps
[openvenc][rc] f=75 P qp=19 bytes=1020 avg=1535 kbps
[openvenc][rc] f=76 P qp=19 bytes=1012 avg=1522 kbps
[openvenc][rc] f=77 P qp=19 bytes=1032 avg=1508 kbps
[openvenc][rc] f=78 P qp=19 bytes=1013 avg=1495 kbps
[openvenc][rc] f=79 P qp=19 bytes=996 avg=1483 kbps
[openvenc][rc] f=80 P qp=19 bytes=1016 avg=1470 kbps
[openvenc][rc] f=81 P qp=19 bytes=1007 avg=1458 kbps
[openvenc][rc] f=82 P qp=19 bytes=990 avg=1446 kbps
[openvenc][rc] f=83 P qp=19 bytes=995 avg=1434 kbps
[openvenc][rc] f=84 P qp=19 bytes=991 avg=1423 kbps
[openvenc][rc] f=85 P qp=19 bytes=997 avg=1412 kbps
[openvenc][rc] f=86 P qp=19 bytes=1003 avg=1401 kbps
[openvenc][rc] f=87 P qp=19 bytes=1010 avg=1391 kbps
[openvenc][rc] f=88 P qp=19 bytes=994 avg=1380 kbps
[openvenc][rc] f=89 P qp=19 bytes=990 avg=1370 kbps
[openvenc][rc] f=90 P qp=19 bytes=1002 avg=1360 kbps
[openvenc][rc] f=91 P qp=19 bytes=1017 avg=1351 kbps
[openvenc][rc] f=92 P qp=19 bytes=1000 avg=1341 kbps
[openvenc][rc] f=93 P qp=19 bytes=1004 avg=1332 kbps
[openvenc][rc] f=94 P qp=19 bytes=1008 avg=1323 kbps
[openvenc][rc] f=95 P qp=19 bytes=1005 avg=1314 kbps
[openvenc][rc] f=96 P qp=19 bytes=1005 avg=1306 kbps
[openvenc][rc] f=97 P qp=19 bytes=992 avg=1297 kbps
[openvenc][rc] f=98 P qp=19 bytes=996 avg=1289 kbps
[openvenc][rc] f=99 P qp=19 bytes=1005 avg=1281 kbps
[openvenc][rc] f=100 IDR qp=28 bytes=40291 avg=1456 kbps
[openvenc][rc] f=101 P qp=31 bytes=844 avg=1446 kbps
[openvenc][rc] f=102 P qp=30 bytes=708 avg=1435 kbps
[openvenc][rc] f=103 P qp=29 bytes=1001 avg=1426 kbps
[openvenc][rc] f=104 P qp=28 bytes=1236 avg=1418 kbps
[openvenc][rc] f=105 P qp=27 bytes=1548 avg=1411 kbps
[openvenc][rc] f=106 P qp=26 bytes=2419 avg=1409 kbps
[openvenc][rc] f=107 P qp=25 bytes=5547 avg=1420 kbps
[openvenc][rc] f=108 P qp=24 bytes=4966 avg=1428 kbps
[openvenc][rc] f=109 P qp=23 bytes=7693 avg=1448 kbps
[openvenc][rc] f=110 P qp=22 bytes=6856 avg=1465 kbps
[openvenc][rc] f=111 P qp=21 bytes=6482 avg=1479 kbps
[openvenc][rc] f=112 P qp=20 bytes=6410 avg=1492 kbps
[openvenc][rc] f=113 P qp=19 bytes=7909 avg=1512 kbps
[openvenc][rc] f=114 P qp=18 bytes=6716 avg=1527 kbps
[openvenc][rc] f=115 P qp=17 bytes=9076 avg=1550 kbps
[openvenc][rc] f=116 P qp=17 bytes=2976 avg=1549 kbps
[openvenc][rc] f=117 P qp=17 bytes=1568 avg=1542 kbps
[openvenc][rc] f=118 P qp=17 bytes=1329 avg=1535 kbps
[openvenc][rc] f=119 P qp=17 bytes=1249 avg=1527 kbps
[openvenc][rc] f=120 P qp=17 bytes=1224 avg=1519 kbps
[openvenc][rc] f=121 P qp=17 bytes=1183 avg=1511 kbps
[openvenc][rc] f=122 P qp=17 bytes=1188 avg=1503 kbps
[openvenc][rc] f=123 P qp=17 bytes=1157 avg=1495 kbps
[openvenc][rc] f=124 P qp=17 bytes=1186 avg=1488 kbps
[openvenc][rc] f=125 P qp=17 bytes=1183 avg=1481 kbps
[openvenc][rc] f=126 P qp=17 bytes=1182 avg=1473 kbps
[openvenc][rc] f=127 P qp=17 bytes=1180 avg=1466 kbps
[openvenc][rc] f=128 P qp=17 bytes=1168 avg=1459 kbps
[openvenc][rc] f=129 P qp=17 bytes=1173 avg=1452 kbps
[openvenc][rc] f=130 P qp=17 bytes=1174 avg=1445 kbps
[openvenc][rc] f=131 P qp=17 bytes=1171 avg=1439 kbps
[openvenc][rc] f=132 P qp=17 bytes=1171 avg=1432 kbps
[openvenc][rc] f=133 P qp=17 bytes=1176 avg=1425 kbps
[openvenc][rc] f=134 P qp=17 bytes=1168 avg=1419 kbps
[openvenc][rc] f=135 P qp=17 bytes=1173 avg=1412 kbps
[openvenc][rc] f=136 P qp=17 bytes=1174 avg=1406 kbps
[openvenc][rc] f=137 P qp=17 bytes=1171 avg=1400 kbps
[openvenc][rc] f=138 P qp=17 bytes=1171 avg=1394 kbps
[openvenc][rc] f=139 P qp=17 bytes=1176 avg=1388 kbps
[openvenc][rc] f=140 P qp=17 bytes=1168 avg=1382 kbps
[openvenc][rc] f=141 P qp=17 bytes=1173 avg=1376 kbps
[openvenc][rc] f=142 P qp=17 bytes=1174 avg=1370 kbps
[openvenc][rc] f=143 P qp=17 bytes=1171 avg=1365 kbps
[openvenc][rc] f=144 P qp=17 bytes=1171 avg=1359 kbps
[openvenc][rc] f=145 P qp=17 bytes=1176 avg=1354 kbps
[openvenc][rc] f=146 P qp=17 bytes=1168 avg=1348 kbps
[openvenc][rc] f=147 P qp=17 bytes=1173 avg=1343 kbps
[openvenc][rc] f=148 P qp=17 bytes=1174 avg=1338 kbps
[openvenc][rc] f=149 P qp=17 bytes=1171 avg=1332 kbps
[openvenc][rc] f=150 IDR qp=26 bytes=44130 avg=1461 kbps
[openvenc][rc] f=151 P qp=29 bytes=1051 avg=1455 kbps
[openvenc][rc] f=152 P qp=28 bytes=999 avg=1449 kbps
[openvenc][rc] f=153 P qp=27 bytes=1063 avg=1442 kbps
[openvenc][rc] f=154 P qp=26 bytes=1266 avg=1437 kbps
[openvenc][rc] f=155 P qp=25 bytes=1957 avg=1434 kbps
[openvenc][rc] f=156 P qp=24 bytes=2878 avg=1433 kbps
[openvenc][rc] f=157 P qp=23 bytes=6248 avg=1443 kbps
[openvenc][rc] f=158 P qp=22 bytes=6906 avg=1454 kbps
[openvenc][rc] f=159 P qp=21 bytes=6521 avg=1464 kbps
[openvenc][rc] f=160 P qp=20 bytes=6519 avg=1474 kbps
[openvenc][rc] f=161 P qp=19 bytes=8172 avg=1489 kbps
[openvenc][rc] f=162 P qp=18 bytes=6610 avg=1499 kbps
[openvenc][rc] f=163 P qp=17 bytes=9229 avg=1517 kbps
[openvenc][rc] f=164 P qp=16 bytes=8063 avg=1530 kbps
[openvenc][rc] f=165 P qp=16 bytes=3159 avg=1530 kbps
[openvenc][rc] f=166 P qp=16 bytes=1583 avg=1526 kbps
[openvenc][rc] f=167 P qp=16 bytes=1422 avg=1520 kbps
[openvenc][rc] f=168 P qp=16 bytes=1375 avg=1515 kbps
[openvenc][rc] f=169 P qp=16 bytes=1369 avg=1510 kbps
[openvenc][rc] f=170 P qp=16 bytes=1324 avg=1505 kbps
[openvenc][rc] f=171 P qp=16 bytes=1289 avg=1500 kbps
[openvenc][rc] f=172 P qp=16 bytes=1294 avg=1495 kbps
[openvenc][rc] f=173 P qp=16 bytes=1299 avg=1490 kbps
[openvenc][rc] f=174 P qp=16 bytes=1299 avg=1485 kbps
[openvenc][rc] f=175 P qp=16 bytes=1290 avg=1480 kbps
[openvenc][rc] f=176 P qp=16 bytes=1283 avg=1475 kbps
[openvenc][rc] f=177 P qp=16 bytes=1269 avg=1470 kbps
[openvenc][rc] f=178 P qp=16 bytes=1270 avg=1465 kbps
[openvenc][rc] f=179 P qp=16 bytes=1265 avg=1460 kbps
[openvenc][rc] f=180 P qp=16 bytes=1267 avg=1455 kbps
[openvenc][rc] f=181 P qp=16 bytes=1266 avg=1451 kbps
[openvenc][rc] f=182 P qp=16 bytes=1263 avg=1446 kbps
[openvenc][rc] f=183 P qp=16 bytes=1264 avg=1441 kbps
[openvenc][rc] f=184 P qp=16 bytes=1269 avg=1437 kbps
[openvenc][rc] f=185 P qp=16 bytes=1264 avg=1432 kbps
[openvenc][rc] f=186 P qp=16 bytes=1270 avg=1428 kbps
[openvenc][rc] f=187 P qp=16 bytes=1260 avg=1423 kbps
[openvenc][rc] f=188 P qp=16 bytes=1263 avg=1419 kbps
[openvenc][rc] f=189 P qp=16 bytes=1263 avg=1415 kbps
[openvenc][rc] f=190 P qp=16 bytes=1270 avg=1410 kbps
[openvenc][rc] f=191 P qp=16 bytes=1260 avg=1406 kbps
[openvenc][rc] f=192 P qp=16 bytes=1268 avg=1402 kbps
[openvenc][rc] f=193 P qp=16 bytes=1264 avg=1398 kbps
[openvenc][rc] f=194 P qp=16 bytes=1263 avg=1394 kbps
[openvenc][rc] f=195 P qp=16 bytes=1260 avg=1390 kbps
[openvenc][rc] f=196 P qp=16 bytes=1263 avg=1386 kbps
[openvenc][rc] f=197 P qp=16 bytes=1260 avg=1382 kbps
[openvenc][rc] f=198 P qp=16 bytes=1263 avg=1378 kbps
[openvenc][rc] f=199 P qp=16 bytes=1260 avg=1374 kbps
[openvenc][rc] f=200 IDR qp=24 bytes=48857 avg=1482 kbps
[openvenc][rc] f=201 P qp=27 bytes=1271 avg=1477 kbps
[openvenc][rc] f=202 P qp=26 bytes=1098 avg=1473 kbps
[openvenc][rc] f=203 P qp=25 bytes=1059 avg=1468 kbps
[openvenc][rc] f=204 P qp=24 bytes=1195 avg=1463 kbps
[openvenc][rc] f=205 P qp=23 bytes=1883 avg=1461 kbps
[openvenc][rc] f=206 P qp=22 bytes=3899 avg=1462 kbps
[openvenc][rc] f=207 P qp=21 bytes=5794 avg=1468 kbps
[openvenc][rc] f=208 P qp=20 bytes=6356 avg=1476 kbps
[openvenc][rc] f=209 P qp=19 bytes=7493 avg=1486 kbps
[openvenc][rc] f=210 P qp=18 bytes=6111 avg=1492 kbps
[openvenc][rc] f=211 P qp=17 bytes=8432 avg=1504 kbps
[openvenc][rc] f=212 P qp=16 bytes=7625 avg=1514 kbps
[openvenc][rc] f=213 P qp=16 bytes=2655 avg=1513 kbps
[openvenc][rc] f=214 P qp=16 bytes=1343 avg=1509 kbps
[openvenc][rc] f=215 P qp=16 bytes=1125 avg=1504 kbps
[openvenc][rc] f=216 P qp=16 bytes=1058 avg=1499 kbps
[openvenc][rc] f=217 P qp=16 bytes=1046 avg=1495 kbps
[openvenc][rc] f=218 P qp=16 bytes=1052 avg=1490 kbps
[openvenc][rc] f=219 P qp=16 bytes=1053 avg=1486 kbps
[openvenc][rc] f=220 P qp=16 bytes=1040 avg=1481 kbps
[openvenc][rc] f=221 P qp=16 bytes=1061 avg=1477 kbps
[openvenc][rc] f=222 P qp=16 bytes=1046 avg=1472 kbps
[openvenc][rc] f=223 P qp=16 bytes=1055 avg=1468 kbps
[openvenc][rc] f=224 P qp=16 bytes=1033 avg=1464 kbps
[openvenc][rc] f=225 P qp=16 bytes=1035 avg=1459 kbps
[openvenc][rc] f=226 P qp=16 bytes=1050 avg=1455 kbps
[openvenc][rc] f=227 P qp=16 bytes=1033 avg=1451 kbps
[openvenc][rc] f=228 P qp=16 bytes=1032 avg=1447 kbps
[openvenc][rc] f=229 P qp=16 bytes=1045 avg=1442 kbps
[openvenc][rc] f=230 P qp=16 bytes=1041 avg=1438 kbps
[openvenc][rc] f=231 P qp=16 bytes=1039 avg=1434 kbps
[openvenc][rc] f=232 P qp=16 bytes=1039 avg=1430 kbps
[openvenc][rc] f=233 P qp=16 bytes=1030 avg=1426 kbps
[openvenc][rc] f=234 P qp=16 bytes=1029 avg=1422 kbps
[openvenc][rc] f=235 P qp=16 bytes=1037 avg=1418 kbps
[openvenc][rc] f=236 P qp=16 bytes=1027 avg=1414 kbps
[openvenc][rc] f=237 P qp=16 bytes=1038 avg=1410 kbps
[openvenc][rc] f=238 P qp=16 bytes=1041 avg=1407 kbps
[openvenc][rc] f=239 P qp=16 bytes=1047 avg=1403 kbps
[openvenc][rc] f=240 P qp=16 bytes=1037 avg=1399 kbps
[openvenc][rc] f=241 P qp=16 bytes=1047 avg=1395 kbps
[openvenc][rc] f=242 P qp=16 bytes=1035 avg=1392 kbps
[openvenc][rc] f=243 P qp=16 bytes=1049 avg=1388 kbps
[openvenc][rc] f=244 P qp=16 bytes=1042 avg=1384 kbps
[openvenc][rc] f=245 P qp=16 bytes=1052 avg=1381 kbps
[openvenc][rc] f=246 P qp=16 bytes=1034 avg=1377 kbps
[openvenc][rc] f=247 P qp=16 bytes=1052 avg=1373 kbps
[openvenc][rc] f=248 P qp=16 bytes=1026 avg=1370 kbps
[openvenc][rc] f=249 P qp=16 bytes=1040 avg=1366 kbps
[openvenc][rc] f=250 IDR qp=22 bytes=53735 avg=1462 kbps
[openvenc][rc] f=251 P qp=25 bytes=1587 avg=1459 kbps
[openvenc][rc] f=252 P qp=24 bytes=1390 avg=1456 kbps
[openvenc][rc] f=253 P qp=23 bytes=1440 avg=1453 kbps
[openvenc][rc] f=254 P qp=22 bytes=1458 avg=1450 kbps
[openvenc][rc] f=255 P qp=21 bytes=2033 avg=1448 kbps
[openvenc][rc] f=256 P qp=20 bytes=3065 avg=1448 kbps
[openvenc][rc] f=257 P qp=19 bytes=6692 avg=1455 kbps
[openvenc][rc] f=258 P qp=18 bytes=5989 avg=1460 kbps
[openvenc][rc] f=259 P qp=17 bytes=8664 avg=1470 kbps
[openvenc][rc] f=260 P qp=16 bytes=7842 avg=1479 kbps
[openvenc][rc] f=261 P qp=16 bytes=2674 avg=1478 kbps
[openvenc][rc] f=262 P qp=16 bytes=1459 avg=1475 kbps
[openvenc][rc] f=263 P qp=16 bytes=1306 avg=1471 kbps
[openvenc][rc] f=264 P qp=16 bytes=1266 avg=1468 kbps
[openvenc][rc] f=265 P qp=16 bytes=1224 avg=1465 kbps
[openvenc][rc] f=266 P qp=16 bytes=1222 avg=1462 kbps
[openvenc][rc] f=267 P qp=16 bytes=1209 avg=1458 kbps
[openvenc][rc] f=268 P qp=16 bytes=1218 avg=1455 kbps
[openvenc][rc] f=269 P qp=16 bytes=1213 avg=1452 kbps
[openvenc][rc] f=270 P qp=16 bytes=1221 avg=1448 kbps
[openvenc][rc] f=271 P qp=16 bytes=1209 avg=1445 kbps
[openvenc][rc] f=272 P qp=16 bytes=1197 avg=1442 kbps
[openvenc][rc] f=273 P qp=16 bytes=1192 avg=1439 kbps
[openvenc][rc] f=274 P qp=16 bytes=1191 avg=1436 kbps
[openvenc][rc] f=275 P qp=16 bytes=1193 avg=1432 kbps
[openvenc][rc] f=276 P qp=16 bytes=1195 avg=1429 kbps
[openvenc][rc] f=277 P qp=16 bytes=1188 avg=1426 kbps
[openvenc][rc] f=278 P qp=16 bytes=1195 avg=1423 kbps
[openvenc][rc] f=279 P qp=16 bytes=1189 avg=1420 kbps
[openvenc][rc] f=280 P qp=16 bytes=1197 avg=1417 kbps
[openvenc][rc] f=281 P qp=16 bytes=1187 avg=1414 kbps
[openvenc][rc] f=282 P qp=16 bytes=1198 avg=1411 kbps
[openvenc][rc] f=283 P qp=16 bytes=1184 avg=1408 kbps
[openvenc][rc] f=284 P qp=16 bytes=1187 avg=1405 kbps
[openvenc][rc] f=285 P qp=16 bytes=1184 avg=1402 kbps
[openvenc][rc] f=286 P qp=16 bytes=1187 avg=1399 kbps
[openvenc][rc] f=287 P qp=16 bytes=1184 avg=1396 kbps
[openvenc][rc] f=288 P qp=16 bytes=1187 avg=1393 kbps
[openvenc][rc] f=289 P qp=16 bytes=1184 avg=1390 kbps
[openvenc][rc] f=290 P qp=16 bytes=1187 avg=1387 kbps
[openvenc][rc] f=291 P qp=16 bytes=1184 avg=1385 kbps
[openvenc][rc] f=292 P qp=16 bytes=1187 avg=1382 kbps
[openvenc][rc] f=293 P qp=16 bytes=1184 avg=1379 kbps
[openvenc][rc] f=294 P qp=16 bytes=1187 avg=1376 kbps
[openvenc][rc] f=295 P qp=16 bytes=1184 avg=1373 kbps
[openvenc][rc] f=296 P qp=16 bytes=1187 avg=1371 kbps
[openvenc][rc] f=297 P qp=16 bytes=1184 avg=1368 kbps
[openvenc][rc] f=298 P qp=16 bytes=1187 avg=1365 kbps
[openvenc][rc] f=299 P qp=16 bytes=1184 avg=1363 kbps
[openvenc][rc] f=300 IDR qp=20 bytes=58205 avg=1449 kbps
[openvenc][rc] f=301 P qp=23 bytes=1667 avg=1447 kbps
[openvenc][rc] f=302 P qp=22 bytes=1423 avg=1445 kbps
[openvenc][rc] f=303 P qp=21 bytes=1419 avg=1442 kbps
[openvenc][rc] f=304 P qp=20 bytes=1482 avg=1440 kbps
[openvenc][rc] f=305 P qp=19 bytes=2488 avg=1439 kbps
[openvenc][rc] f=306 P qp=18 bytes=3821 avg=1440 kbps
[openvenc][rc] f=307 P qp=17 bytes=7317 avg=1447 kbps
[openvenc][rc] f=308 P qp=16 bytes=7102 avg=1453 kbps
[openvenc][rc] f=309 P qp=16 bytes=2436 avg=1452 kbps
[openvenc][rc] f=310 P qp=16 bytes=1343 avg=1449 kbps
[openvenc][rc] f=311 P qp=16 bytes=1152 avg=1446 kbps
[openvenc][rc] f=312 P qp=16 bytes=1110 avg=1443 kbps
[openvenc][rc] f=313 P qp=16 bytes=1121 avg=1440 kbps
[openvenc][rc] f=314 P qp=16 bytes=1101 avg=1437 kbps
[openvenc][rc] f=315 P qp=16 bytes=1078 avg=1434 kbps
[openvenc][rc] f=316 P qp=16 bytes=1066 avg=1432 kbps
[openvenc][rc] f=317 P qp=16 bytes=1068 avg=1429 kbps
[openvenc][rc] f=318 P qp=16 bytes=1048 avg=1426 kbps
[openvenc][rc] f=319 P qp=16 bytes=1047 avg=1423 kbps
[openvenc][rc] f=320 P qp=16 bytes=1041 avg=1420 kbps
[openvenc][rc] f=321 P qp=16 bytes=1045 avg=1417 kbps
[openvenc][rc] f=322 P qp=16 bytes=1041 avg=1414 kbps
[openvenc][rc] f=323 P qp=16 bytes=1046 avg=1411 kbps
[openvenc][rc] f=324 P qp=16 bytes=1040 avg=1408 kbps
[openvenc][rc] f=325 P qp=16 bytes=1047 avg=1406 kbps
[openvenc][rc] f=326 P qp=16 bytes=1041 avg=1403 kbps
[openvenc][rc] f=327 P qp=16 bytes=1045 avg=1400 kbps
[openvenc][rc] f=328 P qp=16 bytes=1041 avg=1397 kbps
[openvenc][rc] f=329 P qp=16 bytes=1046 avg=1395 kbps
[openvenc][rc] f=330 P qp=16 bytes=1040 avg=1392 kbps
[openvenc][rc] f=331 P qp=16 bytes=1047 avg=1389 kbps
[openvenc][rc] f=332 P qp=16 bytes=1041 avg=1386 kbps
[openvenc][rc] f=333 P qp=16 bytes=1045 avg=1384 kbps
[openvenc][rc] f=334 P qp=16 bytes=1041 avg=1381 kbps
[openvenc][rc] f=335 P qp=16 bytes=1046 avg=1378 kbps
[openvenc][rc] f=336 P qp=16 bytes=1040 avg=1376 kbps
[openvenc][rc] f=337 P qp=16 bytes=1047 avg=1373 kbps
[openvenc][rc] f=338 P qp=16 bytes=1041 avg=1371 kbps
[openvenc][rc] f=339 P qp=16 bytes=1045 avg=1368 kbps
[openvenc][rc] f=340 P qp=16 bytes=1041 avg=1365 kbps
[openvenc][rc] f=341 P qp=16 bytes=1046 avg=1363 kbps
[openvenc][rc] f=342 P qp=16 bytes=1040 avg=1360 kbps
[openvenc][rc] f=343 P qp=16 bytes=1047 avg=1358 kbps
[openvenc][rc] f=344 P qp=16 bytes=1041 avg=1355 kbps
[openvenc][rc] f=345 P qp=16 bytes=1045 avg=1353 kbps
[openvenc][rc] f=346 P qp=16 bytes=1041 avg=1350 kbps
[openvenc][rc] f=347 P qp=16 bytes=1046 avg=1348 kbps
[openvenc][rc] f=348 P qp=16 bytes=1040 avg=1345 kbps
[openvenc][rc] f=349 P qp=16 bytes=1047 avg=1343 kbps
[openvenc][rc] f=350 IDR qp=18 bytes=63586 avg=1425 kbps
[openvenc][rc] f=351 P qp=21 bytes=1597 avg=1423 kbps
[openvenc][rc] f=352 P qp=20 bytes=1232 avg=1420 kbps
[openvenc][rc] f=353 P qp=19 bytes=1445 avg=1418 kbps
[openvenc][rc] f=354 P qp=18 bytes=1690 avg=1417 kbps
[openvenc][rc] f=355 P qp=17 bytes=2904 avg=1416 kbps
[openvenc][rc] f=356 P qp=16 bytes=4704 avg=1419 kbps
[openvenc][rc] f=357 P qp=16 bytes=1728 avg=1417 kbps
[openvenc][rc] f=358 P qp=16 bytes=1072 avg=1414 kbps
[openvenc][rc] f=359 P qp=16 bytes=950 avg=1412 kbps
[openvenc][rc] f=360 P qp=16 bytes=922 avg=1409 kbps
[openvenc][rc] f=361 P qp=16 bytes=921 avg=1406 kbps
[openvenc][rc] f=362 P qp=16 bytes=920 avg=1404 kbps
[openvenc][rc] f=363 P qp=16 bytes=928 avg=1401 kbps
[openvenc][rc] f=364 P qp=16 bytes=918 avg=1398 kbps
[openvenc][rc] f=365 P qp=16 bytes=933 avg=1396 kbps
[openvenc][rc] f=366 P qp=16 bytes=924 avg=1393 kbps
[openvenc][rc] f=367 P qp=16 bytes=931 avg=1391 kbps
[openvenc][rc] f=368 P qp=16 bytes=919 avg=1388 kbps
[openvenc][rc] f=369 P qp=16 bytes=905 avg=1385 kbps
[openvenc][rc] f=370 P qp=16 bytes=915 avg=1383 kbps
[openvenc][rc] f=371 P qp=16 bytes=915 avg=1380 kbps
[openvenc][rc] f=372 P qp=16 bytes=922 avg=1378 kbps
[openvenc][rc] f=373 P qp=16 bytes=914 avg=1375 kbps
[openvenc][rc] f=374 P qp=16 bytes=908 avg=1373 kbps
[openvenc][rc] f=375 P qp=16 bytes=908 avg=1370 kbps
[openvenc][rc] f=376 P qp=16 bytes=905 avg=1368 kbps
[openvenc][rc] f=377 P qp=16 bytes=906 avg=1365 kbps
[openvenc][rc] f=378 P qp=16 bytes=901 avg=1363 kbps
[openvenc][rc] f=379 P qp=16 bytes=903 avg=1360 kbps
[openvenc][rc] f=380 P qp=16 bytes=895 avg=1358 kbps
[openvenc][rc] f=381 P qp=16 bytes=892 avg=1355 kbps
[openvenc][rc] f=382 P qp=16 bytes=891 avg=1353 kbps
[openvenc][rc] f=383 P qp=16 bytes=892 avg=1350 kbps
[openvenc][rc] f=384 P qp=16 bytes=891 avg=1348 kbps
[openvenc][rc] f=385 P qp=16 bytes=892 avg=1346 kbps
[openvenc][rc] f=386 P qp=16 bytes=891 avg=1343 kbps
[openvenc][rc] f=387 P qp=16 bytes=892 avg=1341 kbps
[openvenc][rc] f=388 P qp=16 bytes=891 avg=1339 kbps
[openvenc][rc] f=389 P qp=16 bytes=892 avg=1336 kbps
[openvenc][rc] f=390 P qp=16 bytes=891 avg=1334 kbps
[openvenc][rc] f=391 P qp=16 bytes=892 avg=1331 kbps
[openvenc][rc] f=392 P qp=16 bytes=891 avg=1329 kbps
[openvenc][rc] f=393 P qp=16 bytes=892 avg=1327 kbps
[openvenc][rc] f=394 P qp=16 bytes=891 avg=1325 kbps
[openvenc][rc] f=395 P qp=16 bytes=892 avg=1322 kbps
[openvenc][rc] f=396 P qp=16 bytes=891 avg=1320 kbps
[openvenc][rc] f=397 P qp=16 bytes=892 avg=1318 kbps
[openvenc][rc] f=398 P qp=16 bytes=891 avg=1316 kbps
[openvenc][rc] f=399 P qp=16 bytes=892 avg=1313 kbps
[openvenc][rc] f=400 IDR qp=16 bytes=69517 avg=1392 kbps
[openvenc][rc] f=401 P qp=19 bytes=1953 avg=1391 kbps
[openvenc][rc] f=402 P qp=18 bytes=1334 avg=1389 kbps
[openvenc][rc] f=403 P qp=17 bytes=1803 avg=1387 kbps
[openvenc][rc] f=404 P qp=16 bytes=1943 avg=1386 kbps
[openvenc][rc] f=405 P qp=16 bytes=935 avg=1384 kbps
[openvenc][rc] f=406 P qp=16 bytes=818 avg=1381 kbps
[openvenc][rc] f=407 P qp=16 bytes=752 avg=1379 kbps
[openvenc][rc] f=408 P qp=16 bytes=739 avg=1376 kbps
[openvenc][rc] f=409 P qp=16 bytes=725 avg=1374 kbps
[openvenc][rc] f=410 P qp=16 bytes=732 avg=1371 kbps
[openvenc][rc] f=411 P qp=16 bytes=713 avg=1369 kbps
[openvenc][rc] f=412 P qp=16 bytes=707 avg=1366 kbps
[openvenc][rc] f=413 P qp=16 bytes=715 avg=1364 kbps
[openvenc][rc] f=414 P qp=16 bytes=719 avg=1361 kbps
[openvenc][rc] f=415 P qp=16 bytes=714 avg=1359 kbps
[openvenc][rc] f=416 P qp=16 bytes=719 avg=1357 kbps
[openvenc][rc] f=417 P qp=16 bytes=715 avg=1354 kbps
[openvenc][rc] f=418 P qp=16 bytes=717 avg=1352 kbps
[openvenc][rc] f=419 P qp=16 bytes=704 avg=1349 kbps
[openvenc][rc] f=420 P qp=16 bytes=718 avg=1347 kbps
[openvenc][rc] f=421 P qp=16 bytes=714 avg=1344 kbps
[openvenc][rc] f=422 P qp=16 bytes=719 avg=1342 kbps
[openvenc][rc] f=423 P qp=16 bytes=715 avg=1340 kbps
[openvenc][rc] f=424 P qp=16 bytes=717 avg=1337 kbps
[openvenc][rc] f=425 P qp=16 bytes=713 avg=1335 kbps
[openvenc][rc] f=426 P qp=16 bytes=707 avg=1333 kbps
[openvenc][rc] f=427 P qp=16 bytes=704 avg=1330 kbps
[openvenc][rc] f=428 P qp=16 bytes=707 avg=1328 kbps
[openvenc][rc] f=429 P qp=16 bytes=704 avg=1326 kbps
[openvenc][rc] f=430 P qp=16 bytes=707 avg=1323 kbps
[openvenc][rc] f=431 P qp=16 bytes=704 avg=1321 kbps
[openvenc][rc] f=432 P qp=16 bytes=707 avg=1319 kbps
[openvenc][rc] f=433 P qp=16 bytes=704 avg=1317 kbps
[openvenc][rc] f=434 P qp=16 bytes=707 avg=1314 kbps
[openvenc][rc] f=435 P qp=16 bytes=704 avg=1312 kbps
[openvenc][rc] f=436 P qp=16 bytes=707 avg=1310 kbps
[openvenc][rc] f=437 P qp=16 bytes=704 avg=1308 kbps
[openvenc][rc] f=438 P qp=16 bytes=707 avg=1305 kbps
[openvenc][rc] f=439 P qp=16 bytes=704 avg=1303 kbps
[openvenc][rc] f=440 P qp=16 bytes=707 avg=1301 kbps
[openvenc][rc] f=441 P qp=16 bytes=704 avg=1299 kbps
[openvenc][rc] f=442 P qp=16 bytes=707 avg=1297 kbps
[openvenc][rc] f=443 P qp=16 bytes=704 avg=1294 kbps
[openvenc][rc] f=444 P qp=16 bytes=707 avg=1292 kbps
[openvenc][rc] f=445 P qp=16 bytes=704 avg=1290 kbps
[openvenc][rc] f=446 P qp=16 bytes=707 avg=1288 kbps
[openvenc][rc] f=447 P qp=16 bytes=704 avg=1286 kbps
[openvenc][rc] f=448 P qp=16 bytes=707 avg=1284 kbps
[openvenc][rc] f=449 P qp=16 bytes=704 avg=1282 kbps
[openvenc][rc] f=450 IDR qp=16 bytes=69517 avg=1351 kbps
[openvenc][rc] f=451 P qp=19 bytes=1953 avg=1351 kbps
[openvenc][rc] f=452 P qp=18 bytes=1334 avg=1349 kbps
[openvenc][rc] f=453 P qp=17 bytes=1803 avg=1348 kbps
[openvenc][rc] f=454 P qp=16 bytes=1943 avg=1347 kbps
[openvenc][rc] f=455 P qp=16 bytes=935 avg=1345 kbps
[openvenc][rc] f=456 P qp=16 bytes=818 avg=1343 kbps
[openvenc][rc] f=457 P qp=16 bytes=752 avg=1341 kbps
[openvenc][rc] f=458 P qp=16 bytes=739 avg=1339 kbps
[openvenc][rc] f=459 P qp=16 bytes=725 avg=1336 kbps
[openvenc][rc] f=460 P qp=16 bytes=732 avg=1334 kbps
[openvenc][rc] f=461 P qp=16 bytes=713 avg=1332 kbps
[openvenc][rc] f=462 P qp=16 bytes=707 avg=1330 kbps
[openvenc][rc] f=463 P qp=16 bytes=715 avg=1328 kbps
[openvenc][rc] f=464 P qp=16 bytes=719 avg=1326 kbps
[openvenc][rc] f=465 P qp=16 bytes=714 avg=1323 kbps
[openvenc][rc] f=466 P qp=16 bytes=719 avg=1321 kbps
[openvenc][rc] f=467 P qp=16 bytes=715 avg=1319 kbps
[openvenc][rc] f=468 P qp=16 bytes=717 avg=1317 kbps
[openvenc][rc] f=469 P qp=16 bytes=704 avg=1315 kbps
[openvenc][rc] f=470 P qp=16 bytes=718 avg=1313 kbps
[openvenc][rc] f=471 P qp=16 bytes=714 avg=1311 kbps
[openvenc][rc] f=472 P qp=16 bytes=719 avg=1309 kbps
[openvenc][rc] f=473 P qp=16 bytes=715 avg=1307 kbps
[openvenc][rc] f=474 P qp=16 bytes=717 avg=1305 kbps
[openvenc][rc] f=475 P qp=16 bytes=713 avg=1303 kbps
[openvenc][rc] f=476 P qp=16 bytes=707 avg=1301 kbps
[openvenc][rc] f=477 P qp=16 bytes=704 avg=1299 kbps
[openvenc][rc] f=478 P qp=16 bytes=707 avg=1297 kbps
[openvenc][rc] f=479 P qp=16 bytes=704 avg=1295 kbps
[openvenc][rc] f=480 P qp=16 bytes=707 avg=1293 kbps
[openvenc][rc] f=481 P qp=16 bytes=704 avg=1291 kbps
[openvenc][rc] f=482 P qp=16 bytes=707 avg=1289 kbps
[openvenc][rc] f=483 P qp=16 bytes=704 avg=1287 kbps
[openvenc][rc] f=484 P qp=16 bytes=707 avg=1285 kbps
[openvenc][rc] f=485 P qp=16 bytes=704 avg=1283 kbps
[openvenc][rc] f=486 P qp=16 bytes=707 avg=1281 kbps
[openvenc][rc] f=487 P qp=16 bytes=704 avg=1279 kbps
[openvenc][rc] f=488 P qp=16 bytes=707 avg=1277 kbps
[openvenc][rc] f=489 P qp=16 bytes=704 avg=1275 kbps
[openvenc][rc] f=490 P qp=16 bytes=707 avg=1273 kbps
[openvenc][rc] f=491 P qp=16 bytes=704 avg=1271 kbps
[openvenc][rc] f=492 P qp=16 bytes=707 avg=1269 kbps
[openvenc][rc] f=493 P qp=16 bytes=704 avg=1267 kbps
[openvenc][rc] f=494 P qp=16 bytes=707 avg=1266 kbps
[openvenc][rc] f=495 P qp=16 bytes=704 avg=1264 kbps
[openvenc][rc] f=496 P qp=16 bytes=707 avg=1262 kbps
[openvenc][rc] f=497 P qp=16 bytes=704 avg=1260 kbps
[openvenc][rc] f=498 P qp=16 bytes=707 avg=1258 kbps
[openvenc][rc] f=499 P qp=16 bytes=704 avg=1256 kbps
[openvenc][rc] f=500 IDR qp=16 bytes=69517 avg=1319 kbps
[openvenc][rc] f=501 P qp=19 bytes=1953 avg=1318 kbps
[openvenc][rc] f=502 P qp=18 bytes=1334 avg=1317 kbps
[openvenc][rc] f=503 P qp=17 bytes=1803 avg=1316 kbps
[openvenc][rc] f=504 P qp=16 bytes=1943 avg=1315 kbps
[openvenc][rc] f=505 P qp=16 bytes=935 avg=1314 kbps
[openvenc][rc] f=506 P qp=16 bytes=818 avg=1312 kbps
[openvenc][rc] f=507 P qp=16 bytes=752 avg=1310 kbps
[openvenc][rc] f=508 P qp=16 bytes=739 avg=1308 kbps
[openvenc][rc] f=509 P qp=16 bytes=725 avg=1306 kbps
[openvenc][rc] f=510 P qp=16 bytes=732 avg=1304 kbps
[openvenc][rc] f=511 P qp=16 bytes=713 avg=1302 kbps
[openvenc][rc] f=512 P qp=16 bytes=707 avg=1300 kbps
[openvenc][rc] f=513 P qp=16 bytes=715 avg=1299 kbps
[openvenc][rc] f=514 P qp=16 bytes=719 avg=1297 kbps
[openvenc][rc] f=515 P qp=16 bytes=714 avg=1295 kbps
[openvenc][rc] f=516 P qp=16 bytes=719 avg=1293 kbps
[openvenc][rc] f=517 P qp=16 bytes=715 avg=1291 kbps
[openvenc][rc] f=518 P qp=16 bytes=717 avg=1289 kbps
[openvenc][rc] f=519 P qp=16 bytes=704 avg=1287 kbps
[openvenc][rc] f=520 P qp=16 bytes=718 avg=1286 kbps
[openvenc][rc] f=521 P qp=16 bytes=714 avg=1284 kbps
[openvenc][rc] f=522 P qp=16 bytes=719 avg=1282 kbps
[openvenc][rc] f=523 P qp=16 bytes=715 avg=1280 kbps
[openvenc][rc] f=524 P qp=16 bytes=717 avg=1278 kbps
[openvenc][rc] f=525 P qp=16 bytes=713 avg=1277 kbps
[openvenc][rc] f=526 P qp=16 bytes=707 avg=1275 kbps
[openvenc][rc] f=527 P qp=16 bytes=704 avg=1273 kbps
[openvenc][rc] f=528 P qp=16 bytes=707 avg=1271 kbps
[openvenc][rc] f=529 P qp=16 bytes=704 avg=1270 kbps
[openvenc][rc] f=530 P qp=16 bytes=707 avg=1268 kbps
[openvenc][rc] f=531 P qp=16 bytes=704 avg=1266 kbps
[openvenc][rc] f=532 P qp=16 bytes=707 avg=1264 kbps
[openvenc][rc] f=533 P qp=16 bytes=704 avg=1263 kbps
[openvenc][rc] f=534 P qp=16 bytes=707 avg=1261 kbps
[openvenc][rc] f=535 P qp=16 bytes=704 avg=1259 kbps
[openvenc][rc] f=536 P qp=16 bytes=707 avg=1257 kbps
[openvenc][rc] f=537 P qp=16 bytes=704 avg=1256 kbps
[openvenc][rc] f=538 P qp=16 bytes=707 avg=1254 kbps
[openvenc][rc] f=539 P qp=16 bytes=704 avg=1252 kbps
[openvenc][rc] f=540 P qp=16 bytes=707 avg=1250 kbps
[openvenc][rc] f=541 P qp=16 bytes=704 avg=1249 kbps
[openvenc][rc] f=542 P qp=16 bytes=707 avg=1247 kbps
[openvenc][rc] f=543 P qp=16 bytes=704 avg=1245 kbps
[openvenc][rc] f=544 P qp=16 bytes=707 avg=1244 kbps
[openvenc][rc] f=545 P qp=16 bytes=704 avg=1242 kbps
[openvenc][rc] f=546 P qp=16 bytes=707 avg=1240 kbps
[openvenc][rc] f=547 P qp=16 bytes=704 avg=1239 kbps
[openvenc][rc] f=548 P qp=16 bytes=707 avg=1237 kbps
[openvenc][rc] f=549 P qp=16 bytes=704 avg=1235 kbps
[openvenc][rc] f=550 IDR qp=16 bytes=69517 avg=1293 kbps
[openvenc][rc] f=551 P qp=19 bytes=1953 avg=1292 kbps
[openvenc][rc] f=552 P qp=18 bytes=1334 avg=1291 kbps
[openvenc][rc] f=553 P qp=17 bytes=1803 avg=1290 kbps
[openvenc][rc] f=554 P qp=16 bytes=1943 avg=1289 kbps
[openvenc][rc] f=555 P qp=16 bytes=935 avg=1288 kbps
[openvenc][rc] f=556 P qp=16 bytes=818 avg=1286 kbps
[openvenc][rc] f=557 P qp=16 bytes=752 avg=1285 kbps
[openvenc][rc] f=558 P qp=16 bytes=739 avg=1283 kbps
[openvenc][rc] f=559 P qp=16 bytes=725 avg=1281 kbps
[openvenc][rc] f=560 P qp=16 bytes=732 avg=1280 kbps
[openvenc][rc] f=561 P qp=16 bytes=713 avg=1278 kbps
[openvenc][rc] f=562 P qp=16 bytes=707 avg=1276 kbps
[openvenc][rc] f=563 P qp=16 bytes=715 avg=1275 kbps
[openvenc][rc] f=564 P qp=16 bytes=719 avg=1273 kbps
[openvenc][rc] f=565 P qp=16 bytes=714 avg=1271 kbps
[openvenc][rc] f=566 P qp=16 bytes=719 avg=1270 kbps
[openvenc][rc] f=567 P qp=16 bytes=715 avg=1268 kbps
[openvenc][rc] f=568 P qp=16 bytes=717 avg=1266 kbps
[openvenc][rc] f=569 P qp=16 bytes=704 avg=1265 kbps
[openvenc][rc] f=570 P qp=16 bytes=718 avg=1263 kbps
[openvenc][rc] f=571 P qp=16 bytes=714 avg=1261 kbps
[openvenc][rc] f=572 P qp=16 bytes=719 avg=1260 kbps
[openvenc][rc] f=573 P qp=16 bytes=715 avg=1258 kbps
[openvenc][rc] f=574 P qp=16 bytes=717 avg=1257 kbps
[openvenc][rc] f=575 P qp=16 bytes=713 avg=1255 kbps
[openvenc][rc] f=576 P qp=16 bytes=707 avg=1253 kbps
[openvenc][rc] f=577 P qp=16 bytes=704 avg=1252 kbps
[openvenc][rc] f=578 P qp=16 bytes=707 avg=1250 kbps
[openvenc][rc] f=579 P qp=16 bytes=704 avg=1249 kbps
[openvenc][rc] f=580 P qp=16 bytes=707 avg=1247 kbps
[openvenc][rc] f=581 P qp=16 bytes=704 avg=1246 kbps
[openvenc][rc] f=582 P qp=16 bytes=707 avg=1244 kbps
[openvenc][rc] f=583 P qp=16 bytes=704 avg=1242 kbps
[openvenc][rc] f=584 P qp=16 bytes=707 avg=1241 kbps
[openvenc][rc] f=585 P qp=16 bytes=704 avg=1239 kbps
[openvenc][rc] f=586 P qp=16 bytes=707 avg=1238 kbps
[openvenc][rc] f=587 P qp=16 bytes=704 avg=1236 kbps
[openvenc][rc] f=588 P qp=16 bytes=707 avg=1235 kbps
[openvenc][rc] f=589 P qp=16 bytes=704 avg=1233 kbps
[openvenc][rc] f=590 P qp=16 bytes=707 avg=1232 kbps
[openvenc][rc] f=591 P qp=16 bytes=704 avg=1230 kbps
[openvenc][rc] f=592 P qp=16 bytes=707 avg=1229 kbps
[openvenc][rc] f=593 P qp=16 bytes=704 avg=1227 kbps
[openvenc][rc] f=594 P qp=16 bytes=707 avg=1226 kbps
[openvenc][rc] f=595 P qp=16 bytes=704 avg=1224 kbps
[openvenc][rc] f=596 P qp=16 bytes=707 avg=1223 kbps
[openvenc][rc] f=597 P qp=16 bytes=704 avg=1221 kbps
[openvenc][rc] f=598 P qp=16 bytes=707 avg=1220 kbps
[openvenc][rc] f=599 P qp=16 bytes=704 avg=1218 kbps
[openvenc][rc] f=600 IDR qp=16 bytes=69517 avg=1271 kbps
[openvenc][rc] f=601 P qp=19 bytes=1953 avg=1270 kbps
[openvenc][rc] f=602 P qp=18 bytes=1334 avg=1269 kbps
[openvenc][rc] f=603 P qp=17 bytes=1803 avg=1268 kbps
[openvenc][rc] f=604 P qp=16 bytes=1943 avg=1268 kbps
[openvenc][rc] f=605 P qp=16 bytes=935 avg=1266 kbps
[openvenc][rc] f=606 P qp=16 bytes=818 avg=1265 kbps
[openvenc][rc] f=607 P qp=16 bytes=752 avg=1264 kbps
[openvenc][rc] f=608 P qp=16 bytes=739 avg=1262 kbps
[openvenc][rc] f=609 P qp=16 bytes=725 avg=1261 kbps
[openvenc][rc] f=610 P qp=16 bytes=732 avg=1259 kbps
[openvenc][rc] f=611 P qp=16 bytes=713 avg=1258 kbps
[openvenc][rc] f=612 P qp=16 bytes=707 avg=1256 kbps
[openvenc][rc] f=613 P qp=16 bytes=715 avg=1255 kbps
[openvenc][rc] f=614 P qp=16 bytes=719 avg=1253 kbps
[openvenc][rc] f=615 P qp=16 bytes=714 avg=1252 kbps
[openvenc][rc] f=616 P qp=16 bytes=719 avg=1250 kbps
[openvenc][rc] f=617 P qp=16 bytes=715 avg=1249 kbps
[openvenc][rc] f=618 P qp=16 bytes=717 avg=1247 kbps
[openvenc][rc] f=619 P qp=16 bytes=704 avg=1246 kbps
[openvenc][rc] f=620 P qp=16 bytes=718 avg=1244 kbps
[openvenc][rc] f=621 P qp=16 bytes=714 avg=1243 kbps
[openvenc][rc] f=622 P qp=16 bytes=719 avg=1241 kbps
[openvenc][rc] f=623 P qp=16 bytes=715 avg=1240 kbps
[openvenc][rc] f=624 P qp=16 bytes=717 avg=1238 kbps
[openvenc][rc] f=625 P qp=16 bytes=713 avg=1237 kbps
[openvenc][rc] f=626 P qp=16 bytes=707 avg=1235 kbps
[openvenc][rc] f=627 P qp=16 bytes=704 avg=1234 kbps
[openvenc][rc] f=628 P qp=16 bytes=707 avg=1233 kbps
[openvenc][rc] f=629 P qp=16 bytes=704 avg=1231 kbps
[openvenc][rc] f=630 P qp=16 bytes=707 avg=1230 kbps
[openvenc][rc] f=631 P qp=16 bytes=704 avg=1228 kbps
[openvenc][rc] f=632 P qp=16 bytes=707 avg=1227 kbps
[openvenc][rc] f=633 P qp=16 bytes=704 avg=1226 kbps
[openvenc][rc] f=634 P qp=16 bytes=707 avg=1224 kbps
[openvenc][rc] f=635 P qp=16 bytes=704 avg=1223 kbps
[openvenc][rc] f=636 P qp=16 bytes=707 avg=1221 kbps
[openvenc][rc] f=637 P qp=16 bytes=704 avg=1220 kbps
[openvenc][rc] f=638 P qp=16 bytes=707 avg=1219 kbps
[openvenc][rc] f=639 P qp=16 bytes=704 avg=1217 kbps
[openvenc][rc] f=640 P qp=16 bytes=707 avg=1216 kbps
[openvenc][rc] f=641 P qp=16 bytes=704 avg=1214 kbps
[openvenc][rc] f=642 P qp=16 bytes=707 avg=1213 kbps
[openvenc][rc] f=643 P qp=16 bytes=704 avg=1212 kbps
[openvenc][rc] f=644 P qp=16 bytes=707 avg=1210 kbps
[openvenc][rc] f=645 P qp=16 bytes=704 avg=1209 kbps
[openvenc][rc] f=646 P qp=16 bytes=707 avg=1208 kbps
[openvenc][rc] f=647 P qp=16 bytes=704 avg=1206 kbps
[openvenc][rc] f=648 P qp=16 bytes=707 avg=1205 kbps
[openvenc][rc] f=649 P qp=16 bytes=704 avg=1204 kbps
[openvenc][rc] f=650 IDR qp=16 bytes=69517 avg=1252 kbps
[openvenc][rc] f=651 P qp=19 bytes=1953 avg=1252 kbps
[openvenc][rc] f=652 P qp=18 bytes=1334 avg=1251 kbps
[openvenc][rc] f=653 P qp=17 bytes=1803 avg=1250 kbps
[openvenc][rc] f=654 P qp=16 bytes=1943 avg=1250 kbps
[openvenc][rc] f=655 P qp=16 bytes=935 avg=1248 kbps
[openvenc][rc] f=656 P qp=16 bytes=818 avg=1247 kbps
[openvenc][rc] f=657 P qp=16 bytes=752 avg=1246 kbps
[openvenc][rc] f=658 P qp=16 bytes=739 avg=1244 kbps
[openvenc][rc] f=659 P qp=16 bytes=725 avg=1243 kbps
[openvenc][rc] f=660 P qp=16 bytes=732 avg=1242 kbps
[openvenc][rc] f=661 P qp=16 bytes=713 avg=1240 kbps
[openvenc][rc] f=662 P qp=16 bytes=707 avg=1239 kbps
[openvenc][rc] f=663 P qp=16 bytes=715 avg=1237 kbps
[openvenc][rc] f=664 P qp=16 bytes=719 avg=1236 kbps
[openvenc][rc] f=665 P qp=16 bytes=714 avg=1235 kbps
[openvenc][rc] f=666 P qp=16 bytes=719 avg=1233 kbps
[openvenc][rc] f=667 P qp=16 bytes=715 avg=1232 kbps
[openvenc][rc] f=668 P qp=16 bytes=717 avg=1231 kbps
[openvenc][rc] f=669 P qp=16 bytes=704 avg=1229 kbps
[openvenc][rc] f=670 P qp=16 bytes=718 avg=1228 kbps
[openvenc][rc] f=671 P qp=16 bytes=714 avg=1227 kbps
[openvenc][rc] f=672 P qp=16 bytes=719 avg=1225 kbps
[openvenc][rc] f=673 P qp=16 bytes=715 avg=1224 kbps
[openvenc][rc] f=674 P qp=16 bytes=717 avg=1223 kbps
[openvenc][rc] f=675 P qp=16 bytes=713 avg=1221 kbps
[openvenc][rc] f=676 P qp=16 bytes=707 avg=1220 kbps
[openvenc][rc] f=677 P qp=16 bytes=704 avg=1219 kbps
[openvenc][rc] f=678 P qp=16 bytes=707 avg=1218 kbps
[openvenc][rc] f=679 P qp=16 bytes=704 avg=1216 kbps
[openvenc][rc] f=680 P qp=16 bytes=707 avg=1215 kbps
[openvenc][rc] f=681 P qp=16 bytes=704 avg=1214 kbps
[openvenc][rc] f=682 P qp=16 bytes=707 avg=1212 kbps
[openvenc][rc] f=683 P qp=16 bytes=704 avg=1211 kbps
[openvenc][rc] f=684 P qp=16 bytes=707 avg=1210 kbps
[openvenc][rc] f=685 P qp=16 bytes=704 avg=1209 kbps
[openvenc][rc] f=686 P qp=16 bytes=707 avg=1207 kbps
[openvenc][rc] f=687 P qp=16 bytes=704 avg=1206 kbps
[openvenc][rc] f=688 P qp=16 bytes=707 avg=1205 kbps
[openvenc][rc] f=689 P qp=16 bytes=704 avg=1203 kbps
[openvenc][rc] f=690 P qp=16 bytes=707 avg=1202 kbps
[openvenc][rc] f=691 P qp=16 bytes=704 avg=1201 kbps
[openvenc][rc] f=692 P qp=16 bytes=707 avg=1200 kbps
[openvenc][rc] f=693 P qp=16 bytes=704 avg=1198 kbps
[openvenc][rc] f=694 P qp=16 bytes=707 avg=1197 kbps
[openvenc][rc] f=695 P qp=16 bytes=704 avg=1196 kbps
[openvenc][rc] f=696 P qp=16 bytes=707 avg=1195 kbps
[openvenc][rc] f=697 P qp=16 bytes=704 avg=1193 kbps
[openvenc][rc] f=698 P qp=16 bytes=707 avg=1192 kbps
[openvenc][rc] f=699 P qp=16 bytes=704 avg=1191 kbps
[openvenc][rc] f=700 IDR qp=16 bytes=69517 avg=1236 kbps
[openvenc][rc] f=701 P qp=19 bytes=1953 avg=1236 kbps
[openvenc][rc] f=702 P qp=18 bytes=1334 avg=1235 kbps
[openvenc][rc] f=703 P qp=17 bytes=1803 avg=1234 kbps
[openvenc][rc] f=704 P qp=16 bytes=1943 avg=1234 kbps
[openvenc][rc] f=705 P qp=16 bytes=935 avg=1233 kbps
[openvenc][rc] f=706 P qp=16 bytes=818 avg=1232 kbps
[openvenc][rc] f=707 P qp=16 bytes=752 avg=1230 kbps
[openvenc][rc] f=708 P qp=16 bytes=739 avg=1229 kbps
[openvenc][rc] f=709 P qp=16 bytes=725 avg=1228 kbps
[openvenc][rc] f=710 P qp=16 bytes=732 avg=1227 kbps
[openvenc][rc] f=711 P qp=16 bytes=713 avg=1225 kbps
[openvenc][rc] f=712 P qp=16 bytes=707 avg=1224 kbps
[openvenc][rc] f=713 P qp=16 bytes=715 avg=1223 kbps
[openvenc][rc] f=714 P qp=16 bytes=719 avg=1222 kbps
[openvenc][rc] f=715 P qp=16 bytes=714 avg=1220 kbps
[openvenc][rc] f=716 P qp=16 bytes=719 avg=1219 kbps
[openvenc][rc] f=717 P qp=16 bytes=715 avg=1218 kbps
[openvenc][rc] f=718 P qp=16 bytes=717 avg=1217 kbps
[openvenc][rc] f=719 P qp=16 bytes=704 avg=1215 kbps
[openvenc][rc] f=720 P qp=16 bytes=718 avg=1214 kbps
[openvenc][rc] f=721 P qp=16 bytes=714 avg=1213 kbps
[openvenc][rc] f=722 P qp=16 bytes=719 avg=1212 kbps
[openvenc][rc] f=723 P qp=16 bytes=715 avg=1211 kbps
[openvenc][rc] f=724 P qp=16 bytes=717 avg=1209 kbps
[openvenc][rc] f=725 P qp=16 bytes=713 avg=1208 kbps
[openvenc][rc] f=726 P qp=16 bytes=707 avg=1207 kbps
[openvenc][rc] f=727 P qp=16 bytes=704 avg=1206 kbps
[openvenc][rc] f=728 P qp=16 bytes=707 avg=1205 kbps
[openvenc][rc] f=729 P qp=16 bytes=704 avg=1203 kbps
[openvenc][rc] f=730 P qp=16 bytes=707 avg=1202 kbps
[openvenc][rc] f=731 P qp=16 bytes=704 avg=1201 kbps
[openvenc][rc] f=732 P qp=16 bytes=707 avg=1200 kbps
[openvenc][rc] f=733 P qp=16 bytes=704 avg=1199 kbps
[openvenc][rc] f=734 P qp=16 bytes=707 avg=1197 kbps
[openvenc][rc] f=735 P qp=16 bytes=704 avg=1196 kbps
[openvenc][rc] f=736 P qp=16 bytes=707 avg=1195 kbps
[openvenc][rc] f=737 P qp=16 bytes=704 avg=1194 kbps
[openvenc][rc] f=738 P qp=16 bytes=707 avg=1193 kbps
[openvenc][rc] f=739 P qp=16 bytes=704 avg=1192 kbps
[openvenc][rc] f=740 P qp=16 bytes=707 avg=1190 kbps
[openvenc][rc] f=741 P qp=16 bytes=704 avg=1189 kbps
[openvenc][rc] f=742 P qp=16 bytes=707 avg=1188 kbps
[openvenc][rc] f=743 P qp=16 bytes=704 avg=1187 kbps
[openvenc][rc] f=744 P qp=16 bytes=707 avg=1186 kbps
[openvenc][rc] f=745 P qp=16 bytes=704 avg=1185 kbps
[openvenc][rc] f=746 P qp=16 bytes=707 avg=1184 kbps
[openvenc][rc] f=747 P qp=16 bytes=704 avg=1182 kbps
[openvenc][rc] f=748 P qp=16 bytes=707 avg=1181 kbps
[openvenc][rc] f=749 P qp=16 bytes=704 avg=1180 kbps
[openvenc][rc] f=750 IDR qp=16 bytes=69517 avg=1222 kbps
[openvenc][rc] f=751 P qp=19 bytes=1953 avg=1222 kbps
[openvenc][rc] f=752 P qp=18 bytes=1334 avg=1221 kbps
[openvenc][rc] f=753 P qp=17 bytes=1803 avg=1221 kbps
[openvenc][rc] f=754 P qp=16 bytes=1943 avg=1220 kbps
[openvenc][rc] f=755 P qp=16 bytes=935 avg=1219 kbps
[openvenc][rc] f=756 P qp=16 bytes=818 avg=1218 kbps
[openvenc][rc] f=757 P qp=16 bytes=752 avg=1217 kbps
[openvenc][rc] f=758 P qp=16 bytes=739 avg=1216 kbps
[openvenc][rc] f=759 P qp=16 bytes=725 avg=1215 kbps
[openvenc][rc] f=760 P qp=16 bytes=732 avg=1213 kbps
[openvenc][rc] f=761 P qp=16 bytes=713 avg=1212 kbps
[openvenc][rc] f=762 P qp=16 bytes=707 avg=1211 kbps
[openvenc][rc] f=763 P qp=16 bytes=715 avg=1210 kbps
[openvenc][rc] f=764 P qp=16 bytes=719 avg=1209 kbps
[openvenc][rc] f=765 P qp=16 bytes=714 avg=1208 kbps
[openvenc][rc] f=766 P qp=16 bytes=719 avg=1207 kbps
[openvenc][rc] f=767 P qp=16 bytes=715 avg=1206 kbps
[openvenc][rc] f=768 P qp=16 bytes=717 avg=1204 kbps
[openvenc][rc] f=769 P qp=16 bytes=704 avg=1203 kbps
[openvenc][rc] f=770 P qp=16 bytes=718 avg=1202 kbps
[openvenc][rc] f=771 P qp=16 bytes=714 avg=1201 kbps
[openvenc][rc] f=772 P qp=16 bytes=719 avg=1200 kbps
[openvenc][rc] f=773 P qp=16 bytes=715 avg=1199 kbps
[openvenc][rc] f=774 P qp=16 bytes=717 avg=1198 kbps
[openvenc][rc] f=775 P qp=16 bytes=713 avg=1197 kbps
[openvenc][rc] f=776 P qp=16 bytes=707 avg=1195 kbps
[openvenc][rc] f=777 P qp=16 bytes=704 avg=1194 kbps
[openvenc][rc] f=778 P qp=16 bytes=707 avg=1193 kbps
[openvenc][rc] f=779 P qp=16 bytes=704 avg=1192 kbps
[openvenc][rc] f=780 P qp=16 bytes=707 avg=1191 kbps
[openvenc][rc] f=781 P qp=16 bytes=704 avg=1190 kbps
[openvenc][rc] f=782 P qp=16 bytes=707 avg=1189 kbps
[openvenc][rc] f=783 P qp=16 bytes=704 avg=1188 kbps
[openvenc][rc] f=784 P qp=16 bytes=707 avg=1187 kbps
[openvenc][rc] f=785 P qp=16 bytes=704 avg=1186 kbps
[openvenc][rc] f=786 P qp=16 bytes=707 avg=1184 kbps
[openvenc][rc] f=787 P qp=16 bytes=704 avg=1183 kbps
[openvenc][rc] f=788 P qp=16 bytes=707 avg=1182 kbps
[openvenc][rc] f=789 P qp=16 bytes=704 avg=1181 kbps
[openvenc][rc] f=790 P qp=16 bytes=707 avg=1180 kbps
[openvenc][rc] f=791 P qp=16 bytes=704 avg=1179 kbps
[openvenc][rc] f=792 P qp=16 bytes=707 avg=1178 kbps
[openvenc][rc] f=793 P qp=16 bytes=704 avg=1177 kbps
[openvenc][rc] f=794 P qp=16 bytes=707 avg=1176 kbps
[openvenc][rc] f=795 P qp=16 bytes=704 avg=1175 kbps
[openvenc][rc] f=796 P qp=16 bytes=707 avg=1174 kbps
[openvenc][rc] f=797 P qp=16 bytes=704 avg=1173 kbps
[openvenc][rc] f=798 P qp=16 bytes=707 avg=1172 kbps
[openvenc][rc] f=799 P qp=16 bytes=704 avg=1171 kbps
[openvenc][rc] f=800 IDR qp=16 bytes=69517 avg=1210 kbps
[openvenc][rc] f=801 P qp=19 bytes=1953 avg=1210 kbps
[openvenc][rc] f=802 P qp=18 bytes=1334 avg=1209 kbps
[openvenc][rc] f=803 P qp=17 bytes=1803 avg=1209 kbps
[openvenc][rc] f=804 P qp=16 bytes=1943 avg=1208 kbps
[openvenc][rc] f=805 P qp=16 bytes=935 avg=1207 kbps
[openvenc][rc] f=806 P qp=16 bytes=818 avg=1206 kbps
[openvenc][rc] f=807 P qp=16 bytes=752 avg=1205 kbps
[openvenc][rc] f=808 P qp=16 bytes=739 avg=1204 kbps
[openvenc][rc] f=809 P qp=16 bytes=725 avg=1203 kbps
[openvenc][rc] f=810 P qp=16 bytes=732 avg=1202 kbps
[openvenc][rc] f=811 P qp=16 bytes=713 avg=1201 kbps
[openvenc][rc] f=812 P qp=16 bytes=707 avg=1200 kbps
[openvenc][rc] f=813 P qp=16 bytes=715 avg=1199 kbps
[openvenc][rc] f=814 P qp=16 bytes=719 avg=1198 kbps
[openvenc][rc] f=815 P qp=16 bytes=714 avg=1197 kbps
[openvenc][rc] f=816 P qp=16 bytes=719 avg=1196 kbps
[openvenc][rc] f=817 P qp=16 bytes=715 avg=1195 kbps
[openvenc][rc] f=818 P qp=16 bytes=717 avg=1194 kbps
[openvenc][rc] f=819 P qp=16 bytes=704 avg=1193 kbps
[openvenc][rc] f=820 P qp=16 bytes=718 avg=1192 kbps
[openvenc][rc] f=821 P qp=16 bytes=714 avg=1190 kbps
[openvenc][rc] f=822 P qp=16 bytes=719 avg=1189 kbps
[openvenc][rc] f=823 P qp=16 bytes=715 avg=1188 kbps
[openvenc][rc] f=824 P qp=16 bytes=717 avg=1187 kbps
[openvenc][rc] f=825 P qp=16 bytes=713 avg=1186 kbps
[openvenc][rc] f=826 P qp=16 bytes=707 avg=1185 kbps
[openvenc][rc] f=827 P qp=16 bytes=704 avg=1184 kbps
[openvenc][rc] f=828 P qp=16 bytes=707 avg=1183 kbps
[openvenc][rc] f=829 P qp=16 bytes=704 avg=1182 kbps
[openvenc][rc] f=830 P qp=16 bytes=707 avg=1181 kbps
[openvenc][rc] f=831 P qp=16 bytes=704 avg=1180 kbps
[openvenc][rc] f=832 P qp=16 bytes=707 avg=1179 kbps
[openvenc][rc] f=833 P qp=16 bytes=704 avg=1178 kbps
[openvenc][rc] f=834 P qp=16 bytes=707 avg=1177 kbps
[openvenc][rc] f=835 P qp=16 bytes=704 avg=1176 kbps
[openvenc][rc] f=836 P qp=16 bytes=707 avg=1175 kbps
[openvenc][rc] f=837 P qp=16 bytes=704 avg=1174 kbps
[openvenc][rc] f=838 P qp=16 bytes=707 avg=1173 kbps
[openvenc][rc] f=839 P qp=16 bytes=704 avg=1172 kbps
[openvenc][rc] f=840 P qp=16 bytes=707 avg=1171 kbps
[openvenc][rc] f=841 P qp=16 bytes=704 avg=1170 kbps
[openvenc][rc] f=842 P qp=16 bytes=707 avg=1169 kbps
[openvenc][rc] f=843 P qp=16 bytes=704 avg=1168 kbps
[openvenc][rc] f=844 P qp=16 bytes=707 avg=1167 kbps
[openvenc][rc] f=845 P qp=16 bytes=704 avg=1166 kbps
[openvenc][rc] f=846 P qp=16 bytes=707 avg=1165 kbps
[openvenc][rc] f=847 P qp=16 bytes=704 avg=1164 kbps
[openvenc][rc] f=848 P qp=16 bytes=707 avg=1163 kbps
[openvenc][rc] f=849 P qp=16 bytes=704 avg=1162 kbps
[openvenc][rc] f=850 IDR qp=16 bytes=69517 avg=1199 kbps
[openvenc][rc] f=851 P qp=19 bytes=1953 avg=1199 kbps
[openvenc][rc] f=852 P qp=18 bytes=1334 avg=1198 kbps
[openvenc][rc] f=853 P qp=17 bytes=1803 avg=1198 kbps
[openvenc][rc] f=854 P qp=16 bytes=1943 avg=1198 kbps
[openvenc][rc] f=855 P qp=16 bytes=935 avg=1197 kbps
[openvenc][rc] f=856 P qp=16 bytes=818 avg=1196 kbps
[openvenc][rc] f=857 P qp=16 bytes=752 avg=1195 kbps
[openvenc][rc] f=858 P qp=16 bytes=739 avg=1194 kbps
[openvenc][rc] f=859 P qp=16 bytes=725 avg=1193 kbps
[openvenc][rc] f=860 P qp=16 bytes=732 avg=1192 kbps
[openvenc][rc] f=861 P qp=16 bytes=713 avg=1191 kbps
[openvenc][rc] f=862 P qp=16 bytes=707 avg=1190 kbps
[openvenc][rc] f=863 P qp=16 bytes=715 avg=1189 kbps
[openvenc][rc] f=864 P qp=16 bytes=719 avg=1188 kbps
[openvenc][rc] f=865 P qp=16 bytes=714 avg=1187 kbps
[openvenc][rc] f=866 P qp=16 bytes=719 avg=1186 kbps
[openvenc][rc] f=867 P qp=16 bytes=715 avg=1185 kbps
[openvenc][rc] f=868 P qp=16 bytes=717 avg=1184 kbps
[openvenc][rc] f=869 P qp=16 bytes=704 avg=1183 kbps
[openvenc][rc] f=870 P qp=16 bytes=718 avg=1182 kbps
[openvenc][rc] f=871 P qp=16 bytes=714 avg=1181 kbps
[openvenc][rc] f=872 P qp=16 bytes=719 avg=1180 kbps
[openvenc][rc] f=873 P qp=16 bytes=715 avg=1179 kbps
[openvenc][rc] f=874 P qp=16 bytes=717 avg=1178 kbps
[openvenc][rc] f=875 P qp=16 bytes=713 avg=1177 kbps
[openvenc][rc] f=876 P qp=16 bytes=707 avg=1176 kbps
[openvenc][rc] f=877 P qp=16 bytes=704 avg=1175 kbps
[openvenc][rc] f=878 P qp=16 bytes=707 avg=1174 kbps
[openvenc][rc] f=879 P qp=16 bytes=704 avg=1173 kbps
[openvenc][rc] f=880 P qp=16 bytes=707 avg=1173 kbps
[openvenc][rc] f=881 P qp=16 bytes=704 avg=1172 kbps
[openvenc][rc] f=882 P qp=16 bytes=707 avg=1171 kbps
[openvenc][rc] f=883 P qp=16 bytes=704 avg=1170 kbps
[openvenc][rc] f=884 P qp=16 bytes=707 avg=1169 kbps
[openvenc][rc] f=885 P qp=16 bytes=704 avg=1168 kbps
[openvenc][rc] f=886 P qp=16 bytes=707 avg=1167 kbps
[openvenc][rc] f=887 P qp=16 bytes=704 avg=1166 kbps
[openvenc][rc] f=888 P qp=16 bytes=707 avg=1165 kbps
[openvenc][rc] f=889 P qp=16 bytes=704 avg=1164 kbps
[openvenc][rc] f=890 P qp=16 bytes=707 avg=1163 kbps
[openvenc][rc] f=891 P qp=16 bytes=704 avg=1162 kbps
[openvenc][rc] f=892 P qp=16 bytes=707 avg=1161 kbps
[openvenc][rc] f=893 P qp=16 bytes=704 avg=1160 kbps
[openvenc][rc] f=894 P qp=16 bytes=707 avg=1159 kbps
[openvenc][rc] f=895 P qp=16 bytes=704 avg=1158 kbps
[openvenc][rc] f=896 P qp=16 bytes=707 avg=1158 kbps
[openvenc][rc] f=897 P qp=16 bytes=704 avg=1157 kbps
[openvenc][rc] f=898 P qp=16 bytes=707 avg=1156 kbps
[openvenc][rc] f=899 P qp=16 bytes=704 avg=1155 kbps
[openvenc][rc] f=900 IDR qp=16 bytes=69517 avg=1190 kbps
[openvenc][rc] f=901 P qp=19 bytes=1953 avg=1190 kbps
[openvenc][rc] f=902 P qp=18 bytes=1334 avg=1189 kbps
[openvenc][rc] f=903 P qp=17 bytes=1803 avg=1189 kbps
[openvenc][rc] f=904 P qp=16 bytes=1943 avg=1188 kbps
[openvenc][rc] f=905 P qp=16 bytes=935 avg=1188 kbps
[openvenc][rc] f=906 P qp=16 bytes=818 avg=1187 kbps
[openvenc][rc] f=907 P qp=16 bytes=752 avg=1186 kbps
[openvenc][rc] f=908 P qp=16 bytes=739 avg=1185 kbps
[openvenc][rc] f=909 P qp=16 bytes=725 avg=1184 kbps
[openvenc][rc] f=910 P qp=16 bytes=732 avg=1183 kbps
[openvenc][rc] f=911 P qp=16 bytes=713 avg=1182 kbps
[openvenc][rc] f=912 P qp=16 bytes=707 avg=1181 kbps
[openvenc][rc] f=913 P qp=16 bytes=715 avg=1180 kbps
[openvenc][rc] f=914 P qp=16 bytes=719 avg=1179 kbps
[openvenc][rc] f=915 P qp=16 bytes=714 avg=1178 kbps
[openvenc][rc] f=916 P qp=16 bytes=719 avg=1177 kbps
[openvenc][rc] f=917 P qp=16 bytes=715 avg=1177 kbps
[openvenc][rc] f=918 P qp=16 bytes=717 avg=1176 kbps
[openvenc][rc] f=919 P qp=16 bytes=704 avg=1175 kbps
[openvenc][rc] f=920 P qp=16 bytes=718 avg=1174 kbps
[openvenc][rc] f=921 P qp=16 bytes=714 avg=1173 kbps
[openvenc][rc] f=922 P qp=16 bytes=719 avg=1172 kbps
[openvenc][rc] f=923 P qp=16 bytes=715 avg=1171 kbps
[openvenc][rc] f=924 P qp=16 bytes=717 avg=1170 kbps
[openvenc][rc] f=925 P qp=16 bytes=713 avg=1169 kbps
[openvenc][rc] f=926 P qp=16 bytes=707 avg=1168 kbps
[openvenc][rc] f=927 P qp=16 bytes=704 avg=1167 kbps
[openvenc][rc] f=928 P qp=16 bytes=707 avg=1167 kbps
[openvenc][rc] f=929 P qp=16 bytes=704 avg=1166 kbps
[openvenc][rc] f=930 P qp=16 bytes=707 avg=1165 kbps
[openvenc][rc] f=931 P qp=16 bytes=704 avg=1164 kbps
[openvenc][rc] f=932 P qp=16 bytes=707 avg=1163 kbps
[openvenc][rc] f=933 P qp=16 bytes=704 avg=1162 kbps
[openvenc][rc] f=934 P qp=16 bytes=707 avg=1161 kbps
[openvenc][rc] f=935 P qp=16 bytes=704 avg=1160 kbps
[openvenc][rc] f=936 P qp=16 bytes=707 avg=1159 kbps
[openvenc][rc] f=937 P qp=16 bytes=704 avg=1159 kbps
[openvenc][rc] f=938 P qp=16 bytes=707 avg=1158 kbps
[openvenc][rc] f=939 P qp=16 bytes=704 avg=1157 kbps
[openvenc][rc] f=940 P qp=16 bytes=707 avg=1156 kbps
[openvenc][rc] f=941 P qp=16 bytes=704 avg=1155 kbps
[openvenc][rc] f=942 P qp=16 bytes=707 avg=1154 kbps
[openvenc][rc] f=943 P qp=16 bytes=704 avg=1153 kbps
[openvenc][rc] f=944 P qp=16 bytes=707 avg=1152 kbps
[openvenc][rc] f=945 P qp=16 bytes=704 avg=1152 kbps
[openvenc][rc] f=946 P qp=16 bytes=707 avg=1151 kbps
[openvenc][rc] f=947 P qp=16 bytes=704 avg=1150 kbps
[openvenc][rc] f=948 P qp=16 bytes=707 avg=1149 kbps
[openvenc][rc] f=949 P qp=16 bytes=704 avg=1148 kbps
[openvenc][rc] f=950 IDR qp=16 bytes=69517 avg=1181 kbps
[openvenc][rc] f=951 P qp=19 bytes=1953 avg=1181 kbps
[openvenc][rc] f=952 P qp=18 bytes=1334 avg=1181 kbps
[openvenc][rc] f=953 P qp=17 bytes=1803 avg=1180 kbps
[openvenc][rc] f=954 P qp=16 bytes=1943 avg=1180 kbps
[openvenc][rc] f=955 P qp=16 bytes=935 avg=1179 kbps
[openvenc][rc] f=956 P qp=16 bytes=818 avg=1178 kbps
[openvenc][rc] f=957 P qp=16 bytes=752 avg=1177 kbps
[openvenc][rc] f=958 P qp=16 bytes=739 avg=1177 kbps
[openvenc][rc] f=959 P qp=16 bytes=725 avg=1176 kbps
[openvenc][rc] f=960 P qp=16 bytes=732 avg=1175 kbps
[openvenc][rc] f=961 P qp=16 bytes=713 avg=1174 kbps
[openvenc][rc] f=962 P qp=16 bytes=707 avg=1173 kbps
[openvenc][rc] f=963 P qp=16 bytes=715 avg=1172 kbps
[openvenc][rc] f=964 P qp=16 bytes=719 avg=1171 kbps
[openvenc][rc] f=965 P qp=16 bytes=714 avg=1171 kbps
[openvenc][rc] f=966 P qp=16 bytes=719 avg=1170 kbps
[openvenc][rc] f=967 P qp=16 bytes=715 avg=1169 kbps
[openvenc][rc] f=968 P qp=16 bytes=717 avg=1168 kbps
[openvenc][rc] f=969 P qp=16 bytes=704 avg=1167 kbps
[openvenc][rc] f=970 P qp=16 bytes=718 avg=1166 kbps
[openvenc][rc] f=971 P qp=16 bytes=714 avg=1165 kbps
[openvenc][rc] f=972 P qp=16 bytes=719 avg=1165 kbps
[openvenc][rc] f=973 P qp=16 bytes=715 avg=1164 kbps
[openvenc][rc] f=974 P qp=16 bytes=717 avg=1163 kbps
[openvenc][rc] f=975 P qp=16 bytes=713 avg=1162 kbps
[openvenc][rc] f=976 P qp=16 bytes=707 avg=1161 kbps
[openvenc][rc] f=977 P qp=16 bytes=704 avg=1160 kbps
[openvenc][rc] f=978 P qp=16 bytes=707 avg=1159 kbps
[openvenc][rc] f=979 P qp=16 bytes=704 avg=1159 kbps
[openvenc][rc] f=980 P qp=16 bytes=707 avg=1158 kbps
[openvenc][rc] f=981 P qp=16 bytes=704 avg=1157 kbps
[openvenc][rc] f=982 P qp=16 bytes=707 avg=1156 kbps
[openvenc][rc] f=983 P qp=16 bytes=704 avg=1155 kbps
[openvenc][rc] f=984 P qp=16 bytes=707 avg=1154 kbps
[openvenc][rc] f=985 P qp=16 bytes=704 avg=1154 kbps
[openvenc][rc] f=986 P qp=16 bytes=707 avg=1153 kbps
[openvenc][rc] f=987 P qp=16 bytes=704 avg=1152 kbps
[openvenc][rc] f=988 P qp=16 bytes=707 avg=1151 kbps
[openvenc][rc] f=989 P qp=16 bytes=704 avg=1150 kbps
[openvenc][rc] f=990 P qp=16 bytes=707 avg=1149 kbps
[openvenc][rc] f=991 P qp=16 bytes=704 avg=1149 kbps
[openvenc][rc] f=992 P qp=16 bytes=707 avg=1148 kbps
[openvenc][rc] f=993 P qp=16 bytes=704 avg=1147 kbps
[openvenc][rc] f=994 P qp=16 bytes=707 avg=1146 kbps
[openvenc][rc] f=995 P qp=16 bytes=704 avg=1145 kbps
[openvenc][rc] f=996 P qp=16 bytes=707 avg=1145 kbps
[openvenc][rc] f=997 P qp=16 bytes=704 avg=1144 kbps
[openvenc][rc] f=998 P qp=16 bytes=707 avg=1143 kbps
[openvenc][rc] f=999 P qp=16 bytes=704 avg=1142 kbps
[openvenc][rc] f=1000 IDR qp=16 bytes=69517 avg=1174 kbps
[openvenc][rc] f=1001 P qp=19 bytes=1953 avg=1174 kbps
[openvenc][rc] f=1002 P qp=18 bytes=1334 avg=1173 kbps
[openvenc][rc] f=1003 P qp=17 bytes=1803 avg=1173 kbps
[openvenc][rc] f=1004 P qp=16 bytes=1943 avg=1172 kbps
[openvenc][rc] f=1005 P qp=16 bytes=935 avg=1172 kbps
[openvenc][rc] f=1006 P qp=16 bytes=818 avg=1171 kbps
[openvenc][rc] f=1007 P qp=16 bytes=752 avg=1170 kbps
[openvenc][rc] f=1008 P qp=16 bytes=739 avg=1169 kbps
[openvenc][rc] f=1009 P qp=16 bytes=725 avg=1168 kbps
[openvenc][rc] f=1010 P qp=16 bytes=732 avg=1168 kbps
[openvenc][rc] f=1011 P qp=16 bytes=713 avg=1167 kbps
[openvenc][rc] f=1012 P qp=16 bytes=707 avg=1166 kbps
[openvenc][rc] f=1013 P qp=16 bytes=715 avg=1165 kbps
[openvenc][rc] f=1014 P qp=16 bytes=719 avg=1164 kbps
[openvenc][rc] f=1015 P qp=16 bytes=714 avg=1164 kbps
[openvenc][rc] f=1016 P qp=16 bytes=719 avg=1163 kbps
[openvenc][rc] f=1017 P qp=16 bytes=715 avg=1162 kbps
[openvenc][rc] f=1018 P qp=16 bytes=717 avg=1161 kbps
[openvenc][rc] f=1019 P qp=16 bytes=704 avg=1160 kbps
[openvenc][rc] f=1020 P qp=16 bytes=718 avg=1159 kbps
[openvenc][rc] f=1021 P qp=16 bytes=714 avg=1159 kbps
[openvenc][rc] f=1022 P qp=16 bytes=719 avg=1158 kbps
[openvenc][rc] f=1023 P qp=16 bytes=715 avg=1157 kbps
[openvenc][rc] f=1024 P qp=16 bytes=717 avg=1156 kbps
[openvenc][rc] f=1025 P qp=16 bytes=713 avg=1155 kbps
[openvenc][rc] f=1026 P qp=16 bytes=707 avg=1155 kbps
[openvenc][rc] f=1027 P qp=16 bytes=704 avg=1154 kbps
[openvenc][rc] f=1028 P qp=16 bytes=707 avg=1153 kbps
[openvenc][rc] f=1029 P qp=16 bytes=704 avg=1152 kbps
[openvenc][rc] f=1030 P qp=16 bytes=707 avg=1152 kbps
[openvenc][rc] f=1031 P qp=16 bytes=704 avg=1151 kbps
[openvenc][rc] f=1032 P qp=16 bytes=707 avg=1150 kbps
[openvenc][rc] f=1033 P qp=16 bytes=704 avg=1149 kbps
[openvenc][rc] f=1034 P qp=16 bytes=707 avg=1148 kbps
[openvenc][rc] f=1035 P qp=16 bytes=704 avg=1148 kbps
[openvenc][rc] f=1036 P qp=16 bytes=707 avg=1147 kbps
[openvenc][rc] f=1037 P qp=16 bytes=704 avg=1146 kbps
[openvenc][rc] f=1038 P qp=16 bytes=707 avg=1145 kbps
[openvenc][rc] f=1039 P qp=16 bytes=704 avg=1144 kbps
[openvenc][rc] f=1040 P qp=16 bytes=707 avg=1144 kbps
[openvenc][rc] f=1041 P qp=16 bytes=704 avg=1143 kbps
[openvenc][rc] f=1042 P qp=16 bytes=707 avg=1142 kbps
[openvenc][rc] f=1043 P qp=16 bytes=704 avg=1141 kbps
[openvenc][rc] f=1044 P qp=16 bytes=707 avg=1141 kbps
[openvenc][rc] f=1045 P qp=16 bytes=704 avg=1140 kbps
[openvenc][rc] f=1046 P qp=16 bytes=707 avg=1139 kbps
[openvenc][rc] f=1047 P qp=16 bytes=704 avg=1138 kbps
[openvenc][rc] f=1048 P qp=16 bytes=707 avg=1137 kbps
[openvenc][rc] f=1049 P qp=16 bytes=704 avg=1137 kbps
[openvenc][rc] f=1050 IDR qp=16 bytes=69517 avg=1167 kbps
[openvenc][rc] f=1051 P qp=19 bytes=1953 avg=1167 kbps
[openvenc][rc] f=1052 P qp=18 bytes=1334 avg=1166 kbps
[openvenc][rc] f=1053 P qp=17 bytes=1803 avg=1166 kbps
[openvenc][rc] f=1054 P qp=16 bytes=1943 avg=1166 kbps
[openvenc][rc] f=1055 P qp=16 bytes=935 avg=1165 kbps
[openvenc][rc] f=1056 P qp=16 bytes=818 avg=1164 kbps
[openvenc][rc] f=1057 P qp=16 bytes=752 avg=1163 kbps
[openvenc][rc] f=1058 P qp=16 bytes=739 avg=1163 kbps
[openvenc][rc] f=1059 P qp=16 bytes=725 avg=1162 kbps
[openvenc][rc] f=1060 P qp=16 bytes=732 avg=1161 kbps
[openvenc][rc] f=1061 P qp=16 bytes=713 avg=1160 kbps
[openvenc][rc] f=1062 P qp=16 bytes=707 avg=1160 kbps
[openvenc][rc] f=1063 P qp=16 bytes=715 avg=1159 kbps
[openvenc][rc] f=1064 P qp=16 bytes=719 avg=1158 kbps
[openvenc][rc] f=1065 P qp=16 bytes=714 avg=1157 kbps
[openvenc][rc] f=1066 P qp=16 bytes=719 avg=1156 kbps
[openvenc][rc] f=1067 P qp=16 bytes=715 avg=1156 kbps
[openvenc][rc] f=1068 P qp=16 bytes=717 avg=1155 kbps
[openvenc][rc] f=1069 P qp=16 bytes=704 avg=1154 kbps
[openvenc][rc] f=1070 P qp=16 bytes=718 avg=1153 kbps
[openvenc][rc] f=1071 P qp=16 bytes=714 avg=1153 kbps
[openvenc][rc] f=1072 P qp=16 bytes=719 avg=1152 kbps
[openvenc][rc] f=1073 P qp=16 bytes=715 avg=1151 kbps
[openvenc][rc] f=1074 P qp=16 bytes=717 avg=1150 kbps
[openvenc][rc] f=1075 P qp=16 bytes=713 avg=1150 kbps
[openvenc][rc] f=1076 P qp=16 bytes=707 avg=1149 kbps
[openvenc][rc] f=1077 P qp=16 bytes=704 avg=1148 kbps
[openvenc][rc] f=1078 P qp=16 bytes=707 avg=1147 kbps
[openvenc][rc] f=1079 P qp=16 bytes=704 avg=1147 kbps
[openvenc][rc] f=1080 P qp=16 bytes=707 avg=1146 kbps
[openvenc][rc] f=1081 P qp=16 bytes=704 avg=1145 kbps
[openvenc][rc] f=1082 P qp=16 bytes=707 avg=1144 kbps
[openvenc][rc] f=1083 P qp=16 bytes=704 avg=1144 kbps
[openvenc][rc] f=1084 P qp=16 bytes=707 avg=1143 kbps
[openvenc][rc] f=1085 P qp=16 bytes=704 avg=1142 kbps
[openvenc][rc] f=1086 P qp=16 bytes=707 avg=1141 kbps
[openvenc][rc] f=1087 P qp=16 bytes=704 avg=1141 kbps
[openvenc][rc] f=1088 P qp=16 bytes=707 avg=1140 kbps
[openvenc][rc] f=1089 P qp=16 bytes=704 avg=1139 kbps
[openvenc][rc] f=1090 P qp=16 bytes=707 avg=1138 kbps
[openvenc][rc] f=1091 P qp=16 bytes=704 avg=1138 kbps
[openvenc][rc] f=1092 P qp=16 bytes=707 avg=1137 kbps
[openvenc][rc] f=1093 P qp=16 bytes=704 avg=1136 kbps
[openvenc][rc] f=1094 P qp=16 bytes=707 avg=1135 kbps
[openvenc][rc] f=1095 P qp=16 bytes=704 avg=1135 kbps
[openvenc][rc] f=1096 P qp=16 bytes=707 avg=1134 kbps
[openvenc][rc] f=1097 P qp=16 bytes=704 avg=1133 kbps
[openvenc][rc] f=1098 P qp=16 bytes=707 avg=1132 kbps
[openvenc][rc] f=1099 P qp=16 bytes=704 avg=1132 kbps
[openvenc][rc] f=1100 IDR qp=16 bytes=69517 avg=1161 kbps
[openvenc][rc] f=1101 P qp=19 bytes=1953 avg=1160 kbps
[openvenc][rc] f=1102 P qp=18 bytes=1334 avg=1160 kbps
[openvenc][rc] f=1103 P qp=17 bytes=1803 avg=1160 kbps
[openvenc][rc] f=1104 P qp=16 bytes=1943 avg=1159 kbps
[openvenc][rc] f=1105 P qp=16 bytes=935 avg=1159 kbps
[openvenc][rc] f=1106 P qp=16 bytes=818 avg=1158 kbps
[openvenc][rc] f=1107 P qp=16 bytes=752 avg=1157 kbps
[openvenc][rc] f=1108 P qp=16 bytes=739 avg=1157 kbps
[openvenc][rc] f=1109 P qp=16 bytes=725 avg=1156 kbps
[openvenc][rc] f=1110 P qp=16 bytes=732 avg=1155 kbps
[openvenc][rc] f=1111 P qp=16 bytes=713 avg=1154 kbps
[openvenc][rc] f=1112 P qp=16 bytes=707 avg=1154 kbps
[openvenc][rc] f=1113 P qp=16 bytes=715 avg=1153 kbps
[openvenc][rc] f=1114 P qp=16 bytes=719 avg=1152 kbps
[openvenc][rc] f=1115 P qp=16 bytes=714 avg=1151 kbps
[openvenc][rc] f=1116 P qp=16 bytes=719 avg=1151 kbps
[openvenc][rc] f=1117 P qp=16 bytes=715 avg=1150 kbps
[openvenc][rc] f=1118 P qp=16 bytes=717 avg=1149 kbps
[openvenc][rc] f=1119 P qp=16 bytes=704 avg=1148 kbps
[openvenc][rc] f=1120 P qp=16 bytes=718 avg=1148 kbps
[openvenc][rc] f=1121 P qp=16 bytes=714 avg=1147 kbps
[openvenc][rc] f=1122 P qp=16 bytes=719 avg=1146 kbps
[openvenc][rc] f=1123 P qp=16 bytes=715 avg=1146 kbps
[openvenc][rc] f=1124 P qp=16 bytes=717 avg=1145 kbps
[openvenc][rc] f=1125 P qp=16 bytes=713 avg=1144 kbps
[openvenc][rc] f=1126 P qp=16 bytes=707 avg=1143 kbps
[openvenc][rc] f=1127 P qp=16 bytes=704 avg=1143 kbps
[openvenc][rc] f=1128 P qp=16 bytes=707 avg=1142 kbps
[openvenc][rc] f=1129 P qp=16 bytes=704 avg=1141 kbps
[openvenc][rc] f=1130 P qp=16 bytes=707 avg=1141 kbps
[openvenc][rc] f=1131 P qp=16 bytes=704 avg=1140 kbps
[openvenc][rc] f=1132 P qp=16 bytes=707 avg=1139 kbps
[openvenc][rc] f=1133 P qp=16 bytes=704 avg=1138 kbps
[openvenc][rc] f=1134 P qp=16 bytes=707 avg=1138 kbps
[openvenc][rc] f=1135 P qp=16 bytes=704 avg=1137 kbps
[openvenc][rc] f=1136 P qp=16 bytes=707 avg=1136 kbps
[openvenc][rc] f=1137 P qp=16 bytes=704 avg=1136 kbps
[openvenc][rc] f=1138 P qp=16 bytes=707 avg=1135 kbps
[openvenc][rc] f=1139 P qp=16 bytes=704 avg=1134 kbps
[openvenc][rc] f=1140 P qp=16 bytes=707 avg=1134 kbps
[openvenc][rc] f=1141 P qp=16 bytes=704 avg=1133 kbps
[openvenc][rc] f=1142 P qp=16 bytes=707 avg=1132 kbps
[openvenc][rc] f=1143 P qp=16 bytes=704 avg=1131 kbps
[openvenc][rc] f=1144 P qp=16 bytes=707 avg=1131 kbps
[openvenc][rc] f=1145 P qp=16 bytes=704 avg=1130 kbps
[openvenc][rc] f=1146 P qp=16 bytes=707 avg=1129 kbps
[openvenc][rc] f=1147 P qp=16 bytes=704 avg=1129 kbps
[openvenc][rc] f=1148 P qp=16 bytes=707 avg=1128 kbps
[openvenc][rc] f=1149 P qp=16 bytes=704 avg=1127 kbps
[openvenc][rc] f=1150 IDR qp=16 bytes=69517 avg=1155 kbps
[openvenc][rc] f=1151 P qp=19 bytes=1953 avg=1155 kbps
[openvenc][rc] f=1152 P qp=18 bytes=1334 avg=1154 kbps
[openvenc][rc] f=1153 P qp=17 bytes=1803 avg=1154 kbps
[openvenc][rc] f=1154 P qp=16 bytes=1943 avg=1154 kbps
[openvenc][rc] f=1155 P qp=16 bytes=935 avg=1153 kbps
[openvenc][rc] f=1156 P qp=16 bytes=818 avg=1152 kbps
[openvenc][rc] f=1157 P qp=16 bytes=752 avg=1152 kbps
[openvenc][rc] f=1158 P qp=16 bytes=739 avg=1151 kbps
[openvenc][rc] f=1159 P qp=16 bytes=725 avg=1150 kbps
[openvenc][rc] f=1160 P qp=16 bytes=732 avg=1150 kbps
[openvenc][rc] f=1161 P qp=16 bytes=713 avg=1149 kbps
[openvenc][rc] f=1162 P qp=16 bytes=707 avg=1148 kbps
[openvenc][rc] f=1163 P qp=16 bytes=715 avg=1148 kbps
[openvenc][rc] f=1164 P qp=16 bytes=719 avg=1147 kbps
[openvenc][rc] f=1165 P qp=16 bytes=714 avg=1146 kbps
[openvenc][rc] f=1166 P qp=16 bytes=719 avg=1145 kbps
[openvenc][rc] f=1167 P qp=16 bytes=715 avg=1145 kbps
[openvenc][rc] f=1168 P qp=16 bytes=717 avg=1144 kbps
[openvenc][rc] f=1169 P qp=16 bytes=704 avg=1143 kbps
[openvenc][rc] f=1170 P qp=16 bytes=718 avg=1143 kbps
[openvenc][rc] f=1171 P qp=16 bytes=714 avg=1142 kbps
[openvenc][rc] f=1172 P qp=16 bytes=719 avg=1141 kbps
[openvenc][rc] f=1173 P qp=16 bytes=715 avg=1141 kbps
[openvenc][rc] f=1174 P qp=16 bytes=717 avg=1140 kbps
[openvenc][rc] f=1175 P qp=16 bytes=713 avg=1139 kbps
[openvenc][rc] f=1176 P qp=16 bytes=707 avg=1139 kbps
[openvenc][rc] f=1177 P qp=16 bytes=704 avg=1138 kbps
[openvenc][rc] f=1178 P qp=16 bytes=707 avg=1137 kbps
[openvenc][rc] f=1179 P qp=16 bytes=704 avg=1137 kbps
[openvenc][rc] f=1180 P qp=16 bytes=707 avg=1136 kbps
[openvenc][rc] f=1181 P qp=16 bytes=704 avg=1135 kbps
[openvenc][rc] f=1182 P qp=16 bytes=707 avg=1134 kbps
[openvenc][rc] f=1183 P qp=16 bytes=704 avg=1134 kbps
[openvenc][rc] f=1184 P qp=16 bytes=707 avg=1133 kbps
[openvenc][rc] f=1185 P qp=16 bytes=704 avg=1132 kbps
[openvenc][rc] f=1186 P qp=16 bytes=707 avg=1132 kbps
[openvenc][rc] f=1187 P qp=16 bytes=704 avg=1131 kbps
[openvenc][rc] f=1188 P qp=16 bytes=707 avg=1130 kbps
[openvenc][rc] f=1189 P qp=16 bytes=704 avg=1130 kbps
[openvenc][rc] f=1190 P qp=16 bytes=707 avg=1129 kbps
[openvenc][rc] f=1191 P qp=16 bytes=704 avg=1128 kbps
[openvenc][rc] f=1192 P qp=16 bytes=707 avg=1128 kbps
[openvenc][rc] f=1193 P qp=16 bytes=704 avg=1127 kbps
[openvenc][rc] f=1194 P qp=16 bytes=707 avg=1126 kbps
[openvenc][rc] f=1195 P qp=16 bytes=704 avg=1126 kbps
[openvenc][rc] f=1196 P qp=16 bytes=707 avg=1125 kbps
[openvenc][rc] f=1197 P qp=16 bytes=704 avg=1124 kbps
[openvenc][rc] f=1198 P qp=16 bytes=707 avg=1124 kbps
[openvenc][rc] f=1199 P qp=16 bytes=704 avg=1123 kbps
[openvenc][rc] f=1200 IDR qp=16 bytes=69517 avg=1149 kbps
[openvenc][rc] f=1201 P qp=19 bytes=1953 avg=1149 kbps
[openvenc][rc] f=1202 P qp=18 bytes=1334 avg=1149 kbps
[openvenc][rc] f=1203 P qp=17 bytes=1803 avg=1149 kbps
[openvenc][rc] f=1204 P qp=16 bytes=1943 avg=1148 kbps
[openvenc][rc] f=1205 P qp=16 bytes=935 avg=1148 kbps
[openvenc][rc] f=1206 P qp=16 bytes=818 avg=1147 kbps
[openvenc][rc] f=1207 P qp=16 bytes=752 avg=1147 kbps
[openvenc][rc] f=1208 P qp=16 bytes=739 avg=1146 kbps
[openvenc][rc] f=1209 P qp=16 bytes=725 avg=1145 kbps
[openvenc][rc] f=1210 P qp=16 bytes=732 avg=1145 kbps
[openvenc][rc] f=1211 P qp=16 bytes=713 avg=1144 kbps
[openvenc][rc] f=1212 P qp=16 bytes=707 avg=1143 kbps
[openvenc][rc] f=1213 P qp=16 bytes=715 avg=1143 kbps
[openvenc][rc] f=1214 P qp=16 bytes=719 avg=1142 kbps
[openvenc][rc] f=1215 P qp=16 bytes=714 avg=1141 kbps
[openvenc][rc] f=1216 P qp=16 bytes=719 avg=1141 kbps
[openvenc][rc] f=1217 P qp=16 bytes=715 avg=1140 kbps
[openvenc][rc] f=1218 P qp=16 bytes=717 avg=1139 kbps
[openvenc][rc] f=1219 P qp=16 bytes=704 avg=1139 kbps
[openvenc][rc] f=1220 P qp=16 bytes=718 avg=1138 kbps
[openvenc][rc] f=1221 P qp=16 bytes=714 avg=1137 kbps
[openvenc][rc] f=1222 P qp=16 bytes=719 avg=1137 kbps
[openvenc][rc] f=1223 P qp=16 bytes=715 avg=1136 kbps
[openvenc][rc] f=1224 P qp=16 bytes=717 avg=1135 kbps
[openvenc][rc] f=1225 P qp=16 bytes=713 avg=1135 kbps
[openvenc][rc] f=1226 P qp=16 bytes=707 avg=1134 kbps
[openvenc][rc] f=1227 P qp=16 bytes=704 avg=1133 kbps
[openvenc][rc] f=1228 P qp=16 bytes=707 avg=1133 kbps
[openvenc][rc] f=1229 P qp=16 bytes=704 avg=1132 kbps
[openvenc][rc] f=1230 P qp=16 bytes=707 avg=1131 kbps
[openvenc][rc] f=1231 P qp=16 bytes=704 avg=1131 kbps
[openvenc][rc] f=1232 P qp=16 bytes=707 avg=1130 kbps
[openvenc][rc] f=1233 P qp=16 bytes=704 avg=1130 kbps
[openvenc][rc] f=1234 P qp=16 bytes=707 avg=1129 kbps
[openvenc][rc] f=1235 P qp=16 bytes=704 avg=1128 kbps
[openvenc][rc] f=1236 P qp=16 bytes=707 avg=1128 kbps
[openvenc][rc] f=1237 P qp=16 bytes=704 avg=1127 kbps
[openvenc][rc] f=1238 P qp=16 bytes=707 avg=1126 kbps
[openvenc][rc] f=1239 P qp=16 bytes=704 avg=1126 kbps
[openvenc][rc] f=1240 P qp=16 bytes=707 avg=1125 kbps
[openvenc][rc] f=1241 P qp=16 bytes=704 avg=1124 kbps
[openvenc][rc] f=1242 P qp=16 bytes=707 avg=1124 kbps
[openvenc][rc] f=1243 P qp=16 bytes=704 avg=1123 kbps
[openvenc][rc] f=1244 P qp=16 bytes=707 avg=1122 kbps
[openvenc][rc] f=1245 P qp=16 bytes=704 avg=1122 kbps
[openvenc][rc] f=1246 P qp=16 bytes=707 avg=1121 kbps
[openvenc][rc] f=1247 P qp=16 bytes=704 avg=1121 kbps
[openvenc][rc] f=1248 P qp=16 bytes=707 avg=1120 kbps
[openvenc][rc] f=1249 P qp=16 bytes=704 avg=1119 kbps
[openvenc][rc] f=1250 IDR qp=16 bytes=69517 avg=1145 kbps
[openvenc][rc] f=1251 P qp=19 bytes=1953 avg=1144 kbps
[openvenc][rc] f=1252 P qp=18 bytes=1334 avg=1144 kbps
[openvenc][rc] f=1253 P qp=17 bytes=1803 avg=1144 kbps
[openvenc][rc] f=1254 P qp=16 bytes=1943 avg=1144 kbps
[openvenc][rc] f=1255 P qp=16 bytes=935 avg=1143 kbps
[openvenc][rc] f=1256 P qp=16 bytes=818 avg=1142 kbps
[openvenc][rc] f=1257 P qp=16 bytes=752 avg=1142 kbps
[openvenc][rc] f=1258 P qp=16 bytes=739 avg=1141 kbps
[openvenc][rc] f=1259 P qp=16 bytes=725 avg=1141 kbps
[openvenc][rc] f=1260 P qp=16 bytes=732 avg=1140 kbps
[openvenc][rc] f=1261 P qp=16 bytes=713 avg=1139 kbps
[openvenc][rc] f=1262 P qp=16 bytes=707 avg=1139 kbps
[openvenc][rc] f=1263 P qp=16 bytes=715 avg=1138 kbps
[openvenc][rc] f=1264 P qp=16 bytes=719 avg=1137 kbps
[openvenc][rc] f=1265 P qp=16 bytes=714 avg=1137 kbps
[openvenc][rc] f=1266 P qp=16 bytes=719 avg=1136 kbps
[openvenc][rc] f=1267 P qp=16 bytes=715 avg=1136 kbps
[openvenc][rc] f=1268 P qp=16 bytes=717 avg=1135 kbps
[openvenc][rc] f=1269 P qp=16 bytes=704 avg=1134 kbps
[openvenc][rc] f=1270 P qp=16 bytes=718 avg=1134 kbps
[openvenc][rc] f=1271 P qp=16 bytes=714 avg=1133 kbps
[openvenc][rc] f=1272 P qp=16 bytes=719 avg=1132 kbps
[openvenc][rc] f=1273 P qp=16 bytes=715 avg=1132 kbps
[openvenc][rc] f=1274 P qp=16 bytes=717 avg=1131 kbps
[openvenc][rc] f=1275 P qp=16 bytes=713 avg=1131 kbps
[openvenc][rc] f=1276 P qp=16 bytes=707 avg=1130 kbps
[openvenc][rc] f=1277 P qp=16 bytes=704 avg=1129 kbps
[openvenc][rc] f=1278 P qp=16 bytes=707 avg=1129 kbps
[openvenc][rc] f=1279 P qp=16 bytes=704 avg=1128 kbps
[openvenc][rc] f=1280 P qp=16 bytes=707 avg=1127 kbps
[openvenc][rc] f=1281 P qp=16 bytes=704 avg=1127 kbps
[openvenc][rc] f=1282 P qp=16 bytes=707 avg=1126 kbps
[openvenc][rc] f=1283 P qp=16 bytes=704 avg=1126 kbps
[openvenc][rc] f=1284 P qp=16 bytes=707 avg=1125 kbps
[openvenc][rc] f=1285 P qp=16 bytes=704 avg=1124 kbps
[openvenc][rc] f=1286 P qp=16 bytes=707 avg=1124 kbps
[openvenc][rc] f=1287 P qp=16 bytes=704 avg=1123 kbps
[openvenc][rc] f=1288 P qp=16 bytes=707 avg=1122 kbps
[openvenc][rc] f=1289 P qp=16 bytes=704 avg=1122 kbps
[openvenc][rc] f=1290 P qp=16 bytes=707 avg=1121 kbps
[openvenc][rc] f=1291 P qp=16 bytes=704 avg=1121 kbps
[openvenc][rc] f=1292 P qp=16 bytes=707 avg=1120 kbps
[openvenc][rc] f=1293 P qp=16 bytes=704 avg=1119 kbps
[openvenc][rc] f=1294 P qp=16 bytes=707 avg=1119 kbps
[openvenc][rc] f=1295 P qp=16 bytes=704 avg=1118 kbps
[openvenc][rc] f=1296 P qp=16 bytes=707 avg=1118 kbps
[openvenc][rc] f=1297 P qp=16 bytes=704 avg=1117 kbps
[openvenc][rc] f=1298 P qp=16 bytes=707 avg=1116 kbps
[openvenc][rc] f=1299 P qp=16 bytes=704 avg=1116 kbps
[openvenc][rc] f=1300 IDR qp=16 bytes=69517 avg=1140 kbps
[openvenc][rc] f=1301 P qp=19 bytes=1953 avg=1140 kbps
[openvenc][rc] f=1302 P qp=18 bytes=1334 avg=1140 kbps
[openvenc][rc] f=1303 P qp=17 bytes=1803 avg=1139 kbps
[openvenc][rc] f=1304 P qp=16 bytes=1943 avg=1139 kbps
[openvenc][rc] f=1305 P qp=16 bytes=935 avg=1139 kbps
[openvenc][rc] f=1306 P qp=16 bytes=818 avg=1138 kbps
[openvenc][rc] f=1307 P qp=16 bytes=752 avg=1138 kbps
[openvenc][rc] f=1308 P qp=16 bytes=739 avg=1137 kbps
[openvenc][rc] f=1309 P qp=16 bytes=725 avg=1136 kbps
[openvenc][rc] f=1310 P qp=16 bytes=732 avg=1136 kbps
[openvenc][rc] f=1311 P qp=16 bytes=713 avg=1135 kbps
[openvenc][rc] f=1312 P qp=16 bytes=707 avg=1134 kbps
[openvenc][rc] f=1313 P qp=16 bytes=715 avg=1134 kbps
[openvenc][rc] f=1314 P qp=16 bytes=719 avg=1133 kbps
[openvenc][rc] f=1315 P qp=16 bytes=714 avg=1133 kbps
[openvenc][rc] f=1316 P qp=16 bytes=719 avg=1132 kbps
[openvenc][rc] f=1317 P qp=16 bytes=715 avg=1131 kbps
[openvenc][rc] f=1318 P qp=16 bytes=717 avg=1131 kbps
[openvenc][rc] f=1319 P qp=16 bytes=704 avg=1130 kbps
[openvenc][rc] f=1320 P qp=16 bytes=718 avg=1130 kbps
[openvenc][rc] f=1321 P qp=16 bytes=714 avg=1129 kbps
[openvenc][rc] f=1322 P qp=16 bytes=719 avg=1128 kbps
[openvenc][rc] f=1323 P qp=16 bytes=715 avg=1128 kbps
[openvenc][rc] f=1324 P qp=16 bytes=717 avg=1127 kbps
[openvenc][rc] f=1325 P qp=16 bytes=713 avg=1127 kbps
[openvenc][rc] f=1326 P qp=16 bytes=707 avg=1126 kbps
[openvenc][rc] f=1327 P qp=16 bytes=704 avg=1125 kbps
[openvenc][rc] f=1328 P qp=16 bytes=707 avg=1125 kbps
[openvenc][rc] f=1329 P qp=16 bytes=704 avg=1124 kbps
[openvenc][rc] f=1330 P qp=16 bytes=707 avg=1124 kbps
[openvenc][rc] f=1331 P qp=16 bytes=704 avg=1123 kbps
[openvenc][rc] f=1332 P qp=16 bytes=707 avg=1122 kbps
[openvenc][rc] f=1333 P qp=16 bytes=704 avg=1122 kbps
[openvenc][rc] f=1334 P qp=16 bytes=707 avg=1121 kbps
[openvenc][rc] f=1335 P qp=16 bytes=704 avg=1121 kbps
[openvenc][rc] f=1336 P qp=16 bytes=707 avg=1120 kbps
[openvenc][rc] f=1337 P qp=16 bytes=704 avg=1120 kbps
[openvenc][rc] f=1338 P qp=16 bytes=707 avg=1119 kbps
[openvenc][rc] f=1339 P qp=16 bytes=704 avg=1118 kbps
[openvenc][rc] f=1340 P qp=16 bytes=707 avg=1118 kbps
[openvenc][rc] f=1341 P qp=16 bytes=704 avg=1117 kbps
[openvenc][rc] f=1342 P qp=16 bytes=707 avg=1117 kbps
[openvenc][rc] f=1343 P qp=16 bytes=704 avg=1116 kbps
[openvenc][rc] f=1344 P qp=16 bytes=707 avg=1115 kbps
[openvenc][rc] f=1345 P qp=16 bytes=704 avg=1115 kbps
[openvenc][rc] f=1346 P qp=16 bytes=707 avg=1114 kbps
[openvenc][rc] f=1347 P qp=16 bytes=704 avg=1114 kbps
[openvenc][rc] f=1348 P qp=16 bytes=707 avg=1113 kbps
[openvenc][rc] f=1349 P qp=16 bytes=704 avg=1113 kbps
[openvenc][rc] f=1350 IDR qp=16 bytes=69517 avg=1136 kbps
[openvenc][rc] f=1351 P qp=19 bytes=1953 avg=1136 kbps
[openvenc][rc] f=1352 P qp=18 bytes=1334 avg=1135 kbps
[openvenc][rc] f=1353 P qp=17 bytes=1803 avg=1135 kbps
[openvenc][rc] f=1354 P qp=16 bytes=1943 avg=1135 kbps
[openvenc][rc] f=1355 P qp=16 bytes=935 avg=1135 kbps
[openvenc][rc] f=1356 P qp=16 bytes=818 avg=1134 kbps
[openvenc][rc] f=1357 P qp=16 bytes=752 avg=1133 kbps
[openvenc][rc] f=1358 P qp=16 bytes=739 avg=1133 kbps
[openvenc][rc] f=1359 P qp=16 bytes=725 avg=1132 kbps
[openvenc][rc] f=1360 P qp=16 bytes=732 avg=1132 kbps
[openvenc][rc] f=1361 P qp=16 bytes=713 avg=1131 kbps
[openvenc][rc] f=1362 P qp=16 bytes=707 avg=1131 kbps
[openvenc][rc] f=1363 P qp=16 bytes=715 avg=1130 kbps
[openvenc][rc] f=1364 P qp=16 bytes=719 avg=1129 kbps
[openvenc][rc] f=1365 P qp=16 bytes=714 avg=1129 kbps
[openvenc][rc] f=1366 P qp=16 bytes=719 avg=1128 kbps
[openvenc][rc] f=1367 P qp=16 bytes=715 avg=1128 kbps
[openvenc][rc] f=1368 P qp=16 bytes=717 avg=1127 kbps
[openvenc][rc] f=1369 P qp=16 bytes=704 avg=1127 kbps
[openvenc][rc] f=1370 P qp=16 bytes=718 avg=1126 kbps
[openvenc][rc] f=1371 P qp=16 bytes=714 avg=1125 kbps
[openvenc][rc] f=1372 P qp=16 bytes=719 avg=1125 kbps
[openvenc][rc] f=1373 P qp=16 bytes=715 avg=1124 kbps
[openvenc][rc] f=1374 P qp=16 bytes=717 avg=1124 kbps
[openvenc][rc] f=1375 P qp=16 bytes=713 avg=1123 kbps
[openvenc][rc] f=1376 P qp=16 bytes=707 avg=1123 kbps
[openvenc][rc] f=1377 P qp=16 bytes=704 avg=1122 kbps
[openvenc][rc] f=1378 P qp=16 bytes=707 avg=1121 kbps
[openvenc][rc] f=1379 P qp=16 bytes=704 avg=1121 kbps
[openvenc][rc] f=1380 P qp=16 bytes=707 avg=1120 kbps
[openvenc][rc] f=1381 P qp=16 bytes=704 avg=1120 kbps
[openvenc][rc] f=1382 P qp=16 bytes=707 avg=1119 kbps
[openvenc][rc] f=1383 P qp=16 bytes=704 avg=1119 kbps
[openvenc][rc] f=1384 P qp=16 bytes=707 avg=1118 kbps
[openvenc][rc] f=1385 P qp=16 bytes=704 avg=1117 kbps
[openvenc][rc] f=1386 P qp=16 bytes=707 avg=1117 kbps
[openvenc][rc] f=1387 P qp=16 bytes=704 avg=1116 kbps
[openvenc][rc] f=1388 P qp=16 bytes=707 avg=1116 kbps
[openvenc][rc] f=1389 P qp=16 bytes=704 avg=1115 kbps
[openvenc][rc] f=1390 P qp=16 bytes=707 avg=1115 kbps
[openvenc][rc] f=1391 P qp=16 bytes=704 avg=1114 kbps
[openvenc][rc] f=1392 P qp=16 bytes=707 avg=1113 kbps
[openvenc][rc] f=1393 P qp=16 bytes=704 avg=1113 kbps
[openvenc][rc] f=1394 P qp=16 bytes=707 avg=1112 kbps
[openvenc][rc] f=1395 P qp=16 bytes=704 avg=1112 kbps
[openvenc][rc] f=1396 P qp=16 bytes=707 avg=1111 kbps
[openvenc][rc] f=1397 P qp=16 bytes=704 avg=1111 kbps
[openvenc][rc] f=1398 P qp=16 bytes=707 avg=1110 kbps
[openvenc][rc] f=1399 P qp=16 bytes=704 avg=1110 kbps
[openvenc][rc] f=1400 IDR qp=16 bytes=69517 avg=1132 kbps
[openvenc][rc] f=1401 P qp=19 bytes=1953 avg=1132 kbps
[openvenc][rc] f=1402 P qp=18 bytes=1334 avg=1132 kbps
[openvenc][rc] f=1403 P qp=17 bytes=1803 avg=1131 kbps
[openvenc][rc] f=1404 P qp=16 bytes=1943 avg=1131 kbps
[openvenc][rc] f=1405 P qp=16 bytes=935 avg=1131 kbps
[openvenc][rc] f=1406 P qp=16 bytes=818 avg=1130 kbps
[openvenc][rc] f=1407 P qp=16 bytes=752 avg=1130 kbps
[openvenc][rc] f=1408 P qp=16 bytes=739 avg=1129 kbps
[openvenc][rc] f=1409 P qp=16 bytes=725 avg=1129 kbps
[openvenc][rc] f=1410 P qp=16 bytes=732 avg=1128 kbps
[openvenc][rc] f=1411 P qp=16 bytes=713 avg=1127 kbps
[openvenc][rc] f=1412 P qp=16 bytes=707 avg=1127 kbps
[openvenc][rc] f=1413 P qp=16 bytes=715 avg=1126 kbps
[openvenc][rc] f=1414 P qp=16 bytes=719 avg=1126 kbps
[openvenc][rc] f=1415 P qp=16 bytes=714 avg=1125 kbps
[openvenc][rc] f=1416 P qp=16 bytes=719 avg=1125 kbps
[openvenc][rc] f=1417 P qp=16 bytes=715 avg=1124 kbps
[openvenc][rc] f=1418 P qp=16 bytes=717 avg=1124 kbps
[openvenc][rc] f=1419 P qp=16 bytes=704 avg=1123 kbps
[openvenc][rc] f=1420 P qp=16 bytes=718 avg=1122 kbps
[openvenc][rc] f=1421 P qp=16 bytes=714 avg=1122 kbps
[openvenc][rc] f=1422 P qp=16 bytes=719 avg=1121 kbps
[openvenc][rc] f=1423 P qp=16 bytes=715 avg=1121 kbps
[openvenc][rc] f=1424 P qp=16 bytes=717 avg=1120 kbps
[openvenc][rc] f=1425 P qp=16 bytes=713 avg=1120 kbps
[openvenc][rc] f=1426 P qp=16 bytes=707 avg=1119 kbps
[openvenc][rc] f=1427 P qp=16 bytes=704 avg=1119 kbps
[openvenc][rc] f=1428 P qp=16 bytes=707 avg=1118 kbps
[openvenc][rc] f=1429 P qp=16 bytes=704 avg=1118 kbps
[openvenc][rc] f=1430 P qp=16 bytes=707 avg=1117 kbps
[openvenc][rc] f=1431 P qp=16 bytes=704 avg=1116 kbps
[openvenc][rc] f=1432 P qp=16 bytes=707 avg=1116 kbps
[openvenc][rc] f=1433 P qp=16 bytes=704 avg=1115 kbps
[openvenc][rc] f=1434 P qp=16 bytes=707 avg=1115 kbps
[openvenc][rc] f=1435 P qp=16 bytes=704 avg=1114 kbps
[openvenc][rc] f=1436 P qp=16 bytes=707 avg=1114 kbps
[openvenc][rc] f=1437 P qp=16 bytes=704 avg=1113 kbps
[openvenc][rc] f=1438 P qp=16 bytes=707 avg=1113 kbps
[openvenc][rc] f=1439 P qp=16 bytes=704 avg=1112 kbps
[openvenc][rc] f=1440 P qp=16 bytes=707 avg=1112 kbps
[openvenc][rc] f=1441 P qp=16 bytes=704 avg=1111 kbps
[openvenc][rc] f=1442 P qp=16 bytes=707 avg=1110 kbps
[openvenc][rc] f=1443 P qp=16 bytes=704 avg=1110 kbps
[openvenc][rc] f=1444 P qp=16 bytes=707 avg=1109 kbps
[openvenc][rc] f=1445 P qp=16 bytes=704 avg=1109 kbps
[openvenc][rc] f=1446 P qp=16 bytes=707 avg=1108 kbps
[openvenc][rc] f=1447 P qp=16 bytes=704 avg=1108 kbps
[openvenc][rc] f=1448 P qp=16 bytes=707 avg=1107 kbps
[openvenc][rc] f=1449 P qp=16 bytes=704 avg=1107 kbps
[openvenc][rc] f=1450 IDR qp=16 bytes=69517 avg=1129 kbps
[openvenc][rc] f=1451 P qp=19 bytes=1953 avg=1128 kbps
[openvenc][rc] f=1452 P qp=18 bytes=1334 avg=1128 kbps
[openvenc][rc] f=1453 P qp=17 bytes=1803 avg=1128 kbps
[openvenc][rc] f=1454 P qp=16 bytes=1943 avg=1128 kbps
[openvenc][rc] f=1455 P qp=16 bytes=935 avg=1127 kbps
[openvenc][rc] f=1456 P qp=16 bytes=818 avg=1127 kbps
[openvenc][rc] f=1457 P qp=16 bytes=752 avg=1126 kbps
[openvenc][rc] f=1458 P qp=16 bytes=739 avg=1126 kbps
[openvenc][rc] f=1459 P qp=16 bytes=725 avg=1125 kbps
[openvenc][rc] f=1460 P qp=16 bytes=732 avg=1125 kbps
[openvenc][rc] f=1461 P qp=16 bytes=713 avg=1124 kbps
[openvenc][rc] f=1462 P qp=16 bytes=707 avg=1124 kbps
[openvenc][rc] f=1463 P qp=16 bytes=715 avg=1123 kbps
[openvenc][rc] f=1464 P qp=16 bytes=719 avg=1122 kbps
[openvenc][rc] f=1465 P qp=16 bytes=714 avg=1122 kbps
[openvenc][rc] f=1466 P qp=16 bytes=719 avg=1121 kbps
[openvenc][rc] f=1467 P qp=16 bytes=715 avg=1121 kbps
[openvenc][rc] f=1468 P qp=16 bytes=717 avg=1120 kbps
[openvenc][rc] f=1469 P qp=16 bytes=704 avg=1120 kbps
[openvenc][rc] f=1470 P qp=16 bytes=718 avg=1119 kbps
[openvenc][rc] f=1471 P qp=16 bytes=714 avg=1119 kbps
[openvenc][rc] f=1472 P qp=16 bytes=719 avg=1118 kbps
[openvenc][rc] f=1473 P qp=16 bytes=715 avg=1118 kbps
[openvenc][rc] f=1474 P qp=16 bytes=717 avg=1117 kbps
[openvenc][rc] f=1475 P qp=16 bytes=713 avg=1117 kbps
[openvenc][rc] f=1476 P qp=16 bytes=707 avg=1116 kbps
[openvenc][rc] f=1477 P qp=16 bytes=704 avg=1116 kbps
[openvenc][rc] f=1478 P qp=16 bytes=707 avg=1115 kbps
[openvenc][rc] f=1479 P qp=16 bytes=704 avg=1115 kbps
[openvenc][rc] f=1480 P qp=16 bytes=707 avg=1114 kbps
[openvenc][rc] f=1481 P qp=16 bytes=704 avg=1113 kbps
[openvenc][rc] f=1482 P qp=16 bytes=707 avg=1113 kbps
[openvenc][rc] f=1483 P qp=16 bytes=704 avg=1112 kbps
[openvenc][rc] f=1484 P qp=16 bytes=707 avg=1112 kbps
[openvenc][rc] f=1485 P qp=16 bytes=704 avg=1111 kbps
[openvenc][rc] f=1486 P qp=16 bytes=707 avg=1111 kbps
[openvenc][rc] f=1487 P qp=16 bytes=704 avg=1110 kbps
[openvenc][rc] f=1488 P qp=16 bytes=707 avg=1110 kbps
[openvenc][rc] f=1489 P qp=16 bytes=704 avg=1109 kbps
[openvenc][rc] f=1490 P qp=16 bytes=707 avg=1109 kbps
[openvenc][rc] f=1491 P qp=16 bytes=704 avg=1108 kbps
[openvenc][rc] f=1492 P qp=16 bytes=707 avg=1108 kbps
[openvenc][rc] f=1493 P qp=16 bytes=704 avg=1107 kbps
[openvenc][rc] f=1494 P qp=16 bytes=707 avg=1107 kbps
[openvenc][rc] f=1495 P qp=16 bytes=704 avg=1106 kbps
[openvenc][rc] f=1496 P qp=16 bytes=707 avg=1106 kbps
[openvenc][rc] f=1497 P qp=16 bytes=704 avg=1105 kbps
[openvenc][rc] f=1498 P qp=16 bytes=707 avg=1105 kbps
[openvenc][rc] f=1499 P qp=16 bytes=704 avg=1104 kbps
[openvenc][rc] f=1500 IDR qp=16 bytes=69517 avg=1125 kbps
[openvenc][rc] f=1501 P qp=19 bytes=1953 avg=1125 kbps
[openvenc][rc] f=1502 P qp=18 bytes=1334 avg=1125 kbps
[openvenc][rc] f=1503 P qp=17 bytes=1803 avg=1125 kbps
[openvenc][rc] f=1504 P qp=16 bytes=1943 avg=1124 kbps
[openvenc][rc] f=1505 P qp=16 bytes=935 avg=1124 kbps
[openvenc][rc] f=1506 P qp=16 bytes=818 avg=1123 kbps
[openvenc][rc] f=1507 P qp=16 bytes=752 avg=1123 kbps
[openvenc][rc] f=1508 P qp=16 bytes=739 avg=1122 kbps
[openvenc][rc] f=1509 P qp=16 bytes=725 avg=1122 kbps
[openvenc][rc] f=1510 P qp=16 bytes=732 avg=1121 kbps
[openvenc][rc] f=1511 P qp=16 bytes=713 avg=1121 kbps
[openvenc][rc] f=1512 P qp=16 bytes=707 avg=1120 kbps
[openvenc][rc] f=1513 P qp=16 bytes=715 avg=1120 kbps
[openvenc][rc] f=1514 P qp=16 bytes=719 avg=1119 kbps
[openvenc][rc] f=1515 P qp=16 bytes=714 avg=1119 kbps
[openvenc][rc] f=1516 P qp=16 bytes=719 avg=1118 kbps
[openvenc][rc] f=1517 P qp=16 bytes=715 avg=1118 kbps
[openvenc][rc] f=1518 P qp=16 bytes=717 avg=1117 kbps
[openvenc][rc] f=1519 P qp=16 bytes=704 avg=1117 kbps
[openvenc][rc] f=1520 P qp=16 bytes=718 avg=1116 kbps
[openvenc][rc] f=1521 P qp=16 bytes=714 avg=1116 kbps
[openvenc][rc] f=1522 P qp=16 bytes=719 avg=1115 kbps
[openvenc][rc] f=1523 P qp=16 bytes=715 avg=1115 kbps
[openvenc][rc] f=1524 P qp=16 bytes=717 avg=1114 kbps
[openvenc][rc] f=1525 P qp=16 bytes=713 avg=1114 kbps
[openvenc][rc] f=1526 P qp=16 bytes=707 avg=1113 kbps
[openvenc][rc] f=1527 P qp=16 bytes=704 avg=1113 kbps
[openvenc][rc] f=1528 P qp=16 bytes=707 avg=1112 kbps
[openvenc][rc] f=1529 P qp=16 bytes=704 avg=1112 kbps
[openvenc][rc] f=1530 P qp=16 bytes=707 avg=1111 kbps
[openvenc][rc] f=1531 P qp=16 bytes=704 avg=1111 kbps
[openvenc][rc] f=1532 P qp=16 bytes=707 avg=1110 kbps
[openvenc][rc] f=1533 P qp=16 bytes=704 avg=1110 kbps
[openvenc][rc] f=1534 P qp=16 bytes=707 avg=1109 kbps
[openvenc][rc] f=1535 P qp=16 bytes=704 avg=1109 kbps
[openvenc][rc] f=1536 P qp=16 bytes=707 avg=1108 kbps
[openvenc][rc] f=1537 P qp=16 bytes=704 avg=1108 kbps
[openvenc][rc] f=1538 P qp=16 bytes=707 avg=1107 kbps
[openvenc][rc] f=1539 P qp=16 bytes=704 avg=1107 kbps
[openvenc][rc] f=1540 P qp=16 bytes=707 avg=1106 kbps
[openvenc][rc] f=1541 P qp=16 bytes=704 avg=1106 kbps
[openvenc][rc] f=1542 P qp=16 bytes=707 avg=1105 kbps
[openvenc][rc] f=1543 P qp=16 bytes=704 avg=1105 kbps
[openvenc][rc] f=1544 P qp=16 bytes=707 avg=1104 kbps
[openvenc][rc] f=1545 P qp=16 bytes=704 avg=1104 kbps
[openvenc][rc] f=1546 P qp=16 bytes=707 avg=1103 kbps
[openvenc][rc] f=1547 P qp=16 bytes=704 avg=1103 kbps
[openvenc][rc] f=1548 P qp=16 bytes=707 avg=1102 kbps
[openvenc][rc] f=1549 P qp=16 bytes=704 avg=1102 kbps
[openvenc][rc] f=1550 IDR qp=16 bytes=69517 avg=1122 kbps
[openvenc][rc] f=1551 P qp=19 bytes=1953 avg=1122 kbps
[openvenc][rc] f=1552 P qp=18 bytes=1334 avg=1122 kbps
[openvenc][rc] f=1553 P qp=17 bytes=1803 avg=1121 kbps
[openvenc][rc] f=1554 P qp=16 bytes=1943 avg=1121 kbps
[openvenc][rc] f=1555 P qp=16 bytes=935 avg=1121 kbps
[openvenc][rc] f=1556 P qp=16 bytes=818 avg=1120 kbps
[openvenc][rc] f=1557 P qp=16 bytes=752 avg=1120 kbps
[openvenc][rc] f=1558 P qp=16 bytes=739 avg=1119 kbps
[openvenc][rc] f=1559 P qp=16 bytes=725 avg=1119 kbps
[openvenc][rc] f=1560 P qp=16 bytes=732 avg=1118 kbps
[openvenc][rc] f=1561 P qp=16 bytes=713 avg=1118 kbps
[openvenc][rc] f=1562 P qp=16 bytes=707 avg=1117 kbps
[openvenc][rc] f=1563 P qp=16 bytes=715 avg=1117 kbps
[openvenc][rc] f=1564 P qp=16 bytes=719 avg=1116 kbps
[openvenc][rc] f=1565 P qp=16 bytes=714 avg=1116 kbps
[openvenc][rc] f=1566 P qp=16 bytes=719 avg=1115 kbps
[openvenc][rc] f=1567 P qp=16 bytes=715 avg=1115 kbps
[openvenc][rc] f=1568 P qp=16 bytes=717 avg=1114 kbps
[openvenc][rc] f=1569 P qp=16 bytes=704 avg=1114 kbps
[openvenc][rc] f=1570 P qp=16 bytes=718 avg=1113 kbps
[openvenc][rc] f=1571 P qp=16 bytes=714 avg=1113 kbps
[openvenc][rc] f=1572 P qp=16 bytes=719 avg=1112 kbps
[openvenc][rc] f=1573 P qp=16 bytes=715 avg=1112 kbps
[openvenc][rc] f=1574 P qp=16 bytes=717 avg=1112 kbps
[openvenc][rc] f=1575 P qp=16 bytes=713 avg=1111 kbps
[openvenc][rc] f=1576 P qp=16 bytes=707 avg=1111 kbps
[openvenc][rc] f=1577 P qp=16 bytes=704 avg=1110 kbps
[openvenc][rc] f=1578 P qp=16 bytes=707 avg=1110 kbps
[openvenc][rc] f=1579 P qp=16 bytes=704 avg=1109 kbps
[openvenc][rc] f=1580 P qp=16 bytes=707 avg=1109 kbps
[openvenc][rc] f=1581 P qp=16 bytes=704 avg=1108 kbps
[openvenc][rc] f=1582 P qp=16 bytes=707 avg=1108 kbps
[openvenc][rc] f=1583 P qp=16 bytes=704 avg=1107 kbps
[openvenc][rc] f=1584 P qp=16 bytes=707 avg=1107 kbps
[openvenc][rc] f=1585 P qp=16 bytes=704 avg=1106 kbps
[openvenc][rc] f=1586 P qp=16 bytes=707 avg=1106 kbps
[openvenc][rc] f=1587 P qp=16 bytes=704 avg=1105 kbps
[openvenc][rc] f=1588 P qp=16 bytes=707 avg=1105 kbps
[openvenc][rc] f=1589 P qp=16 bytes=704 avg=1104 kbps
[openvenc][rc] f=1590 P qp=16 bytes=707 avg=1104 kbps
[openvenc][rc] f=1591 P qp=16 bytes=704 avg=1103 kbps
[openvenc][rc] f=1592 P qp=16 bytes=707 avg=1103 kbps
[openvenc][rc] f=1593 P qp=16 bytes=704 avg=1102 kbps
[openvenc][rc] f=1594 P qp=16 bytes=707 avg=1102 kbps
[openvenc][rc] f=1595 P qp=16 bytes=704 avg=1101 kbps
[openvenc][rc] f=1596 P qp=16 bytes=707 avg=1101 kbps
[openvenc][rc] f=1597 P qp=16 bytes=704 avg=1100 kbps
[openvenc][rc] f=1598 P qp=16 bytes=707 avg=1100 kbps
[openvenc][rc] f=1599 P qp=16 bytes=704 avg=1099 kbps
[openvenc][rc] f=1600 IDR qp=16 bytes=69517 avg=1119 kbps
[openvenc][rc] f=1601 P qp=19 bytes=1953 avg=1119 kbps
[openvenc][rc] f=1602 P qp=18 bytes=1334 avg=1119 kbps
[openvenc][rc] f=1603 P qp=17 bytes=1803 avg=1119 kbps
[openvenc][rc] f=1604 P qp=16 bytes=1943 avg=1118 kbps
[openvenc][rc] f=1605 P qp=16 bytes=935 avg=1118 kbps
[openvenc][rc] f=1606 P qp=16 bytes=818 avg=1118 kbps
[openvenc][rc] f=1607 P qp=16 bytes=752 avg=1117 kbps
[openvenc][rc] f=1608 P qp=16 bytes=739 avg=1117 kbps
[openvenc][rc] f=1609 P qp=16 bytes=725 avg=1116 kbps
[openvenc][rc] f=1610 P qp=16 bytes=732 avg=1116 kbps
[openvenc][rc] f=1611 P qp=16 bytes=713 avg=1115 kbps
[openvenc][rc] f=1612 P qp=16 bytes=707 avg=1115 kbps
[openvenc][rc] f=1613 P qp=16 bytes=715 avg=1114 kbps
[openvenc][rc] f=1614 P qp=16 bytes=719 avg=1114 kbps
[openvenc][rc] f=1615 P qp=16 bytes=714 avg=1113 kbps
[openvenc][rc] f=1616 P qp=16 bytes=719 avg=1113 kbps
[openvenc][rc] f=1617 P qp=16 bytes=715 avg=1112 kbps
[openvenc][rc] f=1618 P qp=16 bytes=717 avg=1112 kbps
[openvenc][rc] f=1619 P qp=16 bytes=704 avg=1111 kbps
[openvenc][rc] f=1620 P qp=16 bytes=718 avg=1111 kbps
[openvenc][rc] f=1621 P qp=16 bytes=714 avg=1110 kbps
[openvenc][rc] f=1622 P qp=16 bytes=719 avg=1110 kbps
[openvenc][rc] f=1623 P qp=16 bytes=715 avg=1109 kbps
[openvenc][rc] f=1624 P qp=16 bytes=717 avg=1109 kbps
[openvenc][rc] f=1625 P qp=16 bytes=713 avg=1108 kbps
[openvenc][rc] f=1626 P qp=16 bytes=707 avg=1108 kbps
[openvenc][rc] f=1627 P qp=16 bytes=704 avg=1108 kbps
[openvenc][rc] f=1628 P qp=16 bytes=707 avg=1107 kbps
[openvenc][rc] f=1629 P qp=16 bytes=704 avg=1107 kbps
[openvenc][rc] f=1630 P qp=16 bytes=707 avg=1106 kbps
[openvenc][rc] f=1631 P qp=16 bytes=704 avg=1106 kbps
[openvenc][rc] f=1632 P qp=16 bytes=707 avg=1105 kbps
[openvenc][rc] f=1633 P qp=16 bytes=704 avg=1105 kbps
[openvenc][rc] f=1634 P qp=16 bytes=707 avg=1104 kbps
[openvenc][rc] f=1635 P qp=16 bytes=704 avg=1104 kbps
[openvenc][rc] f=1636 P qp=16 bytes=707 avg=1103 kbps
[openvenc][rc] f=1637 P qp=16 bytes=704 avg=1103 kbps
[openvenc][rc] f=1638 P qp=16 bytes=707 avg=1102 kbps
[openvenc][rc] f=1639 P qp=16 bytes=704 avg=1102 kbps
[openvenc][rc] f=1640 P qp=16 bytes=707 avg=1101 kbps
[openvenc][rc] f=1641 P qp=16 bytes=704 avg=1101 kbps
[openvenc][rc] f=1642 P qp=16 bytes=707 avg=1100 kbps
[openvenc][rc] f=1643 P qp=16 bytes=704 avg=1100 kbps
[openvenc][rc] f=1644 P qp=16 bytes=707 avg=1100 kbps
[openvenc][rc] f=1645 P qp=16 bytes=704 avg=1099 kbps
[openvenc][rc] f=1646 P qp=16 bytes=707 avg=1099 kbps
[openvenc][rc] f=1647 P qp=16 bytes=704 avg=1098 kbps
[openvenc][rc] f=1648 P qp=16 bytes=707 avg=1098 kbps
[openvenc][rc] f=1649 P qp=16 bytes=704 avg=1097 kbps
[openvenc][rc] f=1650 IDR qp=16 bytes=69517 avg=1116 kbps
[openvenc][rc] f=1651 P qp=19 bytes=1953 avg=1116 kbps
[openvenc][rc] f=1652 P qp=18 bytes=1334 avg=1116 kbps
[openvenc][rc] f=1653 P qp=17 bytes=1803 avg=1116 kbps
[openvenc][rc] f=1654 P qp=16 bytes=1943 avg=1116 kbps
[openvenc][rc] f=1655 P qp=16 bytes=935 avg=1115 kbps
[openvenc][rc] f=1656 P qp=16 bytes=818 avg=1115 kbps
[openvenc][rc] f=1657 P qp=16 bytes=752 avg=1114 kbps
[openvenc][rc] f=1658 P qp=16 bytes=739 avg=1114 kbps
[openvenc][rc] f=1659 P qp=16 bytes=725 avg=1113 kbps
[openvenc][rc] f=1660 P qp=16 bytes=732 avg=1113 kbps
[openvenc][rc] f=1661 P qp=16 bytes=713 avg=1113 kbps
[openvenc][rc] f=1662 P qp=16 bytes=707 avg=1112 kbps
[openvenc][rc] f=1663 P qp=16 bytes=715 avg=1112 kbps
[openvenc][rc] f=1664 P qp=16 bytes=719 avg=1111 kbps
[openvenc][rc] f=1665 P qp=16 bytes=714 avg=1111 kbps
[openvenc][rc] f=1666 P qp=16 bytes=719 avg=1110 kbps
[openvenc][rc] f=1667 P qp=16 bytes=715 avg=1110 kbps
[openvenc][rc] f=1668 P qp=16 bytes=717 avg=1109 kbps
[openvenc][rc] f=1669 P qp=16 bytes=704 avg=1109 kbps
[openvenc][rc] f=1670 P qp=16 bytes=718 avg=1108 kbps
[openvenc][rc] f=1671 P qp=16 bytes=714 avg=1108 kbps
[openvenc][rc] f=1672 P qp=16 bytes=719 avg=1107 kbps
[openvenc][rc] f=1673 P qp=16 bytes=715 avg=1107 kbps
[openvenc][rc] f=1674 P qp=16 bytes=717 avg=1107 kbps
[openvenc][rc] f=1675 P qp=16 bytes=713 avg=1106 kbps
[openvenc][rc] f=1676 P qp=16 bytes=707 avg=1106 kbps
[openvenc][rc] f=1677 P qp=16 bytes=704 avg=1105 kbps
[openvenc][rc] f=1678 P qp=16 bytes=707 avg=1105 kbps
[openvenc][rc] f=1679 P qp=16 bytes=704 avg=1104 kbps
[openvenc][rc] f=1680 P qp=16 bytes=707 avg=1104 kbps
[openvenc][rc] f=1681 P qp=16 bytes=704 avg=1103 kbps
[openvenc][rc] f=1682 P qp=16 bytes=707 avg=1103 kbps
[openvenc][rc] f=1683 P qp=16 bytes=704 avg=1102 kbps
[openvenc][rc] f=1684 P qp=16 bytes=707 avg=1102 kbps
[openvenc][rc] f=1685 P qp=16 bytes=704 avg=1101 kbps
[openvenc][rc] f=1686 P qp=16 bytes=707 avg=1101 kbps
[openvenc][rc] f=1687 P qp=16 bytes=704 avg=1101 kbps
[openvenc][rc] f=1688 P qp=16 bytes=707 avg=1100 kbps
[openvenc][rc] f=1689 P qp=16 bytes=704 avg=1100 kbps
[openvenc][rc] f=1690 P qp=16 bytes=707 avg=1099 kbps
[openvenc][rc] f=1691 P qp=16 bytes=704 avg=1099 kbps
[openvenc][rc] f=1692 P qp=16 bytes=707 avg=1098 kbps
[openvenc][rc] f=1693 P qp=16 bytes=704 avg=1098 kbps
[openvenc][rc] f=1694 P qp=16 bytes=707 avg=1097 kbps
[openvenc][rc] f=1695 P qp=16 bytes=704 avg=1097 kbps
[openvenc][rc] f=1696 P qp=16 bytes=707 avg=1096 kbps
[openvenc][rc] f=1697 P qp=16 bytes=704 avg=1096 kbps
[openvenc][rc] f=1698 P qp=16 bytes=707 avg=1096 kbps
[openvenc][rc] f=1699 P qp=16 bytes=704 avg=1095 kbps
[openvenc][rc] f=1700 IDR qp=16 bytes=69517 avg=1114 kbps
[openvenc][rc] f=1701 P qp=19 bytes=1953 avg=1114 kbps
[openvenc][rc] f=1702 P qp=18 bytes=1334 avg=1113 kbps
[openvenc][rc] f=1703 P qp=17 bytes=1803 avg=1113 kbps
[openvenc][rc] f=1704 P qp=16 bytes=1943 avg=1113 kbps
[openvenc][rc] f=1705 P qp=16 bytes=935 avg=1113 kbps
[openvenc][rc] f=1706 P qp=16 bytes=818 avg=1112 kbps
[openvenc][rc] f=1707 P qp=16 bytes=752 avg=1112 kbps
[openvenc][rc] f=1708 P qp=16 bytes=739 avg=1111 kbps
[openvenc][rc] f=1709 P qp=16 bytes=725 avg=1111 kbps
[openvenc][rc] f=1710 P qp=16 bytes=732 avg=1111 kbps
[openvenc][rc] f=1711 P qp=16 bytes=713 avg=1110 kbps
[openvenc][rc] f=1712 P qp=16 bytes=707 avg=1110 kbps
[openvenc][rc] f=1713 P qp=16 bytes=715 avg=1109 kbps
[openvenc][rc] f=1714 P qp=16 bytes=719 avg=1109 kbps
[openvenc][rc] f=1715 P qp=16 bytes=714 avg=1108 kbps
[openvenc][rc] f=1716 P qp=16 bytes=719 avg=1108 kbps
[openvenc][rc] f=1717 P qp=16 bytes=715 avg=1107 kbps
[openvenc][rc] f=1718 P qp=16 bytes=717 avg=1107 kbps
[openvenc][rc] f=1719 P qp=16 bytes=704 avg=1106 kbps
[openvenc][rc] f=1720 P qp=16 bytes=718 avg=1106 kbps
[openvenc][rc] f=1721 P qp=16 bytes=714 avg=1106 kbps
[openvenc][rc] f=1722 P qp=16 bytes=719 avg=1105 kbps
[openvenc][rc] f=1723 P qp=16 bytes=715 avg=1105 kbps
[openvenc][rc] f=1724 P qp=16 bytes=717 avg=1104 kbps
[openvenc][rc] f=1725 P qp=16 bytes=713 avg=1104 kbps
[openvenc][rc] f=1726 P qp=16 bytes=707 avg=1103 kbps
[openvenc][rc] f=1727 P qp=16 bytes=704 avg=1103 kbps
[openvenc][rc] f=1728 P qp=16 bytes=707 avg=1102 kbps
[openvenc][rc] f=1729 P qp=16 bytes=704 avg=1102 kbps
[openvenc][rc] f=1730 P qp=16 bytes=707 avg=1102 kbps
[openvenc][rc] f=1731 P qp=16 bytes=704 avg=1101 kbps
[openvenc][rc] f=1732 P qp=16 bytes=707 avg=1101 kbps
[openvenc][rc] f=1733 P qp=16 bytes=704 avg=1100 kbps
[openvenc][rc] f=1734 P qp=16 bytes=707 avg=1100 kbps
[openvenc][rc] f=1735 P qp=16 bytes=704 avg=1099 kbps
[openvenc][rc] f=1736 P qp=16 bytes=707 avg=1099 kbps
[openvenc][rc] f=1737 P qp=16 bytes=704 avg=1098 kbps
[openvenc][rc] f=1738 P qp=16 bytes=707 avg=1098 kbps
[openvenc][rc] f=1739 P qp=16 bytes=704 avg=1098 kbps
[openvenc][rc] f=1740 P qp=16 bytes=707 avg=1097 kbps
[openvenc][rc] f=1741 P qp=16 bytes=704 avg=1097 kbps
[openvenc][rc] f=1742 P qp=16 bytes=707 avg=1096 kbps
[openvenc][rc] f=1743 P qp=16 bytes=704 avg=1096 kbps
[openvenc][rc] f=1744 P qp=16 bytes=707 avg=1095 kbps
[openvenc][rc] f=1745 P qp=16 bytes=704 avg=1095 kbps
[openvenc][rc] f=1746 P qp=16 bytes=707 avg=1095 kbps
[openvenc][rc] f=1747 P qp=16 bytes=704 avg=1094 kbps
[openvenc][rc] f=1748 P qp=16 bytes=707 avg=1094 kbps
[openvenc][rc] f=1749 P qp=16 bytes=704 avg=1093 kbps
[openvenc][rc] f=1750 IDR qp=16 bytes=69517 avg=1111 kbps
[openvenc][rc] f=1751 P qp=19 bytes=1953 avg=1111 kbps
[openvenc][rc] f=1752 P qp=18 bytes=1334 avg=1111 kbps
[openvenc][rc] f=1753 P qp=17 bytes=1803 avg=1111 kbps
[openvenc][rc] f=1754 P qp=16 bytes=1943 avg=1111 kbps
[openvenc][rc] f=1755 P qp=16 bytes=935 avg=1110 kbps
[openvenc][rc] f=1756 P qp=16 bytes=818 avg=1110 kbps
[openvenc][rc] f=1757 P qp=16 bytes=752 avg=1109 kbps
[openvenc][rc] f=1758 P qp=16 bytes=739 avg=1109 kbps
[openvenc][rc] f=1759 P qp=16 bytes=725 avg=1109 kbps
[openvenc][rc] f=1760 P qp=16 bytes=732 avg=1108 kbps
[openvenc][rc] f=1761 P qp=16 bytes=713 avg=1108 kbps
[openvenc][rc] f=1762 P qp=16 bytes=707 avg=1107 kbps
[openvenc][rc] f=1763 P qp=16 bytes=715 avg=1107 kbps
[openvenc][rc] f=1764 P qp=16 bytes=719 avg=1106 kbps
[openvenc][rc] f=1765 P qp=16 bytes=714 avg=1106 kbps
[openvenc][rc] f=1766 P qp=16 bytes=719 avg=1106 kbps
[openvenc][rc] f=1767 P qp=16 bytes=715 avg=1105 kbps
[openvenc][rc] f=1768 P qp=16 bytes=717 avg=1105 kbps
[openvenc][rc] f=1769 P qp=16 bytes=704 avg=1104 kbps
[openvenc][rc] f=1770 P qp=16 bytes=718 avg=1104 kbps
[openvenc][rc] f=1771 P qp=16 bytes=714 avg=1103 kbps
[openvenc][rc] f=1772 P qp=16 bytes=719 avg=1103 kbps
[openvenc][rc] f=1773 P qp=16 bytes=715 avg=1103 kbps
[openvenc][rc] f=1774 P qp=16 bytes=717 avg=1102 kbps
[openvenc][rc] f=1775 P qp=16 bytes=713 avg=1102 kbps
[openvenc][rc] f=1776 P qp=16 bytes=707 avg=1101 kbps
[openvenc][rc] f=1777 P qp=16 bytes=704 avg=1101 kbps
[openvenc][rc] f=1778 P qp=16 bytes=707 avg=1100 kbps
[openvenc][rc] f=1779 P qp=16 bytes=704 avg=1100 kbps
[openvenc][rc] f=1780 P qp=16 bytes=707 avg=1100 kbps
[openvenc][rc] f=1781 P qp=16 bytes=704 avg=1099 kbps
[openvenc][rc] f=1782 P qp=16 bytes=707 avg=1099 kbps
[openvenc][rc] f=1783 P qp=16 bytes=704 avg=1098 kbps
[openvenc][rc] f=1784 P qp=16 bytes=707 avg=1098 kbps
[openvenc][rc] f=1785 P qp=16 bytes=704 avg=1097 kbps
[openvenc][rc] f=1786 P qp=16 bytes=707 avg=1097 kbps
[openvenc][rc] f=1787 P qp=16 bytes=704 avg=1097 kbps
[openvenc][rc] f=1788 P qp=16 bytes=707 avg=1096 kbps
[openvenc][rc] f=1789 P qp=16 bytes=704 avg=1096 kbps
[openvenc][rc] f=1790 P qp=16 bytes=707 avg=1095 kbps
[openvenc][rc] f=1791 P qp=16 bytes=704 avg=1095 kbps
[openvenc][rc] f=1792 P qp=16 bytes=707 avg=1094 kbps
[openvenc][rc] f=1793 P qp=16 bytes=704 avg=1094 kbps
[openvenc][rc] f=1794 P qp=16 bytes=707 avg=1094 kbps
[openvenc][rc] f=1795 P qp=16 bytes=704 avg=1093 kbps
[openvenc][rc] f=1796 P qp=16 bytes=707 avg=1093 kbps
[openvenc][rc] f=1797 P qp=16 bytes=704 avg=1092 kbps
[openvenc][rc] f=1798 P qp=16 bytes=707 avg=1092 kbps
[openvenc][rc] f=1799 P qp=16 bytes=704 avg=1091 kbps
[openvenc][rc] f=1800 IDR qp=16 bytes=69517 avg=1109 kbps
[openvenc][rc] f=1801 P qp=19 bytes=1953 avg=1109 kbps
[openvenc][rc] f=1802 P qp=18 bytes=1334 avg=1109 kbps
[openvenc][rc] f=1803 P qp=17 bytes=1803 avg=1109 kbps
[openvenc][rc] f=1804 P qp=16 bytes=1943 avg=1108 kbps
[openvenc][rc] f=1805 P qp=16 bytes=935 avg=1108 kbps
[openvenc][rc] f=1806 P qp=16 bytes=818 avg=1108 kbps
[openvenc][rc] f=1807 P qp=16 bytes=752 avg=1107 kbps
[openvenc][rc] f=1808 P qp=16 bytes=739 avg=1107 kbps
[openvenc][rc] f=1809 P qp=16 bytes=725 avg=1106 kbps
[openvenc][rc] f=1810 P qp=16 bytes=732 avg=1106 kbps
[openvenc][rc] f=1811 P qp=16 bytes=713 avg=1106 kbps
[openvenc][rc] f=1812 P qp=16 bytes=707 avg=1105 kbps
[openvenc][rc] f=1813 P qp=16 bytes=715 avg=1105 kbps
[openvenc][rc] f=1814 P qp=16 bytes=719 avg=1104 kbps
[openvenc][rc] f=1815 P qp=16 bytes=714 avg=1104 kbps
[openvenc][rc] f=1816 P qp=16 bytes=719 avg=1103 kbps
[openvenc][rc] f=1817 P qp=16 bytes=715 avg=1103 kbps
[openvenc][rc] f=1818 P qp=16 bytes=717 avg=1103 kbps
[openvenc][rc] f=1819 P qp=16 bytes=704 avg=1102 kbps
[openvenc][rc] f=1820 P qp=16 bytes=718 avg=1102 kbps
[openvenc][rc] f=1821 P qp=16 bytes=714 avg=1101 kbps
[openvenc][rc] f=1822 P qp=16 bytes=719 avg=1101 kbps
[openvenc][rc] f=1823 P qp=16 bytes=715 avg=1100 kbps
[openvenc][rc] f=1824 P qp=16 bytes=717 avg=1100 kbps
[openvenc][rc] f=1825 P qp=16 bytes=713 avg=1100 kbps
[openvenc][rc] f=1826 P qp=16 bytes=707 avg=1099 kbps
[openvenc][rc] f=1827 P qp=16 bytes=704 avg=1099 kbps
[openvenc][rc] f=1828 P qp=16 bytes=707 avg=1098 kbps
[openvenc][rc] f=1829 P qp=16 bytes=704 avg=1098 kbps
[openvenc][rc] f=1830 P qp=16 bytes=707 avg=1098 kbps
[openvenc][rc] f=1831 P qp=16 bytes=704 avg=1097 kbps
[openvenc][rc] f=1832 P qp=16 bytes=707 avg=1097 kbps
[openvenc][rc] f=1833 P qp=16 bytes=704 avg=1096 kbps
[openvenc][rc] f=1834 P qp=16 bytes=707 avg=1096 kbps
[openvenc][rc] f=1835 P qp=16 bytes=704 avg=1095 kbps
[openvenc][rc] f=1836 P qp=16 bytes=707 avg=1095 kbps
[openvenc][rc] f=1837 P qp=16 bytes=704 avg=1095 kbps
[openvenc][rc] f=1838 P qp=16 bytes=707 avg=1094 kbps
[openvenc][rc] f=1839 P qp=16 bytes=704 avg=1094 kbps
[openvenc][rc] f=1840 P qp=16 bytes=707 avg=1093 kbps
[openvenc][rc] f=1841 P qp=16 bytes=704 avg=1093 kbps
[openvenc][rc] f=1842 P qp=16 bytes=707 avg=1093 kbps
[openvenc][rc] f=1843 P qp=16 bytes=704 avg=1092 kbps
[openvenc][rc] f=1844 P qp=16 bytes=707 avg=1092 kbps
[openvenc][rc] f=1845 P qp=16 bytes=704 avg=1091 kbps
[openvenc][rc] f=1846 P qp=16 bytes=707 avg=1091 kbps
[openvenc][rc] f=1847 P qp=16 bytes=704 avg=1091 kbps
[openvenc][rc] f=1848 P qp=16 bytes=707 avg=1090 kbps
[openvenc][rc] f=1849 P qp=16 bytes=704 avg=1090 kbps
[openvenc][rc] f=1850 IDR qp=16 bytes=69517 avg=1107 kbps
[openvenc][rc] f=1851 P qp=19 bytes=1953 avg=1107 kbps
[openvenc][rc] f=1852 P qp=18 bytes=1334 avg=1106 kbps
[openvenc][rc] f=1853 P qp=17 bytes=1803 avg=1106 kbps
[openvenc][rc] f=1854 P qp=16 bytes=1943 avg=1106 kbps
[openvenc][rc] f=1855 P qp=16 bytes=935 avg=1106 kbps
[openvenc][rc] f=1856 P qp=16 bytes=818 avg=1106 kbps
[openvenc][rc] f=1857 P qp=16 bytes=752 avg=1105 kbps
[openvenc][rc] f=1858 P qp=16 bytes=739 avg=1105 kbps
[openvenc][rc] f=1859 P qp=16 bytes=725 avg=1104 kbps
[openvenc][rc] f=1860 P qp=16 bytes=732 avg=1104 kbps
[openvenc][rc] f=1861 P qp=16 bytes=713 avg=1103 kbps
[openvenc][rc] f=1862 P qp=16 bytes=707 avg=1103 kbps
[openvenc][rc] f=1863 P qp=16 bytes=715 avg=1103 kbps
[openvenc][rc] f=1864 P qp=16 bytes=719 avg=1102 kbps
[openvenc][rc] f=1865 P qp=16 bytes=714 avg=1102 kbps
[openvenc][rc] f=1866 P qp=16 bytes=719 avg=1101 kbps
[openvenc][rc] f=1867 P qp=16 bytes=715 avg=1101 kbps
[openvenc][rc] f=1868 P qp=16 bytes=717 avg=1101 kbps
[openvenc][rc] f=1869 P qp=16 bytes=704 avg=1100 kbps
[openvenc][rc] f=1870 P qp=16 bytes=718 avg=1100 kbps
[openvenc][rc] f=1871 P qp=16 bytes=714 avg=1099 kbps
[openvenc][rc] f=1872 P qp=16 bytes=719 avg=1099 kbps
[openvenc][rc] f=1873 P qp=16 bytes=715 avg=1099 kbps
[openvenc][rc] f=1874 P qp=16 bytes=717 avg=1098 kbps
[openvenc][rc] f=1875 P qp=16 bytes=713 avg=1098 kbps
[openvenc][rc] f=1876 P qp=16 bytes=707 avg=1097 kbps
[openvenc][rc] f=1877 P qp=16 bytes=704 avg=1097 kbps
[openvenc][rc] f=1878 P qp=16 bytes=707 avg=1097 kbps
[openvenc][rc] f=1879 P qp=16 bytes=704 avg=1096 kbps
[openvenc][rc] f=1880 P qp=16 bytes=707 avg=1096 kbps
[openvenc][rc] f=1881 P qp=16 bytes=704 avg=1095 kbps
[openvenc][rc] f=1882 P qp=16 bytes=707 avg=1095 kbps
[openvenc][rc] f=1883 P qp=16 bytes=704 avg=1094 kbps
[openvenc][rc] f=1884 P qp=16 bytes=707 avg=1094 kbps
[openvenc][rc] f=1885 P qp=16 bytes=704 avg=1094 kbps
[openvenc][rc] f=1886 P qp=16 bytes=707 avg=1093 kbps
[openvenc][rc] f=1887 P qp=16 bytes=704 avg=1093 kbps
[openvenc][rc] f=1888 P qp=16 bytes=707 avg=1092 kbps
[openvenc][rc] f=1889 P qp=16 bytes=704 avg=1092 kbps
[openvenc][rc] f=1890 P qp=16 bytes=707 avg=1092 kbps
[openvenc][rc] f=1891 P qp=16 bytes=704 avg=1091 kbps
[openvenc][rc] f=1892 P qp=16 bytes=707 avg=1091 kbps
[openvenc][rc] f=1893 P qp=16 bytes=704 avg=1090 kbps
[openvenc][rc] f=1894 P qp=16 bytes=707 avg=1090 kbps
[openvenc][rc] f=1895 P qp=16 bytes=704 avg=1090 kbps
[openvenc][rc] f=1896 P qp=16 bytes=707 avg=1089 kbps
[openvenc][rc] f=1897 P qp=16 bytes=704 avg=1089 kbps
[openvenc][rc] f=1898 P qp=16 bytes=707 avg=1088 kbps
[openvenc][rc] f=1899 P qp=16 bytes=704 avg=1088 kbps
[openvenc][rc] f=1900 IDR qp=16 bytes=69517 avg=1105 kbps
[openvenc][rc] f=1901 P qp=19 bytes=1953 avg=1105 kbps
[openvenc][rc] f=1902 P qp=18 bytes=1334 avg=1104 kbps
[openvenc][rc] f=1903 P qp=17 bytes=1803 avg=1104 kbps
[openvenc][rc] f=1904 P qp=16 bytes=1943 avg=1104 kbps
[openvenc][rc] f=1905 P qp=16 bytes=935 avg=1104 kbps
[openvenc][rc] f=1906 P qp=16 bytes=818 avg=1103 kbps
[openvenc][rc] f=1907 P qp=16 bytes=752 avg=1103 kbps
[openvenc][rc] f=1908 P qp=16 bytes=739 avg=1103 kbps
[openvenc][rc] f=1909 P qp=16 bytes=725 avg=1102 kbps
[openvenc][rc] f=1910 P qp=16 bytes=732 avg=1102 kbps
[openvenc][rc] f=1911 P qp=16 bytes=713 avg=1101 kbps
[openvenc][rc] f=1912 P qp=16 bytes=707 avg=1101 kbps
[openvenc][rc] f=1913 P qp=16 bytes=715 avg=1101 kbps
[openvenc][rc] f=1914 P qp=16 bytes=719 avg=1100 kbps
[openvenc][rc] f=1915 P qp=16 bytes=714 avg=1100 kbps
[openvenc][rc] f=1916 P qp=16 bytes=719 avg=1099 kbps
[openvenc][rc] f=1917 P qp=16 bytes=715 avg=1099 kbps
[openvenc][rc] f=1918 P qp=16 bytes=717 avg=1099 kbps
[openvenc][rc] f=1919 P qp=16 bytes=704 avg=1098 kbps
[openvenc][rc] f=1920 P qp=16 bytes=718 avg=1098 kbps
[openvenc][rc] f=1921 P qp=16 bytes=714 avg=1098 kbps
[openvenc][rc] f=1922 P qp=16 bytes=719 avg=1097 kbps
[openvenc][rc] f=1923 P qp=16 bytes=715 avg=1097 kbps
[openvenc][rc] f=1924 P qp=16 bytes=717 avg=1096 kbps
[openvenc][rc] f=1925 P qp=16 bytes=713 avg=1096 kbps
[openvenc][rc] f=1926 P qp=16 bytes=707 avg=1096 kbps
[openvenc][rc] f=1927 P qp=16 bytes=704 avg=1095 kbps
[openvenc][rc] f=1928 P qp=16 bytes=707 avg=1095 kbps
[openvenc][rc] f=1929 P qp=16 bytes=704 avg=1094 kbps
[openvenc][rc] f=1930 P qp=16 bytes=707 avg=1094 kbps
[openvenc][rc] f=1931 P qp=16 bytes=704 avg=1094 kbps
[openvenc][rc] f=1932 P qp=16 bytes=707 avg=1093 kbps
[openvenc][rc] f=1933 P qp=16 bytes=704 avg=1093 kbps
[openvenc][rc] f=1934 P qp=16 bytes=707 avg=1092 kbps
[openvenc][rc] f=1935 P qp=16 bytes=704 avg=1092 kbps
[openvenc][rc] f=1936 P qp=16 bytes=707 avg=1092 kbps
[openvenc][rc] f=1937 P qp=16 bytes=704 avg=1091 kbps
[openvenc][rc] f=1938 P qp=16 bytes=707 avg=1091 kbps
[openvenc][rc] f=1939 P qp=16 bytes=704 avg=1090 kbps
[openvenc][rc] f=1940 P qp=16 bytes=707 avg=1090 kbps
[openvenc][rc] f=1941 P qp=16 bytes=704 avg=1090 kbps
[openvenc][rc] f=1942 P qp=16 bytes=707 avg=1089 kbps
[openvenc][rc] f=1943 P qp=16 bytes=704 avg=1089 kbps
[openvenc][rc] f=1944 P qp=16 bytes=707 avg=1088 kbps
[openvenc][rc] f=1945 P qp=16 bytes=704 avg=1088 kbps
[openvenc][rc] f=1946 P qp=16 bytes=707 avg=1088 kbps
[openvenc][rc] f=1947 P qp=16 bytes=704 avg=1087 kbps
[openvenc][rc] f=1948 P qp=16 bytes=707 avg=1087 kbps
[openvenc][rc] f=1949 P qp=16 bytes=704 avg=1087 kbps
[openvenc][rc] f=1950 IDR qp=16 bytes=69517 avg=1103 kbps
[openvenc][rc] f=1951 P qp=19 bytes=1953 avg=1103 kbps
[openvenc][rc] f=1952 P qp=18 bytes=1334 avg=1102 kbps
[openvenc][rc] f=1953 P qp=17 bytes=1803 avg=1102 kbps
[openvenc][rc] f=1954 P qp=16 bytes=1943 avg=1102 kbps
[openvenc][rc] f=1955 P qp=16 bytes=935 avg=1102 kbps
[openvenc][rc] f=1956 P qp=16 bytes=818 avg=1102 kbps
[openvenc][rc] f=1957 P qp=16 bytes=752 avg=1101 kbps
[openvenc][rc] f=1958 P qp=16 bytes=739 avg=1101 kbps
[openvenc][rc] f=1959 P qp=16 bytes=725 avg=1100 kbps
[openvenc][rc] f=1960 P qp=16 bytes=732 avg=1100 kbps
[openvenc][rc] f=1961 P qp=16 bytes=713 avg=1100 kbps
[openvenc][rc] f=1962 P qp=16 bytes=707 avg=1099 kbps
[openvenc][rc] f=1963 P qp=16 bytes=715 avg=1099 kbps
[openvenc][rc] f=1964 P qp=16 bytes=719 avg=1098 kbps
[openvenc][rc] f=1965 P qp=16 bytes=714 avg=1098 kbps
[openvenc][rc] f=1966 P qp=16 bytes=719 avg=1098 kbps
[openvenc][rc] f=1967 P qp=16 bytes=715 avg=1097 kbps
[openvenc][rc] f=1968 P qp=16 bytes=717 avg=1097 kbps
[openvenc][rc] f=1969 P qp=16 bytes=704 avg=1097 kbps
[openvenc][rc] f=1970 P qp=16 bytes=718 avg=1096 kbps
[openvenc][rc] f=1971 P qp=16 bytes=714 avg=1096 kbps
[openvenc][rc] f=1972 P qp=16 bytes=719 avg=1095 kbps
[openvenc][rc] f=1973 P qp=16 bytes=715 avg=1095 kbps
[openvenc][rc] f=1974 P qp=16 bytes=717 avg=1095 kbps
[openvenc][rc] f=1975 P qp=16 bytes=713 avg=1094 kbps
[openvenc][rc] f=1976 P qp=16 bytes=707 avg=1094 kbps
[openvenc][rc] f=1977 P qp=16 bytes=704 avg=1093 kbps
[openvenc][rc] f=1978 P qp=16 bytes=707 avg=1093 kbps
[openvenc][rc] f=1979 P qp=16 bytes=704 avg=1093 kbps
[openvenc][rc] f=1980 P qp=16 bytes=707 avg=1092 kbps
[openvenc][rc] f=1981 P qp=16 bytes=704 avg=1092 kbps
[openvenc][rc] f=1982 P qp=16 bytes=707 avg=1092 kbps
[openvenc][rc] f=1983 P qp=16 bytes=704 avg=1091 kbps
[openvenc][rc] f=1984 P qp=16 bytes=707 avg=1091 kbps
[openvenc][rc] f=1985 P qp=16 bytes=704 avg=1090 kbps
[openvenc][rc] f=1986 P qp=16 bytes=707 avg=1090 kbps
[openvenc][rc] f=1987 P qp=16 bytes=704 avg=1090 kbps
[openvenc][rc] f=1988 P qp=16 bytes=707 avg=1089 kbps
[openvenc][rc] f=1989 P qp=16 bytes=704 avg=1089 kbps
[openvenc][rc] f=1990 P qp=16 bytes=707 avg=1088 kbps
[openvenc][rc] f=1991 P qp=16 bytes=704 avg=1088 kbps
[openvenc][rc] f=1992 P qp=16 bytes=707 avg=1088 kbps
[openvenc][rc] f=1993 P qp=16 bytes=704 avg=1087 kbps
[openvenc][rc] f=1994 P qp=16 bytes=707 avg=1087 kbps
[openvenc][rc] f=1995 P qp=16 bytes=704 avg=1087 kbps
[openvenc][rc] f=1996 P qp=16 bytes=707 avg=1086 kbps
[openvenc][rc] f=1997 P qp=16 bytes=704 avg=1086 kbps
[openvenc][rc] f=1998 P qp=16 bytes=707 avg=1085 kbps
[openvenc][rc] f=1999 P qp=16 bytes=704 avg=1085 kbps
[openvenc][rc] f=2000 IDR qp=16 bytes=69517 avg=1101 kbps
[openvenc][rc] f=2001 P qp=19 bytes=1953 avg=1101 kbps
[openvenc][rc] f=2002 P qp=18 bytes=1334 avg=1101 kbps
[openvenc][rc] f=2003 P qp=17 bytes=1803 avg=1100 kbps
[openvenc][rc] f=2004 P qp=16 bytes=1943 avg=1100 kbps
[openvenc][rc] f=2005 P qp=16 bytes=935 avg=1100 kbps
[openvenc][rc] f=2006 P qp=16 bytes=818 avg=1100 kbps
[openvenc][rc] f=2007 P qp=16 bytes=752 avg=1099 kbps
[openvenc][rc] f=2008 P qp=16 bytes=739 avg=1099 kbps
[openvenc][rc] f=2009 P qp=16 bytes=725 avg=1099 kbps
[openvenc][rc] f=2010 P qp=16 bytes=732 avg=1098 kbps
[openvenc][rc] f=2011 P qp=16 bytes=713 avg=1098 kbps
[openvenc][rc] f=2012 P qp=16 bytes=707 avg=1097 kbps
[openvenc][rc] f=2013 P qp=16 bytes=715 avg=1097 kbps
[openvenc][rc] f=2014 P qp=16 bytes=719 avg=1097 kbps
[openvenc][rc] f=2015 P qp=16 bytes=714 avg=1096 kbps
[openvenc][rc] f=2016 P qp=16 bytes=719 avg=1096 kbps
[openvenc][rc] f=2017 P qp=16 bytes=715 avg=1096 kbps
[openvenc][rc] f=2018 P qp=16 bytes=717 avg=1095 kbps
[openvenc][rc] f=2019 P qp=16 bytes=704 avg=1095 kbps
[openvenc][rc] f=2020 P qp=16 bytes=718 avg=1094 kbps
[openvenc][rc] f=2021 P qp=16 bytes=714 avg=1094 kbps
[openvenc][rc] f=2022 P qp=16 bytes=719 avg=1094 kbps
[openvenc][rc] f=2023 P qp=16 bytes=715 avg=1093 kbps
[openvenc][rc] f=2024 P qp=16 bytes=717 avg=1093 kbps
[openvenc][rc] f=2025 P qp=16 bytes=713 avg=1093 kbps
[openvenc][rc] f=2026 P qp=16 bytes=707 avg=1092 kbps
[openvenc][rc] f=2027 P qp=16 bytes=704 avg=1092 kbps
[openvenc][rc] f=2028 P qp=16 bytes=707 avg=1091 kbps
[openvenc][rc] f=2029 P qp=16 bytes=704 avg=1091 kbps
[openvenc][rc] f=2030 P qp=16 bytes=707 avg=1091 kbps
[openvenc][rc] f=2031 P qp=16 bytes=704 avg=1090 kbps
[openvenc][rc] f=2032 P qp=16 bytes=707 avg=1090 kbps
[openvenc][rc] f=2033 P qp=16 bytes=704 avg=1090 kbps
[openvenc][rc] f=2034 P qp=16 bytes=707 avg=1089 kbps
[openvenc][rc] f=2035 P qp=16 bytes=704 avg=1089 kbps
[openvenc][rc] f=2036 P qp=16 bytes=707 avg=1088 kbps
[openvenc][rc] f=2037 P qp=16 bytes=704 avg=1088 kbps
[openvenc][rc] f=2038 P qp=16 bytes=707 avg=1088 kbps
[openvenc][rc] f=2039 P qp=16 bytes=704 avg=1087 kbps
[openvenc][rc] f=2040 P qp=16 bytes=707 avg=1087 kbps
[openvenc][rc] f=2041 P qp=16 bytes=704 avg=1087 kbps
[openvenc][rc] f=2042 P qp=16 bytes=707 avg=1086 kbps
[openvenc][rc] f=2043 P qp=16 bytes=704 avg=1086 kbps
[openvenc][rc] f=2044 P qp=16 bytes=707 avg=1086 kbps
[openvenc][rc] f=2045 P qp=16 bytes=704 avg=1085 kbps
[openvenc][rc] f=2046 P qp=16 bytes=707 avg=1085 kbps
[openvenc][rc] f=2047 P qp=16 bytes=704 avg=1084 kbps
[openvenc][rc] f=2048 P qp=16 bytes=707 avg=1084 kbps
[openvenc][rc] f=2049 P qp=16 bytes=704 avg=1084 kbps
[openvenc][rc] f=2050 IDR qp=16 bytes=69517 avg=1099 kbps
[openvenc][rc] f=2051 P qp=19 bytes=1953 avg=1099 kbps
[openvenc][rc] f=2052 P qp=18 bytes=1334 avg=1099 kbps
[openvenc][rc] f=2053 P qp=17 bytes=1803 avg=1099 kbps
[openvenc][rc] f=2054 P qp=16 bytes=1943 avg=1099 kbps
[openvenc][rc] f=2055 P qp=16 bytes=935 avg=1098 kbps
[openvenc][rc] f=2056 P qp=16 bytes=818 avg=1098 kbps
[openvenc][rc] f=2057 P qp=16 bytes=752 avg=1098 kbps
[openvenc][rc] f=2058 P qp=16 bytes=739 avg=1097 kbps
[openvenc][rc] f=2059 P qp=16 bytes=725 avg=1097 kbps
[openvenc][rc] f=2060 P qp=16 bytes=732 avg=1097 kbps
[openvenc][rc] f=2061 P qp=16 bytes=713 avg=1096 kbps
[openvenc][rc] f=2062 P qp=16 bytes=707 avg=1096 kbps
[openvenc][rc] f=2063 P qp=16 bytes=715 avg=1095 kbps
[openvenc][rc] f=2064 P qp=16 bytes=719 avg=1095 kbps
[openvenc][rc] f=2065 P qp=16 bytes=714 avg=1095 kbps
[openvenc][rc] f=2066 P qp=16 bytes=719 avg=1094 kbps
[openvenc][rc] f=2067 P qp=16 bytes=715 avg=1094 kbps
[openvenc][rc] f=2068 P qp=16 bytes=717 avg=1094 kbps
[openvenc][rc] f=2069 P qp=16 bytes=704 avg=1093 kbps
[openvenc][rc] f=2070 P qp=16 bytes=718 avg=1093 kbps
[openvenc][rc] f=2071 P qp=16 bytes=714 avg=1092 kbps
[openvenc][rc] f=2072 P qp=16 bytes=719 avg=1092 kbps
[openvenc][rc] f=2073 P qp=16 bytes=715 avg=1092 kbps
[openvenc][rc] f=2074 P qp=16 bytes=717 avg=1091 kbps
[openvenc][rc] f=2075 P qp=16 bytes=713 avg=1091 kbps
[openvenc][rc] f=2076 P qp=16 bytes=707 avg=1091 kbps
[openvenc][rc] f=2077 P qp=16 bytes=704 avg=1090 kbps
[openvenc][rc] f=2078 P qp=16 bytes=707 avg=1090 kbps
[openvenc][rc] f=2079 P qp=16 bytes=704 avg=1090 kbps
[openvenc][rc] f=2080 P qp=16 bytes=707 avg=1089 kbps
[openvenc][rc] f=2081 P qp=16 bytes=704 avg=1089 kbps
[openvenc][rc] f=2082 P qp=16 bytes=707 avg=1088 kbps
[openvenc][rc] f=2083 P qp=16 bytes=704 avg=1088 kbps
[openvenc][rc] f=2084 P qp=16 bytes=707 avg=1088 kbps
[openvenc][rc] f=2085 P qp=16 bytes=704 avg=1087 kbps
[openvenc][rc] f=2086 P qp=16 bytes=707 avg=1087 kbps
[openvenc][rc] f=2087 P qp=16 bytes=704 avg=1087 kbps
[openvenc][rc] f=2088 P qp=16 bytes=707 avg=1086 kbps
[openvenc][rc] f=2089 P qp=16 bytes=704 avg=1086 kbps
[openvenc][rc] f=2090 P qp=16 bytes=707 avg=1086 kbps
[openvenc][rc] f=2091 P qp=16 bytes=704 avg=1085 kbps
[openvenc][rc] f=2092 P qp=16 bytes=707 avg=1085 kbps
[openvenc][rc] f=2093 P qp=16 bytes=704 avg=1085 kbps
[openvenc][rc] f=2094 P qp=16 bytes=707 avg=1084 kbps
[openvenc][rc] f=2095 P qp=16 bytes=704 avg=1084 kbps
[openvenc][rc] f=2096 P qp=16 bytes=707 avg=1083 kbps
[openvenc][rc] f=2097 P qp=16 bytes=704 avg=1083 kbps
[openvenc][rc] f=2098 P qp=16 bytes=707 avg=1083 kbps
[openvenc][rc] f=2099 P qp=16 bytes=704 avg=1082 kbps
[openvenc][rc] f=2100 IDR qp=16 bytes=69517 avg=1097 kbps
[openvenc][rc] f=2101 P qp=19 bytes=1953 avg=1097 kbps
[openvenc][rc] f=2102 P qp=18 bytes=1334 avg=1097 kbps
[openvenc][rc] f=2103 P qp=17 bytes=1803 avg=1097 kbps
[openvenc][rc] f=2104 P qp=16 bytes=1943 avg=1097 kbps
[openvenc][rc] f=2105 P qp=16 bytes=935 avg=1097 kbps
[openvenc][rc] f=2106 P qp=16 bytes=818 avg=1096 kbps
[openvenc][rc] f=2107 P qp=16 bytes=752 avg=1096 kbps
[openvenc][rc] f=2108 P qp=16 bytes=739 avg=1096 kbps
[openvenc][rc] f=2109 P qp=16 bytes=725 avg=1095 kbps
[openvenc][rc] f=2110 P qp=16 bytes=732 avg=1095 kbps
[openvenc][rc] f=2111 P qp=16 bytes=713 avg=1095 kbps
[openvenc][rc] f=2112 P qp=16 bytes=707 avg=1094 kbps
[openvenc][rc] f=2113 P qp=16 bytes=715 avg=1094 kbps
[openvenc][rc] f=2114 P qp=16 bytes=719 avg=1093 kbps
[openvenc][rc] f=2115 P qp=16 bytes=714 avg=1093 kbps
[openvenc][rc] f=2116 P qp=16 bytes=719 avg=1093 kbps
[openvenc][rc] f=2117 P qp=16 bytes=715 avg=1092 kbps
[openvenc][rc] f=2118 P qp=16 bytes=717 avg=1092 kbps
[openvenc][rc] f=2119 P qp=16 bytes=704 avg=1092 kbps
[openvenc][rc] f=2120 P qp=16 bytes=718 avg=1091 kbps
[openvenc][rc] f=2121 P qp=16 bytes=714 avg=1091 kbps
[openvenc][rc] f=2122 P qp=16 bytes=719 avg=1091 kbps
[openvenc][rc] f=2123 P qp=16 bytes=715 avg=1090 kbps
[openvenc][rc] f=2124 P qp=16 bytes=717 avg=1090 kbps
[openvenc][rc] f=2125 P qp=16 bytes=713 avg=1090 kbps
[openvenc][rc] f=2126 P qp=16 bytes=707 avg=1089 kbps
[openvenc][rc] f=2127 P qp=16 bytes=704 avg=1089 kbps
[openvenc][rc] f=2128 P qp=16 bytes=707 avg=1088 kbps
[openvenc][rc] f=2129 P qp=16 bytes=704 avg=1088 kbps
[openvenc][rc] f=2130 P qp=16 bytes=707 avg=1088 kbps
[openvenc][rc] f=2131 P qp=16 bytes=704 avg=1087 kbps
[openvenc][rc] f=2132 P qp=16 bytes=707 avg=1087 kbps
[openvenc][rc] f=2133 P qp=16 bytes=704 avg=1087 kbps
[openvenc][rc] f=2134 P qp=16 bytes=707 avg=1086 kbps
[openvenc][rc] f=2135 P qp=16 bytes=704 avg=1086 kbps
[openvenc][rc] f=2136 P qp=16 bytes=707 avg=1086 kbps
[openvenc][rc] f=2137 P qp=16 bytes=704 avg=1085 kbps
[openvenc][rc] f=2138 P qp=16 bytes=707 avg=1085 kbps
[openvenc][rc] f=2139 P qp=16 bytes=704 avg=1085 kbps
[openvenc][rc] f=2140 P qp=16 bytes=707 avg=1084 kbps
[openvenc][rc] f=2141 P qp=16 bytes=704 avg=1084 kbps
[openvenc][rc] f=2142 P qp=16 bytes=707 avg=1084 kbps
[openvenc][rc] f=2143 P qp=16 bytes=704 avg=1083 kbps
[openvenc][rc] f=2144 P qp=16 bytes=707 avg=1083 kbps
[openvenc][rc] f=2145 P qp=16 bytes=704 avg=1082 kbps
[openvenc][rc] f=2146 P qp=16 bytes=707 avg=1082 kbps
[openvenc][rc] f=2147 P qp=16 bytes=704 avg=1082 kbps
[openvenc][rc] f=2148 P qp=16 bytes=707 avg=1081 kbps
[openvenc][rc] f=2149 P qp=16 bytes=704 avg=1081 kbps
[openvenc][rc] f=2150 IDR qp=16 bytes=69517 avg=1096 kbps
[openvenc][rc] f=2151 P qp=19 bytes=1953 avg=1096 kbps
[openvenc][rc] f=2152 P qp=18 bytes=1334 avg=1096 kbps
[openvenc][rc] f=2153 P qp=17 bytes=1803 avg=1095 kbps
[openvenc][rc] f=2154 P qp=16 bytes=1943 avg=1095 kbps
[openvenc][rc] f=2155 P qp=16 bytes=935 avg=1095 kbps
[openvenc][rc] f=2156 P qp=16 bytes=818 avg=1095 kbps
[openvenc][rc] f=2157 P qp=16 bytes=752 avg=1094 kbps
[openvenc][rc] f=2158 P qp=16 bytes=739 avg=1094 kbps
[openvenc][rc] f=2159 P qp=16 bytes=725 avg=1094 kbps
[openvenc][rc] f=2160 P qp=16 bytes=732 avg=1093 kbps
[openvenc][rc] f=2161 P qp=16 bytes=713 avg=1093 kbps
[openvenc][rc] f=2162 P qp=16 bytes=707 avg=1093 kbps
[openvenc][rc] f=2163 P qp=16 bytes=715 avg=1092 kbps
[openvenc][rc] f=2164 P qp=16 bytes=719 avg=1092 kbps
[openvenc][rc] f=2165 P qp=16 bytes=714 avg=1092 kbps
[openvenc][rc] f=2166 P qp=16 bytes=719 avg=1091 kbps
[openvenc][rc] f=2167 P qp=16 bytes=715 avg=1091 kbps
[openvenc][rc] f=2168 P qp=16 bytes=717 avg=1091 kbps
[openvenc][rc] f=2169 P qp=16 bytes=704 avg=1090 kbps
[openvenc][rc] f=2170 P qp=16 bytes=718 avg=1090 kbps
[openvenc][rc] f=2171 P qp=16 bytes=714 avg=1090 kbps
[openvenc][rc] f=2172 P qp=16 bytes=719 avg=1089 kbps
[openvenc][rc] f=2173 P qp=16 bytes=715 avg=1089 kbps
[openvenc][rc] f=2174 P qp=16 bytes=717 avg=1088 kbps
[openvenc][rc] f=2175 P qp=16 bytes=713 avg=1088 kbps
[openvenc][rc] f=2176 P qp=16 bytes=707 avg=1088 kbps
[openvenc][rc] f=2177 P qp=16 bytes=704 avg=1087 kbps
[openvenc][rc] f=2178 P qp=16 bytes=707 avg=1087 kbps
[openvenc][rc] f=2179 P qp=16 bytes=704 avg=1087 kbps
[openvenc][rc] f=2180 P qp=16 bytes=707 avg=1086 kbps
[openvenc][rc] f=2181 P qp=16 bytes=704 avg=1086 kbps
[openvenc][rc] f=2182 P qp=16 bytes=707 avg=1086 kbps
[openvenc][rc] f=2183 P qp=16 bytes=704 avg=1085 kbps
[openvenc][rc] f=2184 P qp=16 bytes=707 avg=1085 kbps
[openvenc][rc] f=2185 P qp=16 bytes=704 avg=1085 kbps
[openvenc][rc] f=2186 P qp=16 bytes=707 avg=1084 kbps
[openvenc][rc] f=2187 P qp=16 bytes=704 avg=1084 kbps
[openvenc][rc] f=2188 P qp=16 bytes=707 avg=1084 kbps
[openvenc][rc] f=2189 P qp=16 bytes=704 avg=1083 kbps
[openvenc][rc] f=2190 P qp=16 bytes=707 avg=1083 kbps
[openvenc][rc] f=2191 P qp=16 bytes=704 avg=1083 kbps
[openvenc][rc] f=2192 P qp=16 bytes=707 avg=1082 kbps
[openvenc][rc] f=2193 P qp=16 bytes=704 avg=1082 kbps
[openvenc][rc] f=2194 P qp=16 bytes=707 avg=1082 kbps
[openvenc][rc] f=2195 P qp=16 bytes=704 avg=1081 kbps
[openvenc][rc] f=2196 P qp=16 bytes=707 avg=1081 kbps
[openvenc][rc] f=2197 P qp=16 bytes=704 avg=1081 kbps
[openvenc][rc] f=2198 P qp=16 bytes=707 avg=1080 kbps
[openvenc][rc] f=2199 P qp=16 bytes=704 avg=1080 kbps
[openvenc][rc] f=2200 IDR qp=16 bytes=69517 avg=1094 kbps
[openvenc][rc] f=2201 P qp=19 bytes=1953 avg=1094 kbps
[openvenc][rc] f=2202 P qp=18 bytes=1334 avg=1094 kbps
[openvenc][rc] f=2203 P qp=17 bytes=1803 avg=1094 kbps
[openvenc][rc] f=2204 P qp=16 bytes=1943 avg=1094 kbps
[openvenc][rc] f=2205 P qp=16 bytes=935 avg=1094 kbps
[openvenc][rc] f=2206 P qp=16 bytes=818 avg=1093 kbps
[openvenc][rc] f=2207 P qp=16 bytes=752 avg=1093 kbps
[openvenc][rc] f=2208 P qp=16 bytes=739 avg=1093 kbps
[openvenc][rc] f=2209 P qp=16 bytes=725 avg=1092 kbps
[openvenc][rc] f=2210 P qp=16 bytes=732 avg=1092 kbps
[openvenc][rc] f=2211 P qp=16 bytes=713 avg=1092 kbps
[openvenc][rc] f=2212 P qp=16 bytes=707 avg=1091 kbps
[openvenc][rc] f=2213 P qp=16 bytes=715 avg=1091 kbps
[openvenc][rc] f=2214 P qp=16 bytes=719 avg=1091 kbps
[openvenc][rc] f=2215 P qp=16 bytes=714 avg=1090 kbps
[openvenc][rc] f=2216 P qp=16 bytes=719 avg=1090 kbps
[openvenc][rc] f=2217 P qp=16 bytes=715 avg=1089 kbps
[openvenc][rc] f=2218 P qp=16 bytes=717 avg=1089 kbps
[openvenc][rc] f=2219 P qp=16 bytes=704 avg=1089 kbps
[openvenc][rc] f=2220 P qp=16 bytes=718 avg=1088 kbps
[openvenc][rc] f=2221 P qp=16 bytes=714 avg=1088 kbps
[openvenc][rc] f=2222 P qp=16 bytes=719 avg=1088 kbps
[openvenc][rc] f=2223 P qp=16 bytes=715 avg=1087 kbps
[openvenc][rc] f=2224 P qp=16 bytes=717 avg=1087 kbps
[openvenc][rc] f=2225 P qp=16 bytes=713 avg=1087 kbps
[openvenc][rc] f=2226 P qp=16 bytes=707 avg=1086 kbps
[openvenc][rc] f=2227 P qp=16 bytes=704 avg=1086 kbps
[openvenc][rc] f=2228 P qp=16 bytes=707 avg=1086 kbps
[openvenc][rc] f=2229 P qp=16 bytes=704 avg=1085 kbps
[openvenc][rc] f=2230 P qp=16 bytes=707 avg=1085 kbps
[openvenc][rc] f=2231 P qp=16 bytes=704 avg=1085 kbps
[openvenc][rc] f=2232 P qp=16 bytes=707 avg=1084 kbps
[openvenc][rc] f=2233 P qp=16 bytes=704 avg=1084 kbps
[openvenc][rc] f=2234 P qp=16 bytes=707 avg=1084 kbps
[openvenc][rc] f=2235 P qp=16 bytes=704 avg=1083 kbps
[openvenc][rc] f=2236 P qp=16 bytes=707 avg=1083 kbps
[openvenc][rc] f=2237 P qp=16 bytes=704 avg=1083 kbps
[openvenc][rc] f=2238 P qp=16 bytes=707 avg=1082 kbps
[openvenc][rc] f=2239 P qp=16 bytes=704 avg=1082 kbps
[openvenc][rc] f=2240 P qp=16 bytes=707 avg=1082 kbps
[openvenc][rc] f=2241 P qp=16 bytes=704 avg=1081 kbps
[openvenc][rc] f=2242 P qp=16 bytes=707 avg=1081 kbps
[openvenc][rc] f=2243 P qp=16 bytes=704 avg=1081 kbps
[openvenc][rc] f=2244 P qp=16 bytes=707 avg=1080 kbps
[openvenc][rc] f=2245 P qp=16 bytes=704 avg=1080 kbps
[openvenc][rc] f=2246 P qp=16 bytes=707 avg=1080 kbps
[openvenc][rc] f=2247 P qp=16 bytes=704 avg=1079 kbps
[openvenc][rc] f=2248 P qp=16 bytes=707 avg=1079 kbps
[openvenc][rc] f=2249 P qp=16 bytes=704 avg=1079 kbps
[openvenc][rc] f=2250 IDR qp=16 bytes=69517 avg=1093 kbps
[openvenc][rc] f=2251 P qp=19 bytes=1953 avg=1093 kbps
[openvenc][rc] f=2252 P qp=18 bytes=1334 avg=1093 kbps
[openvenc][rc] f=2253 P qp=17 bytes=1803 avg=1092 kbps
[openvenc][rc] f=2254 P qp=16 bytes=1943 avg=1092 kbps
[openvenc][rc] f=2255 P qp=16 bytes=935 avg=1092 kbps
[openvenc][rc] f=2256 P qp=16 bytes=818 avg=1092 kbps
[openvenc][rc] f=2257 P qp=16 bytes=752 avg=1091 kbps
[openvenc][rc] f=2258 P qp=16 bytes=739 avg=1091 kbps
[openvenc][rc] f=2259 P qp=16 bytes=725 avg=1091 kbps
[openvenc][rc] f=2260 P qp=16 bytes=732 avg=1090 kbps
[openvenc][rc] f=2261 P qp=16 bytes=713 avg=1090 kbps
[openvenc][rc] f=2262 P qp=16 bytes=707 avg=1090 kbps
[openvenc][rc] f=2263 P qp=16 bytes=715 avg=1089 kbps
[openvenc][rc] f=2264 P qp=16 bytes=719 avg=1089 kbps
[openvenc][rc] f=2265 P qp=16 bytes=714 avg=1089 kbps
[openvenc][rc] f=2266 P qp=16 bytes=719 avg=1088 kbps
[openvenc][rc] f=2267 P qp=16 bytes=715 avg=1088 kbps
[openvenc][rc] f=2268 P qp=16 bytes=717 avg=1088 kbps
[openvenc][rc] f=2269 P qp=16 bytes=704 avg=1087 kbps
[openvenc][rc] f=2270 P qp=16 bytes=718 avg=1087 kbps
[openvenc][rc] f=2271 P qp=16 bytes=714 avg=1087 kbps
[openvenc][rc] f=2272 P qp=16 bytes=719 avg=1086 kbps
[openvenc][rc] f=2273 P qp=16 bytes=715 avg=1086 kbps
[openvenc][rc] f=2274 P qp=16 bytes=717 avg=1086 kbps
[openvenc][rc] f=2275 P qp=16 bytes=713 avg=1085 kbps
[openvenc][rc] f=2276 P qp=16 bytes=707 avg=1085 kbps
[openvenc][rc] f=2277 P qp=16 bytes=704 avg=1085 kbps
[openvenc][rc] f=2278 P qp=16 bytes=707 avg=1085 kbps
[openvenc][rc] f=2279 P qp=16 bytes=704 avg=1084 kbps
[openvenc][rc] f=2280 P qp=16 bytes=707 avg=1084 kbps
[openvenc][rc] f=2281 P qp=16 bytes=704 avg=1084 kbps
[openvenc][rc] f=2282 P qp=16 bytes=707 avg=1083 kbps
[openvenc][rc] f=2283 P qp=16 bytes=704 avg=1083 kbps
[openvenc][rc] f=2284 P qp=16 bytes=707 avg=1083 kbps
[openvenc][rc] f=2285 P qp=16 bytes=704 avg=1082 kbps
[openvenc][rc] f=2286 P qp=16 bytes=707 avg=1082 kbps
[openvenc][rc] f=2287 P qp=16 bytes=704 avg=1082 kbps
[openvenc][rc] f=2288 P qp=16 bytes=707 avg=1081 kbps
[openvenc][rc] f=2289 P qp=16 bytes=704 avg=1081 kbps
[openvenc][rc] f=2290 P qp=16 bytes=707 avg=1081 kbps
[openvenc][rc] f=2291 P qp=16 bytes=704 avg=1080 kbps
[openvenc][rc] f=2292 P qp=16 bytes=707 avg=1080 kbps
[openvenc][rc] f=2293 P qp=16 bytes=704 avg=1080 kbps
[openvenc][rc] f=2294 P qp=16 bytes=707 avg=1079 kbps
[openvenc][rc] f=2295 P qp=16 bytes=704 avg=1079 kbps
[openvenc][rc] f=2296 P qp=16 bytes=707 avg=1079 kbps
[openvenc][rc] f=2297 P qp=16 bytes=704 avg=1078 kbps
[openvenc][rc] f=2298 P qp=16 bytes=707 avg=1078 kbps
[openvenc][rc] f=2299 P qp=16 bytes=704 avg=1078 kbps
[openvenc][rc] f=2300 IDR qp=16 bytes=69517 avg=1091 kbps
[openvenc][rc] f=2301 P qp=19 bytes=1953 avg=1091 kbps
[openvenc][rc] f=2302 P qp=18 bytes=1334 avg=1091 kbps
[openvenc][rc] f=2303 P qp=17 bytes=1803 avg=1091 kbps
[openvenc][rc] f=2304 P qp=16 bytes=1943 avg=1091 kbps
[openvenc][rc] f=2305 P qp=16 bytes=935 avg=1091 kbps
[openvenc][rc] f=2306 P qp=16 bytes=818 avg=1090 kbps
[openvenc][rc] f=2307 P qp=16 bytes=752 avg=1090 kbps
[openvenc][rc] f=2308 P qp=16 bytes=739 avg=1090 kbps
[openvenc][rc] f=2309 P qp=16 bytes=725 avg=1089 kbps
[openvenc][rc] f=2310 P qp=16 bytes=732 avg=1089 kbps
[openvenc][rc] f=2311 P qp=16 bytes=713 avg=1089 kbps
[openvenc][rc] f=2312 P qp=16 bytes=707 avg=1088 kbps
[openvenc][rc] f=2313 P qp=16 bytes=715 avg=1088 kbps
[openvenc][rc] f=2314 P qp=16 bytes=719 avg=1088 kbps
[openvenc][rc] f=2315 P qp=16 bytes=714 avg=1087 kbps
[openvenc][rc] f=2316 P qp=16 bytes=719 avg=1087 kbps
[openvenc][rc] f=2317 P qp=16 bytes=715 avg=1087 kbps
[openvenc][rc] f=2318 P qp=16 bytes=717 avg=1087 kbps
[openvenc][rc] f=2319 P qp=16 bytes=704 avg=1086 kbps
[openvenc][rc] f=2320 P qp=16 bytes=718 avg=1086 kbps
[openvenc][rc] f=2321 P qp=16 bytes=714 avg=1086 kbps
[openvenc][rc] f=2322 P qp=16 bytes=719 avg=1085 kbps
[openvenc][rc] f=2323 P qp=16 bytes=715 avg=1085 kbps
[openvenc][rc] f=2324 P qp=16 bytes=717 avg=1085 kbps
[openvenc][rc] f=2325 P qp=16 bytes=713 avg=1084 kbps
[openvenc][rc] f=2326 P qp=16 bytes=707 avg=1084 kbps
[openvenc][rc] f=2327 P qp=16 bytes=704 avg=1084 kbps
[openvenc][rc] f=2328 P qp=16 bytes=707 avg=1083 kbps
[openvenc][rc] f=2329 P qp=16 bytes=704 avg=1083 kbps
[openvenc][rc] f=2330 P qp=16 bytes=707 avg=1083 kbps
[openvenc][rc] f=2331 P qp=16 bytes=704 avg=1082 kbps
[openvenc][rc] f=2332 P qp=16 bytes=707 avg=1082 kbps
[openvenc][rc] f=2333 P qp=16 bytes=704 avg=1082 kbps
[openvenc][rc] f=2334 P qp=16 bytes=707 avg=1081 kbps
[openvenc][rc] f=2335 P qp=16 bytes=704 avg=1081 kbps
[openvenc][rc] f=2336 P qp=16 bytes=707 avg=1081 kbps
[openvenc][rc] f=2337 P qp=16 bytes=704 avg=1080 kbps
[openvenc][rc] f=2338 P qp=16 bytes=707 avg=1080 kbps
[openvenc][rc] f=2339 P qp=16 bytes=704 avg=1080 kbps
[openvenc][rc] f=2340 P qp=16 bytes=707 avg=1079 kbps
[openvenc][rc] f=2341 P qp=16 bytes=704 avg=1079 kbps
[openvenc][rc] f=2342 P qp=16 bytes=707 avg=1079 kbps
[openvenc][rc] f=2343 P qp=16 bytes=704 avg=1078 kbps
[openvenc][rc] f=2344 P qp=16 bytes=707 avg=1078 kbps
[openvenc][rc] f=2345 P qp=16 bytes=704 avg=1078 kbps
[openvenc][rc] f=2346 P qp=16 bytes=707 avg=1078 kbps
[openvenc][rc] f=2347 P qp=16 bytes=704 avg=1077 kbps
[openvenc][rc] f=2348 P qp=16 bytes=707 avg=1077 kbps
[openvenc][rc] f=2349 P qp=16 bytes=704 avg=1077 kbps
[openvenc][rc] f=2350 IDR qp=16 bytes=69517 avg=1090 kbps
[openvenc][rc] f=2351 P qp=19 bytes=1953 avg=1090 kbps
[openvenc][rc] f=2352 P qp=18 bytes=1334 avg=1090 kbps
[openvenc][rc] f=2353 P qp=17 bytes=1803 avg=1090 kbps
[openvenc][rc] f=2354 P qp=16 bytes=1943 avg=1090 kbps
[openvenc][rc] f=2355 P qp=16 bytes=935 avg=1089 kbps
[openvenc][rc] f=2356 P qp=16 bytes=818 avg=1089 kbps
[openvenc][rc] f=2357 P qp=16 bytes=752 avg=1089 kbps
[openvenc][rc] f=2358 P qp=16 bytes=739 avg=1088 kbps
[openvenc][rc] f=2359 P qp=16 bytes=725 avg=1088 kbps
[openvenc][rc] f=2360 P qp=16 bytes=732 avg=1088 kbps
[openvenc][rc] f=2361 P qp=16 bytes=713 avg=1087 kbps
[openvenc][rc] f=2362 P qp=16 bytes=707 avg=1087 kbps
[openvenc][rc] f=2363 P qp=16 bytes=715 avg=1087 kbps
[openvenc][rc] f=2364 P qp=16 bytes=719 avg=1087 kbps
[openvenc][rc] f=2365 P qp=16 bytes=714 avg=1086 kbps
[openvenc][rc] f=2366 P qp=16 bytes=719 avg=1086 kbps
[openvenc][rc] f=2367 P qp=16 bytes=715 avg=1086 kbps
[openvenc][rc] f=2368 P qp=16 bytes=717 avg=1085 kbps
[openvenc][rc] f=2369 P qp=16 bytes=704 avg=1085 kbps
[openvenc][rc] f=2370 P qp=16 bytes=718 avg=1085 kbps
[openvenc][rc] f=2371 P qp=16 bytes=714 avg=1084 kbps
[openvenc][rc] f=2372 P qp=16 bytes=719 avg=1084 kbps
[openvenc][rc] f=2373 P qp=16 bytes=715 avg=1084 kbps
[openvenc][rc] f=2374 P qp=16 bytes=717 avg=1083 kbps
[openvenc][rc] f=2375 P qp=16 bytes=713 avg=1083 kbps
[openvenc][rc] f=2376 P qp=16 bytes=707 avg=1083 kbps
[openvenc][rc] f=2377 P qp=16 bytes=704 avg=1082 kbps
[openvenc][rc] f=2378 P qp=16 bytes=707 avg=1082 kbps
[openvenc][rc] f=2379 P qp=16 bytes=704 avg=1082 kbps
[openvenc][rc] f=2380 P qp=16 bytes=707 avg=1081 kbps
[openvenc][rc] f=2381 P qp=16 bytes=704 avg=1081 kbps
[openvenc][rc] f=2382 P qp=16 bytes=707 avg=1081 kbps
[openvenc][rc] f=2383 P qp=16 bytes=704 avg=1081 kbps
[openvenc][rc] f=2384 P qp=16 bytes=707 avg=1080 kbps
[openvenc][rc] f=2385 P qp=16 bytes=704 avg=1080 kbps
[openvenc][rc] f=2386 P qp=16 bytes=707 avg=1080 kbps
[openvenc][rc] f=2387 P qp=16 bytes=704 avg=1079 kbps
[openvenc][rc] f=2388 P qp=16 bytes=707 avg=1079 kbps
[openvenc][rc] f=2389 P qp=16 bytes=704 avg=1079 kbps
[openvenc][rc] f=2390 P qp=16 bytes=707 avg=1078 kbps
[openvenc][rc] f=2391 P qp=16 bytes=704 avg=1078 kbps
[openvenc][rc] f=2392 P qp=16 bytes=707 avg=1078 kbps
[openvenc][rc] f=2393 P qp=16 bytes=704 avg=1077 kbps
[openvenc][rc] f=2394 P qp=16 bytes=707 avg=1077 kbps
[openvenc][rc] f=2395 P qp=16 bytes=704 avg=1077 kbps
[openvenc][rc] f=2396 P qp=16 bytes=707 avg=1077 kbps
[openvenc][rc] f=2397 P qp=16 bytes=704 avg=1076 kbps
[openvenc][rc] f=2398 P qp=16 bytes=707 avg=1076 kbps
[openvenc][rc] f=2399 P qp=16 bytes=704 avg=1076 kbps
[openvenc][rc] f=2400 IDR qp=16 bytes=69517 avg=1089 kbps
[openvenc][rc] f=2401 P qp=19 bytes=1953 avg=1089 kbps
[openvenc][rc] f=2402 P qp=18 bytes=1334 avg=1089 kbps
[openvenc][rc] f=2403 P qp=17 bytes=1803 avg=1088 kbps
[openvenc][rc] f=2404 P qp=16 bytes=1943 avg=1088 kbps
[openvenc][rc] f=2405 P qp=16 bytes=935 avg=1088 kbps
[openvenc][rc] f=2406 P qp=16 bytes=818 avg=1088 kbps
[openvenc][rc] f=2407 P qp=16 bytes=752 avg=1087 kbps
[openvenc][rc] f=2408 P qp=16 bytes=739 avg=1087 kbps
[openvenc][rc] f=2409 P qp=16 bytes=725 avg=1087 kbps
[openvenc][rc] f=2410 P qp=16 bytes=732 avg=1087 kbps
[openvenc][rc] f=2411 P qp=16 bytes=713 avg=1086 kbps
[openvenc][rc] f=2412 P qp=16 bytes=707 avg=1086 kbps
[openvenc][rc] f=2413 P qp=16 bytes=715 avg=1086 kbps
[openvenc][rc] f=2414 P qp=16 bytes=719 avg=1085 kbps
[openvenc][rc] f=2415 P qp=16 bytes=714 avg=1085 kbps
[openvenc][rc] f=2416 P qp=16 bytes=719 avg=1085 kbps
[openvenc][rc] f=2417 P qp=16 bytes=715 avg=1084 kbps
[openvenc][rc] f=2418 P qp=16 bytes=717 avg=1084 kbps
[openvenc][rc] f=2419 P qp=16 bytes=704 avg=1084 kbps
[openvenc][rc] f=2420 P qp=16 bytes=718 avg=1083 kbps
[openvenc][rc] f=2421 P qp=16 bytes=714 avg=1083 kbps
[openvenc][rc] f=2422 P qp=16 bytes=719 avg=1083 kbps
[openvenc][rc] f=2423 P qp=16 bytes=715 avg=1083 kbps
[openvenc][rc] f=2424 P qp=16 bytes=717 avg=1082 kbps
[openvenc][rc] f=2425 P qp=16 bytes=713 avg=1082 kbps
[openvenc][rc] f=2426 P qp=16 bytes=707 avg=1082 kbps
[openvenc][rc] f=2427 P qp=16 bytes=704 avg=1081 kbps
[openvenc][rc] f=2428 P qp=16 bytes=707 avg=1081 kbps
[openvenc][rc] f=2429 P qp=16 bytes=704 avg=1081 kbps
[openvenc][rc] f=2430 P qp=16 bytes=707 avg=1080 kbps
[openvenc][rc] f=2431 P qp=16 bytes=704 avg=1080 kbps
[openvenc][rc] f=2432 P qp=16 bytes=707 avg=1080 kbps
[openvenc][rc] f=2433 P qp=16 bytes=704 avg=1079 kbps
[openvenc][rc] f=2434 P qp=16 bytes=707 avg=1079 kbps
[openvenc][rc] f=2435 P qp=16 bytes=704 avg=1079 kbps
[openvenc][rc] f=2436 P qp=16 bytes=707 avg=1079 kbps
[openvenc][rc] f=2437 P qp=16 bytes=704 avg=1078 kbps
[openvenc][rc] f=2438 P qp=16 bytes=707 avg=1078 kbps
[openvenc][rc] f=2439 P qp=16 bytes=704 avg=1078 kbps
[openvenc][rc] f=2440 P qp=16 bytes=707 avg=1077 kbps
[openvenc][rc] f=2441 P qp=16 bytes=704 avg=1077 kbps
[openvenc][rc] f=2442 P qp=16 bytes=707 avg=1077 kbps
[openvenc][rc] f=2443 P qp=16 bytes=704 avg=1076 kbps
[openvenc][rc] f=2444 P qp=16 bytes=707 avg=1076 kbps
[openvenc][rc] f=2445 P qp=16 bytes=704 avg=1076 kbps
[openvenc][rc] f=2446 P qp=16 bytes=707 avg=1076 kbps
[openvenc][rc] f=2447 P qp=16 bytes=704 avg=1075 kbps
[openvenc][rc] f=2448 P qp=16 bytes=707 avg=1075 kbps
[openvenc][rc] f=2449 P qp=16 bytes=704 avg=1075 kbps
[openvenc][rc] f=2450 IDR qp=16 bytes=69517 avg=1088 kbps
[openvenc][rc] f=2451 P qp=19 bytes=1953 avg=1087 kbps
[openvenc][rc] f=2452 P qp=18 bytes=1334 avg=1087 kbps
[openvenc][rc] f=2453 P qp=17 bytes=1803 avg=1087 kbps
[openvenc][rc] f=2454 P qp=16 bytes=1943 avg=1087 kbps
[openvenc][rc] f=2455 P qp=16 bytes=935 avg=1087 kbps
[openvenc][rc] f=2456 P qp=16 bytes=818 avg=1087 kbps
[openvenc][rc] f=2457 P qp=16 bytes=752 avg=1086 kbps
[openvenc][rc] f=2458 P qp=16 bytes=739 avg=1086 kbps
[openvenc][rc] f=2459 P qp=16 bytes=725 avg=1086 kbps
[openvenc][rc] f=2460 P qp=16 bytes=732 avg=1085 kbps
[openvenc][rc] f=2461 P qp=16 bytes=713 avg=1085 kbps
[openvenc][rc] f=2462 P qp=16 bytes=707 avg=1085 kbps
[openvenc][rc] f=2463 P qp=16 bytes=715 avg=1084 kbps
[openvenc][rc] f=2464 P qp=16 bytes=719 avg=1084 kbps
[openvenc][rc] f=2465 P qp=16 bytes=714 avg=1084 kbps
[openvenc][rc] f=2466 P qp=16 bytes=719 avg=1084 kbps
[openvenc][rc] f=2467 P qp=16 bytes=715 avg=1083 kbps
[openvenc][rc] f=2468 P qp=16 bytes=717 avg=1083 kbps
[openvenc][rc] f=2469 P qp=16 bytes=704 avg=1083 kbps
[openvenc][rc] f=2470 P qp=16 bytes=718 avg=1082 kbps
[openvenc][rc] f=2471 P qp=16 bytes=714 avg=1082 kbps
[openvenc][rc] f=2472 P qp=16 bytes=719 avg=1082 kbps
[openvenc][rc] f=2473 P qp=16 bytes=715 avg=1081 kbps
[openvenc][rc] f=2474 P qp=16 bytes=717 avg=1081 kbps
[openvenc][rc] f=2475 P qp=16 bytes=713 avg=1081 kbps
[openvenc][rc] f=2476 P qp=16 bytes=707 avg=1081 kbps
[openvenc][rc] f=2477 P qp=16 bytes=704 avg=1080 kbps
[openvenc][rc] f=2478 P qp=16 bytes=707 avg=1080 kbps
[openvenc][rc] f=2479 P qp=16 bytes=704 avg=1080 kbps
[openvenc][rc] f=2480 P qp=16 bytes=707 avg=1079 kbps
[openvenc][rc] f=2481 P qp=16 bytes=704 avg=1079 kbps
[openvenc][rc] f=2482 P qp=16 bytes=707 avg=1079 kbps
[openvenc][rc] f=2483 P qp=16 bytes=704 avg=1078 kbps
[openvenc][rc] f=2484 P qp=16 bytes=707 avg=1078 kbps
[openvenc][rc] f=2485 P qp=16 bytes=704 avg=1078 kbps
[openvenc][rc] f=2486 P qp=16 bytes=707 avg=1078 kbps
[openvenc][rc] f=2487 P qp=16 bytes=704 avg=1077 kbps
[openvenc][rc] f=2488 P qp=16 bytes=707 avg=1077 kbps
[openvenc][rc] f=2489 P qp=16 bytes=704 avg=1077 kbps
[openvenc][rc] f=2490 P qp=16 bytes=707 avg=1076 kbps
[openvenc][rc] f=2491 P qp=16 bytes=704 avg=1076 kbps
[openvenc][rc] f=2492 P qp=16 bytes=707 avg=1076 kbps
[openvenc][rc] f=2493 P qp=16 bytes=704 avg=1075 kbps
[openvenc][rc] f=2494 P qp=16 bytes=707 avg=1075 kbps
[openvenc][rc] f=2495 P qp=16 bytes=704 avg=1075 kbps
[openvenc][rc] f=2496 P qp=16 bytes=707 avg=1075 kbps
[openvenc][rc] f=2497 P qp=16 bytes=704 avg=1074 kbps
[openvenc][rc] f=2498 P qp=16 bytes=707 avg=1074 kbps
[openvenc][rc] f=2499 P qp=16 bytes=704 avg=1074 kbps
[openvenc][rc] f=2500 IDR qp=16 bytes=69517 avg=1086 kbps
[openvenc][rc] f=2501 P qp=19 bytes=1953 avg=1086 kbps
[openvenc][rc] f=2502 P qp=18 bytes=1334 avg=1086 kbps
[openvenc][rc] f=2503 P qp=17 bytes=1803 avg=1086 kbps
[openvenc][rc] f=2504 P qp=16 bytes=1943 avg=1086 kbps
[openvenc][rc] f=2505 P qp=16 bytes=935 avg=1086 kbps
[openvenc][rc] f=2506 P qp=16 bytes=818 avg=1085 kbps
[openvenc][rc] f=2507 P qp=16 bytes=752 avg=1085 kbps
[openvenc][rc] f=2508 P qp=16 bytes=739 avg=1085 kbps
[openvenc][rc] f=2509 P qp=16 bytes=725 avg=1085 kbps
[openvenc][rc] f=2510 P qp=16 bytes=732 avg=1084 kbps
[openvenc][rc] f=2511 P qp=16 bytes=713 avg=1084 kbps
[openvenc][rc] f=2512 P qp=16 bytes=707 avg=1084 kbps
[openvenc][rc] f=2513 P qp=16 bytes=715 avg=1083 kbps
[openvenc][rc] f=2514 P qp=16 bytes=719 avg=1083 kbps
[openvenc][rc] f=2515 P qp=16 bytes=714 avg=1083 kbps
[openvenc][rc] f=2516 P qp=16 bytes=719 avg=1082 kbps
[openvenc][rc] f=2517 P qp=16 bytes=715 avg=1082 kbps
[openvenc][rc] f=2518 P qp=16 bytes=717 avg=1082 kbps
[openvenc][rc] f=2519 P qp=16 bytes=704 avg=1082 kbps
[openvenc][rc] f=2520 P qp=16 bytes=718 avg=1081 kbps
[openvenc][rc] f=2521 P qp=16 bytes=714 avg=1081 kbps
[openvenc][rc] f=2522 P qp=16 bytes=719 avg=1081 kbps
[openvenc][rc] f=2523 P qp=16 bytes=715 avg=1080 kbps
[openvenc][rc] f=2524 P qp=16 bytes=717 avg=1080 kbps
[openvenc][rc] f=2525 P qp=16 bytes=713 avg=1080 kbps
[openvenc][rc] f=2526 P qp=16 bytes=707 avg=1080 kbps
[openvenc][rc] f=2527 P qp=16 bytes=704 avg=1079 kbps
[openvenc][rc] f=2528 P qp=16 bytes=707 avg=1079 kbps
[openvenc][rc] f=2529 P qp=16 bytes=704 avg=1079 kbps
[openvenc][rc] f=2530 P qp=16 bytes=707 avg=1078 kbps
[openvenc][rc] f=2531 P qp=16 bytes=704 avg=1078 kbps
[openvenc][rc] f=2532 P qp=16 bytes=707 avg=1078 kbps
[openvenc][rc] f=2533 P qp=16 bytes=704 avg=1077 kbps
[openvenc][rc] f=2534 P qp=16 bytes=707 avg=1077 kbps
[openvenc][rc] f=2535 P qp=16 bytes=704 avg=1077 kbps
[openvenc][rc] f=2536 P qp=16 bytes=707 avg=1077 kbps
[openvenc][rc] f=2537 P qp=16 bytes=704 avg=1076 kbps
[openvenc][rc] f=2538 P qp=16 bytes=707 avg=1076 kbps
[openvenc][rc] f=2539 P qp=16 bytes=704 avg=1076 kbps
[openvenc][rc] f=2540 P qp=16 bytes=707 avg=1075 kbps
[openvenc][rc] f=2541 P qp=16 bytes=704 avg=1075 kbps
[openvenc][rc] f=2542 P qp=16 bytes=707 avg=1075 kbps
[openvenc][rc] f=2543 P qp=16 bytes=704 avg=1075 kbps
[openvenc][rc] f=2544 P qp=16 bytes=707 avg=1074 kbps
[openvenc][rc] f=2545 P qp=16 bytes=704 avg=1074 kbps
[openvenc][rc] f=2546 P qp=16 bytes=707 avg=1074 kbps
[openvenc][rc] f=2547 P qp=16 bytes=704 avg=1073 kbps
[openvenc][rc] f=2548 P qp=16 bytes=707 avg=1073 kbps
[openvenc][rc] f=2549 P qp=16 bytes=704 avg=1073 kbps
[openvenc][rc] f=2550 IDR qp=16 bytes=69517 avg=1085 kbps
[openvenc][rc] f=2551 P qp=19 bytes=1953 avg=1085 kbps
[openvenc][rc] f=2552 P qp=18 bytes=1334 avg=1085 kbps
[openvenc][rc] f=2553 P qp=17 bytes=1803 avg=1085 kbps
[openvenc][rc] f=2554 P qp=16 bytes=1943 avg=1085 kbps
[openvenc][rc] f=2555 P qp=16 bytes=935 avg=1085 kbps
[openvenc][rc] f=2556 P qp=16 bytes=818 avg=1084 kbps
[openvenc][rc] f=2557 P qp=16 bytes=752 avg=1084 kbps
[openvenc][rc] f=2558 P qp=16 bytes=739 avg=1084 kbps
[openvenc][rc] f=2559 P qp=16 bytes=725 avg=1083 kbps
[openvenc][rc] f=2560 P qp=16 bytes=732 avg=1083 kbps
[openvenc][rc] f=2561 P qp=16 bytes=713 avg=1083 kbps
[openvenc][rc] f=2562 P qp=16 bytes=707 avg=1083 kbps
[openvenc][rc] f=2563 P qp=16 bytes=715 avg=1082 kbps
[openvenc][rc] f=2564 P qp=16 bytes=719 avg=1082 kbps
[openvenc][rc] f=2565 P qp=16 bytes=714 avg=1082 kbps
[openvenc][rc] f=2566 P qp=16 bytes=719 avg=1081 kbps
[openvenc][rc] f=2567 P qp=16 bytes=715 avg=1081 kbps
[openvenc][rc] f=2568 P qp=16 bytes=717 avg=1081 kbps
[openvenc][rc] f=2569 P qp=16 bytes=704 avg=1081 kbps
[openvenc][rc] f=2570 P qp=16 bytes=718 avg=1080 kbps
[openvenc][rc] f=2571 P qp=16 bytes=714 avg=1080 kbps
[openvenc][rc] f=2572 P qp=16 bytes=719 avg=1080 kbps
[openvenc][rc] f=2573 P qp=16 bytes=715 avg=1079 kbps
[openvenc][rc] f=2574 P qp=16 bytes=717 avg=1079 kbps
[openvenc][rc] f=2575 P qp=16 bytes=713 avg=1079 kbps
[openvenc][rc] f=2576 P qp=16 bytes=707 avg=1079 kbps
[openvenc][rc] f=2577 P qp=16 bytes=704 avg=1078 kbps
[openvenc][rc] f=2578 P qp=16 bytes=707 avg=1078 kbps
[openvenc][rc] f=2579 P qp=16 bytes=704 avg=1078 kbps
[openvenc][rc] f=2580 P qp=16 bytes=707 avg=1077 kbps
[openvenc][rc] f=2581 P qp=16 bytes=704 avg=1077 kbps
[openvenc][rc] f=2582 P qp=16 bytes=707 avg=1077 kbps
[openvenc][rc] f=2583 P qp=16 bytes=704 avg=1076 kbps
[openvenc][rc] f=2584 P qp=16 bytes=707 avg=1076 kbps
[openvenc][rc] f=2585 P qp=16 bytes=704 avg=1076 kbps
[openvenc][rc] f=2586 P qp=16 bytes=707 avg=1076 kbps
[openvenc][rc] f=2587 P qp=16 bytes=704 avg=1075 kbps
[openvenc][rc] f=2588 P qp=16 bytes=707 avg=1075 kbps
[openvenc][rc] f=2589 P qp=16 bytes=704 avg=1075 kbps
[openvenc][rc] f=2590 P qp=16 bytes=707 avg=1074 kbps
[openvenc][rc] f=2591 P qp=16 bytes=704 avg=1074 kbps
[openvenc][rc] f=2592 P qp=16 bytes=707 avg=1074 kbps
[openvenc][rc] f=2593 P qp=16 bytes=704 avg=1074 kbps
[openvenc][rc] f=2594 P qp=16 bytes=707 avg=1073 kbps
[openvenc][rc] f=2595 P qp=16 bytes=704 avg=1073 kbps
[openvenc][rc] f=2596 P qp=16 bytes=707 avg=1073 kbps
[openvenc][rc] f=2597 P qp=16 bytes=704 avg=1072 kbps
[openvenc][rc] f=2598 P qp=16 bytes=707 avg=1072 kbps
[openvenc][rc] f=2599 P qp=16 bytes=704 avg=1072 kbps
[openvenc][rc] f=2600 IDR qp=16 bytes=69517 avg=1084 kbps
[openvenc][rc] f=2601 P qp=19 bytes=1953 avg=1084 kbps
[openvenc][rc] f=2602 P qp=18 bytes=1334 avg=1084 kbps
[openvenc][rc] f=2603 P qp=17 bytes=1803 avg=1084 kbps
[openvenc][rc] f=2604 P qp=16 bytes=1943 avg=1084 kbps
[openvenc][rc] f=2605 P qp=16 bytes=935 avg=1083 kbps
[openvenc][rc] f=2606 P qp=16 bytes=818 avg=1083 kbps
[openvenc][rc] f=2607 P qp=16 bytes=752 avg=1083 kbps
[openvenc][rc] f=2608 P qp=16 bytes=739 avg=1083 kbps
[openvenc][rc] f=2609 P qp=16 bytes=725 avg=1082 kbps
[openvenc][rc] f=2610 P qp=16 bytes=732 avg=1082 kbps
[openvenc][rc] f=2611 P qp=16 bytes=713 avg=1082 kbps
[openvenc][rc] f=2612 P qp=16 bytes=707 avg=1082 kbps
[openvenc][rc] f=2613 P qp=16 bytes=715 avg=1081 kbps
[openvenc][rc] f=2614 P qp=16 bytes=719 avg=1081 kbps
[openvenc][rc] f=2615 P qp=16 bytes=714 avg=1081 kbps
[openvenc][rc] f=2616 P qp=16 bytes=719 avg=1080 kbps
[openvenc][rc] f=2617 P qp=16 bytes=715 avg=1080 kbps
[openvenc][rc] f=2618 P qp=16 bytes=717 avg=1080 kbps
[openvenc][rc] f=2619 P qp=16 bytes=704 avg=1080 kbps
[openvenc][rc] f=2620 P qp=16 bytes=718 avg=1079 kbps
[openvenc][rc] f=2621 P qp=16 bytes=714 avg=1079 kbps
[openvenc][rc] f=2622 P qp=16 bytes=719 avg=1079 kbps
[openvenc][rc] f=2623 P qp=16 bytes=715 avg=1078 kbps
[openvenc][rc] f=2624 P qp=16 bytes=717 avg=1078 kbps
[openvenc][rc] f=2625 P qp=16 bytes=713 avg=1078 kbps
[openvenc][rc] f=2626 P qp=16 bytes=707 avg=1078 kbps
[openvenc][rc] f=2627 P qp=16 bytes=704 avg=1077 kbps
[openvenc][rc] f=2628 P qp=16 bytes=707 avg=1077 kbps
[openvenc][rc] f=2629 P qp=16 bytes=704 avg=1077 kbps
[openvenc][rc] f=2630 P qp=16 bytes=707 avg=1076 kbps
[openvenc][rc] f=2631 P qp=16 bytes=704 avg=1076 kbps
[openvenc][rc] f=2632 P qp=16 bytes=707 avg=1076 kbps
[openvenc][rc] f=2633 P qp=16 bytes=704 avg=1076 kbps
[openvenc][rc] f=2634 P qp=16 bytes=707 avg=1075 kbps
[openvenc][rc] f=2635 P qp=16 bytes=704 avg=1075 kbps
[openvenc][rc] f=2636 P qp=16 bytes=707 avg=1075 kbps
[openvenc][rc] f=2637 P qp=16 bytes=704 avg=1074 kbps
[openvenc][rc] f=2638 P qp=16 bytes=707 avg=1074 kbps
[openvenc][rc] f=2639 P qp=16 bytes=704 avg=1074 kbps
[openvenc][rc] f=2640 P qp=16 bytes=707 avg=1074 kbps
[openvenc][rc] f=2641 P qp=16 bytes=704 avg=1073 kbps
[openvenc][rc] f=2642 P qp=16 bytes=707 avg=1073 kbps
[openvenc][rc] f=2643 P qp=16 bytes=704 avg=1073 kbps
[openvenc][rc] f=2644 P qp=16 bytes=707 avg=1072 kbps
[openvenc][rc] f=2645 P qp=16 bytes=704 avg=1072 kbps
[openvenc][rc] f=2646 P qp=16 bytes=707 avg=1072 kbps
[openvenc][rc] f=2647 P qp=16 bytes=704 avg=1072 kbps
[openvenc][rc] f=2648 P qp=16 bytes=707 avg=1071 kbps
[openvenc][rc] f=2649 P qp=16 bytes=704 avg=1071 kbps
[openvenc][rc] f=2650 IDR qp=16 bytes=69517 avg=1083 kbps
[openvenc][rc] f=2651 P qp=19 bytes=1953 avg=1083 kbps
[openvenc][rc] f=2652 P qp=18 bytes=1334 avg=1083 kbps
[openvenc][rc] f=2653 P qp=17 bytes=1803 avg=1083 kbps
[openvenc][rc] f=2654 P qp=16 bytes=1943 avg=1083 kbps
[openvenc][rc] f=2655 P qp=16 bytes=935 avg=1082 kbps
[openvenc][rc] f=2656 P qp=16 bytes=818 avg=1082 kbps
[openvenc][rc] f=2657 P qp=16 bytes=752 avg=1082 kbps
[openvenc][rc] f=2658 P qp=16 bytes=739 avg=1082 kbps
[openvenc][rc] f=2659 P qp=16 bytes=725 avg=1081 kbps
[openvenc][rc] f=2660 P qp=16 bytes=732 avg=1081 kbps
[openvenc][rc] f=2661 P qp=16 bytes=713 avg=1081 kbps
[openvenc][rc] f=2662 P qp=16 bytes=707 avg=1081 kbps
[openvenc][rc] f=2663 P qp=16 bytes=715 avg=1080 kbps
[openvenc][rc] f=2664 P qp=16 bytes=719 avg=1080 kbps
[openvenc][rc] f=2665 P qp=16 bytes=714 avg=1080 kbps
[openvenc][rc] f=2666 P qp=16 bytes=719 avg=1079 kbps
[openvenc][rc] f=2667 P qp=16 bytes=715 avg=1079 kbps
[openvenc][rc] f=2668 P qp=16 bytes=717 avg=1079 kbps
[openvenc][rc] f=2669 P qp=16 bytes=704 avg=1079 kbps
[openvenc][rc] f=2670 P qp=16 bytes=718 avg=1078 kbps
[openvenc][rc] f=2671 P qp=16 bytes=714 avg=1078 kbps
[openvenc][rc] f=2672 P qp=16 bytes=719 avg=1078 kbps
[openvenc][rc] f=2673 P qp=16 bytes=715 avg=1077 kbps
[openvenc][rc] f=2674 P qp=16 bytes=717 avg=1077 kbps
[openvenc][rc] f=2675 P qp=16 bytes=713 avg=1077 kbps
[openvenc][rc] f=2676 P qp=16 bytes=707 avg=1077 kbps
[openvenc][rc] f=2677 P qp=16 bytes=704 avg=1076 kbps
[openvenc][rc] f=2678 P qp=16 bytes=707 avg=1076 kbps
[openvenc][rc] f=2679 P qp=16 bytes=704 avg=1076 kbps
[openvenc][rc] f=2680 P qp=16 bytes=707 avg=1076 kbps
[openvenc][rc] f=2681 P qp=16 bytes=704 avg=1075 kbps
[openvenc][rc] f=2682 P qp=16 bytes=707 avg=1075 kbps
[openvenc][rc] f=2683 P qp=16 bytes=704 avg=1075 kbps
[openvenc][rc] f=2684 P qp=16 bytes=707 avg=1074 kbps
[openvenc][rc] f=2685 P qp=16 bytes=704 avg=1074 kbps
[openvenc][rc] f=2686 P qp=16 bytes=707 avg=1074 kbps
[openvenc][rc] f=2687 P qp=16 bytes=704 avg=1074 kbps
[openvenc][rc] f=2688 P qp=16 bytes=707 avg=1073 kbps
[openvenc][rc] f=2689 P qp=16 bytes=704 avg=1073 kbps
[openvenc][rc] f=2690 P qp=16 bytes=707 avg=1073 kbps
[openvenc][rc] f=2691 P qp=16 bytes=704 avg=1072 kbps
[openvenc][rc] f=2692 P qp=16 bytes=707 avg=1072 kbps
[openvenc][rc] f=2693 P qp=16 bytes=704 avg=1072 kbps
[openvenc][rc] f=2694 P qp=16 bytes=707 avg=1072 kbps
[openvenc][rc] f=2695 P qp=16 bytes=704 avg=1071 kbps
[openvenc][rc] f=2696 P qp=16 bytes=707 avg=1071 kbps
[openvenc][rc] f=2697 P qp=16 bytes=704 avg=1071 kbps
[openvenc][rc] f=2698 P qp=16 bytes=707 avg=1071 kbps
[openvenc][rc] f=2699 P qp=16 bytes=704 avg=1070 kbps
[openvenc][rc] f=2700 IDR qp=16 bytes=69517 avg=1082 kbps
[openvenc][rc] f=2701 P qp=19 bytes=1953 avg=1082 kbps
[openvenc][rc] f=2702 P qp=18 bytes=1334 avg=1082 kbps
[openvenc][rc] f=2703 P qp=17 bytes=1803 avg=1082 kbps
[openvenc][rc] f=2704 P qp=16 bytes=1943 avg=1082 kbps
[openvenc][rc] f=2705 P qp=16 bytes=935 avg=1081 kbps
[openvenc][rc] f=2706 P qp=16 bytes=818 avg=1081 kbps
[openvenc][rc] f=2707 P qp=16 bytes=752 avg=1081 kbps
[openvenc][rc] f=2708 P qp=16 bytes=739 avg=1081 kbps
[openvenc][rc] f=2709 P qp=16 bytes=725 avg=1080 kbps
[openvenc][rc] f=2710 P qp=16 bytes=732 avg=1080 kbps
[openvenc][rc] f=2711 P qp=16 bytes=713 avg=1080 kbps
[openvenc][rc] f=2712 P qp=16 bytes=707 avg=1080 kbps
[openvenc][rc] f=2713 P qp=16 bytes=715 avg=1079 kbps
[openvenc][rc] f=2714 P qp=16 bytes=719 avg=1079 kbps
[openvenc][rc] f=2715 P qp=16 bytes=714 avg=1079 kbps
[openvenc][rc] f=2716 P qp=16 bytes=719 avg=1078 kbps
[openvenc][rc] f=2717 P qp=16 bytes=715 avg=1078 kbps
[openvenc][rc] f=2718 P qp=16 bytes=717 avg=1078 kbps
[openvenc][rc] f=2719 P qp=16 bytes=704 avg=1078 kbps
[openvenc][rc] f=2720 P qp=16 bytes=718 avg=1077 kbps
[openvenc][rc] f=2721 P qp=16 bytes=714 avg=1077 kbps
[openvenc][rc] f=2722 P qp=16 bytes=719 avg=1077 kbps
[openvenc][rc] f=2723 P qp=16 bytes=715 avg=1077 kbps
[openvenc][rc] f=2724 P qp=16 bytes=717 avg=1076 kbps
[openvenc][rc] f=2725 P qp=16 bytes=713 avg=1076 kbps
[openvenc][rc] f=2726 P qp=16 bytes=707 avg=1076 kbps
[openvenc][rc] f=2727 P qp=16 bytes=704 avg=1075 kbps
[openvenc][rc] f=2728 P qp=16 bytes=707 avg=1075 kbps
[openvenc][rc] f=2729 P qp=16 bytes=704 avg=1075 kbps
[openvenc][rc] f=2730 P qp=16 bytes=707 avg=1075 kbps
[openvenc][rc] f=2731 P qp=16 bytes=704 avg=1074 kbps
[openvenc][rc] f=2732 P qp=16 bytes=707 avg=1074 kbps
[openvenc][rc] f=2733 P qp=16 bytes=704 avg=1074 kbps
[openvenc][rc] f=2734 P qp=16 bytes=707 avg=1074 kbps
[openvenc][rc] f=2735 P qp=16 bytes=704 avg=1073 kbps
[openvenc][rc] f=2736 P qp=16 bytes=707 avg=1073 kbps
[openvenc][rc] f=2737 P qp=16 bytes=704 avg=1073 kbps
[openvenc][rc] f=2738 P qp=16 bytes=707 avg=1072 kbps
[openvenc][rc] f=2739 P qp=16 bytes=704 avg=1072 kbps
[openvenc][rc] f=2740 P qp=16 bytes=707 avg=1072 kbps
[openvenc][rc] f=2741 P qp=16 bytes=704 avg=1072 kbps
[openvenc][rc] f=2742 P qp=16 bytes=707 avg=1071 kbps
[openvenc][rc] f=2743 P qp=16 bytes=704 avg=1071 kbps
[openvenc][rc] f=2744 P qp=16 bytes=707 avg=1071 kbps
[openvenc][rc] f=2745 P qp=16 bytes=704 avg=1071 kbps
[openvenc][rc] f=2746 P qp=16 bytes=707 avg=1070 kbps
[openvenc][rc] f=2747 P qp=16 bytes=704 avg=1070 kbps
[openvenc][rc] f=2748 P qp=16 bytes=707 avg=1070 kbps
[openvenc][rc] f=2749 P qp=16 bytes=704 avg=1070 kbps
[openvenc][rc] f=2750 IDR qp=16 bytes=69517 avg=1081 kbps
[openvenc][rc] f=2751 P qp=19 bytes=1953 avg=1081 kbps
[openvenc][rc] f=2752 P qp=18 bytes=1334 avg=1081 kbps
[openvenc][rc] f=2753 P qp=17 bytes=1803 avg=1081 kbps
[openvenc][rc] f=2754 P qp=16 bytes=1943 avg=1081 kbps
[openvenc][rc] f=2755 P qp=16 bytes=935 avg=1080 kbps
[openvenc][rc] f=2756 P qp=16 bytes=818 avg=1080 kbps
[openvenc][rc] f=2757 P qp=16 bytes=752 avg=1080 kbps
[openvenc][rc] f=2758 P qp=16 bytes=739 avg=1080 kbps
[openvenc][rc] f=2759 P qp=16 bytes=725 avg=1079 kbps
[openvenc][rc] f=2760 P qp=16 bytes=732 avg=1079 kbps
[openvenc][rc] f=2761 P qp=16 bytes=713 avg=1079 kbps
[openvenc][rc] f=2762 P qp=16 bytes=707 avg=1079 kbps
[openvenc][rc] f=2763 P qp=16 bytes=715 avg=1078 kbps
[openvenc][rc] f=2764 P qp=16 bytes=719 avg=1078 kbps
[openvenc][rc] f=2765 P qp=16 bytes=714 avg=1078 kbps
[openvenc][rc] f=2766 P qp=16 bytes=719 avg=1078 kbps
[openvenc][rc] f=2767 P qp=16 bytes=715 avg=1077 kbps
[openvenc][rc] f=2768 P qp=16 bytes=717 avg=1077 kbps
[openvenc][rc] f=2769 P qp=16 bytes=704 avg=1077 kbps
[openvenc][rc] f=2770 P qp=16 bytes=718 avg=1076 kbps
[openvenc][rc] f=2771 P qp=16 bytes=714 avg=1076 kbps
[openvenc][rc] f=2772 P qp=16 bytes=719 avg=1076 kbps
[openvenc][rc] f=2773 P qp=16 bytes=715 avg=1076 kbps
[openvenc][rc] f=2774 P qp=16 bytes=717 avg=1075 kbps
[openvenc][rc] f=2775 P qp=16 bytes=713 avg=1075 kbps
[openvenc][rc] f=2776 P qp=16 bytes=707 avg=1075 kbps
[openvenc][rc] f=2777 P qp=16 bytes=704 avg=1075 kbps
[openvenc][rc] f=2778 P qp=16 bytes=707 avg=1074 kbps
[openvenc][rc] f=2779 P qp=16 bytes=704 avg=1074 kbps
[openvenc][rc] f=2780 P qp=16 bytes=707 avg=1074 kbps
[openvenc][rc] f=2781 P qp=16 bytes=704 avg=1074 kbps
[openvenc][rc] f=2782 P qp=16 bytes=707 avg=1073 kbps
[openvenc][rc] f=2783 P qp=16 bytes=704 avg=1073 kbps
[openvenc][rc] f=2784 P qp=16 bytes=707 avg=1073 kbps
[openvenc][rc] f=2785 P qp=16 bytes=704 avg=1072 kbps
[openvenc][rc] f=2786 P qp=16 bytes=707 avg=1072 kbps
[openvenc][rc] f=2787 P qp=16 bytes=704 avg=1072 kbps
[openvenc][rc] f=2788 P qp=16 bytes=707 avg=1072 kbps
[openvenc][rc] f=2789 P qp=16 bytes=704 avg=1071 kbps
[openvenc][rc] f=2790 P qp=16 bytes=707 avg=1071 kbps
[openvenc][rc] f=2791 P qp=16 bytes=704 avg=1071 kbps
[openvenc][rc] f=2792 P qp=16 bytes=707 avg=1071 kbps
[openvenc][rc] f=2793 P qp=16 bytes=704 avg=1070 kbps
[openvenc][rc] f=2794 P qp=16 bytes=707 avg=1070 kbps
[openvenc][rc] f=2795 P qp=16 bytes=704 avg=1070 kbps
[openvenc][rc] f=2796 P qp=16 bytes=707 avg=1070 kbps
[openvenc][rc] f=2797 P qp=16 bytes=704 avg=1069 kbps
[openvenc][rc] f=2798 P qp=16 bytes=707 avg=1069 kbps
[openvenc][rc] f=2799 P qp=16 bytes=704 avg=1069 kbps
[openvenc][rc] f=2800 IDR qp=16 bytes=69517 avg=1080 kbps
[openvenc][rc] f=2801 P qp=19 bytes=1953 avg=1080 kbps
[openvenc][rc] f=2802 P qp=18 bytes=1334 avg=1080 kbps
[openvenc][rc] f=2803 P qp=17 bytes=1803 avg=1080 kbps
[openvenc][rc] f=2804 P qp=16 bytes=1943 avg=1080 kbps
[openvenc][rc] f=2805 P qp=16 bytes=935 avg=1080 kbps
[openvenc][rc] f=2806 P qp=16 bytes=818 avg=1079 kbps
[openvenc][rc] f=2807 P qp=16 bytes=752 avg=1079 kbps
[openvenc][rc] f=2808 P qp=16 bytes=739 avg=1079 kbps
[openvenc][rc] f=2809 P qp=16 bytes=725 avg=1079 kbps
[openvenc][rc] f=2810 P qp=16 bytes=732 avg=1078 kbps
[openvenc][rc] f=2811 P qp=16 bytes=713 avg=1078 kbps
[openvenc][rc] f=2812 P qp=16 bytes=707 avg=1078 kbps
[openvenc][rc] f=2813 P qp=16 bytes=715 avg=1077 kbps
[openvenc][rc] f=2814 P qp=16 bytes=719 avg=1077 kbps
[openvenc][rc] f=2815 P qp=16 bytes=714 avg=1077 kbps
[openvenc][rc] f=2816 P qp=16 bytes=719 avg=1077 kbps
[openvenc][rc] f=2817 P qp=16 bytes=715 avg=1076 kbps
[openvenc][rc] f=2818 P qp=16 bytes=717 avg=1076 kbps
[openvenc][rc] f=2819 P qp=16 bytes=704 avg=1076 kbps
[openvenc][rc] f=2820 P qp=16 bytes=718 avg=1076 kbps
[openvenc][rc] f=2821 P qp=16 bytes=714 avg=1075 kbps
[openvenc][rc] f=2822 P qp=16 bytes=719 avg=1075 kbps
[openvenc][rc] f=2823 P qp=16 bytes=715 avg=1075 kbps
[openvenc][rc] f=2824 P qp=16 bytes=717 avg=1075 kbps
[openvenc][rc] f=2825 P qp=16 bytes=713 avg=1074 kbps
[openvenc][rc] f=2826 P qp=16 bytes=707 avg=1074 kbps
[openvenc][rc] f=2827 P qp=16 bytes=704 avg=1074 kbps
[openvenc][rc] f=2828 P qp=16 bytes=707 avg=1074 kbps
[openvenc][rc] f=2829 P qp=16 bytes=704 avg=1073 kbps
[openvenc][rc] f=2830 P qp=16 bytes=707 avg=1073 kbps
[openvenc][rc] f=2831 P qp=16 bytes=704 avg=1073 kbps
[openvenc][rc] f=2832 P qp=16 bytes=707 avg=1072 kbps
[openvenc][rc] f=2833 P qp=16 bytes=704 avg=1072 kbps
[openvenc][rc] f=2834 P qp=16 bytes=707 avg=1072 kbps
[openvenc][rc] f=2835 P qp=16 bytes=704 avg=1072 kbps
[openvenc][rc] f=2836 P qp=16 bytes=707 avg=1071 kbps
[openvenc][rc] f=2837 P qp=16 bytes=704 avg=1071 kbps
[openvenc][rc] f=2838 P qp=16 bytes=707 avg=1071 kbps
[openvenc][rc] f=2839 P qp=16 bytes=704 avg=1071 kbps
[openvenc][rc] f=2840 P qp=16 bytes=707 avg=1070 kbps
[openvenc][rc] f=2841 P qp=16 bytes=704 avg=1070 kbps
[openvenc][rc] f=2842 P qp=16 bytes=707 avg=1070 kbps
[openvenc][rc] f=2843 P qp=16 bytes=704 avg=1070 kbps
[openvenc][rc] f=2844 P qp=16 bytes=707 avg=1069 kbps
[openvenc][rc] f=2845 P qp=16 bytes=704 avg=1069 kbps
[openvenc][rc] f=2846 P qp=16 bytes=707 avg=1069 kbps
[openvenc][rc] f=2847 P qp=16 bytes=704 avg=1069 kbps
[openvenc][rc] f=2848 P qp=16 bytes=707 avg=1068 kbps
[openvenc][rc] f=2849 P qp=16 bytes=704 avg=1068 kbps
[openvenc][rc] f=2850 IDR qp=16 bytes=69517 avg=1079 kbps
[openvenc][rc] f=2851 P qp=19 bytes=1953 avg=1079 kbps
[openvenc][rc] f=2852 P qp=18 bytes=1334 avg=1079 kbps
[openvenc][rc] f=2853 P qp=17 bytes=1803 avg=1079 kbps
[openvenc][rc] f=2854 P qp=16 bytes=1943 avg=1079 kbps
[openvenc][rc] f=2855 P qp=16 bytes=935 avg=1079 kbps
[openvenc][rc] f=2856 P qp=16 bytes=818 avg=1078 kbps
[openvenc][rc] f=2857 P qp=16 bytes=752 avg=1078 kbps
[openvenc][rc] f=2858 P qp=16 bytes=739 avg=1078 kbps
[openvenc][rc] f=2859 P qp=16 bytes=725 avg=1078 kbps
[openvenc][rc] f=2860 P qp=16 bytes=732 avg=1077 kbps
[openvenc][rc] f=2861 P qp=16 bytes=713 avg=1077 kbps
[openvenc][rc] f=2862 P qp=16 bytes=707 avg=1077 kbps
[openvenc][rc] f=2863 P qp=16 bytes=715 avg=1077 kbps
[openvenc][rc] f=2864 P qp=16 bytes=719 avg=1076 kbps
[openvenc][rc] f=2865 P qp=16 bytes=714 avg=1076 kbps
[openvenc][rc] f=2866 P qp=16 bytes=719 avg=1076 kbps
[openvenc][rc] f=2867 P qp=16 bytes=715 avg=1076 kbps
[openvenc][rc] f=2868 P qp=16 bytes=717 avg=1075 kbps
[openvenc][rc] f=2869 P qp=16 bytes=704 avg=1075 kbps
[openvenc][rc] f=2870 P qp=16 bytes=718 avg=1075 kbps
[openvenc][rc] f=2871 P qp=16 bytes=714 avg=1075 kbps
[openvenc][rc] f=2872 P qp=16 bytes=719 avg=1074 kbps
[openvenc][rc] f=2873 P qp=16 bytes=715 avg=1074 kbps
[openvenc][rc] f=2874 P qp=16 bytes=717 avg=1074 kbps
[openvenc][rc] f=2875 P qp=16 bytes=713 avg=1074 kbps
[openvenc][rc] f=2876 P qp=16 bytes=707 avg=1073 kbps
[openvenc][rc] f=2877 P qp=16 bytes=704 avg=1073 kbps
[openvenc][rc] f=2878 P qp=16 bytes=707 avg=1073 kbps
[openvenc][rc] f=2879 P qp=16 bytes=704 avg=1072 kbps
[openvenc][rc] f=2880 P qp=16 bytes=707 avg=1072 kbps
[openvenc][rc] f=2881 P qp=16 bytes=704 avg=1072 kbps
[openvenc][rc] f=2882 P qp=16 bytes=707 avg=1072 kbps
[openvenc][rc] f=2883 P qp=16 bytes=704 avg=1071 kbps
[openvenc][rc] f=2884 P qp=16 bytes=707 avg=1071 kbps
[openvenc][rc] f=2885 P qp=16 bytes=704 avg=1071 kbps
[openvenc][rc] f=2886 P qp=16 bytes=707 avg=1071 kbps
[openvenc][rc] f=2887 P qp=16 bytes=704 avg=1070 kbps
[openvenc][rc] f=2888 P qp=16 bytes=707 avg=1070 kbps
[openvenc][rc] f=2889 P qp=16 bytes=704 avg=1070 kbps
[openvenc][rc] f=2890 P qp=16 bytes=707 avg=1070 kbps
[openvenc][rc] f=2891 P qp=16 bytes=704 avg=1069 kbps
[openvenc][rc] f=2892 P qp=16 bytes=707 avg=1069 kbps
[openvenc][rc] f=2893 P qp=16 bytes=704 avg=1069 kbps
[openvenc][rc] f=2894 P qp=16 bytes=707 avg=1069 kbps
[openvenc][rc] f=2895 P qp=16 bytes=704 avg=1068 kbps
[openvenc][rc] f=2896 P qp=16 bytes=707 avg=1068 kbps
[openvenc][rc] f=2897 P qp=16 bytes=704 avg=1068 kbps
[openvenc][rc] f=2898 P qp=16 bytes=707 avg=1068 kbps
[openvenc][rc] f=2899 P qp=16 bytes=704 avg=1067 kbps
[openvenc][rc] f=2900 IDR qp=16 bytes=69517 avg=1078 kbps
[openvenc][rc] f=2901 P qp=19 bytes=1953 avg=1078 kbps
[openvenc][rc] f=2902 P qp=18 bytes=1334 avg=1078 kbps
[openvenc][rc] f=2903 P qp=17 bytes=1803 avg=1078 kbps
[openvenc][rc] f=2904 P qp=16 bytes=1943 avg=1078 kbps
[openvenc][rc] f=2905 P qp=16 bytes=935 avg=1078 kbps
[openvenc][rc] f=2906 P qp=16 bytes=818 avg=1078 kbps
[openvenc][rc] f=2907 P qp=16 bytes=752 avg=1077 kbps
[openvenc][rc] f=2908 P qp=16 bytes=739 avg=1077 kbps
[openvenc][rc] f=2909 P qp=16 bytes=725 avg=1077 kbps
[openvenc][rc] f=2910 P qp=16 bytes=732 avg=1077 kbps
[openvenc][rc] f=2911 P qp=16 bytes=713 avg=1076 kbps
[openvenc][rc] f=2912 P qp=16 bytes=707 avg=1076 kbps
[openvenc][rc] f=2913 P qp=16 bytes=715 avg=1076 kbps
[openvenc][rc] f=2914 P qp=16 bytes=719 avg=1076 kbps
[openvenc][rc] f=2915 P qp=16 bytes=714 avg=1075 kbps
[openvenc][rc] f=2916 P qp=16 bytes=719 avg=1075 kbps
[openvenc][rc] f=2917 P qp=16 bytes=715 avg=1075 kbps
[openvenc][rc] f=2918 P qp=16 bytes=717 avg=1074 kbps
[openvenc][rc] f=2919 P qp=16 bytes=704 avg=1074 kbps
[openvenc][rc] f=2920 P qp=16 bytes=718 avg=1074 kbps
[openvenc][rc] f=2921 P qp=16 bytes=714 avg=1074 kbps
[openvenc][rc] f=2922 P qp=16 bytes=719 avg=1073 kbps
[openvenc][rc] f=2923 P qp=16 bytes=715 avg=1073 kbps
[openvenc][rc] f=2924 P qp=16 bytes=717 avg=1073 kbps
[openvenc][rc] f=2925 P qp=16 bytes=713 avg=1073 kbps
[openvenc][rc] f=2926 P qp=16 bytes=707 avg=1072 kbps
[openvenc][rc] f=2927 P qp=16 bytes=704 avg=1072 kbps
[openvenc][rc] f=2928 P qp=16 bytes=707 avg=1072 kbps
[openvenc][rc] f=2929 P qp=16 bytes=704 avg=1072 kbps
[openvenc][rc] f=2930 P qp=16 bytes=707 avg=1071 kbps
[openvenc][rc] f=2931 P qp=16 bytes=704 avg=1071 kbps
[openvenc][rc] f=2932 P qp=16 bytes=707 avg=1071 kbps
[openvenc][rc] f=2933 P qp=16 bytes=704 avg=1071 kbps
[openvenc][rc] f=2934 P qp=16 bytes=707 avg=1070 kbps
[openvenc][rc] f=2935 P qp=16 bytes=704 avg=1070 kbps
[openvenc][rc] f=2936 P qp=16 bytes=707 avg=1070 kbps
[openvenc][rc] f=2937 P qp=16 bytes=704 avg=1070 kbps
[openvenc][rc] f=2938 P qp=16 bytes=707 avg=1069 kbps
[openvenc][rc] f=2939 P qp=16 bytes=704 avg=1069 kbps
[openvenc][rc] f=2940 P qp=16 bytes=707 avg=1069 kbps
[openvenc][rc] f=2941 P qp=16 bytes=704 avg=1069 kbps
[openvenc][rc] f=2942 P qp=16 bytes=707 avg=1068 kbps
[openvenc][rc] f=2943 P qp=16 bytes=704 avg=1068 kbps
[openvenc][rc] f=2944 P qp=16 bytes=707 avg=1068 kbps
[openvenc][rc] f=2945 P qp=16 bytes=704 avg=1068 kbps
[openvenc][rc] f=2946 P qp=16 bytes=707 avg=1067 kbps
[openvenc][rc] f=2947 P qp=16 bytes=704 avg=1067 kbps
[openvenc][rc] f=2948 P qp=16 bytes=707 avg=1067 kbps
[openvenc][rc] f=2949 P qp=16 bytes=704 avg=1067 kbps
[openvenc][rc] f=2950 IDR qp=16 bytes=69517 avg=1077 kbps
[openvenc][rc] f=2951 P qp=19 bytes=1953 avg=1077 kbps
[openvenc][rc] f=2952 P qp=18 bytes=1334 avg=1077 kbps
[openvenc][rc] f=2953 P qp=17 bytes=1803 avg=1077 kbps
[openvenc][rc] f=2954 P qp=16 bytes=1943 avg=1077 kbps
[openvenc][rc] f=2955 P qp=16 bytes=935 avg=1077 kbps
[openvenc][rc] f=2956 P qp=16 bytes=818 avg=1077 kbps
[openvenc][rc] f=2957 P qp=16 bytes=752 avg=1076 kbps
[openvenc][rc] f=2958 P qp=16 bytes=739 avg=1076 kbps
[openvenc][rc] f=2959 P qp=16 bytes=725 avg=1076 kbps
[openvenc][rc] f=2960 P qp=16 bytes=732 avg=1076 kbps
[openvenc][rc] f=2961 P qp=16 bytes=713 avg=1075 kbps
[openvenc][rc] f=2962 P qp=16 bytes=707 avg=1075 kbps
[openvenc][rc] f=2963 P qp=16 bytes=715 avg=1075 kbps
[openvenc][rc] f=2964 P qp=16 bytes=719 avg=1075 kbps
[openvenc][rc] f=2965 P qp=16 bytes=714 avg=1074 kbps
[openvenc][rc] f=2966 P qp=16 bytes=719 avg=1074 kbps
[openvenc][rc] f=2967 P qp=16 bytes=715 avg=1074 kbps
[openvenc][rc] f=2968 P qp=16 bytes=717 avg=1074 kbps
[openvenc][rc] f=2969 P qp=16 bytes=704 avg=1073 kbps
[openvenc][rc] f=2970 P qp=16 bytes=718 avg=1073 kbps
[openvenc][rc] f=2971 P qp=16 bytes=714 avg=1073 kbps
[openvenc][rc] f=2972 P qp=16 bytes=719 avg=1073 kbps
[openvenc][rc] f=2973 P qp=16 bytes=715 avg=1072 kbps
[openvenc][rc] f=2974 P qp=16 bytes=717 avg=1072 kbps
[openvenc][rc] f=2975 P qp=16 bytes=713 avg=1072 kbps
[openvenc][rc] f=2976 P qp=16 bytes=707 avg=1072 kbps
[openvenc][rc] f=2977 P qp=16 bytes=704 avg=1071 kbps
[openvenc][rc] f=2978 P qp=16 bytes=707 avg=1071 kbps
[openvenc][rc] f=2979 P qp=16 bytes=704 avg=1071 kbps
[openvenc][rc] f=2980 P qp=16 bytes=707 avg=1071 kbps
[openvenc][rc] f=2981 P qp=16 bytes=704 avg=1070 kbps
[openvenc][rc] f=2982 P qp=16 bytes=707 avg=1070 kbps
[openvenc][rc] f=2983 P qp=16 bytes=704 avg=1070 kbps
[openvenc][rc] f=2984 P qp=16 bytes=707 avg=1070 kbps
[openvenc][rc] f=2985 P qp=16 bytes=704 avg=1070 kbps
[openvenc][rc] f=2986 P qp=16 bytes=707 avg=1069 kbps
[openvenc][rc] f=2987 P qp=16 bytes=704 avg=1069 kbps
[openvenc][rc] f=2988 P qp=16 bytes=707 avg=1069 kbps
[openvenc][rc] f=2989 P qp=16 bytes=704 avg=1069 kbps
[openvenc][rc] f=2990 P qp=16 bytes=707 avg=1068 kbps
[openvenc][rc] f=2991 P qp=16 bytes=704 avg=1068 kbps
[openvenc][rc] f=2992 P qp=16 bytes=707 avg=1068 kbps
[openvenc][rc] f=2993 P qp=16 bytes=704 avg=1068 kbps
[openvenc][rc] f=2994 P qp=16 bytes=707 avg=1067 kbps
[openvenc][rc] f=2995 P qp=16 bytes=704 avg=1067 kbps
[openvenc][rc] f=2996 P qp=16 bytes=707 avg=1067 kbps
[openvenc][rc] f=2997 P qp=16 bytes=704 avg=1067 kbps
[openvenc][rc] f=2998 P qp=16 bytes=707 avg=1066 kbps
[openvenc][rc] f=2999 P qp=16 bytes=704 avg=1066 kbps
[openvenc][rc] f=3000 IDR qp=16 bytes=69517 avg=1077 kbps
[openvenc][rc] f=3001 P qp=19 bytes=1953 avg=1077 kbps
[openvenc][rc] f=3002 P qp=18 bytes=1334 avg=1076 kbps
[openvenc][rc] f=3003 P qp=17 bytes=1803 avg=1076 kbps
[openvenc][rc] f=3004 P qp=16 bytes=1943 avg=1076 kbps
[openvenc][rc] f=3005 P qp=16 bytes=935 avg=1076 kbps
[openvenc][rc] f=3006 P qp=16 bytes=818 avg=1076 kbps
[openvenc][rc] f=3007 P qp=16 bytes=752 avg=1076 kbps
[openvenc][rc] f=3008 P qp=16 bytes=739 avg=1075 kbps
[openvenc][rc] f=3009 P qp=16 bytes=725 avg=1075 kbps
[openvenc][rc] f=3010 P qp=16 bytes=732 avg=1075 kbps
[openvenc][rc] f=3011 P qp=16 bytes=713 avg=1075 kbps
[openvenc][rc] f=3012 P qp=16 bytes=707 avg=1074 kbps
[openvenc][rc] f=3013 P qp=16 bytes=715 avg=1074 kbps
[openvenc][rc] f=3014 P qp=16 bytes=719 avg=1074 kbps
[openvenc][rc] f=3015 P qp=16 bytes=714 avg=1074 kbps
[openvenc][rc] f=3016 P qp=16 bytes=719 avg=1073 kbps
[openvenc][rc] f=3017 P qp=16 bytes=715 avg=1073 kbps
[openvenc][rc] f=3018 P qp=16 bytes=717 avg=1073 kbps
[openvenc][rc] f=3019 P qp=16 bytes=704 avg=1073 kbps
[openvenc][rc] f=3020 P qp=16 bytes=718 avg=1072 kbps
[openvenc][rc] f=3021 P qp=16 bytes=714 avg=1072 kbps
[openvenc][rc] f=3022 P qp=16 bytes=719 avg=1072 kbps
[openvenc][rc] f=3023 P qp=16 bytes=715 avg=1072 kbps
[openvenc][rc] f=3024 P qp=16 bytes=717 avg=1071 kbps
[openvenc][rc] f=3025 P qp=16 bytes=713 avg=1071 kbps
[openvenc][rc] f=3026 P qp=16 bytes=707 avg=1071 kbps
[openvenc][rc] f=3027 P qp=16 bytes=704 avg=1071 kbps
[openvenc][rc] f=3028 P qp=16 bytes=707 avg=1071 kbps
[openvenc][rc] f=3029 P qp=16 bytes=704 avg=1070 kbps
[openvenc][rc] f=3030 P qp=16 bytes=707 avg=1070 kbps
[openvenc][rc] f=3031 P qp=16 bytes=704 avg=1070 kbps
[openvenc][rc] f=3032 P qp=16 bytes=707 avg=1070 kbps
[openvenc][rc] f=3033 P qp=16 bytes=704 avg=1069 kbps
[openvenc][rc] f=3034 P qp=16 bytes=707 avg=1069 kbps
[openvenc][rc] f=3035 P qp=16 bytes=704 avg=1069 kbps
[openvenc][rc] f=3036 P qp=16 bytes=707 avg=1069 kbps
[openvenc][rc] f=3037 P qp=16 bytes=704 avg=1068 kbps
[openvenc][rc] f=3038 P qp=16 bytes=707 avg=1068 kbps
[openvenc][rc] f=3039 P qp=16 bytes=704 avg=1068 kbps
[openvenc][rc] f=3040 P qp=16 bytes=707 avg=1068 kbps
[openvenc][rc] f=3041 P qp=16 bytes=704 avg=1067 kbps
[openvenc][rc] f=3042 P qp=16 bytes=707 avg=1067 kbps
[openvenc][rc] f=3043 P qp=16 bytes=704 avg=1067 kbps
[openvenc][rc] f=3044 P qp=16 bytes=707 avg=1067 kbps
[openvenc][rc] f=3045 P qp=16 bytes=704 avg=1066 kbps
[openvenc][rc] f=3046 P qp=16 bytes=707 avg=1066 kbps
[openvenc][rc] f=3047 P qp=16 bytes=704 avg=1066 kbps
[openvenc][rc] f=3048 P qp=16 bytes=707 avg=1066 kbps
[openvenc][rc] f=3049 P qp=16 bytes=704 avg=1065 kbps
[openvenc][rc] f=3050 IDR qp=16 bytes=69517 avg=1076 kbps
[openvenc][rc] f=3051 P qp=19 bytes=1953 avg=1076 kbps
[openvenc][rc] f=3052 P qp=18 bytes=1334 avg=1076 kbps
[openvenc][rc] f=3053 P qp=17 bytes=1803 avg=1076 kbps
[openvenc][rc] f=3054 P qp=16 bytes=1943 avg=1076 kbps
[openvenc][rc] f=3055 P qp=16 bytes=935 avg=1075 kbps
[openvenc][rc] f=3056 P qp=16 bytes=818 avg=1075 kbps
[openvenc][rc] f=3057 P qp=16 bytes=752 avg=1075 kbps
[openvenc][rc] f=3058 P qp=16 bytes=739 avg=1075 kbps
[openvenc][rc] f=3059 P qp=16 bytes=725 avg=1074 kbps
[openvenc][rc] f=3060 P qp=16 bytes=732 avg=1074 kbps
[openvenc][rc] f=3061 P qp=16 bytes=713 avg=1074 kbps
[openvenc][rc] f=3062 P qp=16 bytes=707 avg=1074 kbps
[openvenc][rc] f=3063 P qp=16 bytes=715 avg=1073 kbps
[openvenc][rc] f=3064 P qp=16 bytes=719 avg=1073 kbps
[openvenc][rc] f=3065 P qp=16 bytes=714 avg=1073 kbps
[openvenc][rc] f=3066 P qp=16 bytes=719 avg=1073 kbps
[openvenc][rc] f=3067 P qp=16 bytes=715 avg=1072 kbps
[openvenc][rc] f=3068 P qp=16 bytes=717 avg=1072 kbps
[openvenc][rc] f=3069 P qp=16 bytes=704 avg=1072 kbps
[openvenc][rc] f=3070 P qp=16 bytes=718 avg=1072 kbps
[openvenc][rc] f=3071 P qp=16 bytes=714 avg=1072 kbps
[openvenc][rc] f=3072 P qp=16 bytes=719 avg=1071 kbps
[openvenc][rc] f=3073 P qp=16 bytes=715 avg=1071 kbps
[openvenc][rc] f=3074 P qp=16 bytes=717 avg=1071 kbps
[openvenc][rc] f=3075 P qp=16 bytes=713 avg=1071 kbps
[openvenc][rc] f=3076 P qp=16 bytes=707 avg=1070 kbps
[openvenc][rc] f=3077 P qp=16 bytes=704 avg=1070 kbps
[openvenc][rc] f=3078 P qp=16 bytes=707 avg=1070 kbps
[openvenc][rc] f=3079 P qp=16 bytes=704 avg=1070 kbps
[openvenc][rc] f=3080 P qp=16 bytes=707 avg=1069 kbps
[openvenc][rc] f=3081 P qp=16 bytes=704 avg=1069 kbps
[openvenc][rc] f=3082 P qp=16 bytes=707 avg=1069 kbps
[openvenc][rc] f=3083 P qp=16 bytes=704 avg=1069 kbps
[openvenc][rc] f=3084 P qp=16 bytes=707 avg=1068 kbps
[openvenc][rc] f=3085 P qp=16 bytes=704 avg=1068 kbps
[openvenc][rc] f=3086 P qp=16 bytes=707 avg=1068 kbps
[openvenc][rc] f=3087 P qp=16 bytes=704 avg=1068 kbps
[openvenc][rc] f=3088 P qp=16 bytes=707 avg=1067 kbps
[openvenc][rc] f=3089 P qp=16 bytes=704 avg=1067 kbps
[openvenc][rc] f=3090 P qp=16 bytes=707 avg=1067 kbps
[openvenc][rc] f=3091 P qp=16 bytes=704 avg=1067 kbps
[openvenc][rc] f=3092 P qp=16 bytes=707 avg=1066 kbps
[openvenc][rc] f=3093 P qp=16 bytes=704 avg=1066 kbps
[openvenc][rc] f=3094 P qp=16 bytes=707 avg=1066 kbps
[openvenc][rc] f=3095 P qp=16 bytes=704 avg=1066 kbps
[openvenc][rc] f=3096 P qp=16 bytes=707 avg=1066 kbps
[openvenc][rc] f=3097 P qp=16 bytes=704 avg=1065 kbps
[openvenc][rc] f=3098 P qp=16 bytes=707 avg=1065 kbps
[openvenc][rc] f=3099 P qp=16 bytes=704 avg=1065 kbps
[openvenc][rc] f=3100 IDR qp=16 bytes=69517 avg=1075 kbps
[openvenc][rc] f=3101 P qp=19 bytes=1953 avg=1075 kbps
[openvenc][rc] f=3102 P qp=18 bytes=1334 avg=1075 kbps
[openvenc][rc] f=3103 P qp=17 bytes=1803 avg=1075 kbps
[openvenc][rc] f=3104 P qp=16 bytes=1943 avg=1075 kbps
[openvenc][rc] f=3105 P qp=16 bytes=935 avg=1075 kbps
[openvenc][rc] f=3106 P qp=16 bytes=818 avg=1074 kbps
[openvenc][rc] f=3107 P qp=16 bytes=752 avg=1074 kbps
[openvenc][rc] f=3108 P qp=16 bytes=739 avg=1074 kbps
[openvenc][rc] f=3109 P qp=16 bytes=725 avg=1074 kbps
[openvenc][rc] f=3110 P qp=16 bytes=732 avg=1073 kbps
[openvenc][rc] f=3111 P qp=16 bytes=713 avg=1073 kbps
[openvenc][rc] f=3112 P qp=16 bytes=707 avg=1073 kbps
[openvenc][rc] f=3113 P qp=16 bytes=715 avg=1073 kbps
[openvenc][rc] f=3114 P qp=16 bytes=719 avg=1072 kbps
[openvenc][rc] f=3115 P qp=16 bytes=714 avg=1072 kbps
[openvenc][rc] f=3116 P qp=16 bytes=719 avg=1072 kbps
[openvenc][rc] f=3117 P qp=16 bytes=715 avg=1072 kbps
[openvenc][rc] f=3118 P qp=16 bytes=717 avg=1072 kbps
[openvenc][rc] f=3119 P qp=16 bytes=704 avg=1071 kbps
[openvenc][rc] f=3120 P qp=16 bytes=718 avg=1071 kbps
[openvenc][rc] f=3121 P qp=16 bytes=714 avg=1071 kbps
[openvenc][rc] f=3122 P qp=16 bytes=719 avg=1071 kbps
[openvenc][rc] f=3123 P qp=16 bytes=715 avg=1070 kbps
[openvenc][rc] f=3124 P qp=16 bytes=717 avg=1070 kbps
[openvenc][rc] f=3125 P qp=16 bytes=713 avg=1070 kbps
[openvenc][rc] f=3126 P qp=16 bytes=707 avg=1070 kbps
[openvenc][rc] f=3127 P qp=16 bytes=704 avg=1069 kbps
[openvenc][rc] f=3128 P qp=16 bytes=707 avg=1069 kbps
[openvenc][rc] f=3129 P qp=16 bytes=704 avg=1069 kbps
[openvenc][rc] f=3130 P qp=16 bytes=707 avg=1069 kbps
[openvenc][rc] f=3131 P qp=16 bytes=704 avg=1068 kbps
[openvenc][rc] f=3132 P qp=16 bytes=707 avg=1068 kbps
[openvenc][rc] f=3133 P qp=16 bytes=704 avg=1068 kbps
[openvenc][rc] f=3134 P qp=16 bytes=707 avg=1068 kbps
[openvenc][rc] f=3135 P qp=16 bytes=704 avg=1068 kbps
[openvenc][rc] f=3136 P qp=16 bytes=707 avg=1067 kbps
[openvenc][rc] f=3137 P qp=16 bytes=704 avg=1067 kbps
[openvenc][rc] f=3138 P qp=16 bytes=707 avg=1067 kbps
[openvenc][rc] f=3139 P qp=16 bytes=704 avg=1067 kbps
[openvenc][rc] f=3140 P qp=16 bytes=707 avg=1066 kbps
[openvenc][rc] f=3141 P qp=16 bytes=704 avg=1066 kbps
[openvenc][rc] f=3142 P qp=16 bytes=707 avg=1066 kbps
[openvenc][rc] f=3143 P qp=16 bytes=704 avg=1066 kbps
[openvenc][rc] f=3144 P qp=16 bytes=707 avg=1065 kbps
[openvenc][rc] f=3145 P qp=16 bytes=704 avg=1065 kbps
[openvenc][rc] f=3146 P qp=16 bytes=707 avg=1065 kbps
[openvenc][rc] f=3147 P qp=16 bytes=704 avg=1065 kbps
[openvenc][rc] f=3148 P qp=16 bytes=707 avg=1064 kbps
[openvenc][rc] f=3149 P qp=16 bytes=704 avg=1064 kbps
[openvenc][rc] f=3150 IDR qp=16 bytes=69517 avg=1074 kbps
[openvenc][rc] f=3151 P qp=19 bytes=1953 avg=1074 kbps
[openvenc][rc] f=3152 P qp=18 bytes=1334 avg=1074 kbps
[openvenc][rc] f=3153 P qp=17 bytes=1803 avg=1074 kbps
[openvenc][rc] f=3154 P qp=16 bytes=1943 avg=1074 kbps
[openvenc][rc] f=3155 P qp=16 bytes=935 avg=1074 kbps
[openvenc][rc] f=3156 P qp=16 bytes=818 avg=1074 kbps
[openvenc][rc] f=3157 P qp=16 bytes=752 avg=1073 kbps
[openvenc][rc] f=3158 P qp=16 bytes=739 avg=1073 kbps
[openvenc][rc] f=3159 P qp=16 bytes=725 avg=1073 kbps
[openvenc][rc] f=3160 P qp=16 bytes=732 avg=1073 kbps
[openvenc][rc] f=3161 P qp=16 bytes=713 avg=1072 kbps
[openvenc][rc] f=3162 P qp=16 bytes=707 avg=1072 kbps
[openvenc][rc] f=3163 P qp=16 bytes=715 avg=1072 kbps
[openvenc][rc] f=3164 P qp=16 bytes=719 avg=1072 kbps
[openvenc][rc] f=3165 P qp=16 bytes=714 avg=1072 kbps
[openvenc][rc] f=3166 P qp=16 bytes=719 avg=1071 kbps
[openvenc][rc] f=3167 P qp=16 bytes=715 avg=1071 kbps
[openvenc][rc] f=3168 P qp=16 bytes=717 avg=1071 kbps
[openvenc][rc] f=3169 P qp=16 bytes=704 avg=1071 kbps
[openvenc][rc] f=3170 P qp=16 bytes=718 avg=1070 kbps
[openvenc][rc] f=3171 P qp=16 bytes=714 avg=1070 kbps
[openvenc][rc] f=3172 P qp=16 bytes=719 avg=1070 kbps
[openvenc][rc] f=3173 P qp=16 bytes=715 avg=1070 kbps
[openvenc][rc] f=3174 P qp=16 bytes=717 avg=1069 kbps
[openvenc][rc] f=3175 P qp=16 bytes=713 avg=1069 kbps
[openvenc][rc] f=3176 P qp=16 bytes=707 avg=1069 kbps
[openvenc][rc] f=3177 P qp=16 bytes=704 avg=1069 kbps
[openvenc][rc] f=3178 P qp=16 bytes=707 avg=1069 kbps
[openvenc][rc] f=3179 P qp=16 bytes=704 avg=1068 kbps
[openvenc][rc] f=3180 P qp=16 bytes=707 avg=1068 kbps
[openvenc][rc] f=3181 P qp=16 bytes=704 avg=1068 kbps
[openvenc][rc] f=3182 P qp=16 bytes=707 avg=1068 kbps
[openvenc][rc] f=3183 P qp=16 bytes=704 avg=1067 kbps
[openvenc][rc] f=3184 P qp=16 bytes=707 avg=1067 kbps
[openvenc][rc] f=3185 P qp=16 bytes=704 avg=1067 kbps
[openvenc][rc] f=3186 P qp=16 bytes=707 avg=1067 kbps
[openvenc][rc] f=3187 P qp=16 bytes=704 avg=1066 kbps
[openvenc][rc] f=3188 P qp=16 bytes=707 avg=1066 kbps
[openvenc][rc] f=3189 P qp=16 bytes=704 avg=1066 kbps
[openvenc][rc] f=3190 P qp=16 bytes=707 avg=1066 kbps
[openvenc][rc] f=3191 P qp=16 bytes=704 avg=1066 kbps
[openvenc][rc] f=3192 P qp=16 bytes=707 avg=1065 kbps
[openvenc][rc] f=3193 P qp=16 bytes=704 avg=1065 kbps
[openvenc][rc] f=3194 P qp=16 bytes=707 avg=1065 kbps
[openvenc][rc] f=3195 P qp=16 bytes=704 avg=1065 kbps
[openvenc][rc] f=3196 P qp=16 bytes=707 avg=1064 kbps
[openvenc][rc] f=3197 P qp=16 bytes=704 avg=1064 kbps
[openvenc][rc] f=3198 P qp=16 bytes=707 avg=1064 kbps
[openvenc][rc] f=3199 P qp=16 bytes=704 avg=1064 kbps
[openvenc][rc] f=3200 IDR qp=16 bytes=69517 avg=1074 kbps
[openvenc][rc] f=3201 P qp=19 bytes=1953 avg=1074 kbps
[openvenc][rc] f=3202 P qp=18 bytes=1334 avg=1073 kbps
[openvenc][rc] f=3203 P qp=17 bytes=1803 avg=1073 kbps
[openvenc][rc] f=3204 P qp=16 bytes=1943 avg=1073 kbps
[openvenc][rc] f=3205 P qp=16 bytes=935 avg=1073 kbps
[openvenc][rc] f=3206 P qp=16 bytes=818 avg=1073 kbps
[openvenc][rc] f=3207 P qp=16 bytes=752 avg=1073 kbps
[openvenc][rc] f=3208 P qp=16 bytes=739 avg=1072 kbps
[openvenc][rc] f=3209 P qp=16 bytes=725 avg=1072 kbps
[openvenc][rc] f=3210 P qp=16 bytes=732 avg=1072 kbps
[openvenc][rc] f=3211 P qp=16 bytes=713 avg=1072 kbps
[openvenc][rc] f=3212 P qp=16 bytes=707 avg=1072 kbps
[openvenc][rc] f=3213 P qp=16 bytes=715 avg=1071 kbps
[openvenc][rc] f=3214 P qp=16 bytes=719 avg=1071 kbps
[openvenc][rc] f=3215 P qp=16 bytes=714 avg=1071 kbps
[openvenc][rc] f=3216 P qp=16 bytes=719 avg=1071 kbps
[openvenc][rc] f=3217 P qp=16 bytes=715 avg=1070 kbps
[openvenc][rc] f=3218 P qp=16 bytes=717 avg=1070 kbps
[openvenc][rc] f=3219 P qp=16 bytes=704 avg=1070 kbps
[openvenc][rc] f=3220 P qp=16 bytes=718 avg=1070 kbps
[openvenc][rc] f=3221 P qp=16 bytes=714 avg=1069 kbps
[openvenc][rc] f=3222 P qp=16 bytes=719 avg=1069 kbps
[openvenc][rc] f=3223 P qp=16 bytes=715 avg=1069 kbps
[openvenc][rc] f=3224 P qp=16 bytes=717 avg=1069 kbps
[openvenc][rc] f=3225 P qp=16 bytes=713 avg=1069 kbps
[openvenc][rc] f=3226 P qp=16 bytes=707 avg=1068 kbps
[openvenc][rc] f=3227 P qp=16 bytes=704 avg=1068 kbps
[openvenc][rc] f=3228 P qp=16 bytes=707 avg=1068 kbps
[openvenc][rc] f=3229 P qp=16 bytes=704 avg=1068 kbps
[openvenc][rc] f=3230 P qp=16 bytes=707 avg=1067 kbps
[openvenc][rc] f=3231 P qp=16 bytes=704 avg=1067 kbps
[openvenc][rc] f=3232 P qp=16 bytes=707 avg=1067 kbps
[openvenc][rc] f=3233 P qp=16 bytes=704 avg=1067 kbps
[openvenc][rc] f=3234 P qp=16 bytes=707 avg=1067 kbps
[openvenc][rc] f=3235 P qp=16 bytes=704 avg=1066 kbps
[openvenc][rc] f=3236 P qp=16 bytes=707 avg=1066 kbps
[openvenc][rc] f=3237 P qp=16 bytes=704 avg=1066 kbps
[openvenc][rc] f=3238 P qp=16 bytes=707 avg=1066 kbps
[openvenc][rc] f=3239 P qp=16 bytes=704 avg=1065 kbps
[openvenc][rc] f=3240 P qp=16 bytes=707 avg=1065 kbps
[openvenc][rc] f=3241 P qp=16 bytes=704 avg=1065 kbps
[openvenc][rc] f=3242 P qp=16 bytes=707 avg=1065 kbps
[openvenc][rc] f=3243 P qp=16 bytes=704 avg=1064 kbps
[openvenc][rc] f=3244 P qp=16 bytes=707 avg=1064 kbps
[openvenc][rc] f=3245 P qp=16 bytes=704 avg=1064 kbps
[openvenc][rc] f=3246 P qp=16 bytes=707 avg=1064 kbps
[openvenc][rc] f=3247 P qp=16 bytes=704 avg=1064 kbps
[openvenc][rc] f=3248 P qp=16 bytes=707 avg=1063 kbps
[openvenc][rc] f=3249 P qp=16 bytes=704 avg=1063 kbps
[openvenc][rc] f=3250 IDR qp=16 bytes=69517 avg=1073 kbps
[openvenc][rc] f=3251 P qp=19 bytes=1953 avg=1073 kbps
[openvenc][rc] f=3252 P qp=18 bytes=1334 avg=1073 kbps
[openvenc][rc] f=3253 P qp=17 bytes=1803 avg=1073 kbps
[openvenc][rc] f=3254 P qp=16 bytes=1943 avg=1073 kbps
[openvenc][rc] f=3255 P qp=16 bytes=935 avg=1072 kbps
[openvenc][rc] f=3256 P qp=16 bytes=818 avg=1072 kbps
[openvenc][rc] f=3257 P qp=16 bytes=752 avg=1072 kbps
[openvenc][rc] f=3258 P qp=16 bytes=739 avg=1072 kbps
[openvenc][rc] f=3259 P qp=16 bytes=725 avg=1072 kbps
[openvenc][rc] f=3260 P qp=16 bytes=732 avg=1071 kbps
[openvenc][rc] f=3261 P qp=16 bytes=713 avg=1071 kbps
[openvenc][rc] f=3262 P qp=16 bytes=707 avg=1071 kbps
[openvenc][rc] f=3263 P qp=16 bytes=715 avg=1071 kbps
[openvenc][rc] f=3264 P qp=16 bytes=719 avg=1070 kbps
[openvenc][rc] f=3265 P qp=16 bytes=714 avg=1070 kbps
[openvenc][rc] f=3266 P qp=16 bytes=719 avg=1070 kbps
[openvenc][rc] f=3267 P qp=16 bytes=715 avg=1070 kbps
[openvenc][rc] f=3268 P qp=16 bytes=717 avg=1070 kbps
[openvenc][rc] f=3269 P qp=16 bytes=704 avg=1069 kbps
[openvenc][rc] f=3270 P qp=16 bytes=718 avg=1069 kbps
[openvenc][rc] f=3271 P qp=16 bytes=714 avg=1069 kbps
[openvenc][rc] f=3272 P qp=16 bytes=719 avg=1069 kbps
[openvenc][rc] f=3273 P qp=16 bytes=715 avg=1068 kbps
[openvenc][rc] f=3274 P qp=16 bytes=717 avg=1068 kbps
[openvenc][rc] f=3275 P qp=16 bytes=713 avg=1068 kbps
[openvenc][rc] f=3276 P qp=16 bytes=707 avg=1068 kbps
[openvenc][rc] f=3277 P qp=16 bytes=704 avg=1068 kbps
[openvenc][rc] f=3278 P qp=16 bytes=707 avg=1067 kbps
[openvenc][rc] f=3279 P qp=16 bytes=704 avg=1067 kbps
[openvenc][rc] f=3280 P qp=16 bytes=707 avg=1067 kbps
[openvenc][rc] f=3281 P qp=16 bytes=704 avg=1067 kbps
[openvenc][rc] f=3282 P qp=16 bytes=707 avg=1066 kbps
[openvenc][rc] f=3283 P qp=16 bytes=704 avg=1066 kbps
[openvenc][rc] f=3284 P qp=16 bytes=707 avg=1066 kbps
[openvenc][rc] f=3285 P qp=16 bytes=704 avg=1066 kbps
[openvenc][rc] f=3286 P qp=16 bytes=707 avg=1065 kbps
[openvenc][rc] f=3287 P qp=16 bytes=704 avg=1065 kbps
[openvenc][rc] f=3288 P qp=16 bytes=707 avg=1065 kbps
[openvenc][rc] f=3289 P qp=16 bytes=704 avg=1065 kbps
[openvenc][rc] f=3290 P qp=16 bytes=707 avg=1065 kbps
[openvenc][rc] f=3291 P qp=16 bytes=704 avg=1064 kbps
[openvenc][rc] f=3292 P qp=16 bytes=707 avg=1064 kbps
[openvenc][rc] f=3293 P qp=16 bytes=704 avg=1064 kbps
[openvenc][rc] f=3294 P qp=16 bytes=707 avg=1064 kbps
[openvenc][rc] f=3295 P qp=16 bytes=704 avg=1063 kbps
[openvenc][rc] f=3296 P qp=16 bytes=707 avg=1063 kbps
[openvenc][rc] f=3297 P qp=16 bytes=704 avg=1063 kbps
[openvenc][rc] f=3298 P qp=16 bytes=707 avg=1063 kbps
[openvenc][rc] f=3299 P qp=16 bytes=704 avg=1063 kbps
[openvenc][rc] f=3300 IDR qp=16 bytes=69517 avg=1072 kbps
[openvenc][rc] f=3301 P qp=19 bytes=1953 avg=1072 kbps
[openvenc][rc] f=3302 P qp=18 bytes=1334 avg=1072 kbps
[openvenc][rc] f=3303 P qp=17 bytes=1803 avg=1072 kbps
[openvenc][rc] f=3304 P qp=16 bytes=1943 avg=1072 kbps
[openvenc][rc] f=3305 P qp=16 bytes=935 avg=1072 kbps
[openvenc][rc] f=3306 P qp=16 bytes=818 avg=1072 kbps
[openvenc][rc] f=3307 P qp=16 bytes=752 avg=1071 kbps
[openvenc][rc] f=3308 P qp=16 bytes=739 avg=1071 kbps
[openvenc][rc] f=3309 P qp=16 bytes=725 avg=1071 kbps
[openvenc][rc] f=3310 P qp=16 bytes=732 avg=1071 kbps
[openvenc][rc] f=3311 P qp=16 bytes=713 avg=1070 kbps
[openvenc][rc] f=3312 P qp=16 bytes=707 avg=1070 kbps
[openvenc][rc] f=3313 P qp=16 bytes=715 avg=1070 kbps
[openvenc][rc] f=3314 P qp=16 bytes=719 avg=1070 kbps
[openvenc][rc] f=3315 P qp=16 bytes=714 avg=1070 kbps
[openvenc][rc] f=3316 P qp=16 bytes=719 avg=1069 kbps
[openvenc][rc] f=3317 P qp=16 bytes=715 avg=1069 kbps
[openvenc][rc] f=3318 P qp=16 bytes=717 avg=1069 kbps
[openvenc][rc] f=3319 P qp=16 bytes=704 avg=1069 kbps
[openvenc][rc] f=3320 P qp=16 bytes=718 avg=1068 kbps
[openvenc][rc] f=3321 P qp=16 bytes=714 avg=1068 kbps
[openvenc][rc] f=3322 P qp=16 bytes=719 avg=1068 kbps
[openvenc][rc] f=3323 P qp=16 bytes=715 avg=1068 kbps
[openvenc][rc] f=3324 P qp=16 bytes=717 avg=1068 kbps
[openvenc][rc] f=3325 P qp=16 bytes=713 avg=1067 kbps
[openvenc][rc] f=3326 P qp=16 bytes=707 avg=1067 kbps
[openvenc][rc] f=3327 P qp=16 bytes=704 avg=1067 kbps
[openvenc][rc] f=3328 P qp=16 bytes=707 avg=1067 kbps
[openvenc][rc] f=3329 P qp=16 bytes=704 avg=1066 kbps
[openvenc][rc] f=3330 P qp=16 bytes=707 avg=1066 kbps
[openvenc][rc] f=3331 P qp=16 bytes=704 avg=1066 kbps
[openvenc][rc] f=3332 P qp=16 bytes=707 avg=1066 kbps
[openvenc][rc] f=3333 P qp=16 bytes=704 avg=1066 kbps
[openvenc][rc] f=3334 P qp=16 bytes=707 avg=1065 kbps
[openvenc][rc] f=3335 P qp=16 bytes=704 avg=1065 kbps
[openvenc][rc] f=3336 P qp=16 bytes=707 avg=1065 kbps
[openvenc][rc] f=3337 P qp=16 bytes=704 avg=1065 kbps
[openvenc][rc] f=3338 P qp=16 bytes=707 avg=1064 kbps
[openvenc][rc] f=3339 P qp=16 bytes=704 avg=1064 kbps
[openvenc][rc] f=3340 P qp=16 bytes=707 avg=1064 kbps
[openvenc][rc] f=3341 P qp=16 bytes=704 avg=1064 kbps
[openvenc][rc] f=3342 P qp=16 bytes=707 avg=1064 kbps
[openvenc][rc] f=3343 P qp=16 bytes=704 avg=1063 kbps
[openvenc][rc] f=3344 P qp=16 bytes=707 avg=1063 kbps
[openvenc][rc] f=3345 P qp=16 bytes=704 avg=1063 kbps
[openvenc][rc] f=3346 P qp=16 bytes=707 avg=1063 kbps
[openvenc][rc] f=3347 P qp=16 bytes=704 avg=1063 kbps
[openvenc][rc] f=3348 P qp=16 bytes=707 avg=1062 kbps
[openvenc][rc] f=3349 P qp=16 bytes=704 avg=1062 kbps
[openvenc][rc] f=3350 IDR qp=16 bytes=69517 avg=1072 kbps
[openvenc][rc] f=3351 P qp=19 bytes=1953 avg=1072 kbps
[openvenc][rc] f=3352 P qp=18 bytes=1334 avg=1071 kbps
[openvenc][rc] f=3353 P qp=17 bytes=1803 avg=1071 kbps
[openvenc][rc] f=3354 P qp=16 bytes=1943 avg=1071 kbps
[openvenc][rc] f=3355 P qp=16 bytes=935 avg=1071 kbps
[openvenc][rc] f=3356 P qp=16 bytes=818 avg=1071 kbps
[openvenc][rc] f=3357 P qp=16 bytes=752 avg=1071 kbps
[openvenc][rc] f=3358 P qp=16 bytes=739 avg=1070 kbps
[openvenc][rc] f=3359 P qp=16 bytes=725 avg=1070 kbps
[openvenc][rc] f=3360 P qp=16 bytes=732 avg=1070 kbps
[openvenc][rc] f=3361 P qp=16 bytes=713 avg=1070 kbps
[openvenc][rc] f=3362 P qp=16 bytes=707 avg=1070 kbps
[openvenc][rc] f=3363 P qp=16 bytes=715 avg=1069 kbps
[openvenc][rc] f=3364 P qp=16 bytes=719 avg=1069 kbps
[openvenc][rc] f=3365 P qp=16 bytes=714 avg=1069 kbps
[openvenc][rc] f=3366 P qp=16 bytes=719 avg=1069 kbps
[openvenc][rc] f=3367 P qp=16 bytes=715 avg=1069 kbps
[openvenc][rc] f=3368 P qp=16 bytes=717 avg=1068 kbps
[openvenc][rc] f=3369 P qp=16 bytes=704 avg=1068 kbps
[openvenc][rc] f=3370 P qp=16 bytes=718 avg=1068 kbps
[openvenc][rc] f=3371 P qp=16 bytes=714 avg=1068 kbps
[openvenc][rc] f=3372 P qp=16 bytes=719 avg=1067 kbps
[openvenc][rc] f=3373 P qp=16 bytes=715 avg=1067 kbps
[openvenc][rc] f=3374 P qp=16 bytes=717 avg=1067 kbps
[openvenc][rc] f=3375 P qp=16 bytes=713 avg=1067 kbps
[openvenc][rc] f=3376 P qp=16 bytes=707 avg=1067 kbps
[openvenc][rc] f=3377 P qp=16 bytes=704 avg=1066 kbps
[openvenc][rc] f=3378 P qp=16 bytes=707 avg=1066 kbps
[openvenc][rc] f=3379 P qp=16 bytes=704 avg=1066 kbps
[openvenc][rc] f=3380 P qp=16 bytes=707 avg=1066 kbps
[openvenc][rc] f=3381 P qp=16 bytes=704 avg=1065 kbps
[openvenc][rc] f=3382 P qp=16 bytes=707 avg=1065 kbps
[openvenc][rc] f=3383 P qp=16 bytes=704 avg=1065 kbps
[openvenc][rc] f=3384 P qp=16 bytes=707 avg=1065 kbps
[openvenc][rc] f=3385 P qp=16 bytes=704 avg=1065 kbps
[openvenc][rc] f=3386 P qp=16 bytes=707 avg=1064 kbps
[openvenc][rc] f=3387 P qp=16 bytes=704 avg=1064 kbps
[openvenc][rc] f=3388 P qp=16 bytes=707 avg=1064 kbps
[openvenc][rc] f=3389 P qp=16 bytes=704 avg=1064 kbps
[openvenc][rc] f=3390 P qp=16 bytes=707 avg=1064 kbps
[openvenc][rc] f=3391 P qp=16 bytes=704 avg=1063 kbps
[openvenc][rc] f=3392 P qp=16 bytes=707 avg=1063 kbps
[openvenc][rc] f=3393 P qp=16 bytes=704 avg=1063 kbps
[openvenc][rc] f=3394 P qp=16 bytes=707 avg=1063 kbps
[openvenc][rc] f=3395 P qp=16 bytes=704 avg=1062 kbps
[openvenc][rc] f=3396 P qp=16 bytes=707 avg=1062 kbps
[openvenc][rc] f=3397 P qp=16 bytes=704 avg=1062 kbps
[openvenc][rc] f=3398 P qp=16 bytes=707 avg=1062 kbps
[openvenc][rc] f=3399 P qp=16 bytes=704 avg=1062 kbps
[openvenc][rc] f=3400 IDR qp=16 bytes=69517 avg=1071 kbps
[openvenc][rc] f=3401 P qp=19 bytes=1953 avg=1071 kbps
[openvenc][rc] f=3402 P qp=18 bytes=1334 avg=1071 kbps
[openvenc][rc] f=3403 P qp=17 bytes=1803 avg=1071 kbps
[openvenc][rc] f=3404 P qp=16 bytes=1943 avg=1071 kbps
[openvenc][rc] f=3405 P qp=16 bytes=935 avg=1070 kbps
[openvenc][rc] f=3406 P qp=16 bytes=818 avg=1070 kbps
[openvenc][rc] f=3407 P qp=16 bytes=752 avg=1070 kbps
[openvenc][rc] f=3408 P qp=16 bytes=739 avg=1070 kbps
[openvenc][rc] f=3409 P qp=16 bytes=725 avg=1070 kbps
[openvenc][rc] f=3410 P qp=16 bytes=732 avg=1069 kbps
[openvenc][rc] f=3411 P qp=16 bytes=713 avg=1069 kbps
[openvenc][rc] f=3412 P qp=16 bytes=707 avg=1069 kbps
[openvenc][rc] f=3413 P qp=16 bytes=715 avg=1069 kbps
[openvenc][rc] f=3414 P qp=16 bytes=719 avg=1069 kbps
[openvenc][rc] f=3415 P qp=16 bytes=714 avg=1068 kbps
[openvenc][rc] f=3416 P qp=16 bytes=719 avg=1068 kbps
[openvenc][rc] f=3417 P qp=16 bytes=715 avg=1068 kbps
[openvenc][rc] f=3418 P qp=16 bytes=717 avg=1068 kbps
[openvenc][rc] f=3419 P qp=16 bytes=704 avg=1067 kbps
[openvenc][rc] f=3420 P qp=16 bytes=718 avg=1067 kbps
[openvenc][rc] f=3421 P qp=16 bytes=714 avg=1067 kbps
[openvenc][rc] f=3422 P qp=16 bytes=719 avg=1067 kbps
[openvenc][rc] f=3423 P qp=16 bytes=715 avg=1067 kbps
[openvenc][rc] f=3424 P qp=16 bytes=717 avg=1066 kbps
[openvenc][rc] f=3425 P qp=16 bytes=713 avg=1066 kbps
[openvenc][rc] f=3426 P qp=16 bytes=707 avg=1066 kbps
[openvenc][rc] f=3427 P qp=16 bytes=704 avg=1066 kbps
[openvenc][rc] f=3428 P qp=16 bytes=707 avg=1066 kbps
[openvenc][rc] f=3429 P qp=16 bytes=704 avg=1065 kbps
[openvenc][rc] f=3430 P qp=16 bytes=707 avg=1065 kbps
[openvenc][rc] f=3431 P qp=16 bytes=704 avg=1065 kbps
[openvenc][rc] f=3432 P qp=16 bytes=707 avg=1065 kbps
[openvenc][rc] f=3433 P qp=16 bytes=704 avg=1064 kbps
[openvenc][rc] f=3434 P qp=16 bytes=707 avg=1064 kbps
[openvenc][rc] f=3435 P qp=16 bytes=704 avg=1064 kbps
[openvenc][rc] f=3436 P qp=16 bytes=707 avg=1064 kbps
[openvenc][rc] f=3437 P qp=16 bytes=704 avg=1064 kbps
[openvenc][rc] f=3438 P qp=16 bytes=707 avg=1063 kbps
[openvenc][rc] f=3439 P qp=16 bytes=704 avg=1063 kbps
[openvenc][rc] f=3440 P qp=16 bytes=707 avg=1063 kbps
[openvenc][rc] f=3441 P qp=16 bytes=704 avg=1063 kbps
[openvenc][rc] f=3442 P qp=16 bytes=707 avg=1063 kbps
[openvenc][rc] f=3443 P qp=16 bytes=704 avg=1062 kbps
[openvenc][rc] f=3444 P qp=16 bytes=707 avg=1062 kbps
[openvenc][rc] f=3445 P qp=16 bytes=704 avg=1062 kbps
[openvenc][rc] f=3446 P qp=16 bytes=707 avg=1062 kbps
[openvenc][rc] f=3447 P qp=16 bytes=704 avg=1062 kbps
[openvenc][rc] f=3448 P qp=16 bytes=707 avg=1061 kbps
[openvenc][rc] f=3449 P qp=16 bytes=704 avg=1061 kbps
[openvenc][rc] f=3450 IDR qp=16 bytes=69517 avg=1070 kbps
[openvenc][rc] f=3451 P qp=19 bytes=1953 avg=1070 kbps
[openvenc][rc] f=3452 P qp=18 bytes=1334 avg=1070 kbps
[openvenc][rc] f=3453 P qp=17 bytes=1803 avg=1070 kbps
[openvenc][rc] f=3454 P qp=16 bytes=1943 avg=1070 kbps
[openvenc][rc] f=3455 P qp=16 bytes=935 avg=1070 kbps
[openvenc][rc] f=3456 P qp=16 bytes=818 avg=1070 kbps
[openvenc][rc] f=3457 P qp=16 bytes=752 avg=1069 kbps
[openvenc][rc] f=3458 P qp=16 bytes=739 avg=1069 kbps
[openvenc][rc] f=3459 P qp=16 bytes=725 avg=1069 kbps
[openvenc][rc] f=3460 P qp=16 bytes=732 avg=1069 kbps
[openvenc][rc] f=3461 P qp=16 bytes=713 avg=1069 kbps
[openvenc][rc] f=3462 P qp=16 bytes=707 avg=1068 kbps
[openvenc][rc] f=3463 P qp=16 bytes=715 avg=1068 kbps
[openvenc][rc] f=3464 P qp=16 bytes=719 avg=1068 kbps
[openvenc][rc] f=3465 P qp=16 bytes=714 avg=1068 kbps
[openvenc][rc] f=3466 P qp=16 bytes=719 avg=1068 kbps
[openvenc][rc] f=3467 P qp=16 bytes=715 avg=1067 kbps
[openvenc][rc] f=3468 P qp=16 bytes=717 avg=1067 kbps
[openvenc][rc] f=3469 P qp=16 bytes=704 avg=1067 kbps
[openvenc][rc] f=3470 P qp=16 bytes=718 avg=1067 kbps
[openvenc][rc] f=3471 P qp=16 bytes=714 avg=1066 kbps
[openvenc][rc] f=3472 P qp=16 bytes=719 avg=1066 kbps
[openvenc][rc] f=3473 P qp=16 bytes=715 avg=1066 kbps
[openvenc][rc] f=3474 P qp=16 bytes=717 avg=1066 kbps
[openvenc][rc] f=3475 P qp=16 bytes=713 avg=1066 kbps
[openvenc][rc] f=3476 P qp=16 bytes=707 avg=1065 kbps
[openvenc][rc] f=3477 P qp=16 bytes=704 avg=1065 kbps
[openvenc][rc] f=3478 P qp=16 bytes=707 avg=1065 kbps
[openvenc][rc] f=3479 P qp=16 bytes=704 avg=1065 kbps
[openvenc][rc] f=3480 P qp=16 bytes=707 avg=1065 kbps
[openvenc][rc] f=3481 P qp=16 bytes=704 avg=1064 kbps
[openvenc][rc] f=3482 P qp=16 bytes=707 avg=1064 kbps
[openvenc][rc] f=3483 P qp=16 bytes=704 avg=1064 kbps
[openvenc][rc] f=3484 P qp=16 bytes=707 avg=1064 kbps
[openvenc][rc] f=3485 P qp=16 bytes=704 avg=1064 kbps
[openvenc][rc] f=3486 P qp=16 bytes=707 avg=1063 kbps
[openvenc][rc] f=3487 P qp=16 bytes=704 avg=1063 kbps
[openvenc][rc] f=3488 P qp=16 bytes=707 avg=1063 kbps
[openvenc][rc] f=3489 P qp=16 bytes=704 avg=1063 kbps
[openvenc][rc] f=3490 P qp=16 bytes=707 avg=1063 kbps
[openvenc][rc] f=3491 P qp=16 bytes=704 avg=1062 kbps
[openvenc][rc] f=3492 P qp=16 bytes=707 avg=1062 kbps
[openvenc][rc] f=3493 P qp=16 bytes=704 avg=1062 kbps
[openvenc][rc] f=3494 P qp=16 bytes=707 avg=1062 kbps
[openvenc][rc] f=3495 P qp=16 bytes=704 avg=1061 kbps
[openvenc][rc] f=3496 P qp=16 bytes=707 avg=1061 kbps
[openvenc][rc] f=3497 P qp=16 bytes=704 avg=1061 kbps
[openvenc][rc] f=3498 P qp=16 bytes=707 avg=1061 kbps
[openvenc][rc] f=3499 P qp=16 bytes=704 avg=1061 kbps
[openvenc][rc] f=3500 IDR qp=16 bytes=69517 avg=1070 kbps
[openvenc][rc] f=3501 P qp=19 bytes=1953 avg=1070 kbps
[openvenc][rc] f=3502 P qp=18 bytes=1334 avg=1070 kbps
[openvenc][rc] f=3503 P qp=17 bytes=1803 avg=1069 kbps
[openvenc][rc] f=3504 P qp=16 bytes=1943 avg=1069 kbps
[openvenc][rc] f=3505 P qp=16 bytes=935 avg=1069 kbps
[openvenc][rc] f=3506 P qp=16 bytes=818 avg=1069 kbps
[openvenc][rc] f=3507 P qp=16 bytes=752 avg=1069 kbps
[openvenc][rc] f=3508 P qp=16 bytes=739 avg=1069 kbps
[openvenc][rc] f=3509 P qp=16 bytes=725 avg=1068 kbps
[openvenc][rc] f=3510 P qp=16 bytes=732 avg=1068 kbps
[openvenc][rc] f=3511 P qp=16 bytes=713 avg=1068 kbps
[openvenc][rc] f=3512 P qp=16 bytes=707 avg=1068 kbps
[openvenc][rc] f=3513 P qp=16 bytes=715 avg=1068 kbps
[openvenc][rc] f=3514 P qp=16 bytes=719 avg=1067 kbps
[openvenc][rc] f=3515 P qp=16 bytes=714 avg=1067 kbps
[openvenc][rc] f=3516 P qp=16 bytes=719 avg=1067 kbps
[openvenc][rc] f=3517 P qp=16 bytes=715 avg=1067 kbps
[openvenc][rc] f=3518 P qp=16 bytes=717 avg=1067 kbps
[openvenc][rc] f=3519 P qp=16 bytes=704 avg=1066 kbps
[openvenc][rc] f=3520 P qp=16 bytes=718 avg=1066 kbps
[openvenc][rc] f=3521 P qp=16 bytes=714 avg=1066 kbps
[openvenc][rc] f=3522 P qp=16 bytes=719 avg=1066 kbps
[openvenc][rc] f=3523 P qp=16 bytes=715 avg=1066 kbps
[openvenc][rc] f=3524 P qp=16 bytes=717 avg=1065 kbps
[openvenc][rc] f=3525 P qp=16 bytes=713 avg=1065 kbps
[openvenc][rc] f=3526 P qp=16 bytes=707 avg=1065 kbps
[openvenc][rc] f=3527 P qp=16 bytes=704 avg=1065 kbps
[openvenc][rc] f=3528 P qp=16 bytes=707 avg=1065 kbps
[openvenc][rc] f=3529 P qp=16 bytes=704 avg=1064 kbps
[openvenc][rc] f=3530 P qp=16 bytes=707 avg=1064 kbps
[openvenc][rc] f=3531 P qp=16 bytes=704 avg=1064 kbps
[openvenc][rc] f=3532 P qp=16 bytes=707 avg=1064 kbps
[openvenc][rc] f=3533 P qp=16 bytes=704 avg=1063 kbps
[openvenc][rc] f=3534 P qp=16 bytes=707 avg=1063 kbps
[openvenc][rc] f=3535 P qp=16 bytes=704 avg=1063 kbps
[openvenc][rc] f=3536 P qp=16 bytes=707 avg=1063 kbps
[openvenc][rc] f=3537 P qp=16 bytes=704 avg=1063 kbps
[openvenc][rc] f=3538 P qp=16 bytes=707 avg=1062 kbps
[openvenc][rc] f=3539 P qp=16 bytes=704 avg=1062 kbps
[openvenc][rc] f=3540 P qp=16 bytes=707 avg=1062 kbps
[openvenc][rc] f=3541 P qp=16 bytes=704 avg=1062 kbps
[openvenc][rc] f=3542 P qp=16 bytes=707 avg=1062 kbps
[openvenc][rc] f=3543 P qp=16 bytes=704 avg=1061 kbps
[openvenc][rc] f=3544 P qp=16 bytes=707 avg=1061 kbps
[openvenc][rc] f=3545 P qp=16 bytes=704 avg=1061 kbps
[openvenc][rc] f=3546 P qp=16 bytes=707 avg=1061 kbps
[openvenc][rc] f=3547 P qp=16 bytes=704 avg=1061 kbps
[openvenc][rc] f=3548 P qp=16 bytes=707 avg=1060 kbps
[openvenc][rc] f=3549 P qp=16 bytes=704 avg=1060 kbps
[openvenc][rc] f=3550 IDR qp=16 bytes=69517 avg=1069 kbps
[openvenc][rc] f=3551 P qp=19 bytes=1953 avg=1069 kbps
[openvenc][rc] f=3552 P qp=18 bytes=1334 avg=1069 kbps
[openvenc][rc] f=3553 P qp=17 bytes=1803 avg=1069 kbps
[openvenc][rc] f=3554 P qp=16 bytes=1943 avg=1069 kbps
[openvenc][rc] f=3555 P qp=16 bytes=935 avg=1069 kbps
[openvenc][rc] f=3556 P qp=16 bytes=818 avg=1068 kbps
[openvenc][rc] f=3557 P qp=16 bytes=752 avg=1068 kbps
[openvenc][rc] f=3558 P qp=16 bytes=739 avg=1068 kbps
[openvenc][rc] f=3559 P qp=16 bytes=725 avg=1068 kbps
[openvenc][rc] f=3560 P qp=16 bytes=732 avg=1068 kbps
[openvenc][rc] f=3561 P qp=16 bytes=713 avg=1067 kbps
[openvenc][rc] f=3562 P qp=16 bytes=707 avg=1067 kbps
[openvenc][rc] f=3563 P qp=16 bytes=715 avg=1067 kbps
[openvenc][rc] f=3564 P qp=16 bytes=719 avg=1067 kbps
[openvenc][rc] f=3565 P qp=16 bytes=714 avg=1067 kbps
[openvenc][rc] f=3566 P qp=16 bytes=719 avg=1066 kbps
[openvenc][rc] f=3567 P qp=16 bytes=715 avg=1066 kbps
[openvenc][rc] f=3568 P qp=16 bytes=717 avg=1066 kbps
[openvenc][rc] f=3569 P qp=16 bytes=704 avg=1066 kbps
[openvenc][rc] f=3570 P qp=16 bytes=718 avg=1066 kbps
[openvenc][rc] f=3571 P qp=16 bytes=714 avg=1065 kbps
[openvenc][rc] f=3572 P qp=16 bytes=719 avg=1065 kbps
[openvenc][rc] f=3573 P qp=16 bytes=715 avg=1065 kbps
[openvenc][rc] f=3574 P qp=16 bytes=717 avg=1065 kbps
[openvenc][rc] f=3575 P qp=16 bytes=713 avg=1065 kbps
[openvenc][rc] f=3576 P qp=16 bytes=707 avg=1064 kbps
[openvenc][rc] f=3577 P qp=16 bytes=704 avg=1064 kbps
[openvenc][rc] f=3578 P qp=16 bytes=707 avg=1064 kbps
[openvenc][rc] f=3579 P qp=16 bytes=704 avg=1064 kbps
[openvenc][rc] f=3580 P qp=16 bytes=707 avg=1064 kbps
[openvenc][rc] f=3581 P qp=16 bytes=704 avg=1063 kbps
[openvenc][rc] f=3582 P qp=16 bytes=707 avg=1063 kbps
[openvenc][rc] f=3583 P qp=16 bytes=704 avg=1063 kbps
[openvenc][rc] f=3584 P qp=16 bytes=707 avg=1063 kbps
[openvenc][rc] f=3585 P qp=16 bytes=704 avg=1063 kbps
[openvenc][rc] f=3586 P qp=16 bytes=707 avg=1062 kbps
[openvenc][rc] f=3587 P qp=16 bytes=704 avg=1062 kbps
[openvenc][rc] f=3588 P qp=16 bytes=707 avg=1062 kbps
[openvenc][rc] f=3589 P qp=16 bytes=704 avg=1062 kbps
[openvenc][rc] f=3590 P qp=16 bytes=707 avg=1062 kbps
[openvenc][rc] f=3591 P qp=16 bytes=704 avg=1061 kbps
[openvenc][rc] f=3592 P qp=16 bytes=707 avg=1061 kbps
[openvenc][rc] f=3593 P qp=16 bytes=704 avg=1061 kbps
[openvenc][rc] f=3594 P qp=16 bytes=707 avg=1061 kbps
[openvenc][rc] f=3595 P qp=16 bytes=704 avg=1061 kbps
[openvenc][rc] f=3596 P qp=16 bytes=707 avg=1060 kbps
[openvenc][rc] f=3597 P qp=16 bytes=704 avg=1060 kbps
