=== h264_vbr2000: codec=h264 rc=vbr br=2000 nframes=240 src=/root/rc65/clips/static.yuyv motion=vscroll mstep=4
# vdrive tag=h264_vbr2000 codec=h264 1920x1080 rc=vbr br=2000 fps=60/60 gop=30 gopmode=normalp ltrint=0 ltrqpo=0 iqp=32 pqp=32 profile=10 level=51 tier=0 qp[10..51] iqp[10..51] iqd=0 firstqp=-1 iprop[10..40] idrrange=2 stattime=1 vq=0 ir=0/0 slice=0 debreath=0 scd=-1 rowqpd=-1 vui=-1 move=0 nframes=240
src=/root/rc65/clips/static.yuyv frames=30 loop=pingpong motion=vscroll mstep=4 window=0..-1
AX_SYS_Init rc=0x0
AX_VENC_Init rc=0x0
AX_VENC_CreateChn(7) rc=0x0
StartRecvFrame rc=0x0
AX_POOL_CreatePool id=0x0
blk=0x5e000000 phys=0x742d1000 virt=0xffff983c5000
frame: modid=0x11 stride=1920 fmt=0xd
  snapshot pre: 3 venc_ko blocks (pool0 0x73801000 len 0x10000)
src frame 0: srcf=0 off=4 br=2000
frame 0: send=0x0 get=0x0 len=23451 coding=0 startqp=0 meanqp=0 picbytes=0 pskip=0 nalus=3 n7:32 n8:9 n5:23410
  snapshot f000: 3 venc_ko blocks (pool0 0x73801000 len 0x10000)
src frame 1: srcf=1 off=8 br=2000
frame 1: send=0x0 get=0x0 len=3335 coding=1 startqp=0 meanqp=0 picbytes=0 pskip=0 nalus=1 n1:3335
  snapshot f001: 3 venc_ko blocks (pool0 0x73801000 len 0x10000)
src frame 2: srcf=2 off=12 br=2000
frame 2: send=0x0 get=0x0 len=1638 coding=1 startqp=0 meanqp=0 picbytes=0 pskip=0 nalus=1 n1:1638
  snapshot f002: 3 venc_ko blocks (pool0 0x73801000 len 0x10000)
src frame 3: srcf=3 off=16 br=2000
frame 3: send=0x0 get=0x0 len=2290 coding=1 startqp=0 meanqp=0 picbytes=0 pskip=0 nalus=1 n1:2290
  snapshot f003: 3 venc_ko blocks (pool0 0x73801000 len 0x10000)
src frame 4: srcf=4 off=20 br=2000
frame 4: send=0x0 get=0x0 len=2726 coding=1 startqp=0 meanqp=0 picbytes=0 pskip=0 nalus=1 n1:2726
  snapshot f004: 3 venc_ko blocks (pool0 0x73801000 len 0x10000)
src frame 5: srcf=5 off=24 br=2000
frame 5: send=0x0 get=0x0 len=1801 coding=1 startqp=0 meanqp=0 picbytes=0 pskip=0 nalus=1 n1:1801
  snapshot f005: 3 venc_ko blocks (pool0 0x73801000 len 0x10000)
src frame 6: srcf=6 off=28 br=2000
frame 6: send=0x0 get=0x0 len=2225 coding=1 startqp=0 meanqp=0 picbytes=0 pskip=0 nalus=1 n1:2225
  snapshot f006: 3 venc_ko blocks (pool0 0x73801000 len 0x10000)
src frame 7: srcf=7 off=32 br=2000
frame 7: send=0x0 get=0x0 len=2956 coding=1 startqp=0 meanqp=0 picbytes=0 pskip=0 nalus=1 n1:2956
  snapshot f007: 3 venc_ko blocks (pool0 0x73801000 len 0x10000)
src frame 8: srcf=8 off=36 br=2000
frame 8: send=0x0 get=0x0 len=2657 coding=1 startqp=0 meanqp=0 picbytes=0 pskip=0 nalus=1 n1:2657
  snapshot f008: 3 venc_ko blocks (pool0 0x73801000 len 0x10000)
src frame 9: srcf=9 off=40 br=2000
frame 9: send=0x0 get=0x0 len=2942 coding=1 startqp=0 meanqp=0 picbytes=0 pskip=0 nalus=1 n1:2942
  snapshot f009: 3 venc_ko blocks (pool0 0x73801000 len 0x10000)
src frame 10: srcf=10 off=44 br=2000
frame 10: send=0x0 get=0x0 len=2307 coding=1 startqp=0 meanqp=0 picbytes=0 pskip=0 nalus=1 n1:2307
  snapshot f010: 3 venc_ko blocks (pool0 0x73801000 len 0x10000)
src frame 11: srcf=11 off=48 br=2000
frame 11: send=0x0 get=0x0 len=3744 coding=1 startqp=0 meanqp=0 picbytes=0 pskip=0 nalus=1 n1:3744
  snapshot f011: 3 venc_ko blocks (pool0 0x73801000 len 0x10000)
src frame 12: srcf=12 off=52 br=2000
frame 12: send=0x0 get=0x0 len=2182 coding=1 startqp=0 meanqp=0 picbytes=0 pskip=0 nalus=1 n1:2182
  snapshot f012: 3 venc_ko blocks (pool0 0x73801000 len 0x10000)
src frame 13: srcf=13 off=56 br=2000
frame 13: send=0x0 get=0x0 len=2420 coding=1 startqp=0 meanqp=0 picbytes=0 pskip=0 nalus=1 n1:2420
  snapshot f013: 3 venc_ko blocks (pool0 0x73801000 len 0x10000)
src frame 14: srcf=14 off=60 br=2000
frame 14: send=0x0 get=0x0 len=3687 coding=1 startqp=0 meanqp=0 picbytes=0 pskip=0 nalus=1 n1:3687
  snapshot f014: 3 venc_ko blocks (pool0 0x73801000 len 0x10000)
src frame 15: srcf=15 off=64 br=2000
frame 15: send=0x0 get=0x0 len=1914 coding=1 startqp=0 meanqp=0 picbytes=0 pskip=0 nalus=1 n1:1914
  snapshot f015: 3 venc_ko blocks (pool0 0x73801000 len 0x10000)
src frame 16: srcf=16 off=68 br=2000
frame 16: send=0x0 get=0x0 len=2157 coding=1 startqp=0 meanqp=0 picbytes=0 pskip=0 nalus=1 n1:2157
  snapshot f016: 3 venc_ko blocks (pool0 0x73801000 len 0x10000)
src frame 17: srcf=17 off=72 br=2000
frame 17: send=0x0 get=0x0 len=2776 coding=1 startqp=0 meanqp=0 picbytes=0 pskip=0 nalus=1 n1:2776
  snapshot f017: 3 venc_ko blocks (pool0 0x73801000 len 0x10000)
src frame 18: srcf=18 off=76 br=2000
frame 18: send=0x0 get=0x0 len=3856 coding=1 startqp=0 meanqp=0 picbytes=0 pskip=0 nalus=1 n1:3856
  snapshot f018: 3 venc_ko blocks (pool0 0x73801000 len 0x10000)
src frame 19: srcf=19 off=80 br=2000
frame 19: send=0x0 get=0x0 len=1859 coding=1 startqp=0 meanqp=0 picbytes=0 pskip=0 nalus=1 n1:1859
  snapshot f019: 3 venc_ko blocks (pool0 0x73801000 len 0x10000)
src frame 20: srcf=20 off=84 br=2000
frame 20: send=0x0 get=0x0 len=2509 coding=1 startqp=0 meanqp=0 picbytes=0 pskip=0 nalus=1 n1:2509
  snapshot f020: 3 venc_ko blocks (pool0 0x73801000 len 0x10000)
src frame 21: srcf=21 off=88 br=2000
frame 21: send=0x0 get=0x0 len=3102 coding=1 startqp=0 meanqp=0 picbytes=0 pskip=0 nalus=1 n1:3102
  snapshot f021: 3 venc_ko blocks (pool0 0x73801000 len 0x10000)
src frame 22: srcf=22 off=92 br=2000
frame 22: send=0x0 get=0x0 len=3328 coding=1 startqp=0 meanqp=0 picbytes=0 pskip=0 nalus=1 n1:3328
  snapshot f022: 3 venc_ko blocks (pool0 0x73801000 len 0x10000)
src frame 23: srcf=23 off=96 br=2000
frame 23: send=0x0 get=0x0 len=4521 coding=1 startqp=0 meanqp=0 picbytes=0 pskip=0 nalus=1 n1:4521
  snapshot f023: 3 venc_ko blocks (pool0 0x73801000 len 0x10000)
src frame 24: srcf=24 off=100 br=2000
frame 24: send=0x0 get=0x0 len=3312 coding=1 startqp=0 meanqp=0 picbytes=0 pskip=0 nalus=1 n1:3312
  snapshot f024: 3 venc_ko blocks (pool0 0x73801000 len 0x10000)
src frame 25: srcf=25 off=104 br=2000
frame 25: send=0x0 get=0x0 len=2151 coding=1 startqp=0 meanqp=0 picbytes=0 pskip=0 nalus=1 n1:2151
  snapshot f025: 3 venc_ko blocks (pool0 0x73801000 len 0x10000)
src frame 26: srcf=26 off=108 br=2000
frame 26: send=0x0 get=0x0 len=1848 coding=1 startqp=0 meanqp=0 picbytes=0 pskip=0 nalus=1 n1:1848
  snapshot f026: 3 venc_ko blocks (pool0 0x73801000 len 0x10000)
src frame 27: srcf=27 off=112 br=2000
frame 27: send=0x0 get=0x0 len=3115 coding=1 startqp=0 meanqp=0 picbytes=0 pskip=0 nalus=1 n1:3115
  snapshot f027: 3 venc_ko blocks (pool0 0x73801000 len 0x10000)
src frame 28: srcf=28 off=116 br=2000
frame 28: send=0x0 get=0x0 len=2979 coding=1 startqp=0 meanqp=0 picbytes=0 pskip=0 nalus=1 n1:2979
  snapshot f028: 3 venc_ko blocks (pool0 0x73801000 len 0x10000)
src frame 29: srcf=29 off=120 br=2000
frame 29: send=0x0 get=0x0 len=3054 coding=1 startqp=0 meanqp=0 picbytes=0 pskip=0 nalus=1 n1:3054
  snapshot f029: 3 venc_ko blocks (pool0 0x73801000 len 0x10000)
src frame 30: srcf=28 off=124 br=2000
frame 30: send=0x0 get=0x0 len=32200 coding=0 startqp=0 meanqp=0 picbytes=0 pskip=0 nalus=3 n7:32 n8:9 n5:32159
  snapshot f030: 3 venc_ko blocks (pool0 0x73801000 len 0x10000)
src frame 31: srcf=27 off=128 br=2000
frame 31: send=0x0 get=0x0 len=3425 coding=1 startqp=0 meanqp=0 picbytes=0 pskip=0 nalus=1 n1:3425
  snapshot f031: 3 venc_ko blocks (pool0 0x73801000 len 0x10000)
src frame 32: srcf=26 off=132 br=2000
frame 32: send=0x0 get=0x0 len=1879 coding=1 startqp=0 meanqp=0 picbytes=0 pskip=0 nalus=1 n1:1879
  snapshot f032: 3 venc_ko blocks (pool0 0x73801000 len 0x10000)
src frame 33: srcf=25 off=136 br=2000
frame 33: send=0x0 get=0x0 len=2657 coding=1 startqp=0 meanqp=0 picbytes=0 pskip=0 nalus=1 n1:2657
  snapshot f033: 3 venc_ko blocks (pool0 0x73801000 len 0x10000)
src frame 34: srcf=24 off=140 br=2000
frame 34: send=0x0 get=0x0 len=2337 coding=1 startqp=0 meanqp=0 picbytes=0 pskip=0 nalus=1 n1:2337
  snapshot f034: 3 venc_ko blocks (pool0 0x73801000 len 0x10000)
src frame 35: srcf=23 off=144 br=2000
frame 35: send=0x0 get=0x0 len=2138 coding=1 startqp=0 meanqp=0 picbytes=0 pskip=0 nalus=1 n1:2138
  snapshot f035: 3 venc_ko blocks (pool0 0x73801000 len 0x10000)
src frame 36: srcf=22 off=148 br=2000
frame 36: send=0x0 get=0x0 len=2295 coding=1 startqp=0 meanqp=0 picbytes=0 pskip=0 nalus=1 n1:2295
  snapshot f036: 3 venc_ko blocks (pool0 0x73801000 len 0x10000)
src frame 37: srcf=21 off=152 br=2000
frame 37: send=0x0 get=0x0 len=3057 coding=1 startqp=0 meanqp=0 picbytes=0 pskip=0 nalus=1 n1:3057
  snapshot f037: 3 venc_ko blocks (pool0 0x73801000 len 0x10000)
src frame 38: srcf=20 off=156 br=2000
frame 38: send=0x0 get=0x0 len=2325 coding=1 startqp=0 meanqp=0 picbytes=0 pskip=0 nalus=1 n1:2325
  snapshot f038: 3 venc_ko blocks (pool0 0x73801000 len 0x10000)
src frame 39: srcf=19 off=160 br=2000
frame 39: send=0x0 get=0x0 len=2847 coding=1 startqp=0 meanqp=0 picbytes=0 pskip=0 nalus=1 n1:2847
  snapshot f039: 3 venc_ko blocks (pool0 0x73801000 len 0x10000)
src frame 40: srcf=18 off=164 br=2000
frame 40: send=0x0 get=0x0 len=2546 coding=1 startqp=0 meanqp=0 picbytes=0 pskip=0 nalus=1 n1:2546
  snapshot f040: 3 venc_ko blocks (pool0 0x73801000 len 0x10000)
src frame 41: srcf=17 off=168 br=2000
frame 41: send=0x0 get=0x0 len=4177 coding=1 startqp=0 meanqp=0 picbytes=0 pskip=0 nalus=1 n1:4177
  snapshot f041: 3 venc_ko blocks (pool0 0x73801000 len 0x10000)
src frame 42: srcf=16 off=172 br=2000
frame 42: send=0x0 get=0x0 len=2408 coding=1 startqp=0 meanqp=0 picbytes=0 pskip=0 nalus=1 n1:2408
  snapshot f042: 3 venc_ko blocks (pool0 0x73801000 len 0x10000)
src frame 43: srcf=15 off=176 br=2000
frame 43: send=0x0 get=0x0 len=2781 coding=1 startqp=0 meanqp=0 picbytes=0 pskip=0 nalus=1 n1:2781
  snapshot f043: 3 venc_ko blocks (pool0 0x73801000 len 0x10000)
src frame 44: srcf=14 off=180 br=2000
frame 44: send=0x0 get=0x0 len=2013 coding=1 startqp=0 meanqp=0 picbytes=0 pskip=0 nalus=1 n1:2013
  snapshot f044: 3 venc_ko blocks (pool0 0x73801000 len 0x10000)
src frame 45: srcf=13 off=184 br=2000
frame 45: send=0x0 get=0x0 len=2727 coding=1 startqp=0 meanqp=0 picbytes=0 pskip=0 nalus=1 n1:2727
  snapshot f045: 3 venc_ko blocks (pool0 0x73801000 len 0x10000)
src frame 46: srcf=12 off=188 br=2000
frame 46: send=0x0 get=0x0 len=3943 coding=1 startqp=0 meanqp=0 picbytes=0 pskip=0 nalus=1 n1:3943
  snapshot f046: 3 venc_ko blocks (pool0 0x73801000 len 0x10000)
src frame 47: srcf=11 off=192 br=2000
frame 47: send=0x0 get=0x0 len=1472 coding=1 startqp=0 meanqp=0 picbytes=0 pskip=0 nalus=1 n1:1472
  snapshot f047: 3 venc_ko blocks (pool0 0x73801000 len 0x10000)
src frame 48: srcf=10 off=196 br=2000
frame 48: send=0x0 get=0x0 len=2342 coding=1 startqp=0 meanqp=0 picbytes=0 pskip=0 nalus=1 n1:2342
  snapshot f048: 3 venc_ko blocks (pool0 0x73801000 len 0x10000)
src frame 49: srcf=9 off=200 br=2000
frame 49: send=0x0 get=0x0 len=3118 coding=1 startqp=0 meanqp=0 picbytes=0 pskip=0 nalus=1 n1:3118
  snapshot f049: 3 venc_ko blocks (pool0 0x73801000 len 0x10000)
src frame 50: srcf=8 off=204 br=2000
frame 50: send=0x0 get=0x0 len=2842 coding=1 startqp=0 meanqp=0 picbytes=0 pskip=0 nalus=1 n1:2842
  snapshot f050: 3 venc_ko blocks (pool0 0x73801000 len 0x10000)
src frame 51: srcf=7 off=208 br=2000
frame 51: send=0x0 get=0x0 len=3674 coding=1 startqp=0 meanqp=0 picbytes=0 pskip=0 nalus=1 n1:3674
  snapshot f051: 3 venc_ko blocks (pool0 0x73801000 len 0x10000)
src frame 52: srcf=6 off=212 br=2000
frame 52: send=0x0 get=0x0 len=2018 coding=1 startqp=0 meanqp=0 picbytes=0 pskip=0 nalus=1 n1:2018
  snapshot f052: 3 venc_ko blocks (pool0 0x73801000 len 0x10000)
src frame 53: srcf=5 off=216 br=2000
frame 53: send=0x0 get=0x0 len=2718 coding=1 startqp=0 meanqp=0 picbytes=0 pskip=0 nalus=1 n1:2718
  snapshot f053: 3 venc_ko blocks (pool0 0x73801000 len 0x10000)
src frame 54: srcf=4 off=220 br=2000
frame 54: send=0x0 get=0x0 len=2656 coding=1 startqp=0 meanqp=0 picbytes=0 pskip=0 nalus=1 n1:2656
  snapshot f054: 3 venc_ko blocks (pool0 0x73801000 len 0x10000)
src frame 55: srcf=3 off=224 br=2000
frame 55: send=0x0 get=0x0 len=3862 coding=1 startqp=0 meanqp=0 picbytes=0 pskip=0 nalus=1 n1:3862
  snapshot f055: 3 venc_ko blocks (pool0 0x73801000 len 0x10000)
src frame 56: srcf=2 off=228 br=2000
frame 56: send=0x0 get=0x0 len=1641 coding=1 startqp=0 meanqp=0 picbytes=0 pskip=0 nalus=1 n1:1641
  snapshot f056: 3 venc_ko blocks (pool0 0x73801000 len 0x10000)
src frame 57: srcf=1 off=232 br=2000
frame 57: send=0x0 get=0x0 len=2357 coding=1 startqp=0 meanqp=0 picbytes=0 pskip=0 nalus=1 n1:2357
  snapshot f057: 3 venc_ko blocks (pool0 0x73801000 len 0x10000)
src frame 58: srcf=0 off=236 br=2000
frame 58: send=0x0 get=0x0 len=2928 coding=1 startqp=0 meanqp=0 picbytes=0 pskip=0 nalus=1 n1:2928
  snapshot f058: 3 venc_ko blocks (pool0 0x73801000 len 0x10000)
src frame 59: srcf=1 off=240 br=2000
frame 59: send=0x0 get=0x0 len=1728 coding=1 startqp=0 meanqp=0 picbytes=0 pskip=0 nalus=1 n1:1728
  snapshot f059: 3 venc_ko blocks (pool0 0x73801000 len 0x10000)
src frame 60: srcf=2 off=244 br=2000
frame 60: send=0x0 get=0x0 len=42007 coding=0 startqp=0 meanqp=0 picbytes=0 pskip=0 nalus=3 n7:32 n8:9 n5:41966
  snapshot f060: 3 venc_ko blocks (pool0 0x73801000 len 0x10000)
src frame 61: srcf=3 off=248 br=2000
frame 61: send=0x0 get=0x0 len=4189 coding=1 startqp=0 meanqp=0 picbytes=0 pskip=0 nalus=1 n1:4189
  snapshot f061: 3 venc_ko blocks (pool0 0x73801000 len 0x10000)
src frame 62: srcf=4 off=252 br=2000
frame 62: send=0x0 get=0x0 len=2516 coding=1 startqp=0 meanqp=0 picbytes=0 pskip=0 nalus=1 n1:2516
  snapshot f062: 3 venc_ko blocks (pool0 0x73801000 len 0x10000)
src frame 63: srcf=5 off=256 br=2000
frame 63: send=0x0 get=0x0 len=2192 coding=1 startqp=0 meanqp=0 picbytes=0 pskip=0 nalus=1 n1:2192
  snapshot f063: 3 venc_ko blocks (pool0 0x73801000 len 0x10000)
src frame 64: srcf=6 off=260 br=2000
frame 64: send=0x0 get=0x0 len=2280 coding=1 startqp=0 meanqp=0 picbytes=0 pskip=0 nalus=1 n1:2280
  snapshot f064: 3 venc_ko blocks (pool0 0x73801000 len 0x10000)
src frame 65: srcf=7 off=264 br=2000
frame 65: send=0x0 get=0x0 len=1681 coding=1 startqp=0 meanqp=0 picbytes=0 pskip=0 nalus=1 n1:1681
  snapshot f065: 3 venc_ko blocks (pool0 0x73801000 len 0x10000)
src frame 66: srcf=8 off=268 br=2000
frame 66: send=0x0 get=0x0 len=2432 coding=1 startqp=0 meanqp=0 picbytes=0 pskip=0 nalus=1 n1:2432
  snapshot f066: 3 venc_ko blocks (pool0 0x73801000 len 0x10000)
src frame 67: srcf=9 off=272 br=2000
frame 67: send=0x0 get=0x0 len=3322 coding=1 startqp=0 meanqp=0 picbytes=0 pskip=0 nalus=1 n1:3322
  snapshot f067: 3 venc_ko blocks (pool0 0x73801000 len 0x10000)
src frame 68: srcf=10 off=276 br=2000
frame 68: send=0x0 get=0x0 len=1559 coding=1 startqp=0 meanqp=0 picbytes=0 pskip=0 nalus=1 n1:1559
  snapshot f068: 3 venc_ko blocks (pool0 0x73801000 len 0x10000)
src frame 69: srcf=11 off=280 br=2000
frame 69: send=0x0 get=0x0 len=1851 coding=1 startqp=0 meanqp=0 picbytes=0 pskip=0 nalus=1 n1:1851
  snapshot f069: 3 venc_ko blocks (pool0 0x73801000 len 0x10000)
src frame 70: srcf=12 off=284 br=2000
frame 70: send=0x0 get=0x0 len=2477 coding=1 startqp=0 meanqp=0 picbytes=0 pskip=0 nalus=1 n1:2477
  snapshot f070: 3 venc_ko blocks (pool0 0x73801000 len 0x10000)
src frame 71: srcf=13 off=288 br=2000
frame 71: send=0x0 get=0x0 len=3588 coding=1 startqp=0 meanqp=0 picbytes=0 pskip=0 nalus=1 n1:3588
  snapshot f071: 3 venc_ko blocks (pool0 0x73801000 len 0x10000)
src frame 72: srcf=14 off=292 br=2000
frame 72: send=0x0 get=0x0 len=2154 coding=1 startqp=0 meanqp=0 picbytes=0 pskip=0 nalus=1 n1:2154
  snapshot f072: 3 venc_ko blocks (pool0 0x73801000 len 0x10000)
src frame 73: srcf=15 off=296 br=2000
frame 73: send=0x0 get=0x0 len=2422 coding=1 startqp=0 meanqp=0 picbytes=0 pskip=0 nalus=1 n1:2422
  snapshot f073: 3 venc_ko blocks (pool0 0x73801000 len 0x10000)
src frame 74: srcf=16 off=300 br=2000
frame 74: send=0x0 get=0x0 len=2290 coding=1 startqp=0 meanqp=0 picbytes=0 pskip=0 nalus=1 n1:2290
  snapshot f074: 3 venc_ko blocks (pool0 0x73801000 len 0x10000)
src frame 75: srcf=17 off=304 br=2000
frame 75: send=0x0 get=0x0 len=3646 coding=1 startqp=0 meanqp=0 picbytes=0 pskip=0 nalus=1 n1:3646
  snapshot f075: 3 venc_ko blocks (pool0 0x73801000 len 0x10000)
src frame 76: srcf=18 off=308 br=2000
frame 76: send=0x0 get=0x0 len=1723 coding=1 startqp=0 meanqp=0 picbytes=0 pskip=0 nalus=1 n1:1723
  snapshot f076: 3 venc_ko blocks (pool0 0x73801000 len 0x10000)
src frame 77: srcf=19 off=312 br=2000
frame 77: send=0x0 get=0x0 len=2264 coding=1 startqp=0 meanqp=0 picbytes=0 pskip=0 nalus=1 n1:2264
  snapshot f077: 3 venc_ko blocks (pool0 0x73801000 len 0x10000)
src frame 78: srcf=20 off=316 br=2000
frame 78: send=0x0 get=0x0 len=3145 coding=1 startqp=0 meanqp=0 picbytes=0 pskip=0 nalus=1 n1:3145
  snapshot f078: 3 venc_ko blocks (pool0 0x73801000 len 0x10000)
src frame 79: srcf=21 off=320 br=2000
frame 79: send=0x0 get=0x0 len=1680 coding=1 startqp=0 meanqp=0 picbytes=0 pskip=0 nalus=1 n1:1680
  snapshot f079: 3 venc_ko blocks (pool0 0x73801000 len 0x10000)
src frame 80: srcf=22 off=324 br=2000
frame 80: send=0x0 get=0x0 len=2642 coding=1 startqp=0 meanqp=0 picbytes=0 pskip=0 nalus=1 n1:2642
  snapshot f080: 3 venc_ko blocks (pool0 0x73801000 len 0x10000)
src frame 81: srcf=23 off=328 br=2000
frame 81: send=0x0 get=0x0 len=2795 coding=1 startqp=0 meanqp=0 picbytes=0 pskip=0 nalus=1 n1:2795
  snapshot f081: 3 venc_ko blocks (pool0 0x73801000 len 0x10000)
src frame 82: srcf=24 off=332 br=2000
frame 82: send=0x0 get=0x0 len=2370 coding=1 startqp=0 meanqp=0 picbytes=0 pskip=0 nalus=1 n1:2370
  snapshot f082: 3 venc_ko blocks (pool0 0x73801000 len 0x10000)
src frame 83: srcf=25 off=336 br=2000
frame 83: send=0x0 get=0x0 len=2179 coding=1 startqp=0 meanqp=0 picbytes=0 pskip=0 nalus=1 n1:2179
  snapshot f083: 3 venc_ko blocks (pool0 0x73801000 len 0x10000)
src frame 84: srcf=26 off=340 br=2000
frame 84: send=0x0 get=0x0 len=4567 coding=1 startqp=0 meanqp=0 picbytes=0 pskip=0 nalus=1 n1:4567
  snapshot f084: 3 venc_ko blocks (pool0 0x73801000 len 0x10000)
src frame 85: srcf=27 off=344 br=2000
frame 85: send=0x0 get=0x0 len=1559 coding=1 startqp=0 meanqp=0 picbytes=0 pskip=0 nalus=1 n1:1559
  snapshot f085: 3 venc_ko blocks (pool0 0x73801000 len 0x10000)
src frame 86: srcf=28 off=348 br=2000
frame 86: send=0x0 get=0x0 len=1696 coding=1 startqp=0 meanqp=0 picbytes=0 pskip=0 nalus=1 n1:1696
  snapshot f086: 3 venc_ko blocks (pool0 0x73801000 len 0x10000)
src frame 87: srcf=29 off=352 br=2000
frame 87: send=0x0 get=0x0 len=3200 coding=1 startqp=0 meanqp=0 picbytes=0 pskip=0 nalus=1 n1:3200
  snapshot f087: 3 venc_ko blocks (pool0 0x73801000 len 0x10000)
src frame 88: srcf=28 off=356 br=2000
frame 88: send=0x0 get=0x0 len=1551 coding=1 startqp=0 meanqp=0 picbytes=0 pskip=0 nalus=1 n1:1551
  snapshot f088: 3 venc_ko blocks (pool0 0x73801000 len 0x10000)
src frame 89: srcf=27 off=360 br=2000
frame 89: send=0x0 get=0x0 len=2954 coding=1 startqp=0 meanqp=0 picbytes=0 pskip=0 nalus=1 n1:2954
  snapshot f089: 3 venc_ko blocks (pool0 0x73801000 len 0x10000)
src frame 90: srcf=26 off=364 br=2000
frame 90: send=0x0 get=0x0 len=50537 coding=0 startqp=0 meanqp=0 picbytes=0 pskip=0 nalus=3 n7:32 n8:9 n5:50496
  snapshot f090: 3 venc_ko blocks (pool0 0x73801000 len 0x10000)
src frame 91: srcf=25 off=368 br=2000
frame 91: send=0x0 get=0x0 len=3354 coding=1 startqp=0 meanqp=0 picbytes=0 pskip=0 nalus=1 n1:3354
  snapshot f091: 3 venc_ko blocks (pool0 0x73801000 len 0x10000)
src frame 92: srcf=24 off=372 br=2000
frame 92: send=0x0 get=0x0 len=1980 coding=1 startqp=0 meanqp=0 picbytes=0 pskip=0 nalus=1 n1:1980
  snapshot f092: 3 venc_ko blocks (pool0 0x73801000 len 0x10000)
src frame 93: srcf=23 off=376 br=2000
frame 93: send=0x0 get=0x0 len=2288 coding=1 startqp=0 meanqp=0 picbytes=0 pskip=0 nalus=1 n1:2288
  snapshot f093: 3 venc_ko blocks (pool0 0x73801000 len 0x10000)
src frame 94: srcf=22 off=380 br=2000
frame 94: send=0x0 get=0x0 len=1595 coding=1 startqp=0 meanqp=0 picbytes=0 pskip=0 nalus=1 n1:1595
  snapshot f094: 3 venc_ko blocks (pool0 0x73801000 len 0x10000)
src frame 95: srcf=21 off=384 br=2000
frame 95: send=0x0 get=0x0 len=1207 coding=1 startqp=0 meanqp=0 picbytes=0 pskip=0 nalus=1 n1:1207
  snapshot f095: 3 venc_ko blocks (pool0 0x73801000 len 0x10000)
src frame 96: srcf=20 off=388 br=2000
frame 96: send=0x0 get=0x0 len=2125 coding=1 startqp=0 meanqp=0 picbytes=0 pskip=0 nalus=1 n1:2125
  snapshot f096: 3 venc_ko blocks (pool0 0x73801000 len 0x10000)
src frame 97: srcf=19 off=392 br=2000
frame 97: send=0x0 get=0x0 len=2798 coding=1 startqp=0 meanqp=0 picbytes=0 pskip=0 nalus=1 n1:2798
  snapshot f097: 3 venc_ko blocks (pool0 0x73801000 len 0x10000)
src frame 98: srcf=18 off=396 br=2000
frame 98: send=0x0 get=0x0 len=1407 coding=1 startqp=0 meanqp=0 picbytes=0 pskip=0 nalus=1 n1:1407
  snapshot f098: 3 venc_ko blocks (pool0 0x73801000 len 0x10000)
src frame 99: srcf=17 off=400 br=2000
frame 99: send=0x0 get=0x0 len=1863 coding=1 startqp=0 meanqp=0 picbytes=0 pskip=0 nalus=1 n1:1863
  snapshot f099: 3 venc_ko blocks (pool0 0x73801000 len 0x10000)
src frame 100: srcf=16 off=404 br=2000
frame 100: send=0x0 get=0x0 len=2415 coding=1 startqp=0 meanqp=0 picbytes=0 pskip=0 nalus=1 n1:2415
  snapshot f100: 3 venc_ko blocks (pool0 0x73801000 len 0x10000)
src frame 101: srcf=15 off=408 br=2000
frame 101: send=0x0 get=0x0 len=2354 coding=1 startqp=0 meanqp=0 picbytes=0 pskip=0 nalus=1 n1:2354
  snapshot f101: 3 venc_ko blocks (pool0 0x73801000 len 0x10000)
src frame 102: srcf=14 off=412 br=2000
frame 102: send=0x0 get=0x0 len=2448 coding=1 startqp=0 meanqp=0 picbytes=0 pskip=0 nalus=1 n1:2448
  snapshot f102: 3 venc_ko blocks (pool0 0x73801000 len 0x10000)
src frame 103: srcf=13 off=416 br=2000
frame 103: send=0x0 get=0x0 len=2612 coding=1 startqp=0 meanqp=0 picbytes=0 pskip=0 nalus=1 n1:2612
  snapshot f103: 3 venc_ko blocks (pool0 0x73801000 len 0x10000)
src frame 104: srcf=12 off=420 br=2000
frame 104: send=0x0 get=0x0 len=1480 coding=1 startqp=0 meanqp=0 picbytes=0 pskip=0 nalus=1 n1:1480
  snapshot f104: 3 venc_ko blocks (pool0 0x73801000 len 0x10000)
src frame 105: srcf=11 off=424 br=2000
frame 105: send=0x0 get=0x0 len=2298 coding=1 startqp=0 meanqp=0 picbytes=0 pskip=0 nalus=1 n1:2298
  snapshot f105: 3 venc_ko blocks (pool0 0x73801000 len 0x10000)
src frame 106: srcf=10 off=428 br=2000
frame 106: send=0x0 get=0x0 len=3155 coding=1 startqp=0 meanqp=0 picbytes=0 pskip=0 nalus=1 n1:3155
  snapshot f106: 3 venc_ko blocks (pool0 0x73801000 len 0x10000)
src frame 107: srcf=9 off=432 br=2000
frame 107: send=0x0 get=0x0 len=1500 coding=1 startqp=0 meanqp=0 picbytes=0 pskip=0 nalus=1 n1:1500
  snapshot f107: 3 venc_ko blocks (pool0 0x73801000 len 0x10000)
src frame 108: srcf=8 off=436 br=2000
frame 108: send=0x0 get=0x0 len=2353 coding=1 startqp=0 meanqp=0 picbytes=0 pskip=0 nalus=1 n1:2353
  snapshot f108: 3 venc_ko blocks (pool0 0x73801000 len 0x10000)
src frame 109: srcf=7 off=440 br=2000
frame 109: send=0x0 get=0x0 len=3201 coding=1 startqp=0 meanqp=0 picbytes=0 pskip=0 nalus=1 n1:3201
  snapshot f109: 3 venc_ko blocks (pool0 0x73801000 len 0x10000)
src frame 110: srcf=6 off=444 br=2000
frame 110: send=0x0 get=0x0 len=1770 coding=1 startqp=0 meanqp=0 picbytes=0 pskip=0 nalus=1 n1:1770
  snapshot f110: 3 venc_ko blocks (pool0 0x73801000 len 0x10000)
src frame 111: srcf=5 off=448 br=2000
frame 111: send=0x0 get=0x0 len=2760 coding=1 startqp=0 meanqp=0 picbytes=0 pskip=0 nalus=1 n1:2760
  snapshot f111: 3 venc_ko blocks (pool0 0x73801000 len 0x10000)
src frame 112: srcf=4 off=452 br=2000
frame 112: send=0x0 get=0x0 len=2266 coding=1 startqp=0 meanqp=0 picbytes=0 pskip=0 nalus=1 n1:2266
  snapshot f112: 3 venc_ko blocks (pool0 0x73801000 len 0x10000)
src frame 113: srcf=3 off=456 br=2000
frame 113: send=0x0 get=0x0 len=2943 coding=1 startqp=0 meanqp=0 picbytes=0 pskip=0 nalus=1 n1:2943
  snapshot f113: 3 venc_ko blocks (pool0 0x73801000 len 0x10000)
src frame 114: srcf=2 off=460 br=2000
frame 114: send=0x0 get=0x0 len=977 coding=1 startqp=0 meanqp=0 picbytes=0 pskip=0 nalus=1 n1:977
  snapshot f114: 3 venc_ko blocks (pool0 0x73801000 len 0x10000)
src frame 115: srcf=1 off=464 br=2000
frame 115: send=0x0 get=0x0 len=1313 coding=1 startqp=0 meanqp=0 picbytes=0 pskip=0 nalus=1 n1:1313
  snapshot f115: 3 venc_ko blocks (pool0 0x73801000 len 0x10000)
src frame 116: srcf=0 off=468 br=2000
frame 116: send=0x0 get=0x0 len=2148 coding=1 startqp=0 meanqp=0 picbytes=0 pskip=0 nalus=1 n1:2148
  snapshot f116: 3 venc_ko blocks (pool0 0x73801000 len 0x10000)
src frame 117: srcf=1 off=472 br=2000
frame 117: send=0x0 get=0x0 len=3099 coding=1 startqp=0 meanqp=0 picbytes=0 pskip=0 nalus=1 n1:3099
  snapshot f117: 3 venc_ko blocks (pool0 0x73801000 len 0x10000)
src frame 118: srcf=2 off=476 br=2000
frame 118: send=0x0 get=0x0 len=1772 coding=1 startqp=0 meanqp=0 picbytes=0 pskip=0 nalus=1 n1:1772
  snapshot f118: 3 venc_ko blocks (pool0 0x73801000 len 0x10000)
src frame 119: srcf=3 off=480 br=2000
frame 119: send=0x0 get=0x0 len=2508 coding=1 startqp=0 meanqp=0 picbytes=0 pskip=0 nalus=1 n1:2508
  snapshot f119: 3 venc_ko blocks (pool0 0x73801000 len 0x10000)
src frame 120: srcf=4 off=484 br=2000
frame 120: send=0x0 get=0x0 len=53113 coding=0 startqp=0 meanqp=0 picbytes=0 pskip=0 nalus=3 n7:32 n8:9 n5:53072
  snapshot f120: 3 venc_ko blocks (pool0 0x73801000 len 0x10000)
src frame 121: srcf=5 off=488 br=2000
frame 121: send=0x0 get=0x0 len=4019 coding=1 startqp=0 meanqp=0 picbytes=0 pskip=0 nalus=1 n1:4019
  snapshot f121: 3 venc_ko blocks (pool0 0x73801000 len 0x10000)
src frame 122: srcf=6 off=492 br=2000
frame 122: send=0x0 get=0x0 len=2098 coding=1 startqp=0 meanqp=0 picbytes=0 pskip=0 nalus=1 n1:2098
  snapshot f122: 3 venc_ko blocks (pool0 0x73801000 len 0x10000)
src frame 123: srcf=7 off=496 br=2000
frame 123: send=0x0 get=0x0 len=1747 coding=1 startqp=0 meanqp=0 picbytes=0 pskip=0 nalus=1 n1:1747
  snapshot f123: 3 venc_ko blocks (pool0 0x73801000 len 0x10000)
src frame 124: srcf=8 off=500 br=2000
frame 124: send=0x0 get=0x0 len=1572 coding=1 startqp=0 meanqp=0 picbytes=0 pskip=0 nalus=1 n1:1572
  snapshot f124: 3 venc_ko blocks (pool0 0x73801000 len 0x10000)
src frame 125: srcf=9 off=504 br=2000
frame 125: send=0x0 get=0x0 len=1611 coding=1 startqp=0 meanqp=0 picbytes=0 pskip=0 nalus=1 n1:1611
  snapshot f125: 3 venc_ko blocks (pool0 0x73801000 len 0x10000)
src frame 126: srcf=10 off=508 br=2000
frame 126: send=0x0 get=0x0 len=1963 coding=1 startqp=0 meanqp=0 picbytes=0 pskip=0 nalus=1 n1:1963
  snapshot f126: 3 venc_ko blocks (pool0 0x73801000 len 0x10000)
src frame 127: srcf=11 off=512 br=2000
frame 127: send=0x0 get=0x0 len=2949 coding=1 startqp=0 meanqp=0 picbytes=0 pskip=0 nalus=1 n1:2949
  snapshot f127: 3 venc_ko blocks (pool0 0x73801000 len 0x10000)
src frame 128: srcf=12 off=516 br=2000
frame 128: send=0x0 get=0x0 len=1557 coding=1 startqp=0 meanqp=0 picbytes=0 pskip=0 nalus=1 n1:1557
  snapshot f128: 3 venc_ko blocks (pool0 0x73801000 len 0x10000)
src frame 129: srcf=13 off=520 br=2000
frame 129: send=0x0 get=0x0 len=1730 coding=1 startqp=0 meanqp=0 picbytes=0 pskip=0 nalus=1 n1:1730
  snapshot f129: 3 venc_ko blocks (pool0 0x73801000 len 0x10000)
src frame 130: srcf=14 off=524 br=2000
frame 130: send=0x0 get=0x0 len=1947 coding=1 startqp=0 meanqp=0 picbytes=0 pskip=0 nalus=1 n1:1947
  snapshot f130: 3 venc_ko blocks (pool0 0x73801000 len 0x10000)
src frame 131: srcf=15 off=528 br=2000
frame 131: send=0x0 get=0x0 len=2340 coding=1 startqp=0 meanqp=0 picbytes=0 pskip=0 nalus=1 n1:2340
  snapshot f131: 3 venc_ko blocks (pool0 0x73801000 len 0x10000)
src frame 132: srcf=16 off=532 br=2000
frame 132: send=0x0 get=0x0 len=2410 coding=1 startqp=0 meanqp=0 picbytes=0 pskip=0 nalus=1 n1:2410
  snapshot f132: 3 venc_ko blocks (pool0 0x73801000 len 0x10000)
src frame 133: srcf=17 off=536 br=2000
frame 133: send=0x0 get=0x0 len=2657 coding=1 startqp=0 meanqp=0 picbytes=0 pskip=0 nalus=1 n1:2657
  snapshot f133: 3 venc_ko blocks (pool0 0x73801000 len 0x10000)
src frame 134: srcf=18 off=540 br=2000
frame 134: send=0x0 get=0x0 len=2166 coding=1 startqp=0 meanqp=0 picbytes=0 pskip=0 nalus=1 n1:2166
  snapshot f134: 3 venc_ko blocks (pool0 0x73801000 len 0x10000)
src frame 135: srcf=19 off=544 br=2000
frame 135: send=0x0 get=0x0 len=2533 coding=1 startqp=0 meanqp=0 picbytes=0 pskip=0 nalus=1 n1:2533
  snapshot f135: 3 venc_ko blocks (pool0 0x73801000 len 0x10000)
src frame 136: srcf=20 off=548 br=2000
frame 136: send=0x0 get=0x0 len=2099 coding=1 startqp=0 meanqp=0 picbytes=0 pskip=0 nalus=1 n1:2099
  snapshot f136: 3 venc_ko blocks (pool0 0x73801000 len 0x10000)
src frame 137: srcf=21 off=552 br=2000
frame 137: send=0x0 get=0x0 len=1721 coding=1 startqp=0 meanqp=0 picbytes=0 pskip=0 nalus=1 n1:1721
  snapshot f137: 3 venc_ko blocks (pool0 0x73801000 len 0x10000)
src frame 138: srcf=22 off=556 br=2000
frame 138: send=0x0 get=0x0 len=2316 coding=1 startqp=0 meanqp=0 picbytes=0 pskip=0 nalus=1 n1:2316
  snapshot f138: 3 venc_ko blocks (pool0 0x73801000 len 0x10000)
src frame 139: srcf=23 off=560 br=2000
frame 139: send=0x0 get=0x0 len=1853 coding=1 startqp=0 meanqp=0 picbytes=0 pskip=0 nalus=1 n1:1853
  snapshot f139: 3 venc_ko blocks (pool0 0x73801000 len 0x10000)
src frame 140: srcf=24 off=564 br=2000
frame 140: send=0x0 get=0x0 len=2586 coding=1 startqp=0 meanqp=0 picbytes=0 pskip=0 nalus=1 n1:2586
  snapshot f140: 3 venc_ko blocks (pool0 0x73801000 len 0x10000)
src frame 141: srcf=25 off=568 br=2000
frame 141: send=0x0 get=0x0 len=2231 coding=1 startqp=0 meanqp=0 picbytes=0 pskip=0 nalus=1 n1:2231
  snapshot f141: 3 venc_ko blocks (pool0 0x73801000 len 0x10000)
src frame 142: srcf=26 off=572 br=2000
frame 142: send=0x0 get=0x0 len=2207 coding=1 startqp=0 meanqp=0 picbytes=0 pskip=0 nalus=1 n1:2207
  snapshot f142: 3 venc_ko blocks (pool0 0x73801000 len 0x10000)
src frame 143: srcf=27 off=576 br=2000
frame 143: send=0x0 get=0x0 len=2533 coding=1 startqp=0 meanqp=0 picbytes=0 pskip=0 nalus=1 n1:2533
  snapshot f143: 3 venc_ko blocks (pool0 0x73801000 len 0x10000)
src frame 144: srcf=28 off=580 br=2000
frame 144: send=0x0 get=0x0 len=2331 coding=1 startqp=0 meanqp=0 picbytes=0 pskip=0 nalus=1 n1:2331
  snapshot f144: 3 venc_ko blocks (pool0 0x73801000 len 0x10000)
src frame 145: srcf=29 off=584 br=2000
frame 145: send=0x0 get=0x0 len=2241 coding=1 startqp=0 meanqp=0 picbytes=0 pskip=0 nalus=1 n1:2241
  snapshot f145: 3 venc_ko blocks (pool0 0x73801000 len 0x10000)
src frame 146: srcf=28 off=588 br=2000
frame 146: send=0x0 get=0x0 len=2186 coding=1 startqp=0 meanqp=0 picbytes=0 pskip=0 nalus=1 n1:2186
  snapshot f146: 3 venc_ko blocks (pool0 0x73801000 len 0x10000)
src frame 147: srcf=27 off=592 br=2000
frame 147: send=0x0 get=0x0 len=3349 coding=1 startqp=0 meanqp=0 picbytes=0 pskip=0 nalus=1 n1:3349
  snapshot f147: 3 venc_ko blocks (pool0 0x73801000 len 0x10000)
src frame 148: srcf=26 off=596 br=2000
frame 148: send=0x0 get=0x0 len=1728 coding=1 startqp=0 meanqp=0 picbytes=0 pskip=0 nalus=1 n1:1728
  snapshot f148: 3 venc_ko blocks (pool0 0x73801000 len 0x10000)
src frame 149: srcf=25 off=600 br=2000
frame 149: send=0x0 get=0x0 len=1498 coding=1 startqp=0 meanqp=0 picbytes=0 pskip=0 nalus=1 n1:1498
  snapshot f149: 3 venc_ko blocks (pool0 0x73801000 len 0x10000)
src frame 150: srcf=24 off=604 br=2000
frame 150: send=0x0 get=0x0 len=55506 coding=0 startqp=0 meanqp=0 picbytes=0 pskip=0 nalus=3 n7:32 n8:9 n5:55465
  snapshot f150: 3 venc_ko blocks (pool0 0x73801000 len 0x10000)
src frame 151: srcf=23 off=608 br=2000
frame 151: send=0x0 get=0x0 len=4554 coding=1 startqp=0 meanqp=0 picbytes=0 pskip=0 nalus=1 n1:4554
  snapshot f151: 3 venc_ko blocks (pool0 0x73801000 len 0x10000)
src frame 152: srcf=22 off=612 br=2000
frame 152: send=0x0 get=0x0 len=2724 coding=1 startqp=0 meanqp=0 picbytes=0 pskip=0 nalus=1 n1:2724
  snapshot f152: 3 venc_ko blocks (pool0 0x73801000 len 0x10000)
src frame 153: srcf=21 off=616 br=2000
frame 153: send=0x0 get=0x0 len=2689 coding=1 startqp=0 meanqp=0 picbytes=0 pskip=0 nalus=1 n1:2689
  snapshot f153: 3 venc_ko blocks (pool0 0x73801000 len 0x10000)
src frame 154: srcf=20 off=620 br=2000
frame 154: send=0x0 get=0x0 len=1657 coding=1 startqp=0 meanqp=0 picbytes=0 pskip=0 nalus=1 n1:1657
  snapshot f154: 3 venc_ko blocks (pool0 0x73801000 len 0x10000)
src frame 155: srcf=19 off=624 br=2000
frame 155: send=0x0 get=0x0 len=1188 coding=1 startqp=0 meanqp=0 picbytes=0 pskip=0 nalus=1 n1:1188
  snapshot f155: 3 venc_ko blocks (pool0 0x73801000 len 0x10000)
src frame 156: srcf=18 off=628 br=2000
frame 156: send=0x0 get=0x0 len=1209 coding=1 startqp=0 meanqp=0 picbytes=0 pskip=0 nalus=1 n1:1209
  snapshot f156: 3 venc_ko blocks (pool0 0x73801000 len 0x10000)
src frame 157: srcf=17 off=632 br=2000
frame 157: send=0x0 get=0x0 len=1722 coding=1 startqp=0 meanqp=0 picbytes=0 pskip=0 nalus=1 n1:1722
  snapshot f157: 3 venc_ko blocks (pool0 0x73801000 len 0x10000)
src frame 158: srcf=16 off=636 br=2000
frame 158: send=0x0 get=0x0 len=1771 coding=1 startqp=0 meanqp=0 picbytes=0 pskip=0 nalus=1 n1:1771
  snapshot f158: 3 venc_ko blocks (pool0 0x73801000 len 0x10000)
src frame 159: srcf=15 off=640 br=2000
frame 159: send=0x0 get=0x0 len=1523 coding=1 startqp=0 meanqp=0 picbytes=0 pskip=0 nalus=1 n1:1523
  snapshot f159: 3 venc_ko blocks (pool0 0x73801000 len 0x10000)
src frame 160: srcf=14 off=644 br=2000
frame 160: send=0x0 get=0x0 len=1947 coding=1 startqp=0 meanqp=0 picbytes=0 pskip=0 nalus=1 n1:1947
  snapshot f160: 3 venc_ko blocks (pool0 0x73801000 len 0x10000)
src frame 161: srcf=13 off=648 br=2000
frame 161: send=0x0 get=0x0 len=2063 coding=1 startqp=0 meanqp=0 picbytes=0 pskip=0 nalus=1 n1:2063
  snapshot f161: 3 venc_ko blocks (pool0 0x73801000 len 0x10000)
src frame 162: srcf=12 off=652 br=2000
frame 162: send=0x0 get=0x0 len=1720 coding=1 startqp=0 meanqp=0 picbytes=0 pskip=0 nalus=1 n1:1720
  snapshot f162: 3 venc_ko blocks (pool0 0x73801000 len 0x10000)
src frame 163: srcf=11 off=656 br=2000
frame 163: send=0x0 get=0x0 len=1784 coding=1 startqp=0 meanqp=0 picbytes=0 pskip=0 nalus=1 n1:1784
  snapshot f163: 3 venc_ko blocks (pool0 0x73801000 len 0x10000)
src frame 164: srcf=10 off=660 br=2000
frame 164: send=0x0 get=0x0 len=2322 coding=1 startqp=0 meanqp=0 picbytes=0 pskip=0 nalus=1 n1:2322
  snapshot f164: 3 venc_ko blocks (pool0 0x73801000 len 0x10000)
src frame 165: srcf=9 off=664 br=2000
frame 165: send=0x0 get=0x0 len=1596 coding=1 startqp=0 meanqp=0 picbytes=0 pskip=0 nalus=1 n1:1596
  snapshot f165: 3 venc_ko blocks (pool0 0x73801000 len 0x10000)
src frame 166: srcf=8 off=668 br=2000
frame 166: send=0x0 get=0x0 len=2223 coding=1 startqp=0 meanqp=0 picbytes=0 pskip=0 nalus=1 n1:2223
  snapshot f166: 3 venc_ko blocks (pool0 0x73801000 len 0x10000)
src frame 167: srcf=7 off=672 br=2000
frame 167: send=0x0 get=0x0 len=1903 coding=1 startqp=0 meanqp=0 picbytes=0 pskip=0 nalus=1 n1:1903
  snapshot f167: 3 venc_ko blocks (pool0 0x73801000 len 0x10000)
src frame 168: srcf=6 off=676 br=2000
frame 168: send=0x0 get=0x0 len=1521 coding=1 startqp=0 meanqp=0 picbytes=0 pskip=0 nalus=1 n1:1521
  snapshot f168: 3 venc_ko blocks (pool0 0x73801000 len 0x10000)
src frame 169: srcf=5 off=680 br=2000
frame 169: send=0x0 get=0x0 len=2984 coding=1 startqp=0 meanqp=0 picbytes=0 pskip=0 nalus=1 n1:2984
  snapshot f169: 3 venc_ko blocks (pool0 0x73801000 len 0x10000)
src frame 170: srcf=4 off=684 br=2000
frame 170: send=0x0 get=0x0 len=1271 coding=1 startqp=0 meanqp=0 picbytes=0 pskip=0 nalus=1 n1:1271
  snapshot f170: 3 venc_ko blocks (pool0 0x73801000 len 0x10000)
src frame 171: srcf=3 off=688 br=2000
frame 171: send=0x0 get=0x0 len=1456 coding=1 startqp=0 meanqp=0 picbytes=0 pskip=0 nalus=1 n1:1456
  snapshot f171: 3 venc_ko blocks (pool0 0x73801000 len 0x10000)
src frame 172: srcf=2 off=692 br=2000
frame 172: send=0x0 get=0x0 len=1826 coding=1 startqp=0 meanqp=0 picbytes=0 pskip=0 nalus=1 n1:1826
  snapshot f172: 3 venc_ko blocks (pool0 0x73801000 len 0x10000)
src frame 173: srcf=1 off=696 br=2000
frame 173: send=0x0 get=0x0 len=2965 coding=1 startqp=0 meanqp=0 picbytes=0 pskip=0 nalus=1 n1:2965
  snapshot f173: 3 venc_ko blocks (pool0 0x73801000 len 0x10000)
src frame 174: srcf=0 off=700 br=2000
frame 174: send=0x0 get=0x0 len=1715 coding=1 startqp=0 meanqp=0 picbytes=0 pskip=0 nalus=1 n1:1715
  snapshot f174: 3 venc_ko blocks (pool0 0x73801000 len 0x10000)
src frame 175: srcf=1 off=704 br=2000
frame 175: send=0x0 get=0x0 len=2139 coding=1 startqp=0 meanqp=0 picbytes=0 pskip=0 nalus=1 n1:2139
  snapshot f175: 3 venc_ko blocks (pool0 0x73801000 len 0x10000)
src frame 176: srcf=2 off=708 br=2000
frame 176: send=0x0 get=0x0 len=1704 coding=1 startqp=0 meanqp=0 picbytes=0 pskip=0 nalus=1 n1:1704
  snapshot f176: 3 venc_ko blocks (pool0 0x73801000 len 0x10000)
src frame 177: srcf=3 off=712 br=2000
frame 177: send=0x0 get=0x0 len=1662 coding=1 startqp=0 meanqp=0 picbytes=0 pskip=0 nalus=1 n1:1662
  snapshot f177: 3 venc_ko blocks (pool0 0x73801000 len 0x10000)
src frame 178: srcf=4 off=716 br=2000
frame 178: send=0x0 get=0x0 len=3678 coding=1 startqp=0 meanqp=0 picbytes=0 pskip=0 nalus=1 n1:3678
  snapshot f178: 3 venc_ko blocks (pool0 0x73801000 len 0x10000)
src frame 179: srcf=5 off=720 br=2000
frame 179: send=0x0 get=0x0 len=1306 coding=1 startqp=0 meanqp=0 picbytes=0 pskip=0 nalus=1 n1:1306
  snapshot f179: 3 venc_ko blocks (pool0 0x73801000 len 0x10000)
src frame 180: srcf=6 off=724 br=2000
frame 180: send=0x0 get=0x0 len=57944 coding=0 startqp=0 meanqp=0 picbytes=0 pskip=0 nalus=3 n7:32 n8:9 n5:57903
  snapshot f180: 3 venc_ko blocks (pool0 0x73801000 len 0x10000)
src frame 181: srcf=7 off=728 br=2000
frame 181: send=0x0 get=0x0 len=4273 coding=1 startqp=0 meanqp=0 picbytes=0 pskip=0 nalus=1 n1:4273
  snapshot f181: 3 venc_ko blocks (pool0 0x73801000 len 0x10000)
src frame 182: srcf=8 off=732 br=2000
frame 182: send=0x0 get=0x0 len=2560 coding=1 startqp=0 meanqp=0 picbytes=0 pskip=0 nalus=1 n1:2560
  snapshot f182: 3 venc_ko blocks (pool0 0x73801000 len 0x10000)
src frame 183: srcf=9 off=736 br=2000
frame 183: send=0x0 get=0x0 len=1857 coding=1 startqp=0 meanqp=0 picbytes=0 pskip=0 nalus=1 n1:1857
  snapshot f183: 3 venc_ko blocks (pool0 0x73801000 len 0x10000)
src frame 184: srcf=10 off=740 br=2000
frame 184: send=0x0 get=0x0 len=1736 coding=1 startqp=0 meanqp=0 picbytes=0 pskip=0 nalus=1 n1:1736
  snapshot f184: 3 venc_ko blocks (pool0 0x73801000 len 0x10000)
src frame 185: srcf=11 off=744 br=2000
frame 185: send=0x0 get=0x0 len=1284 coding=1 startqp=0 meanqp=0 picbytes=0 pskip=0 nalus=1 n1:1284
  snapshot f185: 3 venc_ko blocks (pool0 0x73801000 len 0x10000)
src frame 186: srcf=12 off=748 br=2000
frame 186: send=0x0 get=0x0 len=1496 coding=1 startqp=0 meanqp=0 picbytes=0 pskip=0 nalus=1 n1:1496
  snapshot f186: 3 venc_ko blocks (pool0 0x73801000 len 0x10000)
src frame 187: srcf=13 off=752 br=2000
frame 187: send=0x0 get=0x0 len=1827 coding=1 startqp=0 meanqp=0 picbytes=0 pskip=0 nalus=1 n1:1827
  snapshot f187: 3 venc_ko blocks (pool0 0x73801000 len 0x10000)
src frame 188: srcf=14 off=756 br=2000
frame 188: send=0x0 get=0x0 len=1527 coding=1 startqp=0 meanqp=0 picbytes=0 pskip=0 nalus=1 n1:1527
  snapshot f188: 3 venc_ko blocks (pool0 0x73801000 len 0x10000)
src frame 189: srcf=15 off=760 br=2000
frame 189: send=0x0 get=0x0 len=1510 coding=1 startqp=0 meanqp=0 picbytes=0 pskip=0 nalus=1 n1:1510
  snapshot f189: 3 venc_ko blocks (pool0 0x73801000 len 0x10000)
src frame 190: srcf=16 off=764 br=2000
frame 190: send=0x0 get=0x0 len=1937 coding=1 startqp=0 meanqp=0 picbytes=0 pskip=0 nalus=1 n1:1937
  snapshot f190: 3 venc_ko blocks (pool0 0x73801000 len 0x10000)
src frame 191: srcf=17 off=768 br=2000
frame 191: send=0x0 get=0x0 len=1924 coding=1 startqp=0 meanqp=0 picbytes=0 pskip=0 nalus=1 n1:1924
  snapshot f191: 3 venc_ko blocks (pool0 0x73801000 len 0x10000)
src frame 192: srcf=18 off=772 br=2000
frame 192: send=0x0 get=0x0 len=1775 coding=1 startqp=0 meanqp=0 picbytes=0 pskip=0 nalus=1 n1:1775
  snapshot f192: 3 venc_ko blocks (pool0 0x73801000 len 0x10000)
src frame 193: srcf=19 off=776 br=2000
frame 193: send=0x0 get=0x0 len=2272 coding=1 startqp=0 meanqp=0 picbytes=0 pskip=0 nalus=1 n1:2272
  snapshot f193: 3 venc_ko blocks (pool0 0x73801000 len 0x10000)
src frame 194: srcf=20 off=780 br=2000
frame 194: send=0x0 get=0x0 len=1600 coding=1 startqp=0 meanqp=0 picbytes=0 pskip=0 nalus=1 n1:1600
  snapshot f194: 3 venc_ko blocks (pool0 0x73801000 len 0x10000)
src frame 195: srcf=21 off=784 br=2000
frame 195: send=0x0 get=0x0 len=1858 coding=1 startqp=0 meanqp=0 picbytes=0 pskip=0 nalus=1 n1:1858
  snapshot f195: 3 venc_ko blocks (pool0 0x73801000 len 0x10000)
src frame 196: srcf=22 off=788 br=2000
frame 196: send=0x0 get=0x0 len=1196 coding=1 startqp=0 meanqp=0 picbytes=0 pskip=0 nalus=1 n1:1196
  snapshot f196: 3 venc_ko blocks (pool0 0x73801000 len 0x10000)
src frame 197: srcf=23 off=792 br=2000
frame 197: send=0x0 get=0x0 len=1330 coding=1 startqp=0 meanqp=0 picbytes=0 pskip=0 nalus=1 n1:1330
  snapshot f197: 3 venc_ko blocks (pool0 0x73801000 len 0x10000)
src frame 198: srcf=24 off=796 br=2000
frame 198: send=0x0 get=0x0 len=2447 coding=1 startqp=0 meanqp=0 picbytes=0 pskip=0 nalus=1 n1:2447
  snapshot f198: 3 venc_ko blocks (pool0 0x73801000 len 0x10000)
src frame 199: srcf=25 off=800 br=2000
frame 199: send=0x0 get=0x0 len=1227 coding=1 startqp=0 meanqp=0 picbytes=0 pskip=0 nalus=1 n1:1227
  snapshot f199: 3 venc_ko blocks (pool0 0x73801000 len 0x10000)
src frame 200: srcf=26 off=804 br=2000
frame 200: send=0x0 get=0x0 len=1349 coding=1 startqp=0 meanqp=0 picbytes=0 pskip=0 nalus=1 n1:1349
  snapshot f200: 3 venc_ko blocks (pool0 0x73801000 len 0x10000)
src frame 201: srcf=27 off=808 br=2000
frame 201: send=0x0 get=0x0 len=2146 coding=1 startqp=0 meanqp=0 picbytes=0 pskip=0 nalus=1 n1:2146
  snapshot f201: 3 venc_ko blocks (pool0 0x73801000 len 0x10000)
src frame 202: srcf=28 off=812 br=2000
frame 202: send=0x0 get=0x0 len=1477 coding=1 startqp=0 meanqp=0 picbytes=0 pskip=0 nalus=1 n1:1477
  snapshot f202: 3 venc_ko blocks (pool0 0x73801000 len 0x10000)
src frame 203: srcf=29 off=816 br=2000
frame 203: send=0x0 get=0x0 len=3823 coding=1 startqp=0 meanqp=0 picbytes=0 pskip=0 nalus=1 n1:3823
  snapshot f203: 3 venc_ko blocks (pool0 0x73801000 len 0x10000)
src frame 204: srcf=28 off=820 br=2000
frame 204: send=0x0 get=0x0 len=1623 coding=1 startqp=0 meanqp=0 picbytes=0 pskip=0 nalus=1 n1:1623
  snapshot f204: 3 venc_ko blocks (pool0 0x73801000 len 0x10000)
src frame 205: srcf=27 off=824 br=2000
frame 205: send=0x0 get=0x0 len=1474 coding=1 startqp=0 meanqp=0 picbytes=0 pskip=0 nalus=1 n1:1474
  snapshot f205: 3 venc_ko blocks (pool0 0x73801000 len 0x10000)
src frame 206: srcf=26 off=828 br=2000
frame 206: send=0x0 get=0x0 len=1870 coding=1 startqp=0 meanqp=0 picbytes=0 pskip=0 nalus=1 n1:1870
  snapshot f206: 3 venc_ko blocks (pool0 0x73801000 len 0x10000)
src frame 207: srcf=25 off=832 br=2000
frame 207: send=0x0 get=0x0 len=3346 coding=1 startqp=0 meanqp=0 picbytes=0 pskip=0 nalus=1 n1:3346
  snapshot f207: 3 venc_ko blocks (pool0 0x73801000 len 0x10000)
src frame 208: srcf=24 off=836 br=2000
frame 208: send=0x0 get=0x0 len=1475 coding=1 startqp=0 meanqp=0 picbytes=0 pskip=0 nalus=1 n1:1475
  snapshot f208: 3 venc_ko blocks (pool0 0x73801000 len 0x10000)
src frame 209: srcf=23 off=840 br=2000
frame 209: send=0x0 get=0x0 len=1928 coding=1 startqp=0 meanqp=0 picbytes=0 pskip=0 nalus=1 n1:1928
  snapshot f209: 3 venc_ko blocks (pool0 0x73801000 len 0x10000)
src frame 210: srcf=22 off=844 br=2000
frame 210: send=0x0 get=0x0 len=63459 coding=0 startqp=0 meanqp=0 picbytes=0 pskip=0 nalus=3 n7:32 n8:9 n5:63418
  snapshot f210: 3 venc_ko blocks (pool0 0x73801000 len 0x10000)
src frame 211: srcf=21 off=848 br=2000
frame 211: send=0x0 get=0x0 len=3877 coding=1 startqp=0 meanqp=0 picbytes=0 pskip=0 nalus=1 n1:3877
  snapshot f211: 3 venc_ko blocks (pool0 0x73801000 len 0x10000)
src frame 212: srcf=20 off=852 br=2000
frame 212: send=0x0 get=0x0 len=1843 coding=1 startqp=0 meanqp=0 picbytes=0 pskip=0 nalus=1 n1:1843
  snapshot f212: 3 venc_ko blocks (pool0 0x73801000 len 0x10000)
src frame 213: srcf=19 off=856 br=2000
frame 213: send=0x0 get=0x0 len=1777 coding=1 startqp=0 meanqp=0 picbytes=0 pskip=0 nalus=1 n1:1777
  snapshot f213: 3 venc_ko blocks (pool0 0x73801000 len 0x10000)
src frame 214: srcf=18 off=860 br=2000
frame 214: send=0x0 get=0x0 len=1258 coding=1 startqp=0 meanqp=0 picbytes=0 pskip=0 nalus=1 n1:1258
  snapshot f214: 3 venc_ko blocks (pool0 0x73801000 len 0x10000)
src frame 215: srcf=17 off=864 br=2000
frame 215: send=0x0 get=0x0 len=935 coding=1 startqp=0 meanqp=0 picbytes=0 pskip=0 nalus=1 n1:935
  snapshot f215: 3 venc_ko blocks (pool0 0x73801000 len 0x10000)
src frame 216: srcf=16 off=868 br=2000
frame 216: send=0x0 get=0x0 len=978 coding=1 startqp=0 meanqp=0 picbytes=0 pskip=0 nalus=1 n1:978
  snapshot f216: 3 venc_ko blocks (pool0 0x73801000 len 0x10000)
src frame 217: srcf=15 off=872 br=2000
frame 217: send=0x0 get=0x0 len=1200 coding=1 startqp=0 meanqp=0 picbytes=0 pskip=0 nalus=1 n1:1200
  snapshot f217: 3 venc_ko blocks (pool0 0x73801000 len 0x10000)
src frame 218: srcf=14 off=876 br=2000
frame 218: send=0x0 get=0x0 len=1447 coding=1 startqp=0 meanqp=0 picbytes=0 pskip=0 nalus=1 n1:1447
  snapshot f218: 3 venc_ko blocks (pool0 0x73801000 len 0x10000)
src frame 219: srcf=13 off=880 br=2000
frame 219: send=0x0 get=0x0 len=1285 coding=1 startqp=0 meanqp=0 picbytes=0 pskip=0 nalus=1 n1:1285
  snapshot f219: 3 venc_ko blocks (pool0 0x73801000 len 0x10000)
src frame 220: srcf=12 off=884 br=2000
frame 220: send=0x0 get=0x0 len=1783 coding=1 startqp=0 meanqp=0 picbytes=0 pskip=0 nalus=1 n1:1783
  snapshot f220: 3 venc_ko blocks (pool0 0x73801000 len 0x10000)
src frame 221: srcf=11 off=888 br=2000
frame 221: send=0x0 get=0x0 len=2214 coding=1 startqp=0 meanqp=0 picbytes=0 pskip=0 nalus=1 n1:2214
  snapshot f221: 3 venc_ko blocks (pool0 0x73801000 len 0x10000)
src frame 222: srcf=10 off=892 br=2000
frame 222: send=0x0 get=0x0 len=1573 coding=1 startqp=0 meanqp=0 picbytes=0 pskip=0 nalus=1 n1:1573
  snapshot f222: 3 venc_ko blocks (pool0 0x73801000 len 0x10000)
src frame 223: srcf=9 off=896 br=2000
frame 223: send=0x0 get=0x0 len=1708 coding=1 startqp=0 meanqp=0 picbytes=0 pskip=0 nalus=1 n1:1708
  snapshot f223: 3 venc_ko blocks (pool0 0x73801000 len 0x10000)
src frame 224: srcf=8 off=900 br=2000
frame 224: send=0x0 get=0x0 len=1462 coding=1 startqp=0 meanqp=0 picbytes=0 pskip=0 nalus=1 n1:1462
  snapshot f224: 3 venc_ko blocks (pool0 0x73801000 len 0x10000)
src frame 225: srcf=7 off=904 br=2000
frame 225: send=0x0 get=0x0 len=1514 coding=1 startqp=0 meanqp=0 picbytes=0 pskip=0 nalus=1 n1:1514
  snapshot f225: 3 venc_ko blocks (pool0 0x73801000 len 0x10000)
src frame 226: srcf=6 off=908 br=2000
frame 226: send=0x0 get=0x0 len=1834 coding=1 startqp=0 meanqp=0 picbytes=0 pskip=0 nalus=1 n1:1834
  snapshot f226: 3 venc_ko blocks (pool0 0x73801000 len 0x10000)
src frame 227: srcf=5 off=912 br=2000
frame 227: send=0x0 get=0x0 len=1483 coding=1 startqp=0 meanqp=0 picbytes=0 pskip=0 nalus=1 n1:1483
  snapshot f227: 3 venc_ko blocks (pool0 0x73801000 len 0x10000)
src frame 228: srcf=4 off=916 br=2000
frame 228: send=0x0 get=0x0 len=1865 coding=1 startqp=0 meanqp=0 picbytes=0 pskip=0 nalus=1 n1:1865
  snapshot f228: 3 venc_ko blocks (pool0 0x73801000 len 0x10000)
src frame 229: srcf=3 off=920 br=2000
frame 229: send=0x0 get=0x0 len=1772 coding=1 startqp=0 meanqp=0 picbytes=0 pskip=0 nalus=1 n1:1772
  snapshot f229: 3 venc_ko blocks (pool0 0x73801000 len 0x10000)
src frame 230: srcf=2 off=924 br=2000
frame 230: send=0x0 get=0x0 len=2037 coding=1 startqp=0 meanqp=0 picbytes=0 pskip=0 nalus=1 n1:2037
  snapshot f230: 3 venc_ko blocks (pool0 0x73801000 len 0x10000)
src frame 231: srcf=1 off=928 br=2000
frame 231: send=0x0 get=0x0 len=2224 coding=1 startqp=0 meanqp=0 picbytes=0 pskip=0 nalus=1 n1:2224
  snapshot f231: 3 venc_ko blocks (pool0 0x73801000 len 0x10000)
src frame 232: srcf=0 off=932 br=2000
frame 232: send=0x0 get=0x0 len=1480 coding=1 startqp=0 meanqp=0 picbytes=0 pskip=0 nalus=1 n1:1480
  snapshot f232: 3 venc_ko blocks (pool0 0x73801000 len 0x10000)
src frame 233: srcf=1 off=936 br=2000
frame 233: send=0x0 get=0x0 len=1875 coding=1 startqp=0 meanqp=0 picbytes=0 pskip=0 nalus=1 n1:1875
  snapshot f233: 3 venc_ko blocks (pool0 0x73801000 len 0x10000)
src frame 234: srcf=2 off=940 br=2000
frame 234: send=0x0 get=0x0 len=1248 coding=1 startqp=0 meanqp=0 picbytes=0 pskip=0 nalus=1 n1:1248
  snapshot f234: 3 venc_ko blocks (pool0 0x73801000 len 0x10000)
src frame 235: srcf=3 off=944 br=2000
frame 235: send=0x0 get=0x0 len=1152 coding=1 startqp=0 meanqp=0 picbytes=0 pskip=0 nalus=1 n1:1152
  snapshot f235: 3 venc_ko blocks (pool0 0x73801000 len 0x10000)
src frame 236: srcf=4 off=948 br=2000
frame 236: send=0x0 get=0x0 len=2263 coding=1 startqp=0 meanqp=0 picbytes=0 pskip=0 nalus=1 n1:2263
  snapshot f236: 3 venc_ko blocks (pool0 0x73801000 len 0x10000)
src frame 237: srcf=5 off=952 br=2000
frame 237: send=0x0 get=0x0 len=2130 coding=1 startqp=0 meanqp=0 picbytes=0 pskip=0 nalus=1 n1:2130
  snapshot f237: 3 venc_ko blocks (pool0 0x73801000 len 0x10000)
src frame 238: srcf=6 off=956 br=2000
frame 238: send=0x0 get=0x0 len=1718 coding=1 startqp=0 meanqp=0 picbytes=0 pskip=0 nalus=1 n1:1718
  snapshot f238: 3 venc_ko blocks (pool0 0x73801000 len 0x10000)
src frame 239: srcf=7 off=960 br=2000
frame 239: send=0x0 get=0x0 len=2508 coding=1 startqp=0 meanqp=0 picbytes=0 pskip=0 nalus=1 n1:2508
  snapshot f239: 3 venc_ko blocks (pool0 0x73801000 len 0x10000)
---- /proc/ax_proc/venc ----
-------- VENC VERSION ------------------------
[Axera version]: ax_venc V3.0.0_20250319114413 Mar 19 2025 11:58:34 JK

-------- MODULE PARAM ------------------------
MaxChnNum   MaxRoiNum   MaxProcNum  
16          8           16          

-------- VENC CHN ATTR 1 ------------------------
ID    Type    wSrc    hSrc    Strd0   Strd1   maxW    maxH    PixFmt  link  InFifoDep    OutFifoDep   InDbgFifoLen InDbgFifoDep StrmBufSize(KB)
7     h264    1920    1080    3840    0       1920    1080    YUYV422 N     2            2            0            4            4114      
-------- VENC CHN ATTR 2 ------------------------
ID    [CropEn StartX  StartY  CropW   CropH]  Rotation  EncW    EncH    FrmSize      PTS          SeqNum       CompMode     CompLevel    PhyAddr0     PhyAddr1     PhyAddr2     
7     N       0       0       0       0       0         1920    1080    4147200      3266666      197          NONE         0            742d1000     0            0            
-------- VENC RC ATTR 1 ------------------------
ID    RcMode    SrcFr   DstFr   Br(kbps)  MinQp   MaxQp   MinIQp  MaxIQp  IQpDelta  IpropMax   IpropMin   StartQp    QpDltRng   DeBrQpDlt  SvcEn   ChgPos  StillPercent MaxStillQp 
7     VBR       60.00   60.00   2000      10      51      10      51      0         -          -          -1         2          0          False   90      -            -          
-------- VENC RC ATTR 2  -----------------------
ID    QMapQpType  QMapUnit    QMapBlkType IQp   PQp   MinQpDelta MaxQpDelta MaxBitRate shtStaTime ltStaTime  ltMinBr  ltMaxBr  Br_ST(kbps)    Br_LT(kbps)    
7     N/A         64x64       N/A         -     -     -          -          -          -          -          -        -        -              -              
-------- VENC GOP ATTR  ------------------------
ID    GopMode   Gop   GopVI 
7     NormalP   30    0     
-------- VENC STATUS 1 -------------------------
ID    RJEn         RJThr(bps)   RJMode       RJEncGaps    SupFrmEn     SupPri       SupThrI      SupThrP      SplitEn      SliceNum     Range(In)    Range(out)   
7     N            0            Normal       0            N            0            500000       500000       N            0            Full         Full         
-------- VENC STATUS 2 -------------------------
ID    ChnStat   FrmRecv   FrmRls    FrmEnc    FrmDrop   FrmDup    EncFail   MissMatch StrmGet   StrmRls   OutFps    RealBr    ReEncCnt  DropCnt   BlkFail   GrpID     PID     TID     ThNum   RefInc    RefDec    Fail1   Fail2   Fail3   Fail4   
7     STARTED   198       197       197       0         0         0         0         197       197       49.51     1675.83   0         0         0         -1        130119  130123  1       198       197       0       0       0       0       
-------- VENC HW STATUS  ------------------------
ID    OverFlow     TimeOut      
7     0            0            
-------- VENC ROI INFO  ------------------------
ID    Index        bEnable      bAbsQp       RoiQP        Width        Height       StartX       StartY       
done h264_vbr2000
rc=0
== h264_vbr2000: codec=h264 rc=vbr br=2000 fps=60 gop=30 frames=240 total=901022 B achieved=1802 kbps
I frames (frame:qp/bytes): 0:36/23451 30:31/32200 60:26/42007 90:22/50537 120:21/53113 150:20/55506 180:19/57944 210:17/63459
first P after each I (frame:qp): 1:36 31:31 61:25 91:24 121:23 151:19 181:18 211:19
per-GOP: gop#: kbps I_qp P_qp[min..max] P_qp_last
  0: 1645 kbps I=[36] P=[30..38] last=30 n=30
  1: 1746 kbps I=[31] P=[24..33] last=24 n=30
  2: 1839 kbps I=[26] P=[20..27] last=21 n=30
  3: 1832 kbps I=[22] P=[19..26] last=20 n=30
  4: 1877 kbps I=[21] P=[18..25] last=19 n=30
  5: 1829 kbps I=[20] P=[16..27] last=18 n=30
  6: 1825 kbps I=[19] P=[14..22] last=15 n=30
  7: 1822 kbps I=[17] P=[14..25] last=14 n=30
P->P QP step histogram: -1:126 +0:53 +2:44 +4:1
I->firstP QP delta: +0 +0 -1 +2 +2 -1 -1 +2
sw7 frame-QP == slice QP: 240/240 frames with a program agree; mismatches at []
slot flags: {'': 240}
sw105-107 distinct (I): [('0x0', '0x0', '0x0')]
sw172/173 distinct: [('0x14f', '0x662'), ('0x14f', '0x66a')]
sw6 distinct (I / P): ['0x3'] ['0x3']
=== h264_vbr8000: codec=h264 rc=vbr br=8000 nframes=240 src=/root/rc65/clips/static.yuyv motion=vscroll mstep=4
# vdrive tag=h264_vbr8000 codec=h264 1920x1080 rc=vbr br=8000 fps=60/60 gop=30 gopmode=normalp ltrint=0 ltrqpo=0 iqp=32 pqp=32 profile=10 level=51 tier=0 qp[10..51] iqp[10..51] iqd=0 firstqp=-1 iprop[10..40] idrrange=2 stattime=1 vq=0 ir=0/0 slice=0 debreath=0 scd=-1 rowqpd=-1 vui=-1 move=0 nframes=240
src=/root/rc65/clips/static.yuyv frames=30 loop=pingpong motion=vscroll mstep=4 window=0..-1
AX_SYS_Init rc=0x0
AX_VENC_Init rc=0x0
AX_VENC_CreateChn(7) rc=0x0
StartRecvFrame rc=0x0
AX_POOL_CreatePool id=0x0
blk=0x5e000000 phys=0x742d1000 virt=0xffffa3345000
frame: modid=0x11 stride=1920 fmt=0xd
  snapshot pre: 3 venc_ko blocks (pool0 0x73801000 len 0x10000)
src frame 0: srcf=0 off=4 br=8000
frame 0: send=0x0 get=0x0 len=30428 coding=0 startqp=0 meanqp=0 picbytes=0 pskip=0 nalus=3 n7:32 n8:8 n5:30388
  snapshot f000: 3 venc_ko blocks (pool0 0x73801000 len 0x10000)
src frame 1: srcf=1 off=8 br=8000
frame 1: send=0x0 get=0x0 len=4759 coding=1 startqp=0 meanqp=0 picbytes=0 pskip=0 nalus=1 n1:4759
  snapshot f001: 3 venc_ko blocks (pool0 0x73801000 len 0x10000)
src frame 2: srcf=2 off=12 br=8000
frame 2: send=0x0 get=0x0 len=3156 coding=1 startqp=0 meanqp=0 picbytes=0 pskip=0 nalus=1 n1:3156
  snapshot f002: 3 venc_ko blocks (pool0 0x73801000 len 0x10000)
src frame 3: srcf=3 off=16 br=8000
frame 3: send=0x0 get=0x0 len=4624 coding=1 startqp=0 meanqp=0 picbytes=0 pskip=0 nalus=1 n1:4624
  snapshot f003: 3 venc_ko blocks (pool0 0x73801000 len 0x10000)
src frame 4: srcf=4 off=20 br=8000
frame 4: send=0x0 get=0x0 len=6300 coding=1 startqp=0 meanqp=0 picbytes=0 pskip=0 nalus=1 n1:6300
  snapshot f004: 3 venc_ko blocks (pool0 0x73801000 len 0x10000)
src frame 5: srcf=5 off=24 br=8000
frame 5: send=0x0 get=0x0 len=5789 coding=1 startqp=0 meanqp=0 picbytes=0 pskip=0 nalus=1 n1:5789
  snapshot f005: 3 venc_ko blocks (pool0 0x73801000 len 0x10000)
src frame 6: srcf=6 off=28 br=8000
frame 6: send=0x0 get=0x0 len=6740 coding=1 startqp=0 meanqp=0 picbytes=0 pskip=0 nalus=1 n1:6740
  snapshot f006: 3 venc_ko blocks (pool0 0x73801000 len 0x10000)
src frame 7: srcf=7 off=32 br=8000
frame 7: send=0x0 get=0x0 len=7256 coding=1 startqp=0 meanqp=0 picbytes=0 pskip=0 nalus=1 n1:7256
  snapshot f007: 3 venc_ko blocks (pool0 0x73801000 len 0x10000)
src frame 8: srcf=8 off=36 br=8000
frame 8: send=0x0 get=0x0 len=7205 coding=1 startqp=0 meanqp=0 picbytes=0 pskip=0 nalus=1 n1:7205
  snapshot f008: 3 venc_ko blocks (pool0 0x73801000 len 0x10000)
src frame 9: srcf=9 off=40 br=8000
frame 9: send=0x0 get=0x0 len=7191 coding=1 startqp=0 meanqp=0 picbytes=0 pskip=0 nalus=1 n1:7191
  snapshot f009: 3 venc_ko blocks (pool0 0x73801000 len 0x10000)
src frame 10: srcf=10 off=44 br=8000
frame 10: send=0x0 get=0x0 len=8017 coding=1 startqp=0 meanqp=0 picbytes=0 pskip=0 nalus=1 n1:8017
  snapshot f010: 3 venc_ko blocks (pool0 0x73801000 len 0x10000)
src frame 11: srcf=11 off=48 br=8000
frame 11: send=0x0 get=0x0 len=8585 coding=1 startqp=0 meanqp=0 picbytes=0 pskip=0 nalus=1 n1:8585
  snapshot f011: 3 venc_ko blocks (pool0 0x73801000 len 0x10000)
src frame 12: srcf=12 off=52 br=8000
frame 12: send=0x0 get=0x0 len=9180 coding=1 startqp=0 meanqp=0 picbytes=0 pskip=0 nalus=1 n1:9180
  snapshot f012: 3 venc_ko blocks (pool0 0x73801000 len 0x10000)
src frame 13: srcf=13 off=56 br=8000
frame 13: send=0x0 get=0x0 len=9615 coding=1 startqp=0 meanqp=0 picbytes=0 pskip=0 nalus=1 n1:9615
  snapshot f013: 3 venc_ko blocks (pool0 0x73801000 len 0x10000)
src frame 14: srcf=14 off=60 br=8000
frame 14: send=0x0 get=0x0 len=9701 coding=1 startqp=0 meanqp=0 picbytes=0 pskip=0 nalus=1 n1:9701
  snapshot f014: 3 venc_ko blocks (pool0 0x73801000 len 0x10000)
src frame 15: srcf=15 off=64 br=8000
frame 15: send=0x0 get=0x0 len=8922 coding=1 startqp=0 meanqp=0 picbytes=0 pskip=0 nalus=1 n1:8922
  snapshot f015: 3 venc_ko blocks (pool0 0x73801000 len 0x10000)
src frame 16: srcf=16 off=68 br=8000
frame 16: send=0x0 get=0x0 len=8066 coding=1 startqp=0 meanqp=0 picbytes=0 pskip=0 nalus=1 n1:8066
  snapshot f016: 3 venc_ko blocks (pool0 0x73801000 len 0x10000)
src frame 17: srcf=17 off=72 br=8000
frame 17: send=0x0 get=0x0 len=8136 coding=1 startqp=0 meanqp=0 picbytes=0 pskip=0 nalus=1 n1:8136
  snapshot f017: 3 venc_ko blocks (pool0 0x73801000 len 0x10000)
src frame 18: srcf=18 off=76 br=8000
frame 18: send=0x0 get=0x0 len=8416 coding=1 startqp=0 meanqp=0 picbytes=0 pskip=0 nalus=1 n1:8416
  snapshot f018: 3 venc_ko blocks (pool0 0x73801000 len 0x10000)
src frame 19: srcf=19 off=80 br=8000
frame 19: send=0x0 get=0x0 len=8288 coding=1 startqp=0 meanqp=0 picbytes=0 pskip=0 nalus=1 n1:8288
  snapshot f019: 3 venc_ko blocks (pool0 0x73801000 len 0x10000)
src frame 20: srcf=20 off=84 br=8000
frame 20: send=0x0 get=0x0 len=7941 coding=1 startqp=0 meanqp=0 picbytes=0 pskip=0 nalus=1 n1:7941
  snapshot f020: 3 venc_ko blocks (pool0 0x73801000 len 0x10000)
src frame 21: srcf=21 off=88 br=8000
frame 21: send=0x0 get=0x0 len=8203 coding=1 startqp=0 meanqp=0 picbytes=0 pskip=0 nalus=1 n1:8203
  snapshot f021: 3 venc_ko blocks (pool0 0x73801000 len 0x10000)
src frame 22: srcf=22 off=92 br=8000
frame 22: send=0x0 get=0x0 len=7082 coding=1 startqp=0 meanqp=0 picbytes=0 pskip=0 nalus=1 n1:7082
  snapshot f022: 3 venc_ko blocks (pool0 0x73801000 len 0x10000)
src frame 23: srcf=23 off=96 br=8000
frame 23: send=0x0 get=0x0 len=8317 coding=1 startqp=0 meanqp=0 picbytes=0 pskip=0 nalus=1 n1:8317
  snapshot f023: 3 venc_ko blocks (pool0 0x73801000 len 0x10000)
src frame 24: srcf=24 off=100 br=8000
frame 24: send=0x0 get=0x0 len=8580 coding=1 startqp=0 meanqp=0 picbytes=0 pskip=0 nalus=1 n1:8580
  snapshot f024: 3 venc_ko blocks (pool0 0x73801000 len 0x10000)
src frame 25: srcf=25 off=104 br=8000
frame 25: send=0x0 get=0x0 len=3845 coding=1 startqp=0 meanqp=0 picbytes=0 pskip=0 nalus=1 n1:3845
  snapshot f025: 3 venc_ko blocks (pool0 0x73801000 len 0x10000)
src frame 26: srcf=26 off=108 br=8000
frame 26: send=0x0 get=0x0 len=2689 coding=1 startqp=0 meanqp=0 picbytes=0 pskip=0 nalus=1 n1:2689
  snapshot f026: 3 venc_ko blocks (pool0 0x73801000 len 0x10000)
src frame 27: srcf=27 off=112 br=8000
frame 27: send=0x0 get=0x0 len=2459 coding=1 startqp=0 meanqp=0 picbytes=0 pskip=0 nalus=1 n1:2459
  snapshot f027: 3 venc_ko blocks (pool0 0x73801000 len 0x10000)
src frame 28: srcf=28 off=116 br=8000
frame 28: send=0x0 get=0x0 len=2042 coding=1 startqp=0 meanqp=0 picbytes=0 pskip=0 nalus=1 n1:2042
  snapshot f028: 3 venc_ko blocks (pool0 0x73801000 len 0x10000)
src frame 29: srcf=29 off=120 br=8000
frame 29: send=0x0 get=0x0 len=1749 coding=1 startqp=0 meanqp=0 picbytes=0 pskip=0 nalus=1 n1:1749
  snapshot f029: 3 venc_ko blocks (pool0 0x73801000 len 0x10000)
src frame 30: srcf=28 off=124 br=8000
frame 30: send=0x0 get=0x0 len=74596 coding=0 startqp=0 meanqp=0 picbytes=0 pskip=0 nalus=3 n7:32 n8:8 n5:74556
  snapshot f030: 3 venc_ko blocks (pool0 0x73801000 len 0x10000)
src frame 31: srcf=27 off=128 br=8000
frame 31: send=0x0 get=0x0 len=3447 coding=1 startqp=0 meanqp=0 picbytes=0 pskip=0 nalus=1 n1:3447
  snapshot f031: 3 venc_ko blocks (pool0 0x73801000 len 0x10000)
src frame 32: srcf=26 off=132 br=8000
frame 32: send=0x0 get=0x0 len=4332 coding=1 startqp=0 meanqp=0 picbytes=0 pskip=0 nalus=1 n1:4332
  snapshot f032: 3 venc_ko blocks (pool0 0x73801000 len 0x10000)
src frame 33: srcf=25 off=136 br=8000
frame 33: send=0x0 get=0x0 len=5301 coding=1 startqp=0 meanqp=0 picbytes=0 pskip=0 nalus=1 n1:5301
  snapshot f033: 3 venc_ko blocks (pool0 0x73801000 len 0x10000)
src frame 34: srcf=24 off=140 br=8000
frame 34: send=0x0 get=0x0 len=5025 coding=1 startqp=0 meanqp=0 picbytes=0 pskip=0 nalus=1 n1:5025
  snapshot f034: 3 venc_ko blocks (pool0 0x73801000 len 0x10000)
src frame 35: srcf=23 off=144 br=8000
frame 35: send=0x0 get=0x0 len=4048 coding=1 startqp=0 meanqp=0 picbytes=0 pskip=0 nalus=1 n1:4048
  snapshot f035: 3 venc_ko blocks (pool0 0x73801000 len 0x10000)
src frame 36: srcf=22 off=148 br=8000
frame 36: send=0x0 get=0x0 len=2704 coding=1 startqp=0 meanqp=0 picbytes=0 pskip=0 nalus=1 n1:2704
  snapshot f036: 3 venc_ko blocks (pool0 0x73801000 len 0x10000)
src frame 37: srcf=21 off=152 br=8000
frame 37: send=0x0 get=0x0 len=2349 coding=1 startqp=0 meanqp=0 picbytes=0 pskip=0 nalus=1 n1:2349
  snapshot f037: 3 venc_ko blocks (pool0 0x73801000 len 0x10000)
src frame 38: srcf=20 off=156 br=8000
frame 38: send=0x0 get=0x0 len=1653 coding=1 startqp=0 meanqp=0 picbytes=0 pskip=0 nalus=1 n1:1653
  snapshot f038: 3 venc_ko blocks (pool0 0x73801000 len 0x10000)
src frame 39: srcf=19 off=160 br=8000
frame 39: send=0x0 get=0x0 len=1737 coding=1 startqp=0 meanqp=0 picbytes=0 pskip=0 nalus=1 n1:1737
  snapshot f039: 3 venc_ko blocks (pool0 0x73801000 len 0x10000)
src frame 40: srcf=18 off=164 br=8000
frame 40: send=0x0 get=0x0 len=1848 coding=1 startqp=0 meanqp=0 picbytes=0 pskip=0 nalus=1 n1:1848
  snapshot f040: 3 venc_ko blocks (pool0 0x73801000 len 0x10000)
src frame 41: srcf=17 off=168 br=8000
frame 41: send=0x0 get=0x0 len=2896 coding=1 startqp=0 meanqp=0 picbytes=0 pskip=0 nalus=1 n1:2896
  snapshot f041: 3 venc_ko blocks (pool0 0x73801000 len 0x10000)
src frame 42: srcf=16 off=172 br=8000
frame 42: send=0x0 get=0x0 len=3743 coding=1 startqp=0 meanqp=0 picbytes=0 pskip=0 nalus=1 n1:3743
  snapshot f042: 3 venc_ko blocks (pool0 0x73801000 len 0x10000)
src frame 43: srcf=15 off=176 br=8000
frame 43: send=0x0 get=0x0 len=4091 coding=1 startqp=0 meanqp=0 picbytes=0 pskip=0 nalus=1 n1:4091
  snapshot f043: 3 venc_ko blocks (pool0 0x73801000 len 0x10000)
src frame 44: srcf=14 off=180 br=8000
frame 44: send=0x0 get=0x0 len=2426 coding=1 startqp=0 meanqp=0 picbytes=0 pskip=0 nalus=1 n1:2426
  snapshot f044: 3 venc_ko blocks (pool0 0x73801000 len 0x10000)
src frame 45: srcf=13 off=184 br=8000
frame 45: send=0x0 get=0x0 len=1808 coding=1 startqp=0 meanqp=0 picbytes=0 pskip=0 nalus=1 n1:1808
  snapshot f045: 3 venc_ko blocks (pool0 0x73801000 len 0x10000)
src frame 46: srcf=12 off=188 br=8000
frame 46: send=0x0 get=0x0 len=1537 coding=1 startqp=0 meanqp=0 picbytes=0 pskip=0 nalus=1 n1:1537
  snapshot f046: 3 venc_ko blocks (pool0 0x73801000 len 0x10000)
src frame 47: srcf=11 off=192 br=8000
frame 47: send=0x0 get=0x0 len=1562 coding=1 startqp=0 meanqp=0 picbytes=0 pskip=0 nalus=1 n1:1562
  snapshot f047: 3 venc_ko blocks (pool0 0x73801000 len 0x10000)
src frame 48: srcf=10 off=196 br=8000
frame 48: send=0x0 get=0x0 len=1493 coding=1 startqp=0 meanqp=0 picbytes=0 pskip=0 nalus=1 n1:1493
  snapshot f048: 3 venc_ko blocks (pool0 0x73801000 len 0x10000)
src frame 49: srcf=9 off=200 br=8000
frame 49: send=0x0 get=0x0 len=1622 coding=1 startqp=0 meanqp=0 picbytes=0 pskip=0 nalus=1 n1:1622
  snapshot f049: 3 venc_ko blocks (pool0 0x73801000 len 0x10000)
src frame 50: srcf=8 off=204 br=8000
frame 50: send=0x0 get=0x0 len=1720 coding=1 startqp=0 meanqp=0 picbytes=0 pskip=0 nalus=1 n1:1720
  snapshot f050: 3 venc_ko blocks (pool0 0x73801000 len 0x10000)
src frame 51: srcf=7 off=208 br=8000
frame 51: send=0x0 get=0x0 len=2239 coding=1 startqp=0 meanqp=0 picbytes=0 pskip=0 nalus=1 n1:2239
  snapshot f051: 3 venc_ko blocks (pool0 0x73801000 len 0x10000)
src frame 52: srcf=6 off=212 br=8000
frame 52: send=0x0 get=0x0 len=2429 coding=1 startqp=0 meanqp=0 picbytes=0 pskip=0 nalus=1 n1:2429
  snapshot f052: 3 venc_ko blocks (pool0 0x73801000 len 0x10000)
src frame 53: srcf=5 off=216 br=8000
frame 53: send=0x0 get=0x0 len=2689 coding=1 startqp=0 meanqp=0 picbytes=0 pskip=0 nalus=1 n1:2689
  snapshot f053: 3 venc_ko blocks (pool0 0x73801000 len 0x10000)
src frame 54: srcf=4 off=220 br=8000
frame 54: send=0x0 get=0x0 len=2028 coding=1 startqp=0 meanqp=0 picbytes=0 pskip=0 nalus=1 n1:2028
  snapshot f054: 3 venc_ko blocks (pool0 0x73801000 len 0x10000)
src frame 55: srcf=3 off=224 br=8000
frame 55: send=0x0 get=0x0 len=1479 coding=1 startqp=0 meanqp=0 picbytes=0 pskip=0 nalus=1 n1:1479
  snapshot f055: 3 venc_ko blocks (pool0 0x73801000 len 0x10000)
src frame 56: srcf=2 off=228 br=8000
frame 56: send=0x0 get=0x0 len=1350 coding=1 startqp=0 meanqp=0 picbytes=0 pskip=0 nalus=1 n1:1350
  snapshot f056: 3 venc_ko blocks (pool0 0x73801000 len 0x10000)
src frame 57: srcf=1 off=232 br=8000
frame 57: send=0x0 get=0x0 len=1641 coding=1 startqp=0 meanqp=0 picbytes=0 pskip=0 nalus=1 n1:1641
  snapshot f057: 3 venc_ko blocks (pool0 0x73801000 len 0x10000)
src frame 58: srcf=0 off=236 br=8000
frame 58: send=0x0 get=0x0 len=1585 coding=1 startqp=0 meanqp=0 picbytes=0 pskip=0 nalus=1 n1:1585
  snapshot f058: 3 venc_ko blocks (pool0 0x73801000 len 0x10000)
src frame 59: srcf=1 off=240 br=8000
frame 59: send=0x0 get=0x0 len=1604 coding=1 startqp=0 meanqp=0 picbytes=0 pskip=0 nalus=1 n1:1604
  snapshot f059: 3 venc_ko blocks (pool0 0x73801000 len 0x10000)
src frame 60: srcf=2 off=244 br=8000
frame 60: send=0x0 get=0x0 len=84141 coding=0 startqp=0 meanqp=0 picbytes=0 pskip=0 nalus=3 n7:32 n8:8 n5:84101
  snapshot f060: 3 venc_ko blocks (pool0 0x73801000 len 0x10000)
src frame 61: srcf=3 off=248 br=8000
frame 61: send=0x0 get=0x0 len=3756 coding=1 startqp=0 meanqp=0 picbytes=0 pskip=0 nalus=1 n1:3756
  snapshot f061: 3 venc_ko blocks (pool0 0x73801000 len 0x10000)
src frame 62: srcf=4 off=252 br=8000
frame 62: send=0x0 get=0x0 len=3577 coding=1 startqp=0 meanqp=0 picbytes=0 pskip=0 nalus=1 n1:3577
  snapshot f062: 3 venc_ko blocks (pool0 0x73801000 len 0x10000)
src frame 63: srcf=5 off=256 br=8000
frame 63: send=0x0 get=0x0 len=2888 coding=1 startqp=0 meanqp=0 picbytes=0 pskip=0 nalus=1 n1:2888
  snapshot f063: 3 venc_ko blocks (pool0 0x73801000 len 0x10000)
src frame 64: srcf=6 off=260 br=8000
frame 64: send=0x0 get=0x0 len=2685 coding=1 startqp=0 meanqp=0 picbytes=0 pskip=0 nalus=1 n1:2685
  snapshot f064: 3 venc_ko blocks (pool0 0x73801000 len 0x10000)
src frame 65: srcf=7 off=264 br=8000
frame 65: send=0x0 get=0x0 len=1453 coding=1 startqp=0 meanqp=0 picbytes=0 pskip=0 nalus=1 n1:1453
  snapshot f065: 3 venc_ko blocks (pool0 0x73801000 len 0x10000)
src frame 66: srcf=8 off=268 br=8000
frame 66: send=0x0 get=0x0 len=1424 coding=1 startqp=0 meanqp=0 picbytes=0 pskip=0 nalus=1 n1:1424
  snapshot f066: 3 venc_ko blocks (pool0 0x73801000 len 0x10000)
src frame 67: srcf=9 off=272 br=8000
frame 67: send=0x0 get=0x0 len=1433 coding=1 startqp=0 meanqp=0 picbytes=0 pskip=0 nalus=1 n1:1433
  snapshot f067: 3 venc_ko blocks (pool0 0x73801000 len 0x10000)
src frame 68: srcf=10 off=276 br=8000
frame 68: send=0x0 get=0x0 len=1570 coding=1 startqp=0 meanqp=0 picbytes=0 pskip=0 nalus=1 n1:1570
  snapshot f068: 3 venc_ko blocks (pool0 0x73801000 len 0x10000)
src frame 69: srcf=11 off=280 br=8000
frame 69: send=0x0 get=0x0 len=1555 coding=1 startqp=0 meanqp=0 picbytes=0 pskip=0 nalus=1 n1:1555
  snapshot f069: 3 venc_ko blocks (pool0 0x73801000 len 0x10000)
src frame 70: srcf=12 off=284 br=8000
frame 70: send=0x0 get=0x0 len=1665 coding=1 startqp=0 meanqp=0 picbytes=0 pskip=0 nalus=1 n1:1665
  snapshot f070: 3 venc_ko blocks (pool0 0x73801000 len 0x10000)
src frame 71: srcf=13 off=288 br=8000
frame 71: send=0x0 get=0x0 len=2151 coding=1 startqp=0 meanqp=0 picbytes=0 pskip=0 nalus=1 n1:2151
  snapshot f071: 3 venc_ko blocks (pool0 0x73801000 len 0x10000)
src frame 72: srcf=14 off=292 br=8000
frame 72: send=0x0 get=0x0 len=2418 coding=1 startqp=0 meanqp=0 picbytes=0 pskip=0 nalus=1 n1:2418
  snapshot f072: 3 venc_ko blocks (pool0 0x73801000 len 0x10000)
src frame 73: srcf=15 off=296 br=8000
frame 73: send=0x0 get=0x0 len=2021 coding=1 startqp=0 meanqp=0 picbytes=0 pskip=0 nalus=1 n1:2021
  snapshot f073: 3 venc_ko blocks (pool0 0x73801000 len 0x10000)
src frame 74: srcf=16 off=300 br=8000
frame 74: send=0x0 get=0x0 len=1244 coding=1 startqp=0 meanqp=0 picbytes=0 pskip=0 nalus=1 n1:1244
  snapshot f074: 3 venc_ko blocks (pool0 0x73801000 len 0x10000)
src frame 75: srcf=17 off=304 br=8000
frame 75: send=0x0 get=0x0 len=1368 coding=1 startqp=0 meanqp=0 picbytes=0 pskip=0 nalus=1 n1:1368
  snapshot f075: 3 venc_ko blocks (pool0 0x73801000 len 0x10000)
src frame 76: srcf=18 off=308 br=8000
frame 76: send=0x0 get=0x0 len=1634 coding=1 startqp=0 meanqp=0 picbytes=0 pskip=0 nalus=1 n1:1634
  snapshot f076: 3 venc_ko blocks (pool0 0x73801000 len 0x10000)
src frame 77: srcf=19 off=312 br=8000
frame 77: send=0x0 get=0x0 len=1538 coding=1 startqp=0 meanqp=0 picbytes=0 pskip=0 nalus=1 n1:1538
  snapshot f077: 3 venc_ko blocks (pool0 0x73801000 len 0x10000)
src frame 78: srcf=20 off=316 br=8000
frame 78: send=0x0 get=0x0 len=1669 coding=1 startqp=0 meanqp=0 picbytes=0 pskip=0 nalus=1 n1:1669
  snapshot f078: 3 venc_ko blocks (pool0 0x73801000 len 0x10000)
src frame 79: srcf=21 off=320 br=8000
frame 79: send=0x0 get=0x0 len=2222 coding=1 startqp=0 meanqp=0 picbytes=0 pskip=0 nalus=1 n1:2222
  snapshot f079: 3 venc_ko blocks (pool0 0x73801000 len 0x10000)
src frame 80: srcf=22 off=324 br=8000
frame 80: send=0x0 get=0x0 len=2854 coding=1 startqp=0 meanqp=0 picbytes=0 pskip=0 nalus=1 n1:2854
  snapshot f080: 3 venc_ko blocks (pool0 0x73801000 len 0x10000)
src frame 81: srcf=23 off=328 br=8000
frame 81: send=0x0 get=0x0 len=3338 coding=1 startqp=0 meanqp=0 picbytes=0 pskip=0 nalus=1 n1:3338
  snapshot f081: 3 venc_ko blocks (pool0 0x73801000 len 0x10000)
src frame 82: srcf=24 off=332 br=8000
frame 82: send=0x0 get=0x0 len=2927 coding=1 startqp=0 meanqp=0 picbytes=0 pskip=0 nalus=1 n1:2927
  snapshot f082: 3 venc_ko blocks (pool0 0x73801000 len 0x10000)
src frame 83: srcf=25 off=336 br=8000
frame 83: send=0x0 get=0x0 len=1786 coding=1 startqp=0 meanqp=0 picbytes=0 pskip=0 nalus=1 n1:1786
  snapshot f083: 3 venc_ko blocks (pool0 0x73801000 len 0x10000)
src frame 84: srcf=26 off=340 br=8000
frame 84: send=0x0 get=0x0 len=1639 coding=1 startqp=0 meanqp=0 picbytes=0 pskip=0 nalus=1 n1:1639
  snapshot f084: 3 venc_ko blocks (pool0 0x73801000 len 0x10000)
src frame 85: srcf=27 off=344 br=8000
frame 85: send=0x0 get=0x0 len=1294 coding=1 startqp=0 meanqp=0 picbytes=0 pskip=0 nalus=1 n1:1294
  snapshot f085: 3 venc_ko blocks (pool0 0x73801000 len 0x10000)
src frame 86: srcf=28 off=348 br=8000
frame 86: send=0x0 get=0x0 len=1369 coding=1 startqp=0 meanqp=0 picbytes=0 pskip=0 nalus=1 n1:1369
  snapshot f086: 3 venc_ko blocks (pool0 0x73801000 len 0x10000)
src frame 87: srcf=29 off=352 br=8000
frame 87: send=0x0 get=0x0 len=1523 coding=1 startqp=0 meanqp=0 picbytes=0 pskip=0 nalus=1 n1:1523
  snapshot f087: 3 venc_ko blocks (pool0 0x73801000 len 0x10000)
src frame 88: srcf=28 off=356 br=8000
frame 88: send=0x0 get=0x0 len=1800 coding=1 startqp=0 meanqp=0 picbytes=0 pskip=0 nalus=1 n1:1800
  snapshot f088: 3 venc_ko blocks (pool0 0x73801000 len 0x10000)
src frame 89: srcf=27 off=360 br=8000
frame 89: send=0x0 get=0x0 len=2115 coding=1 startqp=0 meanqp=0 picbytes=0 pskip=0 nalus=1 n1:2115
  snapshot f089: 3 venc_ko blocks (pool0 0x73801000 len 0x10000)
src frame 90: srcf=26 off=364 br=8000
frame 90: send=0x0 get=0x0 len=83593 coding=0 startqp=0 meanqp=0 picbytes=0 pskip=0 nalus=3 n7:32 n8:8 n5:83553
  snapshot f090: 3 venc_ko blocks (pool0 0x73801000 len 0x10000)
src frame 91: srcf=25 off=368 br=8000
frame 91: send=0x0 get=0x0 len=3890 coding=1 startqp=0 meanqp=0 picbytes=0 pskip=0 nalus=1 n1:3890
  snapshot f091: 3 venc_ko blocks (pool0 0x73801000 len 0x10000)
src frame 92: srcf=24 off=372 br=8000
frame 92: send=0x0 get=0x0 len=2984 coding=1 startqp=0 meanqp=0 picbytes=0 pskip=0 nalus=1 n1:2984
  snapshot f092: 3 venc_ko blocks (pool0 0x73801000 len 0x10000)
src frame 93: srcf=23 off=376 br=8000
frame 93: send=0x0 get=0x0 len=2147 coding=1 startqp=0 meanqp=0 picbytes=0 pskip=0 nalus=1 n1:2147
  snapshot f093: 3 venc_ko blocks (pool0 0x73801000 len 0x10000)
src frame 94: srcf=22 off=380 br=8000
frame 94: send=0x0 get=0x0 len=1735 coding=1 startqp=0 meanqp=0 picbytes=0 pskip=0 nalus=1 n1:1735
  snapshot f094: 3 venc_ko blocks (pool0 0x73801000 len 0x10000)
src frame 95: srcf=21 off=384 br=8000
frame 95: send=0x0 get=0x0 len=1430 coding=1 startqp=0 meanqp=0 picbytes=0 pskip=0 nalus=1 n1:1430
  snapshot f095: 3 venc_ko blocks (pool0 0x73801000 len 0x10000)
src frame 96: srcf=20 off=388 br=8000
frame 96: send=0x0 get=0x0 len=1330 coding=1 startqp=0 meanqp=0 picbytes=0 pskip=0 nalus=1 n1:1330
  snapshot f096: 3 venc_ko blocks (pool0 0x73801000 len 0x10000)
src frame 97: srcf=19 off=392 br=8000
frame 97: send=0x0 get=0x0 len=1312 coding=1 startqp=0 meanqp=0 picbytes=0 pskip=0 nalus=1 n1:1312
  snapshot f097: 3 venc_ko blocks (pool0 0x73801000 len 0x10000)
src frame 98: srcf=18 off=396 br=8000
frame 98: send=0x0 get=0x0 len=1553 coding=1 startqp=0 meanqp=0 picbytes=0 pskip=0 nalus=1 n1:1553
  snapshot f098: 3 venc_ko blocks (pool0 0x73801000 len 0x10000)
src frame 99: srcf=17 off=400 br=8000
frame 99: send=0x0 get=0x0 len=1992 coding=1 startqp=0 meanqp=0 picbytes=0 pskip=0 nalus=1 n1:1992
  snapshot f099: 3 venc_ko blocks (pool0 0x73801000 len 0x10000)
src frame 100: srcf=16 off=404 br=8000
frame 100: send=0x0 get=0x0 len=2211 coding=1 startqp=0 meanqp=0 picbytes=0 pskip=0 nalus=1 n1:2211
  snapshot f100: 3 venc_ko blocks (pool0 0x73801000 len 0x10000)
src frame 101: srcf=15 off=408 br=8000
frame 101: send=0x0 get=0x0 len=2219 coding=1 startqp=0 meanqp=0 picbytes=0 pskip=0 nalus=1 n1:2219
  snapshot f101: 3 venc_ko blocks (pool0 0x73801000 len 0x10000)
src frame 102: srcf=14 off=412 br=8000
frame 102: send=0x0 get=0x0 len=2346 coding=1 startqp=0 meanqp=0 picbytes=0 pskip=0 nalus=1 n1:2346
  snapshot f102: 3 venc_ko blocks (pool0 0x73801000 len 0x10000)
src frame 103: srcf=13 off=416 br=8000
frame 103: send=0x0 get=0x0 len=2809 coding=1 startqp=0 meanqp=0 picbytes=0 pskip=0 nalus=1 n1:2809
  snapshot f103: 3 venc_ko blocks (pool0 0x73801000 len 0x10000)
src frame 104: srcf=12 off=420 br=8000
frame 104: send=0x0 get=0x0 len=1657 coding=1 startqp=0 meanqp=0 picbytes=0 pskip=0 nalus=1 n1:1657
  snapshot f104: 3 venc_ko blocks (pool0 0x73801000 len 0x10000)
src frame 105: srcf=11 off=424 br=8000
frame 105: send=0x0 get=0x0 len=1349 coding=1 startqp=0 meanqp=0 picbytes=0 pskip=0 nalus=1 n1:1349
  snapshot f105: 3 venc_ko blocks (pool0 0x73801000 len 0x10000)
src frame 106: srcf=10 off=428 br=8000
frame 106: send=0x0 get=0x0 len=1485 coding=1 startqp=0 meanqp=0 picbytes=0 pskip=0 nalus=1 n1:1485
  snapshot f106: 3 venc_ko blocks (pool0 0x73801000 len 0x10000)
src frame 107: srcf=9 off=432 br=8000
frame 107: send=0x0 get=0x0 len=1863 coding=1 startqp=0 meanqp=0 picbytes=0 pskip=0 nalus=1 n1:1863
  snapshot f107: 3 venc_ko blocks (pool0 0x73801000 len 0x10000)
src frame 108: srcf=8 off=436 br=8000
frame 108: send=0x0 get=0x0 len=1992 coding=1 startqp=0 meanqp=0 picbytes=0 pskip=0 nalus=1 n1:1992
  snapshot f108: 3 venc_ko blocks (pool0 0x73801000 len 0x10000)
src frame 109: srcf=7 off=440 br=8000
frame 109: send=0x0 get=0x0 len=2094 coding=1 startqp=0 meanqp=0 picbytes=0 pskip=0 nalus=1 n1:2094
  snapshot f109: 3 venc_ko blocks (pool0 0x73801000 len 0x10000)
src frame 110: srcf=6 off=444 br=8000
frame 110: send=0x0 get=0x0 len=2348 coding=1 startqp=0 meanqp=0 picbytes=0 pskip=0 nalus=1 n1:2348
  snapshot f110: 3 venc_ko blocks (pool0 0x73801000 len 0x10000)
src frame 111: srcf=5 off=448 br=8000
frame 111: send=0x0 get=0x0 len=2933 coding=1 startqp=0 meanqp=0 picbytes=0 pskip=0 nalus=1 n1:2933
  snapshot f111: 3 venc_ko blocks (pool0 0x73801000 len 0x10000)
src frame 112: srcf=4 off=452 br=8000
frame 112: send=0x0 get=0x0 len=2801 coding=1 startqp=0 meanqp=0 picbytes=0 pskip=0 nalus=1 n1:2801
  snapshot f112: 3 venc_ko blocks (pool0 0x73801000 len 0x10000)
src frame 113: srcf=3 off=456 br=8000
frame 113: send=0x0 get=0x0 len=3283 coding=1 startqp=0 meanqp=0 picbytes=0 pskip=0 nalus=1 n1:3283
  snapshot f113: 3 venc_ko blocks (pool0 0x73801000 len 0x10000)
src frame 114: srcf=2 off=460 br=8000
frame 114: send=0x0 get=0x0 len=1377 coding=1 startqp=0 meanqp=0 picbytes=0 pskip=0 nalus=1 n1:1377
  snapshot f114: 3 venc_ko blocks (pool0 0x73801000 len 0x10000)
src frame 115: srcf=1 off=464 br=8000
frame 115: send=0x0 get=0x0 len=1419 coding=1 startqp=0 meanqp=0 picbytes=0 pskip=0 nalus=1 n1:1419
  snapshot f115: 3 venc_ko blocks (pool0 0x73801000 len 0x10000)
src frame 116: srcf=0 off=468 br=8000
frame 116: send=0x0 get=0x0 len=1403 coding=1 startqp=0 meanqp=0 picbytes=0 pskip=0 nalus=1 n1:1403
  snapshot f116: 3 venc_ko blocks (pool0 0x73801000 len 0x10000)
src frame 117: srcf=1 off=472 br=8000
frame 117: send=0x0 get=0x0 len=1759 coding=1 startqp=0 meanqp=0 picbytes=0 pskip=0 nalus=1 n1:1759
  snapshot f117: 3 venc_ko blocks (pool0 0x73801000 len 0x10000)
src frame 118: srcf=2 off=476 br=8000
frame 118: send=0x0 get=0x0 len=1999 coding=1 startqp=0 meanqp=0 picbytes=0 pskip=0 nalus=1 n1:1999
  snapshot f118: 3 venc_ko blocks (pool0 0x73801000 len 0x10000)
src frame 119: srcf=3 off=480 br=8000
frame 119: send=0x0 get=0x0 len=2313 coding=1 startqp=0 meanqp=0 picbytes=0 pskip=0 nalus=1 n1:2313
  snapshot f119: 3 venc_ko blocks (pool0 0x73801000 len 0x10000)
src frame 120: srcf=4 off=484 br=8000
frame 120: send=0x0 get=0x0 len=84198 coding=0 startqp=0 meanqp=0 picbytes=0 pskip=0 nalus=3 n7:32 n8:8 n5:84158
  snapshot f120: 3 venc_ko blocks (pool0 0x73801000 len 0x10000)
src frame 121: srcf=5 off=488 br=8000
frame 121: send=0x0 get=0x0 len=3731 coding=1 startqp=0 meanqp=0 picbytes=0 pskip=0 nalus=1 n1:3731
  snapshot f121: 3 venc_ko blocks (pool0 0x73801000 len 0x10000)
src frame 122: srcf=6 off=492 br=8000
frame 122: send=0x0 get=0x0 len=2949 coding=1 startqp=0 meanqp=0 picbytes=0 pskip=0 nalus=1 n1:2949
  snapshot f122: 3 venc_ko blocks (pool0 0x73801000 len 0x10000)
src frame 123: srcf=7 off=496 br=8000
frame 123: send=0x0 get=0x0 len=2062 coding=1 startqp=0 meanqp=0 picbytes=0 pskip=0 nalus=1 n1:2062
  snapshot f123: 3 venc_ko blocks (pool0 0x73801000 len 0x10000)
src frame 124: srcf=8 off=500 br=8000
frame 124: send=0x0 get=0x0 len=1775 coding=1 startqp=0 meanqp=0 picbytes=0 pskip=0 nalus=1 n1:1775
  snapshot f124: 3 venc_ko blocks (pool0 0x73801000 len 0x10000)
src frame 125: srcf=9 off=504 br=8000
frame 125: send=0x0 get=0x0 len=1303 coding=1 startqp=0 meanqp=0 picbytes=0 pskip=0 nalus=1 n1:1303
  snapshot f125: 3 venc_ko blocks (pool0 0x73801000 len 0x10000)
src frame 126: srcf=10 off=508 br=8000
frame 126: send=0x0 get=0x0 len=1367 coding=1 startqp=0 meanqp=0 picbytes=0 pskip=0 nalus=1 n1:1367
  snapshot f126: 3 venc_ko blocks (pool0 0x73801000 len 0x10000)
src frame 127: srcf=11 off=512 br=8000
frame 127: send=0x0 get=0x0 len=1688 coding=1 startqp=0 meanqp=0 picbytes=0 pskip=0 nalus=1 n1:1688
  snapshot f127: 3 venc_ko blocks (pool0 0x73801000 len 0x10000)
src frame 128: srcf=12 off=516 br=8000
frame 128: send=0x0 get=0x0 len=1703 coding=1 startqp=0 meanqp=0 picbytes=0 pskip=0 nalus=1 n1:1703
  snapshot f128: 3 venc_ko blocks (pool0 0x73801000 len 0x10000)
src frame 129: srcf=13 off=520 br=8000
frame 129: send=0x0 get=0x0 len=1487 coding=1 startqp=0 meanqp=0 picbytes=0 pskip=0 nalus=1 n1:1487
  snapshot f129: 3 venc_ko blocks (pool0 0x73801000 len 0x10000)
src frame 130: srcf=14 off=524 br=8000
frame 130: send=0x0 get=0x0 len=1316 coding=1 startqp=0 meanqp=0 picbytes=0 pskip=0 nalus=1 n1:1316
  snapshot f130: 3 venc_ko blocks (pool0 0x73801000 len 0x10000)
src frame 131: srcf=15 off=528 br=8000
frame 131: send=0x0 get=0x0 len=1186 coding=1 startqp=0 meanqp=0 picbytes=0 pskip=0 nalus=1 n1:1186
  snapshot f131: 3 venc_ko blocks (pool0 0x73801000 len 0x10000)
src frame 132: srcf=16 off=532 br=8000
frame 132: send=0x0 get=0x0 len=1364 coding=1 startqp=0 meanqp=0 picbytes=0 pskip=0 nalus=1 n1:1364
  snapshot f132: 3 venc_ko blocks (pool0 0x73801000 len 0x10000)
src frame 133: srcf=17 off=536 br=8000
frame 133: send=0x0 get=0x0 len=1714 coding=1 startqp=0 meanqp=0 picbytes=0 pskip=0 nalus=1 n1:1714
  snapshot f133: 3 venc_ko blocks (pool0 0x73801000 len 0x10000)
src frame 134: srcf=18 off=540 br=8000
frame 134: send=0x0 get=0x0 len=2910 coding=1 startqp=0 meanqp=0 picbytes=0 pskip=0 nalus=1 n1:2910
  snapshot f134: 3 venc_ko blocks (pool0 0x73801000 len 0x10000)
src frame 135: srcf=19 off=544 br=8000
frame 135: send=0x0 get=0x0 len=3550 coding=1 startqp=0 meanqp=0 picbytes=0 pskip=0 nalus=1 n1:3550
  snapshot f135: 3 venc_ko blocks (pool0 0x73801000 len 0x10000)
src frame 136: srcf=20 off=548 br=8000
frame 136: send=0x0 get=0x0 len=3089 coding=1 startqp=0 meanqp=0 picbytes=0 pskip=0 nalus=1 n1:3089
  snapshot f136: 3 venc_ko blocks (pool0 0x73801000 len 0x10000)
src frame 137: srcf=21 off=552 br=8000
frame 137: send=0x0 get=0x0 len=1988 coding=1 startqp=0 meanqp=0 picbytes=0 pskip=0 nalus=1 n1:1988
  snapshot f137: 3 venc_ko blocks (pool0 0x73801000 len 0x10000)
src frame 138: srcf=22 off=556 br=8000
frame 138: send=0x0 get=0x0 len=1803 coding=1 startqp=0 meanqp=0 picbytes=0 pskip=0 nalus=1 n1:1803
  snapshot f138: 3 venc_ko blocks (pool0 0x73801000 len 0x10000)
src frame 139: srcf=23 off=560 br=8000
frame 139: send=0x0 get=0x0 len=1532 coding=1 startqp=0 meanqp=0 picbytes=0 pskip=0 nalus=1 n1:1532
  snapshot f139: 3 venc_ko blocks (pool0 0x73801000 len 0x10000)
src frame 140: srcf=24 off=564 br=8000
frame 140: send=0x0 get=0x0 len=1239 coding=1 startqp=0 meanqp=0 picbytes=0 pskip=0 nalus=1 n1:1239
  snapshot f140: 3 venc_ko blocks (pool0 0x73801000 len 0x10000)
src frame 141: srcf=25 off=568 br=8000
frame 141: send=0x0 get=0x0 len=1189 coding=1 startqp=0 meanqp=0 picbytes=0 pskip=0 nalus=1 n1:1189
  snapshot f141: 3 venc_ko blocks (pool0 0x73801000 len 0x10000)
src frame 142: srcf=26 off=572 br=8000
frame 142: send=0x0 get=0x0 len=1506 coding=1 startqp=0 meanqp=0 picbytes=0 pskip=0 nalus=1 n1:1506
  snapshot f142: 3 venc_ko blocks (pool0 0x73801000 len 0x10000)
src frame 143: srcf=27 off=576 br=8000
frame 143: send=0x0 get=0x0 len=2005 coding=1 startqp=0 meanqp=0 picbytes=0 pskip=0 nalus=1 n1:2005
  snapshot f143: 3 venc_ko blocks (pool0 0x73801000 len 0x10000)
src frame 144: srcf=28 off=580 br=8000
frame 144: send=0x0 get=0x0 len=2434 coding=1 startqp=0 meanqp=0 picbytes=0 pskip=0 nalus=1 n1:2434
  snapshot f144: 3 venc_ko blocks (pool0 0x73801000 len 0x10000)
src frame 145: srcf=29 off=584 br=8000
frame 145: send=0x0 get=0x0 len=2361 coding=1 startqp=0 meanqp=0 picbytes=0 pskip=0 nalus=1 n1:2361
  snapshot f145: 3 venc_ko blocks (pool0 0x73801000 len 0x10000)
src frame 146: srcf=28 off=588 br=8000
frame 146: send=0x0 get=0x0 len=2169 coding=1 startqp=0 meanqp=0 picbytes=0 pskip=0 nalus=1 n1:2169
  snapshot f146: 3 venc_ko blocks (pool0 0x73801000 len 0x10000)
src frame 147: srcf=27 off=592 br=8000
frame 147: send=0x0 get=0x0 len=2171 coding=1 startqp=0 meanqp=0 picbytes=0 pskip=0 nalus=1 n1:2171
  snapshot f147: 3 venc_ko blocks (pool0 0x73801000 len 0x10000)
src frame 148: srcf=26 off=596 br=8000
frame 148: send=0x0 get=0x0 len=1935 coding=1 startqp=0 meanqp=0 picbytes=0 pskip=0 nalus=1 n1:1935
  snapshot f148: 3 venc_ko blocks (pool0 0x73801000 len 0x10000)
src frame 149: srcf=25 off=600 br=8000
frame 149: send=0x0 get=0x0 len=1343 coding=1 startqp=0 meanqp=0 picbytes=0 pskip=0 nalus=1 n1:1343
  snapshot f149: 3 venc_ko blocks (pool0 0x73801000 len 0x10000)
src frame 150: srcf=24 off=604 br=8000
frame 150: send=0x0 get=0x0 len=83382 coding=0 startqp=0 meanqp=0 picbytes=0 pskip=0 nalus=3 n7:32 n8:8 n5:83342
  snapshot f150: 3 venc_ko blocks (pool0 0x73801000 len 0x10000)
src frame 151: srcf=23 off=608 br=8000
frame 151: send=0x0 get=0x0 len=3139 coding=1 startqp=0 meanqp=0 picbytes=0 pskip=0 nalus=1 n1:3139
  snapshot f151: 3 venc_ko blocks (pool0 0x73801000 len 0x10000)
src frame 152: srcf=22 off=612 br=8000
frame 152: send=0x0 get=0x0 len=3580 coding=1 startqp=0 meanqp=0 picbytes=0 pskip=0 nalus=1 n1:3580
  snapshot f152: 3 venc_ko blocks (pool0 0x73801000 len 0x10000)
src frame 153: srcf=21 off=616 br=8000
frame 153: send=0x0 get=0x0 len=3853 coding=1 startqp=0 meanqp=0 picbytes=0 pskip=0 nalus=1 n1:3853
  snapshot f153: 3 venc_ko blocks (pool0 0x73801000 len 0x10000)
src frame 154: srcf=20 off=620 br=8000
frame 154: send=0x0 get=0x0 len=2990 coding=1 startqp=0 meanqp=0 picbytes=0 pskip=0 nalus=1 n1:2990
  snapshot f154: 3 venc_ko blocks (pool0 0x73801000 len 0x10000)
src frame 155: srcf=19 off=624 br=8000
frame 155: send=0x0 get=0x0 len=2059 coding=1 startqp=0 meanqp=0 picbytes=0 pskip=0 nalus=1 n1:2059
  snapshot f155: 3 venc_ko blocks (pool0 0x73801000 len 0x10000)
src frame 156: srcf=18 off=628 br=8000
frame 156: send=0x0 get=0x0 len=2104 coding=1 startqp=0 meanqp=0 picbytes=0 pskip=0 nalus=1 n1:2104
  snapshot f156: 3 venc_ko blocks (pool0 0x73801000 len 0x10000)
src frame 157: srcf=17 off=632 br=8000
frame 157: send=0x0 get=0x0 len=2030 coding=1 startqp=0 meanqp=0 picbytes=0 pskip=0 nalus=1 n1:2030
  snapshot f157: 3 venc_ko blocks (pool0 0x73801000 len 0x10000)
src frame 158: srcf=16 off=636 br=8000
frame 158: send=0x0 get=0x0 len=1343 coding=1 startqp=0 meanqp=0 picbytes=0 pskip=0 nalus=1 n1:1343
  snapshot f158: 3 venc_ko blocks (pool0 0x73801000 len 0x10000)
src frame 159: srcf=15 off=640 br=8000
frame 159: send=0x0 get=0x0 len=1279 coding=1 startqp=0 meanqp=0 picbytes=0 pskip=0 nalus=1 n1:1279
  snapshot f159: 3 venc_ko blocks (pool0 0x73801000 len 0x10000)
src frame 160: srcf=14 off=644 br=8000
frame 160: send=0x0 get=0x0 len=1280 coding=1 startqp=0 meanqp=0 picbytes=0 pskip=0 nalus=1 n1:1280
  snapshot f160: 3 venc_ko blocks (pool0 0x73801000 len 0x10000)
src frame 161: srcf=13 off=648 br=8000
frame 161: send=0x0 get=0x0 len=1190 coding=1 startqp=0 meanqp=0 picbytes=0 pskip=0 nalus=1 n1:1190
  snapshot f161: 3 venc_ko blocks (pool0 0x73801000 len 0x10000)
src frame 162: srcf=12 off=652 br=8000
frame 162: send=0x0 get=0x0 len=1168 coding=1 startqp=0 meanqp=0 picbytes=0 pskip=0 nalus=1 n1:1168
  snapshot f162: 3 venc_ko blocks (pool0 0x73801000 len 0x10000)
src frame 163: srcf=11 off=656 br=8000
frame 163: send=0x0 get=0x0 len=1201 coding=1 startqp=0 meanqp=0 picbytes=0 pskip=0 nalus=1 n1:1201
  snapshot f163: 3 venc_ko blocks (pool0 0x73801000 len 0x10000)
src frame 164: srcf=10 off=660 br=8000
frame 164: send=0x0 get=0x0 len=1281 coding=1 startqp=0 meanqp=0 picbytes=0 pskip=0 nalus=1 n1:1281
  snapshot f164: 3 venc_ko blocks (pool0 0x73801000 len 0x10000)
src frame 165: srcf=9 off=664 br=8000
frame 165: send=0x0 get=0x0 len=1682 coding=1 startqp=0 meanqp=0 picbytes=0 pskip=0 nalus=1 n1:1682
  snapshot f165: 3 venc_ko blocks (pool0 0x73801000 len 0x10000)
src frame 166: srcf=8 off=668 br=8000
frame 166: send=0x0 get=0x0 len=2069 coding=1 startqp=0 meanqp=0 picbytes=0 pskip=0 nalus=1 n1:2069
  snapshot f166: 3 venc_ko blocks (pool0 0x73801000 len 0x10000)
src frame 167: srcf=7 off=672 br=8000
frame 167: send=0x0 get=0x0 len=2142 coding=1 startqp=0 meanqp=0 picbytes=0 pskip=0 nalus=1 n1:2142
  snapshot f167: 3 venc_ko blocks (pool0 0x73801000 len 0x10000)
src frame 168: srcf=6 off=676 br=8000
frame 168: send=0x0 get=0x0 len=1484 coding=1 startqp=0 meanqp=0 picbytes=0 pskip=0 nalus=1 n1:1484
  snapshot f168: 3 venc_ko blocks (pool0 0x73801000 len 0x10000)
src frame 169: srcf=5 off=680 br=8000
frame 169: send=0x0 get=0x0 len=1257 coding=1 startqp=0 meanqp=0 picbytes=0 pskip=0 nalus=1 n1:1257
  snapshot f169: 3 venc_ko blocks (pool0 0x73801000 len 0x10000)
src frame 170: srcf=4 off=684 br=8000
frame 170: send=0x0 get=0x0 len=1205 coding=1 startqp=0 meanqp=0 picbytes=0 pskip=0 nalus=1 n1:1205
  snapshot f170: 3 venc_ko blocks (pool0 0x73801000 len 0x10000)
src frame 171: srcf=3 off=688 br=8000
frame 171: send=0x0 get=0x0 len=1193 coding=1 startqp=0 meanqp=0 picbytes=0 pskip=0 nalus=1 n1:1193
  snapshot f171: 3 venc_ko blocks (pool0 0x73801000 len 0x10000)
src frame 172: srcf=2 off=692 br=8000
frame 172: send=0x0 get=0x0 len=1249 coding=1 startqp=0 meanqp=0 picbytes=0 pskip=0 nalus=1 n1:1249
  snapshot f172: 3 venc_ko blocks (pool0 0x73801000 len 0x10000)
src frame 173: srcf=1 off=696 br=8000
frame 173: send=0x0 get=0x0 len=1406 coding=1 startqp=0 meanqp=0 picbytes=0 pskip=0 nalus=1 n1:1406
  snapshot f173: 3 venc_ko blocks (pool0 0x73801000 len 0x10000)
src frame 174: srcf=0 off=700 br=8000
frame 174: send=0x0 get=0x0 len=1618 coding=1 startqp=0 meanqp=0 picbytes=0 pskip=0 nalus=1 n1:1618
  snapshot f174: 3 venc_ko blocks (pool0 0x73801000 len 0x10000)
src frame 175: srcf=1 off=704 br=8000
frame 175: send=0x0 get=0x0 len=1822 coding=1 startqp=0 meanqp=0 picbytes=0 pskip=0 nalus=1 n1:1822
  snapshot f175: 3 venc_ko blocks (pool0 0x73801000 len 0x10000)
src frame 176: srcf=2 off=708 br=8000
frame 176: send=0x0 get=0x0 len=1881 coding=1 startqp=0 meanqp=0 picbytes=0 pskip=0 nalus=1 n1:1881
  snapshot f176: 3 venc_ko blocks (pool0 0x73801000 len 0x10000)
src frame 177: srcf=3 off=712 br=8000
frame 177: send=0x0 get=0x0 len=1439 coding=1 startqp=0 meanqp=0 picbytes=0 pskip=0 nalus=1 n1:1439
  snapshot f177: 3 venc_ko blocks (pool0 0x73801000 len 0x10000)
src frame 178: srcf=4 off=716 br=8000
frame 178: send=0x0 get=0x0 len=1249 coding=1 startqp=0 meanqp=0 picbytes=0 pskip=0 nalus=1 n1:1249
  snapshot f178: 3 venc_ko blocks (pool0 0x73801000 len 0x10000)
src frame 179: srcf=5 off=720 br=8000
frame 179: send=0x0 get=0x0 len=1224 coding=1 startqp=0 meanqp=0 picbytes=0 pskip=0 nalus=1 n1:1224
  snapshot f179: 3 venc_ko blocks (pool0 0x73801000 len 0x10000)
src frame 180: srcf=6 off=724 br=8000
frame 180: send=0x0 get=0x0 len=83945 coding=0 startqp=0 meanqp=0 picbytes=0 pskip=0 nalus=3 n7:32 n8:8 n5:83905
  snapshot f180: 3 venc_ko blocks (pool0 0x73801000 len 0x10000)
src frame 181: srcf=7 off=728 br=8000
frame 181: send=0x0 get=0x0 len=2616 coding=1 startqp=0 meanqp=0 picbytes=0 pskip=0 nalus=1 n1:2616
  snapshot f181: 3 venc_ko blocks (pool0 0x73801000 len 0x10000)
src frame 182: srcf=8 off=732 br=8000
frame 182: send=0x0 get=0x0 len=2183 coding=1 startqp=0 meanqp=0 picbytes=0 pskip=0 nalus=1 n1:2183
  snapshot f182: 3 venc_ko blocks (pool0 0x73801000 len 0x10000)
src frame 183: srcf=9 off=736 br=8000
frame 183: send=0x0 get=0x0 len=2219 coding=1 startqp=0 meanqp=0 picbytes=0 pskip=0 nalus=1 n1:2219
  snapshot f183: 3 venc_ko blocks (pool0 0x73801000 len 0x10000)
src frame 184: srcf=10 off=740 br=8000
frame 184: send=0x0 get=0x0 len=2409 coding=1 startqp=0 meanqp=0 picbytes=0 pskip=0 nalus=1 n1:2409
  snapshot f184: 3 venc_ko blocks (pool0 0x73801000 len 0x10000)
src frame 185: srcf=11 off=744 br=8000
frame 185: send=0x0 get=0x0 len=2217 coding=1 startqp=0 meanqp=0 picbytes=0 pskip=0 nalus=1 n1:2217
  snapshot f185: 3 venc_ko blocks (pool0 0x73801000 len 0x10000)
src frame 186: srcf=12 off=748 br=8000
frame 186: send=0x0 get=0x0 len=1904 coding=1 startqp=0 meanqp=0 picbytes=0 pskip=0 nalus=1 n1:1904
  snapshot f186: 3 venc_ko blocks (pool0 0x73801000 len 0x10000)
src frame 187: srcf=13 off=752 br=8000
frame 187: send=0x0 get=0x0 len=1488 coding=1 startqp=0 meanqp=0 picbytes=0 pskip=0 nalus=1 n1:1488
  snapshot f187: 3 venc_ko blocks (pool0 0x73801000 len 0x10000)
src frame 188: srcf=14 off=756 br=8000
frame 188: send=0x0 get=0x0 len=1302 coding=1 startqp=0 meanqp=0 picbytes=0 pskip=0 nalus=1 n1:1302
  snapshot f188: 3 venc_ko blocks (pool0 0x73801000 len 0x10000)
src frame 189: srcf=15 off=760 br=8000
frame 189: send=0x0 get=0x0 len=1125 coding=1 startqp=0 meanqp=0 picbytes=0 pskip=0 nalus=1 n1:1125
  snapshot f189: 3 venc_ko blocks (pool0 0x73801000 len 0x10000)
src frame 190: srcf=16 off=764 br=8000
frame 190: send=0x0 get=0x0 len=1145 coding=1 startqp=0 meanqp=0 picbytes=0 pskip=0 nalus=1 n1:1145
  snapshot f190: 3 venc_ko blocks (pool0 0x73801000 len 0x10000)
src frame 191: srcf=17 off=768 br=8000
frame 191: send=0x0 get=0x0 len=1187 coding=1 startqp=0 meanqp=0 picbytes=0 pskip=0 nalus=1 n1:1187
  snapshot f191: 3 venc_ko blocks (pool0 0x73801000 len 0x10000)
src frame 192: srcf=18 off=772 br=8000
frame 192: send=0x0 get=0x0 len=1346 coding=1 startqp=0 meanqp=0 picbytes=0 pskip=0 nalus=1 n1:1346
  snapshot f192: 3 venc_ko blocks (pool0 0x73801000 len 0x10000)
src frame 193: srcf=19 off=776 br=8000
frame 193: send=0x0 get=0x0 len=1579 coding=1 startqp=0 meanqp=0 picbytes=0 pskip=0 nalus=1 n1:1579
  snapshot f193: 3 venc_ko blocks (pool0 0x73801000 len 0x10000)
src frame 194: srcf=20 off=780 br=8000
frame 194: send=0x0 get=0x0 len=1872 coding=1 startqp=0 meanqp=0 picbytes=0 pskip=0 nalus=1 n1:1872
  snapshot f194: 3 venc_ko blocks (pool0 0x73801000 len 0x10000)
src frame 195: srcf=21 off=784 br=8000
frame 195: send=0x0 get=0x0 len=1855 coding=1 startqp=0 meanqp=0 picbytes=0 pskip=0 nalus=1 n1:1855
  snapshot f195: 3 venc_ko blocks (pool0 0x73801000 len 0x10000)
src frame 196: srcf=22 off=788 br=8000
frame 196: send=0x0 get=0x0 len=1300 coding=1 startqp=0 meanqp=0 picbytes=0 pskip=0 nalus=1 n1:1300
  snapshot f196: 3 venc_ko blocks (pool0 0x73801000 len 0x10000)
src frame 197: srcf=23 off=792 br=8000
frame 197: send=0x0 get=0x0 len=1147 coding=1 startqp=0 meanqp=0 picbytes=0 pskip=0 nalus=1 n1:1147
  snapshot f197: 3 venc_ko blocks (pool0 0x73801000 len 0x10000)
src frame 198: srcf=24 off=796 br=8000
frame 198: send=0x0 get=0x0 len=1138 coding=1 startqp=0 meanqp=0 picbytes=0 pskip=0 nalus=1 n1:1138
  snapshot f198: 3 venc_ko blocks (pool0 0x73801000 len 0x10000)
src frame 199: srcf=25 off=800 br=8000
frame 199: send=0x0 get=0x0 len=1110 coding=1 startqp=0 meanqp=0 picbytes=0 pskip=0 nalus=1 n1:1110
  snapshot f199: 3 venc_ko blocks (pool0 0x73801000 len 0x10000)
src frame 200: srcf=26 off=804 br=8000
frame 200: send=0x0 get=0x0 len=1195 coding=1 startqp=0 meanqp=0 picbytes=0 pskip=0 nalus=1 n1:1195
  snapshot f200: 3 venc_ko blocks (pool0 0x73801000 len 0x10000)
src frame 201: srcf=27 off=808 br=8000
frame 201: send=0x0 get=0x0 len=1234 coding=1 startqp=0 meanqp=0 picbytes=0 pskip=0 nalus=1 n1:1234
  snapshot f201: 3 venc_ko blocks (pool0 0x73801000 len 0x10000)
src frame 202: srcf=28 off=812 br=8000
frame 202: send=0x0 get=0x0 len=1359 coding=1 startqp=0 meanqp=0 picbytes=0 pskip=0 nalus=1 n1:1359
  snapshot f202: 3 venc_ko blocks (pool0 0x73801000 len 0x10000)
src frame 203: srcf=29 off=816 br=8000
frame 203: send=0x0 get=0x0 len=1655 coding=1 startqp=0 meanqp=0 picbytes=0 pskip=0 nalus=1 n1:1655
  snapshot f203: 3 venc_ko blocks (pool0 0x73801000 len 0x10000)
src frame 204: srcf=28 off=820 br=8000
frame 204: send=0x0 get=0x0 len=1812 coding=1 startqp=0 meanqp=0 picbytes=0 pskip=0 nalus=1 n1:1812
  snapshot f204: 3 venc_ko blocks (pool0 0x73801000 len 0x10000)
src frame 205: srcf=27 off=824 br=8000
frame 205: send=0x0 get=0x0 len=1449 coding=1 startqp=0 meanqp=0 picbytes=0 pskip=0 nalus=1 n1:1449
  snapshot f205: 3 venc_ko blocks (pool0 0x73801000 len 0x10000)
src frame 206: srcf=26 off=828 br=8000
frame 206: send=0x0 get=0x0 len=1193 coding=1 startqp=0 meanqp=0 picbytes=0 pskip=0 nalus=1 n1:1193
  snapshot f206: 3 venc_ko blocks (pool0 0x73801000 len 0x10000)
src frame 207: srcf=25 off=832 br=8000
frame 207: send=0x0 get=0x0 len=1184 coding=1 startqp=0 meanqp=0 picbytes=0 pskip=0 nalus=1 n1:1184
  snapshot f207: 3 venc_ko blocks (pool0 0x73801000 len 0x10000)
src frame 208: srcf=24 off=836 br=8000
frame 208: send=0x0 get=0x0 len=1277 coding=1 startqp=0 meanqp=0 picbytes=0 pskip=0 nalus=1 n1:1277
  snapshot f208: 3 venc_ko blocks (pool0 0x73801000 len 0x10000)
src frame 209: srcf=23 off=840 br=8000
frame 209: send=0x0 get=0x0 len=1200 coding=1 startqp=0 meanqp=0 picbytes=0 pskip=0 nalus=1 n1:1200
  snapshot f209: 3 venc_ko blocks (pool0 0x73801000 len 0x10000)
src frame 210: srcf=22 off=844 br=8000
frame 210: send=0x0 get=0x0 len=83275 coding=0 startqp=0 meanqp=0 picbytes=0 pskip=0 nalus=3 n7:32 n8:8 n5:83235
  snapshot f210: 3 venc_ko blocks (pool0 0x73801000 len 0x10000)
src frame 211: srcf=21 off=848 br=8000
frame 211: send=0x0 get=0x0 len=2681 coding=1 startqp=0 meanqp=0 picbytes=0 pskip=0 nalus=1 n1:2681
  snapshot f211: 3 venc_ko blocks (pool0 0x73801000 len 0x10000)
src frame 212: srcf=20 off=852 br=8000
frame 212: send=0x0 get=0x0 len=2275 coding=1 startqp=0 meanqp=0 picbytes=0 pskip=0 nalus=1 n1:2275
  snapshot f212: 3 venc_ko blocks (pool0 0x73801000 len 0x10000)
src frame 213: srcf=19 off=856 br=8000
frame 213: send=0x0 get=0x0 len=2735 coding=1 startqp=0 meanqp=0 picbytes=0 pskip=0 nalus=1 n1:2735
  snapshot f213: 3 venc_ko blocks (pool0 0x73801000 len 0x10000)
src frame 214: srcf=18 off=860 br=8000
frame 214: send=0x0 get=0x0 len=2499 coding=1 startqp=0 meanqp=0 picbytes=0 pskip=0 nalus=1 n1:2499
  snapshot f214: 3 venc_ko blocks (pool0 0x73801000 len 0x10000)
src frame 215: srcf=17 off=864 br=8000
frame 215: send=0x0 get=0x0 len=1943 coding=1 startqp=0 meanqp=0 picbytes=0 pskip=0 nalus=1 n1:1943
  snapshot f215: 3 venc_ko blocks (pool0 0x73801000 len 0x10000)
src frame 216: srcf=16 off=868 br=8000
frame 216: send=0x0 get=0x0 len=1638 coding=1 startqp=0 meanqp=0 picbytes=0 pskip=0 nalus=1 n1:1638
  snapshot f216: 3 venc_ko blocks (pool0 0x73801000 len 0x10000)
src frame 217: srcf=15 off=872 br=8000
frame 217: send=0x0 get=0x0 len=1460 coding=1 startqp=0 meanqp=0 picbytes=0 pskip=0 nalus=1 n1:1460
  snapshot f217: 3 venc_ko blocks (pool0 0x73801000 len 0x10000)
src frame 218: srcf=14 off=876 br=8000
frame 218: send=0x0 get=0x0 len=1211 coding=1 startqp=0 meanqp=0 picbytes=0 pskip=0 nalus=1 n1:1211
  snapshot f218: 3 venc_ko blocks (pool0 0x73801000 len 0x10000)
src frame 219: srcf=13 off=880 br=8000
frame 219: send=0x0 get=0x0 len=1159 coding=1 startqp=0 meanqp=0 picbytes=0 pskip=0 nalus=1 n1:1159
  snapshot f219: 3 venc_ko blocks (pool0 0x73801000 len 0x10000)
src frame 220: srcf=12 off=884 br=8000
frame 220: send=0x0 get=0x0 len=1313 coding=1 startqp=0 meanqp=0 picbytes=0 pskip=0 nalus=1 n1:1313
  snapshot f220: 3 venc_ko blocks (pool0 0x73801000 len 0x10000)
src frame 221: srcf=11 off=888 br=8000
frame 221: send=0x0 get=0x0 len=1607 coding=1 startqp=0 meanqp=0 picbytes=0 pskip=0 nalus=1 n1:1607
  snapshot f221: 3 venc_ko blocks (pool0 0x73801000 len 0x10000)
src frame 222: srcf=10 off=892 br=8000
frame 222: send=0x0 get=0x0 len=2047 coding=1 startqp=0 meanqp=0 picbytes=0 pskip=0 nalus=1 n1:2047
  snapshot f222: 3 venc_ko blocks (pool0 0x73801000 len 0x10000)
src frame 223: srcf=9 off=896 br=8000
frame 223: send=0x0 get=0x0 len=2221 coding=1 startqp=0 meanqp=0 picbytes=0 pskip=0 nalus=1 n1:2221
  snapshot f223: 3 venc_ko blocks (pool0 0x73801000 len 0x10000)
src frame 224: srcf=8 off=900 br=8000
frame 224: send=0x0 get=0x0 len=2058 coding=1 startqp=0 meanqp=0 picbytes=0 pskip=0 nalus=1 n1:2058
  snapshot f224: 3 venc_ko blocks (pool0 0x73801000 len 0x10000)
src frame 225: srcf=7 off=904 br=8000
frame 225: send=0x0 get=0x0 len=1503 coding=1 startqp=0 meanqp=0 picbytes=0 pskip=0 nalus=1 n1:1503
  snapshot f225: 3 venc_ko blocks (pool0 0x73801000 len 0x10000)
src frame 226: srcf=6 off=908 br=8000
frame 226: send=0x0 get=0x0 len=1181 coding=1 startqp=0 meanqp=0 picbytes=0 pskip=0 nalus=1 n1:1181
  snapshot f226: 3 venc_ko blocks (pool0 0x73801000 len 0x10000)
src frame 227: srcf=5 off=912 br=8000
frame 227: send=0x0 get=0x0 len=1142 coding=1 startqp=0 meanqp=0 picbytes=0 pskip=0 nalus=1 n1:1142
  snapshot f227: 3 venc_ko blocks (pool0 0x73801000 len 0x10000)
src frame 228: srcf=4 off=916 br=8000
frame 228: send=0x0 get=0x0 len=1231 coding=1 startqp=0 meanqp=0 picbytes=0 pskip=0 nalus=1 n1:1231
  snapshot f228: 3 venc_ko blocks (pool0 0x73801000 len 0x10000)
src frame 229: srcf=3 off=920 br=8000
frame 229: send=0x0 get=0x0 len=1225 coding=1 startqp=0 meanqp=0 picbytes=0 pskip=0 nalus=1 n1:1225
  snapshot f229: 3 venc_ko blocks (pool0 0x73801000 len 0x10000)
src frame 230: srcf=2 off=924 br=8000
frame 230: send=0x0 get=0x0 len=1304 coding=1 startqp=0 meanqp=0 picbytes=0 pskip=0 nalus=1 n1:1304
  snapshot f230: 3 venc_ko blocks (pool0 0x73801000 len 0x10000)
src frame 231: srcf=1 off=928 br=8000
frame 231: send=0x0 get=0x0 len=1605 coding=1 startqp=0 meanqp=0 picbytes=0 pskip=0 nalus=1 n1:1605
  snapshot f231: 3 venc_ko blocks (pool0 0x73801000 len 0x10000)
src frame 232: srcf=0 off=932 br=8000
frame 232: send=0x0 get=0x0 len=1923 coding=1 startqp=0 meanqp=0 picbytes=0 pskip=0 nalus=1 n1:1923
  snapshot f232: 3 venc_ko blocks (pool0 0x73801000 len 0x10000)
src frame 233: srcf=1 off=936 br=8000
frame 233: send=0x0 get=0x0 len=2060 coding=1 startqp=0 meanqp=0 picbytes=0 pskip=0 nalus=1 n1:2060
  snapshot f233: 3 venc_ko blocks (pool0 0x73801000 len 0x10000)
src frame 234: srcf=2 off=940 br=8000
frame 234: send=0x0 get=0x0 len=1283 coding=1 startqp=0 meanqp=0 picbytes=0 pskip=0 nalus=1 n1:1283
  snapshot f234: 3 venc_ko blocks (pool0 0x73801000 len 0x10000)
src frame 235: srcf=3 off=944 br=8000
frame 235: send=0x0 get=0x0 len=1225 coding=1 startqp=0 meanqp=0 picbytes=0 pskip=0 nalus=1 n1:1225
  snapshot f235: 3 venc_ko blocks (pool0 0x73801000 len 0x10000)
src frame 236: srcf=4 off=948 br=8000
frame 236: send=0x0 get=0x0 len=1241 coding=1 startqp=0 meanqp=0 picbytes=0 pskip=0 nalus=1 n1:1241
  snapshot f236: 3 venc_ko blocks (pool0 0x73801000 len 0x10000)
src frame 237: srcf=5 off=952 br=8000
frame 237: send=0x0 get=0x0 len=1206 coding=1 startqp=0 meanqp=0 picbytes=0 pskip=0 nalus=1 n1:1206
  snapshot f237: 3 venc_ko blocks (pool0 0x73801000 len 0x10000)
src frame 238: srcf=6 off=956 br=8000
frame 238: send=0x0 get=0x0 len=1134 coding=1 startqp=0 meanqp=0 picbytes=0 pskip=0 nalus=1 n1:1134
  snapshot f238: 3 venc_ko blocks (pool0 0x73801000 len 0x10000)
src frame 239: srcf=7 off=960 br=8000
frame 239: send=0x0 get=0x0 len=1250 coding=1 startqp=0 meanqp=0 picbytes=0 pskip=0 nalus=1 n1:1250
  snapshot f239: 3 venc_ko blocks (pool0 0x73801000 len 0x10000)
---- /proc/ax_proc/venc ----
-------- VENC VERSION ------------------------
[Axera version]: ax_venc V3.0.0_20250319114413 Mar 19 2025 11:58:34 JK

-------- MODULE PARAM ------------------------
MaxChnNum   MaxRoiNum   MaxProcNum  
16          8           16          

-------- VENC CHN ATTR 1 ------------------------
ID    Type    wSrc    hSrc    Strd0   Strd1   maxW    maxH    PixFmt  link  InFifoDep    OutFifoDep   InDbgFifoLen InDbgFifoDep StrmBufSize(KB)
7     h264    1920    1080    3840    0       1920    1080    YUYV422 N     2            2            0            4            4114      
-------- VENC CHN ATTR 2 ------------------------
ID    [CropEn StartX  StartY  CropW   CropH]  Rotation  EncW    EncH    FrmSize      PTS          SeqNum       CompMode     CompLevel    PhyAddr0     PhyAddr1     PhyAddr2     
7     N       0       0       0       0       0         1920    1080    4147200      3283333      198          NONE         0            742d1000     0            0            
-------- VENC RC ATTR 1 ------------------------
ID    RcMode    SrcFr   DstFr   Br(kbps)  MinQp   MaxQp   MinIQp  MaxIQp  IQpDelta  IpropMax   IpropMin   StartQp    QpDltRng   DeBrQpDlt  SvcEn   ChgPos  StillPercent MaxStillQp 
7     VBR       60.00   60.00   8000      10      51      10      51      0         -          -          -1         2          0          False   90      -            -          
-------- VENC RC ATTR 2  -----------------------
ID    QMapQpType  QMapUnit    QMapBlkType IQp   PQp   MinQpDelta MaxQpDelta MaxBitRate shtStaTime ltStaTime  ltMinBr  ltMaxBr  Br_ST(kbps)    Br_LT(kbps)    
7     N/A         64x64       N/A         -     -     -          -          -          -          -          -        -        -              -              
-------- VENC GOP ATTR  ------------------------
ID    GopMode   Gop   GopVI 
7     NormalP   30    0     
-------- VENC STATUS 1 -------------------------
ID    RJEn         RJThr(bps)   RJMode       RJEncGaps    SupFrmEn     SupPri       SupThrI      SupThrP      SplitEn      SliceNum     Range(In)    Range(out)   
7     N            0            Normal       0            N            0            500000       500000       N            0            Full         Full         
-------- VENC STATUS 2 -------------------------
ID    ChnStat   FrmRecv   FrmRls    FrmEnc    FrmDrop   FrmDup    EncFail   MissMatch StrmGet   StrmRls   OutFps    RealBr    ReEncCnt  DropCnt   BlkFail   GrpID     PID     TID     ThNum   RefInc    RefDec    Fail1   Fail2   Fail3   Fail4   
7     STARTED   198       198       198       0         0         0         0         198       197       50.00     2007.33   0         0         0         -1        130128  130132  1       198       198       0       0       0       0       
-------- VENC HW STATUS  ------------------------
ID    OverFlow     TimeOut      
7     0            0            
-------- VENC ROI INFO  ------------------------
ID    Index        bEnable      bAbsQp       RoiQP        Width        Height       StartX       StartY       
done h264_vbr8000
rc=0
== h264_vbr8000: codec=h264 rc=vbr br=8000 fps=60 gop=30 frames=240 total=1192092 B achieved=2384 kbps
I frames (frame:qp/bytes): 0:32/30428 30:13/74596 60:10/84141 90:10/83593 120:10/84198 150:10/83382 180:10/83945 210:10/83275
first P after each I (frame:qp): 1:32 31:12 61:10 91:10 121:10 151:10 181:10 211:10
per-GOP: gop#: kbps I_qp P_qp[min..max] P_qp_last
  0: 3572 kbps I=[32] P=[10..32] last=10 n=30
  1: 2352 kbps I=[13] P=[10..12] last=10 n=30
  2: 2289 kbps I=[10] P=[10..10] last=10 n=30
  3: 2298 kbps I=[10] P=[10..10] last=10 n=30
  4: 2257 kbps I=[10] P=[10..10] last=10 n=30
  5: 2157 kbps I=[10] P=[10..10] last=10 n=30
  6: 2058 kbps I=[10] P=[10..10] last=10 n=30
  7: 2090 kbps I=[10] P=[10..10] last=10 n=30
P->P QP step histogram: -2:2 -1:20 +0:202
I->firstP QP delta: +0 -1 +0 +0 +0 +0 +0 +0
sw7 frame-QP == slice QP: 240/240 frames with a program agree; mismatches at []
slot flags: {'': 240}
sw105-107 distinct (I): [('0x0', '0x0', '0x0')]
sw172/173 distinct: [('0x14f', '0x662'), ('0x14f', '0x66a')]
sw6 distinct (I / P): ['0x3'] ['0x3']
=== h264_vbr16000: codec=h264 rc=vbr br=16000 nframes=240 src=/root/rc65/clips/static.yuyv motion=vscroll mstep=4
# vdrive tag=h264_vbr16000 codec=h264 1920x1080 rc=vbr br=16000 fps=60/60 gop=30 gopmode=normalp ltrint=0 ltrqpo=0 iqp=32 pqp=32 profile=10 level=51 tier=0 qp[10..51] iqp[10..51] iqd=0 firstqp=-1 iprop[10..40] idrrange=2 stattime=1 vq=0 ir=0/0 slice=0 debreath=0 scd=-1 rowqpd=-1 vui=-1 move=0 nframes=240
src=/root/rc65/clips/static.yuyv frames=30 loop=pingpong motion=vscroll mstep=4 window=0..-1
AX_SYS_Init rc=0x0
AX_VENC_Init rc=0x0
AX_VENC_CreateChn(7) rc=0x0
StartRecvFrame rc=0x0
AX_POOL_CreatePool id=0x0
blk=0x5e000000 phys=0x742d1000 virt=0xffff831a5000
frame: modid=0x11 stride=1920 fmt=0xd
  snapshot pre: 3 venc_ko blocks (pool0 0x73801000 len 0x10000)
src frame 0: srcf=0 off=4 br=16000
frame 0: send=0x0 get=0x0 len=41888 coding=0 startqp=0 meanqp=0 picbytes=0 pskip=0 nalus=3 n7:32 n8:8 n5:41848
  snapshot f000: 3 venc_ko blocks (pool0 0x73801000 len 0x10000)
src frame 1: srcf=1 off=8 br=16000
frame 1: send=0x0 get=0x0 len=4123 coding=1 startqp=0 meanqp=0 picbytes=0 pskip=0 nalus=1 n1:4123
  snapshot f001: 3 venc_ko blocks (pool0 0x73801000 len 0x10000)
src frame 2: srcf=2 off=12 br=16000
frame 2: send=0x0 get=0x0 len=3897 coding=1 startqp=0 meanqp=0 picbytes=0 pskip=0 nalus=1 n1:3897
  snapshot f002: 3 venc_ko blocks (pool0 0x73801000 len 0x10000)
src frame 3: srcf=3 off=16 br=16000
frame 3: send=0x0 get=0x0 len=6420 coding=1 startqp=0 meanqp=0 picbytes=0 pskip=0 nalus=1 n1:6420
  snapshot f003: 3 venc_ko blocks (pool0 0x73801000 len 0x10000)
src frame 4: srcf=4 off=20 br=16000
frame 4: send=0x0 get=0x0 len=7897 coding=1 startqp=0 meanqp=0 picbytes=0 pskip=0 nalus=1 n1:7897
  snapshot f004: 3 venc_ko blocks (pool0 0x73801000 len 0x10000)
src frame 5: srcf=5 off=24 br=16000
frame 5: send=0x0 get=0x0 len=6987 coding=1 startqp=0 meanqp=0 picbytes=0 pskip=0 nalus=1 n1:6987
  snapshot f005: 3 venc_ko blocks (pool0 0x73801000 len 0x10000)
src frame 6: srcf=6 off=28 br=16000
frame 6: send=0x0 get=0x0 len=8163 coding=1 startqp=0 meanqp=0 picbytes=0 pskip=0 nalus=1 n1:8163
  snapshot f006: 3 venc_ko blocks (pool0 0x73801000 len 0x10000)
src frame 7: srcf=7 off=32 br=16000
frame 7: send=0x0 get=0x0 len=8850 coding=1 startqp=0 meanqp=0 picbytes=0 pskip=0 nalus=1 n1:8850
  snapshot f007: 3 venc_ko blocks (pool0 0x73801000 len 0x10000)
src frame 8: srcf=8 off=36 br=16000
frame 8: send=0x0 get=0x0 len=8200 coding=1 startqp=0 meanqp=0 picbytes=0 pskip=0 nalus=1 n1:8200
  snapshot f008: 3 venc_ko blocks (pool0 0x73801000 len 0x10000)
src frame 9: srcf=9 off=40 br=16000
frame 9: send=0x0 get=0x0 len=8457 coding=1 startqp=0 meanqp=0 picbytes=0 pskip=0 nalus=1 n1:8457
  snapshot f009: 3 venc_ko blocks (pool0 0x73801000 len 0x10000)
src frame 10: srcf=10 off=44 br=16000
frame 10: send=0x0 get=0x0 len=8192 coding=1 startqp=0 meanqp=0 picbytes=0 pskip=0 nalus=1 n1:8192
  snapshot f010: 3 venc_ko blocks (pool0 0x73801000 len 0x10000)
src frame 11: srcf=11 off=48 br=16000
frame 11: send=0x0 get=0x0 len=8761 coding=1 startqp=0 meanqp=0 picbytes=0 pskip=0 nalus=1 n1:8761
  snapshot f011: 3 venc_ko blocks (pool0 0x73801000 len 0x10000)
src frame 12: srcf=12 off=52 br=16000
frame 12: send=0x0 get=0x0 len=9679 coding=1 startqp=0 meanqp=0 picbytes=0 pskip=0 nalus=1 n1:9679
  snapshot f012: 3 venc_ko blocks (pool0 0x73801000 len 0x10000)
src frame 13: srcf=13 off=56 br=16000
frame 13: send=0x0 get=0x0 len=9734 coding=1 startqp=0 meanqp=0 picbytes=0 pskip=0 nalus=1 n1:9734
  snapshot f013: 3 venc_ko blocks (pool0 0x73801000 len 0x10000)
src frame 14: srcf=14 off=60 br=16000
frame 14: send=0x0 get=0x0 len=10204 coding=1 startqp=0 meanqp=0 picbytes=0 pskip=0 nalus=1 n1:10204
  snapshot f014: 3 venc_ko blocks (pool0 0x73801000 len 0x10000)
src frame 15: srcf=15 off=64 br=16000
frame 15: send=0x0 get=0x0 len=8430 coding=1 startqp=0 meanqp=0 picbytes=0 pskip=0 nalus=1 n1:8430
  snapshot f015: 3 venc_ko blocks (pool0 0x73801000 len 0x10000)
src frame 16: srcf=16 off=68 br=16000
frame 16: send=0x0 get=0x0 len=5024 coding=1 startqp=0 meanqp=0 picbytes=0 pskip=0 nalus=1 n1:5024
  snapshot f016: 3 venc_ko blocks (pool0 0x73801000 len 0x10000)
src frame 17: srcf=17 off=72 br=16000
frame 17: send=0x0 get=0x0 len=4393 coding=1 startqp=0 meanqp=0 picbytes=0 pskip=0 nalus=1 n1:4393
  snapshot f017: 3 venc_ko blocks (pool0 0x73801000 len 0x10000)
src frame 18: srcf=18 off=76 br=16000
frame 18: send=0x0 get=0x0 len=4098 coding=1 startqp=0 meanqp=0 picbytes=0 pskip=0 nalus=1 n1:4098
  snapshot f018: 3 venc_ko blocks (pool0 0x73801000 len 0x10000)
src frame 19: srcf=19 off=80 br=16000
frame 19: send=0x0 get=0x0 len=3015 coding=1 startqp=0 meanqp=0 picbytes=0 pskip=0 nalus=1 n1:3015
  snapshot f019: 3 venc_ko blocks (pool0 0x73801000 len 0x10000)
src frame 20: srcf=20 off=84 br=16000
frame 20: send=0x0 get=0x0 len=2501 coding=1 startqp=0 meanqp=0 picbytes=0 pskip=0 nalus=1 n1:2501
  snapshot f020: 3 venc_ko blocks (pool0 0x73801000 len 0x10000)
src frame 21: srcf=21 off=88 br=16000
frame 21: send=0x0 get=0x0 len=2726 coding=1 startqp=0 meanqp=0 picbytes=0 pskip=0 nalus=1 n1:2726
  snapshot f021: 3 venc_ko blocks (pool0 0x73801000 len 0x10000)
src frame 22: srcf=22 off=92 br=16000
frame 22: send=0x0 get=0x0 len=4442 coding=1 startqp=0 meanqp=0 picbytes=0 pskip=0 nalus=1 n1:4442
  snapshot f022: 3 venc_ko blocks (pool0 0x73801000 len 0x10000)
src frame 23: srcf=23 off=96 br=16000
frame 23: send=0x0 get=0x0 len=6053 coding=1 startqp=0 meanqp=0 picbytes=0 pskip=0 nalus=1 n1:6053
  snapshot f023: 3 venc_ko blocks (pool0 0x73801000 len 0x10000)
src frame 24: srcf=24 off=100 br=16000
frame 24: send=0x0 get=0x0 len=7131 coding=1 startqp=0 meanqp=0 picbytes=0 pskip=0 nalus=1 n1:7131
  snapshot f024: 3 venc_ko blocks (pool0 0x73801000 len 0x10000)
src frame 25: srcf=25 off=104 br=16000
frame 25: send=0x0 get=0x0 len=3241 coding=1 startqp=0 meanqp=0 picbytes=0 pskip=0 nalus=1 n1:3241
  snapshot f025: 3 venc_ko blocks (pool0 0x73801000 len 0x10000)
src frame 26: srcf=26 off=108 br=16000
frame 26: send=0x0 get=0x0 len=2345 coding=1 startqp=0 meanqp=0 picbytes=0 pskip=0 nalus=1 n1:2345
  snapshot f026: 3 venc_ko blocks (pool0 0x73801000 len 0x10000)
src frame 27: srcf=27 off=112 br=16000
frame 27: send=0x0 get=0x0 len=2039 coding=1 startqp=0 meanqp=0 picbytes=0 pskip=0 nalus=1 n1:2039
  snapshot f027: 3 venc_ko blocks (pool0 0x73801000 len 0x10000)
src frame 28: srcf=28 off=116 br=16000
frame 28: send=0x0 get=0x0 len=1782 coding=1 startqp=0 meanqp=0 picbytes=0 pskip=0 nalus=1 n1:1782
  snapshot f028: 3 venc_ko blocks (pool0 0x73801000 len 0x10000)
src frame 29: srcf=29 off=120 br=16000
frame 29: send=0x0 get=0x0 len=1576 coding=1 startqp=0 meanqp=0 picbytes=0 pskip=0 nalus=1 n1:1576
  snapshot f029: 3 venc_ko blocks (pool0 0x73801000 len 0x10000)
src frame 30: srcf=28 off=124 br=16000
frame 30: send=0x0 get=0x0 len=80669 coding=0 startqp=0 meanqp=0 picbytes=0 pskip=0 nalus=3 n7:32 n8:8 n5:80629
  snapshot f030: 3 venc_ko blocks (pool0 0x73801000 len 0x10000)
src frame 31: srcf=27 off=128 br=16000
frame 31: send=0x0 get=0x0 len=3475 coding=1 startqp=0 meanqp=0 picbytes=0 pskip=0 nalus=1 n1:3475
  snapshot f031: 3 venc_ko blocks (pool0 0x73801000 len 0x10000)
src frame 32: srcf=26 off=132 br=16000
frame 32: send=0x0 get=0x0 len=3835 coding=1 startqp=0 meanqp=0 picbytes=0 pskip=0 nalus=1 n1:3835
  snapshot f032: 3 venc_ko blocks (pool0 0x73801000 len 0x10000)
src frame 33: srcf=25 off=136 br=16000
frame 33: send=0x0 get=0x0 len=4286 coding=1 startqp=0 meanqp=0 picbytes=0 pskip=0 nalus=1 n1:4286
  snapshot f033: 3 venc_ko blocks (pool0 0x73801000 len 0x10000)
src frame 34: srcf=24 off=140 br=16000
frame 34: send=0x0 get=0x0 len=3796 coding=1 startqp=0 meanqp=0 picbytes=0 pskip=0 nalus=1 n1:3796
  snapshot f034: 3 venc_ko blocks (pool0 0x73801000 len 0x10000)
src frame 35: srcf=23 off=144 br=16000
frame 35: send=0x0 get=0x0 len=3137 coding=1 startqp=0 meanqp=0 picbytes=0 pskip=0 nalus=1 n1:3137
  snapshot f035: 3 venc_ko blocks (pool0 0x73801000 len 0x10000)
src frame 36: srcf=22 off=148 br=16000
frame 36: send=0x0 get=0x0 len=1804 coding=1 startqp=0 meanqp=0 picbytes=0 pskip=0 nalus=1 n1:1804
  snapshot f036: 3 venc_ko blocks (pool0 0x73801000 len 0x10000)
src frame 37: srcf=21 off=152 br=16000
frame 37: send=0x0 get=0x0 len=1672 coding=1 startqp=0 meanqp=0 picbytes=0 pskip=0 nalus=1 n1:1672
  snapshot f037: 3 venc_ko blocks (pool0 0x73801000 len 0x10000)
src frame 38: srcf=20 off=156 br=16000
frame 38: send=0x0 get=0x0 len=1440 coding=1 startqp=0 meanqp=0 picbytes=0 pskip=0 nalus=1 n1:1440
  snapshot f038: 3 venc_ko blocks (pool0 0x73801000 len 0x10000)
src frame 39: srcf=19 off=160 br=16000
frame 39: send=0x0 get=0x0 len=1477 coding=1 startqp=0 meanqp=0 picbytes=0 pskip=0 nalus=1 n1:1477
  snapshot f039: 3 venc_ko blocks (pool0 0x73801000 len 0x10000)
src frame 40: srcf=18 off=164 br=16000
frame 40: send=0x0 get=0x0 len=1765 coding=1 startqp=0 meanqp=0 picbytes=0 pskip=0 nalus=1 n1:1765
  snapshot f040: 3 venc_ko blocks (pool0 0x73801000 len 0x10000)
src frame 41: srcf=17 off=168 br=16000
frame 41: send=0x0 get=0x0 len=2748 coding=1 startqp=0 meanqp=0 picbytes=0 pskip=0 nalus=1 n1:2748
  snapshot f041: 3 venc_ko blocks (pool0 0x73801000 len 0x10000)
src frame 42: srcf=16 off=172 br=16000
frame 42: send=0x0 get=0x0 len=3666 coding=1 startqp=0 meanqp=0 picbytes=0 pskip=0 nalus=1 n1:3666
  snapshot f042: 3 venc_ko blocks (pool0 0x73801000 len 0x10000)
src frame 43: srcf=15 off=176 br=16000
frame 43: send=0x0 get=0x0 len=3991 coding=1 startqp=0 meanqp=0 picbytes=0 pskip=0 nalus=1 n1:3991
  snapshot f043: 3 venc_ko blocks (pool0 0x73801000 len 0x10000)
src frame 44: srcf=14 off=180 br=16000
frame 44: send=0x0 get=0x0 len=2511 coding=1 startqp=0 meanqp=0 picbytes=0 pskip=0 nalus=1 n1:2511
  snapshot f044: 3 venc_ko blocks (pool0 0x73801000 len 0x10000)
src frame 45: srcf=13 off=184 br=16000
frame 45: send=0x0 get=0x0 len=1764 coding=1 startqp=0 meanqp=0 picbytes=0 pskip=0 nalus=1 n1:1764
  snapshot f045: 3 venc_ko blocks (pool0 0x73801000 len 0x10000)
src frame 46: srcf=12 off=188 br=16000
frame 46: send=0x0 get=0x0 len=1446 coding=1 startqp=0 meanqp=0 picbytes=0 pskip=0 nalus=1 n1:1446
  snapshot f046: 3 venc_ko blocks (pool0 0x73801000 len 0x10000)
src frame 47: srcf=11 off=192 br=16000
frame 47: send=0x0 get=0x0 len=1506 coding=1 startqp=0 meanqp=0 picbytes=0 pskip=0 nalus=1 n1:1506
  snapshot f047: 3 venc_ko blocks (pool0 0x73801000 len 0x10000)
src frame 48: srcf=10 off=196 br=16000
frame 48: send=0x0 get=0x0 len=1574 coding=1 startqp=0 meanqp=0 picbytes=0 pskip=0 nalus=1 n1:1574
  snapshot f048: 3 venc_ko blocks (pool0 0x73801000 len 0x10000)
src frame 49: srcf=9 off=200 br=16000
frame 49: send=0x0 get=0x0 len=1565 coding=1 startqp=0 meanqp=0 picbytes=0 pskip=0 nalus=1 n1:1565
  snapshot f049: 3 venc_ko blocks (pool0 0x73801000 len 0x10000)
src frame 50: srcf=8 off=204 br=16000
frame 50: send=0x0 get=0x0 len=1615 coding=1 startqp=0 meanqp=0 picbytes=0 pskip=0 nalus=1 n1:1615
  snapshot f050: 3 venc_ko blocks (pool0 0x73801000 len 0x10000)
src frame 51: srcf=7 off=208 br=16000
frame 51: send=0x0 get=0x0 len=2161 coding=1 startqp=0 meanqp=0 picbytes=0 pskip=0 nalus=1 n1:2161
  snapshot f051: 3 venc_ko blocks (pool0 0x73801000 len 0x10000)
src frame 52: srcf=6 off=212 br=16000
frame 52: send=0x0 get=0x0 len=2499 coding=1 startqp=0 meanqp=0 picbytes=0 pskip=0 nalus=1 n1:2499
  snapshot f052: 3 venc_ko blocks (pool0 0x73801000 len 0x10000)
src frame 53: srcf=5 off=216 br=16000
frame 53: send=0x0 get=0x0 len=2623 coding=1 startqp=0 meanqp=0 picbytes=0 pskip=0 nalus=1 n1:2623
  snapshot f053: 3 venc_ko blocks (pool0 0x73801000 len 0x10000)
src frame 54: srcf=4 off=220 br=16000
frame 54: send=0x0 get=0x0 len=1911 coding=1 startqp=0 meanqp=0 picbytes=0 pskip=0 nalus=1 n1:1911
  snapshot f054: 3 venc_ko blocks (pool0 0x73801000 len 0x10000)
src frame 55: srcf=3 off=224 br=16000
frame 55: send=0x0 get=0x0 len=1413 coding=1 startqp=0 meanqp=0 picbytes=0 pskip=0 nalus=1 n1:1413
  snapshot f055: 3 venc_ko blocks (pool0 0x73801000 len 0x10000)
src frame 56: srcf=2 off=228 br=16000
frame 56: send=0x0 get=0x0 len=1445 coding=1 startqp=0 meanqp=0 picbytes=0 pskip=0 nalus=1 n1:1445
  snapshot f056: 3 venc_ko blocks (pool0 0x73801000 len 0x10000)
src frame 57: srcf=1 off=232 br=16000
frame 57: send=0x0 get=0x0 len=1579 coding=1 startqp=0 meanqp=0 picbytes=0 pskip=0 nalus=1 n1:1579
  snapshot f057: 3 venc_ko blocks (pool0 0x73801000 len 0x10000)
src frame 58: srcf=0 off=236 br=16000
frame 58: send=0x0 get=0x0 len=1485 coding=1 startqp=0 meanqp=0 picbytes=0 pskip=0 nalus=1 n1:1485
  snapshot f058: 3 venc_ko blocks (pool0 0x73801000 len 0x10000)
src frame 59: srcf=1 off=240 br=16000
frame 59: send=0x0 get=0x0 len=1548 coding=1 startqp=0 meanqp=0 picbytes=0 pskip=0 nalus=1 n1:1548
  snapshot f059: 3 venc_ko blocks (pool0 0x73801000 len 0x10000)
src frame 60: srcf=2 off=244 br=16000
frame 60: send=0x0 get=0x0 len=84181 coding=0 startqp=0 meanqp=0 picbytes=0 pskip=0 nalus=3 n7:32 n8:8 n5:84141
  snapshot f060: 3 venc_ko blocks (pool0 0x73801000 len 0x10000)
src frame 61: srcf=3 off=248 br=16000
frame 61: send=0x0 get=0x0 len=3784 coding=1 startqp=0 meanqp=0 picbytes=0 pskip=0 nalus=1 n1:3784
  snapshot f061: 3 venc_ko blocks (pool0 0x73801000 len 0x10000)
src frame 62: srcf=4 off=252 br=16000
frame 62: send=0x0 get=0x0 len=3687 coding=1 startqp=0 meanqp=0 picbytes=0 pskip=0 nalus=1 n1:3687
  snapshot f062: 3 venc_ko blocks (pool0 0x73801000 len 0x10000)
src frame 63: srcf=5 off=256 br=16000
frame 63: send=0x0 get=0x0 len=2892 coding=1 startqp=0 meanqp=0 picbytes=0 pskip=0 nalus=1 n1:2892
  snapshot f063: 3 venc_ko blocks (pool0 0x73801000 len 0x10000)
src frame 64: srcf=6 off=260 br=16000
frame 64: send=0x0 get=0x0 len=2645 coding=1 startqp=0 meanqp=0 picbytes=0 pskip=0 nalus=1 n1:2645
  snapshot f064: 3 venc_ko blocks (pool0 0x73801000 len 0x10000)
src frame 65: srcf=7 off=264 br=16000
frame 65: send=0x0 get=0x0 len=1433 coding=1 startqp=0 meanqp=0 picbytes=0 pskip=0 nalus=1 n1:1433
  snapshot f065: 3 venc_ko blocks (pool0 0x73801000 len 0x10000)
src frame 66: srcf=8 off=268 br=16000
frame 66: send=0x0 get=0x0 len=1427 coding=1 startqp=0 meanqp=0 picbytes=0 pskip=0 nalus=1 n1:1427
  snapshot f066: 3 venc_ko blocks (pool0 0x73801000 len 0x10000)
src frame 67: srcf=9 off=272 br=16000
frame 67: send=0x0 get=0x0 len=1439 coding=1 startqp=0 meanqp=0 picbytes=0 pskip=0 nalus=1 n1:1439
  snapshot f067: 3 venc_ko blocks (pool0 0x73801000 len 0x10000)
src frame 68: srcf=10 off=276 br=16000
frame 68: send=0x0 get=0x0 len=1563 coding=1 startqp=0 meanqp=0 picbytes=0 pskip=0 nalus=1 n1:1563
  snapshot f068: 3 venc_ko blocks (pool0 0x73801000 len 0x10000)
src frame 69: srcf=11 off=280 br=16000
frame 69: send=0x0 get=0x0 len=1563 coding=1 startqp=0 meanqp=0 picbytes=0 pskip=0 nalus=1 n1:1563
  snapshot f069: 3 venc_ko blocks (pool0 0x73801000 len 0x10000)
src frame 70: srcf=12 off=284 br=16000
frame 70: send=0x0 get=0x0 len=1664 coding=1 startqp=0 meanqp=0 picbytes=0 pskip=0 nalus=1 n1:1664
  snapshot f070: 3 venc_ko blocks (pool0 0x73801000 len 0x10000)
src frame 71: srcf=13 off=288 br=16000
frame 71: send=0x0 get=0x0 len=2166 coding=1 startqp=0 meanqp=0 picbytes=0 pskip=0 nalus=1 n1:2166
  snapshot f071: 3 venc_ko blocks (pool0 0x73801000 len 0x10000)
src frame 72: srcf=14 off=292 br=16000
frame 72: send=0x0 get=0x0 len=2423 coding=1 startqp=0 meanqp=0 picbytes=0 pskip=0 nalus=1 n1:2423
  snapshot f072: 3 venc_ko blocks (pool0 0x73801000 len 0x10000)
src frame 73: srcf=15 off=296 br=16000
frame 73: send=0x0 get=0x0 len=2017 coding=1 startqp=0 meanqp=0 picbytes=0 pskip=0 nalus=1 n1:2017
  snapshot f073: 3 venc_ko blocks (pool0 0x73801000 len 0x10000)
src frame 74: srcf=16 off=300 br=16000
frame 74: send=0x0 get=0x0 len=1247 coding=1 startqp=0 meanqp=0 picbytes=0 pskip=0 nalus=1 n1:1247
  snapshot f074: 3 venc_ko blocks (pool0 0x73801000 len 0x10000)
src frame 75: srcf=17 off=304 br=16000
frame 75: send=0x0 get=0x0 len=1380 coding=1 startqp=0 meanqp=0 picbytes=0 pskip=0 nalus=1 n1:1380
  snapshot f075: 3 venc_ko blocks (pool0 0x73801000 len 0x10000)
src frame 76: srcf=18 off=308 br=16000
frame 76: send=0x0 get=0x0 len=1636 coding=1 startqp=0 meanqp=0 picbytes=0 pskip=0 nalus=1 n1:1636
  snapshot f076: 3 venc_ko blocks (pool0 0x73801000 len 0x10000)
src frame 77: srcf=19 off=312 br=16000
frame 77: send=0x0 get=0x0 len=1542 coding=1 startqp=0 meanqp=0 picbytes=0 pskip=0 nalus=1 n1:1542
  snapshot f077: 3 venc_ko blocks (pool0 0x73801000 len 0x10000)
src frame 78: srcf=20 off=316 br=16000
frame 78: send=0x0 get=0x0 len=1668 coding=1 startqp=0 meanqp=0 picbytes=0 pskip=0 nalus=1 n1:1668
  snapshot f078: 3 venc_ko blocks (pool0 0x73801000 len 0x10000)
src frame 79: srcf=21 off=320 br=16000
frame 79: send=0x0 get=0x0 len=2233 coding=1 startqp=0 meanqp=0 picbytes=0 pskip=0 nalus=1 n1:2233
  snapshot f079: 3 venc_ko blocks (pool0 0x73801000 len 0x10000)
src frame 80: srcf=22 off=324 br=16000
frame 80: send=0x0 get=0x0 len=2844 coding=1 startqp=0 meanqp=0 picbytes=0 pskip=0 nalus=1 n1:2844
  snapshot f080: 3 venc_ko blocks (pool0 0x73801000 len 0x10000)
src frame 81: srcf=23 off=328 br=16000
frame 81: send=0x0 get=0x0 len=3344 coding=1 startqp=0 meanqp=0 picbytes=0 pskip=0 nalus=1 n1:3344
  snapshot f081: 3 venc_ko blocks (pool0 0x73801000 len 0x10000)
src frame 82: srcf=24 off=332 br=16000
frame 82: send=0x0 get=0x0 len=2928 coding=1 startqp=0 meanqp=0 picbytes=0 pskip=0 nalus=1 n1:2928
  snapshot f082: 3 venc_ko blocks (pool0 0x73801000 len 0x10000)
src frame 83: srcf=25 off=336 br=16000
frame 83: send=0x0 get=0x0 len=1805 coding=1 startqp=0 meanqp=0 picbytes=0 pskip=0 nalus=1 n1:1805
  snapshot f083: 3 venc_ko blocks (pool0 0x73801000 len 0x10000)
src frame 84: srcf=26 off=340 br=16000
frame 84: send=0x0 get=0x0 len=1635 coding=1 startqp=0 meanqp=0 picbytes=0 pskip=0 nalus=1 n1:1635
  snapshot f084: 3 venc_ko blocks (pool0 0x73801000 len 0x10000)
src frame 85: srcf=27 off=344 br=16000
frame 85: send=0x0 get=0x0 len=1299 coding=1 startqp=0 meanqp=0 picbytes=0 pskip=0 nalus=1 n1:1299
  snapshot f085: 3 venc_ko blocks (pool0 0x73801000 len 0x10000)
src frame 86: srcf=28 off=348 br=16000
frame 86: send=0x0 get=0x0 len=1371 coding=1 startqp=0 meanqp=0 picbytes=0 pskip=0 nalus=1 n1:1371
  snapshot f086: 3 venc_ko blocks (pool0 0x73801000 len 0x10000)
src frame 87: srcf=29 off=352 br=16000
frame 87: send=0x0 get=0x0 len=1537 coding=1 startqp=0 meanqp=0 picbytes=0 pskip=0 nalus=1 n1:1537
  snapshot f087: 3 venc_ko blocks (pool0 0x73801000 len 0x10000)
src frame 88: srcf=28 off=356 br=16000
frame 88: send=0x0 get=0x0 len=1797 coding=1 startqp=0 meanqp=0 picbytes=0 pskip=0 nalus=1 n1:1797
  snapshot f088: 3 venc_ko blocks (pool0 0x73801000 len 0x10000)
src frame 89: srcf=27 off=360 br=16000
frame 89: send=0x0 get=0x0 len=2128 coding=1 startqp=0 meanqp=0 picbytes=0 pskip=0 nalus=1 n1:2128
  snapshot f089: 3 venc_ko blocks (pool0 0x73801000 len 0x10000)
src frame 90: srcf=26 off=364 br=16000
frame 90: send=0x0 get=0x0 len=83593 coding=0 startqp=0 meanqp=0 picbytes=0 pskip=0 nalus=3 n7:32 n8:8 n5:83553
  snapshot f090: 3 venc_ko blocks (pool0 0x73801000 len 0x10000)
src frame 91: srcf=25 off=368 br=16000
frame 91: send=0x0 get=0x0 len=3890 coding=1 startqp=0 meanqp=0 picbytes=0 pskip=0 nalus=1 n1:3890
  snapshot f091: 3 venc_ko blocks (pool0 0x73801000 len 0x10000)
src frame 92: srcf=24 off=372 br=16000
frame 92: send=0x0 get=0x0 len=2984 coding=1 startqp=0 meanqp=0 picbytes=0 pskip=0 nalus=1 n1:2984
  snapshot f092: 3 venc_ko blocks (pool0 0x73801000 len 0x10000)
src frame 93: srcf=23 off=376 br=16000
frame 93: send=0x0 get=0x0 len=2147 coding=1 startqp=0 meanqp=0 picbytes=0 pskip=0 nalus=1 n1:2147
  snapshot f093: 3 venc_ko blocks (pool0 0x73801000 len 0x10000)
src frame 94: srcf=22 off=380 br=16000
frame 94: send=0x0 get=0x0 len=1735 coding=1 startqp=0 meanqp=0 picbytes=0 pskip=0 nalus=1 n1:1735
  snapshot f094: 3 venc_ko blocks (pool0 0x73801000 len 0x10000)
src frame 95: srcf=21 off=384 br=16000
frame 95: send=0x0 get=0x0 len=1430 coding=1 startqp=0 meanqp=0 picbytes=0 pskip=0 nalus=1 n1:1430
  snapshot f095: 3 venc_ko blocks (pool0 0x73801000 len 0x10000)
src frame 96: srcf=20 off=388 br=16000
frame 96: send=0x0 get=0x0 len=1330 coding=1 startqp=0 meanqp=0 picbytes=0 pskip=0 nalus=1 n1:1330
  snapshot f096: 3 venc_ko blocks (pool0 0x73801000 len 0x10000)
src frame 97: srcf=19 off=392 br=16000
frame 97: send=0x0 get=0x0 len=1312 coding=1 startqp=0 meanqp=0 picbytes=0 pskip=0 nalus=1 n1:1312
  snapshot f097: 3 venc_ko blocks (pool0 0x73801000 len 0x10000)
src frame 98: srcf=18 off=396 br=16000
frame 98: send=0x0 get=0x0 len=1553 coding=1 startqp=0 meanqp=0 picbytes=0 pskip=0 nalus=1 n1:1553
  snapshot f098: 3 venc_ko blocks (pool0 0x73801000 len 0x10000)
src frame 99: srcf=17 off=400 br=16000
frame 99: send=0x0 get=0x0 len=1992 coding=1 startqp=0 meanqp=0 picbytes=0 pskip=0 nalus=1 n1:1992
  snapshot f099: 3 venc_ko blocks (pool0 0x73801000 len 0x10000)
src frame 100: srcf=16 off=404 br=16000
frame 100: send=0x0 get=0x0 len=2211 coding=1 startqp=0 meanqp=0 picbytes=0 pskip=0 nalus=1 n1:2211
  snapshot f100: 3 venc_ko blocks (pool0 0x73801000 len 0x10000)
src frame 101: srcf=15 off=408 br=16000
frame 101: send=0x0 get=0x0 len=2219 coding=1 startqp=0 meanqp=0 picbytes=0 pskip=0 nalus=1 n1:2219
  snapshot f101: 3 venc_ko blocks (pool0 0x73801000 len 0x10000)
src frame 102: srcf=14 off=412 br=16000
frame 102: send=0x0 get=0x0 len=2346 coding=1 startqp=0 meanqp=0 picbytes=0 pskip=0 nalus=1 n1:2346
  snapshot f102: 3 venc_ko blocks (pool0 0x73801000 len 0x10000)
src frame 103: srcf=13 off=416 br=16000
frame 103: send=0x0 get=0x0 len=2809 coding=1 startqp=0 meanqp=0 picbytes=0 pskip=0 nalus=1 n1:2809
  snapshot f103: 3 venc_ko blocks (pool0 0x73801000 len 0x10000)
src frame 104: srcf=12 off=420 br=16000
frame 104: send=0x0 get=0x0 len=1657 coding=1 startqp=0 meanqp=0 picbytes=0 pskip=0 nalus=1 n1:1657
  snapshot f104: 3 venc_ko blocks (pool0 0x73801000 len 0x10000)
src frame 105: srcf=11 off=424 br=16000
frame 105: send=0x0 get=0x0 len=1349 coding=1 startqp=0 meanqp=0 picbytes=0 pskip=0 nalus=1 n1:1349
  snapshot f105: 3 venc_ko blocks (pool0 0x73801000 len 0x10000)
src frame 106: srcf=10 off=428 br=16000
frame 106: send=0x0 get=0x0 len=1485 coding=1 startqp=0 meanqp=0 picbytes=0 pskip=0 nalus=1 n1:1485
  snapshot f106: 3 venc_ko blocks (pool0 0x73801000 len 0x10000)
src frame 107: srcf=9 off=432 br=16000
frame 107: send=0x0 get=0x0 len=1863 coding=1 startqp=0 meanqp=0 picbytes=0 pskip=0 nalus=1 n1:1863
  snapshot f107: 3 venc_ko blocks (pool0 0x73801000 len 0x10000)
src frame 108: srcf=8 off=436 br=16000
frame 108: send=0x0 get=0x0 len=1992 coding=1 startqp=0 meanqp=0 picbytes=0 pskip=0 nalus=1 n1:1992
  snapshot f108: 3 venc_ko blocks (pool0 0x73801000 len 0x10000)
src frame 109: srcf=7 off=440 br=16000
frame 109: send=0x0 get=0x0 len=2094 coding=1 startqp=0 meanqp=0 picbytes=0 pskip=0 nalus=1 n1:2094
  snapshot f109: 3 venc_ko blocks (pool0 0x73801000 len 0x10000)
src frame 110: srcf=6 off=444 br=16000
frame 110: send=0x0 get=0x0 len=2348 coding=1 startqp=0 meanqp=0 picbytes=0 pskip=0 nalus=1 n1:2348
  snapshot f110: 3 venc_ko blocks (pool0 0x73801000 len 0x10000)
src frame 111: srcf=5 off=448 br=16000
frame 111: send=0x0 get=0x0 len=2933 coding=1 startqp=0 meanqp=0 picbytes=0 pskip=0 nalus=1 n1:2933
  snapshot f111: 3 venc_ko blocks (pool0 0x73801000 len 0x10000)
src frame 112: srcf=4 off=452 br=16000
frame 112: send=0x0 get=0x0 len=2801 coding=1 startqp=0 meanqp=0 picbytes=0 pskip=0 nalus=1 n1:2801
  snapshot f112: 3 venc_ko blocks (pool0 0x73801000 len 0x10000)
src frame 113: srcf=3 off=456 br=16000
frame 113: send=0x0 get=0x0 len=3283 coding=1 startqp=0 meanqp=0 picbytes=0 pskip=0 nalus=1 n1:3283
  snapshot f113: 3 venc_ko blocks (pool0 0x73801000 len 0x10000)
src frame 114: srcf=2 off=460 br=16000
frame 114: send=0x0 get=0x0 len=1377 coding=1 startqp=0 meanqp=0 picbytes=0 pskip=0 nalus=1 n1:1377
  snapshot f114: 3 venc_ko blocks (pool0 0x73801000 len 0x10000)
src frame 115: srcf=1 off=464 br=16000
frame 115: send=0x0 get=0x0 len=1419 coding=1 startqp=0 meanqp=0 picbytes=0 pskip=0 nalus=1 n1:1419
  snapshot f115: 3 venc_ko blocks (pool0 0x73801000 len 0x10000)
src frame 116: srcf=0 off=468 br=16000
frame 116: send=0x0 get=0x0 len=1403 coding=1 startqp=0 meanqp=0 picbytes=0 pskip=0 nalus=1 n1:1403
  snapshot f116: 3 venc_ko blocks (pool0 0x73801000 len 0x10000)
src frame 117: srcf=1 off=472 br=16000
frame 117: send=0x0 get=0x0 len=1759 coding=1 startqp=0 meanqp=0 picbytes=0 pskip=0 nalus=1 n1:1759
  snapshot f117: 3 venc_ko blocks (pool0 0x73801000 len 0x10000)
src frame 118: srcf=2 off=476 br=16000
frame 118: send=0x0 get=0x0 len=1999 coding=1 startqp=0 meanqp=0 picbytes=0 pskip=0 nalus=1 n1:1999
  snapshot f118: 3 venc_ko blocks (pool0 0x73801000 len 0x10000)
src frame 119: srcf=3 off=480 br=16000
frame 119: send=0x0 get=0x0 len=2313 coding=1 startqp=0 meanqp=0 picbytes=0 pskip=0 nalus=1 n1:2313
  snapshot f119: 3 venc_ko blocks (pool0 0x73801000 len 0x10000)
src frame 120: srcf=4 off=484 br=16000
frame 120: send=0x0 get=0x0 len=84198 coding=0 startqp=0 meanqp=0 picbytes=0 pskip=0 nalus=3 n7:32 n8:8 n5:84158
  snapshot f120: 3 venc_ko blocks (pool0 0x73801000 len 0x10000)
src frame 121: srcf=5 off=488 br=16000
frame 121: send=0x0 get=0x0 len=3731 coding=1 startqp=0 meanqp=0 picbytes=0 pskip=0 nalus=1 n1:3731
  snapshot f121: 3 venc_ko blocks (pool0 0x73801000 len 0x10000)
src frame 122: srcf=6 off=492 br=16000
frame 122: send=0x0 get=0x0 len=2949 coding=1 startqp=0 meanqp=0 picbytes=0 pskip=0 nalus=1 n1:2949
  snapshot f122: 3 venc_ko blocks (pool0 0x73801000 len 0x10000)
src frame 123: srcf=7 off=496 br=16000
frame 123: send=0x0 get=0x0 len=2062 coding=1 startqp=0 meanqp=0 picbytes=0 pskip=0 nalus=1 n1:2062
  snapshot f123: 3 venc_ko blocks (pool0 0x73801000 len 0x10000)
src frame 124: srcf=8 off=500 br=16000
frame 124: send=0x0 get=0x0 len=1775 coding=1 startqp=0 meanqp=0 picbytes=0 pskip=0 nalus=1 n1:1775
  snapshot f124: 3 venc_ko blocks (pool0 0x73801000 len 0x10000)
src frame 125: srcf=9 off=504 br=16000
frame 125: send=0x0 get=0x0 len=1303 coding=1 startqp=0 meanqp=0 picbytes=0 pskip=0 nalus=1 n1:1303
  snapshot f125: 3 venc_ko blocks (pool0 0x73801000 len 0x10000)
src frame 126: srcf=10 off=508 br=16000
frame 126: send=0x0 get=0x0 len=1367 coding=1 startqp=0 meanqp=0 picbytes=0 pskip=0 nalus=1 n1:1367
  snapshot f126: 3 venc_ko blocks (pool0 0x73801000 len 0x10000)
src frame 127: srcf=11 off=512 br=16000
frame 127: send=0x0 get=0x0 len=1688 coding=1 startqp=0 meanqp=0 picbytes=0 pskip=0 nalus=1 n1:1688
  snapshot f127: 3 venc_ko blocks (pool0 0x73801000 len 0x10000)
src frame 128: srcf=12 off=516 br=16000
frame 128: send=0x0 get=0x0 len=1703 coding=1 startqp=0 meanqp=0 picbytes=0 pskip=0 nalus=1 n1:1703
  snapshot f128: 3 venc_ko blocks (pool0 0x73801000 len 0x10000)
src frame 129: srcf=13 off=520 br=16000
frame 129: send=0x0 get=0x0 len=1487 coding=1 startqp=0 meanqp=0 picbytes=0 pskip=0 nalus=1 n1:1487
  snapshot f129: 3 venc_ko blocks (pool0 0x73801000 len 0x10000)
src frame 130: srcf=14 off=524 br=16000
frame 130: send=0x0 get=0x0 len=1316 coding=1 startqp=0 meanqp=0 picbytes=0 pskip=0 nalus=1 n1:1316
  snapshot f130: 3 venc_ko blocks (pool0 0x73801000 len 0x10000)
src frame 131: srcf=15 off=528 br=16000
frame 131: send=0x0 get=0x0 len=1186 coding=1 startqp=0 meanqp=0 picbytes=0 pskip=0 nalus=1 n1:1186
  snapshot f131: 3 venc_ko blocks (pool0 0x73801000 len 0x10000)
src frame 132: srcf=16 off=532 br=16000
frame 132: send=0x0 get=0x0 len=1364 coding=1 startqp=0 meanqp=0 picbytes=0 pskip=0 nalus=1 n1:1364
  snapshot f132: 3 venc_ko blocks (pool0 0x73801000 len 0x10000)
src frame 133: srcf=17 off=536 br=16000
frame 133: send=0x0 get=0x0 len=1714 coding=1 startqp=0 meanqp=0 picbytes=0 pskip=0 nalus=1 n1:1714
  snapshot f133: 3 venc_ko blocks (pool0 0x73801000 len 0x10000)
src frame 134: srcf=18 off=540 br=16000
frame 134: send=0x0 get=0x0 len=2910 coding=1 startqp=0 meanqp=0 picbytes=0 pskip=0 nalus=1 n1:2910
  snapshot f134: 3 venc_ko blocks (pool0 0x73801000 len 0x10000)
src frame 135: srcf=19 off=544 br=16000
frame 135: send=0x0 get=0x0 len=3550 coding=1 startqp=0 meanqp=0 picbytes=0 pskip=0 nalus=1 n1:3550
  snapshot f135: 3 venc_ko blocks (pool0 0x73801000 len 0x10000)
src frame 136: srcf=20 off=548 br=16000
frame 136: send=0x0 get=0x0 len=3089 coding=1 startqp=0 meanqp=0 picbytes=0 pskip=0 nalus=1 n1:3089
  snapshot f136: 3 venc_ko blocks (pool0 0x73801000 len 0x10000)
src frame 137: srcf=21 off=552 br=16000
frame 137: send=0x0 get=0x0 len=1988 coding=1 startqp=0 meanqp=0 picbytes=0 pskip=0 nalus=1 n1:1988
  snapshot f137: 3 venc_ko blocks (pool0 0x73801000 len 0x10000)
src frame 138: srcf=22 off=556 br=16000
frame 138: send=0x0 get=0x0 len=1803 coding=1 startqp=0 meanqp=0 picbytes=0 pskip=0 nalus=1 n1:1803
  snapshot f138: 3 venc_ko blocks (pool0 0x73801000 len 0x10000)
src frame 139: srcf=23 off=560 br=16000
frame 139: send=0x0 get=0x0 len=1532 coding=1 startqp=0 meanqp=0 picbytes=0 pskip=0 nalus=1 n1:1532
  snapshot f139: 3 venc_ko blocks (pool0 0x73801000 len 0x10000)
src frame 140: srcf=24 off=564 br=16000
frame 140: send=0x0 get=0x0 len=1239 coding=1 startqp=0 meanqp=0 picbytes=0 pskip=0 nalus=1 n1:1239
  snapshot f140: 3 venc_ko blocks (pool0 0x73801000 len 0x10000)
src frame 141: srcf=25 off=568 br=16000
frame 141: send=0x0 get=0x0 len=1189 coding=1 startqp=0 meanqp=0 picbytes=0 pskip=0 nalus=1 n1:1189
  snapshot f141: 3 venc_ko blocks (pool0 0x73801000 len 0x10000)
src frame 142: srcf=26 off=572 br=16000
frame 142: send=0x0 get=0x0 len=1506 coding=1 startqp=0 meanqp=0 picbytes=0 pskip=0 nalus=1 n1:1506
  snapshot f142: 3 venc_ko blocks (pool0 0x73801000 len 0x10000)
src frame 143: srcf=27 off=576 br=16000
frame 143: send=0x0 get=0x0 len=2005 coding=1 startqp=0 meanqp=0 picbytes=0 pskip=0 nalus=1 n1:2005
  snapshot f143: 3 venc_ko blocks (pool0 0x73801000 len 0x10000)
src frame 144: srcf=28 off=580 br=16000
frame 144: send=0x0 get=0x0 len=2434 coding=1 startqp=0 meanqp=0 picbytes=0 pskip=0 nalus=1 n1:2434
  snapshot f144: 3 venc_ko blocks (pool0 0x73801000 len 0x10000)
src frame 145: srcf=29 off=584 br=16000
frame 145: send=0x0 get=0x0 len=2361 coding=1 startqp=0 meanqp=0 picbytes=0 pskip=0 nalus=1 n1:2361
  snapshot f145: 3 venc_ko blocks (pool0 0x73801000 len 0x10000)
src frame 146: srcf=28 off=588 br=16000
frame 146: send=0x0 get=0x0 len=2169 coding=1 startqp=0 meanqp=0 picbytes=0 pskip=0 nalus=1 n1:2169
  snapshot f146: 3 venc_ko blocks (pool0 0x73801000 len 0x10000)
src frame 147: srcf=27 off=592 br=16000
frame 147: send=0x0 get=0x0 len=2171 coding=1 startqp=0 meanqp=0 picbytes=0 pskip=0 nalus=1 n1:2171
  snapshot f147: 3 venc_ko blocks (pool0 0x73801000 len 0x10000)
src frame 148: srcf=26 off=596 br=16000
frame 148: send=0x0 get=0x0 len=1935 coding=1 startqp=0 meanqp=0 picbytes=0 pskip=0 nalus=1 n1:1935
  snapshot f148: 3 venc_ko blocks (pool0 0x73801000 len 0x10000)
src frame 149: srcf=25 off=600 br=16000
frame 149: send=0x0 get=0x0 len=1343 coding=1 startqp=0 meanqp=0 picbytes=0 pskip=0 nalus=1 n1:1343
  snapshot f149: 3 venc_ko blocks (pool0 0x73801000 len 0x10000)
src frame 150: srcf=24 off=604 br=16000
frame 150: send=0x0 get=0x0 len=83382 coding=0 startqp=0 meanqp=0 picbytes=0 pskip=0 nalus=3 n7:32 n8:8 n5:83342
  snapshot f150: 3 venc_ko blocks (pool0 0x73801000 len 0x10000)
src frame 151: srcf=23 off=608 br=16000
frame 151: send=0x0 get=0x0 len=3139 coding=1 startqp=0 meanqp=0 picbytes=0 pskip=0 nalus=1 n1:3139
  snapshot f151: 3 venc_ko blocks (pool0 0x73801000 len 0x10000)
src frame 152: srcf=22 off=612 br=16000
frame 152: send=0x0 get=0x0 len=3580 coding=1 startqp=0 meanqp=0 picbytes=0 pskip=0 nalus=1 n1:3580
  snapshot f152: 3 venc_ko blocks (pool0 0x73801000 len 0x10000)
src frame 153: srcf=21 off=616 br=16000
frame 153: send=0x0 get=0x0 len=3853 coding=1 startqp=0 meanqp=0 picbytes=0 pskip=0 nalus=1 n1:3853
  snapshot f153: 3 venc_ko blocks (pool0 0x73801000 len 0x10000)
src frame 154: srcf=20 off=620 br=16000
frame 154: send=0x0 get=0x0 len=2990 coding=1 startqp=0 meanqp=0 picbytes=0 pskip=0 nalus=1 n1:2990
  snapshot f154: 3 venc_ko blocks (pool0 0x73801000 len 0x10000)
src frame 155: srcf=19 off=624 br=16000
frame 155: send=0x0 get=0x0 len=2059 coding=1 startqp=0 meanqp=0 picbytes=0 pskip=0 nalus=1 n1:2059
  snapshot f155: 3 venc_ko blocks (pool0 0x73801000 len 0x10000)
src frame 156: srcf=18 off=628 br=16000
frame 156: send=0x0 get=0x0 len=2104 coding=1 startqp=0 meanqp=0 picbytes=0 pskip=0 nalus=1 n1:2104
  snapshot f156: 3 venc_ko blocks (pool0 0x73801000 len 0x10000)
src frame 157: srcf=17 off=632 br=16000
frame 157: send=0x0 get=0x0 len=2030 coding=1 startqp=0 meanqp=0 picbytes=0 pskip=0 nalus=1 n1:2030
  snapshot f157: 3 venc_ko blocks (pool0 0x73801000 len 0x10000)
src frame 158: srcf=16 off=636 br=16000
frame 158: send=0x0 get=0x0 len=1343 coding=1 startqp=0 meanqp=0 picbytes=0 pskip=0 nalus=1 n1:1343
  snapshot f158: 3 venc_ko blocks (pool0 0x73801000 len 0x10000)
src frame 159: srcf=15 off=640 br=16000
frame 159: send=0x0 get=0x0 len=1279 coding=1 startqp=0 meanqp=0 picbytes=0 pskip=0 nalus=1 n1:1279
  snapshot f159: 3 venc_ko blocks (pool0 0x73801000 len 0x10000)
src frame 160: srcf=14 off=644 br=16000
frame 160: send=0x0 get=0x0 len=1280 coding=1 startqp=0 meanqp=0 picbytes=0 pskip=0 nalus=1 n1:1280
  snapshot f160: 3 venc_ko blocks (pool0 0x73801000 len 0x10000)
src frame 161: srcf=13 off=648 br=16000
frame 161: send=0x0 get=0x0 len=1190 coding=1 startqp=0 meanqp=0 picbytes=0 pskip=0 nalus=1 n1:1190
  snapshot f161: 3 venc_ko blocks (pool0 0x73801000 len 0x10000)
src frame 162: srcf=12 off=652 br=16000
frame 162: send=0x0 get=0x0 len=1168 coding=1 startqp=0 meanqp=0 picbytes=0 pskip=0 nalus=1 n1:1168
  snapshot f162: 3 venc_ko blocks (pool0 0x73801000 len 0x10000)
src frame 163: srcf=11 off=656 br=16000
frame 163: send=0x0 get=0x0 len=1201 coding=1 startqp=0 meanqp=0 picbytes=0 pskip=0 nalus=1 n1:1201
  snapshot f163: 3 venc_ko blocks (pool0 0x73801000 len 0x10000)
src frame 164: srcf=10 off=660 br=16000
frame 164: send=0x0 get=0x0 len=1281 coding=1 startqp=0 meanqp=0 picbytes=0 pskip=0 nalus=1 n1:1281
  snapshot f164: 3 venc_ko blocks (pool0 0x73801000 len 0x10000)
src frame 165: srcf=9 off=664 br=16000
frame 165: send=0x0 get=0x0 len=1682 coding=1 startqp=0 meanqp=0 picbytes=0 pskip=0 nalus=1 n1:1682
  snapshot f165: 3 venc_ko blocks (pool0 0x73801000 len 0x10000)
src frame 166: srcf=8 off=668 br=16000
frame 166: send=0x0 get=0x0 len=2069 coding=1 startqp=0 meanqp=0 picbytes=0 pskip=0 nalus=1 n1:2069
  snapshot f166: 3 venc_ko blocks (pool0 0x73801000 len 0x10000)
src frame 167: srcf=7 off=672 br=16000
frame 167: send=0x0 get=0x0 len=2142 coding=1 startqp=0 meanqp=0 picbytes=0 pskip=0 nalus=1 n1:2142
  snapshot f167: 3 venc_ko blocks (pool0 0x73801000 len 0x10000)
src frame 168: srcf=6 off=676 br=16000
frame 168: send=0x0 get=0x0 len=1484 coding=1 startqp=0 meanqp=0 picbytes=0 pskip=0 nalus=1 n1:1484
  snapshot f168: 3 venc_ko blocks (pool0 0x73801000 len 0x10000)
src frame 169: srcf=5 off=680 br=16000
frame 169: send=0x0 get=0x0 len=1257 coding=1 startqp=0 meanqp=0 picbytes=0 pskip=0 nalus=1 n1:1257
  snapshot f169: 3 venc_ko blocks (pool0 0x73801000 len 0x10000)
src frame 170: srcf=4 off=684 br=16000
frame 170: send=0x0 get=0x0 len=1205 coding=1 startqp=0 meanqp=0 picbytes=0 pskip=0 nalus=1 n1:1205
  snapshot f170: 3 venc_ko blocks (pool0 0x73801000 len 0x10000)
src frame 171: srcf=3 off=688 br=16000
frame 171: send=0x0 get=0x0 len=1193 coding=1 startqp=0 meanqp=0 picbytes=0 pskip=0 nalus=1 n1:1193
  snapshot f171: 3 venc_ko blocks (pool0 0x73801000 len 0x10000)
src frame 172: srcf=2 off=692 br=16000
frame 172: send=0x0 get=0x0 len=1249 coding=1 startqp=0 meanqp=0 picbytes=0 pskip=0 nalus=1 n1:1249
  snapshot f172: 3 venc_ko blocks (pool0 0x73801000 len 0x10000)
src frame 173: srcf=1 off=696 br=16000
frame 173: send=0x0 get=0x0 len=1406 coding=1 startqp=0 meanqp=0 picbytes=0 pskip=0 nalus=1 n1:1406
  snapshot f173: 3 venc_ko blocks (pool0 0x73801000 len 0x10000)
src frame 174: srcf=0 off=700 br=16000
frame 174: send=0x0 get=0x0 len=1618 coding=1 startqp=0 meanqp=0 picbytes=0 pskip=0 nalus=1 n1:1618
  snapshot f174: 3 venc_ko blocks (pool0 0x73801000 len 0x10000)
src frame 175: srcf=1 off=704 br=16000
frame 175: send=0x0 get=0x0 len=1822 coding=1 startqp=0 meanqp=0 picbytes=0 pskip=0 nalus=1 n1:1822
  snapshot f175: 3 venc_ko blocks (pool0 0x73801000 len 0x10000)
src frame 176: srcf=2 off=708 br=16000
frame 176: send=0x0 get=0x0 len=1881 coding=1 startqp=0 meanqp=0 picbytes=0 pskip=0 nalus=1 n1:1881
  snapshot f176: 3 venc_ko blocks (pool0 0x73801000 len 0x10000)
src frame 177: srcf=3 off=712 br=16000
frame 177: send=0x0 get=0x0 len=1439 coding=1 startqp=0 meanqp=0 picbytes=0 pskip=0 nalus=1 n1:1439
  snapshot f177: 3 venc_ko blocks (pool0 0x73801000 len 0x10000)
src frame 178: srcf=4 off=716 br=16000
frame 178: send=0x0 get=0x0 len=1249 coding=1 startqp=0 meanqp=0 picbytes=0 pskip=0 nalus=1 n1:1249
  snapshot f178: 3 venc_ko blocks (pool0 0x73801000 len 0x10000)
src frame 179: srcf=5 off=720 br=16000
frame 179: send=0x0 get=0x0 len=1224 coding=1 startqp=0 meanqp=0 picbytes=0 pskip=0 nalus=1 n1:1224
  snapshot f179: 3 venc_ko blocks (pool0 0x73801000 len 0x10000)
src frame 180: srcf=6 off=724 br=16000
frame 180: send=0x0 get=0x0 len=83945 coding=0 startqp=0 meanqp=0 picbytes=0 pskip=0 nalus=3 n7:32 n8:8 n5:83905
  snapshot f180: 3 venc_ko blocks (pool0 0x73801000 len 0x10000)
src frame 181: srcf=7 off=728 br=16000
frame 181: send=0x0 get=0x0 len=2616 coding=1 startqp=0 meanqp=0 picbytes=0 pskip=0 nalus=1 n1:2616
  snapshot f181: 3 venc_ko blocks (pool0 0x73801000 len 0x10000)
src frame 182: srcf=8 off=732 br=16000
frame 182: send=0x0 get=0x0 len=2183 coding=1 startqp=0 meanqp=0 picbytes=0 pskip=0 nalus=1 n1:2183
  snapshot f182: 3 venc_ko blocks (pool0 0x73801000 len 0x10000)
src frame 183: srcf=9 off=736 br=16000
frame 183: send=0x0 get=0x0 len=2219 coding=1 startqp=0 meanqp=0 picbytes=0 pskip=0 nalus=1 n1:2219
  snapshot f183: 3 venc_ko blocks (pool0 0x73801000 len 0x10000)
src frame 184: srcf=10 off=740 br=16000
frame 184: send=0x0 get=0x0 len=2409 coding=1 startqp=0 meanqp=0 picbytes=0 pskip=0 nalus=1 n1:2409
  snapshot f184: 3 venc_ko blocks (pool0 0x73801000 len 0x10000)
src frame 185: srcf=11 off=744 br=16000
frame 185: send=0x0 get=0x0 len=2217 coding=1 startqp=0 meanqp=0 picbytes=0 pskip=0 nalus=1 n1:2217
  snapshot f185: 3 venc_ko blocks (pool0 0x73801000 len 0x10000)
src frame 186: srcf=12 off=748 br=16000
frame 186: send=0x0 get=0x0 len=1904 coding=1 startqp=0 meanqp=0 picbytes=0 pskip=0 nalus=1 n1:1904
  snapshot f186: 3 venc_ko blocks (pool0 0x73801000 len 0x10000)
src frame 187: srcf=13 off=752 br=16000
frame 187: send=0x0 get=0x0 len=1488 coding=1 startqp=0 meanqp=0 picbytes=0 pskip=0 nalus=1 n1:1488
  snapshot f187: 3 venc_ko blocks (pool0 0x73801000 len 0x10000)
src frame 188: srcf=14 off=756 br=16000
frame 188: send=0x0 get=0x0 len=1302 coding=1 startqp=0 meanqp=0 picbytes=0 pskip=0 nalus=1 n1:1302
  snapshot f188: 3 venc_ko blocks (pool0 0x73801000 len 0x10000)
src frame 189: srcf=15 off=760 br=16000
frame 189: send=0x0 get=0x0 len=1125 coding=1 startqp=0 meanqp=0 picbytes=0 pskip=0 nalus=1 n1:1125
  snapshot f189: 3 venc_ko blocks (pool0 0x73801000 len 0x10000)
src frame 190: srcf=16 off=764 br=16000
frame 190: send=0x0 get=0x0 len=1145 coding=1 startqp=0 meanqp=0 picbytes=0 pskip=0 nalus=1 n1:1145
  snapshot f190: 3 venc_ko blocks (pool0 0x73801000 len 0x10000)
src frame 191: srcf=17 off=768 br=16000
frame 191: send=0x0 get=0x0 len=1187 coding=1 startqp=0 meanqp=0 picbytes=0 pskip=0 nalus=1 n1:1187
  snapshot f191: 3 venc_ko blocks (pool0 0x73801000 len 0x10000)
src frame 192: srcf=18 off=772 br=16000
frame 192: send=0x0 get=0x0 len=1346 coding=1 startqp=0 meanqp=0 picbytes=0 pskip=0 nalus=1 n1:1346
  snapshot f192: 3 venc_ko blocks (pool0 0x73801000 len 0x10000)
src frame 193: srcf=19 off=776 br=16000
frame 193: send=0x0 get=0x0 len=1579 coding=1 startqp=0 meanqp=0 picbytes=0 pskip=0 nalus=1 n1:1579
  snapshot f193: 3 venc_ko blocks (pool0 0x73801000 len 0x10000)
src frame 194: srcf=20 off=780 br=16000
frame 194: send=0x0 get=0x0 len=1872 coding=1 startqp=0 meanqp=0 picbytes=0 pskip=0 nalus=1 n1:1872
  snapshot f194: 3 venc_ko blocks (pool0 0x73801000 len 0x10000)
src frame 195: srcf=21 off=784 br=16000
frame 195: send=0x0 get=0x0 len=1855 coding=1 startqp=0 meanqp=0 picbytes=0 pskip=0 nalus=1 n1:1855
  snapshot f195: 3 venc_ko blocks (pool0 0x73801000 len 0x10000)
src frame 196: srcf=22 off=788 br=16000
frame 196: send=0x0 get=0x0 len=1300 coding=1 startqp=0 meanqp=0 picbytes=0 pskip=0 nalus=1 n1:1300
  snapshot f196: 3 venc_ko blocks (pool0 0x73801000 len 0x10000)
src frame 197: srcf=23 off=792 br=16000
frame 197: send=0x0 get=0x0 len=1147 coding=1 startqp=0 meanqp=0 picbytes=0 pskip=0 nalus=1 n1:1147
  snapshot f197: 3 venc_ko blocks (pool0 0x73801000 len 0x10000)
src frame 198: srcf=24 off=796 br=16000
frame 198: send=0x0 get=0x0 len=1138 coding=1 startqp=0 meanqp=0 picbytes=0 pskip=0 nalus=1 n1:1138
  snapshot f198: 3 venc_ko blocks (pool0 0x73801000 len 0x10000)
src frame 199: srcf=25 off=800 br=16000
frame 199: send=0x0 get=0x0 len=1110 coding=1 startqp=0 meanqp=0 picbytes=0 pskip=0 nalus=1 n1:1110
  snapshot f199: 3 venc_ko blocks (pool0 0x73801000 len 0x10000)
src frame 200: srcf=26 off=804 br=16000
frame 200: send=0x0 get=0x0 len=1195 coding=1 startqp=0 meanqp=0 picbytes=0 pskip=0 nalus=1 n1:1195
  snapshot f200: 3 venc_ko blocks (pool0 0x73801000 len 0x10000)
src frame 201: srcf=27 off=808 br=16000
frame 201: send=0x0 get=0x0 len=1234 coding=1 startqp=0 meanqp=0 picbytes=0 pskip=0 nalus=1 n1:1234
  snapshot f201: 3 venc_ko blocks (pool0 0x73801000 len 0x10000)
src frame 202: srcf=28 off=812 br=16000
frame 202: send=0x0 get=0x0 len=1359 coding=1 startqp=0 meanqp=0 picbytes=0 pskip=0 nalus=1 n1:1359
  snapshot f202: 3 venc_ko blocks (pool0 0x73801000 len 0x10000)
src frame 203: srcf=29 off=816 br=16000
frame 203: send=0x0 get=0x0 len=1655 coding=1 startqp=0 meanqp=0 picbytes=0 pskip=0 nalus=1 n1:1655
  snapshot f203: 3 venc_ko blocks (pool0 0x73801000 len 0x10000)
src frame 204: srcf=28 off=820 br=16000
frame 204: send=0x0 get=0x0 len=1812 coding=1 startqp=0 meanqp=0 picbytes=0 pskip=0 nalus=1 n1:1812
  snapshot f204: 3 venc_ko blocks (pool0 0x73801000 len 0x10000)
src frame 205: srcf=27 off=824 br=16000
frame 205: send=0x0 get=0x0 len=1449 coding=1 startqp=0 meanqp=0 picbytes=0 pskip=0 nalus=1 n1:1449
  snapshot f205: 3 venc_ko blocks (pool0 0x73801000 len 0x10000)
src frame 206: srcf=26 off=828 br=16000
frame 206: send=0x0 get=0x0 len=1193 coding=1 startqp=0 meanqp=0 picbytes=0 pskip=0 nalus=1 n1:1193
  snapshot f206: 3 venc_ko blocks (pool0 0x73801000 len 0x10000)
src frame 207: srcf=25 off=832 br=16000
frame 207: send=0x0 get=0x0 len=1184 coding=1 startqp=0 meanqp=0 picbytes=0 pskip=0 nalus=1 n1:1184
  snapshot f207: 3 venc_ko blocks (pool0 0x73801000 len 0x10000)
src frame 208: srcf=24 off=836 br=16000
frame 208: send=0x0 get=0x0 len=1277 coding=1 startqp=0 meanqp=0 picbytes=0 pskip=0 nalus=1 n1:1277
  snapshot f208: 3 venc_ko blocks (pool0 0x73801000 len 0x10000)
src frame 209: srcf=23 off=840 br=16000
frame 209: send=0x0 get=0x0 len=1200 coding=1 startqp=0 meanqp=0 picbytes=0 pskip=0 nalus=1 n1:1200
  snapshot f209: 3 venc_ko blocks (pool0 0x73801000 len 0x10000)
src frame 210: srcf=22 off=844 br=16000
frame 210: send=0x0 get=0x0 len=83275 coding=0 startqp=0 meanqp=0 picbytes=0 pskip=0 nalus=3 n7:32 n8:8 n5:83235
  snapshot f210: 3 venc_ko blocks (pool0 0x73801000 len 0x10000)
src frame 211: srcf=21 off=848 br=16000
frame 211: send=0x0 get=0x0 len=2681 coding=1 startqp=0 meanqp=0 picbytes=0 pskip=0 nalus=1 n1:2681
  snapshot f211: 3 venc_ko blocks (pool0 0x73801000 len 0x10000)
src frame 212: srcf=20 off=852 br=16000
frame 212: send=0x0 get=0x0 len=2275 coding=1 startqp=0 meanqp=0 picbytes=0 pskip=0 nalus=1 n1:2275
  snapshot f212: 3 venc_ko blocks (pool0 0x73801000 len 0x10000)
src frame 213: srcf=19 off=856 br=16000
frame 213: send=0x0 get=0x0 len=2735 coding=1 startqp=0 meanqp=0 picbytes=0 pskip=0 nalus=1 n1:2735
  snapshot f213: 3 venc_ko blocks (pool0 0x73801000 len 0x10000)
src frame 214: srcf=18 off=860 br=16000
frame 214: send=0x0 get=0x0 len=2499 coding=1 startqp=0 meanqp=0 picbytes=0 pskip=0 nalus=1 n1:2499
  snapshot f214: 3 venc_ko blocks (pool0 0x73801000 len 0x10000)
src frame 215: srcf=17 off=864 br=16000
frame 215: send=0x0 get=0x0 len=1943 coding=1 startqp=0 meanqp=0 picbytes=0 pskip=0 nalus=1 n1:1943
  snapshot f215: 3 venc_ko blocks (pool0 0x73801000 len 0x10000)
src frame 216: srcf=16 off=868 br=16000
frame 216: send=0x0 get=0x0 len=1638 coding=1 startqp=0 meanqp=0 picbytes=0 pskip=0 nalus=1 n1:1638
  snapshot f216: 3 venc_ko blocks (pool0 0x73801000 len 0x10000)
src frame 217: srcf=15 off=872 br=16000
frame 217: send=0x0 get=0x0 len=1460 coding=1 startqp=0 meanqp=0 picbytes=0 pskip=0 nalus=1 n1:1460
  snapshot f217: 3 venc_ko blocks (pool0 0x73801000 len 0x10000)
src frame 218: srcf=14 off=876 br=16000
frame 218: send=0x0 get=0x0 len=1211 coding=1 startqp=0 meanqp=0 picbytes=0 pskip=0 nalus=1 n1:1211
  snapshot f218: 3 venc_ko blocks (pool0 0x73801000 len 0x10000)
src frame 219: srcf=13 off=880 br=16000
frame 219: send=0x0 get=0x0 len=1159 coding=1 startqp=0 meanqp=0 picbytes=0 pskip=0 nalus=1 n1:1159
  snapshot f219: 3 venc_ko blocks (pool0 0x73801000 len 0x10000)
src frame 220: srcf=12 off=884 br=16000
frame 220: send=0x0 get=0x0 len=1313 coding=1 startqp=0 meanqp=0 picbytes=0 pskip=0 nalus=1 n1:1313
  snapshot f220: 3 venc_ko blocks (pool0 0x73801000 len 0x10000)
src frame 221: srcf=11 off=888 br=16000
frame 221: send=0x0 get=0x0 len=1607 coding=1 startqp=0 meanqp=0 picbytes=0 pskip=0 nalus=1 n1:1607
  snapshot f221: 3 venc_ko blocks (pool0 0x73801000 len 0x10000)
src frame 222: srcf=10 off=892 br=16000
frame 222: send=0x0 get=0x0 len=2047 coding=1 startqp=0 meanqp=0 picbytes=0 pskip=0 nalus=1 n1:2047
  snapshot f222: 3 venc_ko blocks (pool0 0x73801000 len 0x10000)
src frame 223: srcf=9 off=896 br=16000
frame 223: send=0x0 get=0x0 len=2221 coding=1 startqp=0 meanqp=0 picbytes=0 pskip=0 nalus=1 n1:2221
  snapshot f223: 3 venc_ko blocks (pool0 0x73801000 len 0x10000)
src frame 224: srcf=8 off=900 br=16000
frame 224: send=0x0 get=0x0 len=2058 coding=1 startqp=0 meanqp=0 picbytes=0 pskip=0 nalus=1 n1:2058
  snapshot f224: 3 venc_ko blocks (pool0 0x73801000 len 0x10000)
src frame 225: srcf=7 off=904 br=16000
frame 225: send=0x0 get=0x0 len=1503 coding=1 startqp=0 meanqp=0 picbytes=0 pskip=0 nalus=1 n1:1503
  snapshot f225: 3 venc_ko blocks (pool0 0x73801000 len 0x10000)
src frame 226: srcf=6 off=908 br=16000
frame 226: send=0x0 get=0x0 len=1181 coding=1 startqp=0 meanqp=0 picbytes=0 pskip=0 nalus=1 n1:1181
  snapshot f226: 3 venc_ko blocks (pool0 0x73801000 len 0x10000)
src frame 227: srcf=5 off=912 br=16000
frame 227: send=0x0 get=0x0 len=1142 coding=1 startqp=0 meanqp=0 picbytes=0 pskip=0 nalus=1 n1:1142
  snapshot f227: 3 venc_ko blocks (pool0 0x73801000 len 0x10000)
src frame 228: srcf=4 off=916 br=16000
frame 228: send=0x0 get=0x0 len=1231 coding=1 startqp=0 meanqp=0 picbytes=0 pskip=0 nalus=1 n1:1231
  snapshot f228: 3 venc_ko blocks (pool0 0x73801000 len 0x10000)
src frame 229: srcf=3 off=920 br=16000
frame 229: send=0x0 get=0x0 len=1225 coding=1 startqp=0 meanqp=0 picbytes=0 pskip=0 nalus=1 n1:1225
  snapshot f229: 3 venc_ko blocks (pool0 0x73801000 len 0x10000)
src frame 230: srcf=2 off=924 br=16000
frame 230: send=0x0 get=0x0 len=1304 coding=1 startqp=0 meanqp=0 picbytes=0 pskip=0 nalus=1 n1:1304
  snapshot f230: 3 venc_ko blocks (pool0 0x73801000 len 0x10000)
src frame 231: srcf=1 off=928 br=16000
frame 231: send=0x0 get=0x0 len=1605 coding=1 startqp=0 meanqp=0 picbytes=0 pskip=0 nalus=1 n1:1605
  snapshot f231: 3 venc_ko blocks (pool0 0x73801000 len 0x10000)
src frame 232: srcf=0 off=932 br=16000
frame 232: send=0x0 get=0x0 len=1923 coding=1 startqp=0 meanqp=0 picbytes=0 pskip=0 nalus=1 n1:1923
  snapshot f232: 3 venc_ko blocks (pool0 0x73801000 len 0x10000)
src frame 233: srcf=1 off=936 br=16000
frame 233: send=0x0 get=0x0 len=2060 coding=1 startqp=0 meanqp=0 picbytes=0 pskip=0 nalus=1 n1:2060
  snapshot f233: 3 venc_ko blocks (pool0 0x73801000 len 0x10000)
src frame 234: srcf=2 off=940 br=16000
frame 234: send=0x0 get=0x0 len=1283 coding=1 startqp=0 meanqp=0 picbytes=0 pskip=0 nalus=1 n1:1283
  snapshot f234: 3 venc_ko blocks (pool0 0x73801000 len 0x10000)
src frame 235: srcf=3 off=944 br=16000
frame 235: send=0x0 get=0x0 len=1225 coding=1 startqp=0 meanqp=0 picbytes=0 pskip=0 nalus=1 n1:1225
  snapshot f235: 3 venc_ko blocks (pool0 0x73801000 len 0x10000)
src frame 236: srcf=4 off=948 br=16000
frame 236: send=0x0 get=0x0 len=1241 coding=1 startqp=0 meanqp=0 picbytes=0 pskip=0 nalus=1 n1:1241
  snapshot f236: 3 venc_ko blocks (pool0 0x73801000 len 0x10000)
src frame 237: srcf=5 off=952 br=16000
frame 237: send=0x0 get=0x0 len=1206 coding=1 startqp=0 meanqp=0 picbytes=0 pskip=0 nalus=1 n1:1206
  snapshot f237: 3 venc_ko blocks (pool0 0x73801000 len 0x10000)
src frame 238: srcf=6 off=956 br=16000
frame 238: send=0x0 get=0x0 len=1134 coding=1 startqp=0 meanqp=0 picbytes=0 pskip=0 nalus=1 n1:1134
  snapshot f238: 3 venc_ko blocks (pool0 0x73801000 len 0x10000)
src frame 239: srcf=7 off=960 br=16000
frame 239: send=0x0 get=0x0 len=1250 coding=1 startqp=0 meanqp=0 picbytes=0 pskip=0 nalus=1 n1:1250
  snapshot f239: 3 venc_ko blocks (pool0 0x73801000 len 0x10000)
---- /proc/ax_proc/venc ----
-------- VENC VERSION ------------------------
[Axera version]: ax_venc V3.0.0_20250319114413 Mar 19 2025 11:58:34 JK

-------- MODULE PARAM ------------------------
MaxChnNum   MaxRoiNum   MaxProcNum  
16          8           16          

-------- VENC CHN ATTR 1 ------------------------
ID    Type    wSrc    hSrc    Strd0   Strd1   maxW    maxH    PixFmt  link  InFifoDep    OutFifoDep   InDbgFifoLen InDbgFifoDep StrmBufSize(KB)
7     h264    1920    1080    3840    0       1920    1080    YUYV422 N     2            2            0            4            4114      
-------- VENC CHN ATTR 2 ------------------------
ID    [CropEn StartX  StartY  CropW   CropH]  Rotation  EncW    EncH    FrmSize      PTS          SeqNum       CompMode     CompLevel    PhyAddr0     PhyAddr1     PhyAddr2     
7     N       0       0       0       0       0         1920    1080    4147200      3266666      197          NONE         0            742d1000     0            0            
-------- VENC RC ATTR 1 ------------------------
ID    RcMode    SrcFr   DstFr   Br(kbps)  MinQp   MaxQp   MinIQp  MaxIQp  IQpDelta  IpropMax   IpropMin   StartQp    QpDltRng   DeBrQpDlt  SvcEn   ChgPos  StillPercent MaxStillQp 
7     VBR       60.00   60.00   16000     10      51      10      51      0         -          -          -1         2          0          False   90      -            -          
-------- VENC RC ATTR 2  -----------------------
ID    QMapQpType  QMapUnit    QMapBlkType IQp   PQp   MinQpDelta MaxQpDelta MaxBitRate shtStaTime ltStaTime  ltMinBr  ltMaxBr  Br_ST(kbps)    Br_LT(kbps)    
7     N/A         64x64       N/A         -     -     -          -          -          -          -          -        -        -              -              
-------- VENC GOP ATTR  ------------------------
ID    GopMode   Gop   GopVI 
7     NormalP   30    0     
-------- VENC STATUS 1 -------------------------
ID    RJEn         RJThr(bps)   RJMode       RJEncGaps    SupFrmEn     SupPri       SupThrI      SupThrP      SplitEn      SliceNum     Range(In)    Range(out)   
7     N            0            Normal       0            N            0            500000       500000       N            0            Full         Full         
-------- VENC STATUS 2 -------------------------
ID    ChnStat   FrmRecv   FrmRls    FrmEnc    FrmDrop   FrmDup    EncFail   MissMatch StrmGet   StrmRls   OutFps    RealBr    ReEncCnt  DropCnt   BlkFail   GrpID     PID     TID     ThNum   RefInc    RefDec    Fail1   Fail2   Fail3   Fail4   
7     STARTED   198       197       197       0         0         0         0         197       197       50.00     1998.15   0         0         0         -1        130138  130142  1       198       197       0       0       0       0       
-------- VENC HW STATUS  ------------------------
ID    OverFlow     TimeOut      
7     0            0            
-------- VENC ROI INFO  ------------------------
ID    Index        bEnable      bAbsQp       RoiQP        Width        Height       StartX       StartY       
done h264_vbr16000
rc=0
== h264_vbr16000: codec=h264 rc=vbr br=16000 fps=60 gop=30 frames=240 total=1178704 B achieved=2357 kbps
I frames (frame:qp/bytes): 0:26/41888 30:11/80669 60:10/84181 90:10/83593 120:10/84198 150:10/83382 180:10/83945 210:10/83275
first P after each I (frame:qp): 1:26 31:10 61:10 91:10 121:10 151:10 181:10 211:10
per-GOP: gop#: kbps I_qp P_qp[min..max] P_qp_last
  0: 3364 kbps I=[26] P=[10..26] last=10 n=30
  1: 2342 kbps I=[11] P=[10..10] last=10 n=30
  2: 2292 kbps I=[10] P=[10..10] last=10 n=30
  3: 2298 kbps I=[10] P=[10..10] last=10 n=30
  4: 2257 kbps I=[10] P=[10..10] last=10 n=30
  5: 2157 kbps I=[10] P=[10..10] last=10 n=30
  6: 2058 kbps I=[10] P=[10..10] last=10 n=30
  7: 2090 kbps I=[10] P=[10..10] last=10 n=30
P->P QP step histogram: -2:2 -1:12 +0:210
I->firstP QP delta: +0 -1 +0 +0 +0 +0 +0 +0
sw7 frame-QP == slice QP: 240/240 frames with a program agree; mismatches at []
slot flags: {'': 240}
sw105-107 distinct (I): [('0x0', '0x0', '0x0')]
sw172/173 distinct: [('0x14f', '0x662'), ('0x14f', '0x66a')]
sw6 distinct (I / P): ['0x3'] ['0x3']
=== h265_vbr2000: codec=h265 rc=vbr br=2000 nframes=240 src=/root/rc65/clips/static.yuyv motion=vscroll mstep=4
# vdrive tag=h265_vbr2000 codec=h265 1920x1080 rc=vbr br=2000 fps=60/60 gop=30 gopmode=normalp ltrint=0 ltrqpo=0 iqp=32 pqp=32 profile=0 level=153 tier=0 qp[10..51] iqp[10..51] iqd=0 firstqp=-1 iprop[10..40] idrrange=2 stattime=1 vq=0 ir=0/0 slice=0 debreath=0 scd=-1 rowqpd=-1 vui=-1 move=0 nframes=240
src=/root/rc65/clips/static.yuyv frames=30 loop=pingpong motion=vscroll mstep=4 window=0..-1
AX_SYS_Init rc=0x0
AX_VENC_Init rc=0x0
AX_VENC_CreateChn(7) rc=0x0
StartRecvFrame rc=0x0
AX_POOL_CreatePool id=0x0
blk=0x5e000000 phys=0x742cb000 virt=0xffffa27d5000
frame: modid=0x11 stride=1920 fmt=0xd
  snapshot pre: 3 venc_ko blocks (pool0 0x73801000 len 0x10000)
src frame 0: srcf=0 off=4 br=2000
frame 0: send=0x0 get=0x0 len=22054 coding=0 startqp=0 meanqp=0 picbytes=0 pskip=0 nalus=4 n32:27 n33:53 n34:12 n19:21962
  cu: inter64=0 inter32=0 inter16=0 inter8=0 intra32=0 intra16=0 intra8=0 intra4=0 reftype=0
  snapshot f000: 3 venc_ko blocks (pool0 0x73801000 len 0x10000)
src frame 1: srcf=1 off=8 br=2000
frame 1: send=0x0 get=0x0 len=1534 coding=1 startqp=0 meanqp=0 picbytes=0 pskip=0 nalus=1 n1:1534
  cu: inter64=0 inter32=0 inter16=0 inter8=0 intra32=0 intra16=0 intra8=0 intra4=0 reftype=0
  snapshot f001: 3 venc_ko blocks (pool0 0x73801000 len 0x10000)
src frame 2: srcf=2 off=12 br=2000
frame 2: send=0x0 get=0x0 len=1478 coding=1 startqp=0 meanqp=0 picbytes=0 pskip=0 nalus=1 n1:1478
  cu: inter64=0 inter32=0 inter16=0 inter8=0 intra32=0 intra16=0 intra8=0 intra4=0 reftype=0
  snapshot f002: 3 venc_ko blocks (pool0 0x73801000 len 0x10000)
src frame 3: srcf=3 off=16 br=2000
frame 3: send=0x0 get=0x0 len=2122 coding=1 startqp=0 meanqp=0 picbytes=0 pskip=0 nalus=1 n1:2122
  cu: inter64=0 inter32=0 inter16=0 inter8=0 intra32=0 intra16=0 intra8=0 intra4=0 reftype=0
  snapshot f003: 3 venc_ko blocks (pool0 0x73801000 len 0x10000)
src frame 4: srcf=4 off=20 br=2000
frame 4: send=0x0 get=0x0 len=2128 coding=1 startqp=0 meanqp=0 picbytes=0 pskip=0 nalus=1 n1:2128
  cu: inter64=0 inter32=0 inter16=0 inter8=0 intra32=0 intra16=0 intra8=0 intra4=0 reftype=0
  snapshot f004: 3 venc_ko blocks (pool0 0x73801000 len 0x10000)
src frame 5: srcf=5 off=24 br=2000
frame 5: send=0x0 get=0x0 len=2667 coding=1 startqp=0 meanqp=0 picbytes=0 pskip=0 nalus=1 n1:2667
  cu: inter64=0 inter32=0 inter16=0 inter8=0 intra32=0 intra16=0 intra8=0 intra4=0 reftype=0
  snapshot f005: 3 venc_ko blocks (pool0 0x73801000 len 0x10000)
src frame 6: srcf=6 off=28 br=2000
frame 6: send=0x0 get=0x0 len=3125 coding=1 startqp=0 meanqp=0 picbytes=0 pskip=0 nalus=1 n1:3125
  cu: inter64=0 inter32=0 inter16=0 inter8=0 intra32=0 intra16=0 intra8=0 intra4=0 reftype=0
  snapshot f006: 3 venc_ko blocks (pool0 0x73801000 len 0x10000)
src frame 7: srcf=7 off=32 br=2000
frame 7: send=0x0 get=0x0 len=1592 coding=1 startqp=0 meanqp=0 picbytes=0 pskip=0 nalus=1 n1:1592
  cu: inter64=0 inter32=0 inter16=0 inter8=0 intra32=0 intra16=0 intra8=0 intra4=0 reftype=0
  snapshot f007: 3 venc_ko blocks (pool0 0x73801000 len 0x10000)
src frame 8: srcf=8 off=36 br=2000
frame 8: send=0x0 get=0x0 len=2754 coding=1 startqp=0 meanqp=0 picbytes=0 pskip=0 nalus=1 n1:2754
  cu: inter64=0 inter32=0 inter16=0 inter8=0 intra32=0 intra16=0 intra8=0 intra4=0 reftype=0
  snapshot f008: 3 venc_ko blocks (pool0 0x73801000 len 0x10000)
src frame 9: srcf=9 off=40 br=2000
frame 9: send=0x0 get=0x0 len=3508 coding=1 startqp=0 meanqp=0 picbytes=0 pskip=0 nalus=1 n1:3508
  cu: inter64=0 inter32=0 inter16=0 inter8=0 intra32=0 intra16=0 intra8=0 intra4=0 reftype=0
  snapshot f009: 3 venc_ko blocks (pool0 0x73801000 len 0x10000)
src frame 10: srcf=10 off=44 br=2000
frame 10: send=0x0 get=0x0 len=574 coding=1 startqp=0 meanqp=0 picbytes=0 pskip=0 nalus=1 n1:574
  cu: inter64=0 inter32=0 inter16=0 inter8=0 intra32=0 intra16=0 intra8=0 intra4=0 reftype=0
  snapshot f010: 3 venc_ko blocks (pool0 0x73801000 len 0x10000)
src frame 11: srcf=11 off=48 br=2000
frame 11: send=0x0 get=0x0 len=1021 coding=1 startqp=0 meanqp=0 picbytes=0 pskip=0 nalus=1 n1:1021
  cu: inter64=0 inter32=0 inter16=0 inter8=0 intra32=0 intra16=0 intra8=0 intra4=0 reftype=0
  snapshot f011: 3 venc_ko blocks (pool0 0x73801000 len 0x10000)
src frame 12: srcf=12 off=52 br=2000
frame 12: send=0x0 get=0x0 len=1995 coding=1 startqp=0 meanqp=0 picbytes=0 pskip=0 nalus=1 n1:1995
  cu: inter64=0 inter32=0 inter16=0 inter8=0 intra32=0 intra16=0 intra8=0 intra4=0 reftype=0
  snapshot f012: 3 venc_ko blocks (pool0 0x73801000 len 0x10000)
src frame 13: srcf=13 off=56 br=2000
frame 13: send=0x0 get=0x0 len=2895 coding=1 startqp=0 meanqp=0 picbytes=0 pskip=0 nalus=1 n1:2895
  cu: inter64=0 inter32=0 inter16=0 inter8=0 intra32=0 intra16=0 intra8=0 intra4=0 reftype=0
  snapshot f013: 3 venc_ko blocks (pool0 0x73801000 len 0x10000)
src frame 14: srcf=14 off=60 br=2000
frame 14: send=0x0 get=0x0 len=4169 coding=1 startqp=0 meanqp=0 picbytes=0 pskip=0 nalus=1 n1:4169
  cu: inter64=0 inter32=0 inter16=0 inter8=0 intra32=0 intra16=0 intra8=0 intra4=0 reftype=0
  snapshot f014: 3 venc_ko blocks (pool0 0x73801000 len 0x10000)
src frame 15: srcf=15 off=64 br=2000
frame 15: send=0x0 get=0x0 len=570 coding=1 startqp=0 meanqp=0 picbytes=0 pskip=0 nalus=1 n1:570
  cu: inter64=0 inter32=0 inter16=0 inter8=0 intra32=0 intra16=0 intra8=0 intra4=0 reftype=0
  snapshot f015: 3 venc_ko blocks (pool0 0x73801000 len 0x10000)
src frame 16: srcf=16 off=68 br=2000
frame 16: send=0x0 get=0x0 len=893 coding=1 startqp=0 meanqp=0 picbytes=0 pskip=0 nalus=1 n1:893
  cu: inter64=0 inter32=0 inter16=0 inter8=0 intra32=0 intra16=0 intra8=0 intra4=0 reftype=0
  snapshot f016: 3 venc_ko blocks (pool0 0x73801000 len 0x10000)
src frame 17: srcf=17 off=72 br=2000
frame 17: send=0x0 get=0x0 len=1451 coding=1 startqp=0 meanqp=0 picbytes=0 pskip=0 nalus=1 n1:1451
  cu: inter64=0 inter32=0 inter16=0 inter8=0 intra32=0 intra16=0 intra8=0 intra4=0 reftype=0
  snapshot f017: 3 venc_ko blocks (pool0 0x73801000 len 0x10000)
src frame 18: srcf=18 off=76 br=2000
frame 18: send=0x0 get=0x0 len=2982 coding=1 startqp=0 meanqp=0 picbytes=0 pskip=0 nalus=1 n1:2982
  cu: inter64=0 inter32=0 inter16=0 inter8=0 intra32=0 intra16=0 intra8=0 intra4=0 reftype=0
  snapshot f018: 3 venc_ko blocks (pool0 0x73801000 len 0x10000)
src frame 19: srcf=19 off=80 br=2000
frame 19: send=0x0 get=0x0 len=3532 coding=1 startqp=0 meanqp=0 picbytes=0 pskip=0 nalus=1 n1:3532
  cu: inter64=0 inter32=0 inter16=0 inter8=0 intra32=0 intra16=0 intra8=0 intra4=0 reftype=0
  snapshot f019: 3 venc_ko blocks (pool0 0x73801000 len 0x10000)
src frame 20: srcf=20 off=84 br=2000
frame 20: send=0x0 get=0x0 len=1762 coding=1 startqp=0 meanqp=0 picbytes=0 pskip=0 nalus=1 n1:1762
  cu: inter64=0 inter32=0 inter16=0 inter8=0 intra32=0 intra16=0 intra8=0 intra4=0 reftype=0
  snapshot f020: 3 venc_ko blocks (pool0 0x73801000 len 0x10000)
src frame 21: srcf=21 off=88 br=2000
frame 21: send=0x0 get=0x0 len=3615 coding=1 startqp=0 meanqp=0 picbytes=0 pskip=0 nalus=1 n1:3615
  cu: inter64=0 inter32=0 inter16=0 inter8=0 intra32=0 intra16=0 intra8=0 intra4=0 reftype=0
  snapshot f021: 3 venc_ko blocks (pool0 0x73801000 len 0x10000)
src frame 22: srcf=22 off=92 br=2000
frame 22: send=0x0 get=0x0 len=2452 coding=1 startqp=0 meanqp=0 picbytes=0 pskip=0 nalus=1 n1:2452
  cu: inter64=0 inter32=0 inter16=0 inter8=0 intra32=0 intra16=0 intra8=0 intra4=0 reftype=0
  snapshot f022: 3 venc_ko blocks (pool0 0x73801000 len 0x10000)
src frame 23: srcf=23 off=96 br=2000
frame 23: send=0x0 get=0x0 len=4752 coding=1 startqp=0 meanqp=0 picbytes=0 pskip=0 nalus=1 n1:4752
  cu: inter64=0 inter32=0 inter16=0 inter8=0 intra32=0 intra16=0 intra8=0 intra4=0 reftype=0
  snapshot f023: 3 venc_ko blocks (pool0 0x73801000 len 0x10000)
src frame 24: srcf=24 off=100 br=2000
frame 24: send=0x0 get=0x0 len=1831 coding=1 startqp=0 meanqp=0 picbytes=0 pskip=0 nalus=1 n1:1831
  cu: inter64=0 inter32=0 inter16=0 inter8=0 intra32=0 intra16=0 intra8=0 intra4=0 reftype=0
  snapshot f024: 3 venc_ko blocks (pool0 0x73801000 len 0x10000)
src frame 25: srcf=25 off=104 br=2000
frame 25: send=0x0 get=0x0 len=1518 coding=1 startqp=0 meanqp=0 picbytes=0 pskip=0 nalus=1 n1:1518
  cu: inter64=0 inter32=0 inter16=0 inter8=0 intra32=0 intra16=0 intra8=0 intra4=0 reftype=0
  snapshot f025: 3 venc_ko blocks (pool0 0x73801000 len 0x10000)
src frame 26: srcf=26 off=108 br=2000
frame 26: send=0x0 get=0x0 len=2008 coding=1 startqp=0 meanqp=0 picbytes=0 pskip=0 nalus=1 n1:2008
  cu: inter64=0 inter32=0 inter16=0 inter8=0 intra32=0 intra16=0 intra8=0 intra4=0 reftype=0
  snapshot f026: 3 venc_ko blocks (pool0 0x73801000 len 0x10000)
src frame 27: srcf=27 off=112 br=2000
frame 27: send=0x0 get=0x0 len=3183 coding=1 startqp=0 meanqp=0 picbytes=0 pskip=0 nalus=1 n1:3183
  cu: inter64=0 inter32=0 inter16=0 inter8=0 intra32=0 intra16=0 intra8=0 intra4=0 reftype=0
  snapshot f027: 3 venc_ko blocks (pool0 0x73801000 len 0x10000)
src frame 28: srcf=28 off=116 br=2000
frame 28: send=0x0 get=0x0 len=4264 coding=1 startqp=0 meanqp=0 picbytes=0 pskip=0 nalus=1 n1:4264
  cu: inter64=0 inter32=0 inter16=0 inter8=0 intra32=0 intra16=0 intra8=0 intra4=0 reftype=0
  snapshot f028: 3 venc_ko blocks (pool0 0x73801000 len 0x10000)
src frame 29: srcf=29 off=120 br=2000
frame 29: send=0x0 get=0x0 len=813 coding=1 startqp=0 meanqp=0 picbytes=0 pskip=0 nalus=1 n1:813
  cu: inter64=0 inter32=0 inter16=0 inter8=0 intra32=0 intra16=0 intra8=0 intra4=0 reftype=0
  snapshot f029: 3 venc_ko blocks (pool0 0x73801000 len 0x10000)
src frame 30: srcf=28 off=124 br=2000
frame 30: send=0x0 get=0x0 len=43260 coding=0 startqp=0 meanqp=0 picbytes=0 pskip=0 nalus=4 n32:27 n33:53 n34:12 n19:43168
  cu: inter64=0 inter32=0 inter16=0 inter8=0 intra32=0 intra16=0 intra8=0 intra4=0 reftype=0
  snapshot f030: 3 venc_ko blocks (pool0 0x73801000 len 0x10000)
src frame 31: srcf=27 off=128 br=2000
frame 31: send=0x0 get=0x0 len=1335 coding=1 startqp=0 meanqp=0 picbytes=0 pskip=0 nalus=1 n1:1335
  cu: inter64=0 inter32=0 inter16=0 inter8=0 intra32=0 intra16=0 intra8=0 intra4=0 reftype=0
  snapshot f031: 3 venc_ko blocks (pool0 0x73801000 len 0x10000)
src frame 32: srcf=26 off=132 br=2000
frame 32: send=0x0 get=0x0 len=1583 coding=1 startqp=0 meanqp=0 picbytes=0 pskip=0 nalus=1 n1:1583
  cu: inter64=0 inter32=0 inter16=0 inter8=0 intra32=0 intra16=0 intra8=0 intra4=0 reftype=0
  snapshot f032: 3 venc_ko blocks (pool0 0x73801000 len 0x10000)
src frame 33: srcf=25 off=136 br=2000
frame 33: send=0x0 get=0x0 len=2299 coding=1 startqp=0 meanqp=0 picbytes=0 pskip=0 nalus=1 n1:2299
  cu: inter64=0 inter32=0 inter16=0 inter8=0 intra32=0 intra16=0 intra8=0 intra4=0 reftype=0
  snapshot f033: 3 venc_ko blocks (pool0 0x73801000 len 0x10000)
src frame 34: srcf=24 off=140 br=2000
frame 34: send=0x0 get=0x0 len=2722 coding=1 startqp=0 meanqp=0 picbytes=0 pskip=0 nalus=1 n1:2722
  cu: inter64=0 inter32=0 inter16=0 inter8=0 intra32=0 intra16=0 intra8=0 intra4=0 reftype=0
  snapshot f034: 3 venc_ko blocks (pool0 0x73801000 len 0x10000)
src frame 35: srcf=23 off=144 br=2000
frame 35: send=0x0 get=0x0 len=3296 coding=1 startqp=0 meanqp=0 picbytes=0 pskip=0 nalus=1 n1:3296
  cu: inter64=0 inter32=0 inter16=0 inter8=0 intra32=0 intra16=0 intra8=0 intra4=0 reftype=0
  snapshot f035: 3 venc_ko blocks (pool0 0x73801000 len 0x10000)
src frame 36: srcf=22 off=148 br=2000
frame 36: send=0x0 get=0x0 len=1508 coding=1 startqp=0 meanqp=0 picbytes=0 pskip=0 nalus=1 n1:1508
  cu: inter64=0 inter32=0 inter16=0 inter8=0 intra32=0 intra16=0 intra8=0 intra4=0 reftype=0
  snapshot f036: 3 venc_ko blocks (pool0 0x73801000 len 0x10000)
src frame 37: srcf=21 off=152 br=2000
frame 37: send=0x0 get=0x0 len=2682 coding=1 startqp=0 meanqp=0 picbytes=0 pskip=0 nalus=1 n1:2682
  cu: inter64=0 inter32=0 inter16=0 inter8=0 intra32=0 intra16=0 intra8=0 intra4=0 reftype=0
  snapshot f037: 3 venc_ko blocks (pool0 0x73801000 len 0x10000)
src frame 38: srcf=20 off=156 br=2000
frame 38: send=0x0 get=0x0 len=4112 coding=1 startqp=0 meanqp=0 picbytes=0 pskip=0 nalus=1 n1:4112
  cu: inter64=0 inter32=0 inter16=0 inter8=0 intra32=0 intra16=0 intra8=0 intra4=0 reftype=0
  snapshot f038: 3 venc_ko blocks (pool0 0x73801000 len 0x10000)
src frame 39: srcf=19 off=160 br=2000
frame 39: send=0x0 get=0x0 len=853 coding=1 startqp=0 meanqp=0 picbytes=0 pskip=0 nalus=1 n1:853
  cu: inter64=0 inter32=0 inter16=0 inter8=0 intra32=0 intra16=0 intra8=0 intra4=0 reftype=0
  snapshot f039: 3 venc_ko blocks (pool0 0x73801000 len 0x10000)
src frame 40: srcf=18 off=164 br=2000
frame 40: send=0x0 get=0x0 len=1020 coding=1 startqp=0 meanqp=0 picbytes=0 pskip=0 nalus=1 n1:1020
  cu: inter64=0 inter32=0 inter16=0 inter8=0 intra32=0 intra16=0 intra8=0 intra4=0 reftype=0
  snapshot f040: 3 venc_ko blocks (pool0 0x73801000 len 0x10000)
src frame 41: srcf=17 off=168 br=2000
frame 41: send=0x0 get=0x0 len=2718 coding=1 startqp=0 meanqp=0 picbytes=0 pskip=0 nalus=1 n1:2718
  cu: inter64=0 inter32=0 inter16=0 inter8=0 intra32=0 intra16=0 intra8=0 intra4=0 reftype=0
  snapshot f041: 3 venc_ko blocks (pool0 0x73801000 len 0x10000)
src frame 42: srcf=16 off=172 br=2000
frame 42: send=0x0 get=0x0 len=4370 coding=1 startqp=0 meanqp=0 picbytes=0 pskip=0 nalus=1 n1:4370
  cu: inter64=0 inter32=0 inter16=0 inter8=0 intra32=0 intra16=0 intra8=0 intra4=0 reftype=0
  snapshot f042: 3 venc_ko blocks (pool0 0x73801000 len 0x10000)
src frame 43: srcf=15 off=176 br=2000
frame 43: send=0x0 get=0x0 len=1618 coding=1 startqp=0 meanqp=0 picbytes=0 pskip=0 nalus=1 n1:1618
  cu: inter64=0 inter32=0 inter16=0 inter8=0 intra32=0 intra16=0 intra8=0 intra4=0 reftype=0
  snapshot f043: 3 venc_ko blocks (pool0 0x73801000 len 0x10000)
src frame 44: srcf=14 off=180 br=2000
frame 44: send=0x0 get=0x0 len=1490 coding=1 startqp=0 meanqp=0 picbytes=0 pskip=0 nalus=1 n1:1490
  cu: inter64=0 inter32=0 inter16=0 inter8=0 intra32=0 intra16=0 intra8=0 intra4=0 reftype=0
  snapshot f044: 3 venc_ko blocks (pool0 0x73801000 len 0x10000)
src frame 45: srcf=13 off=184 br=2000
frame 45: send=0x0 get=0x0 len=1946 coding=1 startqp=0 meanqp=0 picbytes=0 pskip=0 nalus=1 n1:1946
  cu: inter64=0 inter32=0 inter16=0 inter8=0 intra32=0 intra16=0 intra8=0 intra4=0 reftype=0
  snapshot f045: 3 venc_ko blocks (pool0 0x73801000 len 0x10000)
src frame 46: srcf=12 off=188 br=2000
frame 46: send=0x0 get=0x0 len=3409 coding=1 startqp=0 meanqp=0 picbytes=0 pskip=0 nalus=1 n1:3409
  cu: inter64=0 inter32=0 inter16=0 inter8=0 intra32=0 intra16=0 intra8=0 intra4=0 reftype=0
  snapshot f046: 3 venc_ko blocks (pool0 0x73801000 len 0x10000)
src frame 47: srcf=11 off=192 br=2000
frame 47: send=0x0 get=0x0 len=1959 coding=1 startqp=0 meanqp=0 picbytes=0 pskip=0 nalus=1 n1:1959
  cu: inter64=0 inter32=0 inter16=0 inter8=0 intra32=0 intra16=0 intra8=0 intra4=0 reftype=0
  snapshot f047: 3 venc_ko blocks (pool0 0x73801000 len 0x10000)
src frame 48: srcf=10 off=196 br=2000
frame 48: send=0x0 get=0x0 len=4206 coding=1 startqp=0 meanqp=0 picbytes=0 pskip=0 nalus=1 n1:4206
  cu: inter64=0 inter32=0 inter16=0 inter8=0 intra32=0 intra16=0 intra8=0 intra4=0 reftype=0
  snapshot f048: 3 venc_ko blocks (pool0 0x73801000 len 0x10000)
src frame 49: srcf=9 off=200 br=2000
frame 49: send=0x0 get=0x0 len=917 coding=1 startqp=0 meanqp=0 picbytes=0 pskip=0 nalus=1 n1:917
  cu: inter64=0 inter32=0 inter16=0 inter8=0 intra32=0 intra16=0 intra8=0 intra4=0 reftype=0
  snapshot f049: 3 venc_ko blocks (pool0 0x73801000 len 0x10000)
src frame 50: srcf=8 off=204 br=2000
frame 50: send=0x0 get=0x0 len=1655 coding=1 startqp=0 meanqp=0 picbytes=0 pskip=0 nalus=1 n1:1655
  cu: inter64=0 inter32=0 inter16=0 inter8=0 intra32=0 intra16=0 intra8=0 intra4=0 reftype=0
  snapshot f050: 3 venc_ko blocks (pool0 0x73801000 len 0x10000)
src frame 51: srcf=7 off=208 br=2000
frame 51: send=0x0 get=0x0 len=3207 coding=1 startqp=0 meanqp=0 picbytes=0 pskip=0 nalus=1 n1:3207
  cu: inter64=0 inter32=0 inter16=0 inter8=0 intra32=0 intra16=0 intra8=0 intra4=0 reftype=0
  snapshot f051: 3 venc_ko blocks (pool0 0x73801000 len 0x10000)
src frame 52: srcf=6 off=212 br=2000
frame 52: send=0x0 get=0x0 len=2489 coding=1 startqp=0 meanqp=0 picbytes=0 pskip=0 nalus=1 n1:2489
  cu: inter64=0 inter32=0 inter16=0 inter8=0 intra32=0 intra16=0 intra8=0 intra4=0 reftype=0
  snapshot f052: 3 venc_ko blocks (pool0 0x73801000 len 0x10000)
src frame 53: srcf=5 off=216 br=2000
frame 53: send=0x0 get=0x0 len=4595 coding=1 startqp=0 meanqp=0 picbytes=0 pskip=0 nalus=1 n1:4595
  cu: inter64=0 inter32=0 inter16=0 inter8=0 intra32=0 intra16=0 intra8=0 intra4=0 reftype=0
  snapshot f053: 3 venc_ko blocks (pool0 0x73801000 len 0x10000)
src frame 54: srcf=4 off=220 br=2000
frame 54: send=0x0 get=0x0 len=1257 coding=1 startqp=0 meanqp=0 picbytes=0 pskip=0 nalus=1 n1:1257
  cu: inter64=0 inter32=0 inter16=0 inter8=0 intra32=0 intra16=0 intra8=0 intra4=0 reftype=0
  snapshot f054: 3 venc_ko blocks (pool0 0x73801000 len 0x10000)
src frame 55: srcf=3 off=224 br=2000
frame 55: send=0x0 get=0x0 len=1530 coding=1 startqp=0 meanqp=0 picbytes=0 pskip=0 nalus=1 n1:1530
  cu: inter64=0 inter32=0 inter16=0 inter8=0 intra32=0 intra16=0 intra8=0 intra4=0 reftype=0
  snapshot f055: 3 venc_ko blocks (pool0 0x73801000 len 0x10000)
src frame 56: srcf=2 off=228 br=2000
frame 56: send=0x0 get=0x0 len=2169 coding=1 startqp=0 meanqp=0 picbytes=0 pskip=0 nalus=1 n1:2169
  cu: inter64=0 inter32=0 inter16=0 inter8=0 intra32=0 intra16=0 intra8=0 intra4=0 reftype=0
  snapshot f056: 3 venc_ko blocks (pool0 0x73801000 len 0x10000)
src frame 57: srcf=1 off=232 br=2000
frame 57: send=0x0 get=0x0 len=3826 coding=1 startqp=0 meanqp=0 picbytes=0 pskip=0 nalus=1 n1:3826
  cu: inter64=0 inter32=0 inter16=0 inter8=0 intra32=0 intra16=0 intra8=0 intra4=0 reftype=0
  snapshot f057: 3 venc_ko blocks (pool0 0x73801000 len 0x10000)
src frame 58: srcf=0 off=236 br=2000
frame 58: send=0x0 get=0x0 len=813 coding=1 startqp=0 meanqp=0 picbytes=0 pskip=0 nalus=1 n1:813
  cu: inter64=0 inter32=0 inter16=0 inter8=0 intra32=0 intra16=0 intra8=0 intra4=0 reftype=0
  snapshot f058: 3 venc_ko blocks (pool0 0x73801000 len 0x10000)
src frame 59: srcf=1 off=240 br=2000
frame 59: send=0x0 get=0x0 len=1185 coding=1 startqp=0 meanqp=0 picbytes=0 pskip=0 nalus=1 n1:1185
  cu: inter64=0 inter32=0 inter16=0 inter8=0 intra32=0 intra16=0 intra8=0 intra4=0 reftype=0
  snapshot f059: 3 venc_ko blocks (pool0 0x73801000 len 0x10000)
src frame 60: srcf=2 off=244 br=2000
frame 60: send=0x0 get=0x0 len=63741 coding=0 startqp=0 meanqp=0 picbytes=0 pskip=0 nalus=4 n32:27 n33:53 n34:12 n19:63649
  cu: inter64=0 inter32=0 inter16=0 inter8=0 intra32=0 intra16=0 intra8=0 intra4=0 reftype=0
  snapshot f060: 3 venc_ko blocks (pool0 0x73801000 len 0x10000)
src frame 61: srcf=3 off=248 br=2000
frame 61: send=0x0 get=0x0 len=1964 coding=1 startqp=0 meanqp=0 picbytes=0 pskip=0 nalus=1 n1:1964
  cu: inter64=0 inter32=0 inter16=0 inter8=0 intra32=0 intra16=0 intra8=0 intra4=0 reftype=0
  snapshot f061: 3 venc_ko blocks (pool0 0x73801000 len 0x10000)
src frame 62: srcf=4 off=252 br=2000
frame 62: send=0x0 get=0x0 len=2638 coding=1 startqp=0 meanqp=0 picbytes=0 pskip=0 nalus=1 n1:2638
  cu: inter64=0 inter32=0 inter16=0 inter8=0 intra32=0 intra16=0 intra8=0 intra4=0 reftype=0
  snapshot f062: 3 venc_ko blocks (pool0 0x73801000 len 0x10000)
src frame 63: srcf=5 off=256 br=2000
frame 63: send=0x0 get=0x0 len=1231 coding=1 startqp=0 meanqp=0 picbytes=0 pskip=0 nalus=1 n1:1231
  cu: inter64=0 inter32=0 inter16=0 inter8=0 intra32=0 intra16=0 intra8=0 intra4=0 reftype=0
  snapshot f063: 3 venc_ko blocks (pool0 0x73801000 len 0x10000)
src frame 64: srcf=6 off=260 br=2000
frame 64: send=0x0 get=0x0 len=1585 coding=1 startqp=0 meanqp=0 picbytes=0 pskip=0 nalus=1 n1:1585
  cu: inter64=0 inter32=0 inter16=0 inter8=0 intra32=0 intra16=0 intra8=0 intra4=0 reftype=0
  snapshot f064: 3 venc_ko blocks (pool0 0x73801000 len 0x10000)
src frame 65: srcf=7 off=264 br=2000
frame 65: send=0x0 get=0x0 len=1536 coding=1 startqp=0 meanqp=0 picbytes=0 pskip=0 nalus=1 n1:1536
  cu: inter64=0 inter32=0 inter16=0 inter8=0 intra32=0 intra16=0 intra8=0 intra4=0 reftype=0
  snapshot f065: 3 venc_ko blocks (pool0 0x73801000 len 0x10000)
src frame 66: srcf=8 off=268 br=2000
frame 66: send=0x0 get=0x0 len=2282 coding=1 startqp=0 meanqp=0 picbytes=0 pskip=0 nalus=1 n1:2282
  cu: inter64=0 inter32=0 inter16=0 inter8=0 intra32=0 intra16=0 intra8=0 intra4=0 reftype=0
  snapshot f066: 3 venc_ko blocks (pool0 0x73801000 len 0x10000)
src frame 67: srcf=9 off=272 br=2000
frame 67: send=0x0 get=0x0 len=3270 coding=1 startqp=0 meanqp=0 picbytes=0 pskip=0 nalus=1 n1:3270
  cu: inter64=0 inter32=0 inter16=0 inter8=0 intra32=0 intra16=0 intra8=0 intra4=0 reftype=0
  snapshot f067: 3 venc_ko blocks (pool0 0x73801000 len 0x10000)
src frame 68: srcf=10 off=276 br=2000
frame 68: send=0x0 get=0x0 len=1311 coding=1 startqp=0 meanqp=0 picbytes=0 pskip=0 nalus=1 n1:1311
  cu: inter64=0 inter32=0 inter16=0 inter8=0 intra32=0 intra16=0 intra8=0 intra4=0 reftype=0
  snapshot f068: 3 venc_ko blocks (pool0 0x73801000 len 0x10000)
src frame 69: srcf=11 off=280 br=2000
frame 69: send=0x0 get=0x0 len=1497 coding=1 startqp=0 meanqp=0 picbytes=0 pskip=0 nalus=1 n1:1497
  cu: inter64=0 inter32=0 inter16=0 inter8=0 intra32=0 intra16=0 intra8=0 intra4=0 reftype=0
  snapshot f069: 3 venc_ko blocks (pool0 0x73801000 len 0x10000)
src frame 70: srcf=12 off=284 br=2000
frame 70: send=0x0 get=0x0 len=2522 coding=1 startqp=0 meanqp=0 picbytes=0 pskip=0 nalus=1 n1:2522
  cu: inter64=0 inter32=0 inter16=0 inter8=0 intra32=0 intra16=0 intra8=0 intra4=0 reftype=0
  snapshot f070: 3 venc_ko blocks (pool0 0x73801000 len 0x10000)
src frame 71: srcf=13 off=288 br=2000
frame 71: send=0x0 get=0x0 len=2465 coding=1 startqp=0 meanqp=0 picbytes=0 pskip=0 nalus=1 n1:2465
  cu: inter64=0 inter32=0 inter16=0 inter8=0 intra32=0 intra16=0 intra8=0 intra4=0 reftype=0
  snapshot f071: 3 venc_ko blocks (pool0 0x73801000 len 0x10000)
src frame 72: srcf=14 off=292 br=2000
frame 72: send=0x0 get=0x0 len=2204 coding=1 startqp=0 meanqp=0 picbytes=0 pskip=0 nalus=1 n1:2204
  cu: inter64=0 inter32=0 inter16=0 inter8=0 intra32=0 intra16=0 intra8=0 intra4=0 reftype=0
  snapshot f072: 3 venc_ko blocks (pool0 0x73801000 len 0x10000)
src frame 73: srcf=15 off=296 br=2000
frame 73: send=0x0 get=0x0 len=3725 coding=1 startqp=0 meanqp=0 picbytes=0 pskip=0 nalus=1 n1:3725
  cu: inter64=0 inter32=0 inter16=0 inter8=0 intra32=0 intra16=0 intra8=0 intra4=0 reftype=0
  snapshot f073: 3 venc_ko blocks (pool0 0x73801000 len 0x10000)
src frame 74: srcf=16 off=300 br=2000
frame 74: send=0x0 get=0x0 len=821 coding=1 startqp=0 meanqp=0 picbytes=0 pskip=0 nalus=1 n1:821
  cu: inter64=0 inter32=0 inter16=0 inter8=0 intra32=0 intra16=0 intra8=0 intra4=0 reftype=0
  snapshot f074: 3 venc_ko blocks (pool0 0x73801000 len 0x10000)
src frame 75: srcf=17 off=304 br=2000
frame 75: send=0x0 get=0x0 len=1285 coding=1 startqp=0 meanqp=0 picbytes=0 pskip=0 nalus=1 n1:1285
  cu: inter64=0 inter32=0 inter16=0 inter8=0 intra32=0 intra16=0 intra8=0 intra4=0 reftype=0
  snapshot f075: 3 venc_ko blocks (pool0 0x73801000 len 0x10000)
src frame 76: srcf=18 off=308 br=2000
frame 76: send=0x0 get=0x0 len=2403 coding=1 startqp=0 meanqp=0 picbytes=0 pskip=0 nalus=1 n1:2403
  cu: inter64=0 inter32=0 inter16=0 inter8=0 intra32=0 intra16=0 intra8=0 intra4=0 reftype=0
  snapshot f076: 3 venc_ko blocks (pool0 0x73801000 len 0x10000)
src frame 77: srcf=19 off=312 br=2000
frame 77: send=0x0 get=0x0 len=2265 coding=1 startqp=0 meanqp=0 picbytes=0 pskip=0 nalus=1 n1:2265
  cu: inter64=0 inter32=0 inter16=0 inter8=0 intra32=0 intra16=0 intra8=0 intra4=0 reftype=0
  snapshot f077: 3 venc_ko blocks (pool0 0x73801000 len 0x10000)
src frame 78: srcf=20 off=316 br=2000
frame 78: send=0x0 get=0x0 len=1820 coding=1 startqp=0 meanqp=0 picbytes=0 pskip=0 nalus=1 n1:1820
  cu: inter64=0 inter32=0 inter16=0 inter8=0 intra32=0 intra16=0 intra8=0 intra4=0 reftype=0
  snapshot f078: 3 venc_ko blocks (pool0 0x73801000 len 0x10000)
src frame 79: srcf=21 off=320 br=2000
frame 79: send=0x0 get=0x0 len=2446 coding=1 startqp=0 meanqp=0 picbytes=0 pskip=0 nalus=1 n1:2446
  cu: inter64=0 inter32=0 inter16=0 inter8=0 intra32=0 intra16=0 intra8=0 intra4=0 reftype=0
  snapshot f079: 3 venc_ko blocks (pool0 0x73801000 len 0x10000)
src frame 80: srcf=22 off=324 br=2000
frame 80: send=0x0 get=0x0 len=2711 coding=1 startqp=0 meanqp=0 picbytes=0 pskip=0 nalus=1 n1:2711
  cu: inter64=0 inter32=0 inter16=0 inter8=0 intra32=0 intra16=0 intra8=0 intra4=0 reftype=0
  snapshot f080: 3 venc_ko blocks (pool0 0x73801000 len 0x10000)
src frame 81: srcf=23 off=328 br=2000
frame 81: send=0x0 get=0x0 len=3075 coding=1 startqp=0 meanqp=0 picbytes=0 pskip=0 nalus=1 n1:3075
  cu: inter64=0 inter32=0 inter16=0 inter8=0 intra32=0 intra16=0 intra8=0 intra4=0 reftype=0
  snapshot f081: 3 venc_ko blocks (pool0 0x73801000 len 0x10000)
src frame 82: srcf=24 off=332 br=2000
frame 82: send=0x0 get=0x0 len=1770 coding=1 startqp=0 meanqp=0 picbytes=0 pskip=0 nalus=1 n1:1770
  cu: inter64=0 inter32=0 inter16=0 inter8=0 intra32=0 intra16=0 intra8=0 intra4=0 reftype=0
  snapshot f082: 3 venc_ko blocks (pool0 0x73801000 len 0x10000)
src frame 83: srcf=25 off=336 br=2000
frame 83: send=0x0 get=0x0 len=1501 coding=1 startqp=0 meanqp=0 picbytes=0 pskip=0 nalus=1 n1:1501
  cu: inter64=0 inter32=0 inter16=0 inter8=0 intra32=0 intra16=0 intra8=0 intra4=0 reftype=0
  snapshot f083: 3 venc_ko blocks (pool0 0x73801000 len 0x10000)
src frame 84: srcf=26 off=340 br=2000
frame 84: send=0x0 get=0x0 len=1974 coding=1 startqp=0 meanqp=0 picbytes=0 pskip=0 nalus=1 n1:1974
  cu: inter64=0 inter32=0 inter16=0 inter8=0 intra32=0 intra16=0 intra8=0 intra4=0 reftype=0
  snapshot f084: 3 venc_ko blocks (pool0 0x73801000 len 0x10000)
src frame 85: srcf=27 off=344 br=2000
frame 85: send=0x0 get=0x0 len=1863 coding=1 startqp=0 meanqp=0 picbytes=0 pskip=0 nalus=1 n1:1863
  cu: inter64=0 inter32=0 inter16=0 inter8=0 intra32=0 intra16=0 intra8=0 intra4=0 reftype=0
  snapshot f085: 3 venc_ko blocks (pool0 0x73801000 len 0x10000)
src frame 86: srcf=28 off=348 br=2000
frame 86: send=0x0 get=0x0 len=1695 coding=1 startqp=0 meanqp=0 picbytes=0 pskip=0 nalus=1 n1:1695
  cu: inter64=0 inter32=0 inter16=0 inter8=0 intra32=0 intra16=0 intra8=0 intra4=0 reftype=0
  snapshot f086: 3 venc_ko blocks (pool0 0x73801000 len 0x10000)
src frame 87: srcf=29 off=352 br=2000
frame 87: send=0x0 get=0x0 len=1772 coding=1 startqp=0 meanqp=0 picbytes=0 pskip=0 nalus=1 n1:1772
  cu: inter64=0 inter32=0 inter16=0 inter8=0 intra32=0 intra16=0 intra8=0 intra4=0 reftype=0
  snapshot f087: 3 venc_ko blocks (pool0 0x73801000 len 0x10000)
src frame 88: srcf=28 off=356 br=2000
frame 88: send=0x0 get=0x0 len=1752 coding=1 startqp=0 meanqp=0 picbytes=0 pskip=0 nalus=1 n1:1752
  cu: inter64=0 inter32=0 inter16=0 inter8=0 intra32=0 intra16=0 intra8=0 intra4=0 reftype=0
  snapshot f088: 3 venc_ko blocks (pool0 0x73801000 len 0x10000)
src frame 89: srcf=27 off=360 br=2000
frame 89: send=0x0 get=0x0 len=1909 coding=1 startqp=0 meanqp=0 picbytes=0 pskip=0 nalus=1 n1:1909
  cu: inter64=0 inter32=0 inter16=0 inter8=0 intra32=0 intra16=0 intra8=0 intra4=0 reftype=0
  snapshot f089: 3 venc_ko blocks (pool0 0x73801000 len 0x10000)
src frame 90: srcf=26 off=364 br=2000
frame 90: send=0x0 get=0x0 len=77211 coding=0 startqp=0 meanqp=0 picbytes=0 pskip=0 nalus=4 n32:27 n33:53 n34:12 n19:77119
  cu: inter64=0 inter32=0 inter16=0 inter8=0 intra32=0 intra16=0 intra8=0 intra4=0 reftype=0
  snapshot f090: 3 venc_ko blocks (pool0 0x73801000 len 0x10000)
src frame 91: srcf=25 off=368 br=2000
frame 91: send=0x0 get=0x0 len=1569 coding=1 startqp=0 meanqp=0 picbytes=0 pskip=0 nalus=1 n1:1569
  cu: inter64=0 inter32=0 inter16=0 inter8=0 intra32=0 intra16=0 intra8=0 intra4=0 reftype=0
  snapshot f091: 3 venc_ko blocks (pool0 0x73801000 len 0x10000)
src frame 92: srcf=24 off=372 br=2000
frame 92: send=0x0 get=0x0 len=1119 coding=1 startqp=0 meanqp=0 picbytes=0 pskip=0 nalus=1 n1:1119
  cu: inter64=0 inter32=0 inter16=0 inter8=0 intra32=0 intra16=0 intra8=0 intra4=0 reftype=0
  snapshot f092: 3 venc_ko blocks (pool0 0x73801000 len 0x10000)
src frame 93: srcf=23 off=376 br=2000
frame 93: send=0x0 get=0x0 len=1026 coding=1 startqp=0 meanqp=0 picbytes=0 pskip=0 nalus=1 n1:1026
  cu: inter64=0 inter32=0 inter16=0 inter8=0 intra32=0 intra16=0 intra8=0 intra4=0 reftype=0
  snapshot f093: 3 venc_ko blocks (pool0 0x73801000 len 0x10000)
src frame 94: srcf=22 off=380 br=2000
frame 94: send=0x0 get=0x0 len=1057 coding=1 startqp=0 meanqp=0 picbytes=0 pskip=0 nalus=1 n1:1057
  cu: inter64=0 inter32=0 inter16=0 inter8=0 intra32=0 intra16=0 intra8=0 intra4=0 reftype=0
  snapshot f094: 3 venc_ko blocks (pool0 0x73801000 len 0x10000)
src frame 95: srcf=21 off=384 br=2000
frame 95: send=0x0 get=0x0 len=1608 coding=1 startqp=0 meanqp=0 picbytes=0 pskip=0 nalus=1 n1:1608
  cu: inter64=0 inter32=0 inter16=0 inter8=0 intra32=0 intra16=0 intra8=0 intra4=0 reftype=0
  snapshot f095: 3 venc_ko blocks (pool0 0x73801000 len 0x10000)
src frame 96: srcf=20 off=388 br=2000
frame 96: send=0x0 get=0x0 len=1460 coding=1 startqp=0 meanqp=0 picbytes=0 pskip=0 nalus=1 n1:1460
  cu: inter64=0 inter32=0 inter16=0 inter8=0 intra32=0 intra16=0 intra8=0 intra4=0 reftype=0
  snapshot f096: 3 venc_ko blocks (pool0 0x73801000 len 0x10000)
src frame 97: srcf=19 off=392 br=2000
frame 97: send=0x0 get=0x0 len=1237 coding=1 startqp=0 meanqp=0 picbytes=0 pskip=0 nalus=1 n1:1237
  cu: inter64=0 inter32=0 inter16=0 inter8=0 intra32=0 intra16=0 intra8=0 intra4=0 reftype=0
  snapshot f097: 3 venc_ko blocks (pool0 0x73801000 len 0x10000)
src frame 98: srcf=18 off=396 br=2000
frame 98: send=0x0 get=0x0 len=1423 coding=1 startqp=0 meanqp=0 picbytes=0 pskip=0 nalus=1 n1:1423
  cu: inter64=0 inter32=0 inter16=0 inter8=0 intra32=0 intra16=0 intra8=0 intra4=0 reftype=0
  snapshot f098: 3 venc_ko blocks (pool0 0x73801000 len 0x10000)
src frame 99: srcf=17 off=400 br=2000
frame 99: send=0x0 get=0x0 len=1795 coding=1 startqp=0 meanqp=0 picbytes=0 pskip=0 nalus=1 n1:1795
  cu: inter64=0 inter32=0 inter16=0 inter8=0 intra32=0 intra16=0 intra8=0 intra4=0 reftype=0
  snapshot f099: 3 venc_ko blocks (pool0 0x73801000 len 0x10000)
src frame 100: srcf=16 off=404 br=2000
frame 100: send=0x0 get=0x0 len=1652 coding=1 startqp=0 meanqp=0 picbytes=0 pskip=0 nalus=1 n1:1652
  cu: inter64=0 inter32=0 inter16=0 inter8=0 intra32=0 intra16=0 intra8=0 intra4=0 reftype=0
  snapshot f100: 3 venc_ko blocks (pool0 0x73801000 len 0x10000)
src frame 101: srcf=15 off=408 br=2000
frame 101: send=0x0 get=0x0 len=1873 coding=1 startqp=0 meanqp=0 picbytes=0 pskip=0 nalus=1 n1:1873
  cu: inter64=0 inter32=0 inter16=0 inter8=0 intra32=0 intra16=0 intra8=0 intra4=0 reftype=0
  snapshot f101: 3 venc_ko blocks (pool0 0x73801000 len 0x10000)
src frame 102: srcf=14 off=412 br=2000
frame 102: send=0x0 get=0x0 len=2072 coding=1 startqp=0 meanqp=0 picbytes=0 pskip=0 nalus=1 n1:2072
  cu: inter64=0 inter32=0 inter16=0 inter8=0 intra32=0 intra16=0 intra8=0 intra4=0 reftype=0
  snapshot f102: 3 venc_ko blocks (pool0 0x73801000 len 0x10000)
src frame 103: srcf=13 off=416 br=2000
frame 103: send=0x0 get=0x0 len=2282 coding=1 startqp=0 meanqp=0 picbytes=0 pskip=0 nalus=1 n1:2282
  cu: inter64=0 inter32=0 inter16=0 inter8=0 intra32=0 intra16=0 intra8=0 intra4=0 reftype=0
  snapshot f103: 3 venc_ko blocks (pool0 0x73801000 len 0x10000)
src frame 104: srcf=12 off=420 br=2000
frame 104: send=0x0 get=0x0 len=1018 coding=1 startqp=0 meanqp=0 picbytes=0 pskip=0 nalus=1 n1:1018
  cu: inter64=0 inter32=0 inter16=0 inter8=0 intra32=0 intra16=0 intra8=0 intra4=0 reftype=0
  snapshot f104: 3 venc_ko blocks (pool0 0x73801000 len 0x10000)
src frame 105: srcf=11 off=424 br=2000
frame 105: send=0x0 get=0x0 len=1115 coding=1 startqp=0 meanqp=0 picbytes=0 pskip=0 nalus=1 n1:1115
  cu: inter64=0 inter32=0 inter16=0 inter8=0 intra32=0 intra16=0 intra8=0 intra4=0 reftype=0
  snapshot f105: 3 venc_ko blocks (pool0 0x73801000 len 0x10000)
src frame 106: srcf=10 off=428 br=2000
frame 106: send=0x0 get=0x0 len=1298 coding=1 startqp=0 meanqp=0 picbytes=0 pskip=0 nalus=1 n1:1298
  cu: inter64=0 inter32=0 inter16=0 inter8=0 intra32=0 intra16=0 intra8=0 intra4=0 reftype=0
  snapshot f106: 3 venc_ko blocks (pool0 0x73801000 len 0x10000)
src frame 107: srcf=9 off=432 br=2000
frame 107: send=0x0 get=0x0 len=1507 coding=1 startqp=0 meanqp=0 picbytes=0 pskip=0 nalus=1 n1:1507
  cu: inter64=0 inter32=0 inter16=0 inter8=0 intra32=0 intra16=0 intra8=0 intra4=0 reftype=0
  snapshot f107: 3 venc_ko blocks (pool0 0x73801000 len 0x10000)
src frame 108: srcf=8 off=436 br=2000
frame 108: send=0x0 get=0x0 len=1522 coding=1 startqp=0 meanqp=0 picbytes=0 pskip=0 nalus=1 n1:1522
  cu: inter64=0 inter32=0 inter16=0 inter8=0 intra32=0 intra16=0 intra8=0 intra4=0 reftype=0
  snapshot f108: 3 venc_ko blocks (pool0 0x73801000 len 0x10000)
src frame 109: srcf=7 off=440 br=2000
frame 109: send=0x0 get=0x0 len=1448 coding=1 startqp=0 meanqp=0 picbytes=0 pskip=0 nalus=1 n1:1448
  cu: inter64=0 inter32=0 inter16=0 inter8=0 intra32=0 intra16=0 intra8=0 intra4=0 reftype=0
  snapshot f109: 3 venc_ko blocks (pool0 0x73801000 len 0x10000)
src frame 110: srcf=6 off=444 br=2000
frame 110: send=0x0 get=0x0 len=1817 coding=1 startqp=0 meanqp=0 picbytes=0 pskip=0 nalus=1 n1:1817
  cu: inter64=0 inter32=0 inter16=0 inter8=0 intra32=0 intra16=0 intra8=0 intra4=0 reftype=0
  snapshot f110: 3 venc_ko blocks (pool0 0x73801000 len 0x10000)
src frame 111: srcf=5 off=448 br=2000
frame 111: send=0x0 get=0x0 len=2511 coding=1 startqp=0 meanqp=0 picbytes=0 pskip=0 nalus=1 n1:2511
  cu: inter64=0 inter32=0 inter16=0 inter8=0 intra32=0 intra16=0 intra8=0 intra4=0 reftype=0
  snapshot f111: 3 venc_ko blocks (pool0 0x73801000 len 0x10000)
src frame 112: srcf=4 off=452 br=2000
frame 112: send=0x0 get=0x0 len=1514 coding=1 startqp=0 meanqp=0 picbytes=0 pskip=0 nalus=1 n1:1514
  cu: inter64=0 inter32=0 inter16=0 inter8=0 intra32=0 intra16=0 intra8=0 intra4=0 reftype=0
  snapshot f112: 3 venc_ko blocks (pool0 0x73801000 len 0x10000)
src frame 113: srcf=3 off=456 br=2000
frame 113: send=0x0 get=0x0 len=2196 coding=1 startqp=0 meanqp=0 picbytes=0 pskip=0 nalus=1 n1:2196
  cu: inter64=0 inter32=0 inter16=0 inter8=0 intra32=0 intra16=0 intra8=0 intra4=0 reftype=0
  snapshot f113: 3 venc_ko blocks (pool0 0x73801000 len 0x10000)
src frame 114: srcf=2 off=460 br=2000
frame 114: send=0x0 get=0x0 len=1182 coding=1 startqp=0 meanqp=0 picbytes=0 pskip=0 nalus=1 n1:1182
  cu: inter64=0 inter32=0 inter16=0 inter8=0 intra32=0 intra16=0 intra8=0 intra4=0 reftype=0
  snapshot f114: 3 venc_ko blocks (pool0 0x73801000 len 0x10000)
src frame 115: srcf=1 off=464 br=2000
frame 115: send=0x0 get=0x0 len=1592 coding=1 startqp=0 meanqp=0 picbytes=0 pskip=0 nalus=1 n1:1592
  cu: inter64=0 inter32=0 inter16=0 inter8=0 intra32=0 intra16=0 intra8=0 intra4=0 reftype=0
  snapshot f115: 3 venc_ko blocks (pool0 0x73801000 len 0x10000)
src frame 116: srcf=0 off=468 br=2000
frame 116: send=0x0 get=0x0 len=1428 coding=1 startqp=0 meanqp=0 picbytes=0 pskip=0 nalus=1 n1:1428
  cu: inter64=0 inter32=0 inter16=0 inter8=0 intra32=0 intra16=0 intra8=0 intra4=0 reftype=0
  snapshot f116: 3 venc_ko blocks (pool0 0x73801000 len 0x10000)
src frame 117: srcf=1 off=472 br=2000
frame 117: send=0x0 get=0x0 len=1640 coding=1 startqp=0 meanqp=0 picbytes=0 pskip=0 nalus=1 n1:1640
  cu: inter64=0 inter32=0 inter16=0 inter8=0 intra32=0 intra16=0 intra8=0 intra4=0 reftype=0
  snapshot f117: 3 venc_ko blocks (pool0 0x73801000 len 0x10000)
src frame 118: srcf=2 off=476 br=2000
frame 118: send=0x0 get=0x0 len=1696 coding=1 startqp=0 meanqp=0 picbytes=0 pskip=0 nalus=1 n1:1696
  cu: inter64=0 inter32=0 inter16=0 inter8=0 intra32=0 intra16=0 intra8=0 intra4=0 reftype=0
  snapshot f118: 3 venc_ko blocks (pool0 0x73801000 len 0x10000)
src frame 119: srcf=3 off=480 br=2000
frame 119: send=0x0 get=0x0 len=1897 coding=1 startqp=0 meanqp=0 picbytes=0 pskip=0 nalus=1 n1:1897
  cu: inter64=0 inter32=0 inter16=0 inter8=0 intra32=0 intra16=0 intra8=0 intra4=0 reftype=0
  snapshot f119: 3 venc_ko blocks (pool0 0x73801000 len 0x10000)
src frame 120: srcf=4 off=484 br=2000
frame 120: send=0x0 get=0x0 len=77984 coding=0 startqp=0 meanqp=0 picbytes=0 pskip=0 nalus=4 n32:27 n33:53 n34:12 n19:77892
  cu: inter64=0 inter32=0 inter16=0 inter8=0 intra32=0 intra16=0 intra8=0 intra4=0 reftype=0
  snapshot f120: 3 venc_ko blocks (pool0 0x73801000 len 0x10000)
src frame 121: srcf=5 off=488 br=2000
frame 121: send=0x0 get=0x0 len=1607 coding=1 startqp=0 meanqp=0 picbytes=0 pskip=0 nalus=1 n1:1607
  cu: inter64=0 inter32=0 inter16=0 inter8=0 intra32=0 intra16=0 intra8=0 intra4=0 reftype=0
  snapshot f121: 3 venc_ko blocks (pool0 0x73801000 len 0x10000)
src frame 122: srcf=6 off=492 br=2000
frame 122: send=0x0 get=0x0 len=953 coding=1 startqp=0 meanqp=0 picbytes=0 pskip=0 nalus=1 n1:953
  cu: inter64=0 inter32=0 inter16=0 inter8=0 intra32=0 intra16=0 intra8=0 intra4=0 reftype=0
  snapshot f122: 3 venc_ko blocks (pool0 0x73801000 len 0x10000)
src frame 123: srcf=7 off=496 br=2000
frame 123: send=0x0 get=0x0 len=812 coding=1 startqp=0 meanqp=0 picbytes=0 pskip=0 nalus=1 n1:812
  cu: inter64=0 inter32=0 inter16=0 inter8=0 intra32=0 intra16=0 intra8=0 intra4=0 reftype=0
  snapshot f123: 3 venc_ko blocks (pool0 0x73801000 len 0x10000)
src frame 124: srcf=8 off=500 br=2000
frame 124: send=0x0 get=0x0 len=832 coding=1 startqp=0 meanqp=0 picbytes=0 pskip=0 nalus=1 n1:832
  cu: inter64=0 inter32=0 inter16=0 inter8=0 intra32=0 intra16=0 intra8=0 intra4=0 reftype=0
  snapshot f124: 3 venc_ko blocks (pool0 0x73801000 len 0x10000)
src frame 125: srcf=9 off=504 br=2000
frame 125: send=0x0 get=0x0 len=1099 coding=1 startqp=0 meanqp=0 picbytes=0 pskip=0 nalus=1 n1:1099
  cu: inter64=0 inter32=0 inter16=0 inter8=0 intra32=0 intra16=0 intra8=0 intra4=0 reftype=0
  snapshot f125: 3 venc_ko blocks (pool0 0x73801000 len 0x10000)
src frame 126: srcf=10 off=508 br=2000
frame 126: send=0x0 get=0x0 len=1469 coding=1 startqp=0 meanqp=0 picbytes=0 pskip=0 nalus=1 n1:1469
  cu: inter64=0 inter32=0 inter16=0 inter8=0 intra32=0 intra16=0 intra8=0 intra4=0 reftype=0
  snapshot f126: 3 venc_ko blocks (pool0 0x73801000 len 0x10000)
src frame 127: srcf=11 off=512 br=2000
frame 127: send=0x0 get=0x0 len=1608 coding=1 startqp=0 meanqp=0 picbytes=0 pskip=0 nalus=1 n1:1608
  cu: inter64=0 inter32=0 inter16=0 inter8=0 intra32=0 intra16=0 intra8=0 intra4=0 reftype=0
  snapshot f127: 3 venc_ko blocks (pool0 0x73801000 len 0x10000)
src frame 128: srcf=12 off=516 br=2000
frame 128: send=0x0 get=0x0 len=1410 coding=1 startqp=0 meanqp=0 picbytes=0 pskip=0 nalus=1 n1:1410
  cu: inter64=0 inter32=0 inter16=0 inter8=0 intra32=0 intra16=0 intra8=0 intra4=0 reftype=0
  snapshot f128: 3 venc_ko blocks (pool0 0x73801000 len 0x10000)
src frame 129: srcf=13 off=520 br=2000
frame 129: send=0x0 get=0x0 len=1426 coding=1 startqp=0 meanqp=0 picbytes=0 pskip=0 nalus=1 n1:1426
  cu: inter64=0 inter32=0 inter16=0 inter8=0 intra32=0 intra16=0 intra8=0 intra4=0 reftype=0
  snapshot f129: 3 venc_ko blocks (pool0 0x73801000 len 0x10000)
src frame 130: srcf=14 off=524 br=2000
frame 130: send=0x0 get=0x0 len=1328 coding=1 startqp=0 meanqp=0 picbytes=0 pskip=0 nalus=1 n1:1328
  cu: inter64=0 inter32=0 inter16=0 inter8=0 intra32=0 intra16=0 intra8=0 intra4=0 reftype=0
  snapshot f130: 3 venc_ko blocks (pool0 0x73801000 len 0x10000)
src frame 131: srcf=15 off=528 br=2000
frame 131: send=0x0 get=0x0 len=1406 coding=1 startqp=0 meanqp=0 picbytes=0 pskip=0 nalus=1 n1:1406
  cu: inter64=0 inter32=0 inter16=0 inter8=0 intra32=0 intra16=0 intra8=0 intra4=0 reftype=0
  snapshot f131: 3 venc_ko blocks (pool0 0x73801000 len 0x10000)
src frame 132: srcf=16 off=532 br=2000
frame 132: send=0x0 get=0x0 len=1357 coding=1 startqp=0 meanqp=0 picbytes=0 pskip=0 nalus=1 n1:1357
  cu: inter64=0 inter32=0 inter16=0 inter8=0 intra32=0 intra16=0 intra8=0 intra4=0 reftype=0
  snapshot f132: 3 venc_ko blocks (pool0 0x73801000 len 0x10000)
src frame 133: srcf=17 off=536 br=2000
frame 133: send=0x0 get=0x0 len=1779 coding=1 startqp=0 meanqp=0 picbytes=0 pskip=0 nalus=1 n1:1779
  cu: inter64=0 inter32=0 inter16=0 inter8=0 intra32=0 intra16=0 intra8=0 intra4=0 reftype=0
  snapshot f133: 3 venc_ko blocks (pool0 0x73801000 len 0x10000)
src frame 134: srcf=18 off=540 br=2000
frame 134: send=0x0 get=0x0 len=2150 coding=1 startqp=0 meanqp=0 picbytes=0 pskip=0 nalus=1 n1:2150
  cu: inter64=0 inter32=0 inter16=0 inter8=0 intra32=0 intra16=0 intra8=0 intra4=0 reftype=0
  snapshot f134: 3 venc_ko blocks (pool0 0x73801000 len 0x10000)
src frame 135: srcf=19 off=544 br=2000
frame 135: send=0x0 get=0x0 len=1801 coding=1 startqp=0 meanqp=0 picbytes=0 pskip=0 nalus=1 n1:1801
  cu: inter64=0 inter32=0 inter16=0 inter8=0 intra32=0 intra16=0 intra8=0 intra4=0 reftype=0
  snapshot f135: 3 venc_ko blocks (pool0 0x73801000 len 0x10000)
src frame 136: srcf=20 off=548 br=2000
frame 136: send=0x0 get=0x0 len=1465 coding=1 startqp=0 meanqp=0 picbytes=0 pskip=0 nalus=1 n1:1465
  cu: inter64=0 inter32=0 inter16=0 inter8=0 intra32=0 intra16=0 intra8=0 intra4=0 reftype=0
  snapshot f136: 3 venc_ko blocks (pool0 0x73801000 len 0x10000)
src frame 137: srcf=21 off=552 br=2000
frame 137: send=0x0 get=0x0 len=1110 coding=1 startqp=0 meanqp=0 picbytes=0 pskip=0 nalus=1 n1:1110
  cu: inter64=0 inter32=0 inter16=0 inter8=0 intra32=0 intra16=0 intra8=0 intra4=0 reftype=0
  snapshot f137: 3 venc_ko blocks (pool0 0x73801000 len 0x10000)
src frame 138: srcf=22 off=556 br=2000
frame 138: send=0x0 get=0x0 len=815 coding=1 startqp=0 meanqp=0 picbytes=0 pskip=0 nalus=1 n1:815
  cu: inter64=0 inter32=0 inter16=0 inter8=0 intra32=0 intra16=0 intra8=0 intra4=0 reftype=0
  snapshot f138: 3 venc_ko blocks (pool0 0x73801000 len 0x10000)
src frame 139: srcf=23 off=560 br=2000
frame 139: send=0x0 get=0x0 len=958 coding=1 startqp=0 meanqp=0 picbytes=0 pskip=0 nalus=1 n1:958
  cu: inter64=0 inter32=0 inter16=0 inter8=0 intra32=0 intra16=0 intra8=0 intra4=0 reftype=0
  snapshot f139: 3 venc_ko blocks (pool0 0x73801000 len 0x10000)
src frame 140: srcf=24 off=564 br=2000
frame 140: send=0x0 get=0x0 len=822 coding=1 startqp=0 meanqp=0 picbytes=0 pskip=0 nalus=1 n1:822
  cu: inter64=0 inter32=0 inter16=0 inter8=0 intra32=0 intra16=0 intra8=0 intra4=0 reftype=0
  snapshot f140: 3 venc_ko blocks (pool0 0x73801000 len 0x10000)
src frame 141: srcf=25 off=568 br=2000
frame 141: send=0x0 get=0x0 len=1094 coding=1 startqp=0 meanqp=0 picbytes=0 pskip=0 nalus=1 n1:1094
  cu: inter64=0 inter32=0 inter16=0 inter8=0 intra32=0 intra16=0 intra8=0 intra4=0 reftype=0
  snapshot f141: 3 venc_ko blocks (pool0 0x73801000 len 0x10000)
src frame 142: srcf=26 off=572 br=2000
frame 142: send=0x0 get=0x0 len=1601 coding=1 startqp=0 meanqp=0 picbytes=0 pskip=0 nalus=1 n1:1601
  cu: inter64=0 inter32=0 inter16=0 inter8=0 intra32=0 intra16=0 intra8=0 intra4=0 reftype=0
  snapshot f142: 3 venc_ko blocks (pool0 0x73801000 len 0x10000)
src frame 143: srcf=27 off=576 br=2000
frame 143: send=0x0 get=0x0 len=1814 coding=1 startqp=0 meanqp=0 picbytes=0 pskip=0 nalus=1 n1:1814
  cu: inter64=0 inter32=0 inter16=0 inter8=0 intra32=0 intra16=0 intra8=0 intra4=0 reftype=0
  snapshot f143: 3 venc_ko blocks (pool0 0x73801000 len 0x10000)
src frame 144: srcf=28 off=580 br=2000
frame 144: send=0x0 get=0x0 len=1703 coding=1 startqp=0 meanqp=0 picbytes=0 pskip=0 nalus=1 n1:1703
  cu: inter64=0 inter32=0 inter16=0 inter8=0 intra32=0 intra16=0 intra8=0 intra4=0 reftype=0
  snapshot f144: 3 venc_ko blocks (pool0 0x73801000 len 0x10000)
src frame 145: srcf=29 off=584 br=2000
frame 145: send=0x0 get=0x0 len=1899 coding=1 startqp=0 meanqp=0 picbytes=0 pskip=0 nalus=1 n1:1899
  cu: inter64=0 inter32=0 inter16=0 inter8=0 intra32=0 intra16=0 intra8=0 intra4=0 reftype=0
  snapshot f145: 3 venc_ko blocks (pool0 0x73801000 len 0x10000)
src frame 146: srcf=28 off=588 br=2000
frame 146: send=0x0 get=0x0 len=1773 coding=1 startqp=0 meanqp=0 picbytes=0 pskip=0 nalus=1 n1:1773
  cu: inter64=0 inter32=0 inter16=0 inter8=0 intra32=0 intra16=0 intra8=0 intra4=0 reftype=0
  snapshot f146: 3 venc_ko blocks (pool0 0x73801000 len 0x10000)
src frame 147: srcf=27 off=592 br=2000
frame 147: send=0x0 get=0x0 len=1784 coding=1 startqp=0 meanqp=0 picbytes=0 pskip=0 nalus=1 n1:1784
  cu: inter64=0 inter32=0 inter16=0 inter8=0 intra32=0 intra16=0 intra8=0 intra4=0 reftype=0
  snapshot f147: 3 venc_ko blocks (pool0 0x73801000 len 0x10000)
src frame 148: srcf=26 off=596 br=2000
frame 148: send=0x0 get=0x0 len=1762 coding=1 startqp=0 meanqp=0 picbytes=0 pskip=0 nalus=1 n1:1762
  cu: inter64=0 inter32=0 inter16=0 inter8=0 intra32=0 intra16=0 intra8=0 intra4=0 reftype=0
  snapshot f148: 3 venc_ko blocks (pool0 0x73801000 len 0x10000)
src frame 149: srcf=25 off=600 br=2000
frame 149: send=0x0 get=0x0 len=1373 coding=1 startqp=0 meanqp=0 picbytes=0 pskip=0 nalus=1 n1:1373
  cu: inter64=0 inter32=0 inter16=0 inter8=0 intra32=0 intra16=0 intra8=0 intra4=0 reftype=0
  snapshot f149: 3 venc_ko blocks (pool0 0x73801000 len 0x10000)
src frame 150: srcf=24 off=604 br=2000
frame 150: send=0x0 get=0x0 len=77276 coding=0 startqp=0 meanqp=0 picbytes=0 pskip=0 nalus=4 n32:27 n33:53 n34:12 n19:77184
  cu: inter64=0 inter32=0 inter16=0 inter8=0 intra32=0 intra16=0 intra8=0 intra4=0 reftype=0
  snapshot f150: 3 venc_ko blocks (pool0 0x73801000 len 0x10000)
src frame 151: srcf=23 off=608 br=2000
frame 151: send=0x0 get=0x0 len=1469 coding=1 startqp=0 meanqp=0 picbytes=0 pskip=0 nalus=1 n1:1469
  cu: inter64=0 inter32=0 inter16=0 inter8=0 intra32=0 intra16=0 intra8=0 intra4=0 reftype=0
  snapshot f151: 3 venc_ko blocks (pool0 0x73801000 len 0x10000)
src frame 152: srcf=22 off=612 br=2000
frame 152: send=0x0 get=0x0 len=1709 coding=1 startqp=0 meanqp=0 picbytes=0 pskip=0 nalus=1 n1:1709
  cu: inter64=0 inter32=0 inter16=0 inter8=0 intra32=0 intra16=0 intra8=0 intra4=0 reftype=0
  snapshot f152: 3 venc_ko blocks (pool0 0x73801000 len 0x10000)
src frame 153: srcf=21 off=616 br=2000
frame 153: send=0x0 get=0x0 len=1287 coding=1 startqp=0 meanqp=0 picbytes=0 pskip=0 nalus=1 n1:1287
  cu: inter64=0 inter32=0 inter16=0 inter8=0 intra32=0 intra16=0 intra8=0 intra4=0 reftype=0
  snapshot f153: 3 venc_ko blocks (pool0 0x73801000 len 0x10000)
src frame 154: srcf=20 off=620 br=2000
frame 154: send=0x0 get=0x0 len=902 coding=1 startqp=0 meanqp=0 picbytes=0 pskip=0 nalus=1 n1:902
  cu: inter64=0 inter32=0 inter16=0 inter8=0 intra32=0 intra16=0 intra8=0 intra4=0 reftype=0
  snapshot f154: 3 venc_ko blocks (pool0 0x73801000 len 0x10000)
src frame 155: srcf=19 off=624 br=2000
frame 155: send=0x0 get=0x0 len=730 coding=1 startqp=0 meanqp=0 picbytes=0 pskip=0 nalus=1 n1:730
  cu: inter64=0 inter32=0 inter16=0 inter8=0 intra32=0 intra16=0 intra8=0 intra4=0 reftype=0
  snapshot f155: 3 venc_ko blocks (pool0 0x73801000 len 0x10000)
src frame 156: srcf=18 off=628 br=2000
frame 156: send=0x0 get=0x0 len=740 coding=1 startqp=0 meanqp=0 picbytes=0 pskip=0 nalus=1 n1:740
  cu: inter64=0 inter32=0 inter16=0 inter8=0 intra32=0 intra16=0 intra8=0 intra4=0 reftype=0
  snapshot f156: 3 venc_ko blocks (pool0 0x73801000 len 0x10000)
src frame 157: srcf=17 off=632 br=2000
frame 157: send=0x0 get=0x0 len=897 coding=1 startqp=0 meanqp=0 picbytes=0 pskip=0 nalus=1 n1:897
  cu: inter64=0 inter32=0 inter16=0 inter8=0 intra32=0 intra16=0 intra8=0 intra4=0 reftype=0
  snapshot f157: 3 venc_ko blocks (pool0 0x73801000 len 0x10000)
src frame 158: srcf=16 off=636 br=2000
frame 158: send=0x0 get=0x0 len=679 coding=1 startqp=0 meanqp=0 picbytes=0 pskip=0 nalus=1 n1:679
  cu: inter64=0 inter32=0 inter16=0 inter8=0 intra32=0 intra16=0 intra8=0 intra4=0 reftype=0
  snapshot f158: 3 venc_ko blocks (pool0 0x73801000 len 0x10000)
src frame 159: srcf=15 off=640 br=2000
frame 159: send=0x0 get=0x0 len=932 coding=1 startqp=0 meanqp=0 picbytes=0 pskip=0 nalus=1 n1:932
  cu: inter64=0 inter32=0 inter16=0 inter8=0 intra32=0 intra16=0 intra8=0 intra4=0 reftype=0
  snapshot f159: 3 venc_ko blocks (pool0 0x73801000 len 0x10000)
src frame 160: srcf=14 off=644 br=2000
frame 160: send=0x0 get=0x0 len=917 coding=1 startqp=0 meanqp=0 picbytes=0 pskip=0 nalus=1 n1:917
  cu: inter64=0 inter32=0 inter16=0 inter8=0 intra32=0 intra16=0 intra8=0 intra4=0 reftype=0
  snapshot f160: 3 venc_ko blocks (pool0 0x73801000 len 0x10000)
src frame 161: srcf=13 off=648 br=2000
frame 161: send=0x0 get=0x0 len=1215 coding=1 startqp=0 meanqp=0 picbytes=0 pskip=0 nalus=1 n1:1215
  cu: inter64=0 inter32=0 inter16=0 inter8=0 intra32=0 intra16=0 intra8=0 intra4=0 reftype=0
  snapshot f161: 3 venc_ko blocks (pool0 0x73801000 len 0x10000)
src frame 162: srcf=12 off=652 br=2000
frame 162: send=0x0 get=0x0 len=1434 coding=1 startqp=0 meanqp=0 picbytes=0 pskip=0 nalus=1 n1:1434
  cu: inter64=0 inter32=0 inter16=0 inter8=0 intra32=0 intra16=0 intra8=0 intra4=0 reftype=0
  snapshot f162: 3 venc_ko blocks (pool0 0x73801000 len 0x10000)
src frame 163: srcf=11 off=656 br=2000
frame 163: send=0x0 get=0x0 len=1419 coding=1 startqp=0 meanqp=0 picbytes=0 pskip=0 nalus=1 n1:1419
  cu: inter64=0 inter32=0 inter16=0 inter8=0 intra32=0 intra16=0 intra8=0 intra4=0 reftype=0
  snapshot f163: 3 venc_ko blocks (pool0 0x73801000 len 0x10000)
src frame 164: srcf=10 off=660 br=2000
frame 164: send=0x0 get=0x0 len=1208 coding=1 startqp=0 meanqp=0 picbytes=0 pskip=0 nalus=1 n1:1208
  cu: inter64=0 inter32=0 inter16=0 inter8=0 intra32=0 intra16=0 intra8=0 intra4=0 reftype=0
  snapshot f164: 3 venc_ko blocks (pool0 0x73801000 len 0x10000)
src frame 165: srcf=9 off=664 br=2000
frame 165: send=0x0 get=0x0 len=2085 coding=1 startqp=0 meanqp=0 picbytes=0 pskip=0 nalus=1 n1:2085
  cu: inter64=0 inter32=0 inter16=0 inter8=0 intra32=0 intra16=0 intra8=0 intra4=0 reftype=0
  snapshot f165: 3 venc_ko blocks (pool0 0x73801000 len 0x10000)
src frame 166: srcf=8 off=668 br=2000
frame 166: send=0x0 get=0x0 len=1295 coding=1 startqp=0 meanqp=0 picbytes=0 pskip=0 nalus=1 n1:1295
  cu: inter64=0 inter32=0 inter16=0 inter8=0 intra32=0 intra16=0 intra8=0 intra4=0 reftype=0
  snapshot f166: 3 venc_ko blocks (pool0 0x73801000 len 0x10000)
src frame 167: srcf=7 off=672 br=2000
frame 167: send=0x0 get=0x0 len=1867 coding=1 startqp=0 meanqp=0 picbytes=0 pskip=0 nalus=1 n1:1867
  cu: inter64=0 inter32=0 inter16=0 inter8=0 intra32=0 intra16=0 intra8=0 intra4=0 reftype=0
  snapshot f167: 3 venc_ko blocks (pool0 0x73801000 len 0x10000)
src frame 168: srcf=6 off=676 br=2000
frame 168: send=0x0 get=0x0 len=923 coding=1 startqp=0 meanqp=0 picbytes=0 pskip=0 nalus=1 n1:923
  cu: inter64=0 inter32=0 inter16=0 inter8=0 intra32=0 intra16=0 intra8=0 intra4=0 reftype=0
  snapshot f168: 3 venc_ko blocks (pool0 0x73801000 len 0x10000)
src frame 169: srcf=5 off=680 br=2000
frame 169: send=0x0 get=0x0 len=955 coding=1 startqp=0 meanqp=0 picbytes=0 pskip=0 nalus=1 n1:955
  cu: inter64=0 inter32=0 inter16=0 inter8=0 intra32=0 intra16=0 intra8=0 intra4=0 reftype=0
  snapshot f169: 3 venc_ko blocks (pool0 0x73801000 len 0x10000)
src frame 170: srcf=4 off=684 br=2000
frame 170: send=0x0 get=0x0 len=917 coding=1 startqp=0 meanqp=0 picbytes=0 pskip=0 nalus=1 n1:917
  cu: inter64=0 inter32=0 inter16=0 inter8=0 intra32=0 intra16=0 intra8=0 intra4=0 reftype=0
  snapshot f170: 3 venc_ko blocks (pool0 0x73801000 len 0x10000)
src frame 171: srcf=3 off=688 br=2000
frame 171: send=0x0 get=0x0 len=1333 coding=1 startqp=0 meanqp=0 picbytes=0 pskip=0 nalus=1 n1:1333
  cu: inter64=0 inter32=0 inter16=0 inter8=0 intra32=0 intra16=0 intra8=0 intra4=0 reftype=0
  snapshot f171: 3 venc_ko blocks (pool0 0x73801000 len 0x10000)
src frame 172: srcf=2 off=692 br=2000
frame 172: send=0x0 get=0x0 len=1153 coding=1 startqp=0 meanqp=0 picbytes=0 pskip=0 nalus=1 n1:1153
  cu: inter64=0 inter32=0 inter16=0 inter8=0 intra32=0 intra16=0 intra8=0 intra4=0 reftype=0
  snapshot f172: 3 venc_ko blocks (pool0 0x73801000 len 0x10000)
src frame 173: srcf=1 off=696 br=2000
frame 173: send=0x0 get=0x0 len=1260 coding=1 startqp=0 meanqp=0 picbytes=0 pskip=0 nalus=1 n1:1260
  cu: inter64=0 inter32=0 inter16=0 inter8=0 intra32=0 intra16=0 intra8=0 intra4=0 reftype=0
  snapshot f173: 3 venc_ko blocks (pool0 0x73801000 len 0x10000)
src frame 174: srcf=0 off=700 br=2000
frame 174: send=0x0 get=0x0 len=1391 coding=1 startqp=0 meanqp=0 picbytes=0 pskip=0 nalus=1 n1:1391
  cu: inter64=0 inter32=0 inter16=0 inter8=0 intra32=0 intra16=0 intra8=0 intra4=0 reftype=0
  snapshot f174: 3 venc_ko blocks (pool0 0x73801000 len 0x10000)
src frame 175: srcf=1 off=704 br=2000
frame 175: send=0x0 get=0x0 len=1645 coding=1 startqp=0 meanqp=0 picbytes=0 pskip=0 nalus=1 n1:1645
  cu: inter64=0 inter32=0 inter16=0 inter8=0 intra32=0 intra16=0 intra8=0 intra4=0 reftype=0
  snapshot f175: 3 venc_ko blocks (pool0 0x73801000 len 0x10000)
src frame 176: srcf=2 off=708 br=2000
frame 176: send=0x0 get=0x0 len=1479 coding=1 startqp=0 meanqp=0 picbytes=0 pskip=0 nalus=1 n1:1479
  cu: inter64=0 inter32=0 inter16=0 inter8=0 intra32=0 intra16=0 intra8=0 intra4=0 reftype=0
  snapshot f176: 3 venc_ko blocks (pool0 0x73801000 len 0x10000)
src frame 177: srcf=3 off=712 br=2000
frame 177: send=0x0 get=0x0 len=1228 coding=1 startqp=0 meanqp=0 picbytes=0 pskip=0 nalus=1 n1:1228
  cu: inter64=0 inter32=0 inter16=0 inter8=0 intra32=0 intra16=0 intra8=0 intra4=0 reftype=0
  snapshot f177: 3 venc_ko blocks (pool0 0x73801000 len 0x10000)
src frame 178: srcf=4 off=716 br=2000
frame 178: send=0x0 get=0x0 len=1144 coding=1 startqp=0 meanqp=0 picbytes=0 pskip=0 nalus=1 n1:1144
  cu: inter64=0 inter32=0 inter16=0 inter8=0 intra32=0 intra16=0 intra8=0 intra4=0 reftype=0
  snapshot f178: 3 venc_ko blocks (pool0 0x73801000 len 0x10000)
src frame 179: srcf=5 off=720 br=2000
frame 179: send=0x0 get=0x0 len=1248 coding=1 startqp=0 meanqp=0 picbytes=0 pskip=0 nalus=1 n1:1248
  cu: inter64=0 inter32=0 inter16=0 inter8=0 intra32=0 intra16=0 intra8=0 intra4=0 reftype=0
  snapshot f179: 3 venc_ko blocks (pool0 0x73801000 len 0x10000)
src frame 180: srcf=6 off=724 br=2000
frame 180: send=0x0 get=0x0 len=75075 coding=0 startqp=0 meanqp=0 picbytes=0 pskip=0 nalus=4 n32:27 n33:53 n34:12 n19:74983
  cu: inter64=0 inter32=0 inter16=0 inter8=0 intra32=0 intra16=0 intra8=0 intra4=0 reftype=0
  snapshot f180: 3 venc_ko blocks (pool0 0x73801000 len 0x10000)
src frame 181: srcf=7 off=728 br=2000
frame 181: send=0x0 get=0x0 len=1534 coding=1 startqp=0 meanqp=0 picbytes=0 pskip=0 nalus=1 n1:1534
  cu: inter64=0 inter32=0 inter16=0 inter8=0 intra32=0 intra16=0 intra8=0 intra4=0 reftype=0
  snapshot f181: 3 venc_ko blocks (pool0 0x73801000 len 0x10000)
src frame 182: srcf=8 off=732 br=2000
frame 182: send=0x0 get=0x0 len=947 coding=1 startqp=0 meanqp=0 picbytes=0 pskip=0 nalus=1 n1:947
  cu: inter64=0 inter32=0 inter16=0 inter8=0 intra32=0 intra16=0 intra8=0 intra4=0 reftype=0
  snapshot f182: 3 venc_ko blocks (pool0 0x73801000 len 0x10000)
src frame 183: srcf=9 off=736 br=2000
frame 183: send=0x0 get=0x0 len=1450 coding=1 startqp=0 meanqp=0 picbytes=0 pskip=0 nalus=1 n1:1450
  cu: inter64=0 inter32=0 inter16=0 inter8=0 intra32=0 intra16=0 intra8=0 intra4=0 reftype=0
  snapshot f183: 3 venc_ko blocks (pool0 0x73801000 len 0x10000)
src frame 184: srcf=10 off=740 br=2000
frame 184: send=0x0 get=0x0 len=1255 coding=1 startqp=0 meanqp=0 picbytes=0 pskip=0 nalus=1 n1:1255
  cu: inter64=0 inter32=0 inter16=0 inter8=0 intra32=0 intra16=0 intra8=0 intra4=0 reftype=0
  snapshot f184: 3 venc_ko blocks (pool0 0x73801000 len 0x10000)
src frame 185: srcf=11 off=744 br=2000
frame 185: send=0x0 get=0x0 len=1105 coding=1 startqp=0 meanqp=0 picbytes=0 pskip=0 nalus=1 n1:1105
  cu: inter64=0 inter32=0 inter16=0 inter8=0 intra32=0 intra16=0 intra8=0 intra4=0 reftype=0
  snapshot f185: 3 venc_ko blocks (pool0 0x73801000 len 0x10000)
src frame 186: srcf=12 off=748 br=2000
frame 186: send=0x0 get=0x0 len=1199 coding=1 startqp=0 meanqp=0 picbytes=0 pskip=0 nalus=1 n1:1199
  cu: inter64=0 inter32=0 inter16=0 inter8=0 intra32=0 intra16=0 intra8=0 intra4=0 reftype=0
  snapshot f186: 3 venc_ko blocks (pool0 0x73801000 len 0x10000)
src frame 187: srcf=13 off=752 br=2000
frame 187: send=0x0 get=0x0 len=769 coding=1 startqp=0 meanqp=0 picbytes=0 pskip=0 nalus=1 n1:769
  cu: inter64=0 inter32=0 inter16=0 inter8=0 intra32=0 intra16=0 intra8=0 intra4=0 reftype=0
  snapshot f187: 3 venc_ko blocks (pool0 0x73801000 len 0x10000)
src frame 188: srcf=14 off=756 br=2000
frame 188: send=0x0 get=0x0 len=775 coding=1 startqp=0 meanqp=0 picbytes=0 pskip=0 nalus=1 n1:775
  cu: inter64=0 inter32=0 inter16=0 inter8=0 intra32=0 intra16=0 intra8=0 intra4=0 reftype=0
  snapshot f188: 3 venc_ko blocks (pool0 0x73801000 len 0x10000)
src frame 189: srcf=15 off=760 br=2000
frame 189: send=0x0 get=0x0 len=1114 coding=1 startqp=0 meanqp=0 picbytes=0 pskip=0 nalus=1 n1:1114
  cu: inter64=0 inter32=0 inter16=0 inter8=0 intra32=0 intra16=0 intra8=0 intra4=0 reftype=0
  snapshot f189: 3 venc_ko blocks (pool0 0x73801000 len 0x10000)
src frame 190: srcf=16 off=764 br=2000
frame 190: send=0x0 get=0x0 len=1437 coding=1 startqp=0 meanqp=0 picbytes=0 pskip=0 nalus=1 n1:1437
  cu: inter64=0 inter32=0 inter16=0 inter8=0 intra32=0 intra16=0 intra8=0 intra4=0 reftype=0
  snapshot f190: 3 venc_ko blocks (pool0 0x73801000 len 0x10000)
src frame 191: srcf=17 off=768 br=2000
frame 191: send=0x0 get=0x0 len=1495 coding=1 startqp=0 meanqp=0 picbytes=0 pskip=0 nalus=1 n1:1495
  cu: inter64=0 inter32=0 inter16=0 inter8=0 intra32=0 intra16=0 intra8=0 intra4=0 reftype=0
  snapshot f191: 3 venc_ko blocks (pool0 0x73801000 len 0x10000)
src frame 192: srcf=18 off=772 br=2000
frame 192: send=0x0 get=0x0 len=1426 coding=1 startqp=0 meanqp=0 picbytes=0 pskip=0 nalus=1 n1:1426
  cu: inter64=0 inter32=0 inter16=0 inter8=0 intra32=0 intra16=0 intra8=0 intra4=0 reftype=0
  snapshot f192: 3 venc_ko blocks (pool0 0x73801000 len 0x10000)
src frame 193: srcf=19 off=776 br=2000
frame 193: send=0x0 get=0x0 len=1561 coding=1 startqp=0 meanqp=0 picbytes=0 pskip=0 nalus=1 n1:1561
  cu: inter64=0 inter32=0 inter16=0 inter8=0 intra32=0 intra16=0 intra8=0 intra4=0 reftype=0
  snapshot f193: 3 venc_ko blocks (pool0 0x73801000 len 0x10000)
src frame 194: srcf=20 off=780 br=2000
frame 194: send=0x0 get=0x0 len=1354 coding=1 startqp=0 meanqp=0 picbytes=0 pskip=0 nalus=1 n1:1354
  cu: inter64=0 inter32=0 inter16=0 inter8=0 intra32=0 intra16=0 intra8=0 intra4=0 reftype=0
  snapshot f194: 3 venc_ko blocks (pool0 0x73801000 len 0x10000)
src frame 195: srcf=21 off=784 br=2000
frame 195: send=0x0 get=0x0 len=1388 coding=1 startqp=0 meanqp=0 picbytes=0 pskip=0 nalus=1 n1:1388
  cu: inter64=0 inter32=0 inter16=0 inter8=0 intra32=0 intra16=0 intra8=0 intra4=0 reftype=0
  snapshot f195: 3 venc_ko blocks (pool0 0x73801000 len 0x10000)
src frame 196: srcf=22 off=788 br=2000
frame 196: send=0x0 get=0x0 len=894 coding=1 startqp=0 meanqp=0 picbytes=0 pskip=0 nalus=1 n1:894
  cu: inter64=0 inter32=0 inter16=0 inter8=0 intra32=0 intra16=0 intra8=0 intra4=0 reftype=0
  snapshot f196: 3 venc_ko blocks (pool0 0x73801000 len 0x10000)
src frame 197: srcf=23 off=792 br=2000
frame 197: send=0x0 get=0x0 len=1094 coding=1 startqp=0 meanqp=0 picbytes=0 pskip=0 nalus=1 n1:1094
  cu: inter64=0 inter32=0 inter16=0 inter8=0 intra32=0 intra16=0 intra8=0 intra4=0 reftype=0
  snapshot f197: 3 venc_ko blocks (pool0 0x73801000 len 0x10000)
src frame 198: srcf=24 off=796 br=2000
frame 198: send=0x0 get=0x0 len=1391 coding=1 startqp=0 meanqp=0 picbytes=0 pskip=0 nalus=1 n1:1391
  cu: inter64=0 inter32=0 inter16=0 inter8=0 intra32=0 intra16=0 intra8=0 intra4=0 reftype=0
  snapshot f198: 3 venc_ko blocks (pool0 0x73801000 len 0x10000)
src frame 199: srcf=25 off=800 br=2000
frame 199: send=0x0 get=0x0 len=1476 coding=1 startqp=0 meanqp=0 picbytes=0 pskip=0 nalus=1 n1:1476
  cu: inter64=0 inter32=0 inter16=0 inter8=0 intra32=0 intra16=0 intra8=0 intra4=0 reftype=0
  snapshot f199: 3 venc_ko blocks (pool0 0x73801000 len 0x10000)
src frame 200: srcf=26 off=804 br=2000
frame 200: send=0x0 get=0x0 len=1220 coding=1 startqp=0 meanqp=0 picbytes=0 pskip=0 nalus=1 n1:1220
  cu: inter64=0 inter32=0 inter16=0 inter8=0 intra32=0 intra16=0 intra8=0 intra4=0 reftype=0
  snapshot f200: 3 venc_ko blocks (pool0 0x73801000 len 0x10000)
src frame 201: srcf=27 off=808 br=2000
frame 201: send=0x0 get=0x0 len=1373 coding=1 startqp=0 meanqp=0 picbytes=0 pskip=0 nalus=1 n1:1373
  cu: inter64=0 inter32=0 inter16=0 inter8=0 intra32=0 intra16=0 intra8=0 intra4=0 reftype=0
  snapshot f201: 3 venc_ko blocks (pool0 0x73801000 len 0x10000)
src frame 202: srcf=28 off=812 br=2000
frame 202: send=0x0 get=0x0 len=1269 coding=1 startqp=0 meanqp=0 picbytes=0 pskip=0 nalus=1 n1:1269
  cu: inter64=0 inter32=0 inter16=0 inter8=0 intra32=0 intra16=0 intra8=0 intra4=0 reftype=0
  snapshot f202: 3 venc_ko blocks (pool0 0x73801000 len 0x10000)
src frame 203: srcf=29 off=816 br=2000
frame 203: send=0x0 get=0x0 len=1548 coding=1 startqp=0 meanqp=0 picbytes=0 pskip=0 nalus=1 n1:1548
  cu: inter64=0 inter32=0 inter16=0 inter8=0 intra32=0 intra16=0 intra8=0 intra4=0 reftype=0
  snapshot f203: 3 venc_ko blocks (pool0 0x73801000 len 0x10000)
src frame 204: srcf=28 off=820 br=2000
frame 204: send=0x0 get=0x0 len=1421 coding=1 startqp=0 meanqp=0 picbytes=0 pskip=0 nalus=1 n1:1421
  cu: inter64=0 inter32=0 inter16=0 inter8=0 intra32=0 intra16=0 intra8=0 intra4=0 reftype=0
  snapshot f204: 3 venc_ko blocks (pool0 0x73801000 len 0x10000)
src frame 205: srcf=27 off=824 br=2000
frame 205: send=0x0 get=0x0 len=1329 coding=1 startqp=0 meanqp=0 picbytes=0 pskip=0 nalus=1 n1:1329
  cu: inter64=0 inter32=0 inter16=0 inter8=0 intra32=0 intra16=0 intra8=0 intra4=0 reftype=0
  snapshot f205: 3 venc_ko blocks (pool0 0x73801000 len 0x10000)
src frame 206: srcf=26 off=828 br=2000
frame 206: send=0x0 get=0x0 len=1143 coding=1 startqp=0 meanqp=0 picbytes=0 pskip=0 nalus=1 n1:1143
  cu: inter64=0 inter32=0 inter16=0 inter8=0 intra32=0 intra16=0 intra8=0 intra4=0 reftype=0
  snapshot f206: 3 venc_ko blocks (pool0 0x73801000 len 0x10000)
src frame 207: srcf=25 off=832 br=2000
frame 207: send=0x0 get=0x0 len=1303 coding=1 startqp=0 meanqp=0 picbytes=0 pskip=0 nalus=1 n1:1303
  cu: inter64=0 inter32=0 inter16=0 inter8=0 intra32=0 intra16=0 intra8=0 intra4=0 reftype=0
  snapshot f207: 3 venc_ko blocks (pool0 0x73801000 len 0x10000)
src frame 208: srcf=24 off=836 br=2000
frame 208: send=0x0 get=0x0 len=1249 coding=1 startqp=0 meanqp=0 picbytes=0 pskip=0 nalus=1 n1:1249
  cu: inter64=0 inter32=0 inter16=0 inter8=0 intra32=0 intra16=0 intra8=0 intra4=0 reftype=0
  snapshot f208: 3 venc_ko blocks (pool0 0x73801000 len 0x10000)
src frame 209: srcf=23 off=840 br=2000
frame 209: send=0x0 get=0x0 len=1201 coding=1 startqp=0 meanqp=0 picbytes=0 pskip=0 nalus=1 n1:1201
  cu: inter64=0 inter32=0 inter16=0 inter8=0 intra32=0 intra16=0 intra8=0 intra4=0 reftype=0
  snapshot f209: 3 venc_ko blocks (pool0 0x73801000 len 0x10000)
src frame 210: srcf=22 off=844 br=2000
frame 210: send=0x0 get=0x0 len=77410 coding=0 startqp=0 meanqp=0 picbytes=0 pskip=0 nalus=4 n32:27 n33:53 n34:12 n19:77318
  cu: inter64=0 inter32=0 inter16=0 inter8=0 intra32=0 intra16=0 intra8=0 intra4=0 reftype=0
  snapshot f210: 3 venc_ko blocks (pool0 0x73801000 len 0x10000)
src frame 211: srcf=21 off=848 br=2000
frame 211: send=0x0 get=0x0 len=1596 coding=1 startqp=0 meanqp=0 picbytes=0 pskip=0 nalus=1 n1:1596
  cu: inter64=0 inter32=0 inter16=0 inter8=0 intra32=0 intra16=0 intra8=0 intra4=0 reftype=0
  snapshot f211: 3 venc_ko blocks (pool0 0x73801000 len 0x10000)
src frame 212: srcf=20 off=852 br=2000
frame 212: send=0x0 get=0x0 len=1056 coding=1 startqp=0 meanqp=0 picbytes=0 pskip=0 nalus=1 n1:1056
  cu: inter64=0 inter32=0 inter16=0 inter8=0 intra32=0 intra16=0 intra8=0 intra4=0 reftype=0
  snapshot f212: 3 venc_ko blocks (pool0 0x73801000 len 0x10000)
src frame 213: srcf=19 off=856 br=2000
frame 213: send=0x0 get=0x0 len=1343 coding=1 startqp=0 meanqp=0 picbytes=0 pskip=0 nalus=1 n1:1343
  cu: inter64=0 inter32=0 inter16=0 inter8=0 intra32=0 intra16=0 intra8=0 intra4=0 reftype=0
  snapshot f213: 3 venc_ko blocks (pool0 0x73801000 len 0x10000)
src frame 214: srcf=18 off=860 br=2000
frame 214: send=0x0 get=0x0 len=930 coding=1 startqp=0 meanqp=0 picbytes=0 pskip=0 nalus=1 n1:930
  cu: inter64=0 inter32=0 inter16=0 inter8=0 intra32=0 intra16=0 intra8=0 intra4=0 reftype=0
  snapshot f214: 3 venc_ko blocks (pool0 0x73801000 len 0x10000)
src frame 215: srcf=17 off=864 br=2000
frame 215: send=0x0 get=0x0 len=1262 coding=1 startqp=0 meanqp=0 picbytes=0 pskip=0 nalus=1 n1:1262
  cu: inter64=0 inter32=0 inter16=0 inter8=0 intra32=0 intra16=0 intra8=0 intra4=0 reftype=0
  snapshot f215: 3 venc_ko blocks (pool0 0x73801000 len 0x10000)
src frame 216: srcf=16 off=868 br=2000
frame 216: send=0x0 get=0x0 len=902 coding=1 startqp=0 meanqp=0 picbytes=0 pskip=0 nalus=1 n1:902
  cu: inter64=0 inter32=0 inter16=0 inter8=0 intra32=0 intra16=0 intra8=0 intra4=0 reftype=0
  snapshot f216: 3 venc_ko blocks (pool0 0x73801000 len 0x10000)
src frame 217: srcf=15 off=872 br=2000
frame 217: send=0x0 get=0x0 len=913 coding=1 startqp=0 meanqp=0 picbytes=0 pskip=0 nalus=1 n1:913
  cu: inter64=0 inter32=0 inter16=0 inter8=0 intra32=0 intra16=0 intra8=0 intra4=0 reftype=0
  snapshot f217: 3 venc_ko blocks (pool0 0x73801000 len 0x10000)
src frame 218: srcf=14 off=876 br=2000
frame 218: send=0x0 get=0x0 len=946 coding=1 startqp=0 meanqp=0 picbytes=0 pskip=0 nalus=1 n1:946
  cu: inter64=0 inter32=0 inter16=0 inter8=0 intra32=0 intra16=0 intra8=0 intra4=0 reftype=0
  snapshot f218: 3 venc_ko blocks (pool0 0x73801000 len 0x10000)
src frame 219: srcf=13 off=880 br=2000
frame 219: send=0x0 get=0x0 len=1222 coding=1 startqp=0 meanqp=0 picbytes=0 pskip=0 nalus=1 n1:1222
  cu: inter64=0 inter32=0 inter16=0 inter8=0 intra32=0 intra16=0 intra8=0 intra4=0 reftype=0
  snapshot f219: 3 venc_ko blocks (pool0 0x73801000 len 0x10000)
src frame 220: srcf=12 off=884 br=2000
frame 220: send=0x0 get=0x0 len=965 coding=1 startqp=0 meanqp=0 picbytes=0 pskip=0 nalus=1 n1:965
  cu: inter64=0 inter32=0 inter16=0 inter8=0 intra32=0 intra16=0 intra8=0 intra4=0 reftype=0
  snapshot f220: 3 venc_ko blocks (pool0 0x73801000 len 0x10000)
src frame 221: srcf=11 off=888 br=2000
frame 221: send=0x0 get=0x0 len=1524 coding=1 startqp=0 meanqp=0 picbytes=0 pskip=0 nalus=1 n1:1524
  cu: inter64=0 inter32=0 inter16=0 inter8=0 intra32=0 intra16=0 intra8=0 intra4=0 reftype=0
  snapshot f221: 3 venc_ko blocks (pool0 0x73801000 len 0x10000)
src frame 222: srcf=10 off=892 br=2000
frame 222: send=0x0 get=0x0 len=1301 coding=1 startqp=0 meanqp=0 picbytes=0 pskip=0 nalus=1 n1:1301
  cu: inter64=0 inter32=0 inter16=0 inter8=0 intra32=0 intra16=0 intra8=0 intra4=0 reftype=0
  snapshot f222: 3 venc_ko blocks (pool0 0x73801000 len 0x10000)
src frame 223: srcf=9 off=896 br=2000
frame 223: send=0x0 get=0x0 len=1375 coding=1 startqp=0 meanqp=0 picbytes=0 pskip=0 nalus=1 n1:1375
  cu: inter64=0 inter32=0 inter16=0 inter8=0 intra32=0 intra16=0 intra8=0 intra4=0 reftype=0
  snapshot f223: 3 venc_ko blocks (pool0 0x73801000 len 0x10000)
src frame 224: srcf=8 off=900 br=2000
frame 224: send=0x0 get=0x0 len=1161 coding=1 startqp=0 meanqp=0 picbytes=0 pskip=0 nalus=1 n1:1161
  cu: inter64=0 inter32=0 inter16=0 inter8=0 intra32=0 intra16=0 intra8=0 intra4=0 reftype=0
  snapshot f224: 3 venc_ko blocks (pool0 0x73801000 len 0x10000)
src frame 225: srcf=7 off=904 br=2000
frame 225: send=0x0 get=0x0 len=1120 coding=1 startqp=0 meanqp=0 picbytes=0 pskip=0 nalus=1 n1:1120
  cu: inter64=0 inter32=0 inter16=0 inter8=0 intra32=0 intra16=0 intra8=0 intra4=0 reftype=0
  snapshot f225: 3 venc_ko blocks (pool0 0x73801000 len 0x10000)
src frame 226: srcf=6 off=908 br=2000
frame 226: send=0x0 get=0x0 len=1445 coding=1 startqp=0 meanqp=0 picbytes=0 pskip=0 nalus=1 n1:1445
  cu: inter64=0 inter32=0 inter16=0 inter8=0 intra32=0 intra16=0 intra8=0 intra4=0 reftype=0
  snapshot f226: 3 venc_ko blocks (pool0 0x73801000 len 0x10000)
src frame 227: srcf=5 off=912 br=2000
frame 227: send=0x0 get=0x0 len=1380 coding=1 startqp=0 meanqp=0 picbytes=0 pskip=0 nalus=1 n1:1380
  cu: inter64=0 inter32=0 inter16=0 inter8=0 intra32=0 intra16=0 intra8=0 intra4=0 reftype=0
  snapshot f227: 3 venc_ko blocks (pool0 0x73801000 len 0x10000)
src frame 228: srcf=4 off=916 br=2000
frame 228: send=0x0 get=0x0 len=1242 coding=1 startqp=0 meanqp=0 picbytes=0 pskip=0 nalus=1 n1:1242
  cu: inter64=0 inter32=0 inter16=0 inter8=0 intra32=0 intra16=0 intra8=0 intra4=0 reftype=0
  snapshot f228: 3 venc_ko blocks (pool0 0x73801000 len 0x10000)
src frame 229: srcf=3 off=920 br=2000
frame 229: send=0x0 get=0x0 len=1296 coding=1 startqp=0 meanqp=0 picbytes=0 pskip=0 nalus=1 n1:1296
  cu: inter64=0 inter32=0 inter16=0 inter8=0 intra32=0 intra16=0 intra8=0 intra4=0 reftype=0
  snapshot f229: 3 venc_ko blocks (pool0 0x73801000 len 0x10000)
src frame 230: srcf=2 off=924 br=2000
frame 230: send=0x0 get=0x0 len=1244 coding=1 startqp=0 meanqp=0 picbytes=0 pskip=0 nalus=1 n1:1244
  cu: inter64=0 inter32=0 inter16=0 inter8=0 intra32=0 intra16=0 intra8=0 intra4=0 reftype=0
  snapshot f230: 3 venc_ko blocks (pool0 0x73801000 len 0x10000)
src frame 231: srcf=1 off=928 br=2000
frame 231: send=0x0 get=0x0 len=1681 coding=1 startqp=0 meanqp=0 picbytes=0 pskip=0 nalus=1 n1:1681
  cu: inter64=0 inter32=0 inter16=0 inter8=0 intra32=0 intra16=0 intra8=0 intra4=0 reftype=0
  snapshot f231: 3 venc_ko blocks (pool0 0x73801000 len 0x10000)
src frame 232: srcf=0 off=932 br=2000
frame 232: send=0x0 get=0x0 len=1153 coding=1 startqp=0 meanqp=0 picbytes=0 pskip=0 nalus=1 n1:1153
  cu: inter64=0 inter32=0 inter16=0 inter8=0 intra32=0 intra16=0 intra8=0 intra4=0 reftype=0
  snapshot f232: 3 venc_ko blocks (pool0 0x73801000 len 0x10000)
src frame 233: srcf=1 off=936 br=2000
frame 233: send=0x0 get=0x0 len=1414 coding=1 startqp=0 meanqp=0 picbytes=0 pskip=0 nalus=1 n1:1414
  cu: inter64=0 inter32=0 inter16=0 inter8=0 intra32=0 intra16=0 intra8=0 intra4=0 reftype=0
  snapshot f233: 3 venc_ko blocks (pool0 0x73801000 len 0x10000)
src frame 234: srcf=2 off=940 br=2000
frame 234: send=0x0 get=0x0 len=891 coding=1 startqp=0 meanqp=0 picbytes=0 pskip=0 nalus=1 n1:891
  cu: inter64=0 inter32=0 inter16=0 inter8=0 intra32=0 intra16=0 intra8=0 intra4=0 reftype=0
  snapshot f234: 3 venc_ko blocks (pool0 0x73801000 len 0x10000)
src frame 235: srcf=3 off=944 br=2000
frame 235: send=0x0 get=0x0 len=1130 coding=1 startqp=0 meanqp=0 picbytes=0 pskip=0 nalus=1 n1:1130
  cu: inter64=0 inter32=0 inter16=0 inter8=0 intra32=0 intra16=0 intra8=0 intra4=0 reftype=0
  snapshot f235: 3 venc_ko blocks (pool0 0x73801000 len 0x10000)
src frame 236: srcf=4 off=948 br=2000
frame 236: send=0x0 get=0x0 len=1121 coding=1 startqp=0 meanqp=0 picbytes=0 pskip=0 nalus=1 n1:1121
  cu: inter64=0 inter32=0 inter16=0 inter8=0 intra32=0 intra16=0 intra8=0 intra4=0 reftype=0
  snapshot f236: 3 venc_ko blocks (pool0 0x73801000 len 0x10000)
src frame 237: srcf=5 off=952 br=2000
frame 237: send=0x0 get=0x0 len=1037 coding=1 startqp=0 meanqp=0 picbytes=0 pskip=0 nalus=1 n1:1037
  cu: inter64=0 inter32=0 inter16=0 inter8=0 intra32=0 intra16=0 intra8=0 intra4=0 reftype=0
  snapshot f237: 3 venc_ko blocks (pool0 0x73801000 len 0x10000)
src frame 238: srcf=6 off=956 br=2000
frame 238: send=0x0 get=0x0 len=1045 coding=1 startqp=0 meanqp=0 picbytes=0 pskip=0 nalus=1 n1:1045
  cu: inter64=0 inter32=0 inter16=0 inter8=0 intra32=0 intra16=0 intra8=0 intra4=0 reftype=0
  snapshot f238: 3 venc_ko blocks (pool0 0x73801000 len 0x10000)
src frame 239: srcf=7 off=960 br=2000
frame 239: send=0x0 get=0x0 len=1241 coding=1 startqp=0 meanqp=0 picbytes=0 pskip=0 nalus=1 n1:1241
  cu: inter64=0 inter32=0 inter16=0 inter8=0 intra32=0 intra16=0 intra8=0 intra4=0 reftype=0
  snapshot f239: 3 venc_ko blocks (pool0 0x73801000 len 0x10000)
---- /proc/ax_proc/venc ----
-------- VENC VERSION ------------------------
[Axera version]: ax_venc V3.0.0_20250319114413 Mar 19 2025 11:58:34 JK

-------- MODULE PARAM ------------------------
MaxChnNum   MaxRoiNum   MaxProcNum  
16          8           16          

-------- VENC CHN ATTR 1 ------------------------
ID    Type    wSrc    hSrc    Strd0   Strd1   maxW    maxH    PixFmt  link  InFifoDep    OutFifoDep   InDbgFifoLen InDbgFifoDep StrmBufSize(KB)
7     h265    1920    1080    3840    0       1920    1080    YUYV422 N     2            2            0            4            4114      
-------- VENC CHN ATTR 2 ------------------------
ID    [CropEn StartX  StartY  CropW   CropH]  Rotation  EncW    EncH    FrmSize      PTS          SeqNum       CompMode     CompLevel    PhyAddr0     PhyAddr1     PhyAddr2     
7     N       0       0       0       0       0         1920    1080    4147200      3283333      198          NONE         0            742cb000     0            0            
-------- VENC RC ATTR 1 ------------------------
ID    RcMode    SrcFr   DstFr   Br(kbps)  MinQp   MaxQp   MinIQp  MaxIQp  IQpDelta  IpropMax   IpropMin   StartQp    QpDltRng   DeBrQpDlt  SvcEn   ChgPos  StillPercent MaxStillQp 
7     VBR       60.00   60.00   2000      10      51      10      51      0         -          -          -1         2          0          False   90      -            -          
-------- VENC RC ATTR 2  -----------------------
ID    QMapQpType  QMapUnit    QMapBlkType IQp   PQp   MinQpDelta MaxQpDelta MaxBitRate shtStaTime ltStaTime  ltMinBr  ltMaxBr  Br_ST(kbps)    Br_LT(kbps)    
7     N/A         64x64       N/A         -     -     -          -          -          -          -          -        -        -              -              
-------- VENC GOP ATTR  ------------------------
ID    GopMode   Gop   GopVI 
7     NormalP   30    0     
-------- VENC STATUS 1 -------------------------
ID    RJEn         RJThr(bps)   RJMode       RJEncGaps    SupFrmEn     SupPri       SupThrI      SupThrP      SplitEn      SliceNum     Range(In)    Range(out)   
7     N            0            Normal       0            N            0            500000       500000       N            0            Full         Full         
-------- VENC STATUS 2 -------------------------
ID    ChnStat   FrmRecv   FrmRls    FrmEnc    FrmDrop   FrmDup    EncFail   MissMatch StrmGet   StrmRls   OutFps    RealBr    ReEncCnt  DropCnt   BlkFail   GrpID     PID     TID     ThNum   RefInc    RefDec    Fail1   Fail2   Fail3   Fail4   
7     STARTED   198       198       198       0         0         0         0         198       197       50.00     1693.95   0         0         0         -1        130147  130151  1       198       198       0       0       0       0       
-------- VENC HW STATUS  ------------------------
ID    OverFlow     TimeOut      
7     0            0            
-------- VENC ROI INFO  ------------------------
ID    Index        bEnable      bAbsQp       RoiQP        Width        Height       StartX       StartY       
done h265_vbr2000
rc=0
== h265_vbr2000: codec=h265 rc=vbr br=2000 fps=60 gop=30 frames=240 total=900941 B achieved=1802 kbps
I frames (frame:qp/bytes): 0:36/22054 30:24/43260 60:15/63741 90:10/77211 120:10/77984 150:10/77276 180:11/75075 210:10/77410
first P after each I (frame:qp): 1:36 31:23 61:14 91:12 121:12 151:12 181:11 211:10
per-GOP: gop#: kbps I_qp P_qp[min..max] P_qp_last
  0: 1428 kbps I=[36] P=[20..36] last=22 n=30
  1: 1760 kbps I=[24] P=[12..23] last=13 n=30
  2: 1969 kbps I=[15] P=[10..15] last=10 n=30
  3: 1964 kbps I=[10] P=[10..12] last=10 n=30
  4: 1904 kbps I=[10] P=[10..16] last=10 n=30
  5: 1804 kbps I=[10] P=[10..18] last=10 n=30
  6: 1789 kbps I=[11] P=[10..14] last=10 n=30
  7: 1798 kbps I=[10] P=[10..14] last=10 n=30
P->P QP step histogram: -2:1 -1:95 +0:97 +2:31
I->firstP QP delta: +0 -1 -1 +2 +2 +2 +0 +0
sw7 frame-QP == slice QP: 240/240 frames with a program agree; mismatches at []
slot flags: {'': 240}
sw105-107 distinct (I): [('0x0', '0x0', '0x0')]
sw172/173 distinct: [('0x14f', '0x662'), ('0x14f', '0x66a')]
sw6 distinct (I / P): ['0x20000b'] ['0x200003']
=== h265_vbr8000: codec=h265 rc=vbr br=8000 nframes=240 src=/root/rc65/clips/static.yuyv motion=vscroll mstep=4
# vdrive tag=h265_vbr8000 codec=h265 1920x1080 rc=vbr br=8000 fps=60/60 gop=30 gopmode=normalp ltrint=0 ltrqpo=0 iqp=32 pqp=32 profile=0 level=153 tier=0 qp[10..51] iqp[10..51] iqd=0 firstqp=-1 iprop[10..40] idrrange=2 stattime=1 vq=0 ir=0/0 slice=0 debreath=0 scd=-1 rowqpd=-1 vui=-1 move=0 nframes=240
src=/root/rc65/clips/static.yuyv frames=30 loop=pingpong motion=vscroll mstep=4 window=0..-1
AX_SYS_Init rc=0x0
AX_VENC_Init rc=0x0
AX_VENC_CreateChn(7) rc=0x0
StartRecvFrame rc=0x0
AX_POOL_CreatePool id=0x0
blk=0x5e000000 phys=0x742cb000 virt=0xffff8e7c5000
frame: modid=0x11 stride=1920 fmt=0xd
  snapshot pre: 3 venc_ko blocks (pool0 0x73801000 len 0x10000)
src frame 0: srcf=0 off=4 br=8000
frame 0: send=0x0 get=0x0 len=28669 coding=0 startqp=0 meanqp=0 picbytes=0 pskip=0 nalus=4 n32:27 n33:53 n34:12 n19:28577
  cu: inter64=0 inter32=0 inter16=0 inter8=0 intra32=0 intra16=0 intra8=0 intra4=0 reftype=0
  snapshot f000: 3 venc_ko blocks (pool0 0x73801000 len 0x10000)
src frame 1: srcf=1 off=8 br=8000
frame 1: send=0x0 get=0x0 len=1467 coding=1 startqp=0 meanqp=0 picbytes=0 pskip=0 nalus=1 n1:1467
  cu: inter64=0 inter32=0 inter16=0 inter8=0 intra32=0 intra16=0 intra8=0 intra4=0 reftype=0
  snapshot f001: 3 venc_ko blocks (pool0 0x73801000 len 0x10000)
src frame 2: srcf=2 off=12 br=8000
frame 2: send=0x0 get=0x0 len=1323 coding=1 startqp=0 meanqp=0 picbytes=0 pskip=0 nalus=1 n1:1323
  cu: inter64=0 inter32=0 inter16=0 inter8=0 intra32=0 intra16=0 intra8=0 intra4=0 reftype=0
  snapshot f002: 3 venc_ko blocks (pool0 0x73801000 len 0x10000)
src frame 3: srcf=3 off=16 br=8000
frame 3: send=0x0 get=0x0 len=2260 coding=1 startqp=0 meanqp=0 picbytes=0 pskip=0 nalus=1 n1:2260
  cu: inter64=0 inter32=0 inter16=0 inter8=0 intra32=0 intra16=0 intra8=0 intra4=0 reftype=0
  snapshot f003: 3 venc_ko blocks (pool0 0x73801000 len 0x10000)
src frame 4: srcf=4 off=20 br=8000
frame 4: send=0x0 get=0x0 len=3689 coding=1 startqp=0 meanqp=0 picbytes=0 pskip=0 nalus=1 n1:3689
  cu: inter64=0 inter32=0 inter16=0 inter8=0 intra32=0 intra16=0 intra8=0 intra4=0 reftype=0
  snapshot f004: 3 venc_ko blocks (pool0 0x73801000 len 0x10000)
src frame 5: srcf=5 off=24 br=8000
frame 5: send=0x0 get=0x0 len=3687 coding=1 startqp=0 meanqp=0 picbytes=0 pskip=0 nalus=1 n1:3687
  cu: inter64=0 inter32=0 inter16=0 inter8=0 intra32=0 intra16=0 intra8=0 intra4=0 reftype=0
  snapshot f005: 3 venc_ko blocks (pool0 0x73801000 len 0x10000)
src frame 6: srcf=6 off=28 br=8000
frame 6: send=0x0 get=0x0 len=3813 coding=1 startqp=0 meanqp=0 picbytes=0 pskip=0 nalus=1 n1:3813
  cu: inter64=0 inter32=0 inter16=0 inter8=0 intra32=0 intra16=0 intra8=0 intra4=0 reftype=0
  snapshot f006: 3 venc_ko blocks (pool0 0x73801000 len 0x10000)
src frame 7: srcf=7 off=32 br=8000
frame 7: send=0x0 get=0x0 len=4006 coding=1 startqp=0 meanqp=0 picbytes=0 pskip=0 nalus=1 n1:4006
  cu: inter64=0 inter32=0 inter16=0 inter8=0 intra32=0 intra16=0 intra8=0 intra4=0 reftype=0
  snapshot f007: 3 venc_ko blocks (pool0 0x73801000 len 0x10000)
src frame 8: srcf=8 off=36 br=8000
frame 8: send=0x0 get=0x0 len=4015 coding=1 startqp=0 meanqp=0 picbytes=0 pskip=0 nalus=1 n1:4015
  cu: inter64=0 inter32=0 inter16=0 inter8=0 intra32=0 intra16=0 intra8=0 intra4=0 reftype=0
  snapshot f008: 3 venc_ko blocks (pool0 0x73801000 len 0x10000)
src frame 9: srcf=9 off=40 br=8000
frame 9: send=0x0 get=0x0 len=4160 coding=1 startqp=0 meanqp=0 picbytes=0 pskip=0 nalus=1 n1:4160
  cu: inter64=0 inter32=0 inter16=0 inter8=0 intra32=0 intra16=0 intra8=0 intra4=0 reftype=0
  snapshot f009: 3 venc_ko blocks (pool0 0x73801000 len 0x10000)
src frame 10: srcf=10 off=44 br=8000
frame 10: send=0x0 get=0x0 len=4470 coding=1 startqp=0 meanqp=0 picbytes=0 pskip=0 nalus=1 n1:4470
  cu: inter64=0 inter32=0 inter16=0 inter8=0 intra32=0 intra16=0 intra8=0 intra4=0 reftype=0
  snapshot f010: 3 venc_ko blocks (pool0 0x73801000 len 0x10000)
src frame 11: srcf=11 off=48 br=8000
frame 11: send=0x0 get=0x0 len=4911 coding=1 startqp=0 meanqp=0 picbytes=0 pskip=0 nalus=1 n1:4911
  cu: inter64=0 inter32=0 inter16=0 inter8=0 intra32=0 intra16=0 intra8=0 intra4=0 reftype=0
  snapshot f011: 3 venc_ko blocks (pool0 0x73801000 len 0x10000)
src frame 12: srcf=12 off=52 br=8000
frame 12: send=0x0 get=0x0 len=5500 coding=1 startqp=0 meanqp=0 picbytes=0 pskip=0 nalus=1 n1:5500
  cu: inter64=0 inter32=0 inter16=0 inter8=0 intra32=0 intra16=0 intra8=0 intra4=0 reftype=0
  snapshot f012: 3 venc_ko blocks (pool0 0x73801000 len 0x10000)
src frame 13: srcf=13 off=56 br=8000
frame 13: send=0x0 get=0x0 len=5472 coding=1 startqp=0 meanqp=0 picbytes=0 pskip=0 nalus=1 n1:5472
  cu: inter64=0 inter32=0 inter16=0 inter8=0 intra32=0 intra16=0 intra8=0 intra4=0 reftype=0
  snapshot f013: 3 venc_ko blocks (pool0 0x73801000 len 0x10000)
src frame 14: srcf=14 off=60 br=8000
frame 14: send=0x0 get=0x0 len=6238 coding=1 startqp=0 meanqp=0 picbytes=0 pskip=0 nalus=1 n1:6238
  cu: inter64=0 inter32=0 inter16=0 inter8=0 intra32=0 intra16=0 intra8=0 intra4=0 reftype=0
  snapshot f014: 3 venc_ko blocks (pool0 0x73801000 len 0x10000)
src frame 15: srcf=15 off=64 br=8000
frame 15: send=0x0 get=0x0 len=5644 coding=1 startqp=0 meanqp=0 picbytes=0 pskip=0 nalus=1 n1:5644
  cu: inter64=0 inter32=0 inter16=0 inter8=0 intra32=0 intra16=0 intra8=0 intra4=0 reftype=0
  snapshot f015: 3 venc_ko blocks (pool0 0x73801000 len 0x10000)
src frame 16: srcf=16 off=68 br=8000
frame 16: send=0x0 get=0x0 len=5809 coding=1 startqp=0 meanqp=0 picbytes=0 pskip=0 nalus=1 n1:5809
  cu: inter64=0 inter32=0 inter16=0 inter8=0 intra32=0 intra16=0 intra8=0 intra4=0 reftype=0
  snapshot f016: 3 venc_ko blocks (pool0 0x73801000 len 0x10000)
src frame 17: srcf=17 off=72 br=8000
frame 17: send=0x0 get=0x0 len=5579 coding=1 startqp=0 meanqp=0 picbytes=0 pskip=0 nalus=1 n1:5579
  cu: inter64=0 inter32=0 inter16=0 inter8=0 intra32=0 intra16=0 intra8=0 intra4=0 reftype=0
  snapshot f017: 3 venc_ko blocks (pool0 0x73801000 len 0x10000)
src frame 18: srcf=18 off=76 br=8000
frame 18: send=0x0 get=0x0 len=5998 coding=1 startqp=0 meanqp=0 picbytes=0 pskip=0 nalus=1 n1:5998
  cu: inter64=0 inter32=0 inter16=0 inter8=0 intra32=0 intra16=0 intra8=0 intra4=0 reftype=0
  snapshot f018: 3 venc_ko blocks (pool0 0x73801000 len 0x10000)
src frame 19: srcf=19 off=80 br=8000
frame 19: send=0x0 get=0x0 len=6151 coding=1 startqp=0 meanqp=0 picbytes=0 pskip=0 nalus=1 n1:6151
  cu: inter64=0 inter32=0 inter16=0 inter8=0 intra32=0 intra16=0 intra8=0 intra4=0 reftype=0
  snapshot f019: 3 venc_ko blocks (pool0 0x73801000 len 0x10000)
src frame 20: srcf=20 off=84 br=8000
frame 20: send=0x0 get=0x0 len=6684 coding=1 startqp=0 meanqp=0 picbytes=0 pskip=0 nalus=1 n1:6684
  cu: inter64=0 inter32=0 inter16=0 inter8=0 intra32=0 intra16=0 intra8=0 intra4=0 reftype=0
  snapshot f020: 3 venc_ko blocks (pool0 0x73801000 len 0x10000)
src frame 21: srcf=21 off=88 br=8000
frame 21: send=0x0 get=0x0 len=7436 coding=1 startqp=0 meanqp=0 picbytes=0 pskip=0 nalus=1 n1:7436
  cu: inter64=0 inter32=0 inter16=0 inter8=0 intra32=0 intra16=0 intra8=0 intra4=0 reftype=0
  snapshot f021: 3 venc_ko blocks (pool0 0x73801000 len 0x10000)
src frame 22: srcf=22 off=92 br=8000
frame 22: send=0x0 get=0x0 len=5528 coding=1 startqp=0 meanqp=0 picbytes=0 pskip=0 nalus=1 n1:5528
  cu: inter64=0 inter32=0 inter16=0 inter8=0 intra32=0 intra16=0 intra8=0 intra4=0 reftype=0
  snapshot f022: 3 venc_ko blocks (pool0 0x73801000 len 0x10000)
src frame 23: srcf=23 off=96 br=8000
frame 23: send=0x0 get=0x0 len=5970 coding=1 startqp=0 meanqp=0 picbytes=0 pskip=0 nalus=1 n1:5970
  cu: inter64=0 inter32=0 inter16=0 inter8=0 intra32=0 intra16=0 intra8=0 intra4=0 reftype=0
  snapshot f023: 3 venc_ko blocks (pool0 0x73801000 len 0x10000)
src frame 24: srcf=24 off=100 br=8000
frame 24: send=0x0 get=0x0 len=5468 coding=1 startqp=0 meanqp=0 picbytes=0 pskip=0 nalus=1 n1:5468
  cu: inter64=0 inter32=0 inter16=0 inter8=0 intra32=0 intra16=0 intra8=0 intra4=0 reftype=0
  snapshot f024: 3 venc_ko blocks (pool0 0x73801000 len 0x10000)
src frame 25: srcf=25 off=104 br=8000
frame 25: send=0x0 get=0x0 len=3542 coding=1 startqp=0 meanqp=0 picbytes=0 pskip=0 nalus=1 n1:3542
  cu: inter64=0 inter32=0 inter16=0 inter8=0 intra32=0 intra16=0 intra8=0 intra4=0 reftype=0
  snapshot f025: 3 venc_ko blocks (pool0 0x73801000 len 0x10000)
src frame 26: srcf=26 off=108 br=8000
frame 26: send=0x0 get=0x0 len=2608 coding=1 startqp=0 meanqp=0 picbytes=0 pskip=0 nalus=1 n1:2608
  cu: inter64=0 inter32=0 inter16=0 inter8=0 intra32=0 intra16=0 intra8=0 intra4=0 reftype=0
  snapshot f026: 3 venc_ko blocks (pool0 0x73801000 len 0x10000)
src frame 27: srcf=27 off=112 br=8000
frame 27: send=0x0 get=0x0 len=2249 coding=1 startqp=0 meanqp=0 picbytes=0 pskip=0 nalus=1 n1:2249
  cu: inter64=0 inter32=0 inter16=0 inter8=0 intra32=0 intra16=0 intra8=0 intra4=0 reftype=0
  snapshot f027: 3 venc_ko blocks (pool0 0x73801000 len 0x10000)
src frame 28: srcf=28 off=116 br=8000
frame 28: send=0x0 get=0x0 len=1912 coding=1 startqp=0 meanqp=0 picbytes=0 pskip=0 nalus=1 n1:1912
  cu: inter64=0 inter32=0 inter16=0 inter8=0 intra32=0 intra16=0 intra8=0 intra4=0 reftype=0
  snapshot f028: 3 venc_ko blocks (pool0 0x73801000 len 0x10000)
src frame 29: srcf=29 off=120 br=8000
frame 29: send=0x0 get=0x0 len=2523 coding=1 startqp=0 meanqp=0 picbytes=0 pskip=0 nalus=1 n1:2523
  cu: inter64=0 inter32=0 inter16=0 inter8=0 intra32=0 intra16=0 intra8=0 intra4=0 reftype=0
  snapshot f029: 3 venc_ko blocks (pool0 0x73801000 len 0x10000)
src frame 30: srcf=28 off=124 br=8000
frame 30: send=0x0 get=0x0 len=68852 coding=0 startqp=0 meanqp=0 picbytes=0 pskip=0 nalus=4 n32:27 n33:53 n34:12 n19:68760
  cu: inter64=0 inter32=0 inter16=0 inter8=0 intra32=0 intra16=0 intra8=0 intra4=0 reftype=0
  snapshot f030: 3 venc_ko blocks (pool0 0x73801000 len 0x10000)
src frame 31: srcf=27 off=128 br=8000
frame 31: send=0x0 get=0x0 len=1756 coding=1 startqp=0 meanqp=0 picbytes=0 pskip=0 nalus=1 n1:1756
  cu: inter64=0 inter32=0 inter16=0 inter8=0 intra32=0 intra16=0 intra8=0 intra4=0 reftype=0
  snapshot f031: 3 venc_ko blocks (pool0 0x73801000 len 0x10000)
src frame 32: srcf=26 off=132 br=8000
frame 32: send=0x0 get=0x0 len=2533 coding=1 startqp=0 meanqp=0 picbytes=0 pskip=0 nalus=1 n1:2533
  cu: inter64=0 inter32=0 inter16=0 inter8=0 intra32=0 intra16=0 intra8=0 intra4=0 reftype=0
  snapshot f032: 3 venc_ko blocks (pool0 0x73801000 len 0x10000)
src frame 33: srcf=25 off=136 br=8000
frame 33: send=0x0 get=0x0 len=3609 coding=1 startqp=0 meanqp=0 picbytes=0 pskip=0 nalus=1 n1:3609
  cu: inter64=0 inter32=0 inter16=0 inter8=0 intra32=0 intra16=0 intra8=0 intra4=0 reftype=0
  snapshot f033: 3 venc_ko blocks (pool0 0x73801000 len 0x10000)
src frame 34: srcf=24 off=140 br=8000
frame 34: send=0x0 get=0x0 len=4131 coding=1 startqp=0 meanqp=0 picbytes=0 pskip=0 nalus=1 n1:4131
  cu: inter64=0 inter32=0 inter16=0 inter8=0 intra32=0 intra16=0 intra8=0 intra4=0 reftype=0
  snapshot f034: 3 venc_ko blocks (pool0 0x73801000 len 0x10000)
src frame 35: srcf=23 off=144 br=8000
frame 35: send=0x0 get=0x0 len=2931 coding=1 startqp=0 meanqp=0 picbytes=0 pskip=0 nalus=1 n1:2931
  cu: inter64=0 inter32=0 inter16=0 inter8=0 intra32=0 intra16=0 intra8=0 intra4=0 reftype=0
  snapshot f035: 3 venc_ko blocks (pool0 0x73801000 len 0x10000)
src frame 36: srcf=22 off=148 br=8000
frame 36: send=0x0 get=0x0 len=1955 coding=1 startqp=0 meanqp=0 picbytes=0 pskip=0 nalus=1 n1:1955
  cu: inter64=0 inter32=0 inter16=0 inter8=0 intra32=0 intra16=0 intra8=0 intra4=0 reftype=0
  snapshot f036: 3 venc_ko blocks (pool0 0x73801000 len 0x10000)
src frame 37: srcf=21 off=152 br=8000
frame 37: send=0x0 get=0x0 len=1983 coding=1 startqp=0 meanqp=0 picbytes=0 pskip=0 nalus=1 n1:1983
  cu: inter64=0 inter32=0 inter16=0 inter8=0 intra32=0 intra16=0 intra8=0 intra4=0 reftype=0
  snapshot f037: 3 venc_ko blocks (pool0 0x73801000 len 0x10000)
src frame 38: srcf=20 off=156 br=8000
frame 38: send=0x0 get=0x0 len=1963 coding=1 startqp=0 meanqp=0 picbytes=0 pskip=0 nalus=1 n1:1963
  cu: inter64=0 inter32=0 inter16=0 inter8=0 intra32=0 intra16=0 intra8=0 intra4=0 reftype=0
  snapshot f038: 3 venc_ko blocks (pool0 0x73801000 len 0x10000)
src frame 39: srcf=19 off=160 br=8000
frame 39: send=0x0 get=0x0 len=1995 coding=1 startqp=0 meanqp=0 picbytes=0 pskip=0 nalus=1 n1:1995
  cu: inter64=0 inter32=0 inter16=0 inter8=0 intra32=0 intra16=0 intra8=0 intra4=0 reftype=0
  snapshot f039: 3 venc_ko blocks (pool0 0x73801000 len 0x10000)
src frame 40: srcf=18 off=164 br=8000
frame 40: send=0x0 get=0x0 len=1954 coding=1 startqp=0 meanqp=0 picbytes=0 pskip=0 nalus=1 n1:1954
  cu: inter64=0 inter32=0 inter16=0 inter8=0 intra32=0 intra16=0 intra8=0 intra4=0 reftype=0
  snapshot f040: 3 venc_ko blocks (pool0 0x73801000 len 0x10000)
src frame 41: srcf=17 off=168 br=8000
frame 41: send=0x0 get=0x0 len=2581 coding=1 startqp=0 meanqp=0 picbytes=0 pskip=0 nalus=1 n1:2581
  cu: inter64=0 inter32=0 inter16=0 inter8=0 intra32=0 intra16=0 intra8=0 intra4=0 reftype=0
  snapshot f041: 3 venc_ko blocks (pool0 0x73801000 len 0x10000)
src frame 42: srcf=16 off=172 br=8000
frame 42: send=0x0 get=0x0 len=2593 coding=1 startqp=0 meanqp=0 picbytes=0 pskip=0 nalus=1 n1:2593
  cu: inter64=0 inter32=0 inter16=0 inter8=0 intra32=0 intra16=0 intra8=0 intra4=0 reftype=0
  snapshot f042: 3 venc_ko blocks (pool0 0x73801000 len 0x10000)
src frame 43: srcf=15 off=176 br=8000
frame 43: send=0x0 get=0x0 len=2832 coding=1 startqp=0 meanqp=0 picbytes=0 pskip=0 nalus=1 n1:2832
  cu: inter64=0 inter32=0 inter16=0 inter8=0 intra32=0 intra16=0 intra8=0 intra4=0 reftype=0
  snapshot f043: 3 venc_ko blocks (pool0 0x73801000 len 0x10000)
src frame 44: srcf=14 off=180 br=8000
frame 44: send=0x0 get=0x0 len=2149 coding=1 startqp=0 meanqp=0 picbytes=0 pskip=0 nalus=1 n1:2149
  cu: inter64=0 inter32=0 inter16=0 inter8=0 intra32=0 intra16=0 intra8=0 intra4=0 reftype=0
  snapshot f044: 3 venc_ko blocks (pool0 0x73801000 len 0x10000)
src frame 45: srcf=13 off=184 br=8000
frame 45: send=0x0 get=0x0 len=1513 coding=1 startqp=0 meanqp=0 picbytes=0 pskip=0 nalus=1 n1:1513
  cu: inter64=0 inter32=0 inter16=0 inter8=0 intra32=0 intra16=0 intra8=0 intra4=0 reftype=0
  snapshot f045: 3 venc_ko blocks (pool0 0x73801000 len 0x10000)
src frame 46: srcf=12 off=188 br=8000
frame 46: send=0x0 get=0x0 len=1411 coding=1 startqp=0 meanqp=0 picbytes=0 pskip=0 nalus=1 n1:1411
  cu: inter64=0 inter32=0 inter16=0 inter8=0 intra32=0 intra16=0 intra8=0 intra4=0 reftype=0
  snapshot f046: 3 venc_ko blocks (pool0 0x73801000 len 0x10000)
src frame 47: srcf=11 off=192 br=8000
frame 47: send=0x0 get=0x0 len=1547 coding=1 startqp=0 meanqp=0 picbytes=0 pskip=0 nalus=1 n1:1547
  cu: inter64=0 inter32=0 inter16=0 inter8=0 intra32=0 intra16=0 intra8=0 intra4=0 reftype=0
  snapshot f047: 3 venc_ko blocks (pool0 0x73801000 len 0x10000)
src frame 48: srcf=10 off=196 br=8000
frame 48: send=0x0 get=0x0 len=1675 coding=1 startqp=0 meanqp=0 picbytes=0 pskip=0 nalus=1 n1:1675
  cu: inter64=0 inter32=0 inter16=0 inter8=0 intra32=0 intra16=0 intra8=0 intra4=0 reftype=0
  snapshot f048: 3 venc_ko blocks (pool0 0x73801000 len 0x10000)
src frame 49: srcf=9 off=200 br=8000
frame 49: send=0x0 get=0x0 len=1424 coding=1 startqp=0 meanqp=0 picbytes=0 pskip=0 nalus=1 n1:1424
  cu: inter64=0 inter32=0 inter16=0 inter8=0 intra32=0 intra16=0 intra8=0 intra4=0 reftype=0
  snapshot f049: 3 venc_ko blocks (pool0 0x73801000 len 0x10000)
src frame 50: srcf=8 off=204 br=8000
frame 50: send=0x0 get=0x0 len=1632 coding=1 startqp=0 meanqp=0 picbytes=0 pskip=0 nalus=1 n1:1632
  cu: inter64=0 inter32=0 inter16=0 inter8=0 intra32=0 intra16=0 intra8=0 intra4=0 reftype=0
  snapshot f050: 3 venc_ko blocks (pool0 0x73801000 len 0x10000)
src frame 51: srcf=7 off=208 br=8000
frame 51: send=0x0 get=0x0 len=2010 coding=1 startqp=0 meanqp=0 picbytes=0 pskip=0 nalus=1 n1:2010
  cu: inter64=0 inter32=0 inter16=0 inter8=0 intra32=0 intra16=0 intra8=0 intra4=0 reftype=0
  snapshot f051: 3 venc_ko blocks (pool0 0x73801000 len 0x10000)
src frame 52: srcf=6 off=212 br=8000
frame 52: send=0x0 get=0x0 len=2048 coding=1 startqp=0 meanqp=0 picbytes=0 pskip=0 nalus=1 n1:2048
  cu: inter64=0 inter32=0 inter16=0 inter8=0 intra32=0 intra16=0 intra8=0 intra4=0 reftype=0
  snapshot f052: 3 venc_ko blocks (pool0 0x73801000 len 0x10000)
src frame 53: srcf=5 off=216 br=8000
frame 53: send=0x0 get=0x0 len=1927 coding=1 startqp=0 meanqp=0 picbytes=0 pskip=0 nalus=1 n1:1927
  cu: inter64=0 inter32=0 inter16=0 inter8=0 intra32=0 intra16=0 intra8=0 intra4=0 reftype=0
  snapshot f053: 3 venc_ko blocks (pool0 0x73801000 len 0x10000)
src frame 54: srcf=4 off=220 br=8000
frame 54: send=0x0 get=0x0 len=1795 coding=1 startqp=0 meanqp=0 picbytes=0 pskip=0 nalus=1 n1:1795
  cu: inter64=0 inter32=0 inter16=0 inter8=0 intra32=0 intra16=0 intra8=0 intra4=0 reftype=0
  snapshot f054: 3 venc_ko blocks (pool0 0x73801000 len 0x10000)
src frame 55: srcf=3 off=224 br=8000
frame 55: send=0x0 get=0x0 len=1674 coding=1 startqp=0 meanqp=0 picbytes=0 pskip=0 nalus=1 n1:1674
  cu: inter64=0 inter32=0 inter16=0 inter8=0 intra32=0 intra16=0 intra8=0 intra4=0 reftype=0
  snapshot f055: 3 venc_ko blocks (pool0 0x73801000 len 0x10000)
src frame 56: srcf=2 off=228 br=8000
frame 56: send=0x0 get=0x0 len=1385 coding=1 startqp=0 meanqp=0 picbytes=0 pskip=0 nalus=1 n1:1385
  cu: inter64=0 inter32=0 inter16=0 inter8=0 intra32=0 intra16=0 intra8=0 intra4=0 reftype=0
  snapshot f056: 3 venc_ko blocks (pool0 0x73801000 len 0x10000)
src frame 57: srcf=1 off=232 br=8000
frame 57: send=0x0 get=0x0 len=1414 coding=1 startqp=0 meanqp=0 picbytes=0 pskip=0 nalus=1 n1:1414
  cu: inter64=0 inter32=0 inter16=0 inter8=0 intra32=0 intra16=0 intra8=0 intra4=0 reftype=0
  snapshot f057: 3 venc_ko blocks (pool0 0x73801000 len 0x10000)
src frame 58: srcf=0 off=236 br=8000
frame 58: send=0x0 get=0x0 len=1234 coding=1 startqp=0 meanqp=0 picbytes=0 pskip=0 nalus=1 n1:1234
  cu: inter64=0 inter32=0 inter16=0 inter8=0 intra32=0 intra16=0 intra8=0 intra4=0 reftype=0
  snapshot f058: 3 venc_ko blocks (pool0 0x73801000 len 0x10000)
src frame 59: srcf=1 off=240 br=8000
frame 59: send=0x0 get=0x0 len=1254 coding=1 startqp=0 meanqp=0 picbytes=0 pskip=0 nalus=1 n1:1254
  cu: inter64=0 inter32=0 inter16=0 inter8=0 intra32=0 intra16=0 intra8=0 intra4=0 reftype=0
  snapshot f059: 3 venc_ko blocks (pool0 0x73801000 len 0x10000)
src frame 60: srcf=2 off=244 br=8000
frame 60: send=0x0 get=0x0 len=77470 coding=0 startqp=0 meanqp=0 picbytes=0 pskip=0 nalus=4 n32:27 n33:53 n34:12 n19:77378
  cu: inter64=0 inter32=0 inter16=0 inter8=0 intra32=0 intra16=0 intra8=0 intra4=0 reftype=0
  snapshot f060: 3 venc_ko blocks (pool0 0x73801000 len 0x10000)
src frame 61: srcf=3 off=248 br=8000
frame 61: send=0x0 get=0x0 len=2460 coding=1 startqp=0 meanqp=0 picbytes=0 pskip=0 nalus=1 n1:2460
  cu: inter64=0 inter32=0 inter16=0 inter8=0 intra32=0 intra16=0 intra8=0 intra4=0 reftype=0
  snapshot f061: 3 venc_ko blocks (pool0 0x73801000 len 0x10000)
src frame 62: srcf=4 off=252 br=8000
frame 62: send=0x0 get=0x0 len=2365 coding=1 startqp=0 meanqp=0 picbytes=0 pskip=0 nalus=1 n1:2365
  cu: inter64=0 inter32=0 inter16=0 inter8=0 intra32=0 intra16=0 intra8=0 intra4=0 reftype=0
  snapshot f062: 3 venc_ko blocks (pool0 0x73801000 len 0x10000)
src frame 63: srcf=5 off=256 br=8000
frame 63: send=0x0 get=0x0 len=1996 coding=1 startqp=0 meanqp=0 picbytes=0 pskip=0 nalus=1 n1:1996
  cu: inter64=0 inter32=0 inter16=0 inter8=0 intra32=0 intra16=0 intra8=0 intra4=0 reftype=0
  snapshot f063: 3 venc_ko blocks (pool0 0x73801000 len 0x10000)
src frame 64: srcf=6 off=260 br=8000
frame 64: send=0x0 get=0x0 len=1927 coding=1 startqp=0 meanqp=0 picbytes=0 pskip=0 nalus=1 n1:1927
  cu: inter64=0 inter32=0 inter16=0 inter8=0 intra32=0 intra16=0 intra8=0 intra4=0 reftype=0
  snapshot f064: 3 venc_ko blocks (pool0 0x73801000 len 0x10000)
src frame 65: srcf=7 off=264 br=8000
frame 65: send=0x0 get=0x0 len=1408 coding=1 startqp=0 meanqp=0 picbytes=0 pskip=0 nalus=1 n1:1408
  cu: inter64=0 inter32=0 inter16=0 inter8=0 intra32=0 intra16=0 intra8=0 intra4=0 reftype=0
  snapshot f065: 3 venc_ko blocks (pool0 0x73801000 len 0x10000)
src frame 66: srcf=8 off=268 br=8000
frame 66: send=0x0 get=0x0 len=1510 coding=1 startqp=0 meanqp=0 picbytes=0 pskip=0 nalus=1 n1:1510
  cu: inter64=0 inter32=0 inter16=0 inter8=0 intra32=0 intra16=0 intra8=0 intra4=0 reftype=0
  snapshot f066: 3 venc_ko blocks (pool0 0x73801000 len 0x10000)
src frame 67: srcf=9 off=272 br=8000
frame 67: send=0x0 get=0x0 len=1436 coding=1 startqp=0 meanqp=0 picbytes=0 pskip=0 nalus=1 n1:1436
  cu: inter64=0 inter32=0 inter16=0 inter8=0 intra32=0 intra16=0 intra8=0 intra4=0 reftype=0
  snapshot f067: 3 venc_ko blocks (pool0 0x73801000 len 0x10000)
src frame 68: srcf=10 off=276 br=8000
frame 68: send=0x0 get=0x0 len=1493 coding=1 startqp=0 meanqp=0 picbytes=0 pskip=0 nalus=1 n1:1493
  cu: inter64=0 inter32=0 inter16=0 inter8=0 intra32=0 intra16=0 intra8=0 intra4=0 reftype=0
  snapshot f068: 3 venc_ko blocks (pool0 0x73801000 len 0x10000)
src frame 69: srcf=11 off=280 br=8000
frame 69: send=0x0 get=0x0 len=1508 coding=1 startqp=0 meanqp=0 picbytes=0 pskip=0 nalus=1 n1:1508
  cu: inter64=0 inter32=0 inter16=0 inter8=0 intra32=0 intra16=0 intra8=0 intra4=0 reftype=0
  snapshot f069: 3 venc_ko blocks (pool0 0x73801000 len 0x10000)
src frame 70: srcf=12 off=284 br=8000
frame 70: send=0x0 get=0x0 len=1618 coding=1 startqp=0 meanqp=0 picbytes=0 pskip=0 nalus=1 n1:1618
  cu: inter64=0 inter32=0 inter16=0 inter8=0 intra32=0 intra16=0 intra8=0 intra4=0 reftype=0
  snapshot f070: 3 venc_ko blocks (pool0 0x73801000 len 0x10000)
src frame 71: srcf=13 off=288 br=8000
frame 71: send=0x0 get=0x0 len=2007 coding=1 startqp=0 meanqp=0 picbytes=0 pskip=0 nalus=1 n1:2007
  cu: inter64=0 inter32=0 inter16=0 inter8=0 intra32=0 intra16=0 intra8=0 intra4=0 reftype=0
  snapshot f071: 3 venc_ko blocks (pool0 0x73801000 len 0x10000)
src frame 72: srcf=14 off=292 br=8000
frame 72: send=0x0 get=0x0 len=1879 coding=1 startqp=0 meanqp=0 picbytes=0 pskip=0 nalus=1 n1:1879
  cu: inter64=0 inter32=0 inter16=0 inter8=0 intra32=0 intra16=0 intra8=0 intra4=0 reftype=0
  snapshot f072: 3 venc_ko blocks (pool0 0x73801000 len 0x10000)
src frame 73: srcf=15 off=296 br=8000
frame 73: send=0x0 get=0x0 len=1769 coding=1 startqp=0 meanqp=0 picbytes=0 pskip=0 nalus=1 n1:1769
  cu: inter64=0 inter32=0 inter16=0 inter8=0 intra32=0 intra16=0 intra8=0 intra4=0 reftype=0
  snapshot f073: 3 venc_ko blocks (pool0 0x73801000 len 0x10000)
src frame 74: srcf=16 off=300 br=8000
frame 74: send=0x0 get=0x0 len=1203 coding=1 startqp=0 meanqp=0 picbytes=0 pskip=0 nalus=1 n1:1203
  cu: inter64=0 inter32=0 inter16=0 inter8=0 intra32=0 intra16=0 intra8=0 intra4=0 reftype=0
  snapshot f074: 3 venc_ko blocks (pool0 0x73801000 len 0x10000)
src frame 75: srcf=17 off=304 br=8000
frame 75: send=0x0 get=0x0 len=1199 coding=1 startqp=0 meanqp=0 picbytes=0 pskip=0 nalus=1 n1:1199
  cu: inter64=0 inter32=0 inter16=0 inter8=0 intra32=0 intra16=0 intra8=0 intra4=0 reftype=0
  snapshot f075: 3 venc_ko blocks (pool0 0x73801000 len 0x10000)
src frame 76: srcf=18 off=308 br=8000
frame 76: send=0x0 get=0x0 len=1312 coding=1 startqp=0 meanqp=0 picbytes=0 pskip=0 nalus=1 n1:1312
  cu: inter64=0 inter32=0 inter16=0 inter8=0 intra32=0 intra16=0 intra8=0 intra4=0 reftype=0
  snapshot f076: 3 venc_ko blocks (pool0 0x73801000 len 0x10000)
src frame 77: srcf=19 off=312 br=8000
frame 77: send=0x0 get=0x0 len=1158 coding=1 startqp=0 meanqp=0 picbytes=0 pskip=0 nalus=1 n1:1158
  cu: inter64=0 inter32=0 inter16=0 inter8=0 intra32=0 intra16=0 intra8=0 intra4=0 reftype=0
  snapshot f077: 3 venc_ko blocks (pool0 0x73801000 len 0x10000)
src frame 78: srcf=20 off=316 br=8000
frame 78: send=0x0 get=0x0 len=1196 coding=1 startqp=0 meanqp=0 picbytes=0 pskip=0 nalus=1 n1:1196
  cu: inter64=0 inter32=0 inter16=0 inter8=0 intra32=0 intra16=0 intra8=0 intra4=0 reftype=0
  snapshot f078: 3 venc_ko blocks (pool0 0x73801000 len 0x10000)
src frame 79: srcf=21 off=320 br=8000
frame 79: send=0x0 get=0x0 len=1774 coding=1 startqp=0 meanqp=0 picbytes=0 pskip=0 nalus=1 n1:1774
  cu: inter64=0 inter32=0 inter16=0 inter8=0 intra32=0 intra16=0 intra8=0 intra4=0 reftype=0
  snapshot f079: 3 venc_ko blocks (pool0 0x73801000 len 0x10000)
src frame 80: srcf=22 off=324 br=8000
frame 80: send=0x0 get=0x0 len=2023 coding=1 startqp=0 meanqp=0 picbytes=0 pskip=0 nalus=1 n1:2023
  cu: inter64=0 inter32=0 inter16=0 inter8=0 intra32=0 intra16=0 intra8=0 intra4=0 reftype=0
  snapshot f080: 3 venc_ko blocks (pool0 0x73801000 len 0x10000)
src frame 81: srcf=23 off=328 br=8000
frame 81: send=0x0 get=0x0 len=2524 coding=1 startqp=0 meanqp=0 picbytes=0 pskip=0 nalus=1 n1:2524
  cu: inter64=0 inter32=0 inter16=0 inter8=0 intra32=0 intra16=0 intra8=0 intra4=0 reftype=0
  snapshot f081: 3 venc_ko blocks (pool0 0x73801000 len 0x10000)
src frame 82: srcf=24 off=332 br=8000
frame 82: send=0x0 get=0x0 len=2152 coding=1 startqp=0 meanqp=0 picbytes=0 pskip=0 nalus=1 n1:2152
  cu: inter64=0 inter32=0 inter16=0 inter8=0 intra32=0 intra16=0 intra8=0 intra4=0 reftype=0
  snapshot f082: 3 venc_ko blocks (pool0 0x73801000 len 0x10000)
src frame 83: srcf=25 off=336 br=8000
frame 83: send=0x0 get=0x0 len=1538 coding=1 startqp=0 meanqp=0 picbytes=0 pskip=0 nalus=1 n1:1538
  cu: inter64=0 inter32=0 inter16=0 inter8=0 intra32=0 intra16=0 intra8=0 intra4=0 reftype=0
  snapshot f083: 3 venc_ko blocks (pool0 0x73801000 len 0x10000)
src frame 84: srcf=26 off=340 br=8000
frame 84: send=0x0 get=0x0 len=1415 coding=1 startqp=0 meanqp=0 picbytes=0 pskip=0 nalus=1 n1:1415
  cu: inter64=0 inter32=0 inter16=0 inter8=0 intra32=0 intra16=0 intra8=0 intra4=0 reftype=0
  snapshot f084: 3 venc_ko blocks (pool0 0x73801000 len 0x10000)
src frame 85: srcf=27 off=344 br=8000
frame 85: send=0x0 get=0x0 len=1419 coding=1 startqp=0 meanqp=0 picbytes=0 pskip=0 nalus=1 n1:1419
  cu: inter64=0 inter32=0 inter16=0 inter8=0 intra32=0 intra16=0 intra8=0 intra4=0 reftype=0
  snapshot f085: 3 venc_ko blocks (pool0 0x73801000 len 0x10000)
src frame 86: srcf=28 off=348 br=8000
frame 86: send=0x0 get=0x0 len=1345 coding=1 startqp=0 meanqp=0 picbytes=0 pskip=0 nalus=1 n1:1345
  cu: inter64=0 inter32=0 inter16=0 inter8=0 intra32=0 intra16=0 intra8=0 intra4=0 reftype=0
  snapshot f086: 3 venc_ko blocks (pool0 0x73801000 len 0x10000)
src frame 87: srcf=29 off=352 br=8000
frame 87: send=0x0 get=0x0 len=1474 coding=1 startqp=0 meanqp=0 picbytes=0 pskip=0 nalus=1 n1:1474
  cu: inter64=0 inter32=0 inter16=0 inter8=0 intra32=0 intra16=0 intra8=0 intra4=0 reftype=0
  snapshot f087: 3 venc_ko blocks (pool0 0x73801000 len 0x10000)
src frame 88: srcf=28 off=356 br=8000
frame 88: send=0x0 get=0x0 len=1489 coding=1 startqp=0 meanqp=0 picbytes=0 pskip=0 nalus=1 n1:1489
  cu: inter64=0 inter32=0 inter16=0 inter8=0 intra32=0 intra16=0 intra8=0 intra4=0 reftype=0
  snapshot f088: 3 venc_ko blocks (pool0 0x73801000 len 0x10000)
src frame 89: srcf=27 off=360 br=8000
frame 89: send=0x0 get=0x0 len=1723 coding=1 startqp=0 meanqp=0 picbytes=0 pskip=0 nalus=1 n1:1723
  cu: inter64=0 inter32=0 inter16=0 inter8=0 intra32=0 intra16=0 intra8=0 intra4=0 reftype=0
  snapshot f089: 3 venc_ko blocks (pool0 0x73801000 len 0x10000)
src frame 90: srcf=26 off=364 br=8000
frame 90: send=0x0 get=0x0 len=77647 coding=0 startqp=0 meanqp=0 picbytes=0 pskip=0 nalus=4 n32:27 n33:53 n34:12 n19:77555
  cu: inter64=0 inter32=0 inter16=0 inter8=0 intra32=0 intra16=0 intra8=0 intra4=0 reftype=0
  snapshot f090: 3 venc_ko blocks (pool0 0x73801000 len 0x10000)
src frame 91: srcf=25 off=368 br=8000
frame 91: send=0x0 get=0x0 len=2520 coding=1 startqp=0 meanqp=0 picbytes=0 pskip=0 nalus=1 n1:2520
  cu: inter64=0 inter32=0 inter16=0 inter8=0 intra32=0 intra16=0 intra8=0 intra4=0 reftype=0
  snapshot f091: 3 venc_ko blocks (pool0 0x73801000 len 0x10000)
src frame 92: srcf=24 off=372 br=8000
frame 92: send=0x0 get=0x0 len=1921 coding=1 startqp=0 meanqp=0 picbytes=0 pskip=0 nalus=1 n1:1921
  cu: inter64=0 inter32=0 inter16=0 inter8=0 intra32=0 intra16=0 intra8=0 intra4=0 reftype=0
  snapshot f092: 3 venc_ko blocks (pool0 0x73801000 len 0x10000)
src frame 93: srcf=23 off=376 br=8000
frame 93: send=0x0 get=0x0 len=1339 coding=1 startqp=0 meanqp=0 picbytes=0 pskip=0 nalus=1 n1:1339
  cu: inter64=0 inter32=0 inter16=0 inter8=0 intra32=0 intra16=0 intra8=0 intra4=0 reftype=0
  snapshot f093: 3 venc_ko blocks (pool0 0x73801000 len 0x10000)
src frame 94: srcf=22 off=380 br=8000
frame 94: send=0x0 get=0x0 len=1181 coding=1 startqp=0 meanqp=0 picbytes=0 pskip=0 nalus=1 n1:1181
  cu: inter64=0 inter32=0 inter16=0 inter8=0 intra32=0 intra16=0 intra8=0 intra4=0 reftype=0
  snapshot f094: 3 venc_ko blocks (pool0 0x73801000 len 0x10000)
src frame 95: srcf=21 off=384 br=8000
frame 95: send=0x0 get=0x0 len=1363 coding=1 startqp=0 meanqp=0 picbytes=0 pskip=0 nalus=1 n1:1363
  cu: inter64=0 inter32=0 inter16=0 inter8=0 intra32=0 intra16=0 intra8=0 intra4=0 reftype=0
  snapshot f095: 3 venc_ko blocks (pool0 0x73801000 len 0x10000)
src frame 96: srcf=20 off=388 br=8000
frame 96: send=0x0 get=0x0 len=1318 coding=1 startqp=0 meanqp=0 picbytes=0 pskip=0 nalus=1 n1:1318
  cu: inter64=0 inter32=0 inter16=0 inter8=0 intra32=0 intra16=0 intra8=0 intra4=0 reftype=0
  snapshot f096: 3 venc_ko blocks (pool0 0x73801000 len 0x10000)
src frame 97: srcf=19 off=392 br=8000
frame 97: send=0x0 get=0x0 len=1194 coding=1 startqp=0 meanqp=0 picbytes=0 pskip=0 nalus=1 n1:1194
  cu: inter64=0 inter32=0 inter16=0 inter8=0 intra32=0 intra16=0 intra8=0 intra4=0 reftype=0
  snapshot f097: 3 venc_ko blocks (pool0 0x73801000 len 0x10000)
src frame 98: srcf=18 off=396 br=8000
frame 98: send=0x0 get=0x0 len=1367 coding=1 startqp=0 meanqp=0 picbytes=0 pskip=0 nalus=1 n1:1367
  cu: inter64=0 inter32=0 inter16=0 inter8=0 intra32=0 intra16=0 intra8=0 intra4=0 reftype=0
  snapshot f098: 3 venc_ko blocks (pool0 0x73801000 len 0x10000)
src frame 99: srcf=17 off=400 br=8000
frame 99: send=0x0 get=0x0 len=1774 coding=1 startqp=0 meanqp=0 picbytes=0 pskip=0 nalus=1 n1:1774
  cu: inter64=0 inter32=0 inter16=0 inter8=0 intra32=0 intra16=0 intra8=0 intra4=0 reftype=0
  snapshot f099: 3 venc_ko blocks (pool0 0x73801000 len 0x10000)
src frame 100: srcf=16 off=404 br=8000
frame 100: send=0x0 get=0x0 len=1639 coding=1 startqp=0 meanqp=0 picbytes=0 pskip=0 nalus=1 n1:1639
  cu: inter64=0 inter32=0 inter16=0 inter8=0 intra32=0 intra16=0 intra8=0 intra4=0 reftype=0
  snapshot f100: 3 venc_ko blocks (pool0 0x73801000 len 0x10000)
src frame 101: srcf=15 off=408 br=8000
frame 101: send=0x0 get=0x0 len=1903 coding=1 startqp=0 meanqp=0 picbytes=0 pskip=0 nalus=1 n1:1903
  cu: inter64=0 inter32=0 inter16=0 inter8=0 intra32=0 intra16=0 intra8=0 intra4=0 reftype=0
  snapshot f101: 3 venc_ko blocks (pool0 0x73801000 len 0x10000)
src frame 102: srcf=14 off=412 br=8000
frame 102: send=0x0 get=0x0 len=1978 coding=1 startqp=0 meanqp=0 picbytes=0 pskip=0 nalus=1 n1:1978
  cu: inter64=0 inter32=0 inter16=0 inter8=0 intra32=0 intra16=0 intra8=0 intra4=0 reftype=0
  snapshot f102: 3 venc_ko blocks (pool0 0x73801000 len 0x10000)
src frame 103: srcf=13 off=416 br=8000
frame 103: send=0x0 get=0x0 len=2257 coding=1 startqp=0 meanqp=0 picbytes=0 pskip=0 nalus=1 n1:2257
  cu: inter64=0 inter32=0 inter16=0 inter8=0 intra32=0 intra16=0 intra8=0 intra4=0 reftype=0
  snapshot f103: 3 venc_ko blocks (pool0 0x73801000 len 0x10000)
src frame 104: srcf=12 off=420 br=8000
frame 104: send=0x0 get=0x0 len=1409 coding=1 startqp=0 meanqp=0 picbytes=0 pskip=0 nalus=1 n1:1409
  cu: inter64=0 inter32=0 inter16=0 inter8=0 intra32=0 intra16=0 intra8=0 intra4=0 reftype=0
  snapshot f104: 3 venc_ko blocks (pool0 0x73801000 len 0x10000)
src frame 105: srcf=11 off=424 br=8000
frame 105: send=0x0 get=0x0 len=1442 coding=1 startqp=0 meanqp=0 picbytes=0 pskip=0 nalus=1 n1:1442
  cu: inter64=0 inter32=0 inter16=0 inter8=0 intra32=0 intra16=0 intra8=0 intra4=0 reftype=0
  snapshot f105: 3 venc_ko blocks (pool0 0x73801000 len 0x10000)
src frame 106: srcf=10 off=428 br=8000
frame 106: send=0x0 get=0x0 len=1273 coding=1 startqp=0 meanqp=0 picbytes=0 pskip=0 nalus=1 n1:1273
  cu: inter64=0 inter32=0 inter16=0 inter8=0 intra32=0 intra16=0 intra8=0 intra4=0 reftype=0
  snapshot f106: 3 venc_ko blocks (pool0 0x73801000 len 0x10000)
src frame 107: srcf=9 off=432 br=8000
frame 107: send=0x0 get=0x0 len=1524 coding=1 startqp=0 meanqp=0 picbytes=0 pskip=0 nalus=1 n1:1524
  cu: inter64=0 inter32=0 inter16=0 inter8=0 intra32=0 intra16=0 intra8=0 intra4=0 reftype=0
  snapshot f107: 3 venc_ko blocks (pool0 0x73801000 len 0x10000)
src frame 108: srcf=8 off=436 br=8000
frame 108: send=0x0 get=0x0 len=1566 coding=1 startqp=0 meanqp=0 picbytes=0 pskip=0 nalus=1 n1:1566
  cu: inter64=0 inter32=0 inter16=0 inter8=0 intra32=0 intra16=0 intra8=0 intra4=0 reftype=0
  snapshot f108: 3 venc_ko blocks (pool0 0x73801000 len 0x10000)
src frame 109: srcf=7 off=440 br=8000
frame 109: send=0x0 get=0x0 len=1513 coding=1 startqp=0 meanqp=0 picbytes=0 pskip=0 nalus=1 n1:1513
  cu: inter64=0 inter32=0 inter16=0 inter8=0 intra32=0 intra16=0 intra8=0 intra4=0 reftype=0
  snapshot f109: 3 venc_ko blocks (pool0 0x73801000 len 0x10000)
src frame 110: srcf=6 off=444 br=8000
frame 110: send=0x0 get=0x0 len=1892 coding=1 startqp=0 meanqp=0 picbytes=0 pskip=0 nalus=1 n1:1892
  cu: inter64=0 inter32=0 inter16=0 inter8=0 intra32=0 intra16=0 intra8=0 intra4=0 reftype=0
  snapshot f110: 3 venc_ko blocks (pool0 0x73801000 len 0x10000)
src frame 111: srcf=5 off=448 br=8000
frame 111: send=0x0 get=0x0 len=2605 coding=1 startqp=0 meanqp=0 picbytes=0 pskip=0 nalus=1 n1:2605
  cu: inter64=0 inter32=0 inter16=0 inter8=0 intra32=0 intra16=0 intra8=0 intra4=0 reftype=0
  snapshot f111: 3 venc_ko blocks (pool0 0x73801000 len 0x10000)
src frame 112: srcf=4 off=452 br=8000
frame 112: send=0x0 get=0x0 len=2058 coding=1 startqp=0 meanqp=0 picbytes=0 pskip=0 nalus=1 n1:2058
  cu: inter64=0 inter32=0 inter16=0 inter8=0 intra32=0 intra16=0 intra8=0 intra4=0 reftype=0
  snapshot f112: 3 venc_ko blocks (pool0 0x73801000 len 0x10000)
src frame 113: srcf=3 off=456 br=8000
frame 113: send=0x0 get=0x0 len=2498 coding=1 startqp=0 meanqp=0 picbytes=0 pskip=0 nalus=1 n1:2498
  cu: inter64=0 inter32=0 inter16=0 inter8=0 intra32=0 intra16=0 intra8=0 intra4=0 reftype=0
  snapshot f113: 3 venc_ko blocks (pool0 0x73801000 len 0x10000)
src frame 114: srcf=2 off=460 br=8000
frame 114: send=0x0 get=0x0 len=1337 coding=1 startqp=0 meanqp=0 picbytes=0 pskip=0 nalus=1 n1:1337
  cu: inter64=0 inter32=0 inter16=0 inter8=0 intra32=0 intra16=0 intra8=0 intra4=0 reftype=0
  snapshot f114: 3 venc_ko blocks (pool0 0x73801000 len 0x10000)
src frame 115: srcf=1 off=464 br=8000
frame 115: send=0x0 get=0x0 len=1469 coding=1 startqp=0 meanqp=0 picbytes=0 pskip=0 nalus=1 n1:1469
  cu: inter64=0 inter32=0 inter16=0 inter8=0 intra32=0 intra16=0 intra8=0 intra4=0 reftype=0
  snapshot f115: 3 venc_ko blocks (pool0 0x73801000 len 0x10000)
src frame 116: srcf=0 off=468 br=8000
frame 116: send=0x0 get=0x0 len=1380 coding=1 startqp=0 meanqp=0 picbytes=0 pskip=0 nalus=1 n1:1380
  cu: inter64=0 inter32=0 inter16=0 inter8=0 intra32=0 intra16=0 intra8=0 intra4=0 reftype=0
  snapshot f116: 3 venc_ko blocks (pool0 0x73801000 len 0x10000)
src frame 117: srcf=1 off=472 br=8000
frame 117: send=0x0 get=0x0 len=1653 coding=1 startqp=0 meanqp=0 picbytes=0 pskip=0 nalus=1 n1:1653
  cu: inter64=0 inter32=0 inter16=0 inter8=0 intra32=0 intra16=0 intra8=0 intra4=0 reftype=0
  snapshot f117: 3 venc_ko blocks (pool0 0x73801000 len 0x10000)
src frame 118: srcf=2 off=476 br=8000
frame 118: send=0x0 get=0x0 len=1740 coding=1 startqp=0 meanqp=0 picbytes=0 pskip=0 nalus=1 n1:1740
  cu: inter64=0 inter32=0 inter16=0 inter8=0 intra32=0 intra16=0 intra8=0 intra4=0 reftype=0
  snapshot f118: 3 venc_ko blocks (pool0 0x73801000 len 0x10000)
src frame 119: srcf=3 off=480 br=8000
frame 119: send=0x0 get=0x0 len=1975 coding=1 startqp=0 meanqp=0 picbytes=0 pskip=0 nalus=1 n1:1975
  cu: inter64=0 inter32=0 inter16=0 inter8=0 intra32=0 intra16=0 intra8=0 intra4=0 reftype=0
  snapshot f119: 3 venc_ko blocks (pool0 0x73801000 len 0x10000)
src frame 120: srcf=4 off=484 br=8000
frame 120: send=0x0 get=0x0 len=78020 coding=0 startqp=0 meanqp=0 picbytes=0 pskip=0 nalus=4 n32:27 n33:53 n34:12 n19:77928
  cu: inter64=0 inter32=0 inter16=0 inter8=0 intra32=0 intra16=0 intra8=0 intra4=0 reftype=0
  snapshot f120: 3 venc_ko blocks (pool0 0x73801000 len 0x10000)
src frame 121: srcf=5 off=488 br=8000
frame 121: send=0x0 get=0x0 len=2308 coding=1 startqp=0 meanqp=0 picbytes=0 pskip=0 nalus=1 n1:2308
  cu: inter64=0 inter32=0 inter16=0 inter8=0 intra32=0 intra16=0 intra8=0 intra4=0 reftype=0
  snapshot f121: 3 venc_ko blocks (pool0 0x73801000 len 0x10000)
src frame 122: srcf=6 off=492 br=8000
frame 122: send=0x0 get=0x0 len=1853 coding=1 startqp=0 meanqp=0 picbytes=0 pskip=0 nalus=1 n1:1853
  cu: inter64=0 inter32=0 inter16=0 inter8=0 intra32=0 intra16=0 intra8=0 intra4=0 reftype=0
  snapshot f122: 3 venc_ko blocks (pool0 0x73801000 len 0x10000)
src frame 123: srcf=7 off=496 br=8000
frame 123: send=0x0 get=0x0 len=1454 coding=1 startqp=0 meanqp=0 picbytes=0 pskip=0 nalus=1 n1:1454
  cu: inter64=0 inter32=0 inter16=0 inter8=0 intra32=0 intra16=0 intra8=0 intra4=0 reftype=0
  snapshot f123: 3 venc_ko blocks (pool0 0x73801000 len 0x10000)
src frame 124: srcf=8 off=500 br=8000
frame 124: send=0x0 get=0x0 len=1231 coding=1 startqp=0 meanqp=0 picbytes=0 pskip=0 nalus=1 n1:1231
  cu: inter64=0 inter32=0 inter16=0 inter8=0 intra32=0 intra16=0 intra8=0 intra4=0 reftype=0
  snapshot f124: 3 venc_ko blocks (pool0 0x73801000 len 0x10000)
src frame 125: srcf=9 off=504 br=8000
frame 125: send=0x0 get=0x0 len=1270 coding=1 startqp=0 meanqp=0 picbytes=0 pskip=0 nalus=1 n1:1270
  cu: inter64=0 inter32=0 inter16=0 inter8=0 intra32=0 intra16=0 intra8=0 intra4=0 reftype=0
  snapshot f125: 3 venc_ko blocks (pool0 0x73801000 len 0x10000)
src frame 126: srcf=10 off=508 br=8000
frame 126: send=0x0 get=0x0 len=1228 coding=1 startqp=0 meanqp=0 picbytes=0 pskip=0 nalus=1 n1:1228
  cu: inter64=0 inter32=0 inter16=0 inter8=0 intra32=0 intra16=0 intra8=0 intra4=0 reftype=0
  snapshot f126: 3 venc_ko blocks (pool0 0x73801000 len 0x10000)
src frame 127: srcf=11 off=512 br=8000
frame 127: send=0x0 get=0x0 len=1564 coding=1 startqp=0 meanqp=0 picbytes=0 pskip=0 nalus=1 n1:1564
  cu: inter64=0 inter32=0 inter16=0 inter8=0 intra32=0 intra16=0 intra8=0 intra4=0 reftype=0
  snapshot f127: 3 venc_ko blocks (pool0 0x73801000 len 0x10000)
src frame 128: srcf=12 off=516 br=8000
frame 128: send=0x0 get=0x0 len=1424 coding=1 startqp=0 meanqp=0 picbytes=0 pskip=0 nalus=1 n1:1424
  cu: inter64=0 inter32=0 inter16=0 inter8=0 intra32=0 intra16=0 intra8=0 intra4=0 reftype=0
  snapshot f128: 3 venc_ko blocks (pool0 0x73801000 len 0x10000)
src frame 129: srcf=13 off=520 br=8000
frame 129: send=0x0 get=0x0 len=1397 coding=1 startqp=0 meanqp=0 picbytes=0 pskip=0 nalus=1 n1:1397
  cu: inter64=0 inter32=0 inter16=0 inter8=0 intra32=0 intra16=0 intra8=0 intra4=0 reftype=0
  snapshot f129: 3 venc_ko blocks (pool0 0x73801000 len 0x10000)
src frame 130: srcf=14 off=524 br=8000
frame 130: send=0x0 get=0x0 len=1312 coding=1 startqp=0 meanqp=0 picbytes=0 pskip=0 nalus=1 n1:1312
  cu: inter64=0 inter32=0 inter16=0 inter8=0 intra32=0 intra16=0 intra8=0 intra4=0 reftype=0
  snapshot f130: 3 venc_ko blocks (pool0 0x73801000 len 0x10000)
src frame 131: srcf=15 off=528 br=8000
frame 131: send=0x0 get=0x0 len=1338 coding=1 startqp=0 meanqp=0 picbytes=0 pskip=0 nalus=1 n1:1338
  cu: inter64=0 inter32=0 inter16=0 inter8=0 intra32=0 intra16=0 intra8=0 intra4=0 reftype=0
  snapshot f131: 3 venc_ko blocks (pool0 0x73801000 len 0x10000)
src frame 132: srcf=16 off=532 br=8000
frame 132: send=0x0 get=0x0 len=1345 coding=1 startqp=0 meanqp=0 picbytes=0 pskip=0 nalus=1 n1:1345
  cu: inter64=0 inter32=0 inter16=0 inter8=0 intra32=0 intra16=0 intra8=0 intra4=0 reftype=0
  snapshot f132: 3 venc_ko blocks (pool0 0x73801000 len 0x10000)
src frame 133: srcf=17 off=536 br=8000
frame 133: send=0x0 get=0x0 len=1795 coding=1 startqp=0 meanqp=0 picbytes=0 pskip=0 nalus=1 n1:1795
  cu: inter64=0 inter32=0 inter16=0 inter8=0 intra32=0 intra16=0 intra8=0 intra4=0 reftype=0
  snapshot f133: 3 venc_ko blocks (pool0 0x73801000 len 0x10000)
src frame 134: srcf=18 off=540 br=8000
frame 134: send=0x0 get=0x0 len=2654 coding=1 startqp=0 meanqp=0 picbytes=0 pskip=0 nalus=1 n1:2654
  cu: inter64=0 inter32=0 inter16=0 inter8=0 intra32=0 intra16=0 intra8=0 intra4=0 reftype=0
  snapshot f134: 3 venc_ko blocks (pool0 0x73801000 len 0x10000)
src frame 135: srcf=19 off=544 br=8000
frame 135: send=0x0 get=0x0 len=2641 coding=1 startqp=0 meanqp=0 picbytes=0 pskip=0 nalus=1 n1:2641
  cu: inter64=0 inter32=0 inter16=0 inter8=0 intra32=0 intra16=0 intra8=0 intra4=0 reftype=0
  snapshot f135: 3 venc_ko blocks (pool0 0x73801000 len 0x10000)
src frame 136: srcf=20 off=548 br=8000
frame 136: send=0x0 get=0x0 len=2214 coding=1 startqp=0 meanqp=0 picbytes=0 pskip=0 nalus=1 n1:2214
  cu: inter64=0 inter32=0 inter16=0 inter8=0 intra32=0 intra16=0 intra8=0 intra4=0 reftype=0
  snapshot f136: 3 venc_ko blocks (pool0 0x73801000 len 0x10000)
src frame 137: srcf=21 off=552 br=8000
frame 137: send=0x0 get=0x0 len=1821 coding=1 startqp=0 meanqp=0 picbytes=0 pskip=0 nalus=1 n1:1821
  cu: inter64=0 inter32=0 inter16=0 inter8=0 intra32=0 intra16=0 intra8=0 intra4=0 reftype=0
  snapshot f137: 3 venc_ko blocks (pool0 0x73801000 len 0x10000)
src frame 138: srcf=22 off=556 br=8000
frame 138: send=0x0 get=0x0 len=1399 coding=1 startqp=0 meanqp=0 picbytes=0 pskip=0 nalus=1 n1:1399
  cu: inter64=0 inter32=0 inter16=0 inter8=0 intra32=0 intra16=0 intra8=0 intra4=0 reftype=0
  snapshot f138: 3 venc_ko blocks (pool0 0x73801000 len 0x10000)
src frame 139: srcf=23 off=560 br=8000
frame 139: send=0x0 get=0x0 len=1311 coding=1 startqp=0 meanqp=0 picbytes=0 pskip=0 nalus=1 n1:1311
  cu: inter64=0 inter32=0 inter16=0 inter8=0 intra32=0 intra16=0 intra8=0 intra4=0 reftype=0
  snapshot f139: 3 venc_ko blocks (pool0 0x73801000 len 0x10000)
src frame 140: srcf=24 off=564 br=8000
frame 140: send=0x0 get=0x0 len=1043 coding=1 startqp=0 meanqp=0 picbytes=0 pskip=0 nalus=1 n1:1043
  cu: inter64=0 inter32=0 inter16=0 inter8=0 intra32=0 intra16=0 intra8=0 intra4=0 reftype=0
  snapshot f140: 3 venc_ko blocks (pool0 0x73801000 len 0x10000)
src frame 141: srcf=25 off=568 br=8000
frame 141: send=0x0 get=0x0 len=1097 coding=1 startqp=0 meanqp=0 picbytes=0 pskip=0 nalus=1 n1:1097
  cu: inter64=0 inter32=0 inter16=0 inter8=0 intra32=0 intra16=0 intra8=0 intra4=0 reftype=0
  snapshot f141: 3 venc_ko blocks (pool0 0x73801000 len 0x10000)
src frame 142: srcf=26 off=572 br=8000
frame 142: send=0x0 get=0x0 len=1259 coding=1 startqp=0 meanqp=0 picbytes=0 pskip=0 nalus=1 n1:1259
  cu: inter64=0 inter32=0 inter16=0 inter8=0 intra32=0 intra16=0 intra8=0 intra4=0 reftype=0
  snapshot f142: 3 venc_ko blocks (pool0 0x73801000 len 0x10000)
src frame 143: srcf=27 off=576 br=8000
frame 143: send=0x0 get=0x0 len=1833 coding=1 startqp=0 meanqp=0 picbytes=0 pskip=0 nalus=1 n1:1833
  cu: inter64=0 inter32=0 inter16=0 inter8=0 intra32=0 intra16=0 intra8=0 intra4=0 reftype=0
  snapshot f143: 3 venc_ko blocks (pool0 0x73801000 len 0x10000)
src frame 144: srcf=28 off=580 br=8000
frame 144: send=0x0 get=0x0 len=1669 coding=1 startqp=0 meanqp=0 picbytes=0 pskip=0 nalus=1 n1:1669
  cu: inter64=0 inter32=0 inter16=0 inter8=0 intra32=0 intra16=0 intra8=0 intra4=0 reftype=0
  snapshot f144: 3 venc_ko blocks (pool0 0x73801000 len 0x10000)
src frame 145: srcf=29 off=584 br=8000
frame 145: send=0x0 get=0x0 len=1862 coding=1 startqp=0 meanqp=0 picbytes=0 pskip=0 nalus=1 n1:1862
  cu: inter64=0 inter32=0 inter16=0 inter8=0 intra32=0 intra16=0 intra8=0 intra4=0 reftype=0
  snapshot f145: 3 venc_ko blocks (pool0 0x73801000 len 0x10000)
src frame 146: srcf=28 off=588 br=8000
frame 146: send=0x0 get=0x0 len=1724 coding=1 startqp=0 meanqp=0 picbytes=0 pskip=0 nalus=1 n1:1724
  cu: inter64=0 inter32=0 inter16=0 inter8=0 intra32=0 intra16=0 intra8=0 intra4=0 reftype=0
  snapshot f146: 3 venc_ko blocks (pool0 0x73801000 len 0x10000)
src frame 147: srcf=27 off=592 br=8000
frame 147: send=0x0 get=0x0 len=1765 coding=1 startqp=0 meanqp=0 picbytes=0 pskip=0 nalus=1 n1:1765
  cu: inter64=0 inter32=0 inter16=0 inter8=0 intra32=0 intra16=0 intra8=0 intra4=0 reftype=0
  snapshot f147: 3 venc_ko blocks (pool0 0x73801000 len 0x10000)
src frame 148: srcf=26 off=596 br=8000
frame 148: send=0x0 get=0x0 len=1680 coding=1 startqp=0 meanqp=0 picbytes=0 pskip=0 nalus=1 n1:1680
  cu: inter64=0 inter32=0 inter16=0 inter8=0 intra32=0 intra16=0 intra8=0 intra4=0 reftype=0
  snapshot f148: 3 venc_ko blocks (pool0 0x73801000 len 0x10000)
src frame 149: srcf=25 off=600 br=8000
frame 149: send=0x0 get=0x0 len=1390 coding=1 startqp=0 meanqp=0 picbytes=0 pskip=0 nalus=1 n1:1390
  cu: inter64=0 inter32=0 inter16=0 inter8=0 intra32=0 intra16=0 intra8=0 intra4=0 reftype=0
  snapshot f149: 3 venc_ko blocks (pool0 0x73801000 len 0x10000)
src frame 150: srcf=24 off=604 br=8000
frame 150: send=0x0 get=0x0 len=77479 coding=0 startqp=0 meanqp=0 picbytes=0 pskip=0 nalus=4 n32:27 n33:53 n34:12 n19:77387
  cu: inter64=0 inter32=0 inter16=0 inter8=0 intra32=0 intra16=0 intra8=0 intra4=0 reftype=0
  snapshot f150: 3 venc_ko blocks (pool0 0x73801000 len 0x10000)
src frame 151: srcf=23 off=608 br=8000
frame 151: send=0x0 get=0x0 len=2274 coding=1 startqp=0 meanqp=0 picbytes=0 pskip=0 nalus=1 n1:2274
  cu: inter64=0 inter32=0 inter16=0 inter8=0 intra32=0 intra16=0 intra8=0 intra4=0 reftype=0
  snapshot f151: 3 venc_ko blocks (pool0 0x73801000 len 0x10000)
src frame 152: srcf=22 off=612 br=8000
frame 152: send=0x0 get=0x0 len=2706 coding=1 startqp=0 meanqp=0 picbytes=0 pskip=0 nalus=1 n1:2706
  cu: inter64=0 inter32=0 inter16=0 inter8=0 intra32=0 intra16=0 intra8=0 intra4=0 reftype=0
  snapshot f152: 3 venc_ko blocks (pool0 0x73801000 len 0x10000)
src frame 153: srcf=21 off=616 br=8000
frame 153: send=0x0 get=0x0 len=2287 coding=1 startqp=0 meanqp=0 picbytes=0 pskip=0 nalus=1 n1:2287
  cu: inter64=0 inter32=0 inter16=0 inter8=0 intra32=0 intra16=0 intra8=0 intra4=0 reftype=0
  snapshot f153: 3 venc_ko blocks (pool0 0x73801000 len 0x10000)
src frame 154: srcf=20 off=620 br=8000
frame 154: send=0x0 get=0x0 len=2072 coding=1 startqp=0 meanqp=0 picbytes=0 pskip=0 nalus=1 n1:2072
  cu: inter64=0 inter32=0 inter16=0 inter8=0 intra32=0 intra16=0 intra8=0 intra4=0 reftype=0
  snapshot f154: 3 venc_ko blocks (pool0 0x73801000 len 0x10000)
src frame 155: srcf=19 off=624 br=8000
frame 155: send=0x0 get=0x0 len=1666 coding=1 startqp=0 meanqp=0 picbytes=0 pskip=0 nalus=1 n1:1666
  cu: inter64=0 inter32=0 inter16=0 inter8=0 intra32=0 intra16=0 intra8=0 intra4=0 reftype=0
  snapshot f155: 3 venc_ko blocks (pool0 0x73801000 len 0x10000)
src frame 156: srcf=18 off=628 br=8000
frame 156: send=0x0 get=0x0 len=1603 coding=1 startqp=0 meanqp=0 picbytes=0 pskip=0 nalus=1 n1:1603
  cu: inter64=0 inter32=0 inter16=0 inter8=0 intra32=0 intra16=0 intra8=0 intra4=0 reftype=0
  snapshot f156: 3 venc_ko blocks (pool0 0x73801000 len 0x10000)
src frame 157: srcf=17 off=632 br=8000
frame 157: send=0x0 get=0x0 len=1522 coding=1 startqp=0 meanqp=0 picbytes=0 pskip=0 nalus=1 n1:1522
  cu: inter64=0 inter32=0 inter16=0 inter8=0 intra32=0 intra16=0 intra8=0 intra4=0 reftype=0
  snapshot f157: 3 venc_ko blocks (pool0 0x73801000 len 0x10000)
src frame 158: srcf=16 off=636 br=8000
frame 158: send=0x0 get=0x0 len=1239 coding=1 startqp=0 meanqp=0 picbytes=0 pskip=0 nalus=1 n1:1239
  cu: inter64=0 inter32=0 inter16=0 inter8=0 intra32=0 intra16=0 intra8=0 intra4=0 reftype=0
  snapshot f158: 3 venc_ko blocks (pool0 0x73801000 len 0x10000)
src frame 159: srcf=15 off=640 br=8000
frame 159: send=0x0 get=0x0 len=1372 coding=1 startqp=0 meanqp=0 picbytes=0 pskip=0 nalus=1 n1:1372
  cu: inter64=0 inter32=0 inter16=0 inter8=0 intra32=0 intra16=0 intra8=0 intra4=0 reftype=0
  snapshot f159: 3 venc_ko blocks (pool0 0x73801000 len 0x10000)
src frame 160: srcf=14 off=644 br=8000
frame 160: send=0x0 get=0x0 len=1343 coding=1 startqp=0 meanqp=0 picbytes=0 pskip=0 nalus=1 n1:1343
  cu: inter64=0 inter32=0 inter16=0 inter8=0 intra32=0 intra16=0 intra8=0 intra4=0 reftype=0
  snapshot f160: 3 venc_ko blocks (pool0 0x73801000 len 0x10000)
src frame 161: srcf=13 off=648 br=8000
frame 161: send=0x0 get=0x0 len=1187 coding=1 startqp=0 meanqp=0 picbytes=0 pskip=0 nalus=1 n1:1187
  cu: inter64=0 inter32=0 inter16=0 inter8=0 intra32=0 intra16=0 intra8=0 intra4=0 reftype=0
  snapshot f161: 3 venc_ko blocks (pool0 0x73801000 len 0x10000)
src frame 162: srcf=12 off=652 br=8000
frame 162: send=0x0 get=0x0 len=1169 coding=1 startqp=0 meanqp=0 picbytes=0 pskip=0 nalus=1 n1:1169
  cu: inter64=0 inter32=0 inter16=0 inter8=0 intra32=0 intra16=0 intra8=0 intra4=0 reftype=0
  snapshot f162: 3 venc_ko blocks (pool0 0x73801000 len 0x10000)
src frame 163: srcf=11 off=656 br=8000
frame 163: send=0x0 get=0x0 len=1300 coding=1 startqp=0 meanqp=0 picbytes=0 pskip=0 nalus=1 n1:1300
  cu: inter64=0 inter32=0 inter16=0 inter8=0 intra32=0 intra16=0 intra8=0 intra4=0 reftype=0
  snapshot f163: 3 venc_ko blocks (pool0 0x73801000 len 0x10000)
src frame 164: srcf=10 off=660 br=8000
frame 164: send=0x0 get=0x0 len=1275 coding=1 startqp=0 meanqp=0 picbytes=0 pskip=0 nalus=1 n1:1275
  cu: inter64=0 inter32=0 inter16=0 inter8=0 intra32=0 intra16=0 intra8=0 intra4=0 reftype=0
  snapshot f164: 3 venc_ko blocks (pool0 0x73801000 len 0x10000)
src frame 165: srcf=9 off=664 br=8000
frame 165: send=0x0 get=0x0 len=1645 coding=1 startqp=0 meanqp=0 picbytes=0 pskip=0 nalus=1 n1:1645
  cu: inter64=0 inter32=0 inter16=0 inter8=0 intra32=0 intra16=0 intra8=0 intra4=0 reftype=0
  snapshot f165: 3 venc_ko blocks (pool0 0x73801000 len 0x10000)
src frame 166: srcf=8 off=668 br=8000
frame 166: send=0x0 get=0x0 len=1607 coding=1 startqp=0 meanqp=0 picbytes=0 pskip=0 nalus=1 n1:1607
  cu: inter64=0 inter32=0 inter16=0 inter8=0 intra32=0 intra16=0 intra8=0 intra4=0 reftype=0
  snapshot f166: 3 venc_ko blocks (pool0 0x73801000 len 0x10000)
src frame 167: srcf=7 off=672 br=8000
frame 167: send=0x0 get=0x0 len=1816 coding=1 startqp=0 meanqp=0 picbytes=0 pskip=0 nalus=1 n1:1816
  cu: inter64=0 inter32=0 inter16=0 inter8=0 intra32=0 intra16=0 intra8=0 intra4=0 reftype=0
  snapshot f167: 3 venc_ko blocks (pool0 0x73801000 len 0x10000)
src frame 168: srcf=6 off=676 br=8000
frame 168: send=0x0 get=0x0 len=1267 coding=1 startqp=0 meanqp=0 picbytes=0 pskip=0 nalus=1 n1:1267
  cu: inter64=0 inter32=0 inter16=0 inter8=0 intra32=0 intra16=0 intra8=0 intra4=0 reftype=0
  snapshot f168: 3 venc_ko blocks (pool0 0x73801000 len 0x10000)
src frame 169: srcf=5 off=680 br=8000
frame 169: send=0x0 get=0x0 len=1124 coding=1 startqp=0 meanqp=0 picbytes=0 pskip=0 nalus=1 n1:1124
  cu: inter64=0 inter32=0 inter16=0 inter8=0 intra32=0 intra16=0 intra8=0 intra4=0 reftype=0
  snapshot f169: 3 venc_ko blocks (pool0 0x73801000 len 0x10000)
src frame 170: srcf=4 off=684 br=8000
frame 170: send=0x0 get=0x0 len=1058 coding=1 startqp=0 meanqp=0 picbytes=0 pskip=0 nalus=1 n1:1058
  cu: inter64=0 inter32=0 inter16=0 inter8=0 intra32=0 intra16=0 intra8=0 intra4=0 reftype=0
  snapshot f170: 3 venc_ko blocks (pool0 0x73801000 len 0x10000)
src frame 171: srcf=3 off=688 br=8000
frame 171: send=0x0 get=0x0 len=1054 coding=1 startqp=0 meanqp=0 picbytes=0 pskip=0 nalus=1 n1:1054
  cu: inter64=0 inter32=0 inter16=0 inter8=0 intra32=0 intra16=0 intra8=0 intra4=0 reftype=0
  snapshot f171: 3 venc_ko blocks (pool0 0x73801000 len 0x10000)
src frame 172: srcf=2 off=692 br=8000
frame 172: send=0x0 get=0x0 len=972 coding=1 startqp=0 meanqp=0 picbytes=0 pskip=0 nalus=1 n1:972
  cu: inter64=0 inter32=0 inter16=0 inter8=0 intra32=0 intra16=0 intra8=0 intra4=0 reftype=0
  snapshot f172: 3 venc_ko blocks (pool0 0x73801000 len 0x10000)
src frame 173: srcf=1 off=696 br=8000
frame 173: send=0x0 get=0x0 len=1092 coding=1 startqp=0 meanqp=0 picbytes=0 pskip=0 nalus=1 n1:1092
  cu: inter64=0 inter32=0 inter16=0 inter8=0 intra32=0 intra16=0 intra8=0 intra4=0 reftype=0
  snapshot f173: 3 venc_ko blocks (pool0 0x73801000 len 0x10000)
src frame 174: srcf=0 off=700 br=8000
frame 174: send=0x0 get=0x0 len=1286 coding=1 startqp=0 meanqp=0 picbytes=0 pskip=0 nalus=1 n1:1286
  cu: inter64=0 inter32=0 inter16=0 inter8=0 intra32=0 intra16=0 intra8=0 intra4=0 reftype=0
  snapshot f174: 3 venc_ko blocks (pool0 0x73801000 len 0x10000)
src frame 175: srcf=1 off=704 br=8000
frame 175: send=0x0 get=0x0 len=1548 coding=1 startqp=0 meanqp=0 picbytes=0 pskip=0 nalus=1 n1:1548
  cu: inter64=0 inter32=0 inter16=0 inter8=0 intra32=0 intra16=0 intra8=0 intra4=0 reftype=0
  snapshot f175: 3 venc_ko blocks (pool0 0x73801000 len 0x10000)
src frame 176: srcf=2 off=708 br=8000
frame 176: send=0x0 get=0x0 len=1384 coding=1 startqp=0 meanqp=0 picbytes=0 pskip=0 nalus=1 n1:1384
  cu: inter64=0 inter32=0 inter16=0 inter8=0 intra32=0 intra16=0 intra8=0 intra4=0 reftype=0
  snapshot f176: 3 venc_ko blocks (pool0 0x73801000 len 0x10000)
src frame 177: srcf=3 off=712 br=8000
frame 177: send=0x0 get=0x0 len=1204 coding=1 startqp=0 meanqp=0 picbytes=0 pskip=0 nalus=1 n1:1204
  cu: inter64=0 inter32=0 inter16=0 inter8=0 intra32=0 intra16=0 intra8=0 intra4=0 reftype=0
  snapshot f177: 3 venc_ko blocks (pool0 0x73801000 len 0x10000)
src frame 178: srcf=4 off=716 br=8000
frame 178: send=0x0 get=0x0 len=1124 coding=1 startqp=0 meanqp=0 picbytes=0 pskip=0 nalus=1 n1:1124
  cu: inter64=0 inter32=0 inter16=0 inter8=0 intra32=0 intra16=0 intra8=0 intra4=0 reftype=0
  snapshot f178: 3 venc_ko blocks (pool0 0x73801000 len 0x10000)
src frame 179: srcf=5 off=720 br=8000
frame 179: send=0x0 get=0x0 len=1214 coding=1 startqp=0 meanqp=0 picbytes=0 pskip=0 nalus=1 n1:1214
  cu: inter64=0 inter32=0 inter16=0 inter8=0 intra32=0 intra16=0 intra8=0 intra4=0 reftype=0
  snapshot f179: 3 venc_ko blocks (pool0 0x73801000 len 0x10000)
src frame 180: srcf=6 off=724 br=8000
frame 180: send=0x0 get=0x0 len=77851 coding=0 startqp=0 meanqp=0 picbytes=0 pskip=0 nalus=4 n32:27 n33:53 n34:12 n19:77759
  cu: inter64=0 inter32=0 inter16=0 inter8=0 intra32=0 intra16=0 intra8=0 intra4=0 reftype=0
  snapshot f180: 3 venc_ko blocks (pool0 0x73801000 len 0x10000)
src frame 181: srcf=7 off=728 br=8000
frame 181: send=0x0 get=0x0 len=1806 coding=1 startqp=0 meanqp=0 picbytes=0 pskip=0 nalus=1 n1:1806
  cu: inter64=0 inter32=0 inter16=0 inter8=0 intra32=0 intra16=0 intra8=0 intra4=0 reftype=0
  snapshot f181: 3 venc_ko blocks (pool0 0x73801000 len 0x10000)
src frame 182: srcf=8 off=732 br=8000
frame 182: send=0x0 get=0x0 len=1568 coding=1 startqp=0 meanqp=0 picbytes=0 pskip=0 nalus=1 n1:1568
  cu: inter64=0 inter32=0 inter16=0 inter8=0 intra32=0 intra16=0 intra8=0 intra4=0 reftype=0
  snapshot f182: 3 venc_ko blocks (pool0 0x73801000 len 0x10000)
src frame 183: srcf=9 off=736 br=8000
frame 183: send=0x0 get=0x0 len=1761 coding=1 startqp=0 meanqp=0 picbytes=0 pskip=0 nalus=1 n1:1761
  cu: inter64=0 inter32=0 inter16=0 inter8=0 intra32=0 intra16=0 intra8=0 intra4=0 reftype=0
  snapshot f183: 3 venc_ko blocks (pool0 0x73801000 len 0x10000)
src frame 184: srcf=10 off=740 br=8000
frame 184: send=0x0 get=0x0 len=1793 coding=1 startqp=0 meanqp=0 picbytes=0 pskip=0 nalus=1 n1:1793
  cu: inter64=0 inter32=0 inter16=0 inter8=0 intra32=0 intra16=0 intra8=0 intra4=0 reftype=0
  snapshot f184: 3 venc_ko blocks (pool0 0x73801000 len 0x10000)
src frame 185: srcf=11 off=744 br=8000
frame 185: send=0x0 get=0x0 len=1835 coding=1 startqp=0 meanqp=0 picbytes=0 pskip=0 nalus=1 n1:1835
  cu: inter64=0 inter32=0 inter16=0 inter8=0 intra32=0 intra16=0 intra8=0 intra4=0 reftype=0
  snapshot f185: 3 venc_ko blocks (pool0 0x73801000 len 0x10000)
src frame 186: srcf=12 off=748 br=8000
frame 186: send=0x0 get=0x0 len=1644 coding=1 startqp=0 meanqp=0 picbytes=0 pskip=0 nalus=1 n1:1644
  cu: inter64=0 inter32=0 inter16=0 inter8=0 intra32=0 intra16=0 intra8=0 intra4=0 reftype=0
  snapshot f186: 3 venc_ko blocks (pool0 0x73801000 len 0x10000)
src frame 187: srcf=13 off=752 br=8000
frame 187: send=0x0 get=0x0 len=1298 coding=1 startqp=0 meanqp=0 picbytes=0 pskip=0 nalus=1 n1:1298
  cu: inter64=0 inter32=0 inter16=0 inter8=0 intra32=0 intra16=0 intra8=0 intra4=0 reftype=0
  snapshot f187: 3 venc_ko blocks (pool0 0x73801000 len 0x10000)
src frame 188: srcf=14 off=756 br=8000
frame 188: send=0x0 get=0x0 len=1124 coding=1 startqp=0 meanqp=0 picbytes=0 pskip=0 nalus=1 n1:1124
  cu: inter64=0 inter32=0 inter16=0 inter8=0 intra32=0 intra16=0 intra8=0 intra4=0 reftype=0
  snapshot f188: 3 venc_ko blocks (pool0 0x73801000 len 0x10000)
src frame 189: srcf=15 off=760 br=8000
frame 189: send=0x0 get=0x0 len=1105 coding=1 startqp=0 meanqp=0 picbytes=0 pskip=0 nalus=1 n1:1105
  cu: inter64=0 inter32=0 inter16=0 inter8=0 intra32=0 intra16=0 intra8=0 intra4=0 reftype=0
  snapshot f189: 3 venc_ko blocks (pool0 0x73801000 len 0x10000)
src frame 190: srcf=16 off=764 br=8000
frame 190: send=0x0 get=0x0 len=1190 coding=1 startqp=0 meanqp=0 picbytes=0 pskip=0 nalus=1 n1:1190
  cu: inter64=0 inter32=0 inter16=0 inter8=0 intra32=0 intra16=0 intra8=0 intra4=0 reftype=0
  snapshot f190: 3 venc_ko blocks (pool0 0x73801000 len 0x10000)
src frame 191: srcf=17 off=768 br=8000
frame 191: send=0x0 get=0x0 len=1299 coding=1 startqp=0 meanqp=0 picbytes=0 pskip=0 nalus=1 n1:1299
  cu: inter64=0 inter32=0 inter16=0 inter8=0 intra32=0 intra16=0 intra8=0 intra4=0 reftype=0
  snapshot f191: 3 venc_ko blocks (pool0 0x73801000 len 0x10000)
src frame 192: srcf=18 off=772 br=8000
frame 192: send=0x0 get=0x0 len=1253 coding=1 startqp=0 meanqp=0 picbytes=0 pskip=0 nalus=1 n1:1253
  cu: inter64=0 inter32=0 inter16=0 inter8=0 intra32=0 intra16=0 intra8=0 intra4=0 reftype=0
  snapshot f192: 3 venc_ko blocks (pool0 0x73801000 len 0x10000)
src frame 193: srcf=19 off=776 br=8000
frame 193: send=0x0 get=0x0 len=1509 coding=1 startqp=0 meanqp=0 picbytes=0 pskip=0 nalus=1 n1:1509
  cu: inter64=0 inter32=0 inter16=0 inter8=0 intra32=0 intra16=0 intra8=0 intra4=0 reftype=0
  snapshot f193: 3 venc_ko blocks (pool0 0x73801000 len 0x10000)
src frame 194: srcf=20 off=780 br=8000
frame 194: send=0x0 get=0x0 len=1658 coding=1 startqp=0 meanqp=0 picbytes=0 pskip=0 nalus=1 n1:1658
  cu: inter64=0 inter32=0 inter16=0 inter8=0 intra32=0 intra16=0 intra8=0 intra4=0 reftype=0
  snapshot f194: 3 venc_ko blocks (pool0 0x73801000 len 0x10000)
src frame 195: srcf=21 off=784 br=8000
frame 195: send=0x0 get=0x0 len=1723 coding=1 startqp=0 meanqp=0 picbytes=0 pskip=0 nalus=1 n1:1723
  cu: inter64=0 inter32=0 inter16=0 inter8=0 intra32=0 intra16=0 intra8=0 intra4=0 reftype=0
  snapshot f195: 3 venc_ko blocks (pool0 0x73801000 len 0x10000)
src frame 196: srcf=22 off=788 br=8000
frame 196: send=0x0 get=0x0 len=1255 coding=1 startqp=0 meanqp=0 picbytes=0 pskip=0 nalus=1 n1:1255
  cu: inter64=0 inter32=0 inter16=0 inter8=0 intra32=0 intra16=0 intra8=0 intra4=0 reftype=0
  snapshot f196: 3 venc_ko blocks (pool0 0x73801000 len 0x10000)
src frame 197: srcf=23 off=792 br=8000
frame 197: send=0x0 get=0x0 len=1211 coding=1 startqp=0 meanqp=0 picbytes=0 pskip=0 nalus=1 n1:1211
  cu: inter64=0 inter32=0 inter16=0 inter8=0 intra32=0 intra16=0 intra8=0 intra4=0 reftype=0
  snapshot f197: 3 venc_ko blocks (pool0 0x73801000 len 0x10000)
src frame 198: srcf=24 off=796 br=8000
frame 198: send=0x0 get=0x0 len=1132 coding=1 startqp=0 meanqp=0 picbytes=0 pskip=0 nalus=1 n1:1132
  cu: inter64=0 inter32=0 inter16=0 inter8=0 intra32=0 intra16=0 intra8=0 intra4=0 reftype=0
  snapshot f198: 3 venc_ko blocks (pool0 0x73801000 len 0x10000)
src frame 199: srcf=25 off=800 br=8000
frame 199: send=0x0 get=0x0 len=1295 coding=1 startqp=0 meanqp=0 picbytes=0 pskip=0 nalus=1 n1:1295
  cu: inter64=0 inter32=0 inter16=0 inter8=0 intra32=0 intra16=0 intra8=0 intra4=0 reftype=0
  snapshot f199: 3 venc_ko blocks (pool0 0x73801000 len 0x10000)
src frame 200: srcf=26 off=804 br=8000
frame 200: send=0x0 get=0x0 len=1018 coding=1 startqp=0 meanqp=0 picbytes=0 pskip=0 nalus=1 n1:1018
  cu: inter64=0 inter32=0 inter16=0 inter8=0 intra32=0 intra16=0 intra8=0 intra4=0 reftype=0
  snapshot f200: 3 venc_ko blocks (pool0 0x73801000 len 0x10000)
src frame 201: srcf=27 off=808 br=8000
frame 201: send=0x0 get=0x0 len=1195 coding=1 startqp=0 meanqp=0 picbytes=0 pskip=0 nalus=1 n1:1195
  cu: inter64=0 inter32=0 inter16=0 inter8=0 intra32=0 intra16=0 intra8=0 intra4=0 reftype=0
  snapshot f201: 3 venc_ko blocks (pool0 0x73801000 len 0x10000)
src frame 202: srcf=28 off=812 br=8000
frame 202: send=0x0 get=0x0 len=1161 coding=1 startqp=0 meanqp=0 picbytes=0 pskip=0 nalus=1 n1:1161
  cu: inter64=0 inter32=0 inter16=0 inter8=0 intra32=0 intra16=0 intra8=0 intra4=0 reftype=0
  snapshot f202: 3 venc_ko blocks (pool0 0x73801000 len 0x10000)
src frame 203: srcf=29 off=816 br=8000
frame 203: send=0x0 get=0x0 len=1468 coding=1 startqp=0 meanqp=0 picbytes=0 pskip=0 nalus=1 n1:1468
  cu: inter64=0 inter32=0 inter16=0 inter8=0 intra32=0 intra16=0 intra8=0 intra4=0 reftype=0
  snapshot f203: 3 venc_ko blocks (pool0 0x73801000 len 0x10000)
src frame 204: srcf=28 off=820 br=8000
frame 204: send=0x0 get=0x0 len=1448 coding=1 startqp=0 meanqp=0 picbytes=0 pskip=0 nalus=1 n1:1448
  cu: inter64=0 inter32=0 inter16=0 inter8=0 intra32=0 intra16=0 intra8=0 intra4=0 reftype=0
  snapshot f204: 3 venc_ko blocks (pool0 0x73801000 len 0x10000)
src frame 205: srcf=27 off=824 br=8000
frame 205: send=0x0 get=0x0 len=1280 coding=1 startqp=0 meanqp=0 picbytes=0 pskip=0 nalus=1 n1:1280
  cu: inter64=0 inter32=0 inter16=0 inter8=0 intra32=0 intra16=0 intra8=0 intra4=0 reftype=0
  snapshot f205: 3 venc_ko blocks (pool0 0x73801000 len 0x10000)
src frame 206: srcf=26 off=828 br=8000
frame 206: send=0x0 get=0x0 len=1132 coding=1 startqp=0 meanqp=0 picbytes=0 pskip=0 nalus=1 n1:1132
  cu: inter64=0 inter32=0 inter16=0 inter8=0 intra32=0 intra16=0 intra8=0 intra4=0 reftype=0
  snapshot f206: 3 venc_ko blocks (pool0 0x73801000 len 0x10000)
src frame 207: srcf=25 off=832 br=8000
frame 207: send=0x0 get=0x0 len=1264 coding=1 startqp=0 meanqp=0 picbytes=0 pskip=0 nalus=1 n1:1264
  cu: inter64=0 inter32=0 inter16=0 inter8=0 intra32=0 intra16=0 intra8=0 intra4=0 reftype=0
  snapshot f207: 3 venc_ko blocks (pool0 0x73801000 len 0x10000)
src frame 208: srcf=24 off=836 br=8000
frame 208: send=0x0 get=0x0 len=1103 coding=1 startqp=0 meanqp=0 picbytes=0 pskip=0 nalus=1 n1:1103
  cu: inter64=0 inter32=0 inter16=0 inter8=0 intra32=0 intra16=0 intra8=0 intra4=0 reftype=0
  snapshot f208: 3 venc_ko blocks (pool0 0x73801000 len 0x10000)
src frame 209: srcf=23 off=840 br=8000
frame 209: send=0x0 get=0x0 len=1135 coding=1 startqp=0 meanqp=0 picbytes=0 pskip=0 nalus=1 n1:1135
  cu: inter64=0 inter32=0 inter16=0 inter8=0 intra32=0 intra16=0 intra8=0 intra4=0 reftype=0
  snapshot f209: 3 venc_ko blocks (pool0 0x73801000 len 0x10000)
src frame 210: srcf=22 off=844 br=8000
frame 210: send=0x0 get=0x0 len=77572 coding=0 startqp=0 meanqp=0 picbytes=0 pskip=0 nalus=4 n32:27 n33:53 n34:12 n19:77480
  cu: inter64=0 inter32=0 inter16=0 inter8=0 intra32=0 intra16=0 intra8=0 intra4=0 reftype=0
  snapshot f210: 3 venc_ko blocks (pool0 0x73801000 len 0x10000)
src frame 211: srcf=21 off=848 br=8000
frame 211: send=0x0 get=0x0 len=1808 coding=1 startqp=0 meanqp=0 picbytes=0 pskip=0 nalus=1 n1:1808
  cu: inter64=0 inter32=0 inter16=0 inter8=0 intra32=0 intra16=0 intra8=0 intra4=0 reftype=0
  snapshot f211: 3 venc_ko blocks (pool0 0x73801000 len 0x10000)
src frame 212: srcf=20 off=852 br=8000
frame 212: send=0x0 get=0x0 len=1669 coding=1 startqp=0 meanqp=0 picbytes=0 pskip=0 nalus=1 n1:1669
  cu: inter64=0 inter32=0 inter16=0 inter8=0 intra32=0 intra16=0 intra8=0 intra4=0 reftype=0
  snapshot f212: 3 venc_ko blocks (pool0 0x73801000 len 0x10000)
src frame 213: srcf=19 off=856 br=8000
frame 213: send=0x0 get=0x0 len=1930 coding=1 startqp=0 meanqp=0 picbytes=0 pskip=0 nalus=1 n1:1930
  cu: inter64=0 inter32=0 inter16=0 inter8=0 intra32=0 intra16=0 intra8=0 intra4=0 reftype=0
  snapshot f213: 3 venc_ko blocks (pool0 0x73801000 len 0x10000)
src frame 214: srcf=18 off=860 br=8000
frame 214: send=0x0 get=0x0 len=1861 coding=1 startqp=0 meanqp=0 picbytes=0 pskip=0 nalus=1 n1:1861
  cu: inter64=0 inter32=0 inter16=0 inter8=0 intra32=0 intra16=0 intra8=0 intra4=0 reftype=0
  snapshot f214: 3 venc_ko blocks (pool0 0x73801000 len 0x10000)
src frame 215: srcf=17 off=864 br=8000
frame 215: send=0x0 get=0x0 len=1820 coding=1 startqp=0 meanqp=0 picbytes=0 pskip=0 nalus=1 n1:1820
  cu: inter64=0 inter32=0 inter16=0 inter8=0 intra32=0 intra16=0 intra8=0 intra4=0 reftype=0
  snapshot f215: 3 venc_ko blocks (pool0 0x73801000 len 0x10000)
src frame 216: srcf=16 off=868 br=8000
frame 216: send=0x0 get=0x0 len=1403 coding=1 startqp=0 meanqp=0 picbytes=0 pskip=0 nalus=1 n1:1403
  cu: inter64=0 inter32=0 inter16=0 inter8=0 intra32=0 intra16=0 intra8=0 intra4=0 reftype=0
  snapshot f216: 3 venc_ko blocks (pool0 0x73801000 len 0x10000)
src frame 217: srcf=15 off=872 br=8000
frame 217: send=0x0 get=0x0 len=1326 coding=1 startqp=0 meanqp=0 picbytes=0 pskip=0 nalus=1 n1:1326
  cu: inter64=0 inter32=0 inter16=0 inter8=0 intra32=0 intra16=0 intra8=0 intra4=0 reftype=0
  snapshot f217: 3 venc_ko blocks (pool0 0x73801000 len 0x10000)
src frame 218: srcf=14 off=876 br=8000
frame 218: send=0x0 get=0x0 len=1134 coding=1 startqp=0 meanqp=0 picbytes=0 pskip=0 nalus=1 n1:1134
  cu: inter64=0 inter32=0 inter16=0 inter8=0 intra32=0 intra16=0 intra8=0 intra4=0 reftype=0
  snapshot f218: 3 venc_ko blocks (pool0 0x73801000 len 0x10000)
src frame 219: srcf=13 off=880 br=8000
frame 219: send=0x0 get=0x0 len=1159 coding=1 startqp=0 meanqp=0 picbytes=0 pskip=0 nalus=1 n1:1159
  cu: inter64=0 inter32=0 inter16=0 inter8=0 intra32=0 intra16=0 intra8=0 intra4=0 reftype=0
  snapshot f219: 3 venc_ko blocks (pool0 0x73801000 len 0x10000)
src frame 220: srcf=12 off=884 br=8000
frame 220: send=0x0 get=0x0 len=1168 coding=1 startqp=0 meanqp=0 picbytes=0 pskip=0 nalus=1 n1:1168
  cu: inter64=0 inter32=0 inter16=0 inter8=0 intra32=0 intra16=0 intra8=0 intra4=0 reftype=0
  snapshot f220: 3 venc_ko blocks (pool0 0x73801000 len 0x10000)
src frame 221: srcf=11 off=888 br=8000
frame 221: send=0x0 get=0x0 len=1424 coding=1 startqp=0 meanqp=0 picbytes=0 pskip=0 nalus=1 n1:1424
  cu: inter64=0 inter32=0 inter16=0 inter8=0 intra32=0 intra16=0 intra8=0 intra4=0 reftype=0
  snapshot f221: 3 venc_ko blocks (pool0 0x73801000 len 0x10000)
src frame 222: srcf=10 off=892 br=8000
frame 222: send=0x0 get=0x0 len=1772 coding=1 startqp=0 meanqp=0 picbytes=0 pskip=0 nalus=1 n1:1772
  cu: inter64=0 inter32=0 inter16=0 inter8=0 intra32=0 intra16=0 intra8=0 intra4=0 reftype=0
  snapshot f222: 3 venc_ko blocks (pool0 0x73801000 len 0x10000)
src frame 223: srcf=9 off=896 br=8000
frame 223: send=0x0 get=0x0 len=1818 coding=1 startqp=0 meanqp=0 picbytes=0 pskip=0 nalus=1 n1:1818
  cu: inter64=0 inter32=0 inter16=0 inter8=0 intra32=0 intra16=0 intra8=0 intra4=0 reftype=0
  snapshot f223: 3 venc_ko blocks (pool0 0x73801000 len 0x10000)
src frame 224: srcf=8 off=900 br=8000
frame 224: send=0x0 get=0x0 len=1617 coding=1 startqp=0 meanqp=0 picbytes=0 pskip=0 nalus=1 n1:1617
  cu: inter64=0 inter32=0 inter16=0 inter8=0 intra32=0 intra16=0 intra8=0 intra4=0 reftype=0
  snapshot f224: 3 venc_ko blocks (pool0 0x73801000 len 0x10000)
src frame 225: srcf=7 off=904 br=8000
frame 225: send=0x0 get=0x0 len=1238 coding=1 startqp=0 meanqp=0 picbytes=0 pskip=0 nalus=1 n1:1238
  cu: inter64=0 inter32=0 inter16=0 inter8=0 intra32=0 intra16=0 intra8=0 intra4=0 reftype=0
  snapshot f225: 3 venc_ko blocks (pool0 0x73801000 len 0x10000)
src frame 226: srcf=6 off=908 br=8000
frame 226: send=0x0 get=0x0 len=1281 coding=1 startqp=0 meanqp=0 picbytes=0 pskip=0 nalus=1 n1:1281
  cu: inter64=0 inter32=0 inter16=0 inter8=0 intra32=0 intra16=0 intra8=0 intra4=0 reftype=0
  snapshot f226: 3 venc_ko blocks (pool0 0x73801000 len 0x10000)
src frame 227: srcf=5 off=912 br=8000
frame 227: send=0x0 get=0x0 len=1335 coding=1 startqp=0 meanqp=0 picbytes=0 pskip=0 nalus=1 n1:1335
  cu: inter64=0 inter32=0 inter16=0 inter8=0 intra32=0 intra16=0 intra8=0 intra4=0 reftype=0
  snapshot f227: 3 venc_ko blocks (pool0 0x73801000 len 0x10000)
src frame 228: srcf=4 off=916 br=8000
frame 228: send=0x0 get=0x0 len=1219 coding=1 startqp=0 meanqp=0 picbytes=0 pskip=0 nalus=1 n1:1219
  cu: inter64=0 inter32=0 inter16=0 inter8=0 intra32=0 intra16=0 intra8=0 intra4=0 reftype=0
  snapshot f228: 3 venc_ko blocks (pool0 0x73801000 len 0x10000)
src frame 229: srcf=3 off=920 br=8000
frame 229: send=0x0 get=0x0 len=1228 coding=1 startqp=0 meanqp=0 picbytes=0 pskip=0 nalus=1 n1:1228
  cu: inter64=0 inter32=0 inter16=0 inter8=0 intra32=0 intra16=0 intra8=0 intra4=0 reftype=0
  snapshot f229: 3 venc_ko blocks (pool0 0x73801000 len 0x10000)
src frame 230: srcf=2 off=924 br=8000
frame 230: send=0x0 get=0x0 len=1191 coding=1 startqp=0 meanqp=0 picbytes=0 pskip=0 nalus=1 n1:1191
  cu: inter64=0 inter32=0 inter16=0 inter8=0 intra32=0 intra16=0 intra8=0 intra4=0 reftype=0
  snapshot f230: 3 venc_ko blocks (pool0 0x73801000 len 0x10000)
src frame 231: srcf=1 off=928 br=8000
frame 231: send=0x0 get=0x0 len=1706 coding=1 startqp=0 meanqp=0 picbytes=0 pskip=0 nalus=1 n1:1706
  cu: inter64=0 inter32=0 inter16=0 inter8=0 intra32=0 intra16=0 intra8=0 intra4=0 reftype=0
  snapshot f231: 3 venc_ko blocks (pool0 0x73801000 len 0x10000)
src frame 232: srcf=0 off=932 br=8000
frame 232: send=0x0 get=0x0 len=1466 coding=1 startqp=0 meanqp=0 picbytes=0 pskip=0 nalus=1 n1:1466
  cu: inter64=0 inter32=0 inter16=0 inter8=0 intra32=0 intra16=0 intra8=0 intra4=0 reftype=0
  snapshot f232: 3 venc_ko blocks (pool0 0x73801000 len 0x10000)
src frame 233: srcf=1 off=936 br=8000
frame 233: send=0x0 get=0x0 len=1513 coding=1 startqp=0 meanqp=0 picbytes=0 pskip=0 nalus=1 n1:1513
  cu: inter64=0 inter32=0 inter16=0 inter8=0 intra32=0 intra16=0 intra8=0 intra4=0 reftype=0
  snapshot f233: 3 venc_ko blocks (pool0 0x73801000 len 0x10000)
src frame 234: srcf=2 off=940 br=8000
frame 234: send=0x0 get=0x0 len=1134 coding=1 startqp=0 meanqp=0 picbytes=0 pskip=0 nalus=1 n1:1134
  cu: inter64=0 inter32=0 inter16=0 inter8=0 intra32=0 intra16=0 intra8=0 intra4=0 reftype=0
  snapshot f234: 3 venc_ko blocks (pool0 0x73801000 len 0x10000)
src frame 235: srcf=3 off=944 br=8000
frame 235: send=0x0 get=0x0 len=1046 coding=1 startqp=0 meanqp=0 picbytes=0 pskip=0 nalus=1 n1:1046
  cu: inter64=0 inter32=0 inter16=0 inter8=0 intra32=0 intra16=0 intra8=0 intra4=0 reftype=0
  snapshot f235: 3 venc_ko blocks (pool0 0x73801000 len 0x10000)
src frame 236: srcf=4 off=948 br=8000
frame 236: send=0x0 get=0x0 len=1088 coding=1 startqp=0 meanqp=0 picbytes=0 pskip=0 nalus=1 n1:1088
  cu: inter64=0 inter32=0 inter16=0 inter8=0 intra32=0 intra16=0 intra8=0 intra4=0 reftype=0
  snapshot f236: 3 venc_ko blocks (pool0 0x73801000 len 0x10000)
src frame 237: srcf=5 off=952 br=8000
frame 237: send=0x0 get=0x0 len=1058 coding=1 startqp=0 meanqp=0 picbytes=0 pskip=0 nalus=1 n1:1058
  cu: inter64=0 inter32=0 inter16=0 inter8=0 intra32=0 intra16=0 intra8=0 intra4=0 reftype=0
  snapshot f237: 3 venc_ko blocks (pool0 0x73801000 len 0x10000)
src frame 238: srcf=6 off=956 br=8000
frame 238: send=0x0 get=0x0 len=1003 coding=1 startqp=0 meanqp=0 picbytes=0 pskip=0 nalus=1 n1:1003
  cu: inter64=0 inter32=0 inter16=0 inter8=0 intra32=0 intra16=0 intra8=0 intra4=0 reftype=0
  snapshot f238: 3 venc_ko blocks (pool0 0x73801000 len 0x10000)
src frame 239: srcf=7 off=960 br=8000
frame 239: send=0x0 get=0x0 len=1205 coding=1 startqp=0 meanqp=0 picbytes=0 pskip=0 nalus=1 n1:1205
  cu: inter64=0 inter32=0 inter16=0 inter8=0 intra32=0 intra16=0 intra8=0 intra4=0 reftype=0
  snapshot f239: 3 venc_ko blocks (pool0 0x73801000 len 0x10000)
---- /proc/ax_proc/venc ----
-------- VENC VERSION ------------------------
[Axera version]: ax_venc V3.0.0_20250319114413 Mar 19 2025 11:58:34 JK

-------- MODULE PARAM ------------------------
MaxChnNum   MaxRoiNum   MaxProcNum  
16          8           16          

-------- VENC CHN ATTR 1 ------------------------
ID    Type    wSrc    hSrc    Strd0   Strd1   maxW    maxH    PixFmt  link  InFifoDep    OutFifoDep   InDbgFifoLen InDbgFifoDep StrmBufSize(KB)
7     h265    1920    1080    3840    0       1920    1080    YUYV422 N     2            2            0            4            4114      
-------- VENC CHN ATTR 2 ------------------------
ID    [CropEn StartX  StartY  CropW   CropH]  Rotation  EncW    EncH    FrmSize      PTS          SeqNum       CompMode     CompLevel    PhyAddr0     PhyAddr1     PhyAddr2     
7     N       0       0       0       0       0         1920    1080    4147200      3950000      238          NONE         0            742cb000     0            0            
-------- VENC RC ATTR 1 ------------------------
ID    RcMode    SrcFr   DstFr   Br(kbps)  MinQp   MaxQp   MinIQp  MaxIQp  IQpDelta  IpropMax   IpropMin   StartQp    QpDltRng   DeBrQpDlt  SvcEn   ChgPos  StillPercent MaxStillQp 
7     VBR       60.00   60.00   8000      10      51      10      51      0         -          -          -1         2          0          False   90      -            -          
-------- VENC RC ATTR 2  -----------------------
ID    QMapQpType  QMapUnit    QMapBlkType IQp   PQp   MinQpDelta MaxQpDelta MaxBitRate shtStaTime ltStaTime  ltMinBr  ltMaxBr  Br_ST(kbps)    Br_LT(kbps)    
7     N/A         64x64       N/A         -     -     -          -          -          -          -          -        -        -              -              
-------- VENC GOP ATTR  ------------------------
ID    GopMode   Gop   GopVI 
7     NormalP   30    0     
-------- VENC STATUS 1 -------------------------
ID    RJEn         RJThr(bps)   RJMode       RJEncGaps    SupFrmEn     SupPri       SupThrI      SupThrP      SplitEn      SliceNum     Range(In)    Range(out)   
7     N            0            Normal       0            N            0            500000       500000       N            0            Full         Full         
-------- VENC STATUS 2 -------------------------
ID    ChnStat   FrmRecv   FrmRls    FrmEnc    FrmDrop   FrmDup    EncFail   MissMatch StrmGet   StrmRls   OutFps    RealBr    ReEncCnt  DropCnt   BlkFail   GrpID     PID     TID     ThNum   RefInc    RefDec    Fail1   Fail2   Fail3   Fail4   
7     STARTED   239       238       238       0         0         0         0         238       238       50.00     1142.54   0         0         0         -1        130170  130174  1       239       238       0       0       0       0       
-------- VENC HW STATUS  ------------------------
ID    OverFlow     TimeOut      
7     0            0            
-------- VENC ROI INFO  ------------------------
ID    Index        bEnable      bAbsQp       RoiQP        Width        Height       StartX       StartY       
done h265_vbr8000
rc=0
== h265_vbr8000: codec=h265 rc=vbr br=8000 fps=60 gop=30 frames=240 total=1017562 B achieved=2035 kbps
I frames (frame:qp/bytes): 0:32/28669 30:13/68852 60:10/77470 90:10/77647 120:10/78020 150:10/77479 180:10/77851 210:10/77572
first P after each I (frame:qp): 1:32 31:12 61:10 91:10 121:10 151:10 181:10 211:10
per-GOP: gop#: kbps I_qp P_qp[min..max] P_qp_last
  0: 2508 kbps I=[32] P=[10..32] last=10 n=30
  1: 2044 kbps I=[13] P=[10..12] last=10 n=30
  2: 2013 kbps I=[10] P=[10..10] last=10 n=30
  3: 2028 kbps I=[10] P=[10..10] last=10 n=30
  4: 1998 kbps I=[10] P=[10..10] last=10 n=30
  5: 1918 kbps I=[10] P=[10..10] last=10 n=30
  6: 1880 kbps I=[10] P=[10..10] last=10 n=30
  7: 1891 kbps I=[10] P=[10..10] last=10 n=30
P->P QP step histogram: -2:2 -1:20 +0:202
I->firstP QP delta: +0 -1 +0 +0 +0 +0 +0 +0
sw7 frame-QP == slice QP: 240/240 frames with a program agree; mismatches at []
slot flags: {'': 240}
sw105-107 distinct (I): [('0x0', '0x0', '0x0')]
sw172/173 distinct: [('0x14f', '0x662'), ('0x14f', '0x66a')]
sw6 distinct (I / P): ['0x20000b'] ['0x200003']
=== h265_vbr16000: codec=h265 rc=vbr br=16000 nframes=240 src=/root/rc65/clips/static.yuyv motion=vscroll mstep=4
# vdrive tag=h265_vbr16000 codec=h265 1920x1080 rc=vbr br=16000 fps=60/60 gop=30 gopmode=normalp ltrint=0 ltrqpo=0 iqp=32 pqp=32 profile=0 level=153 tier=0 qp[10..51] iqp[10..51] iqd=0 firstqp=-1 iprop[10..40] idrrange=2 stattime=1 vq=0 ir=0/0 slice=0 debreath=0 scd=-1 rowqpd=-1 vui=-1 move=0 nframes=240
src=/root/rc65/clips/static.yuyv frames=30 loop=pingpong motion=vscroll mstep=4 window=0..-1
AX_SYS_Init rc=0x0
AX_VENC_Init rc=0x0
AX_VENC_CreateChn(7) rc=0x0
StartRecvFrame rc=0x0
AX_POOL_CreatePool id=0x0
blk=0x5e000000 phys=0x742cb000 virt=0xffff87935000
frame: modid=0x11 stride=1920 fmt=0xd
  snapshot pre: 3 venc_ko blocks (pool0 0x73801000 len 0x10000)
src frame 0: srcf=0 off=4 br=16000
frame 0: send=0x0 get=0x0 len=39565 coding=0 startqp=0 meanqp=0 picbytes=0 pskip=0 nalus=4 n32:27 n33:53 n34:11 n19:39474
  cu: inter64=0 inter32=0 inter16=0 inter8=0 intra32=0 intra16=0 intra8=0 intra4=0 reftype=0
  snapshot f000: 3 venc_ko blocks (pool0 0x73801000 len 0x10000)
src frame 1: srcf=1 off=8 br=16000
frame 1: send=0x0 get=0x0 len=1026 coding=1 startqp=0 meanqp=0 picbytes=0 pskip=0 nalus=1 n1:1026
  cu: inter64=0 inter32=0 inter16=0 inter8=0 intra32=0 intra16=0 intra8=0 intra4=0 reftype=0
  snapshot f001: 3 venc_ko blocks (pool0 0x73801000 len 0x10000)
src frame 2: srcf=2 off=12 br=16000
frame 2: send=0x0 get=0x0 len=1181 coding=1 startqp=0 meanqp=0 picbytes=0 pskip=0 nalus=1 n1:1181
  cu: inter64=0 inter32=0 inter16=0 inter8=0 intra32=0 intra16=0 intra8=0 intra4=0 reftype=0
  snapshot f002: 3 venc_ko blocks (pool0 0x73801000 len 0x10000)
src frame 3: srcf=3 off=16 br=16000
frame 3: send=0x0 get=0x0 len=2330 coding=1 startqp=0 meanqp=0 picbytes=0 pskip=0 nalus=1 n1:2330
  cu: inter64=0 inter32=0 inter16=0 inter8=0 intra32=0 intra16=0 intra8=0 intra4=0 reftype=0
  snapshot f003: 3 venc_ko blocks (pool0 0x73801000 len 0x10000)
src frame 4: srcf=4 off=20 br=16000
frame 4: send=0x0 get=0x0 len=4043 coding=1 startqp=0 meanqp=0 picbytes=0 pskip=0 nalus=1 n1:4043
  cu: inter64=0 inter32=0 inter16=0 inter8=0 intra32=0 intra16=0 intra8=0 intra4=0 reftype=0
  snapshot f004: 3 venc_ko blocks (pool0 0x73801000 len 0x10000)
src frame 5: srcf=5 off=24 br=16000
frame 5: send=0x0 get=0x0 len=4013 coding=1 startqp=0 meanqp=0 picbytes=0 pskip=0 nalus=1 n1:4013
  cu: inter64=0 inter32=0 inter16=0 inter8=0 intra32=0 intra16=0 intra8=0 intra4=0 reftype=0
  snapshot f005: 3 venc_ko blocks (pool0 0x73801000 len 0x10000)
src frame 6: srcf=6 off=28 br=16000
frame 6: send=0x0 get=0x0 len=4413 coding=1 startqp=0 meanqp=0 picbytes=0 pskip=0 nalus=1 n1:4413
  cu: inter64=0 inter32=0 inter16=0 inter8=0 intra32=0 intra16=0 intra8=0 intra4=0 reftype=0
  snapshot f006: 3 venc_ko blocks (pool0 0x73801000 len 0x10000)
src frame 7: srcf=7 off=32 br=16000
frame 7: send=0x0 get=0x0 len=4581 coding=1 startqp=0 meanqp=0 picbytes=0 pskip=0 nalus=1 n1:4581
  cu: inter64=0 inter32=0 inter16=0 inter8=0 intra32=0 intra16=0 intra8=0 intra4=0 reftype=0
  snapshot f007: 3 venc_ko blocks (pool0 0x73801000 len 0x10000)
src frame 8: srcf=8 off=36 br=16000
frame 8: send=0x0 get=0x0 len=4703 coding=1 startqp=0 meanqp=0 picbytes=0 pskip=0 nalus=1 n1:4703
  cu: inter64=0 inter32=0 inter16=0 inter8=0 intra32=0 intra16=0 intra8=0 intra4=0 reftype=0
  snapshot f008: 3 venc_ko blocks (pool0 0x73801000 len 0x10000)
src frame 9: srcf=9 off=40 br=16000
frame 9: send=0x0 get=0x0 len=5235 coding=1 startqp=0 meanqp=0 picbytes=0 pskip=0 nalus=1 n1:5235
  cu: inter64=0 inter32=0 inter16=0 inter8=0 intra32=0 intra16=0 intra8=0 intra4=0 reftype=0
  snapshot f009: 3 venc_ko blocks (pool0 0x73801000 len 0x10000)
src frame 10: srcf=10 off=44 br=16000
frame 10: send=0x0 get=0x0 len=5152 coding=1 startqp=0 meanqp=0 picbytes=0 pskip=0 nalus=1 n1:5152
  cu: inter64=0 inter32=0 inter16=0 inter8=0 intra32=0 intra16=0 intra8=0 intra4=0 reftype=0
  snapshot f010: 3 venc_ko blocks (pool0 0x73801000 len 0x10000)
src frame 11: srcf=11 off=48 br=16000
frame 11: send=0x0 get=0x0 len=5799 coding=1 startqp=0 meanqp=0 picbytes=0 pskip=0 nalus=1 n1:5799
  cu: inter64=0 inter32=0 inter16=0 inter8=0 intra32=0 intra16=0 intra8=0 intra4=0 reftype=0
  snapshot f011: 3 venc_ko blocks (pool0 0x73801000 len 0x10000)
src frame 12: srcf=12 off=52 br=16000
frame 12: send=0x0 get=0x0 len=6911 coding=1 startqp=0 meanqp=0 picbytes=0 pskip=0 nalus=1 n1:6911
  cu: inter64=0 inter32=0 inter16=0 inter8=0 intra32=0 intra16=0 intra8=0 intra4=0 reftype=0
  snapshot f012: 3 venc_ko blocks (pool0 0x73801000 len 0x10000)
src frame 13: srcf=13 off=56 br=16000
frame 13: send=0x0 get=0x0 len=6872 coding=1 startqp=0 meanqp=0 picbytes=0 pskip=0 nalus=1 n1:6872
  cu: inter64=0 inter32=0 inter16=0 inter8=0 intra32=0 intra16=0 intra8=0 intra4=0 reftype=0
  snapshot f013: 3 venc_ko blocks (pool0 0x73801000 len 0x10000)
src frame 14: srcf=14 off=60 br=16000
frame 14: send=0x0 get=0x0 len=8005 coding=1 startqp=0 meanqp=0 picbytes=0 pskip=0 nalus=1 n1:8005
  cu: inter64=0 inter32=0 inter16=0 inter8=0 intra32=0 intra16=0 intra8=0 intra4=0 reftype=0
  snapshot f014: 3 venc_ko blocks (pool0 0x73801000 len 0x10000)
src frame 15: srcf=15 off=64 br=16000
frame 15: send=0x0 get=0x0 len=7419 coding=1 startqp=0 meanqp=0 picbytes=0 pskip=0 nalus=1 n1:7419
  cu: inter64=0 inter32=0 inter16=0 inter8=0 intra32=0 intra16=0 intra8=0 intra4=0 reftype=0
  snapshot f015: 3 venc_ko blocks (pool0 0x73801000 len 0x10000)
src frame 16: srcf=16 off=68 br=16000
frame 16: send=0x0 get=0x0 len=4225 coding=1 startqp=0 meanqp=0 picbytes=0 pskip=0 nalus=1 n1:4225
  cu: inter64=0 inter32=0 inter16=0 inter8=0 intra32=0 intra16=0 intra8=0 intra4=0 reftype=0
  snapshot f016: 3 venc_ko blocks (pool0 0x73801000 len 0x10000)
src frame 17: srcf=17 off=72 br=16000
frame 17: send=0x0 get=0x0 len=3052 coding=1 startqp=0 meanqp=0 picbytes=0 pskip=0 nalus=1 n1:3052
  cu: inter64=0 inter32=0 inter16=0 inter8=0 intra32=0 intra16=0 intra8=0 intra4=0 reftype=0
  snapshot f017: 3 venc_ko blocks (pool0 0x73801000 len 0x10000)
src frame 18: srcf=18 off=76 br=16000
frame 18: send=0x0 get=0x0 len=2934 coding=1 startqp=0 meanqp=0 picbytes=0 pskip=0 nalus=1 n1:2934
  cu: inter64=0 inter32=0 inter16=0 inter8=0 intra32=0 intra16=0 intra8=0 intra4=0 reftype=0
  snapshot f018: 3 venc_ko blocks (pool0 0x73801000 len 0x10000)
src frame 19: srcf=19 off=80 br=16000
frame 19: send=0x0 get=0x0 len=2373 coding=1 startqp=0 meanqp=0 picbytes=0 pskip=0 nalus=1 n1:2373
  cu: inter64=0 inter32=0 inter16=0 inter8=0 intra32=0 intra16=0 intra8=0 intra4=0 reftype=0
  snapshot f019: 3 venc_ko blocks (pool0 0x73801000 len 0x10000)
src frame 20: srcf=20 off=84 br=16000
frame 20: send=0x0 get=0x0 len=2001 coding=1 startqp=0 meanqp=0 picbytes=0 pskip=0 nalus=1 n1:2001
  cu: inter64=0 inter32=0 inter16=0 inter8=0 intra32=0 intra16=0 intra8=0 intra4=0 reftype=0
  snapshot f020: 3 venc_ko blocks (pool0 0x73801000 len 0x10000)
src frame 21: srcf=21 off=88 br=16000
frame 21: send=0x0 get=0x0 len=2446 coding=1 startqp=0 meanqp=0 picbytes=0 pskip=0 nalus=1 n1:2446
  cu: inter64=0 inter32=0 inter16=0 inter8=0 intra32=0 intra16=0 intra8=0 intra4=0 reftype=0
  snapshot f021: 3 venc_ko blocks (pool0 0x73801000 len 0x10000)
src frame 22: srcf=22 off=92 br=16000
frame 22: send=0x0 get=0x0 len=3687 coding=1 startqp=0 meanqp=0 picbytes=0 pskip=0 nalus=1 n1:3687
  cu: inter64=0 inter32=0 inter16=0 inter8=0 intra32=0 intra16=0 intra8=0 intra4=0 reftype=0
  snapshot f022: 3 venc_ko blocks (pool0 0x73801000 len 0x10000)
src frame 23: srcf=23 off=96 br=16000
frame 23: send=0x0 get=0x0 len=4845 coding=1 startqp=0 meanqp=0 picbytes=0 pskip=0 nalus=1 n1:4845
  cu: inter64=0 inter32=0 inter16=0 inter8=0 intra32=0 intra16=0 intra8=0 intra4=0 reftype=0
  snapshot f023: 3 venc_ko blocks (pool0 0x73801000 len 0x10000)
src frame 24: srcf=24 off=100 br=16000
frame 24: send=0x0 get=0x0 len=4654 coding=1 startqp=0 meanqp=0 picbytes=0 pskip=0 nalus=1 n1:4654
  cu: inter64=0 inter32=0 inter16=0 inter8=0 intra32=0 intra16=0 intra8=0 intra4=0 reftype=0
  snapshot f024: 3 venc_ko blocks (pool0 0x73801000 len 0x10000)
src frame 25: srcf=25 off=104 br=16000
frame 25: send=0x0 get=0x0 len=2957 coding=1 startqp=0 meanqp=0 picbytes=0 pskip=0 nalus=1 n1:2957
  cu: inter64=0 inter32=0 inter16=0 inter8=0 intra32=0 intra16=0 intra8=0 intra4=0 reftype=0
  snapshot f025: 3 venc_ko blocks (pool0 0x73801000 len 0x10000)
src frame 26: srcf=26 off=108 br=16000
frame 26: send=0x0 get=0x0 len=2390 coding=1 startqp=0 meanqp=0 picbytes=0 pskip=0 nalus=1 n1:2390
  cu: inter64=0 inter32=0 inter16=0 inter8=0 intra32=0 intra16=0 intra8=0 intra4=0 reftype=0
  snapshot f026: 3 venc_ko blocks (pool0 0x73801000 len 0x10000)
src frame 27: srcf=27 off=112 br=16000
frame 27: send=0x0 get=0x0 len=1770 coding=1 startqp=0 meanqp=0 picbytes=0 pskip=0 nalus=1 n1:1770
  cu: inter64=0 inter32=0 inter16=0 inter8=0 intra32=0 intra16=0 intra8=0 intra4=0 reftype=0
  snapshot f027: 3 venc_ko blocks (pool0 0x73801000 len 0x10000)
src frame 28: srcf=28 off=116 br=16000
frame 28: send=0x0 get=0x0 len=1705 coding=1 startqp=0 meanqp=0 picbytes=0 pskip=0 nalus=1 n1:1705
  cu: inter64=0 inter32=0 inter16=0 inter8=0 intra32=0 intra16=0 intra8=0 intra4=0 reftype=0
  snapshot f028: 3 venc_ko blocks (pool0 0x73801000 len 0x10000)
src frame 29: srcf=29 off=120 br=16000
frame 29: send=0x0 get=0x0 len=2389 coding=1 startqp=0 meanqp=0 picbytes=0 pskip=0 nalus=1 n1:2389
  cu: inter64=0 inter32=0 inter16=0 inter8=0 intra32=0 intra16=0 intra8=0 intra4=0 reftype=0
  snapshot f029: 3 venc_ko blocks (pool0 0x73801000 len 0x10000)
src frame 30: srcf=28 off=124 br=16000
frame 30: send=0x0 get=0x0 len=74410 coding=0 startqp=0 meanqp=0 picbytes=0 pskip=0 nalus=4 n32:27 n33:53 n34:11 n19:74319
  cu: inter64=0 inter32=0 inter16=0 inter8=0 intra32=0 intra16=0 intra8=0 intra4=0 reftype=0
  snapshot f030: 3 venc_ko blocks (pool0 0x73801000 len 0x10000)
src frame 31: srcf=27 off=128 br=16000
frame 31: send=0x0 get=0x0 len=1907 coding=1 startqp=0 meanqp=0 picbytes=0 pskip=0 nalus=1 n1:1907
  cu: inter64=0 inter32=0 inter16=0 inter8=0 intra32=0 intra16=0 intra8=0 intra4=0 reftype=0
  snapshot f031: 3 venc_ko blocks (pool0 0x73801000 len 0x10000)
src frame 32: srcf=26 off=132 br=16000
frame 32: send=0x0 get=0x0 len=2582 coding=1 startqp=0 meanqp=0 picbytes=0 pskip=0 nalus=1 n1:2582
  cu: inter64=0 inter32=0 inter16=0 inter8=0 intra32=0 intra16=0 intra8=0 intra4=0 reftype=0
  snapshot f032: 3 venc_ko blocks (pool0 0x73801000 len 0x10000)
src frame 33: srcf=25 off=136 br=16000
frame 33: send=0x0 get=0x0 len=2918 coding=1 startqp=0 meanqp=0 picbytes=0 pskip=0 nalus=1 n1:2918
  cu: inter64=0 inter32=0 inter16=0 inter8=0 intra32=0 intra16=0 intra8=0 intra4=0 reftype=0
  snapshot f033: 3 venc_ko blocks (pool0 0x73801000 len 0x10000)
src frame 34: srcf=24 off=140 br=16000
frame 34: send=0x0 get=0x0 len=2911 coding=1 startqp=0 meanqp=0 picbytes=0 pskip=0 nalus=1 n1:2911
  cu: inter64=0 inter32=0 inter16=0 inter8=0 intra32=0 intra16=0 intra8=0 intra4=0 reftype=0
  snapshot f034: 3 venc_ko blocks (pool0 0x73801000 len 0x10000)
src frame 35: srcf=23 off=144 br=16000
frame 35: send=0x0 get=0x0 len=2425 coding=1 startqp=0 meanqp=0 picbytes=0 pskip=0 nalus=1 n1:2425
  cu: inter64=0 inter32=0 inter16=0 inter8=0 intra32=0 intra16=0 intra8=0 intra4=0 reftype=0
  snapshot f035: 3 venc_ko blocks (pool0 0x73801000 len 0x10000)
src frame 36: srcf=22 off=148 br=16000
frame 36: send=0x0 get=0x0 len=1567 coding=1 startqp=0 meanqp=0 picbytes=0 pskip=0 nalus=1 n1:1567
  cu: inter64=0 inter32=0 inter16=0 inter8=0 intra32=0 intra16=0 intra8=0 intra4=0 reftype=0
  snapshot f036: 3 venc_ko blocks (pool0 0x73801000 len 0x10000)
src frame 37: srcf=21 off=152 br=16000
frame 37: send=0x0 get=0x0 len=1471 coding=1 startqp=0 meanqp=0 picbytes=0 pskip=0 nalus=1 n1:1471
  cu: inter64=0 inter32=0 inter16=0 inter8=0 intra32=0 intra16=0 intra8=0 intra4=0 reftype=0
  snapshot f037: 3 venc_ko blocks (pool0 0x73801000 len 0x10000)
src frame 38: srcf=20 off=156 br=16000
frame 38: send=0x0 get=0x0 len=1546 coding=1 startqp=0 meanqp=0 picbytes=0 pskip=0 nalus=1 n1:1546
  cu: inter64=0 inter32=0 inter16=0 inter8=0 intra32=0 intra16=0 intra8=0 intra4=0 reftype=0
  snapshot f038: 3 venc_ko blocks (pool0 0x73801000 len 0x10000)
src frame 39: srcf=19 off=160 br=16000
frame 39: send=0x0 get=0x0 len=1783 coding=1 startqp=0 meanqp=0 picbytes=0 pskip=0 nalus=1 n1:1783
  cu: inter64=0 inter32=0 inter16=0 inter8=0 intra32=0 intra16=0 intra8=0 intra4=0 reftype=0
  snapshot f039: 3 venc_ko blocks (pool0 0x73801000 len 0x10000)
src frame 40: srcf=18 off=164 br=16000
frame 40: send=0x0 get=0x0 len=1585 coding=1 startqp=0 meanqp=0 picbytes=0 pskip=0 nalus=1 n1:1585
  cu: inter64=0 inter32=0 inter16=0 inter8=0 intra32=0 intra16=0 intra8=0 intra4=0 reftype=0
  snapshot f040: 3 venc_ko blocks (pool0 0x73801000 len 0x10000)
src frame 41: srcf=17 off=168 br=16000
frame 41: send=0x0 get=0x0 len=2380 coding=1 startqp=0 meanqp=0 picbytes=0 pskip=0 nalus=1 n1:2380
  cu: inter64=0 inter32=0 inter16=0 inter8=0 intra32=0 intra16=0 intra8=0 intra4=0 reftype=0
  snapshot f041: 3 venc_ko blocks (pool0 0x73801000 len 0x10000)
src frame 42: srcf=16 off=172 br=16000
frame 42: send=0x0 get=0x0 len=2602 coding=1 startqp=0 meanqp=0 picbytes=0 pskip=0 nalus=1 n1:2602
  cu: inter64=0 inter32=0 inter16=0 inter8=0 intra32=0 intra16=0 intra8=0 intra4=0 reftype=0
  snapshot f042: 3 venc_ko blocks (pool0 0x73801000 len 0x10000)
src frame 43: srcf=15 off=176 br=16000
frame 43: send=0x0 get=0x0 len=2856 coding=1 startqp=0 meanqp=0 picbytes=0 pskip=0 nalus=1 n1:2856
  cu: inter64=0 inter32=0 inter16=0 inter8=0 intra32=0 intra16=0 intra8=0 intra4=0 reftype=0
  snapshot f043: 3 venc_ko blocks (pool0 0x73801000 len 0x10000)
src frame 44: srcf=14 off=180 br=16000
frame 44: send=0x0 get=0x0 len=2097 coding=1 startqp=0 meanqp=0 picbytes=0 pskip=0 nalus=1 n1:2097
  cu: inter64=0 inter32=0 inter16=0 inter8=0 intra32=0 intra16=0 intra8=0 intra4=0 reftype=0
  snapshot f044: 3 venc_ko blocks (pool0 0x73801000 len 0x10000)
src frame 45: srcf=13 off=184 br=16000
frame 45: send=0x0 get=0x0 len=1473 coding=1 startqp=0 meanqp=0 picbytes=0 pskip=0 nalus=1 n1:1473
  cu: inter64=0 inter32=0 inter16=0 inter8=0 intra32=0 intra16=0 intra8=0 intra4=0 reftype=0
  snapshot f045: 3 venc_ko blocks (pool0 0x73801000 len 0x10000)
src frame 46: srcf=12 off=188 br=16000
frame 46: send=0x0 get=0x0 len=1363 coding=1 startqp=0 meanqp=0 picbytes=0 pskip=0 nalus=1 n1:1363
  cu: inter64=0 inter32=0 inter16=0 inter8=0 intra32=0 intra16=0 intra8=0 intra4=0 reftype=0
  snapshot f046: 3 venc_ko blocks (pool0 0x73801000 len 0x10000)
src frame 47: srcf=11 off=192 br=16000
frame 47: send=0x0 get=0x0 len=1506 coding=1 startqp=0 meanqp=0 picbytes=0 pskip=0 nalus=1 n1:1506
  cu: inter64=0 inter32=0 inter16=0 inter8=0 intra32=0 intra16=0 intra8=0 intra4=0 reftype=0
  snapshot f047: 3 venc_ko blocks (pool0 0x73801000 len 0x10000)
src frame 48: srcf=10 off=196 br=16000
frame 48: send=0x0 get=0x0 len=1568 coding=1 startqp=0 meanqp=0 picbytes=0 pskip=0 nalus=1 n1:1568
  cu: inter64=0 inter32=0 inter16=0 inter8=0 intra32=0 intra16=0 intra8=0 intra4=0 reftype=0
  snapshot f048: 3 venc_ko blocks (pool0 0x73801000 len 0x10000)
src frame 49: srcf=9 off=200 br=16000
frame 49: send=0x0 get=0x0 len=1322 coding=1 startqp=0 meanqp=0 picbytes=0 pskip=0 nalus=1 n1:1322
  cu: inter64=0 inter32=0 inter16=0 inter8=0 intra32=0 intra16=0 intra8=0 intra4=0 reftype=0
  snapshot f049: 3 venc_ko blocks (pool0 0x73801000 len 0x10000)
src frame 50: srcf=8 off=204 br=16000
frame 50: send=0x0 get=0x0 len=1567 coding=1 startqp=0 meanqp=0 picbytes=0 pskip=0 nalus=1 n1:1567
  cu: inter64=0 inter32=0 inter16=0 inter8=0 intra32=0 intra16=0 intra8=0 intra4=0 reftype=0
  snapshot f050: 3 venc_ko blocks (pool0 0x73801000 len 0x10000)
src frame 51: srcf=7 off=208 br=16000
frame 51: send=0x0 get=0x0 len=1981 coding=1 startqp=0 meanqp=0 picbytes=0 pskip=0 nalus=1 n1:1981
  cu: inter64=0 inter32=0 inter16=0 inter8=0 intra32=0 intra16=0 intra8=0 intra4=0 reftype=0
  snapshot f051: 3 venc_ko blocks (pool0 0x73801000 len 0x10000)
src frame 52: srcf=6 off=212 br=16000
frame 52: send=0x0 get=0x0 len=2065 coding=1 startqp=0 meanqp=0 picbytes=0 pskip=0 nalus=1 n1:2065
  cu: inter64=0 inter32=0 inter16=0 inter8=0 intra32=0 intra16=0 intra8=0 intra4=0 reftype=0
  snapshot f052: 3 venc_ko blocks (pool0 0x73801000 len 0x10000)
src frame 53: srcf=5 off=216 br=16000
frame 53: send=0x0 get=0x0 len=1925 coding=1 startqp=0 meanqp=0 picbytes=0 pskip=0 nalus=1 n1:1925
  cu: inter64=0 inter32=0 inter16=0 inter8=0 intra32=0 intra16=0 intra8=0 intra4=0 reftype=0
  snapshot f053: 3 venc_ko blocks (pool0 0x73801000 len 0x10000)
src frame 54: srcf=4 off=220 br=16000
frame 54: send=0x0 get=0x0 len=1806 coding=1 startqp=0 meanqp=0 picbytes=0 pskip=0 nalus=1 n1:1806
  cu: inter64=0 inter32=0 inter16=0 inter8=0 intra32=0 intra16=0 intra8=0 intra4=0 reftype=0
  snapshot f054: 3 venc_ko blocks (pool0 0x73801000 len 0x10000)
src frame 55: srcf=3 off=224 br=16000
frame 55: send=0x0 get=0x0 len=1594 coding=1 startqp=0 meanqp=0 picbytes=0 pskip=0 nalus=1 n1:1594
  cu: inter64=0 inter32=0 inter16=0 inter8=0 intra32=0 intra16=0 intra8=0 intra4=0 reftype=0
  snapshot f055: 3 venc_ko blocks (pool0 0x73801000 len 0x10000)
src frame 56: srcf=2 off=228 br=16000
frame 56: send=0x0 get=0x0 len=1309 coding=1 startqp=0 meanqp=0 picbytes=0 pskip=0 nalus=1 n1:1309
  cu: inter64=0 inter32=0 inter16=0 inter8=0 intra32=0 intra16=0 intra8=0 intra4=0 reftype=0
  snapshot f056: 3 venc_ko blocks (pool0 0x73801000 len 0x10000)
src frame 57: srcf=1 off=232 br=16000
frame 57: send=0x0 get=0x0 len=1382 coding=1 startqp=0 meanqp=0 picbytes=0 pskip=0 nalus=1 n1:1382
  cu: inter64=0 inter32=0 inter16=0 inter8=0 intra32=0 intra16=0 intra8=0 intra4=0 reftype=0
  snapshot f057: 3 venc_ko blocks (pool0 0x73801000 len 0x10000)
src frame 58: srcf=0 off=236 br=16000
frame 58: send=0x0 get=0x0 len=1191 coding=1 startqp=0 meanqp=0 picbytes=0 pskip=0 nalus=1 n1:1191
  cu: inter64=0 inter32=0 inter16=0 inter8=0 intra32=0 intra16=0 intra8=0 intra4=0 reftype=0
  snapshot f058: 3 venc_ko blocks (pool0 0x73801000 len 0x10000)
src frame 59: srcf=1 off=240 br=16000
frame 59: send=0x0 get=0x0 len=1183 coding=1 startqp=0 meanqp=0 picbytes=0 pskip=0 nalus=1 n1:1183
  cu: inter64=0 inter32=0 inter16=0 inter8=0 intra32=0 intra16=0 intra8=0 intra4=0 reftype=0
  snapshot f059: 3 venc_ko blocks (pool0 0x73801000 len 0x10000)
src frame 60: srcf=2 off=244 br=16000
frame 60: send=0x0 get=0x0 len=77495 coding=0 startqp=0 meanqp=0 picbytes=0 pskip=0 nalus=4 n32:27 n33:53 n34:11 n19:77404
  cu: inter64=0 inter32=0 inter16=0 inter8=0 intra32=0 intra16=0 intra8=0 intra4=0 reftype=0
  snapshot f060: 3 venc_ko blocks (pool0 0x73801000 len 0x10000)
src frame 61: srcf=3 off=248 br=16000
frame 61: send=0x0 get=0x0 len=2475 coding=1 startqp=0 meanqp=0 picbytes=0 pskip=0 nalus=1 n1:2475
  cu: inter64=0 inter32=0 inter16=0 inter8=0 intra32=0 intra16=0 intra8=0 intra4=0 reftype=0
  snapshot f061: 3 venc_ko blocks (pool0 0x73801000 len 0x10000)
src frame 62: srcf=4 off=252 br=16000
frame 62: send=0x0 get=0x0 len=2362 coding=1 startqp=0 meanqp=0 picbytes=0 pskip=0 nalus=1 n1:2362
  cu: inter64=0 inter32=0 inter16=0 inter8=0 intra32=0 intra16=0 intra8=0 intra4=0 reftype=0
  snapshot f062: 3 venc_ko blocks (pool0 0x73801000 len 0x10000)
src frame 63: srcf=5 off=256 br=16000
frame 63: send=0x0 get=0x0 len=2017 coding=1 startqp=0 meanqp=0 picbytes=0 pskip=0 nalus=1 n1:2017
  cu: inter64=0 inter32=0 inter16=0 inter8=0 intra32=0 intra16=0 intra8=0 intra4=0 reftype=0
  snapshot f063: 3 venc_ko blocks (pool0 0x73801000 len 0x10000)
src frame 64: srcf=6 off=260 br=16000
frame 64: send=0x0 get=0x0 len=1942 coding=1 startqp=0 meanqp=0 picbytes=0 pskip=0 nalus=1 n1:1942
  cu: inter64=0 inter32=0 inter16=0 inter8=0 intra32=0 intra16=0 intra8=0 intra4=0 reftype=0
  snapshot f064: 3 venc_ko blocks (pool0 0x73801000 len 0x10000)
src frame 65: srcf=7 off=264 br=16000
frame 65: send=0x0 get=0x0 len=1400 coding=1 startqp=0 meanqp=0 picbytes=0 pskip=0 nalus=1 n1:1400
  cu: inter64=0 inter32=0 inter16=0 inter8=0 intra32=0 intra16=0 intra8=0 intra4=0 reftype=0
  snapshot f065: 3 venc_ko blocks (pool0 0x73801000 len 0x10000)
src frame 66: srcf=8 off=268 br=16000
frame 66: send=0x0 get=0x0 len=1486 coding=1 startqp=0 meanqp=0 picbytes=0 pskip=0 nalus=1 n1:1486
  cu: inter64=0 inter32=0 inter16=0 inter8=0 intra32=0 intra16=0 intra8=0 intra4=0 reftype=0
  snapshot f066: 3 venc_ko blocks (pool0 0x73801000 len 0x10000)
src frame 67: srcf=9 off=272 br=16000
frame 67: send=0x0 get=0x0 len=1408 coding=1 startqp=0 meanqp=0 picbytes=0 pskip=0 nalus=1 n1:1408
  cu: inter64=0 inter32=0 inter16=0 inter8=0 intra32=0 intra16=0 intra8=0 intra4=0 reftype=0
  snapshot f067: 3 venc_ko blocks (pool0 0x73801000 len 0x10000)
src frame 68: srcf=10 off=276 br=16000
frame 68: send=0x0 get=0x0 len=1493 coding=1 startqp=0 meanqp=0 picbytes=0 pskip=0 nalus=1 n1:1493
  cu: inter64=0 inter32=0 inter16=0 inter8=0 intra32=0 intra16=0 intra8=0 intra4=0 reftype=0
  snapshot f068: 3 venc_ko blocks (pool0 0x73801000 len 0x10000)
src frame 69: srcf=11 off=280 br=16000
frame 69: send=0x0 get=0x0 len=1481 coding=1 startqp=0 meanqp=0 picbytes=0 pskip=0 nalus=1 n1:1481
  cu: inter64=0 inter32=0 inter16=0 inter8=0 intra32=0 intra16=0 intra8=0 intra4=0 reftype=0
  snapshot f069: 3 venc_ko blocks (pool0 0x73801000 len 0x10000)
src frame 70: srcf=12 off=284 br=16000
frame 70: send=0x0 get=0x0 len=1623 coding=1 startqp=0 meanqp=0 picbytes=0 pskip=0 nalus=1 n1:1623
  cu: inter64=0 inter32=0 inter16=0 inter8=0 intra32=0 intra16=0 intra8=0 intra4=0 reftype=0
  snapshot f070: 3 venc_ko blocks (pool0 0x73801000 len 0x10000)
src frame 71: srcf=13 off=288 br=16000
frame 71: send=0x0 get=0x0 len=2016 coding=1 startqp=0 meanqp=0 picbytes=0 pskip=0 nalus=1 n1:2016
  cu: inter64=0 inter32=0 inter16=0 inter8=0 intra32=0 intra16=0 intra8=0 intra4=0 reftype=0
  snapshot f071: 3 venc_ko blocks (pool0 0x73801000 len 0x10000)
src frame 72: srcf=14 off=292 br=16000
frame 72: send=0x0 get=0x0 len=1880 coding=1 startqp=0 meanqp=0 picbytes=0 pskip=0 nalus=1 n1:1880
  cu: inter64=0 inter32=0 inter16=0 inter8=0 intra32=0 intra16=0 intra8=0 intra4=0 reftype=0
  snapshot f072: 3 venc_ko blocks (pool0 0x73801000 len 0x10000)
src frame 73: srcf=15 off=296 br=16000
frame 73: send=0x0 get=0x0 len=1785 coding=1 startqp=0 meanqp=0 picbytes=0 pskip=0 nalus=1 n1:1785
  cu: inter64=0 inter32=0 inter16=0 inter8=0 intra32=0 intra16=0 intra8=0 intra4=0 reftype=0
  snapshot f073: 3 venc_ko blocks (pool0 0x73801000 len 0x10000)
src frame 74: srcf=16 off=300 br=16000
frame 74: send=0x0 get=0x0 len=1229 coding=1 startqp=0 meanqp=0 picbytes=0 pskip=0 nalus=1 n1:1229
  cu: inter64=0 inter32=0 inter16=0 inter8=0 intra32=0 intra16=0 intra8=0 intra4=0 reftype=0
  snapshot f074: 3 venc_ko blocks (pool0 0x73801000 len 0x10000)
src frame 75: srcf=17 off=304 br=16000
frame 75: send=0x0 get=0x0 len=1195 coding=1 startqp=0 meanqp=0 picbytes=0 pskip=0 nalus=1 n1:1195
  cu: inter64=0 inter32=0 inter16=0 inter8=0 intra32=0 intra16=0 intra8=0 intra4=0 reftype=0
  snapshot f075: 3 venc_ko blocks (pool0 0x73801000 len 0x10000)
src frame 76: srcf=18 off=308 br=16000
frame 76: send=0x0 get=0x0 len=1318 coding=1 startqp=0 meanqp=0 picbytes=0 pskip=0 nalus=1 n1:1318
  cu: inter64=0 inter32=0 inter16=0 inter8=0 intra32=0 intra16=0 intra8=0 intra4=0 reftype=0
  snapshot f076: 3 venc_ko blocks (pool0 0x73801000 len 0x10000)
src frame 77: srcf=19 off=312 br=16000
frame 77: send=0x0 get=0x0 len=1196 coding=1 startqp=0 meanqp=0 picbytes=0 pskip=0 nalus=1 n1:1196
  cu: inter64=0 inter32=0 inter16=0 inter8=0 intra32=0 intra16=0 intra8=0 intra4=0 reftype=0
  snapshot f077: 3 venc_ko blocks (pool0 0x73801000 len 0x10000)
src frame 78: srcf=20 off=316 br=16000
frame 78: send=0x0 get=0x0 len=1205 coding=1 startqp=0 meanqp=0 picbytes=0 pskip=0 nalus=1 n1:1205
  cu: inter64=0 inter32=0 inter16=0 inter8=0 intra32=0 intra16=0 intra8=0 intra4=0 reftype=0
  snapshot f078: 3 venc_ko blocks (pool0 0x73801000 len 0x10000)
src frame 79: srcf=21 off=320 br=16000
frame 79: send=0x0 get=0x0 len=1790 coding=1 startqp=0 meanqp=0 picbytes=0 pskip=0 nalus=1 n1:1790
  cu: inter64=0 inter32=0 inter16=0 inter8=0 intra32=0 intra16=0 intra8=0 intra4=0 reftype=0
  snapshot f079: 3 venc_ko blocks (pool0 0x73801000 len 0x10000)
src frame 80: srcf=22 off=324 br=16000
frame 80: send=0x0 get=0x0 len=2046 coding=1 startqp=0 meanqp=0 picbytes=0 pskip=0 nalus=1 n1:2046
  cu: inter64=0 inter32=0 inter16=0 inter8=0 intra32=0 intra16=0 intra8=0 intra4=0 reftype=0
  snapshot f080: 3 venc_ko blocks (pool0 0x73801000 len 0x10000)
src frame 81: srcf=23 off=328 br=16000
frame 81: send=0x0 get=0x0 len=2525 coding=1 startqp=0 meanqp=0 picbytes=0 pskip=0 nalus=1 n1:2525
  cu: inter64=0 inter32=0 inter16=0 inter8=0 intra32=0 intra16=0 intra8=0 intra4=0 reftype=0
  snapshot f081: 3 venc_ko blocks (pool0 0x73801000 len 0x10000)
src frame 82: srcf=24 off=332 br=16000
frame 82: send=0x0 get=0x0 len=2112 coding=1 startqp=0 meanqp=0 picbytes=0 pskip=0 nalus=1 n1:2112
  cu: inter64=0 inter32=0 inter16=0 inter8=0 intra32=0 intra16=0 intra8=0 intra4=0 reftype=0
  snapshot f082: 3 venc_ko blocks (pool0 0x73801000 len 0x10000)
src frame 83: srcf=25 off=336 br=16000
frame 83: send=0x0 get=0x0 len=1549 coding=1 startqp=0 meanqp=0 picbytes=0 pskip=0 nalus=1 n1:1549
  cu: inter64=0 inter32=0 inter16=0 inter8=0 intra32=0 intra16=0 intra8=0 intra4=0 reftype=0
  snapshot f083: 3 venc_ko blocks (pool0 0x73801000 len 0x10000)
src frame 84: srcf=26 off=340 br=16000
frame 84: send=0x0 get=0x0 len=1418 coding=1 startqp=0 meanqp=0 picbytes=0 pskip=0 nalus=1 n1:1418
  cu: inter64=0 inter32=0 inter16=0 inter8=0 intra32=0 intra16=0 intra8=0 intra4=0 reftype=0
  snapshot f084: 3 venc_ko blocks (pool0 0x73801000 len 0x10000)
src frame 85: srcf=27 off=344 br=16000
frame 85: send=0x0 get=0x0 len=1414 coding=1 startqp=0 meanqp=0 picbytes=0 pskip=0 nalus=1 n1:1414
  cu: inter64=0 inter32=0 inter16=0 inter8=0 intra32=0 intra16=0 intra8=0 intra4=0 reftype=0
  snapshot f085: 3 venc_ko blocks (pool0 0x73801000 len 0x10000)
src frame 86: srcf=28 off=348 br=16000
frame 86: send=0x0 get=0x0 len=1382 coding=1 startqp=0 meanqp=0 picbytes=0 pskip=0 nalus=1 n1:1382
  cu: inter64=0 inter32=0 inter16=0 inter8=0 intra32=0 intra16=0 intra8=0 intra4=0 reftype=0
  snapshot f086: 3 venc_ko blocks (pool0 0x73801000 len 0x10000)
src frame 87: srcf=29 off=352 br=16000
frame 87: send=0x0 get=0x0 len=1497 coding=1 startqp=0 meanqp=0 picbytes=0 pskip=0 nalus=1 n1:1497
  cu: inter64=0 inter32=0 inter16=0 inter8=0 intra32=0 intra16=0 intra8=0 intra4=0 reftype=0
  snapshot f087: 3 venc_ko blocks (pool0 0x73801000 len 0x10000)
src frame 88: srcf=28 off=356 br=16000
frame 88: send=0x0 get=0x0 len=1506 coding=1 startqp=0 meanqp=0 picbytes=0 pskip=0 nalus=1 n1:1506
  cu: inter64=0 inter32=0 inter16=0 inter8=0 intra32=0 intra16=0 intra8=0 intra4=0 reftype=0
  snapshot f088: 3 venc_ko blocks (pool0 0x73801000 len 0x10000)
src frame 89: srcf=27 off=360 br=16000
frame 89: send=0x0 get=0x0 len=1740 coding=1 startqp=0 meanqp=0 picbytes=0 pskip=0 nalus=1 n1:1740
  cu: inter64=0 inter32=0 inter16=0 inter8=0 intra32=0 intra16=0 intra8=0 intra4=0 reftype=0
  snapshot f089: 3 venc_ko blocks (pool0 0x73801000 len 0x10000)
src frame 90: srcf=26 off=364 br=16000
frame 90: send=0x0 get=0x0 len=77646 coding=0 startqp=0 meanqp=0 picbytes=0 pskip=0 nalus=4 n32:27 n33:53 n34:11 n19:77555
  cu: inter64=0 inter32=0 inter16=0 inter8=0 intra32=0 intra16=0 intra8=0 intra4=0 reftype=0
  snapshot f090: 3 venc_ko blocks (pool0 0x73801000 len 0x10000)
src frame 91: srcf=25 off=368 br=16000
frame 91: send=0x0 get=0x0 len=2520 coding=1 startqp=0 meanqp=0 picbytes=0 pskip=0 nalus=1 n1:2520
  cu: inter64=0 inter32=0 inter16=0 inter8=0 intra32=0 intra16=0 intra8=0 intra4=0 reftype=0
  snapshot f091: 3 venc_ko blocks (pool0 0x73801000 len 0x10000)
src frame 92: srcf=24 off=372 br=16000
frame 92: send=0x0 get=0x0 len=1921 coding=1 startqp=0 meanqp=0 picbytes=0 pskip=0 nalus=1 n1:1921
  cu: inter64=0 inter32=0 inter16=0 inter8=0 intra32=0 intra16=0 intra8=0 intra4=0 reftype=0
  snapshot f092: 3 venc_ko blocks (pool0 0x73801000 len 0x10000)
src frame 93: srcf=23 off=376 br=16000
frame 93: send=0x0 get=0x0 len=1339 coding=1 startqp=0 meanqp=0 picbytes=0 pskip=0 nalus=1 n1:1339
  cu: inter64=0 inter32=0 inter16=0 inter8=0 intra32=0 intra16=0 intra8=0 intra4=0 reftype=0
  snapshot f093: 3 venc_ko blocks (pool0 0x73801000 len 0x10000)
src frame 94: srcf=22 off=380 br=16000
frame 94: send=0x0 get=0x0 len=1181 coding=1 startqp=0 meanqp=0 picbytes=0 pskip=0 nalus=1 n1:1181
  cu: inter64=0 inter32=0 inter16=0 inter8=0 intra32=0 intra16=0 intra8=0 intra4=0 reftype=0
  snapshot f094: 3 venc_ko blocks (pool0 0x73801000 len 0x10000)
src frame 95: srcf=21 off=384 br=16000
frame 95: send=0x0 get=0x0 len=1363 coding=1 startqp=0 meanqp=0 picbytes=0 pskip=0 nalus=1 n1:1363
  cu: inter64=0 inter32=0 inter16=0 inter8=0 intra32=0 intra16=0 intra8=0 intra4=0 reftype=0
  snapshot f095: 3 venc_ko blocks (pool0 0x73801000 len 0x10000)
src frame 96: srcf=20 off=388 br=16000
frame 96: send=0x0 get=0x0 len=1318 coding=1 startqp=0 meanqp=0 picbytes=0 pskip=0 nalus=1 n1:1318
  cu: inter64=0 inter32=0 inter16=0 inter8=0 intra32=0 intra16=0 intra8=0 intra4=0 reftype=0
  snapshot f096: 3 venc_ko blocks (pool0 0x73801000 len 0x10000)
src frame 97: srcf=19 off=392 br=16000
frame 97: send=0x0 get=0x0 len=1194 coding=1 startqp=0 meanqp=0 picbytes=0 pskip=0 nalus=1 n1:1194
  cu: inter64=0 inter32=0 inter16=0 inter8=0 intra32=0 intra16=0 intra8=0 intra4=0 reftype=0
  snapshot f097: 3 venc_ko blocks (pool0 0x73801000 len 0x10000)
src frame 98: srcf=18 off=396 br=16000
frame 98: send=0x0 get=0x0 len=1367 coding=1 startqp=0 meanqp=0 picbytes=0 pskip=0 nalus=1 n1:1367
  cu: inter64=0 inter32=0 inter16=0 inter8=0 intra32=0 intra16=0 intra8=0 intra4=0 reftype=0
  snapshot f098: 3 venc_ko blocks (pool0 0x73801000 len 0x10000)
src frame 99: srcf=17 off=400 br=16000
frame 99: send=0x0 get=0x0 len=1774 coding=1 startqp=0 meanqp=0 picbytes=0 pskip=0 nalus=1 n1:1774
  cu: inter64=0 inter32=0 inter16=0 inter8=0 intra32=0 intra16=0 intra8=0 intra4=0 reftype=0
  snapshot f099: 3 venc_ko blocks (pool0 0x73801000 len 0x10000)
src frame 100: srcf=16 off=404 br=16000
frame 100: send=0x0 get=0x0 len=1639 coding=1 startqp=0 meanqp=0 picbytes=0 pskip=0 nalus=1 n1:1639
  cu: inter64=0 inter32=0 inter16=0 inter8=0 intra32=0 intra16=0 intra8=0 intra4=0 reftype=0
  snapshot f100: 3 venc_ko blocks (pool0 0x73801000 len 0x10000)
src frame 101: srcf=15 off=408 br=16000
frame 101: send=0x0 get=0x0 len=1903 coding=1 startqp=0 meanqp=0 picbytes=0 pskip=0 nalus=1 n1:1903
  cu: inter64=0 inter32=0 inter16=0 inter8=0 intra32=0 intra16=0 intra8=0 intra4=0 reftype=0
  snapshot f101: 3 venc_ko blocks (pool0 0x73801000 len 0x10000)
src frame 102: srcf=14 off=412 br=16000
frame 102: send=0x0 get=0x0 len=1978 coding=1 startqp=0 meanqp=0 picbytes=0 pskip=0 nalus=1 n1:1978
  cu: inter64=0 inter32=0 inter16=0 inter8=0 intra32=0 intra16=0 intra8=0 intra4=0 reftype=0
  snapshot f102: 3 venc_ko blocks (pool0 0x73801000 len 0x10000)
src frame 103: srcf=13 off=416 br=16000
frame 103: send=0x0 get=0x0 len=2257 coding=1 startqp=0 meanqp=0 picbytes=0 pskip=0 nalus=1 n1:2257
  cu: inter64=0 inter32=0 inter16=0 inter8=0 intra32=0 intra16=0 intra8=0 intra4=0 reftype=0
  snapshot f103: 3 venc_ko blocks (pool0 0x73801000 len 0x10000)
src frame 104: srcf=12 off=420 br=16000
frame 104: send=0x0 get=0x0 len=1409 coding=1 startqp=0 meanqp=0 picbytes=0 pskip=0 nalus=1 n1:1409
  cu: inter64=0 inter32=0 inter16=0 inter8=0 intra32=0 intra16=0 intra8=0 intra4=0 reftype=0
  snapshot f104: 3 venc_ko blocks (pool0 0x73801000 len 0x10000)
src frame 105: srcf=11 off=424 br=16000
frame 105: send=0x0 get=0x0 len=1442 coding=1 startqp=0 meanqp=0 picbytes=0 pskip=0 nalus=1 n1:1442
  cu: inter64=0 inter32=0 inter16=0 inter8=0 intra32=0 intra16=0 intra8=0 intra4=0 reftype=0
  snapshot f105: 3 venc_ko blocks (pool0 0x73801000 len 0x10000)
src frame 106: srcf=10 off=428 br=16000
frame 106: send=0x0 get=0x0 len=1273 coding=1 startqp=0 meanqp=0 picbytes=0 pskip=0 nalus=1 n1:1273
  cu: inter64=0 inter32=0 inter16=0 inter8=0 intra32=0 intra16=0 intra8=0 intra4=0 reftype=0
  snapshot f106: 3 venc_ko blocks (pool0 0x73801000 len 0x10000)
src frame 107: srcf=9 off=432 br=16000
frame 107: send=0x0 get=0x0 len=1524 coding=1 startqp=0 meanqp=0 picbytes=0 pskip=0 nalus=1 n1:1524
  cu: inter64=0 inter32=0 inter16=0 inter8=0 intra32=0 intra16=0 intra8=0 intra4=0 reftype=0
  snapshot f107: 3 venc_ko blocks (pool0 0x73801000 len 0x10000)
src frame 108: srcf=8 off=436 br=16000
frame 108: send=0x0 get=0x0 len=1566 coding=1 startqp=0 meanqp=0 picbytes=0 pskip=0 nalus=1 n1:1566
  cu: inter64=0 inter32=0 inter16=0 inter8=0 intra32=0 intra16=0 intra8=0 intra4=0 reftype=0
  snapshot f108: 3 venc_ko blocks (pool0 0x73801000 len 0x10000)
src frame 109: srcf=7 off=440 br=16000
frame 109: send=0x0 get=0x0 len=1513 coding=1 startqp=0 meanqp=0 picbytes=0 pskip=0 nalus=1 n1:1513
  cu: inter64=0 inter32=0 inter16=0 inter8=0 intra32=0 intra16=0 intra8=0 intra4=0 reftype=0
  snapshot f109: 3 venc_ko blocks (pool0 0x73801000 len 0x10000)
src frame 110: srcf=6 off=444 br=16000
frame 110: send=0x0 get=0x0 len=1892 coding=1 startqp=0 meanqp=0 picbytes=0 pskip=0 nalus=1 n1:1892
  cu: inter64=0 inter32=0 inter16=0 inter8=0 intra32=0 intra16=0 intra8=0 intra4=0 reftype=0
  snapshot f110: 3 venc_ko blocks (pool0 0x73801000 len 0x10000)
src frame 111: srcf=5 off=448 br=16000
frame 111: send=0x0 get=0x0 len=2605 coding=1 startqp=0 meanqp=0 picbytes=0 pskip=0 nalus=1 n1:2605
  cu: inter64=0 inter32=0 inter16=0 inter8=0 intra32=0 intra16=0 intra8=0 intra4=0 reftype=0
  snapshot f111: 3 venc_ko blocks (pool0 0x73801000 len 0x10000)
src frame 112: srcf=4 off=452 br=16000
frame 112: send=0x0 get=0x0 len=2058 coding=1 startqp=0 meanqp=0 picbytes=0 pskip=0 nalus=1 n1:2058
  cu: inter64=0 inter32=0 inter16=0 inter8=0 intra32=0 intra16=0 intra8=0 intra4=0 reftype=0
  snapshot f112: 3 venc_ko blocks (pool0 0x73801000 len 0x10000)
src frame 113: srcf=3 off=456 br=16000
frame 113: send=0x0 get=0x0 len=2498 coding=1 startqp=0 meanqp=0 picbytes=0 pskip=0 nalus=1 n1:2498
  cu: inter64=0 inter32=0 inter16=0 inter8=0 intra32=0 intra16=0 intra8=0 intra4=0 reftype=0
  snapshot f113: 3 venc_ko blocks (pool0 0x73801000 len 0x10000)
src frame 114: srcf=2 off=460 br=16000
frame 114: send=0x0 get=0x0 len=1337 coding=1 startqp=0 meanqp=0 picbytes=0 pskip=0 nalus=1 n1:1337
  cu: inter64=0 inter32=0 inter16=0 inter8=0 intra32=0 intra16=0 intra8=0 intra4=0 reftype=0
  snapshot f114: 3 venc_ko blocks (pool0 0x73801000 len 0x10000)
src frame 115: srcf=1 off=464 br=16000
frame 115: send=0x0 get=0x0 len=1469 coding=1 startqp=0 meanqp=0 picbytes=0 pskip=0 nalus=1 n1:1469
  cu: inter64=0 inter32=0 inter16=0 inter8=0 intra32=0 intra16=0 intra8=0 intra4=0 reftype=0
  snapshot f115: 3 venc_ko blocks (pool0 0x73801000 len 0x10000)
src frame 116: srcf=0 off=468 br=16000
frame 116: send=0x0 get=0x0 len=1380 coding=1 startqp=0 meanqp=0 picbytes=0 pskip=0 nalus=1 n1:1380
  cu: inter64=0 inter32=0 inter16=0 inter8=0 intra32=0 intra16=0 intra8=0 intra4=0 reftype=0
  snapshot f116: 3 venc_ko blocks (pool0 0x73801000 len 0x10000)
src frame 117: srcf=1 off=472 br=16000
frame 117: send=0x0 get=0x0 len=1653 coding=1 startqp=0 meanqp=0 picbytes=0 pskip=0 nalus=1 n1:1653
  cu: inter64=0 inter32=0 inter16=0 inter8=0 intra32=0 intra16=0 intra8=0 intra4=0 reftype=0
  snapshot f117: 3 venc_ko blocks (pool0 0x73801000 len 0x10000)
src frame 118: srcf=2 off=476 br=16000
frame 118: send=0x0 get=0x0 len=1740 coding=1 startqp=0 meanqp=0 picbytes=0 pskip=0 nalus=1 n1:1740
  cu: inter64=0 inter32=0 inter16=0 inter8=0 intra32=0 intra16=0 intra8=0 intra4=0 reftype=0
  snapshot f118: 3 venc_ko blocks (pool0 0x73801000 len 0x10000)
src frame 119: srcf=3 off=480 br=16000
frame 119: send=0x0 get=0x0 len=1975 coding=1 startqp=0 meanqp=0 picbytes=0 pskip=0 nalus=1 n1:1975
  cu: inter64=0 inter32=0 inter16=0 inter8=0 intra32=0 intra16=0 intra8=0 intra4=0 reftype=0
  snapshot f119: 3 venc_ko blocks (pool0 0x73801000 len 0x10000)
src frame 120: srcf=4 off=484 br=16000
frame 120: send=0x0 get=0x0 len=78019 coding=0 startqp=0 meanqp=0 picbytes=0 pskip=0 nalus=4 n32:27 n33:53 n34:11 n19:77928
  cu: inter64=0 inter32=0 inter16=0 inter8=0 intra32=0 intra16=0 intra8=0 intra4=0 reftype=0
  snapshot f120: 3 venc_ko blocks (pool0 0x73801000 len 0x10000)
src frame 121: srcf=5 off=488 br=16000
frame 121: send=0x0 get=0x0 len=2308 coding=1 startqp=0 meanqp=0 picbytes=0 pskip=0 nalus=1 n1:2308
  cu: inter64=0 inter32=0 inter16=0 inter8=0 intra32=0 intra16=0 intra8=0 intra4=0 reftype=0
  snapshot f121: 3 venc_ko blocks (pool0 0x73801000 len 0x10000)
src frame 122: srcf=6 off=492 br=16000
frame 122: send=0x0 get=0x0 len=1853 coding=1 startqp=0 meanqp=0 picbytes=0 pskip=0 nalus=1 n1:1853
  cu: inter64=0 inter32=0 inter16=0 inter8=0 intra32=0 intra16=0 intra8=0 intra4=0 reftype=0
  snapshot f122: 3 venc_ko blocks (pool0 0x73801000 len 0x10000)
src frame 123: srcf=7 off=496 br=16000
frame 123: send=0x0 get=0x0 len=1454 coding=1 startqp=0 meanqp=0 picbytes=0 pskip=0 nalus=1 n1:1454
  cu: inter64=0 inter32=0 inter16=0 inter8=0 intra32=0 intra16=0 intra8=0 intra4=0 reftype=0
  snapshot f123: 3 venc_ko blocks (pool0 0x73801000 len 0x10000)
src frame 124: srcf=8 off=500 br=16000
frame 124: send=0x0 get=0x0 len=1231 coding=1 startqp=0 meanqp=0 picbytes=0 pskip=0 nalus=1 n1:1231
  cu: inter64=0 inter32=0 inter16=0 inter8=0 intra32=0 intra16=0 intra8=0 intra4=0 reftype=0
  snapshot f124: 3 venc_ko blocks (pool0 0x73801000 len 0x10000)
src frame 125: srcf=9 off=504 br=16000
frame 125: send=0x0 get=0x0 len=1270 coding=1 startqp=0 meanqp=0 picbytes=0 pskip=0 nalus=1 n1:1270
  cu: inter64=0 inter32=0 inter16=0 inter8=0 intra32=0 intra16=0 intra8=0 intra4=0 reftype=0
  snapshot f125: 3 venc_ko blocks (pool0 0x73801000 len 0x10000)
src frame 126: srcf=10 off=508 br=16000
frame 126: send=0x0 get=0x0 len=1228 coding=1 startqp=0 meanqp=0 picbytes=0 pskip=0 nalus=1 n1:1228
  cu: inter64=0 inter32=0 inter16=0 inter8=0 intra32=0 intra16=0 intra8=0 intra4=0 reftype=0
  snapshot f126: 3 venc_ko blocks (pool0 0x73801000 len 0x10000)
src frame 127: srcf=11 off=512 br=16000
frame 127: send=0x0 get=0x0 len=1564 coding=1 startqp=0 meanqp=0 picbytes=0 pskip=0 nalus=1 n1:1564
  cu: inter64=0 inter32=0 inter16=0 inter8=0 intra32=0 intra16=0 intra8=0 intra4=0 reftype=0
  snapshot f127: 3 venc_ko blocks (pool0 0x73801000 len 0x10000)
src frame 128: srcf=12 off=516 br=16000
frame 128: send=0x0 get=0x0 len=1424 coding=1 startqp=0 meanqp=0 picbytes=0 pskip=0 nalus=1 n1:1424
  cu: inter64=0 inter32=0 inter16=0 inter8=0 intra32=0 intra16=0 intra8=0 intra4=0 reftype=0
  snapshot f128: 3 venc_ko blocks (pool0 0x73801000 len 0x10000)
src frame 129: srcf=13 off=520 br=16000
frame 129: send=0x0 get=0x0 len=1397 coding=1 startqp=0 meanqp=0 picbytes=0 pskip=0 nalus=1 n1:1397
  cu: inter64=0 inter32=0 inter16=0 inter8=0 intra32=0 intra16=0 intra8=0 intra4=0 reftype=0
  snapshot f129: 3 venc_ko blocks (pool0 0x73801000 len 0x10000)
src frame 130: srcf=14 off=524 br=16000
frame 130: send=0x0 get=0x0 len=1312 coding=1 startqp=0 meanqp=0 picbytes=0 pskip=0 nalus=1 n1:1312
  cu: inter64=0 inter32=0 inter16=0 inter8=0 intra32=0 intra16=0 intra8=0 intra4=0 reftype=0
  snapshot f130: 3 venc_ko blocks (pool0 0x73801000 len 0x10000)
src frame 131: srcf=15 off=528 br=16000
frame 131: send=0x0 get=0x0 len=1338 coding=1 startqp=0 meanqp=0 picbytes=0 pskip=0 nalus=1 n1:1338
  cu: inter64=0 inter32=0 inter16=0 inter8=0 intra32=0 intra16=0 intra8=0 intra4=0 reftype=0
  snapshot f131: 3 venc_ko blocks (pool0 0x73801000 len 0x10000)
src frame 132: srcf=16 off=532 br=16000
frame 132: send=0x0 get=0x0 len=1345 coding=1 startqp=0 meanqp=0 picbytes=0 pskip=0 nalus=1 n1:1345
  cu: inter64=0 inter32=0 inter16=0 inter8=0 intra32=0 intra16=0 intra8=0 intra4=0 reftype=0
  snapshot f132: 3 venc_ko blocks (pool0 0x73801000 len 0x10000)
src frame 133: srcf=17 off=536 br=16000
frame 133: send=0x0 get=0x0 len=1795 coding=1 startqp=0 meanqp=0 picbytes=0 pskip=0 nalus=1 n1:1795
  cu: inter64=0 inter32=0 inter16=0 inter8=0 intra32=0 intra16=0 intra8=0 intra4=0 reftype=0
  snapshot f133: 3 venc_ko blocks (pool0 0x73801000 len 0x10000)
src frame 134: srcf=18 off=540 br=16000
frame 134: send=0x0 get=0x0 len=2654 coding=1 startqp=0 meanqp=0 picbytes=0 pskip=0 nalus=1 n1:2654
  cu: inter64=0 inter32=0 inter16=0 inter8=0 intra32=0 intra16=0 intra8=0 intra4=0 reftype=0
  snapshot f134: 3 venc_ko blocks (pool0 0x73801000 len 0x10000)
src frame 135: srcf=19 off=544 br=16000
frame 135: send=0x0 get=0x0 len=2641 coding=1 startqp=0 meanqp=0 picbytes=0 pskip=0 nalus=1 n1:2641
  cu: inter64=0 inter32=0 inter16=0 inter8=0 intra32=0 intra16=0 intra8=0 intra4=0 reftype=0
  snapshot f135: 3 venc_ko blocks (pool0 0x73801000 len 0x10000)
src frame 136: srcf=20 off=548 br=16000
frame 136: send=0x0 get=0x0 len=2214 coding=1 startqp=0 meanqp=0 picbytes=0 pskip=0 nalus=1 n1:2214
  cu: inter64=0 inter32=0 inter16=0 inter8=0 intra32=0 intra16=0 intra8=0 intra4=0 reftype=0
  snapshot f136: 3 venc_ko blocks (pool0 0x73801000 len 0x10000)
src frame 137: srcf=21 off=552 br=16000
frame 137: send=0x0 get=0x0 len=1821 coding=1 startqp=0 meanqp=0 picbytes=0 pskip=0 nalus=1 n1:1821
  cu: inter64=0 inter32=0 inter16=0 inter8=0 intra32=0 intra16=0 intra8=0 intra4=0 reftype=0
  snapshot f137: 3 venc_ko blocks (pool0 0x73801000 len 0x10000)
src frame 138: srcf=22 off=556 br=16000
frame 138: send=0x0 get=0x0 len=1399 coding=1 startqp=0 meanqp=0 picbytes=0 pskip=0 nalus=1 n1:1399
  cu: inter64=0 inter32=0 inter16=0 inter8=0 intra32=0 intra16=0 intra8=0 intra4=0 reftype=0
  snapshot f138: 3 venc_ko blocks (pool0 0x73801000 len 0x10000)
src frame 139: srcf=23 off=560 br=16000
frame 139: send=0x0 get=0x0 len=1311 coding=1 startqp=0 meanqp=0 picbytes=0 pskip=0 nalus=1 n1:1311
  cu: inter64=0 inter32=0 inter16=0 inter8=0 intra32=0 intra16=0 intra8=0 intra4=0 reftype=0
  snapshot f139: 3 venc_ko blocks (pool0 0x73801000 len 0x10000)
src frame 140: srcf=24 off=564 br=16000
frame 140: send=0x0 get=0x0 len=1043 coding=1 startqp=0 meanqp=0 picbytes=0 pskip=0 nalus=1 n1:1043
  cu: inter64=0 inter32=0 inter16=0 inter8=0 intra32=0 intra16=0 intra8=0 intra4=0 reftype=0
  snapshot f140: 3 venc_ko blocks (pool0 0x73801000 len 0x10000)
src frame 141: srcf=25 off=568 br=16000
frame 141: send=0x0 get=0x0 len=1097 coding=1 startqp=0 meanqp=0 picbytes=0 pskip=0 nalus=1 n1:1097
  cu: inter64=0 inter32=0 inter16=0 inter8=0 intra32=0 intra16=0 intra8=0 intra4=0 reftype=0
  snapshot f141: 3 venc_ko blocks (pool0 0x73801000 len 0x10000)
src frame 142: srcf=26 off=572 br=16000
frame 142: send=0x0 get=0x0 len=1259 coding=1 startqp=0 meanqp=0 picbytes=0 pskip=0 nalus=1 n1:1259
  cu: inter64=0 inter32=0 inter16=0 inter8=0 intra32=0 intra16=0 intra8=0 intra4=0 reftype=0
  snapshot f142: 3 venc_ko blocks (pool0 0x73801000 len 0x10000)
src frame 143: srcf=27 off=576 br=16000
frame 143: send=0x0 get=0x0 len=1833 coding=1 startqp=0 meanqp=0 picbytes=0 pskip=0 nalus=1 n1:1833
  cu: inter64=0 inter32=0 inter16=0 inter8=0 intra32=0 intra16=0 intra8=0 intra4=0 reftype=0
  snapshot f143: 3 venc_ko blocks (pool0 0x73801000 len 0x10000)
src frame 144: srcf=28 off=580 br=16000
frame 144: send=0x0 get=0x0 len=1669 coding=1 startqp=0 meanqp=0 picbytes=0 pskip=0 nalus=1 n1:1669
  cu: inter64=0 inter32=0 inter16=0 inter8=0 intra32=0 intra16=0 intra8=0 intra4=0 reftype=0
  snapshot f144: 3 venc_ko blocks (pool0 0x73801000 len 0x10000)
src frame 145: srcf=29 off=584 br=16000
frame 145: send=0x0 get=0x0 len=1862 coding=1 startqp=0 meanqp=0 picbytes=0 pskip=0 nalus=1 n1:1862
  cu: inter64=0 inter32=0 inter16=0 inter8=0 intra32=0 intra16=0 intra8=0 intra4=0 reftype=0
  snapshot f145: 3 venc_ko blocks (pool0 0x73801000 len 0x10000)
src frame 146: srcf=28 off=588 br=16000
frame 146: send=0x0 get=0x0 len=1724 coding=1 startqp=0 meanqp=0 picbytes=0 pskip=0 nalus=1 n1:1724
  cu: inter64=0 inter32=0 inter16=0 inter8=0 intra32=0 intra16=0 intra8=0 intra4=0 reftype=0
  snapshot f146: 3 venc_ko blocks (pool0 0x73801000 len 0x10000)
src frame 147: srcf=27 off=592 br=16000
frame 147: send=0x0 get=0x0 len=1765 coding=1 startqp=0 meanqp=0 picbytes=0 pskip=0 nalus=1 n1:1765
  cu: inter64=0 inter32=0 inter16=0 inter8=0 intra32=0 intra16=0 intra8=0 intra4=0 reftype=0
  snapshot f147: 3 venc_ko blocks (pool0 0x73801000 len 0x10000)
src frame 148: srcf=26 off=596 br=16000
frame 148: send=0x0 get=0x0 len=1680 coding=1 startqp=0 meanqp=0 picbytes=0 pskip=0 nalus=1 n1:1680
  cu: inter64=0 inter32=0 inter16=0 inter8=0 intra32=0 intra16=0 intra8=0 intra4=0 reftype=0
  snapshot f148: 3 venc_ko blocks (pool0 0x73801000 len 0x10000)
src frame 149: srcf=25 off=600 br=16000
frame 149: send=0x0 get=0x0 len=1390 coding=1 startqp=0 meanqp=0 picbytes=0 pskip=0 nalus=1 n1:1390
  cu: inter64=0 inter32=0 inter16=0 inter8=0 intra32=0 intra16=0 intra8=0 intra4=0 reftype=0
  snapshot f149: 3 venc_ko blocks (pool0 0x73801000 len 0x10000)
src frame 150: srcf=24 off=604 br=16000
frame 150: send=0x0 get=0x0 len=77478 coding=0 startqp=0 meanqp=0 picbytes=0 pskip=0 nalus=4 n32:27 n33:53 n34:11 n19:77387
  cu: inter64=0 inter32=0 inter16=0 inter8=0 intra32=0 intra16=0 intra8=0 intra4=0 reftype=0
  snapshot f150: 3 venc_ko blocks (pool0 0x73801000 len 0x10000)
src frame 151: srcf=23 off=608 br=16000
frame 151: send=0x0 get=0x0 len=2274 coding=1 startqp=0 meanqp=0 picbytes=0 pskip=0 nalus=1 n1:2274
  cu: inter64=0 inter32=0 inter16=0 inter8=0 intra32=0 intra16=0 intra8=0 intra4=0 reftype=0
  snapshot f151: 3 venc_ko blocks (pool0 0x73801000 len 0x10000)
src frame 152: srcf=22 off=612 br=16000
frame 152: send=0x0 get=0x0 len=2706 coding=1 startqp=0 meanqp=0 picbytes=0 pskip=0 nalus=1 n1:2706
  cu: inter64=0 inter32=0 inter16=0 inter8=0 intra32=0 intra16=0 intra8=0 intra4=0 reftype=0
  snapshot f152: 3 venc_ko blocks (pool0 0x73801000 len 0x10000)
src frame 153: srcf=21 off=616 br=16000
frame 153: send=0x0 get=0x0 len=2287 coding=1 startqp=0 meanqp=0 picbytes=0 pskip=0 nalus=1 n1:2287
  cu: inter64=0 inter32=0 inter16=0 inter8=0 intra32=0 intra16=0 intra8=0 intra4=0 reftype=0
  snapshot f153: 3 venc_ko blocks (pool0 0x73801000 len 0x10000)
src frame 154: srcf=20 off=620 br=16000
frame 154: send=0x0 get=0x0 len=2072 coding=1 startqp=0 meanqp=0 picbytes=0 pskip=0 nalus=1 n1:2072
  cu: inter64=0 inter32=0 inter16=0 inter8=0 intra32=0 intra16=0 intra8=0 intra4=0 reftype=0
  snapshot f154: 3 venc_ko blocks (pool0 0x73801000 len 0x10000)
src frame 155: srcf=19 off=624 br=16000
frame 155: send=0x0 get=0x0 len=1666 coding=1 startqp=0 meanqp=0 picbytes=0 pskip=0 nalus=1 n1:1666
  cu: inter64=0 inter32=0 inter16=0 inter8=0 intra32=0 intra16=0 intra8=0 intra4=0 reftype=0
  snapshot f155: 3 venc_ko blocks (pool0 0x73801000 len 0x10000)
src frame 156: srcf=18 off=628 br=16000
frame 156: send=0x0 get=0x0 len=1603 coding=1 startqp=0 meanqp=0 picbytes=0 pskip=0 nalus=1 n1:1603
  cu: inter64=0 inter32=0 inter16=0 inter8=0 intra32=0 intra16=0 intra8=0 intra4=0 reftype=0
  snapshot f156: 3 venc_ko blocks (pool0 0x73801000 len 0x10000)
src frame 157: srcf=17 off=632 br=16000
frame 157: send=0x0 get=0x0 len=1522 coding=1 startqp=0 meanqp=0 picbytes=0 pskip=0 nalus=1 n1:1522
  cu: inter64=0 inter32=0 inter16=0 inter8=0 intra32=0 intra16=0 intra8=0 intra4=0 reftype=0
  snapshot f157: 3 venc_ko blocks (pool0 0x73801000 len 0x10000)
src frame 158: srcf=16 off=636 br=16000
frame 158: send=0x0 get=0x0 len=1239 coding=1 startqp=0 meanqp=0 picbytes=0 pskip=0 nalus=1 n1:1239
  cu: inter64=0 inter32=0 inter16=0 inter8=0 intra32=0 intra16=0 intra8=0 intra4=0 reftype=0
  snapshot f158: 3 venc_ko blocks (pool0 0x73801000 len 0x10000)
src frame 159: srcf=15 off=640 br=16000
frame 159: send=0x0 get=0x0 len=1372 coding=1 startqp=0 meanqp=0 picbytes=0 pskip=0 nalus=1 n1:1372
  cu: inter64=0 inter32=0 inter16=0 inter8=0 intra32=0 intra16=0 intra8=0 intra4=0 reftype=0
  snapshot f159: 3 venc_ko blocks (pool0 0x73801000 len 0x10000)
src frame 160: srcf=14 off=644 br=16000
frame 160: send=0x0 get=0x0 len=1343 coding=1 startqp=0 meanqp=0 picbytes=0 pskip=0 nalus=1 n1:1343
  cu: inter64=0 inter32=0 inter16=0 inter8=0 intra32=0 intra16=0 intra8=0 intra4=0 reftype=0
  snapshot f160: 3 venc_ko blocks (pool0 0x73801000 len 0x10000)
src frame 161: srcf=13 off=648 br=16000
frame 161: send=0x0 get=0x0 len=1187 coding=1 startqp=0 meanqp=0 picbytes=0 pskip=0 nalus=1 n1:1187
  cu: inter64=0 inter32=0 inter16=0 inter8=0 intra32=0 intra16=0 intra8=0 intra4=0 reftype=0
  snapshot f161: 3 venc_ko blocks (pool0 0x73801000 len 0x10000)
src frame 162: srcf=12 off=652 br=16000
frame 162: send=0x0 get=0x0 len=1169 coding=1 startqp=0 meanqp=0 picbytes=0 pskip=0 nalus=1 n1:1169
  cu: inter64=0 inter32=0 inter16=0 inter8=0 intra32=0 intra16=0 intra8=0 intra4=0 reftype=0
  snapshot f162: 3 venc_ko blocks (pool0 0x73801000 len 0x10000)
src frame 163: srcf=11 off=656 br=16000
frame 163: send=0x0 get=0x0 len=1300 coding=1 startqp=0 meanqp=0 picbytes=0 pskip=0 nalus=1 n1:1300
  cu: inter64=0 inter32=0 inter16=0 inter8=0 intra32=0 intra16=0 intra8=0 intra4=0 reftype=0
  snapshot f163: 3 venc_ko blocks (pool0 0x73801000 len 0x10000)
src frame 164: srcf=10 off=660 br=16000
frame 164: send=0x0 get=0x0 len=1275 coding=1 startqp=0 meanqp=0 picbytes=0 pskip=0 nalus=1 n1:1275
  cu: inter64=0 inter32=0 inter16=0 inter8=0 intra32=0 intra16=0 intra8=0 intra4=0 reftype=0
  snapshot f164: 3 venc_ko blocks (pool0 0x73801000 len 0x10000)
src frame 165: srcf=9 off=664 br=16000
frame 165: send=0x0 get=0x0 len=1645 coding=1 startqp=0 meanqp=0 picbytes=0 pskip=0 nalus=1 n1:1645
  cu: inter64=0 inter32=0 inter16=0 inter8=0 intra32=0 intra16=0 intra8=0 intra4=0 reftype=0
  snapshot f165: 3 venc_ko blocks (pool0 0x73801000 len 0x10000)
src frame 166: srcf=8 off=668 br=16000
frame 166: send=0x0 get=0x0 len=1607 coding=1 startqp=0 meanqp=0 picbytes=0 pskip=0 nalus=1 n1:1607
  cu: inter64=0 inter32=0 inter16=0 inter8=0 intra32=0 intra16=0 intra8=0 intra4=0 reftype=0
  snapshot f166: 3 venc_ko blocks (pool0 0x73801000 len 0x10000)
src frame 167: srcf=7 off=672 br=16000
frame 167: send=0x0 get=0x0 len=1816 coding=1 startqp=0 meanqp=0 picbytes=0 pskip=0 nalus=1 n1:1816
  cu: inter64=0 inter32=0 inter16=0 inter8=0 intra32=0 intra16=0 intra8=0 intra4=0 reftype=0
  snapshot f167: 3 venc_ko blocks (pool0 0x73801000 len 0x10000)
src frame 168: srcf=6 off=676 br=16000
frame 168: send=0x0 get=0x0 len=1267 coding=1 startqp=0 meanqp=0 picbytes=0 pskip=0 nalus=1 n1:1267
  cu: inter64=0 inter32=0 inter16=0 inter8=0 intra32=0 intra16=0 intra8=0 intra4=0 reftype=0
  snapshot f168: 3 venc_ko blocks (pool0 0x73801000 len 0x10000)
src frame 169: srcf=5 off=680 br=16000
frame 169: send=0x0 get=0x0 len=1124 coding=1 startqp=0 meanqp=0 picbytes=0 pskip=0 nalus=1 n1:1124
  cu: inter64=0 inter32=0 inter16=0 inter8=0 intra32=0 intra16=0 intra8=0 intra4=0 reftype=0
  snapshot f169: 3 venc_ko blocks (pool0 0x73801000 len 0x10000)
src frame 170: srcf=4 off=684 br=16000
frame 170: send=0x0 get=0x0 len=1058 coding=1 startqp=0 meanqp=0 picbytes=0 pskip=0 nalus=1 n1:1058
  cu: inter64=0 inter32=0 inter16=0 inter8=0 intra32=0 intra16=0 intra8=0 intra4=0 reftype=0
  snapshot f170: 3 venc_ko blocks (pool0 0x73801000 len 0x10000)
src frame 171: srcf=3 off=688 br=16000
frame 171: send=0x0 get=0x0 len=1054 coding=1 startqp=0 meanqp=0 picbytes=0 pskip=0 nalus=1 n1:1054
  cu: inter64=0 inter32=0 inter16=0 inter8=0 intra32=0 intra16=0 intra8=0 intra4=0 reftype=0
  snapshot f171: 3 venc_ko blocks (pool0 0x73801000 len 0x10000)
src frame 172: srcf=2 off=692 br=16000
frame 172: send=0x0 get=0x0 len=972 coding=1 startqp=0 meanqp=0 picbytes=0 pskip=0 nalus=1 n1:972
  cu: inter64=0 inter32=0 inter16=0 inter8=0 intra32=0 intra16=0 intra8=0 intra4=0 reftype=0
  snapshot f172: 3 venc_ko blocks (pool0 0x73801000 len 0x10000)
src frame 173: srcf=1 off=696 br=16000
frame 173: send=0x0 get=0x0 len=1092 coding=1 startqp=0 meanqp=0 picbytes=0 pskip=0 nalus=1 n1:1092
  cu: inter64=0 inter32=0 inter16=0 inter8=0 intra32=0 intra16=0 intra8=0 intra4=0 reftype=0
  snapshot f173: 3 venc_ko blocks (pool0 0x73801000 len 0x10000)
src frame 174: srcf=0 off=700 br=16000
frame 174: send=0x0 get=0x0 len=1286 coding=1 startqp=0 meanqp=0 picbytes=0 pskip=0 nalus=1 n1:1286
  cu: inter64=0 inter32=0 inter16=0 inter8=0 intra32=0 intra16=0 intra8=0 intra4=0 reftype=0
  snapshot f174: 3 venc_ko blocks (pool0 0x73801000 len 0x10000)
src frame 175: srcf=1 off=704 br=16000
frame 175: send=0x0 get=0x0 len=1548 coding=1 startqp=0 meanqp=0 picbytes=0 pskip=0 nalus=1 n1:1548
  cu: inter64=0 inter32=0 inter16=0 inter8=0 intra32=0 intra16=0 intra8=0 intra4=0 reftype=0
  snapshot f175: 3 venc_ko blocks (pool0 0x73801000 len 0x10000)
src frame 176: srcf=2 off=708 br=16000
frame 176: send=0x0 get=0x0 len=1384 coding=1 startqp=0 meanqp=0 picbytes=0 pskip=0 nalus=1 n1:1384
  cu: inter64=0 inter32=0 inter16=0 inter8=0 intra32=0 intra16=0 intra8=0 intra4=0 reftype=0
  snapshot f176: 3 venc_ko blocks (pool0 0x73801000 len 0x10000)
src frame 177: srcf=3 off=712 br=16000
frame 177: send=0x0 get=0x0 len=1204 coding=1 startqp=0 meanqp=0 picbytes=0 pskip=0 nalus=1 n1:1204
  cu: inter64=0 inter32=0 inter16=0 inter8=0 intra32=0 intra16=0 intra8=0 intra4=0 reftype=0
  snapshot f177: 3 venc_ko blocks (pool0 0x73801000 len 0x10000)
src frame 178: srcf=4 off=716 br=16000
frame 178: send=0x0 get=0x0 len=1124 coding=1 startqp=0 meanqp=0 picbytes=0 pskip=0 nalus=1 n1:1124
  cu: inter64=0 inter32=0 inter16=0 inter8=0 intra32=0 intra16=0 intra8=0 intra4=0 reftype=0
  snapshot f178: 3 venc_ko blocks (pool0 0x73801000 len 0x10000)
src frame 179: srcf=5 off=720 br=16000
frame 179: send=0x0 get=0x0 len=1214 coding=1 startqp=0 meanqp=0 picbytes=0 pskip=0 nalus=1 n1:1214
  cu: inter64=0 inter32=0 inter16=0 inter8=0 intra32=0 intra16=0 intra8=0 intra4=0 reftype=0
  snapshot f179: 3 venc_ko blocks (pool0 0x73801000 len 0x10000)
src frame 180: srcf=6 off=724 br=16000
frame 180: send=0x0 get=0x0 len=77850 coding=0 startqp=0 meanqp=0 picbytes=0 pskip=0 nalus=4 n32:27 n33:53 n34:11 n19:77759
  cu: inter64=0 inter32=0 inter16=0 inter8=0 intra32=0 intra16=0 intra8=0 intra4=0 reftype=0
  snapshot f180: 3 venc_ko blocks (pool0 0x73801000 len 0x10000)
src frame 181: srcf=7 off=728 br=16000
frame 181: send=0x0 get=0x0 len=1806 coding=1 startqp=0 meanqp=0 picbytes=0 pskip=0 nalus=1 n1:1806
  cu: inter64=0 inter32=0 inter16=0 inter8=0 intra32=0 intra16=0 intra8=0 intra4=0 reftype=0
  snapshot f181: 3 venc_ko blocks (pool0 0x73801000 len 0x10000)
src frame 182: srcf=8 off=732 br=16000
frame 182: send=0x0 get=0x0 len=1568 coding=1 startqp=0 meanqp=0 picbytes=0 pskip=0 nalus=1 n1:1568
  cu: inter64=0 inter32=0 inter16=0 inter8=0 intra32=0 intra16=0 intra8=0 intra4=0 reftype=0
  snapshot f182: 3 venc_ko blocks (pool0 0x73801000 len 0x10000)
src frame 183: srcf=9 off=736 br=16000
frame 183: send=0x0 get=0x0 len=1761 coding=1 startqp=0 meanqp=0 picbytes=0 pskip=0 nalus=1 n1:1761
  cu: inter64=0 inter32=0 inter16=0 inter8=0 intra32=0 intra16=0 intra8=0 intra4=0 reftype=0
  snapshot f183: 3 venc_ko blocks (pool0 0x73801000 len 0x10000)
src frame 184: srcf=10 off=740 br=16000
frame 184: send=0x0 get=0x0 len=1793 coding=1 startqp=0 meanqp=0 picbytes=0 pskip=0 nalus=1 n1:1793
  cu: inter64=0 inter32=0 inter16=0 inter8=0 intra32=0 intra16=0 intra8=0 intra4=0 reftype=0
  snapshot f184: 3 venc_ko blocks (pool0 0x73801000 len 0x10000)
src frame 185: srcf=11 off=744 br=16000
frame 185: send=0x0 get=0x0 len=1835 coding=1 startqp=0 meanqp=0 picbytes=0 pskip=0 nalus=1 n1:1835
  cu: inter64=0 inter32=0 inter16=0 inter8=0 intra32=0 intra16=0 intra8=0 intra4=0 reftype=0
  snapshot f185: 3 venc_ko blocks (pool0 0x73801000 len 0x10000)
src frame 186: srcf=12 off=748 br=16000
frame 186: send=0x0 get=0x0 len=1644 coding=1 startqp=0 meanqp=0 picbytes=0 pskip=0 nalus=1 n1:1644
  cu: inter64=0 inter32=0 inter16=0 inter8=0 intra32=0 intra16=0 intra8=0 intra4=0 reftype=0
  snapshot f186: 3 venc_ko blocks (pool0 0x73801000 len 0x10000)
src frame 187: srcf=13 off=752 br=16000
frame 187: send=0x0 get=0x0 len=1298 coding=1 startqp=0 meanqp=0 picbytes=0 pskip=0 nalus=1 n1:1298
  cu: inter64=0 inter32=0 inter16=0 inter8=0 intra32=0 intra16=0 intra8=0 intra4=0 reftype=0
  snapshot f187: 3 venc_ko blocks (pool0 0x73801000 len 0x10000)
src frame 188: srcf=14 off=756 br=16000
frame 188: send=0x0 get=0x0 len=1124 coding=1 startqp=0 meanqp=0 picbytes=0 pskip=0 nalus=1 n1:1124
  cu: inter64=0 inter32=0 inter16=0 inter8=0 intra32=0 intra16=0 intra8=0 intra4=0 reftype=0
  snapshot f188: 3 venc_ko blocks (pool0 0x73801000 len 0x10000)
src frame 189: srcf=15 off=760 br=16000
frame 189: send=0x0 get=0x0 len=1105 coding=1 startqp=0 meanqp=0 picbytes=0 pskip=0 nalus=1 n1:1105
  cu: inter64=0 inter32=0 inter16=0 inter8=0 intra32=0 intra16=0 intra8=0 intra4=0 reftype=0
  snapshot f189: 3 venc_ko blocks (pool0 0x73801000 len 0x10000)
src frame 190: srcf=16 off=764 br=16000
frame 190: send=0x0 get=0x0 len=1190 coding=1 startqp=0 meanqp=0 picbytes=0 pskip=0 nalus=1 n1:1190
  cu: inter64=0 inter32=0 inter16=0 inter8=0 intra32=0 intra16=0 intra8=0 intra4=0 reftype=0
  snapshot f190: 3 venc_ko blocks (pool0 0x73801000 len 0x10000)
src frame 191: srcf=17 off=768 br=16000
frame 191: send=0x0 get=0x0 len=1299 coding=1 startqp=0 meanqp=0 picbytes=0 pskip=0 nalus=1 n1:1299
  cu: inter64=0 inter32=0 inter16=0 inter8=0 intra32=0 intra16=0 intra8=0 intra4=0 reftype=0
  snapshot f191: 3 venc_ko blocks (pool0 0x73801000 len 0x10000)
src frame 192: srcf=18 off=772 br=16000
frame 192: send=0x0 get=0x0 len=1253 coding=1 startqp=0 meanqp=0 picbytes=0 pskip=0 nalus=1 n1:1253
  cu: inter64=0 inter32=0 inter16=0 inter8=0 intra32=0 intra16=0 intra8=0 intra4=0 reftype=0
  snapshot f192: 3 venc_ko blocks (pool0 0x73801000 len 0x10000)
src frame 193: srcf=19 off=776 br=16000
frame 193: send=0x0 get=0x0 len=1509 coding=1 startqp=0 meanqp=0 picbytes=0 pskip=0 nalus=1 n1:1509
  cu: inter64=0 inter32=0 inter16=0 inter8=0 intra32=0 intra16=0 intra8=0 intra4=0 reftype=0
  snapshot f193: 3 venc_ko blocks (pool0 0x73801000 len 0x10000)
src frame 194: srcf=20 off=780 br=16000
frame 194: send=0x0 get=0x0 len=1658 coding=1 startqp=0 meanqp=0 picbytes=0 pskip=0 nalus=1 n1:1658
  cu: inter64=0 inter32=0 inter16=0 inter8=0 intra32=0 intra16=0 intra8=0 intra4=0 reftype=0
  snapshot f194: 3 venc_ko blocks (pool0 0x73801000 len 0x10000)
src frame 195: srcf=21 off=784 br=16000
frame 195: send=0x0 get=0x0 len=1723 coding=1 startqp=0 meanqp=0 picbytes=0 pskip=0 nalus=1 n1:1723
  cu: inter64=0 inter32=0 inter16=0 inter8=0 intra32=0 intra16=0 intra8=0 intra4=0 reftype=0
  snapshot f195: 3 venc_ko blocks (pool0 0x73801000 len 0x10000)
src frame 196: srcf=22 off=788 br=16000
frame 196: send=0x0 get=0x0 len=1255 coding=1 startqp=0 meanqp=0 picbytes=0 pskip=0 nalus=1 n1:1255
  cu: inter64=0 inter32=0 inter16=0 inter8=0 intra32=0 intra16=0 intra8=0 intra4=0 reftype=0
  snapshot f196: 3 venc_ko blocks (pool0 0x73801000 len 0x10000)
src frame 197: srcf=23 off=792 br=16000
frame 197: send=0x0 get=0x0 len=1211 coding=1 startqp=0 meanqp=0 picbytes=0 pskip=0 nalus=1 n1:1211
  cu: inter64=0 inter32=0 inter16=0 inter8=0 intra32=0 intra16=0 intra8=0 intra4=0 reftype=0
  snapshot f197: 3 venc_ko blocks (pool0 0x73801000 len 0x10000)
src frame 198: srcf=24 off=796 br=16000
frame 198: send=0x0 get=0x0 len=1132 coding=1 startqp=0 meanqp=0 picbytes=0 pskip=0 nalus=1 n1:1132
  cu: inter64=0 inter32=0 inter16=0 inter8=0 intra32=0 intra16=0 intra8=0 intra4=0 reftype=0
  snapshot f198: 3 venc_ko blocks (pool0 0x73801000 len 0x10000)
src frame 199: srcf=25 off=800 br=16000
frame 199: send=0x0 get=0x0 len=1295 coding=1 startqp=0 meanqp=0 picbytes=0 pskip=0 nalus=1 n1:1295
  cu: inter64=0 inter32=0 inter16=0 inter8=0 intra32=0 intra16=0 intra8=0 intra4=0 reftype=0
  snapshot f199: 3 venc_ko blocks (pool0 0x73801000 len 0x10000)
src frame 200: srcf=26 off=804 br=16000
frame 200: send=0x0 get=0x0 len=1018 coding=1 startqp=0 meanqp=0 picbytes=0 pskip=0 nalus=1 n1:1018
  cu: inter64=0 inter32=0 inter16=0 inter8=0 intra32=0 intra16=0 intra8=0 intra4=0 reftype=0
  snapshot f200: 3 venc_ko blocks (pool0 0x73801000 len 0x10000)
src frame 201: srcf=27 off=808 br=16000
frame 201: send=0x0 get=0x0 len=1195 coding=1 startqp=0 meanqp=0 picbytes=0 pskip=0 nalus=1 n1:1195
  cu: inter64=0 inter32=0 inter16=0 inter8=0 intra32=0 intra16=0 intra8=0 intra4=0 reftype=0
  snapshot f201: 3 venc_ko blocks (pool0 0x73801000 len 0x10000)
src frame 202: srcf=28 off=812 br=16000
frame 202: send=0x0 get=0x0 len=1161 coding=1 startqp=0 meanqp=0 picbytes=0 pskip=0 nalus=1 n1:1161
  cu: inter64=0 inter32=0 inter16=0 inter8=0 intra32=0 intra16=0 intra8=0 intra4=0 reftype=0
  snapshot f202: 3 venc_ko blocks (pool0 0x73801000 len 0x10000)
src frame 203: srcf=29 off=816 br=16000
frame 203: send=0x0 get=0x0 len=1468 coding=1 startqp=0 meanqp=0 picbytes=0 pskip=0 nalus=1 n1:1468
  cu: inter64=0 inter32=0 inter16=0 inter8=0 intra32=0 intra16=0 intra8=0 intra4=0 reftype=0
  snapshot f203: 3 venc_ko blocks (pool0 0x73801000 len 0x10000)
src frame 204: srcf=28 off=820 br=16000
frame 204: send=0x0 get=0x0 len=1448 coding=1 startqp=0 meanqp=0 picbytes=0 pskip=0 nalus=1 n1:1448
  cu: inter64=0 inter32=0 inter16=0 inter8=0 intra32=0 intra16=0 intra8=0 intra4=0 reftype=0
  snapshot f204: 3 venc_ko blocks (pool0 0x73801000 len 0x10000)
src frame 205: srcf=27 off=824 br=16000
frame 205: send=0x0 get=0x0 len=1280 coding=1 startqp=0 meanqp=0 picbytes=0 pskip=0 nalus=1 n1:1280
  cu: inter64=0 inter32=0 inter16=0 inter8=0 intra32=0 intra16=0 intra8=0 intra4=0 reftype=0
  snapshot f205: 3 venc_ko blocks (pool0 0x73801000 len 0x10000)
src frame 206: srcf=26 off=828 br=16000
frame 206: send=0x0 get=0x0 len=1132 coding=1 startqp=0 meanqp=0 picbytes=0 pskip=0 nalus=1 n1:1132
  cu: inter64=0 inter32=0 inter16=0 inter8=0 intra32=0 intra16=0 intra8=0 intra4=0 reftype=0
  snapshot f206: 3 venc_ko blocks (pool0 0x73801000 len 0x10000)
src frame 207: srcf=25 off=832 br=16000
frame 207: send=0x0 get=0x0 len=1264 coding=1 startqp=0 meanqp=0 picbytes=0 pskip=0 nalus=1 n1:1264
  cu: inter64=0 inter32=0 inter16=0 inter8=0 intra32=0 intra16=0 intra8=0 intra4=0 reftype=0
  snapshot f207: 3 venc_ko blocks (pool0 0x73801000 len 0x10000)
src frame 208: srcf=24 off=836 br=16000
frame 208: send=0x0 get=0x0 len=1103 coding=1 startqp=0 meanqp=0 picbytes=0 pskip=0 nalus=1 n1:1103
  cu: inter64=0 inter32=0 inter16=0 inter8=0 intra32=0 intra16=0 intra8=0 intra4=0 reftype=0
  snapshot f208: 3 venc_ko blocks (pool0 0x73801000 len 0x10000)
src frame 209: srcf=23 off=840 br=16000
frame 209: send=0x0 get=0x0 len=1135 coding=1 startqp=0 meanqp=0 picbytes=0 pskip=0 nalus=1 n1:1135
  cu: inter64=0 inter32=0 inter16=0 inter8=0 intra32=0 intra16=0 intra8=0 intra4=0 reftype=0
  snapshot f209: 3 venc_ko blocks (pool0 0x73801000 len 0x10000)
src frame 210: srcf=22 off=844 br=16000
frame 210: send=0x0 get=0x0 len=77571 coding=0 startqp=0 meanqp=0 picbytes=0 pskip=0 nalus=4 n32:27 n33:53 n34:11 n19:77480
  cu: inter64=0 inter32=0 inter16=0 inter8=0 intra32=0 intra16=0 intra8=0 intra4=0 reftype=0
  snapshot f210: 3 venc_ko blocks (pool0 0x73801000 len 0x10000)
src frame 211: srcf=21 off=848 br=16000
frame 211: send=0x0 get=0x0 len=1808 coding=1 startqp=0 meanqp=0 picbytes=0 pskip=0 nalus=1 n1:1808
  cu: inter64=0 inter32=0 inter16=0 inter8=0 intra32=0 intra16=0 intra8=0 intra4=0 reftype=0
  snapshot f211: 3 venc_ko blocks (pool0 0x73801000 len 0x10000)
src frame 212: srcf=20 off=852 br=16000
frame 212: send=0x0 get=0x0 len=1669 coding=1 startqp=0 meanqp=0 picbytes=0 pskip=0 nalus=1 n1:1669
  cu: inter64=0 inter32=0 inter16=0 inter8=0 intra32=0 intra16=0 intra8=0 intra4=0 reftype=0
  snapshot f212: 3 venc_ko blocks (pool0 0x73801000 len 0x10000)
src frame 213: srcf=19 off=856 br=16000
frame 213: send=0x0 get=0x0 len=1930 coding=1 startqp=0 meanqp=0 picbytes=0 pskip=0 nalus=1 n1:1930
  cu: inter64=0 inter32=0 inter16=0 inter8=0 intra32=0 intra16=0 intra8=0 intra4=0 reftype=0
  snapshot f213: 3 venc_ko blocks (pool0 0x73801000 len 0x10000)
src frame 214: srcf=18 off=860 br=16000
frame 214: send=0x0 get=0x0 len=1861 coding=1 startqp=0 meanqp=0 picbytes=0 pskip=0 nalus=1 n1:1861
  cu: inter64=0 inter32=0 inter16=0 inter8=0 intra32=0 intra16=0 intra8=0 intra4=0 reftype=0
  snapshot f214: 3 venc_ko blocks (pool0 0x73801000 len 0x10000)
src frame 215: srcf=17 off=864 br=16000
frame 215: send=0x0 get=0x0 len=1820 coding=1 startqp=0 meanqp=0 picbytes=0 pskip=0 nalus=1 n1:1820
  cu: inter64=0 inter32=0 inter16=0 inter8=0 intra32=0 intra16=0 intra8=0 intra4=0 reftype=0
  snapshot f215: 3 venc_ko blocks (pool0 0x73801000 len 0x10000)
src frame 216: srcf=16 off=868 br=16000
frame 216: send=0x0 get=0x0 len=1403 coding=1 startqp=0 meanqp=0 picbytes=0 pskip=0 nalus=1 n1:1403
  cu: inter64=0 inter32=0 inter16=0 inter8=0 intra32=0 intra16=0 intra8=0 intra4=0 reftype=0
  snapshot f216: 3 venc_ko blocks (pool0 0x73801000 len 0x10000)
src frame 217: srcf=15 off=872 br=16000
frame 217: send=0x0 get=0x0 len=1326 coding=1 startqp=0 meanqp=0 picbytes=0 pskip=0 nalus=1 n1:1326
  cu: inter64=0 inter32=0 inter16=0 inter8=0 intra32=0 intra16=0 intra8=0 intra4=0 reftype=0
  snapshot f217: 3 venc_ko blocks (pool0 0x73801000 len 0x10000)
src frame 218: srcf=14 off=876 br=16000
frame 218: send=0x0 get=0x0 len=1134 coding=1 startqp=0 meanqp=0 picbytes=0 pskip=0 nalus=1 n1:1134
  cu: inter64=0 inter32=0 inter16=0 inter8=0 intra32=0 intra16=0 intra8=0 intra4=0 reftype=0
  snapshot f218: 3 venc_ko blocks (pool0 0x73801000 len 0x10000)
src frame 219: srcf=13 off=880 br=16000
frame 219: send=0x0 get=0x0 len=1159 coding=1 startqp=0 meanqp=0 picbytes=0 pskip=0 nalus=1 n1:1159
  cu: inter64=0 inter32=0 inter16=0 inter8=0 intra32=0 intra16=0 intra8=0 intra4=0 reftype=0
  snapshot f219: 3 venc_ko blocks (pool0 0x73801000 len 0x10000)
src frame 220: srcf=12 off=884 br=16000
frame 220: send=0x0 get=0x0 len=1168 coding=1 startqp=0 meanqp=0 picbytes=0 pskip=0 nalus=1 n1:1168
  cu: inter64=0 inter32=0 inter16=0 inter8=0 intra32=0 intra16=0 intra8=0 intra4=0 reftype=0
  snapshot f220: 3 venc_ko blocks (pool0 0x73801000 len 0x10000)
src frame 221: srcf=11 off=888 br=16000
frame 221: send=0x0 get=0x0 len=1424 coding=1 startqp=0 meanqp=0 picbytes=0 pskip=0 nalus=1 n1:1424
  cu: inter64=0 inter32=0 inter16=0 inter8=0 intra32=0 intra16=0 intra8=0 intra4=0 reftype=0
  snapshot f221: 3 venc_ko blocks (pool0 0x73801000 len 0x10000)
src frame 222: srcf=10 off=892 br=16000
frame 222: send=0x0 get=0x0 len=1772 coding=1 startqp=0 meanqp=0 picbytes=0 pskip=0 nalus=1 n1:1772
  cu: inter64=0 inter32=0 inter16=0 inter8=0 intra32=0 intra16=0 intra8=0 intra4=0 reftype=0
  snapshot f222: 3 venc_ko blocks (pool0 0x73801000 len 0x10000)
src frame 223: srcf=9 off=896 br=16000
frame 223: send=0x0 get=0x0 len=1818 coding=1 startqp=0 meanqp=0 picbytes=0 pskip=0 nalus=1 n1:1818
  cu: inter64=0 inter32=0 inter16=0 inter8=0 intra32=0 intra16=0 intra8=0 intra4=0 reftype=0
  snapshot f223: 3 venc_ko blocks (pool0 0x73801000 len 0x10000)
src frame 224: srcf=8 off=900 br=16000
frame 224: send=0x0 get=0x0 len=1617 coding=1 startqp=0 meanqp=0 picbytes=0 pskip=0 nalus=1 n1:1617
  cu: inter64=0 inter32=0 inter16=0 inter8=0 intra32=0 intra16=0 intra8=0 intra4=0 reftype=0
  snapshot f224: 3 venc_ko blocks (pool0 0x73801000 len 0x10000)
src frame 225: srcf=7 off=904 br=16000
frame 225: send=0x0 get=0x0 len=1238 coding=1 startqp=0 meanqp=0 picbytes=0 pskip=0 nalus=1 n1:1238
  cu: inter64=0 inter32=0 inter16=0 inter8=0 intra32=0 intra16=0 intra8=0 intra4=0 reftype=0
  snapshot f225: 3 venc_ko blocks (pool0 0x73801000 len 0x10000)
src frame 226: srcf=6 off=908 br=16000
frame 226: send=0x0 get=0x0 len=1281 coding=1 startqp=0 meanqp=0 picbytes=0 pskip=0 nalus=1 n1:1281
  cu: inter64=0 inter32=0 inter16=0 inter8=0 intra32=0 intra16=0 intra8=0 intra4=0 reftype=0
  snapshot f226: 3 venc_ko blocks (pool0 0x73801000 len 0x10000)
src frame 227: srcf=5 off=912 br=16000
frame 227: send=0x0 get=0x0 len=1335 coding=1 startqp=0 meanqp=0 picbytes=0 pskip=0 nalus=1 n1:1335
  cu: inter64=0 inter32=0 inter16=0 inter8=0 intra32=0 intra16=0 intra8=0 intra4=0 reftype=0
  snapshot f227: 3 venc_ko blocks (pool0 0x73801000 len 0x10000)
src frame 228: srcf=4 off=916 br=16000
frame 228: send=0x0 get=0x0 len=1219 coding=1 startqp=0 meanqp=0 picbytes=0 pskip=0 nalus=1 n1:1219
  cu: inter64=0 inter32=0 inter16=0 inter8=0 intra32=0 intra16=0 intra8=0 intra4=0 reftype=0
  snapshot f228: 3 venc_ko blocks (pool0 0x73801000 len 0x10000)
src frame 229: srcf=3 off=920 br=16000
frame 229: send=0x0 get=0x0 len=1228 coding=1 startqp=0 meanqp=0 picbytes=0 pskip=0 nalus=1 n1:1228
  cu: inter64=0 inter32=0 inter16=0 inter8=0 intra32=0 intra16=0 intra8=0 intra4=0 reftype=0
  snapshot f229: 3 venc_ko blocks (pool0 0x73801000 len 0x10000)
src frame 230: srcf=2 off=924 br=16000
frame 230: send=0x0 get=0x0 len=1191 coding=1 startqp=0 meanqp=0 picbytes=0 pskip=0 nalus=1 n1:1191
  cu: inter64=0 inter32=0 inter16=0 inter8=0 intra32=0 intra16=0 intra8=0 intra4=0 reftype=0
  snapshot f230: 3 venc_ko blocks (pool0 0x73801000 len 0x10000)
src frame 231: srcf=1 off=928 br=16000
frame 231: send=0x0 get=0x0 len=1706 coding=1 startqp=0 meanqp=0 picbytes=0 pskip=0 nalus=1 n1:1706
  cu: inter64=0 inter32=0 inter16=0 inter8=0 intra32=0 intra16=0 intra8=0 intra4=0 reftype=0
  snapshot f231: 3 venc_ko blocks (pool0 0x73801000 len 0x10000)
src frame 232: srcf=0 off=932 br=16000
frame 232: send=0x0 get=0x0 len=1466 coding=1 startqp=0 meanqp=0 picbytes=0 pskip=0 nalus=1 n1:1466
  cu: inter64=0 inter32=0 inter16=0 inter8=0 intra32=0 intra16=0 intra8=0 intra4=0 reftype=0
  snapshot f232: 3 venc_ko blocks (pool0 0x73801000 len 0x10000)
src frame 233: srcf=1 off=936 br=16000
frame 233: send=0x0 get=0x0 len=1513 coding=1 startqp=0 meanqp=0 picbytes=0 pskip=0 nalus=1 n1:1513
  cu: inter64=0 inter32=0 inter16=0 inter8=0 intra32=0 intra16=0 intra8=0 intra4=0 reftype=0
  snapshot f233: 3 venc_ko blocks (pool0 0x73801000 len 0x10000)
src frame 234: srcf=2 off=940 br=16000
frame 234: send=0x0 get=0x0 len=1134 coding=1 startqp=0 meanqp=0 picbytes=0 pskip=0 nalus=1 n1:1134
  cu: inter64=0 inter32=0 inter16=0 inter8=0 intra32=0 intra16=0 intra8=0 intra4=0 reftype=0
  snapshot f234: 3 venc_ko blocks (pool0 0x73801000 len 0x10000)
src frame 235: srcf=3 off=944 br=16000
frame 235: send=0x0 get=0x0 len=1046 coding=1 startqp=0 meanqp=0 picbytes=0 pskip=0 nalus=1 n1:1046
  cu: inter64=0 inter32=0 inter16=0 inter8=0 intra32=0 intra16=0 intra8=0 intra4=0 reftype=0
  snapshot f235: 3 venc_ko blocks (pool0 0x73801000 len 0x10000)
src frame 236: srcf=4 off=948 br=16000
frame 236: send=0x0 get=0x0 len=1088 coding=1 startqp=0 meanqp=0 picbytes=0 pskip=0 nalus=1 n1:1088
  cu: inter64=0 inter32=0 inter16=0 inter8=0 intra32=0 intra16=0 intra8=0 intra4=0 reftype=0
  snapshot f236: 3 venc_ko blocks (pool0 0x73801000 len 0x10000)
src frame 237: srcf=5 off=952 br=16000
frame 237: send=0x0 get=0x0 len=1058 coding=1 startqp=0 meanqp=0 picbytes=0 pskip=0 nalus=1 n1:1058
  cu: inter64=0 inter32=0 inter16=0 inter8=0 intra32=0 intra16=0 intra8=0 intra4=0 reftype=0
  snapshot f237: 3 venc_ko blocks (pool0 0x73801000 len 0x10000)
src frame 238: srcf=6 off=956 br=16000
frame 238: send=0x0 get=0x0 len=1003 coding=1 startqp=0 meanqp=0 picbytes=0 pskip=0 nalus=1 n1:1003
  cu: inter64=0 inter32=0 inter16=0 inter8=0 intra32=0 intra16=0 intra8=0 intra4=0 reftype=0
  snapshot f238: 3 venc_ko blocks (pool0 0x73801000 len 0x10000)
src frame 239: srcf=7 off=960 br=16000
frame 239: send=0x0 get=0x0 len=1205 coding=1 startqp=0 meanqp=0 picbytes=0 pskip=0 nalus=1 n1:1205
  cu: inter64=0 inter32=0 inter16=0 inter8=0 intra32=0 intra16=0 intra8=0 intra4=0 reftype=0
  snapshot f239: 3 venc_ko blocks (pool0 0x73801000 len 0x10000)
---- /proc/ax_proc/venc ----
-------- VENC VERSION ------------------------
[Axera version]: ax_venc V3.0.0_20250319114413 Mar 19 2025 11:58:34 JK

-------- MODULE PARAM ------------------------
MaxChnNum   MaxRoiNum   MaxProcNum  
16          8           16          

-------- VENC CHN ATTR 1 ------------------------
ID    Type    wSrc    hSrc    Strd0   Strd1   maxW    maxH    PixFmt  link  InFifoDep    OutFifoDep   InDbgFifoLen InDbgFifoDep StrmBufSize(KB)
7     h265    1920    1080    3840    0       1920    1080    YUYV422 N     2            2            0            4            4114      
-------- VENC CHN ATTR 2 ------------------------
ID    [CropEn StartX  StartY  CropW   CropH]  Rotation  EncW    EncH    FrmSize      PTS          SeqNum       CompMode     CompLevel    PhyAddr0     PhyAddr1     PhyAddr2     
7     N       0       0       0       0       0         1920    1080    4147200      3283333      198          NONE         0            742cb000     0            0            
-------- VENC RC ATTR 1 ------------------------
ID    RcMode    SrcFr   DstFr   Br(kbps)  MinQp   MaxQp   MinIQp  MaxIQp  IQpDelta  IpropMax   IpropMin   StartQp    QpDltRng   DeBrQpDlt  SvcEn   ChgPos  StillPercent MaxStillQp 
7     VBR       60.00   60.00   16000     10      51      10      51      0         -          -          -1         2          0          False   90      -            -          
-------- VENC RC ATTR 2  -----------------------
ID    QMapQpType  QMapUnit    QMapBlkType IQp   PQp   MinQpDelta MaxQpDelta MaxBitRate shtStaTime ltStaTime  ltMinBr  ltMaxBr  Br_ST(kbps)    Br_LT(kbps)    
7     N/A         64x64       N/A         -     -     -          -          -          -          -          -        -        -              -              
-------- VENC GOP ATTR  ------------------------
ID    GopMode   Gop   GopVI 
7     NormalP   30    0     
-------- VENC STATUS 1 -------------------------
ID    RJEn         RJThr(bps)   RJMode       RJEncGaps    SupFrmEn     SupPri       SupThrI      SupThrP      SplitEn      SliceNum     Range(In)    Range(out)   
7     N            0            Normal       0            N            0            500000       500000       N            0            Full         Full         
-------- VENC STATUS 2 -------------------------
ID    ChnStat   FrmRecv   FrmRls    FrmEnc    FrmDrop   FrmDup    EncFail   MissMatch StrmGet   StrmRls   OutFps    RealBr    ReEncCnt  DropCnt   BlkFail   GrpID     PID     TID     ThNum   RefInc    RefDec    Fail1   Fail2   Fail3   Fail4   
7     STARTED   198       198       198       0         0         0         0         198       197       50.00     1806.72   0         0         0         -1        130202  130206  1       198       198       0       0       0       0       
-------- VENC HW STATUS  ------------------------
ID    OverFlow     TimeOut      
7     0            0            
-------- VENC ROI INFO  ------------------------
ID    Index        bEnable      bAbsQp       RoiQP        Width        Height       StartX       StartY       
done h265_vbr16000
rc=0
== h265_vbr16000: codec=h265 rc=vbr br=16000 fps=60 gop=30 frames=240 total=1014162 B achieved=2028 kbps
I frames (frame:qp/bytes): 0:26/39565 30:11/74410 60:10/77495 90:10/77646 120:10/78019 150:10/77478 180:10/77850 210:10/77571
first P after each I (frame:qp): 1:26 31:10 61:10 91:10 121:10 151:10 181:10 211:10
per-GOP: gop#: kbps I_qp P_qp[min..max] P_qp_last
  0: 2443 kbps I=[26] P=[10..26] last=10 n=30
  1: 2052 kbps I=[11] P=[10..10] last=10 n=30
  2: 2016 kbps I=[10] P=[10..10] last=10 n=30
  3: 2028 kbps I=[10] P=[10..10] last=10 n=30
  4: 1998 kbps I=[10] P=[10..10] last=10 n=30
  5: 1918 kbps I=[10] P=[10..10] last=10 n=30
  6: 1880 kbps I=[10] P=[10..10] last=10 n=30
  7: 1891 kbps I=[10] P=[10..10] last=10 n=30
P->P QP step histogram: -2:2 -1:12 +0:210
I->firstP QP delta: +0 -1 +0 +0 +0 +0 +0 +0
sw7 frame-QP == slice QP: 240/240 frames with a program agree; mismatches at []
slot flags: {'': 240}
sw105-107 distinct (I): [('0x0', '0x0', '0x0')]
sw172/173 distinct: [('0x14f', '0x662'), ('0x14f', '0x66a')]
sw6 distinct (I / P): ['0x20000b'] ['0x200003']
